N,protocol,points,E,achieved,radius,leak,local_heat,replica,block,sweep,h,folded,flat,melted,d0,d1,d2,d3,d4,d5,d6,pieces_folded,largest_folded,pieces_damage,largest_damage,stores_total,stores_max,lost,drift,symmetries,final
144,patch,named,32.0,32.0,3,0.0,False,0,0,0,32.0,0,136,8,0,0,136,8,0,0,0,0,0,1,8,0.0,0.0,0.0,0.0,,False
144,patch,named,32.0,32.0,3,0.0,False,0,1,500,32.0,0,136,8,0,0,136,8,0,0,0,0,0,1,8,0.0,0.0,0.0,0.0,,False
144,patch,named,32.0,32.0,3,0.0,False,0,2,1000,32.0,0,136,8,0,0,136,8,0,0,0,0,0,1,8,0.0,0.0,0.0,0.0,,False
144,patch,named,32.0,32.0,3,0.0,False,0,3,1500,32.0,0,136,8,0,0,136,8,0,0,0,0,0,1,8,0.0,0.0,0.0,0.0,,False
144,patch,named,32.0,32.0,3,0.0,False,0,4,2000,32.0,0,136,8,0,0,136,8,0,0,0,0,0,1,8,0.0,0.0,0.0,0.0,,False
144,patch,named,32.0,32.0,3,0.0,False,0,5,2500,0.0,0,144,0,0,0,144,0,0,0,0,0,0,0,0,32.0,32.0,0.0,0.0,,False
144,patch,named,32.0,32.0,3,0.0,False,0,6,3000,32.0,0,136,8,0,0,136,8,0,0,0,0,0,1,8,0.0,0.0,0.0,0.0,,False
144,patch,named,32.0,32.0,3,0.0,False,0,7,3500,32.0,0,136,8,0,0,136,8,0,0,0,0,0,1,8,0.0,0.0,0.0,0.0,,False
144,patch,named,32.0,32.0,3,0.0,False,0,8,4000,32.0,0,136,8,0,0,136,8,0,0,0,0,0,1,8,0.0,0.0,0.0,0.0,,False
144,patch,named,32.0,32.0,3,0.0,False,0,9,4500,32.0,0,136,8,0,0,136,8,0,0,0,0,0,1,8,0.0,0.0,0.0,0.0,,False
144,patch,named,32.0,32.0,3,0.0,False,0,10,5000,32.0,0,136,8,0,0,136,8,0,0,0,0,0,1,8,0.0,0.0,0.0,0.0,,False
144,patch,named,32.0,32.0,3,0.0,False,0,11,5500,32.0,0,136,8,0,0,136,8,0,0,0,0,0,1,8,0.0,0.0,0.0,0.0,,False
144,patch,named,32.0,32.0,3,0.0,False,0,12,6000,32.0,0,136,8,0,0,136,8,0,0,0,0,0,1,8,0.0,0.0,0.0,0.0,,False
144,patch,named,32.0,32.0,3,0.0,False,0,13,6500,32.0,0,136,8,0,0,136,8,0,0,0,0,0,1,8,0.0,0.0,0.0,0.0,,False
144,patch,named,32.0,32.0,3,0.0,False,0,14,7000,32.0,0,136,8,0,0,136,8,0,0,0,0,0,1,8,0.0,0.0,0.0,0.0,,False
144,patch,named,32.0,32.0,3,0.0,False,0,15,7500,32.0,0,136,8,0,0,136,8,0,0,0,0,0,1,8,0.0,0.0,0.0,0.0,,False
144,patch,named,32.0,32.0,3,0.0,False,0,16,8000,32.0,0,136,8,0,0,136,8,0,0,0,0,0,1,8,0.0,0.0,0.0,0.0,,False
144,patch,named,32.0,32.0,3,0.0,False,0,17,8500,32.0,0,136,8,0,0,136,8,0,0,0,0,0,1,8,0.0,0.0,0.0,0.0,,False
144,patch,named,32.0,32.0,3,0.0,False,0,18,9000,32.0,0,136,8,0,0,136,8,0,0,0,0,0,1,8,0.0,0.0,0.0,0.0,,False
144,patch,named,32.0,32.0,3,0.0,False,0,19,9500,32.0,0,136,8,0,0,136,8,0,0,0,0,0,1,8,0.0,0.0,0.0,0.0,,False
144,patch,named,32.0,32.0,3,0.0,False,0,20,10000,32.0,0,136,8,0,0,136,8,0,0,0,0,0,1,8,0.0,0.0,0.0,0.0,,False
144,patch,named,32.0,32.0,3,0.0,False,0,21,10500,32.0,0,136,8,0,0,136,8,0,0,0,0,0,1,8,0.0,0.0,0.0,0.0,,False
144,patch,named,32.0,32.0,3,0.0,False,0,22,11000,32.0,0,136,8,0,0,136,8,0,0,0,0,0,1,8,0.0,0.0,0.0,0.0,,False
144,patch,named,32.0,32.0,3,0.0,False,0,23,11500,32.0,0,136,8,0,0,136,8,0,0,0,0,0,1,8,0.0,0.0,0.0,0.0,,False
144,patch,named,32.0,32.0,3,0.0,False,0,24,12000,32.0,0,136,8,0,0,136,8,0,0,0,0,0,1,8,0.0,0.0,0.0,0.0,,False
144,patch,named,32.0,32.0,3,0.0,False,0,25,12500,32.0,0,136,8,0,0,136,8,0,0,0,0,0,1,8,0.0,0.0,0.0,0.0,,False
144,patch,named,32.0,32.0,3,0.0,False,0,26,13000,32.0,0,136,8,0,0,136,8,0,0,0,0,0,1,8,0.0,0.0,0.0,0.0,,False
144,patch,named,32.0,32.0,3,0.0,False,0,27,13500,32.0,0,136,8,0,0,136,8,0,0,0,0,0,1,8,0.0,0.0,0.0,0.0,,False
144,patch,named,32.0,32.0,3,0.0,False,0,28,14000,32.0,0,136,8,0,0,136,8,0,0,0,0,0,1,8,0.0,0.0,0.0,0.0,,False
144,patch,named,32.0,32.0,3,0.0,False,0,29,14500,32.0,0,136,8,0,0,136,8,0,0,0,0,0,1,8,0.0,0.0,0.0,0.0,,False
144,patch,named,32.0,32.0,3,0.0,False,0,30,15000,32.0,0,136,8,0,0,136,8,0,0,0,0,0,1,8,0.0,0.0,0.0,0.0,,False
144,patch,named,32.0,32.0,3,0.0,False,0,31,15500,32.0,0,136,8,0,0,136,8,0,0,0,0,0,1,8,0.0,0.0,0.0,0.0,,False
144,patch,named,32.0,32.0,3,0.0,False,0,32,16000,32.0,0,136,8,0,0,136,8,0,0,0,0,0,1,8,0.0,0.0,0.0,0.0,,False
144,patch,named,32.0,32.0,3,0.0,False,0,33,16500,32.0,0,136,8,0,0,136,8,0,0,0,0,0,1,8,0.0,0.0,0.0,0.0,,False
144,patch,named,32.0,32.0,3,0.0,False,0,34,17000,32.0,0,136,8,0,0,136,8,0,0,0,0,0,1,8,0.0,0.0,0.0,0.0,,False
144,patch,named,32.0,32.0,3,0.0,False,0,35,17500,32.0,0,136,8,0,0,136,8,0,0,0,0,0,1,8,0.0,0.0,0.0,0.0,,False
144,patch,named,32.0,32.0,3,0.0,False,0,36,18000,32.0,0,136,8,0,0,136,8,0,0,0,0,0,1,8,0.0,0.0,0.0,0.0,,False
144,patch,named,32.0,32.0,3,0.0,False,0,37,18500,32.0,0,136,8,0,0,136,8,0,0,0,0,0,1,8,0.0,0.0,0.0,0.0,,False
144,patch,named,32.0,32.0,3,0.0,False,0,38,19000,32.0,0,136,8,0,0,136,8,0,0,0,0,0,1,8,0.0,0.0,0.0,0.0,,False
144,patch,named,32.0,32.0,3,0.0,False,0,39,19500,32.0,0,136,8,0,0,136,8,0,0,0,0,0,1,8,0.0,0.0,0.0,0.0,,False
144,patch,named,32.0,32.0,3,0.0,False,0,40,20000,32.0,0,136,8,0,0,136,8,0,0,0,0,0,1,8,0.0,0.0,0.0,0.0,,False
144,patch,named,32.0,32.0,3,0.0,False,0,41,20500,32.0,0,136,8,0,0,136,8,0,0,0,0,0,1,8,0.0,0.0,0.0,0.0,,False
144,patch,named,32.0,32.0,3,0.0,False,0,42,21000,0.0,0,144,0,0,0,144,0,0,0,0,0,0,0,0,32.0,32.0,0.0,0.0,,False
144,patch,named,32.0,32.0,3,0.0,False,0,43,21500,0.0,0,144,0,0,0,144,0,0,0,0,0,0,0,0,32.0,32.0,0.0,0.0,,False
144,patch,named,32.0,32.0,3,0.0,False,0,44,22000,32.0,0,136,8,0,0,136,8,0,0,0,0,0,1,8,0.0,0.0,0.0,0.0,,False
144,patch,named,32.0,32.0,3,0.0,False,0,45,22500,32.0,0,136,8,0,0,136,8,0,0,0,0,0,1,8,0.0,0.0,0.0,0.0,,False
144,patch,named,32.0,32.0,3,0.0,False,0,46,23000,32.0,0,136,8,0,0,136,8,0,0,0,0,0,1,8,0.0,0.0,0.0,0.0,,False
144,patch,named,32.0,32.0,3,0.0,False,0,47,23500,32.0,0,136,8,0,0,136,8,0,0,0,0,0,1,8,0.0,0.0,0.0,0.0,,False
144,patch,named,32.0,32.0,3,0.0,False,0,48,24000,32.0,0,136,8,0,0,136,8,0,0,0,0,0,1,8,0.0,0.0,0.0,0.0,,False
144,patch,named,32.0,32.0,3,0.0,False,0,49,24500,32.0,0,136,8,0,0,136,8,0,0,0,0,0,1,8,0.0,0.0,0.0,0.0,,False
144,patch,named,32.0,32.0,3,0.0,False,0,50,25000,26.0,1,138,5,0,1,138,5,0,0,0,1,1,2,5,6.0,6.0,0.0,0.0,,False
144,patch,named,32.0,32.0,3,0.0,False,0,51,25500,26.0,1,138,5,0,1,138,5,0,0,0,1,1,2,5,6.0,6.0,0.0,0.0,,False
144,patch,named,32.0,32.0,3,0.0,False,0,52,26000,26.0,1,138,5,0,1,138,5,0,0,0,1,1,2,5,6.0,6.0,0.0,0.0,,False
144,patch,named,32.0,32.0,3,0.0,False,0,53,26500,26.0,1,138,5,0,1,138,5,0,0,0,1,1,2,5,6.0,6.0,0.0,0.0,,False
144,patch,named,32.0,32.0,3,0.0,False,0,54,27000,26.0,1,138,5,0,1,138,5,0,0,0,1,1,2,5,6.0,6.0,0.0,0.0,,False
144,patch,named,32.0,32.0,3,0.0,False,0,55,27500,26.0,1,138,5,0,1,138,5,0,0,0,1,1,2,5,6.0,6.0,0.0,0.0,,False
144,patch,named,32.0,32.0,3,0.0,False,0,56,28000,26.0,1,138,5,0,1,138,5,0,0,0,1,1,2,5,6.0,6.0,0.0,0.0,,False
144,patch,named,32.0,32.0,3,0.0,False,0,57,28500,26.0,1,138,5,0,1,138,5,0,0,0,1,1,2,5,6.0,6.0,0.0,0.0,,False
144,patch,named,32.0,32.0,3,0.0,False,0,58,29000,26.0,1,138,5,0,1,138,5,0,0,0,1,1,2,5,6.0,6.0,0.0,0.0,,False
144,patch,named,32.0,32.0,3,0.0,False,0,59,29500,26.0,1,138,5,0,1,138,5,0,0,0,1,1,2,5,6.0,6.0,0.0,0.0,,False
144,patch,named,32.0,32.0,3,0.0,False,0,60,30000,26.0,1,138,5,0,1,138,5,0,0,0,1,1,2,5,6.0,6.0,0.0,0.0,,False
144,patch,named,32.0,32.0,3,0.0,False,0,61,30500,26.0,1,138,5,0,1,138,5,0,0,0,1,1,2,5,6.0,6.0,0.0,0.0,,False
144,patch,named,32.0,32.0,3,0.0,False,0,62,31000,26.0,1,138,5,0,1,138,5,0,0,0,1,1,2,5,6.0,6.0,0.0,0.0,,False
144,patch,named,32.0,32.0,3,0.0,False,0,63,31500,26.0,1,138,5,0,1,138,5,0,0,0,1,1,2,5,6.0,6.0,0.0,0.0,,False
144,patch,named,32.0,32.0,3,0.0,False,0,64,32000,26.0,1,138,5,0,1,138,5,0,0,0,1,1,2,5,6.0,6.0,0.0,0.0,,False
144,patch,named,32.0,32.0,3,0.0,False,0,65,32500,26.0,1,138,5,0,1,138,5,0,0,0,1,1,2,5,6.0,6.0,0.0,0.0,,False
144,patch,named,32.0,32.0,3,0.0,False,0,66,33000,26.0,1,138,5,0,1,138,5,0,0,0,1,1,2,5,6.0,6.0,0.0,0.0,,False
144,patch,named,32.0,32.0,3,0.0,False,0,67,33500,26.0,1,138,5,0,1,138,5,0,0,0,1,1,2,5,6.0,6.0,0.0,0.0,,False
144,patch,named,32.0,32.0,3,0.0,False,0,68,34000,26.0,1,138,5,0,1,138,5,0,0,0,1,1,2,5,6.0,6.0,0.0,0.0,,False
144,patch,named,32.0,32.0,3,0.0,False,0,69,34500,26.0,1,138,5,0,1,138,5,0,0,0,1,1,2,5,6.0,6.0,0.0,0.0,,False
144,patch,named,32.0,32.0,3,0.0,False,0,70,35000,26.0,1,138,5,0,1,138,5,0,0,0,1,1,2,5,6.0,6.0,0.0,0.0,,False
144,patch,named,32.0,32.0,3,0.0,False,0,71,35500,26.0,1,138,5,0,1,138,5,0,0,0,1,1,2,5,6.0,6.0,0.0,0.0,,False
144,patch,named,32.0,32.0,3,0.0,False,0,72,36000,26.0,1,138,5,0,1,138,5,0,0,0,1,1,2,5,6.0,6.0,0.0,0.0,,False
144,patch,named,32.0,32.0,3,0.0,False,0,73,36500,26.0,1,138,5,0,1,138,5,0,0,0,1,1,2,5,6.0,6.0,0.0,0.0,,False
144,patch,named,32.0,32.0,3,0.0,False,0,74,37000,26.0,1,138,5,0,1,138,5,0,0,0,1,1,2,5,6.0,6.0,0.0,0.0,,False
144,patch,named,32.0,32.0,3,0.0,False,0,75,37500,26.0,1,138,5,0,1,138,5,0,0,0,1,1,2,5,6.0,6.0,0.0,0.0,,False
144,patch,named,32.0,32.0,3,0.0,False,0,76,38000,26.0,1,138,5,0,1,138,5,0,0,0,1,1,2,5,6.0,6.0,0.0,0.0,,False
144,patch,named,32.0,32.0,3,0.0,False,0,77,38500,26.0,1,138,5,0,1,138,5,0,0,0,1,1,2,5,6.0,6.0,0.0,0.0,,False
144,patch,named,32.0,32.0,3,0.0,False,0,78,39000,26.0,1,138,5,0,1,138,5,0,0,0,1,1,2,5,6.0,6.0,0.0,0.0,,False
144,patch,named,32.0,32.0,3,0.0,False,0,79,39500,26.0,1,138,5,0,1,138,5,0,0,0,1,1,2,5,6.0,6.0,0.0,0.0,,False
144,patch,named,32.0,32.0,3,0.0,False,0,80,40000,26.0,1,138,5,0,1,138,5,0,0,0,1,1,2,5,6.0,6.0,0.0,0.0,,False
144,patch,named,32.0,32.0,3,0.0,False,0,81,40500,26.0,1,138,5,0,1,138,5,0,0,0,1,1,2,5,6.0,6.0,0.0,0.0,,False
144,patch,named,32.0,32.0,3,0.0,False,0,82,41000,26.0,1,138,5,0,1,138,5,0,0,0,1,1,2,5,6.0,6.0,0.0,0.0,,False
144,patch,named,32.0,32.0,3,0.0,False,0,83,41500,26.0,1,138,5,0,1,138,5,0,0,0,1,1,2,5,6.0,6.0,0.0,0.0,,False
144,patch,named,32.0,32.0,3,0.0,False,0,84,42000,26.0,1,138,5,0,1,138,5,0,0,0,1,1,2,5,6.0,6.0,0.0,0.0,,False
144,patch,named,32.0,32.0,3,0.0,False,0,85,42500,26.0,1,138,5,0,1,138,5,0,0,0,1,1,2,5,6.0,6.0,0.0,0.0,,False
144,patch,named,32.0,32.0,3,0.0,False,0,86,43000,26.0,1,138,5,0,1,138,5,0,0,0,1,1,2,5,6.0,6.0,0.0,0.0,,False
144,patch,named,32.0,32.0,3,0.0,False,0,87,43500,26.0,1,138,5,0,1,138,5,0,0,0,1,1,2,5,6.0,6.0,0.0,0.0,,False
144,patch,named,32.0,32.0,3,0.0,False,0,88,44000,26.0,1,138,5,0,1,138,5,0,0,0,1,1,2,5,6.0,6.0,0.0,0.0,,False
144,patch,named,32.0,32.0,3,0.0,False,0,89,44500,26.0,1,138,5,0,1,138,5,0,0,0,1,1,2,5,6.0,6.0,0.0,0.0,,False
144,patch,named,32.0,32.0,3,0.0,False,0,90,45000,26.0,1,138,5,0,1,138,5,0,0,0,1,1,2,5,6.0,6.0,0.0,0.0,,False
144,patch,named,32.0,32.0,3,0.0,False,0,91,45500,26.0,1,138,5,0,1,138,5,0,0,0,1,1,2,5,6.0,6.0,0.0,0.0,,False
144,patch,named,32.0,32.0,3,0.0,False,0,92,46000,26.0,1,138,5,0,1,138,5,0,0,0,1,1,2,5,6.0,6.0,0.0,0.0,,False
144,patch,named,32.0,32.0,3,0.0,False,0,93,46500,26.0,1,138,5,0,1,138,5,0,0,0,1,1,2,5,6.0,6.0,0.0,0.0,,False
144,patch,named,32.0,32.0,3,0.0,False,0,94,47000,26.0,1,138,5,0,1,138,5,0,0,0,1,1,2,5,6.0,6.0,0.0,0.0,,False
144,patch,named,32.0,32.0,3,0.0,False,0,95,47500,26.0,1,138,5,0,1,138,5,0,0,0,1,1,2,5,6.0,6.0,0.0,0.0,,False
144,patch,named,32.0,32.0,3,0.0,False,0,96,48000,26.0,1,138,5,0,1,138,5,0,0,0,1,1,2,5,6.0,6.0,0.0,0.0,,False
144,patch,named,32.0,32.0,3,0.0,False,0,97,48500,26.0,1,138,5,0,1,138,5,0,0,0,1,1,2,5,6.0,6.0,0.0,0.0,,False
144,patch,named,32.0,32.0,3,0.0,False,0,98,49000,26.0,1,138,5,0,1,138,5,0,0,0,1,1,2,5,6.0,6.0,0.0,0.0,,False
144,patch,named,32.0,32.0,3,0.0,False,0,99,49500,26.0,1,138,5,0,1,138,5,0,0,0,1,1,2,5,6.0,6.0,0.0,0.0,,False
144,patch,named,32.0,32.0,3,0.0,False,0,100,50000,26.0,1,138,5,0,1,138,5,0,0,0,1,1,2,5,6.0,6.0,0.0,0.0,,True
144,patch,named,32.0,32.0,3,0.0,False,1,0,0,32.0,0,136,8,0,0,136,8,0,0,0,0,0,1,8,0.0,0.0,0.0,0.0,,False
144,patch,named,32.0,32.0,3,0.0,False,1,1,500,32.0,0,136,8,0,0,136,8,0,0,0,0,0,1,8,0.0,0.0,0.0,0.0,,False
144,patch,named,32.0,32.0,3,0.0,False,1,2,1000,0.0,0,144,0,0,0,144,0,0,0,0,0,0,0,0,32.0,32.0,0.0,0.0,,False
144,patch,named,32.0,32.0,3,0.0,False,1,3,1500,0.0,0,144,0,0,0,144,0,0,0,0,0,0,0,0,32.0,32.0,0.0,0.0,,False
144,patch,named,32.0,32.0,3,0.0,False,1,4,2000,10.0,0,144,0,0,0,144,0,0,0,0,0,0,0,0,22.0,22.0,0.0,0.0,,False
144,patch,named,32.0,32.0,3,0.0,False,1,5,2500,10.0,0,144,0,0,0,144,0,0,0,0,0,0,0,0,22.0,22.0,0.0,0.0,,False
144,patch,named,32.0,32.0,3,0.0,False,1,6,3000,32.0,0,136,8,0,0,136,8,0,0,0,0,0,1,8,0.0,0.0,0.0,0.0,,False
144,patch,named,32.0,32.0,3,0.0,False,1,7,3500,32.0,0,136,8,0,0,136,8,0,0,0,0,0,1,8,0.0,0.0,0.0,0.0,,False
144,patch,named,32.0,32.0,3,0.0,False,1,8,4000,0.0,0,144,0,0,0,144,0,0,0,0,0,0,0,0,32.0,32.0,0.0,0.0,,False
144,patch,named,32.0,32.0,3,0.0,False,1,9,4500,32.0,0,136,8,0,0,136,8,0,0,0,0,0,1,8,0.0,0.0,0.0,0.0,,False
144,patch,named,32.0,32.0,3,0.0,False,1,10,5000,32.0,0,136,8,0,0,136,8,0,0,0,0,0,1,8,0.0,0.0,0.0,0.0,,False
144,patch,named,32.0,32.0,3,0.0,False,1,11,5500,32.0,0,136,8,0,0,136,8,0,0,0,0,0,1,8,0.0,0.0,0.0,0.0,,False
144,patch,named,32.0,32.0,3,0.0,False,1,12,6000,32.0,0,136,8,0,0,136,8,0,0,0,0,0,1,8,0.0,0.0,0.0,0.0,,False
144,patch,named,32.0,32.0,3,0.0,False,1,13,6500,32.0,0,136,8,0,0,136,8,0,0,0,0,0,1,8,0.0,0.0,0.0,0.0,,False
144,patch,named,32.0,32.0,3,0.0,False,1,14,7000,32.0,0,136,8,0,0,136,8,0,0,0,0,0,1,8,0.0,0.0,0.0,0.0,,False
144,patch,named,32.0,32.0,3,0.0,False,1,15,7500,32.0,0,136,8,0,0,136,8,0,0,0,0,0,1,8,0.0,0.0,0.0,0.0,,False
144,patch,named,32.0,32.0,3,0.0,False,1,16,8000,32.0,0,136,8,0,0,136,8,0,0,0,0,0,1,8,0.0,0.0,0.0,0.0,,False
144,patch,named,32.0,32.0,3,0.0,False,1,17,8500,32.0,0,136,8,0,0,136,8,0,0,0,0,0,1,8,0.0,0.0,0.0,0.0,,False
144,patch,named,32.0,32.0,3,0.0,False,1,18,9000,32.0,0,136,8,0,0,136,8,0,0,0,0,0,1,8,0.0,0.0,0.0,0.0,,False
144,patch,named,32.0,32.0,3,0.0,False,1,19,9500,32.0,0,136,8,0,0,136,8,0,0,0,0,0,1,8,0.0,0.0,0.0,0.0,,False
144,patch,named,32.0,32.0,3,0.0,False,1,20,10000,0.0,0,144,0,0,0,144,0,0,0,0,0,0,0,0,32.0,32.0,0.0,0.0,,False
144,patch,named,32.0,32.0,3,0.0,False,1,21,10500,32.0,0,136,8,0,0,136,8,0,0,0,0,0,1,8,0.0,0.0,0.0,0.0,,False
144,patch,named,32.0,32.0,3,0.0,False,1,22,11000,32.0,0,136,8,0,0,136,8,0,0,0,0,0,1,8,0.0,0.0,0.0,0.0,,False
144,patch,named,32.0,32.0,3,0.0,False,1,23,11500,32.0,0,136,8,0,0,136,8,0,0,0,0,0,1,8,0.0,0.0,0.0,0.0,,False
144,patch,named,32.0,32.0,3,0.0,False,1,24,12000,32.0,0,136,8,0,0,136,8,0,0,0,0,0,1,8,0.0,0.0,0.0,0.0,,False
144,patch,named,32.0,32.0,3,0.0,False,1,25,12500,32.0,0,136,8,0,0,136,8,0,0,0,0,0,1,8,0.0,0.0,0.0,0.0,,False
144,patch,named,32.0,32.0,3,0.0,False,1,26,13000,32.0,0,136,8,0,0,136,8,0,0,0,0,0,1,8,0.0,0.0,0.0,0.0,,False
144,patch,named,32.0,32.0,3,0.0,False,1,27,13500,32.0,0,136,8,0,0,136,8,0,0,0,0,0,1,8,0.0,0.0,0.0,0.0,,False
144,patch,named,32.0,32.0,3,0.0,False,1,28,14000,32.0,0,136,8,0,0,136,8,0,0,0,0,0,1,8,0.0,0.0,0.0,0.0,,False
144,patch,named,32.0,32.0,3,0.0,False,1,29,14500,32.0,0,136,8,0,0,136,8,0,0,0,0,0,1,8,0.0,0.0,0.0,0.0,,False
144,patch,named,32.0,32.0,3,0.0,False,1,30,15000,32.0,0,136,8,0,0,136,8,0,0,0,0,0,1,8,0.0,0.0,0.0,0.0,,False
144,patch,named,32.0,32.0,3,0.0,False,1,31,15500,32.0,0,136,8,0,0,136,8,0,0,0,0,0,1,8,0.0,0.0,0.0,0.0,,False
144,patch,named,32.0,32.0,3,0.0,False,1,32,16000,32.0,0,136,8,0,0,136,8,0,0,0,0,0,1,8,0.0,0.0,0.0,0.0,,False
144,patch,named,32.0,32.0,3,0.0,False,1,33,16500,32.0,0,136,8,0,0,136,8,0,0,0,0,0,1,8,0.0,0.0,0.0,0.0,,False
144,patch,named,32.0,32.0,3,0.0,False,1,34,17000,32.0,0,136,8,0,0,136,8,0,0,0,0,0,1,8,0.0,0.0,0.0,0.0,,False
144,patch,named,32.0,32.0,3,0.0,False,1,35,17500,32.0,0,136,8,0,0,136,8,0,0,0,0,0,1,8,0.0,0.0,0.0,0.0,,False
144,patch,named,32.0,32.0,3,0.0,False,1,36,18000,32.0,0,136,8,0,0,136,8,0,0,0,0,0,1,8,0.0,0.0,0.0,0.0,,False
144,patch,named,32.0,32.0,3,0.0,False,1,37,18500,32.0,0,136,8,0,0,136,8,0,0,0,0,0,1,8,0.0,0.0,0.0,0.0,,False
144,patch,named,32.0,32.0,3,0.0,False,1,38,19000,32.0,0,136,8,0,0,136,8,0,0,0,0,0,1,8,0.0,0.0,0.0,0.0,,False
144,patch,named,32.0,32.0,3,0.0,False,1,39,19500,32.0,0,136,8,0,0,136,8,0,0,0,0,0,1,8,0.0,0.0,0.0,0.0,,False
144,patch,named,32.0,32.0,3,0.0,False,1,40,20000,0.0,0,144,0,0,0,144,0,0,0,0,0,0,0,0,32.0,32.0,0.0,0.0,,False
144,patch,named,32.0,32.0,3,0.0,False,1,41,20500,32.0,0,136,8,0,0,136,8,0,0,0,0,0,1,8,0.0,0.0,0.0,0.0,,False
144,patch,named,32.0,32.0,3,0.0,False,1,42,21000,32.0,0,136,8,0,0,136,8,0,0,0,0,0,1,8,0.0,0.0,0.0,0.0,,False
144,patch,named,32.0,32.0,3,0.0,False,1,43,21500,26.0,1,138,5,0,1,138,5,0,0,0,1,1,2,5,6.0,6.0,0.0,0.0,,False
144,patch,named,32.0,32.0,3,0.0,False,1,44,22000,26.0,1,138,5,0,1,138,5,0,0,0,1,1,2,5,6.0,6.0,0.0,0.0,,False
144,patch,named,32.0,32.0,3,0.0,False,1,45,22500,26.0,1,138,5,0,1,138,5,0,0,0,1,1,2,5,6.0,6.0,0.0,0.0,,False
144,patch,named,32.0,32.0,3,0.0,False,1,46,23000,26.0,1,138,5,0,1,138,5,0,0,0,1,1,2,5,6.0,6.0,0.0,0.0,,False
144,patch,named,32.0,32.0,3,0.0,False,1,47,23500,26.0,1,138,5,0,1,138,5,0,0,0,1,1,2,5,6.0,6.0,0.0,0.0,,False
144,patch,named,32.0,32.0,3,0.0,False,1,48,24000,26.0,1,138,5,0,1,138,5,0,0,0,1,1,2,5,6.0,6.0,0.0,0.0,,False
144,patch,named,32.0,32.0,3,0.0,False,1,49,24500,26.0,1,138,5,0,1,138,5,0,0,0,1,1,2,5,6.0,6.0,0.0,0.0,,False
144,patch,named,32.0,32.0,3,0.0,False,1,50,25000,26.0,1,138,5,0,1,138,5,0,0,0,1,1,2,5,6.0,6.0,0.0,0.0,,False
144,patch,named,32.0,32.0,3,0.0,False,1,51,25500,26.0,1,138,5,0,1,138,5,0,0,0,1,1,2,5,6.0,6.0,0.0,0.0,,False
144,patch,named,32.0,32.0,3,0.0,False,1,52,26000,26.0,1,138,5,0,1,138,5,0,0,0,1,1,2,5,6.0,6.0,0.0,0.0,,False
144,patch,named,32.0,32.0,3,0.0,False,1,53,26500,26.0,1,138,5,0,1,138,5,0,0,0,1,1,2,5,6.0,6.0,0.0,0.0,,False
144,patch,named,32.0,32.0,3,0.0,False,1,54,27000,26.0,1,138,5,0,1,138,5,0,0,0,1,1,2,5,6.0,6.0,0.0,0.0,,False
144,patch,named,32.0,32.0,3,0.0,False,1,55,27500,26.0,1,138,5,0,1,138,5,0,0,0,1,1,2,5,6.0,6.0,0.0,0.0,,False
144,patch,named,32.0,32.0,3,0.0,False,1,56,28000,26.0,1,138,5,0,1,138,5,0,0,0,1,1,2,5,6.0,6.0,0.0,0.0,,False
144,patch,named,32.0,32.0,3,0.0,False,1,57,28500,26.0,1,138,5,0,1,138,5,0,0,0,1,1,2,5,6.0,6.0,0.0,0.0,,False
144,patch,named,32.0,32.0,3,0.0,False,1,58,29000,26.0,1,138,5,0,1,138,5,0,0,0,1,1,2,5,6.0,6.0,0.0,0.0,,False
144,patch,named,32.0,32.0,3,0.0,False,1,59,29500,26.0,1,138,5,0,1,138,5,0,0,0,1,1,2,5,6.0,6.0,0.0,0.0,,False
144,patch,named,32.0,32.0,3,0.0,False,1,60,30000,26.0,1,138,5,0,1,138,5,0,0,0,1,1,2,5,6.0,6.0,0.0,0.0,,False
144,patch,named,32.0,32.0,3,0.0,False,1,61,30500,26.0,1,138,5,0,1,138,5,0,0,0,1,1,2,5,6.0,6.0,0.0,0.0,,False
144,patch,named,32.0,32.0,3,0.0,False,1,62,31000,26.0,1,138,5,0,1,138,5,0,0,0,1,1,2,5,6.0,6.0,0.0,0.0,,False
144,patch,named,32.0,32.0,3,0.0,False,1,63,31500,26.0,1,138,5,0,1,138,5,0,0,0,1,1,2,5,6.0,6.0,0.0,0.0,,False
144,patch,named,32.0,32.0,3,0.0,False,1,64,32000,26.0,1,138,5,0,1,138,5,0,0,0,1,1,2,5,6.0,6.0,0.0,0.0,,False
144,patch,named,32.0,32.0,3,0.0,False,1,65,32500,26.0,1,138,5,0,1,138,5,0,0,0,1,1,2,5,6.0,6.0,0.0,0.0,,False
144,patch,named,32.0,32.0,3,0.0,False,1,66,33000,26.0,1,138,5,0,1,138,5,0,0,0,1,1,2,5,6.0,6.0,0.0,0.0,,False
144,patch,named,32.0,32.0,3,0.0,False,1,67,33500,26.0,1,138,5,0,1,138,5,0,0,0,1,1,2,5,6.0,6.0,0.0,0.0,,False
144,patch,named,32.0,32.0,3,0.0,False,1,68,34000,26.0,1,138,5,0,1,138,5,0,0,0,1,1,2,5,6.0,6.0,0.0,0.0,,False
144,patch,named,32.0,32.0,3,0.0,False,1,69,34500,26.0,1,138,5,0,1,138,5,0,0,0,1,1,2,5,6.0,6.0,0.0,0.0,,False
144,patch,named,32.0,32.0,3,0.0,False,1,70,35000,26.0,1,138,5,0,1,138,5,0,0,0,1,1,2,5,6.0,6.0,0.0,0.0,,False
144,patch,named,32.0,32.0,3,0.0,False,1,71,35500,26.0,1,138,5,0,1,138,5,0,0,0,1,1,2,5,6.0,6.0,0.0,0.0,,False
144,patch,named,32.0,32.0,3,0.0,False,1,72,36000,26.0,1,138,5,0,1,138,5,0,0,0,1,1,2,5,6.0,6.0,0.0,0.0,,False
144,patch,named,32.0,32.0,3,0.0,False,1,73,36500,26.0,1,138,5,0,1,138,5,0,0,0,1,1,2,5,6.0,6.0,0.0,0.0,,False
144,patch,named,32.0,32.0,3,0.0,False,1,74,37000,26.0,1,138,5,0,1,138,5,0,0,0,1,1,2,5,6.0,6.0,0.0,0.0,,False
144,patch,named,32.0,32.0,3,0.0,False,1,75,37500,26.0,1,138,5,0,1,138,5,0,0,0,1,1,2,5,6.0,6.0,0.0,0.0,,False
144,patch,named,32.0,32.0,3,0.0,False,1,76,38000,26.0,1,138,5,0,1,138,5,0,0,0,1,1,2,5,6.0,6.0,0.0,0.0,,False
144,patch,named,32.0,32.0,3,0.0,False,1,77,38500,26.0,1,138,5,0,1,138,5,0,0,0,1,1,2,5,6.0,6.0,0.0,0.0,,False
144,patch,named,32.0,32.0,3,0.0,False,1,78,39000,26.0,1,138,5,0,1,138,5,0,0,0,1,1,2,5,6.0,6.0,0.0,0.0,,False
144,patch,named,32.0,32.0,3,0.0,False,1,79,39500,26.0,1,138,5,0,1,138,5,0,0,0,1,1,2,5,6.0,6.0,0.0,0.0,,False
144,patch,named,32.0,32.0,3,0.0,False,1,80,40000,26.0,1,138,5,0,1,138,5,0,0,0,1,1,2,5,6.0,6.0,0.0,0.0,,False
144,patch,named,32.0,32.0,3,0.0,False,1,81,40500,26.0,1,138,5,0,1,138,5,0,0,0,1,1,2,5,6.0,6.0,0.0,0.0,,False
144,patch,named,32.0,32.0,3,0.0,False,1,82,41000,26.0,1,138,5,0,1,138,5,0,0,0,1,1,2,5,6.0,6.0,0.0,0.0,,False
144,patch,named,32.0,32.0,3,0.0,False,1,83,41500,26.0,1,138,5,0,1,138,5,0,0,0,1,1,2,5,6.0,6.0,0.0,0.0,,False
144,patch,named,32.0,32.0,3,0.0,False,1,84,42000,26.0,1,138,5,0,1,138,5,0,0,0,1,1,2,5,6.0,6.0,0.0,0.0,,False
144,patch,named,32.0,32.0,3,0.0,False,1,85,42500,26.0,1,138,5,0,1,138,5,0,0,0,1,1,2,5,6.0,6.0,0.0,0.0,,False
144,patch,named,32.0,32.0,3,0.0,False,1,86,43000,26.0,1,138,5,0,1,138,5,0,0,0,1,1,2,5,6.0,6.0,0.0,0.0,,False
144,patch,named,32.0,32.0,3,0.0,False,1,87,43500,26.0,1,138,5,0,1,138,5,0,0,0,1,1,2,5,6.0,6.0,0.0,0.0,,False
144,patch,named,32.0,32.0,3,0.0,False,1,88,44000,26.0,1,138,5,0,1,138,5,0,0,0,1,1,2,5,6.0,6.0,0.0,0.0,,False
144,patch,named,32.0,32.0,3,0.0,False,1,89,44500,26.0,1,138,5,0,1,138,5,0,0,0,1,1,2,5,6.0,6.0,0.0,0.0,,False
144,patch,named,32.0,32.0,3,0.0,False,1,90,45000,26.0,1,138,5,0,1,138,5,0,0,0,1,1,2,5,6.0,6.0,0.0,0.0,,False
144,patch,named,32.0,32.0,3,0.0,False,1,91,45500,26.0,1,138,5,0,1,138,5,0,0,0,1,1,2,5,6.0,6.0,0.0,0.0,,False
144,patch,named,32.0,32.0,3,0.0,False,1,92,46000,26.0,1,138,5,0,1,138,5,0,0,0,1,1,2,5,6.0,6.0,0.0,0.0,,False
144,patch,named,32.0,32.0,3,0.0,False,1,93,46500,26.0,1,138,5,0,1,138,5,0,0,0,1,1,2,5,6.0,6.0,0.0,0.0,,False
144,patch,named,32.0,32.0,3,0.0,False,1,94,47000,26.0,1,138,5,0,1,138,5,0,0,0,1,1,2,5,6.0,6.0,0.0,0.0,,False
144,patch,named,32.0,32.0,3,0.0,False,1,95,47500,26.0,1,138,5,0,1,138,5,0,0,0,1,1,2,5,6.0,6.0,0.0,0.0,,False
144,patch,named,32.0,32.0,3,0.0,False,1,96,48000,26.0,1,138,5,0,1,138,5,0,0,0,1,1,2,5,6.0,6.0,0.0,0.0,,False
144,patch,named,32.0,32.0,3,0.0,False,1,97,48500,26.0,1,138,5,0,1,138,5,0,0,0,1,1,2,5,6.0,6.0,0.0,0.0,,False
144,patch,named,32.0,32.0,3,0.0,False,1,98,49000,26.0,1,138,5,0,1,138,5,0,0,0,1,1,2,5,6.0,6.0,0.0,0.0,,False
144,patch,named,32.0,32.0,3,0.0,False,1,99,49500,26.0,1,138,5,0,1,138,5,0,0,0,1,1,2,5,6.0,6.0,0.0,0.0,,False
144,patch,named,32.0,32.0,3,0.0,False,1,100,50000,26.0,1,138,5,0,1,138,5,0,0,0,1,1,2,5,6.0,6.0,0.0,0.0,,True
144,patch,named,32.0,32.0,3,0.0,False,2,0,0,32.0,0,136,8,0,0,136,8,0,0,0,0,0,1,8,0.0,0.0,0.0,0.0,,False
144,patch,named,32.0,32.0,3,0.0,False,2,1,500,32.0,0,136,8,0,0,136,8,0,0,0,0,0,1,8,0.0,0.0,0.0,0.0,,False
144,patch,named,32.0,32.0,3,0.0,False,2,2,1000,32.0,0,136,8,0,0,136,8,0,0,0,0,0,1,8,0.0,0.0,0.0,0.0,,False
144,patch,named,32.0,32.0,3,0.0,False,2,3,1500,32.0,0,136,8,0,0,136,8,0,0,0,0,0,1,8,0.0,0.0,0.0,0.0,,False
144,patch,named,32.0,32.0,3,0.0,False,2,4,2000,32.0,0,136,8,0,0,136,8,0,0,0,0,0,1,8,0.0,0.0,0.0,0.0,,False
144,patch,named,32.0,32.0,3,0.0,False,2,5,2500,32.0,0,136,8,0,0,136,8,0,0,0,0,0,1,8,0.0,0.0,0.0,0.0,,False
144,patch,named,32.0,32.0,3,0.0,False,2,6,3000,32.0,0,136,8,0,0,136,8,0,0,0,0,0,1,8,0.0,0.0,0.0,0.0,,False
144,patch,named,32.0,32.0,3,0.0,False,2,7,3500,32.0,0,136,8,0,0,136,8,0,0,0,0,0,1,8,0.0,0.0,0.0,0.0,,False
144,patch,named,32.0,32.0,3,0.0,False,2,8,4000,26.0,1,138,5,0,1,138,5,0,0,0,1,1,2,5,6.0,6.0,0.0,0.0,,False
144,patch,named,32.0,32.0,3,0.0,False,2,9,4500,26.0,1,138,5,0,1,138,5,0,0,0,1,1,2,5,6.0,6.0,0.0,0.0,,False
144,patch,named,32.0,32.0,3,0.0,False,2,10,5000,26.0,1,138,5,0,1,138,5,0,0,0,1,1,2,5,6.0,6.0,0.0,0.0,,False
144,patch,named,32.0,32.0,3,0.0,False,2,11,5500,26.0,1,138,5,0,1,138,5,0,0,0,1,1,2,5,6.0,6.0,0.0,0.0,,False
144,patch,named,32.0,32.0,3,0.0,False,2,12,6000,26.0,1,138,5,0,1,138,5,0,0,0,1,1,2,5,6.0,6.0,0.0,0.0,,False
144,patch,named,32.0,32.0,3,0.0,False,2,13,6500,26.0,1,138,5,0,1,138,5,0,0,0,1,1,2,5,6.0,6.0,0.0,0.0,,False
144,patch,named,32.0,32.0,3,0.0,False,2,14,7000,26.0,1,138,5,0,1,138,5,0,0,0,1,1,2,5,6.0,6.0,0.0,0.0,,False
144,patch,named,32.0,32.0,3,0.0,False,2,15,7500,26.0,1,138,5,0,1,138,5,0,0,0,1,1,2,5,6.0,6.0,0.0,0.0,,False
144,patch,named,32.0,32.0,3,0.0,False,2,16,8000,26.0,1,138,5,0,1,138,5,0,0,0,1,1,2,5,6.0,6.0,0.0,0.0,,False
144,patch,named,32.0,32.0,3,0.0,False,2,17,8500,26.0,1,138,5,0,1,138,5,0,0,0,1,1,2,5,6.0,6.0,0.0,0.0,,False
144,patch,named,32.0,32.0,3,0.0,False,2,18,9000,26.0,1,138,5,0,1,138,5,0,0,0,1,1,2,5,6.0,6.0,0.0,0.0,,False
144,patch,named,32.0,32.0,3,0.0,False,2,19,9500,26.0,1,138,5,0,1,138,5,0,0,0,1,1,2,5,6.0,6.0,0.0,0.0,,False
144,patch,named,32.0,32.0,3,0.0,False,2,20,10000,26.0,1,138,5,0,1,138,5,0,0,0,1,1,2,5,6.0,6.0,0.0,0.0,,False
144,patch,named,32.0,32.0,3,0.0,False,2,21,10500,26.0,1,138,5,0,1,138,5,0,0,0,1,1,2,5,6.0,6.0,0.0,0.0,,False
144,patch,named,32.0,32.0,3,0.0,False,2,22,11000,26.0,1,138,5,0,1,138,5,0,0,0,1,1,2,5,6.0,6.0,0.0,0.0,,False
144,patch,named,32.0,32.0,3,0.0,False,2,23,11500,26.0,1,138,5,0,1,138,5,0,0,0,1,1,2,5,6.0,6.0,0.0,0.0,,False
144,patch,named,32.0,32.0,3,0.0,False,2,24,12000,26.0,1,138,5,0,1,138,5,0,0,0,1,1,2,5,6.0,6.0,0.0,0.0,,False
144,patch,named,32.0,32.0,3,0.0,False,2,25,12500,26.0,1,138,5,0,1,138,5,0,0,0,1,1,2,5,6.0,6.0,0.0,0.0,,False
144,patch,named,32.0,32.0,3,0.0,False,2,26,13000,26.0,1,138,5,0,1,138,5,0,0,0,1,1,2,5,6.0,6.0,0.0,0.0,,False
144,patch,named,32.0,32.0,3,0.0,False,2,27,13500,26.0,1,138,5,0,1,138,5,0,0,0,1,1,2,5,6.0,6.0,0.0,0.0,,False
144,patch,named,32.0,32.0,3,0.0,False,2,28,14000,26.0,1,138,5,0,1,138,5,0,0,0,1,1,2,5,6.0,6.0,0.0,0.0,,False
144,patch,named,32.0,32.0,3,0.0,False,2,29,14500,26.0,1,138,5,0,1,138,5,0,0,0,1,1,2,5,6.0,6.0,0.0,0.0,,False
144,patch,named,32.0,32.0,3,0.0,False,2,30,15000,26.0,1,138,5,0,1,138,5,0,0,0,1,1,2,5,6.0,6.0,0.0,0.0,,False
144,patch,named,32.0,32.0,3,0.0,False,2,31,15500,26.0,1,138,5,0,1,138,5,0,0,0,1,1,2,5,6.0,6.0,0.0,0.0,,False
144,patch,named,32.0,32.0,3,0.0,False,2,32,16000,26.0,1,138,5,0,1,138,5,0,0,0,1,1,2,5,6.0,6.0,0.0,0.0,,False
144,patch,named,32.0,32.0,3,0.0,False,2,33,16500,26.0,1,138,5,0,1,138,5,0,0,0,1,1,2,5,6.0,6.0,0.0,0.0,,False
144,patch,named,32.0,32.0,3,0.0,False,2,34,17000,26.0,1,138,5,0,1,138,5,0,0,0,1,1,2,5,6.0,6.0,0.0,0.0,,False
144,patch,named,32.0,32.0,3,0.0,False,2,35,17500,26.0,1,138,5,0,1,138,5,0,0,0,1,1,2,5,6.0,6.0,0.0,0.0,,False
144,patch,named,32.0,32.0,3,0.0,False,2,36,18000,26.0,1,138,5,0,1,138,5,0,0,0,1,1,2,5,6.0,6.0,0.0,0.0,,False
144,patch,named,32.0,32.0,3,0.0,False,2,37,18500,26.0,1,138,5,0,1,138,5,0,0,0,1,1,2,5,6.0,6.0,0.0,0.0,,False
144,patch,named,32.0,32.0,3,0.0,False,2,38,19000,26.0,1,138,5,0,1,138,5,0,0,0,1,1,2,5,6.0,6.0,0.0,0.0,,False
144,patch,named,32.0,32.0,3,0.0,False,2,39,19500,26.0,1,138,5,0,1,138,5,0,0,0,1,1,2,5,6.0,6.0,0.0,0.0,,False
144,patch,named,32.0,32.0,3,0.0,False,2,40,20000,26.0,1,138,5,0,1,138,5,0,0,0,1,1,2,5,6.0,6.0,0.0,0.0,,False
144,patch,named,32.0,32.0,3,0.0,False,2,41,20500,26.0,1,138,5,0,1,138,5,0,0,0,1,1,2,5,6.0,6.0,0.0,0.0,,False
144,patch,named,32.0,32.0,3,0.0,False,2,42,21000,26.0,1,138,5,0,1,138,5,0,0,0,1,1,2,5,6.0,6.0,0.0,0.0,,False
144,patch,named,32.0,32.0,3,0.0,False,2,43,21500,26.0,1,138,5,0,1,138,5,0,0,0,1,1,2,5,6.0,6.0,0.0,0.0,,False
144,patch,named,32.0,32.0,3,0.0,False,2,44,22000,26.0,1,138,5,0,1,138,5,0,0,0,1,1,2,5,6.0,6.0,0.0,0.0,,False
144,patch,named,32.0,32.0,3,0.0,False,2,45,22500,26.0,1,138,5,0,1,138,5,0,0,0,1,1,2,5,6.0,6.0,0.0,0.0,,False
144,patch,named,32.0,32.0,3,0.0,False,2,46,23000,26.0,1,138,5,0,1,138,5,0,0,0,1,1,2,5,6.0,6.0,0.0,0.0,,False
144,patch,named,32.0,32.0,3,0.0,False,2,47,23500,26.0,1,138,5,0,1,138,5,0,0,0,1,1,2,5,6.0,6.0,0.0,0.0,,False
144,patch,named,32.0,32.0,3,0.0,False,2,48,24000,26.0,1,138,5,0,1,138,5,0,0,0,1,1,2,5,6.0,6.0,0.0,0.0,,False
144,patch,named,32.0,32.0,3,0.0,False,2,49,24500,26.0,1,138,5,0,1,138,5,0,0,0,1,1,2,5,6.0,6.0,0.0,0.0,,False
144,patch,named,32.0,32.0,3,0.0,False,2,50,25000,26.0,1,138,5,0,1,138,5,0,0,0,1,1,2,5,6.0,6.0,0.0,0.0,,False
144,patch,named,32.0,32.0,3,0.0,False,2,51,25500,32.0,0,136,8,0,0,136,8,0,0,0,0,0,1,8,0.0,0.0,0.0,0.0,,False
144,patch,named,32.0,32.0,3,0.0,False,2,52,26000,32.0,0,136,8,0,0,136,8,0,0,0,0,0,1,8,0.0,0.0,0.0,0.0,,False
144,patch,named,32.0,32.0,3,0.0,False,2,53,26500,32.0,0,136,8,0,0,136,8,0,0,0,0,0,1,8,0.0,0.0,0.0,0.0,,False
144,patch,named,32.0,32.0,3,0.0,False,2,54,27000,0.0,0,144,0,0,0,144,0,0,0,0,0,0,0,0,32.0,32.0,0.0,0.0,,False
144,patch,named,32.0,32.0,3,0.0,False,2,55,27500,32.0,0,136,8,0,0,136,8,0,0,0,0,0,1,8,0.0,0.0,0.0,0.0,,False
144,patch,named,32.0,32.0,3,0.0,False,2,56,28000,32.0,0,136,8,0,0,136,8,0,0,0,0,0,1,8,0.0,0.0,0.0,0.0,,False
144,patch,named,32.0,32.0,3,0.0,False,2,57,28500,32.0,0,136,8,0,0,136,8,0,0,0,0,0,1,8,0.0,0.0,0.0,0.0,,False
144,patch,named,32.0,32.0,3,0.0,False,2,58,29000,32.0,0,136,8,0,0,136,8,0,0,0,0,0,1,8,0.0,0.0,0.0,0.0,,False
144,patch,named,32.0,32.0,3,0.0,False,2,59,29500,32.0,0,136,8,0,0,136,8,0,0,0,0,0,1,8,0.0,0.0,0.0,0.0,,False
144,patch,named,32.0,32.0,3,0.0,False,2,60,30000,0.0,0,144,0,0,0,144,0,0,0,0,0,0,0,0,32.0,32.0,0.0,0.0,,False
144,patch,named,32.0,32.0,3,0.0,False,2,61,30500,32.0,0,136,8,0,0,136,8,0,0,0,0,0,1,8,0.0,0.0,0.0,0.0,,False
144,patch,named,32.0,32.0,3,0.0,False,2,62,31000,32.0,0,136,8,0,0,136,8,0,0,0,0,0,1,8,0.0,0.0,0.0,0.0,,False
144,patch,named,32.0,32.0,3,0.0,False,2,63,31500,32.0,0,137,7,0,0,137,6,1,0,0,0,0,1,7,0.0,0.0,0.0,0.0,,False
144,patch,named,32.0,32.0,3,0.0,False,2,64,32000,32.0,0,136,8,0,0,136,8,0,0,0,0,0,1,8,0.0,0.0,0.0,0.0,,False
144,patch,named,32.0,32.0,3,0.0,False,2,65,32500,32.0,0,136,8,0,0,136,8,0,0,0,0,0,1,8,0.0,0.0,0.0,0.0,,False
144,patch,named,32.0,32.0,3,0.0,False,2,66,33000,32.0,0,136,8,0,0,136,8,0,0,0,0,0,1,8,0.0,0.0,0.0,0.0,,False
144,patch,named,32.0,32.0,3,0.0,False,2,67,33500,32.0,0,136,8,0,0,136,8,0,0,0,0,0,1,8,0.0,0.0,0.0,0.0,,False
144,patch,named,32.0,32.0,3,0.0,False,2,68,34000,32.0,0,136,8,0,0,136,8,0,0,0,0,0,1,8,0.0,0.0,0.0,0.0,,False
144,patch,named,32.0,32.0,3,0.0,False,2,69,34500,32.0,0,136,8,0,0,136,8,0,0,0,0,0,1,8,0.0,0.0,0.0,0.0,,False
144,patch,named,32.0,32.0,3,0.0,False,2,70,35000,32.0,0,136,8,0,0,136,8,0,0,0,0,0,1,8,0.0,0.0,0.0,0.0,,False
144,patch,named,32.0,32.0,3,0.0,False,2,71,35500,32.0,0,136,8,0,0,136,8,0,0,0,0,0,1,8,0.0,0.0,0.0,0.0,,False
144,patch,named,32.0,32.0,3,0.0,False,2,72,36000,32.0,0,136,8,0,0,136,8,0,0,0,0,0,1,8,0.0,0.0,0.0,0.0,,False
144,patch,named,32.0,32.0,3,0.0,False,2,73,36500,32.0,0,136,8,0,0,136,8,0,0,0,0,0,1,8,0.0,0.0,0.0,0.0,,False
144,patch,named,32.0,32.0,3,0.0,False,2,74,37000,32.0,0,136,8,0,0,136,8,0,0,0,0,0,1,8,0.0,0.0,0.0,0.0,,False
144,patch,named,32.0,32.0,3,0.0,False,2,75,37500,32.0,0,136,8,0,0,136,8,0,0,0,0,0,1,8,0.0,0.0,0.0,0.0,,False
144,patch,named,32.0,32.0,3,0.0,False,2,76,38000,32.0,0,136,8,0,0,136,8,0,0,0,0,0,1,8,0.0,0.0,0.0,0.0,,False
144,patch,named,32.0,32.0,3,0.0,False,2,77,38500,0.0,0,144,0,0,0,144,0,0,0,0,0,0,0,0,32.0,32.0,0.0,0.0,,False
144,patch,named,32.0,32.0,3,0.0,False,2,78,39000,32.0,0,136,8,0,0,136,8,0,0,0,0,0,1,8,0.0,0.0,0.0,0.0,,False
144,patch,named,32.0,32.0,3,0.0,False,2,79,39500,32.0,0,136,8,0,0,136,8,0,0,0,0,0,1,8,0.0,0.0,0.0,0.0,,False
144,patch,named,32.0,32.0,3,0.0,False,2,80,40000,32.0,0,136,8,0,0,136,8,0,0,0,0,0,1,8,0.0,0.0,0.0,0.0,,False
144,patch,named,32.0,32.0,3,0.0,False,2,81,40500,26.0,1,138,5,0,1,138,5,0,0,0,1,1,2,5,6.0,6.0,0.0,0.0,,False
144,patch,named,32.0,32.0,3,0.0,False,2,82,41000,26.0,1,138,5,0,1,138,5,0,0,0,1,1,2,5,6.0,6.0,0.0,0.0,,False
144,patch,named,32.0,32.0,3,0.0,False,2,83,41500,26.0,1,138,5,0,1,138,5,0,0,0,1,1,2,5,6.0,6.0,0.0,0.0,,False
144,patch,named,32.0,32.0,3,0.0,False,2,84,42000,26.0,1,138,5,0,1,138,5,0,0,0,1,1,2,5,6.0,6.0,0.0,0.0,,False
144,patch,named,32.0,32.0,3,0.0,False,2,85,42500,26.0,1,138,5,0,1,138,5,0,0,0,1,1,2,5,6.0,6.0,0.0,0.0,,False
144,patch,named,32.0,32.0,3,0.0,False,2,86,43000,26.0,1,138,5,0,1,138,5,0,0,0,1,1,2,5,6.0,6.0,0.0,0.0,,False
144,patch,named,32.0,32.0,3,0.0,False,2,87,43500,26.0,1,138,5,0,1,138,5,0,0,0,1,1,2,5,6.0,6.0,0.0,0.0,,False
144,patch,named,32.0,32.0,3,0.0,False,2,88,44000,26.0,1,138,5,0,1,138,5,0,0,0,1,1,2,5,6.0,6.0,0.0,0.0,,False
144,patch,named,32.0,32.0,3,0.0,False,2,89,44500,26.0,1,138,5,0,1,138,5,0,0,0,1,1,2,5,6.0,6.0,0.0,0.0,,False
144,patch,named,32.0,32.0,3,0.0,False,2,90,45000,26.0,1,138,5,0,1,138,5,0,0,0,1,1,2,5,6.0,6.0,0.0,0.0,,False
144,patch,named,32.0,32.0,3,0.0,False,2,91,45500,26.0,1,138,5,0,1,138,5,0,0,0,1,1,2,5,6.0,6.0,0.0,0.0,,False
144,patch,named,32.0,32.0,3,0.0,False,2,92,46000,26.0,1,138,5,0,1,138,5,0,0,0,1,1,2,5,6.0,6.0,0.0,0.0,,False
144,patch,named,32.0,32.0,3,0.0,False,2,93,46500,26.0,1,138,5,0,1,138,5,0,0,0,1,1,2,5,6.0,6.0,0.0,0.0,,False
144,patch,named,32.0,32.0,3,0.0,False,2,94,47000,26.0,1,138,5,0,1,138,5,0,0,0,1,1,2,5,6.0,6.0,0.0,0.0,,False
144,patch,named,32.0,32.0,3,0.0,False,2,95,47500,26.0,1,138,5,0,1,138,5,0,0,0,1,1,2,5,6.0,6.0,0.0,0.0,,False
144,patch,named,32.0,32.0,3,0.0,False,2,96,48000,26.0,1,138,5,0,1,138,5,0,0,0,1,1,2,5,6.0,6.0,0.0,0.0,,False
144,patch,named,32.0,32.0,3,0.0,False,2,97,48500,26.0,1,138,5,0,1,138,5,0,0,0,1,1,2,5,6.0,6.0,0.0,0.0,,False
144,patch,named,32.0,32.0,3,0.0,False,2,98,49000,26.0,1,138,5,0,1,138,5,0,0,0,1,1,2,5,6.0,6.0,0.0,0.0,,False
144,patch,named,32.0,32.0,3,0.0,False,2,99,49500,26.0,1,138,5,0,1,138,5,0,0,0,1,1,2,5,6.0,6.0,0.0,0.0,,False
144,patch,named,32.0,32.0,3,0.0,False,2,100,50000,26.0,1,138,5,0,1,138,5,0,0,0,1,1,2,5,6.0,6.0,0.0,0.0,,True
144,patch,named,32.0,32.0,3,0.0,False,3,0,0,32.0,0,136,8,0,0,136,8,0,0,0,0,0,1,8,0.0,0.0,0.0,0.0,,False
144,patch,named,32.0,32.0,3,0.0,False,3,1,500,32.0,0,136,8,0,0,136,8,0,0,0,0,0,1,8,0.0,0.0,0.0,0.0,,False
144,patch,named,32.0,32.0,3,0.0,False,3,2,1000,32.0,0,136,8,0,0,136,8,0,0,0,0,0,1,8,0.0,0.0,0.0,0.0,,False
144,patch,named,32.0,32.0,3,0.0,False,3,3,1500,32.0,0,136,8,0,0,136,8,0,0,0,0,0,1,8,0.0,0.0,0.0,0.0,,False
144,patch,named,32.0,32.0,3,0.0,False,3,4,2000,32.0,0,136,8,0,0,136,8,0,0,0,0,0,1,8,0.0,0.0,0.0,0.0,,False
144,patch,named,32.0,32.0,3,0.0,False,3,5,2500,32.0,0,136,8,0,0,136,8,0,0,0,0,0,1,8,0.0,0.0,0.0,0.0,,False
144,patch,named,32.0,32.0,3,0.0,False,3,6,3000,32.0,0,136,8,0,0,136,8,0,0,0,0,0,1,8,0.0,0.0,0.0,0.0,,False
144,patch,named,32.0,32.0,3,0.0,False,3,7,3500,32.0,0,136,8,0,0,136,8,0,0,0,0,0,1,8,0.0,0.0,0.0,0.0,,False
144,patch,named,32.0,32.0,3,0.0,False,3,8,4000,32.0,0,136,8,0,0,136,8,0,0,0,0,0,1,8,0.0,0.0,0.0,0.0,,False
144,patch,named,32.0,32.0,3,0.0,False,3,9,4500,32.0,0,136,8,0,0,136,8,0,0,0,0,0,1,8,0.0,0.0,0.0,0.0,,False
144,patch,named,32.0,32.0,3,0.0,False,3,10,5000,0.0,0,144,0,0,0,144,0,0,0,0,0,0,0,0,32.0,32.0,0.0,0.0,,False
144,patch,named,32.0,32.0,3,0.0,False,3,11,5500,32.0,0,136,8,0,0,136,8,0,0,0,0,0,1,8,0.0,0.0,0.0,0.0,,False
144,patch,named,32.0,32.0,3,0.0,False,3,12,6000,32.0,0,136,8,0,0,136,8,0,0,0,0,0,1,8,0.0,0.0,0.0,0.0,,False
144,patch,named,32.0,32.0,3,0.0,False,3,13,6500,32.0,0,136,8,0,0,136,8,0,0,0,0,0,1,8,0.0,0.0,0.0,0.0,,False
144,patch,named,32.0,32.0,3,0.0,False,3,14,7000,32.0,0,136,8,0,0,136,8,0,0,0,0,0,1,8,0.0,0.0,0.0,0.0,,False
144,patch,named,32.0,32.0,3,0.0,False,3,15,7500,32.0,0,136,8,0,0,136,8,0,0,0,0,0,1,8,0.0,0.0,0.0,0.0,,False
144,patch,named,32.0,32.0,3,0.0,False,3,16,8000,32.0,0,136,8,0,0,136,8,0,0,0,0,0,1,8,0.0,0.0,0.0,0.0,,False
144,patch,named,32.0,32.0,3,0.0,False,3,17,8500,32.0,0,136,8,0,0,136,8,0,0,0,0,0,1,8,0.0,0.0,0.0,0.0,,False
144,patch,named,32.0,32.0,3,0.0,False,3,18,9000,32.0,0,136,8,0,0,136,8,0,0,0,0,0,1,8,0.0,0.0,0.0,0.0,,False
144,patch,named,32.0,32.0,3,0.0,False,3,19,9500,32.0,0,136,8,0,0,136,8,0,0,0,0,0,1,8,0.0,0.0,0.0,0.0,,False
144,patch,named,32.0,32.0,3,0.0,False,3,20,10000,32.0,0,136,8,0,0,136,8,0,0,0,0,0,1,8,0.0,0.0,0.0,0.0,,False
144,patch,named,32.0,32.0,3,0.0,False,3,21,10500,31.0,0,140,4,0,0,140,4,0,0,0,0,0,1,4,1.0,1.0,0.0,0.0,,False
144,patch,named,32.0,32.0,3,0.0,False,3,22,11000,31.0,0,140,4,0,0,140,4,0,0,0,0,0,1,4,1.0,1.0,0.0,0.0,,False
144,patch,named,32.0,32.0,3,0.0,False,3,23,11500,31.0,0,140,4,0,0,140,4,0,0,0,0,0,1,4,1.0,1.0,0.0,0.0,,False
144,patch,named,32.0,32.0,3,0.0,False,3,24,12000,31.0,0,140,4,0,0,140,4,0,0,0,0,0,1,4,1.0,1.0,0.0,0.0,,False
144,patch,named,32.0,32.0,3,0.0,False,3,25,12500,31.0,0,140,4,0,0,140,4,0,0,0,0,0,1,4,1.0,1.0,0.0,0.0,,False
144,patch,named,32.0,32.0,3,0.0,False,3,26,13000,20.0,0,144,0,0,0,144,0,0,0,0,0,0,0,0,12.0,11.0,0.0,0.0,,False
144,patch,named,32.0,32.0,3,0.0,False,3,27,13500,20.0,0,144,0,0,0,144,0,0,0,0,0,0,0,0,12.0,11.0,0.0,0.0,,False
144,patch,named,32.0,32.0,3,0.0,False,3,28,14000,20.0,0,144,0,0,0,144,0,0,0,0,0,0,0,0,12.0,11.0,0.0,0.0,,False
144,patch,named,32.0,32.0,3,0.0,False,3,29,14500,20.0,0,144,0,0,0,144,0,0,0,0,0,0,0,0,12.0,11.0,0.0,0.0,,False
144,patch,named,32.0,32.0,3,0.0,False,3,30,15000,20.0,0,144,0,0,0,144,0,0,0,0,0,0,0,0,12.0,11.0,0.0,0.0,,False
144,patch,named,32.0,32.0,3,0.0,False,3,31,15500,31.0,0,140,4,0,0,140,4,0,0,0,0,0,1,4,1.0,1.0,0.0,0.0,,False
144,patch,named,32.0,32.0,3,0.0,False,3,32,16000,31.0,0,140,4,0,0,140,4,0,0,0,0,0,1,4,1.0,1.0,0.0,0.0,,False
144,patch,named,32.0,32.0,3,0.0,False,3,33,16500,31.0,0,140,4,0,0,140,4,0,0,0,0,0,1,4,1.0,1.0,0.0,0.0,,False
144,patch,named,32.0,32.0,3,0.0,False,3,34,17000,20.0,0,144,0,0,0,144,0,0,0,0,0,0,0,0,12.0,11.0,0.0,0.0,,False
144,patch,named,32.0,32.0,3,0.0,False,3,35,17500,20.0,0,144,0,0,0,144,0,0,0,0,0,0,0,0,12.0,11.0,0.0,0.0,,False
144,patch,named,32.0,32.0,3,0.0,False,3,36,18000,20.0,0,144,0,0,0,144,0,0,0,0,0,0,0,0,12.0,11.0,0.0,0.0,,False
144,patch,named,32.0,32.0,3,0.0,False,3,37,18500,20.0,0,144,0,0,0,144,0,0,0,0,0,0,0,0,12.0,11.0,0.0,0.0,,False
144,patch,named,32.0,32.0,3,0.0,False,3,38,19000,20.0,0,144,0,0,0,144,0,0,0,0,0,0,0,0,12.0,11.0,0.0,0.0,,False
144,patch,named,32.0,32.0,3,0.0,False,3,39,19500,20.0,0,144,0,0,0,144,0,0,0,0,0,0,0,0,12.0,11.0,0.0,0.0,,False
144,patch,named,32.0,32.0,3,0.0,False,3,40,20000,20.0,0,144,0,0,0,144,0,0,0,0,0,0,0,0,12.0,11.0,0.0,0.0,,False
144,patch,named,32.0,32.0,3,0.0,False,3,41,20500,20.0,0,144,0,0,0,144,0,0,0,0,0,0,0,0,12.0,11.0,0.0,0.0,,False
144,patch,named,32.0,32.0,3,0.0,False,3,42,21000,20.0,0,144,0,0,0,144,0,0,0,0,0,0,0,0,12.0,11.0,0.0,0.0,,False
144,patch,named,32.0,32.0,3,0.0,False,3,43,21500,20.0,0,144,0,0,0,144,0,0,0,0,0,0,0,0,12.0,11.0,0.0,0.0,,False
144,patch,named,32.0,32.0,3,0.0,False,3,44,22000,20.0,0,144,0,0,0,144,0,0,0,0,0,0,0,0,12.0,11.0,0.0,0.0,,False
144,patch,named,32.0,32.0,3,0.0,False,3,45,22500,20.0,0,144,0,0,0,144,0,0,0,0,0,0,0,0,12.0,11.0,0.0,0.0,,False
144,patch,named,32.0,32.0,3,0.0,False,3,46,23000,20.0,0,144,0,0,0,144,0,0,0,0,0,0,0,0,12.0,11.0,0.0,0.0,,False
144,patch,named,32.0,32.0,3,0.0,False,3,47,23500,20.0,0,144,0,0,0,144,0,0,0,0,0,0,0,0,12.0,11.0,0.0,0.0,,False
144,patch,named,32.0,32.0,3,0.0,False,3,48,24000,20.0,0,144,0,0,0,144,0,0,0,0,0,0,0,0,12.0,11.0,0.0,0.0,,False
144,patch,named,32.0,32.0,3,0.0,False,3,49,24500,20.0,0,144,0,0,0,144,0,0,0,0,0,0,0,0,12.0,11.0,0.0,0.0,,False
144,patch,named,32.0,32.0,3,0.0,False,3,50,25000,20.0,0,144,0,0,0,144,0,0,0,0,0,0,0,0,12.0,11.0,0.0,0.0,,False
144,patch,named,32.0,32.0,3,0.0,False,3,51,25500,20.0,0,144,0,0,0,144,0,0,0,0,0,0,0,0,12.0,11.0,0.0,0.0,,False
144,patch,named,32.0,32.0,3,0.0,False,3,52,26000,20.0,0,144,0,0,0,144,0,0,0,0,0,0,0,0,12.0,11.0,0.0,0.0,,False
144,patch,named,32.0,32.0,3,0.0,False,3,53,26500,20.0,0,144,0,0,0,144,0,0,0,0,0,0,0,0,12.0,11.0,0.0,0.0,,False
144,patch,named,32.0,32.0,3,0.0,False,3,54,27000,20.0,0,144,0,0,0,144,0,0,0,0,0,0,0,0,12.0,11.0,0.0,0.0,,False
144,patch,named,32.0,32.0,3,0.0,False,3,55,27500,20.0,0,144,0,0,0,144,0,0,0,0,0,0,0,0,12.0,11.0,0.0,0.0,,False
144,patch,named,32.0,32.0,3,0.0,False,3,56,28000,20.0,0,144,0,0,0,144,0,0,0,0,0,0,0,0,12.0,11.0,0.0,0.0,,False
144,patch,named,32.0,32.0,3,0.0,False,3,57,28500,20.0,0,144,0,0,0,144,0,0,0,0,0,0,0,0,12.0,11.0,0.0,0.0,,False
144,patch,named,32.0,32.0,3,0.0,False,3,58,29000,20.0,0,144,0,0,0,144,0,0,0,0,0,0,0,0,12.0,11.0,0.0,0.0,,False
144,patch,named,32.0,32.0,3,0.0,False,3,59,29500,20.0,0,144,0,0,0,144,0,0,0,0,0,0,0,0,12.0,11.0,0.0,0.0,,False
144,patch,named,32.0,32.0,3,0.0,False,3,60,30000,20.0,0,144,0,0,0,144,0,0,0,0,0,0,0,0,12.0,11.0,0.0,0.0,,False
144,patch,named,32.0,32.0,3,0.0,False,3,61,30500,20.0,0,144,0,0,0,144,0,0,0,0,0,0,0,0,12.0,11.0,0.0,0.0,,False
144,patch,named,32.0,32.0,3,0.0,False,3,62,31000,20.0,0,144,0,0,0,144,0,0,0,0,0,0,0,0,12.0,11.0,0.0,0.0,,False
144,patch,named,32.0,32.0,3,0.0,False,3,63,31500,20.0,0,144,0,0,0,144,0,0,0,0,0,0,0,0,12.0,11.0,0.0,0.0,,False
144,patch,named,32.0,32.0,3,0.0,False,3,64,32000,20.0,0,144,0,0,0,144,0,0,0,0,0,0,0,0,12.0,11.0,0.0,0.0,,False
144,patch,named,32.0,32.0,3,0.0,False,3,65,32500,20.0,0,144,0,0,0,144,0,0,0,0,0,0,0,0,12.0,11.0,0.0,0.0,,False
144,patch,named,32.0,32.0,3,0.0,False,3,66,33000,20.0,0,144,0,0,0,144,0,0,0,0,0,0,0,0,12.0,11.0,0.0,0.0,,False
144,patch,named,32.0,32.0,3,0.0,False,3,67,33500,20.0,0,144,0,0,0,144,0,0,0,0,0,0,0,0,12.0,11.0,0.0,0.0,,False
144,patch,named,32.0,32.0,3,0.0,False,3,68,34000,20.0,0,144,0,0,0,144,0,0,0,0,0,0,0,0,12.0,11.0,0.0,0.0,,False
144,patch,named,32.0,32.0,3,0.0,False,3,69,34500,20.0,0,144,0,0,0,144,0,0,0,0,0,0,0,0,12.0,11.0,0.0,0.0,,False
144,patch,named,32.0,32.0,3,0.0,False,3,70,35000,20.0,0,144,0,0,0,144,0,0,0,0,0,0,0,0,12.0,11.0,0.0,0.0,,False
144,patch,named,32.0,32.0,3,0.0,False,3,71,35500,20.0,0,144,0,0,0,144,0,0,0,0,0,0,0,0,12.0,11.0,0.0,0.0,,False
144,patch,named,32.0,32.0,3,0.0,False,3,72,36000,20.0,0,144,0,0,0,144,0,0,0,0,0,0,0,0,12.0,11.0,0.0,0.0,,False
144,patch,named,32.0,32.0,3,0.0,False,3,73,36500,20.0,0,144,0,0,0,144,0,0,0,0,0,0,0,0,12.0,11.0,0.0,0.0,,False
144,patch,named,32.0,32.0,3,0.0,False,3,74,37000,20.0,0,144,0,0,0,144,0,0,0,0,0,0,0,0,12.0,11.0,0.0,0.0,,False
144,patch,named,32.0,32.0,3,0.0,False,3,75,37500,20.0,0,144,0,0,0,144,0,0,0,0,0,0,0,0,12.0,11.0,0.0,0.0,,False
144,patch,named,32.0,32.0,3,0.0,False,3,76,38000,20.0,0,144,0,0,0,144,0,0,0,0,0,0,0,0,12.0,11.0,0.0,0.0,,False
144,patch,named,32.0,32.0,3,0.0,False,3,77,38500,20.0,0,144,0,0,0,144,0,0,0,0,0,0,0,0,12.0,11.0,0.0,0.0,,False
144,patch,named,32.0,32.0,3,0.0,False,3,78,39000,20.0,0,144,0,0,0,144,0,0,0,0,0,0,0,0,12.0,11.0,0.0,0.0,,False
144,patch,named,32.0,32.0,3,0.0,False,3,79,39500,20.0,0,144,0,0,0,144,0,0,0,0,0,0,0,0,12.0,11.0,0.0,0.0,,False
144,patch,named,32.0,32.0,3,0.0,False,3,80,40000,20.0,0,144,0,0,0,144,0,0,0,0,0,0,0,0,12.0,11.0,0.0,0.0,,False
144,patch,named,32.0,32.0,3,0.0,False,3,81,40500,20.0,0,144,0,0,0,144,0,0,0,0,0,0,0,0,12.0,11.0,0.0,0.0,,False
144,patch,named,32.0,32.0,3,0.0,False,3,82,41000,20.0,0,144,0,0,0,144,0,0,0,0,0,0,0,0,12.0,11.0,0.0,0.0,,False
144,patch,named,32.0,32.0,3,0.0,False,3,83,41500,20.0,0,144,0,0,0,144,0,0,0,0,0,0,0,0,12.0,11.0,0.0,0.0,,False
144,patch,named,32.0,32.0,3,0.0,False,3,84,42000,20.0,0,144,0,0,0,144,0,0,0,0,0,0,0,0,12.0,11.0,0.0,0.0,,False
144,patch,named,32.0,32.0,3,0.0,False,3,85,42500,20.0,0,144,0,0,0,144,0,0,0,0,0,0,0,0,12.0,11.0,0.0,0.0,,False
144,patch,named,32.0,32.0,3,0.0,False,3,86,43000,20.0,0,144,0,0,0,144,0,0,0,0,0,0,0,0,12.0,11.0,0.0,0.0,,False
144,patch,named,32.0,32.0,3,0.0,False,3,87,43500,20.0,0,144,0,0,0,144,0,0,0,0,0,0,0,0,12.0,11.0,0.0,0.0,,False
144,patch,named,32.0,32.0,3,0.0,False,3,88,44000,20.0,0,144,0,0,0,144,0,0,0,0,0,0,0,0,12.0,11.0,0.0,0.0,,False
144,patch,named,32.0,32.0,3,0.0,False,3,89,44500,20.0,0,144,0,0,0,144,0,0,0,0,0,0,0,0,12.0,11.0,0.0,0.0,,False
144,patch,named,32.0,32.0,3,0.0,False,3,90,45000,20.0,0,144,0,0,0,144,0,0,0,0,0,0,0,0,12.0,11.0,0.0,0.0,,False
144,patch,named,32.0,32.0,3,0.0,False,3,91,45500,20.0,0,144,0,0,0,144,0,0,0,0,0,0,0,0,12.0,11.0,0.0,0.0,,False
144,patch,named,32.0,32.0,3,0.0,False,3,92,46000,20.0,0,144,0,0,0,144,0,0,0,0,0,0,0,0,12.0,11.0,0.0,0.0,,False
144,patch,named,32.0,32.0,3,0.0,False,3,93,46500,20.0,0,144,0,0,0,144,0,0,0,0,0,0,0,0,12.0,11.0,0.0,0.0,,False
144,patch,named,32.0,32.0,3,0.0,False,3,94,47000,20.0,0,144,0,0,0,144,0,0,0,0,0,0,0,0,12.0,11.0,0.0,0.0,,False
144,patch,named,32.0,32.0,3,0.0,False,3,95,47500,20.0,0,144,0,0,0,144,0,0,0,0,0,0,0,0,12.0,11.0,0.0,0.0,,False
144,patch,named,32.0,32.0,3,0.0,False,3,96,48000,20.0,0,144,0,0,0,144,0,0,0,0,0,0,0,0,12.0,11.0,0.0,0.0,,False
144,patch,named,32.0,32.0,3,0.0,False,3,97,48500,20.0,0,144,0,0,0,144,0,0,0,0,0,0,0,0,12.0,11.0,0.0,0.0,,False
144,patch,named,32.0,32.0,3,0.0,False,3,98,49000,20.0,0,144,0,0,0,144,0,0,0,0,0,0,0,0,12.0,11.0,0.0,0.0,,False
144,patch,named,32.0,32.0,3,0.0,False,3,99,49500,20.0,0,144,0,0,0,144,0,0,0,0,0,0,0,0,12.0,11.0,0.0,0.0,,False
144,patch,named,32.0,32.0,3,0.0,False,3,100,50000,20.0,0,144,0,0,0,144,0,0,0,0,0,0,0,0,12.0,11.0,0.0,0.0,,True
144,patch,named,32.0,32.0,3,0.0,False,4,0,0,32.0,0,136,8,0,0,136,8,0,0,0,0,0,1,8,0.0,0.0,0.0,0.0,,False
144,patch,named,32.0,32.0,3,0.0,False,4,1,500,32.0,0,136,8,0,0,136,8,0,0,0,0,0,1,8,0.0,0.0,0.0,0.0,,False
144,patch,named,32.0,32.0,3,0.0,False,4,2,1000,32.0,0,136,8,0,0,136,8,0,0,0,0,0,1,8,0.0,0.0,0.0,0.0,,False
144,patch,named,32.0,32.0,3,0.0,False,4,3,1500,0.0,0,144,0,0,0,144,0,0,0,0,0,0,0,0,32.0,32.0,0.0,0.0,,False
144,patch,named,32.0,32.0,3,0.0,False,4,4,2000,32.0,0,136,8,0,0,136,8,0,0,0,0,0,1,8,0.0,0.0,0.0,0.0,,False
144,patch,named,32.0,32.0,3,0.0,False,4,5,2500,32.0,0,136,8,0,0,136,8,0,0,0,0,0,1,8,0.0,0.0,0.0,0.0,,False
144,patch,named,32.0,32.0,3,0.0,False,4,6,3000,26.0,1,138,5,0,1,138,5,0,0,0,1,1,2,5,6.0,6.0,0.0,0.0,,False
144,patch,named,32.0,32.0,3,0.0,False,4,7,3500,26.0,1,138,5,0,1,138,5,0,0,0,1,1,2,5,6.0,6.0,0.0,0.0,,False
144,patch,named,32.0,32.0,3,0.0,False,4,8,4000,26.0,1,138,5,0,1,138,5,0,0,0,1,1,2,5,6.0,6.0,0.0,0.0,,False
144,patch,named,32.0,32.0,3,0.0,False,4,9,4500,26.0,1,138,5,0,1,138,5,0,0,0,1,1,2,5,6.0,6.0,0.0,0.0,,False
144,patch,named,32.0,32.0,3,0.0,False,4,10,5000,26.0,1,138,5,0,1,138,5,0,0,0,1,1,2,5,6.0,6.0,0.0,0.0,,False
144,patch,named,32.0,32.0,3,0.0,False,4,11,5500,26.0,1,138,5,0,1,138,5,0,0,0,1,1,2,5,6.0,6.0,0.0,0.0,,False
144,patch,named,32.0,32.0,3,0.0,False,4,12,6000,26.0,1,138,5,0,1,138,5,0,0,0,1,1,2,5,6.0,6.0,0.0,0.0,,False
144,patch,named,32.0,32.0,3,0.0,False,4,13,6500,26.0,1,138,5,0,1,138,5,0,0,0,1,1,2,5,6.0,6.0,0.0,0.0,,False
144,patch,named,32.0,32.0,3,0.0,False,4,14,7000,26.0,1,138,5,0,1,138,5,0,0,0,1,1,2,5,6.0,6.0,0.0,0.0,,False
144,patch,named,32.0,32.0,3,0.0,False,4,15,7500,26.0,1,138,5,0,1,138,5,0,0,0,1,1,2,5,6.0,6.0,0.0,0.0,,False
144,patch,named,32.0,32.0,3,0.0,False,4,16,8000,26.0,1,138,5,0,1,138,5,0,0,0,1,1,2,5,6.0,6.0,0.0,0.0,,False
144,patch,named,32.0,32.0,3,0.0,False,4,17,8500,26.0,1,138,5,0,1,138,5,0,0,0,1,1,2,5,6.0,6.0,0.0,0.0,,False
144,patch,named,32.0,32.0,3,0.0,False,4,18,9000,26.0,1,138,5,0,1,138,5,0,0,0,1,1,2,5,6.0,6.0,0.0,0.0,,False
144,patch,named,32.0,32.0,3,0.0,False,4,19,9500,26.0,1,138,5,0,1,138,5,0,0,0,1,1,2,5,6.0,6.0,0.0,0.0,,False
144,patch,named,32.0,32.0,3,0.0,False,4,20,10000,26.0,1,138,5,0,1,138,5,0,0,0,1,1,2,5,6.0,6.0,0.0,0.0,,False
144,patch,named,32.0,32.0,3,0.0,False,4,21,10500,26.0,1,138,5,0,1,138,5,0,0,0,1,1,2,5,6.0,6.0,0.0,0.0,,False
144,patch,named,32.0,32.0,3,0.0,False,4,22,11000,26.0,1,138,5,0,1,138,5,0,0,0,1,1,2,5,6.0,6.0,0.0,0.0,,False
144,patch,named,32.0,32.0,3,0.0,False,4,23,11500,32.0,0,136,8,0,0,136,8,0,0,0,0,0,1,8,0.0,0.0,0.0,0.0,,False
144,patch,named,32.0,32.0,3,0.0,False,4,24,12000,32.0,0,136,8,0,0,136,8,0,0,0,0,0,1,8,0.0,0.0,0.0,0.0,,False
144,patch,named,32.0,32.0,3,0.0,False,4,25,12500,32.0,0,136,8,0,0,136,8,0,0,0,0,0,1,8,0.0,0.0,0.0,0.0,,False
144,patch,named,32.0,32.0,3,0.0,False,4,26,13000,32.0,0,136,8,0,0,136,8,0,0,0,0,0,1,8,0.0,0.0,0.0,0.0,,False
144,patch,named,32.0,32.0,3,0.0,False,4,27,13500,32.0,0,136,8,0,0,136,8,0,0,0,0,0,1,8,0.0,0.0,0.0,0.0,,False
144,patch,named,32.0,32.0,3,0.0,False,4,28,14000,32.0,0,136,8,0,0,136,8,0,0,0,0,0,1,8,0.0,0.0,0.0,0.0,,False
144,patch,named,32.0,32.0,3,0.0,False,4,29,14500,32.0,0,136,8,0,0,136,8,0,0,0,0,0,1,8,0.0,0.0,0.0,0.0,,False
144,patch,named,32.0,32.0,3,0.0,False,4,30,15000,32.0,0,136,8,0,0,136,8,0,0,0,0,0,1,8,0.0,0.0,0.0,0.0,,False
144,patch,named,32.0,32.0,3,0.0,False,4,31,15500,0.0,0,144,0,0,0,144,0,0,0,0,0,0,0,0,32.0,32.0,0.0,0.0,,False
144,patch,named,32.0,32.0,3,0.0,False,4,32,16000,32.0,0,136,8,0,0,136,8,0,0,0,0,0,1,8,0.0,0.0,0.0,0.0,,False
144,patch,named,32.0,32.0,3,0.0,False,4,33,16500,26.0,1,138,5,0,1,138,5,0,0,0,1,1,2,5,6.0,6.0,0.0,0.0,,False
144,patch,named,32.0,32.0,3,0.0,False,4,34,17000,26.0,1,138,5,0,1,138,5,0,0,0,1,1,2,5,6.0,6.0,0.0,0.0,,False
144,patch,named,32.0,32.0,3,0.0,False,4,35,17500,26.0,1,138,5,0,1,138,5,0,0,0,1,1,2,5,6.0,6.0,0.0,0.0,,False
144,patch,named,32.0,32.0,3,0.0,False,4,36,18000,26.0,1,138,5,0,1,138,5,0,0,0,1,1,2,5,6.0,6.0,0.0,0.0,,False
144,patch,named,32.0,32.0,3,0.0,False,4,37,18500,26.0,1,138,5,0,1,138,5,0,0,0,1,1,2,5,6.0,6.0,0.0,0.0,,False
144,patch,named,32.0,32.0,3,0.0,False,4,38,19000,26.0,1,138,5,0,1,138,5,0,0,0,1,1,2,5,6.0,6.0,0.0,0.0,,False
144,patch,named,32.0,32.0,3,0.0,False,4,39,19500,26.0,1,138,5,0,1,138,5,0,0,0,1,1,2,5,6.0,6.0,0.0,0.0,,False
144,patch,named,32.0,32.0,3,0.0,False,4,40,20000,26.0,1,138,5,0,1,138,5,0,0,0,1,1,2,5,6.0,6.0,0.0,0.0,,False
144,patch,named,32.0,32.0,3,0.0,False,4,41,20500,26.0,1,138,5,0,1,138,5,0,0,0,1,1,2,5,6.0,6.0,0.0,0.0,,False
144,patch,named,32.0,32.0,3,0.0,False,4,42,21000,26.0,1,138,5,0,1,138,5,0,0,0,1,1,2,5,6.0,6.0,0.0,0.0,,False
144,patch,named,32.0,32.0,3,0.0,False,4,43,21500,26.0,1,138,5,0,1,138,5,0,0,0,1,1,2,5,6.0,6.0,0.0,0.0,,False
144,patch,named,32.0,32.0,3,0.0,False,4,44,22000,32.0,0,136,8,0,0,136,8,0,0,0,0,0,1,8,0.0,0.0,0.0,0.0,,False
144,patch,named,32.0,32.0,3,0.0,False,4,45,22500,32.0,0,136,8,0,0,136,8,0,0,0,0,0,1,8,0.0,0.0,0.0,0.0,,False
144,patch,named,32.0,32.0,3,0.0,False,4,46,23000,32.0,0,136,8,0,0,136,8,0,0,0,0,0,1,8,0.0,0.0,0.0,0.0,,False
144,patch,named,32.0,32.0,3,0.0,False,4,47,23500,32.0,0,136,8,0,0,136,8,0,0,0,0,0,1,8,0.0,0.0,0.0,0.0,,False
144,patch,named,32.0,32.0,3,0.0,False,4,48,24000,32.0,0,136,8,0,0,136,8,0,0,0,0,0,1,8,0.0,0.0,0.0,0.0,,False
144,patch,named,32.0,32.0,3,0.0,False,4,49,24500,32.0,0,136,8,0,0,136,8,0,0,0,0,0,1,8,0.0,0.0,0.0,0.0,,False
144,patch,named,32.0,32.0,3,0.0,False,4,50,25000,32.0,0,136,8,0,0,136,8,0,0,0,0,0,1,8,0.0,0.0,0.0,0.0,,False
144,patch,named,32.0,32.0,3,0.0,False,4,51,25500,26.0,1,138,5,0,1,138,5,0,0,0,1,1,2,5,6.0,6.0,0.0,0.0,,False
144,patch,named,32.0,32.0,3,0.0,False,4,52,26000,26.0,1,138,5,0,1,138,5,0,0,0,1,1,2,5,6.0,6.0,0.0,0.0,,False
144,patch,named,32.0,32.0,3,0.0,False,4,53,26500,26.0,1,138,5,0,1,138,5,0,0,0,1,1,2,5,6.0,6.0,0.0,0.0,,False
144,patch,named,32.0,32.0,3,0.0,False,4,54,27000,26.0,1,138,5,0,1,138,5,0,0,0,1,1,2,5,6.0,6.0,0.0,0.0,,False
144,patch,named,32.0,32.0,3,0.0,False,4,55,27500,26.0,1,138,5,0,1,138,5,0,0,0,1,1,2,5,6.0,6.0,0.0,0.0,,False
144,patch,named,32.0,32.0,3,0.0,False,4,56,28000,26.0,1,138,5,0,1,138,5,0,0,0,1,1,2,5,6.0,6.0,0.0,0.0,,False
144,patch,named,32.0,32.0,3,0.0,False,4,57,28500,26.0,1,138,5,0,1,138,5,0,0,0,1,1,2,5,6.0,6.0,0.0,0.0,,False
144,patch,named,32.0,32.0,3,0.0,False,4,58,29000,26.0,1,138,5,0,1,138,5,0,0,0,1,1,2,5,6.0,6.0,0.0,0.0,,False
144,patch,named,32.0,32.0,3,0.0,False,4,59,29500,26.0,1,138,5,0,1,138,5,0,0,0,1,1,2,5,6.0,6.0,0.0,0.0,,False
144,patch,named,32.0,32.0,3,0.0,False,4,60,30000,26.0,1,138,5,0,1,138,5,0,0,0,1,1,2,5,6.0,6.0,0.0,0.0,,False
144,patch,named,32.0,32.0,3,0.0,False,4,61,30500,26.0,1,138,5,0,1,138,5,0,0,0,1,1,2,5,6.0,6.0,0.0,0.0,,False
144,patch,named,32.0,32.0,3,0.0,False,4,62,31000,26.0,1,138,5,0,1,138,5,0,0,0,1,1,2,5,6.0,6.0,0.0,0.0,,False
144,patch,named,32.0,32.0,3,0.0,False,4,63,31500,26.0,1,138,5,0,1,138,5,0,0,0,1,1,2,5,6.0,6.0,0.0,0.0,,False
144,patch,named,32.0,32.0,3,0.0,False,4,64,32000,26.0,1,138,5,0,1,138,5,0,0,0,1,1,2,5,6.0,6.0,0.0,0.0,,False
144,patch,named,32.0,32.0,3,0.0,False,4,65,32500,26.0,1,138,5,0,1,138,5,0,0,0,1,1,2,5,6.0,6.0,0.0,0.0,,False
144,patch,named,32.0,32.0,3,0.0,False,4,66,33000,26.0,1,138,5,0,1,138,5,0,0,0,1,1,2,5,6.0,6.0,0.0,0.0,,False
144,patch,named,32.0,32.0,3,0.0,False,4,67,33500,26.0,1,138,5,0,1,138,5,0,0,0,1,1,2,5,6.0,6.0,0.0,0.0,,False
144,patch,named,32.0,32.0,3,0.0,False,4,68,34000,26.0,1,138,5,0,1,138,5,0,0,0,1,1,2,5,6.0,6.0,0.0,0.0,,False
144,patch,named,32.0,32.0,3,0.0,False,4,69,34500,26.0,1,138,5,0,1,138,5,0,0,0,1,1,2,5,6.0,6.0,0.0,0.0,,False
144,patch,named,32.0,32.0,3,0.0,False,4,70,35000,26.0,1,138,5,0,1,138,5,0,0,0,1,1,2,5,6.0,6.0,0.0,0.0,,False
144,patch,named,32.0,32.0,3,0.0,False,4,71,35500,26.0,1,138,5,0,1,138,5,0,0,0,1,1,2,5,6.0,6.0,0.0,0.0,,False
144,patch,named,32.0,32.0,3,0.0,False,4,72,36000,26.0,1,138,5,0,1,138,5,0,0,0,1,1,2,5,6.0,6.0,0.0,0.0,,False
144,patch,named,32.0,32.0,3,0.0,False,4,73,36500,26.0,1,138,5,0,1,138,5,0,0,0,1,1,2,5,6.0,6.0,0.0,0.0,,False
144,patch,named,32.0,32.0,3,0.0,False,4,74,37000,26.0,1,138,5,0,1,138,5,0,0,0,1,1,2,5,6.0,6.0,0.0,0.0,,False
144,patch,named,32.0,32.0,3,0.0,False,4,75,37500,26.0,1,138,5,0,1,138,5,0,0,0,1,1,2,5,6.0,6.0,0.0,0.0,,False
144,patch,named,32.0,32.0,3,0.0,False,4,76,38000,26.0,1,138,5,0,1,138,5,0,0,0,1,1,2,5,6.0,6.0,0.0,0.0,,False
144,patch,named,32.0,32.0,3,0.0,False,4,77,38500,26.0,1,138,5,0,1,138,5,0,0,0,1,1,2,5,6.0,6.0,0.0,0.0,,False
144,patch,named,32.0,32.0,3,0.0,False,4,78,39000,26.0,1,138,5,0,1,138,5,0,0,0,1,1,2,5,6.0,6.0,0.0,0.0,,False
144,patch,named,32.0,32.0,3,0.0,False,4,79,39500,26.0,1,138,5,0,1,138,5,0,0,0,1,1,2,5,6.0,6.0,0.0,0.0,,False
144,patch,named,32.0,32.0,3,0.0,False,4,80,40000,26.0,1,138,5,0,1,138,5,0,0,0,1,1,2,5,6.0,6.0,0.0,0.0,,False
144,patch,named,32.0,32.0,3,0.0,False,4,81,40500,26.0,1,138,5,0,1,138,5,0,0,0,1,1,2,5,6.0,6.0,0.0,0.0,,False
144,patch,named,32.0,32.0,3,0.0,False,4,82,41000,26.0,1,138,5,0,1,138,5,0,0,0,1,1,2,5,6.0,6.0,0.0,0.0,,False
144,patch,named,32.0,32.0,3,0.0,False,4,83,41500,26.0,1,138,5,0,1,138,5,0,0,0,1,1,2,5,6.0,6.0,0.0,0.0,,False
144,patch,named,32.0,32.0,3,0.0,False,4,84,42000,26.0,1,138,5,0,1,138,5,0,0,0,1,1,2,5,6.0,6.0,0.0,0.0,,False
144,patch,named,32.0,32.0,3,0.0,False,4,85,42500,26.0,1,138,5,0,1,138,5,0,0,0,1,1,2,5,6.0,6.0,0.0,0.0,,False
144,patch,named,32.0,32.0,3,0.0,False,4,86,43000,26.0,1,138,5,0,1,138,5,0,0,0,1,1,2,5,6.0,6.0,0.0,0.0,,False
144,patch,named,32.0,32.0,3,0.0,False,4,87,43500,26.0,1,138,5,0,1,138,5,0,0,0,1,1,2,5,6.0,6.0,0.0,0.0,,False
144,patch,named,32.0,32.0,3,0.0,False,4,88,44000,26.0,1,138,5,0,1,138,5,0,0,0,1,1,2,5,6.0,6.0,0.0,0.0,,False
144,patch,named,32.0,32.0,3,0.0,False,4,89,44500,26.0,1,138,5,0,1,138,5,0,0,0,1,1,2,5,6.0,6.0,0.0,0.0,,False
144,patch,named,32.0,32.0,3,0.0,False,4,90,45000,26.0,1,138,5,0,1,138,5,0,0,0,1,1,2,5,6.0,6.0,0.0,0.0,,False
144,patch,named,32.0,32.0,3,0.0,False,4,91,45500,26.0,1,138,5,0,1,138,5,0,0,0,1,1,2,5,6.0,6.0,0.0,0.0,,False
144,patch,named,32.0,32.0,3,0.0,False,4,92,46000,26.0,1,138,5,0,1,138,5,0,0,0,1,1,2,5,6.0,6.0,0.0,0.0,,False
144,patch,named,32.0,32.0,3,0.0,False,4,93,46500,26.0,1,138,5,0,1,138,5,0,0,0,1,1,2,5,6.0,6.0,0.0,0.0,,False
144,patch,named,32.0,32.0,3,0.0,False,4,94,47000,26.0,1,138,5,0,1,138,5,0,0,0,1,1,2,5,6.0,6.0,0.0,0.0,,False
144,patch,named,32.0,32.0,3,0.0,False,4,95,47500,32.0,0,136,8,0,0,136,8,0,0,0,0,0,1,8,0.0,0.0,0.0,0.0,,False
144,patch,named,32.0,32.0,3,0.0,False,4,96,48000,32.0,0,136,8,0,0,136,8,0,0,0,0,0,1,8,0.0,0.0,0.0,0.0,,False
144,patch,named,32.0,32.0,3,0.0,False,4,97,48500,26.0,1,138,5,0,1,138,5,0,0,0,1,1,2,5,6.0,6.0,0.0,0.0,,False
144,patch,named,32.0,32.0,3,0.0,False,4,98,49000,26.0,1,138,5,0,1,138,5,0,0,0,1,1,2,5,6.0,6.0,0.0,0.0,,False
144,patch,named,32.0,32.0,3,0.0,False,4,99,49500,26.0,1,138,5,0,1,138,5,0,0,0,1,1,2,5,6.0,6.0,0.0,0.0,,False
144,patch,named,32.0,32.0,3,0.0,False,4,100,50000,26.0,1,138,5,0,1,138,5,0,0,0,1,1,2,5,6.0,6.0,0.0,0.0,,True
144,patch,named,32.0,32.0,3,0.0,False,5,0,0,32.0,0,136,8,0,0,136,8,0,0,0,0,0,1,8,0.0,0.0,0.0,0.0,,False
144,patch,named,32.0,32.0,3,0.0,False,5,1,500,32.0,0,136,8,0,0,136,8,0,0,0,0,0,1,8,0.0,0.0,0.0,0.0,,False
144,patch,named,32.0,32.0,3,0.0,False,5,2,1000,32.0,0,136,8,0,0,136,8,0,0,0,0,0,1,8,0.0,0.0,0.0,0.0,,False
144,patch,named,32.0,32.0,3,0.0,False,5,3,1500,32.0,0,136,8,0,0,136,8,0,0,0,0,0,1,8,0.0,0.0,0.0,0.0,,False
144,patch,named,32.0,32.0,3,0.0,False,5,4,2000,0.0,0,144,0,0,0,144,0,0,0,0,0,0,0,0,32.0,32.0,0.0,0.0,,False
144,patch,named,32.0,32.0,3,0.0,False,5,5,2500,32.0,0,136,8,0,0,136,8,0,0,0,0,0,1,8,0.0,0.0,0.0,0.0,,False
144,patch,named,32.0,32.0,3,0.0,False,5,6,3000,32.0,0,136,8,0,0,136,8,0,0,0,0,0,1,8,0.0,0.0,0.0,0.0,,False
144,patch,named,32.0,32.0,3,0.0,False,5,7,3500,32.0,0,136,8,0,0,136,8,0,0,0,0,0,1,8,0.0,0.0,0.0,0.0,,False
144,patch,named,32.0,32.0,3,0.0,False,5,8,4000,32.0,0,136,8,0,0,136,8,0,0,0,0,0,1,8,0.0,0.0,0.0,0.0,,False
144,patch,named,32.0,32.0,3,0.0,False,5,9,4500,32.0,0,136,8,0,0,136,8,0,0,0,0,0,1,8,0.0,0.0,0.0,0.0,,False
144,patch,named,32.0,32.0,3,0.0,False,5,10,5000,32.0,0,136,8,0,0,136,8,0,0,0,0,0,1,8,0.0,0.0,0.0,0.0,,False
144,patch,named,32.0,32.0,3,0.0,False,5,11,5500,32.0,0,136,8,0,0,136,8,0,0,0,0,0,1,8,0.0,0.0,0.0,0.0,,False
144,patch,named,32.0,32.0,3,0.0,False,5,12,6000,26.0,1,138,5,0,1,138,5,0,0,0,1,1,2,5,6.0,6.0,0.0,0.0,,False
144,patch,named,32.0,32.0,3,0.0,False,5,13,6500,26.0,1,138,5,0,1,138,5,0,0,0,1,1,2,5,6.0,6.0,0.0,0.0,,False
144,patch,named,32.0,32.0,3,0.0,False,5,14,7000,26.0,1,138,5,0,1,138,5,0,0,0,1,1,2,5,6.0,6.0,0.0,0.0,,False
144,patch,named,32.0,32.0,3,0.0,False,5,15,7500,26.0,1,138,5,0,1,138,5,0,0,0,1,1,2,5,6.0,6.0,0.0,0.0,,False
144,patch,named,32.0,32.0,3,0.0,False,5,16,8000,26.0,1,138,5,0,1,138,5,0,0,0,1,1,2,5,6.0,6.0,0.0,0.0,,False
144,patch,named,32.0,32.0,3,0.0,False,5,17,8500,26.0,1,138,5,0,1,138,5,0,0,0,1,1,2,5,6.0,6.0,0.0,0.0,,False
144,patch,named,32.0,32.0,3,0.0,False,5,18,9000,26.0,1,138,5,0,1,138,5,0,0,0,1,1,2,5,6.0,6.0,0.0,0.0,,False
144,patch,named,32.0,32.0,3,0.0,False,5,19,9500,26.0,1,138,5,0,1,138,5,0,0,0,1,1,2,5,6.0,6.0,0.0,0.0,,False
144,patch,named,32.0,32.0,3,0.0,False,5,20,10000,26.0,1,138,5,0,1,138,5,0,0,0,1,1,2,5,6.0,6.0,0.0,0.0,,False
144,patch,named,32.0,32.0,3,0.0,False,5,21,10500,26.0,1,138,5,0,1,138,5,0,0,0,1,1,2,5,6.0,6.0,0.0,0.0,,False
144,patch,named,32.0,32.0,3,0.0,False,5,22,11000,26.0,1,138,5,0,1,138,5,0,0,0,1,1,2,5,6.0,6.0,0.0,0.0,,False
144,patch,named,32.0,32.0,3,0.0,False,5,23,11500,26.0,1,138,5,0,1,138,5,0,0,0,1,1,2,5,6.0,6.0,0.0,0.0,,False
144,patch,named,32.0,32.0,3,0.0,False,5,24,12000,26.0,1,138,5,0,1,138,5,0,0,0,1,1,2,5,6.0,6.0,0.0,0.0,,False
144,patch,named,32.0,32.0,3,0.0,False,5,25,12500,26.0,1,138,5,0,1,138,5,0,0,0,1,1,2,5,6.0,6.0,0.0,0.0,,False
144,patch,named,32.0,32.0,3,0.0,False,5,26,13000,26.0,1,138,5,0,1,138,5,0,0,0,1,1,2,5,6.0,6.0,0.0,0.0,,False
144,patch,named,32.0,32.0,3,0.0,False,5,27,13500,26.0,1,138,5,0,1,138,5,0,0,0,1,1,2,5,6.0,6.0,0.0,0.0,,False
144,patch,named,32.0,32.0,3,0.0,False,5,28,14000,26.0,1,138,5,0,1,138,5,0,0,0,1,1,2,5,6.0,6.0,0.0,0.0,,False
144,patch,named,32.0,32.0,3,0.0,False,5,29,14500,26.0,1,138,5,0,1,138,5,0,0,0,1,1,2,5,6.0,6.0,0.0,0.0,,False
144,patch,named,32.0,32.0,3,0.0,False,5,30,15000,32.0,0,136,8,0,0,136,8,0,0,0,0,0,1,8,0.0,0.0,0.0,0.0,,False
144,patch,named,32.0,32.0,3,0.0,False,5,31,15500,32.0,0,136,8,0,0,136,8,0,0,0,0,0,1,8,0.0,0.0,0.0,0.0,,False
144,patch,named,32.0,32.0,3,0.0,False,5,32,16000,32.0,0,136,8,0,0,136,8,0,0,0,0,0,1,8,0.0,0.0,0.0,0.0,,False
144,patch,named,32.0,32.0,3,0.0,False,5,33,16500,32.0,0,136,8,0,0,136,8,0,0,0,0,0,1,8,0.0,0.0,0.0,0.0,,False
144,patch,named,32.0,32.0,3,0.0,False,5,34,17000,32.0,0,136,8,0,0,136,8,0,0,0,0,0,1,8,0.0,0.0,0.0,0.0,,False
144,patch,named,32.0,32.0,3,0.0,False,5,35,17500,32.0,0,136,8,0,0,136,8,0,0,0,0,0,1,8,0.0,0.0,0.0,0.0,,False
144,patch,named,32.0,32.0,3,0.0,False,5,36,18000,26.0,1,138,5,0,1,138,5,0,0,0,1,1,2,5,6.0,6.0,0.0,0.0,,False
144,patch,named,32.0,32.0,3,0.0,False,5,37,18500,26.0,1,138,5,0,1,138,5,0,0,0,1,1,2,5,6.0,6.0,0.0,0.0,,False
144,patch,named,32.0,32.0,3,0.0,False,5,38,19000,26.0,1,138,5,0,1,138,5,0,0,0,1,1,2,5,6.0,6.0,0.0,0.0,,False
144,patch,named,32.0,32.0,3,0.0,False,5,39,19500,26.0,1,138,5,0,1,138,5,0,0,0,1,1,2,5,6.0,6.0,0.0,0.0,,False
144,patch,named,32.0,32.0,3,0.0,False,5,40,20000,26.0,1,138,5,0,1,138,5,0,0,0,1,1,2,5,6.0,6.0,0.0,0.0,,False
144,patch,named,32.0,32.0,3,0.0,False,5,41,20500,26.0,1,138,5,0,1,138,5,0,0,0,1,1,2,5,6.0,6.0,0.0,0.0,,False
144,patch,named,32.0,32.0,3,0.0,False,5,42,21000,26.0,1,138,5,0,1,138,5,0,0,0,1,1,2,5,6.0,6.0,0.0,0.0,,False
144,patch,named,32.0,32.0,3,0.0,False,5,43,21500,26.0,1,138,5,0,1,138,5,0,0,0,1,1,2,5,6.0,6.0,0.0,0.0,,False
144,patch,named,32.0,32.0,3,0.0,False,5,44,22000,26.0,1,138,5,0,1,138,5,0,0,0,1,1,2,5,6.0,6.0,0.0,0.0,,False
144,patch,named,32.0,32.0,3,0.0,False,5,45,22500,26.0,1,138,5,0,1,138,5,0,0,0,1,1,2,5,6.0,6.0,0.0,0.0,,False
144,patch,named,32.0,32.0,3,0.0,False,5,46,23000,26.0,1,138,5,0,1,138,5,0,0,0,1,1,2,5,6.0,6.0,0.0,0.0,,False
144,patch,named,32.0,32.0,3,0.0,False,5,47,23500,26.0,1,138,5,0,1,138,5,0,0,0,1,1,2,5,6.0,6.0,0.0,0.0,,False
144,patch,named,32.0,32.0,3,0.0,False,5,48,24000,26.0,1,138,5,0,1,138,5,0,0,0,1,1,2,5,6.0,6.0,0.0,0.0,,False
144,patch,named,32.0,32.0,3,0.0,False,5,49,24500,26.0,1,138,5,0,1,138,5,0,0,0,1,1,2,5,6.0,6.0,0.0,0.0,,False
144,patch,named,32.0,32.0,3,0.0,False,5,50,25000,26.0,1,138,5,0,1,138,5,0,0,0,1,1,2,5,6.0,6.0,0.0,0.0,,False
144,patch,named,32.0,32.0,3,0.0,False,5,51,25500,26.0,1,138,5,0,1,138,5,0,0,0,1,1,2,5,6.0,6.0,0.0,0.0,,False
144,patch,named,32.0,32.0,3,0.0,False,5,52,26000,26.0,1,138,5,0,1,138,5,0,0,0,1,1,2,5,6.0,6.0,0.0,0.0,,False
144,patch,named,32.0,32.0,3,0.0,False,5,53,26500,26.0,1,138,5,0,1,138,5,0,0,0,1,1,2,5,6.0,6.0,0.0,0.0,,False
144,patch,named,32.0,32.0,3,0.0,False,5,54,27000,26.0,1,138,5,0,1,138,5,0,0,0,1,1,2,5,6.0,6.0,0.0,0.0,,False
144,patch,named,32.0,32.0,3,0.0,False,5,55,27500,26.0,1,138,5,0,1,138,5,0,0,0,1,1,2,5,6.0,6.0,0.0,0.0,,False
144,patch,named,32.0,32.0,3,0.0,False,5,56,28000,26.0,1,138,5,0,1,138,5,0,0,0,1,1,2,5,6.0,6.0,0.0,0.0,,False
144,patch,named,32.0,32.0,3,0.0,False,5,57,28500,26.0,1,138,5,0,1,138,5,0,0,0,1,1,2,5,6.0,6.0,0.0,0.0,,False
144,patch,named,32.0,32.0,3,0.0,False,5,58,29000,26.0,1,138,5,0,1,138,5,0,0,0,1,1,2,5,6.0,6.0,0.0,0.0,,False
144,patch,named,32.0,32.0,3,0.0,False,5,59,29500,26.0,1,138,5,0,1,138,5,0,0,0,1,1,2,5,6.0,6.0,0.0,0.0,,False
144,patch,named,32.0,32.0,3,0.0,False,5,60,30000,32.0,0,136,8,0,0,136,8,0,0,0,0,0,1,8,0.0,0.0,0.0,0.0,,False
144,patch,named,32.0,32.0,3,0.0,False,5,61,30500,26.0,1,138,5,0,1,138,5,0,0,0,1,1,2,5,6.0,6.0,0.0,0.0,,False
144,patch,named,32.0,32.0,3,0.0,False,5,62,31000,26.0,1,138,5,0,1,138,5,0,0,0,1,1,2,5,6.0,6.0,0.0,0.0,,False
144,patch,named,32.0,32.0,3,0.0,False,5,63,31500,26.0,1,138,5,0,1,138,5,0,0,0,1,1,2,5,6.0,6.0,0.0,0.0,,False
144,patch,named,32.0,32.0,3,0.0,False,5,64,32000,26.0,1,138,5,0,1,138,5,0,0,0,1,1,2,5,6.0,6.0,0.0,0.0,,False
144,patch,named,32.0,32.0,3,0.0,False,5,65,32500,26.0,1,138,5,0,1,138,5,0,0,0,1,1,2,5,6.0,6.0,0.0,0.0,,False
144,patch,named,32.0,32.0,3,0.0,False,5,66,33000,26.0,1,138,5,0,1,138,5,0,0,0,1,1,2,5,6.0,6.0,0.0,0.0,,False
144,patch,named,32.0,32.0,3,0.0,False,5,67,33500,26.0,1,138,5,0,1,138,5,0,0,0,1,1,2,5,6.0,6.0,0.0,0.0,,False
144,patch,named,32.0,32.0,3,0.0,False,5,68,34000,26.0,1,138,5,0,1,138,5,0,0,0,1,1,2,5,6.0,6.0,0.0,0.0,,False
144,patch,named,32.0,32.0,3,0.0,False,5,69,34500,26.0,1,138,5,0,1,138,5,0,0,0,1,1,2,5,6.0,6.0,0.0,0.0,,False
144,patch,named,32.0,32.0,3,0.0,False,5,70,35000,26.0,1,138,5,0,1,138,5,0,0,0,1,1,2,5,6.0,6.0,0.0,0.0,,False
144,patch,named,32.0,32.0,3,0.0,False,5,71,35500,26.0,1,138,5,0,1,138,5,0,0,0,1,1,2,5,6.0,6.0,0.0,0.0,,False
144,patch,named,32.0,32.0,3,0.0,False,5,72,36000,26.0,1,138,5,0,1,138,5,0,0,0,1,1,2,5,6.0,6.0,0.0,0.0,,False
144,patch,named,32.0,32.0,3,0.0,False,5,73,36500,26.0,1,138,5,0,1,138,5,0,0,0,1,1,2,5,6.0,6.0,0.0,0.0,,False
144,patch,named,32.0,32.0,3,0.0,False,5,74,37000,26.0,1,138,5,0,1,138,5,0,0,0,1,1,2,5,6.0,6.0,0.0,0.0,,False
144,patch,named,32.0,32.0,3,0.0,False,5,75,37500,26.0,1,138,5,0,1,138,5,0,0,0,1,1,2,5,6.0,6.0,0.0,0.0,,False
144,patch,named,32.0,32.0,3,0.0,False,5,76,38000,26.0,1,138,5,0,1,138,5,0,0,0,1,1,2,5,6.0,6.0,0.0,0.0,,False
144,patch,named,32.0,32.0,3,0.0,False,5,77,38500,26.0,1,138,5,0,1,138,5,0,0,0,1,1,2,5,6.0,6.0,0.0,0.0,,False
144,patch,named,32.0,32.0,3,0.0,False,5,78,39000,26.0,1,138,5,0,1,138,5,0,0,0,1,1,2,5,6.0,6.0,0.0,0.0,,False
144,patch,named,32.0,32.0,3,0.0,False,5,79,39500,26.0,1,138,5,0,1,138,5,0,0,0,1,1,2,5,6.0,6.0,0.0,0.0,,False
144,patch,named,32.0,32.0,3,0.0,False,5,80,40000,26.0,1,138,5,0,1,138,5,0,0,0,1,1,2,5,6.0,6.0,0.0,0.0,,False
144,patch,named,32.0,32.0,3,0.0,False,5,81,40500,26.0,1,138,5,0,1,138,5,0,0,0,1,1,2,5,6.0,6.0,0.0,0.0,,False
144,patch,named,32.0,32.0,3,0.0,False,5,82,41000,26.0,1,138,5,0,1,138,5,0,0,0,1,1,2,5,6.0,6.0,0.0,0.0,,False
144,patch,named,32.0,32.0,3,0.0,False,5,83,41500,26.0,1,138,5,0,1,138,5,0,0,0,1,1,2,5,6.0,6.0,0.0,0.0,,False
144,patch,named,32.0,32.0,3,0.0,False,5,84,42000,26.0,1,138,5,0,1,138,5,0,0,0,1,1,2,5,6.0,6.0,0.0,0.0,,False
144,patch,named,32.0,32.0,3,0.0,False,5,85,42500,26.0,1,138,5,0,1,138,5,0,0,0,1,1,2,5,6.0,6.0,0.0,0.0,,False
144,patch,named,32.0,32.0,3,0.0,False,5,86,43000,26.0,1,138,5,0,1,138,5,0,0,0,1,1,2,5,6.0,6.0,0.0,0.0,,False
144,patch,named,32.0,32.0,3,0.0,False,5,87,43500,26.0,1,138,5,0,1,138,5,0,0,0,1,1,2,5,6.0,6.0,0.0,0.0,,False
144,patch,named,32.0,32.0,3,0.0,False,5,88,44000,26.0,1,138,5,0,1,138,5,0,0,0,1,1,2,5,6.0,6.0,0.0,0.0,,False
144,patch,named,32.0,32.0,3,0.0,False,5,89,44500,26.0,1,138,5,0,1,138,5,0,0,0,1,1,2,5,6.0,6.0,0.0,0.0,,False
144,patch,named,32.0,32.0,3,0.0,False,5,90,45000,26.0,1,138,5,0,1,138,5,0,0,0,1,1,2,5,6.0,6.0,0.0,0.0,,False
144,patch,named,32.0,32.0,3,0.0,False,5,91,45500,26.0,1,138,5,0,1,138,5,0,0,0,1,1,2,5,6.0,6.0,0.0,0.0,,False
144,patch,named,32.0,32.0,3,0.0,False,5,92,46000,26.0,1,138,5,0,1,138,5,0,0,0,1,1,2,5,6.0,6.0,0.0,0.0,,False
144,patch,named,32.0,32.0,3,0.0,False,5,93,46500,26.0,1,138,5,0,1,138,5,0,0,0,1,1,2,5,6.0,6.0,0.0,0.0,,False
144,patch,named,32.0,32.0,3,0.0,False,5,94,47000,26.0,1,138,5,0,1,138,5,0,0,0,1,1,2,5,6.0,6.0,0.0,0.0,,False
144,patch,named,32.0,32.0,3,0.0,False,5,95,47500,26.0,1,138,5,0,1,138,5,0,0,0,1,1,2,5,6.0,6.0,0.0,0.0,,False
144,patch,named,32.0,32.0,3,0.0,False,5,96,48000,26.0,1,138,5,0,1,138,5,0,0,0,1,1,2,5,6.0,6.0,0.0,0.0,,False
144,patch,named,32.0,32.0,3,0.0,False,5,97,48500,26.0,1,138,5,0,1,138,5,0,0,0,1,1,2,5,6.0,6.0,0.0,0.0,,False
144,patch,named,32.0,32.0,3,0.0,False,5,98,49000,26.0,1,138,5,0,1,138,5,0,0,0,1,1,2,5,6.0,6.0,0.0,0.0,,False
144,patch,named,32.0,32.0,3,0.0,False,5,99,49500,26.0,1,138,5,0,1,138,5,0,0,0,1,1,2,5,6.0,6.0,0.0,0.0,,False
144,patch,named,32.0,32.0,3,0.0,False,5,100,50000,26.0,1,138,5,0,1,138,5,0,0,0,1,1,2,5,6.0,6.0,0.0,0.0,,True
144,patch,named,32.0,32.0,3,0.0,False,6,0,0,32.0,0,136,8,0,0,136,8,0,0,0,0,0,1,8,0.0,0.0,0.0,0.0,,False
144,patch,named,32.0,32.0,3,0.0,False,6,1,500,32.0,0,136,8,0,0,136,8,0,0,0,0,0,1,8,0.0,0.0,0.0,0.0,,False
144,patch,named,32.0,32.0,3,0.0,False,6,2,1000,32.0,0,136,8,0,0,136,8,0,0,0,0,0,1,8,0.0,0.0,0.0,0.0,,False
144,patch,named,32.0,32.0,3,0.0,False,6,3,1500,32.0,0,136,8,0,0,136,8,0,0,0,0,0,1,8,0.0,0.0,0.0,0.0,,False
144,patch,named,32.0,32.0,3,0.0,False,6,4,2000,32.0,0,136,8,0,0,136,8,0,0,0,0,0,1,8,0.0,0.0,0.0,0.0,,False
144,patch,named,32.0,32.0,3,0.0,False,6,5,2500,32.0,0,136,8,0,0,136,8,0,0,0,0,0,1,8,0.0,0.0,0.0,0.0,,False
144,patch,named,32.0,32.0,3,0.0,False,6,6,3000,32.0,0,136,8,0,0,136,8,0,0,0,0,0,1,8,0.0,0.0,0.0,0.0,,False
144,patch,named,32.0,32.0,3,0.0,False,6,7,3500,32.0,0,136,8,0,0,136,8,0,0,0,0,0,1,8,0.0,0.0,0.0,0.0,,False
144,patch,named,32.0,32.0,3,0.0,False,6,8,4000,26.0,1,138,5,0,1,138,5,0,0,0,1,1,2,5,6.0,6.0,0.0,0.0,,False
144,patch,named,32.0,32.0,3,0.0,False,6,9,4500,26.0,1,138,5,0,1,138,5,0,0,0,1,1,2,5,6.0,6.0,0.0,0.0,,False
144,patch,named,32.0,32.0,3,0.0,False,6,10,5000,26.0,1,138,5,0,1,138,5,0,0,0,1,1,2,5,6.0,6.0,0.0,0.0,,False
144,patch,named,32.0,32.0,3,0.0,False,6,11,5500,26.0,1,138,5,0,1,138,5,0,0,0,1,1,2,5,6.0,6.0,0.0,0.0,,False
144,patch,named,32.0,32.0,3,0.0,False,6,12,6000,26.0,1,138,5,0,1,138,5,0,0,0,1,1,2,5,6.0,6.0,0.0,0.0,,False
144,patch,named,32.0,32.0,3,0.0,False,6,13,6500,26.0,1,138,5,0,1,138,5,0,0,0,1,1,2,5,6.0,6.0,0.0,0.0,,False
144,patch,named,32.0,32.0,3,0.0,False,6,14,7000,26.0,1,138,5,0,1,138,5,0,0,0,1,1,2,5,6.0,6.0,0.0,0.0,,False
144,patch,named,32.0,32.0,3,0.0,False,6,15,7500,26.0,1,138,5,0,1,138,5,0,0,0,1,1,2,5,6.0,6.0,0.0,0.0,,False
144,patch,named,32.0,32.0,3,0.0,False,6,16,8000,26.0,1,138,5,0,1,138,5,0,0,0,1,1,2,5,6.0,6.0,0.0,0.0,,False
144,patch,named,32.0,32.0,3,0.0,False,6,17,8500,26.0,1,138,5,0,1,138,5,0,0,0,1,1,2,5,6.0,6.0,0.0,0.0,,False
144,patch,named,32.0,32.0,3,0.0,False,6,18,9000,26.0,1,138,5,0,1,138,5,0,0,0,1,1,2,5,6.0,6.0,0.0,0.0,,False
144,patch,named,32.0,32.0,3,0.0,False,6,19,9500,26.0,1,138,5,0,1,138,5,0,0,0,1,1,2,5,6.0,6.0,0.0,0.0,,False
144,patch,named,32.0,32.0,3,0.0,False,6,20,10000,26.0,1,138,5,0,1,138,5,0,0,0,1,1,2,5,6.0,6.0,0.0,0.0,,False
144,patch,named,32.0,32.0,3,0.0,False,6,21,10500,26.0,1,138,5,0,1,138,5,0,0,0,1,1,2,5,6.0,6.0,0.0,0.0,,False
144,patch,named,32.0,32.0,3,0.0,False,6,22,11000,26.0,1,138,5,0,1,138,5,0,0,0,1,1,2,5,6.0,6.0,0.0,0.0,,False
144,patch,named,32.0,32.0,3,0.0,False,6,23,11500,26.0,1,138,5,0,1,138,5,0,0,0,1,1,2,5,6.0,6.0,0.0,0.0,,False
144,patch,named,32.0,32.0,3,0.0,False,6,24,12000,26.0,1,138,5,0,1,138,5,0,0,0,1,1,2,5,6.0,6.0,0.0,0.0,,False
144,patch,named,32.0,32.0,3,0.0,False,6,25,12500,26.0,1,138,5,0,1,138,5,0,0,0,1,1,2,5,6.0,6.0,0.0,0.0,,False
144,patch,named,32.0,32.0,3,0.0,False,6,26,13000,26.0,1,138,5,0,1,138,5,0,0,0,1,1,2,5,6.0,6.0,0.0,0.0,,False
144,patch,named,32.0,32.0,3,0.0,False,6,27,13500,26.0,1,138,5,0,1,138,5,0,0,0,1,1,2,5,6.0,6.0,0.0,0.0,,False
144,patch,named,32.0,32.0,3,0.0,False,6,28,14000,26.0,1,138,5,0,1,138,5,0,0,0,1,1,2,5,6.0,6.0,0.0,0.0,,False
144,patch,named,32.0,32.0,3,0.0,False,6,29,14500,26.0,1,138,5,0,1,138,5,0,0,0,1,1,2,5,6.0,6.0,0.0,0.0,,False
144,patch,named,32.0,32.0,3,0.0,False,6,30,15000,26.0,1,138,5,0,1,138,5,0,0,0,1,1,2,5,6.0,6.0,0.0,0.0,,False
144,patch,named,32.0,32.0,3,0.0,False,6,31,15500,26.0,1,138,5,0,1,138,5,0,0,0,1,1,2,5,6.0,6.0,0.0,0.0,,False
144,patch,named,32.0,32.0,3,0.0,False,6,32,16000,26.0,1,138,5,0,1,138,5,0,0,0,1,1,2,5,6.0,6.0,0.0,0.0,,False
144,patch,named,32.0,32.0,3,0.0,False,6,33,16500,26.0,1,138,5,0,1,138,5,0,0,0,1,1,2,5,6.0,6.0,0.0,0.0,,False
144,patch,named,32.0,32.0,3,0.0,False,6,34,17000,26.0,1,138,5,0,1,138,5,0,0,0,1,1,2,5,6.0,6.0,0.0,0.0,,False
144,patch,named,32.0,32.0,3,0.0,False,6,35,17500,26.0,1,138,5,0,1,138,5,0,0,0,1,1,2,5,6.0,6.0,0.0,0.0,,False
144,patch,named,32.0,32.0,3,0.0,False,6,36,18000,26.0,1,138,5,0,1,138,5,0,0,0,1,1,2,5,6.0,6.0,0.0,0.0,,False
144,patch,named,32.0,32.0,3,0.0,False,6,37,18500,26.0,1,138,5,0,1,138,5,0,0,0,1,1,2,5,6.0,6.0,0.0,0.0,,False
144,patch,named,32.0,32.0,3,0.0,False,6,38,19000,26.0,1,138,5,0,1,138,5,0,0,0,1,1,2,5,6.0,6.0,0.0,0.0,,False
144,patch,named,32.0,32.0,3,0.0,False,6,39,19500,26.0,1,138,5,0,1,138,5,0,0,0,1,1,2,5,6.0,6.0,0.0,0.0,,False
144,patch,named,32.0,32.0,3,0.0,False,6,40,20000,26.0,1,138,5,0,1,138,5,0,0,0,1,1,2,5,6.0,6.0,0.0,0.0,,False
144,patch,named,32.0,32.0,3,0.0,False,6,41,20500,26.0,1,138,5,0,1,138,5,0,0,0,1,1,2,5,6.0,6.0,0.0,0.0,,False
144,patch,named,32.0,32.0,3,0.0,False,6,42,21000,26.0,1,138,5,0,1,138,5,0,0,0,1,1,2,5,6.0,6.0,0.0,0.0,,False
144,patch,named,32.0,32.0,3,0.0,False,6,43,21500,26.0,1,138,5,0,1,138,5,0,0,0,1,1,2,5,6.0,6.0,0.0,0.0,,False
144,patch,named,32.0,32.0,3,0.0,False,6,44,22000,26.0,1,138,5,0,1,138,5,0,0,0,1,1,2,5,6.0,6.0,0.0,0.0,,False
144,patch,named,32.0,32.0,3,0.0,False,6,45,22500,26.0,1,138,5,0,1,138,5,0,0,0,1,1,2,5,6.0,6.0,0.0,0.0,,False
144,patch,named,32.0,32.0,3,0.0,False,6,46,23000,26.0,1,138,5,0,1,138,5,0,0,0,1,1,2,5,6.0,6.0,0.0,0.0,,False
144,patch,named,32.0,32.0,3,0.0,False,6,47,23500,26.0,1,138,5,0,1,138,5,0,0,0,1,1,2,5,6.0,6.0,0.0,0.0,,False
144,patch,named,32.0,32.0,3,0.0,False,6,48,24000,26.0,1,138,5,0,1,138,5,0,0,0,1,1,2,5,6.0,6.0,0.0,0.0,,False
144,patch,named,32.0,32.0,3,0.0,False,6,49,24500,26.0,1,138,5,0,1,138,5,0,0,0,1,1,2,5,6.0,6.0,0.0,0.0,,False
144,patch,named,32.0,32.0,3,0.0,False,6,50,25000,26.0,1,138,5,0,1,138,5,0,0,0,1,1,2,5,6.0,6.0,0.0,0.0,,False
144,patch,named,32.0,32.0,3,0.0,False,6,51,25500,26.0,1,138,5,0,1,138,5,0,0,0,1,1,2,5,6.0,6.0,0.0,0.0,,False
144,patch,named,32.0,32.0,3,0.0,False,6,52,26000,26.0,1,138,5,0,1,138,5,0,0,0,1,1,2,5,6.0,6.0,0.0,0.0,,False
144,patch,named,32.0,32.0,3,0.0,False,6,53,26500,26.0,1,138,5,0,1,138,5,0,0,0,1,1,2,5,6.0,6.0,0.0,0.0,,False
144,patch,named,32.0,32.0,3,0.0,False,6,54,27000,26.0,1,138,5,0,1,138,5,0,0,0,1,1,2,5,6.0,6.0,0.0,0.0,,False
144,patch,named,32.0,32.0,3,0.0,False,6,55,27500,26.0,1,138,5,0,1,138,5,0,0,0,1,1,2,5,6.0,6.0,0.0,0.0,,False
144,patch,named,32.0,32.0,3,0.0,False,6,56,28000,26.0,1,138,5,0,1,138,5,0,0,0,1,1,2,5,6.0,6.0,0.0,0.0,,False
144,patch,named,32.0,32.0,3,0.0,False,6,57,28500,26.0,1,138,5,0,1,138,5,0,0,0,1,1,2,5,6.0,6.0,0.0,0.0,,False
144,patch,named,32.0,32.0,3,0.0,False,6,58,29000,26.0,1,138,5,0,1,138,5,0,0,0,1,1,2,5,6.0,6.0,0.0,0.0,,False
144,patch,named,32.0,32.0,3,0.0,False,6,59,29500,26.0,1,138,5,0,1,138,5,0,0,0,1,1,2,5,6.0,6.0,0.0,0.0,,False
144,patch,named,32.0,32.0,3,0.0,False,6,60,30000,26.0,1,138,5,0,1,138,5,0,0,0,1,1,2,5,6.0,6.0,0.0,0.0,,False
144,patch,named,32.0,32.0,3,0.0,False,6,61,30500,26.0,1,138,5,0,1,138,5,0,0,0,1,1,2,5,6.0,6.0,0.0,0.0,,False
144,patch,named,32.0,32.0,3,0.0,False,6,62,31000,26.0,1,138,5,0,1,138,5,0,0,0,1,1,2,5,6.0,6.0,0.0,0.0,,False
144,patch,named,32.0,32.0,3,0.0,False,6,63,31500,26.0,1,138,5,0,1,138,5,0,0,0,1,1,2,5,6.0,6.0,0.0,0.0,,False
144,patch,named,32.0,32.0,3,0.0,False,6,64,32000,26.0,1,138,5,0,1,138,5,0,0,0,1,1,2,5,6.0,6.0,0.0,0.0,,False
144,patch,named,32.0,32.0,3,0.0,False,6,65,32500,26.0,1,138,5,0,1,138,5,0,0,0,1,1,2,5,6.0,6.0,0.0,0.0,,False
144,patch,named,32.0,32.0,3,0.0,False,6,66,33000,26.0,1,138,5,0,1,138,5,0,0,0,1,1,2,5,6.0,6.0,0.0,0.0,,False
144,patch,named,32.0,32.0,3,0.0,False,6,67,33500,26.0,1,138,5,0,1,138,5,0,0,0,1,1,2,5,6.0,6.0,0.0,0.0,,False
144,patch,named,32.0,32.0,3,0.0,False,6,68,34000,32.0,0,136,8,0,0,136,8,0,0,0,0,0,1,8,0.0,0.0,0.0,0.0,,False
144,patch,named,32.0,32.0,3,0.0,False,6,69,34500,32.0,0,136,8,0,0,136,8,0,0,0,0,0,1,8,0.0,0.0,0.0,0.0,,False
144,patch,named,32.0,32.0,3,0.0,False,6,70,35000,32.0,0,136,8,0,0,136,8,0,0,0,0,0,1,8,0.0,0.0,0.0,0.0,,False
144,patch,named,32.0,32.0,3,0.0,False,6,71,35500,32.0,0,136,8,0,0,136,8,0,0,0,0,0,1,8,0.0,0.0,0.0,0.0,,False
144,patch,named,32.0,32.0,3,0.0,False,6,72,36000,32.0,0,136,8,0,0,136,8,0,0,0,0,0,1,8,0.0,0.0,0.0,0.0,,False
144,patch,named,32.0,32.0,3,0.0,False,6,73,36500,32.0,0,136,8,0,0,136,8,0,0,0,0,0,1,8,0.0,0.0,0.0,0.0,,False
144,patch,named,32.0,32.0,3,0.0,False,6,74,37000,32.0,0,136,8,0,0,136,8,0,0,0,0,0,1,8,0.0,0.0,0.0,0.0,,False
144,patch,named,32.0,32.0,3,0.0,False,6,75,37500,32.0,0,136,8,0,0,136,8,0,0,0,0,0,1,8,0.0,0.0,0.0,0.0,,False
144,patch,named,32.0,32.0,3,0.0,False,6,76,38000,32.0,0,136,8,0,0,136,8,0,0,0,0,0,1,8,0.0,0.0,0.0,0.0,,False
144,patch,named,32.0,32.0,3,0.0,False,6,77,38500,26.0,1,138,5,0,1,138,5,0,0,0,1,1,2,5,6.0,6.0,0.0,0.0,,False
144,patch,named,32.0,32.0,3,0.0,False,6,78,39000,26.0,1,138,5,0,1,138,5,0,0,0,1,1,2,5,6.0,6.0,0.0,0.0,,False
144,patch,named,32.0,32.0,3,0.0,False,6,79,39500,26.0,1,138,5,0,1,138,5,0,0,0,1,1,2,5,6.0,6.0,0.0,0.0,,False
144,patch,named,32.0,32.0,3,0.0,False,6,80,40000,26.0,1,138,5,0,1,138,5,0,0,0,1,1,2,5,6.0,6.0,0.0,0.0,,False
144,patch,named,32.0,32.0,3,0.0,False,6,81,40500,26.0,1,138,5,0,1,138,5,0,0,0,1,1,2,5,6.0,6.0,0.0,0.0,,False
144,patch,named,32.0,32.0,3,0.0,False,6,82,41000,26.0,1,138,5,0,1,138,5,0,0,0,1,1,2,5,6.0,6.0,0.0,0.0,,False
144,patch,named,32.0,32.0,3,0.0,False,6,83,41500,26.0,1,138,5,0,1,138,5,0,0,0,1,1,2,5,6.0,6.0,0.0,0.0,,False
144,patch,named,32.0,32.0,3,0.0,False,6,84,42000,26.0,1,138,5,0,1,138,5,0,0,0,1,1,2,5,6.0,6.0,0.0,0.0,,False
144,patch,named,32.0,32.0,3,0.0,False,6,85,42500,26.0,1,138,5,0,1,138,5,0,0,0,1,1,2,5,6.0,6.0,0.0,0.0,,False
144,patch,named,32.0,32.0,3,0.0,False,6,86,43000,26.0,1,138,5,0,1,138,5,0,0,0,1,1,2,5,6.0,6.0,0.0,0.0,,False
144,patch,named,32.0,32.0,3,0.0,False,6,87,43500,26.0,1,138,5,0,1,138,5,0,0,0,1,1,2,5,6.0,6.0,0.0,0.0,,False
144,patch,named,32.0,32.0,3,0.0,False,6,88,44000,26.0,1,138,5,0,1,138,5,0,0,0,1,1,2,5,6.0,6.0,0.0,0.0,,False
144,patch,named,32.0,32.0,3,0.0,False,6,89,44500,26.0,1,138,5,0,1,138,5,0,0,0,1,1,2,5,6.0,6.0,0.0,0.0,,False
144,patch,named,32.0,32.0,3,0.0,False,6,90,45000,26.0,1,138,5,0,1,138,5,0,0,0,1,1,2,5,6.0,6.0,0.0,0.0,,False
144,patch,named,32.0,32.0,3,0.0,False,6,91,45500,26.0,1,138,5,0,1,138,5,0,0,0,1,1,2,5,6.0,6.0,0.0,0.0,,False
144,patch,named,32.0,32.0,3,0.0,False,6,92,46000,26.0,1,138,5,0,1,138,5,0,0,0,1,1,2,5,6.0,6.0,0.0,0.0,,False
144,patch,named,32.0,32.0,3,0.0,False,6,93,46500,26.0,1,138,5,0,1,138,5,0,0,0,1,1,2,5,6.0,6.0,0.0,0.0,,False
144,patch,named,32.0,32.0,3,0.0,False,6,94,47000,26.0,1,138,5,0,1,138,5,0,0,0,1,1,2,5,6.0,6.0,0.0,0.0,,False
144,patch,named,32.0,32.0,3,0.0,False,6,95,47500,26.0,1,138,5,0,1,138,5,0,0,0,1,1,2,5,6.0,6.0,0.0,0.0,,False
144,patch,named,32.0,32.0,3,0.0,False,6,96,48000,26.0,1,138,5,0,1,138,5,0,0,0,1,1,2,5,6.0,6.0,0.0,0.0,,False
144,patch,named,32.0,32.0,3,0.0,False,6,97,48500,26.0,1,138,5,0,1,138,5,0,0,0,1,1,2,5,6.0,6.0,0.0,0.0,,False
144,patch,named,32.0,32.0,3,0.0,False,6,98,49000,26.0,1,138,5,0,1,138,5,0,0,0,1,1,2,5,6.0,6.0,0.0,0.0,,False
144,patch,named,32.0,32.0,3,0.0,False,6,99,49500,26.0,1,138,5,0,1,138,5,0,0,0,1,1,2,5,6.0,6.0,0.0,0.0,,False
144,patch,named,32.0,32.0,3,0.0,False,6,100,50000,26.0,1,138,5,0,1,138,5,0,0,0,1,1,2,5,6.0,6.0,0.0,0.0,,True
144,patch,named,32.0,32.0,3,0.0,False,7,0,0,32.0,0,136,8,0,0,136,8,0,0,0,0,0,1,8,0.0,0.0,0.0,0.0,,False
144,patch,named,32.0,32.0,3,0.0,False,7,1,500,32.0,0,136,8,0,0,136,8,0,0,0,0,0,1,8,0.0,0.0,0.0,0.0,,False
144,patch,named,32.0,32.0,3,0.0,False,7,2,1000,32.0,0,136,8,0,0,136,8,0,0,0,0,0,1,8,0.0,0.0,0.0,0.0,,False
144,patch,named,32.0,32.0,3,0.0,False,7,3,1500,32.0,0,136,8,0,0,136,8,0,0,0,0,0,1,8,0.0,0.0,0.0,0.0,,False
144,patch,named,32.0,32.0,3,0.0,False,7,4,2000,32.0,0,136,8,0,0,136,8,0,0,0,0,0,1,8,0.0,0.0,0.0,0.0,,False
144,patch,named,32.0,32.0,3,0.0,False,7,5,2500,32.0,0,136,8,0,0,136,8,0,0,0,0,0,1,8,0.0,0.0,0.0,0.0,,False
144,patch,named,32.0,32.0,3,0.0,False,7,6,3000,32.0,0,136,8,0,0,136,8,0,0,0,0,0,1,8,0.0,0.0,0.0,0.0,,False
144,patch,named,32.0,32.0,3,0.0,False,7,7,3500,32.0,0,136,8,0,0,136,8,0,0,0,0,0,1,8,0.0,0.0,0.0,0.0,,False
144,patch,named,32.0,32.0,3,0.0,False,7,8,4000,32.0,0,136,8,0,0,136,8,0,0,0,0,0,1,8,0.0,0.0,0.0,0.0,,False
144,patch,named,32.0,32.0,3,0.0,False,7,9,4500,32.0,0,136,8,0,0,136,8,0,0,0,0,0,1,8,0.0,0.0,0.0,0.0,,False
144,patch,named,32.0,32.0,3,0.0,False,7,10,5000,32.0,0,136,8,0,0,136,8,0,0,0,0,0,1,8,0.0,0.0,0.0,0.0,,False
144,patch,named,32.0,32.0,3,0.0,False,7,11,5500,32.0,0,136,8,0,0,136,8,0,0,0,0,0,1,8,0.0,0.0,0.0,0.0,,False
144,patch,named,32.0,32.0,3,0.0,False,7,12,6000,26.0,1,138,5,0,1,138,5,0,0,0,1,1,2,5,6.0,6.0,0.0,0.0,,False
144,patch,named,32.0,32.0,3,0.0,False,7,13,6500,26.0,1,138,5,0,1,138,5,0,0,0,1,1,2,5,6.0,6.0,0.0,0.0,,False
144,patch,named,32.0,32.0,3,0.0,False,7,14,7000,26.0,1,138,5,0,1,138,5,0,0,0,1,1,2,5,6.0,6.0,0.0,0.0,,False
144,patch,named,32.0,32.0,3,0.0,False,7,15,7500,26.0,1,138,5,0,1,138,5,0,0,0,1,1,2,5,6.0,6.0,0.0,0.0,,False
144,patch,named,32.0,32.0,3,0.0,False,7,16,8000,26.0,1,138,5,0,1,138,5,0,0,0,1,1,2,5,6.0,6.0,0.0,0.0,,False
144,patch,named,32.0,32.0,3,0.0,False,7,17,8500,26.0,1,138,5,0,1,138,5,0,0,0,1,1,2,5,6.0,6.0,0.0,0.0,,False
144,patch,named,32.0,32.0,3,0.0,False,7,18,9000,26.0,1,138,5,0,1,138,5,0,0,0,1,1,2,5,6.0,6.0,0.0,0.0,,False
144,patch,named,32.0,32.0,3,0.0,False,7,19,9500,26.0,1,138,5,0,1,138,5,0,0,0,1,1,2,5,6.0,6.0,0.0,0.0,,False
144,patch,named,32.0,32.0,3,0.0,False,7,20,10000,26.0,1,138,5,0,1,138,5,0,0,0,1,1,2,5,6.0,6.0,0.0,0.0,,False
144,patch,named,32.0,32.0,3,0.0,False,7,21,10500,26.0,1,138,5,0,1,138,5,0,0,0,1,1,2,5,6.0,6.0,0.0,0.0,,False
144,patch,named,32.0,32.0,3,0.0,False,7,22,11000,26.0,1,138,5,0,1,138,5,0,0,0,1,1,2,5,6.0,6.0,0.0,0.0,,False
144,patch,named,32.0,32.0,3,0.0,False,7,23,11500,26.0,1,138,5,0,1,138,5,0,0,0,1,1,2,5,6.0,6.0,0.0,0.0,,False
144,patch,named,32.0,32.0,3,0.0,False,7,24,12000,26.0,1,138,5,0,1,138,5,0,0,0,1,1,2,5,6.0,6.0,0.0,0.0,,False
144,patch,named,32.0,32.0,3,0.0,False,7,25,12500,26.0,1,138,5,0,1,138,5,0,0,0,1,1,2,5,6.0,6.0,0.0,0.0,,False
144,patch,named,32.0,32.0,3,0.0,False,7,26,13000,32.0,0,136,8,0,0,136,8,0,0,0,0,0,1,8,0.0,0.0,0.0,0.0,,False
144,patch,named,32.0,32.0,3,0.0,False,7,27,13500,32.0,0,136,8,0,0,136,8,0,0,0,0,0,1,8,0.0,0.0,0.0,0.0,,False
144,patch,named,32.0,32.0,3,0.0,False,7,28,14000,32.0,0,136,8,0,0,136,8,0,0,0,0,0,1,8,0.0,0.0,0.0,0.0,,False
144,patch,named,32.0,32.0,3,0.0,False,7,29,14500,32.0,0,136,8,0,0,136,8,0,0,0,0,0,1,8,0.0,0.0,0.0,0.0,,False
144,patch,named,32.0,32.0,3,0.0,False,7,30,15000,32.0,0,136,8,0,0,136,8,0,0,0,0,0,1,8,0.0,0.0,0.0,0.0,,False
144,patch,named,32.0,32.0,3,0.0,False,7,31,15500,32.0,0,136,8,0,0,136,8,0,0,0,0,0,1,8,0.0,0.0,0.0,0.0,,False
144,patch,named,32.0,32.0,3,0.0,False,7,32,16000,32.0,0,136,8,0,0,136,8,0,0,0,0,0,1,8,0.0,0.0,0.0,0.0,,False
144,patch,named,32.0,32.0,3,0.0,False,7,33,16500,32.0,0,136,8,0,0,136,8,0,0,0,0,0,1,8,0.0,0.0,0.0,0.0,,False
144,patch,named,32.0,32.0,3,0.0,False,7,34,17000,32.0,0,136,8,0,0,136,8,0,0,0,0,0,1,8,0.0,0.0,0.0,0.0,,False
144,patch,named,32.0,32.0,3,0.0,False,7,35,17500,0.0,0,144,0,0,0,144,0,0,0,0,0,0,0,0,32.0,32.0,0.0,0.0,,False
144,patch,named,32.0,32.0,3,0.0,False,7,36,18000,32.0,0,136,8,0,0,136,8,0,0,0,0,0,1,8,0.0,0.0,0.0,0.0,,False
144,patch,named,32.0,32.0,3,0.0,False,7,37,18500,10.0,0,144,0,0,0,144,0,0,0,0,0,0,0,0,22.0,22.0,0.0,0.0,,False
144,patch,named,32.0,32.0,3,0.0,False,7,38,19000,10.0,0,144,0,0,0,144,0,0,0,0,0,0,0,0,22.0,22.0,0.0,0.0,,False
144,patch,named,32.0,32.0,3,0.0,False,7,39,19500,10.0,0,144,0,0,0,144,0,0,0,0,0,0,0,0,22.0,22.0,0.0,0.0,,False
144,patch,named,32.0,32.0,3,0.0,False,7,40,20000,10.0,0,144,0,0,0,144,0,0,0,0,0,0,0,0,22.0,21.0,0.0,0.0,,False
144,patch,named,32.0,32.0,3,0.0,False,7,41,20500,31.0,0,140,4,0,0,140,4,0,0,0,0,0,1,4,1.0,1.0,0.0,0.0,,False
144,patch,named,32.0,32.0,3,0.0,False,7,42,21000,10.0,0,144,0,0,0,144,0,0,0,0,0,0,0,0,22.0,21.0,0.0,0.0,,False
144,patch,named,32.0,32.0,3,0.0,False,7,43,21500,10.0,0,144,0,0,0,144,0,0,0,0,0,0,0,0,22.0,21.0,0.0,0.0,,False
144,patch,named,32.0,32.0,3,0.0,False,7,44,22000,10.0,0,144,0,0,0,144,0,0,0,0,0,0,0,0,22.0,21.0,0.0,0.0,,False
144,patch,named,32.0,32.0,3,0.0,False,7,45,22500,31.0,0,140,4,0,0,140,4,0,0,0,0,0,1,4,1.0,1.0,0.0,0.0,,False
144,patch,named,32.0,32.0,3,0.0,False,7,46,23000,10.0,0,144,0,0,0,144,0,0,0,0,0,0,0,0,22.0,21.0,0.0,0.0,,False
144,patch,named,32.0,32.0,3,0.0,False,7,47,23500,10.0,0,144,0,0,0,144,0,0,0,0,0,0,0,0,22.0,21.0,0.0,0.0,,False
144,patch,named,32.0,32.0,3,0.0,False,7,48,24000,10.0,0,144,0,0,0,144,0,0,0,0,0,0,0,0,22.0,21.0,0.0,0.0,,False
144,patch,named,32.0,32.0,3,0.0,False,7,49,24500,10.0,0,144,0,0,0,144,0,0,0,0,0,0,0,0,22.0,21.0,0.0,0.0,,False
144,patch,named,32.0,32.0,3,0.0,False,7,50,25000,10.0,0,144,0,0,0,144,0,0,0,0,0,0,0,0,22.0,21.0,0.0,0.0,,False
144,patch,named,32.0,32.0,3,0.0,False,7,51,25500,10.0,0,144,0,0,0,144,0,0,0,0,0,0,0,0,22.0,21.0,0.0,0.0,,False
144,patch,named,32.0,32.0,3,0.0,False,7,52,26000,10.0,0,144,0,0,0,144,0,0,0,0,0,0,0,0,22.0,21.0,0.0,0.0,,False
144,patch,named,32.0,32.0,3,0.0,False,7,53,26500,31.0,1,138,5,0,1,138,5,0,0,0,1,1,2,5,1.0,1.0,0.0,0.0,,False
144,patch,named,32.0,32.0,3,0.0,False,7,54,27000,31.0,0,140,4,0,0,140,4,0,0,0,0,0,1,4,1.0,1.0,0.0,0.0,,False
144,patch,named,32.0,32.0,3,0.0,False,7,55,27500,31.0,0,140,4,0,0,140,4,0,0,0,0,0,1,4,1.0,1.0,0.0,0.0,,False
144,patch,named,32.0,32.0,3,0.0,False,7,56,28000,10.0,0,144,0,0,0,144,0,0,0,0,0,0,0,0,22.0,21.0,0.0,0.0,,False
144,patch,named,32.0,32.0,3,0.0,False,7,57,28500,10.0,0,144,0,0,0,144,0,0,0,0,0,0,0,0,22.0,21.0,0.0,0.0,,False
144,patch,named,32.0,32.0,3,0.0,False,7,58,29000,10.0,0,144,0,0,0,144,0,0,0,0,0,0,0,0,22.0,21.0,0.0,0.0,,False
144,patch,named,32.0,32.0,3,0.0,False,7,59,29500,10.0,0,144,0,0,0,144,0,0,0,0,0,0,0,0,22.0,21.0,0.0,0.0,,False
144,patch,named,32.0,32.0,3,0.0,False,7,60,30000,10.0,0,144,0,0,0,144,0,0,0,0,0,0,0,0,22.0,21.0,0.0,0.0,,False
144,patch,named,32.0,32.0,3,0.0,False,7,61,30500,10.0,0,144,0,0,0,144,0,0,0,0,0,0,0,0,22.0,21.0,0.0,0.0,,False
144,patch,named,32.0,32.0,3,0.0,False,7,62,31000,10.0,0,144,0,0,0,144,0,0,0,0,0,0,0,0,22.0,21.0,0.0,0.0,,False
144,patch,named,32.0,32.0,3,0.0,False,7,63,31500,10.0,0,144,0,0,0,144,0,0,0,0,0,0,0,0,22.0,21.0,0.0,0.0,,False
144,patch,named,32.0,32.0,3,0.0,False,7,64,32000,31.0,0,140,4,0,0,140,4,0,0,0,0,0,1,4,1.0,1.0,0.0,0.0,,False
144,patch,named,32.0,32.0,3,0.0,False,7,65,32500,10.0,0,144,0,0,0,144,0,0,0,0,0,0,0,0,22.0,21.0,0.0,0.0,,False
144,patch,named,32.0,32.0,3,0.0,False,7,66,33000,10.0,0,144,0,0,0,144,0,0,0,0,0,0,0,0,22.0,21.0,0.0,0.0,,False
144,patch,named,32.0,32.0,3,0.0,False,7,67,33500,10.0,0,144,0,0,0,144,0,0,0,0,0,0,0,0,22.0,21.0,0.0,0.0,,False
144,patch,named,32.0,32.0,3,0.0,False,7,68,34000,10.0,0,144,0,0,0,144,0,0,0,0,0,0,0,0,22.0,21.0,0.0,0.0,,False
144,patch,named,32.0,32.0,3,0.0,False,7,69,34500,10.0,0,144,0,0,0,144,0,0,0,0,0,0,0,0,22.0,21.0,0.0,0.0,,False
144,patch,named,32.0,32.0,3,0.0,False,7,70,35000,10.0,0,144,0,0,0,144,0,0,0,0,0,0,0,0,22.0,21.0,0.0,0.0,,False
144,patch,named,32.0,32.0,3,0.0,False,7,71,35500,10.0,0,144,0,0,0,144,0,0,0,0,0,0,0,0,22.0,21.0,0.0,0.0,,False
144,patch,named,32.0,32.0,3,0.0,False,7,72,36000,10.0,0,144,0,0,0,144,0,0,0,0,0,0,0,0,22.0,21.0,0.0,0.0,,False
144,patch,named,32.0,32.0,3,0.0,False,7,73,36500,10.0,0,144,0,0,0,144,0,0,0,0,0,0,0,0,22.0,21.0,0.0,0.0,,False
144,patch,named,32.0,32.0,3,0.0,False,7,74,37000,10.0,0,144,0,0,0,144,0,0,0,0,0,0,0,0,22.0,21.0,0.0,0.0,,False
144,patch,named,32.0,32.0,3,0.0,False,7,75,37500,10.0,0,144,0,0,0,144,0,0,0,0,0,0,0,0,22.0,21.0,0.0,0.0,,False
144,patch,named,32.0,32.0,3,0.0,False,7,76,38000,10.0,0,144,0,0,0,144,0,0,0,0,0,0,0,0,22.0,21.0,0.0,0.0,,False
144,patch,named,32.0,32.0,3,0.0,False,7,77,38500,10.0,0,144,0,0,0,144,0,0,0,0,0,0,0,0,22.0,21.0,0.0,0.0,,False
144,patch,named,32.0,32.0,3,0.0,False,7,78,39000,10.0,0,144,0,0,0,144,0,0,0,0,0,0,0,0,22.0,21.0,0.0,0.0,,False
144,patch,named,32.0,32.0,3,0.0,False,7,79,39500,10.0,0,144,0,0,0,144,0,0,0,0,0,0,0,0,22.0,21.0,0.0,0.0,,False
144,patch,named,32.0,32.0,3,0.0,False,7,80,40000,10.0,0,144,0,0,0,144,0,0,0,0,0,0,0,0,22.0,21.0,0.0,0.0,,False
144,patch,named,32.0,32.0,3,0.0,False,7,81,40500,10.0,0,144,0,0,0,144,0,0,0,0,0,0,0,0,22.0,21.0,0.0,0.0,,False
144,patch,named,32.0,32.0,3,0.0,False,7,82,41000,10.0,0,144,0,0,0,144,0,0,0,0,0,0,0,0,22.0,21.0,0.0,0.0,,False
144,patch,named,32.0,32.0,3,0.0,False,7,83,41500,10.0,0,144,0,0,0,144,0,0,0,0,0,0,0,0,22.0,21.0,0.0,0.0,,False
144,patch,named,32.0,32.0,3,0.0,False,7,84,42000,10.0,0,144,0,0,0,144,0,0,0,0,0,0,0,0,22.0,21.0,0.0,0.0,,False
144,patch,named,32.0,32.0,3,0.0,False,7,85,42500,10.0,0,144,0,0,0,144,0,0,0,0,0,0,0,0,22.0,21.0,0.0,0.0,,False
144,patch,named,32.0,32.0,3,0.0,False,7,86,43000,10.0,0,144,0,0,0,144,0,0,0,0,0,0,0,0,22.0,21.0,0.0,0.0,,False
144,patch,named,32.0,32.0,3,0.0,False,7,87,43500,10.0,0,144,0,0,0,144,0,0,0,0,0,0,0,0,22.0,21.0,0.0,0.0,,False
144,patch,named,32.0,32.0,3,0.0,False,7,88,44000,10.0,0,144,0,0,0,144,0,0,0,0,0,0,0,0,22.0,21.0,0.0,0.0,,False
144,patch,named,32.0,32.0,3,0.0,False,7,89,44500,10.0,0,144,0,0,0,144,0,0,0,0,0,0,0,0,22.0,21.0,0.0,0.0,,False
144,patch,named,32.0,32.0,3,0.0,False,7,90,45000,10.0,0,144,0,0,0,144,0,0,0,0,0,0,0,0,22.0,21.0,0.0,0.0,,False
144,patch,named,32.0,32.0,3,0.0,False,7,91,45500,10.0,0,144,0,0,0,144,0,0,0,0,0,0,0,0,22.0,21.0,0.0,0.0,,False
144,patch,named,32.0,32.0,3,0.0,False,7,92,46000,10.0,0,144,0,0,0,144,0,0,0,0,0,0,0,0,22.0,21.0,0.0,0.0,,False
144,patch,named,32.0,32.0,3,0.0,False,7,93,46500,31.0,0,140,4,0,0,140,4,0,0,0,0,0,1,4,1.0,1.0,0.0,0.0,,False
144,patch,named,32.0,32.0,3,0.0,False,7,94,47000,10.0,0,144,0,0,0,144,0,0,0,0,0,0,0,0,22.0,21.0,0.0,0.0,,False
144,patch,named,32.0,32.0,3,0.0,False,7,95,47500,10.0,0,144,0,0,0,144,0,0,0,0,0,0,0,0,22.0,21.0,0.0,0.0,,False
144,patch,named,32.0,32.0,3,0.0,False,7,96,48000,10.0,0,144,0,0,0,144,0,0,0,0,0,0,0,0,22.0,21.0,0.0,0.0,,False
144,patch,named,32.0,32.0,3,0.0,False,7,97,48500,10.0,0,144,0,0,0,144,0,0,0,0,0,0,0,0,22.0,21.0,0.0,0.0,,False
144,patch,named,32.0,32.0,3,0.0,False,7,98,49000,10.0,0,144,0,0,0,144,0,0,0,0,0,0,0,0,22.0,21.0,0.0,0.0,,False
144,patch,named,32.0,32.0,3,0.0,False,7,99,49500,10.0,0,144,0,0,0,144,0,0,0,0,0,0,0,0,22.0,21.0,0.0,0.0,,False
144,patch,named,32.0,32.0,3,0.0,False,7,100,50000,10.0,0,144,0,0,0,144,0,0,0,0,0,0,0,0,22.0,21.0,0.0,0.0,,True
144,patch,named,32.0,32.0,3,0.0,False,8,0,0,32.0,0,136,8,0,0,136,8,0,0,0,0,0,1,8,0.0,0.0,0.0,0.0,,False
144,patch,named,32.0,32.0,3,0.0,False,8,1,500,32.0,0,136,8,0,0,136,8,0,0,0,0,0,1,8,0.0,0.0,0.0,0.0,,False
144,patch,named,32.0,32.0,3,0.0,False,8,2,1000,32.0,0,136,8,0,0,136,8,0,0,0,0,0,1,8,0.0,0.0,0.0,0.0,,False
144,patch,named,32.0,32.0,3,0.0,False,8,3,1500,0.0,0,144,0,0,0,144,0,0,0,0,0,0,0,0,32.0,32.0,0.0,0.0,,False
144,patch,named,32.0,32.0,3,0.0,False,8,4,2000,32.0,0,136,8,0,0,136,8,0,0,0,0,0,1,8,0.0,0.0,0.0,0.0,,False
144,patch,named,32.0,32.0,3,0.0,False,8,5,2500,32.0,0,136,8,0,0,136,8,0,0,0,0,0,1,8,0.0,0.0,0.0,0.0,,False
144,patch,named,32.0,32.0,3,0.0,False,8,6,3000,32.0,0,136,8,0,0,136,8,0,0,0,0,0,1,8,0.0,0.0,0.0,0.0,,False
144,patch,named,32.0,32.0,3,0.0,False,8,7,3500,32.0,0,136,8,0,0,136,8,0,0,0,0,0,1,8,0.0,0.0,0.0,0.0,,False
144,patch,named,32.0,32.0,3,0.0,False,8,8,4000,32.0,0,136,8,0,0,136,8,0,0,0,0,0,1,8,0.0,0.0,0.0,0.0,,False
144,patch,named,32.0,32.0,3,0.0,False,8,9,4500,32.0,0,136,8,0,0,136,8,0,0,0,0,0,1,8,0.0,0.0,0.0,0.0,,False
144,patch,named,32.0,32.0,3,0.0,False,8,10,5000,32.0,0,136,8,0,0,136,8,0,0,0,0,0,1,8,0.0,0.0,0.0,0.0,,False
144,patch,named,32.0,32.0,3,0.0,False,8,11,5500,32.0,0,136,8,0,0,136,8,0,0,0,0,0,1,8,0.0,0.0,0.0,0.0,,False
144,patch,named,32.0,32.0,3,0.0,False,8,12,6000,0.0,0,144,0,0,0,144,0,0,0,0,0,0,0,0,32.0,32.0,0.0,0.0,,False
144,patch,named,32.0,32.0,3,0.0,False,8,13,6500,32.0,0,136,8,0,0,136,8,0,0,0,0,0,1,8,0.0,0.0,0.0,0.0,,False
144,patch,named,32.0,32.0,3,0.0,False,8,14,7000,31.0,2,136,6,0,2,136,6,0,0,0,1,2,2,6,1.0,1.0,0.0,0.0,,False
144,patch,named,32.0,32.0,3,0.0,False,8,15,7500,31.0,2,136,6,0,2,136,6,0,0,0,1,2,2,6,1.0,1.0,0.0,0.0,,False
144,patch,named,32.0,32.0,3,0.0,False,8,16,8000,31.0,2,136,6,0,2,136,6,0,0,0,1,2,2,6,1.0,1.0,0.0,0.0,,False
144,patch,named,32.0,32.0,3,0.0,False,8,17,8500,31.0,2,136,6,0,2,136,6,0,0,0,1,2,2,6,1.0,1.0,0.0,0.0,,False
144,patch,named,32.0,32.0,3,0.0,False,8,18,9000,31.0,2,136,6,0,2,136,6,0,0,0,1,2,2,6,1.0,1.0,0.0,0.0,,False
144,patch,named,32.0,32.0,3,0.0,False,8,19,9500,31.0,2,136,6,0,2,136,6,0,0,0,1,2,2,6,1.0,1.0,0.0,0.0,,False
144,patch,named,32.0,32.0,3,0.0,False,8,20,10000,32.0,0,136,8,0,0,136,8,0,0,0,0,0,1,8,0.0,0.0,0.0,0.0,,False
144,patch,named,32.0,32.0,3,0.0,False,8,21,10500,31.0,2,136,6,0,2,136,6,0,0,0,1,2,2,6,1.0,1.0,0.0,0.0,,False
144,patch,named,32.0,32.0,3,0.0,False,8,22,11000,31.0,2,136,6,0,2,136,6,0,0,0,1,2,2,6,1.0,1.0,0.0,0.0,,False
144,patch,named,32.0,32.0,3,0.0,False,8,23,11500,31.0,2,136,6,0,2,136,6,0,0,0,1,2,2,6,1.0,1.0,0.0,0.0,,False
144,patch,named,32.0,32.0,3,0.0,False,8,24,12000,31.0,2,136,6,0,2,136,6,0,0,0,1,2,2,6,1.0,1.0,0.0,0.0,,False
144,patch,named,32.0,32.0,3,0.0,False,8,25,12500,31.0,2,136,6,0,2,136,6,0,0,0,1,2,2,6,1.0,1.0,0.0,0.0,,False
144,patch,named,32.0,32.0,3,0.0,False,8,26,13000,31.0,2,136,6,0,2,136,6,0,0,0,1,2,2,6,1.0,1.0,0.0,0.0,,False
144,patch,named,32.0,32.0,3,0.0,False,8,27,13500,31.0,2,136,6,0,2,136,6,0,0,0,1,2,2,6,1.0,1.0,0.0,0.0,,False
144,patch,named,32.0,32.0,3,0.0,False,8,28,14000,31.0,2,136,6,0,2,136,6,0,0,0,1,2,2,6,1.0,1.0,0.0,0.0,,False
144,patch,named,32.0,32.0,3,0.0,False,8,29,14500,31.0,2,136,6,0,2,136,6,0,0,0,1,2,2,6,1.0,1.0,0.0,0.0,,False
144,patch,named,32.0,32.0,3,0.0,False,8,30,15000,31.0,2,136,6,0,2,136,6,0,0,0,1,2,2,6,1.0,1.0,0.0,0.0,,False
144,patch,named,32.0,32.0,3,0.0,False,8,31,15500,31.0,2,136,6,0,2,136,6,0,0,0,1,2,2,6,1.0,1.0,0.0,0.0,,False
144,patch,named,32.0,32.0,3,0.0,False,8,32,16000,31.0,2,136,6,0,2,136,6,0,0,0,1,2,2,6,1.0,1.0,0.0,0.0,,False
144,patch,named,32.0,32.0,3,0.0,False,8,33,16500,31.0,2,136,6,0,2,136,6,0,0,0,1,2,2,6,1.0,1.0,0.0,0.0,,False
144,patch,named,32.0,32.0,3,0.0,False,8,34,17000,31.0,2,136,6,0,2,136,6,0,0,0,1,2,2,6,1.0,1.0,0.0,0.0,,False
144,patch,named,32.0,32.0,3,0.0,False,8,35,17500,31.0,2,136,6,0,2,136,6,0,0,0,1,2,2,6,1.0,1.0,0.0,0.0,,False
144,patch,named,32.0,32.0,3,0.0,False,8,36,18000,31.0,2,136,6,0,2,136,6,0,0,0,1,2,2,6,1.0,1.0,0.0,0.0,,False
144,patch,named,32.0,32.0,3,0.0,False,8,37,18500,31.0,2,136,6,0,2,136,6,0,0,0,1,2,2,6,1.0,1.0,0.0,0.0,,False
144,patch,named,32.0,32.0,3,0.0,False,8,38,19000,31.0,2,136,6,0,2,136,6,0,0,0,1,2,2,6,1.0,1.0,0.0,0.0,,False
144,patch,named,32.0,32.0,3,0.0,False,8,39,19500,31.0,2,136,6,0,2,136,6,0,0,0,1,2,2,6,1.0,1.0,0.0,0.0,,False
144,patch,named,32.0,32.0,3,0.0,False,8,40,20000,31.0,2,136,6,0,2,136,6,0,0,0,1,2,2,6,1.0,1.0,0.0,0.0,,False
144,patch,named,32.0,32.0,3,0.0,False,8,41,20500,31.0,2,136,6,0,2,136,6,0,0,0,1,2,2,6,1.0,1.0,0.0,0.0,,False
144,patch,named,32.0,32.0,3,0.0,False,8,42,21000,31.0,2,136,6,0,2,136,6,0,0,0,1,2,2,6,1.0,1.0,0.0,0.0,,False
144,patch,named,32.0,32.0,3,0.0,False,8,43,21500,31.0,2,136,6,0,2,136,6,0,0,0,1,2,2,6,1.0,1.0,0.0,0.0,,False
144,patch,named,32.0,32.0,3,0.0,False,8,44,22000,31.0,2,136,6,0,2,136,6,0,0,0,1,2,2,6,1.0,1.0,0.0,0.0,,False
144,patch,named,32.0,32.0,3,0.0,False,8,45,22500,31.0,2,136,6,0,2,136,6,0,0,0,1,2,2,6,1.0,1.0,0.0,0.0,,False
144,patch,named,32.0,32.0,3,0.0,False,8,46,23000,31.0,2,136,6,0,2,136,6,0,0,0,1,2,2,6,1.0,1.0,0.0,0.0,,False
144,patch,named,32.0,32.0,3,0.0,False,8,47,23500,31.0,2,136,6,0,2,136,6,0,0,0,1,2,2,6,1.0,1.0,0.0,0.0,,False
144,patch,named,32.0,32.0,3,0.0,False,8,48,24000,31.0,2,136,6,0,2,136,6,0,0,0,1,2,2,6,1.0,1.0,0.0,0.0,,False
144,patch,named,32.0,32.0,3,0.0,False,8,49,24500,31.0,2,136,6,0,2,136,6,0,0,0,1,2,2,6,1.0,1.0,0.0,0.0,,False
144,patch,named,32.0,32.0,3,0.0,False,8,50,25000,31.0,2,136,6,0,2,136,6,0,0,0,1,2,2,6,1.0,1.0,0.0,0.0,,False
144,patch,named,32.0,32.0,3,0.0,False,8,51,25500,31.0,2,136,6,0,2,136,6,0,0,0,1,2,2,6,1.0,1.0,0.0,0.0,,False
144,patch,named,32.0,32.0,3,0.0,False,8,52,26000,31.0,2,136,6,0,2,136,6,0,0,0,1,2,2,6,1.0,1.0,0.0,0.0,,False
144,patch,named,32.0,32.0,3,0.0,False,8,53,26500,31.0,2,136,6,0,2,136,6,0,0,0,1,2,2,6,1.0,1.0,0.0,0.0,,False
144,patch,named,32.0,32.0,3,0.0,False,8,54,27000,31.0,2,136,6,0,2,136,6,0,0,0,1,2,2,6,1.0,1.0,0.0,0.0,,False
144,patch,named,32.0,32.0,3,0.0,False,8,55,27500,31.0,2,136,6,0,2,136,6,0,0,0,1,2,2,6,1.0,1.0,0.0,0.0,,False
144,patch,named,32.0,32.0,3,0.0,False,8,56,28000,31.0,2,136,6,0,2,136,6,0,0,0,1,2,2,6,1.0,1.0,0.0,0.0,,False
144,patch,named,32.0,32.0,3,0.0,False,8,57,28500,31.0,2,136,6,0,2,136,6,0,0,0,1,2,2,6,1.0,1.0,0.0,0.0,,False
144,patch,named,32.0,32.0,3,0.0,False,8,58,29000,31.0,2,136,6,0,2,136,6,0,0,0,1,2,2,6,1.0,1.0,0.0,0.0,,False
144,patch,named,32.0,32.0,3,0.0,False,8,59,29500,31.0,2,136,6,0,2,136,6,0,0,0,1,2,2,6,1.0,1.0,0.0,0.0,,False
144,patch,named,32.0,32.0,3,0.0,False,8,60,30000,31.0,2,136,6,0,2,136,6,0,0,0,1,2,2,6,1.0,1.0,0.0,0.0,,False
144,patch,named,32.0,32.0,3,0.0,False,8,61,30500,31.0,2,136,6,0,2,136,6,0,0,0,1,2,2,6,1.0,1.0,0.0,0.0,,False
144,patch,named,32.0,32.0,3,0.0,False,8,62,31000,31.0,2,136,6,0,2,136,6,0,0,0,1,2,2,6,1.0,1.0,0.0,0.0,,False
144,patch,named,32.0,32.0,3,0.0,False,8,63,31500,31.0,2,136,6,0,2,136,6,0,0,0,1,2,2,6,1.0,1.0,0.0,0.0,,False
144,patch,named,32.0,32.0,3,0.0,False,8,64,32000,31.0,2,136,6,0,2,136,6,0,0,0,1,2,2,6,1.0,1.0,0.0,0.0,,False
144,patch,named,32.0,32.0,3,0.0,False,8,65,32500,31.0,2,136,6,0,2,136,6,0,0,0,1,2,2,6,1.0,1.0,0.0,0.0,,False
144,patch,named,32.0,32.0,3,0.0,False,8,66,33000,31.0,2,136,6,0,2,136,6,0,0,0,1,2,2,6,1.0,1.0,0.0,0.0,,False
144,patch,named,32.0,32.0,3,0.0,False,8,67,33500,31.0,2,136,6,0,2,136,6,0,0,0,1,2,2,6,1.0,1.0,0.0,0.0,,False
144,patch,named,32.0,32.0,3,0.0,False,8,68,34000,31.0,2,136,6,0,2,136,6,0,0,0,1,2,2,6,1.0,1.0,0.0,0.0,,False
144,patch,named,32.0,32.0,3,0.0,False,8,69,34500,31.0,2,136,6,0,2,136,6,0,0,0,1,2,2,6,1.0,1.0,0.0,0.0,,False
144,patch,named,32.0,32.0,3,0.0,False,8,70,35000,31.0,2,136,6,0,2,136,6,0,0,0,1,2,2,6,1.0,1.0,0.0,0.0,,False
144,patch,named,32.0,32.0,3,0.0,False,8,71,35500,31.0,2,136,6,0,2,136,6,0,0,0,1,2,2,6,1.0,1.0,0.0,0.0,,False
144,patch,named,32.0,32.0,3,0.0,False,8,72,36000,31.0,2,136,6,0,2,136,6,0,0,0,1,2,2,6,1.0,1.0,0.0,0.0,,False
144,patch,named,32.0,32.0,3,0.0,False,8,73,36500,31.0,2,136,6,0,2,136,6,0,0,0,1,2,2,6,1.0,1.0,0.0,0.0,,False
144,patch,named,32.0,32.0,3,0.0,False,8,74,37000,31.0,2,136,6,0,2,136,6,0,0,0,1,2,2,6,1.0,1.0,0.0,0.0,,False
144,patch,named,32.0,32.0,3,0.0,False,8,75,37500,31.0,2,136,6,0,2,136,6,0,0,0,1,2,2,6,1.0,1.0,0.0,0.0,,False
144,patch,named,32.0,32.0,3,0.0,False,8,76,38000,31.0,2,136,6,0,2,136,6,0,0,0,1,2,2,6,1.0,1.0,0.0,0.0,,False
144,patch,named,32.0,32.0,3,0.0,False,8,77,38500,31.0,2,136,6,0,2,136,6,0,0,0,1,2,2,6,1.0,1.0,0.0,0.0,,False
144,patch,named,32.0,32.0,3,0.0,False,8,78,39000,31.0,2,136,6,0,2,136,6,0,0,0,1,2,2,6,1.0,1.0,0.0,0.0,,False
144,patch,named,32.0,32.0,3,0.0,False,8,79,39500,31.0,2,136,6,0,2,136,6,0,0,0,1,2,2,6,1.0,1.0,0.0,0.0,,False
144,patch,named,32.0,32.0,3,0.0,False,8,80,40000,31.0,2,136,6,0,2,136,6,0,0,0,1,2,2,6,1.0,1.0,0.0,0.0,,False
144,patch,named,32.0,32.0,3,0.0,False,8,81,40500,31.0,2,136,6,0,2,136,6,0,0,0,1,2,2,6,1.0,1.0,0.0,0.0,,False
144,patch,named,32.0,32.0,3,0.0,False,8,82,41000,31.0,2,136,6,0,2,136,6,0,0,0,1,2,2,6,1.0,1.0,0.0,0.0,,False
144,patch,named,32.0,32.0,3,0.0,False,8,83,41500,31.0,2,136,6,0,2,136,6,0,0,0,1,2,2,6,1.0,1.0,0.0,0.0,,False
144,patch,named,32.0,32.0,3,0.0,False,8,84,42000,31.0,2,136,6,0,2,136,6,0,0,0,1,2,2,6,1.0,1.0,0.0,0.0,,False
144,patch,named,32.0,32.0,3,0.0,False,8,85,42500,31.0,2,136,6,0,2,136,6,0,0,0,1,2,2,6,1.0,1.0,0.0,0.0,,False
144,patch,named,32.0,32.0,3,0.0,False,8,86,43000,31.0,2,136,6,0,2,136,6,0,0,0,1,2,2,6,1.0,1.0,0.0,0.0,,False
144,patch,named,32.0,32.0,3,0.0,False,8,87,43500,31.0,2,136,6,0,2,136,6,0,0,0,1,2,2,6,1.0,1.0,0.0,0.0,,False
144,patch,named,32.0,32.0,3,0.0,False,8,88,44000,31.0,2,136,6,0,2,136,6,0,0,0,1,2,2,6,1.0,1.0,0.0,0.0,,False
144,patch,named,32.0,32.0,3,0.0,False,8,89,44500,31.0,2,136,6,0,2,136,6,0,0,0,1,2,2,6,1.0,1.0,0.0,0.0,,False
144,patch,named,32.0,32.0,3,0.0,False,8,90,45000,31.0,2,136,6,0,2,136,6,0,0,0,1,2,2,6,1.0,1.0,0.0,0.0,,False
144,patch,named,32.0,32.0,3,0.0,False,8,91,45500,31.0,2,136,6,0,2,136,6,0,0,0,1,2,2,6,1.0,1.0,0.0,0.0,,False
144,patch,named,32.0,32.0,3,0.0,False,8,92,46000,31.0,2,136,6,0,2,136,6,0,0,0,1,2,2,6,1.0,1.0,0.0,0.0,,False
144,patch,named,32.0,32.0,3,0.0,False,8,93,46500,31.0,2,136,6,0,2,136,6,0,0,0,1,2,2,6,1.0,1.0,0.0,0.0,,False
144,patch,named,32.0,32.0,3,0.0,False,8,94,47000,31.0,2,136,6,0,2,136,6,0,0,0,1,2,2,6,1.0,1.0,0.0,0.0,,False
144,patch,named,32.0,32.0,3,0.0,False,8,95,47500,31.0,2,136,6,0,2,136,6,0,0,0,1,2,2,6,1.0,1.0,0.0,0.0,,False
144,patch,named,32.0,32.0,3,0.0,False,8,96,48000,31.0,2,136,6,0,2,136,6,0,0,0,1,2,2,6,1.0,1.0,0.0,0.0,,False
144,patch,named,32.0,32.0,3,0.0,False,8,97,48500,31.0,2,136,6,0,2,136,6,0,0,0,1,2,2,6,1.0,1.0,0.0,0.0,,False
144,patch,named,32.0,32.0,3,0.0,False,8,98,49000,31.0,2,136,6,0,2,136,6,0,0,0,1,2,2,6,1.0,1.0,0.0,0.0,,False
144,patch,named,32.0,32.0,3,0.0,False,8,99,49500,31.0,2,136,6,0,2,136,6,0,0,0,1,2,2,6,1.0,1.0,0.0,0.0,,False
144,patch,named,32.0,32.0,3,0.0,False,8,100,50000,31.0,2,136,6,0,2,136,6,0,0,0,1,2,2,6,1.0,1.0,0.0,0.0,,True
144,patch,named,32.0,32.0,3,0.0,False,9,0,0,32.0,0,136,8,0,0,136,8,0,0,0,0,0,1,8,0.0,0.0,0.0,0.0,,False
144,patch,named,32.0,32.0,3,0.0,False,9,1,500,32.0,0,136,8,0,0,136,8,0,0,0,0,0,1,8,0.0,0.0,0.0,0.0,,False
144,patch,named,32.0,32.0,3,0.0,False,9,2,1000,32.0,0,136,8,0,0,136,8,0,0,0,0,0,1,8,0.0,0.0,0.0,0.0,,False
144,patch,named,32.0,32.0,3,0.0,False,9,3,1500,32.0,0,136,8,0,0,136,8,0,0,0,0,0,1,8,0.0,0.0,0.0,0.0,,False
144,patch,named,32.0,32.0,3,0.0,False,9,4,2000,32.0,0,136,8,0,0,136,8,0,0,0,0,0,1,8,0.0,0.0,0.0,0.0,,False
144,patch,named,32.0,32.0,3,0.0,False,9,5,2500,32.0,0,136,8,0,0,136,8,0,0,0,0,0,1,8,0.0,0.0,0.0,0.0,,False
144,patch,named,32.0,32.0,3,0.0,False,9,6,3000,32.0,0,136,8,0,0,136,8,0,0,0,0,0,1,8,0.0,0.0,0.0,0.0,,False
144,patch,named,32.0,32.0,3,0.0,False,9,7,3500,32.0,0,136,8,0,0,136,8,0,0,0,0,0,1,8,0.0,0.0,0.0,0.0,,False
144,patch,named,32.0,32.0,3,0.0,False,9,8,4000,32.0,0,136,8,0,0,136,8,0,0,0,0,0,1,8,0.0,0.0,0.0,0.0,,False
144,patch,named,32.0,32.0,3,0.0,False,9,9,4500,32.0,0,136,8,0,0,136,8,0,0,0,0,0,1,8,0.0,0.0,0.0,0.0,,False
144,patch,named,32.0,32.0,3,0.0,False,9,10,5000,32.0,0,136,8,0,0,136,8,0,0,0,0,0,1,8,0.0,0.0,0.0,0.0,,False
144,patch,named,32.0,32.0,3,0.0,False,9,11,5500,32.0,0,136,8,0,0,136,8,0,0,0,0,0,1,8,0.0,0.0,0.0,0.0,,False
144,patch,named,32.0,32.0,3,0.0,False,9,12,6000,32.0,0,136,8,0,0,136,8,0,0,0,0,0,1,8,0.0,0.0,0.0,0.0,,False
144,patch,named,32.0,32.0,3,0.0,False,9,13,6500,32.0,0,136,8,0,0,136,8,0,0,0,0,0,1,8,0.0,0.0,0.0,0.0,,False
144,patch,named,32.0,32.0,3,0.0,False,9,14,7000,32.0,0,136,8,0,0,136,8,0,0,0,0,0,1,8,0.0,0.0,0.0,0.0,,False
144,patch,named,32.0,32.0,3,0.0,False,9,15,7500,32.0,0,136,8,0,0,136,8,0,0,0,0,0,1,8,0.0,0.0,0.0,0.0,,False
144,patch,named,32.0,32.0,3,0.0,False,9,16,8000,32.0,0,136,8,0,0,136,8,0,0,0,0,0,1,8,0.0,0.0,0.0,0.0,,False
144,patch,named,32.0,32.0,3,0.0,False,9,17,8500,0.0,0,144,0,0,0,144,0,0,0,0,0,0,0,0,32.0,32.0,0.0,0.0,,False
144,patch,named,32.0,32.0,3,0.0,False,9,18,9000,32.0,0,136,8,0,0,136,8,0,0,0,0,0,1,8,0.0,0.0,0.0,0.0,,False
144,patch,named,32.0,32.0,3,0.0,False,9,19,9500,32.0,0,136,8,0,0,136,8,0,0,0,0,0,1,8,0.0,0.0,0.0,0.0,,False
144,patch,named,32.0,32.0,3,0.0,False,9,20,10000,32.0,0,136,8,0,0,136,8,0,0,0,0,0,1,8,0.0,0.0,0.0,0.0,,False
144,patch,named,32.0,32.0,3,0.0,False,9,21,10500,32.0,0,136,8,0,0,136,8,0,0,0,0,0,1,8,0.0,0.0,0.0,0.0,,False
144,patch,named,32.0,32.0,3,0.0,False,9,22,11000,32.0,0,136,8,0,0,136,8,0,0,0,0,0,1,8,0.0,0.0,0.0,0.0,,False
144,patch,named,32.0,32.0,3,0.0,False,9,23,11500,32.0,0,136,8,0,0,136,8,0,0,0,0,0,1,8,0.0,0.0,0.0,0.0,,False
144,patch,named,32.0,32.0,3,0.0,False,9,24,12000,32.0,0,136,8,0,0,136,8,0,0,0,0,0,1,8,0.0,0.0,0.0,0.0,,False
144,patch,named,32.0,32.0,3,0.0,False,9,25,12500,32.0,0,136,8,0,0,136,8,0,0,0,0,0,1,8,0.0,0.0,0.0,0.0,,False
144,patch,named,32.0,32.0,3,0.0,False,9,26,13000,32.0,0,136,8,0,0,136,8,0,0,0,0,0,1,8,0.0,0.0,0.0,0.0,,False
144,patch,named,32.0,32.0,3,0.0,False,9,27,13500,32.0,0,136,8,0,0,136,8,0,0,0,0,0,1,8,0.0,0.0,0.0,0.0,,False
144,patch,named,32.0,32.0,3,0.0,False,9,28,14000,26.0,1,138,5,0,1,138,5,0,0,0,1,1,2,5,6.0,6.0,0.0,0.0,,False
144,patch,named,32.0,32.0,3,0.0,False,9,29,14500,26.0,1,138,5,0,1,138,5,0,0,0,1,1,2,5,6.0,6.0,0.0,0.0,,False
144,patch,named,32.0,32.0,3,0.0,False,9,30,15000,26.0,1,138,5,0,1,138,5,0,0,0,1,1,2,5,6.0,6.0,0.0,0.0,,False
144,patch,named,32.0,32.0,3,0.0,False,9,31,15500,26.0,1,138,5,0,1,138,5,0,0,0,1,1,2,5,6.0,6.0,0.0,0.0,,False
144,patch,named,32.0,32.0,3,0.0,False,9,32,16000,26.0,1,138,5,0,1,138,5,0,0,0,1,1,2,5,6.0,6.0,0.0,0.0,,False
144,patch,named,32.0,32.0,3,0.0,False,9,33,16500,32.0,0,136,8,0,0,136,8,0,0,0,0,0,1,8,0.0,0.0,0.0,0.0,,False
144,patch,named,32.0,32.0,3,0.0,False,9,34,17000,32.0,0,136,8,0,0,136,8,0,0,0,0,0,1,8,0.0,0.0,0.0,0.0,,False
144,patch,named,32.0,32.0,3,0.0,False,9,35,17500,32.0,0,136,8,0,0,136,8,0,0,0,0,0,1,8,0.0,0.0,0.0,0.0,,False
144,patch,named,32.0,32.0,3,0.0,False,9,36,18000,32.0,0,136,8,0,0,136,8,0,0,0,0,0,1,8,0.0,0.0,0.0,0.0,,False
144,patch,named,32.0,32.0,3,0.0,False,9,37,18500,32.0,0,136,8,0,0,136,8,0,0,0,0,0,1,8,0.0,0.0,0.0,0.0,,False
144,patch,named,32.0,32.0,3,0.0,False,9,38,19000,32.0,0,136,8,0,0,136,8,0,0,0,0,0,1,8,0.0,0.0,0.0,0.0,,False
144,patch,named,32.0,32.0,3,0.0,False,9,39,19500,32.0,0,136,8,0,0,136,8,0,0,0,0,0,1,8,0.0,0.0,0.0,0.0,,False
144,patch,named,32.0,32.0,3,0.0,False,9,40,20000,32.0,0,136,8,0,0,136,8,0,0,0,0,0,1,8,0.0,0.0,0.0,0.0,,False
144,patch,named,32.0,32.0,3,0.0,False,9,41,20500,32.0,0,136,8,0,0,136,8,0,0,0,0,0,1,8,0.0,0.0,0.0,0.0,,False
144,patch,named,32.0,32.0,3,0.0,False,9,42,21000,32.0,0,136,8,0,0,136,8,0,0,0,0,0,1,8,0.0,0.0,0.0,0.0,,False
144,patch,named,32.0,32.0,3,0.0,False,9,43,21500,32.0,0,136,8,0,0,136,8,0,0,0,0,0,1,8,0.0,0.0,0.0,0.0,,False
144,patch,named,32.0,32.0,3,0.0,False,9,44,22000,32.0,0,136,8,0,0,136,8,0,0,0,0,0,1,8,0.0,0.0,0.0,0.0,,False
144,patch,named,32.0,32.0,3,0.0,False,9,45,22500,0.0,0,144,0,0,0,144,0,0,0,0,0,0,0,0,32.0,32.0,0.0,0.0,,False
144,patch,named,32.0,32.0,3,0.0,False,9,46,23000,32.0,0,136,8,0,0,136,8,0,0,0,0,0,1,8,0.0,0.0,0.0,0.0,,False
144,patch,named,32.0,32.0,3,0.0,False,9,47,23500,26.0,1,138,5,0,1,138,5,0,0,0,1,1,2,5,6.0,5.0,0.0,0.0,,False
144,patch,named,32.0,32.0,3,0.0,False,9,48,24000,26.0,1,138,5,0,1,138,5,0,0,0,1,1,2,5,6.0,5.0,0.0,0.0,,False
144,patch,named,32.0,32.0,3,0.0,False,9,49,24500,26.0,1,138,5,0,1,138,5,0,0,0,1,1,2,5,6.0,5.0,0.0,0.0,,False
144,patch,named,32.0,32.0,3,0.0,False,9,50,25000,26.0,1,138,5,0,1,138,5,0,0,0,1,1,2,5,6.0,5.0,0.0,0.0,,False
144,patch,named,32.0,32.0,3,0.0,False,9,51,25500,26.0,1,138,5,0,1,138,5,0,0,0,1,1,2,5,6.0,5.0,0.0,0.0,,False
144,patch,named,32.0,32.0,3,0.0,False,9,52,26000,26.0,1,138,5,0,1,138,5,0,0,0,1,1,2,5,6.0,5.0,0.0,0.0,,False
144,patch,named,32.0,32.0,3,0.0,False,9,53,26500,26.0,1,138,5,0,1,138,5,0,0,0,1,1,2,5,6.0,5.0,0.0,0.0,,False
144,patch,named,32.0,32.0,3,0.0,False,9,54,27000,26.0,1,138,5,0,1,138,5,0,0,0,1,1,2,5,6.0,5.0,0.0,0.0,,False
144,patch,named,32.0,32.0,3,0.0,False,9,55,27500,26.0,1,138,5,0,1,138,5,0,0,0,1,1,2,5,6.0,5.0,0.0,0.0,,False
144,patch,named,32.0,32.0,3,0.0,False,9,56,28000,26.0,1,138,5,0,1,138,5,0,0,0,1,1,2,5,6.0,5.0,0.0,0.0,,False
144,patch,named,32.0,32.0,3,0.0,False,9,57,28500,26.0,1,138,5,0,1,138,5,0,0,0,1,1,2,5,6.0,5.0,0.0,0.0,,False
144,patch,named,32.0,32.0,3,0.0,False,9,58,29000,26.0,1,138,5,0,1,138,5,0,0,0,1,1,2,5,6.0,5.0,0.0,0.0,,False
144,patch,named,32.0,32.0,3,0.0,False,9,59,29500,26.0,1,138,5,0,1,138,5,0,0,0,1,1,2,5,6.0,5.0,0.0,0.0,,False
144,patch,named,32.0,32.0,3,0.0,False,9,60,30000,26.0,1,138,5,0,1,138,5,0,0,0,1,1,2,5,6.0,5.0,0.0,0.0,,False
144,patch,named,32.0,32.0,3,0.0,False,9,61,30500,26.0,1,138,5,0,1,138,5,0,0,0,1,1,2,5,6.0,5.0,0.0,0.0,,False
144,patch,named,32.0,32.0,3,0.0,False,9,62,31000,26.0,1,138,5,0,1,138,5,0,0,0,1,1,2,5,6.0,5.0,0.0,0.0,,False
144,patch,named,32.0,32.0,3,0.0,False,9,63,31500,26.0,1,138,5,0,1,138,5,0,0,0,1,1,2,5,6.0,5.0,0.0,0.0,,False
144,patch,named,32.0,32.0,3,0.0,False,9,64,32000,26.0,1,138,5,0,1,138,5,0,0,0,1,1,2,5,6.0,5.0,0.0,0.0,,False
144,patch,named,32.0,32.0,3,0.0,False,9,65,32500,26.0,1,138,5,0,1,138,5,0,0,0,1,1,2,5,6.0,5.0,0.0,0.0,,False
144,patch,named,32.0,32.0,3,0.0,False,9,66,33000,26.0,1,138,5,0,1,138,5,0,0,0,1,1,2,5,6.0,5.0,0.0,0.0,,False
144,patch,named,32.0,32.0,3,0.0,False,9,67,33500,26.0,1,138,5,0,1,138,5,0,0,0,1,1,2,5,6.0,5.0,0.0,0.0,,False
144,patch,named,32.0,32.0,3,0.0,False,9,68,34000,26.0,1,138,5,0,1,138,5,0,0,0,1,1,2,5,6.0,5.0,0.0,0.0,,False
144,patch,named,32.0,32.0,3,0.0,False,9,69,34500,26.0,1,138,5,0,1,138,5,0,0,0,1,1,2,5,6.0,5.0,0.0,0.0,,False
144,patch,named,32.0,32.0,3,0.0,False,9,70,35000,26.0,1,138,5,0,1,138,5,0,0,0,1,1,2,5,6.0,5.0,0.0,0.0,,False
144,patch,named,32.0,32.0,3,0.0,False,9,71,35500,26.0,1,138,5,0,1,138,5,0,0,0,1,1,2,5,6.0,5.0,0.0,0.0,,False
144,patch,named,32.0,32.0,3,0.0,False,9,72,36000,26.0,1,138,5,0,1,138,5,0,0,0,1,1,2,5,6.0,5.0,0.0,0.0,,False
144,patch,named,32.0,32.0,3,0.0,False,9,73,36500,26.0,1,138,5,0,1,138,5,0,0,0,1,1,2,5,6.0,5.0,0.0,0.0,,False
144,patch,named,32.0,32.0,3,0.0,False,9,74,37000,26.0,1,138,5,0,1,138,5,0,0,0,1,1,2,5,6.0,5.0,0.0,0.0,,False
144,patch,named,32.0,32.0,3,0.0,False,9,75,37500,26.0,1,138,5,0,1,138,5,0,0,0,1,1,2,5,6.0,5.0,0.0,0.0,,False
144,patch,named,32.0,32.0,3,0.0,False,9,76,38000,26.0,1,138,5,0,1,138,5,0,0,0,1,1,2,5,6.0,5.0,0.0,0.0,,False
144,patch,named,32.0,32.0,3,0.0,False,9,77,38500,26.0,1,138,5,0,1,138,5,0,0,0,1,1,2,5,6.0,5.0,0.0,0.0,,False
144,patch,named,32.0,32.0,3,0.0,False,9,78,39000,26.0,1,138,5,0,1,138,5,0,0,0,1,1,2,5,6.0,5.0,0.0,0.0,,False
144,patch,named,32.0,32.0,3,0.0,False,9,79,39500,26.0,1,138,5,0,1,138,5,0,0,0,1,1,2,5,6.0,5.0,0.0,0.0,,False
144,patch,named,32.0,32.0,3,0.0,False,9,80,40000,26.0,1,138,5,0,1,138,5,0,0,0,1,1,2,5,6.0,5.0,0.0,0.0,,False
144,patch,named,32.0,32.0,3,0.0,False,9,81,40500,26.0,1,138,5,0,1,138,5,0,0,0,1,1,2,5,6.0,5.0,0.0,0.0,,False
144,patch,named,32.0,32.0,3,0.0,False,9,82,41000,26.0,1,138,5,0,1,138,5,0,0,0,1,1,2,5,6.0,5.0,0.0,0.0,,False
144,patch,named,32.0,32.0,3,0.0,False,9,83,41500,26.0,1,138,5,0,1,138,5,0,0,0,1,1,2,5,6.0,5.0,0.0,0.0,,False
144,patch,named,32.0,32.0,3,0.0,False,9,84,42000,26.0,1,138,5,0,1,138,5,0,0,0,1,1,2,5,6.0,5.0,0.0,0.0,,False
144,patch,named,32.0,32.0,3,0.0,False,9,85,42500,26.0,1,138,5,0,1,138,5,0,0,0,1,1,2,5,6.0,5.0,0.0,0.0,,False
144,patch,named,32.0,32.0,3,0.0,False,9,86,43000,26.0,1,138,5,0,1,138,5,0,0,0,1,1,2,5,6.0,5.0,0.0,0.0,,False
144,patch,named,32.0,32.0,3,0.0,False,9,87,43500,26.0,1,138,5,0,1,138,5,0,0,0,1,1,2,5,6.0,5.0,0.0,0.0,,False
144,patch,named,32.0,32.0,3,0.0,False,9,88,44000,26.0,1,138,5,0,1,138,5,0,0,0,1,1,2,5,6.0,5.0,0.0,0.0,,False
144,patch,named,32.0,32.0,3,0.0,False,9,89,44500,26.0,1,138,5,0,1,138,5,0,0,0,1,1,2,5,6.0,5.0,0.0,0.0,,False
144,patch,named,32.0,32.0,3,0.0,False,9,90,45000,26.0,1,138,5,0,1,138,5,0,0,0,1,1,2,5,6.0,5.0,0.0,0.0,,False
144,patch,named,32.0,32.0,3,0.0,False,9,91,45500,26.0,1,138,5,0,1,138,5,0,0,0,1,1,2,5,6.0,5.0,0.0,0.0,,False
144,patch,named,32.0,32.0,3,0.0,False,9,92,46000,26.0,1,138,5,0,1,138,5,0,0,0,1,1,2,5,6.0,5.0,0.0,0.0,,False
144,patch,named,32.0,32.0,3,0.0,False,9,93,46500,26.0,1,138,5,0,1,138,5,0,0,0,1,1,2,5,6.0,5.0,0.0,0.0,,False
144,patch,named,32.0,32.0,3,0.0,False,9,94,47000,26.0,1,138,5,0,1,138,5,0,0,0,1,1,2,5,6.0,5.0,0.0,0.0,,False
144,patch,named,32.0,32.0,3,0.0,False,9,95,47500,26.0,1,138,5,0,1,138,5,0,0,0,1,1,2,5,6.0,5.0,0.0,0.0,,False
144,patch,named,32.0,32.0,3,0.0,False,9,96,48000,26.0,1,138,5,0,1,138,5,0,0,0,1,1,2,5,6.0,5.0,0.0,0.0,,False
144,patch,named,32.0,32.0,3,0.0,False,9,97,48500,26.0,1,138,5,0,1,138,5,0,0,0,1,1,2,5,6.0,5.0,0.0,0.0,,False
144,patch,named,32.0,32.0,3,0.0,False,9,98,49000,26.0,1,138,5,0,1,138,5,0,0,0,1,1,2,5,6.0,5.0,0.0,0.0,,False
144,patch,named,32.0,32.0,3,0.0,False,9,99,49500,26.0,1,138,5,0,1,138,5,0,0,0,1,1,2,5,6.0,5.0,0.0,0.0,,False
144,patch,named,32.0,32.0,3,0.0,False,9,100,50000,26.0,1,138,5,0,1,138,5,0,0,0,1,1,2,5,6.0,5.0,0.0,0.0,,True
144,patch,named,32.0,32.0,3,0.0,False,10,0,0,32.0,0,136,8,0,0,136,8,0,0,0,0,0,1,8,0.0,0.0,0.0,0.0,,False
144,patch,named,32.0,32.0,3,0.0,False,10,1,500,32.0,0,136,8,0,0,136,8,0,0,0,0,0,1,8,0.0,0.0,0.0,0.0,,False
144,patch,named,32.0,32.0,3,0.0,False,10,2,1000,32.0,0,136,8,0,0,136,8,0,0,0,0,0,1,8,0.0,0.0,0.0,0.0,,False
144,patch,named,32.0,32.0,3,0.0,False,10,3,1500,0.0,0,144,0,0,0,144,0,0,0,0,0,0,0,0,32.0,32.0,0.0,0.0,,False
144,patch,named,32.0,32.0,3,0.0,False,10,4,2000,32.0,0,136,8,0,0,136,8,0,0,0,0,0,1,8,0.0,0.0,0.0,0.0,,False
144,patch,named,32.0,32.0,3,0.0,False,10,5,2500,32.0,0,136,8,0,0,136,8,0,0,0,0,0,1,8,0.0,0.0,0.0,0.0,,False
144,patch,named,32.0,32.0,3,0.0,False,10,6,3000,32.0,0,136,8,0,0,136,8,0,0,0,0,0,1,8,0.0,0.0,0.0,0.0,,False
144,patch,named,32.0,32.0,3,0.0,False,10,7,3500,32.0,0,136,8,0,0,136,8,0,0,0,0,0,1,8,0.0,0.0,0.0,0.0,,False
144,patch,named,32.0,32.0,3,0.0,False,10,8,4000,32.0,0,136,8,0,0,136,8,0,0,0,0,0,1,8,0.0,0.0,0.0,0.0,,False
144,patch,named,32.0,32.0,3,0.0,False,10,9,4500,32.0,0,136,8,0,0,136,8,0,0,0,0,0,1,8,0.0,0.0,0.0,0.0,,False
144,patch,named,32.0,32.0,3,0.0,False,10,10,5000,32.0,0,136,8,0,0,136,8,0,0,0,0,0,1,8,0.0,0.0,0.0,0.0,,False
144,patch,named,32.0,32.0,3,0.0,False,10,11,5500,32.0,0,136,8,0,0,136,8,0,0,0,0,0,1,8,0.0,0.0,0.0,0.0,,False
144,patch,named,32.0,32.0,3,0.0,False,10,12,6000,32.0,0,136,8,0,0,136,8,0,0,0,0,0,1,8,0.0,0.0,0.0,0.0,,False
144,patch,named,32.0,32.0,3,0.0,False,10,13,6500,0.0,0,144,0,0,0,144,0,0,0,0,0,0,0,0,32.0,32.0,0.0,0.0,,False
144,patch,named,32.0,32.0,3,0.0,False,10,14,7000,32.0,0,136,8,0,0,136,8,0,0,0,0,0,1,8,0.0,0.0,0.0,0.0,,False
144,patch,named,32.0,32.0,3,0.0,False,10,15,7500,32.0,0,136,8,0,0,136,8,0,0,0,0,0,1,8,0.0,0.0,0.0,0.0,,False
144,patch,named,32.0,32.0,3,0.0,False,10,16,8000,32.0,0,136,8,0,0,136,8,0,0,0,0,0,1,8,0.0,0.0,0.0,0.0,,False
144,patch,named,32.0,32.0,3,0.0,False,10,17,8500,32.0,0,136,8,0,0,136,8,0,0,0,0,0,1,8,0.0,0.0,0.0,0.0,,False
144,patch,named,32.0,32.0,3,0.0,False,10,18,9000,32.0,0,136,8,0,0,136,8,0,0,0,0,0,1,8,0.0,0.0,0.0,0.0,,False
144,patch,named,32.0,32.0,3,0.0,False,10,19,9500,32.0,0,136,8,0,0,136,8,0,0,0,0,0,1,8,0.0,0.0,0.0,0.0,,False
144,patch,named,32.0,32.0,3,0.0,False,10,20,10000,32.0,0,136,8,0,0,136,8,0,0,0,0,0,1,8,0.0,0.0,0.0,0.0,,False
144,patch,named,32.0,32.0,3,0.0,False,10,21,10500,32.0,0,136,8,0,0,136,8,0,0,0,0,0,1,8,0.0,0.0,0.0,0.0,,False
144,patch,named,32.0,32.0,3,0.0,False,10,22,11000,32.0,0,136,8,0,0,136,8,0,0,0,0,0,1,8,0.0,0.0,0.0,0.0,,False
144,patch,named,32.0,32.0,3,0.0,False,10,23,11500,32.0,0,136,8,0,0,136,8,0,0,0,0,0,1,8,0.0,0.0,0.0,0.0,,False
144,patch,named,32.0,32.0,3,0.0,False,10,24,12000,32.0,0,136,8,0,0,136,8,0,0,0,0,0,1,8,0.0,0.0,0.0,0.0,,False
144,patch,named,32.0,32.0,3,0.0,False,10,25,12500,32.0,0,136,8,0,0,136,8,0,0,0,0,0,1,8,0.0,0.0,0.0,0.0,,False
144,patch,named,32.0,32.0,3,0.0,False,10,26,13000,32.0,0,136,8,0,0,136,8,0,0,0,0,0,1,8,0.0,0.0,0.0,0.0,,False
144,patch,named,32.0,32.0,3,0.0,False,10,27,13500,32.0,0,136,8,0,0,136,8,0,0,0,0,0,1,8,0.0,0.0,0.0,0.0,,False
144,patch,named,32.0,32.0,3,0.0,False,10,28,14000,32.0,0,136,8,0,0,136,8,0,0,0,0,0,1,8,0.0,0.0,0.0,0.0,,False
144,patch,named,32.0,32.0,3,0.0,False,10,29,14500,32.0,0,136,8,0,0,136,8,0,0,0,0,0,1,8,0.0,0.0,0.0,0.0,,False
144,patch,named,32.0,32.0,3,0.0,False,10,30,15000,32.0,0,136,8,0,0,136,8,0,0,0,0,0,1,8,0.0,0.0,0.0,0.0,,False
144,patch,named,32.0,32.0,3,0.0,False,10,31,15500,32.0,0,136,8,0,0,136,8,0,0,0,0,0,1,8,0.0,0.0,0.0,0.0,,False
144,patch,named,32.0,32.0,3,0.0,False,10,32,16000,32.0,0,136,8,0,0,136,8,0,0,0,0,0,1,8,0.0,0.0,0.0,0.0,,False
144,patch,named,32.0,32.0,3,0.0,False,10,33,16500,32.0,0,136,8,0,0,136,8,0,0,0,0,0,1,8,0.0,0.0,0.0,0.0,,False
144,patch,named,32.0,32.0,3,0.0,False,10,34,17000,32.0,0,136,8,0,0,136,8,0,0,0,0,0,1,8,0.0,0.0,0.0,0.0,,False
144,patch,named,32.0,32.0,3,0.0,False,10,35,17500,26.0,1,138,5,0,1,138,5,0,0,0,1,1,2,5,6.0,6.0,0.0,0.0,,False
144,patch,named,32.0,32.0,3,0.0,False,10,36,18000,26.0,1,138,5,0,1,138,5,0,0,0,1,1,2,5,6.0,6.0,0.0,0.0,,False
144,patch,named,32.0,32.0,3,0.0,False,10,37,18500,26.0,1,138,5,0,1,138,5,0,0,0,1,1,2,5,6.0,6.0,0.0,0.0,,False
144,patch,named,32.0,32.0,3,0.0,False,10,38,19000,26.0,1,138,5,0,1,138,5,0,0,0,1,1,2,5,6.0,6.0,0.0,0.0,,False
144,patch,named,32.0,32.0,3,0.0,False,10,39,19500,32.0,0,136,8,0,0,136,8,0,0,0,0,0,1,8,0.0,0.0,0.0,0.0,,False
144,patch,named,32.0,32.0,3,0.0,False,10,40,20000,32.0,0,136,8,0,0,136,8,0,0,0,0,0,1,8,0.0,0.0,0.0,0.0,,False
144,patch,named,32.0,32.0,3,0.0,False,10,41,20500,32.0,0,136,8,0,0,136,8,0,0,0,0,0,1,8,0.0,0.0,0.0,0.0,,False
144,patch,named,32.0,32.0,3,0.0,False,10,42,21000,32.0,0,136,8,0,0,136,8,0,0,0,0,0,1,8,0.0,0.0,0.0,0.0,,False
144,patch,named,32.0,32.0,3,0.0,False,10,43,21500,32.0,0,136,8,0,0,136,8,0,0,0,0,0,1,8,0.0,0.0,0.0,0.0,,False
144,patch,named,32.0,32.0,3,0.0,False,10,44,22000,32.0,0,136,8,0,0,136,8,0,0,0,0,0,1,8,0.0,0.0,0.0,0.0,,False
144,patch,named,32.0,32.0,3,0.0,False,10,45,22500,32.0,0,136,8,0,0,136,8,0,0,0,0,0,1,8,0.0,0.0,0.0,0.0,,False
144,patch,named,32.0,32.0,3,0.0,False,10,46,23000,32.0,0,136,8,0,0,136,8,0,0,0,0,0,1,8,0.0,0.0,0.0,0.0,,False
144,patch,named,32.0,32.0,3,0.0,False,10,47,23500,26.0,1,138,5,0,1,138,5,0,0,0,1,1,2,5,6.0,6.0,0.0,0.0,,False
144,patch,named,32.0,32.0,3,0.0,False,10,48,24000,26.0,1,138,5,0,1,138,5,0,0,0,1,1,2,5,6.0,6.0,0.0,0.0,,False
144,patch,named,32.0,32.0,3,0.0,False,10,49,24500,26.0,1,138,5,0,1,138,5,0,0,0,1,1,2,5,6.0,6.0,0.0,0.0,,False
144,patch,named,32.0,32.0,3,0.0,False,10,50,25000,26.0,1,138,5,0,1,138,5,0,0,0,1,1,2,5,6.0,6.0,0.0,0.0,,False
144,patch,named,32.0,32.0,3,0.0,False,10,51,25500,26.0,1,138,5,0,1,138,5,0,0,0,1,1,2,5,6.0,6.0,0.0,0.0,,False
144,patch,named,32.0,32.0,3,0.0,False,10,52,26000,26.0,1,138,5,0,1,138,5,0,0,0,1,1,2,5,6.0,6.0,0.0,0.0,,False
144,patch,named,32.0,32.0,3,0.0,False,10,53,26500,26.0,1,138,5,0,1,138,5,0,0,0,1,1,2,5,6.0,6.0,0.0,0.0,,False
144,patch,named,32.0,32.0,3,0.0,False,10,54,27000,26.0,1,138,5,0,1,138,5,0,0,0,1,1,2,5,6.0,6.0,0.0,0.0,,False
144,patch,named,32.0,32.0,3,0.0,False,10,55,27500,26.0,1,138,5,0,1,138,5,0,0,0,1,1,2,5,6.0,6.0,0.0,0.0,,False
144,patch,named,32.0,32.0,3,0.0,False,10,56,28000,26.0,1,138,5,0,1,138,5,0,0,0,1,1,2,5,6.0,6.0,0.0,0.0,,False
144,patch,named,32.0,32.0,3,0.0,False,10,57,28500,26.0,1,138,5,0,1,138,5,0,0,0,1,1,2,5,6.0,6.0,0.0,0.0,,False
144,patch,named,32.0,32.0,3,0.0,False,10,58,29000,26.0,1,138,5,0,1,138,5,0,0,0,1,1,2,5,6.0,6.0,0.0,0.0,,False
144,patch,named,32.0,32.0,3,0.0,False,10,59,29500,26.0,1,138,5,0,1,138,5,0,0,0,1,1,2,5,6.0,6.0,0.0,0.0,,False
144,patch,named,32.0,32.0,3,0.0,False,10,60,30000,26.0,1,138,5,0,1,138,5,0,0,0,1,1,2,5,6.0,6.0,0.0,0.0,,False
144,patch,named,32.0,32.0,3,0.0,False,10,61,30500,26.0,1,138,5,0,1,138,5,0,0,0,1,1,2,5,6.0,6.0,0.0,0.0,,False
144,patch,named,32.0,32.0,3,0.0,False,10,62,31000,26.0,1,138,5,0,1,138,5,0,0,0,1,1,2,5,6.0,6.0,0.0,0.0,,False
144,patch,named,32.0,32.0,3,0.0,False,10,63,31500,26.0,1,138,5,0,1,138,5,0,0,0,1,1,2,5,6.0,6.0,0.0,0.0,,False
144,patch,named,32.0,32.0,3,0.0,False,10,64,32000,26.0,1,138,5,0,1,138,5,0,0,0,1,1,2,5,6.0,6.0,0.0,0.0,,False
144,patch,named,32.0,32.0,3,0.0,False,10,65,32500,26.0,1,138,5,0,1,138,5,0,0,0,1,1,2,5,6.0,6.0,0.0,0.0,,False
144,patch,named,32.0,32.0,3,0.0,False,10,66,33000,26.0,1,138,5,0,1,138,5,0,0,0,1,1,2,5,6.0,6.0,0.0,0.0,,False
144,patch,named,32.0,32.0,3,0.0,False,10,67,33500,26.0,1,138,5,0,1,138,5,0,0,0,1,1,2,5,6.0,6.0,0.0,0.0,,False
144,patch,named,32.0,32.0,3,0.0,False,10,68,34000,26.0,1,138,5,0,1,138,5,0,0,0,1,1,2,5,6.0,6.0,0.0,0.0,,False
144,patch,named,32.0,32.0,3,0.0,False,10,69,34500,26.0,1,138,5,0,1,138,5,0,0,0,1,1,2,5,6.0,6.0,0.0,0.0,,False
144,patch,named,32.0,32.0,3,0.0,False,10,70,35000,26.0,1,138,5,0,1,138,5,0,0,0,1,1,2,5,6.0,6.0,0.0,0.0,,False
144,patch,named,32.0,32.0,3,0.0,False,10,71,35500,26.0,1,138,5,0,1,138,5,0,0,0,1,1,2,5,6.0,6.0,0.0,0.0,,False
144,patch,named,32.0,32.0,3,0.0,False,10,72,36000,26.0,1,138,5,0,1,138,5,0,0,0,1,1,2,5,6.0,6.0,0.0,0.0,,False
144,patch,named,32.0,32.0,3,0.0,False,10,73,36500,26.0,1,138,5,0,1,138,5,0,0,0,1,1,2,5,6.0,6.0,0.0,0.0,,False
144,patch,named,32.0,32.0,3,0.0,False,10,74,37000,26.0,1,138,5,0,1,138,5,0,0,0,1,1,2,5,6.0,6.0,0.0,0.0,,False
144,patch,named,32.0,32.0,3,0.0,False,10,75,37500,26.0,1,138,5,0,1,138,5,0,0,0,1,1,2,5,6.0,6.0,0.0,0.0,,False
144,patch,named,32.0,32.0,3,0.0,False,10,76,38000,26.0,1,138,5,0,1,138,5,0,0,0,1,1,2,5,6.0,6.0,0.0,0.0,,False
144,patch,named,32.0,32.0,3,0.0,False,10,77,38500,26.0,1,138,5,0,1,138,5,0,0,0,1,1,2,5,6.0,6.0,0.0,0.0,,False
144,patch,named,32.0,32.0,3,0.0,False,10,78,39000,26.0,1,138,5,0,1,138,5,0,0,0,1,1,2,5,6.0,6.0,0.0,0.0,,False
144,patch,named,32.0,32.0,3,0.0,False,10,79,39500,26.0,1,138,5,0,1,138,5,0,0,0,1,1,2,5,6.0,6.0,0.0,0.0,,False
144,patch,named,32.0,32.0,3,0.0,False,10,80,40000,26.0,1,138,5,0,1,138,5,0,0,0,1,1,2,5,6.0,6.0,0.0,0.0,,False
144,patch,named,32.0,32.0,3,0.0,False,10,81,40500,26.0,1,138,5,0,1,138,5,0,0,0,1,1,2,5,6.0,6.0,0.0,0.0,,False
144,patch,named,32.0,32.0,3,0.0,False,10,82,41000,26.0,1,138,5,0,1,138,5,0,0,0,1,1,2,5,6.0,6.0,0.0,0.0,,False
144,patch,named,32.0,32.0,3,0.0,False,10,83,41500,26.0,1,138,5,0,1,138,5,0,0,0,1,1,2,5,6.0,6.0,0.0,0.0,,False
144,patch,named,32.0,32.0,3,0.0,False,10,84,42000,26.0,1,138,5,0,1,138,5,0,0,0,1,1,2,5,6.0,6.0,0.0,0.0,,False
144,patch,named,32.0,32.0,3,0.0,False,10,85,42500,26.0,1,138,5,0,1,138,5,0,0,0,1,1,2,5,6.0,6.0,0.0,0.0,,False
144,patch,named,32.0,32.0,3,0.0,False,10,86,43000,26.0,1,138,5,0,1,138,5,0,0,0,1,1,2,5,6.0,6.0,0.0,0.0,,False
144,patch,named,32.0,32.0,3,0.0,False,10,87,43500,26.0,1,138,5,0,1,138,5,0,0,0,1,1,2,5,6.0,6.0,0.0,0.0,,False
144,patch,named,32.0,32.0,3,0.0,False,10,88,44000,26.0,1,138,5,0,1,138,5,0,0,0,1,1,2,5,6.0,6.0,0.0,0.0,,False
144,patch,named,32.0,32.0,3,0.0,False,10,89,44500,26.0,1,138,5,0,1,138,5,0,0,0,1,1,2,5,6.0,6.0,0.0,0.0,,False
144,patch,named,32.0,32.0,3,0.0,False,10,90,45000,26.0,1,138,5,0,1,138,5,0,0,0,1,1,2,5,6.0,6.0,0.0,0.0,,False
144,patch,named,32.0,32.0,3,0.0,False,10,91,45500,26.0,1,138,5,0,1,138,5,0,0,0,1,1,2,5,6.0,6.0,0.0,0.0,,False
144,patch,named,32.0,32.0,3,0.0,False,10,92,46000,26.0,1,138,5,0,1,138,5,0,0,0,1,1,2,5,6.0,6.0,0.0,0.0,,False
144,patch,named,32.0,32.0,3,0.0,False,10,93,46500,26.0,1,138,5,0,1,138,5,0,0,0,1,1,2,5,6.0,6.0,0.0,0.0,,False
144,patch,named,32.0,32.0,3,0.0,False,10,94,47000,26.0,1,138,5,0,1,138,5,0,0,0,1,1,2,5,6.0,6.0,0.0,0.0,,False
144,patch,named,32.0,32.0,3,0.0,False,10,95,47500,26.0,1,138,5,0,1,138,5,0,0,0,1,1,2,5,6.0,6.0,0.0,0.0,,False
144,patch,named,32.0,32.0,3,0.0,False,10,96,48000,26.0,1,138,5,0,1,138,5,0,0,0,1,1,2,5,6.0,6.0,0.0,0.0,,False
144,patch,named,32.0,32.0,3,0.0,False,10,97,48500,32.0,0,136,8,0,0,136,8,0,0,0,0,0,1,8,0.0,0.0,0.0,0.0,,False
144,patch,named,32.0,32.0,3,0.0,False,10,98,49000,32.0,0,136,8,0,0,136,8,0,0,0,0,0,1,8,0.0,0.0,0.0,0.0,,False
144,patch,named,32.0,32.0,3,0.0,False,10,99,49500,32.0,0,136,8,0,0,136,8,0,0,0,0,0,1,8,0.0,0.0,0.0,0.0,,False
144,patch,named,32.0,32.0,3,0.0,False,10,100,50000,32.0,0,136,8,0,0,136,8,0,0,0,0,0,1,8,0.0,0.0,0.0,0.0,,True
144,patch,named,32.0,32.0,3,0.0,False,11,0,0,32.0,0,136,8,0,0,136,8,0,0,0,0,0,1,8,0.0,0.0,0.0,0.0,,False
144,patch,named,32.0,32.0,3,0.0,False,11,1,500,32.0,0,136,8,0,0,136,8,0,0,0,0,0,1,8,0.0,0.0,0.0,0.0,,False
144,patch,named,32.0,32.0,3,0.0,False,11,2,1000,32.0,0,136,8,0,0,136,8,0,0,0,0,0,1,8,0.0,0.0,0.0,0.0,,False
144,patch,named,32.0,32.0,3,0.0,False,11,3,1500,32.0,0,136,8,0,0,136,8,0,0,0,0,0,1,8,0.0,0.0,0.0,0.0,,False
144,patch,named,32.0,32.0,3,0.0,False,11,4,2000,32.0,0,136,8,0,0,136,8,0,0,0,0,0,1,8,0.0,0.0,0.0,0.0,,False
144,patch,named,32.0,32.0,3,0.0,False,11,5,2500,32.0,0,136,8,0,0,136,8,0,0,0,0,0,1,8,0.0,0.0,0.0,0.0,,False
144,patch,named,32.0,32.0,3,0.0,False,11,6,3000,32.0,0,136,8,0,0,136,8,0,0,0,0,0,1,8,0.0,0.0,0.0,0.0,,False
144,patch,named,32.0,32.0,3,0.0,False,11,7,3500,32.0,0,136,8,0,0,136,8,0,0,0,0,0,1,8,0.0,0.0,0.0,0.0,,False
144,patch,named,32.0,32.0,3,0.0,False,11,8,4000,32.0,0,136,8,0,0,136,8,0,0,0,0,0,1,8,0.0,0.0,0.0,0.0,,False
144,patch,named,32.0,32.0,3,0.0,False,11,9,4500,32.0,0,136,8,0,0,136,8,0,0,0,0,0,1,8,0.0,0.0,0.0,0.0,,False
144,patch,named,32.0,32.0,3,0.0,False,11,10,5000,32.0,0,136,8,0,0,136,8,0,0,0,0,0,1,8,0.0,0.0,0.0,0.0,,False
144,patch,named,32.0,32.0,3,0.0,False,11,11,5500,0.0,0,144,0,0,0,144,0,0,0,0,0,0,0,0,32.0,32.0,0.0,0.0,,False
144,patch,named,32.0,32.0,3,0.0,False,11,12,6000,32.0,0,136,8,0,0,136,8,0,0,0,0,0,1,8,0.0,0.0,0.0,0.0,,False
144,patch,named,32.0,32.0,3,0.0,False,11,13,6500,32.0,0,136,8,0,0,136,8,0,0,0,0,0,1,8,0.0,0.0,0.0,0.0,,False
144,patch,named,32.0,32.0,3,0.0,False,11,14,7000,32.0,0,136,8,0,0,136,8,0,0,0,0,0,1,8,0.0,0.0,0.0,0.0,,False
144,patch,named,32.0,32.0,3,0.0,False,11,15,7500,32.0,0,136,8,0,0,136,8,0,0,0,0,0,1,8,0.0,0.0,0.0,0.0,,False
144,patch,named,32.0,32.0,3,0.0,False,11,16,8000,32.0,0,136,8,0,0,136,8,0,0,0,0,0,1,8,0.0,0.0,0.0,0.0,,False
144,patch,named,32.0,32.0,3,0.0,False,11,17,8500,32.0,0,136,8,0,0,136,8,0,0,0,0,0,1,8,0.0,0.0,0.0,0.0,,False
144,patch,named,32.0,32.0,3,0.0,False,11,18,9000,32.0,0,136,8,0,0,136,8,0,0,0,0,0,1,8,0.0,0.0,0.0,0.0,,False
144,patch,named,32.0,32.0,3,0.0,False,11,19,9500,26.0,1,138,5,0,1,138,5,0,0,0,1,1,2,5,6.0,6.0,0.0,0.0,,False
144,patch,named,32.0,32.0,3,0.0,False,11,20,10000,26.0,1,138,5,0,1,138,5,0,0,0,1,1,2,5,6.0,6.0,0.0,0.0,,False
144,patch,named,32.0,32.0,3,0.0,False,11,21,10500,26.0,1,138,5,0,1,138,5,0,0,0,1,1,2,5,6.0,6.0,0.0,0.0,,False
144,patch,named,32.0,32.0,3,0.0,False,11,22,11000,26.0,1,138,5,0,1,138,5,0,0,0,1,1,2,5,6.0,6.0,0.0,0.0,,False
144,patch,named,32.0,32.0,3,0.0,False,11,23,11500,26.0,1,138,5,0,1,138,5,0,0,0,1,1,2,5,6.0,6.0,0.0,0.0,,False
144,patch,named,32.0,32.0,3,0.0,False,11,24,12000,26.0,1,138,5,0,1,138,5,0,0,0,1,1,2,5,6.0,6.0,0.0,0.0,,False
144,patch,named,32.0,32.0,3,0.0,False,11,25,12500,26.0,1,138,5,0,1,138,5,0,0,0,1,1,2,5,6.0,6.0,0.0,0.0,,False
144,patch,named,32.0,32.0,3,0.0,False,11,26,13000,26.0,1,138,5,0,1,138,5,0,0,0,1,1,2,5,6.0,6.0,0.0,0.0,,False
144,patch,named,32.0,32.0,3,0.0,False,11,27,13500,26.0,1,138,5,0,1,138,5,0,0,0,1,1,2,5,6.0,6.0,0.0,0.0,,False
144,patch,named,32.0,32.0,3,0.0,False,11,28,14000,26.0,1,138,5,0,1,138,5,0,0,0,1,1,2,5,6.0,6.0,0.0,0.0,,False
144,patch,named,32.0,32.0,3,0.0,False,11,29,14500,26.0,1,138,5,0,1,138,5,0,0,0,1,1,2,5,6.0,6.0,0.0,0.0,,False
144,patch,named,32.0,32.0,3,0.0,False,11,30,15000,26.0,1,138,5,0,1,138,5,0,0,0,1,1,2,5,6.0,6.0,0.0,0.0,,False
144,patch,named,32.0,32.0,3,0.0,False,11,31,15500,26.0,1,138,5,0,1,138,5,0,0,0,1,1,2,5,6.0,6.0,0.0,0.0,,False
144,patch,named,32.0,32.0,3,0.0,False,11,32,16000,26.0,1,138,5,0,1,138,5,0,0,0,1,1,2,5,6.0,6.0,0.0,0.0,,False
144,patch,named,32.0,32.0,3,0.0,False,11,33,16500,26.0,1,138,5,0,1,138,5,0,0,0,1,1,2,5,6.0,6.0,0.0,0.0,,False
144,patch,named,32.0,32.0,3,0.0,False,11,34,17000,26.0,1,138,5,0,1,138,5,0,0,0,1,1,2,5,6.0,6.0,0.0,0.0,,False
144,patch,named,32.0,32.0,3,0.0,False,11,35,17500,26.0,1,138,5,0,1,138,5,0,0,0,1,1,2,5,6.0,6.0,0.0,0.0,,False
144,patch,named,32.0,32.0,3,0.0,False,11,36,18000,26.0,1,138,5,0,1,138,5,0,0,0,1,1,2,5,6.0,6.0,0.0,0.0,,False
144,patch,named,32.0,32.0,3,0.0,False,11,37,18500,26.0,1,138,5,0,1,138,5,0,0,0,1,1,2,5,6.0,6.0,0.0,0.0,,False
144,patch,named,32.0,32.0,3,0.0,False,11,38,19000,26.0,1,138,5,0,1,138,5,0,0,0,1,1,2,5,6.0,6.0,0.0,0.0,,False
144,patch,named,32.0,32.0,3,0.0,False,11,39,19500,26.0,1,138,5,0,1,138,5,0,0,0,1,1,2,5,6.0,6.0,0.0,0.0,,False
144,patch,named,32.0,32.0,3,0.0,False,11,40,20000,26.0,1,138,5,0,1,138,5,0,0,0,1,1,2,5,6.0,6.0,0.0,0.0,,False
144,patch,named,32.0,32.0,3,0.0,False,11,41,20500,26.0,1,138,5,0,1,138,5,0,0,0,1,1,2,5,6.0,6.0,0.0,0.0,,False
144,patch,named,32.0,32.0,3,0.0,False,11,42,21000,26.0,1,138,5,0,1,138,5,0,0,0,1,1,2,5,6.0,6.0,0.0,0.0,,False
144,patch,named,32.0,32.0,3,0.0,False,11,43,21500,26.0,1,138,5,0,1,138,5,0,0,0,1,1,2,5,6.0,6.0,0.0,0.0,,False
144,patch,named,32.0,32.0,3,0.0,False,11,44,22000,26.0,1,138,5,0,1,138,5,0,0,0,1,1,2,5,6.0,6.0,0.0,0.0,,False
144,patch,named,32.0,32.0,3,0.0,False,11,45,22500,26.0,1,138,5,0,1,138,5,0,0,0,1,1,2,5,6.0,6.0,0.0,0.0,,False
144,patch,named,32.0,32.0,3,0.0,False,11,46,23000,26.0,1,138,5,0,1,138,5,0,0,0,1,1,2,5,6.0,6.0,0.0,0.0,,False
144,patch,named,32.0,32.0,3,0.0,False,11,47,23500,26.0,1,138,5,0,1,138,5,0,0,0,1,1,2,5,6.0,6.0,0.0,0.0,,False
144,patch,named,32.0,32.0,3,0.0,False,11,48,24000,26.0,1,138,5,0,1,138,5,0,0,0,1,1,2,5,6.0,6.0,0.0,0.0,,False
144,patch,named,32.0,32.0,3,0.0,False,11,49,24500,26.0,1,138,5,0,1,138,5,0,0,0,1,1,2,5,6.0,6.0,0.0,0.0,,False
144,patch,named,32.0,32.0,3,0.0,False,11,50,25000,26.0,1,138,5,0,1,138,5,0,0,0,1,1,2,5,6.0,6.0,0.0,0.0,,False
144,patch,named,32.0,32.0,3,0.0,False,11,51,25500,26.0,1,138,5,0,1,138,5,0,0,0,1,1,2,5,6.0,6.0,0.0,0.0,,False
144,patch,named,32.0,32.0,3,0.0,False,11,52,26000,26.0,1,138,5,0,1,138,5,0,0,0,1,1,2,5,6.0,6.0,0.0,0.0,,False
144,patch,named,32.0,32.0,3,0.0,False,11,53,26500,26.0,1,138,5,0,1,138,5,0,0,0,1,1,2,5,6.0,6.0,0.0,0.0,,False
144,patch,named,32.0,32.0,3,0.0,False,11,54,27000,26.0,1,138,5,0,1,138,5,0,0,0,1,1,2,5,6.0,6.0,0.0,0.0,,False
144,patch,named,32.0,32.0,3,0.0,False,11,55,27500,26.0,1,138,5,0,1,138,5,0,0,0,1,1,2,5,6.0,6.0,0.0,0.0,,False
144,patch,named,32.0,32.0,3,0.0,False,11,56,28000,26.0,1,138,5,0,1,138,5,0,0,0,1,1,2,5,6.0,6.0,0.0,0.0,,False
144,patch,named,32.0,32.0,3,0.0,False,11,57,28500,26.0,1,138,5,0,1,138,5,0,0,0,1,1,2,5,6.0,6.0,0.0,0.0,,False
144,patch,named,32.0,32.0,3,0.0,False,11,58,29000,26.0,1,138,5,0,1,138,5,0,0,0,1,1,2,5,6.0,6.0,0.0,0.0,,False
144,patch,named,32.0,32.0,3,0.0,False,11,59,29500,26.0,1,138,5,0,1,138,5,0,0,0,1,1,2,5,6.0,6.0,0.0,0.0,,False
144,patch,named,32.0,32.0,3,0.0,False,11,60,30000,26.0,1,138,5,0,1,138,5,0,0,0,1,1,2,5,6.0,6.0,0.0,0.0,,False
144,patch,named,32.0,32.0,3,0.0,False,11,61,30500,26.0,1,138,5,0,1,138,5,0,0,0,1,1,2,5,6.0,6.0,0.0,0.0,,False
144,patch,named,32.0,32.0,3,0.0,False,11,62,31000,26.0,1,138,5,0,1,138,5,0,0,0,1,1,2,5,6.0,6.0,0.0,0.0,,False
144,patch,named,32.0,32.0,3,0.0,False,11,63,31500,26.0,1,138,5,0,1,138,5,0,0,0,1,1,2,5,6.0,6.0,0.0,0.0,,False
144,patch,named,32.0,32.0,3,0.0,False,11,64,32000,26.0,1,138,5,0,1,138,5,0,0,0,1,1,2,5,6.0,6.0,0.0,0.0,,False
144,patch,named,32.0,32.0,3,0.0,False,11,65,32500,26.0,1,138,5,0,1,138,5,0,0,0,1,1,2,5,6.0,6.0,0.0,0.0,,False
144,patch,named,32.0,32.0,3,0.0,False,11,66,33000,26.0,1,138,5,0,1,138,5,0,0,0,1,1,2,5,6.0,6.0,0.0,0.0,,False
144,patch,named,32.0,32.0,3,0.0,False,11,67,33500,26.0,1,138,5,0,1,138,5,0,0,0,1,1,2,5,6.0,6.0,0.0,0.0,,False
144,patch,named,32.0,32.0,3,0.0,False,11,68,34000,26.0,1,138,5,0,1,138,5,0,0,0,1,1,2,5,6.0,6.0,0.0,0.0,,False
144,patch,named,32.0,32.0,3,0.0,False,11,69,34500,26.0,1,138,5,0,1,138,5,0,0,0,1,1,2,5,6.0,6.0,0.0,0.0,,False
144,patch,named,32.0,32.0,3,0.0,False,11,70,35000,26.0,1,138,5,0,1,138,5,0,0,0,1,1,2,5,6.0,6.0,0.0,0.0,,False
144,patch,named,32.0,32.0,3,0.0,False,11,71,35500,26.0,1,138,5,0,1,138,5,0,0,0,1,1,2,5,6.0,6.0,0.0,0.0,,False
144,patch,named,32.0,32.0,3,0.0,False,11,72,36000,26.0,1,138,5,0,1,138,5,0,0,0,1,1,2,5,6.0,6.0,0.0,0.0,,False
144,patch,named,32.0,32.0,3,0.0,False,11,73,36500,26.0,1,138,5,0,1,138,5,0,0,0,1,1,2,5,6.0,6.0,0.0,0.0,,False
144,patch,named,32.0,32.0,3,0.0,False,11,74,37000,26.0,1,138,5,0,1,138,5,0,0,0,1,1,2,5,6.0,6.0,0.0,0.0,,False
144,patch,named,32.0,32.0,3,0.0,False,11,75,37500,26.0,1,138,5,0,1,138,5,0,0,0,1,1,2,5,6.0,6.0,0.0,0.0,,False
144,patch,named,32.0,32.0,3,0.0,False,11,76,38000,26.0,1,138,5,0,1,138,5,0,0,0,1,1,2,5,6.0,6.0,0.0,0.0,,False
144,patch,named,32.0,32.0,3,0.0,False,11,77,38500,26.0,1,138,5,0,1,138,5,0,0,0,1,1,2,5,6.0,6.0,0.0,0.0,,False
144,patch,named,32.0,32.0,3,0.0,False,11,78,39000,26.0,1,138,5,0,1,138,5,0,0,0,1,1,2,5,6.0,6.0,0.0,0.0,,False
144,patch,named,32.0,32.0,3,0.0,False,11,79,39500,26.0,1,138,5,0,1,138,5,0,0,0,1,1,2,5,6.0,6.0,0.0,0.0,,False
144,patch,named,32.0,32.0,3,0.0,False,11,80,40000,26.0,1,138,5,0,1,138,5,0,0,0,1,1,2,5,6.0,6.0,0.0,0.0,,False
144,patch,named,32.0,32.0,3,0.0,False,11,81,40500,26.0,1,138,5,0,1,138,5,0,0,0,1,1,2,5,6.0,6.0,0.0,0.0,,False
144,patch,named,32.0,32.0,3,0.0,False,11,82,41000,26.0,1,138,5,0,1,138,5,0,0,0,1,1,2,5,6.0,6.0,0.0,0.0,,False
144,patch,named,32.0,32.0,3,0.0,False,11,83,41500,26.0,1,138,5,0,1,138,5,0,0,0,1,1,2,5,6.0,6.0,0.0,0.0,,False
144,patch,named,32.0,32.0,3,0.0,False,11,84,42000,26.0,1,138,5,0,1,138,5,0,0,0,1,1,2,5,6.0,6.0,0.0,0.0,,False
144,patch,named,32.0,32.0,3,0.0,False,11,85,42500,26.0,1,138,5,0,1,138,5,0,0,0,1,1,2,5,6.0,6.0,0.0,0.0,,False
144,patch,named,32.0,32.0,3,0.0,False,11,86,43000,26.0,1,138,5,0,1,138,5,0,0,0,1,1,2,5,6.0,6.0,0.0,0.0,,False
144,patch,named,32.0,32.0,3,0.0,False,11,87,43500,26.0,1,138,5,0,1,138,5,0,0,0,1,1,2,5,6.0,6.0,0.0,0.0,,False
144,patch,named,32.0,32.0,3,0.0,False,11,88,44000,26.0,1,138,5,0,1,138,5,0,0,0,1,1,2,5,6.0,6.0,0.0,0.0,,False
144,patch,named,32.0,32.0,3,0.0,False,11,89,44500,26.0,1,138,5,0,1,138,5,0,0,0,1,1,2,5,6.0,6.0,0.0,0.0,,False
144,patch,named,32.0,32.0,3,0.0,False,11,90,45000,26.0,1,138,5,0,1,138,5,0,0,0,1,1,2,5,6.0,6.0,0.0,0.0,,False
144,patch,named,32.0,32.0,3,0.0,False,11,91,45500,26.0,1,138,5,0,1,138,5,0,0,0,1,1,2,5,6.0,6.0,0.0,0.0,,False
144,patch,named,32.0,32.0,3,0.0,False,11,92,46000,26.0,1,138,5,0,1,138,5,0,0,0,1,1,2,5,6.0,6.0,0.0,0.0,,False
144,patch,named,32.0,32.0,3,0.0,False,11,93,46500,26.0,1,138,5,0,1,138,5,0,0,0,1,1,2,5,6.0,6.0,0.0,0.0,,False
144,patch,named,32.0,32.0,3,0.0,False,11,94,47000,26.0,1,138,5,0,1,138,5,0,0,0,1,1,2,5,6.0,6.0,0.0,0.0,,False
144,patch,named,32.0,32.0,3,0.0,False,11,95,47500,26.0,1,138,5,0,1,138,5,0,0,0,1,1,2,5,6.0,6.0,0.0,0.0,,False
144,patch,named,32.0,32.0,3,0.0,False,11,96,48000,26.0,1,138,5,0,1,138,5,0,0,0,1,1,2,5,6.0,6.0,0.0,0.0,,False
144,patch,named,32.0,32.0,3,0.0,False,11,97,48500,26.0,1,138,5,0,1,138,5,0,0,0,1,1,2,5,6.0,6.0,0.0,0.0,,False
144,patch,named,32.0,32.0,3,0.0,False,11,98,49000,26.0,1,138,5,0,1,138,5,0,0,0,1,1,2,5,6.0,6.0,0.0,0.0,,False
144,patch,named,32.0,32.0,3,0.0,False,11,99,49500,26.0,1,138,5,0,1,138,5,0,0,0,1,1,2,5,6.0,6.0,0.0,0.0,,False
144,patch,named,32.0,32.0,3,0.0,False,11,100,50000,26.0,1,138,5,0,1,138,5,0,0,0,1,1,2,5,6.0,6.0,0.0,0.0,,True
144,patch,named,32.0,32.0,3,0.0,False,12,0,0,32.0,0,136,8,0,0,136,8,0,0,0,0,0,1,8,0.0,0.0,0.0,0.0,,False
144,patch,named,32.0,32.0,3,0.0,False,12,1,500,32.0,0,136,8,0,0,136,8,0,0,0,0,0,1,8,0.0,0.0,0.0,0.0,,False
144,patch,named,32.0,32.0,3,0.0,False,12,2,1000,32.0,0,136,8,0,0,136,8,0,0,0,0,0,1,8,0.0,0.0,0.0,0.0,,False
144,patch,named,32.0,32.0,3,0.0,False,12,3,1500,32.0,0,136,8,0,0,136,8,0,0,0,0,0,1,8,0.0,0.0,0.0,0.0,,False
144,patch,named,32.0,32.0,3,0.0,False,12,4,2000,32.0,0,136,8,0,0,136,8,0,0,0,0,0,1,8,0.0,0.0,0.0,0.0,,False
144,patch,named,32.0,32.0,3,0.0,False,12,5,2500,0.0,0,144,0,0,0,144,0,0,0,0,0,0,0,0,32.0,32.0,0.0,0.0,,False
144,patch,named,32.0,32.0,3,0.0,False,12,6,3000,32.0,0,136,8,0,0,136,8,0,0,0,0,0,1,8,0.0,0.0,0.0,0.0,,False
144,patch,named,32.0,32.0,3,0.0,False,12,7,3500,32.0,0,136,8,0,0,136,8,0,0,0,0,0,1,8,0.0,0.0,0.0,0.0,,False
144,patch,named,32.0,32.0,3,0.0,False,12,8,4000,32.0,0,136,8,0,0,136,8,0,0,0,0,0,1,8,0.0,0.0,0.0,0.0,,False
144,patch,named,32.0,32.0,3,0.0,False,12,9,4500,32.0,0,136,8,0,0,136,8,0,0,0,0,0,1,8,0.0,0.0,0.0,0.0,,False
144,patch,named,32.0,32.0,3,0.0,False,12,10,5000,32.0,0,136,8,0,0,136,8,0,0,0,0,0,1,8,0.0,0.0,0.0,0.0,,False
144,patch,named,32.0,32.0,3,0.0,False,12,11,5500,32.0,0,136,8,0,0,136,8,0,0,0,0,0,1,8,0.0,0.0,0.0,0.0,,False
144,patch,named,32.0,32.0,3,0.0,False,12,12,6000,32.0,0,136,8,0,0,136,8,0,0,0,0,0,1,8,0.0,0.0,0.0,0.0,,False
144,patch,named,32.0,32.0,3,0.0,False,12,13,6500,32.0,0,136,8,0,0,136,8,0,0,0,0,0,1,8,0.0,0.0,0.0,0.0,,False
144,patch,named,32.0,32.0,3,0.0,False,12,14,7000,32.0,0,136,8,0,0,136,8,0,0,0,0,0,1,8,0.0,0.0,0.0,0.0,,False
144,patch,named,32.0,32.0,3,0.0,False,12,15,7500,10.0,0,144,0,0,0,144,0,0,0,0,0,0,0,0,22.0,22.0,0.0,0.0,,False
144,patch,named,32.0,32.0,3,0.0,False,12,16,8000,31.0,0,140,4,0,0,140,4,0,0,0,0,0,1,4,1.0,1.0,0.0,0.0,,False
144,patch,named,32.0,32.0,3,0.0,False,12,17,8500,31.0,0,140,4,0,0,140,4,0,0,0,0,0,1,4,1.0,1.0,0.0,0.0,,False
144,patch,named,32.0,32.0,3,0.0,False,12,18,9000,31.0,0,140,4,0,0,140,4,0,0,0,0,0,1,4,1.0,1.0,0.0,0.0,,False
144,patch,named,32.0,32.0,3,0.0,False,12,19,9500,31.0,0,140,4,0,0,140,4,0,0,0,0,0,1,4,1.0,1.0,0.0,0.0,,False
144,patch,named,32.0,32.0,3,0.0,False,12,20,10000,31.0,0,140,4,0,0,140,4,0,0,0,0,0,1,4,1.0,1.0,0.0,0.0,,False
144,patch,named,32.0,32.0,3,0.0,False,12,21,10500,31.0,0,140,4,0,0,140,4,0,0,0,0,0,1,4,1.0,1.0,0.0,0.0,,False
144,patch,named,32.0,32.0,3,0.0,False,12,22,11000,31.0,0,140,4,0,0,140,4,0,0,0,0,0,1,4,1.0,1.0,0.0,0.0,,False
144,patch,named,32.0,32.0,3,0.0,False,12,23,11500,31.0,0,140,4,0,0,140,4,0,0,0,0,0,1,4,1.0,1.0,0.0,0.0,,False
144,patch,named,32.0,32.0,3,0.0,False,12,24,12000,31.0,0,140,4,0,0,140,4,0,0,0,0,0,1,4,1.0,1.0,0.0,0.0,,False
144,patch,named,32.0,32.0,3,0.0,False,12,25,12500,31.0,0,140,4,0,0,140,4,0,0,0,0,0,1,4,1.0,1.0,0.0,0.0,,False
144,patch,named,32.0,32.0,3,0.0,False,12,26,13000,31.0,0,140,4,0,0,140,4,0,0,0,0,0,1,4,1.0,1.0,0.0,0.0,,False
144,patch,named,32.0,32.0,3,0.0,False,12,27,13500,31.0,0,140,4,0,0,140,4,0,0,0,0,0,1,4,1.0,1.0,0.0,0.0,,False
144,patch,named,32.0,32.0,3,0.0,False,12,28,14000,31.0,0,140,4,0,0,140,4,0,0,0,0,0,1,4,1.0,1.0,0.0,0.0,,False
144,patch,named,32.0,32.0,3,0.0,False,12,29,14500,31.0,0,140,4,0,0,140,4,0,0,0,0,0,1,4,1.0,1.0,0.0,0.0,,False
144,patch,named,32.0,32.0,3,0.0,False,12,30,15000,31.0,0,140,4,0,0,140,4,0,0,0,0,0,1,4,1.0,1.0,0.0,0.0,,False
144,patch,named,32.0,32.0,3,0.0,False,12,31,15500,31.0,0,140,4,0,0,140,4,0,0,0,0,0,1,4,1.0,1.0,0.0,0.0,,False
144,patch,named,32.0,32.0,3,0.0,False,12,32,16000,31.0,0,140,4,0,0,140,4,0,0,0,0,0,1,4,1.0,1.0,0.0,0.0,,False
144,patch,named,32.0,32.0,3,0.0,False,12,33,16500,31.0,0,140,4,0,0,140,4,0,0,0,0,0,1,4,1.0,1.0,0.0,0.0,,False
144,patch,named,32.0,32.0,3,0.0,False,12,34,17000,31.0,0,140,4,0,0,140,4,0,0,0,0,0,1,4,1.0,1.0,0.0,0.0,,False
144,patch,named,32.0,32.0,3,0.0,False,12,35,17500,31.0,0,140,4,0,0,140,4,0,0,0,0,0,1,4,1.0,1.0,0.0,0.0,,False
144,patch,named,32.0,32.0,3,0.0,False,12,36,18000,31.0,0,140,4,0,0,140,4,0,0,0,0,0,1,4,1.0,1.0,0.0,0.0,,False
144,patch,named,32.0,32.0,3,0.0,False,12,37,18500,31.0,0,140,4,0,0,140,4,0,0,0,0,0,1,4,1.0,1.0,0.0,0.0,,False
144,patch,named,32.0,32.0,3,0.0,False,12,38,19000,31.0,0,140,4,0,0,140,4,0,0,0,0,0,1,4,1.0,1.0,0.0,0.0,,False
144,patch,named,32.0,32.0,3,0.0,False,12,39,19500,31.0,0,140,4,0,0,140,4,0,0,0,0,0,1,4,1.0,1.0,0.0,0.0,,False
144,patch,named,32.0,32.0,3,0.0,False,12,40,20000,31.0,0,140,4,0,0,140,4,0,0,0,0,0,1,4,1.0,1.0,0.0,0.0,,False
144,patch,named,32.0,32.0,3,0.0,False,12,41,20500,31.0,0,140,4,0,0,140,4,0,0,0,0,0,1,4,1.0,1.0,0.0,0.0,,False
144,patch,named,32.0,32.0,3,0.0,False,12,42,21000,31.0,0,140,4,0,0,140,4,0,0,0,0,0,1,4,1.0,1.0,0.0,0.0,,False
144,patch,named,32.0,32.0,3,0.0,False,12,43,21500,31.0,0,140,4,0,0,140,4,0,0,0,0,0,1,4,1.0,1.0,0.0,0.0,,False
144,patch,named,32.0,32.0,3,0.0,False,12,44,22000,31.0,0,140,4,0,0,140,4,0,0,0,0,0,1,4,1.0,1.0,0.0,0.0,,False
144,patch,named,32.0,32.0,3,0.0,False,12,45,22500,31.0,0,140,4,0,0,140,4,0,0,0,0,0,1,4,1.0,1.0,0.0,0.0,,False
144,patch,named,32.0,32.0,3,0.0,False,12,46,23000,31.0,0,140,4,0,0,140,4,0,0,0,0,0,1,4,1.0,1.0,0.0,0.0,,False
144,patch,named,32.0,32.0,3,0.0,False,12,47,23500,31.0,0,140,4,0,0,140,4,0,0,0,0,0,1,4,1.0,1.0,0.0,0.0,,False
144,patch,named,32.0,32.0,3,0.0,False,12,48,24000,31.0,0,140,4,0,0,140,4,0,0,0,0,0,1,4,1.0,1.0,0.0,0.0,,False
144,patch,named,32.0,32.0,3,0.0,False,12,49,24500,31.0,0,140,4,0,0,140,4,0,0,0,0,0,1,4,1.0,1.0,0.0,0.0,,False
144,patch,named,32.0,32.0,3,0.0,False,12,50,25000,31.0,0,140,4,0,0,140,4,0,0,0,0,0,1,4,1.0,1.0,0.0,0.0,,False
144,patch,named,32.0,32.0,3,0.0,False,12,51,25500,31.0,0,140,4,0,0,140,4,0,0,0,0,0,1,4,1.0,1.0,0.0,0.0,,False
144,patch,named,32.0,32.0,3,0.0,False,12,52,26000,31.0,0,140,4,0,0,140,4,0,0,0,0,0,1,4,1.0,1.0,0.0,0.0,,False
144,patch,named,32.0,32.0,3,0.0,False,12,53,26500,31.0,0,140,4,0,0,140,4,0,0,0,0,0,1,4,1.0,1.0,0.0,0.0,,False
144,patch,named,32.0,32.0,3,0.0,False,12,54,27000,31.0,0,140,4,0,0,140,4,0,0,0,0,0,1,4,1.0,1.0,0.0,0.0,,False
144,patch,named,32.0,32.0,3,0.0,False,12,55,27500,31.0,0,140,4,0,0,140,4,0,0,0,0,0,1,4,1.0,1.0,0.0,0.0,,False
144,patch,named,32.0,32.0,3,0.0,False,12,56,28000,31.0,0,140,4,0,0,140,4,0,0,0,0,0,1,4,1.0,1.0,0.0,0.0,,False
144,patch,named,32.0,32.0,3,0.0,False,12,57,28500,31.0,0,140,4,0,0,140,4,0,0,0,0,0,1,4,1.0,1.0,0.0,0.0,,False
144,patch,named,32.0,32.0,3,0.0,False,12,58,29000,31.0,0,140,4,0,0,140,4,0,0,0,0,0,1,4,1.0,1.0,0.0,0.0,,False
144,patch,named,32.0,32.0,3,0.0,False,12,59,29500,31.0,0,140,4,0,0,140,4,0,0,0,0,0,1,4,1.0,1.0,0.0,0.0,,False
144,patch,named,32.0,32.0,3,0.0,False,12,60,30000,31.0,0,140,4,0,0,140,4,0,0,0,0,0,1,4,1.0,1.0,0.0,0.0,,False
144,patch,named,32.0,32.0,3,0.0,False,12,61,30500,31.0,0,140,4,0,0,140,4,0,0,0,0,0,1,4,1.0,1.0,0.0,0.0,,False
144,patch,named,32.0,32.0,3,0.0,False,12,62,31000,31.0,0,140,4,0,0,140,4,0,0,0,0,0,1,4,1.0,1.0,0.0,0.0,,False
144,patch,named,32.0,32.0,3,0.0,False,12,63,31500,31.0,0,140,4,0,0,140,4,0,0,0,0,0,1,4,1.0,1.0,0.0,0.0,,False
144,patch,named,32.0,32.0,3,0.0,False,12,64,32000,31.0,0,140,4,0,0,140,4,0,0,0,0,0,1,4,1.0,1.0,0.0,0.0,,False
144,patch,named,32.0,32.0,3,0.0,False,12,65,32500,31.0,0,140,4,0,0,140,4,0,0,0,0,0,1,4,1.0,1.0,0.0,0.0,,False
144,patch,named,32.0,32.0,3,0.0,False,12,66,33000,31.0,0,140,4,0,0,140,4,0,0,0,0,0,1,4,1.0,1.0,0.0,0.0,,False
144,patch,named,32.0,32.0,3,0.0,False,12,67,33500,31.0,0,140,4,0,0,140,4,0,0,0,0,0,1,4,1.0,1.0,0.0,0.0,,False
144,patch,named,32.0,32.0,3,0.0,False,12,68,34000,31.0,0,140,4,0,0,140,4,0,0,0,0,0,1,4,1.0,1.0,0.0,0.0,,False
144,patch,named,32.0,32.0,3,0.0,False,12,69,34500,31.0,0,140,4,0,0,140,4,0,0,0,0,0,1,4,1.0,1.0,0.0,0.0,,False
144,patch,named,32.0,32.0,3,0.0,False,12,70,35000,31.0,0,140,4,0,0,140,4,0,0,0,0,0,1,4,1.0,1.0,0.0,0.0,,False
144,patch,named,32.0,32.0,3,0.0,False,12,71,35500,31.0,0,140,4,0,0,140,4,0,0,0,0,0,1,4,1.0,1.0,0.0,0.0,,False
144,patch,named,32.0,32.0,3,0.0,False,12,72,36000,31.0,0,140,4,0,0,140,4,0,0,0,0,0,1,4,1.0,1.0,0.0,0.0,,False
144,patch,named,32.0,32.0,3,0.0,False,12,73,36500,31.0,0,140,4,0,0,140,4,0,0,0,0,0,1,4,1.0,1.0,0.0,0.0,,False
144,patch,named,32.0,32.0,3,0.0,False,12,74,37000,31.0,0,140,4,0,0,140,4,0,0,0,0,0,1,4,1.0,1.0,0.0,0.0,,False
144,patch,named,32.0,32.0,3,0.0,False,12,75,37500,31.0,0,140,4,0,0,140,4,0,0,0,0,0,1,4,1.0,1.0,0.0,0.0,,False
144,patch,named,32.0,32.0,3,0.0,False,12,76,38000,31.0,0,140,4,0,0,140,4,0,0,0,0,0,1,4,1.0,1.0,0.0,0.0,,False
144,patch,named,32.0,32.0,3,0.0,False,12,77,38500,31.0,0,140,4,0,0,140,4,0,0,0,0,0,1,4,1.0,1.0,0.0,0.0,,False
144,patch,named,32.0,32.0,3,0.0,False,12,78,39000,31.0,0,140,4,0,0,140,4,0,0,0,0,0,1,4,1.0,1.0,0.0,0.0,,False
144,patch,named,32.0,32.0,3,0.0,False,12,79,39500,31.0,0,140,4,0,0,140,4,0,0,0,0,0,1,4,1.0,1.0,0.0,0.0,,False
144,patch,named,32.0,32.0,3,0.0,False,12,80,40000,31.0,0,140,4,0,0,140,4,0,0,0,0,0,1,4,1.0,1.0,0.0,0.0,,False
144,patch,named,32.0,32.0,3,0.0,False,12,81,40500,31.0,0,140,4,0,0,140,4,0,0,0,0,0,1,4,1.0,1.0,0.0,0.0,,False
144,patch,named,32.0,32.0,3,0.0,False,12,82,41000,31.0,0,140,4,0,0,140,4,0,0,0,0,0,1,4,1.0,1.0,0.0,0.0,,False
144,patch,named,32.0,32.0,3,0.0,False,12,83,41500,31.0,0,140,4,0,0,140,4,0,0,0,0,0,1,4,1.0,1.0,0.0,0.0,,False
144,patch,named,32.0,32.0,3,0.0,False,12,84,42000,31.0,0,140,4,0,0,140,4,0,0,0,0,0,1,4,1.0,1.0,0.0,0.0,,False
144,patch,named,32.0,32.0,3,0.0,False,12,85,42500,31.0,0,140,4,0,0,140,4,0,0,0,0,0,1,4,1.0,1.0,0.0,0.0,,False
144,patch,named,32.0,32.0,3,0.0,False,12,86,43000,31.0,0,140,4,0,0,140,4,0,0,0,0,0,1,4,1.0,1.0,0.0,0.0,,False
144,patch,named,32.0,32.0,3,0.0,False,12,87,43500,31.0,0,140,4,0,0,140,4,0,0,0,0,0,1,4,1.0,1.0,0.0,0.0,,False
144,patch,named,32.0,32.0,3,0.0,False,12,88,44000,31.0,0,140,4,0,0,140,4,0,0,0,0,0,1,4,1.0,1.0,0.0,0.0,,False
144,patch,named,32.0,32.0,3,0.0,False,12,89,44500,31.0,0,140,4,0,0,140,4,0,0,0,0,0,1,4,1.0,1.0,0.0,0.0,,False
144,patch,named,32.0,32.0,3,0.0,False,12,90,45000,31.0,0,140,4,0,0,140,4,0,0,0,0,0,1,4,1.0,1.0,0.0,0.0,,False
144,patch,named,32.0,32.0,3,0.0,False,12,91,45500,31.0,0,140,4,0,0,140,4,0,0,0,0,0,1,4,1.0,1.0,0.0,0.0,,False
144,patch,named,32.0,32.0,3,0.0,False,12,92,46000,31.0,0,140,4,0,0,140,4,0,0,0,0,0,1,4,1.0,1.0,0.0,0.0,,False
144,patch,named,32.0,32.0,3,0.0,False,12,93,46500,31.0,0,140,4,0,0,140,4,0,0,0,0,0,1,4,1.0,1.0,0.0,0.0,,False
144,patch,named,32.0,32.0,3,0.0,False,12,94,47000,31.0,0,140,4,0,0,140,4,0,0,0,0,0,1,4,1.0,1.0,0.0,0.0,,False
144,patch,named,32.0,32.0,3,0.0,False,12,95,47500,31.0,0,140,4,0,0,140,4,0,0,0,0,0,1,4,1.0,1.0,0.0,0.0,,False
144,patch,named,32.0,32.0,3,0.0,False,12,96,48000,31.0,0,140,4,0,0,140,4,0,0,0,0,0,1,4,1.0,1.0,0.0,0.0,,False
144,patch,named,32.0,32.0,3,0.0,False,12,97,48500,31.0,0,140,4,0,0,140,4,0,0,0,0,0,1,4,1.0,1.0,0.0,0.0,,False
144,patch,named,32.0,32.0,3,0.0,False,12,98,49000,31.0,0,140,4,0,0,140,4,0,0,0,0,0,1,4,1.0,1.0,0.0,0.0,,False
144,patch,named,32.0,32.0,3,0.0,False,12,99,49500,31.0,0,140,4,0,0,140,4,0,0,0,0,0,1,4,1.0,1.0,0.0,0.0,,False
144,patch,named,32.0,32.0,3,0.0,False,12,100,50000,31.0,0,140,4,0,0,140,4,0,0,0,0,0,1,4,1.0,1.0,0.0,0.0,,True
144,patch,named,32.0,32.0,3,0.0,False,13,0,0,32.0,0,136,8,0,0,136,8,0,0,0,0,0,1,8,0.0,0.0,0.0,0.0,,False
144,patch,named,32.0,32.0,3,0.0,False,13,1,500,32.0,0,136,8,0,0,136,8,0,0,0,0,0,1,8,0.0,0.0,0.0,0.0,,False
144,patch,named,32.0,32.0,3,0.0,False,13,2,1000,32.0,0,136,8,0,0,136,8,0,0,0,0,0,1,8,0.0,0.0,0.0,0.0,,False
144,patch,named,32.0,32.0,3,0.0,False,13,3,1500,32.0,0,136,8,0,0,136,8,0,0,0,0,0,1,8,0.0,0.0,0.0,0.0,,False
144,patch,named,32.0,32.0,3,0.0,False,13,4,2000,32.0,0,136,8,0,0,136,8,0,0,0,0,0,1,8,0.0,0.0,0.0,0.0,,False
144,patch,named,32.0,32.0,3,0.0,False,13,5,2500,32.0,0,136,8,0,0,136,8,0,0,0,0,0,1,8,0.0,0.0,0.0,0.0,,False
144,patch,named,32.0,32.0,3,0.0,False,13,6,3000,32.0,0,136,8,0,0,136,8,0,0,0,0,0,1,8,0.0,0.0,0.0,0.0,,False
144,patch,named,32.0,32.0,3,0.0,False,13,7,3500,32.0,0,136,8,0,0,136,8,0,0,0,0,0,1,8,0.0,0.0,0.0,0.0,,False
144,patch,named,32.0,32.0,3,0.0,False,13,8,4000,32.0,0,136,8,0,0,136,8,0,0,0,0,0,1,8,0.0,0.0,0.0,0.0,,False
144,patch,named,32.0,32.0,3,0.0,False,13,9,4500,32.0,0,136,8,0,0,136,8,0,0,0,0,0,1,8,0.0,0.0,0.0,0.0,,False
144,patch,named,32.0,32.0,3,0.0,False,13,10,5000,32.0,0,136,8,0,0,136,8,0,0,0,0,0,1,8,0.0,0.0,0.0,0.0,,False
144,patch,named,32.0,32.0,3,0.0,False,13,11,5500,32.0,0,136,8,0,0,136,8,0,0,0,0,0,1,8,0.0,0.0,0.0,0.0,,False
144,patch,named,32.0,32.0,3,0.0,False,13,12,6000,0.0,0,144,0,0,0,144,0,0,0,0,0,0,0,0,32.0,32.0,0.0,0.0,,False
144,patch,named,32.0,32.0,3,0.0,False,13,13,6500,32.0,0,136,8,0,0,136,8,0,0,0,0,0,1,8,0.0,0.0,0.0,0.0,,False
144,patch,named,32.0,32.0,3,0.0,False,13,14,7000,32.0,0,136,8,0,0,136,8,0,0,0,0,0,1,8,0.0,0.0,0.0,0.0,,False
144,patch,named,32.0,32.0,3,0.0,False,13,15,7500,32.0,0,136,8,0,0,136,8,0,0,0,0,0,1,8,0.0,0.0,0.0,0.0,,False
144,patch,named,32.0,32.0,3,0.0,False,13,16,8000,32.0,0,136,8,0,0,136,8,0,0,0,0,0,1,8,0.0,0.0,0.0,0.0,,False
144,patch,named,32.0,32.0,3,0.0,False,13,17,8500,32.0,0,136,8,0,0,136,8,0,0,0,0,0,1,8,0.0,0.0,0.0,0.0,,False
144,patch,named,32.0,32.0,3,0.0,False,13,18,9000,32.0,0,136,8,0,0,136,8,0,0,0,0,0,1,8,0.0,0.0,0.0,0.0,,False
144,patch,named,32.0,32.0,3,0.0,False,13,19,9500,32.0,0,136,8,0,0,136,8,0,0,0,0,0,1,8,0.0,0.0,0.0,0.0,,False
144,patch,named,32.0,32.0,3,0.0,False,13,20,10000,26.0,1,138,5,0,1,138,5,0,0,0,1,1,2,5,6.0,6.0,0.0,0.0,,False
144,patch,named,32.0,32.0,3,0.0,False,13,21,10500,26.0,1,138,5,0,1,138,5,0,0,0,1,1,2,5,6.0,6.0,0.0,0.0,,False
144,patch,named,32.0,32.0,3,0.0,False,13,22,11000,26.0,1,138,5,0,1,138,5,0,0,0,1,1,2,5,6.0,6.0,0.0,0.0,,False
144,patch,named,32.0,32.0,3,0.0,False,13,23,11500,26.0,1,138,5,0,1,138,5,0,0,0,1,1,2,5,6.0,6.0,0.0,0.0,,False
144,patch,named,32.0,32.0,3,0.0,False,13,24,12000,26.0,1,138,5,0,1,138,5,0,0,0,1,1,2,5,6.0,6.0,0.0,0.0,,False
144,patch,named,32.0,32.0,3,0.0,False,13,25,12500,26.0,1,138,5,0,1,138,5,0,0,0,1,1,2,5,6.0,6.0,0.0,0.0,,False
144,patch,named,32.0,32.0,3,0.0,False,13,26,13000,26.0,1,138,5,0,1,138,5,0,0,0,1,1,2,5,6.0,6.0,0.0,0.0,,False
144,patch,named,32.0,32.0,3,0.0,False,13,27,13500,26.0,1,138,5,0,1,138,5,0,0,0,1,1,2,5,6.0,6.0,0.0,0.0,,False
144,patch,named,32.0,32.0,3,0.0,False,13,28,14000,26.0,1,138,5,0,1,138,5,0,0,0,1,1,2,5,6.0,6.0,0.0,0.0,,False
144,patch,named,32.0,32.0,3,0.0,False,13,29,14500,26.0,1,138,5,0,1,138,5,0,0,0,1,1,2,5,6.0,6.0,0.0,0.0,,False
144,patch,named,32.0,32.0,3,0.0,False,13,30,15000,26.0,1,138,5,0,1,138,5,0,0,0,1,1,2,5,6.0,6.0,0.0,0.0,,False
144,patch,named,32.0,32.0,3,0.0,False,13,31,15500,26.0,1,138,5,0,1,138,5,0,0,0,1,1,2,5,6.0,6.0,0.0,0.0,,False
144,patch,named,32.0,32.0,3,0.0,False,13,32,16000,26.0,1,138,5,0,1,138,5,0,0,0,1,1,2,5,6.0,6.0,0.0,0.0,,False
144,patch,named,32.0,32.0,3,0.0,False,13,33,16500,26.0,1,138,5,0,1,138,5,0,0,0,1,1,2,5,6.0,6.0,0.0,0.0,,False
144,patch,named,32.0,32.0,3,0.0,False,13,34,17000,26.0,1,138,5,0,1,138,5,0,0,0,1,1,2,5,6.0,6.0,0.0,0.0,,False
144,patch,named,32.0,32.0,3,0.0,False,13,35,17500,26.0,1,138,5,0,1,138,5,0,0,0,1,1,2,5,6.0,6.0,0.0,0.0,,False
144,patch,named,32.0,32.0,3,0.0,False,13,36,18000,26.0,1,138,5,0,1,138,5,0,0,0,1,1,2,5,6.0,6.0,0.0,0.0,,False
144,patch,named,32.0,32.0,3,0.0,False,13,37,18500,26.0,1,138,5,0,1,138,5,0,0,0,1,1,2,5,6.0,6.0,0.0,0.0,,False
144,patch,named,32.0,32.0,3,0.0,False,13,38,19000,26.0,1,138,5,0,1,138,5,0,0,0,1,1,2,5,6.0,6.0,0.0,0.0,,False
144,patch,named,32.0,32.0,3,0.0,False,13,39,19500,26.0,1,138,5,0,1,138,5,0,0,0,1,1,2,5,6.0,6.0,0.0,0.0,,False
144,patch,named,32.0,32.0,3,0.0,False,13,40,20000,26.0,1,138,5,0,1,138,5,0,0,0,1,1,2,5,6.0,6.0,0.0,0.0,,False
144,patch,named,32.0,32.0,3,0.0,False,13,41,20500,26.0,1,138,5,0,1,138,5,0,0,0,1,1,2,5,6.0,6.0,0.0,0.0,,False
144,patch,named,32.0,32.0,3,0.0,False,13,42,21000,26.0,1,138,5,0,1,138,5,0,0,0,1,1,2,5,6.0,6.0,0.0,0.0,,False
144,patch,named,32.0,32.0,3,0.0,False,13,43,21500,26.0,1,138,5,0,1,138,5,0,0,0,1,1,2,5,6.0,6.0,0.0,0.0,,False
144,patch,named,32.0,32.0,3,0.0,False,13,44,22000,26.0,1,138,5,0,1,138,5,0,0,0,1,1,2,5,6.0,6.0,0.0,0.0,,False
144,patch,named,32.0,32.0,3,0.0,False,13,45,22500,26.0,1,138,5,0,1,138,5,0,0,0,1,1,2,5,6.0,6.0,0.0,0.0,,False
144,patch,named,32.0,32.0,3,0.0,False,13,46,23000,26.0,1,138,5,0,1,138,5,0,0,0,1,1,2,5,6.0,6.0,0.0,0.0,,False
144,patch,named,32.0,32.0,3,0.0,False,13,47,23500,26.0,1,138,5,0,1,138,5,0,0,0,1,1,2,5,6.0,6.0,0.0,0.0,,False
144,patch,named,32.0,32.0,3,0.0,False,13,48,24000,32.0,0,136,8,0,0,136,8,0,0,0,0,0,1,8,0.0,0.0,0.0,0.0,,False
144,patch,named,32.0,32.0,3,0.0,False,13,49,24500,0.0,0,144,0,0,0,144,0,0,0,0,0,0,0,0,32.0,32.0,0.0,0.0,,False
144,patch,named,32.0,32.0,3,0.0,False,13,50,25000,32.0,0,136,8,0,0,136,8,0,0,0,0,0,1,8,0.0,0.0,0.0,0.0,,False
144,patch,named,32.0,32.0,3,0.0,False,13,51,25500,32.0,0,136,8,0,0,136,8,0,0,0,0,0,1,8,0.0,0.0,0.0,0.0,,False
144,patch,named,32.0,32.0,3,0.0,False,13,52,26000,32.0,0,136,8,0,0,136,8,0,0,0,0,0,1,8,0.0,0.0,0.0,0.0,,False
144,patch,named,32.0,32.0,3,0.0,False,13,53,26500,32.0,0,136,8,0,0,136,8,0,0,0,0,0,1,8,0.0,0.0,0.0,0.0,,False
144,patch,named,32.0,32.0,3,0.0,False,13,54,27000,32.0,0,136,8,0,0,136,8,0,0,0,0,0,1,8,0.0,0.0,0.0,0.0,,False
144,patch,named,32.0,32.0,3,0.0,False,13,55,27500,32.0,0,136,8,0,0,136,8,0,0,0,0,0,1,8,0.0,0.0,0.0,0.0,,False
144,patch,named,32.0,32.0,3,0.0,False,13,56,28000,32.0,0,136,8,0,0,136,8,0,0,0,0,0,1,8,0.0,0.0,0.0,0.0,,False
144,patch,named,32.0,32.0,3,0.0,False,13,57,28500,32.0,0,136,8,0,0,136,8,0,0,0,0,0,1,8,0.0,0.0,0.0,0.0,,False
144,patch,named,32.0,32.0,3,0.0,False,13,58,29000,32.0,0,136,8,0,0,136,8,0,0,0,0,0,1,8,0.0,0.0,0.0,0.0,,False
144,patch,named,32.0,32.0,3,0.0,False,13,59,29500,32.0,0,136,8,0,0,136,8,0,0,0,0,0,1,8,0.0,0.0,0.0,0.0,,False
144,patch,named,32.0,32.0,3,0.0,False,13,60,30000,32.0,0,136,8,0,0,136,8,0,0,0,0,0,1,8,0.0,0.0,0.0,0.0,,False
144,patch,named,32.0,32.0,3,0.0,False,13,61,30500,32.0,0,136,8,0,0,136,8,0,0,0,0,0,1,8,0.0,0.0,0.0,0.0,,False
144,patch,named,32.0,32.0,3,0.0,False,13,62,31000,10.0,0,144,0,0,0,144,0,0,0,0,0,0,0,0,22.0,22.0,0.0,0.0,,False
144,patch,named,32.0,32.0,3,0.0,False,13,63,31500,10.0,0,144,0,0,0,144,0,0,0,0,0,0,0,0,22.0,22.0,0.0,0.0,,False
144,patch,named,32.0,32.0,3,0.0,False,13,64,32000,10.0,0,144,0,0,0,144,0,0,0,0,0,0,0,0,22.0,22.0,0.0,0.0,,False
144,patch,named,32.0,32.0,3,0.0,False,13,65,32500,10.0,0,144,0,0,0,144,0,0,0,0,0,0,0,0,22.0,21.0,0.0,0.0,,False
144,patch,named,32.0,32.0,3,0.0,False,13,66,33000,10.0,0,144,0,0,0,144,0,0,0,0,0,0,0,0,22.0,21.0,0.0,0.0,,False
144,patch,named,32.0,32.0,3,0.0,False,13,67,33500,10.0,0,144,0,0,0,144,0,0,0,0,0,0,0,0,22.0,21.0,0.0,0.0,,False
144,patch,named,32.0,32.0,3,0.0,False,13,68,34000,10.0,0,144,0,0,0,144,0,0,0,0,0,0,0,0,22.0,21.0,0.0,0.0,,False
144,patch,named,32.0,32.0,3,0.0,False,13,69,34500,10.0,0,144,0,0,0,144,0,0,0,0,0,0,0,0,22.0,21.0,0.0,0.0,,False
144,patch,named,32.0,32.0,3,0.0,False,13,70,35000,10.0,0,144,0,0,0,144,0,0,0,0,0,0,0,0,22.0,21.0,0.0,0.0,,False
144,patch,named,32.0,32.0,3,0.0,False,13,71,35500,10.0,0,144,0,0,0,144,0,0,0,0,0,0,0,0,22.0,21.0,0.0,0.0,,False
144,patch,named,32.0,32.0,3,0.0,False,13,72,36000,10.0,0,144,0,0,0,144,0,0,0,0,0,0,0,0,22.0,21.0,0.0,0.0,,False
144,patch,named,32.0,32.0,3,0.0,False,13,73,36500,10.0,0,144,0,0,0,144,0,0,0,0,0,0,0,0,22.0,21.0,0.0,0.0,,False
144,patch,named,32.0,32.0,3,0.0,False,13,74,37000,10.0,0,144,0,0,0,144,0,0,0,0,0,0,0,0,22.0,21.0,0.0,0.0,,False
144,patch,named,32.0,32.0,3,0.0,False,13,75,37500,10.0,0,144,0,0,0,144,0,0,0,0,0,0,0,0,22.0,21.0,0.0,0.0,,False
144,patch,named,32.0,32.0,3,0.0,False,13,76,38000,31.0,1,138,5,0,1,138,5,0,0,0,1,1,2,5,1.0,1.0,0.0,0.0,,False
144,patch,named,32.0,32.0,3,0.0,False,13,77,38500,10.0,0,144,0,0,0,144,0,0,0,0,0,0,0,0,22.0,21.0,0.0,0.0,,False
144,patch,named,32.0,32.0,3,0.0,False,13,78,39000,10.0,0,144,0,0,0,144,0,0,0,0,0,0,0,0,22.0,21.0,0.0,0.0,,False
144,patch,named,32.0,32.0,3,0.0,False,13,79,39500,10.0,0,144,0,0,0,144,0,0,0,0,0,0,0,0,22.0,21.0,0.0,0.0,,False
144,patch,named,32.0,32.0,3,0.0,False,13,80,40000,10.0,0,144,0,0,0,144,0,0,0,0,0,0,0,0,22.0,21.0,0.0,0.0,,False
144,patch,named,32.0,32.0,3,0.0,False,13,81,40500,10.0,0,144,0,0,0,144,0,0,0,0,0,0,0,0,22.0,21.0,0.0,0.0,,False
144,patch,named,32.0,32.0,3,0.0,False,13,82,41000,10.0,0,144,0,0,0,144,0,0,0,0,0,0,0,0,22.0,21.0,0.0,0.0,,False
144,patch,named,32.0,32.0,3,0.0,False,13,83,41500,10.0,0,144,0,0,0,144,0,0,0,0,0,0,0,0,22.0,21.0,0.0,0.0,,False
144,patch,named,32.0,32.0,3,0.0,False,13,84,42000,10.0,0,144,0,0,0,144,0,0,0,0,0,0,0,0,22.0,21.0,0.0,0.0,,False
144,patch,named,32.0,32.0,3,0.0,False,13,85,42500,10.0,0,144,0,0,0,144,0,0,0,0,0,0,0,0,22.0,21.0,0.0,0.0,,False
144,patch,named,32.0,32.0,3,0.0,False,13,86,43000,10.0,0,144,0,0,0,144,0,0,0,0,0,0,0,0,22.0,21.0,0.0,0.0,,False
144,patch,named,32.0,32.0,3,0.0,False,13,87,43500,10.0,0,144,0,0,0,144,0,0,0,0,0,0,0,0,22.0,21.0,0.0,0.0,,False
144,patch,named,32.0,32.0,3,0.0,False,13,88,44000,10.0,0,144,0,0,0,144,0,0,0,0,0,0,0,0,22.0,21.0,0.0,0.0,,False
144,patch,named,32.0,32.0,3,0.0,False,13,89,44500,10.0,0,144,0,0,0,144,0,0,0,0,0,0,0,0,22.0,21.0,0.0,0.0,,False
144,patch,named,32.0,32.0,3,0.0,False,13,90,45000,10.0,0,144,0,0,0,144,0,0,0,0,0,0,0,0,22.0,21.0,0.0,0.0,,False
144,patch,named,32.0,32.0,3,0.0,False,13,91,45500,10.0,0,144,0,0,0,144,0,0,0,0,0,0,0,0,22.0,21.0,0.0,0.0,,False
144,patch,named,32.0,32.0,3,0.0,False,13,92,46000,10.0,0,144,0,0,0,144,0,0,0,0,0,0,0,0,22.0,21.0,0.0,0.0,,False
144,patch,named,32.0,32.0,3,0.0,False,13,93,46500,10.0,0,144,0,0,0,144,0,0,0,0,0,0,0,0,22.0,21.0,0.0,0.0,,False
144,patch,named,32.0,32.0,3,0.0,False,13,94,47000,10.0,0,144,0,0,0,144,0,0,0,0,0,0,0,0,22.0,21.0,0.0,0.0,,False
144,patch,named,32.0,32.0,3,0.0,False,13,95,47500,10.0,0,144,0,0,0,144,0,0,0,0,0,0,0,0,22.0,21.0,0.0,0.0,,False
144,patch,named,32.0,32.0,3,0.0,False,13,96,48000,10.0,0,144,0,0,0,144,0,0,0,0,0,0,0,0,22.0,21.0,0.0,0.0,,False
144,patch,named,32.0,32.0,3,0.0,False,13,97,48500,10.0,0,144,0,0,0,144,0,0,0,0,0,0,0,0,22.0,21.0,0.0,0.0,,False
144,patch,named,32.0,32.0,3,0.0,False,13,98,49000,10.0,0,144,0,0,0,144,0,0,0,0,0,0,0,0,22.0,21.0,0.0,0.0,,False
144,patch,named,32.0,32.0,3,0.0,False,13,99,49500,10.0,0,144,0,0,0,144,0,0,0,0,0,0,0,0,22.0,21.0,0.0,0.0,,False
144,patch,named,32.0,32.0,3,0.0,False,13,100,50000,10.0,0,144,0,0,0,144,0,0,0,0,0,0,0,0,22.0,21.0,0.0,0.0,,True
144,patch,named,32.0,32.0,3,0.0,False,14,0,0,32.0,0,136,8,0,0,136,8,0,0,0,0,0,1,8,0.0,0.0,0.0,0.0,,False
144,patch,named,32.0,32.0,3,0.0,False,14,1,500,32.0,0,136,8,0,0,136,8,0,0,0,0,0,1,8,0.0,0.0,0.0,0.0,,False
144,patch,named,32.0,32.0,3,0.0,False,14,2,1000,32.0,0,136,8,0,0,136,8,0,0,0,0,0,1,8,0.0,0.0,0.0,0.0,,False
144,patch,named,32.0,32.0,3,0.0,False,14,3,1500,32.0,0,136,8,0,0,136,8,0,0,0,0,0,1,8,0.0,0.0,0.0,0.0,,False
144,patch,named,32.0,32.0,3,0.0,False,14,4,2000,0.0,0,144,0,0,0,144,0,0,0,0,0,0,0,0,32.0,32.0,0.0,0.0,,False
144,patch,named,32.0,32.0,3,0.0,False,14,5,2500,26.0,1,138,5,0,1,138,5,0,0,0,1,1,2,5,6.0,6.0,0.0,0.0,,False
144,patch,named,32.0,32.0,3,0.0,False,14,6,3000,26.0,1,138,5,0,1,138,5,0,0,0,1,1,2,5,6.0,6.0,0.0,0.0,,False
144,patch,named,32.0,32.0,3,0.0,False,14,7,3500,26.0,1,138,5,0,1,138,5,0,0,0,1,1,2,5,6.0,6.0,0.0,0.0,,False
144,patch,named,32.0,32.0,3,0.0,False,14,8,4000,26.0,1,138,5,0,1,138,5,0,0,0,1,1,2,5,6.0,6.0,0.0,0.0,,False
144,patch,named,32.0,32.0,3,0.0,False,14,9,4500,26.0,1,138,5,0,1,138,5,0,0,0,1,1,2,5,6.0,6.0,0.0,0.0,,False
144,patch,named,32.0,32.0,3,0.0,False,14,10,5000,26.0,1,138,5,0,1,138,5,0,0,0,1,1,2,5,6.0,6.0,0.0,0.0,,False
144,patch,named,32.0,32.0,3,0.0,False,14,11,5500,26.0,1,138,5,0,1,138,5,0,0,0,1,1,2,5,6.0,6.0,0.0,0.0,,False
144,patch,named,32.0,32.0,3,0.0,False,14,12,6000,26.0,1,138,5,0,1,138,5,0,0,0,1,1,2,5,6.0,6.0,0.0,0.0,,False
144,patch,named,32.0,32.0,3,0.0,False,14,13,6500,26.0,1,138,5,0,1,138,5,0,0,0,1,1,2,5,6.0,6.0,0.0,0.0,,False
144,patch,named,32.0,32.0,3,0.0,False,14,14,7000,26.0,1,138,5,0,1,138,5,0,0,0,1,1,2,5,6.0,6.0,0.0,0.0,,False
144,patch,named,32.0,32.0,3,0.0,False,14,15,7500,26.0,1,138,5,0,1,138,5,0,0,0,1,1,2,5,6.0,6.0,0.0,0.0,,False
144,patch,named,32.0,32.0,3,0.0,False,14,16,8000,26.0,1,138,5,0,1,138,5,0,0,0,1,1,2,5,6.0,6.0,0.0,0.0,,False
144,patch,named,32.0,32.0,3,0.0,False,14,17,8500,26.0,1,138,5,0,1,138,5,0,0,0,1,1,2,5,6.0,6.0,0.0,0.0,,False
144,patch,named,32.0,32.0,3,0.0,False,14,18,9000,26.0,1,138,5,0,1,138,5,0,0,0,1,1,2,5,6.0,6.0,0.0,0.0,,False
144,patch,named,32.0,32.0,3,0.0,False,14,19,9500,26.0,1,138,5,0,1,138,5,0,0,0,1,1,2,5,6.0,6.0,0.0,0.0,,False
144,patch,named,32.0,32.0,3,0.0,False,14,20,10000,26.0,1,138,5,0,1,138,5,0,0,0,1,1,2,5,6.0,6.0,0.0,0.0,,False
144,patch,named,32.0,32.0,3,0.0,False,14,21,10500,26.0,1,138,5,0,1,138,5,0,0,0,1,1,2,5,6.0,6.0,0.0,0.0,,False
144,patch,named,32.0,32.0,3,0.0,False,14,22,11000,26.0,1,138,5,0,1,138,5,0,0,0,1,1,2,5,6.0,6.0,0.0,0.0,,False
144,patch,named,32.0,32.0,3,0.0,False,14,23,11500,26.0,1,138,5,0,1,138,5,0,0,0,1,1,2,5,6.0,6.0,0.0,0.0,,False
144,patch,named,32.0,32.0,3,0.0,False,14,24,12000,26.0,1,138,5,0,1,138,5,0,0,0,1,1,2,5,6.0,6.0,0.0,0.0,,False
144,patch,named,32.0,32.0,3,0.0,False,14,25,12500,26.0,1,138,5,0,1,138,5,0,0,0,1,1,2,5,6.0,6.0,0.0,0.0,,False
144,patch,named,32.0,32.0,3,0.0,False,14,26,13000,26.0,1,138,5,0,1,138,5,0,0,0,1,1,2,5,6.0,6.0,0.0,0.0,,False
144,patch,named,32.0,32.0,3,0.0,False,14,27,13500,26.0,1,138,5,0,1,138,5,0,0,0,1,1,2,5,6.0,6.0,0.0,0.0,,False
144,patch,named,32.0,32.0,3,0.0,False,14,28,14000,26.0,1,138,5,0,1,138,5,0,0,0,1,1,2,5,6.0,6.0,0.0,0.0,,False
144,patch,named,32.0,32.0,3,0.0,False,14,29,14500,26.0,1,138,5,0,1,138,5,0,0,0,1,1,2,5,6.0,6.0,0.0,0.0,,False
144,patch,named,32.0,32.0,3,0.0,False,14,30,15000,26.0,1,138,5,0,1,138,5,0,0,0,1,1,2,5,6.0,6.0,0.0,0.0,,False
144,patch,named,32.0,32.0,3,0.0,False,14,31,15500,26.0,1,138,5,0,1,138,5,0,0,0,1,1,2,5,6.0,6.0,0.0,0.0,,False
144,patch,named,32.0,32.0,3,0.0,False,14,32,16000,26.0,1,138,5,0,1,138,5,0,0,0,1,1,2,5,6.0,6.0,0.0,0.0,,False
144,patch,named,32.0,32.0,3,0.0,False,14,33,16500,26.0,1,138,5,0,1,138,5,0,0,0,1,1,2,5,6.0,6.0,0.0,0.0,,False
144,patch,named,32.0,32.0,3,0.0,False,14,34,17000,26.0,1,138,5,0,1,138,5,0,0,0,1,1,2,5,6.0,6.0,0.0,0.0,,False
144,patch,named,32.0,32.0,3,0.0,False,14,35,17500,26.0,1,138,5,0,1,138,5,0,0,0,1,1,2,5,6.0,6.0,0.0,0.0,,False
144,patch,named,32.0,32.0,3,0.0,False,14,36,18000,26.0,1,138,5,0,1,138,5,0,0,0,1,1,2,5,6.0,6.0,0.0,0.0,,False
144,patch,named,32.0,32.0,3,0.0,False,14,37,18500,26.0,1,138,5,0,1,138,5,0,0,0,1,1,2,5,6.0,6.0,0.0,0.0,,False
144,patch,named,32.0,32.0,3,0.0,False,14,38,19000,26.0,1,138,5,0,1,138,5,0,0,0,1,1,2,5,6.0,6.0,0.0,0.0,,False
144,patch,named,32.0,32.0,3,0.0,False,14,39,19500,26.0,1,138,5,0,1,138,5,0,0,0,1,1,2,5,6.0,6.0,0.0,0.0,,False
144,patch,named,32.0,32.0,3,0.0,False,14,40,20000,26.0,1,138,5,0,1,138,5,0,0,0,1,1,2,5,6.0,6.0,0.0,0.0,,False
144,patch,named,32.0,32.0,3,0.0,False,14,41,20500,26.0,1,138,5,0,1,138,5,0,0,0,1,1,2,5,6.0,6.0,0.0,0.0,,False
144,patch,named,32.0,32.0,3,0.0,False,14,42,21000,26.0,1,138,5,0,1,138,5,0,0,0,1,1,2,5,6.0,6.0,0.0,0.0,,False
144,patch,named,32.0,32.0,3,0.0,False,14,43,21500,26.0,1,138,5,0,1,138,5,0,0,0,1,1,2,5,6.0,6.0,0.0,0.0,,False
144,patch,named,32.0,32.0,3,0.0,False,14,44,22000,26.0,1,138,5,0,1,138,5,0,0,0,1,1,2,5,6.0,6.0,0.0,0.0,,False
144,patch,named,32.0,32.0,3,0.0,False,14,45,22500,26.0,1,138,5,0,1,138,5,0,0,0,1,1,2,5,6.0,6.0,0.0,0.0,,False
144,patch,named,32.0,32.0,3,0.0,False,14,46,23000,26.0,1,138,5,0,1,138,5,0,0,0,1,1,2,5,6.0,6.0,0.0,0.0,,False
144,patch,named,32.0,32.0,3,0.0,False,14,47,23500,26.0,1,138,5,0,1,138,5,0,0,0,1,1,2,5,6.0,6.0,0.0,0.0,,False
144,patch,named,32.0,32.0,3,0.0,False,14,48,24000,26.0,1,138,5,0,1,138,5,0,0,0,1,1,2,5,6.0,6.0,0.0,0.0,,False
144,patch,named,32.0,32.0,3,0.0,False,14,49,24500,26.0,1,138,5,0,1,138,5,0,0,0,1,1,2,5,6.0,6.0,0.0,0.0,,False
144,patch,named,32.0,32.0,3,0.0,False,14,50,25000,26.0,1,138,5,0,1,138,5,0,0,0,1,1,2,5,6.0,6.0,0.0,0.0,,False
144,patch,named,32.0,32.0,3,0.0,False,14,51,25500,26.0,1,138,5,0,1,138,5,0,0,0,1,1,2,5,6.0,6.0,0.0,0.0,,False
144,patch,named,32.0,32.0,3,0.0,False,14,52,26000,26.0,1,138,5,0,1,138,5,0,0,0,1,1,2,5,6.0,6.0,0.0,0.0,,False
144,patch,named,32.0,32.0,3,0.0,False,14,53,26500,26.0,1,138,5,0,1,138,5,0,0,0,1,1,2,5,6.0,6.0,0.0,0.0,,False
144,patch,named,32.0,32.0,3,0.0,False,14,54,27000,26.0,1,138,5,0,1,138,5,0,0,0,1,1,2,5,6.0,6.0,0.0,0.0,,False
144,patch,named,32.0,32.0,3,0.0,False,14,55,27500,26.0,1,138,5,0,1,138,5,0,0,0,1,1,2,5,6.0,6.0,0.0,0.0,,False
144,patch,named,32.0,32.0,3,0.0,False,14,56,28000,26.0,1,138,5,0,1,138,5,0,0,0,1,1,2,5,6.0,6.0,0.0,0.0,,False
144,patch,named,32.0,32.0,3,0.0,False,14,57,28500,26.0,1,138,5,0,1,138,5,0,0,0,1,1,2,5,6.0,6.0,0.0,0.0,,False
144,patch,named,32.0,32.0,3,0.0,False,14,58,29000,26.0,1,138,5,0,1,138,5,0,0,0,1,1,2,5,6.0,6.0,0.0,0.0,,False
144,patch,named,32.0,32.0,3,0.0,False,14,59,29500,26.0,1,138,5,0,1,138,5,0,0,0,1,1,2,5,6.0,6.0,0.0,0.0,,False
144,patch,named,32.0,32.0,3,0.0,False,14,60,30000,26.0,1,138,5,0,1,138,5,0,0,0,1,1,2,5,6.0,6.0,0.0,0.0,,False
144,patch,named,32.0,32.0,3,0.0,False,14,61,30500,26.0,1,138,5,0,1,138,5,0,0,0,1,1,2,5,6.0,6.0,0.0,0.0,,False
144,patch,named,32.0,32.0,3,0.0,False,14,62,31000,26.0,1,138,5,0,1,138,5,0,0,0,1,1,2,5,6.0,6.0,0.0,0.0,,False
144,patch,named,32.0,32.0,3,0.0,False,14,63,31500,26.0,1,138,5,0,1,138,5,0,0,0,1,1,2,5,6.0,6.0,0.0,0.0,,False
144,patch,named,32.0,32.0,3,0.0,False,14,64,32000,26.0,1,138,5,0,1,138,5,0,0,0,1,1,2,5,6.0,6.0,0.0,0.0,,False
144,patch,named,32.0,32.0,3,0.0,False,14,65,32500,26.0,1,138,5,0,1,138,5,0,0,0,1,1,2,5,6.0,6.0,0.0,0.0,,False
144,patch,named,32.0,32.0,3,0.0,False,14,66,33000,26.0,1,138,5,0,1,138,5,0,0,0,1,1,2,5,6.0,6.0,0.0,0.0,,False
144,patch,named,32.0,32.0,3,0.0,False,14,67,33500,26.0,1,138,5,0,1,138,5,0,0,0,1,1,2,5,6.0,6.0,0.0,0.0,,False
144,patch,named,32.0,32.0,3,0.0,False,14,68,34000,26.0,1,138,5,0,1,138,5,0,0,0,1,1,2,5,6.0,6.0,0.0,0.0,,False
144,patch,named,32.0,32.0,3,0.0,False,14,69,34500,26.0,1,138,5,0,1,138,5,0,0,0,1,1,2,5,6.0,6.0,0.0,0.0,,False
144,patch,named,32.0,32.0,3,0.0,False,14,70,35000,26.0,1,138,5,0,1,138,5,0,0,0,1,1,2,5,6.0,6.0,0.0,0.0,,False
144,patch,named,32.0,32.0,3,0.0,False,14,71,35500,26.0,1,138,5,0,1,138,5,0,0,0,1,1,2,5,6.0,6.0,0.0,0.0,,False
144,patch,named,32.0,32.0,3,0.0,False,14,72,36000,26.0,1,138,5,0,1,138,5,0,0,0,1,1,2,5,6.0,6.0,0.0,0.0,,False
144,patch,named,32.0,32.0,3,0.0,False,14,73,36500,26.0,1,138,5,0,1,138,5,0,0,0,1,1,2,5,6.0,6.0,0.0,0.0,,False
144,patch,named,32.0,32.0,3,0.0,False,14,74,37000,26.0,1,138,5,0,1,138,5,0,0,0,1,1,2,5,6.0,6.0,0.0,0.0,,False
144,patch,named,32.0,32.0,3,0.0,False,14,75,37500,26.0,1,138,5,0,1,138,5,0,0,0,1,1,2,5,6.0,6.0,0.0,0.0,,False
144,patch,named,32.0,32.0,3,0.0,False,14,76,38000,26.0,1,138,5,0,1,138,5,0,0,0,1,1,2,5,6.0,6.0,0.0,0.0,,False
144,patch,named,32.0,32.0,3,0.0,False,14,77,38500,26.0,1,138,5,0,1,138,5,0,0,0,1,1,2,5,6.0,6.0,0.0,0.0,,False
144,patch,named,32.0,32.0,3,0.0,False,14,78,39000,26.0,1,138,5,0,1,138,5,0,0,0,1,1,2,5,6.0,6.0,0.0,0.0,,False
144,patch,named,32.0,32.0,3,0.0,False,14,79,39500,26.0,1,138,5,0,1,138,5,0,0,0,1,1,2,5,6.0,6.0,0.0,0.0,,False
144,patch,named,32.0,32.0,3,0.0,False,14,80,40000,26.0,1,138,5,0,1,138,5,0,0,0,1,1,2,5,6.0,6.0,0.0,0.0,,False
144,patch,named,32.0,32.0,3,0.0,False,14,81,40500,26.0,1,138,5,0,1,138,5,0,0,0,1,1,2,5,6.0,6.0,0.0,0.0,,False
144,patch,named,32.0,32.0,3,0.0,False,14,82,41000,26.0,1,138,5,0,1,138,5,0,0,0,1,1,2,5,6.0,6.0,0.0,0.0,,False
144,patch,named,32.0,32.0,3,0.0,False,14,83,41500,26.0,1,138,5,0,1,138,5,0,0,0,1,1,2,5,6.0,6.0,0.0,0.0,,False
144,patch,named,32.0,32.0,3,0.0,False,14,84,42000,26.0,1,138,5,0,1,138,5,0,0,0,1,1,2,5,6.0,6.0,0.0,0.0,,False
144,patch,named,32.0,32.0,3,0.0,False,14,85,42500,26.0,1,138,5,0,1,138,5,0,0,0,1,1,2,5,6.0,6.0,0.0,0.0,,False
144,patch,named,32.0,32.0,3,0.0,False,14,86,43000,26.0,1,138,5,0,1,138,5,0,0,0,1,1,2,5,6.0,6.0,0.0,0.0,,False
144,patch,named,32.0,32.0,3,0.0,False,14,87,43500,26.0,1,138,5,0,1,138,5,0,0,0,1,1,2,5,6.0,6.0,0.0,0.0,,False
144,patch,named,32.0,32.0,3,0.0,False,14,88,44000,26.0,1,138,5,0,1,138,5,0,0,0,1,1,2,5,6.0,6.0,0.0,0.0,,False
144,patch,named,32.0,32.0,3,0.0,False,14,89,44500,26.0,1,138,5,0,1,138,5,0,0,0,1,1,2,5,6.0,6.0,0.0,0.0,,False
144,patch,named,32.0,32.0,3,0.0,False,14,90,45000,26.0,1,138,5,0,1,138,5,0,0,0,1,1,2,5,6.0,6.0,0.0,0.0,,False
144,patch,named,32.0,32.0,3,0.0,False,14,91,45500,26.0,1,138,5,0,1,138,5,0,0,0,1,1,2,5,6.0,6.0,0.0,0.0,,False
144,patch,named,32.0,32.0,3,0.0,False,14,92,46000,26.0,1,138,5,0,1,138,5,0,0,0,1,1,2,5,6.0,6.0,0.0,0.0,,False
144,patch,named,32.0,32.0,3,0.0,False,14,93,46500,26.0,1,138,5,0,1,138,5,0,0,0,1,1,2,5,6.0,6.0,0.0,0.0,,False
144,patch,named,32.0,32.0,3,0.0,False,14,94,47000,26.0,1,138,5,0,1,138,5,0,0,0,1,1,2,5,6.0,6.0,0.0,0.0,,False
144,patch,named,32.0,32.0,3,0.0,False,14,95,47500,26.0,1,138,5,0,1,138,5,0,0,0,1,1,2,5,6.0,6.0,0.0,0.0,,False
144,patch,named,32.0,32.0,3,0.0,False,14,96,48000,26.0,1,138,5,0,1,138,5,0,0,0,1,1,2,5,6.0,6.0,0.0,0.0,,False
144,patch,named,32.0,32.0,3,0.0,False,14,97,48500,26.0,1,138,5,0,1,138,5,0,0,0,1,1,2,5,6.0,6.0,0.0,0.0,,False
144,patch,named,32.0,32.0,3,0.0,False,14,98,49000,26.0,1,138,5,0,1,138,5,0,0,0,1,1,2,5,6.0,6.0,0.0,0.0,,False
144,patch,named,32.0,32.0,3,0.0,False,14,99,49500,26.0,1,138,5,0,1,138,5,0,0,0,1,1,2,5,6.0,6.0,0.0,0.0,,False
144,patch,named,32.0,32.0,3,0.0,False,14,100,50000,26.0,1,138,5,0,1,138,5,0,0,0,1,1,2,5,6.0,6.0,0.0,0.0,,True
144,patch,named,32.0,32.0,3,0.0,False,15,0,0,32.0,0,136,8,0,0,136,8,0,0,0,0,0,1,8,0.0,0.0,0.0,0.0,,False
144,patch,named,32.0,32.0,3,0.0,False,15,1,500,32.0,0,136,8,0,0,136,8,0,0,0,0,0,1,8,0.0,0.0,0.0,0.0,,False
144,patch,named,32.0,32.0,3,0.0,False,15,2,1000,32.0,0,136,8,0,0,136,8,0,0,0,0,0,1,8,0.0,0.0,0.0,0.0,,False
144,patch,named,32.0,32.0,3,0.0,False,15,3,1500,32.0,0,136,8,0,0,136,8,0,0,0,0,0,1,8,0.0,0.0,0.0,0.0,,False
144,patch,named,32.0,32.0,3,0.0,False,15,4,2000,32.0,0,136,8,0,0,136,8,0,0,0,0,0,1,8,0.0,0.0,0.0,0.0,,False
144,patch,named,32.0,32.0,3,0.0,False,15,5,2500,32.0,0,136,8,0,0,136,8,0,0,0,0,0,1,8,0.0,0.0,0.0,0.0,,False
144,patch,named,32.0,32.0,3,0.0,False,15,6,3000,0.0,0,144,0,0,0,144,0,0,0,0,0,0,0,0,32.0,32.0,0.0,0.0,,False
144,patch,named,32.0,32.0,3,0.0,False,15,7,3500,32.0,0,136,8,0,0,136,8,0,0,0,0,0,1,8,0.0,0.0,0.0,0.0,,False
144,patch,named,32.0,32.0,3,0.0,False,15,8,4000,32.0,0,136,8,0,0,136,8,0,0,0,0,0,1,8,0.0,0.0,0.0,0.0,,False
144,patch,named,32.0,32.0,3,0.0,False,15,9,4500,32.0,0,136,8,0,0,136,8,0,0,0,0,0,1,8,0.0,0.0,0.0,0.0,,False
144,patch,named,32.0,32.0,3,0.0,False,15,10,5000,32.0,0,136,8,0,0,136,8,0,0,0,0,0,1,8,0.0,0.0,0.0,0.0,,False
144,patch,named,32.0,32.0,3,0.0,False,15,11,5500,32.0,0,136,8,0,0,136,8,0,0,0,0,0,1,8,0.0,0.0,0.0,0.0,,False
144,patch,named,32.0,32.0,3,0.0,False,15,12,6000,26.0,1,138,5,0,1,138,5,0,0,0,1,1,2,5,6.0,6.0,0.0,0.0,,False
144,patch,named,32.0,32.0,3,0.0,False,15,13,6500,26.0,1,138,5,0,1,138,5,0,0,0,1,1,2,5,6.0,6.0,0.0,0.0,,False
144,patch,named,32.0,32.0,3,0.0,False,15,14,7000,26.0,1,138,5,0,1,138,5,0,0,0,1,1,2,5,6.0,6.0,0.0,0.0,,False
144,patch,named,32.0,32.0,3,0.0,False,15,15,7500,26.0,1,138,5,0,1,138,5,0,0,0,1,1,2,5,6.0,6.0,0.0,0.0,,False
144,patch,named,32.0,32.0,3,0.0,False,15,16,8000,26.0,1,138,5,0,1,138,5,0,0,0,1,1,2,5,6.0,6.0,0.0,0.0,,False
144,patch,named,32.0,32.0,3,0.0,False,15,17,8500,26.0,1,138,5,0,1,138,5,0,0,0,1,1,2,5,6.0,6.0,0.0,0.0,,False
144,patch,named,32.0,32.0,3,0.0,False,15,18,9000,26.0,1,138,5,0,1,138,5,0,0,0,1,1,2,5,6.0,6.0,0.0,0.0,,False
144,patch,named,32.0,32.0,3,0.0,False,15,19,9500,26.0,1,138,5,0,1,138,5,0,0,0,1,1,2,5,6.0,6.0,0.0,0.0,,False
144,patch,named,32.0,32.0,3,0.0,False,15,20,10000,26.0,1,138,5,0,1,138,5,0,0,0,1,1,2,5,6.0,6.0,0.0,0.0,,False
144,patch,named,32.0,32.0,3,0.0,False,15,21,10500,26.0,1,138,5,0,1,138,5,0,0,0,1,1,2,5,6.0,6.0,0.0,0.0,,False
144,patch,named,32.0,32.0,3,0.0,False,15,22,11000,26.0,1,138,5,0,1,138,5,0,0,0,1,1,2,5,6.0,6.0,0.0,0.0,,False
144,patch,named,32.0,32.0,3,0.0,False,15,23,11500,26.0,1,138,5,0,1,138,5,0,0,0,1,1,2,5,6.0,6.0,0.0,0.0,,False
144,patch,named,32.0,32.0,3,0.0,False,15,24,12000,26.0,1,138,5,0,1,138,5,0,0,0,1,1,2,5,6.0,6.0,0.0,0.0,,False
144,patch,named,32.0,32.0,3,0.0,False,15,25,12500,26.0,1,138,5,0,1,138,5,0,0,0,1,1,2,5,6.0,6.0,0.0,0.0,,False
144,patch,named,32.0,32.0,3,0.0,False,15,26,13000,26.0,1,138,5,0,1,138,5,0,0,0,1,1,2,5,6.0,6.0,0.0,0.0,,False
144,patch,named,32.0,32.0,3,0.0,False,15,27,13500,26.0,1,138,5,0,1,138,5,0,0,0,1,1,2,5,6.0,6.0,0.0,0.0,,False
144,patch,named,32.0,32.0,3,0.0,False,15,28,14000,26.0,1,138,5,0,1,138,5,0,0,0,1,1,2,5,6.0,6.0,0.0,0.0,,False
144,patch,named,32.0,32.0,3,0.0,False,15,29,14500,26.0,1,138,5,0,1,138,5,0,0,0,1,1,2,5,6.0,6.0,0.0,0.0,,False
144,patch,named,32.0,32.0,3,0.0,False,15,30,15000,26.0,1,138,5,0,1,138,5,0,0,0,1,1,2,5,6.0,6.0,0.0,0.0,,False
144,patch,named,32.0,32.0,3,0.0,False,15,31,15500,26.0,1,138,5,0,1,138,5,0,0,0,1,1,2,5,6.0,6.0,0.0,0.0,,False
144,patch,named,32.0,32.0,3,0.0,False,15,32,16000,26.0,1,138,5,0,1,138,5,0,0,0,1,1,2,5,6.0,6.0,0.0,0.0,,False
144,patch,named,32.0,32.0,3,0.0,False,15,33,16500,26.0,1,138,5,0,1,138,5,0,0,0,1,1,2,5,6.0,6.0,0.0,0.0,,False
144,patch,named,32.0,32.0,3,0.0,False,15,34,17000,26.0,1,138,5,0,1,138,5,0,0,0,1,1,2,5,6.0,6.0,0.0,0.0,,False
144,patch,named,32.0,32.0,3,0.0,False,15,35,17500,26.0,1,138,5,0,1,138,5,0,0,0,1,1,2,5,6.0,6.0,0.0,0.0,,False
144,patch,named,32.0,32.0,3,0.0,False,15,36,18000,26.0,1,138,5,0,1,138,5,0,0,0,1,1,2,5,6.0,6.0,0.0,0.0,,False
144,patch,named,32.0,32.0,3,0.0,False,15,37,18500,26.0,1,138,5,0,1,138,5,0,0,0,1,1,2,5,6.0,6.0,0.0,0.0,,False
144,patch,named,32.0,32.0,3,0.0,False,15,38,19000,26.0,1,138,5,0,1,138,5,0,0,0,1,1,2,5,6.0,6.0,0.0,0.0,,False
144,patch,named,32.0,32.0,3,0.0,False,15,39,19500,26.0,1,138,5,0,1,138,5,0,0,0,1,1,2,5,6.0,6.0,0.0,0.0,,False
144,patch,named,32.0,32.0,3,0.0,False,15,40,20000,26.0,1,138,5,0,1,138,5,0,0,0,1,1,2,5,6.0,6.0,0.0,0.0,,False
144,patch,named,32.0,32.0,3,0.0,False,15,41,20500,26.0,1,138,5,0,1,138,5,0,0,0,1,1,2,5,6.0,6.0,0.0,0.0,,False
144,patch,named,32.0,32.0,3,0.0,False,15,42,21000,26.0,1,138,5,0,1,138,5,0,0,0,1,1,2,5,6.0,6.0,0.0,0.0,,False
144,patch,named,32.0,32.0,3,0.0,False,15,43,21500,26.0,1,138,5,0,1,138,5,0,0,0,1,1,2,5,6.0,6.0,0.0,0.0,,False
144,patch,named,32.0,32.0,3,0.0,False,15,44,22000,26.0,1,138,5,0,1,138,5,0,0,0,1,1,2,5,6.0,6.0,0.0,0.0,,False
144,patch,named,32.0,32.0,3,0.0,False,15,45,22500,26.0,1,138,5,0,1,138,5,0,0,0,1,1,2,5,6.0,6.0,0.0,0.0,,False
144,patch,named,32.0,32.0,3,0.0,False,15,46,23000,26.0,1,138,5,0,1,138,5,0,0,0,1,1,2,5,6.0,6.0,0.0,0.0,,False
144,patch,named,32.0,32.0,3,0.0,False,15,47,23500,26.0,1,138,5,0,1,138,5,0,0,0,1,1,2,5,6.0,6.0,0.0,0.0,,False
144,patch,named,32.0,32.0,3,0.0,False,15,48,24000,26.0,1,138,5,0,1,138,5,0,0,0,1,1,2,5,6.0,6.0,0.0,0.0,,False
144,patch,named,32.0,32.0,3,0.0,False,15,49,24500,26.0,1,138,5,0,1,138,5,0,0,0,1,1,2,5,6.0,6.0,0.0,0.0,,False
144,patch,named,32.0,32.0,3,0.0,False,15,50,25000,26.0,1,138,5,0,1,138,5,0,0,0,1,1,2,5,6.0,6.0,0.0,0.0,,False
144,patch,named,32.0,32.0,3,0.0,False,15,51,25500,26.0,1,138,5,0,1,138,5,0,0,0,1,1,2,5,6.0,6.0,0.0,0.0,,False
144,patch,named,32.0,32.0,3,0.0,False,15,52,26000,26.0,1,138,5,0,1,138,5,0,0,0,1,1,2,5,6.0,6.0,0.0,0.0,,False
144,patch,named,32.0,32.0,3,0.0,False,15,53,26500,26.0,1,138,5,0,1,138,5,0,0,0,1,1,2,5,6.0,6.0,0.0,0.0,,False
144,patch,named,32.0,32.0,3,0.0,False,15,54,27000,26.0,1,138,5,0,1,138,5,0,0,0,1,1,2,5,6.0,6.0,0.0,0.0,,False
144,patch,named,32.0,32.0,3,0.0,False,15,55,27500,26.0,1,138,5,0,1,138,5,0,0,0,1,1,2,5,6.0,6.0,0.0,0.0,,False
144,patch,named,32.0,32.0,3,0.0,False,15,56,28000,26.0,1,138,5,0,1,138,5,0,0,0,1,1,2,5,6.0,6.0,0.0,0.0,,False
144,patch,named,32.0,32.0,3,0.0,False,15,57,28500,26.0,1,138,5,0,1,138,5,0,0,0,1,1,2,5,6.0,6.0,0.0,0.0,,False
144,patch,named,32.0,32.0,3,0.0,False,15,58,29000,26.0,1,138,5,0,1,138,5,0,0,0,1,1,2,5,6.0,6.0,0.0,0.0,,False
144,patch,named,32.0,32.0,3,0.0,False,15,59,29500,26.0,1,138,5,0,1,138,5,0,0,0,1,1,2,5,6.0,6.0,0.0,0.0,,False
144,patch,named,32.0,32.0,3,0.0,False,15,60,30000,26.0,1,138,5,0,1,138,5,0,0,0,1,1,2,5,6.0,6.0,0.0,0.0,,False
144,patch,named,32.0,32.0,3,0.0,False,15,61,30500,26.0,1,138,5,0,1,138,5,0,0,0,1,1,2,5,6.0,6.0,0.0,0.0,,False
144,patch,named,32.0,32.0,3,0.0,False,15,62,31000,26.0,1,138,5,0,1,138,5,0,0,0,1,1,2,5,6.0,6.0,0.0,0.0,,False
144,patch,named,32.0,32.0,3,0.0,False,15,63,31500,26.0,1,138,5,0,1,138,5,0,0,0,1,1,2,5,6.0,6.0,0.0,0.0,,False
144,patch,named,32.0,32.0,3,0.0,False,15,64,32000,26.0,1,138,5,0,1,138,5,0,0,0,1,1,2,5,6.0,6.0,0.0,0.0,,False
144,patch,named,32.0,32.0,3,0.0,False,15,65,32500,26.0,1,138,5,0,1,138,5,0,0,0,1,1,2,5,6.0,6.0,0.0,0.0,,False
144,patch,named,32.0,32.0,3,0.0,False,15,66,33000,26.0,1,138,5,0,1,138,5,0,0,0,1,1,2,5,6.0,6.0,0.0,0.0,,False
144,patch,named,32.0,32.0,3,0.0,False,15,67,33500,26.0,1,138,5,0,1,138,5,0,0,0,1,1,2,5,6.0,6.0,0.0,0.0,,False
144,patch,named,32.0,32.0,3,0.0,False,15,68,34000,26.0,1,138,5,0,1,138,5,0,0,0,1,1,2,5,6.0,6.0,0.0,0.0,,False
144,patch,named,32.0,32.0,3,0.0,False,15,69,34500,26.0,1,138,5,0,1,138,5,0,0,0,1,1,2,5,6.0,6.0,0.0,0.0,,False
144,patch,named,32.0,32.0,3,0.0,False,15,70,35000,26.0,1,138,5,0,1,138,5,0,0,0,1,1,2,5,6.0,6.0,0.0,0.0,,False
144,patch,named,32.0,32.0,3,0.0,False,15,71,35500,26.0,1,138,5,0,1,138,5,0,0,0,1,1,2,5,6.0,6.0,0.0,0.0,,False
144,patch,named,32.0,32.0,3,0.0,False,15,72,36000,26.0,1,138,5,0,1,138,5,0,0,0,1,1,2,5,6.0,6.0,0.0,0.0,,False
144,patch,named,32.0,32.0,3,0.0,False,15,73,36500,26.0,1,138,5,0,1,138,5,0,0,0,1,1,2,5,6.0,6.0,0.0,0.0,,False
144,patch,named,32.0,32.0,3,0.0,False,15,74,37000,26.0,1,138,5,0,1,138,5,0,0,0,1,1,2,5,6.0,6.0,0.0,0.0,,False
144,patch,named,32.0,32.0,3,0.0,False,15,75,37500,26.0,1,138,5,0,1,138,5,0,0,0,1,1,2,5,6.0,6.0,0.0,0.0,,False
144,patch,named,32.0,32.0,3,0.0,False,15,76,38000,26.0,1,138,5,0,1,138,5,0,0,0,1,1,2,5,6.0,6.0,0.0,0.0,,False
144,patch,named,32.0,32.0,3,0.0,False,15,77,38500,26.0,1,138,5,0,1,138,5,0,0,0,1,1,2,5,6.0,6.0,0.0,0.0,,False
144,patch,named,32.0,32.0,3,0.0,False,15,78,39000,26.0,1,138,5,0,1,138,5,0,0,0,1,1,2,5,6.0,6.0,0.0,0.0,,False
144,patch,named,32.0,32.0,3,0.0,False,15,79,39500,26.0,1,138,5,0,1,138,5,0,0,0,1,1,2,5,6.0,6.0,0.0,0.0,,False
144,patch,named,32.0,32.0,3,0.0,False,15,80,40000,26.0,1,138,5,0,1,138,5,0,0,0,1,1,2,5,6.0,6.0,0.0,0.0,,False
144,patch,named,32.0,32.0,3,0.0,False,15,81,40500,26.0,1,138,5,0,1,138,5,0,0,0,1,1,2,5,6.0,6.0,0.0,0.0,,False
144,patch,named,32.0,32.0,3,0.0,False,15,82,41000,26.0,1,138,5,0,1,138,5,0,0,0,1,1,2,5,6.0,6.0,0.0,0.0,,False
144,patch,named,32.0,32.0,3,0.0,False,15,83,41500,26.0,1,138,5,0,1,138,5,0,0,0,1,1,2,5,6.0,6.0,0.0,0.0,,False
144,patch,named,32.0,32.0,3,0.0,False,15,84,42000,26.0,1,138,5,0,1,138,5,0,0,0,1,1,2,5,6.0,6.0,0.0,0.0,,False
144,patch,named,32.0,32.0,3,0.0,False,15,85,42500,26.0,1,138,5,0,1,138,5,0,0,0,1,1,2,5,6.0,6.0,0.0,0.0,,False
144,patch,named,32.0,32.0,3,0.0,False,15,86,43000,26.0,1,138,5,0,1,138,5,0,0,0,1,1,2,5,6.0,6.0,0.0,0.0,,False
144,patch,named,32.0,32.0,3,0.0,False,15,87,43500,26.0,1,138,5,0,1,138,5,0,0,0,1,1,2,5,6.0,6.0,0.0,0.0,,False
144,patch,named,32.0,32.0,3,0.0,False,15,88,44000,26.0,1,138,5,0,1,138,5,0,0,0,1,1,2,5,6.0,6.0,0.0,0.0,,False
144,patch,named,32.0,32.0,3,0.0,False,15,89,44500,26.0,1,138,5,0,1,138,5,0,0,0,1,1,2,5,6.0,6.0,0.0,0.0,,False
144,patch,named,32.0,32.0,3,0.0,False,15,90,45000,26.0,1,138,5,0,1,138,5,0,0,0,1,1,2,5,6.0,6.0,0.0,0.0,,False
144,patch,named,32.0,32.0,3,0.0,False,15,91,45500,26.0,1,138,5,0,1,138,5,0,0,0,1,1,2,5,6.0,6.0,0.0,0.0,,False
144,patch,named,32.0,32.0,3,0.0,False,15,92,46000,26.0,1,138,5,0,1,138,5,0,0,0,1,1,2,5,6.0,6.0,0.0,0.0,,False
144,patch,named,32.0,32.0,3,0.0,False,15,93,46500,26.0,1,138,5,0,1,138,5,0,0,0,1,1,2,5,6.0,6.0,0.0,0.0,,False
144,patch,named,32.0,32.0,3,0.0,False,15,94,47000,26.0,1,138,5,0,1,138,5,0,0,0,1,1,2,5,6.0,6.0,0.0,0.0,,False
144,patch,named,32.0,32.0,3,0.0,False,15,95,47500,26.0,1,138,5,0,1,138,5,0,0,0,1,1,2,5,6.0,6.0,0.0,0.0,,False
144,patch,named,32.0,32.0,3,0.0,False,15,96,48000,26.0,1,138,5,0,1,138,5,0,0,0,1,1,2,5,6.0,6.0,0.0,0.0,,False
144,patch,named,32.0,32.0,3,0.0,False,15,97,48500,26.0,1,138,5,0,1,138,5,0,0,0,1,1,2,5,6.0,6.0,0.0,0.0,,False
144,patch,named,32.0,32.0,3,0.0,False,15,98,49000,26.0,1,138,5,0,1,138,5,0,0,0,1,1,2,5,6.0,6.0,0.0,0.0,,False
144,patch,named,32.0,32.0,3,0.0,False,15,99,49500,26.0,1,138,5,0,1,138,5,0,0,0,1,1,2,5,6.0,6.0,0.0,0.0,,False
144,patch,named,32.0,32.0,3,0.0,False,15,100,50000,26.0,1,138,5,0,1,138,5,0,0,0,1,1,2,5,6.0,6.0,0.0,0.0,,True
144,patch,named,32.0,32.0,3,0.0,False,16,0,0,32.0,0,136,8,0,0,136,8,0,0,0,0,0,1,8,0.0,0.0,0.0,0.0,,False
144,patch,named,32.0,32.0,3,0.0,False,16,1,500,0.0,0,144,0,0,0,144,0,0,0,0,0,0,0,0,32.0,32.0,0.0,0.0,,False
144,patch,named,32.0,32.0,3,0.0,False,16,2,1000,0.0,0,144,0,0,0,144,0,0,0,0,0,0,0,0,32.0,32.0,0.0,0.0,,False
144,patch,named,32.0,32.0,3,0.0,False,16,3,1500,32.0,0,136,8,0,0,136,8,0,0,0,0,0,1,8,0.0,0.0,0.0,0.0,,False
144,patch,named,32.0,32.0,3,0.0,False,16,4,2000,32.0,0,136,8,0,0,136,8,0,0,0,0,0,1,8,0.0,0.0,0.0,0.0,,False
144,patch,named,32.0,32.0,3,0.0,False,16,5,2500,26.0,1,138,5,0,1,138,5,0,0,0,1,1,2,5,6.0,6.0,0.0,0.0,,False
144,patch,named,32.0,32.0,3,0.0,False,16,6,3000,26.0,1,138,5,0,1,138,5,0,0,0,1,1,2,5,6.0,6.0,0.0,0.0,,False
144,patch,named,32.0,32.0,3,0.0,False,16,7,3500,26.0,1,138,5,0,1,138,5,0,0,0,1,1,2,5,6.0,6.0,0.0,0.0,,False
144,patch,named,32.0,32.0,3,0.0,False,16,8,4000,26.0,1,138,5,0,1,138,5,0,0,0,1,1,2,5,6.0,6.0,0.0,0.0,,False
144,patch,named,32.0,32.0,3,0.0,False,16,9,4500,26.0,1,138,5,0,1,138,5,0,0,0,1,1,2,5,6.0,6.0,0.0,0.0,,False
144,patch,named,32.0,32.0,3,0.0,False,16,10,5000,26.0,1,138,5,0,1,138,5,0,0,0,1,1,2,5,6.0,6.0,0.0,0.0,,False
144,patch,named,32.0,32.0,3,0.0,False,16,11,5500,26.0,1,138,5,0,1,138,5,0,0,0,1,1,2,5,6.0,6.0,0.0,0.0,,False
144,patch,named,32.0,32.0,3,0.0,False,16,12,6000,26.0,1,138,5,0,1,138,5,0,0,0,1,1,2,5,6.0,6.0,0.0,0.0,,False
144,patch,named,32.0,32.0,3,0.0,False,16,13,6500,26.0,1,138,5,0,1,138,5,0,0,0,1,1,2,5,6.0,6.0,0.0,0.0,,False
144,patch,named,32.0,32.0,3,0.0,False,16,14,7000,26.0,1,138,5,0,1,138,5,0,0,0,1,1,2,5,6.0,6.0,0.0,0.0,,False
144,patch,named,32.0,32.0,3,0.0,False,16,15,7500,26.0,1,138,5,0,1,138,5,0,0,0,1,1,2,5,6.0,6.0,0.0,0.0,,False
144,patch,named,32.0,32.0,3,0.0,False,16,16,8000,26.0,1,138,5,0,1,138,5,0,0,0,1,1,2,5,6.0,6.0,0.0,0.0,,False
144,patch,named,32.0,32.0,3,0.0,False,16,17,8500,26.0,1,138,5,0,1,138,5,0,0,0,1,1,2,5,6.0,6.0,0.0,0.0,,False
144,patch,named,32.0,32.0,3,0.0,False,16,18,9000,26.0,1,138,5,0,1,138,5,0,0,0,1,1,2,5,6.0,6.0,0.0,0.0,,False
144,patch,named,32.0,32.0,3,0.0,False,16,19,9500,26.0,1,138,5,0,1,138,5,0,0,0,1,1,2,5,6.0,6.0,0.0,0.0,,False
144,patch,named,32.0,32.0,3,0.0,False,16,20,10000,26.0,1,138,5,0,1,138,5,0,0,0,1,1,2,5,6.0,6.0,0.0,0.0,,False
144,patch,named,32.0,32.0,3,0.0,False,16,21,10500,26.0,1,138,5,0,1,138,5,0,0,0,1,1,2,5,6.0,6.0,0.0,0.0,,False
144,patch,named,32.0,32.0,3,0.0,False,16,22,11000,26.0,1,138,5,0,1,138,5,0,0,0,1,1,2,5,6.0,6.0,0.0,0.0,,False
144,patch,named,32.0,32.0,3,0.0,False,16,23,11500,26.0,1,138,5,0,1,138,5,0,0,0,1,1,2,5,6.0,6.0,0.0,0.0,,False
144,patch,named,32.0,32.0,3,0.0,False,16,24,12000,26.0,1,138,5,0,1,138,5,0,0,0,1,1,2,5,6.0,6.0,0.0,0.0,,False
144,patch,named,32.0,32.0,3,0.0,False,16,25,12500,26.0,1,138,5,0,1,138,5,0,0,0,1,1,2,5,6.0,6.0,0.0,0.0,,False
144,patch,named,32.0,32.0,3,0.0,False,16,26,13000,26.0,1,138,5,0,1,138,5,0,0,0,1,1,2,5,6.0,6.0,0.0,0.0,,False
144,patch,named,32.0,32.0,3,0.0,False,16,27,13500,26.0,1,138,5,0,1,138,5,0,0,0,1,1,2,5,6.0,6.0,0.0,0.0,,False
144,patch,named,32.0,32.0,3,0.0,False,16,28,14000,26.0,1,138,5,0,1,138,5,0,0,0,1,1,2,5,6.0,6.0,0.0,0.0,,False
144,patch,named,32.0,32.0,3,0.0,False,16,29,14500,26.0,1,138,5,0,1,138,5,0,0,0,1,1,2,5,6.0,6.0,0.0,0.0,,False
144,patch,named,32.0,32.0,3,0.0,False,16,30,15000,26.0,1,138,5,0,1,138,5,0,0,0,1,1,2,5,6.0,6.0,0.0,0.0,,False
144,patch,named,32.0,32.0,3,0.0,False,16,31,15500,26.0,1,138,5,0,1,138,5,0,0,0,1,1,2,5,6.0,6.0,0.0,0.0,,False
144,patch,named,32.0,32.0,3,0.0,False,16,32,16000,26.0,1,138,5,0,1,138,5,0,0,0,1,1,2,5,6.0,6.0,0.0,0.0,,False
144,patch,named,32.0,32.0,3,0.0,False,16,33,16500,26.0,1,138,5,0,1,138,5,0,0,0,1,1,2,5,6.0,6.0,0.0,0.0,,False
144,patch,named,32.0,32.0,3,0.0,False,16,34,17000,26.0,1,138,5,0,1,138,5,0,0,0,1,1,2,5,6.0,6.0,0.0,0.0,,False
144,patch,named,32.0,32.0,3,0.0,False,16,35,17500,26.0,1,138,5,0,1,138,5,0,0,0,1,1,2,5,6.0,6.0,0.0,0.0,,False
144,patch,named,32.0,32.0,3,0.0,False,16,36,18000,26.0,1,138,5,0,1,138,5,0,0,0,1,1,2,5,6.0,6.0,0.0,0.0,,False
144,patch,named,32.0,32.0,3,0.0,False,16,37,18500,26.0,1,138,5,0,1,138,5,0,0,0,1,1,2,5,6.0,6.0,0.0,0.0,,False
144,patch,named,32.0,32.0,3,0.0,False,16,38,19000,26.0,1,138,5,0,1,138,5,0,0,0,1,1,2,5,6.0,6.0,0.0,0.0,,False
144,patch,named,32.0,32.0,3,0.0,False,16,39,19500,26.0,1,138,5,0,1,138,5,0,0,0,1,1,2,5,6.0,6.0,0.0,0.0,,False
144,patch,named,32.0,32.0,3,0.0,False,16,40,20000,26.0,1,138,5,0,1,138,5,0,0,0,1,1,2,5,6.0,6.0,0.0,0.0,,False
144,patch,named,32.0,32.0,3,0.0,False,16,41,20500,26.0,1,138,5,0,1,138,5,0,0,0,1,1,2,5,6.0,6.0,0.0,0.0,,False
144,patch,named,32.0,32.0,3,0.0,False,16,42,21000,26.0,1,138,5,0,1,138,5,0,0,0,1,1,2,5,6.0,6.0,0.0,0.0,,False
144,patch,named,32.0,32.0,3,0.0,False,16,43,21500,26.0,1,138,5,0,1,138,5,0,0,0,1,1,2,5,6.0,6.0,0.0,0.0,,False
144,patch,named,32.0,32.0,3,0.0,False,16,44,22000,26.0,1,138,5,0,1,138,5,0,0,0,1,1,2,5,6.0,6.0,0.0,0.0,,False
144,patch,named,32.0,32.0,3,0.0,False,16,45,22500,26.0,1,138,5,0,1,138,5,0,0,0,1,1,2,5,6.0,6.0,0.0,0.0,,False
144,patch,named,32.0,32.0,3,0.0,False,16,46,23000,26.0,1,138,5,0,1,138,5,0,0,0,1,1,2,5,6.0,6.0,0.0,0.0,,False
144,patch,named,32.0,32.0,3,0.0,False,16,47,23500,26.0,1,138,5,0,1,138,5,0,0,0,1,1,2,5,6.0,6.0,0.0,0.0,,False
144,patch,named,32.0,32.0,3,0.0,False,16,48,24000,26.0,1,138,5,0,1,138,5,0,0,0,1,1,2,5,6.0,6.0,0.0,0.0,,False
144,patch,named,32.0,32.0,3,0.0,False,16,49,24500,26.0,1,138,5,0,1,138,5,0,0,0,1,1,2,5,6.0,6.0,0.0,0.0,,False
144,patch,named,32.0,32.0,3,0.0,False,16,50,25000,26.0,1,138,5,0,1,138,5,0,0,0,1,1,2,5,6.0,6.0,0.0,0.0,,False
144,patch,named,32.0,32.0,3,0.0,False,16,51,25500,26.0,1,138,5,0,1,138,5,0,0,0,1,1,2,5,6.0,6.0,0.0,0.0,,False
144,patch,named,32.0,32.0,3,0.0,False,16,52,26000,26.0,1,138,5,0,1,138,5,0,0,0,1,1,2,5,6.0,6.0,0.0,0.0,,False
144,patch,named,32.0,32.0,3,0.0,False,16,53,26500,26.0,1,138,5,0,1,138,5,0,0,0,1,1,2,5,6.0,6.0,0.0,0.0,,False
144,patch,named,32.0,32.0,3,0.0,False,16,54,27000,26.0,1,138,5,0,1,138,5,0,0,0,1,1,2,5,6.0,6.0,0.0,0.0,,False
144,patch,named,32.0,32.0,3,0.0,False,16,55,27500,26.0,1,138,5,0,1,138,5,0,0,0,1,1,2,5,6.0,6.0,0.0,0.0,,False
144,patch,named,32.0,32.0,3,0.0,False,16,56,28000,26.0,1,138,5,0,1,138,5,0,0,0,1,1,2,5,6.0,6.0,0.0,0.0,,False
144,patch,named,32.0,32.0,3,0.0,False,16,57,28500,26.0,1,138,5,0,1,138,5,0,0,0,1,1,2,5,6.0,6.0,0.0,0.0,,False
144,patch,named,32.0,32.0,3,0.0,False,16,58,29000,26.0,1,138,5,0,1,138,5,0,0,0,1,1,2,5,6.0,6.0,0.0,0.0,,False
144,patch,named,32.0,32.0,3,0.0,False,16,59,29500,26.0,1,138,5,0,1,138,5,0,0,0,1,1,2,5,6.0,6.0,0.0,0.0,,False
144,patch,named,32.0,32.0,3,0.0,False,16,60,30000,26.0,1,138,5,0,1,138,5,0,0,0,1,1,2,5,6.0,6.0,0.0,0.0,,False
144,patch,named,32.0,32.0,3,0.0,False,16,61,30500,26.0,1,138,5,0,1,138,5,0,0,0,1,1,2,5,6.0,6.0,0.0,0.0,,False
144,patch,named,32.0,32.0,3,0.0,False,16,62,31000,26.0,1,138,5,0,1,138,5,0,0,0,1,1,2,5,6.0,6.0,0.0,0.0,,False
144,patch,named,32.0,32.0,3,0.0,False,16,63,31500,26.0,1,138,5,0,1,138,5,0,0,0,1,1,2,5,6.0,6.0,0.0,0.0,,False
144,patch,named,32.0,32.0,3,0.0,False,16,64,32000,26.0,1,138,5,0,1,138,5,0,0,0,1,1,2,5,6.0,6.0,0.0,0.0,,False
144,patch,named,32.0,32.0,3,0.0,False,16,65,32500,26.0,1,138,5,0,1,138,5,0,0,0,1,1,2,5,6.0,6.0,0.0,0.0,,False
144,patch,named,32.0,32.0,3,0.0,False,16,66,33000,26.0,1,138,5,0,1,138,5,0,0,0,1,1,2,5,6.0,6.0,0.0,0.0,,False
144,patch,named,32.0,32.0,3,0.0,False,16,67,33500,26.0,1,138,5,0,1,138,5,0,0,0,1,1,2,5,6.0,6.0,0.0,0.0,,False
144,patch,named,32.0,32.0,3,0.0,False,16,68,34000,26.0,1,138,5,0,1,138,5,0,0,0,1,1,2,5,6.0,6.0,0.0,0.0,,False
144,patch,named,32.0,32.0,3,0.0,False,16,69,34500,26.0,1,138,5,0,1,138,5,0,0,0,1,1,2,5,6.0,6.0,0.0,0.0,,False
144,patch,named,32.0,32.0,3,0.0,False,16,70,35000,26.0,1,138,5,0,1,138,5,0,0,0,1,1,2,5,6.0,6.0,0.0,0.0,,False
144,patch,named,32.0,32.0,3,0.0,False,16,71,35500,26.0,1,138,5,0,1,138,5,0,0,0,1,1,2,5,6.0,6.0,0.0,0.0,,False
144,patch,named,32.0,32.0,3,0.0,False,16,72,36000,26.0,1,138,5,0,1,138,5,0,0,0,1,1,2,5,6.0,6.0,0.0,0.0,,False
144,patch,named,32.0,32.0,3,0.0,False,16,73,36500,26.0,1,138,5,0,1,138,5,0,0,0,1,1,2,5,6.0,6.0,0.0,0.0,,False
144,patch,named,32.0,32.0,3,0.0,False,16,74,37000,26.0,1,138,5,0,1,138,5,0,0,0,1,1,2,5,6.0,6.0,0.0,0.0,,False
144,patch,named,32.0,32.0,3,0.0,False,16,75,37500,26.0,1,138,5,0,1,138,5,0,0,0,1,1,2,5,6.0,6.0,0.0,0.0,,False
144,patch,named,32.0,32.0,3,0.0,False,16,76,38000,26.0,1,138,5,0,1,138,5,0,0,0,1,1,2,5,6.0,6.0,0.0,0.0,,False
144,patch,named,32.0,32.0,3,0.0,False,16,77,38500,26.0,1,138,5,0,1,138,5,0,0,0,1,1,2,5,6.0,6.0,0.0,0.0,,False
144,patch,named,32.0,32.0,3,0.0,False,16,78,39000,26.0,1,138,5,0,1,138,5,0,0,0,1,1,2,5,6.0,6.0,0.0,0.0,,False
144,patch,named,32.0,32.0,3,0.0,False,16,79,39500,26.0,1,138,5,0,1,138,5,0,0,0,1,1,2,5,6.0,6.0,0.0,0.0,,False
144,patch,named,32.0,32.0,3,0.0,False,16,80,40000,26.0,1,138,5,0,1,138,5,0,0,0,1,1,2,5,6.0,6.0,0.0,0.0,,False
144,patch,named,32.0,32.0,3,0.0,False,16,81,40500,26.0,1,138,5,0,1,138,5,0,0,0,1,1,2,5,6.0,6.0,0.0,0.0,,False
144,patch,named,32.0,32.0,3,0.0,False,16,82,41000,26.0,1,138,5,0,1,138,5,0,0,0,1,1,2,5,6.0,6.0,0.0,0.0,,False
144,patch,named,32.0,32.0,3,0.0,False,16,83,41500,26.0,1,138,5,0,1,138,5,0,0,0,1,1,2,5,6.0,6.0,0.0,0.0,,False
144,patch,named,32.0,32.0,3,0.0,False,16,84,42000,26.0,1,138,5,0,1,138,5,0,0,0,1,1,2,5,6.0,6.0,0.0,0.0,,False
144,patch,named,32.0,32.0,3,0.0,False,16,85,42500,26.0,1,138,5,0,1,138,5,0,0,0,1,1,2,5,6.0,6.0,0.0,0.0,,False
144,patch,named,32.0,32.0,3,0.0,False,16,86,43000,26.0,1,138,5,0,1,138,5,0,0,0,1,1,2,5,6.0,6.0,0.0,0.0,,False
144,patch,named,32.0,32.0,3,0.0,False,16,87,43500,26.0,1,138,5,0,1,138,5,0,0,0,1,1,2,5,6.0,6.0,0.0,0.0,,False
144,patch,named,32.0,32.0,3,0.0,False,16,88,44000,26.0,1,138,5,0,1,138,5,0,0,0,1,1,2,5,6.0,6.0,0.0,0.0,,False
144,patch,named,32.0,32.0,3,0.0,False,16,89,44500,26.0,1,138,5,0,1,138,5,0,0,0,1,1,2,5,6.0,6.0,0.0,0.0,,False
144,patch,named,32.0,32.0,3,0.0,False,16,90,45000,26.0,1,138,5,0,1,138,5,0,0,0,1,1,2,5,6.0,6.0,0.0,0.0,,False
144,patch,named,32.0,32.0,3,0.0,False,16,91,45500,26.0,1,138,5,0,1,138,5,0,0,0,1,1,2,5,6.0,6.0,0.0,0.0,,False
144,patch,named,32.0,32.0,3,0.0,False,16,92,46000,26.0,1,138,5,0,1,138,5,0,0,0,1,1,2,5,6.0,6.0,0.0,0.0,,False
144,patch,named,32.0,32.0,3,0.0,False,16,93,46500,26.0,1,138,5,0,1,138,5,0,0,0,1,1,2,5,6.0,6.0,0.0,0.0,,False
144,patch,named,32.0,32.0,3,0.0,False,16,94,47000,26.0,1,138,5,0,1,138,5,0,0,0,1,1,2,5,6.0,6.0,0.0,0.0,,False
144,patch,named,32.0,32.0,3,0.0,False,16,95,47500,26.0,1,138,5,0,1,138,5,0,0,0,1,1,2,5,6.0,6.0,0.0,0.0,,False
144,patch,named,32.0,32.0,3,0.0,False,16,96,48000,26.0,1,138,5,0,1,138,5,0,0,0,1,1,2,5,6.0,6.0,0.0,0.0,,False
144,patch,named,32.0,32.0,3,0.0,False,16,97,48500,26.0,1,138,5,0,1,138,5,0,0,0,1,1,2,5,6.0,6.0,0.0,0.0,,False
144,patch,named,32.0,32.0,3,0.0,False,16,98,49000,26.0,1,138,5,0,1,138,5,0,0,0,1,1,2,5,6.0,6.0,0.0,0.0,,False
144,patch,named,32.0,32.0,3,0.0,False,16,99,49500,26.0,1,138,5,0,1,138,5,0,0,0,1,1,2,5,6.0,6.0,0.0,0.0,,False
144,patch,named,32.0,32.0,3,0.0,False,16,100,50000,26.0,1,138,5,0,1,138,5,0,0,0,1,1,2,5,6.0,6.0,0.0,0.0,,True
144,patch,named,32.0,32.0,3,0.0,False,17,0,0,32.0,0,136,8,0,0,136,8,0,0,0,0,0,1,8,0.0,0.0,0.0,0.0,,False
144,patch,named,32.0,32.0,3,0.0,False,17,1,500,32.0,0,136,8,0,0,136,8,0,0,0,0,0,1,8,0.0,0.0,0.0,0.0,,False
144,patch,named,32.0,32.0,3,0.0,False,17,2,1000,32.0,0,136,8,0,0,136,8,0,0,0,0,0,1,8,0.0,0.0,0.0,0.0,,False
144,patch,named,32.0,32.0,3,0.0,False,17,3,1500,32.0,0,136,8,0,0,136,8,0,0,0,0,0,1,8,0.0,0.0,0.0,0.0,,False
144,patch,named,32.0,32.0,3,0.0,False,17,4,2000,0.0,0,144,0,0,0,144,0,0,0,0,0,0,0,0,32.0,32.0,0.0,0.0,,False
144,patch,named,32.0,32.0,3,0.0,False,17,5,2500,32.0,0,136,8,0,0,136,8,0,0,0,0,0,1,8,0.0,0.0,0.0,0.0,,False
144,patch,named,32.0,32.0,3,0.0,False,17,6,3000,32.0,0,136,8,0,0,136,8,0,0,0,0,0,1,8,0.0,0.0,0.0,0.0,,False
144,patch,named,32.0,32.0,3,0.0,False,17,7,3500,0.0,0,144,0,0,0,144,0,0,0,0,0,0,0,0,32.0,32.0,0.0,0.0,,False
144,patch,named,32.0,32.0,3,0.0,False,17,8,4000,32.0,0,136,8,0,0,136,8,0,0,0,0,0,1,8,0.0,0.0,0.0,0.0,,False
144,patch,named,32.0,32.0,3,0.0,False,17,9,4500,32.0,0,136,8,0,0,136,8,0,0,0,0,0,1,8,0.0,0.0,0.0,0.0,,False
144,patch,named,32.0,32.0,3,0.0,False,17,10,5000,32.0,0,136,8,0,0,136,8,0,0,0,0,0,1,8,0.0,0.0,0.0,0.0,,False
144,patch,named,32.0,32.0,3,0.0,False,17,11,5500,32.0,0,136,8,0,0,136,8,0,0,0,0,0,1,8,0.0,0.0,0.0,0.0,,False
144,patch,named,32.0,32.0,3,0.0,False,17,12,6000,32.0,0,136,8,0,0,136,8,0,0,0,0,0,1,8,0.0,0.0,0.0,0.0,,False
144,patch,named,32.0,32.0,3,0.0,False,17,13,6500,32.0,0,136,8,0,0,136,8,0,0,0,0,0,1,8,0.0,0.0,0.0,0.0,,False
144,patch,named,32.0,32.0,3,0.0,False,17,14,7000,32.0,0,136,8,0,0,136,8,0,0,0,0,0,1,8,0.0,0.0,0.0,0.0,,False
144,patch,named,32.0,32.0,3,0.0,False,17,15,7500,26.0,1,138,5,0,1,138,5,0,0,0,1,1,2,5,6.0,6.0,0.0,0.0,,False
144,patch,named,32.0,32.0,3,0.0,False,17,16,8000,26.0,1,138,5,0,1,138,5,0,0,0,1,1,2,5,6.0,6.0,0.0,0.0,,False
144,patch,named,32.0,32.0,3,0.0,False,17,17,8500,26.0,1,138,5,0,1,138,5,0,0,0,1,1,2,5,6.0,6.0,0.0,0.0,,False
144,patch,named,32.0,32.0,3,0.0,False,17,18,9000,32.0,0,136,8,0,0,136,8,0,0,0,0,0,1,8,0.0,0.0,0.0,0.0,,False
144,patch,named,32.0,32.0,3,0.0,False,17,19,9500,32.0,0,136,8,0,0,136,8,0,0,0,0,0,1,8,0.0,0.0,0.0,0.0,,False
144,patch,named,32.0,32.0,3,0.0,False,17,20,10000,26.0,1,138,5,0,1,138,5,0,0,0,1,1,2,5,6.0,6.0,0.0,0.0,,False
144,patch,named,32.0,32.0,3,0.0,False,17,21,10500,26.0,1,138,5,0,1,138,5,0,0,0,1,1,2,5,6.0,6.0,0.0,0.0,,False
144,patch,named,32.0,32.0,3,0.0,False,17,22,11000,26.0,1,138,5,0,1,138,5,0,0,0,1,1,2,5,6.0,6.0,0.0,0.0,,False
144,patch,named,32.0,32.0,3,0.0,False,17,23,11500,26.0,1,138,5,0,1,138,5,0,0,0,1,1,2,5,6.0,6.0,0.0,0.0,,False
144,patch,named,32.0,32.0,3,0.0,False,17,24,12000,26.0,1,138,5,0,1,138,5,0,0,0,1,1,2,5,6.0,6.0,0.0,0.0,,False
144,patch,named,32.0,32.0,3,0.0,False,17,25,12500,26.0,1,138,5,0,1,138,5,0,0,0,1,1,2,5,6.0,6.0,0.0,0.0,,False
144,patch,named,32.0,32.0,3,0.0,False,17,26,13000,26.0,1,138,5,0,1,138,5,0,0,0,1,1,2,5,6.0,6.0,0.0,0.0,,False
144,patch,named,32.0,32.0,3,0.0,False,17,27,13500,26.0,1,138,5,0,1,138,5,0,0,0,1,1,2,5,6.0,6.0,0.0,0.0,,False
144,patch,named,32.0,32.0,3,0.0,False,17,28,14000,26.0,1,138,5,0,1,138,5,0,0,0,1,1,2,5,6.0,6.0,0.0,0.0,,False
144,patch,named,32.0,32.0,3,0.0,False,17,29,14500,26.0,1,138,5,0,1,138,5,0,0,0,1,1,2,5,6.0,6.0,0.0,0.0,,False
144,patch,named,32.0,32.0,3,0.0,False,17,30,15000,26.0,1,138,5,0,1,138,5,0,0,0,1,1,2,5,6.0,6.0,0.0,0.0,,False
144,patch,named,32.0,32.0,3,0.0,False,17,31,15500,26.0,1,138,5,0,1,138,5,0,0,0,1,1,2,5,6.0,6.0,0.0,0.0,,False
144,patch,named,32.0,32.0,3,0.0,False,17,32,16000,26.0,1,138,5,0,1,138,5,0,0,0,1,1,2,5,6.0,6.0,0.0,0.0,,False
144,patch,named,32.0,32.0,3,0.0,False,17,33,16500,26.0,1,138,5,0,1,138,5,0,0,0,1,1,2,5,6.0,6.0,0.0,0.0,,False
144,patch,named,32.0,32.0,3,0.0,False,17,34,17000,26.0,1,138,5,0,1,138,5,0,0,0,1,1,2,5,6.0,6.0,0.0,0.0,,False
144,patch,named,32.0,32.0,3,0.0,False,17,35,17500,26.0,1,138,5,0,1,138,5,0,0,0,1,1,2,5,6.0,6.0,0.0,0.0,,False
144,patch,named,32.0,32.0,3,0.0,False,17,36,18000,26.0,1,138,5,0,1,138,5,0,0,0,1,1,2,5,6.0,6.0,0.0,0.0,,False
144,patch,named,32.0,32.0,3,0.0,False,17,37,18500,26.0,1,138,5,0,1,138,5,0,0,0,1,1,2,5,6.0,6.0,0.0,0.0,,False
144,patch,named,32.0,32.0,3,0.0,False,17,38,19000,26.0,1,138,5,0,1,138,5,0,0,0,1,1,2,5,6.0,6.0,0.0,0.0,,False
144,patch,named,32.0,32.0,3,0.0,False,17,39,19500,26.0,1,138,5,0,1,138,5,0,0,0,1,1,2,5,6.0,6.0,0.0,0.0,,False
144,patch,named,32.0,32.0,3,0.0,False,17,40,20000,26.0,1,138,5,0,1,138,5,0,0,0,1,1,2,5,6.0,6.0,0.0,0.0,,False
144,patch,named,32.0,32.0,3,0.0,False,17,41,20500,26.0,1,138,5,0,1,138,5,0,0,0,1,1,2,5,6.0,6.0,0.0,0.0,,False
144,patch,named,32.0,32.0,3,0.0,False,17,42,21000,26.0,1,138,5,0,1,138,5,0,0,0,1,1,2,5,6.0,6.0,0.0,0.0,,False
144,patch,named,32.0,32.0,3,0.0,False,17,43,21500,26.0,1,138,5,0,1,138,5,0,0,0,1,1,2,5,6.0,6.0,0.0,0.0,,False
144,patch,named,32.0,32.0,3,0.0,False,17,44,22000,26.0,1,138,5,0,1,138,5,0,0,0,1,1,2,5,6.0,6.0,0.0,0.0,,False
144,patch,named,32.0,32.0,3,0.0,False,17,45,22500,26.0,1,138,5,0,1,138,5,0,0,0,1,1,2,5,6.0,6.0,0.0,0.0,,False
144,patch,named,32.0,32.0,3,0.0,False,17,46,23000,26.0,1,138,5,0,1,138,5,0,0,0,1,1,2,5,6.0,6.0,0.0,0.0,,False
144,patch,named,32.0,32.0,3,0.0,False,17,47,23500,26.0,1,138,5,0,1,138,5,0,0,0,1,1,2,5,6.0,6.0,0.0,0.0,,False
144,patch,named,32.0,32.0,3,0.0,False,17,48,24000,26.0,1,138,5,0,1,138,5,0,0,0,1,1,2,5,6.0,6.0,0.0,0.0,,False
144,patch,named,32.0,32.0,3,0.0,False,17,49,24500,26.0,1,138,5,0,1,138,5,0,0,0,1,1,2,5,6.0,6.0,0.0,0.0,,False
144,patch,named,32.0,32.0,3,0.0,False,17,50,25000,26.0,1,138,5,0,1,138,5,0,0,0,1,1,2,5,6.0,6.0,0.0,0.0,,False
144,patch,named,32.0,32.0,3,0.0,False,17,51,25500,26.0,1,138,5,0,1,138,5,0,0,0,1,1,2,5,6.0,6.0,0.0,0.0,,False
144,patch,named,32.0,32.0,3,0.0,False,17,52,26000,26.0,1,138,5,0,1,138,5,0,0,0,1,1,2,5,6.0,6.0,0.0,0.0,,False
144,patch,named,32.0,32.0,3,0.0,False,17,53,26500,26.0,1,138,5,0,1,138,5,0,0,0,1,1,2,5,6.0,6.0,0.0,0.0,,False
144,patch,named,32.0,32.0,3,0.0,False,17,54,27000,26.0,1,138,5,0,1,138,5,0,0,0,1,1,2,5,6.0,6.0,0.0,0.0,,False
144,patch,named,32.0,32.0,3,0.0,False,17,55,27500,26.0,1,138,5,0,1,138,5,0,0,0,1,1,2,5,6.0,6.0,0.0,0.0,,False
144,patch,named,32.0,32.0,3,0.0,False,17,56,28000,26.0,1,138,5,0,1,138,5,0,0,0,1,1,2,5,6.0,6.0,0.0,0.0,,False
144,patch,named,32.0,32.0,3,0.0,False,17,57,28500,26.0,1,138,5,0,1,138,5,0,0,0,1,1,2,5,6.0,6.0,0.0,0.0,,False
144,patch,named,32.0,32.0,3,0.0,False,17,58,29000,26.0,1,138,5,0,1,138,5,0,0,0,1,1,2,5,6.0,6.0,0.0,0.0,,False
144,patch,named,32.0,32.0,3,0.0,False,17,59,29500,26.0,1,138,5,0,1,138,5,0,0,0,1,1,2,5,6.0,6.0,0.0,0.0,,False
144,patch,named,32.0,32.0,3,0.0,False,17,60,30000,26.0,1,138,5,0,1,138,5,0,0,0,1,1,2,5,6.0,6.0,0.0,0.0,,False
144,patch,named,32.0,32.0,3,0.0,False,17,61,30500,26.0,1,138,5,0,1,138,5,0,0,0,1,1,2,5,6.0,6.0,0.0,0.0,,False
144,patch,named,32.0,32.0,3,0.0,False,17,62,31000,26.0,1,138,5,0,1,138,5,0,0,0,1,1,2,5,6.0,6.0,0.0,0.0,,False
144,patch,named,32.0,32.0,3,0.0,False,17,63,31500,26.0,1,138,5,0,1,138,5,0,0,0,1,1,2,5,6.0,6.0,0.0,0.0,,False
144,patch,named,32.0,32.0,3,0.0,False,17,64,32000,26.0,1,138,5,0,1,138,5,0,0,0,1,1,2,5,6.0,6.0,0.0,0.0,,False
144,patch,named,32.0,32.0,3,0.0,False,17,65,32500,26.0,1,138,5,0,1,138,5,0,0,0,1,1,2,5,6.0,6.0,0.0,0.0,,False
144,patch,named,32.0,32.0,3,0.0,False,17,66,33000,26.0,1,138,5,0,1,138,5,0,0,0,1,1,2,5,6.0,6.0,0.0,0.0,,False
144,patch,named,32.0,32.0,3,0.0,False,17,67,33500,26.0,1,138,5,0,1,138,5,0,0,0,1,1,2,5,6.0,6.0,0.0,0.0,,False
144,patch,named,32.0,32.0,3,0.0,False,17,68,34000,26.0,1,138,5,0,1,138,5,0,0,0,1,1,2,5,6.0,6.0,0.0,0.0,,False
144,patch,named,32.0,32.0,3,0.0,False,17,69,34500,26.0,1,138,5,0,1,138,5,0,0,0,1,1,2,5,6.0,6.0,0.0,0.0,,False
144,patch,named,32.0,32.0,3,0.0,False,17,70,35000,26.0,1,138,5,0,1,138,5,0,0,0,1,1,2,5,6.0,6.0,0.0,0.0,,False
144,patch,named,32.0,32.0,3,0.0,False,17,71,35500,26.0,1,138,5,0,1,138,5,0,0,0,1,1,2,5,6.0,6.0,0.0,0.0,,False
144,patch,named,32.0,32.0,3,0.0,False,17,72,36000,26.0,1,138,5,0,1,138,5,0,0,0,1,1,2,5,6.0,6.0,0.0,0.0,,False
144,patch,named,32.0,32.0,3,0.0,False,17,73,36500,26.0,1,138,5,0,1,138,5,0,0,0,1,1,2,5,6.0,6.0,0.0,0.0,,False
144,patch,named,32.0,32.0,3,0.0,False,17,74,37000,26.0,1,138,5,0,1,138,5,0,0,0,1,1,2,5,6.0,6.0,0.0,0.0,,False
144,patch,named,32.0,32.0,3,0.0,False,17,75,37500,26.0,1,138,5,0,1,138,5,0,0,0,1,1,2,5,6.0,6.0,0.0,0.0,,False
144,patch,named,32.0,32.0,3,0.0,False,17,76,38000,26.0,1,138,5,0,1,138,5,0,0,0,1,1,2,5,6.0,6.0,0.0,0.0,,False
144,patch,named,32.0,32.0,3,0.0,False,17,77,38500,26.0,1,138,5,0,1,138,5,0,0,0,1,1,2,5,6.0,6.0,0.0,0.0,,False
144,patch,named,32.0,32.0,3,0.0,False,17,78,39000,26.0,1,138,5,0,1,138,5,0,0,0,1,1,2,5,6.0,6.0,0.0,0.0,,False
144,patch,named,32.0,32.0,3,0.0,False,17,79,39500,26.0,1,138,5,0,1,138,5,0,0,0,1,1,2,5,6.0,6.0,0.0,0.0,,False
144,patch,named,32.0,32.0,3,0.0,False,17,80,40000,26.0,1,138,5,0,1,138,5,0,0,0,1,1,2,5,6.0,6.0,0.0,0.0,,False
144,patch,named,32.0,32.0,3,0.0,False,17,81,40500,26.0,1,138,5,0,1,138,5,0,0,0,1,1,2,5,6.0,6.0,0.0,0.0,,False
144,patch,named,32.0,32.0,3,0.0,False,17,82,41000,26.0,1,138,5,0,1,138,5,0,0,0,1,1,2,5,6.0,6.0,0.0,0.0,,False
144,patch,named,32.0,32.0,3,0.0,False,17,83,41500,26.0,1,138,5,0,1,138,5,0,0,0,1,1,2,5,6.0,6.0,0.0,0.0,,False
144,patch,named,32.0,32.0,3,0.0,False,17,84,42000,26.0,1,138,5,0,1,138,5,0,0,0,1,1,2,5,6.0,6.0,0.0,0.0,,False
144,patch,named,32.0,32.0,3,0.0,False,17,85,42500,26.0,1,138,5,0,1,138,5,0,0,0,1,1,2,5,6.0,6.0,0.0,0.0,,False
144,patch,named,32.0,32.0,3,0.0,False,17,86,43000,26.0,1,138,5,0,1,138,5,0,0,0,1,1,2,5,6.0,6.0,0.0,0.0,,False
144,patch,named,32.0,32.0,3,0.0,False,17,87,43500,26.0,1,138,5,0,1,138,5,0,0,0,1,1,2,5,6.0,6.0,0.0,0.0,,False
144,patch,named,32.0,32.0,3,0.0,False,17,88,44000,26.0,1,138,5,0,1,138,5,0,0,0,1,1,2,5,6.0,6.0,0.0,0.0,,False
144,patch,named,32.0,32.0,3,0.0,False,17,89,44500,26.0,1,138,5,0,1,138,5,0,0,0,1,1,2,5,6.0,6.0,0.0,0.0,,False
144,patch,named,32.0,32.0,3,0.0,False,17,90,45000,26.0,1,138,5,0,1,138,5,0,0,0,1,1,2,5,6.0,6.0,0.0,0.0,,False
144,patch,named,32.0,32.0,3,0.0,False,17,91,45500,26.0,1,138,5,0,1,138,5,0,0,0,1,1,2,5,6.0,6.0,0.0,0.0,,False
144,patch,named,32.0,32.0,3,0.0,False,17,92,46000,26.0,1,138,5,0,1,138,5,0,0,0,1,1,2,5,6.0,6.0,0.0,0.0,,False
144,patch,named,32.0,32.0,3,0.0,False,17,93,46500,26.0,1,138,5,0,1,138,5,0,0,0,1,1,2,5,6.0,6.0,0.0,0.0,,False
144,patch,named,32.0,32.0,3,0.0,False,17,94,47000,26.0,1,138,5,0,1,138,5,0,0,0,1,1,2,5,6.0,6.0,0.0,0.0,,False
144,patch,named,32.0,32.0,3,0.0,False,17,95,47500,26.0,1,138,5,0,1,138,5,0,0,0,1,1,2,5,6.0,6.0,0.0,0.0,,False
144,patch,named,32.0,32.0,3,0.0,False,17,96,48000,26.0,1,138,5,0,1,138,5,0,0,0,1,1,2,5,6.0,6.0,0.0,0.0,,False
144,patch,named,32.0,32.0,3,0.0,False,17,97,48500,26.0,1,138,5,0,1,138,5,0,0,0,1,1,2,5,6.0,6.0,0.0,0.0,,False
144,patch,named,32.0,32.0,3,0.0,False,17,98,49000,26.0,1,138,5,0,1,138,5,0,0,0,1,1,2,5,6.0,6.0,0.0,0.0,,False
144,patch,named,32.0,32.0,3,0.0,False,17,99,49500,26.0,1,138,5,0,1,138,5,0,0,0,1,1,2,5,6.0,6.0,0.0,0.0,,False
144,patch,named,32.0,32.0,3,0.0,False,17,100,50000,26.0,1,138,5,0,1,138,5,0,0,0,1,1,2,5,6.0,6.0,0.0,0.0,,True
144,patch,named,32.0,32.0,3,0.0,False,18,0,0,32.0,0,136,8,0,0,136,8,0,0,0,0,0,1,8,0.0,0.0,0.0,0.0,,False
144,patch,named,32.0,32.0,3,0.0,False,18,1,500,0.0,0,144,0,0,0,144,0,0,0,0,0,0,0,0,32.0,32.0,0.0,0.0,,False
144,patch,named,32.0,32.0,3,0.0,False,18,2,1000,32.0,0,136,8,0,0,136,8,0,0,0,0,0,1,8,0.0,0.0,0.0,0.0,,False
144,patch,named,32.0,32.0,3,0.0,False,18,3,1500,0.0,0,144,0,0,0,144,0,0,0,0,0,0,0,0,32.0,32.0,0.0,0.0,,False
144,patch,named,32.0,32.0,3,0.0,False,18,4,2000,32.0,0,136,8,0,0,136,8,0,0,0,0,0,1,8,0.0,0.0,0.0,0.0,,False
144,patch,named,32.0,32.0,3,0.0,False,18,5,2500,0.0,0,144,0,0,0,144,0,0,0,0,0,0,0,0,32.0,32.0,0.0,0.0,,False
144,patch,named,32.0,32.0,3,0.0,False,18,6,3000,32.0,0,136,8,0,0,136,8,0,0,0,0,0,1,8,0.0,0.0,0.0,0.0,,False
144,patch,named,32.0,32.0,3,0.0,False,18,7,3500,0.0,0,144,0,0,0,144,0,0,0,0,0,0,0,0,32.0,32.0,0.0,0.0,,False
144,patch,named,32.0,32.0,3,0.0,False,18,8,4000,32.0,0,136,8,0,0,136,8,0,0,0,0,0,1,8,0.0,0.0,0.0,0.0,,False
144,patch,named,32.0,32.0,3,0.0,False,18,9,4500,32.0,0,136,8,0,0,136,8,0,0,0,0,0,1,8,0.0,0.0,0.0,0.0,,False
144,patch,named,32.0,32.0,3,0.0,False,18,10,5000,0.0,0,144,0,0,0,144,0,0,0,0,0,0,0,0,32.0,32.0,0.0,0.0,,False
144,patch,named,32.0,32.0,3,0.0,False,18,11,5500,32.0,0,136,8,0,0,136,8,0,0,0,0,0,1,8,0.0,0.0,0.0,0.0,,False
144,patch,named,32.0,32.0,3,0.0,False,18,12,6000,32.0,0,136,8,0,0,136,8,0,0,0,0,0,1,8,0.0,0.0,0.0,0.0,,False
144,patch,named,32.0,32.0,3,0.0,False,18,13,6500,32.0,0,136,8,0,0,136,8,0,0,0,0,0,1,8,0.0,0.0,0.0,0.0,,False
144,patch,named,32.0,32.0,3,0.0,False,18,14,7000,32.0,0,136,8,0,0,136,8,0,0,0,0,0,1,8,0.0,0.0,0.0,0.0,,False
144,patch,named,32.0,32.0,3,0.0,False,18,15,7500,32.0,0,136,8,0,0,136,8,0,0,0,0,0,1,8,0.0,0.0,0.0,0.0,,False
144,patch,named,32.0,32.0,3,0.0,False,18,16,8000,32.0,0,136,8,0,0,136,8,0,0,0,0,0,1,8,0.0,0.0,0.0,0.0,,False
144,patch,named,32.0,32.0,3,0.0,False,18,17,8500,32.0,0,136,8,0,0,136,8,0,0,0,0,0,1,8,0.0,0.0,0.0,0.0,,False
144,patch,named,32.0,32.0,3,0.0,False,18,18,9000,32.0,0,136,8,0,0,136,8,0,0,0,0,0,1,8,0.0,0.0,0.0,0.0,,False
144,patch,named,32.0,32.0,3,0.0,False,18,19,9500,32.0,0,136,8,0,0,136,8,0,0,0,0,0,1,8,0.0,0.0,0.0,0.0,,False
144,patch,named,32.0,32.0,3,0.0,False,18,20,10000,32.0,0,136,8,0,0,136,8,0,0,0,0,0,1,8,0.0,0.0,0.0,0.0,,False
144,patch,named,32.0,32.0,3,0.0,False,18,21,10500,32.0,0,136,8,0,0,136,8,0,0,0,0,0,1,8,0.0,0.0,0.0,0.0,,False
144,patch,named,32.0,32.0,3,0.0,False,18,22,11000,32.0,0,136,8,0,0,136,8,0,0,0,0,0,1,8,0.0,0.0,0.0,0.0,,False
144,patch,named,32.0,32.0,3,0.0,False,18,23,11500,32.0,0,136,8,0,0,136,8,0,0,0,0,0,1,8,0.0,0.0,0.0,0.0,,False
144,patch,named,32.0,32.0,3,0.0,False,18,24,12000,32.0,0,136,8,0,0,136,8,0,0,0,0,0,1,8,0.0,0.0,0.0,0.0,,False
144,patch,named,32.0,32.0,3,0.0,False,18,25,12500,32.0,0,136,8,0,0,136,8,0,0,0,0,0,1,8,0.0,0.0,0.0,0.0,,False
144,patch,named,32.0,32.0,3,0.0,False,18,26,13000,32.0,0,136,8,0,0,136,8,0,0,0,0,0,1,8,0.0,0.0,0.0,0.0,,False
144,patch,named,32.0,32.0,3,0.0,False,18,27,13500,32.0,0,136,8,0,0,136,8,0,0,0,0,0,1,8,0.0,0.0,0.0,0.0,,False
144,patch,named,32.0,32.0,3,0.0,False,18,28,14000,0.0,0,144,0,0,0,144,0,0,0,0,0,0,0,0,32.0,32.0,0.0,0.0,,False
144,patch,named,32.0,32.0,3,0.0,False,18,29,14500,32.0,0,136,8,0,0,136,8,0,0,0,0,0,1,8,0.0,0.0,0.0,0.0,,False
144,patch,named,32.0,32.0,3,0.0,False,18,30,15000,32.0,0,136,8,0,0,136,8,0,0,0,0,0,1,8,0.0,0.0,0.0,0.0,,False
144,patch,named,32.0,32.0,3,0.0,False,18,31,15500,32.0,0,136,8,0,0,136,8,0,0,0,0,0,1,8,0.0,0.0,0.0,0.0,,False
144,patch,named,32.0,32.0,3,0.0,False,18,32,16000,32.0,0,136,8,0,0,136,8,0,0,0,0,0,1,8,0.0,0.0,0.0,0.0,,False
144,patch,named,32.0,32.0,3,0.0,False,18,33,16500,32.0,0,136,8,0,0,136,8,0,0,0,0,0,1,8,0.0,0.0,0.0,0.0,,False
144,patch,named,32.0,32.0,3,0.0,False,18,34,17000,32.0,0,136,8,0,0,136,8,0,0,0,0,0,1,8,0.0,0.0,0.0,0.0,,False
144,patch,named,32.0,32.0,3,0.0,False,18,35,17500,32.0,0,136,8,0,0,136,8,0,0,0,0,0,1,8,0.0,0.0,0.0,0.0,,False
144,patch,named,32.0,32.0,3,0.0,False,18,36,18000,32.0,0,136,8,0,0,136,8,0,0,0,0,0,1,8,0.0,0.0,0.0,0.0,,False
144,patch,named,32.0,32.0,3,0.0,False,18,37,18500,32.0,0,136,8,0,0,136,8,0,0,0,0,0,1,8,0.0,0.0,0.0,0.0,,False
144,patch,named,32.0,32.0,3,0.0,False,18,38,19000,32.0,0,136,8,0,0,136,8,0,0,0,0,0,1,8,0.0,0.0,0.0,0.0,,False
144,patch,named,32.0,32.0,3,0.0,False,18,39,19500,32.0,0,136,8,0,0,136,8,0,0,0,0,0,1,8,0.0,0.0,0.0,0.0,,False
144,patch,named,32.0,32.0,3,0.0,False,18,40,20000,32.0,0,136,8,0,0,136,8,0,0,0,0,0,1,8,0.0,0.0,0.0,0.0,,False
144,patch,named,32.0,32.0,3,0.0,False,18,41,20500,32.0,0,136,8,0,0,136,8,0,0,0,0,0,1,8,0.0,0.0,0.0,0.0,,False
144,patch,named,32.0,32.0,3,0.0,False,18,42,21000,10.0,0,144,0,0,0,144,0,0,0,0,0,0,0,0,22.0,22.0,0.0,0.0,,False
144,patch,named,32.0,32.0,3,0.0,False,18,43,21500,10.0,0,144,0,0,0,144,0,0,0,0,0,0,0,0,22.0,22.0,0.0,0.0,,False
144,patch,named,32.0,32.0,3,0.0,False,18,44,22000,10.0,0,144,0,0,0,144,0,0,0,0,0,0,0,0,22.0,22.0,0.0,0.0,,False
144,patch,named,32.0,32.0,3,0.0,False,18,45,22500,10.0,0,144,0,0,0,144,0,0,0,0,0,0,0,0,22.0,22.0,0.0,0.0,,False
144,patch,named,32.0,32.0,3,0.0,False,18,46,23000,10.0,0,144,0,0,0,144,0,0,0,0,0,0,0,0,22.0,21.0,0.0,0.0,,False
144,patch,named,32.0,32.0,3,0.0,False,18,47,23500,10.0,0,144,0,0,0,144,0,0,0,0,0,0,0,0,22.0,21.0,0.0,0.0,,False
144,patch,named,32.0,32.0,3,0.0,False,18,48,24000,10.0,0,144,0,0,0,144,0,0,0,0,0,0,0,0,22.0,21.0,0.0,0.0,,False
144,patch,named,32.0,32.0,3,0.0,False,18,49,24500,10.0,0,144,0,0,0,144,0,0,0,0,0,0,0,0,22.0,21.0,0.0,0.0,,False
144,patch,named,32.0,32.0,3,0.0,False,18,50,25000,10.0,0,144,0,0,0,144,0,0,0,0,0,0,0,0,22.0,21.0,0.0,0.0,,False
144,patch,named,32.0,32.0,3,0.0,False,18,51,25500,10.0,0,144,0,0,0,144,0,0,0,0,0,0,0,0,22.0,21.0,0.0,0.0,,False
144,patch,named,32.0,32.0,3,0.0,False,18,52,26000,10.0,0,144,0,0,0,144,0,0,0,0,0,0,0,0,22.0,21.0,0.0,0.0,,False
144,patch,named,32.0,32.0,3,0.0,False,18,53,26500,10.0,0,144,0,0,0,144,0,0,0,0,0,0,0,0,22.0,21.0,0.0,0.0,,False
144,patch,named,32.0,32.0,3,0.0,False,18,54,27000,10.0,0,144,0,0,0,144,0,0,0,0,0,0,0,0,22.0,21.0,0.0,0.0,,False
144,patch,named,32.0,32.0,3,0.0,False,18,55,27500,10.0,0,144,0,0,0,144,0,0,0,0,0,0,0,0,22.0,21.0,0.0,0.0,,False
144,patch,named,32.0,32.0,3,0.0,False,18,56,28000,10.0,0,144,0,0,0,144,0,0,0,0,0,0,0,0,22.0,21.0,0.0,0.0,,False
144,patch,named,32.0,32.0,3,0.0,False,18,57,28500,10.0,0,144,0,0,0,144,0,0,0,0,0,0,0,0,22.0,21.0,0.0,0.0,,False
144,patch,named,32.0,32.0,3,0.0,False,18,58,29000,10.0,0,144,0,0,0,144,0,0,0,0,0,0,0,0,22.0,21.0,0.0,0.0,,False
144,patch,named,32.0,32.0,3,0.0,False,18,59,29500,10.0,0,144,0,0,0,144,0,0,0,0,0,0,0,0,22.0,21.0,0.0,0.0,,False
144,patch,named,32.0,32.0,3,0.0,False,18,60,30000,10.0,0,144,0,0,0,144,0,0,0,0,0,0,0,0,22.0,21.0,0.0,0.0,,False
144,patch,named,32.0,32.0,3,0.0,False,18,61,30500,10.0,0,144,0,0,0,144,0,0,0,0,0,0,0,0,22.0,21.0,0.0,0.0,,False
144,patch,named,32.0,32.0,3,0.0,False,18,62,31000,10.0,0,144,0,0,0,144,0,0,0,0,0,0,0,0,22.0,21.0,0.0,0.0,,False
144,patch,named,32.0,32.0,3,0.0,False,18,63,31500,10.0,0,144,0,0,0,144,0,0,0,0,0,0,0,0,22.0,21.0,0.0,0.0,,False
144,patch,named,32.0,32.0,3,0.0,False,18,64,32000,31.0,0,140,4,0,0,140,4,0,0,0,0,0,1,4,1.0,1.0,0.0,0.0,,False
144,patch,named,32.0,32.0,3,0.0,False,18,65,32500,31.0,0,140,4,0,0,140,4,0,0,0,0,0,1,4,1.0,1.0,0.0,0.0,,False
144,patch,named,32.0,32.0,3,0.0,False,18,66,33000,31.0,0,140,4,0,0,140,4,0,0,0,0,0,1,4,1.0,1.0,0.0,0.0,,False
144,patch,named,32.0,32.0,3,0.0,False,18,67,33500,31.0,0,140,4,0,0,140,4,0,0,0,0,0,1,4,1.0,1.0,0.0,0.0,,False
144,patch,named,32.0,32.0,3,0.0,False,18,68,34000,31.0,0,140,4,0,0,140,4,0,0,0,0,0,1,4,1.0,1.0,0.0,0.0,,False
144,patch,named,32.0,32.0,3,0.0,False,18,69,34500,31.0,0,140,4,0,0,140,4,0,0,0,0,0,1,4,1.0,1.0,0.0,0.0,,False
144,patch,named,32.0,32.0,3,0.0,False,18,70,35000,31.0,0,140,4,0,0,140,4,0,0,0,0,0,1,4,1.0,1.0,0.0,0.0,,False
144,patch,named,32.0,32.0,3,0.0,False,18,71,35500,31.0,0,140,4,0,0,140,4,0,0,0,0,0,1,4,1.0,1.0,0.0,0.0,,False
144,patch,named,32.0,32.0,3,0.0,False,18,72,36000,31.0,0,140,4,0,0,140,4,0,0,0,0,0,1,4,1.0,1.0,0.0,0.0,,False
144,patch,named,32.0,32.0,3,0.0,False,18,73,36500,31.0,0,140,4,0,0,140,4,0,0,0,0,0,1,4,1.0,1.0,0.0,0.0,,False
144,patch,named,32.0,32.0,3,0.0,False,18,74,37000,31.0,0,140,4,0,0,140,4,0,0,0,0,0,1,4,1.0,1.0,0.0,0.0,,False
144,patch,named,32.0,32.0,3,0.0,False,18,75,37500,31.0,0,140,4,0,0,140,4,0,0,0,0,0,1,4,1.0,1.0,0.0,0.0,,False
144,patch,named,32.0,32.0,3,0.0,False,18,76,38000,31.0,0,140,4,0,0,140,4,0,0,0,0,0,1,4,1.0,1.0,0.0,0.0,,False
144,patch,named,32.0,32.0,3,0.0,False,18,77,38500,31.0,0,140,4,0,0,140,4,0,0,0,0,0,1,4,1.0,1.0,0.0,0.0,,False
144,patch,named,32.0,32.0,3,0.0,False,18,78,39000,31.0,0,140,4,0,0,140,4,0,0,0,0,0,1,4,1.0,1.0,0.0,0.0,,False
144,patch,named,32.0,32.0,3,0.0,False,18,79,39500,31.0,0,140,4,0,0,140,4,0,0,0,0,0,1,4,1.0,1.0,0.0,0.0,,False
144,patch,named,32.0,32.0,3,0.0,False,18,80,40000,31.0,1,138,5,0,1,138,5,0,0,0,1,1,2,5,1.0,1.0,0.0,0.0,,False
144,patch,named,32.0,32.0,3,0.0,False,18,81,40500,10.0,0,144,0,0,0,144,0,0,0,0,0,0,0,0,22.0,21.0,0.0,0.0,,False
144,patch,named,32.0,32.0,3,0.0,False,18,82,41000,31.0,0,140,4,0,0,140,4,0,0,0,0,0,1,4,1.0,1.0,0.0,0.0,,False
144,patch,named,32.0,32.0,3,0.0,False,18,83,41500,31.0,0,140,4,0,0,140,4,0,0,0,0,0,1,4,1.0,1.0,0.0,0.0,,False
144,patch,named,32.0,32.0,3,0.0,False,18,84,42000,31.0,0,140,4,0,0,140,4,0,0,0,0,0,1,4,1.0,1.0,0.0,0.0,,False
144,patch,named,32.0,32.0,3,0.0,False,18,85,42500,31.0,0,140,4,0,0,140,4,0,0,0,0,0,1,4,1.0,1.0,0.0,0.0,,False
144,patch,named,32.0,32.0,3,0.0,False,18,86,43000,10.0,0,144,0,0,0,144,0,0,0,0,0,0,0,0,22.0,21.0,0.0,0.0,,False
144,patch,named,32.0,32.0,3,0.0,False,18,87,43500,10.0,0,144,0,0,0,144,0,0,0,0,0,0,0,0,22.0,21.0,0.0,0.0,,False
144,patch,named,32.0,32.0,3,0.0,False,18,88,44000,10.0,0,144,0,0,0,144,0,0,0,0,0,0,0,0,22.0,21.0,0.0,0.0,,False
144,patch,named,32.0,32.0,3,0.0,False,18,89,44500,31.0,0,140,4,0,0,140,4,0,0,0,0,0,1,4,1.0,1.0,0.0,0.0,,False
144,patch,named,32.0,32.0,3,0.0,False,18,90,45000,31.0,0,140,4,0,0,140,4,0,0,0,0,0,1,4,1.0,1.0,0.0,0.0,,False
144,patch,named,32.0,32.0,3,0.0,False,18,91,45500,31.0,0,140,4,0,0,140,4,0,0,0,0,0,1,4,1.0,1.0,0.0,0.0,,False
144,patch,named,32.0,32.0,3,0.0,False,18,92,46000,31.0,0,140,4,0,0,140,4,0,0,0,0,0,1,4,1.0,1.0,0.0,0.0,,False
144,patch,named,32.0,32.0,3,0.0,False,18,93,46500,31.0,0,140,4,0,0,140,4,0,0,0,0,0,1,4,1.0,1.0,0.0,0.0,,False
144,patch,named,32.0,32.0,3,0.0,False,18,94,47000,31.0,0,140,4,0,0,140,4,0,0,0,0,0,1,4,1.0,1.0,0.0,0.0,,False
144,patch,named,32.0,32.0,3,0.0,False,18,95,47500,31.0,0,140,4,0,0,140,4,0,0,0,0,0,1,4,1.0,1.0,0.0,0.0,,False
144,patch,named,32.0,32.0,3,0.0,False,18,96,48000,31.0,0,140,4,0,0,140,4,0,0,0,0,0,1,4,1.0,1.0,0.0,0.0,,False
144,patch,named,32.0,32.0,3,0.0,False,18,97,48500,31.0,0,140,4,0,0,140,4,0,0,0,0,0,1,4,1.0,1.0,0.0,0.0,,False
144,patch,named,32.0,32.0,3,0.0,False,18,98,49000,31.0,0,140,4,0,0,140,4,0,0,0,0,0,1,4,1.0,1.0,0.0,0.0,,False
144,patch,named,32.0,32.0,3,0.0,False,18,99,49500,31.0,0,140,4,0,0,140,4,0,0,0,0,0,1,4,1.0,1.0,0.0,0.0,,False
144,patch,named,32.0,32.0,3,0.0,False,18,100,50000,31.0,0,140,4,0,0,140,4,0,0,0,0,0,1,4,1.0,1.0,0.0,0.0,,True
144,patch,named,32.0,32.0,3,0.0,False,19,0,0,32.0,0,136,8,0,0,136,8,0,0,0,0,0,1,8,0.0,0.0,0.0,0.0,,False
144,patch,named,32.0,32.0,3,0.0,False,19,1,500,32.0,0,136,8,0,0,136,8,0,0,0,0,0,1,8,0.0,0.0,0.0,0.0,,False
144,patch,named,32.0,32.0,3,0.0,False,19,2,1000,32.0,0,136,8,0,0,136,8,0,0,0,0,0,1,8,0.0,0.0,0.0,0.0,,False
144,patch,named,32.0,32.0,3,0.0,False,19,3,1500,32.0,0,136,8,0,0,136,8,0,0,0,0,0,1,8,0.0,0.0,0.0,0.0,,False
144,patch,named,32.0,32.0,3,0.0,False,19,4,2000,32.0,0,136,8,0,0,136,8,0,0,0,0,0,1,8,0.0,0.0,0.0,0.0,,False
144,patch,named,32.0,32.0,3,0.0,False,19,5,2500,32.0,0,136,8,0,0,136,8,0,0,0,0,0,1,8,0.0,0.0,0.0,0.0,,False
144,patch,named,32.0,32.0,3,0.0,False,19,6,3000,32.0,0,136,8,0,0,136,8,0,0,0,0,0,1,8,0.0,0.0,0.0,0.0,,False
144,patch,named,32.0,32.0,3,0.0,False,19,7,3500,32.0,0,136,8,0,0,136,8,0,0,0,0,0,1,8,0.0,0.0,0.0,0.0,,False
144,patch,named,32.0,32.0,3,0.0,False,19,8,4000,32.0,0,136,8,0,0,136,8,0,0,0,0,0,1,8,0.0,0.0,0.0,0.0,,False
144,patch,named,32.0,32.0,3,0.0,False,19,9,4500,32.0,0,136,8,0,0,136,8,0,0,0,0,0,1,8,0.0,0.0,0.0,0.0,,False
144,patch,named,32.0,32.0,3,0.0,False,19,10,5000,32.0,0,136,8,0,0,136,8,0,0,0,0,0,1,8,0.0,0.0,0.0,0.0,,False
144,patch,named,32.0,32.0,3,0.0,False,19,11,5500,0.0,0,144,0,0,0,144,0,0,0,0,0,0,0,0,32.0,32.0,0.0,0.0,,False
144,patch,named,32.0,32.0,3,0.0,False,19,12,6000,32.0,0,136,8,0,0,136,8,0,0,0,0,0,1,8,0.0,0.0,0.0,0.0,,False
144,patch,named,32.0,32.0,3,0.0,False,19,13,6500,32.0,0,136,8,0,0,136,8,0,0,0,0,0,1,8,0.0,0.0,0.0,0.0,,False
144,patch,named,32.0,32.0,3,0.0,False,19,14,7000,32.0,0,136,8,0,0,136,8,0,0,0,0,0,1,8,0.0,0.0,0.0,0.0,,False
144,patch,named,32.0,32.0,3,0.0,False,19,15,7500,32.0,0,136,8,0,0,136,8,0,0,0,0,0,1,8,0.0,0.0,0.0,0.0,,False
144,patch,named,32.0,32.0,3,0.0,False,19,16,8000,32.0,0,136,8,0,0,136,8,0,0,0,0,0,1,8,0.0,0.0,0.0,0.0,,False
144,patch,named,32.0,32.0,3,0.0,False,19,17,8500,32.0,0,136,8,0,0,136,8,0,0,0,0,0,1,8,0.0,0.0,0.0,0.0,,False
144,patch,named,32.0,32.0,3,0.0,False,19,18,9000,32.0,0,136,8,0,0,136,8,0,0,0,0,0,1,8,0.0,0.0,0.0,0.0,,False
144,patch,named,32.0,32.0,3,0.0,False,19,19,9500,32.0,0,136,8,0,0,136,8,0,0,0,0,0,1,8,0.0,0.0,0.0,0.0,,False
144,patch,named,32.0,32.0,3,0.0,False,19,20,10000,32.0,0,136,8,0,0,136,8,0,0,0,0,0,1,8,0.0,0.0,0.0,0.0,,False
144,patch,named,32.0,32.0,3,0.0,False,19,21,10500,32.0,0,136,8,0,0,136,8,0,0,0,0,0,1,8,0.0,0.0,0.0,0.0,,False
144,patch,named,32.0,32.0,3,0.0,False,19,22,11000,32.0,0,136,8,0,0,136,8,0,0,0,0,0,1,8,0.0,0.0,0.0,0.0,,False
144,patch,named,32.0,32.0,3,0.0,False,19,23,11500,32.0,0,136,8,0,0,136,8,0,0,0,0,0,1,8,0.0,0.0,0.0,0.0,,False
144,patch,named,32.0,32.0,3,0.0,False,19,24,12000,32.0,0,136,8,0,0,136,8,0,0,0,0,0,1,8,0.0,0.0,0.0,0.0,,False
144,patch,named,32.0,32.0,3,0.0,False,19,25,12500,32.0,0,136,8,0,0,136,8,0,0,0,0,0,1,8,0.0,0.0,0.0,0.0,,False
144,patch,named,32.0,32.0,3,0.0,False,19,26,13000,32.0,0,136,8,0,0,136,8,0,0,0,0,0,1,8,0.0,0.0,0.0,0.0,,False
144,patch,named,32.0,32.0,3,0.0,False,19,27,13500,32.0,0,136,8,0,0,136,8,0,0,0,0,0,1,8,0.0,0.0,0.0,0.0,,False
144,patch,named,32.0,32.0,3,0.0,False,19,28,14000,32.0,0,136,8,0,0,136,8,0,0,0,0,0,1,8,0.0,0.0,0.0,0.0,,False
144,patch,named,32.0,32.0,3,0.0,False,19,29,14500,32.0,0,136,8,0,0,136,8,0,0,0,0,0,1,8,0.0,0.0,0.0,0.0,,False
144,patch,named,32.0,32.0,3,0.0,False,19,30,15000,32.0,0,136,8,0,0,136,8,0,0,0,0,0,1,8,0.0,0.0,0.0,0.0,,False
144,patch,named,32.0,32.0,3,0.0,False,19,31,15500,32.0,0,136,8,0,0,136,8,0,0,0,0,0,1,8,0.0,0.0,0.0,0.0,,False
144,patch,named,32.0,32.0,3,0.0,False,19,32,16000,0.0,0,144,0,0,0,144,0,0,0,0,0,0,0,0,32.0,32.0,0.0,0.0,,False
144,patch,named,32.0,32.0,3,0.0,False,19,33,16500,32.0,0,136,8,0,0,136,8,0,0,0,0,0,1,8,0.0,0.0,0.0,0.0,,False
144,patch,named,32.0,32.0,3,0.0,False,19,34,17000,32.0,0,136,8,0,0,136,8,0,0,0,0,0,1,8,0.0,0.0,0.0,0.0,,False
144,patch,named,32.0,32.0,3,0.0,False,19,35,17500,32.0,0,136,8,0,0,136,8,0,0,0,0,0,1,8,0.0,0.0,0.0,0.0,,False
144,patch,named,32.0,32.0,3,0.0,False,19,36,18000,32.0,0,136,8,0,0,136,8,0,0,0,0,0,1,8,0.0,0.0,0.0,0.0,,False
144,patch,named,32.0,32.0,3,0.0,False,19,37,18500,32.0,0,136,8,0,0,136,8,0,0,0,0,0,1,8,0.0,0.0,0.0,0.0,,False
144,patch,named,32.0,32.0,3,0.0,False,19,38,19000,32.0,0,136,8,0,0,136,8,0,0,0,0,0,1,8,0.0,0.0,0.0,0.0,,False
144,patch,named,32.0,32.0,3,0.0,False,19,39,19500,32.0,0,136,8,0,0,136,8,0,0,0,0,0,1,8,0.0,0.0,0.0,0.0,,False
144,patch,named,32.0,32.0,3,0.0,False,19,40,20000,32.0,0,136,8,0,0,136,8,0,0,0,0,0,1,8,0.0,0.0,0.0,0.0,,False
144,patch,named,32.0,32.0,3,0.0,False,19,41,20500,32.0,0,136,8,0,0,136,8,0,0,0,0,0,1,8,0.0,0.0,0.0,0.0,,False
144,patch,named,32.0,32.0,3,0.0,False,19,42,21000,32.0,0,136,8,0,0,136,8,0,0,0,0,0,1,8,0.0,0.0,0.0,0.0,,False
144,patch,named,32.0,32.0,3,0.0,False,19,43,21500,32.0,0,136,8,0,0,136,8,0,0,0,0,0,1,8,0.0,0.0,0.0,0.0,,False
144,patch,named,32.0,32.0,3,0.0,False,19,44,22000,32.0,0,136,8,0,0,136,8,0,0,0,0,0,1,8,0.0,0.0,0.0,0.0,,False
144,patch,named,32.0,32.0,3,0.0,False,19,45,22500,32.0,0,136,8,0,0,136,8,0,0,0,0,0,1,8,0.0,0.0,0.0,0.0,,False
144,patch,named,32.0,32.0,3,0.0,False,19,46,23000,32.0,0,136,8,0,0,136,8,0,0,0,0,0,1,8,0.0,0.0,0.0,0.0,,False
144,patch,named,32.0,32.0,3,0.0,False,19,47,23500,32.0,0,136,8,0,0,136,8,0,0,0,0,0,1,8,0.0,0.0,0.0,0.0,,False
144,patch,named,32.0,32.0,3,0.0,False,19,48,24000,32.0,0,136,8,0,0,136,8,0,0,0,0,0,1,8,0.0,0.0,0.0,0.0,,False
144,patch,named,32.0,32.0,3,0.0,False,19,49,24500,0.0,0,144,0,0,0,144,0,0,0,0,0,0,0,0,32.0,32.0,0.0,0.0,,False
144,patch,named,32.0,32.0,3,0.0,False,19,50,25000,32.0,0,136,8,0,0,136,8,0,0,0,0,0,1,8,0.0,0.0,0.0,0.0,,False
144,patch,named,32.0,32.0,3,0.0,False,19,51,25500,32.0,0,136,8,0,0,136,8,0,0,0,0,0,1,8,0.0,0.0,0.0,0.0,,False
144,patch,named,32.0,32.0,3,0.0,False,19,52,26000,32.0,0,136,8,0,0,136,8,0,0,0,0,0,1,8,0.0,0.0,0.0,0.0,,False
144,patch,named,32.0,32.0,3,0.0,False,19,53,26500,32.0,0,136,8,0,0,136,8,0,0,0,0,0,1,8,0.0,0.0,0.0,0.0,,False
144,patch,named,32.0,32.0,3,0.0,False,19,54,27000,32.0,0,136,8,0,0,136,8,0,0,0,0,0,1,8,0.0,0.0,0.0,0.0,,False
144,patch,named,32.0,32.0,3,0.0,False,19,55,27500,32.0,0,136,8,0,0,136,8,0,0,0,0,0,1,8,0.0,0.0,0.0,0.0,,False
144,patch,named,32.0,32.0,3,0.0,False,19,56,28000,32.0,0,136,8,0,0,136,8,0,0,0,0,0,1,8,0.0,0.0,0.0,0.0,,False
144,patch,named,32.0,32.0,3,0.0,False,19,57,28500,32.0,0,136,8,0,0,136,8,0,0,0,0,0,1,8,0.0,0.0,0.0,0.0,,False
144,patch,named,32.0,32.0,3,0.0,False,19,58,29000,32.0,0,136,8,0,0,136,8,0,0,0,0,0,1,8,0.0,0.0,0.0,0.0,,False
144,patch,named,32.0,32.0,3,0.0,False,19,59,29500,32.0,0,136,8,0,0,136,8,0,0,0,0,0,1,8,0.0,0.0,0.0,0.0,,False
144,patch,named,32.0,32.0,3,0.0,False,19,60,30000,32.0,0,136,8,0,0,136,8,0,0,0,0,0,1,8,0.0,0.0,0.0,0.0,,False
144,patch,named,32.0,32.0,3,0.0,False,19,61,30500,32.0,0,136,8,0,0,136,8,0,0,0,0,0,1,8,0.0,0.0,0.0,0.0,,False
144,patch,named,32.0,32.0,3,0.0,False,19,62,31000,32.0,0,136,8,0,0,136,8,0,0,0,0,0,1,8,0.0,0.0,0.0,0.0,,False
144,patch,named,32.0,32.0,3,0.0,False,19,63,31500,32.0,0,136,8,0,0,136,8,0,0,0,0,0,1,8,0.0,0.0,0.0,0.0,,False
144,patch,named,32.0,32.0,3,0.0,False,19,64,32000,32.0,0,136,8,0,0,136,8,0,0,0,0,0,1,8,0.0,0.0,0.0,0.0,,False
144,patch,named,32.0,32.0,3,0.0,False,19,65,32500,32.0,0,136,8,0,0,136,8,0,0,0,0,0,1,8,0.0,0.0,0.0,0.0,,False
144,patch,named,32.0,32.0,3,0.0,False,19,66,33000,32.0,0,136,8,0,0,136,8,0,0,0,0,0,1,8,0.0,0.0,0.0,0.0,,False
144,patch,named,32.0,32.0,3,0.0,False,19,67,33500,32.0,0,136,8,0,0,136,8,0,0,0,0,0,1,8,0.0,0.0,0.0,0.0,,False
144,patch,named,32.0,32.0,3,0.0,False,19,68,34000,32.0,0,136,8,0,0,136,8,0,0,0,0,0,1,8,0.0,0.0,0.0,0.0,,False
144,patch,named,32.0,32.0,3,0.0,False,19,69,34500,32.0,0,136,8,0,0,136,8,0,0,0,0,0,1,8,0.0,0.0,0.0,0.0,,False
144,patch,named,32.0,32.0,3,0.0,False,19,70,35000,32.0,0,136,8,0,0,136,8,0,0,0,0,0,1,8,0.0,0.0,0.0,0.0,,False
144,patch,named,32.0,32.0,3,0.0,False,19,71,35500,32.0,0,136,8,0,0,136,8,0,0,0,0,0,1,8,0.0,0.0,0.0,0.0,,False
144,patch,named,32.0,32.0,3,0.0,False,19,72,36000,32.0,0,136,8,0,0,136,8,0,0,0,0,0,1,8,0.0,0.0,0.0,0.0,,False
144,patch,named,32.0,32.0,3,0.0,False,19,73,36500,32.0,0,136,8,0,0,136,8,0,0,0,0,0,1,8,0.0,0.0,0.0,0.0,,False
144,patch,named,32.0,32.0,3,0.0,False,19,74,37000,32.0,0,136,8,0,0,136,8,0,0,0,0,0,1,8,0.0,0.0,0.0,0.0,,False
144,patch,named,32.0,32.0,3,0.0,False,19,75,37500,32.0,0,136,8,0,0,136,8,0,0,0,0,0,1,8,0.0,0.0,0.0,0.0,,False
144,patch,named,32.0,32.0,3,0.0,False,19,76,38000,32.0,0,136,8,0,0,136,8,0,0,0,0,0,1,8,0.0,0.0,0.0,0.0,,False
144,patch,named,32.0,32.0,3,0.0,False,19,77,38500,32.0,0,136,8,0,0,136,8,0,0,0,0,0,1,8,0.0,0.0,0.0,0.0,,False
144,patch,named,32.0,32.0,3,0.0,False,19,78,39000,32.0,0,136,8,0,0,136,8,0,0,0,0,0,1,8,0.0,0.0,0.0,0.0,,False
144,patch,named,32.0,32.0,3,0.0,False,19,79,39500,32.0,0,136,8,0,0,136,8,0,0,0,0,0,1,8,0.0,0.0,0.0,0.0,,False
144,patch,named,32.0,32.0,3,0.0,False,19,80,40000,32.0,0,136,8,0,0,136,8,0,0,0,0,0,1,8,0.0,0.0,0.0,0.0,,False
144,patch,named,32.0,32.0,3,0.0,False,19,81,40500,32.0,0,136,8,0,0,136,8,0,0,0,0,0,1,8,0.0,0.0,0.0,0.0,,False
144,patch,named,32.0,32.0,3,0.0,False,19,82,41000,32.0,0,136,8,0,0,136,8,0,0,0,0,0,1,8,0.0,0.0,0.0,0.0,,False
144,patch,named,32.0,32.0,3,0.0,False,19,83,41500,32.0,0,136,8,0,0,136,8,0,0,0,0,0,1,8,0.0,0.0,0.0,0.0,,False
144,patch,named,32.0,32.0,3,0.0,False,19,84,42000,32.0,0,136,8,0,0,136,8,0,0,0,0,0,1,8,0.0,0.0,0.0,0.0,,False
144,patch,named,32.0,32.0,3,0.0,False,19,85,42500,32.0,0,136,8,0,0,136,8,0,0,0,0,0,1,8,0.0,0.0,0.0,0.0,,False
144,patch,named,32.0,32.0,3,0.0,False,19,86,43000,32.0,0,136,8,0,0,136,8,0,0,0,0,0,1,8,0.0,0.0,0.0,0.0,,False
144,patch,named,32.0,32.0,3,0.0,False,19,87,43500,32.0,0,136,8,0,0,136,8,0,0,0,0,0,1,8,0.0,0.0,0.0,0.0,,False
144,patch,named,32.0,32.0,3,0.0,False,19,88,44000,32.0,0,136,8,0,0,136,8,0,0,0,0,0,1,8,0.0,0.0,0.0,0.0,,False
144,patch,named,32.0,32.0,3,0.0,False,19,89,44500,32.0,0,136,8,0,0,136,8,0,0,0,0,0,1,8,0.0,0.0,0.0,0.0,,False
144,patch,named,32.0,32.0,3,0.0,False,19,90,45000,32.0,0,136,8,0,0,136,8,0,0,0,0,0,1,8,0.0,0.0,0.0,0.0,,False
144,patch,named,32.0,32.0,3,0.0,False,19,91,45500,32.0,0,136,8,0,0,136,8,0,0,0,0,0,1,8,0.0,0.0,0.0,0.0,,False
144,patch,named,32.0,32.0,3,0.0,False,19,92,46000,32.0,0,136,8,0,0,136,8,0,0,0,0,0,1,8,0.0,0.0,0.0,0.0,,False
144,patch,named,32.0,32.0,3,0.0,False,19,93,46500,26.0,1,138,5,0,1,138,5,0,0,0,1,1,2,5,6.0,6.0,0.0,0.0,,False
144,patch,named,32.0,32.0,3,0.0,False,19,94,47000,20.0,3,138,3,0,3,138,3,0,0,0,1,3,2,3,12.0,6.0,0.0,0.0,,False
144,patch,named,32.0,32.0,3,0.0,False,19,95,47500,20.0,3,138,3,0,3,138,3,0,0,0,1,3,2,3,12.0,6.0,0.0,0.0,,False
144,patch,named,32.0,32.0,3,0.0,False,19,96,48000,20.0,3,138,3,0,3,138,3,0,0,0,1,3,2,3,12.0,6.0,0.0,0.0,,False
144,patch,named,32.0,32.0,3,0.0,False,19,97,48500,20.0,3,138,3,0,3,138,3,0,0,0,1,3,2,3,12.0,6.0,0.0,0.0,,False
144,patch,named,32.0,32.0,3,0.0,False,19,98,49000,20.0,3,138,3,0,3,138,3,0,0,0,1,3,2,3,12.0,6.0,0.0,0.0,,False
144,patch,named,32.0,32.0,3,0.0,False,19,99,49500,20.0,3,138,3,0,3,138,3,0,0,0,1,3,2,3,12.0,6.0,0.0,0.0,,False
144,patch,named,32.0,32.0,3,0.0,False,19,100,50000,20.0,3,138,3,0,3,138,3,0,0,0,1,3,2,3,12.0,6.0,0.0,0.0,,True
144,patch,named,64.0,64.0,3,0.0,False,0,0,0,64.0,0,130,14,0,0,130,12,2,0,0,0,0,1,14,0.0,0.0,0.0,0.0,,False
144,patch,named,64.0,64.0,3,0.0,False,0,1,500,64.0,0,128,16,0,0,128,16,0,0,0,0,0,2,8,0.0,0.0,0.0,0.0,,False
144,patch,named,64.0,64.0,3,0.0,False,0,2,1000,48.0,0,132,12,0,0,132,12,0,0,0,0,0,1,12,16.0,16.0,0.0,0.0,,False
144,patch,named,64.0,64.0,3,0.0,False,0,3,1500,48.0,0,132,12,0,0,132,12,0,0,0,0,0,1,12,16.0,16.0,0.0,0.0,,False
144,patch,named,64.0,64.0,3,0.0,False,0,4,2000,48.0,0,132,12,0,0,132,12,0,0,0,0,0,1,12,16.0,16.0,0.0,0.0,,False
144,patch,named,64.0,64.0,3,0.0,False,0,5,2500,48.0,0,132,12,0,0,132,12,0,0,0,0,0,1,12,16.0,16.0,0.0,0.0,,False
144,patch,named,64.0,64.0,3,0.0,False,0,6,3000,48.0,0,132,12,0,0,132,12,0,0,0,0,0,1,12,16.0,16.0,0.0,0.0,,False
144,patch,named,64.0,64.0,3,0.0,False,0,7,3500,58.0,1,130,13,0,1,130,13,0,0,0,1,1,2,13,6.0,6.0,0.0,0.0,,False
144,patch,named,64.0,64.0,3,0.0,False,0,8,4000,64.0,0,128,16,0,0,128,16,0,0,0,0,0,2,8,0.0,0.0,0.0,0.0,,False
144,patch,named,64.0,64.0,3,0.0,False,0,9,4500,64.0,0,128,16,0,0,128,16,0,0,0,0,0,2,8,0.0,0.0,0.0,0.0,,False
144,patch,named,64.0,64.0,3,0.0,False,0,10,5000,64.0,0,128,16,0,0,128,16,0,0,0,0,0,1,16,0.0,0.0,0.0,0.0,,False
144,patch,named,64.0,64.0,3,0.0,False,0,11,5500,64.0,0,128,16,0,0,128,16,0,0,0,0,0,2,8,0.0,0.0,0.0,0.0,,False
144,patch,named,64.0,64.0,3,0.0,False,0,12,6000,64.0,0,128,16,0,0,128,16,0,0,0,0,0,2,8,0.0,0.0,0.0,0.0,,False
144,patch,named,64.0,64.0,3,0.0,False,0,13,6500,64.0,0,128,16,0,0,128,16,0,0,0,0,0,1,16,0.0,0.0,0.0,0.0,,False
144,patch,named,64.0,64.0,3,0.0,False,0,14,7000,48.0,0,132,12,0,0,132,12,0,0,0,0,0,1,12,16.0,16.0,0.0,0.0,,False
144,patch,named,64.0,64.0,3,0.0,False,0,15,7500,48.0,0,132,12,0,0,132,12,0,0,0,0,0,1,12,16.0,16.0,0.0,0.0,,False
144,patch,named,64.0,64.0,3,0.0,False,0,16,8000,48.0,0,132,12,0,0,132,12,0,0,0,0,0,1,12,16.0,16.0,0.0,0.0,,False
144,patch,named,64.0,64.0,3,0.0,False,0,17,8500,48.0,0,132,12,0,0,132,12,0,0,0,0,0,1,12,16.0,16.0,0.0,0.0,,False
144,patch,named,64.0,64.0,3,0.0,False,0,18,9000,48.0,0,132,12,0,0,132,12,0,0,0,0,0,1,12,16.0,16.0,0.0,0.0,,False
144,patch,named,64.0,64.0,3,0.0,False,0,19,9500,48.0,0,132,12,0,0,132,12,0,0,0,0,0,1,12,16.0,16.0,0.0,0.0,,False
144,patch,named,64.0,64.0,3,0.0,False,0,20,10000,48.0,0,132,12,0,0,132,12,0,0,0,0,0,1,12,16.0,16.0,0.0,0.0,,False
144,patch,named,64.0,64.0,3,0.0,False,0,21,10500,48.0,0,132,12,0,0,132,12,0,0,0,0,0,1,12,16.0,16.0,0.0,0.0,,False
144,patch,named,64.0,64.0,3,0.0,False,0,22,11000,64.0,0,128,16,0,0,128,16,0,0,0,0,0,1,16,0.0,0.0,0.0,0.0,,False
144,patch,named,64.0,64.0,3,0.0,False,0,23,11500,48.0,0,132,12,0,0,132,12,0,0,0,0,0,1,12,16.0,16.0,0.0,0.0,,False
144,patch,named,64.0,64.0,3,0.0,False,0,24,12000,32.0,0,136,8,0,0,136,8,0,0,0,0,0,1,8,32.0,16.0,0.0,0.0,,False
144,patch,named,64.0,64.0,3,0.0,False,0,25,12500,32.0,0,136,8,0,0,136,8,0,0,0,0,0,1,8,32.0,16.0,0.0,0.0,,False
144,patch,named,64.0,64.0,3,0.0,False,0,26,13000,32.0,0,136,8,0,0,136,8,0,0,0,0,0,1,8,32.0,16.0,0.0,0.0,,False
144,patch,named,64.0,64.0,3,0.0,False,0,27,13500,32.0,0,136,8,0,0,136,8,0,0,0,0,0,1,8,32.0,16.0,0.0,0.0,,False
144,patch,named,64.0,64.0,3,0.0,False,0,28,14000,32.0,0,136,8,0,0,136,8,0,0,0,0,0,1,8,32.0,16.0,0.0,0.0,,False
144,patch,named,64.0,64.0,3,0.0,False,0,29,14500,32.0,0,136,8,0,0,136,8,0,0,0,0,0,1,8,32.0,16.0,0.0,0.0,,False
144,patch,named,64.0,64.0,3,0.0,False,0,30,15000,32.0,0,136,8,0,0,136,8,0,0,0,0,0,1,8,32.0,16.0,0.0,0.0,,False
144,patch,named,64.0,64.0,3,0.0,False,0,31,15500,48.0,0,132,12,0,0,132,12,0,0,0,0,0,1,12,16.0,16.0,0.0,0.0,,False
144,patch,named,64.0,64.0,3,0.0,False,0,32,16000,32.0,0,136,8,0,0,136,8,0,0,0,0,0,1,8,32.0,16.0,0.0,0.0,,False
144,patch,named,64.0,64.0,3,0.0,False,0,33,16500,32.0,0,136,8,0,0,136,8,0,0,0,0,0,1,8,32.0,16.0,0.0,0.0,,False
144,patch,named,64.0,64.0,3,0.0,False,0,34,17000,32.0,0,136,8,0,0,136,8,0,0,0,0,0,1,8,32.0,16.0,0.0,0.0,,False
144,patch,named,64.0,64.0,3,0.0,False,0,35,17500,32.0,0,136,8,0,0,136,8,0,0,0,0,0,1,8,32.0,16.0,0.0,0.0,,False
144,patch,named,64.0,64.0,3,0.0,False,0,36,18000,32.0,0,136,8,0,0,136,8,0,0,0,0,0,1,8,32.0,16.0,0.0,0.0,,False
144,patch,named,64.0,64.0,3,0.0,False,0,37,18500,31.0,2,136,6,0,2,136,6,0,0,0,1,2,2,6,33.0,16.0,0.0,0.0,,False
144,patch,named,64.0,64.0,3,0.0,False,0,38,19000,31.0,2,136,6,0,2,136,6,0,0,0,1,2,2,6,33.0,16.0,0.0,0.0,,False
144,patch,named,64.0,64.0,3,0.0,False,0,39,19500,31.0,2,136,6,0,2,136,6,0,0,0,1,2,2,6,33.0,16.0,0.0,0.0,,False
144,patch,named,64.0,64.0,3,0.0,False,0,40,20000,31.0,2,136,6,0,2,136,6,0,0,0,1,2,2,6,33.0,16.0,0.0,0.0,,False
144,patch,named,64.0,64.0,3,0.0,False,0,41,20500,31.0,2,136,6,0,2,136,6,0,0,0,1,2,2,6,33.0,16.0,0.0,0.0,,False
144,patch,named,64.0,64.0,3,0.0,False,0,42,21000,31.0,2,136,6,0,2,136,6,0,0,0,1,2,2,6,33.0,16.0,0.0,0.0,,False
144,patch,named,64.0,64.0,3,0.0,False,0,43,21500,31.0,2,136,6,0,2,136,6,0,0,0,1,2,2,6,33.0,16.0,0.0,0.0,,False
144,patch,named,64.0,64.0,3,0.0,False,0,44,22000,31.0,2,136,6,0,2,136,6,0,0,0,1,2,2,6,33.0,16.0,0.0,0.0,,False
144,patch,named,64.0,64.0,3,0.0,False,0,45,22500,31.0,2,136,6,0,2,136,6,0,0,0,1,2,2,6,33.0,16.0,0.0,0.0,,False
144,patch,named,64.0,64.0,3,0.0,False,0,46,23000,31.0,2,136,6,0,2,136,6,0,0,0,1,2,2,6,33.0,16.0,0.0,0.0,,False
144,patch,named,64.0,64.0,3,0.0,False,0,47,23500,31.0,2,136,6,0,2,136,6,0,0,0,1,2,2,6,33.0,16.0,0.0,0.0,,False
144,patch,named,64.0,64.0,3,0.0,False,0,48,24000,31.0,2,136,6,0,2,136,6,0,0,0,1,2,2,6,33.0,16.0,0.0,0.0,,False
144,patch,named,64.0,64.0,3,0.0,False,0,49,24500,47.0,2,132,10,0,2,132,10,0,0,0,1,2,2,10,17.0,16.0,0.0,0.0,,False
144,patch,named,64.0,64.0,3,0.0,False,0,50,25000,31.0,2,136,6,0,2,136,6,0,0,0,1,2,2,6,33.0,16.0,0.0,0.0,,False
144,patch,named,64.0,64.0,3,0.0,False,0,51,25500,31.0,2,136,6,0,2,136,6,0,0,0,1,2,2,6,33.0,16.0,0.0,0.0,,False
144,patch,named,64.0,64.0,3,0.0,False,0,52,26000,31.0,2,136,6,0,2,136,6,0,0,0,1,2,2,6,33.0,16.0,0.0,0.0,,False
144,patch,named,64.0,64.0,3,0.0,False,0,53,26500,31.0,2,136,6,0,2,136,6,0,0,0,1,2,2,6,33.0,16.0,0.0,0.0,,False
144,patch,named,64.0,64.0,3,0.0,False,0,54,27000,31.0,2,136,6,0,2,136,6,0,0,0,1,2,2,6,33.0,16.0,0.0,0.0,,False
144,patch,named,64.0,64.0,3,0.0,False,0,55,27500,31.0,2,136,6,0,2,136,6,0,0,0,1,2,2,6,33.0,16.0,0.0,0.0,,False
144,patch,named,64.0,64.0,3,0.0,False,0,56,28000,31.0,2,136,6,0,2,136,6,0,0,0,1,2,2,6,33.0,16.0,0.0,0.0,,False
144,patch,named,64.0,64.0,3,0.0,False,0,57,28500,31.0,2,136,6,0,2,136,6,0,0,0,1,2,2,6,33.0,16.0,0.0,0.0,,False
144,patch,named,64.0,64.0,3,0.0,False,0,58,29000,47.0,2,132,10,0,2,132,10,0,0,0,1,2,2,10,17.0,15.0,0.0,0.0,,False
144,patch,named,64.0,64.0,3,0.0,False,0,59,29500,31.0,2,136,6,0,2,136,6,0,0,0,1,2,2,6,33.0,16.0,0.0,0.0,,False
144,patch,named,64.0,64.0,3,0.0,False,0,60,30000,31.0,2,136,6,0,2,136,6,0,0,0,1,2,2,6,33.0,16.0,0.0,0.0,,False
144,patch,named,64.0,64.0,3,0.0,False,0,61,30500,31.0,2,136,6,0,2,136,6,0,0,0,1,2,2,6,33.0,16.0,0.0,0.0,,False
144,patch,named,64.0,64.0,3,0.0,False,0,62,31000,31.0,2,136,6,0,2,136,6,0,0,0,1,2,2,6,33.0,16.0,0.0,0.0,,False
144,patch,named,64.0,64.0,3,0.0,False,0,63,31500,31.0,2,136,6,0,2,136,6,0,0,0,1,2,2,6,33.0,16.0,0.0,0.0,,False
144,patch,named,64.0,64.0,3,0.0,False,0,64,32000,31.0,2,136,6,0,2,136,6,0,0,0,1,2,2,6,33.0,16.0,0.0,0.0,,False
144,patch,named,64.0,64.0,3,0.0,False,0,65,32500,31.0,2,136,6,0,2,136,6,0,0,0,1,2,2,6,33.0,16.0,0.0,0.0,,False
144,patch,named,64.0,64.0,3,0.0,False,0,66,33000,31.0,2,136,6,0,2,136,6,0,0,0,1,2,2,6,33.0,16.0,0.0,0.0,,False
144,patch,named,64.0,64.0,3,0.0,False,0,67,33500,31.0,2,136,6,0,2,136,6,0,0,0,1,2,2,6,33.0,16.0,0.0,0.0,,False
144,patch,named,64.0,64.0,3,0.0,False,0,68,34000,36.0,4,132,8,0,4,132,8,0,0,0,1,4,2,8,28.0,16.0,0.0,0.0,,False
144,patch,named,64.0,64.0,3,0.0,False,0,69,34500,36.0,4,132,8,0,4,132,8,0,0,0,1,4,2,8,28.0,16.0,0.0,0.0,,False
144,patch,named,64.0,64.0,3,0.0,False,0,70,35000,31.0,2,136,6,0,2,136,6,0,0,0,1,2,2,6,33.0,16.0,0.0,0.0,,False
144,patch,named,64.0,64.0,3,0.0,False,0,71,35500,31.0,2,136,6,0,2,136,6,0,0,0,1,2,2,6,33.0,16.0,0.0,0.0,,False
144,patch,named,64.0,64.0,3,0.0,False,0,72,36000,31.0,2,136,6,0,2,136,6,0,0,0,1,2,2,6,33.0,16.0,0.0,0.0,,False
144,patch,named,64.0,64.0,3,0.0,False,0,73,36500,31.0,2,136,6,0,2,136,6,0,0,0,1,2,2,6,33.0,16.0,0.0,0.0,,False
144,patch,named,64.0,64.0,3,0.0,False,0,74,37000,31.0,2,136,6,0,2,136,6,0,0,0,1,2,2,6,33.0,16.0,0.0,0.0,,False
144,patch,named,64.0,64.0,3,0.0,False,0,75,37500,31.0,2,136,6,0,2,136,6,0,0,0,1,2,2,6,33.0,16.0,0.0,0.0,,False
144,patch,named,64.0,64.0,3,0.0,False,0,76,38000,31.0,2,136,6,0,2,136,6,0,0,0,1,2,2,6,33.0,16.0,0.0,0.0,,False
144,patch,named,64.0,64.0,3,0.0,False,0,77,38500,31.0,2,136,6,0,2,136,6,0,0,0,1,2,2,6,33.0,16.0,0.0,0.0,,False
144,patch,named,64.0,64.0,3,0.0,False,0,78,39000,31.0,2,136,6,0,2,136,6,0,0,0,1,2,2,6,33.0,16.0,0.0,0.0,,False
144,patch,named,64.0,64.0,3,0.0,False,0,79,39500,47.0,2,132,10,0,2,132,10,0,0,0,1,2,2,10,17.0,10.0,0.0,0.0,,False
144,patch,named,64.0,64.0,3,0.0,False,0,80,40000,31.0,2,136,6,0,2,136,6,0,0,0,1,2,2,6,33.0,16.0,0.0,0.0,,False
144,patch,named,64.0,64.0,3,0.0,False,0,81,40500,31.0,2,136,6,0,2,136,6,0,0,0,1,2,2,6,33.0,16.0,0.0,0.0,,False
144,patch,named,64.0,64.0,3,0.0,False,0,82,41000,31.0,2,136,6,0,2,136,6,0,0,0,1,2,2,6,33.0,16.0,0.0,0.0,,False
144,patch,named,64.0,64.0,3,0.0,False,0,83,41500,31.0,2,136,6,0,2,136,6,0,0,0,1,2,2,6,33.0,16.0,0.0,0.0,,False
144,patch,named,64.0,64.0,3,0.0,False,0,84,42000,31.0,2,136,6,0,2,136,6,0,0,0,1,2,2,6,33.0,16.0,0.0,0.0,,False
144,patch,named,64.0,64.0,3,0.0,False,0,85,42500,31.0,2,136,6,0,2,136,6,0,0,0,1,2,2,6,33.0,16.0,0.0,0.0,,False
144,patch,named,64.0,64.0,3,0.0,False,0,86,43000,31.0,2,136,6,0,2,136,6,0,0,0,1,2,2,6,33.0,16.0,0.0,0.0,,False
144,patch,named,64.0,64.0,3,0.0,False,0,87,43500,32.0,0,136,8,0,0,136,8,0,0,0,0,0,1,8,32.0,16.0,0.0,0.0,,False
144,patch,named,64.0,64.0,3,0.0,False,0,88,44000,31.0,2,136,6,0,2,136,6,0,0,0,1,2,2,6,33.0,16.0,0.0,0.0,,False
144,patch,named,64.0,64.0,3,0.0,False,0,89,44500,31.0,2,136,6,0,2,136,6,0,0,0,1,2,2,6,33.0,16.0,0.0,0.0,,False
144,patch,named,64.0,64.0,3,0.0,False,0,90,45000,32.0,0,136,8,0,0,136,8,0,0,0,0,0,1,8,32.0,16.0,0.0,0.0,,False
144,patch,named,64.0,64.0,3,0.0,False,0,91,45500,0.0,0,144,0,0,0,144,0,0,0,0,0,0,0,0,64.0,32.0,0.0,0.0,,False
144,patch,named,64.0,64.0,3,0.0,False,0,92,46000,31.0,2,136,6,0,2,136,6,0,0,0,1,2,2,6,33.0,16.0,0.0,0.0,,False
144,patch,named,64.0,64.0,3,0.0,False,0,93,46500,32.0,0,136,8,0,0,136,8,0,0,0,0,0,1,8,32.0,16.0,0.0,0.0,,False
144,patch,named,64.0,64.0,3,0.0,False,0,94,47000,0.0,0,144,0,0,0,144,0,0,0,0,0,0,0,0,64.0,32.0,0.0,0.0,,False
144,patch,named,64.0,64.0,3,0.0,False,0,95,47500,32.0,0,136,8,0,0,136,8,0,0,0,0,0,1,8,32.0,16.0,0.0,0.0,,False
144,patch,named,64.0,64.0,3,0.0,False,0,96,48000,32.0,0,136,8,0,0,136,8,0,0,0,0,0,1,8,32.0,16.0,0.0,0.0,,False
144,patch,named,64.0,64.0,3,0.0,False,0,97,48500,0.0,0,144,0,0,0,144,0,0,0,0,0,0,0,0,64.0,32.0,0.0,0.0,,False
144,patch,named,64.0,64.0,3,0.0,False,0,98,49000,32.0,0,136,8,0,0,136,8,0,0,0,0,0,1,8,32.0,16.0,0.0,0.0,,False
144,patch,named,64.0,64.0,3,0.0,False,0,99,49500,32.0,0,136,8,0,0,136,8,0,0,0,0,0,1,8,32.0,16.0,0.0,0.0,,False
144,patch,named,64.0,64.0,3,0.0,False,0,100,50000,32.0,0,136,8,0,0,136,8,0,0,0,0,0,1,8,32.0,16.0,0.0,0.0,,True
144,patch,named,64.0,64.0,3,0.0,False,1,0,0,64.0,0,131,13,0,0,131,11,1,1,0,0,0,1,13,0.0,0.0,0.0,0.0,,False
144,patch,named,64.0,64.0,3,0.0,False,1,1,500,32.0,0,136,8,0,0,136,8,0,0,0,0,0,1,8,32.0,16.0,0.0,0.0,,False
144,patch,named,64.0,64.0,3,0.0,False,1,2,1000,32.0,0,136,8,0,0,136,8,0,0,0,0,0,1,8,32.0,16.0,0.0,0.0,,False
144,patch,named,64.0,64.0,3,0.0,False,1,3,1500,32.0,0,136,8,0,0,136,8,0,0,0,0,0,1,8,32.0,16.0,0.0,0.0,,False
144,patch,named,64.0,64.0,3,0.0,False,1,4,2000,32.0,0,136,8,0,0,136,8,0,0,0,0,0,1,8,32.0,16.0,0.0,0.0,,False
144,patch,named,64.0,64.0,3,0.0,False,1,5,2500,32.0,0,136,8,0,0,136,8,0,0,0,0,0,1,8,32.0,16.0,0.0,0.0,,False
144,patch,named,64.0,64.0,3,0.0,False,1,6,3000,32.0,0,136,8,0,0,136,8,0,0,0,0,0,1,8,32.0,16.0,0.0,0.0,,False
144,patch,named,64.0,64.0,3,0.0,False,1,7,3500,26.0,1,138,5,0,1,138,5,0,0,0,1,1,2,5,38.0,16.0,0.0,0.0,,False
144,patch,named,64.0,64.0,3,0.0,False,1,8,4000,42.0,1,134,9,0,1,134,9,0,0,0,1,1,2,9,22.0,16.0,0.0,0.0,,False
144,patch,named,64.0,64.0,3,0.0,False,1,9,4500,26.0,1,138,5,0,1,138,5,0,0,0,1,1,2,5,38.0,16.0,0.0,0.0,,False
144,patch,named,64.0,64.0,3,0.0,False,1,10,5000,42.0,1,134,9,0,1,134,9,0,0,0,1,1,2,9,22.0,16.0,0.0,0.0,,False
144,patch,named,64.0,64.0,3,0.0,False,1,11,5500,26.0,1,138,5,0,1,138,5,0,0,0,1,1,2,5,38.0,16.0,0.0,0.0,,False
144,patch,named,64.0,64.0,3,0.0,False,1,12,6000,26.0,1,138,5,0,1,138,5,0,0,0,1,1,2,5,38.0,16.0,0.0,0.0,,False
144,patch,named,64.0,64.0,3,0.0,False,1,13,6500,26.0,1,138,5,0,1,138,5,0,0,0,1,1,2,5,38.0,16.0,0.0,0.0,,False
144,patch,named,64.0,64.0,3,0.0,False,1,14,7000,26.0,1,138,5,0,1,138,5,0,0,0,1,1,2,5,38.0,16.0,0.0,0.0,,False
144,patch,named,64.0,64.0,3,0.0,False,1,15,7500,26.0,1,138,5,0,1,138,5,0,0,0,1,1,2,5,38.0,16.0,0.0,0.0,,False
144,patch,named,64.0,64.0,3,0.0,False,1,16,8000,26.0,1,138,5,0,1,138,5,0,0,0,1,1,2,5,38.0,16.0,0.0,0.0,,False
144,patch,named,64.0,64.0,3,0.0,False,1,17,8500,26.0,1,138,5,0,1,138,5,0,0,0,1,1,2,5,38.0,16.0,0.0,0.0,,False
144,patch,named,64.0,64.0,3,0.0,False,1,18,9000,26.0,1,138,5,0,1,138,5,0,0,0,1,1,2,5,38.0,16.0,0.0,0.0,,False
144,patch,named,64.0,64.0,3,0.0,False,1,19,9500,26.0,1,138,5,0,1,138,5,0,0,0,1,1,2,5,38.0,16.0,0.0,0.0,,False
144,patch,named,64.0,64.0,3,0.0,False,1,20,10000,26.0,1,138,5,0,1,138,5,0,0,0,1,1,2,5,38.0,16.0,0.0,0.0,,False
144,patch,named,64.0,64.0,3,0.0,False,1,21,10500,26.0,1,138,5,0,1,138,5,0,0,0,1,1,2,5,38.0,16.0,0.0,0.0,,False
144,patch,named,64.0,64.0,3,0.0,False,1,22,11000,26.0,1,138,5,0,1,138,5,0,0,0,1,1,2,5,38.0,16.0,0.0,0.0,,False
144,patch,named,64.0,64.0,3,0.0,False,1,23,11500,32.0,0,136,8,0,0,136,8,0,0,0,0,0,1,8,32.0,16.0,0.0,0.0,,False
144,patch,named,64.0,64.0,3,0.0,False,1,24,12000,32.0,0,136,8,0,0,136,8,0,0,0,0,0,1,8,32.0,16.0,0.0,0.0,,False
144,patch,named,64.0,64.0,3,0.0,False,1,25,12500,32.0,0,136,8,0,0,136,8,0,0,0,0,0,1,8,32.0,16.0,0.0,0.0,,False
144,patch,named,64.0,64.0,3,0.0,False,1,26,13000,32.0,0,136,8,0,0,136,8,0,0,0,0,0,1,8,32.0,16.0,0.0,0.0,,False
144,patch,named,64.0,64.0,3,0.0,False,1,27,13500,32.0,0,136,8,0,0,136,8,0,0,0,0,0,1,8,32.0,16.0,0.0,0.0,,False
144,patch,named,64.0,64.0,3,0.0,False,1,28,14000,32.0,0,136,8,0,0,136,8,0,0,0,0,0,1,8,32.0,16.0,0.0,0.0,,False
144,patch,named,64.0,64.0,3,0.0,False,1,29,14500,32.0,0,136,8,0,0,136,8,0,0,0,0,0,1,8,32.0,16.0,0.0,0.0,,False
144,patch,named,64.0,64.0,3,0.0,False,1,30,15000,32.0,0,136,8,0,0,136,8,0,0,0,0,0,1,8,32.0,16.0,0.0,0.0,,False
144,patch,named,64.0,64.0,3,0.0,False,1,31,15500,32.0,0,136,8,0,0,136,8,0,0,0,0,0,1,8,32.0,16.0,0.0,0.0,,False
144,patch,named,64.0,64.0,3,0.0,False,1,32,16000,32.0,0,136,8,0,0,136,8,0,0,0,0,0,1,8,32.0,16.0,0.0,0.0,,False
144,patch,named,64.0,64.0,3,0.0,False,1,33,16500,32.0,0,136,8,0,0,136,8,0,0,0,0,0,1,8,32.0,16.0,0.0,0.0,,False
144,patch,named,64.0,64.0,3,0.0,False,1,34,17000,32.0,0,136,8,0,0,136,8,0,0,0,0,0,1,8,32.0,16.0,0.0,0.0,,False
144,patch,named,64.0,64.0,3,0.0,False,1,35,17500,32.0,0,136,8,0,0,136,8,0,0,0,0,0,1,8,32.0,16.0,0.0,0.0,,False
144,patch,named,64.0,64.0,3,0.0,False,1,36,18000,32.0,0,136,8,0,0,136,8,0,0,0,0,0,1,8,32.0,16.0,0.0,0.0,,False
144,patch,named,64.0,64.0,3,0.0,False,1,37,18500,32.0,0,136,8,0,0,136,8,0,0,0,0,0,1,8,32.0,16.0,0.0,0.0,,False
144,patch,named,64.0,64.0,3,0.0,False,1,38,19000,0.0,0,144,0,0,0,144,0,0,0,0,0,0,0,0,64.0,32.0,0.0,0.0,,False
144,patch,named,64.0,64.0,3,0.0,False,1,39,19500,32.0,0,136,8,0,0,136,8,0,0,0,0,0,1,8,32.0,16.0,0.0,0.0,,False
144,patch,named,64.0,64.0,3,0.0,False,1,40,20000,32.0,0,136,8,0,0,136,8,0,0,0,0,0,1,8,32.0,16.0,0.0,0.0,,False
144,patch,named,64.0,64.0,3,0.0,False,1,41,20500,32.0,0,136,8,0,0,136,8,0,0,0,0,0,1,8,32.0,16.0,0.0,0.0,,False
144,patch,named,64.0,64.0,3,0.0,False,1,42,21000,32.0,0,136,8,0,0,136,8,0,0,0,0,0,1,8,32.0,16.0,0.0,0.0,,False
144,patch,named,64.0,64.0,3,0.0,False,1,43,21500,32.0,0,136,8,0,0,136,8,0,0,0,0,0,1,8,32.0,16.0,0.0,0.0,,False
144,patch,named,64.0,64.0,3,0.0,False,1,44,22000,32.0,0,136,8,0,0,136,8,0,0,0,0,0,1,8,32.0,16.0,0.0,0.0,,False
144,patch,named,64.0,64.0,3,0.0,False,1,45,22500,32.0,0,136,8,0,0,136,8,0,0,0,0,0,1,8,32.0,16.0,0.0,0.0,,False
144,patch,named,64.0,64.0,3,0.0,False,1,46,23000,32.0,0,136,8,0,0,136,8,0,0,0,0,0,1,8,32.0,16.0,0.0,0.0,,False
144,patch,named,64.0,64.0,3,0.0,False,1,47,23500,26.0,1,138,5,0,1,138,5,0,0,0,1,1,2,5,38.0,16.0,0.0,0.0,,False
144,patch,named,64.0,64.0,3,0.0,False,1,48,24000,26.0,1,138,5,0,1,138,5,0,0,0,1,1,2,5,38.0,16.0,0.0,0.0,,False
144,patch,named,64.0,64.0,3,0.0,False,1,49,24500,26.0,1,138,5,0,1,138,5,0,0,0,1,1,2,5,38.0,16.0,0.0,0.0,,False
144,patch,named,64.0,64.0,3,0.0,False,1,50,25000,26.0,1,138,5,0,1,138,5,0,0,0,1,1,2,5,38.0,16.0,0.0,0.0,,False
144,patch,named,64.0,64.0,3,0.0,False,1,51,25500,26.0,1,138,5,0,1,138,5,0,0,0,1,1,2,5,38.0,16.0,0.0,0.0,,False
144,patch,named,64.0,64.0,3,0.0,False,1,52,26000,26.0,1,138,5,0,1,138,5,0,0,0,1,1,2,5,38.0,16.0,0.0,0.0,,False
144,patch,named,64.0,64.0,3,0.0,False,1,53,26500,26.0,1,138,5,0,1,138,5,0,0,0,1,1,2,5,38.0,16.0,0.0,0.0,,False
144,patch,named,64.0,64.0,3,0.0,False,1,54,27000,26.0,1,138,5,0,1,138,5,0,0,0,1,1,2,5,38.0,16.0,0.0,0.0,,False
144,patch,named,64.0,64.0,3,0.0,False,1,55,27500,26.0,1,138,5,0,1,138,5,0,0,0,1,1,2,5,38.0,16.0,0.0,0.0,,False
144,patch,named,64.0,64.0,3,0.0,False,1,56,28000,26.0,1,138,5,0,1,138,5,0,0,0,1,1,2,5,38.0,16.0,0.0,0.0,,False
144,patch,named,64.0,64.0,3,0.0,False,1,57,28500,26.0,1,138,5,0,1,138,5,0,0,0,1,1,2,5,38.0,16.0,0.0,0.0,,False
144,patch,named,64.0,64.0,3,0.0,False,1,58,29000,26.0,1,138,5,0,1,138,5,0,0,0,1,1,2,5,38.0,16.0,0.0,0.0,,False
144,patch,named,64.0,64.0,3,0.0,False,1,59,29500,37.0,0,136,8,0,0,136,8,0,0,0,0,0,2,6,27.0,9.0,0.0,0.0,,False
144,patch,named,64.0,64.0,3,0.0,False,1,60,30000,37.0,0,136,8,0,0,136,8,0,0,0,0,0,2,6,27.0,9.0,0.0,0.0,,False
144,patch,named,64.0,64.0,3,0.0,False,1,61,30500,26.0,1,138,5,0,1,138,5,0,0,0,1,1,2,5,38.0,11.0,0.0,0.0,,False
144,patch,named,64.0,64.0,3,0.0,False,1,62,31000,26.0,1,138,5,0,1,138,5,0,0,0,1,1,2,5,38.0,11.0,0.0,0.0,,False
144,patch,named,64.0,64.0,3,0.0,False,1,63,31500,26.0,1,138,5,0,1,138,5,0,0,0,1,1,2,5,38.0,11.0,0.0,0.0,,False
144,patch,named,64.0,64.0,3,0.0,False,1,64,32000,32.0,0,136,8,0,0,136,8,0,0,0,0,0,1,8,32.0,11.0,0.0,0.0,,False
144,patch,named,64.0,64.0,3,0.0,False,1,65,32500,32.0,0,136,8,0,0,136,8,0,0,0,0,0,1,8,32.0,11.0,0.0,0.0,,False
144,patch,named,64.0,64.0,3,0.0,False,1,66,33000,32.0,0,136,8,0,0,136,8,0,0,0,0,0,1,8,32.0,11.0,0.0,0.0,,False
144,patch,named,64.0,64.0,3,0.0,False,1,67,33500,26.0,1,138,5,0,1,138,5,0,0,0,1,1,2,5,38.0,11.0,0.0,0.0,,False
144,patch,named,64.0,64.0,3,0.0,False,1,68,34000,26.0,1,138,5,0,1,138,5,0,0,0,1,1,2,5,38.0,11.0,0.0,0.0,,False
144,patch,named,64.0,64.0,3,0.0,False,1,69,34500,0.0,0,144,0,0,0,144,0,0,0,0,0,0,0,0,64.0,32.0,0.0,0.0,,False
144,patch,named,64.0,64.0,3,0.0,False,1,70,35000,32.0,0,136,8,0,0,136,8,0,0,0,0,0,1,8,32.0,11.0,0.0,0.0,,False
144,patch,named,64.0,64.0,3,0.0,False,1,71,35500,32.0,0,136,8,0,0,136,8,0,0,0,0,0,1,8,32.0,11.0,0.0,0.0,,False
144,patch,named,64.0,64.0,3,0.0,False,1,72,36000,0.0,0,144,0,0,0,144,0,0,0,0,0,0,0,0,64.0,32.0,0.0,0.0,,False
144,patch,named,64.0,64.0,3,0.0,False,1,73,36500,32.0,0,136,8,0,0,136,8,0,0,0,0,0,1,8,32.0,11.0,0.0,0.0,,False
144,patch,named,64.0,64.0,3,0.0,False,1,74,37000,0.0,0,144,0,0,0,144,0,0,0,0,0,0,0,0,64.0,32.0,0.0,0.0,,False
144,patch,named,64.0,64.0,3,0.0,False,1,75,37500,32.0,0,136,8,0,0,136,8,0,0,0,0,0,1,8,32.0,11.0,0.0,0.0,,False
144,patch,named,64.0,64.0,3,0.0,False,1,76,38000,26.0,1,138,5,0,1,138,5,0,0,0,1,1,2,5,38.0,11.0,0.0,0.0,,False
144,patch,named,64.0,64.0,3,0.0,False,1,77,38500,32.0,0,136,8,0,0,136,8,0,0,0,0,0,1,8,32.0,11.0,0.0,0.0,,False
144,patch,named,64.0,64.0,3,0.0,False,1,78,39000,26.0,1,138,5,0,1,138,5,0,0,0,1,1,2,5,38.0,11.0,0.0,0.0,,False
144,patch,named,64.0,64.0,3,0.0,False,1,79,39500,26.0,1,138,5,0,1,138,5,0,0,0,1,1,2,5,38.0,11.0,0.0,0.0,,False
144,patch,named,64.0,64.0,3,0.0,False,1,80,40000,26.0,1,138,5,0,1,138,5,0,0,0,1,1,2,5,38.0,11.0,0.0,0.0,,False
144,patch,named,64.0,64.0,3,0.0,False,1,81,40500,26.0,1,138,5,0,1,138,5,0,0,0,1,1,2,5,38.0,11.0,0.0,0.0,,False
144,patch,named,64.0,64.0,3,0.0,False,1,82,41000,26.0,1,138,5,0,1,138,5,0,0,0,1,1,2,5,38.0,11.0,0.0,0.0,,False
144,patch,named,64.0,64.0,3,0.0,False,1,83,41500,26.0,1,138,5,0,1,138,5,0,0,0,1,1,2,5,38.0,11.0,0.0,0.0,,False
144,patch,named,64.0,64.0,3,0.0,False,1,84,42000,26.0,1,138,5,0,1,138,5,0,0,0,1,1,2,5,38.0,11.0,0.0,0.0,,False
144,patch,named,64.0,64.0,3,0.0,False,1,85,42500,26.0,1,138,5,0,1,138,5,0,0,0,1,1,2,5,38.0,11.0,0.0,0.0,,False
144,patch,named,64.0,64.0,3,0.0,False,1,86,43000,26.0,1,138,5,0,1,138,5,0,0,0,1,1,2,5,38.0,11.0,0.0,0.0,,False
144,patch,named,64.0,64.0,3,0.0,False,1,87,43500,26.0,1,138,5,0,1,138,5,0,0,0,1,1,2,5,38.0,11.0,0.0,0.0,,False
144,patch,named,64.0,64.0,3,0.0,False,1,88,44000,26.0,1,138,5,0,1,138,5,0,0,0,1,1,2,5,38.0,11.0,0.0,0.0,,False
144,patch,named,64.0,64.0,3,0.0,False,1,89,44500,26.0,1,138,5,0,1,138,5,0,0,0,1,1,2,5,38.0,11.0,0.0,0.0,,False
144,patch,named,64.0,64.0,3,0.0,False,1,90,45000,26.0,1,138,5,0,1,138,5,0,0,0,1,1,2,5,38.0,11.0,0.0,0.0,,False
144,patch,named,64.0,64.0,3,0.0,False,1,91,45500,37.0,0,136,8,0,0,136,8,0,0,0,0,0,2,6,27.0,6.0,0.0,0.0,,False
144,patch,named,64.0,64.0,3,0.0,False,1,92,46000,26.0,1,138,5,0,1,138,5,0,0,0,1,1,2,5,38.0,11.0,0.0,0.0,,False
144,patch,named,64.0,64.0,3,0.0,False,1,93,46500,26.0,1,138,5,0,1,138,5,0,0,0,1,1,2,5,38.0,11.0,0.0,0.0,,False
144,patch,named,64.0,64.0,3,0.0,False,1,94,47000,32.0,0,136,8,0,0,136,8,0,0,0,0,0,1,8,32.0,11.0,0.0,0.0,,False
144,patch,named,64.0,64.0,3,0.0,False,1,95,47500,32.0,0,136,8,0,0,136,8,0,0,0,0,0,1,8,32.0,11.0,0.0,0.0,,False
144,patch,named,64.0,64.0,3,0.0,False,1,96,48000,32.0,0,136,8,0,0,136,8,0,0,0,0,0,1,8,32.0,11.0,0.0,0.0,,False
144,patch,named,64.0,64.0,3,0.0,False,1,97,48500,32.0,0,136,8,0,0,136,8,0,0,0,0,0,1,8,32.0,11.0,0.0,0.0,,False
144,patch,named,64.0,64.0,3,0.0,False,1,98,49000,0.0,0,144,0,0,0,144,0,0,0,0,0,0,0,0,64.0,32.0,0.0,0.0,,False
144,patch,named,64.0,64.0,3,0.0,False,1,99,49500,0.0,0,144,0,0,0,144,0,0,0,0,0,0,0,0,64.0,32.0,0.0,0.0,,False
144,patch,named,64.0,64.0,3,0.0,False,1,100,50000,0.0,0,144,0,0,0,144,0,0,0,0,0,0,0,0,64.0,32.0,0.0,0.0,,True
144,patch,named,64.0,64.0,3,0.0,False,2,0,0,64.0,0,132,12,0,0,132,8,4,0,0,0,0,1,12,0.0,0.0,0.0,0.0,,False
144,patch,named,64.0,64.0,3,0.0,False,2,1,500,42.0,0,136,8,0,0,136,8,0,0,0,0,0,1,8,22.0,16.0,0.0,0.0,,False
144,patch,named,64.0,64.0,3,0.0,False,2,2,1000,42.0,0,136,8,0,0,136,8,0,0,0,0,0,2,4,22.0,16.0,0.0,0.0,,False
144,patch,named,64.0,64.0,3,0.0,False,2,3,1500,42.0,0,136,8,0,0,136,8,0,0,0,0,0,2,4,22.0,16.0,0.0,0.0,,False
144,patch,named,64.0,64.0,3,0.0,False,2,4,2000,42.0,0,136,8,0,0,136,8,0,0,0,0,0,2,4,22.0,16.0,0.0,0.0,,False
144,patch,named,64.0,64.0,3,0.0,False,2,5,2500,32.0,0,136,8,0,0,136,8,0,0,0,0,0,1,8,32.0,16.0,0.0,0.0,,False
144,patch,named,64.0,64.0,3,0.0,False,2,6,3000,32.0,0,136,8,0,0,136,8,0,0,0,0,0,1,8,32.0,16.0,0.0,0.0,,False
144,patch,named,64.0,64.0,3,0.0,False,2,7,3500,32.0,0,136,8,0,0,136,8,0,0,0,0,0,1,8,32.0,16.0,0.0,0.0,,False
144,patch,named,64.0,64.0,3,0.0,False,2,8,4000,32.0,0,136,8,0,0,136,8,0,0,0,0,0,1,8,32.0,16.0,0.0,0.0,,False
144,patch,named,64.0,64.0,3,0.0,False,2,9,4500,48.0,0,132,12,0,0,132,12,0,0,0,0,0,1,12,16.0,10.0,0.0,0.0,,False
144,patch,named,64.0,64.0,3,0.0,False,2,10,5000,0.0,0,144,0,0,0,144,0,0,0,0,0,0,0,0,64.0,32.0,0.0,0.0,,False
144,patch,named,64.0,64.0,3,0.0,False,2,11,5500,32.0,0,136,8,0,0,136,8,0,0,0,0,0,1,8,32.0,16.0,0.0,0.0,,False
144,patch,named,64.0,64.0,3,0.0,False,2,12,6000,32.0,0,136,8,0,0,136,8,0,0,0,0,0,1,8,32.0,16.0,0.0,0.0,,False
144,patch,named,64.0,64.0,3,0.0,False,2,13,6500,48.0,0,132,12,0,0,132,12,0,0,0,0,0,1,12,16.0,10.0,0.0,0.0,,False
144,patch,named,64.0,64.0,3,0.0,False,2,14,7000,32.0,0,136,8,0,0,136,8,0,0,0,0,0,1,8,32.0,16.0,0.0,0.0,,False
144,patch,named,64.0,64.0,3,0.0,False,2,15,7500,0.0,0,144,0,0,0,144,0,0,0,0,0,0,0,0,64.0,32.0,0.0,0.0,,False
144,patch,named,64.0,64.0,3,0.0,False,2,16,8000,32.0,0,136,8,0,0,136,8,0,0,0,0,0,1,8,32.0,16.0,0.0,0.0,,False
144,patch,named,64.0,64.0,3,0.0,False,2,17,8500,0.0,0,144,0,0,0,144,0,0,0,0,0,0,0,0,64.0,32.0,0.0,0.0,,False
144,patch,named,64.0,64.0,3,0.0,False,2,18,9000,32.0,0,136,8,0,0,136,8,0,0,0,0,0,1,8,32.0,16.0,0.0,0.0,,False
144,patch,named,64.0,64.0,3,0.0,False,2,19,9500,32.0,0,136,8,0,0,136,8,0,0,0,0,0,1,8,32.0,16.0,0.0,0.0,,False
144,patch,named,64.0,64.0,3,0.0,False,2,20,10000,32.0,0,136,8,0,0,136,8,0,0,0,0,0,1,8,32.0,16.0,0.0,0.0,,False
144,patch,named,64.0,64.0,3,0.0,False,2,21,10500,32.0,0,136,8,0,0,136,8,0,0,0,0,0,1,8,32.0,16.0,0.0,0.0,,False
144,patch,named,64.0,64.0,3,0.0,False,2,22,11000,32.0,0,136,8,0,0,136,8,0,0,0,0,0,1,8,32.0,16.0,0.0,0.0,,False
144,patch,named,64.0,64.0,3,0.0,False,2,23,11500,32.0,0,136,8,0,0,136,8,0,0,0,0,0,1,8,32.0,16.0,0.0,0.0,,False
144,patch,named,64.0,64.0,3,0.0,False,2,24,12000,32.0,0,136,8,0,0,136,8,0,0,0,0,0,1,8,32.0,16.0,0.0,0.0,,False
144,patch,named,64.0,64.0,3,0.0,False,2,25,12500,32.0,0,136,8,0,0,136,8,0,0,0,0,0,1,8,32.0,16.0,0.0,0.0,,False
144,patch,named,64.0,64.0,3,0.0,False,2,26,13000,48.0,0,132,12,0,0,132,12,0,0,0,0,0,1,12,16.0,10.0,0.0,0.0,,False
144,patch,named,64.0,64.0,3,0.0,False,2,27,13500,32.0,0,136,8,0,0,136,8,0,0,0,0,0,1,8,32.0,16.0,0.0,0.0,,False
144,patch,named,64.0,64.0,3,0.0,False,2,28,14000,32.0,0,136,8,0,0,136,8,0,0,0,0,0,1,8,32.0,16.0,0.0,0.0,,False
144,patch,named,64.0,64.0,3,0.0,False,2,29,14500,32.0,0,136,8,0,0,136,8,0,0,0,0,0,1,8,32.0,16.0,0.0,0.0,,False
144,patch,named,64.0,64.0,3,0.0,False,2,30,15000,32.0,0,136,8,0,0,136,8,0,0,0,0,0,1,8,32.0,16.0,0.0,0.0,,False
144,patch,named,64.0,64.0,3,0.0,False,2,31,15500,32.0,0,136,8,0,0,136,8,0,0,0,0,0,1,8,32.0,16.0,0.0,0.0,,False
144,patch,named,64.0,64.0,3,0.0,False,2,32,16000,48.0,0,132,12,0,0,132,12,0,0,0,0,0,1,12,16.0,10.0,0.0,0.0,,False
144,patch,named,64.0,64.0,3,0.0,False,2,33,16500,48.0,0,132,12,0,0,132,12,0,0,0,0,0,1,12,16.0,10.0,0.0,0.0,,False
144,patch,named,64.0,64.0,3,0.0,False,2,34,17000,32.0,0,136,8,0,0,136,8,0,0,0,0,0,1,8,32.0,16.0,0.0,0.0,,False
144,patch,named,64.0,64.0,3,0.0,False,2,35,17500,32.0,0,136,8,0,0,136,8,0,0,0,0,0,1,8,32.0,16.0,0.0,0.0,,False
144,patch,named,64.0,64.0,3,0.0,False,2,36,18000,32.0,0,136,8,0,0,136,8,0,0,0,0,0,1,8,32.0,16.0,0.0,0.0,,False
144,patch,named,64.0,64.0,3,0.0,False,2,37,18500,32.0,0,136,8,0,0,136,8,0,0,0,0,0,1,8,32.0,16.0,0.0,0.0,,False
144,patch,named,64.0,64.0,3,0.0,False,2,38,19000,32.0,0,136,8,0,0,136,8,0,0,0,0,0,1,8,32.0,16.0,0.0,0.0,,False
144,patch,named,64.0,64.0,3,0.0,False,2,39,19500,26.0,1,138,5,0,1,138,5,0,0,0,1,1,2,5,38.0,16.0,0.0,0.0,,False
144,patch,named,64.0,64.0,3,0.0,False,2,40,20000,42.0,1,134,9,0,1,134,9,0,0,0,1,1,2,9,22.0,10.0,0.0,0.0,,False
144,patch,named,64.0,64.0,3,0.0,False,2,41,20500,26.0,1,138,5,0,1,138,5,0,0,0,1,1,2,5,38.0,16.0,0.0,0.0,,False
144,patch,named,64.0,64.0,3,0.0,False,2,42,21000,26.0,1,138,5,0,1,138,5,0,0,0,1,1,2,5,38.0,16.0,0.0,0.0,,False
144,patch,named,64.0,64.0,3,0.0,False,2,43,21500,26.0,1,138,5,0,1,138,5,0,0,0,1,1,2,5,38.0,16.0,0.0,0.0,,False
144,patch,named,64.0,64.0,3,0.0,False,2,44,22000,26.0,1,138,5,0,1,138,5,0,0,0,1,1,2,5,38.0,16.0,0.0,0.0,,False
144,patch,named,64.0,64.0,3,0.0,False,2,45,22500,26.0,1,138,5,0,1,138,5,0,0,0,1,1,2,5,38.0,16.0,0.0,0.0,,False
144,patch,named,64.0,64.0,3,0.0,False,2,46,23000,26.0,1,138,5,0,1,138,5,0,0,0,1,1,2,5,38.0,16.0,0.0,0.0,,False
144,patch,named,64.0,64.0,3,0.0,False,2,47,23500,26.0,1,138,5,0,1,138,5,0,0,0,1,1,2,5,38.0,16.0,0.0,0.0,,False
144,patch,named,64.0,64.0,3,0.0,False,2,48,24000,26.0,1,138,5,0,1,138,5,0,0,0,1,1,2,5,38.0,16.0,0.0,0.0,,False
144,patch,named,64.0,64.0,3,0.0,False,2,49,24500,26.0,1,138,5,0,1,138,5,0,0,0,1,1,2,5,38.0,16.0,0.0,0.0,,False
144,patch,named,64.0,64.0,3,0.0,False,2,50,25000,32.0,0,136,8,0,0,136,8,0,0,0,0,0,1,8,32.0,10.0,0.0,0.0,,False
144,patch,named,64.0,64.0,3,0.0,False,2,51,25500,32.0,0,136,8,0,0,136,8,0,0,0,0,0,1,8,32.0,10.0,0.0,0.0,,False
144,patch,named,64.0,64.0,3,0.0,False,2,52,26000,32.0,0,136,8,0,0,136,8,0,0,0,0,0,1,8,32.0,10.0,0.0,0.0,,False
144,patch,named,64.0,64.0,3,0.0,False,2,53,26500,32.0,0,136,8,0,0,136,8,0,0,0,0,0,1,8,32.0,10.0,0.0,0.0,,False
144,patch,named,64.0,64.0,3,0.0,False,2,54,27000,32.0,0,136,8,0,0,136,8,0,0,0,0,0,1,8,32.0,10.0,0.0,0.0,,False
144,patch,named,64.0,64.0,3,0.0,False,2,55,27500,32.0,0,136,8,0,0,136,8,0,0,0,0,0,1,8,32.0,10.0,0.0,0.0,,False
144,patch,named,64.0,64.0,3,0.0,False,2,56,28000,32.0,0,136,8,0,0,136,8,0,0,0,0,0,1,8,32.0,10.0,0.0,0.0,,False
144,patch,named,64.0,64.0,3,0.0,False,2,57,28500,32.0,0,136,8,0,0,136,8,0,0,0,0,0,1,8,32.0,10.0,0.0,0.0,,False
144,patch,named,64.0,64.0,3,0.0,False,2,58,29000,26.0,1,138,5,0,1,138,5,0,0,0,1,1,2,5,38.0,10.0,0.0,0.0,,False
144,patch,named,64.0,64.0,3,0.0,False,2,59,29500,26.0,1,138,5,0,1,138,5,0,0,0,1,1,2,5,38.0,10.0,0.0,0.0,,False
144,patch,named,64.0,64.0,3,0.0,False,2,60,30000,26.0,1,138,5,0,1,138,5,0,0,0,1,1,2,5,38.0,10.0,0.0,0.0,,False
144,patch,named,64.0,64.0,3,0.0,False,2,61,30500,26.0,1,138,5,0,1,138,5,0,0,0,1,1,2,5,38.0,10.0,0.0,0.0,,False
144,patch,named,64.0,64.0,3,0.0,False,2,62,31000,26.0,1,138,5,0,1,138,5,0,0,0,1,1,2,5,38.0,10.0,0.0,0.0,,False
144,patch,named,64.0,64.0,3,0.0,False,2,63,31500,26.0,1,138,5,0,1,138,5,0,0,0,1,1,2,5,38.0,10.0,0.0,0.0,,False
144,patch,named,64.0,64.0,3,0.0,False,2,64,32000,26.0,1,138,5,0,1,138,5,0,0,0,1,1,2,5,38.0,10.0,0.0,0.0,,False
144,patch,named,64.0,64.0,3,0.0,False,2,65,32500,26.0,1,138,5,0,1,138,5,0,0,0,1,1,2,5,38.0,10.0,0.0,0.0,,False
144,patch,named,64.0,64.0,3,0.0,False,2,66,33000,32.0,0,136,8,0,0,136,8,0,0,0,0,0,1,8,32.0,10.0,0.0,0.0,,False
144,patch,named,64.0,64.0,3,0.0,False,2,67,33500,42.0,0,137,7,0,0,137,6,1,0,0,0,0,1,7,22.0,10.0,0.0,0.0,,False
144,patch,named,64.0,64.0,3,0.0,False,2,68,34000,26.0,1,138,5,0,1,138,5,0,0,0,1,1,2,5,38.0,10.0,0.0,0.0,,False
144,patch,named,64.0,64.0,3,0.0,False,2,69,34500,26.0,1,138,5,0,1,138,5,0,0,0,1,1,2,5,38.0,10.0,0.0,0.0,,False
144,patch,named,64.0,64.0,3,0.0,False,2,70,35000,26.0,1,138,5,0,1,138,5,0,0,0,1,1,2,5,38.0,10.0,0.0,0.0,,False
144,patch,named,64.0,64.0,3,0.0,False,2,71,35500,26.0,1,138,5,0,1,138,5,0,0,0,1,1,2,5,38.0,10.0,0.0,0.0,,False
144,patch,named,64.0,64.0,3,0.0,False,2,72,36000,26.0,1,138,5,0,1,138,5,0,0,0,1,1,2,5,38.0,10.0,0.0,0.0,,False
144,patch,named,64.0,64.0,3,0.0,False,2,73,36500,26.0,1,138,5,0,1,138,5,0,0,0,1,1,2,5,38.0,10.0,0.0,0.0,,False
144,patch,named,64.0,64.0,3,0.0,False,2,74,37000,26.0,1,138,5,0,1,138,5,0,0,0,1,1,2,5,38.0,10.0,0.0,0.0,,False
144,patch,named,64.0,64.0,3,0.0,False,2,75,37500,26.0,1,138,5,0,1,138,5,0,0,0,1,1,2,5,38.0,10.0,0.0,0.0,,False
144,patch,named,64.0,64.0,3,0.0,False,2,76,38000,26.0,1,138,5,0,1,138,5,0,0,0,1,1,2,5,38.0,10.0,0.0,0.0,,False
144,patch,named,64.0,64.0,3,0.0,False,2,77,38500,26.0,1,138,5,0,1,138,5,0,0,0,1,1,2,5,38.0,10.0,0.0,0.0,,False
144,patch,named,64.0,64.0,3,0.0,False,2,78,39000,26.0,1,138,5,0,1,138,5,0,0,0,1,1,2,5,38.0,10.0,0.0,0.0,,False
144,patch,named,64.0,64.0,3,0.0,False,2,79,39500,26.0,1,138,5,0,1,138,5,0,0,0,1,1,2,5,38.0,10.0,0.0,0.0,,False
144,patch,named,64.0,64.0,3,0.0,False,2,80,40000,26.0,1,138,5,0,1,138,5,0,0,0,1,1,2,5,38.0,10.0,0.0,0.0,,False
144,patch,named,64.0,64.0,3,0.0,False,2,81,40500,26.0,1,138,5,0,1,138,5,0,0,0,1,1,2,5,38.0,10.0,0.0,0.0,,False
144,patch,named,64.0,64.0,3,0.0,False,2,82,41000,26.0,1,138,5,0,1,138,5,0,0,0,1,1,2,5,38.0,10.0,0.0,0.0,,False
144,patch,named,64.0,64.0,3,0.0,False,2,83,41500,26.0,1,138,5,0,1,138,5,0,0,0,1,1,2,5,38.0,10.0,0.0,0.0,,False
144,patch,named,64.0,64.0,3,0.0,False,2,84,42000,26.0,1,138,5,0,1,138,5,0,0,0,1,1,2,5,38.0,10.0,0.0,0.0,,False
144,patch,named,64.0,64.0,3,0.0,False,2,85,42500,26.0,1,138,5,0,1,138,5,0,0,0,1,1,2,5,38.0,10.0,0.0,0.0,,False
144,patch,named,64.0,64.0,3,0.0,False,2,86,43000,26.0,1,138,5,0,1,138,5,0,0,0,1,1,2,5,38.0,10.0,0.0,0.0,,False
144,patch,named,64.0,64.0,3,0.0,False,2,87,43500,26.0,1,138,5,0,1,138,5,0,0,0,1,1,2,5,38.0,10.0,0.0,0.0,,False
144,patch,named,64.0,64.0,3,0.0,False,2,88,44000,26.0,1,138,5,0,1,138,5,0,0,0,1,1,2,5,38.0,10.0,0.0,0.0,,False
144,patch,named,64.0,64.0,3,0.0,False,2,89,44500,26.0,1,138,5,0,1,138,5,0,0,0,1,1,2,5,38.0,10.0,0.0,0.0,,False
144,patch,named,64.0,64.0,3,0.0,False,2,90,45000,32.0,0,136,8,0,0,136,8,0,0,0,0,0,1,8,32.0,10.0,0.0,0.0,,False
144,patch,named,64.0,64.0,3,0.0,False,2,91,45500,26.0,1,138,5,0,1,138,5,0,0,0,1,1,2,5,38.0,10.0,0.0,0.0,,False
144,patch,named,64.0,64.0,3,0.0,False,2,92,46000,32.0,0,136,8,0,0,136,8,0,0,0,0,0,1,8,32.0,10.0,0.0,0.0,,False
144,patch,named,64.0,64.0,3,0.0,False,2,93,46500,32.0,0,136,8,0,0,136,8,0,0,0,0,0,1,8,32.0,10.0,0.0,0.0,,False
144,patch,named,64.0,64.0,3,0.0,False,2,94,47000,26.0,1,138,5,0,1,138,5,0,0,0,1,1,2,5,38.0,10.0,0.0,0.0,,False
144,patch,named,64.0,64.0,3,0.0,False,2,95,47500,26.0,1,138,5,0,1,138,5,0,0,0,1,1,2,5,38.0,10.0,0.0,0.0,,False
144,patch,named,64.0,64.0,3,0.0,False,2,96,48000,26.0,1,138,5,0,1,138,5,0,0,0,1,1,2,5,38.0,10.0,0.0,0.0,,False
144,patch,named,64.0,64.0,3,0.0,False,2,97,48500,26.0,1,138,5,0,1,138,5,0,0,0,1,1,2,5,38.0,10.0,0.0,0.0,,False
144,patch,named,64.0,64.0,3,0.0,False,2,98,49000,26.0,1,138,5,0,1,138,5,0,0,0,1,1,2,5,38.0,10.0,0.0,0.0,,False
144,patch,named,64.0,64.0,3,0.0,False,2,99,49500,26.0,1,138,5,0,1,138,5,0,0,0,1,1,2,5,38.0,10.0,0.0,0.0,,False
144,patch,named,64.0,64.0,3,0.0,False,2,100,50000,26.0,1,138,5,0,1,138,5,0,0,0,1,1,2,5,38.0,10.0,0.0,0.0,,True
144,patch,named,64.0,64.0,3,0.0,False,3,0,0,64.0,0,132,12,0,0,132,8,4,0,0,0,0,1,12,0.0,0.0,0.0,0.0,,False
144,patch,named,64.0,64.0,3,0.0,False,3,1,500,42.0,0,136,8,0,0,136,8,0,0,0,0,0,2,7,22.0,11.0,0.0,0.0,,False
144,patch,named,64.0,64.0,3,0.0,False,3,2,1000,0.0,0,144,0,0,0,144,0,0,0,0,0,0,0,0,64.0,42.0,0.0,0.0,,False
144,patch,named,64.0,64.0,3,0.0,False,3,3,1500,32.0,0,136,8,0,0,136,8,0,0,0,0,0,1,8,32.0,11.0,0.0,0.0,,False
144,patch,named,64.0,64.0,3,0.0,False,3,4,2000,32.0,0,137,7,0,0,137,6,1,0,0,0,0,1,7,32.0,11.0,0.0,0.0,,False
144,patch,named,64.0,64.0,3,0.0,False,3,5,2500,32.0,0,136,8,0,0,136,8,0,0,0,0,0,1,8,32.0,11.0,0.0,0.0,,False
144,patch,named,64.0,64.0,3,0.0,False,3,6,3000,32.0,0,136,8,0,0,136,8,0,0,0,0,0,1,8,32.0,11.0,0.0,0.0,,False
144,patch,named,64.0,64.0,3,0.0,False,3,7,3500,32.0,0,136,8,0,0,136,8,0,0,0,0,0,1,8,32.0,11.0,0.0,0.0,,False
144,patch,named,64.0,64.0,3,0.0,False,3,8,4000,32.0,0,136,8,0,0,136,8,0,0,0,0,0,1,8,32.0,11.0,0.0,0.0,,False
144,patch,named,64.0,64.0,3,0.0,False,3,9,4500,32.0,0,137,7,0,0,137,6,1,0,0,0,0,1,7,32.0,11.0,0.0,0.0,,False
144,patch,named,64.0,64.0,3,0.0,False,3,10,5000,32.0,0,137,7,0,0,137,6,1,0,0,0,0,1,7,32.0,11.0,0.0,0.0,,False
144,patch,named,64.0,64.0,3,0.0,False,3,11,5500,32.0,0,136,8,0,0,136,8,0,0,0,0,0,1,8,32.0,11.0,0.0,0.0,,False
144,patch,named,64.0,64.0,3,0.0,False,3,12,6000,32.0,0,136,8,0,0,136,8,0,0,0,0,0,1,8,32.0,11.0,0.0,0.0,,False
144,patch,named,64.0,64.0,3,0.0,False,3,13,6500,32.0,0,136,8,0,0,136,8,0,0,0,0,0,1,8,32.0,11.0,0.0,0.0,,False
144,patch,named,64.0,64.0,3,0.0,False,3,14,7000,32.0,0,137,7,0,0,137,6,1,0,0,0,0,1,7,32.0,11.0,0.0,0.0,,False
144,patch,named,64.0,64.0,3,0.0,False,3,15,7500,32.0,0,137,7,0,0,137,6,1,0,0,0,0,1,7,32.0,11.0,0.0,0.0,,False
144,patch,named,64.0,64.0,3,0.0,False,3,16,8000,37.0,0,137,7,0,0,137,6,1,0,0,0,0,1,7,27.0,10.0,0.0,0.0,,False
144,patch,named,64.0,64.0,3,0.0,False,3,17,8500,32.0,0,136,8,0,0,136,8,0,0,0,0,0,1,8,32.0,10.0,0.0,0.0,,False
144,patch,named,64.0,64.0,3,0.0,False,3,18,9000,32.0,0,136,8,0,0,136,8,0,0,0,0,0,1,8,32.0,10.0,0.0,0.0,,False
144,patch,named,64.0,64.0,3,0.0,False,3,19,9500,32.0,0,136,8,0,0,136,8,0,0,0,0,0,1,8,32.0,10.0,0.0,0.0,,False
144,patch,named,64.0,64.0,3,0.0,False,3,20,10000,0.0,0,144,0,0,0,144,0,0,0,0,0,0,0,0,64.0,32.0,0.0,0.0,,False
144,patch,named,64.0,64.0,3,0.0,False,3,21,10500,32.0,0,136,8,0,0,136,8,0,0,0,0,0,1,8,32.0,10.0,0.0,0.0,,False
144,patch,named,64.0,64.0,3,0.0,False,3,22,11000,32.0,0,136,8,0,0,136,8,0,0,0,0,0,1,8,32.0,10.0,0.0,0.0,,False
144,patch,named,64.0,64.0,3,0.0,False,3,23,11500,32.0,0,136,8,0,0,136,8,0,0,0,0,0,1,8,32.0,10.0,0.0,0.0,,False
144,patch,named,64.0,64.0,3,0.0,False,3,24,12000,32.0,0,136,8,0,0,136,8,0,0,0,0,0,1,8,32.0,10.0,0.0,0.0,,False
144,patch,named,64.0,64.0,3,0.0,False,3,25,12500,32.0,0,136,8,0,0,136,8,0,0,0,0,0,1,8,32.0,10.0,0.0,0.0,,False
144,patch,named,64.0,64.0,3,0.0,False,3,26,13000,32.0,0,136,8,0,0,136,8,0,0,0,0,0,1,8,32.0,10.0,0.0,0.0,,False
144,patch,named,64.0,64.0,3,0.0,False,3,27,13500,32.0,0,136,8,0,0,136,8,0,0,0,0,0,1,8,32.0,10.0,0.0,0.0,,False
144,patch,named,64.0,64.0,3,0.0,False,3,28,14000,32.0,0,136,8,0,0,136,8,0,0,0,0,0,1,8,32.0,10.0,0.0,0.0,,False
144,patch,named,64.0,64.0,3,0.0,False,3,29,14500,32.0,0,136,8,0,0,136,8,0,0,0,0,0,1,8,32.0,10.0,0.0,0.0,,False
144,patch,named,64.0,64.0,3,0.0,False,3,30,15000,32.0,0,136,8,0,0,136,8,0,0,0,0,0,1,8,32.0,10.0,0.0,0.0,,False
144,patch,named,64.0,64.0,3,0.0,False,3,31,15500,32.0,0,136,8,0,0,136,8,0,0,0,0,0,1,8,32.0,10.0,0.0,0.0,,False
144,patch,named,64.0,64.0,3,0.0,False,3,32,16000,32.0,0,136,8,0,0,136,8,0,0,0,0,0,1,8,32.0,10.0,0.0,0.0,,False
144,patch,named,64.0,64.0,3,0.0,False,3,33,16500,0.0,0,144,0,0,0,144,0,0,0,0,0,0,0,0,64.0,32.0,0.0,0.0,,False
144,patch,named,64.0,64.0,3,0.0,False,3,34,17000,32.0,0,136,8,0,0,136,8,0,0,0,0,0,1,8,32.0,10.0,0.0,0.0,,False
144,patch,named,64.0,64.0,3,0.0,False,3,35,17500,32.0,0,136,8,0,0,136,8,0,0,0,0,0,1,8,32.0,10.0,0.0,0.0,,False
144,patch,named,64.0,64.0,3,0.0,False,3,36,18000,32.0,0,136,8,0,0,136,8,0,0,0,0,0,1,8,32.0,10.0,0.0,0.0,,False
144,patch,named,64.0,64.0,3,0.0,False,3,37,18500,32.0,0,136,8,0,0,136,8,0,0,0,0,0,1,8,32.0,10.0,0.0,0.0,,False
144,patch,named,64.0,64.0,3,0.0,False,3,38,19000,32.0,0,136,8,0,0,136,8,0,0,0,0,0,1,8,32.0,10.0,0.0,0.0,,False
144,patch,named,64.0,64.0,3,0.0,False,3,39,19500,32.0,0,136,8,0,0,136,8,0,0,0,0,0,1,8,32.0,10.0,0.0,0.0,,False
144,patch,named,64.0,64.0,3,0.0,False,3,40,20000,32.0,0,136,8,0,0,136,8,0,0,0,0,0,1,8,32.0,10.0,0.0,0.0,,False
144,patch,named,64.0,64.0,3,0.0,False,3,41,20500,0.0,0,144,0,0,0,144,0,0,0,0,0,0,0,0,64.0,32.0,0.0,0.0,,False
144,patch,named,64.0,64.0,3,0.0,False,3,42,21000,32.0,0,136,8,0,0,136,8,0,0,0,0,0,1,8,32.0,10.0,0.0,0.0,,False
144,patch,named,64.0,64.0,3,0.0,False,3,43,21500,32.0,0,136,8,0,0,136,8,0,0,0,0,0,1,8,32.0,10.0,0.0,0.0,,False
144,patch,named,64.0,64.0,3,0.0,False,3,44,22000,32.0,0,136,8,0,0,136,8,0,0,0,0,0,1,8,32.0,10.0,0.0,0.0,,False
144,patch,named,64.0,64.0,3,0.0,False,3,45,22500,32.0,0,136,8,0,0,136,8,0,0,0,0,0,1,8,32.0,10.0,0.0,0.0,,False
144,patch,named,64.0,64.0,3,0.0,False,3,46,23000,32.0,0,136,8,0,0,136,8,0,0,0,0,0,1,8,32.0,10.0,0.0,0.0,,False
144,patch,named,64.0,64.0,3,0.0,False,3,47,23500,26.0,1,138,5,0,1,138,5,0,0,0,1,1,2,5,38.0,10.0,0.0,0.0,,False
144,patch,named,64.0,64.0,3,0.0,False,3,48,24000,26.0,1,138,5,0,1,138,5,0,0,0,1,1,2,5,38.0,10.0,0.0,0.0,,False
144,patch,named,64.0,64.0,3,0.0,False,3,49,24500,26.0,1,138,5,0,1,138,5,0,0,0,1,1,2,5,38.0,10.0,0.0,0.0,,False
144,patch,named,64.0,64.0,3,0.0,False,3,50,25000,26.0,1,138,5,0,1,138,5,0,0,0,1,1,2,5,38.0,10.0,0.0,0.0,,False
144,patch,named,64.0,64.0,3,0.0,False,3,51,25500,26.0,1,138,5,0,1,138,5,0,0,0,1,1,2,5,38.0,10.0,0.0,0.0,,False
144,patch,named,64.0,64.0,3,0.0,False,3,52,26000,26.0,1,138,5,0,1,138,5,0,0,0,1,1,2,5,38.0,10.0,0.0,0.0,,False
144,patch,named,64.0,64.0,3,0.0,False,3,53,26500,26.0,1,138,5,0,1,138,5,0,0,0,1,1,2,5,38.0,10.0,0.0,0.0,,False
144,patch,named,64.0,64.0,3,0.0,False,3,54,27000,26.0,1,138,5,0,1,138,5,0,0,0,1,1,2,5,38.0,10.0,0.0,0.0,,False
144,patch,named,64.0,64.0,3,0.0,False,3,55,27500,26.0,1,138,5,0,1,138,5,0,0,0,1,1,2,5,38.0,10.0,0.0,0.0,,False
144,patch,named,64.0,64.0,3,0.0,False,3,56,28000,26.0,1,138,5,0,1,138,5,0,0,0,1,1,2,5,38.0,10.0,0.0,0.0,,False
144,patch,named,64.0,64.0,3,0.0,False,3,57,28500,26.0,1,138,5,0,1,138,5,0,0,0,1,1,2,5,38.0,10.0,0.0,0.0,,False
144,patch,named,64.0,64.0,3,0.0,False,3,58,29000,26.0,1,138,5,0,1,138,5,0,0,0,1,1,2,5,38.0,10.0,0.0,0.0,,False
144,patch,named,64.0,64.0,3,0.0,False,3,59,29500,26.0,1,138,5,0,1,138,5,0,0,0,1,1,2,5,38.0,10.0,0.0,0.0,,False
144,patch,named,64.0,64.0,3,0.0,False,3,60,30000,26.0,1,138,5,0,1,138,5,0,0,0,1,1,2,5,38.0,10.0,0.0,0.0,,False
144,patch,named,64.0,64.0,3,0.0,False,3,61,30500,26.0,1,138,5,0,1,138,5,0,0,0,1,1,2,5,38.0,10.0,0.0,0.0,,False
144,patch,named,64.0,64.0,3,0.0,False,3,62,31000,26.0,1,138,5,0,1,138,5,0,0,0,1,1,2,5,38.0,10.0,0.0,0.0,,False
144,patch,named,64.0,64.0,3,0.0,False,3,63,31500,26.0,1,138,5,0,1,138,5,0,0,0,1,1,2,5,38.0,10.0,0.0,0.0,,False
144,patch,named,64.0,64.0,3,0.0,False,3,64,32000,26.0,1,138,5,0,1,138,5,0,0,0,1,1,2,5,38.0,10.0,0.0,0.0,,False
144,patch,named,64.0,64.0,3,0.0,False,3,65,32500,26.0,1,138,5,0,1,138,5,0,0,0,1,1,2,5,38.0,10.0,0.0,0.0,,False
144,patch,named,64.0,64.0,3,0.0,False,3,66,33000,26.0,1,138,5,0,1,138,5,0,0,0,1,1,2,5,38.0,10.0,0.0,0.0,,False
144,patch,named,64.0,64.0,3,0.0,False,3,67,33500,26.0,1,138,5,0,1,138,5,0,0,0,1,1,2,5,38.0,10.0,0.0,0.0,,False
144,patch,named,64.0,64.0,3,0.0,False,3,68,34000,26.0,1,138,5,0,1,138,5,0,0,0,1,1,2,5,38.0,10.0,0.0,0.0,,False
144,patch,named,64.0,64.0,3,0.0,False,3,69,34500,26.0,1,138,5,0,1,138,5,0,0,0,1,1,2,5,38.0,10.0,0.0,0.0,,False
144,patch,named,64.0,64.0,3,0.0,False,3,70,35000,26.0,1,138,5,0,1,138,5,0,0,0,1,1,2,5,38.0,10.0,0.0,0.0,,False
144,patch,named,64.0,64.0,3,0.0,False,3,71,35500,26.0,1,138,5,0,1,138,5,0,0,0,1,1,2,5,38.0,10.0,0.0,0.0,,False
144,patch,named,64.0,64.0,3,0.0,False,3,72,36000,26.0,1,138,5,0,1,138,5,0,0,0,1,1,2,5,38.0,10.0,0.0,0.0,,False
144,patch,named,64.0,64.0,3,0.0,False,3,73,36500,26.0,1,138,5,0,1,138,5,0,0,0,1,1,2,5,38.0,10.0,0.0,0.0,,False
144,patch,named,64.0,64.0,3,0.0,False,3,74,37000,26.0,1,138,5,0,1,138,5,0,0,0,1,1,2,5,38.0,10.0,0.0,0.0,,False
144,patch,named,64.0,64.0,3,0.0,False,3,75,37500,26.0,1,138,5,0,1,138,5,0,0,0,1,1,2,5,38.0,10.0,0.0,0.0,,False
144,patch,named,64.0,64.0,3,0.0,False,3,76,38000,26.0,1,138,5,0,1,138,5,0,0,0,1,1,2,5,38.0,10.0,0.0,0.0,,False
144,patch,named,64.0,64.0,3,0.0,False,3,77,38500,26.0,1,138,5,0,1,138,5,0,0,0,1,1,2,5,38.0,10.0,0.0,0.0,,False
144,patch,named,64.0,64.0,3,0.0,False,3,78,39000,26.0,1,138,5,0,1,138,5,0,0,0,1,1,2,5,38.0,10.0,0.0,0.0,,False
144,patch,named,64.0,64.0,3,0.0,False,3,79,39500,32.0,0,136,8,0,0,136,8,0,0,0,0,0,1,8,32.0,10.0,0.0,0.0,,False
144,patch,named,64.0,64.0,3,0.0,False,3,80,40000,32.0,0,136,8,0,0,136,8,0,0,0,0,0,1,8,32.0,10.0,0.0,0.0,,False
144,patch,named,64.0,64.0,3,0.0,False,3,81,40500,32.0,0,136,8,0,0,136,8,0,0,0,0,0,1,8,32.0,10.0,0.0,0.0,,False
144,patch,named,64.0,64.0,3,0.0,False,3,82,41000,32.0,0,136,8,0,0,136,8,0,0,0,0,0,1,8,32.0,10.0,0.0,0.0,,False
144,patch,named,64.0,64.0,3,0.0,False,3,83,41500,32.0,0,136,8,0,0,136,8,0,0,0,0,0,1,8,32.0,10.0,0.0,0.0,,False
144,patch,named,64.0,64.0,3,0.0,False,3,84,42000,32.0,0,136,8,0,0,136,8,0,0,0,0,0,1,8,32.0,6.0,0.0,0.0,,False
144,patch,named,64.0,64.0,3,0.0,False,3,85,42500,26.0,1,138,5,0,1,138,5,0,0,0,1,1,2,5,38.0,6.0,0.0,0.0,,False
144,patch,named,64.0,64.0,3,0.0,False,3,86,43000,26.0,1,138,5,0,1,138,5,0,0,0,1,1,2,5,38.0,6.0,0.0,0.0,,False
144,patch,named,64.0,64.0,3,0.0,False,3,87,43500,26.0,1,138,5,0,1,138,5,0,0,0,1,1,2,5,38.0,6.0,0.0,0.0,,False
144,patch,named,64.0,64.0,3,0.0,False,3,88,44000,26.0,1,138,5,0,1,138,5,0,0,0,1,1,2,5,38.0,6.0,0.0,0.0,,False
144,patch,named,64.0,64.0,3,0.0,False,3,89,44500,26.0,1,138,5,0,1,138,5,0,0,0,1,1,2,5,38.0,6.0,0.0,0.0,,False
144,patch,named,64.0,64.0,3,0.0,False,3,90,45000,26.0,1,138,5,0,1,138,5,0,0,0,1,1,2,5,38.0,6.0,0.0,0.0,,False
144,patch,named,64.0,64.0,3,0.0,False,3,91,45500,26.0,1,138,5,0,1,138,5,0,0,0,1,1,2,5,38.0,6.0,0.0,0.0,,False
144,patch,named,64.0,64.0,3,0.0,False,3,92,46000,26.0,1,138,5,0,1,138,5,0,0,0,1,1,2,5,38.0,6.0,0.0,0.0,,False
144,patch,named,64.0,64.0,3,0.0,False,3,93,46500,26.0,1,138,5,0,1,138,5,0,0,0,1,1,2,5,38.0,6.0,0.0,0.0,,False
144,patch,named,64.0,64.0,3,0.0,False,3,94,47000,26.0,1,138,5,0,1,138,5,0,0,0,1,1,2,5,38.0,6.0,0.0,0.0,,False
144,patch,named,64.0,64.0,3,0.0,False,3,95,47500,26.0,1,138,5,0,1,138,5,0,0,0,1,1,2,5,38.0,6.0,0.0,0.0,,False
144,patch,named,64.0,64.0,3,0.0,False,3,96,48000,26.0,1,138,5,0,1,138,5,0,0,0,1,1,2,5,38.0,6.0,0.0,0.0,,False
144,patch,named,64.0,64.0,3,0.0,False,3,97,48500,26.0,1,138,5,0,1,138,5,0,0,0,1,1,2,5,38.0,6.0,0.0,0.0,,False
144,patch,named,64.0,64.0,3,0.0,False,3,98,49000,32.0,0,136,8,0,0,136,8,0,0,0,0,0,1,8,32.0,6.0,0.0,0.0,,False
144,patch,named,64.0,64.0,3,0.0,False,3,99,49500,26.0,1,138,5,0,1,138,5,0,0,0,1,1,2,5,38.0,6.0,0.0,0.0,,False
144,patch,named,64.0,64.0,3,0.0,False,3,100,50000,26.0,1,138,5,0,1,138,5,0,0,0,1,1,2,5,38.0,6.0,0.0,0.0,,True
144,patch,named,64.0,64.0,3,0.0,False,4,0,0,64.0,0,132,12,0,0,132,8,4,0,0,0,0,1,12,0.0,0.0,0.0,0.0,,False
144,patch,named,64.0,64.0,3,0.0,False,4,1,500,32.0,0,136,8,0,0,136,8,0,0,0,0,0,1,8,32.0,32.0,0.0,0.0,,False
144,patch,named,64.0,64.0,3,0.0,False,4,2,1000,32.0,0,136,8,0,0,136,8,0,0,0,0,0,1,8,32.0,16.0,0.0,0.0,,False
144,patch,named,64.0,64.0,3,0.0,False,4,3,1500,0.0,0,144,0,0,0,144,0,0,0,0,0,0,0,0,64.0,32.0,0.0,0.0,,False
144,patch,named,64.0,64.0,3,0.0,False,4,4,2000,48.0,0,132,12,0,0,132,12,0,0,0,0,0,1,12,16.0,16.0,0.0,0.0,,False
144,patch,named,64.0,64.0,3,0.0,False,4,5,2500,32.0,0,136,8,0,0,136,8,0,0,0,0,0,1,8,32.0,16.0,0.0,0.0,,False
144,patch,named,64.0,64.0,3,0.0,False,4,6,3000,32.0,0,136,8,0,0,136,8,0,0,0,0,0,1,8,32.0,16.0,0.0,0.0,,False
144,patch,named,64.0,64.0,3,0.0,False,4,7,3500,32.0,0,136,8,0,0,136,8,0,0,0,0,0,1,8,32.0,16.0,0.0,0.0,,False
144,patch,named,64.0,64.0,3,0.0,False,4,8,4000,0.0,0,144,0,0,0,144,0,0,0,0,0,0,0,0,64.0,32.0,0.0,0.0,,False
144,patch,named,64.0,64.0,3,0.0,False,4,9,4500,32.0,0,136,8,0,0,136,8,0,0,0,0,0,1,8,32.0,16.0,0.0,0.0,,False
144,patch,named,64.0,64.0,3,0.0,False,4,10,5000,32.0,0,136,8,0,0,136,8,0,0,0,0,0,1,8,32.0,16.0,0.0,0.0,,False
144,patch,named,64.0,64.0,3,0.0,False,4,11,5500,32.0,0,136,8,0,0,136,8,0,0,0,0,0,1,8,32.0,16.0,0.0,0.0,,False
144,patch,named,64.0,64.0,3,0.0,False,4,12,6000,48.0,0,132,12,0,0,132,12,0,0,0,0,0,1,12,16.0,10.0,0.0,0.0,,False
144,patch,named,64.0,64.0,3,0.0,False,4,13,6500,32.0,0,136,8,0,0,136,8,0,0,0,0,0,1,8,32.0,16.0,0.0,0.0,,False
144,patch,named,64.0,64.0,3,0.0,False,4,14,7000,32.0,0,136,8,0,0,136,8,0,0,0,0,0,1,8,32.0,16.0,0.0,0.0,,False
144,patch,named,64.0,64.0,3,0.0,False,4,15,7500,32.0,0,136,8,0,0,136,8,0,0,0,0,0,1,8,32.0,10.0,0.0,0.0,,False
144,patch,named,64.0,64.0,3,0.0,False,4,16,8000,32.0,0,136,8,0,0,136,8,0,0,0,0,0,1,8,32.0,10.0,0.0,0.0,,False
144,patch,named,64.0,64.0,3,0.0,False,4,17,8500,0.0,0,144,0,0,0,144,0,0,0,0,0,0,0,0,64.0,32.0,0.0,0.0,,False
144,patch,named,64.0,64.0,3,0.0,False,4,18,9000,32.0,0,136,8,0,0,136,8,0,0,0,0,0,1,8,32.0,10.0,0.0,0.0,,False
144,patch,named,64.0,64.0,3,0.0,False,4,19,9500,32.0,0,136,8,0,0,136,8,0,0,0,0,0,1,8,32.0,10.0,0.0,0.0,,False
144,patch,named,64.0,64.0,3,0.0,False,4,20,10000,32.0,0,136,8,0,0,136,8,0,0,0,0,0,1,8,32.0,10.0,0.0,0.0,,False
144,patch,named,64.0,64.0,3,0.0,False,4,21,10500,32.0,0,136,8,0,0,136,8,0,0,0,0,0,1,8,32.0,10.0,0.0,0.0,,False
144,patch,named,64.0,64.0,3,0.0,False,4,22,11000,32.0,0,136,8,0,0,136,8,0,0,0,0,0,1,8,32.0,10.0,0.0,0.0,,False
144,patch,named,64.0,64.0,3,0.0,False,4,23,11500,32.0,0,136,8,0,0,136,8,0,0,0,0,0,1,8,32.0,10.0,0.0,0.0,,False
144,patch,named,64.0,64.0,3,0.0,False,4,24,12000,0.0,0,144,0,0,0,144,0,0,0,0,0,0,0,0,64.0,32.0,0.0,0.0,,False
144,patch,named,64.0,64.0,3,0.0,False,4,25,12500,26.0,1,138,5,0,1,138,5,0,0,0,1,1,2,5,38.0,10.0,0.0,0.0,,False
144,patch,named,64.0,64.0,3,0.0,False,4,26,13000,20.0,3,138,3,0,3,138,3,0,0,0,1,3,2,3,44.0,10.0,0.0,0.0,,False
144,patch,named,64.0,64.0,3,0.0,False,4,27,13500,20.0,3,138,3,0,3,138,3,0,0,0,1,3,2,3,44.0,10.0,0.0,0.0,,False
144,patch,named,64.0,64.0,3,0.0,False,4,28,14000,20.0,3,138,3,0,3,138,3,0,0,0,1,3,2,3,44.0,10.0,0.0,0.0,,False
144,patch,named,64.0,64.0,3,0.0,False,4,29,14500,0.0,0,144,0,0,0,144,0,0,0,0,0,0,0,0,64.0,26.0,0.0,0.0,,False
144,patch,named,64.0,64.0,3,0.0,False,4,30,15000,0.0,0,144,0,0,0,144,0,0,0,0,0,0,0,0,64.0,26.0,0.0,0.0,,False
144,patch,named,64.0,64.0,3,0.0,False,4,31,15500,0.0,0,144,0,0,0,144,0,0,0,0,0,0,0,0,64.0,26.0,0.0,0.0,,False
144,patch,named,64.0,64.0,3,0.0,False,4,32,16000,0.0,0,144,0,0,0,144,0,0,0,0,0,0,0,0,64.0,26.0,0.0,0.0,,False
144,patch,named,64.0,64.0,3,0.0,False,4,33,16500,0.0,0,144,0,0,0,144,0,0,0,0,0,0,0,0,64.0,26.0,0.0,0.0,,False
144,patch,named,64.0,64.0,3,0.0,False,4,34,17000,0.0,0,144,0,0,0,144,0,0,0,0,0,0,0,0,64.0,26.0,0.0,0.0,,False
144,patch,named,64.0,64.0,3,0.0,False,4,35,17500,0.0,0,144,0,0,0,144,0,0,0,0,0,0,0,0,64.0,26.0,0.0,0.0,,False
144,patch,named,64.0,64.0,3,0.0,False,4,36,18000,0.0,0,144,0,0,0,144,0,0,0,0,0,0,0,0,64.0,26.0,0.0,0.0,,False
144,patch,named,64.0,64.0,3,0.0,False,4,37,18500,0.0,0,144,0,0,0,144,0,0,0,0,0,0,0,0,64.0,16.0,0.0,0.0,,False
144,patch,named,64.0,64.0,3,0.0,False,4,38,19000,0.0,0,144,0,0,0,144,0,0,0,0,0,0,0,0,64.0,10.0,0.0,0.0,,False
144,patch,named,64.0,64.0,3,0.0,False,4,39,19500,0.0,0,144,0,0,0,144,0,0,0,0,0,0,0,0,64.0,10.0,0.0,0.0,,False
144,patch,named,64.0,64.0,3,0.0,False,4,40,20000,0.0,0,144,0,0,0,144,0,0,0,0,0,0,0,0,64.0,10.0,0.0,0.0,,False
144,patch,named,64.0,64.0,3,0.0,False,4,41,20500,0.0,0,144,0,0,0,144,0,0,0,0,0,0,0,0,64.0,10.0,0.0,0.0,,False
144,patch,named,64.0,64.0,3,0.0,False,4,42,21000,0.0,0,144,0,0,0,144,0,0,0,0,0,0,0,0,64.0,10.0,0.0,0.0,,False
144,patch,named,64.0,64.0,3,0.0,False,4,43,21500,0.0,0,144,0,0,0,144,0,0,0,0,0,0,0,0,64.0,10.0,0.0,0.0,,False
144,patch,named,64.0,64.0,3,0.0,False,4,44,22000,0.0,0,144,0,0,0,144,0,0,0,0,0,0,0,0,64.0,10.0,0.0,0.0,,False
144,patch,named,64.0,64.0,3,0.0,False,4,45,22500,0.0,0,144,0,0,0,144,0,0,0,0,0,0,0,0,64.0,10.0,0.0,0.0,,False
144,patch,named,64.0,64.0,3,0.0,False,4,46,23000,0.0,0,144,0,0,0,144,0,0,0,0,0,0,0,0,64.0,10.0,0.0,0.0,,False
144,patch,named,64.0,64.0,3,0.0,False,4,47,23500,0.0,0,144,0,0,0,144,0,0,0,0,0,0,0,0,64.0,10.0,0.0,0.0,,False
144,patch,named,64.0,64.0,3,0.0,False,4,48,24000,0.0,0,144,0,0,0,144,0,0,0,0,0,0,0,0,64.0,10.0,0.0,0.0,,False
144,patch,named,64.0,64.0,3,0.0,False,4,49,24500,0.0,0,144,0,0,0,144,0,0,0,0,0,0,0,0,64.0,10.0,0.0,0.0,,False
144,patch,named,64.0,64.0,3,0.0,False,4,50,25000,0.0,0,144,0,0,0,144,0,0,0,0,0,0,0,0,64.0,10.0,0.0,0.0,,False
144,patch,named,64.0,64.0,3,0.0,False,4,51,25500,0.0,0,144,0,0,0,144,0,0,0,0,0,0,0,0,64.0,10.0,0.0,0.0,,False
144,patch,named,64.0,64.0,3,0.0,False,4,52,26000,0.0,0,144,0,0,0,144,0,0,0,0,0,0,0,0,64.0,10.0,0.0,0.0,,False
144,patch,named,64.0,64.0,3,0.0,False,4,53,26500,0.0,0,144,0,0,0,144,0,0,0,0,0,0,0,0,64.0,10.0,0.0,0.0,,False
144,patch,named,64.0,64.0,3,0.0,False,4,54,27000,0.0,0,144,0,0,0,144,0,0,0,0,0,0,0,0,64.0,10.0,0.0,0.0,,False
144,patch,named,64.0,64.0,3,0.0,False,4,55,27500,0.0,0,144,0,0,0,144,0,0,0,0,0,0,0,0,64.0,10.0,0.0,0.0,,False
144,patch,named,64.0,64.0,3,0.0,False,4,56,28000,0.0,0,144,0,0,0,144,0,0,0,0,0,0,0,0,64.0,10.0,0.0,0.0,,False
144,patch,named,64.0,64.0,3,0.0,False,4,57,28500,0.0,0,144,0,0,0,144,0,0,0,0,0,0,0,0,64.0,10.0,0.0,0.0,,False
144,patch,named,64.0,64.0,3,0.0,False,4,58,29000,0.0,0,144,0,0,0,144,0,0,0,0,0,0,0,0,64.0,10.0,0.0,0.0,,False
144,patch,named,64.0,64.0,3,0.0,False,4,59,29500,0.0,0,144,0,0,0,144,0,0,0,0,0,0,0,0,64.0,10.0,0.0,0.0,,False
144,patch,named,64.0,64.0,3,0.0,False,4,60,30000,0.0,0,144,0,0,0,144,0,0,0,0,0,0,0,0,64.0,10.0,0.0,0.0,,False
144,patch,named,64.0,64.0,3,0.0,False,4,61,30500,0.0,0,144,0,0,0,144,0,0,0,0,0,0,0,0,64.0,10.0,0.0,0.0,,False
144,patch,named,64.0,64.0,3,0.0,False,4,62,31000,0.0,0,144,0,0,0,144,0,0,0,0,0,0,0,0,64.0,10.0,0.0,0.0,,False
144,patch,named,64.0,64.0,3,0.0,False,4,63,31500,0.0,0,144,0,0,0,144,0,0,0,0,0,0,0,0,64.0,16.0,0.0,0.0,,False
144,patch,named,64.0,64.0,3,0.0,False,4,64,32000,0.0,0,144,0,0,0,144,0,0,0,0,0,0,0,0,64.0,16.0,0.0,0.0,,False
144,patch,named,64.0,64.0,3,0.0,False,4,65,32500,0.0,0,144,0,0,0,144,0,0,0,0,0,0,0,0,64.0,16.0,0.0,0.0,,False
144,patch,named,64.0,64.0,3,0.0,False,4,66,33000,0.0,0,144,0,0,0,144,0,0,0,0,0,0,0,0,64.0,16.0,0.0,0.0,,False
144,patch,named,64.0,64.0,3,0.0,False,4,67,33500,0.0,0,144,0,0,0,144,0,0,0,0,0,0,0,0,64.0,16.0,0.0,0.0,,False
144,patch,named,64.0,64.0,3,0.0,False,4,68,34000,0.0,0,144,0,0,0,144,0,0,0,0,0,0,0,0,64.0,16.0,0.0,0.0,,False
144,patch,named,64.0,64.0,3,0.0,False,4,69,34500,0.0,0,144,0,0,0,144,0,0,0,0,0,0,0,0,64.0,16.0,0.0,0.0,,False
144,patch,named,64.0,64.0,3,0.0,False,4,70,35000,0.0,0,144,0,0,0,144,0,0,0,0,0,0,0,0,64.0,10.0,0.0,0.0,,False
144,patch,named,64.0,64.0,3,0.0,False,4,71,35500,0.0,0,144,0,0,0,144,0,0,0,0,0,0,0,0,64.0,10.0,0.0,0.0,,False
144,patch,named,64.0,64.0,3,0.0,False,4,72,36000,0.0,0,144,0,0,0,144,0,0,0,0,0,0,0,0,64.0,10.0,0.0,0.0,,False
144,patch,named,64.0,64.0,3,0.0,False,4,73,36500,0.0,0,144,0,0,0,144,0,0,0,0,0,0,0,0,64.0,10.0,0.0,0.0,,False
144,patch,named,64.0,64.0,3,0.0,False,4,74,37000,0.0,0,144,0,0,0,144,0,0,0,0,0,0,0,0,64.0,10.0,0.0,0.0,,False
144,patch,named,64.0,64.0,3,0.0,False,4,75,37500,0.0,0,144,0,0,0,144,0,0,0,0,0,0,0,0,64.0,10.0,0.0,0.0,,False
144,patch,named,64.0,64.0,3,0.0,False,4,76,38000,0.0,0,144,0,0,0,144,0,0,0,0,0,0,0,0,64.0,10.0,0.0,0.0,,False
144,patch,named,64.0,64.0,3,0.0,False,4,77,38500,0.0,0,144,0,0,0,144,0,0,0,0,0,0,0,0,64.0,16.0,0.0,0.0,,False
144,patch,named,64.0,64.0,3,0.0,False,4,78,39000,0.0,0,144,0,0,0,144,0,0,0,0,0,0,0,0,64.0,16.0,0.0,0.0,,False
144,patch,named,64.0,64.0,3,0.0,False,4,79,39500,0.0,0,144,0,0,0,144,0,0,0,0,0,0,0,0,64.0,16.0,0.0,0.0,,False
144,patch,named,64.0,64.0,3,0.0,False,4,80,40000,0.0,0,144,0,0,0,144,0,0,0,0,0,0,0,0,64.0,16.0,0.0,0.0,,False
144,patch,named,64.0,64.0,3,0.0,False,4,81,40500,0.0,0,144,0,0,0,144,0,0,0,0,0,0,0,0,64.0,10.0,0.0,0.0,,False
144,patch,named,64.0,64.0,3,0.0,False,4,82,41000,0.0,0,144,0,0,0,144,0,0,0,0,0,0,0,0,64.0,10.0,0.0,0.0,,False
144,patch,named,64.0,64.0,3,0.0,False,4,83,41500,0.0,0,144,0,0,0,144,0,0,0,0,0,0,0,0,64.0,10.0,0.0,0.0,,False
144,patch,named,64.0,64.0,3,0.0,False,4,84,42000,0.0,0,144,0,0,0,144,0,0,0,0,0,0,0,0,64.0,10.0,0.0,0.0,,False
144,patch,named,64.0,64.0,3,0.0,False,4,85,42500,0.0,0,144,0,0,0,144,0,0,0,0,0,0,0,0,64.0,10.0,0.0,0.0,,False
144,patch,named,64.0,64.0,3,0.0,False,4,86,43000,0.0,0,144,0,0,0,144,0,0,0,0,0,0,0,0,64.0,16.0,0.0,0.0,,False
144,patch,named,64.0,64.0,3,0.0,False,4,87,43500,0.0,0,144,0,0,0,144,0,0,0,0,0,0,0,0,64.0,10.0,0.0,0.0,,False
144,patch,named,64.0,64.0,3,0.0,False,4,88,44000,10.0,0,144,0,0,0,144,0,0,0,0,0,0,0,0,54.0,10.0,0.0,0.0,,False
144,patch,named,64.0,64.0,3,0.0,False,4,89,44500,0.0,0,144,0,0,0,144,0,0,0,0,0,0,0,0,64.0,10.0,0.0,0.0,,False
144,patch,named,64.0,64.0,3,0.0,False,4,90,45000,0.0,0,144,0,0,0,144,0,0,0,0,0,0,0,0,64.0,10.0,0.0,0.0,,False
144,patch,named,64.0,64.0,3,0.0,False,4,91,45500,0.0,0,144,0,0,0,144,0,0,0,0,0,0,0,0,64.0,10.0,0.0,0.0,,False
144,patch,named,64.0,64.0,3,0.0,False,4,92,46000,0.0,0,144,0,0,0,144,0,0,0,0,0,0,0,0,64.0,10.0,0.0,0.0,,False
144,patch,named,64.0,64.0,3,0.0,False,4,93,46500,0.0,0,144,0,0,0,144,0,0,0,0,0,0,0,0,64.0,10.0,0.0,0.0,,False
144,patch,named,64.0,64.0,3,0.0,False,4,94,47000,0.0,0,144,0,0,0,144,0,0,0,0,0,0,0,0,64.0,10.0,0.0,0.0,,False
144,patch,named,64.0,64.0,3,0.0,False,4,95,47500,0.0,0,144,0,0,0,144,0,0,0,0,0,0,0,0,64.0,10.0,0.0,0.0,,False
144,patch,named,64.0,64.0,3,0.0,False,4,96,48000,0.0,0,144,0,0,0,144,0,0,0,0,0,0,0,0,64.0,10.0,0.0,0.0,,False
144,patch,named,64.0,64.0,3,0.0,False,4,97,48500,0.0,0,144,0,0,0,144,0,0,0,0,0,0,0,0,64.0,10.0,0.0,0.0,,False
144,patch,named,64.0,64.0,3,0.0,False,4,98,49000,0.0,0,144,0,0,0,144,0,0,0,0,0,0,0,0,64.0,10.0,0.0,0.0,,False
144,patch,named,64.0,64.0,3,0.0,False,4,99,49500,0.0,0,144,0,0,0,144,0,0,0,0,0,0,0,0,64.0,10.0,0.0,0.0,,False
144,patch,named,64.0,64.0,3,0.0,False,4,100,50000,0.0,0,144,0,0,0,144,0,0,0,0,0,0,0,0,64.0,10.0,0.0,0.0,,True
144,patch,named,64.0,64.0,3,0.0,False,5,0,0,64.0,0,132,12,0,0,132,8,4,0,0,0,0,1,12,0.0,0.0,0.0,0.0,,False
144,patch,named,64.0,64.0,3,0.0,False,5,1,500,42.0,0,136,8,0,0,136,8,0,0,0,0,0,1,8,22.0,11.0,0.0,0.0,,False
144,patch,named,64.0,64.0,3,0.0,False,5,2,1000,32.0,0,136,8,0,0,136,8,0,0,0,0,0,1,8,32.0,11.0,0.0,0.0,,False
144,patch,named,64.0,64.0,3,0.0,False,5,3,1500,32.0,0,136,8,0,0,136,8,0,0,0,0,0,1,8,32.0,11.0,0.0,0.0,,False
144,patch,named,64.0,64.0,3,0.0,False,5,4,2000,32.0,0,136,8,0,0,136,8,0,0,0,0,0,1,8,32.0,11.0,0.0,0.0,,False
144,patch,named,64.0,64.0,3,0.0,False,5,5,2500,32.0,0,136,8,0,0,136,8,0,0,0,0,0,1,8,32.0,11.0,0.0,0.0,,False
144,patch,named,64.0,64.0,3,0.0,False,5,6,3000,32.0,0,136,8,0,0,136,8,0,0,0,0,0,1,8,32.0,11.0,0.0,0.0,,False
144,patch,named,64.0,64.0,3,0.0,False,5,7,3500,32.0,0,136,8,0,0,136,8,0,0,0,0,0,1,8,32.0,11.0,0.0,0.0,,False
144,patch,named,64.0,64.0,3,0.0,False,5,8,4000,32.0,0,136,8,0,0,136,8,0,0,0,0,0,1,8,32.0,11.0,0.0,0.0,,False
144,patch,named,64.0,64.0,3,0.0,False,5,9,4500,32.0,0,136,8,0,0,136,8,0,0,0,0,0,1,8,32.0,11.0,0.0,0.0,,False
144,patch,named,64.0,64.0,3,0.0,False,5,10,5000,32.0,0,136,8,0,0,136,8,0,0,0,0,0,1,8,32.0,11.0,0.0,0.0,,False
144,patch,named,64.0,64.0,3,0.0,False,5,11,5500,32.0,0,136,8,0,0,136,8,0,0,0,0,0,1,8,32.0,11.0,0.0,0.0,,False
144,patch,named,64.0,64.0,3,0.0,False,5,12,6000,32.0,0,136,8,0,0,136,8,0,0,0,0,0,1,8,32.0,11.0,0.0,0.0,,False
144,patch,named,64.0,64.0,3,0.0,False,5,13,6500,32.0,0,136,8,0,0,136,8,0,0,0,0,0,1,8,32.0,11.0,0.0,0.0,,False
144,patch,named,64.0,64.0,3,0.0,False,5,14,7000,32.0,0,136,8,0,0,136,8,0,0,0,0,0,1,8,32.0,11.0,0.0,0.0,,False
144,patch,named,64.0,64.0,3,0.0,False,5,15,7500,32.0,0,136,8,0,0,136,8,0,0,0,0,0,1,8,32.0,11.0,0.0,0.0,,False
144,patch,named,64.0,64.0,3,0.0,False,5,16,8000,32.0,0,136,8,0,0,136,8,0,0,0,0,0,1,8,32.0,11.0,0.0,0.0,,False
144,patch,named,64.0,64.0,3,0.0,False,5,17,8500,26.0,1,138,5,0,1,138,5,0,0,0,1,1,2,5,38.0,11.0,0.0,0.0,,False
144,patch,named,64.0,64.0,3,0.0,False,5,18,9000,26.0,1,138,5,0,1,138,5,0,0,0,1,1,2,5,38.0,11.0,0.0,0.0,,False
144,patch,named,64.0,64.0,3,0.0,False,5,19,9500,32.0,0,136,8,0,0,136,8,0,0,0,0,0,1,8,32.0,11.0,0.0,0.0,,False
144,patch,named,64.0,64.0,3,0.0,False,5,20,10000,26.0,1,138,5,0,1,138,5,0,0,0,1,1,2,5,38.0,11.0,0.0,0.0,,False
144,patch,named,64.0,64.0,3,0.0,False,5,21,10500,32.0,0,136,8,0,0,136,8,0,0,0,0,0,1,8,32.0,11.0,0.0,0.0,,False
144,patch,named,64.0,64.0,3,0.0,False,5,22,11000,32.0,0,136,8,0,0,136,8,0,0,0,0,0,1,8,32.0,11.0,0.0,0.0,,False
144,patch,named,64.0,64.0,3,0.0,False,5,23,11500,32.0,0,136,8,0,0,136,8,0,0,0,0,0,1,8,32.0,11.0,0.0,0.0,,False
144,patch,named,64.0,64.0,3,0.0,False,5,24,12000,32.0,0,136,8,0,0,136,8,0,0,0,0,0,1,8,32.0,11.0,0.0,0.0,,False
144,patch,named,64.0,64.0,3,0.0,False,5,25,12500,32.0,0,136,8,0,0,136,8,0,0,0,0,0,1,8,32.0,11.0,0.0,0.0,,False
144,patch,named,64.0,64.0,3,0.0,False,5,26,13000,32.0,0,136,8,0,0,136,8,0,0,0,0,0,1,8,32.0,11.0,0.0,0.0,,False
144,patch,named,64.0,64.0,3,0.0,False,5,27,13500,32.0,0,136,8,0,0,136,8,0,0,0,0,0,1,8,32.0,11.0,0.0,0.0,,False
144,patch,named,64.0,64.0,3,0.0,False,5,28,14000,0.0,0,144,0,0,0,144,0,0,0,0,0,0,0,0,64.0,32.0,0.0,0.0,,False
144,patch,named,64.0,64.0,3,0.0,False,5,29,14500,32.0,0,136,8,0,0,136,8,0,0,0,0,0,1,8,32.0,11.0,0.0,0.0,,False
144,patch,named,64.0,64.0,3,0.0,False,5,30,15000,32.0,0,136,8,0,0,136,8,0,0,0,0,0,1,8,32.0,11.0,0.0,0.0,,False
144,patch,named,64.0,64.0,3,0.0,False,5,31,15500,32.0,0,136,8,0,0,136,8,0,0,0,0,0,1,8,32.0,11.0,0.0,0.0,,False
144,patch,named,64.0,64.0,3,0.0,False,5,32,16000,32.0,0,136,8,0,0,136,8,0,0,0,0,0,1,8,32.0,11.0,0.0,0.0,,False
144,patch,named,64.0,64.0,3,0.0,False,5,33,16500,0.0,0,144,0,0,0,144,0,0,0,0,0,0,0,0,64.0,32.0,0.0,0.0,,False
144,patch,named,64.0,64.0,3,0.0,False,5,34,17000,32.0,0,136,8,0,0,136,8,0,0,0,0,0,1,8,32.0,11.0,0.0,0.0,,False
144,patch,named,64.0,64.0,3,0.0,False,5,35,17500,0.0,0,144,0,0,0,144,0,0,0,0,0,0,0,0,64.0,32.0,0.0,0.0,,False
144,patch,named,64.0,64.0,3,0.0,False,5,36,18000,32.0,0,136,8,0,0,136,8,0,0,0,0,0,1,8,32.0,11.0,0.0,0.0,,False
144,patch,named,64.0,64.0,3,0.0,False,5,37,18500,32.0,0,136,8,0,0,136,8,0,0,0,0,0,1,8,32.0,11.0,0.0,0.0,,False
144,patch,named,64.0,64.0,3,0.0,False,5,38,19000,32.0,0,136,8,0,0,136,8,0,0,0,0,0,1,8,32.0,11.0,0.0,0.0,,False
144,patch,named,64.0,64.0,3,0.0,False,5,39,19500,0.0,0,144,0,0,0,144,0,0,0,0,0,0,0,0,64.0,32.0,0.0,0.0,,False
144,patch,named,64.0,64.0,3,0.0,False,5,40,20000,26.0,1,138,5,0,1,138,5,0,0,0,1,1,2,5,38.0,11.0,0.0,0.0,,False
144,patch,named,64.0,64.0,3,0.0,False,5,41,20500,26.0,1,138,5,0,1,138,5,0,0,0,1,1,2,5,38.0,11.0,0.0,0.0,,False
144,patch,named,64.0,64.0,3,0.0,False,5,42,21000,26.0,1,138,5,0,1,138,5,0,0,0,1,1,2,5,38.0,11.0,0.0,0.0,,False
144,patch,named,64.0,64.0,3,0.0,False,5,43,21500,26.0,1,138,5,0,1,138,5,0,0,0,1,1,2,5,38.0,11.0,0.0,0.0,,False
144,patch,named,64.0,64.0,3,0.0,False,5,44,22000,26.0,1,138,5,0,1,138,5,0,0,0,1,1,2,5,38.0,11.0,0.0,0.0,,False
144,patch,named,64.0,64.0,3,0.0,False,5,45,22500,26.0,1,138,5,0,1,138,5,0,0,0,1,1,2,5,38.0,11.0,0.0,0.0,,False
144,patch,named,64.0,64.0,3,0.0,False,5,46,23000,26.0,1,138,5,0,1,138,5,0,0,0,1,1,2,5,38.0,11.0,0.0,0.0,,False
144,patch,named,64.0,64.0,3,0.0,False,5,47,23500,26.0,1,138,5,0,1,138,5,0,0,0,1,1,2,5,38.0,11.0,0.0,0.0,,False
144,patch,named,64.0,64.0,3,0.0,False,5,48,24000,26.0,1,138,5,0,1,138,5,0,0,0,1,1,2,5,38.0,11.0,0.0,0.0,,False
144,patch,named,64.0,64.0,3,0.0,False,5,49,24500,26.0,1,138,5,0,1,138,5,0,0,0,1,1,2,5,38.0,11.0,0.0,0.0,,False
144,patch,named,64.0,64.0,3,0.0,False,5,50,25000,26.0,1,138,5,0,1,138,5,0,0,0,1,1,2,5,38.0,11.0,0.0,0.0,,False
144,patch,named,64.0,64.0,3,0.0,False,5,51,25500,26.0,1,138,5,0,1,138,5,0,0,0,1,1,2,5,38.0,11.0,0.0,0.0,,False
144,patch,named,64.0,64.0,3,0.0,False,5,52,26000,26.0,1,138,5,0,1,138,5,0,0,0,1,1,2,5,38.0,10.0,0.0,0.0,,False
144,patch,named,64.0,64.0,3,0.0,False,5,53,26500,26.0,1,138,5,0,1,138,5,0,0,0,1,1,2,5,38.0,10.0,0.0,0.0,,False
144,patch,named,64.0,64.0,3,0.0,False,5,54,27000,26.0,1,138,5,0,1,138,5,0,0,0,1,1,2,5,38.0,10.0,0.0,0.0,,False
144,patch,named,64.0,64.0,3,0.0,False,5,55,27500,26.0,1,138,5,0,1,138,5,0,0,0,1,1,2,5,38.0,10.0,0.0,0.0,,False
144,patch,named,64.0,64.0,3,0.0,False,5,56,28000,26.0,1,138,5,0,1,138,5,0,0,0,1,1,2,5,38.0,10.0,0.0,0.0,,False
144,patch,named,64.0,64.0,3,0.0,False,5,57,28500,26.0,1,138,5,0,1,138,5,0,0,0,1,1,2,5,38.0,10.0,0.0,0.0,,False
144,patch,named,64.0,64.0,3,0.0,False,5,58,29000,26.0,1,138,5,0,1,138,5,0,0,0,1,1,2,5,38.0,10.0,0.0,0.0,,False
144,patch,named,64.0,64.0,3,0.0,False,5,59,29500,26.0,1,138,5,0,1,138,5,0,0,0,1,1,2,5,38.0,10.0,0.0,0.0,,False
144,patch,named,64.0,64.0,3,0.0,False,5,60,30000,26.0,1,138,5,0,1,138,5,0,0,0,1,1,2,5,38.0,10.0,0.0,0.0,,False
144,patch,named,64.0,64.0,3,0.0,False,5,61,30500,26.0,1,138,5,0,1,138,5,0,0,0,1,1,2,5,38.0,10.0,0.0,0.0,,False
144,patch,named,64.0,64.0,3,0.0,False,5,62,31000,26.0,1,138,5,0,1,138,5,0,0,0,1,1,2,5,38.0,10.0,0.0,0.0,,False
144,patch,named,64.0,64.0,3,0.0,False,5,63,31500,26.0,1,138,5,0,1,138,5,0,0,0,1,1,2,5,38.0,10.0,0.0,0.0,,False
144,patch,named,64.0,64.0,3,0.0,False,5,64,32000,26.0,1,138,5,0,1,138,5,0,0,0,1,1,2,5,38.0,10.0,0.0,0.0,,False
144,patch,named,64.0,64.0,3,0.0,False,5,65,32500,26.0,1,138,5,0,1,138,5,0,0,0,1,1,2,5,38.0,6.0,0.0,0.0,,False
144,patch,named,64.0,64.0,3,0.0,False,5,66,33000,26.0,1,138,5,0,1,138,5,0,0,0,1,1,2,5,38.0,6.0,0.0,0.0,,False
144,patch,named,64.0,64.0,3,0.0,False,5,67,33500,26.0,1,138,5,0,1,138,5,0,0,0,1,1,2,5,38.0,6.0,0.0,0.0,,False
144,patch,named,64.0,64.0,3,0.0,False,5,68,34000,26.0,1,138,5,0,1,138,5,0,0,0,1,1,2,5,38.0,6.0,0.0,0.0,,False
144,patch,named,64.0,64.0,3,0.0,False,5,69,34500,26.0,1,138,5,0,1,138,5,0,0,0,1,1,2,5,38.0,6.0,0.0,0.0,,False
144,patch,named,64.0,64.0,3,0.0,False,5,70,35000,26.0,1,138,5,0,1,138,5,0,0,0,1,1,2,5,38.0,6.0,0.0,0.0,,False
144,patch,named,64.0,64.0,3,0.0,False,5,71,35500,26.0,1,138,5,0,1,138,5,0,0,0,1,1,2,5,38.0,6.0,0.0,0.0,,False
144,patch,named,64.0,64.0,3,0.0,False,5,72,36000,26.0,1,138,5,0,1,138,5,0,0,0,1,1,2,5,38.0,6.0,0.0,0.0,,False
144,patch,named,64.0,64.0,3,0.0,False,5,73,36500,26.0,1,138,5,0,1,138,5,0,0,0,1,1,2,5,38.0,6.0,0.0,0.0,,False
144,patch,named,64.0,64.0,3,0.0,False,5,74,37000,26.0,1,138,5,0,1,138,5,0,0,0,1,1,2,5,38.0,6.0,0.0,0.0,,False
144,patch,named,64.0,64.0,3,0.0,False,5,75,37500,26.0,1,138,5,0,1,138,5,0,0,0,1,1,2,5,38.0,6.0,0.0,0.0,,False
144,patch,named,64.0,64.0,3,0.0,False,5,76,38000,26.0,1,138,5,0,1,138,5,0,0,0,1,1,2,5,38.0,6.0,0.0,0.0,,False
144,patch,named,64.0,64.0,3,0.0,False,5,77,38500,26.0,1,138,5,0,1,138,5,0,0,0,1,1,2,5,38.0,6.0,0.0,0.0,,False
144,patch,named,64.0,64.0,3,0.0,False,5,78,39000,31.0,2,136,6,0,2,136,6,0,0,0,1,2,1,8,33.0,6.0,0.0,0.0,,False
144,patch,named,64.0,64.0,3,0.0,False,5,79,39500,26.0,1,138,5,0,1,138,5,0,0,0,1,1,2,5,38.0,6.0,0.0,0.0,,False
144,patch,named,64.0,64.0,3,0.0,False,5,80,40000,26.0,1,138,5,0,1,138,5,0,0,0,1,1,2,5,38.0,6.0,0.0,0.0,,False
144,patch,named,64.0,64.0,3,0.0,False,5,81,40500,26.0,1,138,5,0,1,138,5,0,0,0,1,1,2,5,38.0,6.0,0.0,0.0,,False
144,patch,named,64.0,64.0,3,0.0,False,5,82,41000,26.0,1,138,5,0,1,138,5,0,0,0,1,1,2,5,38.0,6.0,0.0,0.0,,False
144,patch,named,64.0,64.0,3,0.0,False,5,83,41500,26.0,1,138,5,0,1,138,5,0,0,0,1,1,2,5,38.0,6.0,0.0,0.0,,False
144,patch,named,64.0,64.0,3,0.0,False,5,84,42000,26.0,1,138,5,0,1,138,5,0,0,0,1,1,2,5,38.0,6.0,0.0,0.0,,False
144,patch,named,64.0,64.0,3,0.0,False,5,85,42500,26.0,1,138,5,0,1,138,5,0,0,0,1,1,2,5,38.0,6.0,0.0,0.0,,False
144,patch,named,64.0,64.0,3,0.0,False,5,86,43000,26.0,1,138,5,0,1,138,5,0,0,0,1,1,2,5,38.0,6.0,0.0,0.0,,False
144,patch,named,64.0,64.0,3,0.0,False,5,87,43500,26.0,1,138,5,0,1,138,5,0,0,0,1,1,2,5,38.0,6.0,0.0,0.0,,False
144,patch,named,64.0,64.0,3,0.0,False,5,88,44000,26.0,1,138,5,0,1,138,5,0,0,0,1,1,2,5,38.0,6.0,0.0,0.0,,False
144,patch,named,64.0,64.0,3,0.0,False,5,89,44500,26.0,1,138,5,0,1,138,5,0,0,0,1,1,2,5,38.0,6.0,0.0,0.0,,False
144,patch,named,64.0,64.0,3,0.0,False,5,90,45000,26.0,1,138,5,0,1,138,5,0,0,0,1,1,2,5,38.0,6.0,0.0,0.0,,False
144,patch,named,64.0,64.0,3,0.0,False,5,91,45500,26.0,1,138,5,0,1,138,5,0,0,0,1,1,2,5,38.0,6.0,0.0,0.0,,False
144,patch,named,64.0,64.0,3,0.0,False,5,92,46000,26.0,1,138,5,0,1,138,5,0,0,0,1,1,2,5,38.0,6.0,0.0,0.0,,False
144,patch,named,64.0,64.0,3,0.0,False,5,93,46500,26.0,1,138,5,0,1,138,5,0,0,0,1,1,2,5,38.0,6.0,0.0,0.0,,False
144,patch,named,64.0,64.0,3,0.0,False,5,94,47000,26.0,1,138,5,0,1,138,5,0,0,0,1,1,2,5,38.0,6.0,0.0,0.0,,False
144,patch,named,64.0,64.0,3,0.0,False,5,95,47500,26.0,1,138,5,0,1,138,5,0,0,0,1,1,2,5,38.0,6.0,0.0,0.0,,False
144,patch,named,64.0,64.0,3,0.0,False,5,96,48000,26.0,1,138,5,0,1,138,5,0,0,0,1,1,2,5,38.0,6.0,0.0,0.0,,False
144,patch,named,64.0,64.0,3,0.0,False,5,97,48500,26.0,1,138,5,0,1,138,5,0,0,0,1,1,2,5,38.0,6.0,0.0,0.0,,False
144,patch,named,64.0,64.0,3,0.0,False,5,98,49000,26.0,1,138,5,0,1,138,5,0,0,0,1,1,2,5,38.0,6.0,0.0,0.0,,False
144,patch,named,64.0,64.0,3,0.0,False,5,99,49500,26.0,1,138,5,0,1,138,5,0,0,0,1,1,2,5,38.0,6.0,0.0,0.0,,False
144,patch,named,64.0,64.0,3,0.0,False,5,100,50000,26.0,1,138,5,0,1,138,5,0,0,0,1,1,2,5,38.0,6.0,0.0,0.0,,True
144,patch,named,64.0,64.0,3,0.0,False,6,0,0,64.0,0,131,13,0,0,131,11,1,1,0,0,0,1,13,0.0,0.0,0.0,0.0,,False
144,patch,named,64.0,64.0,3,0.0,False,6,1,500,48.0,0,132,12,0,0,132,12,0,0,0,0,0,1,12,16.0,6.0,0.0,0.0,,False
144,patch,named,64.0,64.0,3,0.0,False,6,2,1000,48.0,0,132,12,0,0,132,12,0,0,0,0,0,1,12,16.0,6.0,0.0,0.0,,False
144,patch,named,64.0,64.0,3,0.0,False,6,3,1500,48.0,0,132,12,0,0,132,12,0,0,0,0,0,1,12,16.0,6.0,0.0,0.0,,False
144,patch,named,64.0,64.0,3,0.0,False,6,4,2000,53.0,0,132,12,0,0,132,12,0,0,0,0,0,2,8,11.0,5.0,0.0,0.0,,False
144,patch,named,64.0,64.0,3,0.0,False,6,5,2500,53.0,0,132,12,0,0,132,12,0,0,0,0,0,2,8,11.0,5.0,0.0,0.0,,False
144,patch,named,64.0,64.0,3,0.0,False,6,6,3000,53.0,0,132,12,0,0,132,12,0,0,0,0,0,2,8,11.0,5.0,0.0,0.0,,False
144,patch,named,64.0,64.0,3,0.0,False,6,7,3500,53.0,0,132,12,0,0,132,12,0,0,0,0,0,2,8,11.0,5.0,0.0,0.0,,False
144,patch,named,64.0,64.0,3,0.0,False,6,8,4000,53.0,0,132,12,0,0,132,12,0,0,0,0,0,2,8,11.0,5.0,0.0,0.0,,False
144,patch,named,64.0,64.0,3,0.0,False,6,9,4500,53.0,0,132,12,0,0,132,12,0,0,0,0,0,2,8,11.0,5.0,0.0,0.0,,False
144,patch,named,64.0,64.0,3,0.0,False,6,10,5000,53.0,0,132,12,0,0,132,12,0,0,0,0,0,2,8,11.0,5.0,0.0,0.0,,False
144,patch,named,64.0,64.0,3,0.0,False,6,11,5500,53.0,0,132,12,0,0,132,12,0,0,0,0,0,2,8,11.0,5.0,0.0,0.0,,False
144,patch,named,64.0,64.0,3,0.0,False,6,12,6000,53.0,0,132,12,0,0,132,12,0,0,0,0,0,2,8,11.0,5.0,0.0,0.0,,False
144,patch,named,64.0,64.0,3,0.0,False,6,13,6500,53.0,0,132,12,0,0,132,12,0,0,0,0,0,1,12,11.0,5.0,0.0,0.0,,False
144,patch,named,64.0,64.0,3,0.0,False,6,14,7000,53.0,0,132,12,0,0,132,12,0,0,0,0,0,1,12,11.0,5.0,0.0,0.0,,False
144,patch,named,64.0,64.0,3,0.0,False,6,15,7500,58.0,1,131,12,0,1,131,11,1,0,0,1,1,2,12,6.0,5.0,0.0,0.0,,False
144,patch,named,64.0,64.0,3,0.0,False,6,16,8000,53.0,0,132,12,0,0,132,12,0,0,0,0,0,2,8,11.0,5.0,0.0,0.0,,False
144,patch,named,64.0,64.0,3,0.0,False,6,17,8500,53.0,0,132,12,0,0,132,12,0,0,0,0,0,2,8,11.0,5.0,0.0,0.0,,False
144,patch,named,64.0,64.0,3,0.0,False,6,18,9000,48.0,0,132,12,0,0,132,12,0,0,0,0,0,1,12,16.0,5.0,0.0,0.0,,False
144,patch,named,64.0,64.0,3,0.0,False,6,19,9500,48.0,0,132,12,0,0,132,12,0,0,0,0,0,1,12,16.0,5.0,0.0,0.0,,False
144,patch,named,64.0,64.0,3,0.0,False,6,20,10000,48.0,0,132,12,0,0,132,12,0,0,0,0,0,1,12,16.0,5.0,0.0,0.0,,False
144,patch,named,64.0,64.0,3,0.0,False,6,21,10500,48.0,0,132,12,0,0,132,12,0,0,0,0,0,1,12,16.0,5.0,0.0,0.0,,False
144,patch,named,64.0,64.0,3,0.0,False,6,22,11000,48.0,0,132,12,0,0,132,12,0,0,0,0,0,1,12,16.0,5.0,0.0,0.0,,False
144,patch,named,64.0,64.0,3,0.0,False,6,23,11500,48.0,0,132,12,0,0,132,12,0,0,0,0,0,1,12,16.0,5.0,0.0,0.0,,False
144,patch,named,64.0,64.0,3,0.0,False,6,24,12000,48.0,0,132,12,0,0,132,12,0,0,0,0,0,1,12,16.0,5.0,0.0,0.0,,False
144,patch,named,64.0,64.0,3,0.0,False,6,25,12500,48.0,0,132,12,0,0,132,12,0,0,0,0,0,1,12,16.0,5.0,0.0,0.0,,False
144,patch,named,64.0,64.0,3,0.0,False,6,26,13000,48.0,0,132,12,0,0,132,12,0,0,0,0,0,1,12,16.0,5.0,0.0,0.0,,False
144,patch,named,64.0,64.0,3,0.0,False,6,27,13500,48.0,0,132,12,0,0,132,12,0,0,0,0,0,1,12,16.0,5.0,0.0,0.0,,False
144,patch,named,64.0,64.0,3,0.0,False,6,28,14000,48.0,0,132,12,0,0,132,12,0,0,0,0,0,1,12,16.0,5.0,0.0,0.0,,False
144,patch,named,64.0,64.0,3,0.0,False,6,29,14500,53.0,0,132,12,0,0,132,12,0,0,0,0,0,1,12,11.0,5.0,0.0,0.0,,False
144,patch,named,64.0,64.0,3,0.0,False,6,30,15000,53.0,0,132,12,0,0,132,12,0,0,0,0,0,2,8,11.0,5.0,0.0,0.0,,False
144,patch,named,64.0,64.0,3,0.0,False,6,31,15500,53.0,0,132,12,0,0,132,12,0,0,0,0,0,2,8,11.0,5.0,0.0,0.0,,False
144,patch,named,64.0,64.0,3,0.0,False,6,32,16000,53.0,0,132,12,0,0,132,12,0,0,0,0,0,2,8,11.0,5.0,0.0,0.0,,False
144,patch,named,64.0,64.0,3,0.0,False,6,33,16500,53.0,0,132,12,0,0,132,12,0,0,0,0,0,1,12,11.0,5.0,0.0,0.0,,False
144,patch,named,64.0,64.0,3,0.0,False,6,34,17000,53.0,0,132,12,0,0,132,12,0,0,0,0,0,2,8,11.0,5.0,0.0,0.0,,False
144,patch,named,64.0,64.0,3,0.0,False,6,35,17500,53.0,0,132,12,0,0,132,12,0,0,0,0,0,2,8,11.0,5.0,0.0,0.0,,False
144,patch,named,64.0,64.0,3,0.0,False,6,36,18000,53.0,0,132,12,0,0,132,12,0,0,0,0,0,2,8,11.0,5.0,0.0,0.0,,False
144,patch,named,64.0,64.0,3,0.0,False,6,37,18500,53.0,0,132,12,0,0,132,12,0,0,0,0,0,2,8,11.0,5.0,0.0,0.0,,False
144,patch,named,64.0,64.0,3,0.0,False,6,38,19000,48.0,0,132,12,0,0,132,12,0,0,0,0,0,1,12,16.0,5.0,0.0,0.0,,False
144,patch,named,64.0,64.0,3,0.0,False,6,39,19500,48.0,0,132,12,0,0,132,12,0,0,0,0,0,1,12,16.0,5.0,0.0,0.0,,False
144,patch,named,64.0,64.0,3,0.0,False,6,40,20000,48.0,0,132,12,0,0,132,12,0,0,0,0,0,1,12,16.0,5.0,0.0,0.0,,False
144,patch,named,64.0,64.0,3,0.0,False,6,41,20500,48.0,0,132,12,0,0,132,12,0,0,0,0,0,1,12,16.0,5.0,0.0,0.0,,False
144,patch,named,64.0,64.0,3,0.0,False,6,42,21000,48.0,0,132,12,0,0,132,12,0,0,0,0,0,1,12,16.0,5.0,0.0,0.0,,False
144,patch,named,64.0,64.0,3,0.0,False,6,43,21500,53.0,0,132,12,0,0,132,12,0,0,0,0,0,2,8,11.0,5.0,0.0,0.0,,False
144,patch,named,64.0,64.0,3,0.0,False,6,44,22000,48.0,0,132,12,0,0,132,12,0,0,0,0,0,1,12,16.0,5.0,0.0,0.0,,False
144,patch,named,64.0,64.0,3,0.0,False,6,45,22500,48.0,0,132,12,0,0,132,12,0,0,0,0,0,1,12,16.0,5.0,0.0,0.0,,False
144,patch,named,64.0,64.0,3,0.0,False,6,46,23000,48.0,0,132,12,0,0,132,12,0,0,0,0,0,1,12,16.0,5.0,0.0,0.0,,False
144,patch,named,64.0,64.0,3,0.0,False,6,47,23500,48.0,0,132,12,0,0,132,12,0,0,0,0,0,1,12,16.0,5.0,0.0,0.0,,False
144,patch,named,64.0,64.0,3,0.0,False,6,48,24000,48.0,0,132,12,0,0,132,12,0,0,0,0,0,1,12,16.0,5.0,0.0,0.0,,False
144,patch,named,64.0,64.0,3,0.0,False,6,49,24500,48.0,0,132,12,0,0,132,12,0,0,0,0,0,1,12,16.0,5.0,0.0,0.0,,False
144,patch,named,64.0,64.0,3,0.0,False,6,50,25000,48.0,0,132,12,0,0,132,12,0,0,0,0,0,1,12,16.0,5.0,0.0,0.0,,False
144,patch,named,64.0,64.0,3,0.0,False,6,51,25500,48.0,0,132,12,0,0,132,12,0,0,0,0,0,1,12,16.0,5.0,0.0,0.0,,False
144,patch,named,64.0,64.0,3,0.0,False,6,52,26000,48.0,0,132,12,0,0,132,12,0,0,0,0,0,1,12,16.0,5.0,0.0,0.0,,False
144,patch,named,64.0,64.0,3,0.0,False,6,53,26500,48.0,0,132,12,0,0,132,12,0,0,0,0,0,1,12,16.0,5.0,0.0,0.0,,False
144,patch,named,64.0,64.0,3,0.0,False,6,54,27000,48.0,0,132,12,0,0,132,12,0,0,0,0,0,1,12,16.0,5.0,0.0,0.0,,False
144,patch,named,64.0,64.0,3,0.0,False,6,55,27500,53.0,0,132,12,0,0,132,12,0,0,0,0,0,1,12,11.0,5.0,0.0,0.0,,False
144,patch,named,64.0,64.0,3,0.0,False,6,56,28000,48.0,0,132,12,0,0,132,12,0,0,0,0,0,1,12,16.0,5.0,0.0,0.0,,False
144,patch,named,64.0,64.0,3,0.0,False,6,57,28500,48.0,0,132,12,0,0,132,12,0,0,0,0,0,1,12,16.0,5.0,0.0,0.0,,False
144,patch,named,64.0,64.0,3,0.0,False,6,58,29000,48.0,0,132,12,0,0,132,12,0,0,0,0,0,1,12,16.0,5.0,0.0,0.0,,False
144,patch,named,64.0,64.0,3,0.0,False,6,59,29500,48.0,0,132,12,0,0,132,12,0,0,0,0,0,1,12,16.0,5.0,0.0,0.0,,False
144,patch,named,64.0,64.0,3,0.0,False,6,60,30000,48.0,0,132,12,0,0,132,12,0,0,0,0,0,1,12,16.0,5.0,0.0,0.0,,False
144,patch,named,64.0,64.0,3,0.0,False,6,61,30500,48.0,0,132,12,0,0,132,12,0,0,0,0,0,1,12,16.0,5.0,0.0,0.0,,False
144,patch,named,64.0,64.0,3,0.0,False,6,62,31000,48.0,0,132,12,0,0,132,12,0,0,0,0,0,1,12,16.0,5.0,0.0,0.0,,False
144,patch,named,64.0,64.0,3,0.0,False,6,63,31500,48.0,0,132,12,0,0,132,12,0,0,0,0,0,1,12,16.0,5.0,0.0,0.0,,False
144,patch,named,64.0,64.0,3,0.0,False,6,64,32000,48.0,0,132,12,0,0,132,12,0,0,0,0,0,1,12,16.0,5.0,0.0,0.0,,False
144,patch,named,64.0,64.0,3,0.0,False,6,65,32500,48.0,0,132,12,0,0,132,12,0,0,0,0,0,1,12,16.0,5.0,0.0,0.0,,False
144,patch,named,64.0,64.0,3,0.0,False,6,66,33000,48.0,0,132,12,0,0,132,12,0,0,0,0,0,1,12,16.0,5.0,0.0,0.0,,False
144,patch,named,64.0,64.0,3,0.0,False,6,67,33500,48.0,0,132,12,0,0,132,12,0,0,0,0,0,1,12,16.0,5.0,0.0,0.0,,False
144,patch,named,64.0,64.0,3,0.0,False,6,68,34000,48.0,0,132,12,0,0,132,12,0,0,0,0,0,1,12,16.0,5.0,0.0,0.0,,False
144,patch,named,64.0,64.0,3,0.0,False,6,69,34500,48.0,0,132,12,0,0,132,12,0,0,0,0,0,1,12,16.0,5.0,0.0,0.0,,False
144,patch,named,64.0,64.0,3,0.0,False,6,70,35000,53.0,0,132,12,0,0,132,12,0,0,0,0,0,1,12,11.0,5.0,0.0,0.0,,False
144,patch,named,64.0,64.0,3,0.0,False,6,71,35500,53.0,0,132,12,0,0,132,12,0,0,0,0,0,1,12,11.0,5.0,0.0,0.0,,False
144,patch,named,64.0,64.0,3,0.0,False,6,72,36000,53.0,0,132,12,0,0,132,12,0,0,0,0,0,1,12,11.0,5.0,0.0,0.0,,False
144,patch,named,64.0,64.0,3,0.0,False,6,73,36500,53.0,0,132,12,0,0,132,12,0,0,0,0,0,1,12,11.0,5.0,0.0,0.0,,False
144,patch,named,64.0,64.0,3,0.0,False,6,74,37000,53.0,0,132,12,0,0,132,12,0,0,0,0,0,1,12,11.0,5.0,0.0,0.0,,False
144,patch,named,64.0,64.0,3,0.0,False,6,75,37500,48.0,0,132,12,0,0,132,12,0,0,0,0,0,1,12,16.0,5.0,0.0,0.0,,False
144,patch,named,64.0,64.0,3,0.0,False,6,76,38000,48.0,0,132,12,0,0,132,12,0,0,0,0,0,1,12,16.0,5.0,0.0,0.0,,False
144,patch,named,64.0,64.0,3,0.0,False,6,77,38500,48.0,0,132,12,0,0,132,12,0,0,0,0,0,1,12,16.0,5.0,0.0,0.0,,False
144,patch,named,64.0,64.0,3,0.0,False,6,78,39000,48.0,0,132,12,0,0,132,12,0,0,0,0,0,1,12,16.0,5.0,0.0,0.0,,False
144,patch,named,64.0,64.0,3,0.0,False,6,79,39500,48.0,0,132,12,0,0,132,12,0,0,0,0,0,1,12,16.0,5.0,0.0,0.0,,False
144,patch,named,64.0,64.0,3,0.0,False,6,80,40000,48.0,0,132,12,0,0,132,12,0,0,0,0,0,1,12,16.0,5.0,0.0,0.0,,False
144,patch,named,64.0,64.0,3,0.0,False,6,81,40500,48.0,0,132,12,0,0,132,12,0,0,0,0,0,1,12,16.0,5.0,0.0,0.0,,False
144,patch,named,64.0,64.0,3,0.0,False,6,82,41000,48.0,0,132,12,0,0,132,12,0,0,0,0,0,1,12,16.0,5.0,0.0,0.0,,False
144,patch,named,64.0,64.0,3,0.0,False,6,83,41500,48.0,0,132,12,0,0,132,12,0,0,0,0,0,1,12,16.0,5.0,0.0,0.0,,False
144,patch,named,64.0,64.0,3,0.0,False,6,84,42000,48.0,0,132,12,0,0,132,12,0,0,0,0,0,1,12,16.0,5.0,0.0,0.0,,False
144,patch,named,64.0,64.0,3,0.0,False,6,85,42500,48.0,0,132,12,0,0,132,12,0,0,0,0,0,1,12,16.0,5.0,0.0,0.0,,False
144,patch,named,64.0,64.0,3,0.0,False,6,86,43000,48.0,0,132,12,0,0,132,12,0,0,0,0,0,1,12,16.0,5.0,0.0,0.0,,False
144,patch,named,64.0,64.0,3,0.0,False,6,87,43500,48.0,0,132,12,0,0,132,12,0,0,0,0,0,1,12,16.0,5.0,0.0,0.0,,False
144,patch,named,64.0,64.0,3,0.0,False,6,88,44000,48.0,0,132,12,0,0,132,12,0,0,0,0,0,1,12,16.0,5.0,0.0,0.0,,False
144,patch,named,64.0,64.0,3,0.0,False,6,89,44500,48.0,0,132,12,0,0,132,12,0,0,0,0,0,1,12,16.0,5.0,0.0,0.0,,False
144,patch,named,64.0,64.0,3,0.0,False,6,90,45000,48.0,0,132,12,0,0,132,12,0,0,0,0,0,1,12,16.0,5.0,0.0,0.0,,False
144,patch,named,64.0,64.0,3,0.0,False,6,91,45500,48.0,0,132,12,0,0,132,12,0,0,0,0,0,1,12,16.0,5.0,0.0,0.0,,False
144,patch,named,64.0,64.0,3,0.0,False,6,92,46000,48.0,0,132,12,0,0,132,12,0,0,0,0,0,1,12,16.0,5.0,0.0,0.0,,False
144,patch,named,64.0,64.0,3,0.0,False,6,93,46500,48.0,0,132,12,0,0,132,12,0,0,0,0,0,1,12,16.0,5.0,0.0,0.0,,False
144,patch,named,64.0,64.0,3,0.0,False,6,94,47000,48.0,0,132,12,0,0,132,12,0,0,0,0,0,1,12,16.0,5.0,0.0,0.0,,False
144,patch,named,64.0,64.0,3,0.0,False,6,95,47500,48.0,0,132,12,0,0,132,12,0,0,0,0,0,1,12,16.0,5.0,0.0,0.0,,False
144,patch,named,64.0,64.0,3,0.0,False,6,96,48000,48.0,0,132,12,0,0,132,12,0,0,0,0,0,1,12,16.0,5.0,0.0,0.0,,False
144,patch,named,64.0,64.0,3,0.0,False,6,97,48500,48.0,0,132,12,0,0,132,12,0,0,0,0,0,1,12,16.0,5.0,0.0,0.0,,False
144,patch,named,64.0,64.0,3,0.0,False,6,98,49000,48.0,0,132,12,0,0,132,12,0,0,0,0,0,1,12,16.0,5.0,0.0,0.0,,False
144,patch,named,64.0,64.0,3,0.0,False,6,99,49500,48.0,0,132,12,0,0,132,12,0,0,0,0,0,1,12,16.0,5.0,0.0,0.0,,False
144,patch,named,64.0,64.0,3,0.0,False,6,100,50000,48.0,0,132,12,0,0,132,12,0,0,0,0,0,1,12,16.0,5.0,0.0,0.0,,True
144,patch,named,64.0,64.0,3,0.0,False,7,0,0,64.0,0,128,16,0,0,128,16,0,0,0,0,0,1,16,0.0,0.0,0.0,0.0,,False
144,patch,named,64.0,64.0,3,0.0,False,7,1,500,48.0,0,132,12,0,0,132,12,0,0,0,0,0,1,12,16.0,16.0,0.0,0.0,,False
144,patch,named,64.0,64.0,3,0.0,False,7,2,1000,32.0,0,136,8,0,0,136,8,0,0,0,0,0,1,8,32.0,16.0,0.0,0.0,,False
144,patch,named,64.0,64.0,3,0.0,False,7,3,1500,32.0,0,136,8,0,0,136,8,0,0,0,0,0,1,8,32.0,16.0,0.0,0.0,,False
144,patch,named,64.0,64.0,3,0.0,False,7,4,2000,32.0,0,136,8,0,0,136,8,0,0,0,0,0,1,8,32.0,16.0,0.0,0.0,,False
144,patch,named,64.0,64.0,3,0.0,False,7,5,2500,32.0,0,136,8,0,0,136,8,0,0,0,0,0,1,8,32.0,16.0,0.0,0.0,,False
144,patch,named,64.0,64.0,3,0.0,False,7,6,3000,32.0,0,136,8,0,0,136,8,0,0,0,0,0,1,8,32.0,16.0,0.0,0.0,,False
144,patch,named,64.0,64.0,3,0.0,False,7,7,3500,0.0,0,144,0,0,0,144,0,0,0,0,0,0,0,0,64.0,32.0,0.0,0.0,,False
144,patch,named,64.0,64.0,3,0.0,False,7,8,4000,32.0,0,136,8,0,0,136,8,0,0,0,0,0,1,8,32.0,16.0,0.0,0.0,,False
144,patch,named,64.0,64.0,3,0.0,False,7,9,4500,32.0,0,136,8,0,0,136,8,0,0,0,0,0,1,8,32.0,16.0,0.0,0.0,,False
144,patch,named,64.0,64.0,3,0.0,False,7,10,5000,32.0,0,136,8,0,0,136,8,0,0,0,0,0,1,8,32.0,16.0,0.0,0.0,,False
144,patch,named,64.0,64.0,3,0.0,False,7,11,5500,32.0,0,136,8,0,0,136,8,0,0,0,0,0,1,8,32.0,16.0,0.0,0.0,,False
144,patch,named,64.0,64.0,3,0.0,False,7,12,6000,32.0,0,136,8,0,0,136,8,0,0,0,0,0,1,8,32.0,16.0,0.0,0.0,,False
144,patch,named,64.0,64.0,3,0.0,False,7,13,6500,32.0,0,136,8,0,0,136,8,0,0,0,0,0,1,8,32.0,16.0,0.0,0.0,,False
144,patch,named,64.0,64.0,3,0.0,False,7,14,7000,32.0,0,136,8,0,0,136,8,0,0,0,0,0,1,8,32.0,16.0,0.0,0.0,,False
144,patch,named,64.0,64.0,3,0.0,False,7,15,7500,32.0,0,136,8,0,0,136,8,0,0,0,0,0,1,8,32.0,16.0,0.0,0.0,,False
144,patch,named,64.0,64.0,3,0.0,False,7,16,8000,32.0,0,136,8,0,0,136,8,0,0,0,0,0,1,8,32.0,16.0,0.0,0.0,,False
144,patch,named,64.0,64.0,3,0.0,False,7,17,8500,32.0,0,136,8,0,0,136,8,0,0,0,0,0,1,8,32.0,16.0,0.0,0.0,,False
144,patch,named,64.0,64.0,3,0.0,False,7,18,9000,48.0,0,132,12,0,0,132,12,0,0,0,0,0,1,12,16.0,16.0,0.0,0.0,,False
144,patch,named,64.0,64.0,3,0.0,False,7,19,9500,64.0,0,130,14,0,0,130,12,2,0,0,0,0,1,14,0.0,0.0,0.0,0.0,,False
144,patch,named,64.0,64.0,3,0.0,False,7,20,10000,53.0,0,132,12,0,0,132,12,0,0,0,0,0,1,12,11.0,11.0,0.0,0.0,,False
144,patch,named,64.0,64.0,3,0.0,False,7,21,10500,53.0,0,132,12,0,0,132,12,0,0,0,0,0,1,12,11.0,11.0,0.0,0.0,,False
144,patch,named,64.0,64.0,3,0.0,False,7,22,11000,53.0,0,132,12,0,0,132,12,0,0,0,0,0,1,12,11.0,11.0,0.0,0.0,,False
144,patch,named,64.0,64.0,3,0.0,False,7,23,11500,53.0,0,132,12,0,0,132,12,0,0,0,0,0,1,12,11.0,11.0,0.0,0.0,,False
144,patch,named,64.0,64.0,3,0.0,False,7,24,12000,53.0,0,132,12,0,0,132,12,0,0,0,0,0,1,12,11.0,11.0,0.0,0.0,,False
144,patch,named,64.0,64.0,3,0.0,False,7,25,12500,53.0,0,132,12,0,0,132,12,0,0,0,0,0,1,12,11.0,11.0,0.0,0.0,,False
144,patch,named,64.0,64.0,3,0.0,False,7,26,13000,53.0,0,132,12,0,0,132,12,0,0,0,0,0,1,12,11.0,11.0,0.0,0.0,,False
144,patch,named,64.0,64.0,3,0.0,False,7,27,13500,53.0,0,132,12,0,0,132,12,0,0,0,0,0,1,12,11.0,11.0,0.0,0.0,,False
144,patch,named,64.0,64.0,3,0.0,False,7,28,14000,53.0,0,132,12,0,0,132,12,0,0,0,0,0,1,12,11.0,11.0,0.0,0.0,,False
144,patch,named,64.0,64.0,3,0.0,False,7,29,14500,53.0,0,132,12,0,0,132,12,0,0,0,0,0,1,12,11.0,11.0,0.0,0.0,,False
144,patch,named,64.0,64.0,3,0.0,False,7,30,15000,53.0,0,132,12,0,0,132,12,0,0,0,0,0,1,12,11.0,11.0,0.0,0.0,,False
144,patch,named,64.0,64.0,3,0.0,False,7,31,15500,53.0,0,132,12,0,0,132,12,0,0,0,0,0,1,12,11.0,11.0,0.0,0.0,,False
144,patch,named,64.0,64.0,3,0.0,False,7,32,16000,53.0,0,132,12,0,0,132,12,0,0,0,0,0,1,12,11.0,11.0,0.0,0.0,,False
144,patch,named,64.0,64.0,3,0.0,False,7,33,16500,53.0,0,132,12,0,0,132,12,0,0,0,0,0,1,12,11.0,11.0,0.0,0.0,,False
144,patch,named,64.0,64.0,3,0.0,False,7,34,17000,53.0,0,132,12,0,0,132,12,0,0,0,0,0,1,12,11.0,11.0,0.0,0.0,,False
144,patch,named,64.0,64.0,3,0.0,False,7,35,17500,53.0,0,132,12,0,0,132,12,0,0,0,0,0,1,12,11.0,11.0,0.0,0.0,,False
144,patch,named,64.0,64.0,3,0.0,False,7,36,18000,53.0,0,132,12,0,0,132,12,0,0,0,0,0,1,12,11.0,11.0,0.0,0.0,,False
144,patch,named,64.0,64.0,3,0.0,False,7,37,18500,64.0,0,129,15,0,0,129,14,1,0,0,0,0,1,15,0.0,0.0,0.0,0.0,,False
144,patch,named,64.0,64.0,3,0.0,False,7,38,19000,58.0,0,132,12,0,0,132,12,0,0,0,0,0,3,8,6.0,6.0,0.0,0.0,,False
144,patch,named,64.0,64.0,3,0.0,False,7,39,19500,42.0,0,136,8,0,0,136,8,0,0,0,0,0,1,8,22.0,6.0,0.0,0.0,,False
144,patch,named,64.0,64.0,3,0.0,False,7,40,20000,42.0,0,136,8,0,0,136,8,0,0,0,0,0,1,8,22.0,6.0,0.0,0.0,,False
144,patch,named,64.0,64.0,3,0.0,False,7,41,20500,42.0,0,136,8,0,0,136,8,0,0,0,0,0,1,8,22.0,6.0,0.0,0.0,,False
144,patch,named,64.0,64.0,3,0.0,False,7,42,21000,42.0,0,136,8,0,0,136,8,0,0,0,0,0,1,8,22.0,6.0,0.0,0.0,,False
144,patch,named,64.0,64.0,3,0.0,False,7,43,21500,20.0,0,144,0,0,0,144,0,0,0,0,0,0,0,0,44.0,22.0,0.0,0.0,,False
144,patch,named,64.0,64.0,3,0.0,False,7,44,22000,20.0,0,144,0,0,0,144,0,0,0,0,0,0,0,0,44.0,22.0,0.0,0.0,,False
144,patch,named,64.0,64.0,3,0.0,False,7,45,22500,20.0,0,144,0,0,0,144,0,0,0,0,0,0,0,0,44.0,22.0,0.0,0.0,,False
144,patch,named,64.0,64.0,3,0.0,False,7,46,23000,20.0,0,144,0,0,0,144,0,0,0,0,0,0,0,0,44.0,12.0,0.0,0.0,,False
144,patch,named,64.0,64.0,3,0.0,False,7,47,23500,20.0,0,144,0,0,0,144,0,0,0,0,0,0,0,0,44.0,12.0,0.0,0.0,,False
144,patch,named,64.0,64.0,3,0.0,False,7,48,24000,20.0,0,144,0,0,0,144,0,0,0,0,0,0,0,0,44.0,12.0,0.0,0.0,,False
144,patch,named,64.0,64.0,3,0.0,False,7,49,24500,20.0,0,144,0,0,0,144,0,0,0,0,0,0,0,0,44.0,12.0,0.0,0.0,,False
144,patch,named,64.0,64.0,3,0.0,False,7,50,25000,20.0,0,144,0,0,0,144,0,0,0,0,0,0,0,0,44.0,12.0,0.0,0.0,,False
144,patch,named,64.0,64.0,3,0.0,False,7,51,25500,20.0,0,144,0,0,0,144,0,0,0,0,0,0,0,0,44.0,12.0,0.0,0.0,,False
144,patch,named,64.0,64.0,3,0.0,False,7,52,26000,20.0,0,144,0,0,0,144,0,0,0,0,0,0,0,0,44.0,12.0,0.0,0.0,,False
144,patch,named,64.0,64.0,3,0.0,False,7,53,26500,20.0,0,144,0,0,0,144,0,0,0,0,0,0,0,0,44.0,12.0,0.0,0.0,,False
144,patch,named,64.0,64.0,3,0.0,False,7,54,27000,20.0,0,144,0,0,0,144,0,0,0,0,0,0,0,0,44.0,12.0,0.0,0.0,,False
144,patch,named,64.0,64.0,3,0.0,False,7,55,27500,20.0,0,144,0,0,0,144,0,0,0,0,0,0,0,0,44.0,12.0,0.0,0.0,,False
144,patch,named,64.0,64.0,3,0.0,False,7,56,28000,20.0,0,144,0,0,0,144,0,0,0,0,0,0,0,0,44.0,12.0,0.0,0.0,,False
144,patch,named,64.0,64.0,3,0.0,False,7,57,28500,20.0,0,144,0,0,0,144,0,0,0,0,0,0,0,0,44.0,12.0,0.0,0.0,,False
144,patch,named,64.0,64.0,3,0.0,False,7,58,29000,20.0,0,144,0,0,0,144,0,0,0,0,0,0,0,0,44.0,12.0,0.0,0.0,,False
144,patch,named,64.0,64.0,3,0.0,False,7,59,29500,20.0,0,144,0,0,0,144,0,0,0,0,0,0,0,0,44.0,12.0,0.0,0.0,,False
144,patch,named,64.0,64.0,3,0.0,False,7,60,30000,20.0,0,144,0,0,0,144,0,0,0,0,0,0,0,0,44.0,12.0,0.0,0.0,,False
144,patch,named,64.0,64.0,3,0.0,False,7,61,30500,20.0,0,144,0,0,0,144,0,0,0,0,0,0,0,0,44.0,12.0,0.0,0.0,,False
144,patch,named,64.0,64.0,3,0.0,False,7,62,31000,20.0,0,144,0,0,0,144,0,0,0,0,0,0,0,0,44.0,12.0,0.0,0.0,,False
144,patch,named,64.0,64.0,3,0.0,False,7,63,31500,20.0,0,144,0,0,0,144,0,0,0,0,0,0,0,0,44.0,12.0,0.0,0.0,,False
144,patch,named,64.0,64.0,3,0.0,False,7,64,32000,20.0,0,144,0,0,0,144,0,0,0,0,0,0,0,0,44.0,12.0,0.0,0.0,,False
144,patch,named,64.0,64.0,3,0.0,False,7,65,32500,20.0,0,144,0,0,0,144,0,0,0,0,0,0,0,0,44.0,12.0,0.0,0.0,,False
144,patch,named,64.0,64.0,3,0.0,False,7,66,33000,20.0,0,144,0,0,0,144,0,0,0,0,0,0,0,0,44.0,12.0,0.0,0.0,,False
144,patch,named,64.0,64.0,3,0.0,False,7,67,33500,20.0,0,144,0,0,0,144,0,0,0,0,0,0,0,0,44.0,12.0,0.0,0.0,,False
144,patch,named,64.0,64.0,3,0.0,False,7,68,34000,20.0,0,144,0,0,0,144,0,0,0,0,0,0,0,0,44.0,12.0,0.0,0.0,,False
144,patch,named,64.0,64.0,3,0.0,False,7,69,34500,20.0,0,144,0,0,0,144,0,0,0,0,0,0,0,0,44.0,12.0,0.0,0.0,,False
144,patch,named,64.0,64.0,3,0.0,False,7,70,35000,20.0,0,144,0,0,0,144,0,0,0,0,0,0,0,0,44.0,12.0,0.0,0.0,,False
144,patch,named,64.0,64.0,3,0.0,False,7,71,35500,20.0,0,144,0,0,0,144,0,0,0,0,0,0,0,0,44.0,12.0,0.0,0.0,,False
144,patch,named,64.0,64.0,3,0.0,False,7,72,36000,20.0,0,144,0,0,0,144,0,0,0,0,0,0,0,0,44.0,12.0,0.0,0.0,,False
144,patch,named,64.0,64.0,3,0.0,False,7,73,36500,20.0,0,144,0,0,0,144,0,0,0,0,0,0,0,0,44.0,12.0,0.0,0.0,,False
144,patch,named,64.0,64.0,3,0.0,False,7,74,37000,20.0,0,144,0,0,0,144,0,0,0,0,0,0,0,0,44.0,12.0,0.0,0.0,,False
144,patch,named,64.0,64.0,3,0.0,False,7,75,37500,20.0,0,144,0,0,0,144,0,0,0,0,0,0,0,0,44.0,12.0,0.0,0.0,,False
144,patch,named,64.0,64.0,3,0.0,False,7,76,38000,20.0,0,144,0,0,0,144,0,0,0,0,0,0,0,0,44.0,12.0,0.0,0.0,,False
144,patch,named,64.0,64.0,3,0.0,False,7,77,38500,20.0,0,144,0,0,0,144,0,0,0,0,0,0,0,0,44.0,12.0,0.0,0.0,,False
144,patch,named,64.0,64.0,3,0.0,False,7,78,39000,20.0,0,144,0,0,0,144,0,0,0,0,0,0,0,0,44.0,12.0,0.0,0.0,,False
144,patch,named,64.0,64.0,3,0.0,False,7,79,39500,20.0,0,144,0,0,0,144,0,0,0,0,0,0,0,0,44.0,12.0,0.0,0.0,,False
144,patch,named,64.0,64.0,3,0.0,False,7,80,40000,20.0,0,144,0,0,0,144,0,0,0,0,0,0,0,0,44.0,12.0,0.0,0.0,,False
144,patch,named,64.0,64.0,3,0.0,False,7,81,40500,20.0,0,144,0,0,0,144,0,0,0,0,0,0,0,0,44.0,12.0,0.0,0.0,,False
144,patch,named,64.0,64.0,3,0.0,False,7,82,41000,20.0,0,144,0,0,0,144,0,0,0,0,0,0,0,0,44.0,12.0,0.0,0.0,,False
144,patch,named,64.0,64.0,3,0.0,False,7,83,41500,20.0,0,144,0,0,0,144,0,0,0,0,0,0,0,0,44.0,12.0,0.0,0.0,,False
144,patch,named,64.0,64.0,3,0.0,False,7,84,42000,20.0,0,144,0,0,0,144,0,0,0,0,0,0,0,0,44.0,12.0,0.0,0.0,,False
144,patch,named,64.0,64.0,3,0.0,False,7,85,42500,20.0,0,144,0,0,0,144,0,0,0,0,0,0,0,0,44.0,12.0,0.0,0.0,,False
144,patch,named,64.0,64.0,3,0.0,False,7,86,43000,20.0,0,144,0,0,0,144,0,0,0,0,0,0,0,0,44.0,12.0,0.0,0.0,,False
144,patch,named,64.0,64.0,3,0.0,False,7,87,43500,20.0,0,144,0,0,0,144,0,0,0,0,0,0,0,0,44.0,12.0,0.0,0.0,,False
144,patch,named,64.0,64.0,3,0.0,False,7,88,44000,20.0,0,144,0,0,0,144,0,0,0,0,0,0,0,0,44.0,12.0,0.0,0.0,,False
144,patch,named,64.0,64.0,3,0.0,False,7,89,44500,20.0,0,144,0,0,0,144,0,0,0,0,0,0,0,0,44.0,12.0,0.0,0.0,,False
144,patch,named,64.0,64.0,3,0.0,False,7,90,45000,20.0,0,144,0,0,0,144,0,0,0,0,0,0,0,0,44.0,12.0,0.0,0.0,,False
144,patch,named,64.0,64.0,3,0.0,False,7,91,45500,20.0,0,144,0,0,0,144,0,0,0,0,0,0,0,0,44.0,12.0,0.0,0.0,,False
144,patch,named,64.0,64.0,3,0.0,False,7,92,46000,20.0,0,144,0,0,0,144,0,0,0,0,0,0,0,0,44.0,12.0,0.0,0.0,,False
144,patch,named,64.0,64.0,3,0.0,False,7,93,46500,20.0,0,144,0,0,0,144,0,0,0,0,0,0,0,0,44.0,12.0,0.0,0.0,,False
144,patch,named,64.0,64.0,3,0.0,False,7,94,47000,20.0,0,144,0,0,0,144,0,0,0,0,0,0,0,0,44.0,12.0,0.0,0.0,,False
144,patch,named,64.0,64.0,3,0.0,False,7,95,47500,20.0,0,144,0,0,0,144,0,0,0,0,0,0,0,0,44.0,12.0,0.0,0.0,,False
144,patch,named,64.0,64.0,3,0.0,False,7,96,48000,20.0,0,144,0,0,0,144,0,0,0,0,0,0,0,0,44.0,12.0,0.0,0.0,,False
144,patch,named,64.0,64.0,3,0.0,False,7,97,48500,20.0,0,144,0,0,0,144,0,0,0,0,0,0,0,0,44.0,12.0,0.0,0.0,,False
144,patch,named,64.0,64.0,3,0.0,False,7,98,49000,20.0,0,144,0,0,0,144,0,0,0,0,0,0,0,0,44.0,12.0,0.0,0.0,,False
144,patch,named,64.0,64.0,3,0.0,False,7,99,49500,20.0,0,144,0,0,0,144,0,0,0,0,0,0,0,0,44.0,12.0,0.0,0.0,,False
144,patch,named,64.0,64.0,3,0.0,False,7,100,50000,20.0,0,144,0,0,0,144,0,0,0,0,0,0,0,0,44.0,12.0,0.0,0.0,,True
144,patch,named,64.0,64.0,3,0.0,False,8,0,0,64.0,0,131,13,0,0,131,11,1,1,0,0,0,1,13,0.0,0.0,0.0,0.0,,False
144,patch,named,64.0,64.0,3,0.0,False,8,1,500,42.0,0,136,8,0,0,136,8,0,0,0,0,0,1,8,22.0,11.0,0.0,0.0,,False
144,patch,named,64.0,64.0,3,0.0,False,8,2,1000,42.0,0,136,8,0,0,136,8,0,0,0,0,0,1,8,22.0,11.0,0.0,0.0,,False
144,patch,named,64.0,64.0,3,0.0,False,8,3,1500,42.0,0,136,8,0,0,136,8,0,0,0,0,0,1,8,22.0,11.0,0.0,0.0,,False
144,patch,named,64.0,64.0,3,0.0,False,8,4,2000,20.0,0,144,0,0,0,144,0,0,0,0,0,0,0,0,44.0,21.0,0.0,0.0,,False
144,patch,named,64.0,64.0,3,0.0,False,8,5,2500,20.0,0,144,0,0,0,144,0,0,0,0,0,0,0,0,44.0,12.0,0.0,0.0,,False
144,patch,named,64.0,64.0,3,0.0,False,8,6,3000,20.0,0,144,0,0,0,144,0,0,0,0,0,0,0,0,44.0,12.0,0.0,0.0,,False
144,patch,named,64.0,64.0,3,0.0,False,8,7,3500,20.0,0,144,0,0,0,144,0,0,0,0,0,0,0,0,44.0,12.0,0.0,0.0,,False
144,patch,named,64.0,64.0,3,0.0,False,8,8,4000,20.0,0,144,0,0,0,144,0,0,0,0,0,0,0,0,44.0,12.0,0.0,0.0,,False
144,patch,named,64.0,64.0,3,0.0,False,8,9,4500,20.0,0,144,0,0,0,144,0,0,0,0,0,0,0,0,44.0,12.0,0.0,0.0,,False
144,patch,named,64.0,64.0,3,0.0,False,8,10,5000,20.0,0,144,0,0,0,144,0,0,0,0,0,0,0,0,44.0,12.0,0.0,0.0,,False
144,patch,named,64.0,64.0,3,0.0,False,8,11,5500,20.0,0,144,0,0,0,144,0,0,0,0,0,0,0,0,44.0,12.0,0.0,0.0,,False
144,patch,named,64.0,64.0,3,0.0,False,8,12,6000,20.0,0,144,0,0,0,144,0,0,0,0,0,0,0,0,44.0,12.0,0.0,0.0,,False
144,patch,named,64.0,64.0,3,0.0,False,8,13,6500,20.0,0,144,0,0,0,144,0,0,0,0,0,0,0,0,44.0,12.0,0.0,0.0,,False
144,patch,named,64.0,64.0,3,0.0,False,8,14,7000,20.0,0,144,0,0,0,144,0,0,0,0,0,0,0,0,44.0,12.0,0.0,0.0,,False
144,patch,named,64.0,64.0,3,0.0,False,8,15,7500,20.0,0,144,0,0,0,144,0,0,0,0,0,0,0,0,44.0,12.0,0.0,0.0,,False
144,patch,named,64.0,64.0,3,0.0,False,8,16,8000,20.0,0,144,0,0,0,144,0,0,0,0,0,0,0,0,44.0,12.0,0.0,0.0,,False
144,patch,named,64.0,64.0,3,0.0,False,8,17,8500,20.0,0,144,0,0,0,144,0,0,0,0,0,0,0,0,44.0,12.0,0.0,0.0,,False
144,patch,named,64.0,64.0,3,0.0,False,8,18,9000,20.0,0,144,0,0,0,144,0,0,0,0,0,0,0,0,44.0,12.0,0.0,0.0,,False
144,patch,named,64.0,64.0,3,0.0,False,8,19,9500,20.0,0,144,0,0,0,144,0,0,0,0,0,0,0,0,44.0,12.0,0.0,0.0,,False
144,patch,named,64.0,64.0,3,0.0,False,8,20,10000,20.0,0,144,0,0,0,144,0,0,0,0,0,0,0,0,44.0,12.0,0.0,0.0,,False
144,patch,named,64.0,64.0,3,0.0,False,8,21,10500,20.0,0,144,0,0,0,144,0,0,0,0,0,0,0,0,44.0,12.0,0.0,0.0,,False
144,patch,named,64.0,64.0,3,0.0,False,8,22,11000,20.0,0,144,0,0,0,144,0,0,0,0,0,0,0,0,44.0,12.0,0.0,0.0,,False
144,patch,named,64.0,64.0,3,0.0,False,8,23,11500,20.0,0,144,0,0,0,144,0,0,0,0,0,0,0,0,44.0,12.0,0.0,0.0,,False
144,patch,named,64.0,64.0,3,0.0,False,8,24,12000,20.0,0,144,0,0,0,144,0,0,0,0,0,0,0,0,44.0,12.0,0.0,0.0,,False
144,patch,named,64.0,64.0,3,0.0,False,8,25,12500,20.0,0,144,0,0,0,144,0,0,0,0,0,0,0,0,44.0,12.0,0.0,0.0,,False
144,patch,named,64.0,64.0,3,0.0,False,8,26,13000,20.0,0,144,0,0,0,144,0,0,0,0,0,0,0,0,44.0,12.0,0.0,0.0,,False
144,patch,named,64.0,64.0,3,0.0,False,8,27,13500,20.0,0,144,0,0,0,144,0,0,0,0,0,0,0,0,44.0,12.0,0.0,0.0,,False
144,patch,named,64.0,64.0,3,0.0,False,8,28,14000,20.0,0,144,0,0,0,144,0,0,0,0,0,0,0,0,44.0,12.0,0.0,0.0,,False
144,patch,named,64.0,64.0,3,0.0,False,8,29,14500,20.0,0,144,0,0,0,144,0,0,0,0,0,0,0,0,44.0,12.0,0.0,0.0,,False
144,patch,named,64.0,64.0,3,0.0,False,8,30,15000,20.0,0,144,0,0,0,144,0,0,0,0,0,0,0,0,44.0,12.0,0.0,0.0,,False
144,patch,named,64.0,64.0,3,0.0,False,8,31,15500,20.0,0,144,0,0,0,144,0,0,0,0,0,0,0,0,44.0,12.0,0.0,0.0,,False
144,patch,named,64.0,64.0,3,0.0,False,8,32,16000,20.0,0,144,0,0,0,144,0,0,0,0,0,0,0,0,44.0,12.0,0.0,0.0,,False
144,patch,named,64.0,64.0,3,0.0,False,8,33,16500,20.0,0,144,0,0,0,144,0,0,0,0,0,0,0,0,44.0,12.0,0.0,0.0,,False
144,patch,named,64.0,64.0,3,0.0,False,8,34,17000,20.0,0,144,0,0,0,144,0,0,0,0,0,0,0,0,44.0,12.0,0.0,0.0,,False
144,patch,named,64.0,64.0,3,0.0,False,8,35,17500,20.0,0,144,0,0,0,144,0,0,0,0,0,0,0,0,44.0,12.0,0.0,0.0,,False
144,patch,named,64.0,64.0,3,0.0,False,8,36,18000,20.0,0,144,0,0,0,144,0,0,0,0,0,0,0,0,44.0,12.0,0.0,0.0,,False
144,patch,named,64.0,64.0,3,0.0,False,8,37,18500,20.0,0,144,0,0,0,144,0,0,0,0,0,0,0,0,44.0,12.0,0.0,0.0,,False
144,patch,named,64.0,64.0,3,0.0,False,8,38,19000,20.0,0,144,0,0,0,144,0,0,0,0,0,0,0,0,44.0,12.0,0.0,0.0,,False
144,patch,named,64.0,64.0,3,0.0,False,8,39,19500,20.0,0,144,0,0,0,144,0,0,0,0,0,0,0,0,44.0,12.0,0.0,0.0,,False
144,patch,named,64.0,64.0,3,0.0,False,8,40,20000,20.0,0,144,0,0,0,144,0,0,0,0,0,0,0,0,44.0,12.0,0.0,0.0,,False
144,patch,named,64.0,64.0,3,0.0,False,8,41,20500,20.0,0,144,0,0,0,144,0,0,0,0,0,0,0,0,44.0,12.0,0.0,0.0,,False
144,patch,named,64.0,64.0,3,0.0,False,8,42,21000,20.0,0,144,0,0,0,144,0,0,0,0,0,0,0,0,44.0,12.0,0.0,0.0,,False
144,patch,named,64.0,64.0,3,0.0,False,8,43,21500,20.0,0,144,0,0,0,144,0,0,0,0,0,0,0,0,44.0,12.0,0.0,0.0,,False
144,patch,named,64.0,64.0,3,0.0,False,8,44,22000,20.0,0,144,0,0,0,144,0,0,0,0,0,0,0,0,44.0,12.0,0.0,0.0,,False
144,patch,named,64.0,64.0,3,0.0,False,8,45,22500,20.0,0,144,0,0,0,144,0,0,0,0,0,0,0,0,44.0,12.0,0.0,0.0,,False
144,patch,named,64.0,64.0,3,0.0,False,8,46,23000,20.0,0,144,0,0,0,144,0,0,0,0,0,0,0,0,44.0,12.0,0.0,0.0,,False
144,patch,named,64.0,64.0,3,0.0,False,8,47,23500,20.0,0,144,0,0,0,144,0,0,0,0,0,0,0,0,44.0,12.0,0.0,0.0,,False
144,patch,named,64.0,64.0,3,0.0,False,8,48,24000,20.0,0,144,0,0,0,144,0,0,0,0,0,0,0,0,44.0,12.0,0.0,0.0,,False
144,patch,named,64.0,64.0,3,0.0,False,8,49,24500,20.0,0,144,0,0,0,144,0,0,0,0,0,0,0,0,44.0,12.0,0.0,0.0,,False
144,patch,named,64.0,64.0,3,0.0,False,8,50,25000,20.0,0,144,0,0,0,144,0,0,0,0,0,0,0,0,44.0,12.0,0.0,0.0,,False
144,patch,named,64.0,64.0,3,0.0,False,8,51,25500,20.0,0,144,0,0,0,144,0,0,0,0,0,0,0,0,44.0,12.0,0.0,0.0,,False
144,patch,named,64.0,64.0,3,0.0,False,8,52,26000,20.0,0,144,0,0,0,144,0,0,0,0,0,0,0,0,44.0,12.0,0.0,0.0,,False
144,patch,named,64.0,64.0,3,0.0,False,8,53,26500,20.0,0,144,0,0,0,144,0,0,0,0,0,0,0,0,44.0,12.0,0.0,0.0,,False
144,patch,named,64.0,64.0,3,0.0,False,8,54,27000,20.0,0,144,0,0,0,144,0,0,0,0,0,0,0,0,44.0,12.0,0.0,0.0,,False
144,patch,named,64.0,64.0,3,0.0,False,8,55,27500,20.0,0,144,0,0,0,144,0,0,0,0,0,0,0,0,44.0,12.0,0.0,0.0,,False
144,patch,named,64.0,64.0,3,0.0,False,8,56,28000,20.0,0,144,0,0,0,144,0,0,0,0,0,0,0,0,44.0,12.0,0.0,0.0,,False
144,patch,named,64.0,64.0,3,0.0,False,8,57,28500,20.0,0,144,0,0,0,144,0,0,0,0,0,0,0,0,44.0,12.0,0.0,0.0,,False
144,patch,named,64.0,64.0,3,0.0,False,8,58,29000,20.0,0,144,0,0,0,144,0,0,0,0,0,0,0,0,44.0,12.0,0.0,0.0,,False
144,patch,named,64.0,64.0,3,0.0,False,8,59,29500,20.0,0,144,0,0,0,144,0,0,0,0,0,0,0,0,44.0,12.0,0.0,0.0,,False
144,patch,named,64.0,64.0,3,0.0,False,8,60,30000,20.0,0,144,0,0,0,144,0,0,0,0,0,0,0,0,44.0,12.0,0.0,0.0,,False
144,patch,named,64.0,64.0,3,0.0,False,8,61,30500,20.0,0,144,0,0,0,144,0,0,0,0,0,0,0,0,44.0,12.0,0.0,0.0,,False
144,patch,named,64.0,64.0,3,0.0,False,8,62,31000,20.0,0,144,0,0,0,144,0,0,0,0,0,0,0,0,44.0,12.0,0.0,0.0,,False
144,patch,named,64.0,64.0,3,0.0,False,8,63,31500,20.0,0,144,0,0,0,144,0,0,0,0,0,0,0,0,44.0,12.0,0.0,0.0,,False
144,patch,named,64.0,64.0,3,0.0,False,8,64,32000,20.0,0,144,0,0,0,144,0,0,0,0,0,0,0,0,44.0,12.0,0.0,0.0,,False
144,patch,named,64.0,64.0,3,0.0,False,8,65,32500,20.0,0,144,0,0,0,144,0,0,0,0,0,0,0,0,44.0,12.0,0.0,0.0,,False
144,patch,named,64.0,64.0,3,0.0,False,8,66,33000,20.0,0,144,0,0,0,144,0,0,0,0,0,0,0,0,44.0,12.0,0.0,0.0,,False
144,patch,named,64.0,64.0,3,0.0,False,8,67,33500,20.0,0,144,0,0,0,144,0,0,0,0,0,0,0,0,44.0,12.0,0.0,0.0,,False
144,patch,named,64.0,64.0,3,0.0,False,8,68,34000,20.0,0,144,0,0,0,144,0,0,0,0,0,0,0,0,44.0,12.0,0.0,0.0,,False
144,patch,named,64.0,64.0,3,0.0,False,8,69,34500,20.0,0,144,0,0,0,144,0,0,0,0,0,0,0,0,44.0,12.0,0.0,0.0,,False
144,patch,named,64.0,64.0,3,0.0,False,8,70,35000,20.0,0,144,0,0,0,144,0,0,0,0,0,0,0,0,44.0,12.0,0.0,0.0,,False
144,patch,named,64.0,64.0,3,0.0,False,8,71,35500,20.0,0,144,0,0,0,144,0,0,0,0,0,0,0,0,44.0,12.0,0.0,0.0,,False
144,patch,named,64.0,64.0,3,0.0,False,8,72,36000,20.0,0,144,0,0,0,144,0,0,0,0,0,0,0,0,44.0,12.0,0.0,0.0,,False
144,patch,named,64.0,64.0,3,0.0,False,8,73,36500,20.0,0,144,0,0,0,144,0,0,0,0,0,0,0,0,44.0,12.0,0.0,0.0,,False
144,patch,named,64.0,64.0,3,0.0,False,8,74,37000,20.0,0,144,0,0,0,144,0,0,0,0,0,0,0,0,44.0,12.0,0.0,0.0,,False
144,patch,named,64.0,64.0,3,0.0,False,8,75,37500,20.0,0,144,0,0,0,144,0,0,0,0,0,0,0,0,44.0,12.0,0.0,0.0,,False
144,patch,named,64.0,64.0,3,0.0,False,8,76,38000,32.0,0,136,8,0,0,136,8,0,0,0,0,0,1,8,32.0,11.0,0.0,0.0,,False
144,patch,named,64.0,64.0,3,0.0,False,8,77,38500,20.0,0,144,0,0,0,144,0,0,0,0,0,0,0,0,44.0,12.0,0.0,0.0,,False
144,patch,named,64.0,64.0,3,0.0,False,8,78,39000,20.0,0,144,0,0,0,144,0,0,0,0,0,0,0,0,44.0,12.0,0.0,0.0,,False
144,patch,named,64.0,64.0,3,0.0,False,8,79,39500,20.0,0,144,0,0,0,144,0,0,0,0,0,0,0,0,44.0,12.0,0.0,0.0,,False
144,patch,named,64.0,64.0,3,0.0,False,8,80,40000,20.0,0,144,0,0,0,144,0,0,0,0,0,0,0,0,44.0,12.0,0.0,0.0,,False
144,patch,named,64.0,64.0,3,0.0,False,8,81,40500,20.0,0,144,0,0,0,144,0,0,0,0,0,0,0,0,44.0,12.0,0.0,0.0,,False
144,patch,named,64.0,64.0,3,0.0,False,8,82,41000,20.0,0,144,0,0,0,144,0,0,0,0,0,0,0,0,44.0,12.0,0.0,0.0,,False
144,patch,named,64.0,64.0,3,0.0,False,8,83,41500,20.0,0,144,0,0,0,144,0,0,0,0,0,0,0,0,44.0,12.0,0.0,0.0,,False
144,patch,named,64.0,64.0,3,0.0,False,8,84,42000,20.0,0,144,0,0,0,144,0,0,0,0,0,0,0,0,44.0,12.0,0.0,0.0,,False
144,patch,named,64.0,64.0,3,0.0,False,8,85,42500,20.0,0,144,0,0,0,144,0,0,0,0,0,0,0,0,44.0,12.0,0.0,0.0,,False
144,patch,named,64.0,64.0,3,0.0,False,8,86,43000,20.0,0,144,0,0,0,144,0,0,0,0,0,0,0,0,44.0,12.0,0.0,0.0,,False
144,patch,named,64.0,64.0,3,0.0,False,8,87,43500,20.0,0,144,0,0,0,144,0,0,0,0,0,0,0,0,44.0,12.0,0.0,0.0,,False
144,patch,named,64.0,64.0,3,0.0,False,8,88,44000,20.0,0,144,0,0,0,144,0,0,0,0,0,0,0,0,44.0,12.0,0.0,0.0,,False
144,patch,named,64.0,64.0,3,0.0,False,8,89,44500,20.0,0,144,0,0,0,144,0,0,0,0,0,0,0,0,44.0,12.0,0.0,0.0,,False
144,patch,named,64.0,64.0,3,0.0,False,8,90,45000,20.0,0,144,0,0,0,144,0,0,0,0,0,0,0,0,44.0,12.0,0.0,0.0,,False
144,patch,named,64.0,64.0,3,0.0,False,8,91,45500,20.0,0,144,0,0,0,144,0,0,0,0,0,0,0,0,44.0,12.0,0.0,0.0,,False
144,patch,named,64.0,64.0,3,0.0,False,8,92,46000,20.0,0,144,0,0,0,144,0,0,0,0,0,0,0,0,44.0,12.0,0.0,0.0,,False
144,patch,named,64.0,64.0,3,0.0,False,8,93,46500,20.0,0,144,0,0,0,144,0,0,0,0,0,0,0,0,44.0,12.0,0.0,0.0,,False
144,patch,named,64.0,64.0,3,0.0,False,8,94,47000,20.0,0,144,0,0,0,144,0,0,0,0,0,0,0,0,44.0,12.0,0.0,0.0,,False
144,patch,named,64.0,64.0,3,0.0,False,8,95,47500,20.0,0,144,0,0,0,144,0,0,0,0,0,0,0,0,44.0,12.0,0.0,0.0,,False
144,patch,named,64.0,64.0,3,0.0,False,8,96,48000,20.0,0,144,0,0,0,144,0,0,0,0,0,0,0,0,44.0,12.0,0.0,0.0,,False
144,patch,named,64.0,64.0,3,0.0,False,8,97,48500,20.0,0,144,0,0,0,144,0,0,0,0,0,0,0,0,44.0,12.0,0.0,0.0,,False
144,patch,named,64.0,64.0,3,0.0,False,8,98,49000,20.0,0,144,0,0,0,144,0,0,0,0,0,0,0,0,44.0,12.0,0.0,0.0,,False
144,patch,named,64.0,64.0,3,0.0,False,8,99,49500,20.0,0,144,0,0,0,144,0,0,0,0,0,0,0,0,44.0,12.0,0.0,0.0,,False
144,patch,named,64.0,64.0,3,0.0,False,8,100,50000,20.0,0,144,0,0,0,144,0,0,0,0,0,0,0,0,44.0,12.0,0.0,0.0,,True
144,patch,named,64.0,64.0,3,0.0,False,9,0,0,64.0,0,132,12,0,0,132,8,4,0,0,0,0,1,12,0.0,0.0,0.0,0.0,,False
144,patch,named,64.0,64.0,3,0.0,False,9,1,500,63.0,1,130,13,0,1,130,13,0,0,0,1,1,2,13,1.0,1.0,0.0,0.0,,False
144,patch,named,64.0,64.0,3,0.0,False,9,2,1000,63.0,1,130,13,0,1,130,13,0,0,0,1,1,2,13,1.0,1.0,0.0,0.0,,False
144,patch,named,64.0,64.0,3,0.0,False,9,3,1500,63.0,1,130,13,0,1,130,13,0,0,0,1,1,2,13,1.0,1.0,0.0,0.0,,False
144,patch,named,64.0,64.0,3,0.0,False,9,4,2000,63.0,1,130,13,0,1,130,13,0,0,0,1,1,2,13,1.0,1.0,0.0,0.0,,False
144,patch,named,64.0,64.0,3,0.0,False,9,5,2500,63.0,1,130,13,0,1,130,13,0,0,0,1,1,2,13,1.0,1.0,0.0,0.0,,False
144,patch,named,64.0,64.0,3,0.0,False,9,6,3000,63.0,1,130,13,0,1,130,13,0,0,0,1,1,2,13,1.0,1.0,0.0,0.0,,False
144,patch,named,64.0,64.0,3,0.0,False,9,7,3500,63.0,1,130,13,0,1,130,13,0,0,0,1,1,2,13,1.0,1.0,0.0,0.0,,False
144,patch,named,64.0,64.0,3,0.0,False,9,8,4000,63.0,1,130,13,0,1,130,13,0,0,0,1,1,2,13,1.0,1.0,0.0,0.0,,False
144,patch,named,64.0,64.0,3,0.0,False,9,9,4500,63.0,1,130,13,0,1,130,13,0,0,0,1,1,2,13,1.0,1.0,0.0,0.0,,False
144,patch,named,64.0,64.0,3,0.0,False,9,10,5000,63.0,1,130,13,0,1,130,13,0,0,0,1,1,2,13,1.0,1.0,0.0,0.0,,False
144,patch,named,64.0,64.0,3,0.0,False,9,11,5500,63.0,1,130,13,0,1,130,13,0,0,0,1,1,2,13,1.0,1.0,0.0,0.0,,False
144,patch,named,64.0,64.0,3,0.0,False,9,12,6000,63.0,1,130,13,0,1,130,13,0,0,0,1,1,2,13,1.0,1.0,0.0,0.0,,False
144,patch,named,64.0,64.0,3,0.0,False,9,13,6500,63.0,1,130,13,0,1,130,13,0,0,0,1,1,2,13,1.0,1.0,0.0,0.0,,False
144,patch,named,64.0,64.0,3,0.0,False,9,14,7000,63.0,1,130,13,0,1,130,13,0,0,0,1,1,2,13,1.0,1.0,0.0,0.0,,False
144,patch,named,64.0,64.0,3,0.0,False,9,15,7500,63.0,1,130,13,0,1,130,13,0,0,0,1,1,2,13,1.0,1.0,0.0,0.0,,False
144,patch,named,64.0,64.0,3,0.0,False,9,16,8000,63.0,1,130,13,0,1,130,13,0,0,0,1,1,2,13,1.0,1.0,0.0,0.0,,False
144,patch,named,64.0,64.0,3,0.0,False,9,17,8500,63.0,1,130,13,0,1,130,13,0,0,0,1,1,2,13,1.0,1.0,0.0,0.0,,False
144,patch,named,64.0,64.0,3,0.0,False,9,18,9000,63.0,1,130,13,0,1,130,13,0,0,0,1,1,2,13,1.0,1.0,0.0,0.0,,False
144,patch,named,64.0,64.0,3,0.0,False,9,19,9500,63.0,1,130,13,0,1,130,13,0,0,0,1,1,2,13,1.0,1.0,0.0,0.0,,False
144,patch,named,64.0,64.0,3,0.0,False,9,20,10000,63.0,1,130,13,0,1,130,13,0,0,0,1,1,2,13,1.0,1.0,0.0,0.0,,False
144,patch,named,64.0,64.0,3,0.0,False,9,21,10500,63.0,1,130,13,0,1,130,13,0,0,0,1,1,2,13,1.0,1.0,0.0,0.0,,False
144,patch,named,64.0,64.0,3,0.0,False,9,22,11000,63.0,1,130,13,0,1,130,13,0,0,0,1,1,2,13,1.0,1.0,0.0,0.0,,False
144,patch,named,64.0,64.0,3,0.0,False,9,23,11500,63.0,1,130,13,0,1,130,13,0,0,0,1,1,2,13,1.0,1.0,0.0,0.0,,False
144,patch,named,64.0,64.0,3,0.0,False,9,24,12000,63.0,1,130,13,0,1,130,13,0,0,0,1,1,2,13,1.0,1.0,0.0,0.0,,False
144,patch,named,64.0,64.0,3,0.0,False,9,25,12500,63.0,1,130,13,0,1,130,13,0,0,0,1,1,2,13,1.0,1.0,0.0,0.0,,False
144,patch,named,64.0,64.0,3,0.0,False,9,26,13000,63.0,1,130,13,0,1,130,13,0,0,0,1,1,2,13,1.0,1.0,0.0,0.0,,False
144,patch,named,64.0,64.0,3,0.0,False,9,27,13500,63.0,1,130,13,0,1,130,13,0,0,0,1,1,2,13,1.0,1.0,0.0,0.0,,False
144,patch,named,64.0,64.0,3,0.0,False,9,28,14000,63.0,1,130,13,0,1,130,13,0,0,0,1,1,2,13,1.0,1.0,0.0,0.0,,False
144,patch,named,64.0,64.0,3,0.0,False,9,29,14500,63.0,1,130,13,0,1,130,13,0,0,0,1,1,2,13,1.0,1.0,0.0,0.0,,False
144,patch,named,64.0,64.0,3,0.0,False,9,30,15000,63.0,1,130,13,0,1,130,13,0,0,0,1,1,2,13,1.0,1.0,0.0,0.0,,False
144,patch,named,64.0,64.0,3,0.0,False,9,31,15500,63.0,1,130,13,0,1,130,13,0,0,0,1,1,2,13,1.0,1.0,0.0,0.0,,False
144,patch,named,64.0,64.0,3,0.0,False,9,32,16000,63.0,1,130,13,0,1,130,13,0,0,0,1,1,2,13,1.0,1.0,0.0,0.0,,False
144,patch,named,64.0,64.0,3,0.0,False,9,33,16500,63.0,1,130,13,0,1,130,13,0,0,0,1,1,2,13,1.0,1.0,0.0,0.0,,False
144,patch,named,64.0,64.0,3,0.0,False,9,34,17000,63.0,1,130,13,0,1,130,13,0,0,0,1,1,2,13,1.0,1.0,0.0,0.0,,False
144,patch,named,64.0,64.0,3,0.0,False,9,35,17500,63.0,1,130,13,0,1,130,13,0,0,0,1,1,2,13,1.0,1.0,0.0,0.0,,False
144,patch,named,64.0,64.0,3,0.0,False,9,36,18000,63.0,1,130,13,0,1,130,13,0,0,0,1,1,2,13,1.0,1.0,0.0,0.0,,False
144,patch,named,64.0,64.0,3,0.0,False,9,37,18500,63.0,1,130,13,0,1,130,13,0,0,0,1,1,2,13,1.0,1.0,0.0,0.0,,False
144,patch,named,64.0,64.0,3,0.0,False,9,38,19000,63.0,1,130,13,0,1,130,13,0,0,0,1,1,2,13,1.0,1.0,0.0,0.0,,False
144,patch,named,64.0,64.0,3,0.0,False,9,39,19500,63.0,1,130,13,0,1,130,13,0,0,0,1,1,2,13,1.0,1.0,0.0,0.0,,False
144,patch,named,64.0,64.0,3,0.0,False,9,40,20000,63.0,1,130,13,0,1,130,13,0,0,0,1,1,2,13,1.0,1.0,0.0,0.0,,False
144,patch,named,64.0,64.0,3,0.0,False,9,41,20500,63.0,1,130,13,0,1,130,13,0,0,0,1,1,2,13,1.0,1.0,0.0,0.0,,False
144,patch,named,64.0,64.0,3,0.0,False,9,42,21000,63.0,1,130,13,0,1,130,13,0,0,0,1,1,2,13,1.0,1.0,0.0,0.0,,False
144,patch,named,64.0,64.0,3,0.0,False,9,43,21500,63.0,1,130,13,0,1,130,13,0,0,0,1,1,2,13,1.0,1.0,0.0,0.0,,False
144,patch,named,64.0,64.0,3,0.0,False,9,44,22000,63.0,1,130,13,0,1,130,13,0,0,0,1,1,2,13,1.0,1.0,0.0,0.0,,False
144,patch,named,64.0,64.0,3,0.0,False,9,45,22500,63.0,1,130,13,0,1,130,13,0,0,0,1,1,2,13,1.0,1.0,0.0,0.0,,False
144,patch,named,64.0,64.0,3,0.0,False,9,46,23000,63.0,1,130,13,0,1,130,13,0,0,0,1,1,2,13,1.0,1.0,0.0,0.0,,False
144,patch,named,64.0,64.0,3,0.0,False,9,47,23500,63.0,1,130,13,0,1,130,13,0,0,0,1,1,2,13,1.0,1.0,0.0,0.0,,False
144,patch,named,64.0,64.0,3,0.0,False,9,48,24000,63.0,1,130,13,0,1,130,13,0,0,0,1,1,2,13,1.0,1.0,0.0,0.0,,False
144,patch,named,64.0,64.0,3,0.0,False,9,49,24500,63.0,1,130,13,0,1,130,13,0,0,0,1,1,2,13,1.0,1.0,0.0,0.0,,False
144,patch,named,64.0,64.0,3,0.0,False,9,50,25000,63.0,1,130,13,0,1,130,13,0,0,0,1,1,2,13,1.0,1.0,0.0,0.0,,False
144,patch,named,64.0,64.0,3,0.0,False,9,51,25500,63.0,1,130,13,0,1,130,13,0,0,0,1,1,2,13,1.0,1.0,0.0,0.0,,False
144,patch,named,64.0,64.0,3,0.0,False,9,52,26000,63.0,1,130,13,0,1,130,13,0,0,0,1,1,2,13,1.0,1.0,0.0,0.0,,False
144,patch,named,64.0,64.0,3,0.0,False,9,53,26500,63.0,1,130,13,0,1,130,13,0,0,0,1,1,2,13,1.0,1.0,0.0,0.0,,False
144,patch,named,64.0,64.0,3,0.0,False,9,54,27000,58.0,0,132,12,0,0,132,12,0,0,0,0,0,2,8,6.0,6.0,0.0,0.0,,False
144,patch,named,64.0,64.0,3,0.0,False,9,55,27500,58.0,0,132,12,0,0,132,12,0,0,0,0,0,1,12,6.0,6.0,0.0,0.0,,False
144,patch,named,64.0,64.0,3,0.0,False,9,56,28000,58.0,0,132,12,0,0,132,12,0,0,0,0,0,2,7,6.0,6.0,0.0,0.0,,False
144,patch,named,64.0,64.0,3,0.0,False,9,57,28500,58.0,0,132,12,0,0,132,12,0,0,0,0,0,2,8,6.0,6.0,0.0,0.0,,False
144,patch,named,64.0,64.0,3,0.0,False,9,58,29000,58.0,0,132,12,0,0,132,12,0,0,0,0,0,2,8,6.0,6.0,0.0,0.0,,False
144,patch,named,64.0,64.0,3,0.0,False,9,59,29500,58.0,0,132,12,0,0,132,12,0,0,0,0,0,1,12,6.0,5.0,0.0,0.0,,False
144,patch,named,64.0,64.0,3,0.0,False,9,60,30000,53.0,0,132,12,0,0,132,12,0,0,0,0,0,1,12,11.0,5.0,0.0,0.0,,False
144,patch,named,64.0,64.0,3,0.0,False,9,61,30500,53.0,0,132,12,0,0,132,12,0,0,0,0,0,1,12,11.0,5.0,0.0,0.0,,False
144,patch,named,64.0,64.0,3,0.0,False,9,62,31000,53.0,0,132,12,0,0,132,12,0,0,0,0,0,1,12,11.0,5.0,0.0,0.0,,False
144,patch,named,64.0,64.0,3,0.0,False,9,63,31500,53.0,0,132,12,0,0,132,12,0,0,0,0,0,1,12,11.0,5.0,0.0,0.0,,False
144,patch,named,64.0,64.0,3,0.0,False,9,64,32000,53.0,0,132,12,0,0,132,12,0,0,0,0,0,1,12,11.0,5.0,0.0,0.0,,False
144,patch,named,64.0,64.0,3,0.0,False,9,65,32500,53.0,0,132,12,0,0,132,12,0,0,0,0,0,1,12,11.0,5.0,0.0,0.0,,False
144,patch,named,64.0,64.0,3,0.0,False,9,66,33000,53.0,0,132,12,0,0,132,12,0,0,0,0,0,1,12,11.0,5.0,0.0,0.0,,False
144,patch,named,64.0,64.0,3,0.0,False,9,67,33500,53.0,0,132,12,0,0,132,12,0,0,0,0,0,1,12,11.0,5.0,0.0,0.0,,False
144,patch,named,64.0,64.0,3,0.0,False,9,68,34000,53.0,0,132,12,0,0,132,12,0,0,0,0,0,1,12,11.0,5.0,0.0,0.0,,False
144,patch,named,64.0,64.0,3,0.0,False,9,69,34500,53.0,0,132,12,0,0,132,12,0,0,0,0,0,1,12,11.0,5.0,0.0,0.0,,False
144,patch,named,64.0,64.0,3,0.0,False,9,70,35000,53.0,0,132,12,0,0,132,12,0,0,0,0,0,1,12,11.0,5.0,0.0,0.0,,False
144,patch,named,64.0,64.0,3,0.0,False,9,71,35500,53.0,0,132,12,0,0,132,12,0,0,0,0,0,1,12,11.0,5.0,0.0,0.0,,False
144,patch,named,64.0,64.0,3,0.0,False,9,72,36000,53.0,0,132,12,0,0,132,12,0,0,0,0,0,1,12,11.0,5.0,0.0,0.0,,False
144,patch,named,64.0,64.0,3,0.0,False,9,73,36500,53.0,0,132,12,0,0,132,12,0,0,0,0,0,1,12,11.0,5.0,0.0,0.0,,False
144,patch,named,64.0,64.0,3,0.0,False,9,74,37000,53.0,0,132,12,0,0,132,12,0,0,0,0,0,1,12,11.0,5.0,0.0,0.0,,False
144,patch,named,64.0,64.0,3,0.0,False,9,75,37500,53.0,0,132,12,0,0,132,12,0,0,0,0,0,1,12,11.0,5.0,0.0,0.0,,False
144,patch,named,64.0,64.0,3,0.0,False,9,76,38000,53.0,0,132,12,0,0,132,12,0,0,0,0,0,1,12,11.0,5.0,0.0,0.0,,False
144,patch,named,64.0,64.0,3,0.0,False,9,77,38500,53.0,0,132,12,0,0,132,12,0,0,0,0,0,1,12,11.0,5.0,0.0,0.0,,False
144,patch,named,64.0,64.0,3,0.0,False,9,78,39000,53.0,0,132,12,0,0,132,12,0,0,0,0,0,1,12,11.0,5.0,0.0,0.0,,False
144,patch,named,64.0,64.0,3,0.0,False,9,79,39500,53.0,0,132,12,0,0,132,12,0,0,0,0,0,1,12,11.0,5.0,0.0,0.0,,False
144,patch,named,64.0,64.0,3,0.0,False,9,80,40000,53.0,0,132,12,0,0,132,12,0,0,0,0,0,1,12,11.0,5.0,0.0,0.0,,False
144,patch,named,64.0,64.0,3,0.0,False,9,81,40500,53.0,0,132,12,0,0,132,12,0,0,0,0,0,1,12,11.0,5.0,0.0,0.0,,False
144,patch,named,64.0,64.0,3,0.0,False,9,82,41000,53.0,0,132,12,0,0,132,12,0,0,0,0,0,1,12,11.0,5.0,0.0,0.0,,False
144,patch,named,64.0,64.0,3,0.0,False,9,83,41500,42.0,0,136,8,0,0,136,8,0,0,0,0,0,2,7,22.0,11.0,0.0,0.0,,False
144,patch,named,64.0,64.0,3,0.0,False,9,84,42000,42.0,0,136,8,0,0,136,8,0,0,0,0,0,2,4,22.0,11.0,0.0,0.0,,False
144,patch,named,64.0,64.0,3,0.0,False,9,85,42500,32.0,0,136,8,0,0,136,8,0,0,0,0,0,1,8,32.0,11.0,0.0,0.0,,False
144,patch,named,64.0,64.0,3,0.0,False,9,86,43000,32.0,0,136,8,0,0,136,8,0,0,0,0,0,1,8,32.0,11.0,0.0,0.0,,False
144,patch,named,64.0,64.0,3,0.0,False,9,87,43500,32.0,0,136,8,0,0,136,8,0,0,0,0,0,1,8,32.0,11.0,0.0,0.0,,False
144,patch,named,64.0,64.0,3,0.0,False,9,88,44000,32.0,0,136,8,0,0,136,8,0,0,0,0,0,1,8,32.0,11.0,0.0,0.0,,False
144,patch,named,64.0,64.0,3,0.0,False,9,89,44500,32.0,0,137,7,0,0,137,6,1,0,0,0,0,1,7,32.0,11.0,0.0,0.0,,False
144,patch,named,64.0,64.0,3,0.0,False,9,90,45000,32.0,0,136,8,0,0,136,8,0,0,0,0,0,1,8,32.0,11.0,0.0,0.0,,False
144,patch,named,64.0,64.0,3,0.0,False,9,91,45500,32.0,0,136,8,0,0,136,8,0,0,0,0,0,1,8,32.0,11.0,0.0,0.0,,False
144,patch,named,64.0,64.0,3,0.0,False,9,92,46000,26.0,0,140,4,0,0,140,4,0,0,0,0,0,2,3,38.0,11.0,0.0,0.0,,False
144,patch,named,64.0,64.0,3,0.0,False,9,93,46500,26.0,0,140,4,0,0,140,4,0,0,0,0,0,2,3,38.0,11.0,0.0,0.0,,False
144,patch,named,64.0,64.0,3,0.0,False,9,94,47000,26.0,0,140,4,0,0,140,4,0,0,0,0,0,2,3,38.0,11.0,0.0,0.0,,False
144,patch,named,64.0,64.0,3,0.0,False,9,95,47500,26.0,0,140,4,0,0,140,4,0,0,0,0,0,2,3,38.0,11.0,0.0,0.0,,False
144,patch,named,64.0,64.0,3,0.0,False,9,96,48000,26.0,0,140,4,0,0,140,4,0,0,0,0,0,2,3,38.0,11.0,0.0,0.0,,False
144,patch,named,64.0,64.0,3,0.0,False,9,97,48500,26.0,0,140,4,0,0,140,4,0,0,0,0,0,2,3,38.0,11.0,0.0,0.0,,False
144,patch,named,64.0,64.0,3,0.0,False,9,98,49000,26.0,0,140,4,0,0,140,4,0,0,0,0,0,2,3,38.0,11.0,0.0,0.0,,False
144,patch,named,64.0,64.0,3,0.0,False,9,99,49500,26.0,0,140,4,0,0,140,4,0,0,0,0,0,2,3,38.0,11.0,0.0,0.0,,False
144,patch,named,64.0,64.0,3,0.0,False,9,100,50000,26.0,0,140,4,0,0,140,4,0,0,0,0,0,2,3,38.0,11.0,0.0,0.0,,True
144,patch,named,64.0,64.0,3,0.0,False,10,0,0,64.0,0,132,12,0,0,132,8,4,0,0,0,0,1,12,0.0,0.0,0.0,0.0,,False
144,patch,named,64.0,64.0,3,0.0,False,10,1,500,58.0,1,130,13,0,1,130,13,0,0,0,1,1,3,8,6.0,5.0,0.0,0.0,,False
144,patch,named,64.0,64.0,3,0.0,False,10,2,1000,42.0,0,136,8,0,0,136,8,0,0,0,0,0,1,8,22.0,6.0,0.0,0.0,,False
144,patch,named,64.0,64.0,3,0.0,False,10,3,1500,42.0,0,136,8,0,0,136,8,0,0,0,0,0,1,8,22.0,6.0,0.0,0.0,,False
144,patch,named,64.0,64.0,3,0.0,False,10,4,2000,42.0,0,136,8,0,0,136,8,0,0,0,0,0,1,8,22.0,6.0,0.0,0.0,,False
144,patch,named,64.0,64.0,3,0.0,False,10,5,2500,42.0,0,136,8,0,0,136,8,0,0,0,0,0,1,8,22.0,6.0,0.0,0.0,,False
144,patch,named,64.0,64.0,3,0.0,False,10,6,3000,37.0,0,136,8,0,0,136,8,0,0,0,0,0,1,8,27.0,6.0,0.0,0.0,,False
144,patch,named,64.0,64.0,3,0.0,False,10,7,3500,37.0,0,136,8,0,0,136,8,0,0,0,0,0,1,8,27.0,6.0,0.0,0.0,,False
144,patch,named,64.0,64.0,3,0.0,False,10,8,4000,37.0,0,136,8,0,0,136,8,0,0,0,0,0,1,8,27.0,6.0,0.0,0.0,,False
144,patch,named,64.0,64.0,3,0.0,False,10,9,4500,37.0,0,136,8,0,0,136,8,0,0,0,0,0,1,8,27.0,6.0,0.0,0.0,,False
144,patch,named,64.0,64.0,3,0.0,False,10,10,5000,37.0,0,136,8,0,0,136,8,0,0,0,0,0,1,8,27.0,6.0,0.0,0.0,,False
144,patch,named,64.0,64.0,3,0.0,False,10,11,5500,37.0,0,136,8,0,0,136,8,0,0,0,0,0,1,8,27.0,6.0,0.0,0.0,,False
144,patch,named,64.0,64.0,3,0.0,False,10,12,6000,37.0,0,136,8,0,0,136,8,0,0,0,0,0,1,8,27.0,5.0,0.0,0.0,,False
144,patch,named,64.0,64.0,3,0.0,False,10,13,6500,37.0,0,136,8,0,0,136,8,0,0,0,0,0,1,8,27.0,5.0,0.0,0.0,,False
144,patch,named,64.0,64.0,3,0.0,False,10,14,7000,37.0,0,136,8,0,0,136,8,0,0,0,0,0,1,8,27.0,5.0,0.0,0.0,,False
144,patch,named,64.0,64.0,3,0.0,False,10,15,7500,37.0,0,136,8,0,0,136,8,0,0,0,0,0,1,8,27.0,5.0,0.0,0.0,,False
144,patch,named,64.0,64.0,3,0.0,False,10,16,8000,37.0,0,136,8,0,0,136,8,0,0,0,0,0,1,8,27.0,5.0,0.0,0.0,,False
144,patch,named,64.0,64.0,3,0.0,False,10,17,8500,37.0,0,136,8,0,0,136,8,0,0,0,0,0,1,8,27.0,5.0,0.0,0.0,,False
144,patch,named,64.0,64.0,3,0.0,False,10,18,9000,37.0,0,136,8,0,0,136,8,0,0,0,0,0,1,8,27.0,5.0,0.0,0.0,,False
144,patch,named,64.0,64.0,3,0.0,False,10,19,9500,37.0,0,136,8,0,0,136,8,0,0,0,0,0,1,8,27.0,5.0,0.0,0.0,,False
144,patch,named,64.0,64.0,3,0.0,False,10,20,10000,37.0,0,136,8,0,0,136,8,0,0,0,0,0,1,8,27.0,5.0,0.0,0.0,,False
144,patch,named,64.0,64.0,3,0.0,False,10,21,10500,37.0,0,136,8,0,0,136,8,0,0,0,0,0,1,8,27.0,5.0,0.0,0.0,,False
144,patch,named,64.0,64.0,3,0.0,False,10,22,11000,42.0,0,136,8,0,0,136,8,0,0,0,0,0,1,8,22.0,5.0,0.0,0.0,,False
144,patch,named,64.0,64.0,3,0.0,False,10,23,11500,42.0,0,136,8,0,0,136,8,0,0,0,0,0,1,8,22.0,5.0,0.0,0.0,,False
144,patch,named,64.0,64.0,3,0.0,False,10,24,12000,42.0,0,136,8,0,0,136,8,0,0,0,0,0,1,8,22.0,5.0,0.0,0.0,,False
144,patch,named,64.0,64.0,3,0.0,False,10,25,12500,36.0,1,138,5,0,1,138,5,0,0,0,1,1,2,5,28.0,6.0,0.0,0.0,,False
144,patch,named,64.0,64.0,3,0.0,False,10,26,13000,36.0,1,138,5,0,1,138,5,0,0,0,1,1,2,5,28.0,6.0,0.0,0.0,,False
144,patch,named,64.0,64.0,3,0.0,False,10,27,13500,36.0,1,138,5,0,1,138,5,0,0,0,1,1,2,5,28.0,6.0,0.0,0.0,,False
144,patch,named,64.0,64.0,3,0.0,False,10,28,14000,36.0,1,138,5,0,1,138,5,0,0,0,1,1,2,5,28.0,6.0,0.0,0.0,,False
144,patch,named,64.0,64.0,3,0.0,False,10,29,14500,36.0,1,138,5,0,1,138,5,0,0,0,1,1,2,5,28.0,6.0,0.0,0.0,,False
144,patch,named,64.0,64.0,3,0.0,False,10,30,15000,36.0,1,138,5,0,1,138,5,0,0,0,1,1,2,5,28.0,6.0,0.0,0.0,,False
144,patch,named,64.0,64.0,3,0.0,False,10,31,15500,36.0,1,138,5,0,1,138,5,0,0,0,1,1,2,5,28.0,6.0,0.0,0.0,,False
144,patch,named,64.0,64.0,3,0.0,False,10,32,16000,36.0,1,138,5,0,1,138,5,0,0,0,1,1,2,5,28.0,6.0,0.0,0.0,,False
144,patch,named,64.0,64.0,3,0.0,False,10,33,16500,36.0,1,138,5,0,1,138,5,0,0,0,1,1,2,5,28.0,6.0,0.0,0.0,,False
144,patch,named,64.0,64.0,3,0.0,False,10,34,17000,36.0,1,138,5,0,1,138,5,0,0,0,1,1,2,5,28.0,6.0,0.0,0.0,,False
144,patch,named,64.0,64.0,3,0.0,False,10,35,17500,36.0,1,138,5,0,1,138,5,0,0,0,1,1,2,5,28.0,6.0,0.0,0.0,,False
144,patch,named,64.0,64.0,3,0.0,False,10,36,18000,36.0,1,138,5,0,1,138,5,0,0,0,1,1,2,5,28.0,6.0,0.0,0.0,,False
144,patch,named,64.0,64.0,3,0.0,False,10,37,18500,36.0,1,138,5,0,1,138,5,0,0,0,1,1,2,5,28.0,6.0,0.0,0.0,,False
144,patch,named,64.0,64.0,3,0.0,False,10,38,19000,36.0,1,138,5,0,1,138,5,0,0,0,1,1,2,5,28.0,6.0,0.0,0.0,,False
144,patch,named,64.0,64.0,3,0.0,False,10,39,19500,36.0,1,138,5,0,1,138,5,0,0,0,1,1,2,5,28.0,6.0,0.0,0.0,,False
144,patch,named,64.0,64.0,3,0.0,False,10,40,20000,36.0,1,138,5,0,1,138,5,0,0,0,1,1,2,5,28.0,6.0,0.0,0.0,,False
144,patch,named,64.0,64.0,3,0.0,False,10,41,20500,36.0,1,138,5,0,1,138,5,0,0,0,1,1,2,5,28.0,6.0,0.0,0.0,,False
144,patch,named,64.0,64.0,3,0.0,False,10,42,21000,36.0,1,138,5,0,1,138,5,0,0,0,1,1,2,5,28.0,6.0,0.0,0.0,,False
144,patch,named,64.0,64.0,3,0.0,False,10,43,21500,36.0,1,138,5,0,1,138,5,0,0,0,1,1,2,5,28.0,6.0,0.0,0.0,,False
144,patch,named,64.0,64.0,3,0.0,False,10,44,22000,36.0,1,138,5,0,1,138,5,0,0,0,1,1,2,5,28.0,6.0,0.0,0.0,,False
144,patch,named,64.0,64.0,3,0.0,False,10,45,22500,36.0,1,138,5,0,1,138,5,0,0,0,1,1,2,5,28.0,6.0,0.0,0.0,,False
144,patch,named,64.0,64.0,3,0.0,False,10,46,23000,36.0,1,138,5,0,1,138,5,0,0,0,1,1,2,5,28.0,6.0,0.0,0.0,,False
144,patch,named,64.0,64.0,3,0.0,False,10,47,23500,36.0,1,138,5,0,1,138,5,0,0,0,1,1,2,5,28.0,6.0,0.0,0.0,,False
144,patch,named,64.0,64.0,3,0.0,False,10,48,24000,36.0,1,138,5,0,1,138,5,0,0,0,1,1,2,5,28.0,6.0,0.0,0.0,,False
144,patch,named,64.0,64.0,3,0.0,False,10,49,24500,36.0,1,138,5,0,1,138,5,0,0,0,1,1,2,5,28.0,6.0,0.0,0.0,,False
144,patch,named,64.0,64.0,3,0.0,False,10,50,25000,36.0,1,138,5,0,1,138,5,0,0,0,1,1,2,5,28.0,6.0,0.0,0.0,,False
144,patch,named,64.0,64.0,3,0.0,False,10,51,25500,36.0,1,138,5,0,1,138,5,0,0,0,1,1,2,5,28.0,6.0,0.0,0.0,,False
144,patch,named,64.0,64.0,3,0.0,False,10,52,26000,36.0,1,138,5,0,1,138,5,0,0,0,1,1,2,5,28.0,6.0,0.0,0.0,,False
144,patch,named,64.0,64.0,3,0.0,False,10,53,26500,36.0,1,138,5,0,1,138,5,0,0,0,1,1,2,5,28.0,6.0,0.0,0.0,,False
144,patch,named,64.0,64.0,3,0.0,False,10,54,27000,36.0,1,138,5,0,1,138,5,0,0,0,1,1,2,5,28.0,6.0,0.0,0.0,,False
144,patch,named,64.0,64.0,3,0.0,False,10,55,27500,36.0,1,138,5,0,1,138,5,0,0,0,1,1,2,5,28.0,6.0,0.0,0.0,,False
144,patch,named,64.0,64.0,3,0.0,False,10,56,28000,36.0,1,138,5,0,1,138,5,0,0,0,1,1,2,5,28.0,6.0,0.0,0.0,,False
144,patch,named,64.0,64.0,3,0.0,False,10,57,28500,36.0,1,138,5,0,1,138,5,0,0,0,1,1,2,5,28.0,6.0,0.0,0.0,,False
144,patch,named,64.0,64.0,3,0.0,False,10,58,29000,36.0,1,138,5,0,1,138,5,0,0,0,1,1,2,5,28.0,6.0,0.0,0.0,,False
144,patch,named,64.0,64.0,3,0.0,False,10,59,29500,36.0,1,138,5,0,1,138,5,0,0,0,1,1,2,5,28.0,6.0,0.0,0.0,,False
144,patch,named,64.0,64.0,3,0.0,False,10,60,30000,36.0,1,138,5,0,1,138,5,0,0,0,1,1,2,5,28.0,6.0,0.0,0.0,,False
144,patch,named,64.0,64.0,3,0.0,False,10,61,30500,36.0,1,138,5,0,1,138,5,0,0,0,1,1,2,5,28.0,6.0,0.0,0.0,,False
144,patch,named,64.0,64.0,3,0.0,False,10,62,31000,36.0,1,138,5,0,1,138,5,0,0,0,1,1,2,5,28.0,6.0,0.0,0.0,,False
144,patch,named,64.0,64.0,3,0.0,False,10,63,31500,36.0,1,138,5,0,1,138,5,0,0,0,1,1,2,5,28.0,6.0,0.0,0.0,,False
144,patch,named,64.0,64.0,3,0.0,False,10,64,32000,36.0,1,138,5,0,1,138,5,0,0,0,1,1,2,5,28.0,6.0,0.0,0.0,,False
144,patch,named,64.0,64.0,3,0.0,False,10,65,32500,36.0,1,138,5,0,1,138,5,0,0,0,1,1,2,5,28.0,6.0,0.0,0.0,,False
144,patch,named,64.0,64.0,3,0.0,False,10,66,33000,36.0,1,138,5,0,1,138,5,0,0,0,1,1,2,5,28.0,6.0,0.0,0.0,,False
144,patch,named,64.0,64.0,3,0.0,False,10,67,33500,36.0,1,138,5,0,1,138,5,0,0,0,1,1,2,5,28.0,6.0,0.0,0.0,,False
144,patch,named,64.0,64.0,3,0.0,False,10,68,34000,36.0,1,138,5,0,1,138,5,0,0,0,1,1,2,5,28.0,6.0,0.0,0.0,,False
144,patch,named,64.0,64.0,3,0.0,False,10,69,34500,36.0,1,138,5,0,1,138,5,0,0,0,1,1,2,5,28.0,6.0,0.0,0.0,,False
144,patch,named,64.0,64.0,3,0.0,False,10,70,35000,36.0,1,138,5,0,1,138,5,0,0,0,1,1,2,5,28.0,6.0,0.0,0.0,,False
144,patch,named,64.0,64.0,3,0.0,False,10,71,35500,36.0,1,138,5,0,1,138,5,0,0,0,1,1,2,5,28.0,6.0,0.0,0.0,,False
144,patch,named,64.0,64.0,3,0.0,False,10,72,36000,36.0,1,138,5,0,1,138,5,0,0,0,1,1,2,5,28.0,6.0,0.0,0.0,,False
144,patch,named,64.0,64.0,3,0.0,False,10,73,36500,36.0,1,138,5,0,1,138,5,0,0,0,1,1,2,5,28.0,6.0,0.0,0.0,,False
144,patch,named,64.0,64.0,3,0.0,False,10,74,37000,36.0,1,138,5,0,1,138,5,0,0,0,1,1,2,5,28.0,6.0,0.0,0.0,,False
144,patch,named,64.0,64.0,3,0.0,False,10,75,37500,36.0,1,138,5,0,1,138,5,0,0,0,1,1,2,5,28.0,6.0,0.0,0.0,,False
144,patch,named,64.0,64.0,3,0.0,False,10,76,38000,36.0,1,138,5,0,1,138,5,0,0,0,1,1,2,5,28.0,6.0,0.0,0.0,,False
144,patch,named,64.0,64.0,3,0.0,False,10,77,38500,36.0,1,138,5,0,1,138,5,0,0,0,1,1,2,5,28.0,6.0,0.0,0.0,,False
144,patch,named,64.0,64.0,3,0.0,False,10,78,39000,36.0,1,138,5,0,1,138,5,0,0,0,1,1,2,5,28.0,6.0,0.0,0.0,,False
144,patch,named,64.0,64.0,3,0.0,False,10,79,39500,36.0,1,138,5,0,1,138,5,0,0,0,1,1,2,5,28.0,6.0,0.0,0.0,,False
144,patch,named,64.0,64.0,3,0.0,False,10,80,40000,36.0,1,138,5,0,1,138,5,0,0,0,1,1,2,5,28.0,6.0,0.0,0.0,,False
144,patch,named,64.0,64.0,3,0.0,False,10,81,40500,42.0,0,136,8,0,0,136,8,0,0,0,0,0,1,8,22.0,5.0,0.0,0.0,,False
144,patch,named,64.0,64.0,3,0.0,False,10,82,41000,36.0,1,138,5,0,1,138,5,0,0,0,1,1,2,5,28.0,6.0,0.0,0.0,,False
144,patch,named,64.0,64.0,3,0.0,False,10,83,41500,36.0,1,138,5,0,1,138,5,0,0,0,1,1,2,5,28.0,6.0,0.0,0.0,,False
144,patch,named,64.0,64.0,3,0.0,False,10,84,42000,36.0,1,138,5,0,1,138,5,0,0,0,1,1,2,5,28.0,6.0,0.0,0.0,,False
144,patch,named,64.0,64.0,3,0.0,False,10,85,42500,36.0,1,138,5,0,1,138,5,0,0,0,1,1,2,5,28.0,6.0,0.0,0.0,,False
144,patch,named,64.0,64.0,3,0.0,False,10,86,43000,36.0,1,138,5,0,1,138,5,0,0,0,1,1,2,5,28.0,6.0,0.0,0.0,,False
144,patch,named,64.0,64.0,3,0.0,False,10,87,43500,36.0,1,138,5,0,1,138,5,0,0,0,1,1,2,5,28.0,6.0,0.0,0.0,,False
144,patch,named,64.0,64.0,3,0.0,False,10,88,44000,36.0,1,138,5,0,1,138,5,0,0,0,1,1,2,5,28.0,6.0,0.0,0.0,,False
144,patch,named,64.0,64.0,3,0.0,False,10,89,44500,36.0,1,138,5,0,1,138,5,0,0,0,1,1,2,5,28.0,6.0,0.0,0.0,,False
144,patch,named,64.0,64.0,3,0.0,False,10,90,45000,36.0,1,138,5,0,1,138,5,0,0,0,1,1,2,5,28.0,6.0,0.0,0.0,,False
144,patch,named,64.0,64.0,3,0.0,False,10,91,45500,36.0,1,138,5,0,1,138,5,0,0,0,1,1,2,5,28.0,6.0,0.0,0.0,,False
144,patch,named,64.0,64.0,3,0.0,False,10,92,46000,36.0,1,138,5,0,1,138,5,0,0,0,1,1,2,5,28.0,6.0,0.0,0.0,,False
144,patch,named,64.0,64.0,3,0.0,False,10,93,46500,36.0,1,138,5,0,1,138,5,0,0,0,1,1,2,5,28.0,6.0,0.0,0.0,,False
144,patch,named,64.0,64.0,3,0.0,False,10,94,47000,36.0,1,138,5,0,1,138,5,0,0,0,1,1,2,5,28.0,6.0,0.0,0.0,,False
144,patch,named,64.0,64.0,3,0.0,False,10,95,47500,36.0,1,138,5,0,1,138,5,0,0,0,1,1,2,5,28.0,6.0,0.0,0.0,,False
144,patch,named,64.0,64.0,3,0.0,False,10,96,48000,36.0,1,138,5,0,1,138,5,0,0,0,1,1,2,5,28.0,6.0,0.0,0.0,,False
144,patch,named,64.0,64.0,3,0.0,False,10,97,48500,36.0,1,138,5,0,1,138,5,0,0,0,1,1,2,5,28.0,6.0,0.0,0.0,,False
144,patch,named,64.0,64.0,3,0.0,False,10,98,49000,36.0,1,138,5,0,1,138,5,0,0,0,1,1,2,5,28.0,6.0,0.0,0.0,,False
144,patch,named,64.0,64.0,3,0.0,False,10,99,49500,36.0,1,138,5,0,1,138,5,0,0,0,1,1,2,5,28.0,6.0,0.0,0.0,,False
144,patch,named,64.0,64.0,3,0.0,False,10,100,50000,36.0,1,138,5,0,1,138,5,0,0,0,1,1,2,5,28.0,6.0,0.0,0.0,,True
144,patch,named,64.0,64.0,3,0.0,False,11,0,0,64.0,0,129,15,0,0,129,14,1,0,0,0,0,1,15,0.0,0.0,0.0,0.0,,False
144,patch,named,64.0,64.0,3,0.0,False,11,1,500,48.0,0,132,12,0,0,132,12,0,0,0,0,0,1,12,16.0,16.0,0.0,0.0,,False
144,patch,named,64.0,64.0,3,0.0,False,11,2,1000,0.0,0,144,0,0,0,144,0,0,0,0,0,0,0,0,64.0,32.0,0.0,0.0,,False
144,patch,named,64.0,64.0,3,0.0,False,11,3,1500,32.0,0,136,8,0,0,136,8,0,0,0,0,0,1,8,32.0,16.0,0.0,0.0,,False
144,patch,named,64.0,64.0,3,0.0,False,11,4,2000,32.0,0,136,8,0,0,136,8,0,0,0,0,0,1,8,32.0,16.0,0.0,0.0,,False
144,patch,named,64.0,64.0,3,0.0,False,11,5,2500,32.0,0,136,8,0,0,136,8,0,0,0,0,0,1,8,32.0,16.0,0.0,0.0,,False
144,patch,named,64.0,64.0,3,0.0,False,11,6,3000,32.0,0,136,8,0,0,136,8,0,0,0,0,0,1,8,32.0,16.0,0.0,0.0,,False
144,patch,named,64.0,64.0,3,0.0,False,11,7,3500,32.0,0,136,8,0,0,136,8,0,0,0,0,0,1,8,32.0,16.0,0.0,0.0,,False
144,patch,named,64.0,64.0,3,0.0,False,11,8,4000,26.0,1,138,5,0,1,138,5,0,0,0,1,1,2,5,38.0,16.0,0.0,0.0,,False
144,patch,named,64.0,64.0,3,0.0,False,11,9,4500,32.0,0,136,8,0,0,136,8,0,0,0,0,0,1,8,32.0,16.0,0.0,0.0,,False
144,patch,named,64.0,64.0,3,0.0,False,11,10,5000,26.0,1,138,5,0,1,138,5,0,0,0,1,1,2,5,38.0,16.0,0.0,0.0,,False
144,patch,named,64.0,64.0,3,0.0,False,11,11,5500,26.0,1,138,5,0,1,138,5,0,0,0,1,1,2,5,38.0,16.0,0.0,0.0,,False
144,patch,named,64.0,64.0,3,0.0,False,11,12,6000,26.0,1,138,5,0,1,138,5,0,0,0,1,1,2,5,38.0,16.0,0.0,0.0,,False
144,patch,named,64.0,64.0,3,0.0,False,11,13,6500,26.0,1,138,5,0,1,138,5,0,0,0,1,1,2,5,38.0,16.0,0.0,0.0,,False
144,patch,named,64.0,64.0,3,0.0,False,11,14,7000,32.0,0,136,8,0,0,136,8,0,0,0,0,0,1,8,32.0,10.0,0.0,0.0,,False
144,patch,named,64.0,64.0,3,0.0,False,11,15,7500,32.0,0,136,8,0,0,136,8,0,0,0,0,0,1,8,32.0,10.0,0.0,0.0,,False
144,patch,named,64.0,64.0,3,0.0,False,11,16,8000,26.0,1,138,5,0,1,138,5,0,0,0,1,1,2,5,38.0,10.0,0.0,0.0,,False
144,patch,named,64.0,64.0,3,0.0,False,11,17,8500,26.0,1,138,5,0,1,138,5,0,0,0,1,1,2,5,38.0,10.0,0.0,0.0,,False
144,patch,named,64.0,64.0,3,0.0,False,11,18,9000,26.0,1,138,5,0,1,138,5,0,0,0,1,1,2,5,38.0,10.0,0.0,0.0,,False
144,patch,named,64.0,64.0,3,0.0,False,11,19,9500,26.0,1,138,5,0,1,138,5,0,0,0,1,1,2,5,38.0,10.0,0.0,0.0,,False
144,patch,named,64.0,64.0,3,0.0,False,11,20,10000,26.0,1,138,5,0,1,138,5,0,0,0,1,1,2,5,38.0,10.0,0.0,0.0,,False
144,patch,named,64.0,64.0,3,0.0,False,11,21,10500,26.0,1,138,5,0,1,138,5,0,0,0,1,1,2,5,38.0,10.0,0.0,0.0,,False
144,patch,named,64.0,64.0,3,0.0,False,11,22,11000,26.0,1,138,5,0,1,138,5,0,0,0,1,1,2,5,38.0,10.0,0.0,0.0,,False
144,patch,named,64.0,64.0,3,0.0,False,11,23,11500,26.0,1,138,5,0,1,138,5,0,0,0,1,1,2,5,38.0,10.0,0.0,0.0,,False
144,patch,named,64.0,64.0,3,0.0,False,11,24,12000,26.0,1,138,5,0,1,138,5,0,0,0,1,1,2,5,38.0,10.0,0.0,0.0,,False
144,patch,named,64.0,64.0,3,0.0,False,11,25,12500,26.0,1,138,5,0,1,138,5,0,0,0,1,1,2,5,38.0,10.0,0.0,0.0,,False
144,patch,named,64.0,64.0,3,0.0,False,11,26,13000,26.0,1,138,5,0,1,138,5,0,0,0,1,1,2,5,38.0,10.0,0.0,0.0,,False
144,patch,named,64.0,64.0,3,0.0,False,11,27,13500,26.0,1,138,5,0,1,138,5,0,0,0,1,1,2,5,38.0,10.0,0.0,0.0,,False
144,patch,named,64.0,64.0,3,0.0,False,11,28,14000,26.0,1,138,5,0,1,138,5,0,0,0,1,1,2,5,38.0,10.0,0.0,0.0,,False
144,patch,named,64.0,64.0,3,0.0,False,11,29,14500,26.0,1,138,5,0,1,138,5,0,0,0,1,1,2,5,38.0,10.0,0.0,0.0,,False
144,patch,named,64.0,64.0,3,0.0,False,11,30,15000,26.0,1,138,5,0,1,138,5,0,0,0,1,1,2,5,38.0,10.0,0.0,0.0,,False
144,patch,named,64.0,64.0,3,0.0,False,11,31,15500,26.0,1,138,5,0,1,138,5,0,0,0,1,1,2,5,38.0,10.0,0.0,0.0,,False
144,patch,named,64.0,64.0,3,0.0,False,11,32,16000,26.0,1,138,5,0,1,138,5,0,0,0,1,1,2,5,38.0,10.0,0.0,0.0,,False
144,patch,named,64.0,64.0,3,0.0,False,11,33,16500,26.0,1,138,5,0,1,138,5,0,0,0,1,1,2,5,38.0,10.0,0.0,0.0,,False
144,patch,named,64.0,64.0,3,0.0,False,11,34,17000,32.0,0,136,8,0,0,136,8,0,0,0,0,0,1,8,32.0,6.0,0.0,0.0,,False
144,patch,named,64.0,64.0,3,0.0,False,11,35,17500,32.0,0,136,8,0,0,136,8,0,0,0,0,0,1,8,32.0,6.0,0.0,0.0,,False
144,patch,named,64.0,64.0,3,0.0,False,11,36,18000,32.0,0,136,8,0,0,136,8,0,0,0,0,0,1,8,32.0,6.0,0.0,0.0,,False
144,patch,named,64.0,64.0,3,0.0,False,11,37,18500,32.0,0,136,8,0,0,136,8,0,0,0,0,0,1,8,32.0,6.0,0.0,0.0,,False
144,patch,named,64.0,64.0,3,0.0,False,11,38,19000,32.0,0,136,8,0,0,136,8,0,0,0,0,0,1,8,32.0,6.0,0.0,0.0,,False
144,patch,named,64.0,64.0,3,0.0,False,11,39,19500,32.0,0,136,8,0,0,136,8,0,0,0,0,0,1,8,32.0,6.0,0.0,0.0,,False
144,patch,named,64.0,64.0,3,0.0,False,11,40,20000,32.0,0,136,8,0,0,136,8,0,0,0,0,0,1,8,32.0,6.0,0.0,0.0,,False
144,patch,named,64.0,64.0,3,0.0,False,11,41,20500,32.0,0,136,8,0,0,136,8,0,0,0,0,0,1,8,32.0,6.0,0.0,0.0,,False
144,patch,named,64.0,64.0,3,0.0,False,11,42,21000,32.0,0,136,8,0,0,136,8,0,0,0,0,0,1,8,32.0,6.0,0.0,0.0,,False
144,patch,named,64.0,64.0,3,0.0,False,11,43,21500,32.0,0,136,8,0,0,136,8,0,0,0,0,0,1,8,32.0,6.0,0.0,0.0,,False
144,patch,named,64.0,64.0,3,0.0,False,11,44,22000,32.0,0,136,8,0,0,136,8,0,0,0,0,0,1,8,32.0,6.0,0.0,0.0,,False
144,patch,named,64.0,64.0,3,0.0,False,11,45,22500,32.0,0,136,8,0,0,136,8,0,0,0,0,0,1,8,32.0,6.0,0.0,0.0,,False
144,patch,named,64.0,64.0,3,0.0,False,11,46,23000,32.0,0,136,8,0,0,136,8,0,0,0,0,0,1,8,32.0,6.0,0.0,0.0,,False
144,patch,named,64.0,64.0,3,0.0,False,11,47,23500,32.0,0,136,8,0,0,136,8,0,0,0,0,0,1,8,32.0,6.0,0.0,0.0,,False
144,patch,named,64.0,64.0,3,0.0,False,11,48,24000,0.0,0,144,0,0,0,144,0,0,0,0,0,0,0,0,64.0,32.0,0.0,0.0,,False
144,patch,named,64.0,64.0,3,0.0,False,11,49,24500,32.0,0,136,8,0,0,136,8,0,0,0,0,0,1,8,32.0,6.0,0.0,0.0,,False
144,patch,named,64.0,64.0,3,0.0,False,11,50,25000,32.0,0,136,8,0,0,136,8,0,0,0,0,0,1,8,32.0,6.0,0.0,0.0,,False
144,patch,named,64.0,64.0,3,0.0,False,11,51,25500,32.0,0,136,8,0,0,136,8,0,0,0,0,0,1,8,32.0,6.0,0.0,0.0,,False
144,patch,named,64.0,64.0,3,0.0,False,11,52,26000,32.0,0,136,8,0,0,136,8,0,0,0,0,0,1,8,32.0,6.0,0.0,0.0,,False
144,patch,named,64.0,64.0,3,0.0,False,11,53,26500,32.0,0,136,8,0,0,136,8,0,0,0,0,0,1,8,32.0,6.0,0.0,0.0,,False
144,patch,named,64.0,64.0,3,0.0,False,11,54,27000,32.0,0,136,8,0,0,136,8,0,0,0,0,0,1,8,32.0,6.0,0.0,0.0,,False
144,patch,named,64.0,64.0,3,0.0,False,11,55,27500,32.0,0,136,8,0,0,136,8,0,0,0,0,0,1,8,32.0,6.0,0.0,0.0,,False
144,patch,named,64.0,64.0,3,0.0,False,11,56,28000,32.0,0,136,8,0,0,136,8,0,0,0,0,0,1,8,32.0,6.0,0.0,0.0,,False
144,patch,named,64.0,64.0,3,0.0,False,11,57,28500,32.0,0,136,8,0,0,136,8,0,0,0,0,0,1,8,32.0,6.0,0.0,0.0,,False
144,patch,named,64.0,64.0,3,0.0,False,11,58,29000,32.0,0,136,8,0,0,136,8,0,0,0,0,0,1,8,32.0,6.0,0.0,0.0,,False
144,patch,named,64.0,64.0,3,0.0,False,11,59,29500,32.0,0,136,8,0,0,136,8,0,0,0,0,0,1,8,32.0,6.0,0.0,0.0,,False
144,patch,named,64.0,64.0,3,0.0,False,11,60,30000,32.0,0,137,7,0,0,137,6,1,0,0,0,0,1,7,32.0,6.0,0.0,0.0,,False
144,patch,named,64.0,64.0,3,0.0,False,11,61,30500,32.0,0,136,8,0,0,136,8,0,0,0,0,0,1,8,32.0,6.0,0.0,0.0,,False
144,patch,named,64.0,64.0,3,0.0,False,11,62,31000,32.0,0,136,8,0,0,136,8,0,0,0,0,0,1,8,32.0,6.0,0.0,0.0,,False
144,patch,named,64.0,64.0,3,0.0,False,11,63,31500,32.0,0,136,8,0,0,136,8,0,0,0,0,0,1,8,32.0,6.0,0.0,0.0,,False
144,patch,named,64.0,64.0,3,0.0,False,11,64,32000,32.0,0,136,8,0,0,136,8,0,0,0,0,0,1,8,32.0,6.0,0.0,0.0,,False
144,patch,named,64.0,64.0,3,0.0,False,11,65,32500,32.0,0,136,8,0,0,136,8,0,0,0,0,0,1,8,32.0,6.0,0.0,0.0,,False
144,patch,named,64.0,64.0,3,0.0,False,11,66,33000,32.0,0,137,7,0,0,137,6,1,0,0,0,0,1,7,32.0,6.0,0.0,0.0,,False
144,patch,named,64.0,64.0,3,0.0,False,11,67,33500,32.0,0,137,7,0,0,137,6,1,0,0,0,0,1,7,32.0,6.0,0.0,0.0,,False
144,patch,named,64.0,64.0,3,0.0,False,11,68,34000,32.0,0,137,7,0,0,137,6,1,0,0,0,0,1,7,32.0,6.0,0.0,0.0,,False
144,patch,named,64.0,64.0,3,0.0,False,11,69,34500,32.0,0,137,7,0,0,137,6,1,0,0,0,0,1,7,32.0,6.0,0.0,0.0,,False
144,patch,named,64.0,64.0,3,0.0,False,11,70,35000,32.0,0,136,8,0,0,136,8,0,0,0,0,0,1,8,32.0,6.0,0.0,0.0,,False
144,patch,named,64.0,64.0,3,0.0,False,11,71,35500,32.0,0,137,7,0,0,137,6,1,0,0,0,0,1,7,32.0,6.0,0.0,0.0,,False
144,patch,named,64.0,64.0,3,0.0,False,11,72,36000,32.0,0,136,8,0,0,136,8,0,0,0,0,0,1,8,32.0,6.0,0.0,0.0,,False
144,patch,named,64.0,64.0,3,0.0,False,11,73,36500,32.0,0,137,7,0,0,137,6,1,0,0,0,0,1,7,32.0,6.0,0.0,0.0,,False
144,patch,named,64.0,64.0,3,0.0,False,11,74,37000,32.0,0,136,8,0,0,136,8,0,0,0,0,0,1,8,32.0,6.0,0.0,0.0,,False
144,patch,named,64.0,64.0,3,0.0,False,11,75,37500,32.0,0,136,8,0,0,136,8,0,0,0,0,0,1,8,32.0,6.0,0.0,0.0,,False
144,patch,named,64.0,64.0,3,0.0,False,11,76,38000,32.0,0,136,8,0,0,136,8,0,0,0,0,0,1,8,32.0,6.0,0.0,0.0,,False
144,patch,named,64.0,64.0,3,0.0,False,11,77,38500,0.0,0,144,0,0,0,144,0,0,0,0,0,0,0,0,64.0,32.0,0.0,0.0,,False
144,patch,named,64.0,64.0,3,0.0,False,11,78,39000,32.0,0,136,8,0,0,136,8,0,0,0,0,0,1,8,32.0,6.0,0.0,0.0,,False
144,patch,named,64.0,64.0,3,0.0,False,11,79,39500,32.0,0,136,8,0,0,136,8,0,0,0,0,0,1,8,32.0,6.0,0.0,0.0,,False
144,patch,named,64.0,64.0,3,0.0,False,11,80,40000,0.0,0,144,0,0,0,144,0,0,0,0,0,0,0,0,64.0,32.0,0.0,0.0,,False
144,patch,named,64.0,64.0,3,0.0,False,11,81,40500,32.0,0,136,8,0,0,136,8,0,0,0,0,0,1,8,32.0,6.0,0.0,0.0,,False
144,patch,named,64.0,64.0,3,0.0,False,11,82,41000,32.0,0,136,8,0,0,136,8,0,0,0,0,0,1,8,32.0,6.0,0.0,0.0,,False
144,patch,named,64.0,64.0,3,0.0,False,11,83,41500,32.0,0,136,8,0,0,136,8,0,0,0,0,0,1,8,32.0,6.0,0.0,0.0,,False
144,patch,named,64.0,64.0,3,0.0,False,11,84,42000,32.0,0,136,8,0,0,136,8,0,0,0,0,0,1,8,32.0,6.0,0.0,0.0,,False
144,patch,named,64.0,64.0,3,0.0,False,11,85,42500,32.0,0,136,8,0,0,136,8,0,0,0,0,0,1,8,32.0,6.0,0.0,0.0,,False
144,patch,named,64.0,64.0,3,0.0,False,11,86,43000,32.0,0,136,8,0,0,136,8,0,0,0,0,0,1,8,32.0,6.0,0.0,0.0,,False
144,patch,named,64.0,64.0,3,0.0,False,11,87,43500,32.0,0,136,8,0,0,136,8,0,0,0,0,0,1,8,32.0,6.0,0.0,0.0,,False
144,patch,named,64.0,64.0,3,0.0,False,11,88,44000,0.0,0,144,0,0,0,144,0,0,0,0,0,0,0,0,64.0,32.0,0.0,0.0,,False
144,patch,named,64.0,64.0,3,0.0,False,11,89,44500,0.0,0,144,0,0,0,144,0,0,0,0,0,0,0,0,64.0,32.0,0.0,0.0,,False
144,patch,named,64.0,64.0,3,0.0,False,11,90,45000,32.0,0,136,8,0,0,136,8,0,0,0,0,0,1,8,32.0,6.0,0.0,0.0,,False
144,patch,named,64.0,64.0,3,0.0,False,11,91,45500,32.0,0,136,8,0,0,136,8,0,0,0,0,0,1,8,32.0,6.0,0.0,0.0,,False
144,patch,named,64.0,64.0,3,0.0,False,11,92,46000,0.0,0,144,0,0,0,144,0,0,0,0,0,0,0,0,64.0,32.0,0.0,0.0,,False
144,patch,named,64.0,64.0,3,0.0,False,11,93,46500,32.0,0,136,8,0,0,136,8,0,0,0,0,0,1,8,32.0,6.0,0.0,0.0,,False
144,patch,named,64.0,64.0,3,0.0,False,11,94,47000,32.0,0,136,8,0,0,136,8,0,0,0,0,0,1,8,32.0,6.0,0.0,0.0,,False
144,patch,named,64.0,64.0,3,0.0,False,11,95,47500,32.0,0,136,8,0,0,136,8,0,0,0,0,0,1,8,32.0,6.0,0.0,0.0,,False
144,patch,named,64.0,64.0,3,0.0,False,11,96,48000,32.0,0,136,8,0,0,136,8,0,0,0,0,0,1,8,32.0,6.0,0.0,0.0,,False
144,patch,named,64.0,64.0,3,0.0,False,11,97,48500,32.0,0,136,8,0,0,136,8,0,0,0,0,0,1,8,32.0,6.0,0.0,0.0,,False
144,patch,named,64.0,64.0,3,0.0,False,11,98,49000,32.0,0,136,8,0,0,136,8,0,0,0,0,0,1,8,32.0,6.0,0.0,0.0,,False
144,patch,named,64.0,64.0,3,0.0,False,11,99,49500,32.0,0,136,8,0,0,136,8,0,0,0,0,0,1,8,32.0,6.0,0.0,0.0,,False
144,patch,named,64.0,64.0,3,0.0,False,11,100,50000,32.0,0,136,8,0,0,136,8,0,0,0,0,0,1,8,32.0,6.0,0.0,0.0,,True
144,patch,named,64.0,64.0,3,0.0,False,12,0,0,64.0,0,132,12,0,0,132,8,4,0,0,0,0,1,12,0.0,0.0,0.0,0.0,,False
144,patch,named,64.0,64.0,3,0.0,False,12,1,500,32.0,0,136,8,0,0,136,8,0,0,0,0,0,1,8,32.0,16.0,0.0,0.0,,False
144,patch,named,64.0,64.0,3,0.0,False,12,2,1000,0.0,0,144,0,0,0,144,0,0,0,0,0,0,0,0,64.0,32.0,0.0,0.0,,False
144,patch,named,64.0,64.0,3,0.0,False,12,3,1500,32.0,0,136,8,0,0,136,8,0,0,0,0,0,1,8,32.0,16.0,0.0,0.0,,False
144,patch,named,64.0,64.0,3,0.0,False,12,4,2000,32.0,0,136,8,0,0,136,8,0,0,0,0,0,1,8,32.0,16.0,0.0,0.0,,False
144,patch,named,64.0,64.0,3,0.0,False,12,5,2500,32.0,0,136,8,0,0,136,8,0,0,0,0,0,1,8,32.0,16.0,0.0,0.0,,False
144,patch,named,64.0,64.0,3,0.0,False,12,6,3000,48.0,0,132,12,0,0,132,12,0,0,0,0,0,1,12,16.0,16.0,0.0,0.0,,False
144,patch,named,64.0,64.0,3,0.0,False,12,7,3500,32.0,0,136,8,0,0,136,8,0,0,0,0,0,1,8,32.0,16.0,0.0,0.0,,False
144,patch,named,64.0,64.0,3,0.0,False,12,8,4000,32.0,0,136,8,0,0,136,8,0,0,0,0,0,1,8,32.0,16.0,0.0,0.0,,False
144,patch,named,64.0,64.0,3,0.0,False,12,9,4500,32.0,0,136,8,0,0,136,8,0,0,0,0,0,1,8,32.0,16.0,0.0,0.0,,False
144,patch,named,64.0,64.0,3,0.0,False,12,10,5000,48.0,0,132,12,0,0,132,12,0,0,0,0,0,1,12,16.0,16.0,0.0,0.0,,False
144,patch,named,64.0,64.0,3,0.0,False,12,11,5500,32.0,0,136,8,0,0,136,8,0,0,0,0,0,1,8,32.0,16.0,0.0,0.0,,False
144,patch,named,64.0,64.0,3,0.0,False,12,12,6000,32.0,0,136,8,0,0,136,8,0,0,0,0,0,1,8,32.0,16.0,0.0,0.0,,False
144,patch,named,64.0,64.0,3,0.0,False,12,13,6500,32.0,0,136,8,0,0,136,8,0,0,0,0,0,1,8,32.0,16.0,0.0,0.0,,False
144,patch,named,64.0,64.0,3,0.0,False,12,14,7000,26.0,1,138,5,0,1,138,5,0,0,0,1,1,2,5,38.0,16.0,0.0,0.0,,False
144,patch,named,64.0,64.0,3,0.0,False,12,15,7500,26.0,1,138,5,0,1,138,5,0,0,0,1,1,2,5,38.0,16.0,0.0,0.0,,False
144,patch,named,64.0,64.0,3,0.0,False,12,16,8000,26.0,1,138,5,0,1,138,5,0,0,0,1,1,2,5,38.0,16.0,0.0,0.0,,False
144,patch,named,64.0,64.0,3,0.0,False,12,17,8500,26.0,1,138,5,0,1,138,5,0,0,0,1,1,2,5,38.0,16.0,0.0,0.0,,False
144,patch,named,64.0,64.0,3,0.0,False,12,18,9000,26.0,1,138,5,0,1,138,5,0,0,0,1,1,2,5,38.0,16.0,0.0,0.0,,False
144,patch,named,64.0,64.0,3,0.0,False,12,19,9500,26.0,1,138,5,0,1,138,5,0,0,0,1,1,2,5,38.0,16.0,0.0,0.0,,False
144,patch,named,64.0,64.0,3,0.0,False,12,20,10000,26.0,1,138,5,0,1,138,5,0,0,0,1,1,2,5,38.0,16.0,0.0,0.0,,False
144,patch,named,64.0,64.0,3,0.0,False,12,21,10500,26.0,1,138,5,0,1,138,5,0,0,0,1,1,2,5,38.0,16.0,0.0,0.0,,False
144,patch,named,64.0,64.0,3,0.0,False,12,22,11000,26.0,1,138,5,0,1,138,5,0,0,0,1,1,2,5,38.0,16.0,0.0,0.0,,False
144,patch,named,64.0,64.0,3,0.0,False,12,23,11500,26.0,1,138,5,0,1,138,5,0,0,0,1,1,2,5,38.0,16.0,0.0,0.0,,False
144,patch,named,64.0,64.0,3,0.0,False,12,24,12000,26.0,1,138,5,0,1,138,5,0,0,0,1,1,2,5,38.0,16.0,0.0,0.0,,False
144,patch,named,64.0,64.0,3,0.0,False,12,25,12500,26.0,1,138,5,0,1,138,5,0,0,0,1,1,2,5,38.0,16.0,0.0,0.0,,False
144,patch,named,64.0,64.0,3,0.0,False,12,26,13000,26.0,1,138,5,0,1,138,5,0,0,0,1,1,2,5,38.0,16.0,0.0,0.0,,False
144,patch,named,64.0,64.0,3,0.0,False,12,27,13500,26.0,1,138,5,0,1,138,5,0,0,0,1,1,2,5,38.0,16.0,0.0,0.0,,False
144,patch,named,64.0,64.0,3,0.0,False,12,28,14000,26.0,1,138,5,0,1,138,5,0,0,0,1,1,2,5,38.0,16.0,0.0,0.0,,False
144,patch,named,64.0,64.0,3,0.0,False,12,29,14500,26.0,1,138,5,0,1,138,5,0,0,0,1,1,2,5,38.0,16.0,0.0,0.0,,False
144,patch,named,64.0,64.0,3,0.0,False,12,30,15000,26.0,1,138,5,0,1,138,5,0,0,0,1,1,2,5,38.0,16.0,0.0,0.0,,False
144,patch,named,64.0,64.0,3,0.0,False,12,31,15500,26.0,1,138,5,0,1,138,5,0,0,0,1,1,2,5,38.0,11.0,0.0,0.0,,False
144,patch,named,64.0,64.0,3,0.0,False,12,32,16000,26.0,1,138,5,0,1,138,5,0,0,0,1,1,2,5,38.0,11.0,0.0,0.0,,False
144,patch,named,64.0,64.0,3,0.0,False,12,33,16500,26.0,1,138,5,0,1,138,5,0,0,0,1,1,2,5,38.0,11.0,0.0,0.0,,False
144,patch,named,64.0,64.0,3,0.0,False,12,34,17000,26.0,1,138,5,0,1,138,5,0,0,0,1,1,2,5,38.0,11.0,0.0,0.0,,False
144,patch,named,64.0,64.0,3,0.0,False,12,35,17500,26.0,1,138,5,0,1,138,5,0,0,0,1,1,2,5,38.0,11.0,0.0,0.0,,False
144,patch,named,64.0,64.0,3,0.0,False,12,36,18000,26.0,1,138,5,0,1,138,5,0,0,0,1,1,2,5,38.0,11.0,0.0,0.0,,False
144,patch,named,64.0,64.0,3,0.0,False,12,37,18500,26.0,1,138,5,0,1,138,5,0,0,0,1,1,2,5,38.0,11.0,0.0,0.0,,False
144,patch,named,64.0,64.0,3,0.0,False,12,38,19000,26.0,1,138,5,0,1,138,5,0,0,0,1,1,2,5,38.0,11.0,0.0,0.0,,False
144,patch,named,64.0,64.0,3,0.0,False,12,39,19500,26.0,1,138,5,0,1,138,5,0,0,0,1,1,2,5,38.0,11.0,0.0,0.0,,False
144,patch,named,64.0,64.0,3,0.0,False,12,40,20000,26.0,1,138,5,0,1,138,5,0,0,0,1,1,2,5,38.0,11.0,0.0,0.0,,False
144,patch,named,64.0,64.0,3,0.0,False,12,41,20500,26.0,1,138,5,0,1,138,5,0,0,0,1,1,2,5,38.0,11.0,0.0,0.0,,False
144,patch,named,64.0,64.0,3,0.0,False,12,42,21000,32.0,0,136,8,0,0,136,8,0,0,0,0,0,1,8,32.0,11.0,0.0,0.0,,False
144,patch,named,64.0,64.0,3,0.0,False,12,43,21500,0.0,0,144,0,0,0,144,0,0,0,0,0,0,0,0,64.0,32.0,0.0,0.0,,False
144,patch,named,64.0,64.0,3,0.0,False,12,44,22000,32.0,0,136,8,0,0,136,8,0,0,0,0,0,1,8,32.0,11.0,0.0,0.0,,False
144,patch,named,64.0,64.0,3,0.0,False,12,45,22500,32.0,0,136,8,0,0,136,8,0,0,0,0,0,1,8,32.0,11.0,0.0,0.0,,False
144,patch,named,64.0,64.0,3,0.0,False,12,46,23000,32.0,0,136,8,0,0,136,8,0,0,0,0,0,1,8,32.0,11.0,0.0,0.0,,False
144,patch,named,64.0,64.0,3,0.0,False,12,47,23500,0.0,0,144,0,0,0,144,0,0,0,0,0,0,0,0,64.0,32.0,0.0,0.0,,False
144,patch,named,64.0,64.0,3,0.0,False,12,48,24000,32.0,0,136,8,0,0,136,8,0,0,0,0,0,1,8,32.0,11.0,0.0,0.0,,False
144,patch,named,64.0,64.0,3,0.0,False,12,49,24500,0.0,0,144,0,0,0,144,0,0,0,0,0,0,0,0,64.0,32.0,0.0,0.0,,False
144,patch,named,64.0,64.0,3,0.0,False,12,50,25000,32.0,0,136,8,0,0,136,8,0,0,0,0,0,1,8,32.0,11.0,0.0,0.0,,False
144,patch,named,64.0,64.0,3,0.0,False,12,51,25500,32.0,0,136,8,0,0,136,8,0,0,0,0,0,1,8,32.0,11.0,0.0,0.0,,False
144,patch,named,64.0,64.0,3,0.0,False,12,52,26000,32.0,0,136,8,0,0,136,8,0,0,0,0,0,1,8,32.0,11.0,0.0,0.0,,False
144,patch,named,64.0,64.0,3,0.0,False,12,53,26500,32.0,0,136,8,0,0,136,8,0,0,0,0,0,1,8,32.0,11.0,0.0,0.0,,False
144,patch,named,64.0,64.0,3,0.0,False,12,54,27000,32.0,0,136,8,0,0,136,8,0,0,0,0,0,1,8,32.0,11.0,0.0,0.0,,False
144,patch,named,64.0,64.0,3,0.0,False,12,55,27500,32.0,0,136,8,0,0,136,8,0,0,0,0,0,1,8,32.0,11.0,0.0,0.0,,False
144,patch,named,64.0,64.0,3,0.0,False,12,56,28000,32.0,0,136,8,0,0,136,8,0,0,0,0,0,1,8,32.0,11.0,0.0,0.0,,False
144,patch,named,64.0,64.0,3,0.0,False,12,57,28500,32.0,0,136,8,0,0,136,8,0,0,0,0,0,1,8,32.0,11.0,0.0,0.0,,False
144,patch,named,64.0,64.0,3,0.0,False,12,58,29000,32.0,0,136,8,0,0,136,8,0,0,0,0,0,1,8,32.0,11.0,0.0,0.0,,False
144,patch,named,64.0,64.0,3,0.0,False,12,59,29500,32.0,0,136,8,0,0,136,8,0,0,0,0,0,1,8,32.0,11.0,0.0,0.0,,False
144,patch,named,64.0,64.0,3,0.0,False,12,60,30000,32.0,0,136,8,0,0,136,8,0,0,0,0,0,1,8,32.0,11.0,0.0,0.0,,False
144,patch,named,64.0,64.0,3,0.0,False,12,61,30500,32.0,0,136,8,0,0,136,8,0,0,0,0,0,1,8,32.0,11.0,0.0,0.0,,False
144,patch,named,64.0,64.0,3,0.0,False,12,62,31000,32.0,0,136,8,0,0,136,8,0,0,0,0,0,1,8,32.0,11.0,0.0,0.0,,False
144,patch,named,64.0,64.0,3,0.0,False,12,63,31500,32.0,0,136,8,0,0,136,8,0,0,0,0,0,1,8,32.0,11.0,0.0,0.0,,False
144,patch,named,64.0,64.0,3,0.0,False,12,64,32000,32.0,0,136,8,0,0,136,8,0,0,0,0,0,1,8,32.0,11.0,0.0,0.0,,False
144,patch,named,64.0,64.0,3,0.0,False,12,65,32500,0.0,0,144,0,0,0,144,0,0,0,0,0,0,0,0,64.0,32.0,0.0,0.0,,False
144,patch,named,64.0,64.0,3,0.0,False,12,66,33000,32.0,0,136,8,0,0,136,8,0,0,0,0,0,1,8,32.0,11.0,0.0,0.0,,False
144,patch,named,64.0,64.0,3,0.0,False,12,67,33500,32.0,0,136,8,0,0,136,8,0,0,0,0,0,1,8,32.0,11.0,0.0,0.0,,False
144,patch,named,64.0,64.0,3,0.0,False,12,68,34000,32.0,0,136,8,0,0,136,8,0,0,0,0,0,1,8,32.0,11.0,0.0,0.0,,False
144,patch,named,64.0,64.0,3,0.0,False,12,69,34500,32.0,0,136,8,0,0,136,8,0,0,0,0,0,1,8,32.0,11.0,0.0,0.0,,False
144,patch,named,64.0,64.0,3,0.0,False,12,70,35000,32.0,0,136,8,0,0,136,8,0,0,0,0,0,1,8,32.0,11.0,0.0,0.0,,False
144,patch,named,64.0,64.0,3,0.0,False,12,71,35500,32.0,0,136,8,0,0,136,8,0,0,0,0,0,1,8,32.0,11.0,0.0,0.0,,False
144,patch,named,64.0,64.0,3,0.0,False,12,72,36000,32.0,0,136,8,0,0,136,8,0,0,0,0,0,1,8,32.0,11.0,0.0,0.0,,False
144,patch,named,64.0,64.0,3,0.0,False,12,73,36500,32.0,0,136,8,0,0,136,8,0,0,0,0,0,1,8,32.0,11.0,0.0,0.0,,False
144,patch,named,64.0,64.0,3,0.0,False,12,74,37000,32.0,0,136,8,0,0,136,8,0,0,0,0,0,1,8,32.0,11.0,0.0,0.0,,False
144,patch,named,64.0,64.0,3,0.0,False,12,75,37500,26.0,1,138,5,0,1,138,5,0,0,0,1,1,2,5,38.0,11.0,0.0,0.0,,False
144,patch,named,64.0,64.0,3,0.0,False,12,76,38000,37.0,0,136,8,0,0,136,8,0,0,0,0,0,2,6,27.0,6.0,0.0,0.0,,False
144,patch,named,64.0,64.0,3,0.0,False,12,77,38500,32.0,0,136,8,0,0,136,8,0,0,0,0,0,1,8,32.0,11.0,0.0,0.0,,False
144,patch,named,64.0,64.0,3,0.0,False,12,78,39000,32.0,0,136,8,0,0,136,8,0,0,0,0,0,1,8,32.0,11.0,0.0,0.0,,False
144,patch,named,64.0,64.0,3,0.0,False,12,79,39500,26.0,1,138,5,0,1,138,5,0,0,0,1,1,2,5,38.0,11.0,0.0,0.0,,False
144,patch,named,64.0,64.0,3,0.0,False,12,80,40000,26.0,1,138,5,0,1,138,5,0,0,0,1,1,2,5,38.0,11.0,0.0,0.0,,False
144,patch,named,64.0,64.0,3,0.0,False,12,81,40500,26.0,1,138,5,0,1,138,5,0,0,0,1,1,2,5,38.0,11.0,0.0,0.0,,False
144,patch,named,64.0,64.0,3,0.0,False,12,82,41000,26.0,1,138,5,0,1,138,5,0,0,0,1,1,2,5,38.0,11.0,0.0,0.0,,False
144,patch,named,64.0,64.0,3,0.0,False,12,83,41500,26.0,1,138,5,0,1,138,5,0,0,0,1,1,2,5,38.0,11.0,0.0,0.0,,False
144,patch,named,64.0,64.0,3,0.0,False,12,84,42000,26.0,1,138,5,0,1,138,5,0,0,0,1,1,2,5,38.0,11.0,0.0,0.0,,False
144,patch,named,64.0,64.0,3,0.0,False,12,85,42500,26.0,1,138,5,0,1,138,5,0,0,0,1,1,2,5,38.0,11.0,0.0,0.0,,False
144,patch,named,64.0,64.0,3,0.0,False,12,86,43000,26.0,1,138,5,0,1,138,5,0,0,0,1,1,2,5,38.0,11.0,0.0,0.0,,False
144,patch,named,64.0,64.0,3,0.0,False,12,87,43500,26.0,1,138,5,0,1,138,5,0,0,0,1,1,2,5,38.0,11.0,0.0,0.0,,False
144,patch,named,64.0,64.0,3,0.0,False,12,88,44000,26.0,1,138,5,0,1,138,5,0,0,0,1,1,2,5,38.0,11.0,0.0,0.0,,False
144,patch,named,64.0,64.0,3,0.0,False,12,89,44500,26.0,1,138,5,0,1,138,5,0,0,0,1,1,2,5,38.0,11.0,0.0,0.0,,False
144,patch,named,64.0,64.0,3,0.0,False,12,90,45000,26.0,1,138,5,0,1,138,5,0,0,0,1,1,2,5,38.0,11.0,0.0,0.0,,False
144,patch,named,64.0,64.0,3,0.0,False,12,91,45500,26.0,1,138,5,0,1,138,5,0,0,0,1,1,2,5,38.0,11.0,0.0,0.0,,False
144,patch,named,64.0,64.0,3,0.0,False,12,92,46000,26.0,1,138,5,0,1,138,5,0,0,0,1,1,2,5,38.0,11.0,0.0,0.0,,False
144,patch,named,64.0,64.0,3,0.0,False,12,93,46500,26.0,1,138,5,0,1,138,5,0,0,0,1,1,2,5,38.0,11.0,0.0,0.0,,False
144,patch,named,64.0,64.0,3,0.0,False,12,94,47000,26.0,1,138,5,0,1,138,5,0,0,0,1,1,2,5,38.0,11.0,0.0,0.0,,False
144,patch,named,64.0,64.0,3,0.0,False,12,95,47500,26.0,1,138,5,0,1,138,5,0,0,0,1,1,2,5,38.0,11.0,0.0,0.0,,False
144,patch,named,64.0,64.0,3,0.0,False,12,96,48000,26.0,1,138,5,0,1,138,5,0,0,0,1,1,2,5,38.0,11.0,0.0,0.0,,False
144,patch,named,64.0,64.0,3,0.0,False,12,97,48500,26.0,1,138,5,0,1,138,5,0,0,0,1,1,2,5,38.0,11.0,0.0,0.0,,False
144,patch,named,64.0,64.0,3,0.0,False,12,98,49000,26.0,1,138,5,0,1,138,5,0,0,0,1,1,2,5,38.0,11.0,0.0,0.0,,False
144,patch,named,64.0,64.0,3,0.0,False,12,99,49500,26.0,1,138,5,0,1,138,5,0,0,0,1,1,2,5,38.0,11.0,0.0,0.0,,False
144,patch,named,64.0,64.0,3,0.0,False,12,100,50000,26.0,1,138,5,0,1,138,5,0,0,0,1,1,2,5,38.0,11.0,0.0,0.0,,True
144,patch,named,64.0,64.0,3,0.0,False,13,0,0,64.0,0,130,14,0,0,130,12,2,0,0,0,0,1,14,0.0,0.0,0.0,0.0,,False
144,patch,named,64.0,64.0,3,0.0,False,13,1,500,64.0,0,128,16,0,0,128,16,0,0,0,0,0,1,16,0.0,0.0,0.0,0.0,,False
144,patch,named,64.0,64.0,3,0.0,False,13,2,1000,64.0,0,129,15,0,0,129,14,1,0,0,0,0,1,15,0.0,0.0,0.0,0.0,,False
144,patch,named,64.0,64.0,3,0.0,False,13,3,1500,48.0,0,132,12,0,0,132,12,0,0,0,0,0,1,12,16.0,16.0,0.0,0.0,,False
144,patch,named,64.0,64.0,3,0.0,False,13,4,2000,48.0,0,132,12,0,0,132,12,0,0,0,0,0,1,12,16.0,16.0,0.0,0.0,,False
144,patch,named,64.0,64.0,3,0.0,False,13,5,2500,48.0,0,132,12,0,0,132,12,0,0,0,0,0,1,12,16.0,16.0,0.0,0.0,,False
144,patch,named,64.0,64.0,3,0.0,False,13,6,3000,48.0,0,132,12,0,0,132,12,0,0,0,0,0,1,12,16.0,10.0,0.0,0.0,,False
144,patch,named,64.0,64.0,3,0.0,False,13,7,3500,48.0,0,132,12,0,0,132,12,0,0,0,0,0,1,12,16.0,10.0,0.0,0.0,,False
144,patch,named,64.0,64.0,3,0.0,False,13,8,4000,48.0,0,132,12,0,0,132,12,0,0,0,0,0,1,12,16.0,10.0,0.0,0.0,,False
144,patch,named,64.0,64.0,3,0.0,False,13,9,4500,58.0,0,133,11,0,0,133,10,1,0,0,0,0,1,11,6.0,6.0,0.0,0.0,,False
144,patch,named,64.0,64.0,3,0.0,False,13,10,5000,48.0,0,132,12,0,0,132,12,0,0,0,0,0,1,12,16.0,10.0,0.0,0.0,,False
144,patch,named,64.0,64.0,3,0.0,False,13,11,5500,48.0,0,132,12,0,0,132,12,0,0,0,0,0,1,12,16.0,10.0,0.0,0.0,,False
144,patch,named,64.0,64.0,3,0.0,False,13,12,6000,58.0,0,133,11,0,0,133,10,1,0,0,0,0,1,11,6.0,6.0,0.0,0.0,,False
144,patch,named,64.0,64.0,3,0.0,False,13,13,6500,58.0,0,133,11,0,0,133,10,1,0,0,0,0,1,11,6.0,6.0,0.0,0.0,,False
144,patch,named,64.0,64.0,3,0.0,False,13,14,7000,58.0,0,133,11,0,0,133,10,1,0,0,0,0,1,11,6.0,6.0,0.0,0.0,,False
144,patch,named,64.0,64.0,3,0.0,False,13,15,7500,48.0,0,132,12,0,0,132,12,0,0,0,0,0,1,12,16.0,10.0,0.0,0.0,,False
144,patch,named,64.0,64.0,3,0.0,False,13,16,8000,48.0,0,132,12,0,0,132,12,0,0,0,0,0,1,12,16.0,10.0,0.0,0.0,,False
144,patch,named,64.0,64.0,3,0.0,False,13,17,8500,48.0,0,132,12,0,0,132,12,0,0,0,0,0,1,12,16.0,10.0,0.0,0.0,,False
144,patch,named,64.0,64.0,3,0.0,False,13,18,9000,48.0,0,132,12,0,0,132,12,0,0,0,0,0,1,12,16.0,10.0,0.0,0.0,,False
144,patch,named,64.0,64.0,3,0.0,False,13,19,9500,48.0,0,132,12,0,0,132,12,0,0,0,0,0,1,12,16.0,10.0,0.0,0.0,,False
144,patch,named,64.0,64.0,3,0.0,False,13,20,10000,48.0,0,132,12,0,0,132,12,0,0,0,0,0,1,12,16.0,10.0,0.0,0.0,,False
144,patch,named,64.0,64.0,3,0.0,False,13,21,10500,48.0,0,132,12,0,0,132,12,0,0,0,0,0,1,12,16.0,10.0,0.0,0.0,,False
144,patch,named,64.0,64.0,3,0.0,False,13,22,11000,48.0,0,132,12,0,0,132,12,0,0,0,0,0,1,12,16.0,10.0,0.0,0.0,,False
144,patch,named,64.0,64.0,3,0.0,False,13,23,11500,48.0,0,132,12,0,0,132,12,0,0,0,0,0,1,12,16.0,10.0,0.0,0.0,,False
144,patch,named,64.0,64.0,3,0.0,False,13,24,12000,48.0,0,132,12,0,0,132,12,0,0,0,0,0,1,12,16.0,10.0,0.0,0.0,,False
144,patch,named,64.0,64.0,3,0.0,False,13,25,12500,48.0,0,132,12,0,0,132,12,0,0,0,0,0,1,12,16.0,10.0,0.0,0.0,,False
144,patch,named,64.0,64.0,3,0.0,False,13,26,13000,48.0,0,132,12,0,0,132,12,0,0,0,0,0,1,12,16.0,10.0,0.0,0.0,,False
144,patch,named,64.0,64.0,3,0.0,False,13,27,13500,48.0,0,132,12,0,0,132,12,0,0,0,0,0,1,12,16.0,10.0,0.0,0.0,,False
144,patch,named,64.0,64.0,3,0.0,False,13,28,14000,48.0,0,132,12,0,0,132,12,0,0,0,0,0,1,12,16.0,10.0,0.0,0.0,,False
144,patch,named,64.0,64.0,3,0.0,False,13,29,14500,48.0,0,132,12,0,0,132,12,0,0,0,0,0,1,12,16.0,10.0,0.0,0.0,,False
144,patch,named,64.0,64.0,3,0.0,False,13,30,15000,48.0,0,132,12,0,0,132,12,0,0,0,0,0,1,12,16.0,10.0,0.0,0.0,,False
144,patch,named,64.0,64.0,3,0.0,False,13,31,15500,48.0,0,132,12,0,0,132,12,0,0,0,0,0,1,12,16.0,10.0,0.0,0.0,,False
144,patch,named,64.0,64.0,3,0.0,False,13,32,16000,48.0,0,132,12,0,0,132,12,0,0,0,0,0,1,12,16.0,10.0,0.0,0.0,,False
144,patch,named,64.0,64.0,3,0.0,False,13,33,16500,48.0,0,132,12,0,0,132,12,0,0,0,0,0,1,12,16.0,10.0,0.0,0.0,,False
144,patch,named,64.0,64.0,3,0.0,False,13,34,17000,48.0,0,132,12,0,0,132,12,0,0,0,0,0,1,12,16.0,10.0,0.0,0.0,,False
144,patch,named,64.0,64.0,3,0.0,False,13,35,17500,48.0,0,132,12,0,0,132,12,0,0,0,0,0,1,12,16.0,10.0,0.0,0.0,,False
144,patch,named,64.0,64.0,3,0.0,False,13,36,18000,48.0,0,132,12,0,0,132,12,0,0,0,0,0,1,12,16.0,10.0,0.0,0.0,,False
144,patch,named,64.0,64.0,3,0.0,False,13,37,18500,58.0,0,133,11,0,0,133,10,1,0,0,0,0,1,11,6.0,6.0,0.0,0.0,,False
144,patch,named,64.0,64.0,3,0.0,False,13,38,19000,48.0,0,132,12,0,0,132,12,0,0,0,0,0,1,12,16.0,10.0,0.0,0.0,,False
144,patch,named,64.0,64.0,3,0.0,False,13,39,19500,48.0,0,132,12,0,0,132,12,0,0,0,0,0,1,12,16.0,10.0,0.0,0.0,,False
144,patch,named,64.0,64.0,3,0.0,False,13,40,20000,48.0,0,132,12,0,0,132,12,0,0,0,0,0,1,12,16.0,10.0,0.0,0.0,,False
144,patch,named,64.0,64.0,3,0.0,False,13,41,20500,48.0,0,132,12,0,0,132,12,0,0,0,0,0,1,12,16.0,10.0,0.0,0.0,,False
144,patch,named,64.0,64.0,3,0.0,False,13,42,21000,48.0,0,132,12,0,0,132,12,0,0,0,0,0,1,12,16.0,10.0,0.0,0.0,,False
144,patch,named,64.0,64.0,3,0.0,False,13,43,21500,48.0,0,132,12,0,0,132,12,0,0,0,0,0,1,12,16.0,10.0,0.0,0.0,,False
144,patch,named,64.0,64.0,3,0.0,False,13,44,22000,48.0,0,132,12,0,0,132,12,0,0,0,0,0,1,12,16.0,10.0,0.0,0.0,,False
144,patch,named,64.0,64.0,3,0.0,False,13,45,22500,48.0,0,132,12,0,0,132,12,0,0,0,0,0,1,12,16.0,10.0,0.0,0.0,,False
144,patch,named,64.0,64.0,3,0.0,False,13,46,23000,48.0,0,132,12,0,0,132,12,0,0,0,0,0,1,12,16.0,10.0,0.0,0.0,,False
144,patch,named,64.0,64.0,3,0.0,False,13,47,23500,48.0,0,132,12,0,0,132,12,0,0,0,0,0,1,12,16.0,10.0,0.0,0.0,,False
144,patch,named,64.0,64.0,3,0.0,False,13,48,24000,48.0,0,132,12,0,0,132,12,0,0,0,0,0,1,12,16.0,10.0,0.0,0.0,,False
144,patch,named,64.0,64.0,3,0.0,False,13,49,24500,48.0,0,132,12,0,0,132,12,0,0,0,0,0,1,12,16.0,10.0,0.0,0.0,,False
144,patch,named,64.0,64.0,3,0.0,False,13,50,25000,48.0,0,132,12,0,0,132,12,0,0,0,0,0,1,12,16.0,10.0,0.0,0.0,,False
144,patch,named,64.0,64.0,3,0.0,False,13,51,25500,48.0,0,132,12,0,0,132,12,0,0,0,0,0,1,12,16.0,10.0,0.0,0.0,,False
144,patch,named,64.0,64.0,3,0.0,False,13,52,26000,48.0,0,132,12,0,0,132,12,0,0,0,0,0,1,12,16.0,10.0,0.0,0.0,,False
144,patch,named,64.0,64.0,3,0.0,False,13,53,26500,48.0,0,132,12,0,0,132,12,0,0,0,0,0,1,12,16.0,10.0,0.0,0.0,,False
144,patch,named,64.0,64.0,3,0.0,False,13,54,27000,48.0,0,132,12,0,0,132,12,0,0,0,0,0,1,12,16.0,10.0,0.0,0.0,,False
144,patch,named,64.0,64.0,3,0.0,False,13,55,27500,48.0,0,132,12,0,0,132,12,0,0,0,0,0,1,12,16.0,10.0,0.0,0.0,,False
144,patch,named,64.0,64.0,3,0.0,False,13,56,28000,48.0,0,132,12,0,0,132,12,0,0,0,0,0,1,12,16.0,10.0,0.0,0.0,,False
144,patch,named,64.0,64.0,3,0.0,False,13,57,28500,48.0,0,132,12,0,0,132,12,0,0,0,0,0,1,12,16.0,10.0,0.0,0.0,,False
144,patch,named,64.0,64.0,3,0.0,False,13,58,29000,48.0,0,132,12,0,0,132,12,0,0,0,0,0,1,12,16.0,10.0,0.0,0.0,,False
144,patch,named,64.0,64.0,3,0.0,False,13,59,29500,48.0,0,132,12,0,0,132,12,0,0,0,0,0,1,12,16.0,10.0,0.0,0.0,,False
144,patch,named,64.0,64.0,3,0.0,False,13,60,30000,48.0,0,132,12,0,0,132,12,0,0,0,0,0,1,12,16.0,10.0,0.0,0.0,,False
144,patch,named,64.0,64.0,3,0.0,False,13,61,30500,58.0,0,133,11,0,0,133,10,1,0,0,0,0,1,11,6.0,6.0,0.0,0.0,,False
144,patch,named,64.0,64.0,3,0.0,False,13,62,31000,48.0,0,132,12,0,0,132,12,0,0,0,0,0,1,12,16.0,10.0,0.0,0.0,,False
144,patch,named,64.0,64.0,3,0.0,False,13,63,31500,48.0,0,132,12,0,0,132,12,0,0,0,0,0,1,12,16.0,10.0,0.0,0.0,,False
144,patch,named,64.0,64.0,3,0.0,False,13,64,32000,58.0,1,130,13,0,1,130,13,0,0,0,1,1,3,8,6.0,6.0,0.0,0.0,,False
144,patch,named,64.0,64.0,3,0.0,False,13,65,32500,58.0,1,130,13,0,1,130,13,0,0,0,1,1,3,8,6.0,6.0,0.0,0.0,,False
144,patch,named,64.0,64.0,3,0.0,False,13,66,33000,58.0,1,130,13,0,1,130,13,0,0,0,1,1,3,8,6.0,6.0,0.0,0.0,,False
144,patch,named,64.0,64.0,3,0.0,False,13,67,33500,32.0,0,136,8,0,0,136,8,0,0,0,0,0,1,8,32.0,16.0,0.0,0.0,,False
144,patch,named,64.0,64.0,3,0.0,False,13,68,34000,26.0,1,138,5,0,1,138,5,0,0,0,1,1,2,5,38.0,16.0,0.0,0.0,,False
144,patch,named,64.0,64.0,3,0.0,False,13,69,34500,26.0,1,138,5,0,1,138,5,0,0,0,1,1,2,5,38.0,16.0,0.0,0.0,,False
144,patch,named,64.0,64.0,3,0.0,False,13,70,35000,26.0,1,138,5,0,1,138,5,0,0,0,1,1,2,5,38.0,16.0,0.0,0.0,,False
144,patch,named,64.0,64.0,3,0.0,False,13,71,35500,26.0,1,138,5,0,1,138,5,0,0,0,1,1,2,5,38.0,16.0,0.0,0.0,,False
144,patch,named,64.0,64.0,3,0.0,False,13,72,36000,26.0,1,138,5,0,1,138,5,0,0,0,1,1,2,5,38.0,16.0,0.0,0.0,,False
144,patch,named,64.0,64.0,3,0.0,False,13,73,36500,26.0,1,138,5,0,1,138,5,0,0,0,1,1,2,5,38.0,16.0,0.0,0.0,,False
144,patch,named,64.0,64.0,3,0.0,False,13,74,37000,26.0,1,138,5,0,1,138,5,0,0,0,1,1,2,5,38.0,16.0,0.0,0.0,,False
144,patch,named,64.0,64.0,3,0.0,False,13,75,37500,26.0,1,138,5,0,1,138,5,0,0,0,1,1,2,5,38.0,16.0,0.0,0.0,,False
144,patch,named,64.0,64.0,3,0.0,False,13,76,38000,26.0,1,138,5,0,1,138,5,0,0,0,1,1,2,5,38.0,16.0,0.0,0.0,,False
144,patch,named,64.0,64.0,3,0.0,False,13,77,38500,26.0,1,138,5,0,1,138,5,0,0,0,1,1,2,5,38.0,16.0,0.0,0.0,,False
144,patch,named,64.0,64.0,3,0.0,False,13,78,39000,26.0,1,138,5,0,1,138,5,0,0,0,1,1,2,5,38.0,16.0,0.0,0.0,,False
144,patch,named,64.0,64.0,3,0.0,False,13,79,39500,32.0,0,136,8,0,0,136,8,0,0,0,0,0,1,8,32.0,10.0,0.0,0.0,,False
144,patch,named,64.0,64.0,3,0.0,False,13,80,40000,32.0,0,136,8,0,0,136,8,0,0,0,0,0,1,8,32.0,10.0,0.0,0.0,,False
144,patch,named,64.0,64.0,3,0.0,False,13,81,40500,32.0,0,136,8,0,0,136,8,0,0,0,0,0,1,8,32.0,10.0,0.0,0.0,,False
144,patch,named,64.0,64.0,3,0.0,False,13,82,41000,32.0,0,136,8,0,0,136,8,0,0,0,0,0,1,8,32.0,10.0,0.0,0.0,,False
144,patch,named,64.0,64.0,3,0.0,False,13,83,41500,32.0,0,136,8,0,0,136,8,0,0,0,0,0,1,8,32.0,10.0,0.0,0.0,,False
144,patch,named,64.0,64.0,3,0.0,False,13,84,42000,32.0,0,136,8,0,0,136,8,0,0,0,0,0,1,8,32.0,10.0,0.0,0.0,,False
144,patch,named,64.0,64.0,3,0.0,False,13,85,42500,32.0,0,136,8,0,0,136,8,0,0,0,0,0,1,8,32.0,10.0,0.0,0.0,,False
144,patch,named,64.0,64.0,3,0.0,False,13,86,43000,0.0,0,144,0,0,0,144,0,0,0,0,0,0,0,0,64.0,32.0,0.0,0.0,,False
144,patch,named,64.0,64.0,3,0.0,False,13,87,43500,32.0,0,136,8,0,0,136,8,0,0,0,0,0,1,8,32.0,10.0,0.0,0.0,,False
144,patch,named,64.0,64.0,3,0.0,False,13,88,44000,32.0,0,136,8,0,0,136,8,0,0,0,0,0,1,8,32.0,10.0,0.0,0.0,,False
144,patch,named,64.0,64.0,3,0.0,False,13,89,44500,32.0,0,136,8,0,0,136,8,0,0,0,0,0,1,8,32.0,10.0,0.0,0.0,,False
144,patch,named,64.0,64.0,3,0.0,False,13,90,45000,32.0,0,136,8,0,0,136,8,0,0,0,0,0,1,8,32.0,10.0,0.0,0.0,,False
144,patch,named,64.0,64.0,3,0.0,False,13,91,45500,32.0,0,136,8,0,0,136,8,0,0,0,0,0,1,8,32.0,10.0,0.0,0.0,,False
144,patch,named,64.0,64.0,3,0.0,False,13,92,46000,26.0,1,138,5,0,1,138,5,0,0,0,1,1,2,5,38.0,10.0,0.0,0.0,,False
144,patch,named,64.0,64.0,3,0.0,False,13,93,46500,26.0,1,138,5,0,1,138,5,0,0,0,1,1,2,5,38.0,10.0,0.0,0.0,,False
144,patch,named,64.0,64.0,3,0.0,False,13,94,47000,26.0,1,138,5,0,1,138,5,0,0,0,1,1,2,5,38.0,10.0,0.0,0.0,,False
144,patch,named,64.0,64.0,3,0.0,False,13,95,47500,26.0,1,138,5,0,1,138,5,0,0,0,1,1,2,5,38.0,10.0,0.0,0.0,,False
144,patch,named,64.0,64.0,3,0.0,False,13,96,48000,32.0,0,136,8,0,0,136,8,0,0,0,0,0,1,8,32.0,10.0,0.0,0.0,,False
144,patch,named,64.0,64.0,3,0.0,False,13,97,48500,32.0,0,136,8,0,0,136,8,0,0,0,0,0,1,8,32.0,10.0,0.0,0.0,,False
144,patch,named,64.0,64.0,3,0.0,False,13,98,49000,32.0,0,136,8,0,0,136,8,0,0,0,0,0,1,8,32.0,10.0,0.0,0.0,,False
144,patch,named,64.0,64.0,3,0.0,False,13,99,49500,32.0,0,136,8,0,0,136,8,0,0,0,0,0,1,8,32.0,10.0,0.0,0.0,,False
144,patch,named,64.0,64.0,3,0.0,False,13,100,50000,32.0,0,136,8,0,0,136,8,0,0,0,0,0,1,8,32.0,10.0,0.0,0.0,,True
144,patch,named,64.0,64.0,3,0.0,False,14,0,0,64.0,0,132,12,0,0,132,8,4,0,0,0,0,1,12,0.0,0.0,0.0,0.0,,False
144,patch,named,64.0,64.0,3,0.0,False,14,1,500,58.0,1,130,13,0,1,130,13,0,0,0,1,1,2,13,6.0,5.0,0.0,0.0,,False
144,patch,named,64.0,64.0,3,0.0,False,14,2,1000,58.0,1,130,13,0,1,130,13,0,0,0,1,1,2,13,6.0,5.0,0.0,0.0,,False
144,patch,named,64.0,64.0,3,0.0,False,14,3,1500,58.0,1,130,13,0,1,130,13,0,0,0,1,1,2,13,6.0,5.0,0.0,0.0,,False
144,patch,named,64.0,64.0,3,0.0,False,14,4,2000,58.0,1,130,13,0,1,130,13,0,0,0,1,1,2,13,6.0,5.0,0.0,0.0,,False
144,patch,named,64.0,64.0,3,0.0,False,14,5,2500,58.0,1,130,13,0,1,130,13,0,0,0,1,1,2,13,6.0,5.0,0.0,0.0,,False
144,patch,named,64.0,64.0,3,0.0,False,14,6,3000,63.0,1,131,12,0,1,131,11,1,0,0,1,1,2,12,1.0,1.0,0.0,0.0,,False
144,patch,named,64.0,64.0,3,0.0,False,14,7,3500,58.0,0,132,12,0,0,132,12,0,0,0,0,0,2,10,6.0,5.0,0.0,0.0,,False
144,patch,named,64.0,64.0,3,0.0,False,14,8,4000,52.0,3,131,10,0,3,131,9,1,0,0,1,3,2,10,12.0,6.0,0.0,0.0,,False
144,patch,named,64.0,64.0,3,0.0,False,14,9,4500,47.0,2,132,10,0,2,132,10,0,0,0,1,2,3,8,17.0,6.0,0.0,0.0,,False
144,patch,named,64.0,64.0,3,0.0,False,14,10,5000,47.0,2,132,10,0,2,132,10,0,0,0,1,2,3,8,17.0,6.0,0.0,0.0,,False
144,patch,named,64.0,64.0,3,0.0,False,14,11,5500,47.0,2,132,10,0,2,132,10,0,0,0,1,2,3,8,17.0,6.0,0.0,0.0,,False
144,patch,named,64.0,64.0,3,0.0,False,14,12,6000,47.0,2,132,10,0,2,132,10,0,0,0,1,2,3,8,17.0,6.0,0.0,0.0,,False
144,patch,named,64.0,64.0,3,0.0,False,14,13,6500,47.0,2,132,10,0,2,132,10,0,0,0,1,2,3,8,17.0,6.0,0.0,0.0,,False
144,patch,named,64.0,64.0,3,0.0,False,14,14,7000,47.0,2,132,10,0,2,132,10,0,0,0,1,2,3,8,17.0,6.0,0.0,0.0,,False
144,patch,named,64.0,64.0,3,0.0,False,14,15,7500,47.0,2,132,10,0,2,132,10,0,0,0,1,2,3,8,17.0,6.0,0.0,0.0,,False
144,patch,named,64.0,64.0,3,0.0,False,14,16,8000,47.0,2,132,10,0,2,132,10,0,0,0,1,2,3,8,17.0,6.0,0.0,0.0,,False
144,patch,named,64.0,64.0,3,0.0,False,14,17,8500,47.0,2,132,10,0,2,132,10,0,0,0,1,2,3,8,17.0,6.0,0.0,0.0,,False
144,patch,named,64.0,64.0,3,0.0,False,14,18,9000,47.0,2,132,10,0,2,132,10,0,0,0,1,2,3,8,17.0,6.0,0.0,0.0,,False
144,patch,named,64.0,64.0,3,0.0,False,14,19,9500,47.0,2,132,10,0,2,132,10,0,0,0,1,2,3,8,17.0,6.0,0.0,0.0,,False
144,patch,named,64.0,64.0,3,0.0,False,14,20,10000,47.0,2,132,10,0,2,132,10,0,0,0,1,2,3,8,17.0,6.0,0.0,0.0,,False
144,patch,named,64.0,64.0,3,0.0,False,14,21,10500,47.0,2,132,10,0,2,132,10,0,0,0,1,2,3,8,17.0,6.0,0.0,0.0,,False
144,patch,named,64.0,64.0,3,0.0,False,14,22,11000,47.0,2,132,10,0,2,132,10,0,0,0,1,2,3,8,17.0,6.0,0.0,0.0,,False
144,patch,named,64.0,64.0,3,0.0,False,14,23,11500,47.0,2,132,10,0,2,132,10,0,0,0,1,2,3,8,17.0,6.0,0.0,0.0,,False
144,patch,named,64.0,64.0,3,0.0,False,14,24,12000,47.0,2,132,10,0,2,132,10,0,0,0,1,2,3,8,17.0,6.0,0.0,0.0,,False
144,patch,named,64.0,64.0,3,0.0,False,14,25,12500,47.0,2,132,10,0,2,132,10,0,0,0,1,2,3,8,17.0,6.0,0.0,0.0,,False
144,patch,named,64.0,64.0,3,0.0,False,14,26,13000,47.0,2,132,10,0,2,132,10,0,0,0,1,2,3,8,17.0,6.0,0.0,0.0,,False
144,patch,named,64.0,64.0,3,0.0,False,14,27,13500,47.0,2,132,10,0,2,132,10,0,0,0,1,2,3,8,17.0,6.0,0.0,0.0,,False
144,patch,named,64.0,64.0,3,0.0,False,14,28,14000,47.0,2,132,10,0,2,132,10,0,0,0,1,2,3,8,17.0,6.0,0.0,0.0,,False
144,patch,named,64.0,64.0,3,0.0,False,14,29,14500,47.0,2,132,10,0,2,132,10,0,0,0,1,2,3,8,17.0,6.0,0.0,0.0,,False
144,patch,named,64.0,64.0,3,0.0,False,14,30,15000,48.0,0,132,12,0,0,132,12,0,0,0,0,0,2,10,16.0,6.0,0.0,0.0,,False
144,patch,named,64.0,64.0,3,0.0,False,14,31,15500,48.0,0,132,12,0,0,132,12,0,0,0,0,0,2,10,16.0,6.0,0.0,0.0,,False
144,patch,named,64.0,64.0,3,0.0,False,14,32,16000,48.0,0,132,12,0,0,132,12,0,0,0,0,0,2,10,16.0,6.0,0.0,0.0,,False
144,patch,named,64.0,64.0,3,0.0,False,14,33,16500,48.0,0,132,12,0,0,132,12,0,0,0,0,0,2,10,16.0,6.0,0.0,0.0,,False
144,patch,named,64.0,64.0,3,0.0,False,14,34,17000,48.0,0,132,12,0,0,132,12,0,0,0,0,0,2,10,16.0,6.0,0.0,0.0,,False
144,patch,named,64.0,64.0,3,0.0,False,14,35,17500,48.0,0,132,12,0,0,132,12,0,0,0,0,0,2,10,16.0,6.0,0.0,0.0,,False
144,patch,named,64.0,64.0,3,0.0,False,14,36,18000,48.0,0,132,12,0,0,132,12,0,0,0,0,0,2,10,16.0,6.0,0.0,0.0,,False
144,patch,named,64.0,64.0,3,0.0,False,14,37,18500,48.0,0,132,12,0,0,132,12,0,0,0,0,0,2,10,16.0,6.0,0.0,0.0,,False
144,patch,named,64.0,64.0,3,0.0,False,14,38,19000,48.0,0,132,12,0,0,132,12,0,0,0,0,0,2,10,16.0,6.0,0.0,0.0,,False
144,patch,named,64.0,64.0,3,0.0,False,14,39,19500,48.0,0,132,12,0,0,132,12,0,0,0,0,0,2,10,16.0,6.0,0.0,0.0,,False
144,patch,named,64.0,64.0,3,0.0,False,14,40,20000,48.0,0,132,12,0,0,132,12,0,0,0,0,0,2,10,16.0,5.0,0.0,0.0,,False
144,patch,named,64.0,64.0,3,0.0,False,14,41,20500,48.0,0,132,12,0,0,132,12,0,0,0,0,0,2,10,16.0,5.0,0.0,0.0,,False
144,patch,named,64.0,64.0,3,0.0,False,14,42,21000,48.0,0,132,12,0,0,132,12,0,0,0,0,0,2,10,16.0,5.0,0.0,0.0,,False
144,patch,named,64.0,64.0,3,0.0,False,14,43,21500,48.0,0,132,12,0,0,132,12,0,0,0,0,0,2,10,16.0,5.0,0.0,0.0,,False
144,patch,named,64.0,64.0,3,0.0,False,14,44,22000,48.0,0,132,12,0,0,132,12,0,0,0,0,0,2,10,16.0,5.0,0.0,0.0,,False
144,patch,named,64.0,64.0,3,0.0,False,14,45,22500,48.0,0,132,12,0,0,132,12,0,0,0,0,0,2,10,16.0,5.0,0.0,0.0,,False
144,patch,named,64.0,64.0,3,0.0,False,14,46,23000,48.0,0,132,12,0,0,132,12,0,0,0,0,0,2,10,16.0,5.0,0.0,0.0,,False
144,patch,named,64.0,64.0,3,0.0,False,14,47,23500,48.0,0,132,12,0,0,132,12,0,0,0,0,0,2,10,16.0,5.0,0.0,0.0,,False
144,patch,named,64.0,64.0,3,0.0,False,14,48,24000,48.0,0,132,12,0,0,132,12,0,0,0,0,0,2,10,16.0,5.0,0.0,0.0,,False
144,patch,named,64.0,64.0,3,0.0,False,14,49,24500,48.0,0,132,12,0,0,132,12,0,0,0,0,0,2,10,16.0,5.0,0.0,0.0,,False
144,patch,named,64.0,64.0,3,0.0,False,14,50,25000,48.0,0,132,12,0,0,132,12,0,0,0,0,0,2,10,16.0,5.0,0.0,0.0,,False
144,patch,named,64.0,64.0,3,0.0,False,14,51,25500,48.0,0,132,12,0,0,132,12,0,0,0,0,0,2,10,16.0,5.0,0.0,0.0,,False
144,patch,named,64.0,64.0,3,0.0,False,14,52,26000,48.0,0,132,12,0,0,132,12,0,0,0,0,0,2,10,16.0,5.0,0.0,0.0,,False
144,patch,named,64.0,64.0,3,0.0,False,14,53,26500,48.0,0,132,12,0,0,132,12,0,0,0,0,0,2,10,16.0,5.0,0.0,0.0,,False
144,patch,named,64.0,64.0,3,0.0,False,14,54,27000,48.0,0,132,12,0,0,132,12,0,0,0,0,0,2,10,16.0,5.0,0.0,0.0,,False
144,patch,named,64.0,64.0,3,0.0,False,14,55,27500,48.0,0,132,12,0,0,132,12,0,0,0,0,0,2,10,16.0,5.0,0.0,0.0,,False
144,patch,named,64.0,64.0,3,0.0,False,14,56,28000,48.0,0,132,12,0,0,132,12,0,0,0,0,0,2,10,16.0,5.0,0.0,0.0,,False
144,patch,named,64.0,64.0,3,0.0,False,14,57,28500,48.0,0,132,12,0,0,132,12,0,0,0,0,0,2,10,16.0,5.0,0.0,0.0,,False
144,patch,named,64.0,64.0,3,0.0,False,14,58,29000,48.0,0,132,12,0,0,132,12,0,0,0,0,0,2,10,16.0,5.0,0.0,0.0,,False
144,patch,named,64.0,64.0,3,0.0,False,14,59,29500,48.0,0,132,12,0,0,132,12,0,0,0,0,0,2,10,16.0,5.0,0.0,0.0,,False
144,patch,named,64.0,64.0,3,0.0,False,14,60,30000,48.0,0,132,12,0,0,132,12,0,0,0,0,0,2,10,16.0,5.0,0.0,0.0,,False
144,patch,named,64.0,64.0,3,0.0,False,14,61,30500,48.0,0,132,12,0,0,132,12,0,0,0,0,0,2,10,16.0,5.0,0.0,0.0,,False
144,patch,named,64.0,64.0,3,0.0,False,14,62,31000,48.0,0,132,12,0,0,132,12,0,0,0,0,0,2,10,16.0,5.0,0.0,0.0,,False
144,patch,named,64.0,64.0,3,0.0,False,14,63,31500,48.0,0,132,12,0,0,132,12,0,0,0,0,0,2,10,16.0,5.0,0.0,0.0,,False
144,patch,named,64.0,64.0,3,0.0,False,14,64,32000,48.0,0,132,12,0,0,132,12,0,0,0,0,0,2,10,16.0,5.0,0.0,0.0,,False
144,patch,named,64.0,64.0,3,0.0,False,14,65,32500,48.0,0,132,12,0,0,132,12,0,0,0,0,0,2,10,16.0,5.0,0.0,0.0,,False
144,patch,named,64.0,64.0,3,0.0,False,14,66,33000,48.0,0,132,12,0,0,132,12,0,0,0,0,0,2,10,16.0,5.0,0.0,0.0,,False
144,patch,named,64.0,64.0,3,0.0,False,14,67,33500,48.0,0,132,12,0,0,132,12,0,0,0,0,0,2,10,16.0,5.0,0.0,0.0,,False
144,patch,named,64.0,64.0,3,0.0,False,14,68,34000,48.0,0,132,12,0,0,132,12,0,0,0,0,0,2,10,16.0,5.0,0.0,0.0,,False
144,patch,named,64.0,64.0,3,0.0,False,14,69,34500,48.0,0,132,12,0,0,132,12,0,0,0,0,0,2,10,16.0,5.0,0.0,0.0,,False
144,patch,named,64.0,64.0,3,0.0,False,14,70,35000,48.0,0,132,12,0,0,132,12,0,0,0,0,0,2,10,16.0,5.0,0.0,0.0,,False
144,patch,named,64.0,64.0,3,0.0,False,14,71,35500,48.0,0,132,12,0,0,132,12,0,0,0,0,0,2,10,16.0,5.0,0.0,0.0,,False
144,patch,named,64.0,64.0,3,0.0,False,14,72,36000,48.0,0,132,12,0,0,132,12,0,0,0,0,0,2,10,16.0,5.0,0.0,0.0,,False
144,patch,named,64.0,64.0,3,0.0,False,14,73,36500,48.0,0,132,12,0,0,132,12,0,0,0,0,0,2,10,16.0,5.0,0.0,0.0,,False
144,patch,named,64.0,64.0,3,0.0,False,14,74,37000,48.0,0,132,12,0,0,132,12,0,0,0,0,0,2,10,16.0,5.0,0.0,0.0,,False
144,patch,named,64.0,64.0,3,0.0,False,14,75,37500,48.0,0,132,12,0,0,132,12,0,0,0,0,0,2,10,16.0,5.0,0.0,0.0,,False
144,patch,named,64.0,64.0,3,0.0,False,14,76,38000,48.0,0,132,12,0,0,132,12,0,0,0,0,0,2,10,16.0,5.0,0.0,0.0,,False
144,patch,named,64.0,64.0,3,0.0,False,14,77,38500,48.0,0,132,12,0,0,132,12,0,0,0,0,0,2,10,16.0,5.0,0.0,0.0,,False
144,patch,named,64.0,64.0,3,0.0,False,14,78,39000,48.0,0,132,12,0,0,132,12,0,0,0,0,0,2,10,16.0,5.0,0.0,0.0,,False
144,patch,named,64.0,64.0,3,0.0,False,14,79,39500,48.0,0,132,12,0,0,132,12,0,0,0,0,0,2,10,16.0,5.0,0.0,0.0,,False
144,patch,named,64.0,64.0,3,0.0,False,14,80,40000,48.0,0,132,12,0,0,132,12,0,0,0,0,0,2,10,16.0,5.0,0.0,0.0,,False
144,patch,named,64.0,64.0,3,0.0,False,14,81,40500,48.0,0,132,12,0,0,132,12,0,0,0,0,0,2,10,16.0,5.0,0.0,0.0,,False
144,patch,named,64.0,64.0,3,0.0,False,14,82,41000,48.0,0,132,12,0,0,132,12,0,0,0,0,0,2,10,16.0,5.0,0.0,0.0,,False
144,patch,named,64.0,64.0,3,0.0,False,14,83,41500,48.0,0,132,12,0,0,132,12,0,0,0,0,0,2,10,16.0,5.0,0.0,0.0,,False
144,patch,named,64.0,64.0,3,0.0,False,14,84,42000,48.0,0,132,12,0,0,132,12,0,0,0,0,0,2,10,16.0,5.0,0.0,0.0,,False
144,patch,named,64.0,64.0,3,0.0,False,14,85,42500,48.0,0,132,12,0,0,132,12,0,0,0,0,0,2,10,16.0,5.0,0.0,0.0,,False
144,patch,named,64.0,64.0,3,0.0,False,14,86,43000,48.0,0,132,12,0,0,132,12,0,0,0,0,0,2,10,16.0,5.0,0.0,0.0,,False
144,patch,named,64.0,64.0,3,0.0,False,14,87,43500,48.0,0,132,12,0,0,132,12,0,0,0,0,0,2,10,16.0,5.0,0.0,0.0,,False
144,patch,named,64.0,64.0,3,0.0,False,14,88,44000,48.0,0,132,12,0,0,132,12,0,0,0,0,0,2,10,16.0,5.0,0.0,0.0,,False
144,patch,named,64.0,64.0,3,0.0,False,14,89,44500,48.0,0,132,12,0,0,132,12,0,0,0,0,0,2,10,16.0,5.0,0.0,0.0,,False
144,patch,named,64.0,64.0,3,0.0,False,14,90,45000,48.0,0,132,12,0,0,132,12,0,0,0,0,0,2,10,16.0,5.0,0.0,0.0,,False
144,patch,named,64.0,64.0,3,0.0,False,14,91,45500,48.0,0,132,12,0,0,132,12,0,0,0,0,0,2,10,16.0,5.0,0.0,0.0,,False
144,patch,named,64.0,64.0,3,0.0,False,14,92,46000,48.0,0,132,12,0,0,132,12,0,0,0,0,0,2,10,16.0,5.0,0.0,0.0,,False
144,patch,named,64.0,64.0,3,0.0,False,14,93,46500,48.0,0,132,12,0,0,132,12,0,0,0,0,0,2,10,16.0,5.0,0.0,0.0,,False
144,patch,named,64.0,64.0,3,0.0,False,14,94,47000,48.0,0,132,12,0,0,132,12,0,0,0,0,0,2,10,16.0,5.0,0.0,0.0,,False
144,patch,named,64.0,64.0,3,0.0,False,14,95,47500,48.0,0,132,12,0,0,132,12,0,0,0,0,0,2,10,16.0,5.0,0.0,0.0,,False
144,patch,named,64.0,64.0,3,0.0,False,14,96,48000,48.0,0,132,12,0,0,132,12,0,0,0,0,0,2,10,16.0,5.0,0.0,0.0,,False
144,patch,named,64.0,64.0,3,0.0,False,14,97,48500,48.0,0,132,12,0,0,132,12,0,0,0,0,0,2,10,16.0,5.0,0.0,0.0,,False
144,patch,named,64.0,64.0,3,0.0,False,14,98,49000,48.0,0,132,12,0,0,132,12,0,0,0,0,0,2,10,16.0,5.0,0.0,0.0,,False
144,patch,named,64.0,64.0,3,0.0,False,14,99,49500,48.0,0,132,12,0,0,132,12,0,0,0,0,0,2,10,16.0,5.0,0.0,0.0,,False
144,patch,named,64.0,64.0,3,0.0,False,14,100,50000,48.0,0,132,12,0,0,132,12,0,0,0,0,0,2,10,16.0,5.0,0.0,0.0,,True
144,patch,named,64.0,64.0,3,0.0,False,15,0,0,64.0,0,130,14,0,0,130,12,2,0,0,0,0,1,14,0.0,0.0,0.0,0.0,,False
144,patch,named,64.0,64.0,3,0.0,False,15,1,500,32.0,0,136,8,0,0,136,8,0,0,0,0,0,1,8,32.0,16.0,0.0,0.0,,False
144,patch,named,64.0,64.0,3,0.0,False,15,2,1000,32.0,0,136,8,0,0,136,8,0,0,0,0,0,1,8,32.0,16.0,0.0,0.0,,False
144,patch,named,64.0,64.0,3,0.0,False,15,3,1500,32.0,0,136,8,0,0,136,8,0,0,0,0,0,1,8,32.0,16.0,0.0,0.0,,False
144,patch,named,64.0,64.0,3,0.0,False,15,4,2000,32.0,0,136,8,0,0,136,8,0,0,0,0,0,1,8,32.0,16.0,0.0,0.0,,False
144,patch,named,64.0,64.0,3,0.0,False,15,5,2500,32.0,0,136,8,0,0,136,8,0,0,0,0,0,1,8,32.0,16.0,0.0,0.0,,False
144,patch,named,64.0,64.0,3,0.0,False,15,6,3000,32.0,0,136,8,0,0,136,8,0,0,0,0,0,1,8,32.0,16.0,0.0,0.0,,False
144,patch,named,64.0,64.0,3,0.0,False,15,7,3500,32.0,0,136,8,0,0,136,8,0,0,0,0,0,1,8,32.0,16.0,0.0,0.0,,False
144,patch,named,64.0,64.0,3,0.0,False,15,8,4000,48.0,0,132,12,0,0,132,12,0,0,0,0,0,1,12,16.0,16.0,0.0,0.0,,False
144,patch,named,64.0,64.0,3,0.0,False,15,9,4500,32.0,0,136,8,0,0,136,8,0,0,0,0,0,1,8,32.0,32.0,0.0,0.0,,False
144,patch,named,64.0,64.0,3,0.0,False,15,10,5000,52.0,2,132,10,0,2,132,10,0,0,0,1,2,2,8,12.0,12.0,0.0,0.0,,False
144,patch,named,64.0,64.0,3,0.0,False,15,11,5500,52.0,2,132,10,0,2,132,10,0,0,0,1,2,2,8,12.0,12.0,0.0,0.0,,False
144,patch,named,64.0,64.0,3,0.0,False,15,12,6000,52.0,2,132,10,0,2,132,10,0,0,0,1,2,2,8,12.0,12.0,0.0,0.0,,False
144,patch,named,64.0,64.0,3,0.0,False,15,13,6500,52.0,2,132,10,0,2,132,10,0,0,0,1,2,2,8,12.0,11.0,0.0,0.0,,False
144,patch,named,64.0,64.0,3,0.0,False,15,14,7000,63.0,1,131,12,0,1,131,11,1,0,0,1,1,3,10,1.0,1.0,0.0,0.0,,False
144,patch,named,64.0,64.0,3,0.0,False,15,15,7500,63.0,1,131,12,0,1,131,11,1,0,0,1,1,3,10,1.0,1.0,0.0,0.0,,False
144,patch,named,64.0,64.0,3,0.0,False,15,16,8000,48.0,0,132,12,0,0,132,12,0,0,0,0,0,2,8,16.0,10.0,0.0,0.0,,False
144,patch,named,64.0,64.0,3,0.0,False,15,17,8500,48.0,0,132,12,0,0,132,12,0,0,0,0,0,2,8,16.0,10.0,0.0,0.0,,False
144,patch,named,64.0,64.0,3,0.0,False,15,18,9000,48.0,0,132,12,0,0,132,12,0,0,0,0,0,2,8,16.0,10.0,0.0,0.0,,False
144,patch,named,64.0,64.0,3,0.0,False,15,19,9500,48.0,0,132,12,0,0,132,12,0,0,0,0,0,2,10,16.0,10.0,0.0,0.0,,False
144,patch,named,64.0,64.0,3,0.0,False,15,20,10000,48.0,0,132,12,0,0,132,12,0,0,0,0,0,2,10,16.0,10.0,0.0,0.0,,False
144,patch,named,64.0,64.0,3,0.0,False,15,21,10500,48.0,0,132,12,0,0,132,12,0,0,0,0,0,2,10,16.0,10.0,0.0,0.0,,False
144,patch,named,64.0,64.0,3,0.0,False,15,22,11000,48.0,0,132,12,0,0,132,12,0,0,0,0,0,2,10,16.0,10.0,0.0,0.0,,False
144,patch,named,64.0,64.0,3,0.0,False,15,23,11500,52.0,1,135,8,0,1,135,7,1,0,0,1,1,4,4,12.0,10.0,0.0,0.0,,False
144,patch,named,64.0,64.0,3,0.0,False,15,24,12000,52.0,1,135,8,0,1,135,7,1,0,0,1,1,4,4,12.0,10.0,0.0,0.0,,False
144,patch,named,64.0,64.0,3,0.0,False,15,25,12500,52.0,1,135,8,0,1,135,7,1,0,0,1,1,4,4,12.0,10.0,0.0,0.0,,False
144,patch,named,64.0,64.0,3,0.0,False,15,26,13000,52.0,1,135,8,0,1,135,7,1,0,0,1,1,4,4,12.0,10.0,0.0,0.0,,False
144,patch,named,64.0,64.0,3,0.0,False,15,27,13500,52.0,1,135,8,0,1,135,7,1,0,0,1,1,4,4,12.0,10.0,0.0,0.0,,False
144,patch,named,64.0,64.0,3,0.0,False,15,28,14000,53.0,0,133,11,0,0,133,10,1,0,0,0,0,2,9,11.0,10.0,0.0,0.0,,False
144,patch,named,64.0,64.0,3,0.0,False,15,29,14500,48.0,0,132,12,0,0,132,12,0,0,0,0,0,3,8,16.0,10.0,0.0,0.0,,False
144,patch,named,64.0,64.0,3,0.0,False,15,30,15000,48.0,0,132,12,0,0,132,12,0,0,0,0,0,3,8,16.0,10.0,0.0,0.0,,False
144,patch,named,64.0,64.0,3,0.0,False,15,31,15500,48.0,0,132,12,0,0,132,12,0,0,0,0,0,3,8,16.0,10.0,0.0,0.0,,False
144,patch,named,64.0,64.0,3,0.0,False,15,32,16000,48.0,0,132,12,0,0,132,12,0,0,0,0,0,3,8,16.0,10.0,0.0,0.0,,False
144,patch,named,64.0,64.0,3,0.0,False,15,33,16500,48.0,0,132,12,0,0,132,12,0,0,0,0,0,3,8,16.0,10.0,0.0,0.0,,False
144,patch,named,64.0,64.0,3,0.0,False,15,34,17000,48.0,0,132,12,0,0,132,12,0,0,0,0,0,3,8,16.0,10.0,0.0,0.0,,False
144,patch,named,64.0,64.0,3,0.0,False,15,35,17500,48.0,0,132,12,0,0,132,12,0,0,0,0,0,3,8,16.0,10.0,0.0,0.0,,False
144,patch,named,64.0,64.0,3,0.0,False,15,36,18000,48.0,0,132,12,0,0,132,12,0,0,0,0,0,3,8,16.0,10.0,0.0,0.0,,False
144,patch,named,64.0,64.0,3,0.0,False,15,37,18500,48.0,0,132,12,0,0,132,12,0,0,0,0,0,3,8,16.0,10.0,0.0,0.0,,False
144,patch,named,64.0,64.0,3,0.0,False,15,38,19000,48.0,0,132,12,0,0,132,12,0,0,0,0,0,3,8,16.0,10.0,0.0,0.0,,False
144,patch,named,64.0,64.0,3,0.0,False,15,39,19500,48.0,0,132,12,0,0,132,12,0,0,0,0,0,3,8,16.0,10.0,0.0,0.0,,False
144,patch,named,64.0,64.0,3,0.0,False,15,40,20000,52.0,1,135,8,0,1,135,7,1,0,0,1,1,4,4,12.0,10.0,0.0,0.0,,False
144,patch,named,64.0,64.0,3,0.0,False,15,41,20500,53.0,0,133,11,0,0,133,10,1,0,0,0,0,1,11,11.0,9.0,0.0,0.0,,False
144,patch,named,64.0,64.0,3,0.0,False,15,42,21000,52.0,1,135,8,0,1,135,7,1,0,0,1,1,4,4,12.0,9.0,0.0,0.0,,False
144,patch,named,64.0,64.0,3,0.0,False,15,43,21500,52.0,1,135,8,0,1,135,7,1,0,0,1,1,4,4,12.0,9.0,0.0,0.0,,False
144,patch,named,64.0,64.0,3,0.0,False,15,44,22000,48.0,0,132,12,0,0,132,12,0,0,0,0,0,2,10,16.0,9.0,0.0,0.0,,False
144,patch,named,64.0,64.0,3,0.0,False,15,45,22500,48.0,0,132,12,0,0,132,12,0,0,0,0,0,2,8,16.0,9.0,0.0,0.0,,False
144,patch,named,64.0,64.0,3,0.0,False,15,46,23000,48.0,0,132,12,0,0,132,12,0,0,0,0,0,2,10,16.0,9.0,0.0,0.0,,False
144,patch,named,64.0,64.0,3,0.0,False,15,47,23500,48.0,0,132,12,0,0,132,12,0,0,0,0,0,2,8,16.0,9.0,0.0,0.0,,False
144,patch,named,64.0,64.0,3,0.0,False,15,48,24000,48.0,0,132,12,0,0,132,12,0,0,0,0,0,2,8,16.0,9.0,0.0,0.0,,False
144,patch,named,64.0,64.0,3,0.0,False,15,49,24500,48.0,0,132,12,0,0,132,12,0,0,0,0,0,2,8,16.0,9.0,0.0,0.0,,False
144,patch,named,64.0,64.0,3,0.0,False,15,50,25000,48.0,0,132,12,0,0,132,12,0,0,0,0,0,2,10,16.0,9.0,0.0,0.0,,False
144,patch,named,64.0,64.0,3,0.0,False,15,51,25500,48.0,0,132,12,0,0,132,12,0,0,0,0,0,2,8,16.0,9.0,0.0,0.0,,False
144,patch,named,64.0,64.0,3,0.0,False,15,52,26000,48.0,0,132,12,0,0,132,12,0,0,0,0,0,2,8,16.0,9.0,0.0,0.0,,False
144,patch,named,64.0,64.0,3,0.0,False,15,53,26500,48.0,0,132,12,0,0,132,12,0,0,0,0,0,2,8,16.0,9.0,0.0,0.0,,False
144,patch,named,64.0,64.0,3,0.0,False,15,54,27000,48.0,0,132,12,0,0,132,12,0,0,0,0,0,2,8,16.0,9.0,0.0,0.0,,False
144,patch,named,64.0,64.0,3,0.0,False,15,55,27500,48.0,0,132,12,0,0,132,12,0,0,0,0,0,2,10,16.0,9.0,0.0,0.0,,False
144,patch,named,64.0,64.0,3,0.0,False,15,56,28000,48.0,0,132,12,0,0,132,12,0,0,0,0,0,2,10,16.0,9.0,0.0,0.0,,False
144,patch,named,64.0,64.0,3,0.0,False,15,57,28500,48.0,0,132,12,0,0,132,12,0,0,0,0,0,2,8,16.0,5.0,0.0,0.0,,False
144,patch,named,64.0,64.0,3,0.0,False,15,58,29000,48.0,0,132,12,0,0,132,12,0,0,0,0,0,2,10,16.0,5.0,0.0,0.0,,False
144,patch,named,64.0,64.0,3,0.0,False,15,59,29500,48.0,0,132,12,0,0,132,12,0,0,0,0,0,2,10,16.0,5.0,0.0,0.0,,False
144,patch,named,64.0,64.0,3,0.0,False,15,60,30000,48.0,0,132,12,0,0,132,12,0,0,0,0,0,2,10,16.0,5.0,0.0,0.0,,False
144,patch,named,64.0,64.0,3,0.0,False,15,61,30500,48.0,0,132,12,0,0,132,12,0,0,0,0,0,2,8,16.0,5.0,0.0,0.0,,False
144,patch,named,64.0,64.0,3,0.0,False,15,62,31000,48.0,0,132,12,0,0,132,12,0,0,0,0,0,2,8,16.0,5.0,0.0,0.0,,False
144,patch,named,64.0,64.0,3,0.0,False,15,63,31500,48.0,0,132,12,0,0,132,12,0,0,0,0,0,2,10,16.0,5.0,0.0,0.0,,False
144,patch,named,64.0,64.0,3,0.0,False,15,64,32000,48.0,0,132,12,0,0,132,12,0,0,0,0,0,2,10,16.0,5.0,0.0,0.0,,False
144,patch,named,64.0,64.0,3,0.0,False,15,65,32500,48.0,0,132,12,0,0,132,12,0,0,0,0,0,2,10,16.0,5.0,0.0,0.0,,False
144,patch,named,64.0,64.0,3,0.0,False,15,66,33000,48.0,0,132,12,0,0,132,12,0,0,0,0,0,2,8,16.0,5.0,0.0,0.0,,False
144,patch,named,64.0,64.0,3,0.0,False,15,67,33500,48.0,0,132,12,0,0,132,12,0,0,0,0,0,2,8,16.0,5.0,0.0,0.0,,False
144,patch,named,64.0,64.0,3,0.0,False,15,68,34000,48.0,0,132,12,0,0,132,12,0,0,0,0,0,2,10,16.0,5.0,0.0,0.0,,False
144,patch,named,64.0,64.0,3,0.0,False,15,69,34500,48.0,0,132,12,0,0,132,12,0,0,0,0,0,2,10,16.0,5.0,0.0,0.0,,False
144,patch,named,64.0,64.0,3,0.0,False,15,70,35000,48.0,0,132,12,0,0,132,12,0,0,0,0,0,2,8,16.0,5.0,0.0,0.0,,False
144,patch,named,64.0,64.0,3,0.0,False,15,71,35500,48.0,0,132,12,0,0,132,12,0,0,0,0,0,2,10,16.0,5.0,0.0,0.0,,False
144,patch,named,64.0,64.0,3,0.0,False,15,72,36000,48.0,0,132,12,0,0,132,12,0,0,0,0,0,2,8,16.0,5.0,0.0,0.0,,False
144,patch,named,64.0,64.0,3,0.0,False,15,73,36500,48.0,0,132,12,0,0,132,12,0,0,0,0,0,2,10,16.0,5.0,0.0,0.0,,False
144,patch,named,64.0,64.0,3,0.0,False,15,74,37000,48.0,0,132,12,0,0,132,12,0,0,0,0,0,2,8,16.0,5.0,0.0,0.0,,False
144,patch,named,64.0,64.0,3,0.0,False,15,75,37500,48.0,0,132,12,0,0,132,12,0,0,0,0,0,2,8,16.0,5.0,0.0,0.0,,False
144,patch,named,64.0,64.0,3,0.0,False,15,76,38000,48.0,0,132,12,0,0,132,12,0,0,0,0,0,2,10,16.0,5.0,0.0,0.0,,False
144,patch,named,64.0,64.0,3,0.0,False,15,77,38500,48.0,0,132,12,0,0,132,12,0,0,0,0,0,2,10,16.0,5.0,0.0,0.0,,False
144,patch,named,64.0,64.0,3,0.0,False,15,78,39000,48.0,0,132,12,0,0,132,12,0,0,0,0,0,2,10,16.0,5.0,0.0,0.0,,False
144,patch,named,64.0,64.0,3,0.0,False,15,79,39500,48.0,0,132,12,0,0,132,12,0,0,0,0,0,2,8,16.0,5.0,0.0,0.0,,False
144,patch,named,64.0,64.0,3,0.0,False,15,80,40000,48.0,0,132,12,0,0,132,12,0,0,0,0,0,2,10,16.0,5.0,0.0,0.0,,False
144,patch,named,64.0,64.0,3,0.0,False,15,81,40500,48.0,0,132,12,0,0,132,12,0,0,0,0,0,2,10,16.0,5.0,0.0,0.0,,False
144,patch,named,64.0,64.0,3,0.0,False,15,82,41000,48.0,0,132,12,0,0,132,12,0,0,0,0,0,2,8,16.0,5.0,0.0,0.0,,False
144,patch,named,64.0,64.0,3,0.0,False,15,83,41500,48.0,0,132,12,0,0,132,12,0,0,0,0,0,2,10,16.0,5.0,0.0,0.0,,False
144,patch,named,64.0,64.0,3,0.0,False,15,84,42000,48.0,0,132,12,0,0,132,12,0,0,0,0,0,2,10,16.0,5.0,0.0,0.0,,False
144,patch,named,64.0,64.0,3,0.0,False,15,85,42500,48.0,0,132,12,0,0,132,12,0,0,0,0,0,2,8,16.0,5.0,0.0,0.0,,False
144,patch,named,64.0,64.0,3,0.0,False,15,86,43000,52.0,1,135,8,0,1,135,7,1,0,0,1,1,4,4,12.0,5.0,0.0,0.0,,False
144,patch,named,64.0,64.0,3,0.0,False,15,87,43500,52.0,1,135,8,0,1,135,7,1,0,0,1,1,4,4,12.0,5.0,0.0,0.0,,False
144,patch,named,64.0,64.0,3,0.0,False,15,88,44000,52.0,1,135,8,0,1,135,7,1,0,0,1,1,4,4,12.0,5.0,0.0,0.0,,False
144,patch,named,64.0,64.0,3,0.0,False,15,89,44500,48.0,0,132,12,0,0,132,12,0,0,0,0,0,2,8,16.0,5.0,0.0,0.0,,False
144,patch,named,64.0,64.0,3,0.0,False,15,90,45000,48.0,0,132,12,0,0,132,12,0,0,0,0,0,2,10,16.0,5.0,0.0,0.0,,False
144,patch,named,64.0,64.0,3,0.0,False,15,91,45500,48.0,0,132,12,0,0,132,12,0,0,0,0,0,2,10,16.0,5.0,0.0,0.0,,False
144,patch,named,64.0,64.0,3,0.0,False,15,92,46000,48.0,0,132,12,0,0,132,12,0,0,0,0,0,2,8,16.0,5.0,0.0,0.0,,False
144,patch,named,64.0,64.0,3,0.0,False,15,93,46500,48.0,0,132,12,0,0,132,12,0,0,0,0,0,2,10,16.0,5.0,0.0,0.0,,False
144,patch,named,64.0,64.0,3,0.0,False,15,94,47000,48.0,0,132,12,0,0,132,12,0,0,0,0,0,2,8,16.0,5.0,0.0,0.0,,False
144,patch,named,64.0,64.0,3,0.0,False,15,95,47500,48.0,0,132,12,0,0,132,12,0,0,0,0,0,2,8,16.0,5.0,0.0,0.0,,False
144,patch,named,64.0,64.0,3,0.0,False,15,96,48000,48.0,0,132,12,0,0,132,12,0,0,0,0,0,2,10,16.0,5.0,0.0,0.0,,False
144,patch,named,64.0,64.0,3,0.0,False,15,97,48500,48.0,0,132,12,0,0,132,12,0,0,0,0,0,2,8,16.0,5.0,0.0,0.0,,False
144,patch,named,64.0,64.0,3,0.0,False,15,98,49000,48.0,0,132,12,0,0,132,12,0,0,0,0,0,2,8,16.0,5.0,0.0,0.0,,False
144,patch,named,64.0,64.0,3,0.0,False,15,99,49500,48.0,0,132,12,0,0,132,12,0,0,0,0,0,2,8,16.0,5.0,0.0,0.0,,False
144,patch,named,64.0,64.0,3,0.0,False,15,100,50000,48.0,0,132,12,0,0,132,12,0,0,0,0,0,2,8,16.0,5.0,0.0,0.0,,True
144,patch,named,64.0,64.0,3,0.0,False,16,0,0,64.0,0,130,14,0,0,130,12,2,0,0,0,0,1,14,0.0,0.0,0.0,0.0,,False
144,patch,named,64.0,64.0,3,0.0,False,16,1,500,42.0,0,136,8,0,0,136,8,0,0,0,0,0,1,8,22.0,16.0,0.0,0.0,,False
144,patch,named,64.0,64.0,3,0.0,False,16,2,1000,42.0,0,136,8,0,0,136,8,0,0,0,0,0,1,8,22.0,16.0,0.0,0.0,,False
144,patch,named,64.0,64.0,3,0.0,False,16,3,1500,0.0,0,144,0,0,0,144,0,0,0,0,0,0,0,0,64.0,32.0,0.0,0.0,,False
144,patch,named,64.0,64.0,3,0.0,False,16,4,2000,32.0,0,136,8,0,0,136,8,0,0,0,0,0,1,8,32.0,16.0,0.0,0.0,,False
144,patch,named,64.0,64.0,3,0.0,False,16,5,2500,32.0,0,136,8,0,0,136,8,0,0,0,0,0,1,8,32.0,16.0,0.0,0.0,,False
144,patch,named,64.0,64.0,3,0.0,False,16,6,3000,32.0,0,136,8,0,0,136,8,0,0,0,0,0,1,8,32.0,16.0,0.0,0.0,,False
144,patch,named,64.0,64.0,3,0.0,False,16,7,3500,32.0,0,136,8,0,0,136,8,0,0,0,0,0,1,8,32.0,16.0,0.0,0.0,,False
144,patch,named,64.0,64.0,3,0.0,False,16,8,4000,32.0,0,136,8,0,0,136,8,0,0,0,0,0,1,8,32.0,16.0,0.0,0.0,,False
144,patch,named,64.0,64.0,3,0.0,False,16,9,4500,32.0,0,136,8,0,0,136,8,0,0,0,0,0,1,8,32.0,16.0,0.0,0.0,,False
144,patch,named,64.0,64.0,3,0.0,False,16,10,5000,32.0,0,136,8,0,0,136,8,0,0,0,0,0,1,8,32.0,16.0,0.0,0.0,,False
144,patch,named,64.0,64.0,3,0.0,False,16,11,5500,32.0,0,136,8,0,0,136,8,0,0,0,0,0,1,8,32.0,16.0,0.0,0.0,,False
144,patch,named,64.0,64.0,3,0.0,False,16,12,6000,48.0,0,132,12,0,0,132,12,0,0,0,0,0,1,12,16.0,10.0,0.0,0.0,,False
144,patch,named,64.0,64.0,3,0.0,False,16,13,6500,32.0,0,136,8,0,0,136,8,0,0,0,0,0,1,8,32.0,16.0,0.0,0.0,,False
144,patch,named,64.0,64.0,3,0.0,False,16,14,7000,32.0,0,137,7,0,0,137,6,1,0,0,0,0,1,7,32.0,16.0,0.0,0.0,,False
144,patch,named,64.0,64.0,3,0.0,False,16,15,7500,32.0,0,137,7,0,0,137,6,1,0,0,0,0,1,7,32.0,10.0,0.0,0.0,,False
144,patch,named,64.0,64.0,3,0.0,False,16,16,8000,32.0,0,136,8,0,0,136,8,0,0,0,0,0,1,8,32.0,10.0,0.0,0.0,,False
144,patch,named,64.0,64.0,3,0.0,False,16,17,8500,32.0,0,136,8,0,0,136,8,0,0,0,0,0,1,8,32.0,10.0,0.0,0.0,,False
144,patch,named,64.0,64.0,3,0.0,False,16,18,9000,26.0,0,140,4,0,0,140,4,0,0,0,0,0,2,3,38.0,10.0,0.0,0.0,,False
144,patch,named,64.0,64.0,3,0.0,False,16,19,9500,26.0,0,140,4,0,0,140,4,0,0,0,0,0,2,3,38.0,10.0,0.0,0.0,,False
144,patch,named,64.0,64.0,3,0.0,False,16,20,10000,26.0,0,140,4,0,0,140,4,0,0,0,0,0,2,3,38.0,10.0,0.0,0.0,,False
144,patch,named,64.0,64.0,3,0.0,False,16,21,10500,26.0,0,140,4,0,0,140,4,0,0,0,0,0,2,3,38.0,10.0,0.0,0.0,,False
144,patch,named,64.0,64.0,3,0.0,False,16,22,11000,26.0,0,140,4,0,0,140,4,0,0,0,0,0,2,3,38.0,10.0,0.0,0.0,,False
144,patch,named,64.0,64.0,3,0.0,False,16,23,11500,26.0,0,140,4,0,0,140,4,0,0,0,0,0,2,3,38.0,10.0,0.0,0.0,,False
144,patch,named,64.0,64.0,3,0.0,False,16,24,12000,26.0,0,140,4,0,0,140,4,0,0,0,0,0,2,3,38.0,10.0,0.0,0.0,,False
144,patch,named,64.0,64.0,3,0.0,False,16,25,12500,26.0,0,140,4,0,0,140,4,0,0,0,0,0,2,3,38.0,10.0,0.0,0.0,,False
144,patch,named,64.0,64.0,3,0.0,False,16,26,13000,26.0,0,140,4,0,0,140,4,0,0,0,0,0,2,3,38.0,6.0,0.0,0.0,,False
144,patch,named,64.0,64.0,3,0.0,False,16,27,13500,26.0,0,140,4,0,0,140,4,0,0,0,0,0,2,3,38.0,6.0,0.0,0.0,,False
144,patch,named,64.0,64.0,3,0.0,False,16,28,14000,26.0,0,140,4,0,0,140,4,0,0,0,0,0,2,3,38.0,6.0,0.0,0.0,,False
144,patch,named,64.0,64.0,3,0.0,False,16,29,14500,26.0,0,140,4,0,0,140,4,0,0,0,0,0,2,3,38.0,6.0,0.0,0.0,,False
144,patch,named,64.0,64.0,3,0.0,False,16,30,15000,32.0,0,137,7,0,0,137,6,1,0,0,0,0,1,7,32.0,6.0,0.0,0.0,,False
144,patch,named,64.0,64.0,3,0.0,False,16,31,15500,32.0,0,136,8,0,0,136,8,0,0,0,0,0,1,8,32.0,6.0,0.0,0.0,,False
144,patch,named,64.0,64.0,3,0.0,False,16,32,16000,32.0,0,136,8,0,0,136,8,0,0,0,0,0,1,8,32.0,6.0,0.0,0.0,,False
144,patch,named,64.0,64.0,3,0.0,False,16,33,16500,26.0,0,140,4,0,0,140,4,0,0,0,0,0,2,3,38.0,6.0,0.0,0.0,,False
144,patch,named,64.0,64.0,3,0.0,False,16,34,17000,26.0,0,140,4,0,0,140,4,0,0,0,0,0,2,3,38.0,6.0,0.0,0.0,,False
144,patch,named,64.0,64.0,3,0.0,False,16,35,17500,26.0,0,140,4,0,0,140,4,0,0,0,0,0,2,3,38.0,6.0,0.0,0.0,,False
144,patch,named,64.0,64.0,3,0.0,False,16,36,18000,26.0,0,140,4,0,0,140,4,0,0,0,0,0,2,3,38.0,6.0,0.0,0.0,,False
144,patch,named,64.0,64.0,3,0.0,False,16,37,18500,26.0,0,140,4,0,0,140,4,0,0,0,0,0,2,3,38.0,6.0,0.0,0.0,,False
144,patch,named,64.0,64.0,3,0.0,False,16,38,19000,26.0,0,140,4,0,0,140,4,0,0,0,0,0,2,3,38.0,6.0,0.0,0.0,,False
144,patch,named,64.0,64.0,3,0.0,False,16,39,19500,26.0,0,140,4,0,0,140,4,0,0,0,0,0,2,3,38.0,6.0,0.0,0.0,,False
144,patch,named,64.0,64.0,3,0.0,False,16,40,20000,26.0,0,140,4,0,0,140,4,0,0,0,0,0,2,3,38.0,6.0,0.0,0.0,,False
144,patch,named,64.0,64.0,3,0.0,False,16,41,20500,26.0,0,140,4,0,0,140,4,0,0,0,0,0,2,3,38.0,6.0,0.0,0.0,,False
144,patch,named,64.0,64.0,3,0.0,False,16,42,21000,26.0,0,140,4,0,0,140,4,0,0,0,0,0,2,3,38.0,6.0,0.0,0.0,,False
144,patch,named,64.0,64.0,3,0.0,False,16,43,21500,26.0,0,140,4,0,0,140,4,0,0,0,0,0,2,3,38.0,6.0,0.0,0.0,,False
144,patch,named,64.0,64.0,3,0.0,False,16,44,22000,26.0,0,140,4,0,0,140,4,0,0,0,0,0,2,3,38.0,6.0,0.0,0.0,,False
144,patch,named,64.0,64.0,3,0.0,False,16,45,22500,26.0,0,140,4,0,0,140,4,0,0,0,0,0,2,3,38.0,6.0,0.0,0.0,,False
144,patch,named,64.0,64.0,3,0.0,False,16,46,23000,26.0,0,140,4,0,0,140,4,0,0,0,0,0,2,3,38.0,6.0,0.0,0.0,,False
144,patch,named,64.0,64.0,3,0.0,False,16,47,23500,26.0,0,140,4,0,0,140,4,0,0,0,0,0,2,3,38.0,6.0,0.0,0.0,,False
144,patch,named,64.0,64.0,3,0.0,False,16,48,24000,26.0,0,140,4,0,0,140,4,0,0,0,0,0,2,3,38.0,6.0,0.0,0.0,,False
144,patch,named,64.0,64.0,3,0.0,False,16,49,24500,26.0,0,140,4,0,0,140,4,0,0,0,0,0,2,3,38.0,6.0,0.0,0.0,,False
144,patch,named,64.0,64.0,3,0.0,False,16,50,25000,26.0,0,140,4,0,0,140,4,0,0,0,0,0,2,3,38.0,6.0,0.0,0.0,,False
144,patch,named,64.0,64.0,3,0.0,False,16,51,25500,26.0,0,140,4,0,0,140,4,0,0,0,0,0,2,3,38.0,6.0,0.0,0.0,,False
144,patch,named,64.0,64.0,3,0.0,False,16,52,26000,26.0,0,140,4,0,0,140,4,0,0,0,0,0,2,3,38.0,6.0,0.0,0.0,,False
144,patch,named,64.0,64.0,3,0.0,False,16,53,26500,26.0,0,140,4,0,0,140,4,0,0,0,0,0,2,3,38.0,6.0,0.0,0.0,,False
144,patch,named,64.0,64.0,3,0.0,False,16,54,27000,26.0,0,140,4,0,0,140,4,0,0,0,0,0,2,3,38.0,6.0,0.0,0.0,,False
144,patch,named,64.0,64.0,3,0.0,False,16,55,27500,26.0,0,140,4,0,0,140,4,0,0,0,0,0,2,3,38.0,6.0,0.0,0.0,,False
144,patch,named,64.0,64.0,3,0.0,False,16,56,28000,26.0,0,140,4,0,0,140,4,0,0,0,0,0,2,3,38.0,6.0,0.0,0.0,,False
144,patch,named,64.0,64.0,3,0.0,False,16,57,28500,26.0,0,140,4,0,0,140,4,0,0,0,0,0,2,3,38.0,6.0,0.0,0.0,,False
144,patch,named,64.0,64.0,3,0.0,False,16,58,29000,26.0,0,140,4,0,0,140,4,0,0,0,0,0,2,3,38.0,6.0,0.0,0.0,,False
144,patch,named,64.0,64.0,3,0.0,False,16,59,29500,26.0,0,140,4,0,0,140,4,0,0,0,0,0,2,3,38.0,6.0,0.0,0.0,,False
144,patch,named,64.0,64.0,3,0.0,False,16,60,30000,26.0,0,140,4,0,0,140,4,0,0,0,0,0,2,3,38.0,6.0,0.0,0.0,,False
144,patch,named,64.0,64.0,3,0.0,False,16,61,30500,26.0,0,140,4,0,0,140,4,0,0,0,0,0,2,3,38.0,6.0,0.0,0.0,,False
144,patch,named,64.0,64.0,3,0.0,False,16,62,31000,26.0,0,140,4,0,0,140,4,0,0,0,0,0,2,3,38.0,6.0,0.0,0.0,,False
144,patch,named,64.0,64.0,3,0.0,False,16,63,31500,32.0,0,136,8,0,0,136,8,0,0,0,0,0,1,8,32.0,6.0,0.0,0.0,,False
144,patch,named,64.0,64.0,3,0.0,False,16,64,32000,26.0,0,140,4,0,0,140,4,0,0,0,0,0,2,3,38.0,6.0,0.0,0.0,,False
144,patch,named,64.0,64.0,3,0.0,False,16,65,32500,26.0,0,140,4,0,0,140,4,0,0,0,0,0,2,3,38.0,6.0,0.0,0.0,,False
144,patch,named,64.0,64.0,3,0.0,False,16,66,33000,26.0,0,140,4,0,0,140,4,0,0,0,0,0,2,3,38.0,6.0,0.0,0.0,,False
144,patch,named,64.0,64.0,3,0.0,False,16,67,33500,26.0,0,140,4,0,0,140,4,0,0,0,0,0,2,3,38.0,6.0,0.0,0.0,,False
144,patch,named,64.0,64.0,3,0.0,False,16,68,34000,26.0,0,140,4,0,0,140,4,0,0,0,0,0,2,3,38.0,6.0,0.0,0.0,,False
144,patch,named,64.0,64.0,3,0.0,False,16,69,34500,26.0,0,140,4,0,0,140,4,0,0,0,0,0,2,3,38.0,6.0,0.0,0.0,,False
144,patch,named,64.0,64.0,3,0.0,False,16,70,35000,26.0,0,140,4,0,0,140,4,0,0,0,0,0,2,3,38.0,6.0,0.0,0.0,,False
144,patch,named,64.0,64.0,3,0.0,False,16,71,35500,26.0,0,140,4,0,0,140,4,0,0,0,0,0,2,3,38.0,6.0,0.0,0.0,,False
144,patch,named,64.0,64.0,3,0.0,False,16,72,36000,26.0,0,140,4,0,0,140,4,0,0,0,0,0,2,3,38.0,6.0,0.0,0.0,,False
144,patch,named,64.0,64.0,3,0.0,False,16,73,36500,26.0,0,140,4,0,0,140,4,0,0,0,0,0,2,3,38.0,6.0,0.0,0.0,,False
144,patch,named,64.0,64.0,3,0.0,False,16,74,37000,26.0,0,140,4,0,0,140,4,0,0,0,0,0,2,3,38.0,6.0,0.0,0.0,,False
144,patch,named,64.0,64.0,3,0.0,False,16,75,37500,26.0,0,140,4,0,0,140,4,0,0,0,0,0,2,3,38.0,6.0,0.0,0.0,,False
144,patch,named,64.0,64.0,3,0.0,False,16,76,38000,26.0,0,140,4,0,0,140,4,0,0,0,0,0,2,3,38.0,6.0,0.0,0.0,,False
144,patch,named,64.0,64.0,3,0.0,False,16,77,38500,26.0,0,140,4,0,0,140,4,0,0,0,0,0,2,3,38.0,6.0,0.0,0.0,,False
144,patch,named,64.0,64.0,3,0.0,False,16,78,39000,26.0,0,140,4,0,0,140,4,0,0,0,0,0,2,3,38.0,6.0,0.0,0.0,,False
144,patch,named,64.0,64.0,3,0.0,False,16,79,39500,32.0,0,136,8,0,0,136,8,0,0,0,0,0,1,8,32.0,6.0,0.0,0.0,,False
144,patch,named,64.0,64.0,3,0.0,False,16,80,40000,32.0,0,136,8,0,0,136,8,0,0,0,0,0,1,8,32.0,6.0,0.0,0.0,,False
144,patch,named,64.0,64.0,3,0.0,False,16,81,40500,26.0,0,140,4,0,0,140,4,0,0,0,0,0,2,3,38.0,6.0,0.0,0.0,,False
144,patch,named,64.0,64.0,3,0.0,False,16,82,41000,26.0,0,140,4,0,0,140,4,0,0,0,0,0,2,3,38.0,6.0,0.0,0.0,,False
144,patch,named,64.0,64.0,3,0.0,False,16,83,41500,26.0,0,140,4,0,0,140,4,0,0,0,0,0,2,3,38.0,6.0,0.0,0.0,,False
144,patch,named,64.0,64.0,3,0.0,False,16,84,42000,26.0,0,140,4,0,0,140,4,0,0,0,0,0,2,3,38.0,6.0,0.0,0.0,,False
144,patch,named,64.0,64.0,3,0.0,False,16,85,42500,26.0,0,140,4,0,0,140,4,0,0,0,0,0,2,3,38.0,6.0,0.0,0.0,,False
144,patch,named,64.0,64.0,3,0.0,False,16,86,43000,26.0,0,140,4,0,0,140,4,0,0,0,0,0,2,3,38.0,6.0,0.0,0.0,,False
144,patch,named,64.0,64.0,3,0.0,False,16,87,43500,26.0,0,140,4,0,0,140,4,0,0,0,0,0,2,3,38.0,6.0,0.0,0.0,,False
144,patch,named,64.0,64.0,3,0.0,False,16,88,44000,26.0,0,140,4,0,0,140,4,0,0,0,0,0,2,3,38.0,6.0,0.0,0.0,,False
144,patch,named,64.0,64.0,3,0.0,False,16,89,44500,26.0,0,140,4,0,0,140,4,0,0,0,0,0,2,3,38.0,6.0,0.0,0.0,,False
144,patch,named,64.0,64.0,3,0.0,False,16,90,45000,26.0,0,140,4,0,0,140,4,0,0,0,0,0,2,3,38.0,6.0,0.0,0.0,,False
144,patch,named,64.0,64.0,3,0.0,False,16,91,45500,26.0,0,140,4,0,0,140,4,0,0,0,0,0,2,3,38.0,6.0,0.0,0.0,,False
144,patch,named,64.0,64.0,3,0.0,False,16,92,46000,26.0,0,140,4,0,0,140,4,0,0,0,0,0,2,3,38.0,6.0,0.0,0.0,,False
144,patch,named,64.0,64.0,3,0.0,False,16,93,46500,26.0,0,140,4,0,0,140,4,0,0,0,0,0,2,3,38.0,6.0,0.0,0.0,,False
144,patch,named,64.0,64.0,3,0.0,False,16,94,47000,26.0,0,140,4,0,0,140,4,0,0,0,0,0,2,3,38.0,6.0,0.0,0.0,,False
144,patch,named,64.0,64.0,3,0.0,False,16,95,47500,26.0,0,140,4,0,0,140,4,0,0,0,0,0,2,3,38.0,6.0,0.0,0.0,,False
144,patch,named,64.0,64.0,3,0.0,False,16,96,48000,26.0,0,140,4,0,0,140,4,0,0,0,0,0,2,3,38.0,6.0,0.0,0.0,,False
144,patch,named,64.0,64.0,3,0.0,False,16,97,48500,26.0,0,140,4,0,0,140,4,0,0,0,0,0,2,3,38.0,6.0,0.0,0.0,,False
144,patch,named,64.0,64.0,3,0.0,False,16,98,49000,26.0,0,140,4,0,0,140,4,0,0,0,0,0,2,3,38.0,6.0,0.0,0.0,,False
144,patch,named,64.0,64.0,3,0.0,False,16,99,49500,26.0,0,140,4,0,0,140,4,0,0,0,0,0,2,3,38.0,6.0,0.0,0.0,,False
144,patch,named,64.0,64.0,3,0.0,False,16,100,50000,26.0,0,140,4,0,0,140,4,0,0,0,0,0,2,3,38.0,6.0,0.0,0.0,,True
144,patch,named,64.0,64.0,3,0.0,False,17,0,0,64.0,0,129,15,0,0,129,14,1,0,0,0,0,1,15,0.0,0.0,0.0,0.0,,False
144,patch,named,64.0,64.0,3,0.0,False,17,1,500,32.0,0,136,8,0,0,136,8,0,0,0,0,0,1,8,32.0,16.0,0.0,0.0,,False
144,patch,named,64.0,64.0,3,0.0,False,17,2,1000,32.0,0,136,8,0,0,136,8,0,0,0,0,0,1,8,32.0,16.0,0.0,0.0,,False
144,patch,named,64.0,64.0,3,0.0,False,17,3,1500,32.0,0,136,8,0,0,136,8,0,0,0,0,0,1,8,32.0,16.0,0.0,0.0,,False
144,patch,named,64.0,64.0,3,0.0,False,17,4,2000,32.0,0,136,8,0,0,136,8,0,0,0,0,0,1,8,32.0,16.0,0.0,0.0,,False
144,patch,named,64.0,64.0,3,0.0,False,17,5,2500,32.0,0,136,8,0,0,136,8,0,0,0,0,0,1,8,32.0,16.0,0.0,0.0,,False
144,patch,named,64.0,64.0,3,0.0,False,17,6,3000,48.0,0,132,12,0,0,132,12,0,0,0,0,0,1,12,16.0,16.0,0.0,0.0,,False
144,patch,named,64.0,64.0,3,0.0,False,17,7,3500,48.0,0,132,12,0,0,132,12,0,0,0,0,0,1,12,16.0,16.0,0.0,0.0,,False
144,patch,named,64.0,64.0,3,0.0,False,17,8,4000,0.0,0,144,0,0,0,144,0,0,0,0,0,0,0,0,64.0,32.0,0.0,0.0,,False
144,patch,named,64.0,64.0,3,0.0,False,17,9,4500,0.0,0,144,0,0,0,144,0,0,0,0,0,0,0,0,64.0,32.0,0.0,0.0,,False
144,patch,named,64.0,64.0,3,0.0,False,17,10,5000,32.0,0,136,8,0,0,136,8,0,0,0,0,0,1,8,32.0,16.0,0.0,0.0,,False
144,patch,named,64.0,64.0,3,0.0,False,17,11,5500,32.0,0,136,8,0,0,136,8,0,0,0,0,0,1,8,32.0,16.0,0.0,0.0,,False
144,patch,named,64.0,64.0,3,0.0,False,17,12,6000,32.0,0,136,8,0,0,136,8,0,0,0,0,0,1,8,32.0,16.0,0.0,0.0,,False
144,patch,named,64.0,64.0,3,0.0,False,17,13,6500,32.0,0,136,8,0,0,136,8,0,0,0,0,0,1,8,32.0,16.0,0.0,0.0,,False
144,patch,named,64.0,64.0,3,0.0,False,17,14,7000,48.0,0,132,12,0,0,132,12,0,0,0,0,0,1,12,16.0,16.0,0.0,0.0,,False
144,patch,named,64.0,64.0,3,0.0,False,17,15,7500,32.0,0,136,8,0,0,136,8,0,0,0,0,0,1,8,32.0,16.0,0.0,0.0,,False
144,patch,named,64.0,64.0,3,0.0,False,17,16,8000,32.0,0,136,8,0,0,136,8,0,0,0,0,0,1,8,32.0,16.0,0.0,0.0,,False
144,patch,named,64.0,64.0,3,0.0,False,17,17,8500,26.0,1,138,5,0,1,138,5,0,0,0,1,1,2,5,38.0,16.0,0.0,0.0,,False
144,patch,named,64.0,64.0,3,0.0,False,17,18,9000,26.0,1,138,5,0,1,138,5,0,0,0,1,1,2,5,38.0,16.0,0.0,0.0,,False
144,patch,named,64.0,64.0,3,0.0,False,17,19,9500,26.0,1,138,5,0,1,138,5,0,0,0,1,1,2,5,38.0,16.0,0.0,0.0,,False
144,patch,named,64.0,64.0,3,0.0,False,17,20,10000,26.0,1,138,5,0,1,138,5,0,0,0,1,1,2,5,38.0,16.0,0.0,0.0,,False
144,patch,named,64.0,64.0,3,0.0,False,17,21,10500,26.0,1,138,5,0,1,138,5,0,0,0,1,1,2,5,38.0,16.0,0.0,0.0,,False
144,patch,named,64.0,64.0,3,0.0,False,17,22,11000,26.0,1,138,5,0,1,138,5,0,0,0,1,1,2,5,38.0,16.0,0.0,0.0,,False
144,patch,named,64.0,64.0,3,0.0,False,17,23,11500,26.0,1,138,5,0,1,138,5,0,0,0,1,1,2,5,38.0,16.0,0.0,0.0,,False
144,patch,named,64.0,64.0,3,0.0,False,17,24,12000,26.0,1,138,5,0,1,138,5,0,0,0,1,1,2,5,38.0,16.0,0.0,0.0,,False
144,patch,named,64.0,64.0,3,0.0,False,17,25,12500,26.0,1,138,5,0,1,138,5,0,0,0,1,1,2,5,38.0,16.0,0.0,0.0,,False
144,patch,named,64.0,64.0,3,0.0,False,17,26,13000,32.0,0,136,8,0,0,136,8,0,0,0,0,0,1,8,32.0,16.0,0.0,0.0,,False
144,patch,named,64.0,64.0,3,0.0,False,17,27,13500,48.0,0,132,12,0,0,132,12,0,0,0,0,0,1,12,16.0,10.0,0.0,0.0,,False
144,patch,named,64.0,64.0,3,0.0,False,17,28,14000,26.0,1,138,5,0,1,138,5,0,0,0,1,1,2,5,38.0,16.0,0.0,0.0,,False
144,patch,named,64.0,64.0,3,0.0,False,17,29,14500,26.0,1,138,5,0,1,138,5,0,0,0,1,1,2,5,38.0,16.0,0.0,0.0,,False
144,patch,named,64.0,64.0,3,0.0,False,17,30,15000,26.0,1,138,5,0,1,138,5,0,0,0,1,1,2,5,38.0,16.0,0.0,0.0,,False
144,patch,named,64.0,64.0,3,0.0,False,17,31,15500,26.0,1,138,5,0,1,138,5,0,0,0,1,1,2,5,38.0,16.0,0.0,0.0,,False
144,patch,named,64.0,64.0,3,0.0,False,17,32,16000,26.0,1,138,5,0,1,138,5,0,0,0,1,1,2,5,38.0,16.0,0.0,0.0,,False
144,patch,named,64.0,64.0,3,0.0,False,17,33,16500,26.0,1,138,5,0,1,138,5,0,0,0,1,1,2,5,38.0,11.0,0.0,0.0,,False
144,patch,named,64.0,64.0,3,0.0,False,17,34,17000,26.0,1,138,5,0,1,138,5,0,0,0,1,1,2,5,38.0,11.0,0.0,0.0,,False
144,patch,named,64.0,64.0,3,0.0,False,17,35,17500,26.0,1,138,5,0,1,138,5,0,0,0,1,1,2,5,38.0,11.0,0.0,0.0,,False
144,patch,named,64.0,64.0,3,0.0,False,17,36,18000,26.0,1,138,5,0,1,138,5,0,0,0,1,1,2,5,38.0,11.0,0.0,0.0,,False
144,patch,named,64.0,64.0,3,0.0,False,17,37,18500,26.0,1,138,5,0,1,138,5,0,0,0,1,1,2,5,38.0,11.0,0.0,0.0,,False
144,patch,named,64.0,64.0,3,0.0,False,17,38,19000,26.0,1,138,5,0,1,138,5,0,0,0,1,1,2,5,38.0,11.0,0.0,0.0,,False
144,patch,named,64.0,64.0,3,0.0,False,17,39,19500,26.0,1,138,5,0,1,138,5,0,0,0,1,1,2,5,38.0,11.0,0.0,0.0,,False
144,patch,named,64.0,64.0,3,0.0,False,17,40,20000,26.0,1,138,5,0,1,138,5,0,0,0,1,1,2,5,38.0,11.0,0.0,0.0,,False
144,patch,named,64.0,64.0,3,0.0,False,17,41,20500,26.0,1,138,5,0,1,138,5,0,0,0,1,1,2,5,38.0,11.0,0.0,0.0,,False
144,patch,named,64.0,64.0,3,0.0,False,17,42,21000,26.0,1,138,5,0,1,138,5,0,0,0,1,1,2,5,38.0,11.0,0.0,0.0,,False
144,patch,named,64.0,64.0,3,0.0,False,17,43,21500,26.0,1,138,5,0,1,138,5,0,0,0,1,1,2,5,38.0,11.0,0.0,0.0,,False
144,patch,named,64.0,64.0,3,0.0,False,17,44,22000,26.0,1,138,5,0,1,138,5,0,0,0,1,1,2,5,38.0,11.0,0.0,0.0,,False
144,patch,named,64.0,64.0,3,0.0,False,17,45,22500,26.0,1,138,5,0,1,138,5,0,0,0,1,1,2,5,38.0,11.0,0.0,0.0,,False
144,patch,named,64.0,64.0,3,0.0,False,17,46,23000,26.0,1,138,5,0,1,138,5,0,0,0,1,1,2,5,38.0,11.0,0.0,0.0,,False
144,patch,named,64.0,64.0,3,0.0,False,17,47,23500,26.0,1,138,5,0,1,138,5,0,0,0,1,1,2,5,38.0,11.0,0.0,0.0,,False
144,patch,named,64.0,64.0,3,0.0,False,17,48,24000,26.0,1,138,5,0,1,138,5,0,0,0,1,1,2,5,38.0,11.0,0.0,0.0,,False
144,patch,named,64.0,64.0,3,0.0,False,17,49,24500,26.0,1,138,5,0,1,138,5,0,0,0,1,1,2,5,38.0,11.0,0.0,0.0,,False
144,patch,named,64.0,64.0,3,0.0,False,17,50,25000,26.0,1,138,5,0,1,138,5,0,0,0,1,1,2,5,38.0,11.0,0.0,0.0,,False
144,patch,named,64.0,64.0,3,0.0,False,17,51,25500,26.0,1,138,5,0,1,138,5,0,0,0,1,1,2,5,38.0,11.0,0.0,0.0,,False
144,patch,named,64.0,64.0,3,0.0,False,17,52,26000,26.0,1,138,5,0,1,138,5,0,0,0,1,1,2,5,38.0,11.0,0.0,0.0,,False
144,patch,named,64.0,64.0,3,0.0,False,17,53,26500,26.0,1,138,5,0,1,138,5,0,0,0,1,1,2,5,38.0,11.0,0.0,0.0,,False
144,patch,named,64.0,64.0,3,0.0,False,17,54,27000,26.0,1,138,5,0,1,138,5,0,0,0,1,1,2,5,38.0,11.0,0.0,0.0,,False
144,patch,named,64.0,64.0,3,0.0,False,17,55,27500,26.0,1,138,5,0,1,138,5,0,0,0,1,1,2,5,38.0,11.0,0.0,0.0,,False
144,patch,named,64.0,64.0,3,0.0,False,17,56,28000,26.0,1,138,5,0,1,138,5,0,0,0,1,1,2,5,38.0,11.0,0.0,0.0,,False
144,patch,named,64.0,64.0,3,0.0,False,17,57,28500,26.0,1,138,5,0,1,138,5,0,0,0,1,1,2,5,38.0,11.0,0.0,0.0,,False
144,patch,named,64.0,64.0,3,0.0,False,17,58,29000,26.0,1,138,5,0,1,138,5,0,0,0,1,1,2,5,38.0,11.0,0.0,0.0,,False
144,patch,named,64.0,64.0,3,0.0,False,17,59,29500,26.0,1,138,5,0,1,138,5,0,0,0,1,1,2,5,38.0,11.0,0.0,0.0,,False
144,patch,named,64.0,64.0,3,0.0,False,17,60,30000,26.0,1,138,5,0,1,138,5,0,0,0,1,1,2,5,38.0,11.0,0.0,0.0,,False
144,patch,named,64.0,64.0,3,0.0,False,17,61,30500,26.0,1,138,5,0,1,138,5,0,0,0,1,1,2,5,38.0,11.0,0.0,0.0,,False
144,patch,named,64.0,64.0,3,0.0,False,17,62,31000,26.0,1,138,5,0,1,138,5,0,0,0,1,1,2,5,38.0,11.0,0.0,0.0,,False
144,patch,named,64.0,64.0,3,0.0,False,17,63,31500,26.0,1,138,5,0,1,138,5,0,0,0,1,1,2,5,38.0,11.0,0.0,0.0,,False
144,patch,named,64.0,64.0,3,0.0,False,17,64,32000,26.0,1,138,5,0,1,138,5,0,0,0,1,1,2,5,38.0,11.0,0.0,0.0,,False
144,patch,named,64.0,64.0,3,0.0,False,17,65,32500,26.0,1,138,5,0,1,138,5,0,0,0,1,1,2,5,38.0,11.0,0.0,0.0,,False
144,patch,named,64.0,64.0,3,0.0,False,17,66,33000,26.0,1,138,5,0,1,138,5,0,0,0,1,1,2,5,38.0,11.0,0.0,0.0,,False
144,patch,named,64.0,64.0,3,0.0,False,17,67,33500,26.0,1,138,5,0,1,138,5,0,0,0,1,1,2,5,38.0,11.0,0.0,0.0,,False
144,patch,named,64.0,64.0,3,0.0,False,17,68,34000,26.0,1,138,5,0,1,138,5,0,0,0,1,1,2,5,38.0,11.0,0.0,0.0,,False
144,patch,named,64.0,64.0,3,0.0,False,17,69,34500,26.0,1,138,5,0,1,138,5,0,0,0,1,1,2,5,38.0,11.0,0.0,0.0,,False
144,patch,named,64.0,64.0,3,0.0,False,17,70,35000,26.0,1,138,5,0,1,138,5,0,0,0,1,1,2,5,38.0,11.0,0.0,0.0,,False
144,patch,named,64.0,64.0,3,0.0,False,17,71,35500,26.0,1,138,5,0,1,138,5,0,0,0,1,1,2,5,38.0,11.0,0.0,0.0,,False
144,patch,named,64.0,64.0,3,0.0,False,17,72,36000,26.0,1,138,5,0,1,138,5,0,0,0,1,1,2,5,38.0,11.0,0.0,0.0,,False
144,patch,named,64.0,64.0,3,0.0,False,17,73,36500,26.0,1,138,5,0,1,138,5,0,0,0,1,1,2,5,38.0,11.0,0.0,0.0,,False
144,patch,named,64.0,64.0,3,0.0,False,17,74,37000,32.0,0,136,8,0,0,136,8,0,0,0,0,0,1,8,32.0,11.0,0.0,0.0,,False
144,patch,named,64.0,64.0,3,0.0,False,17,75,37500,32.0,0,136,8,0,0,136,8,0,0,0,0,0,1,8,32.0,11.0,0.0,0.0,,False
144,patch,named,64.0,64.0,3,0.0,False,17,76,38000,32.0,0,136,8,0,0,136,8,0,0,0,0,0,1,8,32.0,11.0,0.0,0.0,,False
144,patch,named,64.0,64.0,3,0.0,False,17,77,38500,32.0,0,136,8,0,0,136,8,0,0,0,0,0,1,8,32.0,11.0,0.0,0.0,,False
144,patch,named,64.0,64.0,3,0.0,False,17,78,39000,32.0,0,136,8,0,0,136,8,0,0,0,0,0,1,8,32.0,11.0,0.0,0.0,,False
144,patch,named,64.0,64.0,3,0.0,False,17,79,39500,32.0,0,136,8,0,0,136,8,0,0,0,0,0,1,8,32.0,11.0,0.0,0.0,,False
144,patch,named,64.0,64.0,3,0.0,False,17,80,40000,32.0,0,136,8,0,0,136,8,0,0,0,0,0,1,8,32.0,11.0,0.0,0.0,,False
144,patch,named,64.0,64.0,3,0.0,False,17,81,40500,26.0,1,138,5,0,1,138,5,0,0,0,1,1,2,5,38.0,11.0,0.0,0.0,,False
144,patch,named,64.0,64.0,3,0.0,False,17,82,41000,26.0,1,138,5,0,1,138,5,0,0,0,1,1,2,5,38.0,11.0,0.0,0.0,,False
144,patch,named,64.0,64.0,3,0.0,False,17,83,41500,26.0,1,138,5,0,1,138,5,0,0,0,1,1,2,5,38.0,11.0,0.0,0.0,,False
144,patch,named,64.0,64.0,3,0.0,False,17,84,42000,26.0,1,138,5,0,1,138,5,0,0,0,1,1,2,5,38.0,11.0,0.0,0.0,,False
144,patch,named,64.0,64.0,3,0.0,False,17,85,42500,26.0,1,138,5,0,1,138,5,0,0,0,1,1,2,5,38.0,11.0,0.0,0.0,,False
144,patch,named,64.0,64.0,3,0.0,False,17,86,43000,26.0,1,138,5,0,1,138,5,0,0,0,1,1,2,5,38.0,11.0,0.0,0.0,,False
144,patch,named,64.0,64.0,3,0.0,False,17,87,43500,26.0,1,138,5,0,1,138,5,0,0,0,1,1,2,5,38.0,11.0,0.0,0.0,,False
144,patch,named,64.0,64.0,3,0.0,False,17,88,44000,26.0,1,138,5,0,1,138,5,0,0,0,1,1,2,5,38.0,11.0,0.0,0.0,,False
144,patch,named,64.0,64.0,3,0.0,False,17,89,44500,26.0,1,138,5,0,1,138,5,0,0,0,1,1,2,5,38.0,11.0,0.0,0.0,,False
144,patch,named,64.0,64.0,3,0.0,False,17,90,45000,32.0,0,136,8,0,0,136,8,0,0,0,0,0,1,8,32.0,11.0,0.0,0.0,,False
144,patch,named,64.0,64.0,3,0.0,False,17,91,45500,32.0,0,136,8,0,0,136,8,0,0,0,0,0,1,8,32.0,11.0,0.0,0.0,,False
144,patch,named,64.0,64.0,3,0.0,False,17,92,46000,32.0,0,136,8,0,0,136,8,0,0,0,0,0,1,8,32.0,11.0,0.0,0.0,,False
144,patch,named,64.0,64.0,3,0.0,False,17,93,46500,32.0,0,136,8,0,0,136,8,0,0,0,0,0,1,8,32.0,11.0,0.0,0.0,,False
144,patch,named,64.0,64.0,3,0.0,False,17,94,47000,32.0,0,136,8,0,0,136,8,0,0,0,0,0,1,8,32.0,11.0,0.0,0.0,,False
144,patch,named,64.0,64.0,3,0.0,False,17,95,47500,32.0,0,136,8,0,0,136,8,0,0,0,0,0,1,8,32.0,11.0,0.0,0.0,,False
144,patch,named,64.0,64.0,3,0.0,False,17,96,48000,32.0,0,136,8,0,0,136,8,0,0,0,0,0,1,8,32.0,11.0,0.0,0.0,,False
144,patch,named,64.0,64.0,3,0.0,False,17,97,48500,32.0,0,136,8,0,0,136,8,0,0,0,0,0,1,8,32.0,11.0,0.0,0.0,,False
144,patch,named,64.0,64.0,3,0.0,False,17,98,49000,32.0,0,136,8,0,0,136,8,0,0,0,0,0,1,8,32.0,11.0,0.0,0.0,,False
144,patch,named,64.0,64.0,3,0.0,False,17,99,49500,32.0,0,136,8,0,0,136,8,0,0,0,0,0,1,8,32.0,11.0,0.0,0.0,,False
144,patch,named,64.0,64.0,3,0.0,False,17,100,50000,32.0,0,136,8,0,0,136,8,0,0,0,0,0,1,8,32.0,11.0,0.0,0.0,,True
144,patch,named,64.0,64.0,3,0.0,False,18,0,0,64.0,0,132,12,0,0,132,8,4,0,0,0,0,1,12,0.0,0.0,0.0,0.0,,False
144,patch,named,64.0,64.0,3,0.0,False,18,1,500,64.0,0,128,16,0,0,128,16,0,0,0,0,0,1,16,0.0,0.0,0.0,0.0,,False
144,patch,named,64.0,64.0,3,0.0,False,18,2,1000,63.0,0,132,12,0,0,132,12,0,0,0,0,0,1,12,1.0,1.0,0.0,0.0,,False
144,patch,named,64.0,64.0,3,0.0,False,18,3,1500,57.0,1,134,9,0,1,134,9,0,0,0,1,1,3,5,7.0,6.0,0.0,0.0,,False
144,patch,named,64.0,64.0,3,0.0,False,18,4,2000,57.0,1,134,9,0,1,134,9,0,0,0,1,1,3,5,7.0,6.0,0.0,0.0,,False
144,patch,named,64.0,64.0,3,0.0,False,18,5,2500,57.0,1,134,9,0,1,134,9,0,0,0,1,1,3,5,7.0,6.0,0.0,0.0,,False
144,patch,named,64.0,64.0,3,0.0,False,18,6,3000,57.0,1,134,9,0,1,134,9,0,0,0,1,1,3,5,7.0,6.0,0.0,0.0,,False
144,patch,named,64.0,64.0,3,0.0,False,18,7,3500,57.0,1,134,9,0,1,134,9,0,0,0,1,1,3,5,7.0,6.0,0.0,0.0,,False
144,patch,named,64.0,64.0,3,0.0,False,18,8,4000,57.0,1,134,9,0,1,134,9,0,0,0,1,1,3,5,7.0,6.0,0.0,0.0,,False
144,patch,named,64.0,64.0,3,0.0,False,18,9,4500,57.0,1,134,9,0,1,134,9,0,0,0,1,1,3,5,7.0,6.0,0.0,0.0,,False
144,patch,named,64.0,64.0,3,0.0,False,18,10,5000,57.0,1,134,9,0,1,134,9,0,0,0,1,1,3,5,7.0,5.0,0.0,0.0,,False
144,patch,named,64.0,64.0,3,0.0,False,18,11,5500,57.0,1,134,9,0,1,134,9,0,0,0,1,1,3,5,7.0,5.0,0.0,0.0,,False
144,patch,named,64.0,64.0,3,0.0,False,18,12,6000,57.0,1,134,9,0,1,134,9,0,0,0,1,1,3,5,7.0,5.0,0.0,0.0,,False
144,patch,named,64.0,64.0,3,0.0,False,18,13,6500,57.0,1,134,9,0,1,134,9,0,0,0,1,1,3,5,7.0,5.0,0.0,0.0,,False
144,patch,named,64.0,64.0,3,0.0,False,18,14,7000,57.0,1,134,9,0,1,134,9,0,0,0,1,1,3,5,7.0,5.0,0.0,0.0,,False
144,patch,named,64.0,64.0,3,0.0,False,18,15,7500,57.0,1,134,9,0,1,134,9,0,0,0,1,1,3,5,7.0,5.0,0.0,0.0,,False
144,patch,named,64.0,64.0,3,0.0,False,18,16,8000,57.0,1,134,9,0,1,134,9,0,0,0,1,1,3,5,7.0,5.0,0.0,0.0,,False
144,patch,named,64.0,64.0,3,0.0,False,18,17,8500,57.0,1,134,9,0,1,134,9,0,0,0,1,1,3,5,7.0,5.0,0.0,0.0,,False
144,patch,named,64.0,64.0,3,0.0,False,18,18,9000,57.0,1,134,9,0,1,134,9,0,0,0,1,1,3,5,7.0,5.0,0.0,0.0,,False
144,patch,named,64.0,64.0,3,0.0,False,18,19,9500,57.0,1,134,9,0,1,134,9,0,0,0,1,1,3,5,7.0,5.0,0.0,0.0,,False
144,patch,named,64.0,64.0,3,0.0,False,18,20,10000,57.0,1,134,9,0,1,134,9,0,0,0,1,1,3,5,7.0,5.0,0.0,0.0,,False
144,patch,named,64.0,64.0,3,0.0,False,18,21,10500,57.0,1,134,9,0,1,134,9,0,0,0,1,1,3,5,7.0,5.0,0.0,0.0,,False
144,patch,named,64.0,64.0,3,0.0,False,18,22,11000,57.0,1,134,9,0,1,134,9,0,0,0,1,1,3,5,7.0,5.0,0.0,0.0,,False
144,patch,named,64.0,64.0,3,0.0,False,18,23,11500,57.0,1,134,9,0,1,134,9,0,0,0,1,1,3,5,7.0,5.0,0.0,0.0,,False
144,patch,named,64.0,64.0,3,0.0,False,18,24,12000,57.0,1,134,9,0,1,134,9,0,0,0,1,1,3,5,7.0,5.0,0.0,0.0,,False
144,patch,named,64.0,64.0,3,0.0,False,18,25,12500,57.0,1,134,9,0,1,134,9,0,0,0,1,1,3,5,7.0,5.0,0.0,0.0,,False
144,patch,named,64.0,64.0,3,0.0,False,18,26,13000,57.0,1,134,9,0,1,134,9,0,0,0,1,1,3,5,7.0,5.0,0.0,0.0,,False
144,patch,named,64.0,64.0,3,0.0,False,18,27,13500,57.0,1,134,9,0,1,134,9,0,0,0,1,1,3,5,7.0,5.0,0.0,0.0,,False
144,patch,named,64.0,64.0,3,0.0,False,18,28,14000,57.0,1,134,9,0,1,134,9,0,0,0,1,1,3,5,7.0,5.0,0.0,0.0,,False
144,patch,named,64.0,64.0,3,0.0,False,18,29,14500,57.0,1,134,9,0,1,134,9,0,0,0,1,1,3,5,7.0,5.0,0.0,0.0,,False
144,patch,named,64.0,64.0,3,0.0,False,18,30,15000,57.0,1,134,9,0,1,134,9,0,0,0,1,1,3,5,7.0,5.0,0.0,0.0,,False
144,patch,named,64.0,64.0,3,0.0,False,18,31,15500,57.0,1,134,9,0,1,134,9,0,0,0,1,1,3,5,7.0,5.0,0.0,0.0,,False
144,patch,named,64.0,64.0,3,0.0,False,18,32,16000,57.0,1,134,9,0,1,134,9,0,0,0,1,1,3,5,7.0,5.0,0.0,0.0,,False
144,patch,named,64.0,64.0,3,0.0,False,18,33,16500,57.0,1,134,9,0,1,134,9,0,0,0,1,1,3,5,7.0,5.0,0.0,0.0,,False
144,patch,named,64.0,64.0,3,0.0,False,18,34,17000,57.0,1,134,9,0,1,134,9,0,0,0,1,1,3,5,7.0,5.0,0.0,0.0,,False
144,patch,named,64.0,64.0,3,0.0,False,18,35,17500,57.0,1,134,9,0,1,134,9,0,0,0,1,1,3,5,7.0,5.0,0.0,0.0,,False
144,patch,named,64.0,64.0,3,0.0,False,18,36,18000,57.0,1,134,9,0,1,134,9,0,0,0,1,1,3,5,7.0,5.0,0.0,0.0,,False
144,patch,named,64.0,64.0,3,0.0,False,18,37,18500,57.0,1,134,9,0,1,134,9,0,0,0,1,1,3,5,7.0,5.0,0.0,0.0,,False
144,patch,named,64.0,64.0,3,0.0,False,18,38,19000,57.0,1,134,9,0,1,134,9,0,0,0,1,1,3,5,7.0,5.0,0.0,0.0,,False
144,patch,named,64.0,64.0,3,0.0,False,18,39,19500,57.0,1,134,9,0,1,134,9,0,0,0,1,1,3,5,7.0,5.0,0.0,0.0,,False
144,patch,named,64.0,64.0,3,0.0,False,18,40,20000,57.0,1,134,9,0,1,134,9,0,0,0,1,1,3,5,7.0,5.0,0.0,0.0,,False
144,patch,named,64.0,64.0,3,0.0,False,18,41,20500,57.0,1,134,9,0,1,134,9,0,0,0,1,1,3,5,7.0,5.0,0.0,0.0,,False
144,patch,named,64.0,64.0,3,0.0,False,18,42,21000,57.0,1,134,9,0,1,134,9,0,0,0,1,1,3,5,7.0,5.0,0.0,0.0,,False
144,patch,named,64.0,64.0,3,0.0,False,18,43,21500,57.0,1,134,9,0,1,134,9,0,0,0,1,1,3,5,7.0,5.0,0.0,0.0,,False
144,patch,named,64.0,64.0,3,0.0,False,18,44,22000,57.0,1,134,9,0,1,134,9,0,0,0,1,1,3,5,7.0,5.0,0.0,0.0,,False
144,patch,named,64.0,64.0,3,0.0,False,18,45,22500,57.0,1,134,9,0,1,134,9,0,0,0,1,1,3,5,7.0,5.0,0.0,0.0,,False
144,patch,named,64.0,64.0,3,0.0,False,18,46,23000,57.0,1,134,9,0,1,134,9,0,0,0,1,1,3,5,7.0,5.0,0.0,0.0,,False
144,patch,named,64.0,64.0,3,0.0,False,18,47,23500,57.0,1,134,9,0,1,134,9,0,0,0,1,1,3,5,7.0,5.0,0.0,0.0,,False
144,patch,named,64.0,64.0,3,0.0,False,18,48,24000,57.0,1,134,9,0,1,134,9,0,0,0,1,1,3,5,7.0,5.0,0.0,0.0,,False
144,patch,named,64.0,64.0,3,0.0,False,18,49,24500,57.0,1,134,9,0,1,134,9,0,0,0,1,1,3,5,7.0,5.0,0.0,0.0,,False
144,patch,named,64.0,64.0,3,0.0,False,18,50,25000,57.0,1,134,9,0,1,134,9,0,0,0,1,1,3,5,7.0,5.0,0.0,0.0,,False
144,patch,named,64.0,64.0,3,0.0,False,18,51,25500,57.0,1,134,9,0,1,134,9,0,0,0,1,1,3,5,7.0,5.0,0.0,0.0,,False
144,patch,named,64.0,64.0,3,0.0,False,18,52,26000,57.0,1,134,9,0,1,134,9,0,0,0,1,1,3,5,7.0,5.0,0.0,0.0,,False
144,patch,named,64.0,64.0,3,0.0,False,18,53,26500,57.0,1,134,9,0,1,134,9,0,0,0,1,1,3,5,7.0,5.0,0.0,0.0,,False
144,patch,named,64.0,64.0,3,0.0,False,18,54,27000,57.0,1,134,9,0,1,134,9,0,0,0,1,1,3,5,7.0,5.0,0.0,0.0,,False
144,patch,named,64.0,64.0,3,0.0,False,18,55,27500,57.0,1,134,9,0,1,134,9,0,0,0,1,1,3,5,7.0,5.0,0.0,0.0,,False
144,patch,named,64.0,64.0,3,0.0,False,18,56,28000,57.0,1,134,9,0,1,134,9,0,0,0,1,1,3,5,7.0,5.0,0.0,0.0,,False
144,patch,named,64.0,64.0,3,0.0,False,18,57,28500,57.0,1,134,9,0,1,134,9,0,0,0,1,1,3,5,7.0,5.0,0.0,0.0,,False
144,patch,named,64.0,64.0,3,0.0,False,18,58,29000,57.0,1,134,9,0,1,134,9,0,0,0,1,1,3,5,7.0,5.0,0.0,0.0,,False
144,patch,named,64.0,64.0,3,0.0,False,18,59,29500,57.0,1,134,9,0,1,134,9,0,0,0,1,1,3,5,7.0,5.0,0.0,0.0,,False
144,patch,named,64.0,64.0,3,0.0,False,18,60,30000,57.0,1,134,9,0,1,134,9,0,0,0,1,1,3,5,7.0,5.0,0.0,0.0,,False
144,patch,named,64.0,64.0,3,0.0,False,18,61,30500,57.0,1,134,9,0,1,134,9,0,0,0,1,1,3,5,7.0,5.0,0.0,0.0,,False
144,patch,named,64.0,64.0,3,0.0,False,18,62,31000,57.0,1,134,9,0,1,134,9,0,0,0,1,1,3,5,7.0,5.0,0.0,0.0,,False
144,patch,named,64.0,64.0,3,0.0,False,18,63,31500,57.0,1,134,9,0,1,134,9,0,0,0,1,1,3,5,7.0,5.0,0.0,0.0,,False
144,patch,named,64.0,64.0,3,0.0,False,18,64,32000,57.0,1,134,9,0,1,134,9,0,0,0,1,1,3,5,7.0,5.0,0.0,0.0,,False
144,patch,named,64.0,64.0,3,0.0,False,18,65,32500,57.0,1,134,9,0,1,134,9,0,0,0,1,1,3,5,7.0,5.0,0.0,0.0,,False
144,patch,named,64.0,64.0,3,0.0,False,18,66,33000,57.0,1,134,9,0,1,134,9,0,0,0,1,1,3,5,7.0,5.0,0.0,0.0,,False
144,patch,named,64.0,64.0,3,0.0,False,18,67,33500,57.0,1,134,9,0,1,134,9,0,0,0,1,1,3,5,7.0,5.0,0.0,0.0,,False
144,patch,named,64.0,64.0,3,0.0,False,18,68,34000,57.0,1,134,9,0,1,134,9,0,0,0,1,1,3,5,7.0,5.0,0.0,0.0,,False
144,patch,named,64.0,64.0,3,0.0,False,18,69,34500,57.0,1,134,9,0,1,134,9,0,0,0,1,1,3,5,7.0,5.0,0.0,0.0,,False
144,patch,named,64.0,64.0,3,0.0,False,18,70,35000,57.0,1,134,9,0,1,134,9,0,0,0,1,1,3,5,7.0,5.0,0.0,0.0,,False
144,patch,named,64.0,64.0,3,0.0,False,18,71,35500,57.0,1,134,9,0,1,134,9,0,0,0,1,1,3,5,7.0,5.0,0.0,0.0,,False
144,patch,named,64.0,64.0,3,0.0,False,18,72,36000,57.0,1,134,9,0,1,134,9,0,0,0,1,1,3,5,7.0,5.0,0.0,0.0,,False
144,patch,named,64.0,64.0,3,0.0,False,18,73,36500,57.0,1,134,9,0,1,134,9,0,0,0,1,1,3,5,7.0,5.0,0.0,0.0,,False
144,patch,named,64.0,64.0,3,0.0,False,18,74,37000,57.0,1,134,9,0,1,134,9,0,0,0,1,1,3,5,7.0,5.0,0.0,0.0,,False
144,patch,named,64.0,64.0,3,0.0,False,18,75,37500,57.0,1,134,9,0,1,134,9,0,0,0,1,1,3,5,7.0,5.0,0.0,0.0,,False
144,patch,named,64.0,64.0,3,0.0,False,18,76,38000,57.0,1,134,9,0,1,134,9,0,0,0,1,1,3,5,7.0,5.0,0.0,0.0,,False
144,patch,named,64.0,64.0,3,0.0,False,18,77,38500,57.0,1,134,9,0,1,134,9,0,0,0,1,1,3,5,7.0,5.0,0.0,0.0,,False
144,patch,named,64.0,64.0,3,0.0,False,18,78,39000,57.0,1,134,9,0,1,134,9,0,0,0,1,1,3,5,7.0,5.0,0.0,0.0,,False
144,patch,named,64.0,64.0,3,0.0,False,18,79,39500,57.0,1,134,9,0,1,134,9,0,0,0,1,1,3,5,7.0,5.0,0.0,0.0,,False
144,patch,named,64.0,64.0,3,0.0,False,18,80,40000,57.0,1,134,9,0,1,134,9,0,0,0,1,1,3,5,7.0,5.0,0.0,0.0,,False
144,patch,named,64.0,64.0,3,0.0,False,18,81,40500,57.0,1,134,9,0,1,134,9,0,0,0,1,1,3,5,7.0,5.0,0.0,0.0,,False
144,patch,named,64.0,64.0,3,0.0,False,18,82,41000,57.0,1,134,9,0,1,134,9,0,0,0,1,1,3,5,7.0,5.0,0.0,0.0,,False
144,patch,named,64.0,64.0,3,0.0,False,18,83,41500,57.0,1,134,9,0,1,134,9,0,0,0,1,1,3,5,7.0,5.0,0.0,0.0,,False
144,patch,named,64.0,64.0,3,0.0,False,18,84,42000,57.0,1,134,9,0,1,134,9,0,0,0,1,1,3,5,7.0,5.0,0.0,0.0,,False
144,patch,named,64.0,64.0,3,0.0,False,18,85,42500,57.0,1,134,9,0,1,134,9,0,0,0,1,1,3,5,7.0,5.0,0.0,0.0,,False
144,patch,named,64.0,64.0,3,0.0,False,18,86,43000,57.0,1,134,9,0,1,134,9,0,0,0,1,1,3,5,7.0,5.0,0.0,0.0,,False
144,patch,named,64.0,64.0,3,0.0,False,18,87,43500,57.0,1,134,9,0,1,134,9,0,0,0,1,1,3,5,7.0,5.0,0.0,0.0,,False
144,patch,named,64.0,64.0,3,0.0,False,18,88,44000,57.0,1,134,9,0,1,134,9,0,0,0,1,1,3,5,7.0,5.0,0.0,0.0,,False
144,patch,named,64.0,64.0,3,0.0,False,18,89,44500,57.0,1,134,9,0,1,134,9,0,0,0,1,1,3,5,7.0,5.0,0.0,0.0,,False
144,patch,named,64.0,64.0,3,0.0,False,18,90,45000,57.0,1,134,9,0,1,134,9,0,0,0,1,1,3,5,7.0,5.0,0.0,0.0,,False
144,patch,named,64.0,64.0,3,0.0,False,18,91,45500,57.0,1,134,9,0,1,134,9,0,0,0,1,1,3,5,7.0,5.0,0.0,0.0,,False
144,patch,named,64.0,64.0,3,0.0,False,18,92,46000,57.0,1,134,9,0,1,134,9,0,0,0,1,1,3,5,7.0,5.0,0.0,0.0,,False
144,patch,named,64.0,64.0,3,0.0,False,18,93,46500,57.0,1,134,9,0,1,134,9,0,0,0,1,1,3,5,7.0,5.0,0.0,0.0,,False
144,patch,named,64.0,64.0,3,0.0,False,18,94,47000,57.0,1,134,9,0,1,134,9,0,0,0,1,1,3,5,7.0,5.0,0.0,0.0,,False
144,patch,named,64.0,64.0,3,0.0,False,18,95,47500,57.0,1,134,9,0,1,134,9,0,0,0,1,1,3,5,7.0,5.0,0.0,0.0,,False
144,patch,named,64.0,64.0,3,0.0,False,18,96,48000,57.0,1,134,9,0,1,134,9,0,0,0,1,1,3,5,7.0,5.0,0.0,0.0,,False
144,patch,named,64.0,64.0,3,0.0,False,18,97,48500,57.0,1,134,9,0,1,134,9,0,0,0,1,1,3,5,7.0,5.0,0.0,0.0,,False
144,patch,named,64.0,64.0,3,0.0,False,18,98,49000,61.0,2,136,6,0,2,136,6,0,0,0,1,2,3,4,3.0,1.0,0.0,0.0,,False
144,patch,named,64.0,64.0,3,0.0,False,18,99,49500,61.0,2,136,6,0,2,136,6,0,0,0,1,2,3,4,3.0,1.0,0.0,0.0,,False
144,patch,named,64.0,64.0,3,0.0,False,18,100,50000,57.0,1,134,9,0,1,134,9,0,0,0,1,1,3,5,7.0,4.0,0.0,0.0,,True
144,patch,named,64.0,64.0,3,0.0,False,19,0,0,64.0,0,128,16,0,0,128,16,0,0,0,0,0,1,16,0.0,0.0,0.0,0.0,,False
144,patch,named,64.0,64.0,3,0.0,False,19,1,500,64.0,0,128,16,0,0,128,16,0,0,0,0,0,2,8,0.0,0.0,0.0,0.0,,False
144,patch,named,64.0,64.0,3,0.0,False,19,2,1000,48.0,0,133,11,0,0,133,10,1,0,0,0,0,1,11,16.0,16.0,0.0,0.0,,False
144,patch,named,64.0,64.0,3,0.0,False,19,3,1500,32.0,0,136,8,0,0,136,8,0,0,0,0,0,1,8,32.0,16.0,0.0,0.0,,False
144,patch,named,64.0,64.0,3,0.0,False,19,4,2000,32.0,0,136,8,0,0,136,8,0,0,0,0,0,1,8,32.0,16.0,0.0,0.0,,False
144,patch,named,64.0,64.0,3,0.0,False,19,5,2500,32.0,0,136,8,0,0,136,8,0,0,0,0,0,1,8,32.0,16.0,0.0,0.0,,False
144,patch,named,64.0,64.0,3,0.0,False,19,6,3000,32.0,0,136,8,0,0,136,8,0,0,0,0,0,1,8,32.0,16.0,0.0,0.0,,False
144,patch,named,64.0,64.0,3,0.0,False,19,7,3500,32.0,0,136,8,0,0,136,8,0,0,0,0,0,1,8,32.0,16.0,0.0,0.0,,False
144,patch,named,64.0,64.0,3,0.0,False,19,8,4000,64.0,0,128,16,0,0,128,16,0,0,0,0,0,1,16,0.0,0.0,0.0,0.0,,False
144,patch,named,64.0,64.0,3,0.0,False,19,9,4500,32.0,0,136,8,0,0,136,8,0,0,0,0,0,1,8,32.0,16.0,0.0,0.0,,False
144,patch,named,64.0,64.0,3,0.0,False,19,10,5000,32.0,0,136,8,0,0,136,8,0,0,0,0,0,1,8,32.0,16.0,0.0,0.0,,False
144,patch,named,64.0,64.0,3,0.0,False,19,11,5500,0.0,0,144,0,0,0,144,0,0,0,0,0,0,0,0,64.0,32.0,0.0,0.0,,False
144,patch,named,64.0,64.0,3,0.0,False,19,12,6000,32.0,0,136,8,0,0,136,8,0,0,0,0,0,1,8,32.0,16.0,0.0,0.0,,False
144,patch,named,64.0,64.0,3,0.0,False,19,13,6500,32.0,0,136,8,0,0,136,8,0,0,0,0,0,1,8,32.0,16.0,0.0,0.0,,False
144,patch,named,64.0,64.0,3,0.0,False,19,14,7000,32.0,0,136,8,0,0,136,8,0,0,0,0,0,1,8,32.0,16.0,0.0,0.0,,False
144,patch,named,64.0,64.0,3,0.0,False,19,15,7500,32.0,0,136,8,0,0,136,8,0,0,0,0,0,1,8,32.0,16.0,0.0,0.0,,False
144,patch,named,64.0,64.0,3,0.0,False,19,16,8000,32.0,0,136,8,0,0,136,8,0,0,0,0,0,1,8,32.0,16.0,0.0,0.0,,False
144,patch,named,64.0,64.0,3,0.0,False,19,17,8500,0.0,0,144,0,0,0,144,0,0,0,0,0,0,0,0,64.0,32.0,0.0,0.0,,False
144,patch,named,64.0,64.0,3,0.0,False,19,18,9000,0.0,0,144,0,0,0,144,0,0,0,0,0,0,0,0,64.0,32.0,0.0,0.0,,False
144,patch,named,64.0,64.0,3,0.0,False,19,19,9500,0.0,0,144,0,0,0,144,0,0,0,0,0,0,0,0,64.0,32.0,0.0,0.0,,False
144,patch,named,64.0,64.0,3,0.0,False,19,20,10000,0.0,0,144,0,0,0,144,0,0,0,0,0,0,0,0,64.0,32.0,0.0,0.0,,False
144,patch,named,64.0,64.0,3,0.0,False,19,21,10500,32.0,0,136,8,0,0,136,8,0,0,0,0,0,1,8,32.0,16.0,0.0,0.0,,False
144,patch,named,64.0,64.0,3,0.0,False,19,22,11000,32.0,0,136,8,0,0,136,8,0,0,0,0,0,1,8,32.0,16.0,0.0,0.0,,False
144,patch,named,64.0,64.0,3,0.0,False,19,23,11500,32.0,0,136,8,0,0,136,8,0,0,0,0,0,1,8,32.0,16.0,0.0,0.0,,False
144,patch,named,64.0,64.0,3,0.0,False,19,24,12000,32.0,0,136,8,0,0,136,8,0,0,0,0,0,1,8,32.0,16.0,0.0,0.0,,False
144,patch,named,64.0,64.0,3,0.0,False,19,25,12500,32.0,0,136,8,0,0,136,8,0,0,0,0,0,1,8,32.0,16.0,0.0,0.0,,False
144,patch,named,64.0,64.0,3,0.0,False,19,26,13000,32.0,0,136,8,0,0,136,8,0,0,0,0,0,1,8,32.0,16.0,0.0,0.0,,False
144,patch,named,64.0,64.0,3,0.0,False,19,27,13500,32.0,0,136,8,0,0,136,8,0,0,0,0,0,1,8,32.0,16.0,0.0,0.0,,False
144,patch,named,64.0,64.0,3,0.0,False,19,28,14000,32.0,0,136,8,0,0,136,8,0,0,0,0,0,1,8,32.0,16.0,0.0,0.0,,False
144,patch,named,64.0,64.0,3,0.0,False,19,29,14500,32.0,0,136,8,0,0,136,8,0,0,0,0,0,1,8,32.0,16.0,0.0,0.0,,False
144,patch,named,64.0,64.0,3,0.0,False,19,30,15000,32.0,0,136,8,0,0,136,8,0,0,0,0,0,1,8,32.0,16.0,0.0,0.0,,False
144,patch,named,64.0,64.0,3,0.0,False,19,31,15500,32.0,0,136,8,0,0,136,8,0,0,0,0,0,1,8,32.0,16.0,0.0,0.0,,False
144,patch,named,64.0,64.0,3,0.0,False,19,32,16000,32.0,0,136,8,0,0,136,8,0,0,0,0,0,1,8,32.0,16.0,0.0,0.0,,False
144,patch,named,64.0,64.0,3,0.0,False,19,33,16500,32.0,0,136,8,0,0,136,8,0,0,0,0,0,1,8,32.0,16.0,0.0,0.0,,False
144,patch,named,64.0,64.0,3,0.0,False,19,34,17000,32.0,0,136,8,0,0,136,8,0,0,0,0,0,1,8,32.0,16.0,0.0,0.0,,False
144,patch,named,64.0,64.0,3,0.0,False,19,35,17500,32.0,0,136,8,0,0,136,8,0,0,0,0,0,1,8,32.0,16.0,0.0,0.0,,False
144,patch,named,64.0,64.0,3,0.0,False,19,36,18000,32.0,0,136,8,0,0,136,8,0,0,0,0,0,1,8,32.0,16.0,0.0,0.0,,False
144,patch,named,64.0,64.0,3,0.0,False,19,37,18500,32.0,0,136,8,0,0,136,8,0,0,0,0,0,1,8,32.0,16.0,0.0,0.0,,False
144,patch,named,64.0,64.0,3,0.0,False,19,38,19000,32.0,0,136,8,0,0,136,8,0,0,0,0,0,1,8,32.0,16.0,0.0,0.0,,False
144,patch,named,64.0,64.0,3,0.0,False,19,39,19500,32.0,0,136,8,0,0,136,8,0,0,0,0,0,1,8,32.0,16.0,0.0,0.0,,False
144,patch,named,64.0,64.0,3,0.0,False,19,40,20000,32.0,0,136,8,0,0,136,8,0,0,0,0,0,1,8,32.0,16.0,0.0,0.0,,False
144,patch,named,64.0,64.0,3,0.0,False,19,41,20500,32.0,0,136,8,0,0,136,8,0,0,0,0,0,1,8,32.0,16.0,0.0,0.0,,False
144,patch,named,64.0,64.0,3,0.0,False,19,42,21000,32.0,0,136,8,0,0,136,8,0,0,0,0,0,1,8,32.0,16.0,0.0,0.0,,False
144,patch,named,64.0,64.0,3,0.0,False,19,43,21500,42.0,0,136,8,0,0,136,8,0,0,0,0,0,1,8,22.0,16.0,0.0,0.0,,False
144,patch,named,64.0,64.0,3,0.0,False,19,44,22000,0.0,0,144,0,0,0,144,0,0,0,0,0,0,0,0,64.0,32.0,0.0,0.0,,False
144,patch,named,64.0,64.0,3,0.0,False,19,45,22500,0.0,0,144,0,0,0,144,0,0,0,0,0,0,0,0,64.0,32.0,0.0,0.0,,False
144,patch,named,64.0,64.0,3,0.0,False,19,46,23000,0.0,0,144,0,0,0,144,0,0,0,0,0,0,0,0,64.0,32.0,0.0,0.0,,False
144,patch,named,64.0,64.0,3,0.0,False,19,47,23500,47.0,1,136,7,0,1,136,5,2,0,0,1,1,2,7,17.0,6.0,0.0,0.0,,False
144,patch,named,64.0,64.0,3,0.0,False,19,48,24000,36.0,2,136,6,0,2,136,6,0,0,0,1,2,2,4,28.0,11.0,0.0,0.0,,False
144,patch,named,64.0,64.0,3,0.0,False,19,49,24500,36.0,2,136,6,0,2,136,6,0,0,0,1,2,3,3,28.0,6.0,0.0,0.0,,False
144,patch,named,64.0,64.0,3,0.0,False,19,50,25000,36.0,1,138,5,0,1,138,5,0,0,0,1,1,3,3,28.0,6.0,0.0,0.0,,False
144,patch,named,64.0,64.0,3,0.0,False,19,51,25500,36.0,1,138,5,0,1,138,5,0,0,0,1,1,3,3,28.0,6.0,0.0,0.0,,False
144,patch,named,64.0,64.0,3,0.0,False,19,52,26000,36.0,2,136,6,0,2,136,6,0,0,0,1,2,3,3,28.0,6.0,0.0,0.0,,False
144,patch,named,64.0,64.0,3,0.0,False,19,53,26500,36.0,2,136,6,0,2,136,6,0,0,0,1,2,3,3,28.0,6.0,0.0,0.0,,False
144,patch,named,64.0,64.0,3,0.0,False,19,54,27000,36.0,1,138,5,0,1,138,5,0,0,0,1,1,3,3,28.0,5.0,0.0,0.0,,False
144,patch,named,64.0,64.0,3,0.0,False,19,55,27500,36.0,1,138,5,0,1,138,5,0,0,0,1,1,3,3,28.0,5.0,0.0,0.0,,False
144,patch,named,64.0,64.0,3,0.0,False,19,56,28000,36.0,1,138,5,0,1,138,5,0,0,0,1,1,3,3,28.0,5.0,0.0,0.0,,False
144,patch,named,64.0,64.0,3,0.0,False,19,57,28500,36.0,1,138,5,0,1,138,5,0,0,0,1,1,3,3,28.0,5.0,0.0,0.0,,False
144,patch,named,64.0,64.0,3,0.0,False,19,58,29000,36.0,1,138,5,0,1,138,5,0,0,0,1,1,3,3,28.0,5.0,0.0,0.0,,False
144,patch,named,64.0,64.0,3,0.0,False,19,59,29500,36.0,2,136,6,0,2,136,6,0,0,0,1,2,3,3,28.0,5.0,0.0,0.0,,False
144,patch,named,64.0,64.0,3,0.0,False,19,60,30000,36.0,2,136,6,0,2,136,6,0,0,0,1,2,3,3,28.0,5.0,0.0,0.0,,False
144,patch,named,64.0,64.0,3,0.0,False,19,61,30500,35.0,4,136,4,0,4,136,4,0,0,0,2,3,4,3,29.0,6.0,0.0,0.0,,False
144,patch,named,64.0,64.0,3,0.0,False,19,62,31000,30.0,3,138,3,0,3,138,3,0,0,0,2,2,3,3,34.0,6.0,0.0,0.0,,False
144,patch,named,64.0,64.0,3,0.0,False,19,63,31500,30.0,3,138,3,0,3,138,3,0,0,0,2,2,3,3,34.0,6.0,0.0,0.0,,False
144,patch,named,64.0,64.0,3,0.0,False,19,64,32000,30.0,3,138,3,0,3,138,3,0,0,0,2,2,3,3,34.0,6.0,0.0,0.0,,False
144,patch,named,64.0,64.0,3,0.0,False,19,65,32500,30.0,3,138,3,0,3,138,3,0,0,0,2,2,3,3,34.0,6.0,0.0,0.0,,False
144,patch,named,64.0,64.0,3,0.0,False,19,66,33000,30.0,3,138,3,0,3,138,3,0,0,0,2,2,3,3,34.0,6.0,0.0,0.0,,False
144,patch,named,64.0,64.0,3,0.0,False,19,67,33500,30.0,3,138,3,0,3,138,3,0,0,0,2,2,3,3,34.0,6.0,0.0,0.0,,False
144,patch,named,64.0,64.0,3,0.0,False,19,68,34000,30.0,3,138,3,0,3,138,3,0,0,0,2,2,3,3,34.0,6.0,0.0,0.0,,False
144,patch,named,64.0,64.0,3,0.0,False,19,69,34500,30.0,3,138,3,0,3,138,3,0,0,0,2,2,3,3,34.0,6.0,0.0,0.0,,False
144,patch,named,64.0,64.0,3,0.0,False,19,70,35000,30.0,3,138,3,0,3,138,3,0,0,0,2,2,3,3,34.0,6.0,0.0,0.0,,False
144,patch,named,64.0,64.0,3,0.0,False,19,71,35500,30.0,3,138,3,0,3,138,3,0,0,0,2,2,3,3,34.0,6.0,0.0,0.0,,False
144,patch,named,64.0,64.0,3,0.0,False,19,72,36000,30.0,3,138,3,0,3,138,3,0,0,0,2,2,3,3,34.0,6.0,0.0,0.0,,False
144,patch,named,64.0,64.0,3,0.0,False,19,73,36500,30.0,3,138,3,0,3,138,3,0,0,0,2,2,3,3,34.0,6.0,0.0,0.0,,False
144,patch,named,64.0,64.0,3,0.0,False,19,74,37000,30.0,3,138,3,0,3,138,3,0,0,0,2,2,3,3,34.0,10.0,0.0,0.0,,False
144,patch,named,64.0,64.0,3,0.0,False,19,75,37500,30.0,3,138,3,0,3,138,3,0,0,0,2,2,3,3,34.0,10.0,0.0,0.0,,False
144,patch,named,64.0,64.0,3,0.0,False,19,76,38000,30.0,3,138,3,0,3,138,3,0,0,0,2,2,3,3,34.0,10.0,0.0,0.0,,False
144,patch,named,64.0,64.0,3,0.0,False,19,77,38500,30.0,3,138,3,0,3,138,3,0,0,0,2,2,3,3,34.0,10.0,0.0,0.0,,False
144,patch,named,64.0,64.0,3,0.0,False,19,78,39000,30.0,3,138,3,0,3,138,3,0,0,0,2,2,3,3,34.0,10.0,0.0,0.0,,False
144,patch,named,64.0,64.0,3,0.0,False,19,79,39500,30.0,3,138,3,0,3,138,3,0,0,0,2,2,3,3,34.0,10.0,0.0,0.0,,False
144,patch,named,64.0,64.0,3,0.0,False,19,80,40000,30.0,3,138,3,0,3,138,3,0,0,0,2,2,3,3,34.0,10.0,0.0,0.0,,False
144,patch,named,64.0,64.0,3,0.0,False,19,81,40500,30.0,3,138,3,0,3,138,3,0,0,0,2,2,3,3,34.0,10.0,0.0,0.0,,False
144,patch,named,64.0,64.0,3,0.0,False,19,82,41000,30.0,3,138,3,0,3,138,3,0,0,0,2,2,3,3,34.0,10.0,0.0,0.0,,False
144,patch,named,64.0,64.0,3,0.0,False,19,83,41500,30.0,3,138,3,0,3,138,3,0,0,0,2,2,3,3,34.0,10.0,0.0,0.0,,False
144,patch,named,64.0,64.0,3,0.0,False,19,84,42000,30.0,3,138,3,0,3,138,3,0,0,0,2,2,3,3,34.0,10.0,0.0,0.0,,False
144,patch,named,64.0,64.0,3,0.0,False,19,85,42500,30.0,3,138,3,0,3,138,3,0,0,0,2,2,3,3,34.0,10.0,0.0,0.0,,False
144,patch,named,64.0,64.0,3,0.0,False,19,86,43000,30.0,3,138,3,0,3,138,3,0,0,0,2,2,3,3,34.0,10.0,0.0,0.0,,False
144,patch,named,64.0,64.0,3,0.0,False,19,87,43500,30.0,3,138,3,0,3,138,3,0,0,0,2,2,3,3,34.0,10.0,0.0,0.0,,False
144,patch,named,64.0,64.0,3,0.0,False,19,88,44000,30.0,3,138,3,0,3,138,3,0,0,0,2,2,3,3,34.0,10.0,0.0,0.0,,False
144,patch,named,64.0,64.0,3,0.0,False,19,89,44500,30.0,3,138,3,0,3,138,3,0,0,0,2,2,3,3,34.0,10.0,0.0,0.0,,False
144,patch,named,64.0,64.0,3,0.0,False,19,90,45000,30.0,3,138,3,0,3,138,3,0,0,0,2,2,3,3,34.0,10.0,0.0,0.0,,False
144,patch,named,64.0,64.0,3,0.0,False,19,91,45500,30.0,3,138,3,0,3,138,3,0,0,0,2,2,3,3,34.0,10.0,0.0,0.0,,False
144,patch,named,64.0,64.0,3,0.0,False,19,92,46000,30.0,3,138,3,0,3,138,3,0,0,0,2,2,3,3,34.0,10.0,0.0,0.0,,False
144,patch,named,64.0,64.0,3,0.0,False,19,93,46500,30.0,3,138,3,0,3,138,3,0,0,0,2,2,3,3,34.0,10.0,0.0,0.0,,False
144,patch,named,64.0,64.0,3,0.0,False,19,94,47000,30.0,3,138,3,0,3,138,3,0,0,0,2,2,3,3,34.0,10.0,0.0,0.0,,False
144,patch,named,64.0,64.0,3,0.0,False,19,95,47500,30.0,3,138,3,0,3,138,3,0,0,0,2,2,3,3,34.0,10.0,0.0,0.0,,False
144,patch,named,64.0,64.0,3,0.0,False,19,96,48000,30.0,3,138,3,0,3,138,3,0,0,0,2,2,3,3,34.0,10.0,0.0,0.0,,False
144,patch,named,64.0,64.0,3,0.0,False,19,97,48500,30.0,3,138,3,0,3,138,3,0,0,0,2,2,3,3,34.0,5.0,0.0,0.0,,False
144,patch,named,64.0,64.0,3,0.0,False,19,98,49000,30.0,3,138,3,0,3,138,3,0,0,0,2,2,3,3,34.0,5.0,0.0,0.0,,False
144,patch,named,64.0,64.0,3,0.0,False,19,99,49500,30.0,3,138,3,0,3,138,3,0,0,0,2,2,3,3,34.0,5.0,0.0,0.0,,False
144,patch,named,64.0,64.0,3,0.0,False,19,100,50000,30.0,3,138,3,0,3,138,3,0,0,0,2,2,3,3,34.0,5.0,0.0,0.0,,True
144,patch,named,128.0,128.0,3,0.0,False,0,0,0,128.0,0,119,25,0,0,119,18,7,0,0,0,0,1,25,0.0,0.0,0.0,0.0,,False
144,patch,named,128.0,128.0,3,0.0,False,0,1,500,74.0,1,127,16,0,1,127,15,1,0,0,1,1,1,17,54.0,16.0,0.0,0.0,,False
144,patch,named,128.0,128.0,3,0.0,False,0,2,1000,52.0,2,132,10,0,2,132,10,0,0,0,2,1,5,4,76.0,16.0,0.0,0.0,,False
144,patch,named,128.0,128.0,3,0.0,False,0,3,1500,58.0,0,132,12,0,0,132,12,0,0,0,0,0,1,12,70.0,16.0,0.0,0.0,,False
144,patch,named,128.0,128.0,3,0.0,False,0,4,2000,53.0,0,132,12,0,0,132,12,0,0,0,0,0,2,10,75.0,16.0,0.0,0.0,,False
144,patch,named,128.0,128.0,3,0.0,False,0,5,2500,64.0,0,128,16,0,0,128,16,0,0,0,0,0,2,14,64.0,16.0,0.0,0.0,,False
144,patch,named,128.0,128.0,3,0.0,False,0,6,3000,56.0,6,128,10,0,6,128,10,0,0,0,1,6,3,7,72.0,16.0,0.0,0.0,,False
144,patch,named,128.0,128.0,3,0.0,False,0,7,3500,56.0,6,129,9,0,6,129,8,1,0,0,1,6,3,6,72.0,16.0,0.0,0.0,,False
144,patch,named,128.0,128.0,3,0.0,False,0,8,4000,51.0,6,128,10,0,6,128,10,0,0,0,1,6,3,8,77.0,16.0,0.0,0.0,,False
144,patch,named,128.0,128.0,3,0.0,False,0,9,4500,51.0,2,136,6,0,2,136,6,0,0,0,1,2,3,4,77.0,16.0,0.0,0.0,,False
144,patch,named,128.0,128.0,3,0.0,False,0,10,5000,45.0,6,132,6,0,6,132,6,0,0,0,1,6,3,6,83.0,16.0,0.0,0.0,,False
144,patch,named,128.0,128.0,3,0.0,False,0,11,5500,47.0,1,134,9,0,1,134,9,0,0,0,1,1,4,6,81.0,16.0,0.0,0.0,,False
144,patch,named,128.0,128.0,3,0.0,False,0,12,6000,47.0,0,136,8,0,0,136,8,0,0,0,0,0,2,6,81.0,11.0,0.0,0.0,,False
144,patch,named,128.0,128.0,3,0.0,False,0,13,6500,47.0,0,136,8,0,0,136,8,0,0,0,0,0,2,6,81.0,11.0,0.0,0.0,,False
144,patch,named,128.0,128.0,3,0.0,False,0,14,7000,47.0,1,134,9,0,1,134,9,0,0,0,1,1,4,4,81.0,11.0,0.0,0.0,,False
144,patch,named,128.0,128.0,3,0.0,False,0,15,7500,47.0,1,134,9,0,1,134,9,0,0,0,1,1,3,7,81.0,11.0,0.0,0.0,,False
144,patch,named,128.0,128.0,3,0.0,False,0,16,8000,52.0,2,132,10,0,2,132,10,0,0,0,1,2,2,10,76.0,11.0,0.0,0.0,,False
144,patch,named,128.0,128.0,3,0.0,False,0,17,8500,25.0,2,140,2,0,2,140,2,0,0,0,1,2,2,2,103.0,20.0,0.0,0.0,,False
144,patch,named,128.0,128.0,3,0.0,False,0,18,9000,25.0,2,140,2,0,2,140,2,0,0,0,1,2,2,2,103.0,20.0,0.0,0.0,,False
144,patch,named,128.0,128.0,3,0.0,False,0,19,9500,25.0,2,140,2,0,2,140,2,0,0,0,1,2,2,2,103.0,20.0,0.0,0.0,,False
144,patch,named,128.0,128.0,3,0.0,False,0,20,10000,32.0,0,136,8,0,0,136,8,0,0,0,0,0,2,4,96.0,20.0,0.0,0.0,,False
144,patch,named,128.0,128.0,3,0.0,False,0,21,10500,25.0,2,140,2,0,2,140,2,0,0,0,1,2,2,2,103.0,20.0,0.0,0.0,,False
144,patch,named,128.0,128.0,3,0.0,False,0,22,11000,31.0,2,136,6,0,2,136,6,0,0,0,1,2,2,6,97.0,20.0,0.0,0.0,,False
144,patch,named,128.0,128.0,3,0.0,False,0,23,11500,25.0,2,140,2,0,2,140,2,0,0,0,1,2,2,2,103.0,20.0,0.0,0.0,,False
144,patch,named,128.0,128.0,3,0.0,False,0,24,12000,25.0,2,140,2,0,2,140,2,0,0,0,1,2,2,2,103.0,20.0,0.0,0.0,,False
144,patch,named,128.0,128.0,3,0.0,False,0,25,12500,25.0,2,140,2,0,2,140,2,0,0,0,1,2,2,2,103.0,20.0,0.0,0.0,,False
144,patch,named,128.0,128.0,3,0.0,False,0,26,13000,25.0,2,140,2,0,2,140,2,0,0,0,1,2,2,2,103.0,20.0,0.0,0.0,,False
144,patch,named,128.0,128.0,3,0.0,False,0,27,13500,25.0,2,140,2,0,2,140,2,0,0,0,1,2,2,2,103.0,20.0,0.0,0.0,,False
144,patch,named,128.0,128.0,3,0.0,False,0,28,14000,25.0,2,140,2,0,2,140,2,0,0,0,1,2,2,2,103.0,20.0,0.0,0.0,,False
144,patch,named,128.0,128.0,3,0.0,False,0,29,14500,25.0,2,140,2,0,2,140,2,0,0,0,1,2,2,2,103.0,20.0,0.0,0.0,,False
144,patch,named,128.0,128.0,3,0.0,False,0,30,15000,25.0,2,140,2,0,2,140,2,0,0,0,1,2,2,2,103.0,20.0,0.0,0.0,,False
144,patch,named,128.0,128.0,3,0.0,False,0,31,15500,25.0,2,140,2,0,2,140,2,0,0,0,1,2,2,2,103.0,20.0,0.0,0.0,,False
144,patch,named,128.0,128.0,3,0.0,False,0,32,16000,25.0,2,140,2,0,2,140,2,0,0,0,1,2,2,2,103.0,20.0,0.0,0.0,,False
144,patch,named,128.0,128.0,3,0.0,False,0,33,16500,25.0,2,140,2,0,2,140,2,0,0,0,1,2,2,2,103.0,20.0,0.0,0.0,,False
144,patch,named,128.0,128.0,3,0.0,False,0,34,17000,25.0,2,140,2,0,2,140,2,0,0,0,1,2,2,2,103.0,20.0,0.0,0.0,,False
144,patch,named,128.0,128.0,3,0.0,False,0,35,17500,25.0,2,140,2,0,2,140,2,0,0,0,1,2,2,2,103.0,20.0,0.0,0.0,,False
144,patch,named,128.0,128.0,3,0.0,False,0,36,18000,32.0,0,136,8,0,0,136,8,0,0,0,0,0,2,4,96.0,20.0,0.0,0.0,,False
144,patch,named,128.0,128.0,3,0.0,False,0,37,18500,25.0,2,140,2,0,2,140,2,0,0,0,1,2,2,2,103.0,20.0,0.0,0.0,,False
144,patch,named,128.0,128.0,3,0.0,False,0,38,19000,25.0,2,140,2,0,2,140,2,0,0,0,1,2,2,2,103.0,20.0,0.0,0.0,,False
144,patch,named,128.0,128.0,3,0.0,False,0,39,19500,25.0,2,140,2,0,2,140,2,0,0,0,1,2,2,2,103.0,17.0,0.0,0.0,,False
144,patch,named,128.0,128.0,3,0.0,False,0,40,20000,25.0,2,140,2,0,2,140,2,0,0,0,1,2,2,2,103.0,17.0,0.0,0.0,,False
144,patch,named,128.0,128.0,3,0.0,False,0,41,20500,25.0,2,140,2,0,2,140,2,0,0,0,1,2,2,2,103.0,17.0,0.0,0.0,,False
144,patch,named,128.0,128.0,3,0.0,False,0,42,21000,25.0,2,140,2,0,2,140,2,0,0,0,1,2,2,2,103.0,17.0,0.0,0.0,,False
144,patch,named,128.0,128.0,3,0.0,False,0,43,21500,25.0,2,140,2,0,2,140,2,0,0,0,1,2,2,2,103.0,17.0,0.0,0.0,,False
144,patch,named,128.0,128.0,3,0.0,False,0,44,22000,25.0,2,140,2,0,2,140,2,0,0,0,1,2,2,2,103.0,17.0,0.0,0.0,,False
144,patch,named,128.0,128.0,3,0.0,False,0,45,22500,25.0,2,140,2,0,2,140,2,0,0,0,1,2,2,2,103.0,16.0,0.0,0.0,,False
144,patch,named,128.0,128.0,3,0.0,False,0,46,23000,26.0,0,140,4,0,0,140,4,0,0,0,0,0,2,2,102.0,16.0,0.0,0.0,,False
144,patch,named,128.0,128.0,3,0.0,False,0,47,23500,25.0,2,140,2,0,2,140,2,0,0,0,1,2,2,2,103.0,16.0,0.0,0.0,,False
144,patch,named,128.0,128.0,3,0.0,False,0,48,24000,25.0,2,140,2,0,2,140,2,0,0,0,1,2,2,2,103.0,16.0,0.0,0.0,,False
144,patch,named,128.0,128.0,3,0.0,False,0,49,24500,40.0,3,138,3,0,3,138,3,0,0,0,2,2,4,2,88.0,8.0,0.0,0.0,,False
144,patch,named,128.0,128.0,3,0.0,False,0,50,25000,25.0,2,140,2,0,2,140,2,0,0,0,1,2,2,2,103.0,15.0,0.0,0.0,,False
144,patch,named,128.0,128.0,3,0.0,False,0,51,25500,25.0,2,140,2,0,2,140,2,0,0,0,1,2,2,2,103.0,15.0,0.0,0.0,,False
144,patch,named,128.0,128.0,3,0.0,False,0,52,26000,25.0,2,140,2,0,2,140,2,0,0,0,1,2,2,2,103.0,15.0,0.0,0.0,,False
144,patch,named,128.0,128.0,3,0.0,False,0,53,26500,25.0,2,140,2,0,2,140,2,0,0,0,1,2,2,2,103.0,15.0,0.0,0.0,,False
144,patch,named,128.0,128.0,3,0.0,False,0,54,27000,26.0,0,140,4,0,0,140,4,0,0,0,0,0,2,2,102.0,15.0,0.0,0.0,,False
144,patch,named,128.0,128.0,3,0.0,False,0,55,27500,25.0,2,140,2,0,2,140,2,0,0,0,1,2,2,2,103.0,15.0,0.0,0.0,,False
144,patch,named,128.0,128.0,3,0.0,False,0,56,28000,25.0,2,140,2,0,2,140,2,0,0,0,1,2,2,2,103.0,15.0,0.0,0.0,,False
144,patch,named,128.0,128.0,3,0.0,False,0,57,28500,31.0,2,136,6,0,2,136,6,0,0,0,1,2,2,6,97.0,15.0,0.0,0.0,,False
144,patch,named,128.0,128.0,3,0.0,False,0,58,29000,25.0,2,140,2,0,2,140,2,0,0,0,1,2,2,2,103.0,15.0,0.0,0.0,,False
144,patch,named,128.0,128.0,3,0.0,False,0,59,29500,25.0,2,140,2,0,2,140,2,0,0,0,1,2,2,2,103.0,15.0,0.0,0.0,,False
144,patch,named,128.0,128.0,3,0.0,False,0,60,30000,25.0,2,140,2,0,2,140,2,0,0,0,1,2,2,2,103.0,15.0,0.0,0.0,,False
144,patch,named,128.0,128.0,3,0.0,False,0,61,30500,26.0,0,140,4,0,0,140,4,0,0,0,0,0,2,2,102.0,15.0,0.0,0.0,,False
144,patch,named,128.0,128.0,3,0.0,False,0,62,31000,25.0,2,140,2,0,2,140,2,0,0,0,1,2,2,2,103.0,15.0,0.0,0.0,,False
144,patch,named,128.0,128.0,3,0.0,False,0,63,31500,25.0,2,140,2,0,2,140,2,0,0,0,1,2,2,2,103.0,15.0,0.0,0.0,,False
144,patch,named,128.0,128.0,3,0.0,False,0,64,32000,25.0,2,140,2,0,2,140,2,0,0,0,1,2,2,2,103.0,15.0,0.0,0.0,,False
144,patch,named,128.0,128.0,3,0.0,False,0,65,32500,25.0,2,140,2,0,2,140,2,0,0,0,1,2,2,2,103.0,15.0,0.0,0.0,,False
144,patch,named,128.0,128.0,3,0.0,False,0,66,33000,25.0,2,140,2,0,2,140,2,0,0,0,1,2,2,2,103.0,15.0,0.0,0.0,,False
144,patch,named,128.0,128.0,3,0.0,False,0,67,33500,25.0,2,140,2,0,2,140,2,0,0,0,1,2,2,2,103.0,15.0,0.0,0.0,,False
144,patch,named,128.0,128.0,3,0.0,False,0,68,34000,25.0,2,140,2,0,2,140,2,0,0,0,1,2,2,2,103.0,15.0,0.0,0.0,,False
144,patch,named,128.0,128.0,3,0.0,False,0,69,34500,25.0,2,140,2,0,2,140,2,0,0,0,1,2,2,2,103.0,8.0,0.0,0.0,,False
144,patch,named,128.0,128.0,3,0.0,False,0,70,35000,25.0,2,140,2,0,2,140,2,0,0,0,1,2,2,2,103.0,8.0,0.0,0.0,,False
144,patch,named,128.0,128.0,3,0.0,False,0,71,35500,25.0,2,140,2,0,2,140,2,0,0,0,1,2,2,2,103.0,8.0,0.0,0.0,,False
144,patch,named,128.0,128.0,3,0.0,False,0,72,36000,25.0,2,140,2,0,2,140,2,0,0,0,1,2,2,2,103.0,8.0,0.0,0.0,,False
144,patch,named,128.0,128.0,3,0.0,False,0,73,36500,25.0,2,140,2,0,2,140,2,0,0,0,1,2,2,2,103.0,8.0,0.0,0.0,,False
144,patch,named,128.0,128.0,3,0.0,False,0,74,37000,25.0,2,140,2,0,2,140,2,0,0,0,1,2,2,2,103.0,8.0,0.0,0.0,,False
144,patch,named,128.0,128.0,3,0.0,False,0,75,37500,25.0,2,140,2,0,2,140,2,0,0,0,1,2,2,2,103.0,8.0,0.0,0.0,,False
144,patch,named,128.0,128.0,3,0.0,False,0,76,38000,25.0,2,140,2,0,2,140,2,0,0,0,1,2,2,2,103.0,8.0,0.0,0.0,,False
144,patch,named,128.0,128.0,3,0.0,False,0,77,38500,25.0,2,140,2,0,2,140,2,0,0,0,1,2,2,2,103.0,8.0,0.0,0.0,,False
144,patch,named,128.0,128.0,3,0.0,False,0,78,39000,25.0,2,140,2,0,2,140,2,0,0,0,1,2,2,2,103.0,8.0,0.0,0.0,,False
144,patch,named,128.0,128.0,3,0.0,False,0,79,39500,25.0,2,140,2,0,2,140,2,0,0,0,1,2,2,2,103.0,8.0,0.0,0.0,,False
144,patch,named,128.0,128.0,3,0.0,False,0,80,40000,25.0,2,140,2,0,2,140,2,0,0,0,1,2,2,2,103.0,8.0,0.0,0.0,,False
144,patch,named,128.0,128.0,3,0.0,False,0,81,40500,25.0,2,140,2,0,2,140,2,0,0,0,1,2,2,2,103.0,8.0,0.0,0.0,,False
144,patch,named,128.0,128.0,3,0.0,False,0,82,41000,31.0,2,136,6,0,2,136,6,0,0,0,1,2,2,6,97.0,6.0,0.0,0.0,,False
144,patch,named,128.0,128.0,3,0.0,False,0,83,41500,25.0,2,140,2,0,2,140,2,0,0,0,1,2,2,2,103.0,6.0,0.0,0.0,,False
144,patch,named,128.0,128.0,3,0.0,False,0,84,42000,25.0,2,140,2,0,2,140,2,0,0,0,1,2,2,2,103.0,6.0,0.0,0.0,,False
144,patch,named,128.0,128.0,3,0.0,False,0,85,42500,25.0,2,140,2,0,2,140,2,0,0,0,1,2,2,2,103.0,6.0,0.0,0.0,,False
144,patch,named,128.0,128.0,3,0.0,False,0,86,43000,26.0,0,140,4,0,0,140,4,0,0,0,0,0,2,2,102.0,6.0,0.0,0.0,,False
144,patch,named,128.0,128.0,3,0.0,False,0,87,43500,26.0,0,140,4,0,0,140,4,0,0,0,0,0,2,2,102.0,6.0,0.0,0.0,,False
144,patch,named,128.0,128.0,3,0.0,False,0,88,44000,25.0,2,140,2,0,2,140,2,0,0,0,1,2,2,2,103.0,6.0,0.0,0.0,,False
144,patch,named,128.0,128.0,3,0.0,False,0,89,44500,25.0,2,140,2,0,2,140,2,0,0,0,1,2,2,2,103.0,6.0,0.0,0.0,,False
144,patch,named,128.0,128.0,3,0.0,False,0,90,45000,25.0,2,140,2,0,2,140,2,0,0,0,1,2,2,2,103.0,6.0,0.0,0.0,,False
144,patch,named,128.0,128.0,3,0.0,False,0,91,45500,25.0,2,140,2,0,2,140,2,0,0,0,1,2,2,2,103.0,6.0,0.0,0.0,,False
144,patch,named,128.0,128.0,3,0.0,False,0,92,46000,25.0,2,140,2,0,2,140,2,0,0,0,1,2,2,2,103.0,7.0,0.0,0.0,,False
144,patch,named,128.0,128.0,3,0.0,False,0,93,46500,25.0,2,140,2,0,2,140,2,0,0,0,1,2,2,2,103.0,7.0,0.0,0.0,,False
144,patch,named,128.0,128.0,3,0.0,False,0,94,47000,25.0,2,140,2,0,2,140,2,0,0,0,1,2,2,2,103.0,7.0,0.0,0.0,,False
144,patch,named,128.0,128.0,3,0.0,False,0,95,47500,25.0,2,140,2,0,2,140,2,0,0,0,1,2,2,2,103.0,7.0,0.0,0.0,,False
144,patch,named,128.0,128.0,3,0.0,False,0,96,48000,25.0,2,140,2,0,2,140,2,0,0,0,1,2,2,2,103.0,7.0,0.0,0.0,,False
144,patch,named,128.0,128.0,3,0.0,False,0,97,48500,25.0,2,140,2,0,2,140,2,0,0,0,1,2,2,2,103.0,7.0,0.0,0.0,,False
144,patch,named,128.0,128.0,3,0.0,False,0,98,49000,25.0,2,140,2,0,2,140,2,0,0,0,1,2,2,2,103.0,7.0,0.0,0.0,,False
144,patch,named,128.0,128.0,3,0.0,False,0,99,49500,25.0,2,140,2,0,2,140,2,0,0,0,1,2,2,2,103.0,7.0,0.0,0.0,,False
144,patch,named,128.0,128.0,3,0.0,False,0,100,50000,25.0,2,140,2,0,2,140,2,0,0,0,1,2,2,2,103.0,7.0,0.0,0.0,,True
144,patch,named,128.0,128.0,3,0.0,False,1,0,0,128.0,0,119,25,0,0,119,19,5,1,0,0,0,1,25,0.0,0.0,0.0,0.0,,False
144,patch,named,128.0,128.0,3,0.0,False,1,1,500,58.0,0,133,11,0,0,133,10,1,0,0,0,0,2,10,70.0,16.0,0.0,0.0,,False
144,patch,named,128.0,128.0,3,0.0,False,1,2,1000,53.0,0,132,12,0,0,132,12,0,0,0,0,0,2,10,75.0,16.0,0.0,0.0,,False
144,patch,named,128.0,128.0,3,0.0,False,1,3,1500,53.0,0,132,12,0,0,132,12,0,0,0,0,0,1,12,75.0,16.0,0.0,0.0,,False
144,patch,named,128.0,128.0,3,0.0,False,1,4,2000,53.0,0,132,12,0,0,132,12,0,0,0,0,0,1,12,75.0,16.0,0.0,0.0,,False
144,patch,named,128.0,128.0,3,0.0,False,1,5,2500,53.0,0,132,12,0,0,132,12,0,0,0,0,0,2,10,75.0,16.0,0.0,0.0,,False
144,patch,named,128.0,128.0,3,0.0,False,1,6,3000,53.0,0,132,12,0,0,132,12,0,0,0,0,0,1,12,75.0,16.0,0.0,0.0,,False
144,patch,named,128.0,128.0,3,0.0,False,1,7,3500,53.0,0,132,12,0,0,132,12,0,0,0,0,0,1,12,75.0,16.0,0.0,0.0,,False
144,patch,named,128.0,128.0,3,0.0,False,1,8,4000,53.0,0,132,12,0,0,132,12,0,0,0,0,0,1,12,75.0,16.0,0.0,0.0,,False
144,patch,named,128.0,128.0,3,0.0,False,1,9,4500,53.0,0,132,12,0,0,132,12,0,0,0,0,0,2,10,75.0,16.0,0.0,0.0,,False
144,patch,named,128.0,128.0,3,0.0,False,1,10,5000,69.0,0,128,16,0,0,128,16,0,0,0,0,0,1,16,59.0,11.0,0.0,0.0,,False
144,patch,named,128.0,128.0,3,0.0,False,1,11,5500,53.0,0,132,12,0,0,132,12,0,0,0,0,0,2,8,75.0,16.0,0.0,0.0,,False
144,patch,named,128.0,128.0,3,0.0,False,1,12,6000,58.0,0,133,11,0,0,133,10,1,0,0,0,0,2,8,70.0,11.0,0.0,0.0,,False
144,patch,named,128.0,128.0,3,0.0,False,1,13,6500,53.0,0,132,12,0,0,132,12,0,0,0,0,0,2,8,75.0,11.0,0.0,0.0,,False
144,patch,named,128.0,128.0,3,0.0,False,1,14,7000,52.0,0,136,8,0,0,136,8,0,0,0,0,0,3,3,76.0,11.0,0.0,0.0,,False
144,patch,named,128.0,128.0,3,0.0,False,1,15,7500,57.0,2,132,10,0,2,132,10,0,0,0,1,2,3,8,71.0,6.0,0.0,0.0,,False
144,patch,named,128.0,128.0,3,0.0,False,1,16,8000,57.0,2,132,10,0,2,132,10,0,0,0,1,2,3,8,71.0,6.0,0.0,0.0,,False
144,patch,named,128.0,128.0,3,0.0,False,1,17,8500,57.0,2,132,10,0,2,132,10,0,0,0,1,2,3,8,71.0,10.0,0.0,0.0,,False
144,patch,named,128.0,128.0,3,0.0,False,1,18,9000,57.0,2,132,10,0,2,132,10,0,0,0,1,2,3,8,71.0,10.0,0.0,0.0,,False
144,patch,named,128.0,128.0,3,0.0,False,1,19,9500,57.0,2,132,10,0,2,132,10,0,0,0,1,2,3,8,71.0,10.0,0.0,0.0,,False
144,patch,named,128.0,128.0,3,0.0,False,1,20,10000,57.0,2,132,10,0,2,132,10,0,0,0,1,2,3,8,71.0,10.0,0.0,0.0,,False
144,patch,named,128.0,128.0,3,0.0,False,1,21,10500,62.0,1,134,9,0,1,134,9,0,0,0,1,1,5,3,66.0,6.0,0.0,0.0,,False
144,patch,named,128.0,128.0,3,0.0,False,1,22,11000,57.0,2,132,10,0,2,132,10,0,0,0,1,2,3,8,71.0,6.0,0.0,0.0,,False
144,patch,named,128.0,128.0,3,0.0,False,1,23,11500,63.0,0,133,11,0,0,133,10,1,0,0,0,0,2,8,65.0,6.0,0.0,0.0,,False
144,patch,named,128.0,128.0,3,0.0,False,1,24,12000,63.0,1,130,13,0,1,130,13,0,0,0,1,1,3,12,65.0,6.0,0.0,0.0,,False
144,patch,named,128.0,128.0,3,0.0,False,1,25,12500,52.0,0,136,8,0,0,136,8,0,0,0,0,0,3,3,76.0,11.0,0.0,0.0,,False
144,patch,named,128.0,128.0,3,0.0,False,1,26,13000,52.0,0,136,8,0,0,136,8,0,0,0,0,0,3,3,76.0,11.0,0.0,0.0,,False
144,patch,named,128.0,128.0,3,0.0,False,1,27,13500,52.0,0,136,8,0,0,136,8,0,0,0,0,0,3,3,76.0,6.0,0.0,0.0,,False
144,patch,named,128.0,128.0,3,0.0,False,1,28,14000,52.0,0,136,8,0,0,136,8,0,0,0,0,0,3,3,76.0,6.0,0.0,0.0,,False
144,patch,named,128.0,128.0,3,0.0,False,1,29,14500,52.0,0,136,8,0,0,136,8,0,0,0,0,0,3,3,76.0,6.0,0.0,0.0,,False
144,patch,named,128.0,128.0,3,0.0,False,1,30,15000,52.0,0,136,8,0,0,136,8,0,0,0,0,0,3,3,76.0,6.0,0.0,0.0,,False
144,patch,named,128.0,128.0,3,0.0,False,1,31,15500,52.0,0,136,8,0,0,136,8,0,0,0,0,0,3,3,76.0,6.0,0.0,0.0,,False
144,patch,named,128.0,128.0,3,0.0,False,1,32,16000,52.0,0,136,8,0,0,136,8,0,0,0,0,0,3,3,76.0,6.0,0.0,0.0,,False
144,patch,named,128.0,128.0,3,0.0,False,1,33,16500,52.0,0,136,8,0,0,136,8,0,0,0,0,0,3,3,76.0,6.0,0.0,0.0,,False
144,patch,named,128.0,128.0,3,0.0,False,1,34,17000,52.0,0,136,8,0,0,136,8,0,0,0,0,0,3,3,76.0,6.0,0.0,0.0,,False
144,patch,named,128.0,128.0,3,0.0,False,1,35,17500,52.0,0,136,8,0,0,136,8,0,0,0,0,0,3,3,76.0,6.0,0.0,0.0,,False
144,patch,named,128.0,128.0,3,0.0,False,1,36,18000,52.0,0,136,8,0,0,136,8,0,0,0,0,0,3,3,76.0,6.0,0.0,0.0,,False
144,patch,named,128.0,128.0,3,0.0,False,1,37,18500,52.0,0,136,8,0,0,136,8,0,0,0,0,0,3,3,76.0,6.0,0.0,0.0,,False
144,patch,named,128.0,128.0,3,0.0,False,1,38,19000,52.0,0,136,8,0,0,136,8,0,0,0,0,0,3,3,76.0,6.0,0.0,0.0,,False
144,patch,named,128.0,128.0,3,0.0,False,1,39,19500,52.0,0,136,8,0,0,136,8,0,0,0,0,0,3,3,76.0,6.0,0.0,0.0,,False
144,patch,named,128.0,128.0,3,0.0,False,1,40,20000,52.0,0,136,8,0,0,136,8,0,0,0,0,0,3,3,76.0,6.0,0.0,0.0,,False
144,patch,named,128.0,128.0,3,0.0,False,1,41,20500,52.0,0,136,8,0,0,136,8,0,0,0,0,0,3,3,76.0,6.0,0.0,0.0,,False
144,patch,named,128.0,128.0,3,0.0,False,1,42,21000,52.0,0,136,8,0,0,136,8,0,0,0,0,0,3,3,76.0,6.0,0.0,0.0,,False
144,patch,named,128.0,128.0,3,0.0,False,1,43,21500,52.0,0,136,8,0,0,136,8,0,0,0,0,0,3,3,76.0,6.0,0.0,0.0,,False
144,patch,named,128.0,128.0,3,0.0,False,1,44,22000,52.0,0,136,8,0,0,136,8,0,0,0,0,0,3,3,76.0,6.0,0.0,0.0,,False
144,patch,named,128.0,128.0,3,0.0,False,1,45,22500,52.0,0,136,8,0,0,136,8,0,0,0,0,0,3,3,76.0,6.0,0.0,0.0,,False
144,patch,named,128.0,128.0,3,0.0,False,1,46,23000,53.0,0,132,12,0,0,132,12,0,0,0,0,0,2,8,75.0,6.0,0.0,0.0,,False
144,patch,named,128.0,128.0,3,0.0,False,1,47,23500,58.0,0,133,11,0,0,133,10,1,0,0,0,0,2,7,70.0,6.0,0.0,0.0,,False
144,patch,named,128.0,128.0,3,0.0,False,1,48,24000,53.0,0,132,12,0,0,132,12,0,0,0,0,0,2,8,75.0,6.0,0.0,0.0,,False
144,patch,named,128.0,128.0,3,0.0,False,1,49,24500,53.0,0,132,12,0,0,132,12,0,0,0,0,0,2,8,75.0,6.0,0.0,0.0,,False
144,patch,named,128.0,128.0,3,0.0,False,1,50,25000,53.0,0,132,12,0,0,132,12,0,0,0,0,0,2,8,75.0,6.0,0.0,0.0,,False
144,patch,named,128.0,128.0,3,0.0,False,1,51,25500,53.0,0,132,12,0,0,132,12,0,0,0,0,0,2,8,75.0,6.0,0.0,0.0,,False
144,patch,named,128.0,128.0,3,0.0,False,1,52,26000,53.0,0,132,12,0,0,132,12,0,0,0,0,0,2,8,75.0,6.0,0.0,0.0,,False
144,patch,named,128.0,128.0,3,0.0,False,1,53,26500,53.0,0,132,12,0,0,132,12,0,0,0,0,0,2,8,75.0,6.0,0.0,0.0,,False
144,patch,named,128.0,128.0,3,0.0,False,1,54,27000,52.0,0,136,8,0,0,136,8,0,0,0,0,0,3,3,76.0,6.0,0.0,0.0,,False
144,patch,named,128.0,128.0,3,0.0,False,1,55,27500,52.0,0,136,8,0,0,136,8,0,0,0,0,0,3,3,76.0,6.0,0.0,0.0,,False
144,patch,named,128.0,128.0,3,0.0,False,1,56,28000,52.0,0,136,8,0,0,136,8,0,0,0,0,0,3,3,76.0,6.0,0.0,0.0,,False
144,patch,named,128.0,128.0,3,0.0,False,1,57,28500,52.0,0,136,8,0,0,136,8,0,0,0,0,0,3,3,76.0,6.0,0.0,0.0,,False
144,patch,named,128.0,128.0,3,0.0,False,1,58,29000,52.0,0,136,8,0,0,136,8,0,0,0,0,0,3,3,76.0,6.0,0.0,0.0,,False
144,patch,named,128.0,128.0,3,0.0,False,1,59,29500,52.0,0,136,8,0,0,136,8,0,0,0,0,0,3,3,76.0,6.0,0.0,0.0,,False
144,patch,named,128.0,128.0,3,0.0,False,1,60,30000,52.0,0,136,8,0,0,136,8,0,0,0,0,0,3,3,76.0,6.0,0.0,0.0,,False
144,patch,named,128.0,128.0,3,0.0,False,1,61,30500,52.0,0,136,8,0,0,136,8,0,0,0,0,0,3,3,76.0,6.0,0.0,0.0,,False
144,patch,named,128.0,128.0,3,0.0,False,1,62,31000,52.0,0,136,8,0,0,136,8,0,0,0,0,0,3,3,76.0,6.0,0.0,0.0,,False
144,patch,named,128.0,128.0,3,0.0,False,1,63,31500,52.0,0,136,8,0,0,136,8,0,0,0,0,0,3,3,76.0,6.0,0.0,0.0,,False
144,patch,named,128.0,128.0,3,0.0,False,1,64,32000,52.0,0,136,8,0,0,136,8,0,0,0,0,0,3,3,76.0,6.0,0.0,0.0,,False
144,patch,named,128.0,128.0,3,0.0,False,1,65,32500,52.0,0,136,8,0,0,136,8,0,0,0,0,0,3,3,76.0,6.0,0.0,0.0,,False
144,patch,named,128.0,128.0,3,0.0,False,1,66,33000,52.0,0,136,8,0,0,136,8,0,0,0,0,0,3,3,76.0,6.0,0.0,0.0,,False
144,patch,named,128.0,128.0,3,0.0,False,1,67,33500,52.0,0,136,8,0,0,136,8,0,0,0,0,0,3,3,76.0,6.0,0.0,0.0,,False
144,patch,named,128.0,128.0,3,0.0,False,1,68,34000,52.0,0,136,8,0,0,136,8,0,0,0,0,0,3,3,76.0,6.0,0.0,0.0,,False
144,patch,named,128.0,128.0,3,0.0,False,1,69,34500,52.0,0,136,8,0,0,136,8,0,0,0,0,0,3,3,76.0,6.0,0.0,0.0,,False
144,patch,named,128.0,128.0,3,0.0,False,1,70,35000,52.0,0,136,8,0,0,136,8,0,0,0,0,0,3,3,76.0,6.0,0.0,0.0,,False
144,patch,named,128.0,128.0,3,0.0,False,1,71,35500,52.0,0,136,8,0,0,136,8,0,0,0,0,0,3,3,76.0,6.0,0.0,0.0,,False
144,patch,named,128.0,128.0,3,0.0,False,1,72,36000,52.0,0,136,8,0,0,136,8,0,0,0,0,0,3,3,76.0,6.0,0.0,0.0,,False
144,patch,named,128.0,128.0,3,0.0,False,1,73,36500,52.0,0,136,8,0,0,136,8,0,0,0,0,0,3,3,76.0,6.0,0.0,0.0,,False
144,patch,named,128.0,128.0,3,0.0,False,1,74,37000,52.0,0,136,8,0,0,136,8,0,0,0,0,0,3,3,76.0,6.0,0.0,0.0,,False
144,patch,named,128.0,128.0,3,0.0,False,1,75,37500,52.0,0,136,8,0,0,136,8,0,0,0,0,0,3,3,76.0,6.0,0.0,0.0,,False
144,patch,named,128.0,128.0,3,0.0,False,1,76,38000,52.0,0,136,8,0,0,136,8,0,0,0,0,0,3,3,76.0,6.0,0.0,0.0,,False
144,patch,named,128.0,128.0,3,0.0,False,1,77,38500,58.0,0,133,11,0,0,133,10,1,0,0,0,0,2,8,70.0,6.0,0.0,0.0,,False
144,patch,named,128.0,128.0,3,0.0,False,1,78,39000,52.0,0,136,8,0,0,136,8,0,0,0,0,0,3,3,76.0,6.0,0.0,0.0,,False
144,patch,named,128.0,128.0,3,0.0,False,1,79,39500,52.0,0,136,8,0,0,136,8,0,0,0,0,0,3,3,76.0,6.0,0.0,0.0,,False
144,patch,named,128.0,128.0,3,0.0,False,1,80,40000,52.0,0,136,8,0,0,136,8,0,0,0,0,0,3,3,76.0,6.0,0.0,0.0,,False
144,patch,named,128.0,128.0,3,0.0,False,1,81,40500,52.0,0,136,8,0,0,136,8,0,0,0,0,0,3,3,76.0,6.0,0.0,0.0,,False
144,patch,named,128.0,128.0,3,0.0,False,1,82,41000,52.0,0,136,8,0,0,136,8,0,0,0,0,0,3,3,76.0,6.0,0.0,0.0,,False
144,patch,named,128.0,128.0,3,0.0,False,1,83,41500,52.0,0,136,8,0,0,136,8,0,0,0,0,0,3,3,76.0,6.0,0.0,0.0,,False
144,patch,named,128.0,128.0,3,0.0,False,1,84,42000,52.0,0,136,8,0,0,136,8,0,0,0,0,0,3,3,76.0,6.0,0.0,0.0,,False
144,patch,named,128.0,128.0,3,0.0,False,1,85,42500,52.0,0,136,8,0,0,136,8,0,0,0,0,0,3,3,76.0,6.0,0.0,0.0,,False
144,patch,named,128.0,128.0,3,0.0,False,1,86,43000,52.0,0,136,8,0,0,136,8,0,0,0,0,0,3,3,76.0,6.0,0.0,0.0,,False
144,patch,named,128.0,128.0,3,0.0,False,1,87,43500,52.0,0,136,8,0,0,136,8,0,0,0,0,0,3,3,76.0,6.0,0.0,0.0,,False
144,patch,named,128.0,128.0,3,0.0,False,1,88,44000,52.0,0,136,8,0,0,136,8,0,0,0,0,0,3,3,76.0,6.0,0.0,0.0,,False
144,patch,named,128.0,128.0,3,0.0,False,1,89,44500,52.0,0,136,8,0,0,136,8,0,0,0,0,0,3,3,76.0,6.0,0.0,0.0,,False
144,patch,named,128.0,128.0,3,0.0,False,1,90,45000,52.0,0,136,8,0,0,136,8,0,0,0,0,0,3,3,76.0,6.0,0.0,0.0,,False
144,patch,named,128.0,128.0,3,0.0,False,1,91,45500,52.0,0,136,8,0,0,136,8,0,0,0,0,0,3,3,76.0,6.0,0.0,0.0,,False
144,patch,named,128.0,128.0,3,0.0,False,1,92,46000,52.0,0,136,8,0,0,136,8,0,0,0,0,0,3,3,76.0,6.0,0.0,0.0,,False
144,patch,named,128.0,128.0,3,0.0,False,1,93,46500,52.0,0,136,8,0,0,136,8,0,0,0,0,0,3,3,76.0,6.0,0.0,0.0,,False
144,patch,named,128.0,128.0,3,0.0,False,1,94,47000,52.0,0,136,8,0,0,136,8,0,0,0,0,0,3,3,76.0,6.0,0.0,0.0,,False
144,patch,named,128.0,128.0,3,0.0,False,1,95,47500,52.0,0,136,8,0,0,136,8,0,0,0,0,0,3,3,76.0,6.0,0.0,0.0,,False
144,patch,named,128.0,128.0,3,0.0,False,1,96,48000,52.0,0,136,8,0,0,136,8,0,0,0,0,0,3,3,76.0,6.0,0.0,0.0,,False
144,patch,named,128.0,128.0,3,0.0,False,1,97,48500,52.0,0,136,8,0,0,136,8,0,0,0,0,0,3,3,76.0,6.0,0.0,0.0,,False
144,patch,named,128.0,128.0,3,0.0,False,1,98,49000,52.0,0,136,8,0,0,136,8,0,0,0,0,0,3,3,76.0,6.0,0.0,0.0,,False
144,patch,named,128.0,128.0,3,0.0,False,1,99,49500,52.0,0,136,8,0,0,136,8,0,0,0,0,0,3,3,76.0,6.0,0.0,0.0,,False
144,patch,named,128.0,128.0,3,0.0,False,1,100,50000,52.0,0,136,8,0,0,136,8,0,0,0,0,0,3,3,76.0,6.0,0.0,0.0,,True
144,patch,named,128.0,127.0,3,0.0,False,2,0,0,127.0,1,120,23,0,1,120,17,6,0,0,1,1,1,24,0.0,0.0,0.0,0.0,,False
144,patch,named,128.0,127.0,3,0.0,False,2,1,500,73.0,3,126,15,0,3,126,15,0,0,0,2,2,3,15,54.0,11.0,0.0,0.0,,False
144,patch,named,128.0,127.0,3,0.0,False,2,2,1000,68.0,2,128,14,0,2,128,14,0,0,0,1,2,2,14,59.0,11.0,0.0,0.0,,False
144,patch,named,128.0,127.0,3,0.0,False,2,3,1500,62.0,2,132,10,0,2,132,10,0,0,0,1,2,4,4,65.0,11.0,0.0,0.0,,False
144,patch,named,128.0,127.0,3,0.0,False,2,4,2000,62.0,2,132,10,0,2,132,10,0,0,0,1,2,4,4,65.0,11.0,0.0,0.0,,False
144,patch,named,128.0,127.0,3,0.0,False,2,5,2500,46.0,2,136,6,0,2,136,6,0,0,0,1,2,3,4,81.0,11.0,0.0,0.0,,False
144,patch,named,128.0,127.0,3,0.0,False,2,6,3000,46.0,2,136,6,0,2,136,6,0,0,0,1,2,3,4,81.0,11.0,0.0,0.0,,False
144,patch,named,128.0,127.0,3,0.0,False,2,7,3500,51.0,3,134,7,0,3,134,7,0,0,0,2,2,3,7,76.0,11.0,0.0,0.0,,False
144,patch,named,128.0,127.0,3,0.0,False,2,8,4000,52.0,2,133,9,0,2,133,8,1,0,0,1,2,3,7,75.0,11.0,0.0,0.0,,False
144,patch,named,128.0,127.0,3,0.0,False,2,9,4500,31.0,2,136,6,0,2,136,6,0,0,0,1,2,3,4,96.0,22.0,0.0,0.0,,False
144,patch,named,128.0,127.0,3,0.0,False,2,10,5000,30.0,4,136,4,0,4,136,4,0,0,0,2,2,4,2,97.0,16.0,0.0,0.0,,False
144,patch,named,128.0,127.0,3,0.0,False,2,11,5500,31.0,2,136,6,0,2,136,6,0,0,0,1,2,3,4,96.0,16.0,0.0,0.0,,False
144,patch,named,128.0,127.0,3,0.0,False,2,12,6000,30.0,4,136,4,0,4,136,4,0,0,0,2,2,4,2,97.0,16.0,0.0,0.0,,False
144,patch,named,128.0,127.0,3,0.0,False,2,13,6500,30.0,4,136,4,0,4,136,4,0,0,0,2,2,4,2,97.0,16.0,0.0,0.0,,False
144,patch,named,128.0,127.0,3,0.0,False,2,14,7000,41.0,3,134,7,0,3,134,7,0,0,0,2,2,5,3,86.0,11.0,0.0,0.0,,False
144,patch,named,128.0,127.0,3,0.0,False,2,15,7500,31.0,2,136,6,0,2,136,6,0,0,0,1,2,4,2,96.0,11.0,0.0,0.0,,False
144,patch,named,128.0,127.0,3,0.0,False,2,16,8000,30.0,4,136,4,0,4,136,4,0,0,0,2,2,4,2,97.0,11.0,0.0,0.0,,False
144,patch,named,128.0,127.0,3,0.0,False,2,17,8500,30.0,4,136,4,0,4,136,4,0,0,0,2,2,4,2,97.0,11.0,0.0,0.0,,False
144,patch,named,128.0,127.0,3,0.0,False,2,18,9000,30.0,4,136,4,0,4,136,4,0,0,0,2,2,4,2,97.0,11.0,0.0,0.0,,False
144,patch,named,128.0,127.0,3,0.0,False,2,19,9500,30.0,4,136,4,0,4,136,4,0,0,0,2,2,4,2,97.0,11.0,0.0,0.0,,False
144,patch,named,128.0,127.0,3,0.0,False,2,20,10000,31.0,2,136,6,0,2,136,6,0,0,0,1,2,4,2,96.0,11.0,0.0,0.0,,False
144,patch,named,128.0,127.0,3,0.0,False,2,21,10500,30.0,4,136,4,0,4,136,4,0,0,0,2,2,4,2,97.0,11.0,0.0,0.0,,False
144,patch,named,128.0,127.0,3,0.0,False,2,22,11000,31.0,2,136,6,0,2,136,6,0,0,0,1,2,3,4,96.0,11.0,0.0,0.0,,False
144,patch,named,128.0,127.0,3,0.0,False,2,23,11500,30.0,4,136,4,0,4,136,4,0,0,0,2,2,4,2,97.0,11.0,0.0,0.0,,False
144,patch,named,128.0,127.0,3,0.0,False,2,24,12000,31.0,2,136,6,0,2,136,6,0,0,0,1,2,4,2,96.0,11.0,0.0,0.0,,False
144,patch,named,128.0,127.0,3,0.0,False,2,25,12500,31.0,2,136,6,0,2,136,6,0,0,0,1,2,4,2,96.0,11.0,0.0,0.0,,False
144,patch,named,128.0,127.0,3,0.0,False,2,26,13000,31.0,2,136,6,0,2,136,6,0,0,0,1,2,4,2,96.0,11.0,0.0,0.0,,False
144,patch,named,128.0,127.0,3,0.0,False,2,27,13500,30.0,4,136,4,0,4,136,4,0,0,0,2,2,4,2,97.0,11.0,0.0,0.0,,False
144,patch,named,128.0,127.0,3,0.0,False,2,28,14000,30.0,4,136,4,0,4,136,4,0,0,0,2,2,4,2,97.0,11.0,0.0,0.0,,False
144,patch,named,128.0,127.0,3,0.0,False,2,29,14500,31.0,2,136,6,0,2,136,6,0,0,0,1,2,4,2,96.0,11.0,0.0,0.0,,False
144,patch,named,128.0,127.0,3,0.0,False,2,30,15000,30.0,4,136,4,0,4,136,4,0,0,0,2,2,4,2,97.0,11.0,0.0,0.0,,False
144,patch,named,128.0,127.0,3,0.0,False,2,31,15500,32.0,0,136,8,0,0,136,8,0,0,0,0,0,3,4,95.0,11.0,0.0,0.0,,False
144,patch,named,128.0,127.0,3,0.0,False,2,32,16000,30.0,4,136,4,0,4,136,4,0,0,0,2,2,4,2,97.0,11.0,0.0,0.0,,False
144,patch,named,128.0,127.0,3,0.0,False,2,33,16500,30.0,4,136,4,0,4,136,4,0,0,0,2,2,4,2,97.0,11.0,0.0,0.0,,False
144,patch,named,128.0,127.0,3,0.0,False,2,34,17000,30.0,4,136,4,0,4,136,4,0,0,0,2,2,4,2,97.0,11.0,0.0,0.0,,False
144,patch,named,128.0,127.0,3,0.0,False,2,35,17500,31.0,2,136,6,0,2,136,6,0,0,0,1,2,3,4,96.0,11.0,0.0,0.0,,False
144,patch,named,128.0,127.0,3,0.0,False,2,36,18000,30.0,4,136,4,0,4,136,4,0,0,0,2,2,4,2,97.0,11.0,0.0,0.0,,False
144,patch,named,128.0,127.0,3,0.0,False,2,37,18500,31.0,2,136,6,0,2,136,6,0,0,0,1,2,3,4,96.0,10.0,0.0,0.0,,False
144,patch,named,128.0,127.0,3,0.0,False,2,38,19000,31.0,2,136,6,0,2,136,6,0,0,0,1,2,3,4,96.0,10.0,0.0,0.0,,False
144,patch,named,128.0,127.0,3,0.0,False,2,39,19500,32.0,0,136,8,0,0,136,8,0,0,0,0,0,3,4,95.0,10.0,0.0,0.0,,False
144,patch,named,128.0,127.0,3,0.0,False,2,40,20000,32.0,0,136,8,0,0,136,8,0,0,0,0,0,3,4,95.0,10.0,0.0,0.0,,False
144,patch,named,128.0,127.0,3,0.0,False,2,41,20500,31.0,2,136,6,0,2,136,6,0,0,0,1,2,3,4,96.0,10.0,0.0,0.0,,False
144,patch,named,128.0,127.0,3,0.0,False,2,42,21000,30.0,4,136,4,0,4,136,4,0,0,0,2,2,4,2,97.0,11.0,0.0,0.0,,False
144,patch,named,128.0,127.0,3,0.0,False,2,43,21500,31.0,2,136,6,0,2,136,6,0,0,0,1,2,4,2,96.0,11.0,0.0,0.0,,False
144,patch,named,128.0,127.0,3,0.0,False,2,44,22000,32.0,0,136,8,0,0,136,8,0,0,0,0,0,3,4,95.0,11.0,0.0,0.0,,False
144,patch,named,128.0,127.0,3,0.0,False,2,45,22500,30.0,4,136,4,0,4,136,4,0,0,0,2,2,4,2,97.0,11.0,0.0,0.0,,False
144,patch,named,128.0,127.0,3,0.0,False,2,46,23000,30.0,4,136,4,0,4,136,4,0,0,0,2,2,4,2,97.0,11.0,0.0,0.0,,False
144,patch,named,128.0,127.0,3,0.0,False,2,47,23500,30.0,4,136,4,0,4,136,4,0,0,0,2,2,4,2,97.0,11.0,0.0,0.0,,False
144,patch,named,128.0,127.0,3,0.0,False,2,48,24000,30.0,4,136,4,0,4,136,4,0,0,0,2,2,4,2,97.0,11.0,0.0,0.0,,False
144,patch,named,128.0,127.0,3,0.0,False,2,49,24500,32.0,0,136,8,0,0,136,8,0,0,0,0,0,3,4,95.0,11.0,0.0,0.0,,False
144,patch,named,128.0,127.0,3,0.0,False,2,50,25000,30.0,4,136,4,0,4,136,4,0,0,0,2,2,4,2,97.0,11.0,0.0,0.0,,False
144,patch,named,128.0,127.0,3,0.0,False,2,51,25500,30.0,4,136,4,0,4,136,4,0,0,0,2,2,4,2,97.0,11.0,0.0,0.0,,False
144,patch,named,128.0,127.0,3,0.0,False,2,52,26000,30.0,4,136,4,0,4,136,4,0,0,0,2,2,4,2,97.0,11.0,0.0,0.0,,False
144,patch,named,128.0,127.0,3,0.0,False,2,53,26500,30.0,4,136,4,0,4,136,4,0,0,0,2,2,4,2,97.0,11.0,0.0,0.0,,False
144,patch,named,128.0,127.0,3,0.0,False,2,54,27000,30.0,4,136,4,0,4,136,4,0,0,0,2,2,4,2,97.0,11.0,0.0,0.0,,False
144,patch,named,128.0,127.0,3,0.0,False,2,55,27500,30.0,4,136,4,0,4,136,4,0,0,0,2,2,4,2,97.0,11.0,0.0,0.0,,False
144,patch,named,128.0,127.0,3,0.0,False,2,56,28000,31.0,2,136,6,0,2,136,6,0,0,0,1,2,4,2,96.0,10.0,0.0,0.0,,False
144,patch,named,128.0,127.0,3,0.0,False,2,57,28500,30.0,4,136,4,0,4,136,4,0,0,0,2,2,4,2,97.0,10.0,0.0,0.0,,False
144,patch,named,128.0,127.0,3,0.0,False,2,58,29000,30.0,4,136,4,0,4,136,4,0,0,0,2,2,4,2,97.0,10.0,0.0,0.0,,False
144,patch,named,128.0,127.0,3,0.0,False,2,59,29500,30.0,4,136,4,0,4,136,4,0,0,0,2,2,4,2,97.0,10.0,0.0,0.0,,False
144,patch,named,128.0,127.0,3,0.0,False,2,60,30000,30.0,4,136,4,0,4,136,4,0,0,0,2,2,4,2,97.0,10.0,0.0,0.0,,False
144,patch,named,128.0,127.0,3,0.0,False,2,61,30500,31.0,2,136,6,0,2,136,6,0,0,0,1,2,4,2,96.0,10.0,0.0,0.0,,False
144,patch,named,128.0,127.0,3,0.0,False,2,62,31000,31.0,2,136,6,0,2,136,6,0,0,0,1,2,3,4,96.0,10.0,0.0,0.0,,False
144,patch,named,128.0,127.0,3,0.0,False,2,63,31500,30.0,4,136,4,0,4,136,4,0,0,0,2,2,4,2,97.0,10.0,0.0,0.0,,False
144,patch,named,128.0,127.0,3,0.0,False,2,64,32000,30.0,4,136,4,0,4,136,4,0,0,0,2,2,4,2,97.0,10.0,0.0,0.0,,False
144,patch,named,128.0,127.0,3,0.0,False,2,65,32500,30.0,4,136,4,0,4,136,4,0,0,0,2,2,4,2,97.0,10.0,0.0,0.0,,False
144,patch,named,128.0,127.0,3,0.0,False,2,66,33000,30.0,4,136,4,0,4,136,4,0,0,0,2,2,4,2,97.0,10.0,0.0,0.0,,False
144,patch,named,128.0,127.0,3,0.0,False,2,67,33500,30.0,4,136,4,0,4,136,4,0,0,0,2,2,4,2,97.0,10.0,0.0,0.0,,False
144,patch,named,128.0,127.0,3,0.0,False,2,68,34000,30.0,4,136,4,0,4,136,4,0,0,0,2,2,4,2,97.0,10.0,0.0,0.0,,False
144,patch,named,128.0,127.0,3,0.0,False,2,69,34500,32.0,0,136,8,0,0,136,8,0,0,0,0,0,3,4,95.0,10.0,0.0,0.0,,False
144,patch,named,128.0,127.0,3,0.0,False,2,70,35000,32.0,0,136,8,0,0,136,8,0,0,0,0,0,3,4,95.0,10.0,0.0,0.0,,False
144,patch,named,128.0,127.0,3,0.0,False,2,71,35500,30.0,4,136,4,0,4,136,4,0,0,0,2,2,4,2,97.0,10.0,0.0,0.0,,False
144,patch,named,128.0,127.0,3,0.0,False,2,72,36000,30.0,4,136,4,0,4,136,4,0,0,0,2,2,4,2,97.0,10.0,0.0,0.0,,False
144,patch,named,128.0,127.0,3,0.0,False,2,73,36500,30.0,4,136,4,0,4,136,4,0,0,0,2,2,4,2,97.0,10.0,0.0,0.0,,False
144,patch,named,128.0,127.0,3,0.0,False,2,74,37000,31.0,2,136,6,0,2,136,6,0,0,0,1,2,3,4,96.0,10.0,0.0,0.0,,False
144,patch,named,128.0,127.0,3,0.0,False,2,75,37500,30.0,4,136,4,0,4,136,4,0,0,0,2,2,4,2,97.0,10.0,0.0,0.0,,False
144,patch,named,128.0,127.0,3,0.0,False,2,76,38000,32.0,0,136,8,0,0,136,8,0,0,0,0,0,3,4,95.0,10.0,0.0,0.0,,False
144,patch,named,128.0,127.0,3,0.0,False,2,77,38500,31.0,2,136,6,0,2,136,6,0,0,0,1,2,3,4,96.0,10.0,0.0,0.0,,False
144,patch,named,128.0,127.0,3,0.0,False,2,78,39000,31.0,2,136,6,0,2,136,6,0,0,0,1,2,3,4,96.0,10.0,0.0,0.0,,False
144,patch,named,128.0,127.0,3,0.0,False,2,79,39500,30.0,4,136,4,0,4,136,4,0,0,0,2,2,4,2,97.0,10.0,0.0,0.0,,False
144,patch,named,128.0,127.0,3,0.0,False,2,80,40000,30.0,4,136,4,0,4,136,4,0,0,0,2,2,4,2,97.0,11.0,0.0,0.0,,False
144,patch,named,128.0,127.0,3,0.0,False,2,81,40500,30.0,4,136,4,0,4,136,4,0,0,0,2,2,4,2,97.0,11.0,0.0,0.0,,False
144,patch,named,128.0,127.0,3,0.0,False,2,82,41000,42.0,1,135,8,0,1,135,7,1,0,0,1,1,4,4,85.0,9.0,0.0,0.0,,False
144,patch,named,128.0,127.0,3,0.0,False,2,83,41500,32.0,0,136,8,0,0,136,8,0,0,0,0,0,3,4,95.0,10.0,0.0,0.0,,False
144,patch,named,128.0,127.0,3,0.0,False,2,84,42000,31.0,2,136,6,0,2,136,6,0,0,0,1,2,3,4,96.0,11.0,0.0,0.0,,False
144,patch,named,128.0,127.0,3,0.0,False,2,85,42500,32.0,0,136,8,0,0,136,8,0,0,0,0,0,3,4,95.0,11.0,0.0,0.0,,False
144,patch,named,128.0,127.0,3,0.0,False,2,86,43000,32.0,0,136,8,0,0,136,8,0,0,0,0,0,3,4,95.0,11.0,0.0,0.0,,False
144,patch,named,128.0,127.0,3,0.0,False,2,87,43500,31.0,2,136,6,0,2,136,6,0,0,0,1,2,3,4,96.0,11.0,0.0,0.0,,False
144,patch,named,128.0,127.0,3,0.0,False,2,88,44000,31.0,2,136,6,0,2,136,6,0,0,0,1,2,3,4,96.0,11.0,0.0,0.0,,False
144,patch,named,128.0,127.0,3,0.0,False,2,89,44500,31.0,2,136,6,0,2,136,6,0,0,0,1,2,3,4,96.0,11.0,0.0,0.0,,False
144,patch,named,128.0,127.0,3,0.0,False,2,90,45000,32.0,0,136,8,0,0,136,8,0,0,0,0,0,3,4,95.0,11.0,0.0,0.0,,False
144,patch,named,128.0,127.0,3,0.0,False,2,91,45500,31.0,2,136,6,0,2,136,6,0,0,0,1,2,3,4,96.0,11.0,0.0,0.0,,False
144,patch,named,128.0,127.0,3,0.0,False,2,92,46000,31.0,2,136,6,0,2,136,6,0,0,0,1,2,3,4,96.0,11.0,0.0,0.0,,False
144,patch,named,128.0,127.0,3,0.0,False,2,93,46500,31.0,2,136,6,0,2,136,6,0,0,0,1,2,3,4,96.0,11.0,0.0,0.0,,False
144,patch,named,128.0,127.0,3,0.0,False,2,94,47000,32.0,0,136,8,0,0,136,8,0,0,0,0,0,3,4,95.0,11.0,0.0,0.0,,False
144,patch,named,128.0,127.0,3,0.0,False,2,95,47500,31.0,2,136,6,0,2,136,6,0,0,0,1,2,3,4,96.0,11.0,0.0,0.0,,False
144,patch,named,128.0,127.0,3,0.0,False,2,96,48000,32.0,0,136,8,0,0,136,8,0,0,0,0,0,3,4,95.0,11.0,0.0,0.0,,False
144,patch,named,128.0,127.0,3,0.0,False,2,97,48500,32.0,0,136,8,0,0,136,8,0,0,0,0,0,3,4,95.0,11.0,0.0,0.0,,False
144,patch,named,128.0,127.0,3,0.0,False,2,98,49000,32.0,0,136,8,0,0,136,8,0,0,0,0,0,3,4,95.0,11.0,0.0,0.0,,False
144,patch,named,128.0,127.0,3,0.0,False,2,99,49500,31.0,2,136,6,0,2,136,6,0,0,0,1,2,3,4,96.0,11.0,0.0,0.0,,False
144,patch,named,128.0,127.0,3,0.0,False,2,100,50000,31.0,2,136,6,0,2,136,6,0,0,0,1,2,3,4,96.0,11.0,0.0,0.0,,True
144,patch,named,128.0,127.0,3,0.0,False,3,0,0,127.0,1,120,23,0,1,120,18,4,1,0,1,1,1,24,0.0,0.0,0.0,0.0,,False
144,patch,named,128.0,127.0,3,0.0,False,3,1,500,106.0,0,120,24,0,0,120,24,0,0,0,0,0,1,24,21.0,10.0,0.0,0.0,,False
144,patch,named,128.0,127.0,3,0.0,False,3,2,1000,106.0,0,120,24,0,0,120,24,0,0,0,0,0,1,24,21.0,6.0,0.0,0.0,,False
144,patch,named,128.0,127.0,3,0.0,False,3,3,1500,106.0,0,120,24,0,0,120,24,0,0,0,0,0,1,24,21.0,6.0,0.0,0.0,,False
144,patch,named,128.0,127.0,3,0.0,False,3,4,2000,106.0,0,120,24,0,0,120,24,0,0,0,0,0,1,24,21.0,6.0,0.0,0.0,,False
144,patch,named,128.0,127.0,3,0.0,False,3,5,2500,106.0,0,120,24,0,0,120,24,0,0,0,0,0,1,24,21.0,6.0,0.0,0.0,,False
144,patch,named,128.0,127.0,3,0.0,False,3,6,3000,106.0,0,120,24,0,0,120,24,0,0,0,0,0,1,24,21.0,6.0,0.0,0.0,,False
144,patch,named,128.0,127.0,3,0.0,False,3,7,3500,111.0,0,121,23,0,0,121,22,1,0,0,0,0,1,23,16.0,6.0,0.0,0.0,,False
144,patch,named,128.0,127.0,3,0.0,False,3,8,4000,105.0,2,120,22,0,2,120,22,0,0,0,1,2,1,24,22.0,6.0,0.0,0.0,,False
144,patch,named,128.0,127.0,3,0.0,False,3,9,4500,105.0,2,120,22,0,2,120,22,0,0,0,1,2,1,24,22.0,6.0,0.0,0.0,,False
144,patch,named,128.0,127.0,3,0.0,False,3,10,5000,105.0,2,120,22,0,2,120,22,0,0,0,1,2,1,24,22.0,6.0,0.0,0.0,,False
144,patch,named,128.0,127.0,3,0.0,False,3,11,5500,105.0,2,120,22,0,2,120,22,0,0,0,1,2,3,14,22.0,6.0,0.0,0.0,,False
144,patch,named,128.0,127.0,3,0.0,False,3,12,6000,105.0,2,120,22,0,2,120,22,0,0,0,1,2,2,22,22.0,6.0,0.0,0.0,,False
144,patch,named,128.0,127.0,3,0.0,False,3,13,6500,105.0,2,120,22,0,2,120,22,0,0,0,1,2,3,14,22.0,6.0,0.0,0.0,,False
144,patch,named,128.0,127.0,3,0.0,False,3,14,7000,105.0,2,120,22,0,2,120,22,0,0,0,1,2,2,21,22.0,6.0,0.0,0.0,,False
144,patch,named,128.0,127.0,3,0.0,False,3,15,7500,105.0,2,120,22,0,2,120,22,0,0,0,1,2,2,21,22.0,6.0,0.0,0.0,,False
144,patch,named,128.0,127.0,3,0.0,False,3,16,8000,105.0,2,120,22,0,2,120,22,0,0,0,1,2,2,21,22.0,6.0,0.0,0.0,,False
144,patch,named,128.0,127.0,3,0.0,False,3,17,8500,105.0,2,120,22,0,2,120,22,0,0,0,1,2,2,22,22.0,6.0,0.0,0.0,,False
144,patch,named,128.0,127.0,3,0.0,False,3,18,9000,105.0,2,120,22,0,2,120,22,0,0,0,1,2,2,22,22.0,6.0,0.0,0.0,,False
144,patch,named,128.0,127.0,3,0.0,False,3,19,9500,105.0,2,120,22,0,2,120,22,0,0,0,1,2,2,21,22.0,6.0,0.0,0.0,,False
144,patch,named,128.0,127.0,3,0.0,False,3,20,10000,105.0,2,120,22,0,2,120,22,0,0,0,1,2,2,21,22.0,6.0,0.0,0.0,,False
144,patch,named,128.0,127.0,3,0.0,False,3,21,10500,105.0,2,120,22,0,2,120,22,0,0,0,1,2,2,22,22.0,6.0,0.0,0.0,,False
144,patch,named,128.0,127.0,3,0.0,False,3,22,11000,105.0,1,122,21,0,1,122,21,0,0,0,1,1,3,19,22.0,6.0,0.0,0.0,,False
144,patch,named,128.0,127.0,3,0.0,False,3,23,11500,105.0,1,122,21,0,1,122,21,0,0,0,1,1,4,11,22.0,6.0,0.0,0.0,,False
144,patch,named,128.0,127.0,3,0.0,False,3,24,12000,105.0,1,122,21,0,1,122,21,0,0,0,1,1,3,19,22.0,6.0,0.0,0.0,,False
144,patch,named,128.0,127.0,3,0.0,False,3,25,12500,105.0,1,122,21,0,1,122,21,0,0,0,1,1,4,11,22.0,6.0,0.0,0.0,,False
144,patch,named,128.0,127.0,3,0.0,False,3,26,13000,105.0,1,122,21,0,1,122,21,0,0,0,1,1,4,11,22.0,6.0,0.0,0.0,,False
144,patch,named,128.0,127.0,3,0.0,False,3,27,13500,105.0,1,122,21,0,1,122,21,0,0,0,1,1,4,11,22.0,6.0,0.0,0.0,,False
144,patch,named,128.0,127.0,3,0.0,False,3,28,14000,105.0,1,122,21,0,1,122,21,0,0,0,1,1,4,11,22.0,6.0,0.0,0.0,,False
144,patch,named,128.0,127.0,3,0.0,False,3,29,14500,105.0,1,122,21,0,1,122,21,0,0,0,1,1,4,11,22.0,6.0,0.0,0.0,,False
144,patch,named,128.0,127.0,3,0.0,False,3,30,15000,105.0,0,125,19,0,0,125,18,1,0,0,0,0,3,13,22.0,6.0,0.0,0.0,,False
144,patch,named,128.0,127.0,3,0.0,False,3,31,15500,105.0,0,125,19,0,0,125,18,1,0,0,0,0,3,13,22.0,6.0,0.0,0.0,,False
144,patch,named,128.0,127.0,3,0.0,False,3,32,16000,90.0,0,124,20,0,0,124,20,0,0,0,0,0,1,20,37.0,6.0,0.0,0.0,,False
144,patch,named,128.0,127.0,3,0.0,False,3,33,16500,90.0,0,124,20,0,0,124,20,0,0,0,0,0,1,20,37.0,6.0,0.0,0.0,,False
144,patch,named,128.0,127.0,3,0.0,False,3,34,17000,90.0,0,124,20,0,0,124,20,0,0,0,0,0,1,20,37.0,6.0,0.0,0.0,,False
144,patch,named,128.0,127.0,3,0.0,False,3,35,17500,90.0,0,124,20,0,0,124,20,0,0,0,0,0,1,20,37.0,6.0,0.0,0.0,,False
144,patch,named,128.0,127.0,3,0.0,False,3,36,18000,84.0,2,124,18,0,2,124,18,0,0,0,1,2,1,20,43.0,16.0,0.0,0.0,,False
144,patch,named,128.0,127.0,3,0.0,False,3,37,18500,84.0,2,124,18,0,2,124,18,0,0,0,1,2,1,20,43.0,11.0,0.0,0.0,,False
144,patch,named,128.0,127.0,3,0.0,False,3,38,19000,84.0,2,124,18,0,2,124,18,0,0,0,1,2,1,20,43.0,11.0,0.0,0.0,,False
144,patch,named,128.0,127.0,3,0.0,False,3,39,19500,84.0,2,124,18,0,2,124,18,0,0,0,1,2,1,20,43.0,11.0,0.0,0.0,,False
144,patch,named,128.0,127.0,3,0.0,False,3,40,20000,84.0,1,126,17,0,1,126,17,0,0,0,1,1,2,17,43.0,11.0,0.0,0.0,,False
144,patch,named,128.0,127.0,3,0.0,False,3,41,20500,84.0,1,126,17,0,1,126,17,0,0,0,1,1,2,17,43.0,11.0,0.0,0.0,,False
144,patch,named,128.0,127.0,3,0.0,False,3,42,21000,84.0,1,126,17,0,1,126,17,0,0,0,1,1,2,17,43.0,11.0,0.0,0.0,,False
144,patch,named,128.0,127.0,3,0.0,False,3,43,21500,80.0,0,124,20,0,0,124,20,0,0,0,0,0,1,20,47.0,5.0,0.0,0.0,,False
144,patch,named,128.0,127.0,3,0.0,False,3,44,22000,80.0,0,124,20,0,0,124,20,0,0,0,0,0,1,20,47.0,5.0,0.0,0.0,,False
144,patch,named,128.0,127.0,3,0.0,False,3,45,22500,80.0,0,124,20,0,0,124,20,0,0,0,0,0,1,20,47.0,5.0,0.0,0.0,,False
144,patch,named,128.0,127.0,3,0.0,False,3,46,23000,85.0,0,124,20,0,0,124,20,0,0,0,0,0,1,20,42.0,5.0,0.0,0.0,,False
144,patch,named,128.0,127.0,3,0.0,False,3,47,23500,80.0,0,124,20,0,0,124,20,0,0,0,0,0,1,20,47.0,5.0,0.0,0.0,,False
144,patch,named,128.0,127.0,3,0.0,False,3,48,24000,80.0,0,124,20,0,0,124,20,0,0,0,0,0,1,20,47.0,5.0,0.0,0.0,,False
144,patch,named,128.0,127.0,3,0.0,False,3,49,24500,80.0,0,124,20,0,0,124,20,0,0,0,0,0,1,20,47.0,5.0,0.0,0.0,,False
144,patch,named,128.0,127.0,3,0.0,False,3,50,25000,80.0,0,124,20,0,0,124,20,0,0,0,0,0,1,20,47.0,5.0,0.0,0.0,,False
144,patch,named,128.0,127.0,3,0.0,False,3,51,25500,80.0,0,124,20,0,0,124,20,0,0,0,0,0,1,20,47.0,5.0,0.0,0.0,,False
144,patch,named,128.0,127.0,3,0.0,False,3,52,26000,80.0,0,124,20,0,0,124,20,0,0,0,0,0,1,20,47.0,5.0,0.0,0.0,,False
144,patch,named,128.0,127.0,3,0.0,False,3,53,26500,80.0,0,124,20,0,0,124,20,0,0,0,0,0,1,20,47.0,5.0,0.0,0.0,,False
144,patch,named,128.0,127.0,3,0.0,False,3,54,27000,80.0,0,124,20,0,0,124,20,0,0,0,0,0,1,20,47.0,5.0,0.0,0.0,,False
144,patch,named,128.0,127.0,3,0.0,False,3,55,27500,80.0,0,124,20,0,0,124,20,0,0,0,0,0,1,20,47.0,5.0,0.0,0.0,,False
144,patch,named,128.0,127.0,3,0.0,False,3,56,28000,80.0,0,124,20,0,0,124,20,0,0,0,0,0,1,20,47.0,5.0,0.0,0.0,,False
144,patch,named,128.0,127.0,3,0.0,False,3,57,28500,80.0,0,124,20,0,0,124,20,0,0,0,0,0,1,20,47.0,5.0,0.0,0.0,,False
144,patch,named,128.0,127.0,3,0.0,False,3,58,29000,80.0,0,124,20,0,0,124,20,0,0,0,0,0,1,20,47.0,5.0,0.0,0.0,,False
144,patch,named,128.0,127.0,3,0.0,False,3,59,29500,80.0,0,124,20,0,0,124,20,0,0,0,0,0,1,20,47.0,5.0,0.0,0.0,,False
144,patch,named,128.0,127.0,3,0.0,False,3,60,30000,80.0,0,124,20,0,0,124,20,0,0,0,0,0,1,20,47.0,5.0,0.0,0.0,,False
144,patch,named,128.0,127.0,3,0.0,False,3,61,30500,80.0,0,124,20,0,0,124,20,0,0,0,0,0,1,20,47.0,5.0,0.0,0.0,,False
144,patch,named,128.0,127.0,3,0.0,False,3,62,31000,80.0,0,124,20,0,0,124,20,0,0,0,0,0,1,20,47.0,5.0,0.0,0.0,,False
144,patch,named,128.0,127.0,3,0.0,False,3,63,31500,80.0,0,124,20,0,0,124,20,0,0,0,0,0,1,20,47.0,5.0,0.0,0.0,,False
144,patch,named,128.0,127.0,3,0.0,False,3,64,32000,80.0,0,124,20,0,0,124,20,0,0,0,0,0,1,20,47.0,5.0,0.0,0.0,,False
144,patch,named,128.0,127.0,3,0.0,False,3,65,32500,80.0,0,124,20,0,0,124,20,0,0,0,0,0,1,20,47.0,5.0,0.0,0.0,,False
144,patch,named,128.0,127.0,3,0.0,False,3,66,33000,80.0,0,124,20,0,0,124,20,0,0,0,0,0,1,20,47.0,5.0,0.0,0.0,,False
144,patch,named,128.0,127.0,3,0.0,False,3,67,33500,80.0,0,124,20,0,0,124,20,0,0,0,0,0,1,20,47.0,5.0,0.0,0.0,,False
144,patch,named,128.0,127.0,3,0.0,False,3,68,34000,85.0,0,124,20,0,0,124,20,0,0,0,0,0,1,20,42.0,5.0,0.0,0.0,,False
144,patch,named,128.0,127.0,3,0.0,False,3,69,34500,85.0,0,124,20,0,0,124,20,0,0,0,0,0,1,20,42.0,5.0,0.0,0.0,,False
144,patch,named,128.0,127.0,3,0.0,False,3,70,35000,85.0,0,124,20,0,0,124,20,0,0,0,0,0,1,20,42.0,5.0,0.0,0.0,,False
144,patch,named,128.0,127.0,3,0.0,False,3,71,35500,80.0,0,124,20,0,0,124,20,0,0,0,0,0,1,20,47.0,5.0,0.0,0.0,,False
144,patch,named,128.0,127.0,3,0.0,False,3,72,36000,90.0,0,124,20,0,0,124,20,0,0,0,0,0,1,20,37.0,5.0,0.0,0.0,,False
144,patch,named,128.0,127.0,3,0.0,False,3,73,36500,80.0,0,124,20,0,0,124,20,0,0,0,0,0,1,20,47.0,5.0,0.0,0.0,,False
144,patch,named,128.0,127.0,3,0.0,False,3,74,37000,80.0,0,124,20,0,0,124,20,0,0,0,0,0,1,20,47.0,5.0,0.0,0.0,,False
144,patch,named,128.0,127.0,3,0.0,False,3,75,37500,80.0,0,124,20,0,0,124,20,0,0,0,0,0,1,20,47.0,5.0,0.0,0.0,,False
144,patch,named,128.0,127.0,3,0.0,False,3,76,38000,80.0,0,124,20,0,0,124,20,0,0,0,0,0,1,20,47.0,5.0,0.0,0.0,,False
144,patch,named,128.0,127.0,3,0.0,False,3,77,38500,80.0,0,124,20,0,0,124,20,0,0,0,0,0,1,20,47.0,5.0,0.0,0.0,,False
144,patch,named,128.0,127.0,3,0.0,False,3,78,39000,80.0,0,124,20,0,0,124,20,0,0,0,0,0,1,20,47.0,5.0,0.0,0.0,,False
144,patch,named,128.0,127.0,3,0.0,False,3,79,39500,85.0,0,124,20,0,0,124,20,0,0,0,0,0,1,20,42.0,5.0,0.0,0.0,,False
144,patch,named,128.0,127.0,3,0.0,False,3,80,40000,80.0,0,124,20,0,0,124,20,0,0,0,0,0,1,20,47.0,5.0,0.0,0.0,,False
144,patch,named,128.0,127.0,3,0.0,False,3,81,40500,80.0,0,124,20,0,0,124,20,0,0,0,0,0,1,20,47.0,5.0,0.0,0.0,,False
144,patch,named,128.0,127.0,3,0.0,False,3,82,41000,80.0,0,124,20,0,0,124,20,0,0,0,0,0,1,20,47.0,5.0,0.0,0.0,,False
144,patch,named,128.0,127.0,3,0.0,False,3,83,41500,85.0,0,124,20,0,0,124,20,0,0,0,0,0,1,20,42.0,5.0,0.0,0.0,,False
144,patch,named,128.0,127.0,3,0.0,False,3,84,42000,80.0,0,124,20,0,0,124,20,0,0,0,0,0,1,20,47.0,5.0,0.0,0.0,,False
144,patch,named,128.0,127.0,3,0.0,False,3,85,42500,80.0,0,124,20,0,0,124,20,0,0,0,0,0,1,20,47.0,5.0,0.0,0.0,,False
144,patch,named,128.0,127.0,3,0.0,False,3,86,43000,80.0,0,124,20,0,0,124,20,0,0,0,0,0,1,20,47.0,5.0,0.0,0.0,,False
144,patch,named,128.0,127.0,3,0.0,False,3,87,43500,80.0,0,124,20,0,0,124,20,0,0,0,0,0,1,20,47.0,5.0,0.0,0.0,,False
144,patch,named,128.0,127.0,3,0.0,False,3,88,44000,80.0,0,124,20,0,0,124,20,0,0,0,0,0,1,20,47.0,5.0,0.0,0.0,,False
144,patch,named,128.0,127.0,3,0.0,False,3,89,44500,80.0,0,124,20,0,0,124,20,0,0,0,0,0,1,20,47.0,5.0,0.0,0.0,,False
144,patch,named,128.0,127.0,3,0.0,False,3,90,45000,80.0,0,124,20,0,0,124,20,0,0,0,0,0,1,20,47.0,5.0,0.0,0.0,,False
144,patch,named,128.0,127.0,3,0.0,False,3,91,45500,85.0,0,124,20,0,0,124,20,0,0,0,0,0,1,20,42.0,5.0,0.0,0.0,,False
144,patch,named,128.0,127.0,3,0.0,False,3,92,46000,80.0,0,124,20,0,0,124,20,0,0,0,0,0,1,20,47.0,5.0,0.0,0.0,,False
144,patch,named,128.0,127.0,3,0.0,False,3,93,46500,80.0,0,124,20,0,0,124,20,0,0,0,0,0,1,20,47.0,5.0,0.0,0.0,,False
144,patch,named,128.0,127.0,3,0.0,False,3,94,47000,85.0,0,124,20,0,0,124,20,0,0,0,0,0,1,20,42.0,5.0,0.0,0.0,,False
144,patch,named,128.0,127.0,3,0.0,False,3,95,47500,80.0,0,124,20,0,0,124,20,0,0,0,0,0,1,20,47.0,5.0,0.0,0.0,,False
144,patch,named,128.0,127.0,3,0.0,False,3,96,48000,80.0,0,124,20,0,0,124,20,0,0,0,0,0,1,20,47.0,5.0,0.0,0.0,,False
144,patch,named,128.0,127.0,3,0.0,False,3,97,48500,85.0,0,124,20,0,0,124,20,0,0,0,0,0,1,20,42.0,5.0,0.0,0.0,,False
144,patch,named,128.0,127.0,3,0.0,False,3,98,49000,85.0,0,124,20,0,0,124,20,0,0,0,0,0,1,20,42.0,5.0,0.0,0.0,,False
144,patch,named,128.0,127.0,3,0.0,False,3,99,49500,80.0,0,124,20,0,0,124,20,0,0,0,0,0,1,20,47.0,5.0,0.0,0.0,,False
144,patch,named,128.0,127.0,3,0.0,False,3,100,50000,80.0,0,124,20,0,0,124,20,0,0,0,0,0,1,20,47.0,5.0,0.0,0.0,,True
144,patch,named,128.0,128.0,3,0.0,False,4,0,0,128.0,0,122,22,0,0,122,14,6,2,0,0,0,1,22,0.0,0.0,0.0,0.0,,False
144,patch,named,128.0,128.0,3,0.0,False,4,1,500,74.0,0,128,16,0,0,128,16,0,0,0,0,0,1,16,54.0,12.0,0.0,0.0,,False
144,patch,named,128.0,128.0,3,0.0,False,4,2,1000,74.0,0,128,16,0,0,128,16,0,0,0,0,0,2,14,54.0,11.0,0.0,0.0,,False
144,patch,named,128.0,128.0,3,0.0,False,4,3,1500,74.0,0,128,16,0,0,128,16,0,0,0,0,0,4,10,54.0,11.0,0.0,0.0,,False
144,patch,named,128.0,128.0,3,0.0,False,4,4,2000,74.0,0,128,16,0,0,128,16,0,0,0,0,0,3,11,54.0,11.0,0.0,0.0,,False
144,patch,named,128.0,128.0,3,0.0,False,4,5,2500,79.0,0,129,15,0,0,129,14,1,0,0,0,0,2,12,49.0,11.0,0.0,0.0,,False
144,patch,named,128.0,128.0,3,0.0,False,4,6,3000,74.0,0,128,16,0,0,128,16,0,0,0,0,0,1,16,54.0,11.0,0.0,0.0,,False
144,patch,named,128.0,128.0,3,0.0,False,4,7,3500,85.0,0,124,20,0,0,124,20,0,0,0,0,0,1,20,43.0,6.0,0.0,0.0,,False
144,patch,named,128.0,128.0,3,0.0,False,4,8,4000,80.0,0,125,19,0,0,125,18,1,0,0,0,0,1,19,48.0,11.0,0.0,0.0,,False
144,patch,named,128.0,128.0,3,0.0,False,4,9,4500,64.0,0,128,16,0,0,128,16,0,0,0,0,0,1,16,64.0,11.0,0.0,0.0,,False
144,patch,named,128.0,128.0,3,0.0,False,4,10,5000,64.0,0,128,16,0,0,128,16,0,0,0,0,0,1,16,64.0,11.0,0.0,0.0,,False
144,patch,named,128.0,128.0,3,0.0,False,4,11,5500,64.0,0,128,16,0,0,128,16,0,0,0,0,0,1,16,64.0,11.0,0.0,0.0,,False
144,patch,named,128.0,128.0,3,0.0,False,4,12,6000,64.0,0,128,16,0,0,128,16,0,0,0,0,0,1,16,64.0,11.0,0.0,0.0,,False
144,patch,named,128.0,128.0,3,0.0,False,4,13,6500,64.0,0,128,16,0,0,128,16,0,0,0,0,0,1,16,64.0,11.0,0.0,0.0,,False
144,patch,named,128.0,128.0,3,0.0,False,4,14,7000,64.0,0,128,16,0,0,128,16,0,0,0,0,0,1,16,64.0,11.0,0.0,0.0,,False
144,patch,named,128.0,128.0,3,0.0,False,4,15,7500,64.0,0,128,16,0,0,128,16,0,0,0,0,0,1,16,64.0,11.0,0.0,0.0,,False
144,patch,named,128.0,128.0,3,0.0,False,4,16,8000,63.0,1,130,13,0,1,130,13,0,0,0,1,1,2,13,65.0,11.0,0.0,0.0,,False
144,patch,named,128.0,128.0,3,0.0,False,4,17,8500,68.0,1,130,13,0,1,130,13,0,0,0,1,1,4,7,60.0,11.0,0.0,0.0,,False
144,patch,named,128.0,128.0,3,0.0,False,4,18,9000,68.0,1,130,13,0,1,130,13,0,0,0,1,1,4,6,60.0,11.0,0.0,0.0,,False
144,patch,named,128.0,128.0,3,0.0,False,4,19,9500,68.0,1,130,13,0,1,130,13,0,0,0,1,1,2,8,60.0,11.0,0.0,0.0,,False
144,patch,named,128.0,128.0,3,0.0,False,4,20,10000,48.0,0,132,12,0,0,132,12,0,0,0,0,0,2,10,80.0,10.0,0.0,0.0,,False
144,patch,named,128.0,128.0,3,0.0,False,4,21,10500,48.0,0,132,12,0,0,132,12,0,0,0,0,0,2,10,80.0,10.0,0.0,0.0,,False
144,patch,named,128.0,128.0,3,0.0,False,4,22,11000,48.0,0,132,12,0,0,132,12,0,0,0,0,0,2,10,80.0,10.0,0.0,0.0,,False
144,patch,named,128.0,128.0,3,0.0,False,4,23,11500,48.0,0,132,12,0,0,132,12,0,0,0,0,0,2,10,80.0,10.0,0.0,0.0,,False
144,patch,named,128.0,128.0,3,0.0,False,4,24,12000,48.0,0,132,12,0,0,132,12,0,0,0,0,0,2,10,80.0,10.0,0.0,0.0,,False
144,patch,named,128.0,128.0,3,0.0,False,4,25,12500,48.0,0,132,12,0,0,132,12,0,0,0,0,0,2,10,80.0,10.0,0.0,0.0,,False
144,patch,named,128.0,128.0,3,0.0,False,4,26,13000,48.0,0,132,12,0,0,132,12,0,0,0,0,0,2,10,80.0,10.0,0.0,0.0,,False
144,patch,named,128.0,128.0,3,0.0,False,4,27,13500,48.0,0,132,12,0,0,132,12,0,0,0,0,0,2,10,80.0,10.0,0.0,0.0,,False
144,patch,named,128.0,128.0,3,0.0,False,4,28,14000,48.0,0,132,12,0,0,132,12,0,0,0,0,0,2,10,80.0,10.0,0.0,0.0,,False
144,patch,named,128.0,128.0,3,0.0,False,4,29,14500,52.0,1,134,9,0,1,134,9,0,0,0,1,1,2,8,76.0,10.0,0.0,0.0,,False
144,patch,named,128.0,128.0,3,0.0,False,4,30,15000,47.0,1,134,9,0,1,134,9,0,0,0,1,1,3,7,81.0,10.0,0.0,0.0,,False
144,patch,named,128.0,128.0,3,0.0,False,4,31,15500,47.0,1,134,9,0,1,134,9,0,0,0,1,1,3,7,81.0,10.0,0.0,0.0,,False
144,patch,named,128.0,128.0,3,0.0,False,4,32,16000,52.0,1,134,9,0,1,134,9,0,0,0,1,1,2,8,76.0,10.0,0.0,0.0,,False
144,patch,named,128.0,128.0,3,0.0,False,4,33,16500,47.0,1,134,9,0,1,134,9,0,0,0,1,1,3,7,81.0,10.0,0.0,0.0,,False
144,patch,named,128.0,128.0,3,0.0,False,4,34,17000,47.0,1,134,9,0,1,134,9,0,0,0,1,1,3,7,81.0,10.0,0.0,0.0,,False
144,patch,named,128.0,128.0,3,0.0,False,4,35,17500,47.0,1,134,9,0,1,134,9,0,0,0,1,1,3,7,81.0,10.0,0.0,0.0,,False
144,patch,named,128.0,128.0,3,0.0,False,4,36,18000,47.0,1,134,9,0,1,134,9,0,0,0,1,1,3,7,81.0,10.0,0.0,0.0,,False
144,patch,named,128.0,128.0,3,0.0,False,4,37,18500,47.0,1,134,9,0,1,134,9,0,0,0,1,1,3,7,81.0,10.0,0.0,0.0,,False
144,patch,named,128.0,128.0,3,0.0,False,4,38,19000,47.0,1,134,9,0,1,134,9,0,0,0,1,1,3,7,81.0,10.0,0.0,0.0,,False
144,patch,named,128.0,128.0,3,0.0,False,4,39,19500,47.0,1,134,9,0,1,134,9,0,0,0,1,1,3,7,81.0,10.0,0.0,0.0,,False
144,patch,named,128.0,128.0,3,0.0,False,4,40,20000,47.0,1,134,9,0,1,134,9,0,0,0,1,1,3,7,81.0,10.0,0.0,0.0,,False
144,patch,named,128.0,128.0,3,0.0,False,4,41,20500,47.0,1,134,9,0,1,134,9,0,0,0,1,1,3,7,81.0,10.0,0.0,0.0,,False
144,patch,named,128.0,128.0,3,0.0,False,4,42,21000,47.0,1,134,9,0,1,134,9,0,0,0,1,1,3,7,81.0,10.0,0.0,0.0,,False
144,patch,named,128.0,128.0,3,0.0,False,4,43,21500,47.0,1,134,9,0,1,134,9,0,0,0,1,1,3,7,81.0,10.0,0.0,0.0,,False
144,patch,named,128.0,128.0,3,0.0,False,4,44,22000,47.0,1,134,9,0,1,134,9,0,0,0,1,1,3,7,81.0,10.0,0.0,0.0,,False
144,patch,named,128.0,128.0,3,0.0,False,4,45,22500,52.0,1,134,9,0,1,134,9,0,0,0,1,1,2,8,76.0,10.0,0.0,0.0,,False
144,patch,named,128.0,128.0,3,0.0,False,4,46,23000,52.0,1,134,9,0,1,134,9,0,0,0,1,1,2,8,76.0,10.0,0.0,0.0,,False
144,patch,named,128.0,128.0,3,0.0,False,4,47,23500,52.0,1,134,9,0,1,134,9,0,0,0,1,1,2,8,76.0,10.0,0.0,0.0,,False
144,patch,named,128.0,128.0,3,0.0,False,4,48,24000,52.0,1,134,9,0,1,134,9,0,0,0,1,1,2,8,76.0,10.0,0.0,0.0,,False
144,patch,named,128.0,128.0,3,0.0,False,4,49,24500,52.0,1,134,9,0,1,134,9,0,0,0,1,1,2,8,76.0,10.0,0.0,0.0,,False
144,patch,named,128.0,128.0,3,0.0,False,4,50,25000,58.0,1,131,12,0,1,131,11,1,0,0,1,1,2,12,70.0,10.0,0.0,0.0,,False
144,patch,named,128.0,128.0,3,0.0,False,4,51,25500,53.0,0,132,12,0,0,132,12,0,0,0,0,0,2,8,75.0,10.0,0.0,0.0,,False
144,patch,named,128.0,128.0,3,0.0,False,4,52,26000,53.0,0,132,12,0,0,132,12,0,0,0,0,0,2,8,75.0,10.0,0.0,0.0,,False
144,patch,named,128.0,128.0,3,0.0,False,4,53,26500,53.0,0,132,12,0,0,132,12,0,0,0,0,0,2,8,75.0,10.0,0.0,0.0,,False
144,patch,named,128.0,128.0,3,0.0,False,4,54,27000,32.0,0,136,8,0,0,136,8,0,0,0,0,0,2,6,96.0,16.0,0.0,0.0,,False
144,patch,named,128.0,128.0,3,0.0,False,4,55,27500,26.0,0,140,4,0,0,140,4,0,0,0,0,0,2,2,102.0,16.0,0.0,0.0,,False
144,patch,named,128.0,128.0,3,0.0,False,4,56,28000,26.0,0,140,4,0,0,140,4,0,0,0,0,0,2,2,102.0,21.0,0.0,0.0,,False
144,patch,named,128.0,128.0,3,0.0,False,4,57,28500,26.0,0,140,4,0,0,140,4,0,0,0,0,0,2,2,102.0,21.0,0.0,0.0,,False
144,patch,named,128.0,128.0,3,0.0,False,4,58,29000,26.0,0,140,4,0,0,140,4,0,0,0,0,0,2,2,102.0,16.0,0.0,0.0,,False
144,patch,named,128.0,128.0,3,0.0,False,4,59,29500,26.0,0,140,4,0,0,140,4,0,0,0,0,0,2,2,102.0,16.0,0.0,0.0,,False
144,patch,named,128.0,128.0,3,0.0,False,4,60,30000,26.0,0,140,4,0,0,140,4,0,0,0,0,0,2,2,102.0,16.0,0.0,0.0,,False
144,patch,named,128.0,128.0,3,0.0,False,4,61,30500,32.0,0,136,8,0,0,136,8,0,0,0,0,0,2,6,96.0,16.0,0.0,0.0,,False
144,patch,named,128.0,128.0,3,0.0,False,4,62,31000,26.0,0,140,4,0,0,140,4,0,0,0,0,0,2,2,102.0,16.0,0.0,0.0,,False
144,patch,named,128.0,128.0,3,0.0,False,4,63,31500,32.0,0,136,8,0,0,136,8,0,0,0,0,0,2,6,96.0,16.0,0.0,0.0,,False
144,patch,named,128.0,128.0,3,0.0,False,4,64,32000,32.0,0,136,8,0,0,136,8,0,0,0,0,0,2,6,96.0,16.0,0.0,0.0,,False
144,patch,named,128.0,128.0,3,0.0,False,4,65,32500,26.0,0,140,4,0,0,140,4,0,0,0,0,0,2,2,102.0,16.0,0.0,0.0,,False
144,patch,named,128.0,128.0,3,0.0,False,4,66,33000,26.0,0,140,4,0,0,140,4,0,0,0,0,0,2,2,102.0,16.0,0.0,0.0,,False
144,patch,named,128.0,128.0,3,0.0,False,4,67,33500,26.0,0,140,4,0,0,140,4,0,0,0,0,0,2,2,102.0,16.0,0.0,0.0,,False
144,patch,named,128.0,128.0,3,0.0,False,4,68,34000,26.0,0,140,4,0,0,140,4,0,0,0,0,0,2,2,102.0,16.0,0.0,0.0,,False
144,patch,named,128.0,128.0,3,0.0,False,4,69,34500,32.0,0,136,8,0,0,136,8,0,0,0,0,0,2,6,96.0,11.0,0.0,0.0,,False
144,patch,named,128.0,128.0,3,0.0,False,4,70,35000,42.0,0,136,8,0,0,136,8,0,0,0,0,0,2,4,86.0,11.0,0.0,0.0,,False
144,patch,named,128.0,128.0,3,0.0,False,4,71,35500,42.0,0,136,8,0,0,136,8,0,0,0,0,0,2,4,86.0,11.0,0.0,0.0,,False
144,patch,named,128.0,128.0,3,0.0,False,4,72,36000,42.0,0,136,8,0,0,136,8,0,0,0,0,0,2,4,86.0,11.0,0.0,0.0,,False
144,patch,named,128.0,128.0,3,0.0,False,4,73,36500,42.0,0,136,8,0,0,136,8,0,0,0,0,0,2,4,86.0,11.0,0.0,0.0,,False
144,patch,named,128.0,128.0,3,0.0,False,4,74,37000,42.0,0,136,8,0,0,136,8,0,0,0,0,0,2,4,86.0,11.0,0.0,0.0,,False
144,patch,named,128.0,128.0,3,0.0,False,4,75,37500,42.0,0,136,8,0,0,136,8,0,0,0,0,0,1,8,86.0,11.0,0.0,0.0,,False
144,patch,named,128.0,128.0,3,0.0,False,4,76,38000,42.0,0,136,8,0,0,136,8,0,0,0,0,0,2,4,86.0,11.0,0.0,0.0,,False
144,patch,named,128.0,128.0,3,0.0,False,4,77,38500,42.0,0,136,8,0,0,136,8,0,0,0,0,0,2,4,86.0,11.0,0.0,0.0,,False
144,patch,named,128.0,128.0,3,0.0,False,4,78,39000,42.0,0,136,8,0,0,136,8,0,0,0,0,0,2,4,86.0,11.0,0.0,0.0,,False
144,patch,named,128.0,128.0,3,0.0,False,4,79,39500,42.0,0,136,8,0,0,136,8,0,0,0,0,0,2,4,86.0,11.0,0.0,0.0,,False
144,patch,named,128.0,128.0,3,0.0,False,4,80,40000,42.0,0,136,8,0,0,136,8,0,0,0,0,0,2,4,86.0,11.0,0.0,0.0,,False
144,patch,named,128.0,128.0,3,0.0,False,4,81,40500,42.0,0,136,8,0,0,136,8,0,0,0,0,0,2,4,86.0,11.0,0.0,0.0,,False
144,patch,named,128.0,128.0,3,0.0,False,4,82,41000,42.0,0,136,8,0,0,136,8,0,0,0,0,0,1,8,86.0,11.0,0.0,0.0,,False
144,patch,named,128.0,128.0,3,0.0,False,4,83,41500,42.0,0,136,8,0,0,136,8,0,0,0,0,0,2,4,86.0,11.0,0.0,0.0,,False
144,patch,named,128.0,128.0,3,0.0,False,4,84,42000,42.0,0,136,8,0,0,136,8,0,0,0,0,0,2,4,86.0,11.0,0.0,0.0,,False
144,patch,named,128.0,128.0,3,0.0,False,4,85,42500,42.0,0,136,8,0,0,136,8,0,0,0,0,0,1,8,86.0,11.0,0.0,0.0,,False
144,patch,named,128.0,128.0,3,0.0,False,4,86,43000,42.0,0,136,8,0,0,136,8,0,0,0,0,0,2,4,86.0,11.0,0.0,0.0,,False
144,patch,named,128.0,128.0,3,0.0,False,4,87,43500,42.0,0,136,8,0,0,136,8,0,0,0,0,0,1,8,86.0,11.0,0.0,0.0,,False
144,patch,named,128.0,128.0,3,0.0,False,4,88,44000,42.0,0,136,8,0,0,136,8,0,0,0,0,0,2,4,86.0,11.0,0.0,0.0,,False
144,patch,named,128.0,128.0,3,0.0,False,4,89,44500,32.0,0,136,8,0,0,136,8,0,0,0,0,0,2,6,96.0,11.0,0.0,0.0,,False
144,patch,named,128.0,128.0,3,0.0,False,4,90,45000,26.0,0,140,4,0,0,140,4,0,0,0,0,0,2,2,102.0,16.0,0.0,0.0,,False
144,patch,named,128.0,128.0,3,0.0,False,4,91,45500,26.0,0,140,4,0,0,140,4,0,0,0,0,0,2,2,102.0,16.0,0.0,0.0,,False
144,patch,named,128.0,128.0,3,0.0,False,4,92,46000,32.0,0,136,8,0,0,136,8,0,0,0,0,0,2,6,96.0,16.0,0.0,0.0,,False
144,patch,named,128.0,128.0,3,0.0,False,4,93,46500,26.0,0,140,4,0,0,140,4,0,0,0,0,0,2,2,102.0,16.0,0.0,0.0,,False
144,patch,named,128.0,128.0,3,0.0,False,4,94,47000,26.0,0,140,4,0,0,140,4,0,0,0,0,0,2,2,102.0,11.0,0.0,0.0,,False
144,patch,named,128.0,128.0,3,0.0,False,4,95,47500,26.0,0,140,4,0,0,140,4,0,0,0,0,0,2,2,102.0,11.0,0.0,0.0,,False
144,patch,named,128.0,128.0,3,0.0,False,4,96,48000,26.0,0,140,4,0,0,140,4,0,0,0,0,0,2,2,102.0,11.0,0.0,0.0,,False
144,patch,named,128.0,128.0,3,0.0,False,4,97,48500,26.0,0,140,4,0,0,140,4,0,0,0,0,0,2,2,102.0,11.0,0.0,0.0,,False
144,patch,named,128.0,128.0,3,0.0,False,4,98,49000,26.0,0,140,4,0,0,140,4,0,0,0,0,0,2,2,102.0,11.0,0.0,0.0,,False
144,patch,named,128.0,128.0,3,0.0,False,4,99,49500,26.0,0,140,4,0,0,140,4,0,0,0,0,0,2,2,102.0,11.0,0.0,0.0,,False
144,patch,named,128.0,128.0,3,0.0,False,4,100,50000,26.0,0,140,4,0,0,140,4,0,0,0,0,0,2,2,102.0,11.0,0.0,0.0,,True
144,patch,named,128.0,128.0,3,0.0,False,5,0,0,128.0,0,122,22,0,0,122,14,6,2,0,0,0,1,22,0.0,0.0,0.0,0.0,,False
144,patch,named,128.0,128.0,3,0.0,False,5,1,500,53.0,0,133,11,0,0,133,10,1,0,0,0,0,1,11,75.0,16.0,0.0,0.0,,False
144,patch,named,128.0,128.0,3,0.0,False,5,2,1000,42.0,0,136,8,0,0,136,8,0,0,0,0,0,1,8,86.0,16.0,0.0,0.0,,False
144,patch,named,128.0,128.0,3,0.0,False,5,3,1500,42.0,0,136,8,0,0,136,8,0,0,0,0,0,1,8,86.0,16.0,0.0,0.0,,False
144,patch,named,128.0,128.0,3,0.0,False,5,4,2000,41.0,0,140,4,0,0,140,4,0,0,0,0,0,1,4,87.0,16.0,0.0,0.0,,False
144,patch,named,128.0,128.0,3,0.0,False,5,5,2500,57.0,0,136,8,0,0,136,8,0,0,0,0,0,1,8,71.0,16.0,0.0,0.0,,False
144,patch,named,128.0,128.0,3,0.0,False,5,6,3000,62.0,0,136,8,0,0,136,8,0,0,0,0,0,1,8,66.0,11.0,0.0,0.0,,False
144,patch,named,128.0,128.0,3,0.0,False,5,7,3500,41.0,0,140,4,0,0,140,4,0,0,0,0,0,1,4,87.0,16.0,0.0,0.0,,False
144,patch,named,128.0,128.0,3,0.0,False,5,8,4000,41.0,0,140,4,0,0,140,4,0,0,0,0,0,1,4,87.0,16.0,0.0,0.0,,False
144,patch,named,128.0,128.0,3,0.0,False,5,9,4500,20.0,0,144,0,0,0,144,0,0,0,0,0,0,0,0,108.0,21.0,0.0,0.0,,False
144,patch,named,128.0,128.0,3,0.0,False,5,10,5000,20.0,0,144,0,0,0,144,0,0,0,0,0,0,0,0,108.0,21.0,0.0,0.0,,False
144,patch,named,128.0,128.0,3,0.0,False,5,11,5500,20.0,0,144,0,0,0,144,0,0,0,0,0,0,0,0,108.0,21.0,0.0,0.0,,False
144,patch,named,128.0,128.0,3,0.0,False,5,12,6000,20.0,0,144,0,0,0,144,0,0,0,0,0,0,0,0,108.0,21.0,0.0,0.0,,False
144,patch,named,128.0,128.0,3,0.0,False,5,13,6500,32.0,0,136,8,0,0,136,8,0,0,0,0,0,1,8,96.0,21.0,0.0,0.0,,False
144,patch,named,128.0,128.0,3,0.0,False,5,14,7000,20.0,0,144,0,0,0,144,0,0,0,0,0,0,0,0,108.0,21.0,0.0,0.0,,False
144,patch,named,128.0,128.0,3,0.0,False,5,15,7500,20.0,0,144,0,0,0,144,0,0,0,0,0,0,0,0,108.0,21.0,0.0,0.0,,False
144,patch,named,128.0,128.0,3,0.0,False,5,16,8000,20.0,0,144,0,0,0,144,0,0,0,0,0,0,0,0,108.0,21.0,0.0,0.0,,False
144,patch,named,128.0,128.0,3,0.0,False,5,17,8500,20.0,0,144,0,0,0,144,0,0,0,0,0,0,0,0,108.0,21.0,0.0,0.0,,False
144,patch,named,128.0,128.0,3,0.0,False,5,18,9000,41.0,0,140,4,0,0,140,4,0,0,0,0,0,1,4,87.0,12.0,0.0,0.0,,False
144,patch,named,128.0,128.0,3,0.0,False,5,19,9500,41.0,0,140,4,0,0,140,4,0,0,0,0,0,1,4,87.0,12.0,0.0,0.0,,False
144,patch,named,128.0,128.0,3,0.0,False,5,20,10000,20.0,0,144,0,0,0,144,0,0,0,0,0,0,0,0,108.0,21.0,0.0,0.0,,False
144,patch,named,128.0,128.0,3,0.0,False,5,21,10500,20.0,0,144,0,0,0,144,0,0,0,0,0,0,0,0,108.0,21.0,0.0,0.0,,False
144,patch,named,128.0,128.0,3,0.0,False,5,22,11000,20.0,0,144,0,0,0,144,0,0,0,0,0,0,0,0,108.0,21.0,0.0,0.0,,False
144,patch,named,128.0,128.0,3,0.0,False,5,23,11500,20.0,0,144,0,0,0,144,0,0,0,0,0,0,0,0,108.0,21.0,0.0,0.0,,False
144,patch,named,128.0,128.0,3,0.0,False,5,24,12000,20.0,0,144,0,0,0,144,0,0,0,0,0,0,0,0,108.0,21.0,0.0,0.0,,False
144,patch,named,128.0,128.0,3,0.0,False,5,25,12500,20.0,0,144,0,0,0,144,0,0,0,0,0,0,0,0,108.0,21.0,0.0,0.0,,False
144,patch,named,128.0,128.0,3,0.0,False,5,26,13000,20.0,0,144,0,0,0,144,0,0,0,0,0,0,0,0,108.0,21.0,0.0,0.0,,False
144,patch,named,128.0,128.0,3,0.0,False,5,27,13500,41.0,0,140,4,0,0,140,4,0,0,0,0,0,1,4,87.0,12.0,0.0,0.0,,False
144,patch,named,128.0,128.0,3,0.0,False,5,28,14000,41.0,0,140,4,0,0,140,4,0,0,0,0,0,1,4,87.0,12.0,0.0,0.0,,False
144,patch,named,128.0,128.0,3,0.0,False,5,29,14500,41.0,0,140,4,0,0,140,4,0,0,0,0,0,1,4,87.0,12.0,0.0,0.0,,False
144,patch,named,128.0,128.0,3,0.0,False,5,30,15000,52.0,0,136,8,0,0,136,8,0,0,0,0,0,1,8,76.0,11.0,0.0,0.0,,False
144,patch,named,128.0,128.0,3,0.0,False,5,31,15500,52.0,0,137,7,0,0,137,6,1,0,0,0,0,1,7,76.0,11.0,0.0,0.0,,False
144,patch,named,128.0,128.0,3,0.0,False,5,32,16000,20.0,0,144,0,0,0,144,0,0,0,0,0,0,0,0,108.0,21.0,0.0,0.0,,False
144,patch,named,128.0,128.0,3,0.0,False,5,33,16500,41.0,0,140,4,0,0,140,4,0,0,0,0,0,1,4,87.0,11.0,0.0,0.0,,False
144,patch,named,128.0,128.0,3,0.0,False,5,34,17000,20.0,0,144,0,0,0,144,0,0,0,0,0,0,0,0,108.0,21.0,0.0,0.0,,False
144,patch,named,128.0,128.0,3,0.0,False,5,35,17500,20.0,0,144,0,0,0,144,0,0,0,0,0,0,0,0,108.0,12.0,0.0,0.0,,False
144,patch,named,128.0,128.0,3,0.0,False,5,36,18000,20.0,0,144,0,0,0,144,0,0,0,0,0,0,0,0,108.0,12.0,0.0,0.0,,False
144,patch,named,128.0,128.0,3,0.0,False,5,37,18500,20.0,0,144,0,0,0,144,0,0,0,0,0,0,0,0,108.0,12.0,0.0,0.0,,False
144,patch,named,128.0,128.0,3,0.0,False,5,38,19000,20.0,0,144,0,0,0,144,0,0,0,0,0,0,0,0,108.0,12.0,0.0,0.0,,False
144,patch,named,128.0,128.0,3,0.0,False,5,39,19500,20.0,0,144,0,0,0,144,0,0,0,0,0,0,0,0,108.0,12.0,0.0,0.0,,False
144,patch,named,128.0,128.0,3,0.0,False,5,40,20000,20.0,0,144,0,0,0,144,0,0,0,0,0,0,0,0,108.0,12.0,0.0,0.0,,False
144,patch,named,128.0,128.0,3,0.0,False,5,41,20500,20.0,0,144,0,0,0,144,0,0,0,0,0,0,0,0,108.0,12.0,0.0,0.0,,False
144,patch,named,128.0,128.0,3,0.0,False,5,42,21000,20.0,0,144,0,0,0,144,0,0,0,0,0,0,0,0,108.0,12.0,0.0,0.0,,False
144,patch,named,128.0,128.0,3,0.0,False,5,43,21500,20.0,0,144,0,0,0,144,0,0,0,0,0,0,0,0,108.0,12.0,0.0,0.0,,False
144,patch,named,128.0,128.0,3,0.0,False,5,44,22000,20.0,0,144,0,0,0,144,0,0,0,0,0,0,0,0,108.0,12.0,0.0,0.0,,False
144,patch,named,128.0,128.0,3,0.0,False,5,45,22500,20.0,0,144,0,0,0,144,0,0,0,0,0,0,0,0,108.0,12.0,0.0,0.0,,False
144,patch,named,128.0,128.0,3,0.0,False,5,46,23000,20.0,0,144,0,0,0,144,0,0,0,0,0,0,0,0,108.0,12.0,0.0,0.0,,False
144,patch,named,128.0,128.0,3,0.0,False,5,47,23500,20.0,0,144,0,0,0,144,0,0,0,0,0,0,0,0,108.0,12.0,0.0,0.0,,False
144,patch,named,128.0,128.0,3,0.0,False,5,48,24000,20.0,0,144,0,0,0,144,0,0,0,0,0,0,0,0,108.0,12.0,0.0,0.0,,False
144,patch,named,128.0,128.0,3,0.0,False,5,49,24500,20.0,0,144,0,0,0,144,0,0,0,0,0,0,0,0,108.0,12.0,0.0,0.0,,False
144,patch,named,128.0,128.0,3,0.0,False,5,50,25000,20.0,0,144,0,0,0,144,0,0,0,0,0,0,0,0,108.0,12.0,0.0,0.0,,False
144,patch,named,128.0,128.0,3,0.0,False,5,51,25500,20.0,0,144,0,0,0,144,0,0,0,0,0,0,0,0,108.0,12.0,0.0,0.0,,False
144,patch,named,128.0,128.0,3,0.0,False,5,52,26000,20.0,0,144,0,0,0,144,0,0,0,0,0,0,0,0,108.0,12.0,0.0,0.0,,False
144,patch,named,128.0,128.0,3,0.0,False,5,53,26500,20.0,0,144,0,0,0,144,0,0,0,0,0,0,0,0,108.0,12.0,0.0,0.0,,False
144,patch,named,128.0,128.0,3,0.0,False,5,54,27000,20.0,0,144,0,0,0,144,0,0,0,0,0,0,0,0,108.0,12.0,0.0,0.0,,False
144,patch,named,128.0,128.0,3,0.0,False,5,55,27500,20.0,0,144,0,0,0,144,0,0,0,0,0,0,0,0,108.0,12.0,0.0,0.0,,False
144,patch,named,128.0,128.0,3,0.0,False,5,56,28000,20.0,0,144,0,0,0,144,0,0,0,0,0,0,0,0,108.0,12.0,0.0,0.0,,False
144,patch,named,128.0,128.0,3,0.0,False,5,57,28500,20.0,0,144,0,0,0,144,0,0,0,0,0,0,0,0,108.0,12.0,0.0,0.0,,False
144,patch,named,128.0,128.0,3,0.0,False,5,58,29000,20.0,0,144,0,0,0,144,0,0,0,0,0,0,0,0,108.0,12.0,0.0,0.0,,False
144,patch,named,128.0,128.0,3,0.0,False,5,59,29500,20.0,0,144,0,0,0,144,0,0,0,0,0,0,0,0,108.0,12.0,0.0,0.0,,False
144,patch,named,128.0,128.0,3,0.0,False,5,60,30000,20.0,0,144,0,0,0,144,0,0,0,0,0,0,0,0,108.0,12.0,0.0,0.0,,False
144,patch,named,128.0,128.0,3,0.0,False,5,61,30500,20.0,0,144,0,0,0,144,0,0,0,0,0,0,0,0,108.0,12.0,0.0,0.0,,False
144,patch,named,128.0,128.0,3,0.0,False,5,62,31000,20.0,0,144,0,0,0,144,0,0,0,0,0,0,0,0,108.0,12.0,0.0,0.0,,False
144,patch,named,128.0,128.0,3,0.0,False,5,63,31500,20.0,0,144,0,0,0,144,0,0,0,0,0,0,0,0,108.0,12.0,0.0,0.0,,False
144,patch,named,128.0,128.0,3,0.0,False,5,64,32000,20.0,0,144,0,0,0,144,0,0,0,0,0,0,0,0,108.0,12.0,0.0,0.0,,False
144,patch,named,128.0,128.0,3,0.0,False,5,65,32500,20.0,0,144,0,0,0,144,0,0,0,0,0,0,0,0,108.0,12.0,0.0,0.0,,False
144,patch,named,128.0,128.0,3,0.0,False,5,66,33000,20.0,0,144,0,0,0,144,0,0,0,0,0,0,0,0,108.0,12.0,0.0,0.0,,False
144,patch,named,128.0,128.0,3,0.0,False,5,67,33500,20.0,0,144,0,0,0,144,0,0,0,0,0,0,0,0,108.0,12.0,0.0,0.0,,False
144,patch,named,128.0,128.0,3,0.0,False,5,68,34000,20.0,0,144,0,0,0,144,0,0,0,0,0,0,0,0,108.0,12.0,0.0,0.0,,False
144,patch,named,128.0,128.0,3,0.0,False,5,69,34500,20.0,0,144,0,0,0,144,0,0,0,0,0,0,0,0,108.0,12.0,0.0,0.0,,False
144,patch,named,128.0,128.0,3,0.0,False,5,70,35000,20.0,0,144,0,0,0,144,0,0,0,0,0,0,0,0,108.0,12.0,0.0,0.0,,False
144,patch,named,128.0,128.0,3,0.0,False,5,71,35500,20.0,0,144,0,0,0,144,0,0,0,0,0,0,0,0,108.0,12.0,0.0,0.0,,False
144,patch,named,128.0,128.0,3,0.0,False,5,72,36000,20.0,0,144,0,0,0,144,0,0,0,0,0,0,0,0,108.0,12.0,0.0,0.0,,False
144,patch,named,128.0,128.0,3,0.0,False,5,73,36500,20.0,0,144,0,0,0,144,0,0,0,0,0,0,0,0,108.0,12.0,0.0,0.0,,False
144,patch,named,128.0,128.0,3,0.0,False,5,74,37000,20.0,0,144,0,0,0,144,0,0,0,0,0,0,0,0,108.0,12.0,0.0,0.0,,False
144,patch,named,128.0,128.0,3,0.0,False,5,75,37500,20.0,0,144,0,0,0,144,0,0,0,0,0,0,0,0,108.0,12.0,0.0,0.0,,False
144,patch,named,128.0,128.0,3,0.0,False,5,76,38000,20.0,0,144,0,0,0,144,0,0,0,0,0,0,0,0,108.0,12.0,0.0,0.0,,False
144,patch,named,128.0,128.0,3,0.0,False,5,77,38500,20.0,0,144,0,0,0,144,0,0,0,0,0,0,0,0,108.0,12.0,0.0,0.0,,False
144,patch,named,128.0,128.0,3,0.0,False,5,78,39000,20.0,0,144,0,0,0,144,0,0,0,0,0,0,0,0,108.0,12.0,0.0,0.0,,False
144,patch,named,128.0,128.0,3,0.0,False,5,79,39500,20.0,0,144,0,0,0,144,0,0,0,0,0,0,0,0,108.0,12.0,0.0,0.0,,False
144,patch,named,128.0,128.0,3,0.0,False,5,80,40000,20.0,0,144,0,0,0,144,0,0,0,0,0,0,0,0,108.0,12.0,0.0,0.0,,False
144,patch,named,128.0,128.0,3,0.0,False,5,81,40500,20.0,0,144,0,0,0,144,0,0,0,0,0,0,0,0,108.0,12.0,0.0,0.0,,False
144,patch,named,128.0,128.0,3,0.0,False,5,82,41000,20.0,0,144,0,0,0,144,0,0,0,0,0,0,0,0,108.0,12.0,0.0,0.0,,False
144,patch,named,128.0,128.0,3,0.0,False,5,83,41500,20.0,0,144,0,0,0,144,0,0,0,0,0,0,0,0,108.0,12.0,0.0,0.0,,False
144,patch,named,128.0,128.0,3,0.0,False,5,84,42000,20.0,0,144,0,0,0,144,0,0,0,0,0,0,0,0,108.0,12.0,0.0,0.0,,False
144,patch,named,128.0,128.0,3,0.0,False,5,85,42500,20.0,0,144,0,0,0,144,0,0,0,0,0,0,0,0,108.0,12.0,0.0,0.0,,False
144,patch,named,128.0,128.0,3,0.0,False,5,86,43000,32.0,0,136,8,0,0,136,8,0,0,0,0,0,1,8,96.0,11.0,0.0,0.0,,False
144,patch,named,128.0,128.0,3,0.0,False,5,87,43500,20.0,0,144,0,0,0,144,0,0,0,0,0,0,0,0,108.0,12.0,0.0,0.0,,False
144,patch,named,128.0,128.0,3,0.0,False,5,88,44000,20.0,0,144,0,0,0,144,0,0,0,0,0,0,0,0,108.0,12.0,0.0,0.0,,False
144,patch,named,128.0,128.0,3,0.0,False,5,89,44500,20.0,0,144,0,0,0,144,0,0,0,0,0,0,0,0,108.0,12.0,0.0,0.0,,False
144,patch,named,128.0,128.0,3,0.0,False,5,90,45000,20.0,0,144,0,0,0,144,0,0,0,0,0,0,0,0,108.0,12.0,0.0,0.0,,False
144,patch,named,128.0,128.0,3,0.0,False,5,91,45500,20.0,0,144,0,0,0,144,0,0,0,0,0,0,0,0,108.0,12.0,0.0,0.0,,False
144,patch,named,128.0,128.0,3,0.0,False,5,92,46000,20.0,0,144,0,0,0,144,0,0,0,0,0,0,0,0,108.0,12.0,0.0,0.0,,False
144,patch,named,128.0,128.0,3,0.0,False,5,93,46500,20.0,0,144,0,0,0,144,0,0,0,0,0,0,0,0,108.0,12.0,0.0,0.0,,False
144,patch,named,128.0,128.0,3,0.0,False,5,94,47000,20.0,0,144,0,0,0,144,0,0,0,0,0,0,0,0,108.0,12.0,0.0,0.0,,False
144,patch,named,128.0,128.0,3,0.0,False,5,95,47500,20.0,0,144,0,0,0,144,0,0,0,0,0,0,0,0,108.0,12.0,0.0,0.0,,False
144,patch,named,128.0,128.0,3,0.0,False,5,96,48000,20.0,0,144,0,0,0,144,0,0,0,0,0,0,0,0,108.0,12.0,0.0,0.0,,False
144,patch,named,128.0,128.0,3,0.0,False,5,97,48500,20.0,0,144,0,0,0,144,0,0,0,0,0,0,0,0,108.0,12.0,0.0,0.0,,False
144,patch,named,128.0,128.0,3,0.0,False,5,98,49000,20.0,0,144,0,0,0,144,0,0,0,0,0,0,0,0,108.0,12.0,0.0,0.0,,False
144,patch,named,128.0,128.0,3,0.0,False,5,99,49500,20.0,0,144,0,0,0,144,0,0,0,0,0,0,0,0,108.0,12.0,0.0,0.0,,False
144,patch,named,128.0,128.0,3,0.0,False,5,100,50000,20.0,0,144,0,0,0,144,0,0,0,0,0,0,0,0,108.0,12.0,0.0,0.0,,True
144,patch,named,128.0,128.0,3,0.0,False,6,0,0,128.0,0,123,21,0,0,123,13,5,3,0,0,0,1,21,0.0,0.0,0.0,0.0,,False
144,patch,named,128.0,128.0,3,0.0,False,6,1,500,68.0,0,132,12,0,0,132,12,0,0,0,0,0,1,12,60.0,16.0,0.0,0.0,,False
144,patch,named,128.0,128.0,3,0.0,False,6,2,1000,58.0,0,132,12,0,0,132,12,0,0,0,0,0,1,12,70.0,16.0,0.0,0.0,,False
144,patch,named,128.0,128.0,3,0.0,False,6,3,1500,57.0,3,130,11,0,3,130,11,0,0,0,2,2,4,6,71.0,11.0,0.0,0.0,,False
144,patch,named,128.0,128.0,3,0.0,False,6,4,2000,57.0,3,130,11,0,3,130,11,0,0,0,2,2,4,7,71.0,11.0,0.0,0.0,,False
144,patch,named,128.0,128.0,3,0.0,False,6,5,2500,57.0,3,130,11,0,3,130,11,0,0,0,2,2,3,11,71.0,11.0,0.0,0.0,,False
144,patch,named,128.0,128.0,3,0.0,False,6,6,3000,57.0,3,130,11,0,3,130,11,0,0,0,2,2,3,11,71.0,11.0,0.0,0.0,,False
144,patch,named,128.0,128.0,3,0.0,False,6,7,3500,57.0,3,130,11,0,3,130,11,0,0,0,2,2,4,6,71.0,11.0,0.0,0.0,,False
144,patch,named,128.0,128.0,3,0.0,False,6,8,4000,57.0,2,132,10,0,2,132,10,0,0,0,2,1,5,5,71.0,11.0,0.0,0.0,,False
144,patch,named,128.0,128.0,3,0.0,False,6,9,4500,57.0,3,130,11,0,3,130,11,0,0,0,2,2,4,6,71.0,11.0,0.0,0.0,,False
144,patch,named,128.0,128.0,3,0.0,False,6,10,5000,57.0,3,130,11,0,3,130,11,0,0,0,2,2,3,11,71.0,11.0,0.0,0.0,,False
144,patch,named,128.0,128.0,3,0.0,False,6,11,5500,57.0,3,130,11,0,3,130,11,0,0,0,2,2,3,11,71.0,11.0,0.0,0.0,,False
144,patch,named,128.0,128.0,3,0.0,False,6,12,6000,57.0,3,130,11,0,3,130,11,0,0,0,2,2,3,11,71.0,11.0,0.0,0.0,,False
144,patch,named,128.0,128.0,3,0.0,False,6,13,6500,57.0,3,130,11,0,3,130,11,0,0,0,2,2,4,7,71.0,11.0,0.0,0.0,,False
144,patch,named,128.0,128.0,3,0.0,False,6,14,7000,57.0,3,130,11,0,3,130,11,0,0,0,2,2,3,11,71.0,11.0,0.0,0.0,,False
144,patch,named,128.0,128.0,3,0.0,False,6,15,7500,57.0,3,130,11,0,3,130,11,0,0,0,2,2,3,11,71.0,10.0,0.0,0.0,,False
144,patch,named,128.0,128.0,3,0.0,False,6,16,8000,57.0,3,130,11,0,3,130,11,0,0,0,2,2,3,11,71.0,10.0,0.0,0.0,,False
144,patch,named,128.0,128.0,3,0.0,False,6,17,8500,57.0,3,130,11,0,3,130,11,0,0,0,2,2,3,11,71.0,10.0,0.0,0.0,,False
144,patch,named,128.0,128.0,3,0.0,False,6,18,9000,62.0,3,131,10,0,3,131,9,1,0,0,2,2,4,7,66.0,6.0,0.0,0.0,,False
144,patch,named,128.0,128.0,3,0.0,False,6,19,9500,57.0,3,130,11,0,3,130,11,0,0,0,2,2,4,7,71.0,6.0,0.0,0.0,,False
144,patch,named,128.0,128.0,3,0.0,False,6,20,10000,57.0,3,130,11,0,3,130,11,0,0,0,2,2,3,11,71.0,6.0,0.0,0.0,,False
144,patch,named,128.0,128.0,3,0.0,False,6,21,10500,57.0,3,130,11,0,3,130,11,0,0,0,2,2,3,11,71.0,6.0,0.0,0.0,,False
144,patch,named,128.0,128.0,3,0.0,False,6,22,11000,57.0,3,130,11,0,3,130,11,0,0,0,2,2,3,11,71.0,6.0,0.0,0.0,,False
144,patch,named,128.0,128.0,3,0.0,False,6,23,11500,57.0,3,130,11,0,3,130,11,0,0,0,2,2,3,11,71.0,6.0,0.0,0.0,,False
144,patch,named,128.0,128.0,3,0.0,False,6,24,12000,57.0,3,130,11,0,3,130,11,0,0,0,2,2,3,11,71.0,6.0,0.0,0.0,,False
144,patch,named,128.0,128.0,3,0.0,False,6,25,12500,57.0,3,130,11,0,3,130,11,0,0,0,2,2,3,11,71.0,6.0,0.0,0.0,,False
144,patch,named,128.0,128.0,3,0.0,False,6,26,13000,57.0,3,130,11,0,3,130,11,0,0,0,2,2,4,7,71.0,6.0,0.0,0.0,,False
144,patch,named,128.0,128.0,3,0.0,False,6,27,13500,62.0,4,128,12,0,4,128,12,0,0,0,2,2,2,14,66.0,6.0,0.0,0.0,,False
144,patch,named,128.0,128.0,3,0.0,False,6,28,14000,57.0,3,130,11,0,3,130,11,0,0,0,2,2,3,11,71.0,6.0,0.0,0.0,,False
144,patch,named,128.0,128.0,3,0.0,False,6,29,14500,57.0,3,130,11,0,3,130,11,0,0,0,2,2,3,11,71.0,6.0,0.0,0.0,,False
144,patch,named,128.0,128.0,3,0.0,False,6,30,15000,57.0,3,130,11,0,3,130,11,0,0,0,2,2,3,11,71.0,6.0,0.0,0.0,,False
144,patch,named,128.0,128.0,3,0.0,False,6,31,15500,57.0,3,130,11,0,3,130,11,0,0,0,2,2,3,11,71.0,6.0,0.0,0.0,,False
144,patch,named,128.0,128.0,3,0.0,False,6,32,16000,57.0,3,130,11,0,3,130,11,0,0,0,2,2,3,11,71.0,6.0,0.0,0.0,,False
144,patch,named,128.0,128.0,3,0.0,False,6,33,16500,57.0,3,130,11,0,3,130,11,0,0,0,2,2,3,11,71.0,5.0,0.0,0.0,,False
144,patch,named,128.0,128.0,3,0.0,False,6,34,17000,57.0,3,130,11,0,3,130,11,0,0,0,2,2,4,7,71.0,5.0,0.0,0.0,,False
144,patch,named,128.0,128.0,3,0.0,False,6,35,17500,57.0,3,130,11,0,3,130,11,0,0,0,2,2,4,7,71.0,5.0,0.0,0.0,,False
144,patch,named,128.0,128.0,3,0.0,False,6,36,18000,57.0,3,130,11,0,3,130,11,0,0,0,2,2,3,11,71.0,5.0,0.0,0.0,,False
144,patch,named,128.0,128.0,3,0.0,False,6,37,18500,57.0,3,130,11,0,3,130,11,0,0,0,2,2,4,7,71.0,5.0,0.0,0.0,,False
144,patch,named,128.0,128.0,3,0.0,False,6,38,19000,62.0,4,128,12,0,4,128,12,0,0,0,2,2,2,14,66.0,5.0,0.0,0.0,,False
144,patch,named,128.0,128.0,3,0.0,False,6,39,19500,57.0,3,130,11,0,3,130,11,0,0,0,2,2,3,11,71.0,5.0,0.0,0.0,,False
144,patch,named,128.0,128.0,3,0.0,False,6,40,20000,57.0,3,130,11,0,3,130,11,0,0,0,2,2,3,11,71.0,5.0,0.0,0.0,,False
144,patch,named,128.0,128.0,3,0.0,False,6,41,20500,62.0,4,128,12,0,4,128,12,0,0,0,2,2,2,14,66.0,5.0,0.0,0.0,,False
144,patch,named,128.0,128.0,3,0.0,False,6,42,21000,57.0,3,130,11,0,3,130,11,0,0,0,2,2,3,11,71.0,5.0,0.0,0.0,,False
144,patch,named,128.0,128.0,3,0.0,False,6,43,21500,57.0,3,130,11,0,3,130,11,0,0,0,2,2,3,11,71.0,5.0,0.0,0.0,,False
144,patch,named,128.0,128.0,3,0.0,False,6,44,22000,62.0,3,131,10,0,3,131,9,1,0,0,2,2,3,6,66.0,5.0,0.0,0.0,,False
144,patch,named,128.0,128.0,3,0.0,False,6,45,22500,57.0,2,132,10,0,2,132,10,0,0,0,2,1,5,5,71.0,5.0,0.0,0.0,,False
144,patch,named,128.0,128.0,3,0.0,False,6,46,23000,57.0,2,132,10,0,2,132,10,0,0,0,2,1,5,5,71.0,5.0,0.0,0.0,,False
144,patch,named,128.0,128.0,3,0.0,False,6,47,23500,57.0,3,130,11,0,3,130,11,0,0,0,2,2,4,6,71.0,5.0,0.0,0.0,,False
144,patch,named,128.0,128.0,3,0.0,False,6,48,24000,57.0,3,130,11,0,3,130,11,0,0,0,2,2,4,6,71.0,5.0,0.0,0.0,,False
144,patch,named,128.0,128.0,3,0.0,False,6,49,24500,57.0,2,132,10,0,2,132,10,0,0,0,2,1,5,5,71.0,5.0,0.0,0.0,,False
144,patch,named,128.0,128.0,3,0.0,False,6,50,25000,57.0,2,132,10,0,2,132,10,0,0,0,2,1,5,5,71.0,5.0,0.0,0.0,,False
144,patch,named,128.0,128.0,3,0.0,False,6,51,25500,57.0,3,130,11,0,3,130,11,0,0,0,2,2,3,11,71.0,5.0,0.0,0.0,,False
144,patch,named,128.0,128.0,3,0.0,False,6,52,26000,57.0,3,130,11,0,3,130,11,0,0,0,2,2,4,6,71.0,5.0,0.0,0.0,,False
144,patch,named,128.0,128.0,3,0.0,False,6,53,26500,57.0,3,130,11,0,3,130,11,0,0,0,2,2,4,6,71.0,5.0,0.0,0.0,,False
144,patch,named,128.0,128.0,3,0.0,False,6,54,27000,57.0,3,130,11,0,3,130,11,0,0,0,2,2,4,7,71.0,5.0,0.0,0.0,,False
144,patch,named,128.0,128.0,3,0.0,False,6,55,27500,57.0,2,132,10,0,2,132,10,0,0,0,2,1,5,4,71.0,5.0,0.0,0.0,,False
144,patch,named,128.0,128.0,3,0.0,False,6,56,28000,57.0,3,130,11,0,3,130,11,0,0,0,2,2,3,11,71.0,5.0,0.0,0.0,,False
144,patch,named,128.0,128.0,3,0.0,False,6,57,28500,57.0,3,130,11,0,3,130,11,0,0,0,2,2,3,11,71.0,6.0,0.0,0.0,,False
144,patch,named,128.0,128.0,3,0.0,False,6,58,29000,57.0,3,130,11,0,3,130,11,0,0,0,2,2,3,11,71.0,6.0,0.0,0.0,,False
144,patch,named,128.0,128.0,3,0.0,False,6,59,29500,57.0,3,130,11,0,3,130,11,0,0,0,2,2,3,11,71.0,6.0,0.0,0.0,,False
144,patch,named,128.0,128.0,3,0.0,False,6,60,30000,57.0,3,130,11,0,3,130,11,0,0,0,2,2,4,7,71.0,6.0,0.0,0.0,,False
144,patch,named,128.0,128.0,3,0.0,False,6,61,30500,57.0,3,130,11,0,3,130,11,0,0,0,2,2,3,11,71.0,6.0,0.0,0.0,,False
144,patch,named,128.0,128.0,3,0.0,False,6,62,31000,57.0,3,130,11,0,3,130,11,0,0,0,2,2,4,7,71.0,6.0,0.0,0.0,,False
144,patch,named,128.0,128.0,3,0.0,False,6,63,31500,57.0,3,130,11,0,3,130,11,0,0,0,2,2,3,11,71.0,6.0,0.0,0.0,,False
144,patch,named,128.0,128.0,3,0.0,False,6,64,32000,57.0,3,130,11,0,3,130,11,0,0,0,2,2,3,11,71.0,6.0,0.0,0.0,,False
144,patch,named,128.0,128.0,3,0.0,False,6,65,32500,57.0,3,130,11,0,3,130,11,0,0,0,2,2,3,11,71.0,6.0,0.0,0.0,,False
144,patch,named,128.0,128.0,3,0.0,False,6,66,33000,58.0,0,132,12,0,0,132,12,0,0,0,0,0,3,7,70.0,6.0,0.0,0.0,,False
144,patch,named,128.0,128.0,3,0.0,False,6,67,33500,57.0,3,130,11,0,3,130,11,0,0,0,2,2,3,11,71.0,6.0,0.0,0.0,,False
144,patch,named,128.0,128.0,3,0.0,False,6,68,34000,57.0,3,130,11,0,3,130,11,0,0,0,2,2,3,11,71.0,6.0,0.0,0.0,,False
144,patch,named,128.0,128.0,3,0.0,False,6,69,34500,57.0,3,130,11,0,3,130,11,0,0,0,2,2,3,11,71.0,6.0,0.0,0.0,,False
144,patch,named,128.0,128.0,3,0.0,False,6,70,35000,57.0,3,130,11,0,3,130,11,0,0,0,2,2,3,11,71.0,6.0,0.0,0.0,,False
144,patch,named,128.0,128.0,3,0.0,False,6,71,35500,62.0,3,131,10,0,3,131,9,1,0,0,2,2,4,7,66.0,6.0,0.0,0.0,,False
144,patch,named,128.0,128.0,3,0.0,False,6,72,36000,57.0,3,130,11,0,3,130,11,0,0,0,2,2,3,11,71.0,6.0,0.0,0.0,,False
144,patch,named,128.0,128.0,3,0.0,False,6,73,36500,57.0,3,130,11,0,3,130,11,0,0,0,2,2,4,7,71.0,6.0,0.0,0.0,,False
144,patch,named,128.0,128.0,3,0.0,False,6,74,37000,57.0,3,130,11,0,3,130,11,0,0,0,2,2,3,11,71.0,6.0,0.0,0.0,,False
144,patch,named,128.0,128.0,3,0.0,False,6,75,37500,57.0,3,130,11,0,3,130,11,0,0,0,2,2,4,7,71.0,6.0,0.0,0.0,,False
144,patch,named,128.0,128.0,3,0.0,False,6,76,38000,57.0,2,132,10,0,2,132,10,0,0,0,1,2,3,7,71.0,6.0,0.0,0.0,,False
144,patch,named,128.0,128.0,3,0.0,False,6,77,38500,57.0,1,134,9,0,1,134,9,0,0,0,1,1,4,3,71.0,6.0,0.0,0.0,,False
144,patch,named,128.0,128.0,3,0.0,False,6,78,39000,56.0,4,132,8,0,4,132,8,0,0,0,3,2,5,6,72.0,6.0,0.0,0.0,,False
144,patch,named,128.0,128.0,3,0.0,False,6,79,39500,56.0,4,132,8,0,4,132,8,0,0,0,3,2,5,6,72.0,6.0,0.0,0.0,,False
144,patch,named,128.0,128.0,3,0.0,False,6,80,40000,56.0,4,132,8,0,4,132,8,0,0,0,3,2,5,6,72.0,6.0,0.0,0.0,,False
144,patch,named,128.0,128.0,3,0.0,False,6,81,40500,57.0,2,132,10,0,2,132,10,0,0,0,1,2,3,7,71.0,6.0,0.0,0.0,,False
144,patch,named,128.0,128.0,3,0.0,False,6,82,41000,56.0,4,132,8,0,4,132,8,0,0,0,3,2,5,6,72.0,6.0,0.0,0.0,,False
144,patch,named,128.0,128.0,3,0.0,False,6,83,41500,57.0,2,132,10,0,2,132,10,0,0,0,1,2,3,7,71.0,6.0,0.0,0.0,,False
144,patch,named,128.0,128.0,3,0.0,False,6,84,42000,56.0,4,132,8,0,4,132,8,0,0,0,3,2,5,6,72.0,6.0,0.0,0.0,,False
144,patch,named,128.0,128.0,3,0.0,False,6,85,42500,57.0,2,132,10,0,2,132,10,0,0,0,1,2,3,7,71.0,5.0,0.0,0.0,,False
144,patch,named,128.0,128.0,3,0.0,False,6,86,43000,57.0,2,132,10,0,2,132,10,0,0,0,1,2,3,7,71.0,5.0,0.0,0.0,,False
144,patch,named,128.0,128.0,3,0.0,False,6,87,43500,56.0,4,132,8,0,4,132,8,0,0,0,3,2,5,6,72.0,5.0,0.0,0.0,,False
144,patch,named,128.0,128.0,3,0.0,False,6,88,44000,56.0,4,132,8,0,4,132,8,0,0,0,3,2,5,6,72.0,5.0,0.0,0.0,,False
144,patch,named,128.0,128.0,3,0.0,False,6,89,44500,56.0,4,132,8,0,4,132,8,0,0,0,3,2,5,6,72.0,5.0,0.0,0.0,,False
144,patch,named,128.0,128.0,3,0.0,False,6,90,45000,56.0,4,132,8,0,4,132,8,0,0,0,3,2,5,6,72.0,5.0,0.0,0.0,,False
144,patch,named,128.0,128.0,3,0.0,False,6,91,45500,56.0,4,132,8,0,4,132,8,0,0,0,3,2,5,6,72.0,5.0,0.0,0.0,,False
144,patch,named,128.0,128.0,3,0.0,False,6,92,46000,56.0,4,132,8,0,4,132,8,0,0,0,3,2,5,6,72.0,6.0,0.0,0.0,,False
144,patch,named,128.0,128.0,3,0.0,False,6,93,46500,56.0,4,132,8,0,4,132,8,0,0,0,3,2,5,6,72.0,6.0,0.0,0.0,,False
144,patch,named,128.0,128.0,3,0.0,False,6,94,47000,56.0,4,132,8,0,4,132,8,0,0,0,3,2,5,6,72.0,6.0,0.0,0.0,,False
144,patch,named,128.0,128.0,3,0.0,False,6,95,47500,56.0,4,132,8,0,4,132,8,0,0,0,3,2,5,6,72.0,6.0,0.0,0.0,,False
144,patch,named,128.0,128.0,3,0.0,False,6,96,48000,56.0,4,132,8,0,4,132,8,0,0,0,3,2,5,6,72.0,6.0,0.0,0.0,,False
144,patch,named,128.0,128.0,3,0.0,False,6,97,48500,56.0,4,132,8,0,4,132,8,0,0,0,3,2,5,6,72.0,6.0,0.0,0.0,,False
144,patch,named,128.0,128.0,3,0.0,False,6,98,49000,57.0,2,132,10,0,2,132,10,0,0,0,1,2,3,7,71.0,6.0,0.0,0.0,,False
144,patch,named,128.0,128.0,3,0.0,False,6,99,49500,57.0,3,130,11,0,3,130,11,0,0,0,2,2,4,6,71.0,5.0,0.0,0.0,,False
144,patch,named,128.0,128.0,3,0.0,False,6,100,50000,57.0,3,130,11,0,3,130,11,0,0,0,2,2,3,11,71.0,5.0,0.0,0.0,,True
144,patch,named,128.0,127.0,3,0.0,False,7,0,0,127.0,1,123,20,0,1,123,12,7,1,0,1,1,1,21,0.0,0.0,0.0,0.0,,False
144,patch,named,128.0,127.0,3,0.0,False,7,1,500,74.0,1,126,17,0,1,126,17,0,0,0,1,1,1,18,53.0,15.0,0.0,0.0,,False
144,patch,named,128.0,127.0,3,0.0,False,7,2,1000,74.0,1,126,17,0,1,126,17,0,0,0,1,1,1,18,53.0,15.0,0.0,0.0,,False
144,patch,named,128.0,127.0,3,0.0,False,7,3,1500,74.0,1,126,17,0,1,126,17,0,0,0,1,1,1,18,53.0,15.0,0.0,0.0,,False
144,patch,named,128.0,127.0,3,0.0,False,7,4,2000,74.0,1,126,17,0,1,126,17,0,0,0,1,1,1,18,53.0,15.0,0.0,0.0,,False
144,patch,named,128.0,127.0,3,0.0,False,7,5,2500,74.0,1,126,17,0,1,126,17,0,0,0,1,1,1,18,53.0,15.0,0.0,0.0,,False
144,patch,named,128.0,127.0,3,0.0,False,7,6,3000,74.0,1,126,17,0,1,126,17,0,0,0,1,1,1,18,53.0,15.0,0.0,0.0,,False
144,patch,named,128.0,127.0,3,0.0,False,7,7,3500,74.0,1,126,17,0,1,126,17,0,0,0,1,1,1,18,53.0,15.0,0.0,0.0,,False
144,patch,named,128.0,127.0,3,0.0,False,7,8,4000,74.0,1,126,17,0,1,126,17,0,0,0,1,1,1,18,53.0,15.0,0.0,0.0,,False
144,patch,named,128.0,127.0,3,0.0,False,7,9,4500,74.0,0,128,16,0,0,128,16,0,0,0,0,0,1,16,53.0,10.0,0.0,0.0,,False
144,patch,named,128.0,127.0,3,0.0,False,7,10,5000,74.0,0,128,16,0,0,128,16,0,0,0,0,0,1,16,53.0,10.0,0.0,0.0,,False
144,patch,named,128.0,127.0,3,0.0,False,7,11,5500,74.0,0,128,16,0,0,128,16,0,0,0,0,0,1,16,53.0,10.0,0.0,0.0,,False
144,patch,named,128.0,127.0,3,0.0,False,7,12,6000,74.0,0,128,16,0,0,128,16,0,0,0,0,0,1,16,53.0,10.0,0.0,0.0,,False
144,patch,named,128.0,127.0,3,0.0,False,7,13,6500,74.0,0,128,16,0,0,128,16,0,0,0,0,0,1,16,53.0,10.0,0.0,0.0,,False
144,patch,named,128.0,127.0,3,0.0,False,7,14,7000,74.0,0,128,16,0,0,128,16,0,0,0,0,0,1,16,53.0,10.0,0.0,0.0,,False
144,patch,named,128.0,127.0,3,0.0,False,7,15,7500,74.0,0,128,16,0,0,128,16,0,0,0,0,0,1,16,53.0,10.0,0.0,0.0,,False
144,patch,named,128.0,127.0,3,0.0,False,7,16,8000,74.0,0,128,16,0,0,128,16,0,0,0,0,0,1,16,53.0,10.0,0.0,0.0,,False
144,patch,named,128.0,127.0,3,0.0,False,7,17,8500,74.0,0,128,16,0,0,128,16,0,0,0,0,0,1,16,53.0,10.0,0.0,0.0,,False
144,patch,named,128.0,127.0,3,0.0,False,7,18,9000,74.0,0,128,16,0,0,128,16,0,0,0,0,0,1,16,53.0,10.0,0.0,0.0,,False
144,patch,named,128.0,127.0,3,0.0,False,7,19,9500,74.0,0,128,16,0,0,128,16,0,0,0,0,0,1,16,53.0,10.0,0.0,0.0,,False
144,patch,named,128.0,127.0,3,0.0,False,7,20,10000,74.0,0,128,16,0,0,128,16,0,0,0,0,0,1,16,53.0,10.0,0.0,0.0,,False
144,patch,named,128.0,127.0,3,0.0,False,7,21,10500,74.0,0,128,16,0,0,128,16,0,0,0,0,0,1,16,53.0,10.0,0.0,0.0,,False
144,patch,named,128.0,127.0,3,0.0,False,7,22,11000,74.0,0,128,16,0,0,128,16,0,0,0,0,0,1,16,53.0,10.0,0.0,0.0,,False
144,patch,named,128.0,127.0,3,0.0,False,7,23,11500,74.0,0,128,16,0,0,128,16,0,0,0,0,0,1,16,53.0,10.0,0.0,0.0,,False
144,patch,named,128.0,127.0,3,0.0,False,7,24,12000,63.0,1,130,13,0,1,130,13,0,0,0,1,1,3,7,64.0,16.0,0.0,0.0,,False
144,patch,named,128.0,127.0,3,0.0,False,7,25,12500,63.0,1,130,13,0,1,130,13,0,0,0,1,1,3,7,64.0,16.0,0.0,0.0,,False
144,patch,named,128.0,127.0,3,0.0,False,7,26,13000,53.0,0,132,12,0,0,132,12,0,0,0,0,0,1,12,74.0,16.0,0.0,0.0,,False
144,patch,named,128.0,127.0,3,0.0,False,7,27,13500,53.0,0,132,12,0,0,132,12,0,0,0,0,0,1,12,74.0,16.0,0.0,0.0,,False
144,patch,named,128.0,127.0,3,0.0,False,7,28,14000,53.0,0,132,12,0,0,132,12,0,0,0,0,0,1,12,74.0,16.0,0.0,0.0,,False
144,patch,named,128.0,127.0,3,0.0,False,7,29,14500,53.0,0,132,12,0,0,132,12,0,0,0,0,0,1,12,74.0,16.0,0.0,0.0,,False
144,patch,named,128.0,127.0,3,0.0,False,7,30,15000,53.0,0,132,12,0,0,132,12,0,0,0,0,0,1,12,74.0,16.0,0.0,0.0,,False
144,patch,named,128.0,127.0,3,0.0,False,7,31,15500,53.0,0,132,12,0,0,132,12,0,0,0,0,0,1,12,74.0,16.0,0.0,0.0,,False
144,patch,named,128.0,127.0,3,0.0,False,7,32,16000,53.0,0,132,12,0,0,132,12,0,0,0,0,0,1,12,74.0,16.0,0.0,0.0,,False
144,patch,named,128.0,127.0,3,0.0,False,7,33,16500,69.0,0,128,16,0,0,128,16,0,0,0,0,0,1,16,58.0,6.0,0.0,0.0,,False
144,patch,named,128.0,127.0,3,0.0,False,7,34,17000,53.0,0,132,12,0,0,132,12,0,0,0,0,0,1,12,74.0,16.0,0.0,0.0,,False
144,patch,named,128.0,127.0,3,0.0,False,7,35,17500,53.0,0,132,12,0,0,132,12,0,0,0,0,0,1,12,74.0,16.0,0.0,0.0,,False
144,patch,named,128.0,127.0,3,0.0,False,7,36,18000,53.0,0,132,12,0,0,132,12,0,0,0,0,0,1,12,74.0,16.0,0.0,0.0,,False
144,patch,named,128.0,127.0,3,0.0,False,7,37,18500,53.0,0,132,12,0,0,132,12,0,0,0,0,0,1,12,74.0,16.0,0.0,0.0,,False
144,patch,named,128.0,127.0,3,0.0,False,7,38,19000,69.0,0,128,16,0,0,128,16,0,0,0,0,0,1,16,58.0,6.0,0.0,0.0,,False
144,patch,named,128.0,127.0,3,0.0,False,7,39,19500,53.0,0,132,12,0,0,132,12,0,0,0,0,0,1,12,74.0,16.0,0.0,0.0,,False
144,patch,named,128.0,127.0,3,0.0,False,7,40,20000,53.0,0,132,12,0,0,132,12,0,0,0,0,0,1,12,74.0,16.0,0.0,0.0,,False
144,patch,named,128.0,127.0,3,0.0,False,7,41,20500,53.0,0,132,12,0,0,132,12,0,0,0,0,0,1,12,74.0,16.0,0.0,0.0,,False
144,patch,named,128.0,127.0,3,0.0,False,7,42,21000,53.0,0,132,12,0,0,132,12,0,0,0,0,0,1,12,74.0,16.0,0.0,0.0,,False
144,patch,named,128.0,127.0,3,0.0,False,7,43,21500,53.0,0,132,12,0,0,132,12,0,0,0,0,0,1,12,74.0,16.0,0.0,0.0,,False
144,patch,named,128.0,127.0,3,0.0,False,7,44,22000,53.0,0,132,12,0,0,132,12,0,0,0,0,0,1,12,74.0,16.0,0.0,0.0,,False
144,patch,named,128.0,127.0,3,0.0,False,7,45,22500,48.0,0,133,11,0,0,133,10,1,0,0,0,0,1,11,79.0,10.0,0.0,0.0,,False
144,patch,named,128.0,127.0,3,0.0,False,7,46,23000,48.0,0,132,12,0,0,132,12,0,0,0,0,0,2,8,79.0,10.0,0.0,0.0,,False
144,patch,named,128.0,127.0,3,0.0,False,7,47,23500,48.0,0,132,12,0,0,132,12,0,0,0,0,0,1,12,79.0,15.0,0.0,0.0,,False
144,patch,named,128.0,127.0,3,0.0,False,7,48,24000,48.0,0,133,11,0,0,133,10,1,0,0,0,0,1,11,79.0,15.0,0.0,0.0,,False
144,patch,named,128.0,127.0,3,0.0,False,7,49,24500,42.0,1,134,9,0,1,134,9,0,0,0,1,1,3,5,85.0,15.0,0.0,0.0,,False
144,patch,named,128.0,127.0,3,0.0,False,7,50,25000,42.0,1,134,9,0,1,134,9,0,0,0,1,1,3,5,85.0,15.0,0.0,0.0,,False
144,patch,named,128.0,127.0,3,0.0,False,7,51,25500,42.0,1,134,9,0,1,134,9,0,0,0,1,1,3,5,85.0,15.0,0.0,0.0,,False
144,patch,named,128.0,127.0,3,0.0,False,7,52,26000,42.0,1,134,9,0,1,134,9,0,0,0,1,1,3,5,85.0,15.0,0.0,0.0,,False
144,patch,named,128.0,127.0,3,0.0,False,7,53,26500,42.0,1,134,9,0,1,134,9,0,0,0,1,1,3,5,85.0,15.0,0.0,0.0,,False
144,patch,named,128.0,127.0,3,0.0,False,7,54,27000,42.0,1,134,9,0,1,134,9,0,0,0,1,1,3,5,85.0,15.0,0.0,0.0,,False
144,patch,named,128.0,127.0,3,0.0,False,7,55,27500,42.0,1,134,9,0,1,134,9,0,0,0,1,1,3,5,85.0,15.0,0.0,0.0,,False
144,patch,named,128.0,127.0,3,0.0,False,7,56,28000,42.0,1,134,9,0,1,134,9,0,0,0,1,1,3,5,85.0,10.0,0.0,0.0,,False
144,patch,named,128.0,127.0,3,0.0,False,7,57,28500,42.0,1,134,9,0,1,134,9,0,0,0,1,1,3,5,85.0,10.0,0.0,0.0,,False
144,patch,named,128.0,127.0,3,0.0,False,7,58,29000,42.0,1,134,9,0,1,134,9,0,0,0,1,1,3,5,85.0,10.0,0.0,0.0,,False
144,patch,named,128.0,127.0,3,0.0,False,7,59,29500,42.0,1,134,9,0,1,134,9,0,0,0,1,1,3,5,85.0,10.0,0.0,0.0,,False
144,patch,named,128.0,127.0,3,0.0,False,7,60,30000,42.0,1,134,9,0,1,134,9,0,0,0,1,1,3,5,85.0,10.0,0.0,0.0,,False
144,patch,named,128.0,127.0,3,0.0,False,7,61,30500,42.0,1,134,9,0,1,134,9,0,0,0,1,1,3,5,85.0,10.0,0.0,0.0,,False
144,patch,named,128.0,127.0,3,0.0,False,7,62,31000,42.0,1,134,9,0,1,134,9,0,0,0,1,1,3,5,85.0,10.0,0.0,0.0,,False
144,patch,named,128.0,127.0,3,0.0,False,7,63,31500,42.0,1,134,9,0,1,134,9,0,0,0,1,1,3,5,85.0,10.0,0.0,0.0,,False
144,patch,named,128.0,127.0,3,0.0,False,7,64,32000,42.0,1,134,9,0,1,134,9,0,0,0,1,1,3,5,85.0,10.0,0.0,0.0,,False
144,patch,named,128.0,127.0,3,0.0,False,7,65,32500,42.0,1,134,9,0,1,134,9,0,0,0,1,1,3,5,85.0,10.0,0.0,0.0,,False
144,patch,named,128.0,127.0,3,0.0,False,7,66,33000,48.0,0,132,12,0,0,132,12,0,0,0,0,0,2,8,79.0,10.0,0.0,0.0,,False
144,patch,named,128.0,127.0,3,0.0,False,7,67,33500,48.0,0,132,12,0,0,132,12,0,0,0,0,0,1,12,79.0,10.0,0.0,0.0,,False
144,patch,named,128.0,127.0,3,0.0,False,7,68,34000,32.0,0,136,8,0,0,136,8,0,0,0,0,0,2,6,95.0,16.0,0.0,0.0,,False
144,patch,named,128.0,127.0,3,0.0,False,7,69,34500,32.0,0,136,8,0,0,136,8,0,0,0,0,0,2,6,95.0,16.0,0.0,0.0,,False
144,patch,named,128.0,127.0,3,0.0,False,7,70,35000,48.0,0,132,12,0,0,132,12,0,0,0,0,0,2,10,79.0,10.0,0.0,0.0,,False
144,patch,named,128.0,127.0,3,0.0,False,7,71,35500,32.0,0,136,8,0,0,136,8,0,0,0,0,0,2,6,95.0,16.0,0.0,0.0,,False
144,patch,named,128.0,127.0,3,0.0,False,7,72,36000,32.0,0,136,8,0,0,136,8,0,0,0,0,0,2,6,95.0,16.0,0.0,0.0,,False
144,patch,named,128.0,127.0,3,0.0,False,7,73,36500,32.0,0,136,8,0,0,136,8,0,0,0,0,0,2,6,95.0,16.0,0.0,0.0,,False
144,patch,named,128.0,127.0,3,0.0,False,7,74,37000,48.0,0,132,12,0,0,132,12,0,0,0,0,0,2,10,79.0,10.0,0.0,0.0,,False
144,patch,named,128.0,127.0,3,0.0,False,7,75,37500,48.0,0,132,12,0,0,132,12,0,0,0,0,0,2,10,79.0,10.0,0.0,0.0,,False
144,patch,named,128.0,127.0,3,0.0,False,7,76,38000,48.0,0,132,12,0,0,132,12,0,0,0,0,0,3,8,79.0,10.0,0.0,0.0,,False
144,patch,named,128.0,127.0,3,0.0,False,7,77,38500,48.0,0,132,12,0,0,132,12,0,0,0,0,0,3,8,79.0,10.0,0.0,0.0,,False
144,patch,named,128.0,127.0,3,0.0,False,7,78,39000,48.0,0,132,12,0,0,132,12,0,0,0,0,0,2,10,79.0,15.0,0.0,0.0,,False
144,patch,named,128.0,127.0,3,0.0,False,7,79,39500,37.0,0,136,8,0,0,136,8,0,0,0,0,0,2,6,90.0,15.0,0.0,0.0,,False
144,patch,named,128.0,127.0,3,0.0,False,7,80,40000,37.0,0,136,8,0,0,136,8,0,0,0,0,0,2,6,90.0,15.0,0.0,0.0,,False
144,patch,named,128.0,127.0,3,0.0,False,7,81,40500,37.0,0,136,8,0,0,136,8,0,0,0,0,0,2,6,90.0,15.0,0.0,0.0,,False
144,patch,named,128.0,127.0,3,0.0,False,7,82,41000,37.0,0,136,8,0,0,136,8,0,0,0,0,0,2,6,90.0,15.0,0.0,0.0,,False
144,patch,named,128.0,127.0,3,0.0,False,7,83,41500,37.0,0,136,8,0,0,136,8,0,0,0,0,0,2,6,90.0,15.0,0.0,0.0,,False
144,patch,named,128.0,127.0,3,0.0,False,7,84,42000,42.0,0,136,8,0,0,136,8,0,0,0,0,0,2,6,85.0,15.0,0.0,0.0,,False
144,patch,named,128.0,127.0,3,0.0,False,7,85,42500,42.0,1,134,9,0,1,134,9,0,0,0,1,1,3,7,85.0,15.0,0.0,0.0,,False
144,patch,named,128.0,127.0,3,0.0,False,7,86,43000,47.0,1,134,9,0,1,134,9,0,0,0,1,1,3,7,80.0,15.0,0.0,0.0,,False
144,patch,named,128.0,127.0,3,0.0,False,7,87,43500,42.0,0,136,8,0,0,136,8,0,0,0,0,0,2,6,85.0,15.0,0.0,0.0,,False
144,patch,named,128.0,127.0,3,0.0,False,7,88,44000,42.0,0,136,8,0,0,136,8,0,0,0,0,0,2,6,85.0,15.0,0.0,0.0,,False
144,patch,named,128.0,127.0,3,0.0,False,7,89,44500,42.0,0,136,8,0,0,136,8,0,0,0,0,0,2,6,85.0,11.0,0.0,0.0,,False
144,patch,named,128.0,127.0,3,0.0,False,7,90,45000,42.0,0,136,8,0,0,136,8,0,0,0,0,0,2,6,85.0,11.0,0.0,0.0,,False
144,patch,named,128.0,127.0,3,0.0,False,7,91,45500,42.0,1,134,9,0,1,134,9,0,0,0,1,1,3,7,85.0,11.0,0.0,0.0,,False
144,patch,named,128.0,127.0,3,0.0,False,7,92,46000,42.0,0,136,8,0,0,136,8,0,0,0,0,0,2,6,85.0,11.0,0.0,0.0,,False
144,patch,named,128.0,127.0,3,0.0,False,7,93,46500,42.0,1,134,9,0,1,134,9,0,0,0,1,1,3,7,85.0,11.0,0.0,0.0,,False
144,patch,named,128.0,127.0,3,0.0,False,7,94,47000,47.0,2,132,10,0,2,132,10,0,0,0,1,2,3,8,80.0,11.0,0.0,0.0,,False
144,patch,named,128.0,127.0,3,0.0,False,7,95,47500,47.0,2,132,10,0,2,132,10,0,0,0,1,2,3,8,80.0,11.0,0.0,0.0,,False
144,patch,named,128.0,127.0,3,0.0,False,7,96,48000,47.0,2,132,10,0,2,132,10,0,0,0,1,2,3,8,80.0,11.0,0.0,0.0,,False
144,patch,named,128.0,127.0,3,0.0,False,7,97,48500,47.0,2,132,10,0,2,132,10,0,0,0,1,2,2,10,80.0,11.0,0.0,0.0,,False
144,patch,named,128.0,127.0,3,0.0,False,7,98,49000,47.0,2,132,10,0,2,132,10,0,0,0,1,2,2,10,80.0,11.0,0.0,0.0,,False
144,patch,named,128.0,127.0,3,0.0,False,7,99,49500,48.0,0,132,12,0,0,132,12,0,0,0,0,0,2,10,79.0,11.0,0.0,0.0,,False
144,patch,named,128.0,127.0,3,0.0,False,7,100,50000,42.0,1,134,9,0,1,134,9,0,0,0,1,1,3,7,85.0,11.0,0.0,0.0,,True
144,patch,named,128.0,127.0,3,0.0,False,8,0,0,127.0,0,121,23,0,0,121,19,3,1,0,0,0,1,23,0.0,0.0,0.0,0.0,,False
144,patch,named,128.0,127.0,3,0.0,False,8,1,500,84.0,0,128,16,0,0,128,16,0,0,0,0,0,1,16,43.0,11.0,0.0,0.0,,False
144,patch,named,128.0,127.0,3,0.0,False,8,2,1000,84.0,0,128,16,0,0,128,16,0,0,0,0,0,1,16,43.0,11.0,0.0,0.0,,False
144,patch,named,128.0,127.0,3,0.0,False,8,3,1500,84.0,0,128,16,0,0,128,16,0,0,0,0,0,2,12,43.0,11.0,0.0,0.0,,False
144,patch,named,128.0,127.0,3,0.0,False,8,4,2000,84.0,0,128,16,0,0,128,16,0,0,0,0,0,1,16,43.0,11.0,0.0,0.0,,False
144,patch,named,128.0,127.0,3,0.0,False,8,5,2500,84.0,0,128,16,0,0,128,16,0,0,0,0,0,1,16,43.0,11.0,0.0,0.0,,False
144,patch,named,128.0,127.0,3,0.0,False,8,6,3000,77.0,3,130,11,0,3,130,11,0,0,0,2,2,4,10,50.0,11.0,0.0,0.0,,False
144,patch,named,128.0,127.0,3,0.0,False,8,7,3500,77.0,3,130,11,0,3,130,11,0,0,0,2,2,5,8,50.0,11.0,0.0,0.0,,False
144,patch,named,128.0,127.0,3,0.0,False,8,8,4000,72.0,1,134,9,0,1,134,9,0,0,0,1,1,4,6,55.0,10.0,0.0,0.0,,False
144,patch,named,128.0,127.0,3,0.0,False,8,9,4500,72.0,1,134,9,0,1,134,9,0,0,0,1,1,4,6,55.0,10.0,0.0,0.0,,False
144,patch,named,128.0,127.0,3,0.0,False,8,10,5000,72.0,1,134,9,0,1,134,9,0,0,0,1,1,4,6,55.0,10.0,0.0,0.0,,False
144,patch,named,128.0,127.0,3,0.0,False,8,11,5500,77.0,2,132,10,0,2,132,10,0,0,0,2,1,5,7,50.0,10.0,0.0,0.0,,False
144,patch,named,128.0,127.0,3,0.0,False,8,12,6000,72.0,1,134,9,0,1,134,9,0,0,0,1,1,4,6,55.0,10.0,0.0,0.0,,False
144,patch,named,128.0,127.0,3,0.0,False,8,13,6500,72.0,1,134,9,0,1,134,9,0,0,0,1,1,4,6,55.0,10.0,0.0,0.0,,False
144,patch,named,128.0,127.0,3,0.0,False,8,14,7000,72.0,1,134,9,0,1,134,9,0,0,0,1,1,4,6,55.0,10.0,0.0,0.0,,False
144,patch,named,128.0,127.0,3,0.0,False,8,15,7500,72.0,1,134,9,0,1,134,9,0,0,0,1,1,4,6,55.0,10.0,0.0,0.0,,False
144,patch,named,128.0,127.0,3,0.0,False,8,16,8000,72.0,1,134,9,0,1,134,9,0,0,0,1,1,4,6,55.0,10.0,0.0,0.0,,False
144,patch,named,128.0,127.0,3,0.0,False,8,17,8500,72.0,1,134,9,0,1,134,9,0,0,0,1,1,4,6,55.0,10.0,0.0,0.0,,False
144,patch,named,128.0,127.0,3,0.0,False,8,18,9000,78.0,0,132,12,0,0,132,12,0,0,0,0,0,3,6,49.0,5.0,0.0,0.0,,False
144,patch,named,128.0,127.0,3,0.0,False,8,19,9500,72.0,1,134,9,0,1,134,9,0,0,0,1,1,4,6,55.0,11.0,0.0,0.0,,False
144,patch,named,128.0,127.0,3,0.0,False,8,20,10000,72.0,1,134,9,0,1,134,9,0,0,0,1,1,4,6,55.0,11.0,0.0,0.0,,False
144,patch,named,128.0,127.0,3,0.0,False,8,21,10500,72.0,1,134,9,0,1,134,9,0,0,0,1,1,4,6,55.0,6.0,0.0,0.0,,False
144,patch,named,128.0,127.0,3,0.0,False,8,22,11000,72.0,1,134,9,0,1,134,9,0,0,0,1,1,4,6,55.0,6.0,0.0,0.0,,False
144,patch,named,128.0,127.0,3,0.0,False,8,23,11500,72.0,1,134,9,0,1,134,9,0,0,0,1,1,4,6,55.0,5.0,0.0,0.0,,False
144,patch,named,128.0,127.0,3,0.0,False,8,24,12000,72.0,1,134,9,0,1,134,9,0,0,0,1,1,4,6,55.0,5.0,0.0,0.0,,False
144,patch,named,128.0,127.0,3,0.0,False,8,25,12500,77.0,3,130,11,0,3,130,11,0,0,0,2,2,5,8,50.0,5.0,0.0,0.0,,False
144,patch,named,128.0,127.0,3,0.0,False,8,26,13000,72.0,1,134,9,0,1,134,9,0,0,0,1,1,4,6,55.0,5.0,0.0,0.0,,False
144,patch,named,128.0,127.0,3,0.0,False,8,27,13500,77.0,3,130,11,0,3,130,11,0,0,0,2,2,5,8,50.0,5.0,0.0,0.0,,False
144,patch,named,128.0,127.0,3,0.0,False,8,28,14000,73.0,1,130,13,0,1,130,13,0,0,0,1,1,4,9,54.0,9.0,0.0,0.0,,False
144,patch,named,128.0,127.0,3,0.0,False,8,29,14500,73.0,1,130,13,0,1,130,13,0,0,0,1,1,4,9,54.0,9.0,0.0,0.0,,False
144,patch,named,128.0,127.0,3,0.0,False,8,30,15000,73.0,1,130,13,0,1,130,13,0,0,0,1,1,4,9,54.0,9.0,0.0,0.0,,False
144,patch,named,128.0,127.0,3,0.0,False,8,31,15500,73.0,1,130,13,0,1,130,13,0,0,0,1,1,4,9,54.0,9.0,0.0,0.0,,False
144,patch,named,128.0,127.0,3,0.0,False,8,32,16000,77.0,2,132,10,0,2,132,10,0,0,0,1,2,2,10,50.0,5.0,0.0,0.0,,False
144,patch,named,128.0,127.0,3,0.0,False,8,33,16500,72.0,1,134,9,0,1,134,9,0,0,0,1,1,4,6,55.0,5.0,0.0,0.0,,False
144,patch,named,128.0,127.0,3,0.0,False,8,34,17000,72.0,1,134,9,0,1,134,9,0,0,0,1,1,4,6,55.0,6.0,0.0,0.0,,False
144,patch,named,128.0,127.0,3,0.0,False,8,35,17500,72.0,1,134,9,0,1,134,9,0,0,0,1,1,4,6,55.0,6.0,0.0,0.0,,False
144,patch,named,128.0,127.0,3,0.0,False,8,36,18000,72.0,1,134,9,0,1,134,9,0,0,0,1,1,4,6,55.0,6.0,0.0,0.0,,False
144,patch,named,128.0,127.0,3,0.0,False,8,37,18500,72.0,1,134,9,0,1,134,9,0,0,0,1,1,4,6,55.0,5.0,0.0,0.0,,False
144,patch,named,128.0,127.0,3,0.0,False,8,38,19000,72.0,1,134,9,0,1,134,9,0,0,0,1,1,4,6,55.0,5.0,0.0,0.0,,False
144,patch,named,128.0,127.0,3,0.0,False,8,39,19500,72.0,1,134,9,0,1,134,9,0,0,0,1,1,4,6,55.0,5.0,0.0,0.0,,False
144,patch,named,128.0,127.0,3,0.0,False,8,40,20000,73.0,0,132,12,0,0,132,12,0,0,0,0,0,2,10,54.0,5.0,0.0,0.0,,False
144,patch,named,128.0,127.0,3,0.0,False,8,41,20500,68.0,2,128,14,0,2,128,14,0,0,0,1,2,3,12,59.0,5.0,0.0,0.0,,False
144,patch,named,128.0,127.0,3,0.0,False,8,42,21000,68.0,2,128,14,0,2,128,14,0,0,0,1,2,3,12,59.0,5.0,0.0,0.0,,False
144,patch,named,128.0,127.0,3,0.0,False,8,43,21500,68.0,2,128,14,0,2,128,14,0,0,0,1,2,3,8,59.0,5.0,0.0,0.0,,False
144,patch,named,128.0,127.0,3,0.0,False,8,44,22000,73.0,3,126,15,0,3,126,15,0,0,0,1,3,3,13,54.0,5.0,0.0,0.0,,False
144,patch,named,128.0,127.0,3,0.0,False,8,45,22500,68.0,3,126,15,0,3,126,15,0,0,0,1,3,3,13,59.0,5.0,0.0,0.0,,False
144,patch,named,128.0,127.0,3,0.0,False,8,46,23000,68.0,3,126,15,0,3,126,15,0,0,0,1,3,3,13,59.0,5.0,0.0,0.0,,False
144,patch,named,128.0,127.0,3,0.0,False,8,47,23500,68.0,3,126,15,0,3,126,15,0,0,0,1,3,3,13,59.0,5.0,0.0,0.0,,False
144,patch,named,128.0,127.0,3,0.0,False,8,48,24000,68.0,3,126,15,0,3,126,15,0,0,0,1,3,2,15,59.0,5.0,0.0,0.0,,False
144,patch,named,128.0,127.0,3,0.0,False,8,49,24500,68.0,3,126,15,0,3,126,15,0,0,0,1,3,3,13,59.0,5.0,0.0,0.0,,False
144,patch,named,128.0,127.0,3,0.0,False,8,50,25000,68.0,3,126,15,0,3,126,15,0,0,0,1,3,3,13,59.0,5.0,0.0,0.0,,False
144,patch,named,128.0,127.0,3,0.0,False,8,51,25500,69.0,0,128,16,0,0,128,16,0,0,0,0,0,2,14,58.0,5.0,0.0,0.0,,False
144,patch,named,128.0,127.0,3,0.0,False,8,52,26000,68.0,3,126,15,0,3,126,15,0,0,0,1,3,3,13,59.0,5.0,0.0,0.0,,False
144,patch,named,128.0,127.0,3,0.0,False,8,53,26500,68.0,3,126,15,0,3,126,15,0,0,0,1,3,3,13,59.0,5.0,0.0,0.0,,False
144,patch,named,128.0,127.0,3,0.0,False,8,54,27000,69.0,0,128,16,0,0,128,16,0,0,0,0,0,1,16,58.0,5.0,0.0,0.0,,False
144,patch,named,128.0,127.0,3,0.0,False,8,55,27500,68.0,3,126,15,0,3,126,15,0,0,0,1,3,3,13,59.0,5.0,0.0,0.0,,False
144,patch,named,128.0,127.0,3,0.0,False,8,56,28000,68.0,3,126,15,0,3,126,15,0,0,0,1,3,2,15,59.0,5.0,0.0,0.0,,False
144,patch,named,128.0,127.0,3,0.0,False,8,57,28500,73.0,3,126,15,0,3,126,15,0,0,0,1,3,3,13,54.0,5.0,0.0,0.0,,False
144,patch,named,128.0,127.0,3,0.0,False,8,58,29000,68.0,3,126,15,0,3,126,15,0,0,0,1,3,3,13,59.0,5.0,0.0,0.0,,False
144,patch,named,128.0,127.0,3,0.0,False,8,59,29500,68.0,3,126,15,0,3,126,15,0,0,0,1,3,2,15,59.0,5.0,0.0,0.0,,False
144,patch,named,128.0,127.0,3,0.0,False,8,60,30000,68.0,2,128,14,0,2,128,14,0,0,0,1,2,3,8,59.0,10.0,0.0,0.0,,False
144,patch,named,128.0,127.0,3,0.0,False,8,61,30500,68.0,2,128,14,0,2,128,14,0,0,0,1,2,3,12,59.0,10.0,0.0,0.0,,False
144,patch,named,128.0,127.0,3,0.0,False,8,62,31000,68.0,2,128,14,0,2,128,14,0,0,0,1,2,3,8,59.0,10.0,0.0,0.0,,False
144,patch,named,128.0,127.0,3,0.0,False,8,63,31500,68.0,2,128,14,0,2,128,14,0,0,0,1,2,3,8,59.0,10.0,0.0,0.0,,False
144,patch,named,128.0,127.0,3,0.0,False,8,64,32000,68.0,2,128,14,0,2,128,14,0,0,0,1,2,3,12,59.0,10.0,0.0,0.0,,False
144,patch,named,128.0,127.0,3,0.0,False,8,65,32500,68.0,2,128,14,0,2,128,14,0,0,0,1,2,3,12,59.0,10.0,0.0,0.0,,False
144,patch,named,128.0,127.0,3,0.0,False,8,66,33000,68.0,2,128,14,0,2,128,14,0,0,0,1,2,3,12,59.0,10.0,0.0,0.0,,False
144,patch,named,128.0,127.0,3,0.0,False,8,67,33500,68.0,2,128,14,0,2,128,14,0,0,0,1,2,3,12,59.0,10.0,0.0,0.0,,False
144,patch,named,128.0,127.0,3,0.0,False,8,68,34000,68.0,3,126,15,0,3,126,15,0,0,0,1,3,2,15,59.0,5.0,0.0,0.0,,False
144,patch,named,128.0,127.0,3,0.0,False,8,69,34500,68.0,3,126,15,0,3,126,15,0,0,0,1,3,3,13,59.0,5.0,0.0,0.0,,False
144,patch,named,128.0,127.0,3,0.0,False,8,70,35000,73.0,1,130,13,0,1,130,13,0,0,0,1,1,3,11,54.0,5.0,0.0,0.0,,False
144,patch,named,128.0,127.0,3,0.0,False,8,71,35500,68.0,3,126,15,0,3,126,15,0,0,0,1,3,3,13,59.0,5.0,0.0,0.0,,False
144,patch,named,128.0,127.0,3,0.0,False,8,72,36000,68.0,3,126,15,0,3,126,15,0,0,0,1,3,2,15,59.0,5.0,0.0,0.0,,False
144,patch,named,128.0,127.0,3,0.0,False,8,73,36500,68.0,3,126,15,0,3,126,15,0,0,0,1,3,3,13,59.0,5.0,0.0,0.0,,False
144,patch,named,128.0,127.0,3,0.0,False,8,74,37000,68.0,3,126,15,0,3,126,15,0,0,0,1,3,3,13,59.0,5.0,0.0,0.0,,False
144,patch,named,128.0,127.0,3,0.0,False,8,75,37500,68.0,3,126,15,0,3,126,15,0,0,0,1,3,3,13,59.0,5.0,0.0,0.0,,False
144,patch,named,128.0,127.0,3,0.0,False,8,76,38000,68.0,3,126,15,0,3,126,15,0,0,0,1,3,2,15,59.0,5.0,0.0,0.0,,False
144,patch,named,128.0,127.0,3,0.0,False,8,77,38500,72.0,2,132,10,0,2,132,10,0,0,0,1,2,4,6,55.0,5.0,0.0,0.0,,False
144,patch,named,128.0,127.0,3,0.0,False,8,78,39000,77.0,2,132,10,0,2,132,10,0,0,0,1,2,6,3,50.0,5.0,0.0,0.0,,False
144,patch,named,128.0,127.0,3,0.0,False,8,79,39500,77.0,2,132,10,0,2,132,10,0,0,0,1,2,6,3,50.0,5.0,0.0,0.0,,False
144,patch,named,128.0,127.0,3,0.0,False,8,80,40000,77.0,2,132,10,0,2,132,10,0,0,0,1,2,6,3,50.0,5.0,0.0,0.0,,False
144,patch,named,128.0,127.0,3,0.0,False,8,81,40500,77.0,2,132,10,0,2,132,10,0,0,0,1,2,6,3,50.0,5.0,0.0,0.0,,False
144,patch,named,128.0,127.0,3,0.0,False,8,82,41000,77.0,2,132,10,0,2,132,10,0,0,0,1,2,6,3,50.0,5.0,0.0,0.0,,False
144,patch,named,128.0,127.0,3,0.0,False,8,83,41500,78.0,1,130,13,0,1,130,13,0,0,0,1,1,6,4,49.0,5.0,0.0,0.0,,False
144,patch,named,128.0,127.0,3,0.0,False,8,84,42000,77.0,2,132,10,0,2,132,10,0,0,0,1,2,6,3,50.0,5.0,0.0,0.0,,False
144,patch,named,128.0,127.0,3,0.0,False,8,85,42500,77.0,2,132,10,0,2,132,10,0,0,0,1,2,6,3,50.0,5.0,0.0,0.0,,False
144,patch,named,128.0,127.0,3,0.0,False,8,86,43000,77.0,2,132,10,0,2,132,10,0,0,0,1,2,6,3,50.0,5.0,0.0,0.0,,False
144,patch,named,128.0,127.0,3,0.0,False,8,87,43500,78.0,1,130,13,0,1,130,13,0,0,0,1,1,6,4,49.0,5.0,0.0,0.0,,False
144,patch,named,128.0,127.0,3,0.0,False,8,88,44000,77.0,2,132,10,0,2,132,10,0,0,0,1,2,6,3,50.0,5.0,0.0,0.0,,False
144,patch,named,128.0,127.0,3,0.0,False,8,89,44500,77.0,2,132,10,0,2,132,10,0,0,0,1,2,6,3,50.0,5.0,0.0,0.0,,False
144,patch,named,128.0,127.0,3,0.0,False,8,90,45000,77.0,2,132,10,0,2,132,10,0,0,0,1,2,6,3,50.0,5.0,0.0,0.0,,False
144,patch,named,128.0,127.0,3,0.0,False,8,91,45500,73.0,1,130,13,0,1,130,13,0,0,0,1,1,3,11,54.0,5.0,0.0,0.0,,False
144,patch,named,128.0,127.0,3,0.0,False,8,92,46000,72.0,3,130,11,0,3,130,11,0,0,0,2,2,4,7,55.0,5.0,0.0,0.0,,False
144,patch,named,128.0,127.0,3,0.0,False,8,93,46500,72.0,3,130,11,0,3,130,11,0,0,0,2,2,4,7,55.0,5.0,0.0,0.0,,False
144,patch,named,128.0,127.0,3,0.0,False,8,94,47000,72.0,2,132,10,0,2,132,10,0,0,0,1,2,4,6,55.0,5.0,0.0,0.0,,False
144,patch,named,128.0,127.0,3,0.0,False,8,95,47500,73.0,3,126,15,0,3,126,15,0,0,0,1,3,2,15,54.0,5.0,0.0,0.0,,False
144,patch,named,128.0,127.0,3,0.0,False,8,96,48000,68.0,3,126,15,0,3,126,15,0,0,0,1,3,3,13,59.0,5.0,0.0,0.0,,False
144,patch,named,128.0,127.0,3,0.0,False,8,97,48500,68.0,3,126,15,0,3,126,15,0,0,0,1,3,3,13,59.0,5.0,0.0,0.0,,False
144,patch,named,128.0,127.0,3,0.0,False,8,98,49000,68.0,3,126,15,0,3,126,15,0,0,0,1,3,2,15,59.0,5.0,0.0,0.0,,False
144,patch,named,128.0,127.0,3,0.0,False,8,99,49500,68.0,3,126,15,0,3,126,15,0,0,0,1,3,3,13,59.0,5.0,0.0,0.0,,False
144,patch,named,128.0,127.0,3,0.0,False,8,100,50000,68.0,3,126,15,0,3,126,15,0,0,0,1,3,3,13,59.0,5.0,0.0,0.0,,True
144,patch,named,128.0,128.0,3,0.0,False,9,0,0,128.0,0,119,25,0,0,119,18,7,0,0,0,0,1,25,0.0,0.0,0.0,0.0,,False
144,patch,named,128.0,128.0,3,0.0,False,9,1,500,69.0,0,128,16,0,0,128,16,0,0,0,0,0,1,16,59.0,16.0,0.0,0.0,,False
144,patch,named,128.0,128.0,3,0.0,False,9,2,1000,85.0,0,124,20,0,0,124,20,0,0,0,0,0,1,20,43.0,16.0,0.0,0.0,,False
144,patch,named,128.0,128.0,3,0.0,False,9,3,1500,58.0,0,132,12,0,0,132,12,0,0,0,0,0,2,11,70.0,16.0,0.0,0.0,,False
144,patch,named,128.0,128.0,3,0.0,False,9,4,2000,58.0,0,132,12,0,0,132,12,0,0,0,0,0,2,8,70.0,16.0,0.0,0.0,,False
144,patch,named,128.0,128.0,3,0.0,False,9,5,2500,53.0,0,132,12,0,0,132,12,0,0,0,0,0,1,12,75.0,16.0,0.0,0.0,,False
144,patch,named,128.0,128.0,3,0.0,False,9,6,3000,69.0,0,128,16,0,0,128,16,0,0,0,0,0,1,16,59.0,11.0,0.0,0.0,,False
144,patch,named,128.0,128.0,3,0.0,False,9,7,3500,53.0,0,132,12,0,0,132,12,0,0,0,0,0,1,12,75.0,16.0,0.0,0.0,,False
144,patch,named,128.0,128.0,3,0.0,False,9,8,4000,69.0,0,128,16,0,0,128,16,0,0,0,0,0,1,16,59.0,11.0,0.0,0.0,,False
144,patch,named,128.0,128.0,3,0.0,False,9,9,4500,53.0,0,132,12,0,0,132,12,0,0,0,0,0,1,12,75.0,16.0,0.0,0.0,,False
144,patch,named,128.0,128.0,3,0.0,False,9,10,5000,69.0,0,128,16,0,0,128,16,0,0,0,0,0,1,16,59.0,11.0,0.0,0.0,,False
144,patch,named,128.0,128.0,3,0.0,False,9,11,5500,53.0,0,132,12,0,0,132,12,0,0,0,0,0,1,12,75.0,16.0,0.0,0.0,,False
144,patch,named,128.0,128.0,3,0.0,False,9,12,6000,53.0,0,132,12,0,0,132,12,0,0,0,0,0,1,12,75.0,16.0,0.0,0.0,,False
144,patch,named,128.0,128.0,3,0.0,False,9,13,6500,85.0,0,127,17,0,0,127,14,3,0,0,0,0,1,17,43.0,11.0,0.0,0.0,,False
144,patch,named,128.0,128.0,3,0.0,False,9,14,7000,69.0,0,128,16,0,0,128,16,0,0,0,0,0,2,14,59.0,11.0,0.0,0.0,,False
144,patch,named,128.0,128.0,3,0.0,False,9,15,7500,69.0,0,128,16,0,0,128,16,0,0,0,0,0,2,14,59.0,11.0,0.0,0.0,,False
144,patch,named,128.0,128.0,3,0.0,False,9,16,8000,69.0,0,128,16,0,0,128,16,0,0,0,0,0,2,14,59.0,11.0,0.0,0.0,,False
144,patch,named,128.0,128.0,3,0.0,False,9,17,8500,69.0,0,128,16,0,0,128,16,0,0,0,0,0,2,14,59.0,11.0,0.0,0.0,,False
144,patch,named,128.0,128.0,3,0.0,False,9,18,9000,69.0,0,128,16,0,0,128,16,0,0,0,0,0,2,14,59.0,11.0,0.0,0.0,,False
144,patch,named,128.0,128.0,3,0.0,False,9,19,9500,73.0,3,126,15,0,3,126,15,0,0,0,2,2,2,17,55.0,11.0,0.0,0.0,,False
144,patch,named,128.0,128.0,3,0.0,False,9,20,10000,69.0,0,128,16,0,0,128,16,0,0,0,0,0,2,14,59.0,11.0,0.0,0.0,,False
144,patch,named,128.0,128.0,3,0.0,False,9,21,10500,69.0,0,128,16,0,0,128,16,0,0,0,0,0,2,14,59.0,11.0,0.0,0.0,,False
144,patch,named,128.0,128.0,3,0.0,False,9,22,11000,69.0,0,128,16,0,0,128,16,0,0,0,0,0,2,14,59.0,11.0,0.0,0.0,,False
144,patch,named,128.0,128.0,3,0.0,False,9,23,11500,69.0,0,128,16,0,0,128,16,0,0,0,0,0,2,14,59.0,11.0,0.0,0.0,,False
144,patch,named,128.0,128.0,3,0.0,False,9,24,12000,69.0,0,128,16,0,0,128,16,0,0,0,0,0,2,14,59.0,11.0,0.0,0.0,,False
144,patch,named,128.0,128.0,3,0.0,False,9,25,12500,69.0,0,128,16,0,0,128,16,0,0,0,0,0,2,14,59.0,11.0,0.0,0.0,,False
144,patch,named,128.0,128.0,3,0.0,False,9,26,13000,74.0,0,129,15,0,0,129,14,1,0,0,0,0,2,13,54.0,11.0,0.0,0.0,,False
144,patch,named,128.0,128.0,3,0.0,False,9,27,13500,69.0,0,128,16,0,0,128,16,0,0,0,0,0,2,14,59.0,11.0,0.0,0.0,,False
144,patch,named,128.0,128.0,3,0.0,False,9,28,14000,69.0,0,128,16,0,0,128,16,0,0,0,0,0,2,14,59.0,11.0,0.0,0.0,,False
144,patch,named,128.0,128.0,3,0.0,False,9,29,14500,69.0,0,128,16,0,0,128,16,0,0,0,0,0,2,14,59.0,11.0,0.0,0.0,,False
144,patch,named,128.0,128.0,3,0.0,False,9,30,15000,69.0,0,128,16,0,0,128,16,0,0,0,0,0,2,14,59.0,11.0,0.0,0.0,,False
144,patch,named,128.0,128.0,3,0.0,False,9,31,15500,69.0,0,128,16,0,0,128,16,0,0,0,0,0,2,14,59.0,11.0,0.0,0.0,,False
144,patch,named,128.0,128.0,3,0.0,False,9,32,16000,73.0,3,126,15,0,3,126,15,0,0,0,2,2,2,17,55.0,11.0,0.0,0.0,,False
144,patch,named,128.0,128.0,3,0.0,False,9,33,16500,74.0,0,129,15,0,0,129,14,1,0,0,0,0,1,15,54.0,11.0,0.0,0.0,,False
144,patch,named,128.0,128.0,3,0.0,False,9,34,17000,69.0,0,128,16,0,0,128,16,0,0,0,0,0,2,14,59.0,11.0,0.0,0.0,,False
144,patch,named,128.0,128.0,3,0.0,False,9,35,17500,69.0,0,128,16,0,0,128,16,0,0,0,0,0,2,14,59.0,11.0,0.0,0.0,,False
144,patch,named,128.0,128.0,3,0.0,False,9,36,18000,69.0,0,128,16,0,0,128,16,0,0,0,0,0,2,14,59.0,11.0,0.0,0.0,,False
144,patch,named,128.0,128.0,3,0.0,False,9,37,18500,69.0,0,128,16,0,0,128,16,0,0,0,0,0,2,14,59.0,11.0,0.0,0.0,,False
144,patch,named,128.0,128.0,3,0.0,False,9,38,19000,69.0,0,128,16,0,0,128,16,0,0,0,0,0,2,14,59.0,6.0,0.0,0.0,,False
144,patch,named,128.0,128.0,3,0.0,False,9,39,19500,69.0,0,128,16,0,0,128,16,0,0,0,0,0,2,14,59.0,6.0,0.0,0.0,,False
144,patch,named,128.0,128.0,3,0.0,False,9,40,20000,69.0,0,128,16,0,0,128,16,0,0,0,0,0,2,14,59.0,6.0,0.0,0.0,,False
144,patch,named,128.0,128.0,3,0.0,False,9,41,20500,69.0,0,128,16,0,0,128,16,0,0,0,0,0,2,14,59.0,6.0,0.0,0.0,,False
144,patch,named,128.0,128.0,3,0.0,False,9,42,21000,69.0,0,128,16,0,0,128,16,0,0,0,0,0,2,14,59.0,6.0,0.0,0.0,,False
144,patch,named,128.0,128.0,3,0.0,False,9,43,21500,69.0,0,128,16,0,0,128,16,0,0,0,0,0,2,14,59.0,6.0,0.0,0.0,,False
144,patch,named,128.0,128.0,3,0.0,False,9,44,22000,69.0,0,128,16,0,0,128,16,0,0,0,0,0,2,14,59.0,6.0,0.0,0.0,,False
144,patch,named,128.0,128.0,3,0.0,False,9,45,22500,69.0,0,128,16,0,0,128,16,0,0,0,0,0,2,14,59.0,6.0,0.0,0.0,,False
144,patch,named,128.0,128.0,3,0.0,False,9,46,23000,69.0,0,128,16,0,0,128,16,0,0,0,0,0,2,14,59.0,6.0,0.0,0.0,,False
144,patch,named,128.0,128.0,3,0.0,False,9,47,23500,69.0,0,128,16,0,0,128,16,0,0,0,0,0,2,14,59.0,6.0,0.0,0.0,,False
144,patch,named,128.0,128.0,3,0.0,False,9,48,24000,69.0,0,128,16,0,0,128,16,0,0,0,0,0,2,14,59.0,6.0,0.0,0.0,,False
144,patch,named,128.0,128.0,3,0.0,False,9,49,24500,69.0,0,128,16,0,0,128,16,0,0,0,0,0,2,14,59.0,6.0,0.0,0.0,,False
144,patch,named,128.0,128.0,3,0.0,False,9,50,25000,69.0,0,128,16,0,0,128,16,0,0,0,0,0,2,14,59.0,6.0,0.0,0.0,,False
144,patch,named,128.0,128.0,3,0.0,False,9,51,25500,69.0,0,128,16,0,0,128,16,0,0,0,0,0,2,14,59.0,6.0,0.0,0.0,,False
144,patch,named,128.0,128.0,3,0.0,False,9,52,26000,69.0,0,128,16,0,0,128,16,0,0,0,0,0,2,14,59.0,6.0,0.0,0.0,,False
144,patch,named,128.0,128.0,3,0.0,False,9,53,26500,69.0,0,128,16,0,0,128,16,0,0,0,0,0,2,14,59.0,6.0,0.0,0.0,,False
144,patch,named,128.0,128.0,3,0.0,False,9,54,27000,69.0,0,128,16,0,0,128,16,0,0,0,0,0,2,14,59.0,6.0,0.0,0.0,,False
144,patch,named,128.0,128.0,3,0.0,False,9,55,27500,68.0,0,132,12,0,0,132,12,0,0,0,0,0,1,12,60.0,6.0,0.0,0.0,,False
144,patch,named,128.0,128.0,3,0.0,False,9,56,28000,68.0,0,132,12,0,0,132,12,0,0,0,0,0,1,12,60.0,6.0,0.0,0.0,,False
144,patch,named,128.0,128.0,3,0.0,False,9,57,28500,68.0,0,132,12,0,0,132,12,0,0,0,0,0,1,12,60.0,6.0,0.0,0.0,,False
144,patch,named,128.0,128.0,3,0.0,False,9,58,29000,68.0,0,132,12,0,0,132,12,0,0,0,0,0,1,12,60.0,6.0,0.0,0.0,,False
144,patch,named,128.0,128.0,3,0.0,False,9,59,29500,68.0,0,132,12,0,0,132,12,0,0,0,0,0,1,12,60.0,6.0,0.0,0.0,,False
144,patch,named,128.0,128.0,3,0.0,False,9,60,30000,68.0,0,132,12,0,0,132,12,0,0,0,0,0,1,12,60.0,6.0,0.0,0.0,,False
144,patch,named,128.0,128.0,3,0.0,False,9,61,30500,68.0,0,132,12,0,0,132,12,0,0,0,0,0,1,12,60.0,6.0,0.0,0.0,,False
144,patch,named,128.0,128.0,3,0.0,False,9,62,31000,68.0,0,132,12,0,0,132,12,0,0,0,0,0,1,12,60.0,6.0,0.0,0.0,,False
144,patch,named,128.0,128.0,3,0.0,False,9,63,31500,68.0,0,132,12,0,0,132,12,0,0,0,0,0,1,12,60.0,6.0,0.0,0.0,,False
144,patch,named,128.0,128.0,3,0.0,False,9,64,32000,68.0,0,132,12,0,0,132,12,0,0,0,0,0,1,12,60.0,6.0,0.0,0.0,,False
144,patch,named,128.0,128.0,3,0.0,False,9,65,32500,68.0,0,132,12,0,0,132,12,0,0,0,0,0,1,12,60.0,6.0,0.0,0.0,,False
144,patch,named,128.0,128.0,3,0.0,False,9,66,33000,68.0,0,132,12,0,0,132,12,0,0,0,0,0,1,12,60.0,6.0,0.0,0.0,,False
144,patch,named,128.0,128.0,3,0.0,False,9,67,33500,68.0,0,132,12,0,0,132,12,0,0,0,0,0,1,12,60.0,6.0,0.0,0.0,,False
144,patch,named,128.0,128.0,3,0.0,False,9,68,34000,74.0,0,129,15,0,0,129,14,1,0,0,0,0,1,15,54.0,6.0,0.0,0.0,,False
144,patch,named,128.0,128.0,3,0.0,False,9,69,34500,63.0,0,132,12,0,0,132,12,0,0,0,0,0,1,12,65.0,11.0,0.0,0.0,,False
144,patch,named,128.0,128.0,3,0.0,False,9,70,35000,63.0,0,132,12,0,0,132,12,0,0,0,0,0,1,12,65.0,11.0,0.0,0.0,,False
144,patch,named,128.0,128.0,3,0.0,False,9,71,35500,63.0,0,132,12,0,0,132,12,0,0,0,0,0,1,12,65.0,11.0,0.0,0.0,,False
144,patch,named,128.0,128.0,3,0.0,False,9,72,36000,63.0,0,132,12,0,0,132,12,0,0,0,0,0,1,12,65.0,11.0,0.0,0.0,,False
144,patch,named,128.0,128.0,3,0.0,False,9,73,36500,63.0,0,132,12,0,0,132,12,0,0,0,0,0,1,12,65.0,11.0,0.0,0.0,,False
144,patch,named,128.0,128.0,3,0.0,False,9,74,37000,74.0,0,129,15,0,0,129,14,1,0,0,0,0,1,15,54.0,6.0,0.0,0.0,,False
144,patch,named,128.0,128.0,3,0.0,False,9,75,37500,63.0,0,132,12,0,0,132,12,0,0,0,0,0,1,12,65.0,11.0,0.0,0.0,,False
144,patch,named,128.0,128.0,3,0.0,False,9,76,38000,63.0,0,132,12,0,0,132,12,0,0,0,0,0,1,12,65.0,11.0,0.0,0.0,,False
144,patch,named,128.0,128.0,3,0.0,False,9,77,38500,63.0,0,132,12,0,0,132,12,0,0,0,0,0,1,12,65.0,11.0,0.0,0.0,,False
144,patch,named,128.0,128.0,3,0.0,False,9,78,39000,74.0,0,130,14,0,0,130,12,2,0,0,0,0,1,14,54.0,6.0,0.0,0.0,,False
144,patch,named,128.0,128.0,3,0.0,False,9,79,39500,58.0,0,132,12,0,0,132,12,0,0,0,0,0,1,12,70.0,6.0,0.0,0.0,,False
144,patch,named,128.0,128.0,3,0.0,False,9,80,40000,53.0,0,132,12,0,0,132,12,0,0,0,0,0,1,12,75.0,6.0,0.0,0.0,,False
144,patch,named,128.0,128.0,3,0.0,False,9,81,40500,58.0,0,132,12,0,0,132,12,0,0,0,0,0,2,10,70.0,6.0,0.0,0.0,,False
144,patch,named,128.0,128.0,3,0.0,False,9,82,41000,58.0,0,132,12,0,0,132,12,0,0,0,0,0,1,12,70.0,6.0,0.0,0.0,,False
144,patch,named,128.0,128.0,3,0.0,False,9,83,41500,58.0,0,132,12,0,0,132,12,0,0,0,0,0,2,10,70.0,6.0,0.0,0.0,,False
144,patch,named,128.0,128.0,3,0.0,False,9,84,42000,58.0,0,132,12,0,0,132,12,0,0,0,0,0,2,8,70.0,6.0,0.0,0.0,,False
144,patch,named,128.0,128.0,3,0.0,False,9,85,42500,58.0,0,132,12,0,0,132,12,0,0,0,0,0,1,12,70.0,6.0,0.0,0.0,,False
144,patch,named,128.0,128.0,3,0.0,False,9,86,43000,48.0,0,132,12,0,0,132,12,0,0,0,0,0,1,12,80.0,10.0,0.0,0.0,,False
144,patch,named,128.0,128.0,3,0.0,False,9,87,43500,32.0,0,136,8,0,0,136,8,0,0,0,0,0,1,8,96.0,21.0,0.0,0.0,,False
144,patch,named,128.0,128.0,3,0.0,False,9,88,44000,26.0,0,140,4,0,0,140,4,0,0,0,0,0,2,3,102.0,21.0,0.0,0.0,,False
144,patch,named,128.0,128.0,3,0.0,False,9,89,44500,26.0,0,140,4,0,0,140,4,0,0,0,0,0,2,3,102.0,16.0,0.0,0.0,,False
144,patch,named,128.0,128.0,3,0.0,False,9,90,45000,26.0,0,140,4,0,0,140,4,0,0,0,0,0,2,3,102.0,16.0,0.0,0.0,,False
144,patch,named,128.0,128.0,3,0.0,False,9,91,45500,42.0,0,136,8,0,0,136,8,0,0,0,0,0,2,4,86.0,10.0,0.0,0.0,,False
144,patch,named,128.0,128.0,3,0.0,False,9,92,46000,42.0,0,136,8,0,0,136,8,0,0,0,0,0,2,4,86.0,10.0,0.0,0.0,,False
144,patch,named,128.0,128.0,3,0.0,False,9,93,46500,42.0,0,136,8,0,0,136,8,0,0,0,0,0,2,4,86.0,10.0,0.0,0.0,,False
144,patch,named,128.0,128.0,3,0.0,False,9,94,47000,42.0,0,136,8,0,0,136,8,0,0,0,0,0,2,4,86.0,10.0,0.0,0.0,,False
144,patch,named,128.0,128.0,3,0.0,False,9,95,47500,42.0,0,136,8,0,0,136,8,0,0,0,0,0,2,4,86.0,10.0,0.0,0.0,,False
144,patch,named,128.0,128.0,3,0.0,False,9,96,48000,42.0,0,136,8,0,0,136,8,0,0,0,0,0,2,4,86.0,10.0,0.0,0.0,,False
144,patch,named,128.0,128.0,3,0.0,False,9,97,48500,42.0,0,136,8,0,0,136,8,0,0,0,0,0,2,4,86.0,10.0,0.0,0.0,,False
144,patch,named,128.0,128.0,3,0.0,False,9,98,49000,42.0,0,136,8,0,0,136,8,0,0,0,0,0,2,4,86.0,10.0,0.0,0.0,,False
144,patch,named,128.0,128.0,3,0.0,False,9,99,49500,42.0,0,136,8,0,0,136,8,0,0,0,0,0,2,4,86.0,10.0,0.0,0.0,,False
144,patch,named,128.0,128.0,3,0.0,False,9,100,50000,42.0,0,136,8,0,0,136,8,0,0,0,0,0,2,4,86.0,10.0,0.0,0.0,,True
144,patch,named,128.0,128.0,3,0.0,False,10,0,0,128.0,0,121,23,0,0,121,15,7,1,0,0,0,1,23,0.0,0.0,0.0,0.0,,False
144,patch,named,128.0,128.0,3,0.0,False,10,1,500,62.0,4,128,12,0,4,128,12,0,0,0,2,2,4,6,66.0,22.0,0.0,0.0,,False
144,patch,named,128.0,128.0,3,0.0,False,10,2,1000,62.0,4,128,12,0,4,128,12,0,0,0,2,2,4,6,66.0,16.0,0.0,0.0,,False
144,patch,named,128.0,128.0,3,0.0,False,10,3,1500,62.0,4,128,12,0,4,128,12,0,0,0,2,2,4,6,66.0,16.0,0.0,0.0,,False
144,patch,named,128.0,128.0,3,0.0,False,10,4,2000,48.0,0,132,12,0,0,132,12,0,0,0,0,0,1,12,80.0,11.0,0.0,0.0,,False
144,patch,named,128.0,128.0,3,0.0,False,10,5,2500,32.0,0,136,8,0,0,136,8,0,0,0,0,0,1,8,96.0,16.0,0.0,0.0,,False
144,patch,named,128.0,128.0,3,0.0,False,10,6,3000,32.0,0,136,8,0,0,136,8,0,0,0,0,0,1,8,96.0,16.0,0.0,0.0,,False
144,patch,named,128.0,128.0,3,0.0,False,10,7,3500,32.0,0,136,8,0,0,136,8,0,0,0,0,0,1,8,96.0,16.0,0.0,0.0,,False
144,patch,named,128.0,128.0,3,0.0,False,10,8,4000,32.0,0,136,8,0,0,136,8,0,0,0,0,0,1,8,96.0,16.0,0.0,0.0,,False
144,patch,named,128.0,128.0,3,0.0,False,10,9,4500,26.0,0,140,4,0,0,140,4,0,0,0,0,0,2,3,102.0,16.0,0.0,0.0,,False
144,patch,named,128.0,128.0,3,0.0,False,10,10,5000,26.0,0,140,4,0,0,140,4,0,0,0,0,0,2,3,102.0,16.0,0.0,0.0,,False
144,patch,named,128.0,128.0,3,0.0,False,10,11,5500,32.0,0,136,8,0,0,136,8,0,0,0,0,0,1,8,96.0,16.0,0.0,0.0,,False
144,patch,named,128.0,128.0,3,0.0,False,10,12,6000,26.0,0,140,4,0,0,140,4,0,0,0,0,0,2,3,102.0,16.0,0.0,0.0,,False
144,patch,named,128.0,128.0,3,0.0,False,10,13,6500,32.0,0,136,8,0,0,136,8,0,0,0,0,0,1,8,96.0,16.0,0.0,0.0,,False
144,patch,named,128.0,128.0,3,0.0,False,10,14,7000,32.0,0,136,8,0,0,136,8,0,0,0,0,0,1,8,96.0,16.0,0.0,0.0,,False
144,patch,named,128.0,128.0,3,0.0,False,10,15,7500,32.0,0,136,8,0,0,136,8,0,0,0,0,0,1,8,96.0,16.0,0.0,0.0,,False
144,patch,named,128.0,128.0,3,0.0,False,10,16,8000,32.0,0,136,8,0,0,136,8,0,0,0,0,0,1,8,96.0,16.0,0.0,0.0,,False
144,patch,named,128.0,128.0,3,0.0,False,10,17,8500,32.0,0,136,8,0,0,136,8,0,0,0,0,0,1,8,96.0,16.0,0.0,0.0,,False
144,patch,named,128.0,128.0,3,0.0,False,10,18,9000,32.0,0,136,8,0,0,136,8,0,0,0,0,0,1,8,96.0,16.0,0.0,0.0,,False
144,patch,named,128.0,128.0,3,0.0,False,10,19,9500,48.0,0,132,12,0,0,132,12,0,0,0,0,0,1,12,80.0,11.0,0.0,0.0,,False
144,patch,named,128.0,128.0,3,0.0,False,10,20,10000,32.0,0,136,8,0,0,136,8,0,0,0,0,0,1,8,96.0,16.0,0.0,0.0,,False
144,patch,named,128.0,128.0,3,0.0,False,10,21,10500,32.0,0,137,7,0,0,137,6,1,0,0,0,0,1,7,96.0,16.0,0.0,0.0,,False
144,patch,named,128.0,128.0,3,0.0,False,10,22,11000,32.0,0,136,8,0,0,136,8,0,0,0,0,0,1,8,96.0,16.0,0.0,0.0,,False
144,patch,named,128.0,128.0,3,0.0,False,10,23,11500,32.0,0,136,8,0,0,136,8,0,0,0,0,0,1,8,96.0,16.0,0.0,0.0,,False
144,patch,named,128.0,128.0,3,0.0,False,10,24,12000,32.0,0,136,8,0,0,136,8,0,0,0,0,0,1,8,96.0,16.0,0.0,0.0,,False
144,patch,named,128.0,128.0,3,0.0,False,10,25,12500,32.0,0,136,8,0,0,136,8,0,0,0,0,0,1,8,96.0,16.0,0.0,0.0,,False
144,patch,named,128.0,128.0,3,0.0,False,10,26,13000,32.0,0,136,8,0,0,136,8,0,0,0,0,0,1,8,96.0,16.0,0.0,0.0,,False
144,patch,named,128.0,128.0,3,0.0,False,10,27,13500,26.0,0,140,4,0,0,140,4,0,0,0,0,0,2,3,102.0,16.0,0.0,0.0,,False
144,patch,named,128.0,128.0,3,0.0,False,10,28,14000,26.0,0,140,4,0,0,140,4,0,0,0,0,0,2,3,102.0,16.0,0.0,0.0,,False
144,patch,named,128.0,128.0,3,0.0,False,10,29,14500,26.0,0,140,4,0,0,140,4,0,0,0,0,0,2,3,102.0,16.0,0.0,0.0,,False
144,patch,named,128.0,128.0,3,0.0,False,10,30,15000,26.0,0,140,4,0,0,140,4,0,0,0,0,0,2,3,102.0,16.0,0.0,0.0,,False
144,patch,named,128.0,128.0,3,0.0,False,10,31,15500,26.0,0,140,4,0,0,140,4,0,0,0,0,0,2,3,102.0,16.0,0.0,0.0,,False
144,patch,named,128.0,128.0,3,0.0,False,10,32,16000,26.0,0,140,4,0,0,140,4,0,0,0,0,0,2,3,102.0,16.0,0.0,0.0,,False
144,patch,named,128.0,128.0,3,0.0,False,10,33,16500,26.0,0,140,4,0,0,140,4,0,0,0,0,0,2,3,102.0,16.0,0.0,0.0,,False
144,patch,named,128.0,128.0,3,0.0,False,10,34,17000,26.0,0,140,4,0,0,140,4,0,0,0,0,0,2,3,102.0,16.0,0.0,0.0,,False
144,patch,named,128.0,128.0,3,0.0,False,10,35,17500,26.0,0,140,4,0,0,140,4,0,0,0,0,0,2,3,102.0,11.0,0.0,0.0,,False
144,patch,named,128.0,128.0,3,0.0,False,10,36,18000,26.0,0,140,4,0,0,140,4,0,0,0,0,0,2,3,102.0,11.0,0.0,0.0,,False
144,patch,named,128.0,128.0,3,0.0,False,10,37,18500,32.0,0,136,8,0,0,136,8,0,0,0,0,0,1,8,96.0,11.0,0.0,0.0,,False
144,patch,named,128.0,128.0,3,0.0,False,10,38,19000,26.0,0,140,4,0,0,140,4,0,0,0,0,0,2,3,102.0,11.0,0.0,0.0,,False
144,patch,named,128.0,128.0,3,0.0,False,10,39,19500,26.0,0,140,4,0,0,140,4,0,0,0,0,0,2,3,102.0,11.0,0.0,0.0,,False
144,patch,named,128.0,128.0,3,0.0,False,10,40,20000,26.0,0,140,4,0,0,140,4,0,0,0,0,0,2,3,102.0,11.0,0.0,0.0,,False
144,patch,named,128.0,128.0,3,0.0,False,10,41,20500,26.0,0,140,4,0,0,140,4,0,0,0,0,0,2,3,102.0,11.0,0.0,0.0,,False
144,patch,named,128.0,128.0,3,0.0,False,10,42,21000,26.0,0,140,4,0,0,140,4,0,0,0,0,0,2,3,102.0,11.0,0.0,0.0,,False
144,patch,named,128.0,128.0,3,0.0,False,10,43,21500,26.0,0,140,4,0,0,140,4,0,0,0,0,0,2,3,102.0,11.0,0.0,0.0,,False
144,patch,named,128.0,128.0,3,0.0,False,10,44,22000,26.0,0,140,4,0,0,140,4,0,0,0,0,0,2,3,102.0,11.0,0.0,0.0,,False
144,patch,named,128.0,128.0,3,0.0,False,10,45,22500,26.0,0,140,4,0,0,140,4,0,0,0,0,0,2,3,102.0,11.0,0.0,0.0,,False
144,patch,named,128.0,128.0,3,0.0,False,10,46,23000,26.0,0,140,4,0,0,140,4,0,0,0,0,0,2,3,102.0,11.0,0.0,0.0,,False
144,patch,named,128.0,128.0,3,0.0,False,10,47,23500,26.0,0,140,4,0,0,140,4,0,0,0,0,0,2,3,102.0,11.0,0.0,0.0,,False
144,patch,named,128.0,128.0,3,0.0,False,10,48,24000,26.0,0,140,4,0,0,140,4,0,0,0,0,0,2,3,102.0,11.0,0.0,0.0,,False
144,patch,named,128.0,128.0,3,0.0,False,10,49,24500,32.0,0,136,8,0,0,136,8,0,0,0,0,0,1,8,96.0,11.0,0.0,0.0,,False
144,patch,named,128.0,128.0,3,0.0,False,10,50,25000,26.0,0,140,4,0,0,140,4,0,0,0,0,0,2,3,102.0,11.0,0.0,0.0,,False
144,patch,named,128.0,128.0,3,0.0,False,10,51,25500,26.0,0,140,4,0,0,140,4,0,0,0,0,0,2,3,102.0,11.0,0.0,0.0,,False
144,patch,named,128.0,128.0,3,0.0,False,10,52,26000,26.0,0,140,4,0,0,140,4,0,0,0,0,0,2,3,102.0,11.0,0.0,0.0,,False
144,patch,named,128.0,128.0,3,0.0,False,10,53,26500,26.0,0,140,4,0,0,140,4,0,0,0,0,0,2,3,102.0,11.0,0.0,0.0,,False
144,patch,named,128.0,128.0,3,0.0,False,10,54,27000,26.0,0,140,4,0,0,140,4,0,0,0,0,0,2,3,102.0,11.0,0.0,0.0,,False
144,patch,named,128.0,128.0,3,0.0,False,10,55,27500,37.0,0,137,7,0,0,137,6,1,0,0,0,0,1,7,91.0,11.0,0.0,0.0,,False
144,patch,named,128.0,128.0,3,0.0,False,10,56,28000,26.0,0,140,4,0,0,140,4,0,0,0,0,0,2,3,102.0,11.0,0.0,0.0,,False
144,patch,named,128.0,128.0,3,0.0,False,10,57,28500,26.0,0,140,4,0,0,140,4,0,0,0,0,0,2,3,102.0,11.0,0.0,0.0,,False
144,patch,named,128.0,128.0,3,0.0,False,10,58,29000,26.0,0,140,4,0,0,140,4,0,0,0,0,0,2,3,102.0,11.0,0.0,0.0,,False
144,patch,named,128.0,128.0,3,0.0,False,10,59,29500,26.0,0,140,4,0,0,140,4,0,0,0,0,0,2,3,102.0,11.0,0.0,0.0,,False
144,patch,named,128.0,128.0,3,0.0,False,10,60,30000,26.0,0,140,4,0,0,140,4,0,0,0,0,0,2,3,102.0,11.0,0.0,0.0,,False
144,patch,named,128.0,128.0,3,0.0,False,10,61,30500,26.0,0,140,4,0,0,140,4,0,0,0,0,0,2,3,102.0,11.0,0.0,0.0,,False
144,patch,named,128.0,128.0,3,0.0,False,10,62,31000,26.0,0,140,4,0,0,140,4,0,0,0,0,0,2,3,102.0,11.0,0.0,0.0,,False
144,patch,named,128.0,128.0,3,0.0,False,10,63,31500,26.0,0,140,4,0,0,140,4,0,0,0,0,0,2,3,102.0,11.0,0.0,0.0,,False
144,patch,named,128.0,128.0,3,0.0,False,10,64,32000,26.0,0,140,4,0,0,140,4,0,0,0,0,0,2,3,102.0,11.0,0.0,0.0,,False
144,patch,named,128.0,128.0,3,0.0,False,10,65,32500,26.0,0,140,4,0,0,140,4,0,0,0,0,0,2,3,102.0,11.0,0.0,0.0,,False
144,patch,named,128.0,128.0,3,0.0,False,10,66,33000,32.0,0,136,8,0,0,136,8,0,0,0,0,0,1,8,96.0,11.0,0.0,0.0,,False
144,patch,named,128.0,128.0,3,0.0,False,10,67,33500,26.0,0,140,4,0,0,140,4,0,0,0,0,0,2,3,102.0,11.0,0.0,0.0,,False
144,patch,named,128.0,128.0,3,0.0,False,10,68,34000,26.0,0,140,4,0,0,140,4,0,0,0,0,0,2,3,102.0,11.0,0.0,0.0,,False
144,patch,named,128.0,128.0,3,0.0,False,10,69,34500,32.0,0,136,8,0,0,136,8,0,0,0,0,0,1,8,96.0,11.0,0.0,0.0,,False
144,patch,named,128.0,128.0,3,0.0,False,10,70,35000,32.0,0,136,8,0,0,136,8,0,0,0,0,0,1,8,96.0,11.0,0.0,0.0,,False
144,patch,named,128.0,128.0,3,0.0,False,10,71,35500,32.0,0,136,8,0,0,136,8,0,0,0,0,0,1,8,96.0,11.0,0.0,0.0,,False
144,patch,named,128.0,128.0,3,0.0,False,10,72,36000,32.0,0,136,8,0,0,136,8,0,0,0,0,0,1,8,96.0,11.0,0.0,0.0,,False
144,patch,named,128.0,128.0,3,0.0,False,10,73,36500,32.0,0,136,8,0,0,136,8,0,0,0,0,0,1,8,96.0,11.0,0.0,0.0,,False
144,patch,named,128.0,128.0,3,0.0,False,10,74,37000,26.0,0,140,4,0,0,140,4,0,0,0,0,0,2,3,102.0,11.0,0.0,0.0,,False
144,patch,named,128.0,128.0,3,0.0,False,10,75,37500,26.0,0,140,4,0,0,140,4,0,0,0,0,0,2,3,102.0,11.0,0.0,0.0,,False
144,patch,named,128.0,128.0,3,0.0,False,10,76,38000,26.0,0,140,4,0,0,140,4,0,0,0,0,0,2,3,102.0,11.0,0.0,0.0,,False
144,patch,named,128.0,128.0,3,0.0,False,10,77,38500,26.0,0,140,4,0,0,140,4,0,0,0,0,0,2,3,102.0,11.0,0.0,0.0,,False
144,patch,named,128.0,128.0,3,0.0,False,10,78,39000,26.0,0,140,4,0,0,140,4,0,0,0,0,0,2,3,102.0,11.0,0.0,0.0,,False
144,patch,named,128.0,128.0,3,0.0,False,10,79,39500,26.0,0,140,4,0,0,140,4,0,0,0,0,0,2,3,102.0,11.0,0.0,0.0,,False
144,patch,named,128.0,128.0,3,0.0,False,10,80,40000,26.0,0,140,4,0,0,140,4,0,0,0,0,0,2,3,102.0,6.0,0.0,0.0,,False
144,patch,named,128.0,128.0,3,0.0,False,10,81,40500,26.0,0,140,4,0,0,140,4,0,0,0,0,0,2,3,102.0,6.0,0.0,0.0,,False
144,patch,named,128.0,128.0,3,0.0,False,10,82,41000,26.0,0,140,4,0,0,140,4,0,0,0,0,0,2,3,102.0,6.0,0.0,0.0,,False
144,patch,named,128.0,128.0,3,0.0,False,10,83,41500,26.0,0,140,4,0,0,140,4,0,0,0,0,0,2,3,102.0,6.0,0.0,0.0,,False
144,patch,named,128.0,128.0,3,0.0,False,10,84,42000,26.0,0,140,4,0,0,140,4,0,0,0,0,0,2,3,102.0,6.0,0.0,0.0,,False
144,patch,named,128.0,128.0,3,0.0,False,10,85,42500,26.0,0,140,4,0,0,140,4,0,0,0,0,0,2,3,102.0,6.0,0.0,0.0,,False
144,patch,named,128.0,128.0,3,0.0,False,10,86,43000,26.0,0,140,4,0,0,140,4,0,0,0,0,0,2,3,102.0,6.0,0.0,0.0,,False
144,patch,named,128.0,128.0,3,0.0,False,10,87,43500,26.0,0,140,4,0,0,140,4,0,0,0,0,0,2,3,102.0,6.0,0.0,0.0,,False
144,patch,named,128.0,128.0,3,0.0,False,10,88,44000,26.0,0,140,4,0,0,140,4,0,0,0,0,0,2,3,102.0,6.0,0.0,0.0,,False
144,patch,named,128.0,128.0,3,0.0,False,10,89,44500,26.0,0,140,4,0,0,140,4,0,0,0,0,0,2,3,102.0,6.0,0.0,0.0,,False
144,patch,named,128.0,128.0,3,0.0,False,10,90,45000,26.0,0,140,4,0,0,140,4,0,0,0,0,0,2,3,102.0,6.0,0.0,0.0,,False
144,patch,named,128.0,128.0,3,0.0,False,10,91,45500,26.0,0,140,4,0,0,140,4,0,0,0,0,0,2,3,102.0,6.0,0.0,0.0,,False
144,patch,named,128.0,128.0,3,0.0,False,10,92,46000,32.0,0,137,7,0,0,137,6,1,0,0,0,0,1,7,96.0,6.0,0.0,0.0,,False
144,patch,named,128.0,128.0,3,0.0,False,10,93,46500,26.0,0,140,4,0,0,140,4,0,0,0,0,0,2,3,102.0,6.0,0.0,0.0,,False
144,patch,named,128.0,128.0,3,0.0,False,10,94,47000,26.0,0,140,4,0,0,140,4,0,0,0,0,0,2,3,102.0,11.0,0.0,0.0,,False
144,patch,named,128.0,128.0,3,0.0,False,10,95,47500,26.0,0,140,4,0,0,140,4,0,0,0,0,0,2,3,102.0,11.0,0.0,0.0,,False
144,patch,named,128.0,128.0,3,0.0,False,10,96,48000,26.0,0,140,4,0,0,140,4,0,0,0,0,0,2,3,102.0,11.0,0.0,0.0,,False
144,patch,named,128.0,128.0,3,0.0,False,10,97,48500,26.0,0,140,4,0,0,140,4,0,0,0,0,0,2,3,102.0,11.0,0.0,0.0,,False
144,patch,named,128.0,128.0,3,0.0,False,10,98,49000,26.0,0,140,4,0,0,140,4,0,0,0,0,0,2,3,102.0,11.0,0.0,0.0,,False
144,patch,named,128.0,128.0,3,0.0,False,10,99,49500,26.0,0,140,4,0,0,140,4,0,0,0,0,0,2,3,102.0,11.0,0.0,0.0,,False
144,patch,named,128.0,128.0,3,0.0,False,10,100,50000,26.0,0,140,4,0,0,140,4,0,0,0,0,0,2,3,102.0,11.0,0.0,0.0,,True
144,patch,named,128.0,128.0,3,0.0,False,11,0,0,128.0,0,120,24,0,0,120,16,8,0,0,0,0,1,24,0.0,0.0,0.0,0.0,,False
144,patch,named,128.0,128.0,3,0.0,False,11,1,500,80.0,0,124,20,0,0,124,20,0,0,0,0,0,1,20,48.0,16.0,0.0,0.0,,False
144,patch,named,128.0,128.0,3,0.0,False,11,2,1000,84.0,1,127,16,0,1,127,15,1,0,0,1,1,3,10,44.0,11.0,0.0,0.0,,False
144,patch,named,128.0,128.0,3,0.0,False,11,3,1500,73.0,1,131,12,0,1,131,11,1,0,0,1,1,4,9,55.0,11.0,0.0,0.0,,False
144,patch,named,128.0,128.0,3,0.0,False,11,4,2000,63.0,0,132,12,0,0,132,12,0,0,0,0,0,2,10,65.0,11.0,0.0,0.0,,False
144,patch,named,128.0,128.0,3,0.0,False,11,5,2500,63.0,0,132,12,0,0,132,12,0,0,0,0,0,2,10,65.0,10.0,0.0,0.0,,False
144,patch,named,128.0,128.0,3,0.0,False,11,6,3000,63.0,0,132,12,0,0,132,12,0,0,0,0,0,2,10,65.0,10.0,0.0,0.0,,False
144,patch,named,128.0,128.0,3,0.0,False,11,7,3500,63.0,0,132,12,0,0,132,12,0,0,0,0,0,2,10,65.0,10.0,0.0,0.0,,False
144,patch,named,128.0,128.0,3,0.0,False,11,8,4000,63.0,0,132,12,0,0,132,12,0,0,0,0,0,2,10,65.0,10.0,0.0,0.0,,False
144,patch,named,128.0,128.0,3,0.0,False,11,9,4500,63.0,0,132,12,0,0,132,12,0,0,0,0,0,2,10,65.0,10.0,0.0,0.0,,False
144,patch,named,128.0,128.0,3,0.0,False,11,10,5000,63.0,0,132,12,0,0,132,12,0,0,0,0,0,2,10,65.0,10.0,0.0,0.0,,False
144,patch,named,128.0,128.0,3,0.0,False,11,11,5500,63.0,0,132,12,0,0,132,12,0,0,0,0,0,2,10,65.0,10.0,0.0,0.0,,False
144,patch,named,128.0,128.0,3,0.0,False,11,12,6000,63.0,0,132,12,0,0,132,12,0,0,0,0,0,2,10,65.0,10.0,0.0,0.0,,False
144,patch,named,128.0,128.0,3,0.0,False,11,13,6500,63.0,0,132,12,0,0,132,12,0,0,0,0,0,2,10,65.0,10.0,0.0,0.0,,False
144,patch,named,128.0,128.0,3,0.0,False,11,14,7000,69.0,0,128,16,0,0,128,16,0,0,0,0,0,1,16,59.0,10.0,0.0,0.0,,False
144,patch,named,128.0,128.0,3,0.0,False,11,15,7500,63.0,0,132,12,0,0,132,12,0,0,0,0,0,2,10,65.0,10.0,0.0,0.0,,False
144,patch,named,128.0,128.0,3,0.0,False,11,16,8000,68.0,0,133,11,0,0,133,10,1,0,0,0,0,3,7,60.0,10.0,0.0,0.0,,False
144,patch,named,128.0,128.0,3,0.0,False,11,17,8500,63.0,0,132,12,0,0,132,12,0,0,0,0,0,2,10,65.0,6.0,0.0,0.0,,False
144,patch,named,128.0,128.0,3,0.0,False,11,18,9000,63.0,0,132,12,0,0,132,12,0,0,0,0,0,2,10,65.0,6.0,0.0,0.0,,False
144,patch,named,128.0,128.0,3,0.0,False,11,19,9500,63.0,0,132,12,0,0,132,12,0,0,0,0,0,2,10,65.0,6.0,0.0,0.0,,False
144,patch,named,128.0,128.0,3,0.0,False,11,20,10000,63.0,0,132,12,0,0,132,12,0,0,0,0,0,2,10,65.0,6.0,0.0,0.0,,False
144,patch,named,128.0,128.0,3,0.0,False,11,21,10500,63.0,0,132,12,0,0,132,12,0,0,0,0,0,2,10,65.0,6.0,0.0,0.0,,False
144,patch,named,128.0,128.0,3,0.0,False,11,22,11000,63.0,0,132,12,0,0,132,12,0,0,0,0,0,2,10,65.0,11.0,0.0,0.0,,False
144,patch,named,128.0,128.0,3,0.0,False,11,23,11500,74.0,0,129,15,0,0,129,14,1,0,0,0,0,1,15,54.0,6.0,0.0,0.0,,False
144,patch,named,128.0,128.0,3,0.0,False,11,24,12000,68.0,0,133,11,0,0,133,10,1,0,0,0,0,3,7,60.0,6.0,0.0,0.0,,False
144,patch,named,128.0,128.0,3,0.0,False,11,25,12500,68.0,1,131,12,0,1,131,11,1,0,0,1,1,3,10,60.0,6.0,0.0,0.0,,False
144,patch,named,128.0,128.0,3,0.0,False,11,26,13000,63.0,0,132,12,0,0,132,12,0,0,0,0,0,3,5,65.0,6.0,0.0,0.0,,False
144,patch,named,128.0,128.0,3,0.0,False,11,27,13500,63.0,1,130,13,0,1,130,13,0,0,0,1,1,3,10,65.0,6.0,0.0,0.0,,False
144,patch,named,128.0,128.0,3,0.0,False,11,28,14000,63.0,1,130,13,0,1,130,13,0,0,0,1,1,3,10,65.0,6.0,0.0,0.0,,False
144,patch,named,128.0,128.0,3,0.0,False,11,29,14500,63.0,0,132,12,0,0,132,12,0,0,0,0,0,3,5,65.0,6.0,0.0,0.0,,False
144,patch,named,128.0,128.0,3,0.0,False,11,30,15000,63.0,1,130,13,0,1,130,13,0,0,0,1,1,3,10,65.0,6.0,0.0,0.0,,False
144,patch,named,128.0,128.0,3,0.0,False,11,31,15500,63.0,1,130,13,0,1,130,13,0,0,0,1,1,3,10,65.0,6.0,0.0,0.0,,False
144,patch,named,128.0,128.0,3,0.0,False,11,32,16000,63.0,1,130,13,0,1,130,13,0,0,0,1,1,3,10,65.0,6.0,0.0,0.0,,False
144,patch,named,128.0,128.0,3,0.0,False,11,33,16500,63.0,1,130,13,0,1,130,13,0,0,0,1,1,3,10,65.0,6.0,0.0,0.0,,False
144,patch,named,128.0,128.0,3,0.0,False,11,34,17000,63.0,0,132,12,0,0,132,12,0,0,0,0,0,3,5,65.0,6.0,0.0,0.0,,False
144,patch,named,128.0,128.0,3,0.0,False,11,35,17500,63.0,0,132,12,0,0,132,12,0,0,0,0,0,3,5,65.0,6.0,0.0,0.0,,False
144,patch,named,128.0,128.0,3,0.0,False,11,36,18000,68.0,2,129,13,0,2,129,12,1,0,0,2,1,4,10,60.0,6.0,0.0,0.0,,False
144,patch,named,128.0,128.0,3,0.0,False,11,37,18500,63.0,0,132,12,0,0,132,12,0,0,0,0,0,3,5,65.0,6.0,0.0,0.0,,False
144,patch,named,128.0,128.0,3,0.0,False,11,38,19000,63.0,0,132,12,0,0,132,12,0,0,0,0,0,3,5,65.0,6.0,0.0,0.0,,False
144,patch,named,128.0,128.0,3,0.0,False,11,39,19500,63.0,0,132,12,0,0,132,12,0,0,0,0,0,3,5,65.0,6.0,0.0,0.0,,False
144,patch,named,128.0,128.0,3,0.0,False,11,40,20000,63.0,0,132,12,0,0,132,12,0,0,0,0,0,3,5,65.0,6.0,0.0,0.0,,False
144,patch,named,128.0,128.0,3,0.0,False,11,41,20500,63.0,1,130,13,0,1,130,13,0,0,0,1,1,3,10,65.0,6.0,0.0,0.0,,False
144,patch,named,128.0,128.0,3,0.0,False,11,42,21000,63.0,1,130,13,0,1,130,13,0,0,0,1,1,3,10,65.0,6.0,0.0,0.0,,False
144,patch,named,128.0,128.0,3,0.0,False,11,43,21500,68.0,1,131,12,0,1,131,11,1,0,0,1,1,3,10,60.0,6.0,0.0,0.0,,False
144,patch,named,128.0,128.0,3,0.0,False,11,44,22000,63.0,0,132,12,0,0,132,12,0,0,0,0,0,3,5,65.0,6.0,0.0,0.0,,False
144,patch,named,128.0,128.0,3,0.0,False,11,45,22500,63.0,0,132,12,0,0,132,12,0,0,0,0,0,3,5,65.0,6.0,0.0,0.0,,False
144,patch,named,128.0,128.0,3,0.0,False,11,46,23000,63.0,1,130,13,0,1,130,13,0,0,0,1,1,3,10,65.0,6.0,0.0,0.0,,False
144,patch,named,128.0,128.0,3,0.0,False,11,47,23500,69.0,0,129,15,0,0,129,14,1,0,0,0,0,2,13,59.0,5.0,0.0,0.0,,False
144,patch,named,128.0,128.0,3,0.0,False,11,48,24000,63.0,1,130,13,0,1,130,13,0,0,0,1,1,3,10,65.0,5.0,0.0,0.0,,False
144,patch,named,128.0,128.0,3,0.0,False,11,49,24500,63.0,1,130,13,0,1,130,13,0,0,0,1,1,3,10,65.0,5.0,0.0,0.0,,False
144,patch,named,128.0,128.0,3,0.0,False,11,50,25000,64.0,0,128,16,0,0,128,16,0,0,0,0,0,1,16,64.0,5.0,0.0,0.0,,False
144,patch,named,128.0,128.0,3,0.0,False,11,51,25500,68.0,2,128,14,0,2,128,14,0,0,0,1,2,2,14,60.0,5.0,0.0,0.0,,False
144,patch,named,128.0,128.0,3,0.0,False,11,52,26000,68.0,2,128,14,0,2,128,14,0,0,0,1,2,2,14,60.0,5.0,0.0,0.0,,False
144,patch,named,128.0,128.0,3,0.0,False,11,53,26500,68.0,2,128,14,0,2,128,14,0,0,0,1,2,2,14,60.0,5.0,0.0,0.0,,False
144,patch,named,128.0,128.0,3,0.0,False,11,54,27000,68.0,2,128,14,0,2,128,14,0,0,0,1,2,2,14,60.0,5.0,0.0,0.0,,False
144,patch,named,128.0,128.0,3,0.0,False,11,55,27500,68.0,2,128,14,0,2,128,14,0,0,0,1,2,2,14,60.0,5.0,0.0,0.0,,False
144,patch,named,128.0,128.0,3,0.0,False,11,56,28000,68.0,2,128,14,0,2,128,14,0,0,0,1,2,2,14,60.0,5.0,0.0,0.0,,False
144,patch,named,128.0,128.0,3,0.0,False,11,57,28500,68.0,2,128,14,0,2,128,14,0,0,0,1,2,2,14,60.0,5.0,0.0,0.0,,False
144,patch,named,128.0,128.0,3,0.0,False,11,58,29000,68.0,2,128,14,0,2,128,14,0,0,0,1,2,2,14,60.0,5.0,0.0,0.0,,False
144,patch,named,128.0,128.0,3,0.0,False,11,59,29500,68.0,2,128,14,0,2,128,14,0,0,0,1,2,2,14,60.0,5.0,0.0,0.0,,False
144,patch,named,128.0,128.0,3,0.0,False,11,60,30000,68.0,2,128,14,0,2,128,14,0,0,0,1,2,2,14,60.0,5.0,0.0,0.0,,False
144,patch,named,128.0,128.0,3,0.0,False,11,61,30500,68.0,2,128,14,0,2,128,14,0,0,0,1,2,2,14,60.0,5.0,0.0,0.0,,False
144,patch,named,128.0,128.0,3,0.0,False,11,62,31000,68.0,2,128,14,0,2,128,14,0,0,0,1,2,2,14,60.0,5.0,0.0,0.0,,False
144,patch,named,128.0,128.0,3,0.0,False,11,63,31500,68.0,2,128,14,0,2,128,14,0,0,0,1,2,2,14,60.0,5.0,0.0,0.0,,False
144,patch,named,128.0,128.0,3,0.0,False,11,64,32000,68.0,2,128,14,0,2,128,14,0,0,0,1,2,2,14,60.0,5.0,0.0,0.0,,False
144,patch,named,128.0,128.0,3,0.0,False,11,65,32500,68.0,2,128,14,0,2,128,14,0,0,0,1,2,2,14,60.0,5.0,0.0,0.0,,False
144,patch,named,128.0,128.0,3,0.0,False,11,66,33000,68.0,2,128,14,0,2,128,14,0,0,0,1,2,2,14,60.0,5.0,0.0,0.0,,False
144,patch,named,128.0,128.0,3,0.0,False,11,67,33500,68.0,2,128,14,0,2,128,14,0,0,0,1,2,2,14,60.0,5.0,0.0,0.0,,False
144,patch,named,128.0,128.0,3,0.0,False,11,68,34000,68.0,2,128,14,0,2,128,14,0,0,0,1,2,2,14,60.0,5.0,0.0,0.0,,False
144,patch,named,128.0,128.0,3,0.0,False,11,69,34500,68.0,2,128,14,0,2,128,14,0,0,0,1,2,2,14,60.0,5.0,0.0,0.0,,False
144,patch,named,128.0,128.0,3,0.0,False,11,70,35000,68.0,2,128,14,0,2,128,14,0,0,0,1,2,2,14,60.0,5.0,0.0,0.0,,False
144,patch,named,128.0,128.0,3,0.0,False,11,71,35500,68.0,2,128,14,0,2,128,14,0,0,0,1,2,2,14,60.0,5.0,0.0,0.0,,False
144,patch,named,128.0,128.0,3,0.0,False,11,72,36000,68.0,2,128,14,0,2,128,14,0,0,0,1,2,2,14,60.0,5.0,0.0,0.0,,False
144,patch,named,128.0,128.0,3,0.0,False,11,73,36500,68.0,2,128,14,0,2,128,14,0,0,0,1,2,2,14,60.0,5.0,0.0,0.0,,False
144,patch,named,128.0,128.0,3,0.0,False,11,74,37000,68.0,2,128,14,0,2,128,14,0,0,0,1,2,2,14,60.0,5.0,0.0,0.0,,False
144,patch,named,128.0,128.0,3,0.0,False,11,75,37500,68.0,2,128,14,0,2,128,14,0,0,0,1,2,2,14,60.0,5.0,0.0,0.0,,False
144,patch,named,128.0,128.0,3,0.0,False,11,76,38000,68.0,2,128,14,0,2,128,14,0,0,0,1,2,2,14,60.0,5.0,0.0,0.0,,False
144,patch,named,128.0,128.0,3,0.0,False,11,77,38500,68.0,2,128,14,0,2,128,14,0,0,0,1,2,2,14,60.0,5.0,0.0,0.0,,False
144,patch,named,128.0,128.0,3,0.0,False,11,78,39000,68.0,2,128,14,0,2,128,14,0,0,0,1,2,2,14,60.0,5.0,0.0,0.0,,False
144,patch,named,128.0,128.0,3,0.0,False,11,79,39500,68.0,2,128,14,0,2,128,14,0,0,0,1,2,2,14,60.0,5.0,0.0,0.0,,False
144,patch,named,128.0,128.0,3,0.0,False,11,80,40000,68.0,2,128,14,0,2,128,14,0,0,0,1,2,2,14,60.0,5.0,0.0,0.0,,False
144,patch,named,128.0,128.0,3,0.0,False,11,81,40500,68.0,2,128,14,0,2,128,14,0,0,0,1,2,2,14,60.0,5.0,0.0,0.0,,False
144,patch,named,128.0,128.0,3,0.0,False,11,82,41000,68.0,2,128,14,0,2,128,14,0,0,0,1,2,2,14,60.0,5.0,0.0,0.0,,False
144,patch,named,128.0,128.0,3,0.0,False,11,83,41500,68.0,2,128,14,0,2,128,14,0,0,0,1,2,2,14,60.0,5.0,0.0,0.0,,False
144,patch,named,128.0,128.0,3,0.0,False,11,84,42000,73.0,2,129,13,0,2,129,12,1,0,0,1,2,2,9,55.0,5.0,0.0,0.0,,False
144,patch,named,128.0,128.0,3,0.0,False,11,85,42500,68.0,2,128,14,0,2,128,14,0,0,0,1,2,2,14,60.0,5.0,0.0,0.0,,False
144,patch,named,128.0,128.0,3,0.0,False,11,86,43000,68.0,2,128,14,0,2,128,14,0,0,0,1,2,2,14,60.0,6.0,0.0,0.0,,False
144,patch,named,128.0,128.0,3,0.0,False,11,87,43500,69.0,0,128,16,0,0,128,16,0,0,0,0,0,2,14,59.0,6.0,0.0,0.0,,False
144,patch,named,128.0,128.0,3,0.0,False,11,88,44000,68.0,2,128,14,0,2,128,14,0,0,0,1,2,2,14,60.0,6.0,0.0,0.0,,False
144,patch,named,128.0,128.0,3,0.0,False,11,89,44500,68.0,2,128,14,0,2,128,14,0,0,0,1,2,2,14,60.0,6.0,0.0,0.0,,False
144,patch,named,128.0,128.0,3,0.0,False,11,90,45000,68.0,2,128,14,0,2,128,14,0,0,0,1,2,2,14,60.0,10.0,0.0,0.0,,False
144,patch,named,128.0,128.0,3,0.0,False,11,91,45500,73.0,2,129,13,0,2,129,12,1,0,0,1,2,2,9,55.0,10.0,0.0,0.0,,False
144,patch,named,128.0,128.0,3,0.0,False,11,92,46000,68.0,2,128,14,0,2,128,14,0,0,0,1,2,2,14,60.0,10.0,0.0,0.0,,False
144,patch,named,128.0,128.0,3,0.0,False,11,93,46500,68.0,2,128,14,0,2,128,14,0,0,0,1,2,2,14,60.0,10.0,0.0,0.0,,False
144,patch,named,128.0,128.0,3,0.0,False,11,94,47000,68.0,2,128,14,0,2,128,14,0,0,0,1,2,2,14,60.0,10.0,0.0,0.0,,False
144,patch,named,128.0,128.0,3,0.0,False,11,95,47500,68.0,2,128,14,0,2,128,14,0,0,0,1,2,2,14,60.0,10.0,0.0,0.0,,False
144,patch,named,128.0,128.0,3,0.0,False,11,96,48000,68.0,2,128,14,0,2,128,14,0,0,0,1,2,2,14,60.0,10.0,0.0,0.0,,False
144,patch,named,128.0,128.0,3,0.0,False,11,97,48500,68.0,2,128,14,0,2,128,14,0,0,0,1,2,2,14,60.0,10.0,0.0,0.0,,False
144,patch,named,128.0,128.0,3,0.0,False,11,98,49000,68.0,2,128,14,0,2,128,14,0,0,0,1,2,2,14,60.0,10.0,0.0,0.0,,False
144,patch,named,128.0,128.0,3,0.0,False,11,99,49500,68.0,2,128,14,0,2,128,14,0,0,0,1,2,2,14,60.0,10.0,0.0,0.0,,False
144,patch,named,128.0,128.0,3,0.0,False,11,100,50000,68.0,2,128,14,0,2,128,14,0,0,0,1,2,2,14,60.0,10.0,0.0,0.0,,True
144,patch,named,128.0,128.0,3,0.0,False,12,0,0,128.0,0,121,23,0,0,121,14,9,0,0,0,0,1,23,0.0,0.0,0.0,0.0,,False
144,patch,named,128.0,128.0,3,0.0,False,12,1,500,100.0,0,125,19,0,0,125,18,1,0,0,0,0,5,11,28.0,11.0,0.0,0.0,,False
144,patch,named,128.0,128.0,3,0.0,False,12,2,1000,52.0,0,136,8,0,0,136,8,0,0,0,0,0,4,3,76.0,32.0,0.0,0.0,,False
144,patch,named,128.0,128.0,3,0.0,False,12,3,1500,90.0,0,126,18,0,0,126,16,2,0,0,0,0,1,18,38.0,16.0,0.0,0.0,,False
144,patch,named,128.0,128.0,3,0.0,False,12,4,2000,67.0,1,134,9,0,1,134,9,0,0,0,1,1,5,4,61.0,16.0,0.0,0.0,,False
144,patch,named,128.0,128.0,3,0.0,False,12,5,2500,72.0,2,133,9,0,2,133,8,1,0,0,2,1,4,7,56.0,11.0,0.0,0.0,,False
144,patch,named,128.0,128.0,3,0.0,False,12,6,3000,47.0,0,136,8,0,0,136,8,0,0,0,0,0,4,2,81.0,21.0,0.0,0.0,,False
144,patch,named,128.0,128.0,3,0.0,False,12,7,3500,47.0,0,136,8,0,0,136,8,0,0,0,0,0,4,2,81.0,21.0,0.0,0.0,,False
144,patch,named,128.0,128.0,3,0.0,False,12,8,4000,63.0,1,130,13,0,1,130,13,0,0,0,1,1,5,5,65.0,11.0,0.0,0.0,,False
144,patch,named,128.0,128.0,3,0.0,False,12,9,4500,57.0,2,132,10,0,2,132,10,0,0,0,1,2,4,7,71.0,11.0,0.0,0.0,,False
144,patch,named,128.0,128.0,3,0.0,False,12,10,5000,58.0,0,132,12,0,0,132,12,0,0,0,0,0,4,7,70.0,11.0,0.0,0.0,,False
144,patch,named,128.0,128.0,3,0.0,False,12,11,5500,57.0,2,132,10,0,2,132,10,0,0,0,1,2,3,8,71.0,11.0,0.0,0.0,,False
144,patch,named,128.0,128.0,3,0.0,False,12,12,6000,52.0,3,130,11,0,3,130,11,0,0,0,1,3,3,10,76.0,11.0,0.0,0.0,,False
144,patch,named,128.0,128.0,3,0.0,False,12,13,6500,53.0,0,132,12,0,0,132,12,0,0,0,0,0,5,4,75.0,11.0,0.0,0.0,,False
144,patch,named,128.0,128.0,3,0.0,False,12,14,7000,53.0,0,132,12,0,0,132,12,0,0,0,0,0,5,4,75.0,11.0,0.0,0.0,,False
144,patch,named,128.0,128.0,3,0.0,False,12,15,7500,52.0,2,132,10,0,2,132,10,0,0,0,1,2,4,6,76.0,11.0,0.0,0.0,,False
144,patch,named,128.0,128.0,3,0.0,False,12,16,8000,52.0,2,132,10,0,2,132,10,0,0,0,1,2,5,4,76.0,11.0,0.0,0.0,,False
144,patch,named,128.0,128.0,3,0.0,False,12,17,8500,52.0,2,132,10,0,2,132,10,0,0,0,1,2,5,4,76.0,11.0,0.0,0.0,,False
144,patch,named,128.0,128.0,3,0.0,False,12,18,9000,52.0,2,132,10,0,2,132,10,0,0,0,1,2,5,4,76.0,11.0,0.0,0.0,,False
144,patch,named,128.0,128.0,3,0.0,False,12,19,9500,52.0,2,132,10,0,2,132,10,0,0,0,1,2,5,4,76.0,11.0,0.0,0.0,,False
144,patch,named,128.0,128.0,3,0.0,False,12,20,10000,52.0,2,132,10,0,2,132,10,0,0,0,1,2,5,4,76.0,11.0,0.0,0.0,,False
144,patch,named,128.0,128.0,3,0.0,False,12,21,10500,31.0,2,136,6,0,2,136,6,0,0,0,1,2,4,2,97.0,21.0,0.0,0.0,,False
144,patch,named,128.0,128.0,3,0.0,False,12,22,11000,53.0,0,132,12,0,0,132,12,0,0,0,0,0,2,10,75.0,5.0,0.0,0.0,,False
144,patch,named,128.0,128.0,3,0.0,False,12,23,11500,52.0,2,132,10,0,2,132,10,0,0,0,1,2,3,6,76.0,5.0,0.0,0.0,,False
144,patch,named,128.0,128.0,3,0.0,False,12,24,12000,52.0,2,132,10,0,2,132,10,0,0,0,1,2,4,4,76.0,5.0,0.0,0.0,,False
144,patch,named,128.0,128.0,3,0.0,False,12,25,12500,53.0,0,132,12,0,0,132,12,0,0,0,0,0,4,4,75.0,5.0,0.0,0.0,,False
144,patch,named,128.0,128.0,3,0.0,False,12,26,13000,52.0,2,132,10,0,2,132,10,0,0,0,1,2,3,8,76.0,5.0,0.0,0.0,,False
144,patch,named,128.0,128.0,3,0.0,False,12,27,13500,31.0,2,136,6,0,2,136,6,0,0,0,1,2,4,2,97.0,10.0,0.0,0.0,,False
144,patch,named,128.0,128.0,3,0.0,False,12,28,14000,31.0,2,136,6,0,2,136,6,0,0,0,1,2,4,2,97.0,10.0,0.0,0.0,,False
144,patch,named,128.0,128.0,3,0.0,False,12,29,14500,31.0,2,136,6,0,2,136,6,0,0,0,1,2,4,2,97.0,10.0,0.0,0.0,,False
144,patch,named,128.0,128.0,3,0.0,False,12,30,15000,31.0,2,136,6,0,2,136,6,0,0,0,1,2,4,2,97.0,10.0,0.0,0.0,,False
144,patch,named,128.0,128.0,3,0.0,False,12,31,15500,31.0,2,136,6,0,2,136,6,0,0,0,1,2,4,2,97.0,10.0,0.0,0.0,,False
144,patch,named,128.0,128.0,3,0.0,False,12,32,16000,31.0,2,136,6,0,2,136,6,0,0,0,1,2,4,2,97.0,10.0,0.0,0.0,,False
144,patch,named,128.0,128.0,3,0.0,False,12,33,16500,31.0,2,136,6,0,2,136,6,0,0,0,1,2,4,2,97.0,10.0,0.0,0.0,,False
144,patch,named,128.0,128.0,3,0.0,False,12,34,17000,31.0,2,136,6,0,2,136,6,0,0,0,1,2,4,2,97.0,10.0,0.0,0.0,,False
144,patch,named,128.0,128.0,3,0.0,False,12,35,17500,32.0,0,136,8,0,0,136,8,0,0,0,0,0,4,2,96.0,10.0,0.0,0.0,,False
144,patch,named,128.0,128.0,3,0.0,False,12,36,18000,31.0,2,136,6,0,2,136,6,0,0,0,1,2,4,2,97.0,10.0,0.0,0.0,,False
144,patch,named,128.0,128.0,3,0.0,False,12,37,18500,31.0,2,136,6,0,2,136,6,0,0,0,1,2,4,2,97.0,10.0,0.0,0.0,,False
144,patch,named,128.0,128.0,3,0.0,False,12,38,19000,31.0,2,136,6,0,2,136,6,0,0,0,1,2,4,2,97.0,10.0,0.0,0.0,,False
144,patch,named,128.0,128.0,3,0.0,False,12,39,19500,32.0,0,136,8,0,0,136,8,0,0,0,0,0,4,2,96.0,10.0,0.0,0.0,,False
144,patch,named,128.0,128.0,3,0.0,False,12,40,20000,31.0,2,136,6,0,2,136,6,0,0,0,1,2,4,2,97.0,10.0,0.0,0.0,,False
144,patch,named,128.0,128.0,3,0.0,False,12,41,20500,31.0,2,136,6,0,2,136,6,0,0,0,1,2,4,2,97.0,10.0,0.0,0.0,,False
144,patch,named,128.0,128.0,3,0.0,False,12,42,21000,31.0,2,136,6,0,2,136,6,0,0,0,1,2,4,2,97.0,10.0,0.0,0.0,,False
144,patch,named,128.0,128.0,3,0.0,False,12,43,21500,31.0,2,136,6,0,2,136,6,0,0,0,1,2,4,2,97.0,10.0,0.0,0.0,,False
144,patch,named,128.0,128.0,3,0.0,False,12,44,22000,31.0,2,136,6,0,2,136,6,0,0,0,1,2,4,2,97.0,10.0,0.0,0.0,,False
144,patch,named,128.0,128.0,3,0.0,False,12,45,22500,31.0,2,136,6,0,2,136,6,0,0,0,1,2,4,2,97.0,10.0,0.0,0.0,,False
144,patch,named,128.0,128.0,3,0.0,False,12,46,23000,31.0,2,136,6,0,2,136,6,0,0,0,1,2,4,2,97.0,10.0,0.0,0.0,,False
144,patch,named,128.0,128.0,3,0.0,False,12,47,23500,31.0,2,136,6,0,2,136,6,0,0,0,1,2,4,2,97.0,10.0,0.0,0.0,,False
144,patch,named,128.0,128.0,3,0.0,False,12,48,24000,32.0,0,136,8,0,0,136,8,0,0,0,0,0,4,2,96.0,10.0,0.0,0.0,,False
144,patch,named,128.0,128.0,3,0.0,False,12,49,24500,32.0,0,136,8,0,0,136,8,0,0,0,0,0,4,2,96.0,10.0,0.0,0.0,,False
144,patch,named,128.0,128.0,3,0.0,False,12,50,25000,31.0,2,136,6,0,2,136,6,0,0,0,1,2,4,2,97.0,10.0,0.0,0.0,,False
144,patch,named,128.0,128.0,3,0.0,False,12,51,25500,31.0,2,136,6,0,2,136,6,0,0,0,1,2,4,2,97.0,10.0,0.0,0.0,,False
144,patch,named,128.0,128.0,3,0.0,False,12,52,26000,31.0,2,136,6,0,2,136,6,0,0,0,1,2,4,2,97.0,10.0,0.0,0.0,,False
144,patch,named,128.0,128.0,3,0.0,False,12,53,26500,31.0,2,136,6,0,2,136,6,0,0,0,1,2,4,2,97.0,10.0,0.0,0.0,,False
144,patch,named,128.0,128.0,3,0.0,False,12,54,27000,31.0,2,136,6,0,2,136,6,0,0,0,1,2,4,2,97.0,10.0,0.0,0.0,,False
144,patch,named,128.0,128.0,3,0.0,False,12,55,27500,31.0,2,136,6,0,2,136,6,0,0,0,1,2,4,2,97.0,10.0,0.0,0.0,,False
144,patch,named,128.0,128.0,3,0.0,False,12,56,28000,32.0,0,136,8,0,0,136,8,0,0,0,0,0,4,2,96.0,10.0,0.0,0.0,,False
144,patch,named,128.0,128.0,3,0.0,False,12,57,28500,31.0,2,136,6,0,2,136,6,0,0,0,1,2,4,2,97.0,10.0,0.0,0.0,,False
144,patch,named,128.0,128.0,3,0.0,False,12,58,29000,31.0,2,136,6,0,2,136,6,0,0,0,1,2,4,2,97.0,10.0,0.0,0.0,,False
144,patch,named,128.0,128.0,3,0.0,False,12,59,29500,32.0,0,136,8,0,0,136,8,0,0,0,0,0,4,2,96.0,10.0,0.0,0.0,,False
144,patch,named,128.0,128.0,3,0.0,False,12,60,30000,32.0,0,136,8,0,0,136,8,0,0,0,0,0,4,2,96.0,10.0,0.0,0.0,,False
144,patch,named,128.0,128.0,3,0.0,False,12,61,30500,31.0,2,136,6,0,2,136,6,0,0,0,1,2,4,2,97.0,10.0,0.0,0.0,,False
144,patch,named,128.0,128.0,3,0.0,False,12,62,31000,31.0,2,136,6,0,2,136,6,0,0,0,1,2,4,2,97.0,10.0,0.0,0.0,,False
144,patch,named,128.0,128.0,3,0.0,False,12,63,31500,31.0,2,136,6,0,2,136,6,0,0,0,1,2,4,2,97.0,10.0,0.0,0.0,,False
144,patch,named,128.0,128.0,3,0.0,False,12,64,32000,31.0,2,136,6,0,2,136,6,0,0,0,1,2,4,2,97.0,10.0,0.0,0.0,,False
144,patch,named,128.0,128.0,3,0.0,False,12,65,32500,31.0,2,136,6,0,2,136,6,0,0,0,1,2,4,2,97.0,10.0,0.0,0.0,,False
144,patch,named,128.0,128.0,3,0.0,False,12,66,33000,31.0,2,136,6,0,2,136,6,0,0,0,1,2,4,2,97.0,10.0,0.0,0.0,,False
144,patch,named,128.0,128.0,3,0.0,False,12,67,33500,32.0,0,136,8,0,0,136,8,0,0,0,0,0,4,2,96.0,10.0,0.0,0.0,,False
144,patch,named,128.0,128.0,3,0.0,False,12,68,34000,31.0,2,136,6,0,2,136,6,0,0,0,1,2,4,2,97.0,10.0,0.0,0.0,,False
144,patch,named,128.0,128.0,3,0.0,False,12,69,34500,32.0,0,136,8,0,0,136,8,0,0,0,0,0,4,2,96.0,10.0,0.0,0.0,,False
144,patch,named,128.0,128.0,3,0.0,False,12,70,35000,32.0,0,136,8,0,0,136,8,0,0,0,0,0,4,2,96.0,10.0,0.0,0.0,,False
144,patch,named,128.0,128.0,3,0.0,False,12,71,35500,31.0,2,136,6,0,2,136,6,0,0,0,1,2,4,2,97.0,10.0,0.0,0.0,,False
144,patch,named,128.0,128.0,3,0.0,False,12,72,36000,31.0,2,136,6,0,2,136,6,0,0,0,1,2,4,2,97.0,10.0,0.0,0.0,,False
144,patch,named,128.0,128.0,3,0.0,False,12,73,36500,31.0,2,136,6,0,2,136,6,0,0,0,1,2,4,2,97.0,10.0,0.0,0.0,,False
144,patch,named,128.0,128.0,3,0.0,False,12,74,37000,31.0,2,136,6,0,2,136,6,0,0,0,1,2,4,2,97.0,10.0,0.0,0.0,,False
144,patch,named,128.0,128.0,3,0.0,False,12,75,37500,31.0,2,136,6,0,2,136,6,0,0,0,1,2,4,2,97.0,10.0,0.0,0.0,,False
144,patch,named,128.0,128.0,3,0.0,False,12,76,38000,31.0,2,136,6,0,2,136,6,0,0,0,1,2,4,2,97.0,10.0,0.0,0.0,,False
144,patch,named,128.0,128.0,3,0.0,False,12,77,38500,31.0,2,136,6,0,2,136,6,0,0,0,1,2,4,2,97.0,10.0,0.0,0.0,,False
144,patch,named,128.0,128.0,3,0.0,False,12,78,39000,31.0,2,136,6,0,2,136,6,0,0,0,1,2,4,2,97.0,10.0,0.0,0.0,,False
144,patch,named,128.0,128.0,3,0.0,False,12,79,39500,31.0,2,136,6,0,2,136,6,0,0,0,1,2,4,2,97.0,10.0,0.0,0.0,,False
144,patch,named,128.0,128.0,3,0.0,False,12,80,40000,32.0,0,136,8,0,0,136,8,0,0,0,0,0,4,2,96.0,10.0,0.0,0.0,,False
144,patch,named,128.0,128.0,3,0.0,False,12,81,40500,32.0,0,136,8,0,0,136,8,0,0,0,0,0,4,2,96.0,10.0,0.0,0.0,,False
144,patch,named,128.0,128.0,3,0.0,False,12,82,41000,31.0,2,136,6,0,2,136,6,0,0,0,1,2,4,2,97.0,11.0,0.0,0.0,,False
144,patch,named,128.0,128.0,3,0.0,False,12,83,41500,31.0,2,136,6,0,2,136,6,0,0,0,1,2,4,2,97.0,11.0,0.0,0.0,,False
144,patch,named,128.0,128.0,3,0.0,False,12,84,42000,42.0,1,136,7,0,1,136,6,0,1,0,1,1,4,3,86.0,5.0,0.0,0.0,,False
144,patch,named,128.0,128.0,3,0.0,False,12,85,42500,31.0,2,136,6,0,2,136,6,0,0,0,1,2,4,2,97.0,10.0,0.0,0.0,,False
144,patch,named,128.0,128.0,3,0.0,False,12,86,43000,31.0,2,136,6,0,2,136,6,0,0,0,1,2,4,2,97.0,10.0,0.0,0.0,,False
144,patch,named,128.0,128.0,3,0.0,False,12,87,43500,31.0,2,136,6,0,2,136,6,0,0,0,1,2,4,2,97.0,10.0,0.0,0.0,,False
144,patch,named,128.0,128.0,3,0.0,False,12,88,44000,32.0,0,136,8,0,0,136,8,0,0,0,0,0,4,2,96.0,10.0,0.0,0.0,,False
144,patch,named,128.0,128.0,3,0.0,False,12,89,44500,31.0,2,136,6,0,2,136,6,0,0,0,1,2,4,2,97.0,10.0,0.0,0.0,,False
144,patch,named,128.0,128.0,3,0.0,False,12,90,45000,42.0,1,136,7,0,1,136,6,0,1,0,1,1,4,3,86.0,5.0,0.0,0.0,,False
144,patch,named,128.0,128.0,3,0.0,False,12,91,45500,31.0,2,136,6,0,2,136,6,0,0,0,1,2,4,2,97.0,11.0,0.0,0.0,,False
144,patch,named,128.0,128.0,3,0.0,False,12,92,46000,31.0,2,136,6,0,2,136,6,0,0,0,1,2,4,2,97.0,11.0,0.0,0.0,,False
144,patch,named,128.0,128.0,3,0.0,False,12,93,46500,32.0,0,136,8,0,0,136,8,0,0,0,0,0,4,2,96.0,11.0,0.0,0.0,,False
144,patch,named,128.0,128.0,3,0.0,False,12,94,47000,32.0,0,136,8,0,0,136,8,0,0,0,0,0,4,2,96.0,11.0,0.0,0.0,,False
144,patch,named,128.0,128.0,3,0.0,False,12,95,47500,31.0,2,136,6,0,2,136,6,0,0,0,1,2,4,2,97.0,11.0,0.0,0.0,,False
144,patch,named,128.0,128.0,3,0.0,False,12,96,48000,31.0,2,136,6,0,2,136,6,0,0,0,1,2,4,2,97.0,11.0,0.0,0.0,,False
144,patch,named,128.0,128.0,3,0.0,False,12,97,48500,31.0,2,136,6,0,2,136,6,0,0,0,1,2,4,2,97.0,11.0,0.0,0.0,,False
144,patch,named,128.0,128.0,3,0.0,False,12,98,49000,32.0,0,136,8,0,0,136,8,0,0,0,0,0,4,2,96.0,11.0,0.0,0.0,,False
144,patch,named,128.0,128.0,3,0.0,False,12,99,49500,32.0,0,136,8,0,0,136,8,0,0,0,0,0,4,2,96.0,11.0,0.0,0.0,,False
144,patch,named,128.0,128.0,3,0.0,False,12,100,50000,31.0,2,136,6,0,2,136,6,0,0,0,1,2,4,2,97.0,11.0,0.0,0.0,,True
144,patch,named,128.0,127.0,3,0.0,False,13,0,0,127.0,0,122,22,0,0,122,17,4,1,0,0,0,1,22,0.0,0.0,0.0,0.0,,False
144,patch,named,128.0,127.0,3,0.0,False,13,1,500,63.0,2,129,13,0,2,129,12,1,0,0,1,2,1,15,64.0,16.0,0.0,0.0,,False
144,patch,named,128.0,127.0,3,0.0,False,13,2,1000,63.0,2,129,13,0,2,129,12,1,0,0,1,2,1,15,64.0,16.0,0.0,0.0,,False
144,patch,named,128.0,127.0,3,0.0,False,13,3,1500,52.0,2,132,10,0,2,132,10,0,0,0,2,1,5,4,75.0,16.0,0.0,0.0,,False
144,patch,named,128.0,127.0,3,0.0,False,13,4,2000,57.0,2,133,9,0,2,133,8,1,0,0,2,1,5,4,70.0,11.0,0.0,0.0,,False
144,patch,named,128.0,127.0,3,0.0,False,13,5,2500,52.0,1,134,9,0,1,134,9,0,0,0,1,1,4,4,75.0,11.0,0.0,0.0,,False
144,patch,named,128.0,127.0,3,0.0,False,13,6,3000,52.0,1,134,9,0,1,134,9,0,0,0,1,1,4,4,75.0,11.0,0.0,0.0,,False
144,patch,named,128.0,127.0,3,0.0,False,13,7,3500,52.0,2,132,10,0,2,132,10,0,0,0,2,1,5,4,75.0,11.0,0.0,0.0,,False
144,patch,named,128.0,127.0,3,0.0,False,13,8,4000,52.0,2,132,10,0,2,132,10,0,0,0,2,1,5,4,75.0,11.0,0.0,0.0,,False
144,patch,named,128.0,127.0,3,0.0,False,13,9,4500,52.0,2,132,10,0,2,132,10,0,0,0,2,1,5,4,75.0,11.0,0.0,0.0,,False
144,patch,named,128.0,127.0,3,0.0,False,13,10,5000,52.0,2,132,10,0,2,132,10,0,0,0,2,1,5,4,75.0,11.0,0.0,0.0,,False
144,patch,named,128.0,127.0,3,0.0,False,13,11,5500,52.0,2,132,10,0,2,132,10,0,0,0,2,1,5,4,75.0,11.0,0.0,0.0,,False
144,patch,named,128.0,127.0,3,0.0,False,13,12,6000,52.0,1,134,9,0,1,134,9,0,0,0,1,1,4,4,75.0,11.0,0.0,0.0,,False
144,patch,named,128.0,127.0,3,0.0,False,13,13,6500,52.0,0,136,8,0,0,136,8,0,0,0,0,0,3,3,75.0,6.0,0.0,0.0,,False
144,patch,named,128.0,127.0,3,0.0,False,13,14,7000,58.0,1,131,12,0,1,131,11,1,0,0,1,1,3,10,69.0,6.0,0.0,0.0,,False
144,patch,named,128.0,127.0,3,0.0,False,13,15,7500,57.0,2,133,9,0,2,133,8,1,0,0,2,1,4,6,70.0,6.0,0.0,0.0,,False
144,patch,named,128.0,127.0,3,0.0,False,13,16,8000,57.0,2,133,9,0,2,133,8,1,0,0,2,1,4,6,70.0,6.0,0.0,0.0,,False
144,patch,named,128.0,127.0,3,0.0,False,13,17,8500,57.0,2,133,9,0,2,133,8,1,0,0,2,1,4,6,70.0,6.0,0.0,0.0,,False
144,patch,named,128.0,127.0,3,0.0,False,13,18,9000,57.0,2,133,9,0,2,133,8,1,0,0,2,1,4,6,70.0,6.0,0.0,0.0,,False
144,patch,named,128.0,127.0,3,0.0,False,13,19,9500,57.0,2,133,9,0,2,133,8,1,0,0,2,1,4,6,70.0,6.0,0.0,0.0,,False
144,patch,named,128.0,127.0,3,0.0,False,13,20,10000,57.0,3,131,10,0,3,131,9,1,0,0,2,2,3,6,70.0,6.0,0.0,0.0,,False
144,patch,named,128.0,127.0,3,0.0,False,13,21,10500,57.0,2,133,9,0,2,133,8,1,0,0,2,1,4,6,70.0,6.0,0.0,0.0,,False
144,patch,named,128.0,127.0,3,0.0,False,13,22,11000,57.0,2,133,9,0,2,133,8,1,0,0,2,1,4,6,70.0,6.0,0.0,0.0,,False
144,patch,named,128.0,127.0,3,0.0,False,13,23,11500,57.0,2,133,9,0,2,133,8,1,0,0,2,1,4,6,70.0,5.0,0.0,0.0,,False
144,patch,named,128.0,127.0,3,0.0,False,13,24,12000,57.0,2,133,9,0,2,133,8,1,0,0,2,1,4,6,70.0,5.0,0.0,0.0,,False
144,patch,named,128.0,127.0,3,0.0,False,13,25,12500,57.0,2,133,9,0,2,133,8,1,0,0,2,1,4,6,70.0,5.0,0.0,0.0,,False
144,patch,named,128.0,127.0,3,0.0,False,13,26,13000,57.0,2,133,9,0,2,133,8,1,0,0,2,1,4,6,70.0,5.0,0.0,0.0,,False
144,patch,named,128.0,127.0,3,0.0,False,13,27,13500,57.0,2,133,9,0,2,133,8,1,0,0,2,1,4,6,70.0,5.0,0.0,0.0,,False
144,patch,named,128.0,127.0,3,0.0,False,13,28,14000,57.0,2,133,9,0,2,133,8,1,0,0,2,1,4,6,70.0,5.0,0.0,0.0,,False
144,patch,named,128.0,127.0,3,0.0,False,13,29,14500,57.0,3,131,10,0,3,131,9,1,0,0,2,2,3,6,70.0,5.0,0.0,0.0,,False
144,patch,named,128.0,127.0,3,0.0,False,13,30,15000,58.0,1,131,12,0,1,131,11,1,0,0,1,1,3,10,69.0,5.0,0.0,0.0,,False
144,patch,named,128.0,127.0,3,0.0,False,13,31,15500,57.0,3,131,10,0,3,131,9,1,0,0,2,2,3,6,70.0,5.0,0.0,0.0,,False
144,patch,named,128.0,127.0,3,0.0,False,13,32,16000,53.0,0,132,12,0,0,132,12,0,0,0,0,0,2,10,74.0,5.0,0.0,0.0,,False
144,patch,named,128.0,127.0,3,0.0,False,13,33,16500,53.0,0,132,12,0,0,132,12,0,0,0,0,0,2,10,74.0,5.0,0.0,0.0,,False
144,patch,named,128.0,127.0,3,0.0,False,13,34,17000,58.0,1,131,12,0,1,131,11,1,0,0,1,1,3,10,69.0,5.0,0.0,0.0,,False
144,patch,named,128.0,127.0,3,0.0,False,13,35,17500,53.0,0,132,12,0,0,132,12,0,0,0,0,0,2,10,74.0,5.0,0.0,0.0,,False
144,patch,named,128.0,127.0,3,0.0,False,13,36,18000,53.0,0,132,12,0,0,132,12,0,0,0,0,0,2,10,74.0,5.0,0.0,0.0,,False
144,patch,named,128.0,127.0,3,0.0,False,13,37,18500,53.0,0,132,12,0,0,132,12,0,0,0,0,0,2,10,74.0,5.0,0.0,0.0,,False
144,patch,named,128.0,127.0,3,0.0,False,13,38,19000,53.0,0,132,12,0,0,132,12,0,0,0,0,0,2,10,74.0,5.0,0.0,0.0,,False
144,patch,named,128.0,127.0,3,0.0,False,13,39,19500,53.0,0,132,12,0,0,132,12,0,0,0,0,0,2,10,74.0,5.0,0.0,0.0,,False
144,patch,named,128.0,127.0,3,0.0,False,13,40,20000,53.0,0,132,12,0,0,132,12,0,0,0,0,0,2,10,74.0,5.0,0.0,0.0,,False
144,patch,named,128.0,127.0,3,0.0,False,13,41,20500,53.0,0,132,12,0,0,132,12,0,0,0,0,0,2,10,74.0,5.0,0.0,0.0,,False
144,patch,named,128.0,127.0,3,0.0,False,13,42,21000,53.0,0,132,12,0,0,132,12,0,0,0,0,0,2,10,74.0,5.0,0.0,0.0,,False
144,patch,named,128.0,127.0,3,0.0,False,13,43,21500,53.0,0,132,12,0,0,132,12,0,0,0,0,0,2,10,74.0,5.0,0.0,0.0,,False
144,patch,named,128.0,127.0,3,0.0,False,13,44,22000,53.0,0,132,12,0,0,132,12,0,0,0,0,0,2,10,74.0,5.0,0.0,0.0,,False
144,patch,named,128.0,127.0,3,0.0,False,13,45,22500,53.0,0,132,12,0,0,132,12,0,0,0,0,0,2,10,74.0,5.0,0.0,0.0,,False
144,patch,named,128.0,127.0,3,0.0,False,13,46,23000,57.0,3,131,10,0,3,131,9,1,0,0,2,2,3,6,70.0,5.0,0.0,0.0,,False
144,patch,named,128.0,127.0,3,0.0,False,13,47,23500,57.0,3,131,10,0,3,131,9,1,0,0,2,2,3,6,70.0,5.0,0.0,0.0,,False
144,patch,named,128.0,127.0,3,0.0,False,13,48,24000,57.0,2,133,9,0,2,133,8,1,0,0,2,1,4,6,70.0,5.0,0.0,0.0,,False
144,patch,named,128.0,127.0,3,0.0,False,13,49,24500,57.0,2,133,9,0,2,133,8,1,0,0,2,1,4,6,70.0,5.0,0.0,0.0,,False
144,patch,named,128.0,127.0,3,0.0,False,13,50,25000,57.0,2,133,9,0,2,133,8,1,0,0,2,1,4,6,70.0,5.0,0.0,0.0,,False
144,patch,named,128.0,127.0,3,0.0,False,13,51,25500,58.0,1,131,12,0,1,131,11,1,0,0,1,1,3,10,69.0,5.0,0.0,0.0,,False
144,patch,named,128.0,127.0,3,0.0,False,13,52,26000,58.0,1,131,12,0,1,131,11,1,0,0,1,1,3,10,69.0,5.0,0.0,0.0,,False
144,patch,named,128.0,127.0,3,0.0,False,13,53,26500,57.0,3,131,10,0,3,131,9,1,0,0,2,2,3,6,70.0,5.0,0.0,0.0,,False
144,patch,named,128.0,127.0,3,0.0,False,13,54,27000,57.0,3,131,10,0,3,131,9,1,0,0,2,2,3,6,70.0,5.0,0.0,0.0,,False
144,patch,named,128.0,127.0,3,0.0,False,13,55,27500,57.0,3,131,10,0,3,131,9,1,0,0,2,2,3,6,70.0,5.0,0.0,0.0,,False
144,patch,named,128.0,127.0,3,0.0,False,13,56,28000,57.0,3,131,10,0,3,131,9,1,0,0,2,2,3,6,70.0,5.0,0.0,0.0,,False
144,patch,named,128.0,127.0,3,0.0,False,13,57,28500,53.0,0,132,12,0,0,132,12,0,0,0,0,0,2,10,74.0,5.0,0.0,0.0,,False
144,patch,named,128.0,127.0,3,0.0,False,13,58,29000,53.0,0,132,12,0,0,132,12,0,0,0,0,0,2,10,74.0,5.0,0.0,0.0,,False
144,patch,named,128.0,127.0,3,0.0,False,13,59,29500,53.0,0,132,12,0,0,132,12,0,0,0,0,0,2,10,74.0,5.0,0.0,0.0,,False
144,patch,named,128.0,127.0,3,0.0,False,13,60,30000,53.0,0,132,12,0,0,132,12,0,0,0,0,0,2,10,74.0,5.0,0.0,0.0,,False
144,patch,named,128.0,127.0,3,0.0,False,13,61,30500,53.0,0,132,12,0,0,132,12,0,0,0,0,0,2,10,74.0,5.0,0.0,0.0,,False
144,patch,named,128.0,127.0,3,0.0,False,13,62,31000,53.0,0,132,12,0,0,132,12,0,0,0,0,0,2,10,74.0,5.0,0.0,0.0,,False
144,patch,named,128.0,127.0,3,0.0,False,13,63,31500,53.0,0,132,12,0,0,132,12,0,0,0,0,0,2,10,74.0,5.0,0.0,0.0,,False
144,patch,named,128.0,127.0,3,0.0,False,13,64,32000,58.0,0,133,11,0,0,133,10,1,0,0,0,0,3,6,69.0,5.0,0.0,0.0,,False
144,patch,named,128.0,127.0,3,0.0,False,13,65,32500,57.0,3,131,10,0,3,131,9,1,0,0,2,2,3,6,70.0,5.0,0.0,0.0,,False
144,patch,named,128.0,127.0,3,0.0,False,13,66,33000,57.0,2,133,9,0,2,133,8,1,0,0,2,1,4,6,70.0,5.0,0.0,0.0,,False
144,patch,named,128.0,127.0,3,0.0,False,13,67,33500,57.0,2,133,9,0,2,133,8,1,0,0,2,1,4,6,70.0,5.0,0.0,0.0,,False
144,patch,named,128.0,127.0,3,0.0,False,13,68,34000,57.0,2,133,9,0,2,133,8,1,0,0,2,1,4,6,70.0,5.0,0.0,0.0,,False
144,patch,named,128.0,127.0,3,0.0,False,13,69,34500,57.0,2,133,9,0,2,133,8,1,0,0,2,1,4,6,70.0,5.0,0.0,0.0,,False
144,patch,named,128.0,127.0,3,0.0,False,13,70,35000,57.0,2,133,9,0,2,133,8,1,0,0,2,1,4,6,70.0,5.0,0.0,0.0,,False
144,patch,named,128.0,127.0,3,0.0,False,13,71,35500,57.0,2,133,9,0,2,133,8,1,0,0,2,1,4,6,70.0,5.0,0.0,0.0,,False
144,patch,named,128.0,127.0,3,0.0,False,13,72,36000,57.0,2,133,9,0,2,133,8,1,0,0,2,1,4,6,70.0,5.0,0.0,0.0,,False
144,patch,named,128.0,127.0,3,0.0,False,13,73,36500,57.0,2,133,9,0,2,133,8,1,0,0,2,1,4,6,70.0,5.0,0.0,0.0,,False
144,patch,named,128.0,127.0,3,0.0,False,13,74,37000,57.0,2,133,9,0,2,133,8,1,0,0,2,1,4,6,70.0,5.0,0.0,0.0,,False
144,patch,named,128.0,127.0,3,0.0,False,13,75,37500,57.0,2,133,9,0,2,133,8,1,0,0,2,1,4,6,70.0,5.0,0.0,0.0,,False
144,patch,named,128.0,127.0,3,0.0,False,13,76,38000,57.0,2,133,9,0,2,133,8,1,0,0,2,1,4,6,70.0,5.0,0.0,0.0,,False
144,patch,named,128.0,127.0,3,0.0,False,13,77,38500,57.0,2,133,9,0,2,133,8,1,0,0,2,1,4,6,70.0,5.0,0.0,0.0,,False
144,patch,named,128.0,127.0,3,0.0,False,13,78,39000,57.0,2,133,9,0,2,133,8,1,0,0,2,1,4,6,70.0,5.0,0.0,0.0,,False
144,patch,named,128.0,127.0,3,0.0,False,13,79,39500,57.0,2,133,9,0,2,133,8,1,0,0,2,1,4,6,70.0,5.0,0.0,0.0,,False
144,patch,named,128.0,127.0,3,0.0,False,13,80,40000,57.0,2,133,9,0,2,133,8,1,0,0,2,1,4,6,70.0,5.0,0.0,0.0,,False
144,patch,named,128.0,127.0,3,0.0,False,13,81,40500,57.0,2,133,9,0,2,133,8,1,0,0,2,1,4,6,70.0,5.0,0.0,0.0,,False
144,patch,named,128.0,127.0,3,0.0,False,13,82,41000,57.0,2,133,9,0,2,133,8,1,0,0,2,1,4,6,70.0,5.0,0.0,0.0,,False
144,patch,named,128.0,127.0,3,0.0,False,13,83,41500,57.0,2,133,9,0,2,133,8,1,0,0,2,1,4,6,70.0,5.0,0.0,0.0,,False
144,patch,named,128.0,127.0,3,0.0,False,13,84,42000,57.0,2,133,9,0,2,133,8,1,0,0,2,1,4,6,70.0,5.0,0.0,0.0,,False
144,patch,named,128.0,127.0,3,0.0,False,13,85,42500,57.0,2,133,9,0,2,133,8,1,0,0,2,1,4,6,70.0,5.0,0.0,0.0,,False
144,patch,named,128.0,127.0,3,0.0,False,13,86,43000,57.0,2,133,9,0,2,133,8,1,0,0,2,1,4,6,70.0,5.0,0.0,0.0,,False
144,patch,named,128.0,127.0,3,0.0,False,13,87,43500,57.0,2,133,9,0,2,133,8,1,0,0,2,1,4,6,70.0,5.0,0.0,0.0,,False
144,patch,named,128.0,127.0,3,0.0,False,13,88,44000,57.0,2,133,9,0,2,133,8,1,0,0,2,1,4,6,70.0,5.0,0.0,0.0,,False
144,patch,named,128.0,127.0,3,0.0,False,13,89,44500,58.0,1,130,13,0,1,130,13,0,0,0,1,1,2,13,69.0,5.0,0.0,0.0,,False
144,patch,named,128.0,127.0,3,0.0,False,13,90,45000,57.0,3,131,10,0,3,131,9,1,0,0,2,2,3,6,70.0,5.0,0.0,0.0,,False
144,patch,named,128.0,127.0,3,0.0,False,13,91,45500,53.0,0,132,12,0,0,132,12,0,0,0,0,0,2,10,74.0,5.0,0.0,0.0,,False
144,patch,named,128.0,127.0,3,0.0,False,13,92,46000,57.0,3,131,10,0,3,131,9,1,0,0,2,2,3,6,70.0,5.0,0.0,0.0,,False
144,patch,named,128.0,127.0,3,0.0,False,13,93,46500,57.0,3,131,10,0,3,131,9,1,0,0,2,2,3,6,70.0,5.0,0.0,0.0,,False
144,patch,named,128.0,127.0,3,0.0,False,13,94,47000,57.0,3,131,10,0,3,131,9,1,0,0,2,2,3,6,70.0,6.0,0.0,0.0,,False
144,patch,named,128.0,127.0,3,0.0,False,13,95,47500,57.0,3,131,10,0,3,131,9,1,0,0,2,2,3,6,70.0,6.0,0.0,0.0,,False
144,patch,named,128.0,127.0,3,0.0,False,13,96,48000,53.0,0,132,12,0,0,132,12,0,0,0,0,0,2,10,74.0,6.0,0.0,0.0,,False
144,patch,named,128.0,127.0,3,0.0,False,13,97,48500,53.0,0,132,12,0,0,132,12,0,0,0,0,0,2,10,74.0,6.0,0.0,0.0,,False
144,patch,named,128.0,127.0,3,0.0,False,13,98,49000,53.0,0,132,12,0,0,132,12,0,0,0,0,0,2,10,74.0,6.0,0.0,0.0,,False
144,patch,named,128.0,127.0,3,0.0,False,13,99,49500,53.0,0,132,12,0,0,132,12,0,0,0,0,0,2,10,74.0,6.0,0.0,0.0,,False
144,patch,named,128.0,127.0,3,0.0,False,13,100,50000,53.0,0,132,12,0,0,132,12,0,0,0,0,0,2,10,74.0,6.0,0.0,0.0,,True
144,patch,named,128.0,128.0,3,0.0,False,14,0,0,128.0,0,119,25,0,0,119,20,3,2,0,0,0,1,25,0.0,0.0,0.0,0.0,,False
144,patch,named,128.0,128.0,3,0.0,False,14,1,500,96.0,0,121,23,0,0,121,22,1,0,0,0,0,1,23,32.0,16.0,0.0,0.0,,False
144,patch,named,128.0,128.0,3,0.0,False,14,2,1000,80.0,0,125,19,0,0,125,18,1,0,0,0,0,1,19,48.0,16.0,0.0,0.0,,False
144,patch,named,128.0,128.0,3,0.0,False,14,3,1500,90.0,0,125,19,0,0,125,18,1,0,0,0,0,1,19,38.0,10.0,0.0,0.0,,False
144,patch,named,128.0,128.0,3,0.0,False,14,4,2000,85.0,0,125,19,0,0,125,18,1,0,0,0,0,1,19,43.0,10.0,0.0,0.0,,False
144,patch,named,128.0,128.0,3,0.0,False,14,5,2500,68.0,2,128,14,0,2,128,14,0,0,0,1,2,1,16,60.0,11.0,0.0,0.0,,False
144,patch,named,128.0,128.0,3,0.0,False,14,6,3000,68.0,2,128,14,0,2,128,14,0,0,0,1,2,1,16,60.0,11.0,0.0,0.0,,False
144,patch,named,128.0,128.0,3,0.0,False,14,7,3500,68.0,2,128,14,0,2,128,14,0,0,0,1,2,1,16,60.0,11.0,0.0,0.0,,False
144,patch,named,128.0,128.0,3,0.0,False,14,8,4000,68.0,1,130,13,0,1,130,13,0,0,0,1,1,2,13,60.0,11.0,0.0,0.0,,False
144,patch,named,128.0,128.0,3,0.0,False,14,9,4500,68.0,1,130,13,0,1,130,13,0,0,0,1,1,2,13,60.0,11.0,0.0,0.0,,False
144,patch,named,128.0,128.0,3,0.0,False,14,10,5000,68.0,1,130,13,0,1,130,13,0,0,0,1,1,2,13,60.0,11.0,0.0,0.0,,False
144,patch,named,128.0,128.0,3,0.0,False,14,11,5500,68.0,1,130,13,0,1,130,13,0,0,0,1,1,2,13,60.0,11.0,0.0,0.0,,False
144,patch,named,128.0,128.0,3,0.0,False,14,12,6000,68.0,1,130,13,0,1,130,13,0,0,0,1,1,2,13,60.0,11.0,0.0,0.0,,False
144,patch,named,128.0,128.0,3,0.0,False,14,13,6500,68.0,1,130,13,0,1,130,13,0,0,0,1,1,2,13,60.0,11.0,0.0,0.0,,False
144,patch,named,128.0,128.0,3,0.0,False,14,14,7000,79.0,1,128,15,0,1,128,13,2,0,0,1,1,2,15,49.0,10.0,0.0,0.0,,False
144,patch,named,128.0,128.0,3,0.0,False,14,15,7500,73.0,2,128,14,0,2,128,14,0,0,0,2,1,3,14,55.0,10.0,0.0,0.0,,False
144,patch,named,128.0,128.0,3,0.0,False,14,16,8000,73.0,3,126,15,0,3,126,15,0,0,0,2,2,2,17,55.0,10.0,0.0,0.0,,False
144,patch,named,128.0,128.0,3,0.0,False,14,17,8500,73.0,3,126,15,0,3,126,15,0,0,0,2,2,2,17,55.0,10.0,0.0,0.0,,False
144,patch,named,128.0,128.0,3,0.0,False,14,18,9000,73.0,3,126,15,0,3,126,15,0,0,0,2,2,2,17,55.0,10.0,0.0,0.0,,False
144,patch,named,128.0,128.0,3,0.0,False,14,19,9500,73.0,3,126,15,0,3,126,15,0,0,0,2,2,2,17,55.0,10.0,0.0,0.0,,False
144,patch,named,128.0,128.0,3,0.0,False,14,20,10000,73.0,3,126,15,0,3,126,15,0,0,0,2,2,2,17,55.0,10.0,0.0,0.0,,False
144,patch,named,128.0,128.0,3,0.0,False,14,21,10500,79.0,1,127,16,0,1,127,15,1,0,0,1,1,2,16,49.0,6.0,0.0,0.0,,False
144,patch,named,128.0,128.0,3,0.0,False,14,22,11000,74.0,0,129,15,0,0,129,14,1,0,0,0,0,1,15,54.0,10.0,0.0,0.0,,False
144,patch,named,128.0,128.0,3,0.0,False,14,23,11500,74.0,0,129,15,0,0,129,14,1,0,0,0,0,1,15,54.0,10.0,0.0,0.0,,False
144,patch,named,128.0,128.0,3,0.0,False,14,24,12000,69.0,0,128,16,0,0,128,16,0,0,0,0,0,1,16,59.0,10.0,0.0,0.0,,False
144,patch,named,128.0,128.0,3,0.0,False,14,25,12500,52.0,0,136,8,0,0,136,8,0,0,0,0,0,3,3,76.0,11.0,0.0,0.0,,False
144,patch,named,128.0,128.0,3,0.0,False,14,26,13000,52.0,0,136,8,0,0,136,8,0,0,0,0,0,3,3,76.0,11.0,0.0,0.0,,False
144,patch,named,128.0,128.0,3,0.0,False,14,27,13500,52.0,0,136,8,0,0,136,8,0,0,0,0,0,3,3,76.0,11.0,0.0,0.0,,False
144,patch,named,128.0,128.0,3,0.0,False,14,28,14000,58.0,0,132,12,0,0,132,12,0,0,0,0,0,3,7,70.0,11.0,0.0,0.0,,False
144,patch,named,128.0,128.0,3,0.0,False,14,29,14500,52.0,0,136,8,0,0,136,8,0,0,0,0,0,3,3,76.0,11.0,0.0,0.0,,False
144,patch,named,128.0,128.0,3,0.0,False,14,30,15000,52.0,0,136,8,0,0,136,8,0,0,0,0,0,3,3,76.0,11.0,0.0,0.0,,False
144,patch,named,128.0,128.0,3,0.0,False,14,31,15500,52.0,0,136,8,0,0,136,8,0,0,0,0,0,3,3,76.0,11.0,0.0,0.0,,False
144,patch,named,128.0,128.0,3,0.0,False,14,32,16000,63.0,0,132,12,0,0,132,12,0,0,0,0,0,2,9,65.0,11.0,0.0,0.0,,False
144,patch,named,128.0,128.0,3,0.0,False,14,33,16500,52.0,0,136,8,0,0,136,8,0,0,0,0,0,3,3,76.0,11.0,0.0,0.0,,False
144,patch,named,128.0,128.0,3,0.0,False,14,34,17000,52.0,0,136,8,0,0,136,8,0,0,0,0,0,3,3,76.0,11.0,0.0,0.0,,False
144,patch,named,128.0,128.0,3,0.0,False,14,35,17500,52.0,0,136,8,0,0,136,8,0,0,0,0,0,3,3,76.0,11.0,0.0,0.0,,False
144,patch,named,128.0,128.0,3,0.0,False,14,36,18000,52.0,0,136,8,0,0,136,8,0,0,0,0,0,3,3,76.0,11.0,0.0,0.0,,False
144,patch,named,128.0,128.0,3,0.0,False,14,37,18500,52.0,0,136,8,0,0,136,8,0,0,0,0,0,3,3,76.0,11.0,0.0,0.0,,False
144,patch,named,128.0,128.0,3,0.0,False,14,38,19000,52.0,0,136,8,0,0,136,8,0,0,0,0,0,3,3,76.0,11.0,0.0,0.0,,False
144,patch,named,128.0,128.0,3,0.0,False,14,39,19500,52.0,0,136,8,0,0,136,8,0,0,0,0,0,3,3,76.0,11.0,0.0,0.0,,False
144,patch,named,128.0,128.0,3,0.0,False,14,40,20000,63.0,1,131,12,0,1,131,11,1,0,0,1,1,2,10,65.0,6.0,0.0,0.0,,False
144,patch,named,128.0,128.0,3,0.0,False,14,41,20500,52.0,0,136,8,0,0,136,8,0,0,0,0,0,3,3,76.0,11.0,0.0,0.0,,False
144,patch,named,128.0,128.0,3,0.0,False,14,42,21000,52.0,0,136,8,0,0,136,8,0,0,0,0,0,3,3,76.0,11.0,0.0,0.0,,False
144,patch,named,128.0,128.0,3,0.0,False,14,43,21500,52.0,0,136,8,0,0,136,8,0,0,0,0,0,3,3,76.0,11.0,0.0,0.0,,False
144,patch,named,128.0,128.0,3,0.0,False,14,44,22000,52.0,0,136,8,0,0,136,8,0,0,0,0,0,3,3,76.0,11.0,0.0,0.0,,False
144,patch,named,128.0,128.0,3,0.0,False,14,45,22500,52.0,0,136,8,0,0,136,8,0,0,0,0,0,3,3,76.0,11.0,0.0,0.0,,False
144,patch,named,128.0,128.0,3,0.0,False,14,46,23000,52.0,0,136,8,0,0,136,8,0,0,0,0,0,3,3,76.0,11.0,0.0,0.0,,False
144,patch,named,128.0,128.0,3,0.0,False,14,47,23500,52.0,0,136,8,0,0,136,8,0,0,0,0,0,3,3,76.0,11.0,0.0,0.0,,False
144,patch,named,128.0,128.0,3,0.0,False,14,48,24000,52.0,0,136,8,0,0,136,8,0,0,0,0,0,3,3,76.0,11.0,0.0,0.0,,False
144,patch,named,128.0,128.0,3,0.0,False,14,49,24500,52.0,0,136,8,0,0,136,8,0,0,0,0,0,3,3,76.0,11.0,0.0,0.0,,False
144,patch,named,128.0,128.0,3,0.0,False,14,50,25000,52.0,0,136,8,0,0,136,8,0,0,0,0,0,3,3,76.0,11.0,0.0,0.0,,False
144,patch,named,128.0,128.0,3,0.0,False,14,51,25500,57.0,2,132,10,0,2,132,10,0,0,0,2,1,4,7,71.0,6.0,0.0,0.0,,False
144,patch,named,128.0,128.0,3,0.0,False,14,52,26000,57.0,2,132,10,0,2,132,10,0,0,0,2,1,4,7,71.0,6.0,0.0,0.0,,False
144,patch,named,128.0,128.0,3,0.0,False,14,53,26500,52.0,0,136,8,0,0,136,8,0,0,0,0,0,3,3,76.0,6.0,0.0,0.0,,False
144,patch,named,128.0,128.0,3,0.0,False,14,54,27000,52.0,0,136,8,0,0,136,8,0,0,0,0,0,3,3,76.0,6.0,0.0,0.0,,False
144,patch,named,128.0,128.0,3,0.0,False,14,55,27500,52.0,0,136,8,0,0,136,8,0,0,0,0,0,3,3,76.0,6.0,0.0,0.0,,False
144,patch,named,128.0,128.0,3,0.0,False,14,56,28000,52.0,0,136,8,0,0,136,8,0,0,0,0,0,3,3,76.0,6.0,0.0,0.0,,False
144,patch,named,128.0,128.0,3,0.0,False,14,57,28500,52.0,0,136,8,0,0,136,8,0,0,0,0,0,3,3,76.0,6.0,0.0,0.0,,False
144,patch,named,128.0,128.0,3,0.0,False,14,58,29000,52.0,0,136,8,0,0,136,8,0,0,0,0,0,3,3,76.0,6.0,0.0,0.0,,False
144,patch,named,128.0,128.0,3,0.0,False,14,59,29500,52.0,0,136,8,0,0,136,8,0,0,0,0,0,3,3,76.0,6.0,0.0,0.0,,False
144,patch,named,128.0,128.0,3,0.0,False,14,60,30000,52.0,0,136,8,0,0,136,8,0,0,0,0,0,3,3,76.0,6.0,0.0,0.0,,False
144,patch,named,128.0,128.0,3,0.0,False,14,61,30500,52.0,0,136,8,0,0,136,8,0,0,0,0,0,3,3,76.0,6.0,0.0,0.0,,False
144,patch,named,128.0,128.0,3,0.0,False,14,62,31000,52.0,0,136,8,0,0,136,8,0,0,0,0,0,3,3,76.0,6.0,0.0,0.0,,False
144,patch,named,128.0,128.0,3,0.0,False,14,63,31500,52.0,0,136,8,0,0,136,8,0,0,0,0,0,3,3,76.0,6.0,0.0,0.0,,False
144,patch,named,128.0,128.0,3,0.0,False,14,64,32000,52.0,0,136,8,0,0,136,8,0,0,0,0,0,3,3,76.0,6.0,0.0,0.0,,False
144,patch,named,128.0,128.0,3,0.0,False,14,65,32500,52.0,0,136,8,0,0,136,8,0,0,0,0,0,3,3,76.0,6.0,0.0,0.0,,False
144,patch,named,128.0,128.0,3,0.0,False,14,66,33000,52.0,0,136,8,0,0,136,8,0,0,0,0,0,3,3,76.0,6.0,0.0,0.0,,False
144,patch,named,128.0,128.0,3,0.0,False,14,67,33500,57.0,2,132,10,0,2,132,10,0,0,0,2,1,4,7,71.0,6.0,0.0,0.0,,False
144,patch,named,128.0,128.0,3,0.0,False,14,68,34000,52.0,0,136,8,0,0,136,8,0,0,0,0,0,3,3,76.0,6.0,0.0,0.0,,False
144,patch,named,128.0,128.0,3,0.0,False,14,69,34500,52.0,0,136,8,0,0,136,8,0,0,0,0,0,3,3,76.0,6.0,0.0,0.0,,False
144,patch,named,128.0,128.0,3,0.0,False,14,70,35000,52.0,0,136,8,0,0,136,8,0,0,0,0,0,3,3,76.0,6.0,0.0,0.0,,False
144,patch,named,128.0,128.0,3,0.0,False,14,71,35500,52.0,0,136,8,0,0,136,8,0,0,0,0,0,3,3,76.0,6.0,0.0,0.0,,False
144,patch,named,128.0,128.0,3,0.0,False,14,72,36000,52.0,0,136,8,0,0,136,8,0,0,0,0,0,3,3,76.0,6.0,0.0,0.0,,False
144,patch,named,128.0,128.0,3,0.0,False,14,73,36500,52.0,0,136,8,0,0,136,8,0,0,0,0,0,3,3,76.0,6.0,0.0,0.0,,False
144,patch,named,128.0,128.0,3,0.0,False,14,74,37000,52.0,0,136,8,0,0,136,8,0,0,0,0,0,3,3,76.0,6.0,0.0,0.0,,False
144,patch,named,128.0,128.0,3,0.0,False,14,75,37500,52.0,0,136,8,0,0,136,8,0,0,0,0,0,3,3,76.0,6.0,0.0,0.0,,False
144,patch,named,128.0,128.0,3,0.0,False,14,76,38000,52.0,0,136,8,0,0,136,8,0,0,0,0,0,3,3,76.0,6.0,0.0,0.0,,False
144,patch,named,128.0,128.0,3,0.0,False,14,77,38500,52.0,0,136,8,0,0,136,8,0,0,0,0,0,3,3,76.0,6.0,0.0,0.0,,False
144,patch,named,128.0,128.0,3,0.0,False,14,78,39000,52.0,0,136,8,0,0,136,8,0,0,0,0,0,3,3,76.0,6.0,0.0,0.0,,False
144,patch,named,128.0,128.0,3,0.0,False,14,79,39500,52.0,0,136,8,0,0,136,8,0,0,0,0,0,3,3,76.0,6.0,0.0,0.0,,False
144,patch,named,128.0,128.0,3,0.0,False,14,80,40000,52.0,0,136,8,0,0,136,8,0,0,0,0,0,3,3,76.0,6.0,0.0,0.0,,False
144,patch,named,128.0,128.0,3,0.0,False,14,81,40500,57.0,2,132,10,0,2,132,10,0,0,0,2,1,4,7,71.0,6.0,0.0,0.0,,False
144,patch,named,128.0,128.0,3,0.0,False,14,82,41000,52.0,0,136,8,0,0,136,8,0,0,0,0,0,3,3,76.0,6.0,0.0,0.0,,False
144,patch,named,128.0,128.0,3,0.0,False,14,83,41500,52.0,0,136,8,0,0,136,8,0,0,0,0,0,3,3,76.0,6.0,0.0,0.0,,False
144,patch,named,128.0,128.0,3,0.0,False,14,84,42000,52.0,0,136,8,0,0,136,8,0,0,0,0,0,3,3,76.0,6.0,0.0,0.0,,False
144,patch,named,128.0,128.0,3,0.0,False,14,85,42500,52.0,0,136,8,0,0,136,8,0,0,0,0,0,3,3,76.0,6.0,0.0,0.0,,False
144,patch,named,128.0,128.0,3,0.0,False,14,86,43000,52.0,0,136,8,0,0,136,8,0,0,0,0,0,3,3,76.0,6.0,0.0,0.0,,False
144,patch,named,128.0,128.0,3,0.0,False,14,87,43500,52.0,0,136,8,0,0,136,8,0,0,0,0,0,3,3,76.0,6.0,0.0,0.0,,False
144,patch,named,128.0,128.0,3,0.0,False,14,88,44000,52.0,0,136,8,0,0,136,8,0,0,0,0,0,3,3,76.0,6.0,0.0,0.0,,False
144,patch,named,128.0,128.0,3,0.0,False,14,89,44500,52.0,0,136,8,0,0,136,8,0,0,0,0,0,3,3,76.0,6.0,0.0,0.0,,False
144,patch,named,128.0,128.0,3,0.0,False,14,90,45000,52.0,0,136,8,0,0,136,8,0,0,0,0,0,3,3,76.0,6.0,0.0,0.0,,False
144,patch,named,128.0,128.0,3,0.0,False,14,91,45500,52.0,0,136,8,0,0,136,8,0,0,0,0,0,3,3,76.0,6.0,0.0,0.0,,False
144,patch,named,128.0,128.0,3,0.0,False,14,92,46000,52.0,0,136,8,0,0,136,8,0,0,0,0,0,3,3,76.0,6.0,0.0,0.0,,False
144,patch,named,128.0,128.0,3,0.0,False,14,93,46500,52.0,0,136,8,0,0,136,8,0,0,0,0,0,3,3,76.0,6.0,0.0,0.0,,False
144,patch,named,128.0,128.0,3,0.0,False,14,94,47000,52.0,0,136,8,0,0,136,8,0,0,0,0,0,3,3,76.0,6.0,0.0,0.0,,False
144,patch,named,128.0,128.0,3,0.0,False,14,95,47500,52.0,0,136,8,0,0,136,8,0,0,0,0,0,3,3,76.0,6.0,0.0,0.0,,False
144,patch,named,128.0,128.0,3,0.0,False,14,96,48000,52.0,0,136,8,0,0,136,8,0,0,0,0,0,3,3,76.0,6.0,0.0,0.0,,False
144,patch,named,128.0,128.0,3,0.0,False,14,97,48500,57.0,2,132,10,0,2,132,10,0,0,0,2,1,4,7,71.0,6.0,0.0,0.0,,False
144,patch,named,128.0,128.0,3,0.0,False,14,98,49000,52.0,0,136,8,0,0,136,8,0,0,0,0,0,3,3,76.0,6.0,0.0,0.0,,False
144,patch,named,128.0,128.0,3,0.0,False,14,99,49500,52.0,0,136,8,0,0,136,8,0,0,0,0,0,3,3,76.0,6.0,0.0,0.0,,False
144,patch,named,128.0,128.0,3,0.0,False,14,100,50000,52.0,0,136,8,0,0,136,8,0,0,0,0,0,3,3,76.0,6.0,0.0,0.0,,True
144,patch,named,128.0,128.0,3,0.0,False,15,0,0,128.0,0,120,24,0,0,120,16,8,0,0,0,0,1,24,0.0,0.0,0.0,0.0,,False
144,patch,named,128.0,128.0,3,0.0,False,15,1,500,85.0,0,126,18,0,0,126,16,2,0,0,0,0,2,14,43.0,16.0,0.0,0.0,,False
144,patch,named,128.0,128.0,3,0.0,False,15,2,1000,58.0,0,132,12,0,0,132,12,0,0,0,0,0,2,8,70.0,16.0,0.0,0.0,,False
144,patch,named,128.0,128.0,3,0.0,False,15,3,1500,74.0,0,128,16,0,0,128,16,0,0,0,0,0,2,12,54.0,10.0,0.0,0.0,,False
144,patch,named,128.0,128.0,3,0.0,False,15,4,2000,58.0,0,132,12,0,0,132,12,0,0,0,0,0,2,8,70.0,16.0,0.0,0.0,,False
144,patch,named,128.0,128.0,3,0.0,False,15,5,2500,58.0,0,132,12,0,0,132,12,0,0,0,0,0,2,8,70.0,16.0,0.0,0.0,,False
144,patch,named,128.0,128.0,3,0.0,False,15,6,3000,58.0,0,132,12,0,0,132,12,0,0,0,0,0,2,8,70.0,16.0,0.0,0.0,,False
144,patch,named,128.0,128.0,3,0.0,False,15,7,3500,58.0,0,132,12,0,0,132,12,0,0,0,0,0,2,8,70.0,16.0,0.0,0.0,,False
144,patch,named,128.0,128.0,3,0.0,False,15,8,4000,58.0,0,132,12,0,0,132,12,0,0,0,0,0,2,8,70.0,16.0,0.0,0.0,,False
144,patch,named,128.0,128.0,3,0.0,False,15,9,4500,58.0,0,132,12,0,0,132,12,0,0,0,0,0,2,8,70.0,15.0,0.0,0.0,,False
144,patch,named,128.0,128.0,3,0.0,False,15,10,5000,58.0,0,132,12,0,0,132,12,0,0,0,0,0,2,8,70.0,15.0,0.0,0.0,,False
144,patch,named,128.0,128.0,3,0.0,False,15,11,5500,58.0,0,132,12,0,0,132,12,0,0,0,0,0,2,8,70.0,15.0,0.0,0.0,,False
144,patch,named,128.0,128.0,3,0.0,False,15,12,6000,58.0,0,132,12,0,0,132,12,0,0,0,0,0,2,8,70.0,15.0,0.0,0.0,,False
144,patch,named,128.0,128.0,3,0.0,False,15,13,6500,58.0,0,132,12,0,0,132,12,0,0,0,0,0,2,8,70.0,15.0,0.0,0.0,,False
144,patch,named,128.0,128.0,3,0.0,False,15,14,7000,62.0,4,128,12,0,4,128,12,0,0,0,2,3,4,6,66.0,10.0,0.0,0.0,,False
144,patch,named,128.0,128.0,3,0.0,False,15,15,7500,62.0,5,126,13,0,5,126,13,0,0,0,2,4,2,17,66.0,10.0,0.0,0.0,,False
144,patch,named,128.0,128.0,3,0.0,False,15,16,8000,63.0,1,130,13,0,1,130,13,0,0,0,1,1,4,8,65.0,10.0,0.0,0.0,,False
144,patch,named,128.0,128.0,3,0.0,False,15,17,8500,63.0,1,130,13,0,1,130,13,0,0,0,1,1,4,8,65.0,10.0,0.0,0.0,,False
144,patch,named,128.0,128.0,3,0.0,False,15,18,9000,63.0,1,130,13,0,1,130,13,0,0,0,1,1,4,8,65.0,10.0,0.0,0.0,,False
144,patch,named,128.0,128.0,3,0.0,False,15,19,9500,63.0,1,130,13,0,1,130,13,0,0,0,1,1,4,8,65.0,10.0,0.0,0.0,,False
144,patch,named,128.0,128.0,3,0.0,False,15,20,10000,63.0,1,130,13,0,1,130,13,0,0,0,1,1,4,8,65.0,10.0,0.0,0.0,,False
144,patch,named,128.0,128.0,3,0.0,False,15,21,10500,63.0,1,130,13,0,1,130,13,0,0,0,1,1,4,8,65.0,10.0,0.0,0.0,,False
144,patch,named,128.0,128.0,3,0.0,False,15,22,11000,63.0,1,130,13,0,1,130,13,0,0,0,1,1,4,8,65.0,10.0,0.0,0.0,,False
144,patch,named,128.0,128.0,3,0.0,False,15,23,11500,58.0,1,130,13,0,1,130,13,0,0,0,1,1,4,9,70.0,10.0,0.0,0.0,,False
144,patch,named,128.0,128.0,3,0.0,False,15,24,12000,58.0,1,130,13,0,1,130,13,0,0,0,1,1,4,9,70.0,10.0,0.0,0.0,,False
144,patch,named,128.0,128.0,3,0.0,False,15,25,12500,62.0,2,133,9,0,2,133,8,1,0,0,2,1,5,5,66.0,11.0,0.0,0.0,,False
144,patch,named,128.0,128.0,3,0.0,False,15,26,13000,57.0,2,132,10,0,2,132,10,0,0,0,2,1,5,5,71.0,11.0,0.0,0.0,,False
144,patch,named,128.0,128.0,3,0.0,False,15,27,13500,62.0,4,129,11,0,4,129,10,1,0,0,2,3,3,9,66.0,11.0,0.0,0.0,,False
144,patch,named,128.0,128.0,3,0.0,False,15,28,14000,57.0,2,132,10,0,2,132,10,0,0,0,2,1,5,5,71.0,11.0,0.0,0.0,,False
144,patch,named,128.0,128.0,3,0.0,False,15,29,14500,57.0,2,132,10,0,2,132,10,0,0,0,2,1,5,5,71.0,11.0,0.0,0.0,,False
144,patch,named,128.0,128.0,3,0.0,False,15,30,15000,57.0,2,132,10,0,2,132,10,0,0,0,2,1,5,5,71.0,11.0,0.0,0.0,,False
144,patch,named,128.0,128.0,3,0.0,False,15,31,15500,62.0,3,130,11,0,3,130,11,0,0,0,2,2,4,6,66.0,11.0,0.0,0.0,,False
144,patch,named,128.0,128.0,3,0.0,False,15,32,16000,56.0,5,130,9,0,5,130,9,0,0,0,2,3,3,8,72.0,11.0,0.0,0.0,,False
144,patch,named,128.0,128.0,3,0.0,False,15,33,16500,56.0,5,130,9,0,5,130,9,0,0,0,2,3,3,8,72.0,11.0,0.0,0.0,,False
144,patch,named,128.0,128.0,3,0.0,False,15,34,17000,56.0,5,130,9,0,5,130,9,0,0,0,2,3,3,8,72.0,11.0,0.0,0.0,,False
144,patch,named,128.0,128.0,3,0.0,False,15,35,17500,67.0,3,131,10,0,3,131,9,1,0,0,2,2,3,9,61.0,6.0,0.0,0.0,,False
144,patch,named,128.0,128.0,3,0.0,False,15,36,18000,52.0,3,130,11,0,3,130,11,0,0,0,1,3,3,9,76.0,15.0,0.0,0.0,,False
144,patch,named,128.0,128.0,3,0.0,False,15,37,18500,52.0,3,130,11,0,3,130,11,0,0,0,1,3,3,9,76.0,15.0,0.0,0.0,,False
144,patch,named,128.0,128.0,3,0.0,False,15,38,19000,52.0,3,130,11,0,3,130,11,0,0,0,1,3,3,9,76.0,16.0,0.0,0.0,,False
144,patch,named,128.0,128.0,3,0.0,False,15,39,19500,52.0,3,130,11,0,3,130,11,0,0,0,1,3,3,9,76.0,16.0,0.0,0.0,,False
144,patch,named,128.0,128.0,3,0.0,False,15,40,20000,52.0,3,130,11,0,3,130,11,0,0,0,1,3,3,9,76.0,16.0,0.0,0.0,,False
144,patch,named,128.0,128.0,3,0.0,False,15,41,20500,52.0,3,130,11,0,3,130,11,0,0,0,1,3,3,9,76.0,16.0,0.0,0.0,,False
144,patch,named,128.0,128.0,3,0.0,False,15,42,21000,52.0,3,130,11,0,3,130,11,0,0,0,1,3,3,9,76.0,15.0,0.0,0.0,,False
144,patch,named,128.0,128.0,3,0.0,False,15,43,21500,52.0,3,130,11,0,3,130,11,0,0,0,1,3,3,9,76.0,15.0,0.0,0.0,,False
144,patch,named,128.0,128.0,3,0.0,False,15,44,22000,52.0,3,130,11,0,3,130,11,0,0,0,1,3,3,9,76.0,15.0,0.0,0.0,,False
144,patch,named,128.0,128.0,3,0.0,False,15,45,22500,52.0,3,130,11,0,3,130,11,0,0,0,1,3,3,9,76.0,15.0,0.0,0.0,,False
144,patch,named,128.0,128.0,3,0.0,False,15,46,23000,53.0,0,132,12,0,0,132,12,0,0,0,0,0,2,10,75.0,11.0,0.0,0.0,,False
144,patch,named,128.0,128.0,3,0.0,False,15,47,23500,53.0,0,132,12,0,0,132,12,0,0,0,0,0,2,10,75.0,11.0,0.0,0.0,,False
144,patch,named,128.0,128.0,3,0.0,False,15,48,24000,53.0,0,132,12,0,0,132,12,0,0,0,0,0,2,10,75.0,11.0,0.0,0.0,,False
144,patch,named,128.0,128.0,3,0.0,False,15,49,24500,47.0,0,136,8,0,0,136,8,0,0,0,0,0,1,8,81.0,12.0,0.0,0.0,,False
144,patch,named,128.0,128.0,3,0.0,False,15,50,25000,47.0,0,136,8,0,0,136,8,0,0,0,0,0,1,8,81.0,11.0,0.0,0.0,,False
144,patch,named,128.0,128.0,3,0.0,False,15,51,25500,47.0,0,136,8,0,0,136,8,0,0,0,0,0,1,8,81.0,11.0,0.0,0.0,,False
144,patch,named,128.0,128.0,3,0.0,False,15,52,26000,47.0,0,136,8,0,0,136,8,0,0,0,0,0,1,8,81.0,11.0,0.0,0.0,,False
144,patch,named,128.0,128.0,3,0.0,False,15,53,26500,47.0,0,136,8,0,0,136,8,0,0,0,0,0,1,8,81.0,11.0,0.0,0.0,,False
144,patch,named,128.0,128.0,3,0.0,False,15,54,27000,47.0,0,136,8,0,0,136,8,0,0,0,0,0,1,8,81.0,11.0,0.0,0.0,,False
144,patch,named,128.0,128.0,3,0.0,False,15,55,27500,47.0,0,136,8,0,0,136,8,0,0,0,0,0,1,8,81.0,11.0,0.0,0.0,,False
144,patch,named,128.0,128.0,3,0.0,False,15,56,28000,47.0,0,136,8,0,0,136,8,0,0,0,0,0,1,8,81.0,11.0,0.0,0.0,,False
144,patch,named,128.0,128.0,3,0.0,False,15,57,28500,47.0,0,136,8,0,0,136,8,0,0,0,0,0,1,8,81.0,11.0,0.0,0.0,,False
144,patch,named,128.0,128.0,3,0.0,False,15,58,29000,47.0,0,136,8,0,0,136,8,0,0,0,0,0,1,8,81.0,11.0,0.0,0.0,,False
144,patch,named,128.0,128.0,3,0.0,False,15,59,29500,47.0,0,136,8,0,0,136,8,0,0,0,0,0,1,8,81.0,11.0,0.0,0.0,,False
144,patch,named,128.0,128.0,3,0.0,False,15,60,30000,47.0,0,136,8,0,0,136,8,0,0,0,0,0,1,8,81.0,11.0,0.0,0.0,,False
144,patch,named,128.0,128.0,3,0.0,False,15,61,30500,47.0,0,136,8,0,0,136,8,0,0,0,0,0,1,8,81.0,11.0,0.0,0.0,,False
144,patch,named,128.0,128.0,3,0.0,False,15,62,31000,47.0,0,136,8,0,0,136,8,0,0,0,0,0,1,8,81.0,11.0,0.0,0.0,,False
144,patch,named,128.0,128.0,3,0.0,False,15,63,31500,58.0,0,133,11,0,0,133,10,1,0,0,0,0,1,11,70.0,11.0,0.0,0.0,,False
144,patch,named,128.0,128.0,3,0.0,False,15,64,32000,47.0,0,136,8,0,0,136,8,0,0,0,0,0,1,8,81.0,11.0,0.0,0.0,,False
144,patch,named,128.0,128.0,3,0.0,False,15,65,32500,47.0,0,136,8,0,0,136,8,0,0,0,0,0,1,8,81.0,11.0,0.0,0.0,,False
144,patch,named,128.0,128.0,3,0.0,False,15,66,33000,47.0,0,136,8,0,0,136,8,0,0,0,0,0,1,8,81.0,11.0,0.0,0.0,,False
144,patch,named,128.0,128.0,3,0.0,False,15,67,33500,58.0,0,133,11,0,0,133,10,1,0,0,0,0,1,11,70.0,6.0,0.0,0.0,,False
144,patch,named,128.0,128.0,3,0.0,False,15,68,34000,63.0,2,129,13,0,2,129,12,1,0,0,1,2,1,15,65.0,6.0,0.0,0.0,,False
144,patch,named,128.0,128.0,3,0.0,False,15,69,34500,53.0,0,132,12,0,0,132,12,0,0,0,0,0,1,12,75.0,6.0,0.0,0.0,,False
144,patch,named,128.0,128.0,3,0.0,False,15,70,35000,53.0,0,132,12,0,0,132,12,0,0,0,0,0,1,12,75.0,6.0,0.0,0.0,,False
144,patch,named,128.0,128.0,3,0.0,False,15,71,35500,58.0,1,131,12,0,1,131,11,1,0,0,1,1,1,13,70.0,6.0,0.0,0.0,,False
144,patch,named,128.0,128.0,3,0.0,False,15,72,36000,53.0,0,133,11,0,0,133,10,1,0,0,0,0,1,11,75.0,6.0,0.0,0.0,,False
144,patch,named,128.0,128.0,3,0.0,False,15,73,36500,53.0,0,133,11,0,0,133,10,1,0,0,0,0,1,11,75.0,6.0,0.0,0.0,,False
144,patch,named,128.0,128.0,3,0.0,False,15,74,37000,53.0,0,133,11,0,0,133,10,1,0,0,0,0,1,11,75.0,6.0,0.0,0.0,,False
144,patch,named,128.0,128.0,3,0.0,False,15,75,37500,58.0,1,131,12,0,1,131,11,1,0,0,1,1,2,12,70.0,6.0,0.0,0.0,,False
144,patch,named,128.0,128.0,3,0.0,False,15,76,38000,53.0,0,133,11,0,0,133,10,1,0,0,0,0,1,11,75.0,6.0,0.0,0.0,,False
144,patch,named,128.0,128.0,3,0.0,False,15,77,38500,53.0,0,133,11,0,0,133,10,1,0,0,0,0,1,11,75.0,6.0,0.0,0.0,,False
144,patch,named,128.0,128.0,3,0.0,False,15,78,39000,53.0,0,133,11,0,0,133,10,1,0,0,0,0,1,11,75.0,6.0,0.0,0.0,,False
144,patch,named,128.0,128.0,3,0.0,False,15,79,39500,53.0,0,133,11,0,0,133,10,1,0,0,0,0,1,11,75.0,10.0,0.0,0.0,,False
144,patch,named,128.0,128.0,3,0.0,False,15,80,40000,53.0,0,133,11,0,0,133,10,1,0,0,0,0,1,11,75.0,10.0,0.0,0.0,,False
144,patch,named,128.0,128.0,3,0.0,False,15,81,40500,53.0,0,133,11,0,0,133,10,1,0,0,0,0,1,11,75.0,10.0,0.0,0.0,,False
144,patch,named,128.0,128.0,3,0.0,False,15,82,41000,53.0,0,133,11,0,0,133,10,1,0,0,0,0,1,11,75.0,10.0,0.0,0.0,,False
144,patch,named,128.0,128.0,3,0.0,False,15,83,41500,53.0,0,133,11,0,0,133,10,1,0,0,0,0,1,11,75.0,10.0,0.0,0.0,,False
144,patch,named,128.0,128.0,3,0.0,False,15,84,42000,53.0,0,133,11,0,0,133,10,1,0,0,0,0,1,11,75.0,10.0,0.0,0.0,,False
144,patch,named,128.0,128.0,3,0.0,False,15,85,42500,52.0,2,132,10,0,2,132,10,0,0,0,2,1,3,10,76.0,10.0,0.0,0.0,,False
144,patch,named,128.0,128.0,3,0.0,False,15,86,43000,52.0,2,132,10,0,2,132,10,0,0,0,2,1,3,10,76.0,10.0,0.0,0.0,,False
144,patch,named,128.0,128.0,3,0.0,False,15,87,43500,52.0,2,132,10,0,2,132,10,0,0,0,2,1,3,10,76.0,10.0,0.0,0.0,,False
144,patch,named,128.0,128.0,3,0.0,False,15,88,44000,52.0,2,132,10,0,2,132,10,0,0,0,2,1,3,10,76.0,10.0,0.0,0.0,,False
144,patch,named,128.0,128.0,3,0.0,False,15,89,44500,52.0,2,132,10,0,2,132,10,0,0,0,2,1,3,10,76.0,10.0,0.0,0.0,,False
144,patch,named,128.0,128.0,3,0.0,False,15,90,45000,52.0,2,132,10,0,2,132,10,0,0,0,2,1,3,10,76.0,10.0,0.0,0.0,,False
144,patch,named,128.0,128.0,3,0.0,False,15,91,45500,52.0,2,132,10,0,2,132,10,0,0,0,2,1,3,10,76.0,10.0,0.0,0.0,,False
144,patch,named,128.0,128.0,3,0.0,False,15,92,46000,52.0,2,132,10,0,2,132,10,0,0,0,2,1,3,10,76.0,10.0,0.0,0.0,,False
144,patch,named,128.0,128.0,3,0.0,False,15,93,46500,52.0,2,132,10,0,2,132,10,0,0,0,2,1,3,10,76.0,10.0,0.0,0.0,,False
144,patch,named,128.0,128.0,3,0.0,False,15,94,47000,52.0,2,132,10,0,2,132,10,0,0,0,2,1,3,10,76.0,10.0,0.0,0.0,,False
144,patch,named,128.0,128.0,3,0.0,False,15,95,47500,52.0,2,132,10,0,2,132,10,0,0,0,2,1,3,10,76.0,10.0,0.0,0.0,,False
144,patch,named,128.0,128.0,3,0.0,False,15,96,48000,52.0,2,132,10,0,2,132,10,0,0,0,2,1,3,10,76.0,10.0,0.0,0.0,,False
144,patch,named,128.0,128.0,3,0.0,False,15,97,48500,52.0,2,132,10,0,2,132,10,0,0,0,2,1,3,10,76.0,10.0,0.0,0.0,,False
144,patch,named,128.0,128.0,3,0.0,False,15,98,49000,52.0,2,132,10,0,2,132,10,0,0,0,2,1,3,10,76.0,10.0,0.0,0.0,,False
144,patch,named,128.0,128.0,3,0.0,False,15,99,49500,63.0,1,130,13,0,1,130,13,0,0,0,1,1,2,13,65.0,6.0,0.0,0.0,,False
144,patch,named,128.0,128.0,3,0.0,False,15,100,50000,53.0,0,133,11,0,0,133,10,1,0,0,0,0,1,11,75.0,6.0,0.0,0.0,,True
144,patch,named,128.0,128.0,3,0.0,False,16,0,0,128.0,0,122,22,0,0,122,15,4,3,0,0,0,1,22,0.0,0.0,0.0,0.0,,False
144,patch,named,128.0,128.0,3,0.0,False,16,1,500,73.0,2,129,13,0,2,129,12,1,0,0,2,1,5,9,55.0,22.0,0.0,0.0,,False
144,patch,named,128.0,128.0,3,0.0,False,16,2,1000,79.0,1,126,17,0,1,126,17,0,0,0,1,1,3,16,49.0,11.0,0.0,0.0,,False
144,patch,named,128.0,128.0,3,0.0,False,16,3,1500,68.0,2,128,14,0,2,128,14,0,0,0,2,1,3,14,60.0,11.0,0.0,0.0,,False
144,patch,named,128.0,128.0,3,0.0,False,16,4,2000,68.0,2,129,13,0,2,129,12,1,0,0,2,1,3,13,60.0,11.0,0.0,0.0,,False
144,patch,named,128.0,128.0,3,0.0,False,16,5,2500,68.0,2,129,13,0,2,129,12,1,0,0,2,1,3,13,60.0,11.0,0.0,0.0,,False
144,patch,named,128.0,128.0,3,0.0,False,16,6,3000,68.0,2,128,14,0,2,128,14,0,0,0,2,1,3,14,60.0,11.0,0.0,0.0,,False
144,patch,named,128.0,128.0,3,0.0,False,16,7,3500,68.0,2,128,14,0,2,128,14,0,0,0,2,1,3,14,60.0,10.0,0.0,0.0,,False
144,patch,named,128.0,128.0,3,0.0,False,16,8,4000,68.0,1,130,13,0,1,130,13,0,0,0,1,1,2,13,60.0,10.0,0.0,0.0,,False
144,patch,named,128.0,128.0,3,0.0,False,16,9,4500,68.0,1,130,13,0,1,130,13,0,0,0,1,1,2,13,60.0,10.0,0.0,0.0,,False
144,patch,named,128.0,128.0,3,0.0,False,16,10,5000,56.0,4,132,8,0,4,132,8,0,0,0,2,2,4,5,72.0,10.0,0.0,0.0,,False
144,patch,named,128.0,128.0,3,0.0,False,16,11,5500,57.0,3,130,11,0,3,130,11,0,0,0,2,2,4,9,71.0,6.0,0.0,0.0,,False
144,patch,named,128.0,128.0,3,0.0,False,16,12,6000,63.0,2,129,13,0,2,129,12,1,0,0,1,2,2,13,65.0,6.0,0.0,0.0,,False
144,patch,named,128.0,128.0,3,0.0,False,16,13,6500,57.0,3,130,11,0,3,130,11,0,0,0,2,2,4,9,71.0,6.0,0.0,0.0,,False
144,patch,named,128.0,128.0,3,0.0,False,16,14,7000,64.0,0,129,15,0,0,129,14,1,0,0,0,0,3,11,64.0,6.0,0.0,0.0,,False
144,patch,named,128.0,128.0,3,0.0,False,16,15,7500,64.0,0,128,16,0,0,128,16,0,0,0,0,0,2,14,64.0,6.0,0.0,0.0,,False
144,patch,named,128.0,128.0,3,0.0,False,16,16,8000,58.0,1,130,13,0,1,130,13,0,0,0,1,1,3,11,70.0,6.0,0.0,0.0,,False
144,patch,named,128.0,128.0,3,0.0,False,16,17,8500,58.0,1,130,13,0,1,130,13,0,0,0,1,1,3,11,70.0,6.0,0.0,0.0,,False
144,patch,named,128.0,128.0,3,0.0,False,16,18,9000,58.0,1,130,13,0,1,130,13,0,0,0,1,1,3,11,70.0,6.0,0.0,0.0,,False
144,patch,named,128.0,128.0,3,0.0,False,16,19,9500,58.0,1,130,13,0,1,130,13,0,0,0,1,1,3,11,70.0,6.0,0.0,0.0,,False
144,patch,named,128.0,128.0,3,0.0,False,16,20,10000,58.0,1,130,13,0,1,130,13,0,0,0,1,1,3,11,70.0,6.0,0.0,0.0,,False
144,patch,named,128.0,128.0,3,0.0,False,16,21,10500,58.0,1,130,13,0,1,130,13,0,0,0,1,1,3,11,70.0,6.0,0.0,0.0,,False
144,patch,named,128.0,128.0,3,0.0,False,16,22,11000,58.0,1,130,13,0,1,130,13,0,0,0,1,1,3,11,70.0,6.0,0.0,0.0,,False
144,patch,named,128.0,128.0,3,0.0,False,16,23,11500,58.0,1,130,13,0,1,130,13,0,0,0,1,1,3,11,70.0,6.0,0.0,0.0,,False
144,patch,named,128.0,128.0,3,0.0,False,16,24,12000,58.0,1,130,13,0,1,130,13,0,0,0,1,1,3,11,70.0,10.0,0.0,0.0,,False
144,patch,named,128.0,128.0,3,0.0,False,16,25,12500,58.0,1,130,13,0,1,130,13,0,0,0,1,1,3,11,70.0,10.0,0.0,0.0,,False
144,patch,named,128.0,128.0,3,0.0,False,16,26,13000,58.0,1,130,13,0,1,130,13,0,0,0,1,1,3,11,70.0,10.0,0.0,0.0,,False
144,patch,named,128.0,128.0,3,0.0,False,16,27,13500,58.0,1,130,13,0,1,130,13,0,0,0,1,1,3,11,70.0,10.0,0.0,0.0,,False
144,patch,named,128.0,128.0,3,0.0,False,16,28,14000,58.0,1,130,13,0,1,130,13,0,0,0,1,1,3,11,70.0,10.0,0.0,0.0,,False
144,patch,named,128.0,128.0,3,0.0,False,16,29,14500,58.0,1,130,13,0,1,130,13,0,0,0,1,1,3,11,70.0,10.0,0.0,0.0,,False
144,patch,named,128.0,128.0,3,0.0,False,16,30,15000,58.0,1,130,13,0,1,130,13,0,0,0,1,1,3,11,70.0,10.0,0.0,0.0,,False
144,patch,named,128.0,128.0,3,0.0,False,16,31,15500,58.0,1,130,13,0,1,130,13,0,0,0,1,1,3,11,70.0,10.0,0.0,0.0,,False
144,patch,named,128.0,128.0,3,0.0,False,16,32,16000,58.0,1,130,13,0,1,130,13,0,0,0,1,1,3,11,70.0,10.0,0.0,0.0,,False
144,patch,named,128.0,128.0,3,0.0,False,16,33,16500,58.0,1,130,13,0,1,130,13,0,0,0,1,1,3,11,70.0,10.0,0.0,0.0,,False
144,patch,named,128.0,128.0,3,0.0,False,16,34,17000,63.0,1,131,12,0,1,131,11,1,0,0,1,1,4,5,65.0,10.0,0.0,0.0,,False
144,patch,named,128.0,128.0,3,0.0,False,16,35,17500,58.0,1,130,13,0,1,130,13,0,0,0,1,1,3,11,70.0,10.0,0.0,0.0,,False
144,patch,named,128.0,128.0,3,0.0,False,16,36,18000,58.0,1,130,13,0,1,130,13,0,0,0,1,1,3,11,70.0,10.0,0.0,0.0,,False
144,patch,named,128.0,128.0,3,0.0,False,16,37,18500,58.0,1,130,13,0,1,130,13,0,0,0,1,1,3,11,70.0,10.0,0.0,0.0,,False
144,patch,named,128.0,128.0,3,0.0,False,16,38,19000,58.0,1,130,13,0,1,130,13,0,0,0,1,1,3,11,70.0,10.0,0.0,0.0,,False
144,patch,named,128.0,128.0,3,0.0,False,16,39,19500,64.0,0,128,16,0,0,128,16,0,0,0,0,0,3,12,64.0,10.0,0.0,0.0,,False
144,patch,named,128.0,128.0,3,0.0,False,16,40,20000,64.0,0,128,16,0,0,128,16,0,0,0,0,0,3,12,64.0,10.0,0.0,0.0,,False
144,patch,named,128.0,128.0,3,0.0,False,16,41,20500,63.0,2,129,13,0,2,129,12,1,0,0,1,2,2,13,65.0,6.0,0.0,0.0,,False
144,patch,named,128.0,128.0,3,0.0,False,16,42,21000,63.0,2,129,13,0,2,129,12,1,0,0,1,2,2,13,65.0,6.0,0.0,0.0,,False
144,patch,named,128.0,128.0,3,0.0,False,16,43,21500,58.0,1,130,13,0,1,130,13,0,0,0,1,1,2,12,70.0,6.0,0.0,0.0,,False
144,patch,named,128.0,128.0,3,0.0,False,16,44,22000,58.0,1,130,13,0,1,130,13,0,0,0,1,1,2,12,70.0,6.0,0.0,0.0,,False
144,patch,named,128.0,128.0,3,0.0,False,16,45,22500,58.0,1,130,13,0,1,130,13,0,0,0,1,1,2,12,70.0,6.0,0.0,0.0,,False
144,patch,named,128.0,128.0,3,0.0,False,16,46,23000,58.0,1,130,13,0,1,130,13,0,0,0,1,1,2,12,70.0,6.0,0.0,0.0,,False
144,patch,named,128.0,128.0,3,0.0,False,16,47,23500,58.0,1,130,13,0,1,130,13,0,0,0,1,1,2,12,70.0,6.0,0.0,0.0,,False
144,patch,named,128.0,128.0,3,0.0,False,16,48,24000,58.0,1,130,13,0,1,130,13,0,0,0,1,1,2,12,70.0,6.0,0.0,0.0,,False
144,patch,named,128.0,128.0,3,0.0,False,16,49,24500,58.0,1,130,13,0,1,130,13,0,0,0,1,1,2,12,70.0,6.0,0.0,0.0,,False
144,patch,named,128.0,128.0,3,0.0,False,16,50,25000,58.0,1,130,13,0,1,130,13,0,0,0,1,1,2,12,70.0,6.0,0.0,0.0,,False
144,patch,named,128.0,128.0,3,0.0,False,16,51,25500,58.0,1,130,13,0,1,130,13,0,0,0,1,1,2,12,70.0,6.0,0.0,0.0,,False
144,patch,named,128.0,128.0,3,0.0,False,16,52,26000,58.0,1,130,13,0,1,130,13,0,0,0,1,1,2,12,70.0,6.0,0.0,0.0,,False
144,patch,named,128.0,128.0,3,0.0,False,16,53,26500,58.0,1,130,13,0,1,130,13,0,0,0,1,1,2,12,70.0,6.0,0.0,0.0,,False
144,patch,named,128.0,128.0,3,0.0,False,16,54,27000,58.0,1,130,13,0,1,130,13,0,0,0,1,1,2,12,70.0,6.0,0.0,0.0,,False
144,patch,named,128.0,128.0,3,0.0,False,16,55,27500,58.0,1,130,13,0,1,130,13,0,0,0,1,1,2,12,70.0,6.0,0.0,0.0,,False
144,patch,named,128.0,128.0,3,0.0,False,16,56,28000,63.0,2,129,13,0,2,129,12,1,0,0,1,2,2,13,65.0,6.0,0.0,0.0,,False
144,patch,named,128.0,128.0,3,0.0,False,16,57,28500,58.0,1,130,13,0,1,130,13,0,0,0,1,1,2,12,70.0,6.0,0.0,0.0,,False
144,patch,named,128.0,128.0,3,0.0,False,16,58,29000,58.0,1,130,13,0,1,130,13,0,0,0,1,1,2,12,70.0,6.0,0.0,0.0,,False
144,patch,named,128.0,128.0,3,0.0,False,16,59,29500,63.0,2,129,13,0,2,129,12,1,0,0,1,2,2,13,65.0,6.0,0.0,0.0,,False
144,patch,named,128.0,128.0,3,0.0,False,16,60,30000,58.0,1,130,13,0,1,130,13,0,0,0,1,1,2,12,70.0,6.0,0.0,0.0,,False
144,patch,named,128.0,128.0,3,0.0,False,16,61,30500,58.0,1,130,13,0,1,130,13,0,0,0,1,1,2,12,70.0,6.0,0.0,0.0,,False
144,patch,named,128.0,128.0,3,0.0,False,16,62,31000,58.0,1,130,13,0,1,130,13,0,0,0,1,1,2,12,70.0,6.0,0.0,0.0,,False
144,patch,named,128.0,128.0,3,0.0,False,16,63,31500,58.0,1,130,13,0,1,130,13,0,0,0,1,1,2,12,70.0,6.0,0.0,0.0,,False
144,patch,named,128.0,128.0,3,0.0,False,16,64,32000,58.0,1,130,13,0,1,130,13,0,0,0,1,1,2,12,70.0,6.0,0.0,0.0,,False
144,patch,named,128.0,128.0,3,0.0,False,16,65,32500,58.0,1,130,13,0,1,130,13,0,0,0,1,1,2,12,70.0,6.0,0.0,0.0,,False
144,patch,named,128.0,128.0,3,0.0,False,16,66,33000,58.0,1,130,13,0,1,130,13,0,0,0,1,1,2,12,70.0,6.0,0.0,0.0,,False
144,patch,named,128.0,128.0,3,0.0,False,16,67,33500,68.0,2,129,13,0,2,129,12,1,0,0,1,2,2,13,60.0,6.0,0.0,0.0,,False
144,patch,named,128.0,128.0,3,0.0,False,16,68,34000,63.0,1,131,12,0,1,131,11,1,0,0,1,1,3,10,65.0,6.0,0.0,0.0,,False
144,patch,named,128.0,128.0,3,0.0,False,16,69,34500,63.0,1,131,12,0,1,131,11,1,0,0,1,1,3,10,65.0,6.0,0.0,0.0,,False
144,patch,named,128.0,128.0,3,0.0,False,16,70,35000,58.0,1,130,13,0,1,130,13,0,0,0,1,1,2,12,70.0,6.0,0.0,0.0,,False
144,patch,named,128.0,128.0,3,0.0,False,16,71,35500,58.0,1,130,13,0,1,130,13,0,0,0,1,1,2,12,70.0,6.0,0.0,0.0,,False
144,patch,named,128.0,128.0,3,0.0,False,16,72,36000,58.0,1,130,13,0,1,130,13,0,0,0,1,1,2,12,70.0,6.0,0.0,0.0,,False
144,patch,named,128.0,128.0,3,0.0,False,16,73,36500,58.0,1,130,13,0,1,130,13,0,0,0,1,1,2,12,70.0,6.0,0.0,0.0,,False
144,patch,named,128.0,128.0,3,0.0,False,16,74,37000,58.0,1,130,13,0,1,130,13,0,0,0,1,1,2,12,70.0,6.0,0.0,0.0,,False
144,patch,named,128.0,128.0,3,0.0,False,16,75,37500,63.0,2,129,13,0,2,129,12,1,0,0,1,2,3,11,65.0,6.0,0.0,0.0,,False
144,patch,named,128.0,128.0,3,0.0,False,16,76,38000,63.0,2,129,13,0,2,129,12,1,0,0,1,2,3,11,65.0,6.0,0.0,0.0,,False
144,patch,named,128.0,128.0,3,0.0,False,16,77,38500,63.0,2,129,13,0,2,129,12,1,0,0,1,2,3,11,65.0,6.0,0.0,0.0,,False
144,patch,named,128.0,128.0,3,0.0,False,16,78,39000,63.0,2,129,13,0,2,129,12,1,0,0,1,2,2,13,65.0,6.0,0.0,0.0,,False
144,patch,named,128.0,128.0,3,0.0,False,16,79,39500,63.0,2,129,13,0,2,129,12,1,0,0,1,2,3,11,65.0,6.0,0.0,0.0,,False
144,patch,named,128.0,128.0,3,0.0,False,16,80,40000,63.0,2,129,13,0,2,129,12,1,0,0,1,2,2,13,65.0,6.0,0.0,0.0,,False
144,patch,named,128.0,128.0,3,0.0,False,16,81,40500,63.0,2,129,13,0,2,129,12,1,0,0,1,2,2,13,65.0,6.0,0.0,0.0,,False
144,patch,named,128.0,128.0,3,0.0,False,16,82,41000,63.0,2,129,13,0,2,129,12,1,0,0,1,2,3,11,65.0,6.0,0.0,0.0,,False
144,patch,named,128.0,128.0,3,0.0,False,16,83,41500,63.0,2,129,13,0,2,129,12,1,0,0,1,2,2,13,65.0,6.0,0.0,0.0,,False
144,patch,named,128.0,128.0,3,0.0,False,16,84,42000,63.0,2,129,13,0,2,129,12,1,0,0,1,2,3,11,65.0,6.0,0.0,0.0,,False
144,patch,named,128.0,128.0,3,0.0,False,16,85,42500,63.0,2,129,13,0,2,129,12,1,0,0,1,2,3,11,65.0,6.0,0.0,0.0,,False
144,patch,named,128.0,128.0,3,0.0,False,16,86,43000,63.0,2,129,13,0,2,129,12,1,0,0,1,2,3,11,65.0,6.0,0.0,0.0,,False
144,patch,named,128.0,128.0,3,0.0,False,16,87,43500,63.0,2,129,13,0,2,129,12,1,0,0,1,2,3,11,65.0,6.0,0.0,0.0,,False
144,patch,named,128.0,128.0,3,0.0,False,16,88,44000,58.0,1,130,13,0,1,130,13,0,0,0,1,1,2,12,70.0,6.0,0.0,0.0,,False
144,patch,named,128.0,128.0,3,0.0,False,16,89,44500,58.0,1,130,13,0,1,130,13,0,0,0,1,1,2,12,70.0,6.0,0.0,0.0,,False
144,patch,named,128.0,128.0,3,0.0,False,16,90,45000,58.0,1,130,13,0,1,130,13,0,0,0,1,1,2,12,70.0,6.0,0.0,0.0,,False
144,patch,named,128.0,128.0,3,0.0,False,16,91,45500,58.0,1,130,13,0,1,130,13,0,0,0,1,1,2,12,70.0,6.0,0.0,0.0,,False
144,patch,named,128.0,128.0,3,0.0,False,16,92,46000,63.0,2,129,13,0,2,129,12,1,0,0,1,2,2,13,65.0,6.0,0.0,0.0,,False
144,patch,named,128.0,128.0,3,0.0,False,16,93,46500,63.0,2,129,13,0,2,129,12,1,0,0,1,2,3,11,65.0,6.0,0.0,0.0,,False
144,patch,named,128.0,128.0,3,0.0,False,16,94,47000,63.0,2,129,13,0,2,129,12,1,0,0,1,2,3,11,65.0,6.0,0.0,0.0,,False
144,patch,named,128.0,128.0,3,0.0,False,16,95,47500,63.0,2,129,13,0,2,129,12,1,0,0,1,2,3,11,65.0,6.0,0.0,0.0,,False
144,patch,named,128.0,128.0,3,0.0,False,16,96,48000,63.0,2,129,13,0,2,129,12,1,0,0,1,2,3,11,65.0,6.0,0.0,0.0,,False
144,patch,named,128.0,128.0,3,0.0,False,16,97,48500,63.0,2,129,13,0,2,129,12,1,0,0,1,2,2,13,65.0,6.0,0.0,0.0,,False
144,patch,named,128.0,128.0,3,0.0,False,16,98,49000,63.0,2,129,13,0,2,129,12,1,0,0,1,2,2,13,65.0,6.0,0.0,0.0,,False
144,patch,named,128.0,128.0,3,0.0,False,16,99,49500,58.0,1,130,13,0,1,130,13,0,0,0,1,1,2,12,70.0,6.0,0.0,0.0,,False
144,patch,named,128.0,128.0,3,0.0,False,16,100,50000,58.0,1,130,13,0,1,130,13,0,0,0,1,1,2,12,70.0,6.0,0.0,0.0,,True
144,patch,named,128.0,128.0,3,0.0,False,17,0,0,128.0,0,121,23,0,0,121,16,5,2,0,0,0,1,23,0.0,0.0,0.0,0.0,,False
144,patch,named,128.0,128.0,3,0.0,False,17,1,500,85.0,0,125,19,0,0,125,18,1,0,0,0,0,1,19,43.0,11.0,0.0,0.0,,False
144,patch,named,128.0,128.0,3,0.0,False,17,2,1000,74.0,0,128,16,0,0,128,16,0,0,0,0,0,1,16,54.0,11.0,0.0,0.0,,False
144,patch,named,128.0,128.0,3,0.0,False,17,3,1500,74.0,0,128,16,0,0,128,16,0,0,0,0,0,1,16,54.0,11.0,0.0,0.0,,False
144,patch,named,128.0,128.0,3,0.0,False,17,4,2000,74.0,0,128,16,0,0,128,16,0,0,0,0,0,1,16,54.0,11.0,0.0,0.0,,False
144,patch,named,128.0,128.0,3,0.0,False,17,5,2500,74.0,0,128,16,0,0,128,16,0,0,0,0,0,1,16,54.0,11.0,0.0,0.0,,False
144,patch,named,128.0,128.0,3,0.0,False,17,6,3000,74.0,0,128,16,0,0,128,16,0,0,0,0,0,1,16,54.0,11.0,0.0,0.0,,False
144,patch,named,128.0,128.0,3,0.0,False,17,7,3500,74.0,0,128,16,0,0,128,16,0,0,0,0,0,1,16,54.0,11.0,0.0,0.0,,False
144,patch,named,128.0,128.0,3,0.0,False,17,8,4000,74.0,0,128,16,0,0,128,16,0,0,0,0,0,1,16,54.0,11.0,0.0,0.0,,False
144,patch,named,128.0,128.0,3,0.0,False,17,9,4500,74.0,0,128,16,0,0,128,16,0,0,0,0,0,1,16,54.0,11.0,0.0,0.0,,False
144,patch,named,128.0,128.0,3,0.0,False,17,10,5000,74.0,0,128,16,0,0,128,16,0,0,0,0,0,1,16,54.0,11.0,0.0,0.0,,False
144,patch,named,128.0,128.0,3,0.0,False,17,11,5500,74.0,0,128,16,0,0,128,16,0,0,0,0,0,1,16,54.0,11.0,0.0,0.0,,False
144,patch,named,128.0,128.0,3,0.0,False,17,12,6000,48.0,0,132,12,0,0,132,12,0,0,0,0,0,2,10,80.0,21.0,0.0,0.0,,False
144,patch,named,128.0,128.0,3,0.0,False,17,13,6500,48.0,0,132,12,0,0,132,12,0,0,0,0,0,2,10,80.0,21.0,0.0,0.0,,False
144,patch,named,128.0,128.0,3,0.0,False,17,14,7000,48.0,0,132,12,0,0,132,12,0,0,0,0,0,2,10,80.0,21.0,0.0,0.0,,False
144,patch,named,128.0,128.0,3,0.0,False,17,15,7500,48.0,0,132,12,0,0,132,12,0,0,0,0,0,2,10,80.0,21.0,0.0,0.0,,False
144,patch,named,128.0,128.0,3,0.0,False,17,16,8000,48.0,0,132,12,0,0,132,12,0,0,0,0,0,2,10,80.0,16.0,0.0,0.0,,False
144,patch,named,128.0,128.0,3,0.0,False,17,17,8500,48.0,0,132,12,0,0,132,12,0,0,0,0,0,2,10,80.0,16.0,0.0,0.0,,False
144,patch,named,128.0,128.0,3,0.0,False,17,18,9000,48.0,0,132,12,0,0,132,12,0,0,0,0,0,2,10,80.0,16.0,0.0,0.0,,False
144,patch,named,128.0,128.0,3,0.0,False,17,19,9500,58.0,1,131,12,0,1,131,11,1,0,0,1,1,2,12,70.0,10.0,0.0,0.0,,False
144,patch,named,128.0,128.0,3,0.0,False,17,20,10000,58.0,1,131,12,0,1,131,11,1,0,0,1,1,2,12,70.0,10.0,0.0,0.0,,False
144,patch,named,128.0,128.0,3,0.0,False,17,21,10500,58.0,1,131,12,0,1,131,11,1,0,0,1,1,2,12,70.0,10.0,0.0,0.0,,False
144,patch,named,128.0,128.0,3,0.0,False,17,22,11000,58.0,1,131,12,0,1,131,11,1,0,0,1,1,2,12,70.0,10.0,0.0,0.0,,False
144,patch,named,128.0,128.0,3,0.0,False,17,23,11500,58.0,1,131,12,0,1,131,11,1,0,0,1,1,2,12,70.0,10.0,0.0,0.0,,False
144,patch,named,128.0,128.0,3,0.0,False,17,24,12000,58.0,1,131,12,0,1,131,11,1,0,0,1,1,2,12,70.0,10.0,0.0,0.0,,False
144,patch,named,128.0,128.0,3,0.0,False,17,25,12500,63.0,1,130,13,0,1,130,13,0,0,0,1,1,3,10,65.0,10.0,0.0,0.0,,False
144,patch,named,128.0,128.0,3,0.0,False,17,26,13000,68.0,1,130,13,0,1,130,13,0,0,0,1,1,3,10,60.0,10.0,0.0,0.0,,False
144,patch,named,128.0,128.0,3,0.0,False,17,27,13500,68.0,0,133,11,0,0,133,10,1,0,0,0,0,2,7,60.0,10.0,0.0,0.0,,False
144,patch,named,128.0,128.0,3,0.0,False,17,28,14000,63.0,0,132,12,0,0,132,12,0,0,0,0,0,2,10,65.0,10.0,0.0,0.0,,False
144,patch,named,128.0,128.0,3,0.0,False,17,29,14500,62.0,1,134,9,0,1,134,9,0,0,0,1,1,4,4,66.0,10.0,0.0,0.0,,False
144,patch,named,128.0,128.0,3,0.0,False,17,30,15000,62.0,1,134,9,0,1,134,9,0,0,0,1,1,4,4,66.0,6.0,0.0,0.0,,False
144,patch,named,128.0,128.0,3,0.0,False,17,31,15500,62.0,1,134,9,0,1,134,9,0,0,0,1,1,4,4,66.0,6.0,0.0,0.0,,False
144,patch,named,128.0,128.0,3,0.0,False,17,32,16000,62.0,1,134,9,0,1,134,9,0,0,0,1,1,4,4,66.0,6.0,0.0,0.0,,False
144,patch,named,128.0,128.0,3,0.0,False,17,33,16500,62.0,1,134,9,0,1,134,9,0,0,0,1,1,4,4,66.0,6.0,0.0,0.0,,False
144,patch,named,128.0,128.0,3,0.0,False,17,34,17000,62.0,1,134,9,0,1,134,9,0,0,0,1,1,4,4,66.0,6.0,0.0,0.0,,False
144,patch,named,128.0,128.0,3,0.0,False,17,35,17500,62.0,1,134,9,0,1,134,9,0,0,0,1,1,4,4,66.0,6.0,0.0,0.0,,False
144,patch,named,128.0,128.0,3,0.0,False,17,36,18000,61.0,5,130,9,0,5,130,9,0,0,0,2,3,4,8,67.0,6.0,0.0,0.0,,False
144,patch,named,128.0,128.0,3,0.0,False,17,37,18500,67.0,4,128,12,0,4,128,12,0,0,0,2,2,2,14,61.0,6.0,0.0,0.0,,False
144,patch,named,128.0,128.0,3,0.0,False,17,38,19000,61.0,5,130,9,0,5,130,9,0,0,0,2,3,4,8,67.0,6.0,0.0,0.0,,False
144,patch,named,128.0,128.0,3,0.0,False,17,39,19500,61.0,5,130,9,0,5,130,9,0,0,0,2,3,4,8,67.0,6.0,0.0,0.0,,False
144,patch,named,128.0,128.0,3,0.0,False,17,40,20000,61.0,5,130,9,0,5,130,9,0,0,0,2,3,4,8,67.0,6.0,0.0,0.0,,False
144,patch,named,128.0,128.0,3,0.0,False,17,41,20500,61.0,5,130,9,0,5,130,9,0,0,0,2,3,4,8,67.0,6.0,0.0,0.0,,False
144,patch,named,128.0,128.0,3,0.0,False,17,42,21000,61.0,4,132,8,0,4,132,8,0,0,0,2,2,5,4,67.0,6.0,0.0,0.0,,False
144,patch,named,128.0,128.0,3,0.0,False,17,43,21500,61.0,5,130,9,0,5,130,9,0,0,0,2,3,4,8,67.0,6.0,0.0,0.0,,False
144,patch,named,128.0,128.0,3,0.0,False,17,44,22000,61.0,5,130,9,0,5,130,9,0,0,0,2,3,4,8,67.0,6.0,0.0,0.0,,False
144,patch,named,128.0,128.0,3,0.0,False,17,45,22500,61.0,4,132,8,0,4,132,8,0,0,0,2,2,5,4,67.0,6.0,0.0,0.0,,False
144,patch,named,128.0,128.0,3,0.0,False,17,46,23000,61.0,5,130,9,0,5,130,9,0,0,0,2,3,4,8,67.0,6.0,0.0,0.0,,False
144,patch,named,128.0,128.0,3,0.0,False,17,47,23500,62.0,3,130,11,0,3,130,11,0,0,0,2,2,4,7,66.0,6.0,0.0,0.0,,False
144,patch,named,128.0,128.0,3,0.0,False,17,48,24000,61.0,5,130,9,0,5,130,9,0,0,0,2,3,4,8,67.0,6.0,0.0,0.0,,False
144,patch,named,128.0,128.0,3,0.0,False,17,49,24500,61.0,5,130,9,0,5,130,9,0,0,0,2,3,4,8,67.0,6.0,0.0,0.0,,False
144,patch,named,128.0,128.0,3,0.0,False,17,50,25000,61.0,5,130,9,0,5,130,9,0,0,0,2,3,4,8,67.0,6.0,0.0,0.0,,False
144,patch,named,128.0,128.0,3,0.0,False,17,51,25500,62.0,3,130,11,0,3,130,11,0,0,0,2,2,4,7,66.0,6.0,0.0,0.0,,False
144,patch,named,128.0,128.0,3,0.0,False,17,52,26000,61.0,5,130,9,0,5,130,9,0,0,0,2,3,4,8,67.0,6.0,0.0,0.0,,False
144,patch,named,128.0,128.0,3,0.0,False,17,53,26500,61.0,5,130,9,0,5,130,9,0,0,0,2,3,4,8,67.0,6.0,0.0,0.0,,False
144,patch,named,128.0,128.0,3,0.0,False,17,54,27000,61.0,5,130,9,0,5,130,9,0,0,0,2,3,4,8,67.0,6.0,0.0,0.0,,False
144,patch,named,128.0,128.0,3,0.0,False,17,55,27500,61.0,4,132,8,0,4,132,8,0,0,0,2,2,5,4,67.0,6.0,0.0,0.0,,False
144,patch,named,128.0,128.0,3,0.0,False,17,56,28000,61.0,5,130,9,0,5,130,9,0,0,0,2,3,4,8,67.0,6.0,0.0,0.0,,False
144,patch,named,128.0,128.0,3,0.0,False,17,57,28500,61.0,4,132,8,0,4,132,8,0,0,0,2,2,5,4,67.0,6.0,0.0,0.0,,False
144,patch,named,128.0,128.0,3,0.0,False,17,58,29000,61.0,4,132,8,0,4,132,8,0,0,0,2,2,5,4,67.0,6.0,0.0,0.0,,False
144,patch,named,128.0,128.0,3,0.0,False,17,59,29500,61.0,5,130,9,0,5,130,9,0,0,0,2,3,4,8,67.0,6.0,0.0,0.0,,False
144,patch,named,128.0,128.0,3,0.0,False,17,60,30000,61.0,4,132,8,0,4,132,8,0,0,0,2,2,5,4,67.0,6.0,0.0,0.0,,False
144,patch,named,128.0,128.0,3,0.0,False,17,61,30500,61.0,5,130,9,0,5,130,9,0,0,0,2,3,4,8,67.0,6.0,0.0,0.0,,False
144,patch,named,128.0,128.0,3,0.0,False,17,62,31000,61.0,4,132,8,0,4,132,8,0,0,0,2,2,5,4,67.0,6.0,0.0,0.0,,False
144,patch,named,128.0,128.0,3,0.0,False,17,63,31500,61.0,5,130,9,0,5,130,9,0,0,0,2,3,4,8,67.0,6.0,0.0,0.0,,False
144,patch,named,128.0,128.0,3,0.0,False,17,64,32000,61.0,5,130,9,0,5,130,9,0,0,0,2,3,4,8,67.0,6.0,0.0,0.0,,False
144,patch,named,128.0,128.0,3,0.0,False,17,65,32500,61.0,4,132,8,0,4,132,8,0,0,0,2,2,5,4,67.0,6.0,0.0,0.0,,False
144,patch,named,128.0,128.0,3,0.0,False,17,66,33000,61.0,4,132,8,0,4,132,8,0,0,0,2,2,5,4,67.0,6.0,0.0,0.0,,False
144,patch,named,128.0,128.0,3,0.0,False,17,67,33500,61.0,5,130,9,0,5,130,9,0,0,0,2,3,4,8,67.0,6.0,0.0,0.0,,False
144,patch,named,128.0,128.0,3,0.0,False,17,68,34000,61.0,4,132,8,0,4,132,8,0,0,0,2,2,5,4,67.0,6.0,0.0,0.0,,False
144,patch,named,128.0,128.0,3,0.0,False,17,69,34500,61.0,4,132,8,0,4,132,8,0,0,0,2,2,5,4,67.0,6.0,0.0,0.0,,False
144,patch,named,128.0,128.0,3,0.0,False,17,70,35000,61.0,4,132,8,0,4,132,8,0,0,0,2,2,5,4,67.0,6.0,0.0,0.0,,False
144,patch,named,128.0,128.0,3,0.0,False,17,71,35500,61.0,4,132,8,0,4,132,8,0,0,0,2,2,5,4,67.0,6.0,0.0,0.0,,False
144,patch,named,128.0,128.0,3,0.0,False,17,72,36000,61.0,5,130,9,0,5,130,9,0,0,0,2,3,4,8,67.0,6.0,0.0,0.0,,False
144,patch,named,128.0,128.0,3,0.0,False,17,73,36500,62.0,3,130,11,0,3,130,11,0,0,0,2,2,4,7,66.0,6.0,0.0,0.0,,False
144,patch,named,128.0,128.0,3,0.0,False,17,74,37000,62.0,3,130,11,0,3,130,11,0,0,0,2,2,4,7,66.0,6.0,0.0,0.0,,False
144,patch,named,128.0,128.0,3,0.0,False,17,75,37500,61.0,5,130,9,0,5,130,9,0,0,0,2,3,4,8,67.0,6.0,0.0,0.0,,False
144,patch,named,128.0,128.0,3,0.0,False,17,76,38000,61.0,5,130,9,0,5,130,9,0,0,0,2,3,4,8,67.0,6.0,0.0,0.0,,False
144,patch,named,128.0,128.0,3,0.0,False,17,77,38500,61.0,5,130,9,0,5,130,9,0,0,0,2,3,4,8,67.0,6.0,0.0,0.0,,False
144,patch,named,128.0,128.0,3,0.0,False,17,78,39000,61.0,5,130,9,0,5,130,9,0,0,0,2,3,4,8,67.0,6.0,0.0,0.0,,False
144,patch,named,128.0,128.0,3,0.0,False,17,79,39500,61.0,4,132,8,0,4,132,8,0,0,0,2,2,5,4,67.0,6.0,0.0,0.0,,False
144,patch,named,128.0,128.0,3,0.0,False,17,80,40000,61.0,5,130,9,0,5,130,9,0,0,0,2,3,4,8,67.0,6.0,0.0,0.0,,False
144,patch,named,128.0,128.0,3,0.0,False,17,81,40500,61.0,5,130,9,0,5,130,9,0,0,0,2,3,4,8,67.0,6.0,0.0,0.0,,False
144,patch,named,128.0,128.0,3,0.0,False,17,82,41000,61.0,5,130,9,0,5,130,9,0,0,0,2,3,4,8,67.0,6.0,0.0,0.0,,False
144,patch,named,128.0,128.0,3,0.0,False,17,83,41500,61.0,4,132,8,0,4,132,8,0,0,0,2,2,5,4,67.0,6.0,0.0,0.0,,False
144,patch,named,128.0,128.0,3,0.0,False,17,84,42000,61.0,4,132,8,0,4,132,8,0,0,0,2,2,5,4,67.0,6.0,0.0,0.0,,False
144,patch,named,128.0,128.0,3,0.0,False,17,85,42500,61.0,5,130,9,0,5,130,9,0,0,0,2,3,4,8,67.0,6.0,0.0,0.0,,False
144,patch,named,128.0,128.0,3,0.0,False,17,86,43000,61.0,4,132,8,0,4,132,8,0,0,0,2,2,5,4,67.0,6.0,0.0,0.0,,False
144,patch,named,128.0,128.0,3,0.0,False,17,87,43500,61.0,5,130,9,0,5,130,9,0,0,0,2,3,4,8,67.0,6.0,0.0,0.0,,False
144,patch,named,128.0,128.0,3,0.0,False,17,88,44000,67.0,3,131,10,0,3,131,9,1,0,0,2,2,5,6,61.0,6.0,0.0,0.0,,False
144,patch,named,128.0,128.0,3,0.0,False,17,89,44500,61.0,4,132,8,0,4,132,8,0,0,0,2,2,5,4,67.0,10.0,0.0,0.0,,False
144,patch,named,128.0,128.0,3,0.0,False,17,90,45000,61.0,5,130,9,0,5,130,9,0,0,0,2,3,4,8,67.0,10.0,0.0,0.0,,False
144,patch,named,128.0,128.0,3,0.0,False,17,91,45500,61.0,5,130,9,0,5,130,9,0,0,0,2,3,4,8,67.0,10.0,0.0,0.0,,False
144,patch,named,128.0,128.0,3,0.0,False,17,92,46000,61.0,4,132,8,0,4,132,8,0,0,0,2,2,5,4,67.0,10.0,0.0,0.0,,False
144,patch,named,128.0,128.0,3,0.0,False,17,93,46500,61.0,5,130,9,0,5,130,9,0,0,0,2,3,4,8,67.0,10.0,0.0,0.0,,False
144,patch,named,128.0,128.0,3,0.0,False,17,94,47000,61.0,5,130,9,0,5,130,9,0,0,0,2,3,4,8,67.0,10.0,0.0,0.0,,False
144,patch,named,128.0,128.0,3,0.0,False,17,95,47500,61.0,4,132,8,0,4,132,8,0,0,0,2,2,5,4,67.0,10.0,0.0,0.0,,False
144,patch,named,128.0,128.0,3,0.0,False,17,96,48000,61.0,4,132,8,0,4,132,8,0,0,0,2,2,5,4,67.0,10.0,0.0,0.0,,False
144,patch,named,128.0,128.0,3,0.0,False,17,97,48500,61.0,5,130,9,0,5,130,9,0,0,0,2,3,4,8,67.0,10.0,0.0,0.0,,False
144,patch,named,128.0,128.0,3,0.0,False,17,98,49000,61.0,5,130,9,0,5,130,9,0,0,0,2,3,4,8,67.0,10.0,0.0,0.0,,False
144,patch,named,128.0,128.0,3,0.0,False,17,99,49500,61.0,4,132,8,0,4,132,8,0,0,0,2,2,5,4,67.0,10.0,0.0,0.0,,False
144,patch,named,128.0,128.0,3,0.0,False,17,100,50000,61.0,4,132,8,0,4,132,8,0,0,0,2,2,5,4,67.0,10.0,0.0,0.0,,True
144,patch,named,128.0,128.0,3,0.0,False,18,0,0,128.0,0,118,26,0,0,118,20,6,0,0,0,0,1,26,0.0,0.0,0.0,0.0,,False
144,patch,named,128.0,128.0,3,0.0,False,18,1,500,101.0,0,123,21,0,0,123,18,3,0,0,0,0,1,21,27.0,11.0,0.0,0.0,,False
144,patch,named,128.0,128.0,3,0.0,False,18,2,1000,58.0,0,132,12,0,0,132,12,0,0,0,0,0,2,11,70.0,16.0,0.0,0.0,,False
144,patch,named,128.0,128.0,3,0.0,False,18,3,1500,80.0,0,125,19,0,0,125,18,1,0,0,0,0,1,19,48.0,10.0,0.0,0.0,,False
144,patch,named,128.0,128.0,3,0.0,False,18,4,2000,42.0,0,136,8,0,0,136,8,0,0,0,0,0,1,8,86.0,21.0,0.0,0.0,,False
144,patch,named,128.0,128.0,3,0.0,False,18,5,2500,42.0,0,136,8,0,0,136,8,0,0,0,0,0,2,4,86.0,16.0,0.0,0.0,,False
144,patch,named,128.0,128.0,3,0.0,False,18,6,3000,42.0,0,136,8,0,0,136,8,0,0,0,0,0,2,7,86.0,16.0,0.0,0.0,,False
144,patch,named,128.0,128.0,3,0.0,False,18,7,3500,32.0,0,136,8,0,0,136,8,0,0,0,0,0,1,8,96.0,16.0,0.0,0.0,,False
144,patch,named,128.0,128.0,3,0.0,False,18,8,4000,32.0,0,136,8,0,0,136,8,0,0,0,0,0,1,8,96.0,16.0,0.0,0.0,,False
144,patch,named,128.0,128.0,3,0.0,False,18,9,4500,0.0,0,144,0,0,0,144,0,0,0,0,0,0,0,0,128.0,32.0,0.0,0.0,,False
144,patch,named,128.0,128.0,3,0.0,False,18,10,5000,32.0,0,136,8,0,0,136,8,0,0,0,0,0,1,8,96.0,16.0,0.0,0.0,,False
144,patch,named,128.0,128.0,3,0.0,False,18,11,5500,32.0,0,136,8,0,0,136,8,0,0,0,0,0,1,8,96.0,16.0,0.0,0.0,,False
144,patch,named,128.0,128.0,3,0.0,False,18,12,6000,0.0,0,144,0,0,0,144,0,0,0,0,0,0,0,0,128.0,32.0,0.0,0.0,,False
144,patch,named,128.0,128.0,3,0.0,False,18,13,6500,32.0,0,136,8,0,0,136,8,0,0,0,0,0,1,8,96.0,16.0,0.0,0.0,,False
144,patch,named,128.0,128.0,3,0.0,False,18,14,7000,32.0,0,136,8,0,0,136,8,0,0,0,0,0,1,8,96.0,16.0,0.0,0.0,,False
144,patch,named,128.0,128.0,3,0.0,False,18,15,7500,32.0,0,136,8,0,0,136,8,0,0,0,0,0,1,8,96.0,16.0,0.0,0.0,,False
144,patch,named,128.0,128.0,3,0.0,False,18,16,8000,32.0,0,136,8,0,0,136,8,0,0,0,0,0,1,8,96.0,16.0,0.0,0.0,,False
144,patch,named,128.0,128.0,3,0.0,False,18,17,8500,32.0,0,136,8,0,0,136,8,0,0,0,0,0,1,8,96.0,16.0,0.0,0.0,,False
144,patch,named,128.0,128.0,3,0.0,False,18,18,9000,32.0,0,136,8,0,0,136,8,0,0,0,0,0,1,8,96.0,16.0,0.0,0.0,,False
144,patch,named,128.0,128.0,3,0.0,False,18,19,9500,32.0,0,136,8,0,0,136,8,0,0,0,0,0,1,8,96.0,16.0,0.0,0.0,,False
144,patch,named,128.0,128.0,3,0.0,False,18,20,10000,42.0,1,134,9,0,1,134,9,0,0,0,1,1,2,9,86.0,16.0,0.0,0.0,,False
144,patch,named,128.0,128.0,3,0.0,False,18,21,10500,32.0,0,136,8,0,0,136,8,0,0,0,0,0,1,8,96.0,16.0,0.0,0.0,,False
144,patch,named,128.0,128.0,3,0.0,False,18,22,11000,32.0,0,136,8,0,0,136,8,0,0,0,0,0,1,8,96.0,16.0,0.0,0.0,,False
144,patch,named,128.0,128.0,3,0.0,False,18,23,11500,32.0,0,136,8,0,0,136,8,0,0,0,0,0,1,8,96.0,16.0,0.0,0.0,,False
144,patch,named,128.0,128.0,3,0.0,False,18,24,12000,32.0,0,136,8,0,0,136,8,0,0,0,0,0,1,8,96.0,16.0,0.0,0.0,,False
144,patch,named,128.0,128.0,3,0.0,False,18,25,12500,26.0,1,138,5,0,1,138,5,0,0,0,1,1,2,5,102.0,16.0,0.0,0.0,,False
144,patch,named,128.0,128.0,3,0.0,False,18,26,13000,26.0,1,138,5,0,1,138,5,0,0,0,1,1,2,5,102.0,16.0,0.0,0.0,,False
144,patch,named,128.0,128.0,3,0.0,False,18,27,13500,42.0,1,134,9,0,1,134,9,0,0,0,1,1,2,9,86.0,10.0,0.0,0.0,,False
144,patch,named,128.0,128.0,3,0.0,False,18,28,14000,26.0,1,138,5,0,1,138,5,0,0,0,1,1,2,5,102.0,16.0,0.0,0.0,,False
144,patch,named,128.0,128.0,3,0.0,False,18,29,14500,26.0,1,138,5,0,1,138,5,0,0,0,1,1,2,5,102.0,16.0,0.0,0.0,,False
144,patch,named,128.0,128.0,3,0.0,False,18,30,15000,26.0,1,138,5,0,1,138,5,0,0,0,1,1,2,5,102.0,16.0,0.0,0.0,,False
144,patch,named,128.0,128.0,3,0.0,False,18,31,15500,26.0,1,138,5,0,1,138,5,0,0,0,1,1,2,5,102.0,16.0,0.0,0.0,,False
144,patch,named,128.0,128.0,3,0.0,False,18,32,16000,26.0,1,138,5,0,1,138,5,0,0,0,1,1,2,5,102.0,16.0,0.0,0.0,,False
144,patch,named,128.0,128.0,3,0.0,False,18,33,16500,26.0,1,138,5,0,1,138,5,0,0,0,1,1,2,5,102.0,16.0,0.0,0.0,,False
144,patch,named,128.0,128.0,3,0.0,False,18,34,17000,26.0,1,138,5,0,1,138,5,0,0,0,1,1,2,5,102.0,16.0,0.0,0.0,,False
144,patch,named,128.0,128.0,3,0.0,False,18,35,17500,42.0,1,134,9,0,1,134,9,0,0,0,1,1,2,9,86.0,10.0,0.0,0.0,,False
144,patch,named,128.0,128.0,3,0.0,False,18,36,18000,26.0,1,138,5,0,1,138,5,0,0,0,1,1,2,5,102.0,16.0,0.0,0.0,,False
144,patch,named,128.0,128.0,3,0.0,False,18,37,18500,26.0,1,138,5,0,1,138,5,0,0,0,1,1,2,5,102.0,16.0,0.0,0.0,,False
144,patch,named,128.0,128.0,3,0.0,False,18,38,19000,32.0,0,136,8,0,0,136,8,0,0,0,0,0,1,8,96.0,16.0,0.0,0.0,,False
144,patch,named,128.0,128.0,3,0.0,False,18,39,19500,32.0,0,136,8,0,0,136,8,0,0,0,0,0,1,8,96.0,16.0,0.0,0.0,,False
144,patch,named,128.0,128.0,3,0.0,False,18,40,20000,32.0,0,136,8,0,0,136,8,0,0,0,0,0,1,8,96.0,16.0,0.0,0.0,,False
144,patch,named,128.0,128.0,3,0.0,False,18,41,20500,32.0,0,136,8,0,0,136,8,0,0,0,0,0,1,8,96.0,16.0,0.0,0.0,,False
144,patch,named,128.0,128.0,3,0.0,False,18,42,21000,32.0,0,136,8,0,0,136,8,0,0,0,0,0,1,8,96.0,16.0,0.0,0.0,,False
144,patch,named,128.0,128.0,3,0.0,False,18,43,21500,32.0,0,136,8,0,0,136,8,0,0,0,0,0,1,8,96.0,16.0,0.0,0.0,,False
144,patch,named,128.0,128.0,3,0.0,False,18,44,22000,0.0,0,144,0,0,0,144,0,0,0,0,0,0,0,0,128.0,33.0,0.0,0.0,,False
144,patch,named,128.0,128.0,3,0.0,False,18,45,22500,0.0,0,144,0,0,0,144,0,0,0,0,0,0,0,0,128.0,42.0,0.0,0.0,,False
144,patch,named,128.0,128.0,3,0.0,False,18,46,23000,32.0,0,136,8,0,0,136,8,0,0,0,0,0,1,8,96.0,16.0,0.0,0.0,,False
144,patch,named,128.0,128.0,3,0.0,False,18,47,23500,48.0,0,132,12,0,0,132,12,0,0,0,0,0,1,12,80.0,10.0,0.0,0.0,,False
144,patch,named,128.0,128.0,3,0.0,False,18,48,24000,32.0,0,136,8,0,0,136,8,0,0,0,0,0,1,8,96.0,16.0,0.0,0.0,,False
144,patch,named,128.0,128.0,3,0.0,False,18,49,24500,32.0,0,136,8,0,0,136,8,0,0,0,0,0,1,8,96.0,16.0,0.0,0.0,,False
144,patch,named,128.0,128.0,3,0.0,False,18,50,25000,32.0,0,136,8,0,0,136,8,0,0,0,0,0,1,8,96.0,16.0,0.0,0.0,,False
144,patch,named,128.0,128.0,3,0.0,False,18,51,25500,32.0,0,136,8,0,0,136,8,0,0,0,0,0,1,8,96.0,16.0,0.0,0.0,,False
144,patch,named,128.0,128.0,3,0.0,False,18,52,26000,32.0,0,136,8,0,0,136,8,0,0,0,0,0,1,8,96.0,16.0,0.0,0.0,,False
144,patch,named,128.0,128.0,3,0.0,False,18,53,26500,32.0,0,136,8,0,0,136,8,0,0,0,0,0,1,8,96.0,16.0,0.0,0.0,,False
144,patch,named,128.0,128.0,3,0.0,False,18,54,27000,26.0,1,138,5,0,1,138,5,0,0,0,1,1,2,5,102.0,16.0,0.0,0.0,,False
144,patch,named,128.0,128.0,3,0.0,False,18,55,27500,26.0,1,138,5,0,1,138,5,0,0,0,1,1,2,5,102.0,16.0,0.0,0.0,,False
144,patch,named,128.0,128.0,3,0.0,False,18,56,28000,26.0,1,138,5,0,1,138,5,0,0,0,1,1,2,5,102.0,16.0,0.0,0.0,,False
144,patch,named,128.0,128.0,3,0.0,False,18,57,28500,26.0,1,138,5,0,1,138,5,0,0,0,1,1,2,5,102.0,16.0,0.0,0.0,,False
144,patch,named,128.0,128.0,3,0.0,False,18,58,29000,32.0,0,136,8,0,0,136,8,0,0,0,0,0,1,8,96.0,10.0,0.0,0.0,,False
144,patch,named,128.0,128.0,3,0.0,False,18,59,29500,32.0,0,136,8,0,0,136,8,0,0,0,0,0,1,8,96.0,10.0,0.0,0.0,,False
144,patch,named,128.0,128.0,3,0.0,False,18,60,30000,32.0,0,136,8,0,0,136,8,0,0,0,0,0,1,8,96.0,10.0,0.0,0.0,,False
144,patch,named,128.0,128.0,3,0.0,False,18,61,30500,32.0,0,136,8,0,0,136,8,0,0,0,0,0,1,8,96.0,10.0,0.0,0.0,,False
144,patch,named,128.0,128.0,3,0.0,False,18,62,31000,32.0,0,136,8,0,0,136,8,0,0,0,0,0,1,8,96.0,10.0,0.0,0.0,,False
144,patch,named,128.0,128.0,3,0.0,False,18,63,31500,26.0,1,138,5,0,1,138,5,0,0,0,1,1,2,5,102.0,10.0,0.0,0.0,,False
144,patch,named,128.0,128.0,3,0.0,False,18,64,32000,32.0,0,136,8,0,0,136,8,0,0,0,0,0,1,8,96.0,10.0,0.0,0.0,,False
144,patch,named,128.0,128.0,3,0.0,False,18,65,32500,32.0,0,136,8,0,0,136,8,0,0,0,0,0,1,8,96.0,10.0,0.0,0.0,,False
144,patch,named,128.0,128.0,3,0.0,False,18,66,33000,26.0,1,138,5,0,1,138,5,0,0,0,1,1,2,5,102.0,10.0,0.0,0.0,,False
144,patch,named,128.0,128.0,3,0.0,False,18,67,33500,26.0,1,138,5,0,1,138,5,0,0,0,1,1,2,5,102.0,10.0,0.0,0.0,,False
144,patch,named,128.0,128.0,3,0.0,False,18,68,34000,26.0,1,138,5,0,1,138,5,0,0,0,1,1,2,5,102.0,10.0,0.0,0.0,,False
144,patch,named,128.0,128.0,3,0.0,False,18,69,34500,26.0,1,138,5,0,1,138,5,0,0,0,1,1,2,5,102.0,10.0,0.0,0.0,,False
144,patch,named,128.0,128.0,3,0.0,False,18,70,35000,26.0,1,138,5,0,1,138,5,0,0,0,1,1,2,5,102.0,10.0,0.0,0.0,,False
144,patch,named,128.0,128.0,3,0.0,False,18,71,35500,26.0,1,138,5,0,1,138,5,0,0,0,1,1,2,5,102.0,10.0,0.0,0.0,,False
144,patch,named,128.0,128.0,3,0.0,False,18,72,36000,26.0,1,138,5,0,1,138,5,0,0,0,1,1,2,5,102.0,10.0,0.0,0.0,,False
144,patch,named,128.0,128.0,3,0.0,False,18,73,36500,26.0,1,138,5,0,1,138,5,0,0,0,1,1,2,5,102.0,10.0,0.0,0.0,,False
144,patch,named,128.0,128.0,3,0.0,False,18,74,37000,26.0,1,138,5,0,1,138,5,0,0,0,1,1,2,5,102.0,10.0,0.0,0.0,,False
144,patch,named,128.0,128.0,3,0.0,False,18,75,37500,32.0,0,136,8,0,0,136,8,0,0,0,0,0,1,8,96.0,10.0,0.0,0.0,,False
144,patch,named,128.0,128.0,3,0.0,False,18,76,38000,26.0,1,138,5,0,1,138,5,0,0,0,1,1,2,5,102.0,10.0,0.0,0.0,,False
144,patch,named,128.0,128.0,3,0.0,False,18,77,38500,26.0,1,138,5,0,1,138,5,0,0,0,1,1,2,5,102.0,10.0,0.0,0.0,,False
144,patch,named,128.0,128.0,3,0.0,False,18,78,39000,26.0,1,138,5,0,1,138,5,0,0,0,1,1,2,5,102.0,10.0,0.0,0.0,,False
144,patch,named,128.0,128.0,3,0.0,False,18,79,39500,32.0,0,136,8,0,0,136,8,0,0,0,0,0,1,8,96.0,10.0,0.0,0.0,,False
144,patch,named,128.0,128.0,3,0.0,False,18,80,40000,26.0,1,138,5,0,1,138,5,0,0,0,1,1,2,5,102.0,11.0,0.0,0.0,,False
144,patch,named,128.0,128.0,3,0.0,False,18,81,40500,26.0,1,138,5,0,1,138,5,0,0,0,1,1,2,5,102.0,11.0,0.0,0.0,,False
144,patch,named,128.0,128.0,3,0.0,False,18,82,41000,26.0,1,138,5,0,1,138,5,0,0,0,1,1,2,5,102.0,11.0,0.0,0.0,,False
144,patch,named,128.0,128.0,3,0.0,False,18,83,41500,26.0,1,138,5,0,1,138,5,0,0,0,1,1,2,5,102.0,11.0,0.0,0.0,,False
144,patch,named,128.0,128.0,3,0.0,False,18,84,42000,32.0,0,136,8,0,0,136,8,0,0,0,0,0,1,8,96.0,11.0,0.0,0.0,,False
144,patch,named,128.0,128.0,3,0.0,False,18,85,42500,32.0,0,136,8,0,0,136,8,0,0,0,0,0,1,8,96.0,11.0,0.0,0.0,,False
144,patch,named,128.0,128.0,3,0.0,False,18,86,43000,32.0,0,136,8,0,0,136,8,0,0,0,0,0,1,8,96.0,11.0,0.0,0.0,,False
144,patch,named,128.0,128.0,3,0.0,False,18,87,43500,32.0,0,136,8,0,0,136,8,0,0,0,0,0,1,8,96.0,11.0,0.0,0.0,,False
144,patch,named,128.0,128.0,3,0.0,False,18,88,44000,32.0,0,136,8,0,0,136,8,0,0,0,0,0,1,8,96.0,11.0,0.0,0.0,,False
144,patch,named,128.0,128.0,3,0.0,False,18,89,44500,32.0,0,136,8,0,0,136,8,0,0,0,0,0,1,8,96.0,11.0,0.0,0.0,,False
144,patch,named,128.0,128.0,3,0.0,False,18,90,45000,32.0,0,136,8,0,0,136,8,0,0,0,0,0,1,8,96.0,11.0,0.0,0.0,,False
144,patch,named,128.0,128.0,3,0.0,False,18,91,45500,32.0,0,136,8,0,0,136,8,0,0,0,0,0,1,8,96.0,11.0,0.0,0.0,,False
144,patch,named,128.0,128.0,3,0.0,False,18,92,46000,32.0,0,136,8,0,0,136,8,0,0,0,0,0,1,8,96.0,11.0,0.0,0.0,,False
144,patch,named,128.0,128.0,3,0.0,False,18,93,46500,26.0,1,138,5,0,1,138,5,0,0,0,1,1,2,5,102.0,11.0,0.0,0.0,,False
144,patch,named,128.0,128.0,3,0.0,False,18,94,47000,26.0,1,138,5,0,1,138,5,0,0,0,1,1,2,5,102.0,11.0,0.0,0.0,,False
144,patch,named,128.0,128.0,3,0.0,False,18,95,47500,26.0,1,138,5,0,1,138,5,0,0,0,1,1,2,5,102.0,11.0,0.0,0.0,,False
144,patch,named,128.0,128.0,3,0.0,False,18,96,48000,32.0,0,136,8,0,0,136,8,0,0,0,0,0,1,8,96.0,11.0,0.0,0.0,,False
144,patch,named,128.0,128.0,3,0.0,False,18,97,48500,32.0,0,136,8,0,0,136,8,0,0,0,0,0,1,8,96.0,11.0,0.0,0.0,,False
144,patch,named,128.0,128.0,3,0.0,False,18,98,49000,32.0,0,136,8,0,0,136,8,0,0,0,0,0,1,8,96.0,11.0,0.0,0.0,,False
144,patch,named,128.0,128.0,3,0.0,False,18,99,49500,32.0,0,136,8,0,0,136,8,0,0,0,0,0,1,8,96.0,11.0,0.0,0.0,,False
144,patch,named,128.0,128.0,3,0.0,False,18,100,50000,0.0,0,144,0,0,0,144,0,0,0,0,0,0,0,0,128.0,32.0,0.0,0.0,,True
144,patch,named,128.0,127.0,3,0.0,False,19,0,0,127.0,1,121,22,0,1,121,15,7,0,0,1,1,1,23,0.0,0.0,0.0,0.0,,False
144,patch,named,128.0,127.0,3,0.0,False,19,1,500,58.0,0,132,12,0,0,132,12,0,0,0,0,0,2,10,69.0,16.0,0.0,0.0,,False
144,patch,named,128.0,127.0,3,0.0,False,19,2,1000,58.0,0,132,12,0,0,132,12,0,0,0,0,0,2,10,69.0,16.0,0.0,0.0,,False
144,patch,named,128.0,127.0,3,0.0,False,19,3,1500,57.0,2,131,11,1,1,131,11,0,0,0,1,2,1,13,70.0,16.0,0.0,0.0,,False
144,patch,named,128.0,127.0,3,0.0,False,19,4,2000,64.0,0,129,15,0,0,129,14,1,0,0,0,0,3,7,63.0,10.0,0.0,0.0,,False
144,patch,named,128.0,127.0,3,0.0,False,19,5,2500,67.0,3,130,11,0,3,130,11,0,0,0,2,2,2,13,60.0,10.0,0.0,0.0,,False
144,patch,named,128.0,127.0,3,0.0,False,19,6,3000,67.0,2,132,10,0,2,132,10,0,0,0,1,2,3,6,60.0,10.0,0.0,0.0,,False
144,patch,named,128.0,127.0,3,0.0,False,19,7,3500,67.0,2,132,10,0,2,132,10,0,0,0,1,2,3,6,60.0,10.0,0.0,0.0,,False
144,patch,named,128.0,127.0,3,0.0,False,19,8,4000,68.0,0,132,12,0,0,132,12,0,0,0,0,0,3,8,59.0,10.0,0.0,0.0,,False
144,patch,named,128.0,127.0,3,0.0,False,19,9,4500,67.0,2,132,10,0,2,132,10,0,0,0,1,2,3,6,60.0,10.0,0.0,0.0,,False
144,patch,named,128.0,127.0,3,0.0,False,19,10,5000,67.0,2,132,10,0,2,132,10,0,0,0,1,2,3,6,60.0,10.0,0.0,0.0,,False
144,patch,named,128.0,127.0,3,0.0,False,19,11,5500,67.0,2,132,10,0,2,132,10,0,0,0,1,2,3,6,60.0,10.0,0.0,0.0,,False
144,patch,named,128.0,127.0,3,0.0,False,19,12,6000,62.0,2,132,10,0,2,132,10,0,0,0,2,1,6,5,65.0,6.0,0.0,0.0,,False
144,patch,named,128.0,127.0,3,0.0,False,19,13,6500,62.0,2,132,10,0,2,132,10,0,0,0,2,1,6,5,65.0,6.0,0.0,0.0,,False
144,patch,named,128.0,127.0,3,0.0,False,19,14,7000,62.0,2,132,10,0,2,132,10,0,0,0,2,1,6,5,65.0,6.0,0.0,0.0,,False
144,patch,named,128.0,127.0,3,0.0,False,19,15,7500,62.0,2,132,10,0,2,132,10,0,0,0,2,1,6,5,65.0,6.0,0.0,0.0,,False
144,patch,named,128.0,127.0,3,0.0,False,19,16,8000,62.0,2,132,10,0,2,132,10,0,0,0,2,1,6,5,65.0,6.0,0.0,0.0,,False
144,patch,named,128.0,127.0,3,0.0,False,19,17,8500,68.0,2,128,14,0,2,128,14,0,0,0,2,1,3,14,59.0,6.0,0.0,0.0,,False
144,patch,named,128.0,127.0,3,0.0,False,19,18,9000,62.0,2,132,10,0,2,132,10,0,0,0,2,1,6,5,65.0,12.0,0.0,0.0,,False
144,patch,named,128.0,127.0,3,0.0,False,19,19,9500,62.0,2,132,10,0,2,132,10,0,0,0,2,1,6,5,65.0,12.0,0.0,0.0,,False
144,patch,named,128.0,127.0,3,0.0,False,19,20,10000,62.0,2,132,10,0,2,132,10,0,0,0,2,1,6,5,65.0,12.0,0.0,0.0,,False
144,patch,named,128.0,127.0,3,0.0,False,19,21,10500,63.0,1,130,13,0,1,130,13,0,0,0,1,1,3,10,64.0,6.0,0.0,0.0,,False
144,patch,named,128.0,127.0,3,0.0,False,19,22,11000,62.0,2,132,10,0,2,132,10,0,0,0,2,1,6,5,65.0,6.0,0.0,0.0,,False
144,patch,named,128.0,127.0,3,0.0,False,19,23,11500,62.0,2,132,10,0,2,132,10,0,0,0,2,1,6,5,65.0,6.0,0.0,0.0,,False
144,patch,named,128.0,127.0,3,0.0,False,19,24,12000,62.0,2,132,10,0,2,132,10,0,0,0,2,1,6,5,65.0,6.0,0.0,0.0,,False
144,patch,named,128.0,127.0,3,0.0,False,19,25,12500,62.0,2,132,10,0,2,132,10,0,0,0,2,1,6,5,65.0,6.0,0.0,0.0,,False
144,patch,named,128.0,127.0,3,0.0,False,19,26,13000,62.0,2,132,10,0,2,132,10,0,0,0,2,1,6,5,65.0,6.0,0.0,0.0,,False
144,patch,named,128.0,127.0,3,0.0,False,19,27,13500,62.0,2,132,10,0,2,132,10,0,0,0,2,1,6,5,65.0,6.0,0.0,0.0,,False
144,patch,named,128.0,127.0,3,0.0,False,19,28,14000,62.0,2,132,10,0,2,132,10,0,0,0,2,1,6,5,65.0,6.0,0.0,0.0,,False
144,patch,named,128.0,127.0,3,0.0,False,19,29,14500,63.0,1,130,13,0,1,130,13,0,0,0,1,1,3,10,64.0,6.0,0.0,0.0,,False
144,patch,named,128.0,127.0,3,0.0,False,19,30,15000,68.0,1,131,12,0,1,131,11,1,0,0,1,1,3,9,59.0,6.0,0.0,0.0,,False
144,patch,named,128.0,127.0,3,0.0,False,19,31,15500,63.0,0,132,12,0,0,132,12,0,0,0,0,0,1,12,64.0,6.0,0.0,0.0,,False
144,patch,named,128.0,127.0,3,0.0,False,19,32,16000,68.0,1,130,13,0,1,130,13,0,0,0,1,1,3,9,59.0,5.0,0.0,0.0,,False
144,patch,named,128.0,127.0,3,0.0,False,19,33,16500,68.0,1,130,13,0,1,130,13,0,0,0,1,1,2,10,59.0,5.0,0.0,0.0,,False
144,patch,named,128.0,127.0,3,0.0,False,19,34,17000,63.0,0,132,12,0,0,132,12,0,0,0,0,0,3,6,64.0,5.0,0.0,0.0,,False
144,patch,named,128.0,127.0,3,0.0,False,19,35,17500,63.0,0,132,12,0,0,132,12,0,0,0,0,0,3,6,64.0,5.0,0.0,0.0,,False
144,patch,named,128.0,127.0,3,0.0,False,19,36,18000,63.0,0,132,12,0,0,132,12,0,0,0,0,0,3,6,64.0,5.0,0.0,0.0,,False
144,patch,named,128.0,127.0,3,0.0,False,19,37,18500,68.0,1,131,12,0,1,131,11,1,0,0,1,1,3,8,59.0,5.0,0.0,0.0,,False
144,patch,named,128.0,127.0,3,0.0,False,19,38,19000,63.0,0,132,12,0,0,132,12,0,0,0,0,0,3,6,64.0,10.0,0.0,0.0,,False
144,patch,named,128.0,127.0,3,0.0,False,19,39,19500,63.0,0,132,12,0,0,132,12,0,0,0,0,0,3,6,64.0,10.0,0.0,0.0,,False
144,patch,named,128.0,127.0,3,0.0,False,19,40,20000,63.0,0,132,12,0,0,132,12,0,0,0,0,0,3,6,64.0,10.0,0.0,0.0,,False
144,patch,named,128.0,127.0,3,0.0,False,19,41,20500,68.0,0,133,11,0,0,133,10,1,0,0,0,0,2,7,59.0,10.0,0.0,0.0,,False
144,patch,named,128.0,127.0,3,0.0,False,19,42,21000,68.0,1,131,12,0,1,131,11,1,0,0,1,1,3,8,59.0,10.0,0.0,0.0,,False
144,patch,named,128.0,127.0,3,0.0,False,19,43,21500,63.0,0,132,12,0,0,132,12,0,0,0,0,0,3,6,64.0,10.0,0.0,0.0,,False
144,patch,named,128.0,127.0,3,0.0,False,19,44,22000,63.0,0,132,12,0,0,132,12,0,0,0,0,0,3,6,64.0,10.0,0.0,0.0,,False
144,patch,named,128.0,127.0,3,0.0,False,19,45,22500,63.0,0,132,12,0,0,132,12,0,0,0,0,0,3,6,64.0,10.0,0.0,0.0,,False
144,patch,named,128.0,127.0,3,0.0,False,19,46,23000,63.0,0,132,12,0,0,132,12,0,0,0,0,0,3,6,64.0,10.0,0.0,0.0,,False
144,patch,named,128.0,127.0,3,0.0,False,19,47,23500,63.0,0,132,12,0,0,132,12,0,0,0,0,0,3,6,64.0,10.0,0.0,0.0,,False
144,patch,named,128.0,127.0,3,0.0,False,19,48,24000,68.0,1,130,13,0,1,130,13,0,0,0,1,1,2,10,59.0,10.0,0.0,0.0,,False
144,patch,named,128.0,127.0,3,0.0,False,19,49,24500,68.0,0,133,11,0,0,133,10,1,0,0,0,0,2,7,59.0,10.0,0.0,0.0,,False
144,patch,named,128.0,127.0,3,0.0,False,19,50,25000,63.0,0,132,12,0,0,132,12,0,0,0,0,0,2,8,64.0,10.0,0.0,0.0,,False
144,patch,named,128.0,127.0,3,0.0,False,19,51,25500,74.0,0,130,14,0,0,130,12,2,0,0,0,0,2,10,53.0,5.0,0.0,0.0,,False
144,patch,named,128.0,127.0,3,0.0,False,19,52,26000,69.0,0,128,16,0,0,128,16,0,0,0,0,0,1,16,58.0,5.0,0.0,0.0,,False
144,patch,named,128.0,127.0,3,0.0,False,19,53,26500,69.0,0,128,16,0,0,128,16,0,0,0,0,0,1,16,58.0,5.0,0.0,0.0,,False
144,patch,named,128.0,127.0,3,0.0,False,19,54,27000,69.0,0,128,16,0,0,128,16,0,0,0,0,0,1,16,58.0,5.0,0.0,0.0,,False
144,patch,named,128.0,127.0,3,0.0,False,19,55,27500,69.0,0,128,16,0,0,128,16,0,0,0,0,0,1,16,58.0,5.0,0.0,0.0,,False
144,patch,named,128.0,127.0,3,0.0,False,19,56,28000,69.0,0,128,16,0,0,128,16,0,0,0,0,0,1,16,58.0,5.0,0.0,0.0,,False
144,patch,named,128.0,127.0,3,0.0,False,19,57,28500,69.0,0,128,16,0,0,128,16,0,0,0,0,0,1,16,58.0,5.0,0.0,0.0,,False
144,patch,named,128.0,127.0,3,0.0,False,19,58,29000,69.0,0,128,16,0,0,128,16,0,0,0,0,0,1,16,58.0,5.0,0.0,0.0,,False
144,patch,named,128.0,127.0,3,0.0,False,19,59,29500,68.0,1,130,13,0,1,130,13,0,0,0,1,1,3,11,59.0,6.0,0.0,0.0,,False
144,patch,named,128.0,127.0,3,0.0,False,19,60,30000,68.0,1,130,13,0,1,130,13,0,0,0,1,1,3,11,59.0,6.0,0.0,0.0,,False
144,patch,named,128.0,127.0,3,0.0,False,19,61,30500,68.0,1,130,13,0,1,130,13,0,0,0,1,1,3,11,59.0,6.0,0.0,0.0,,False
144,patch,named,128.0,127.0,3,0.0,False,19,62,31000,73.0,1,130,13,0,1,130,13,0,0,0,1,1,4,6,54.0,6.0,0.0,0.0,,False
144,patch,named,128.0,127.0,3,0.0,False,19,63,31500,68.0,1,130,13,0,1,130,13,0,0,0,1,1,3,11,59.0,6.0,0.0,0.0,,False
144,patch,named,128.0,127.0,3,0.0,False,19,64,32000,68.0,1,130,13,0,1,130,13,0,0,0,1,1,3,11,59.0,6.0,0.0,0.0,,False
144,patch,named,128.0,127.0,3,0.0,False,19,65,32500,68.0,1,130,13,0,1,130,13,0,0,0,1,1,3,11,59.0,6.0,0.0,0.0,,False
144,patch,named,128.0,127.0,3,0.0,False,19,66,33000,68.0,1,130,13,0,1,130,13,0,0,0,1,1,3,11,59.0,6.0,0.0,0.0,,False
144,patch,named,128.0,127.0,3,0.0,False,19,67,33500,68.0,1,130,13,0,1,130,13,0,0,0,1,1,3,11,59.0,6.0,0.0,0.0,,False
144,patch,named,128.0,127.0,3,0.0,False,19,68,34000,68.0,1,130,13,0,1,130,13,0,0,0,1,1,3,11,59.0,6.0,0.0,0.0,,False
144,patch,named,128.0,127.0,3,0.0,False,19,69,34500,68.0,1,130,13,0,1,130,13,0,0,0,1,1,3,11,59.0,6.0,0.0,0.0,,False
144,patch,named,128.0,127.0,3,0.0,False,19,70,35000,68.0,1,130,13,0,1,130,13,0,0,0,1,1,3,11,59.0,6.0,0.0,0.0,,False
144,patch,named,128.0,127.0,3,0.0,False,19,71,35500,68.0,1,130,13,0,1,130,13,0,0,0,1,1,3,11,59.0,6.0,0.0,0.0,,False
144,patch,named,128.0,127.0,3,0.0,False,19,72,36000,67.0,2,132,10,0,2,132,10,0,0,0,1,2,3,8,60.0,6.0,0.0,0.0,,False
144,patch,named,128.0,127.0,3,0.0,False,19,73,36500,67.0,2,132,10,0,2,132,10,0,0,0,1,2,3,8,60.0,6.0,0.0,0.0,,False
144,patch,named,128.0,127.0,3,0.0,False,19,74,37000,67.0,2,132,10,0,2,132,10,0,0,0,1,2,3,8,60.0,6.0,0.0,0.0,,False
144,patch,named,128.0,127.0,3,0.0,False,19,75,37500,67.0,2,132,10,0,2,132,10,0,0,0,1,2,3,8,60.0,6.0,0.0,0.0,,False
144,patch,named,128.0,127.0,3,0.0,False,19,76,38000,67.0,2,132,10,0,2,132,10,0,0,0,1,2,3,8,60.0,6.0,0.0,0.0,,False
144,patch,named,128.0,127.0,3,0.0,False,19,77,38500,67.0,2,132,10,0,2,132,10,0,0,0,1,2,3,8,60.0,6.0,0.0,0.0,,False
144,patch,named,128.0,127.0,3,0.0,False,19,78,39000,67.0,2,132,10,0,2,132,10,0,0,0,1,2,3,8,60.0,6.0,0.0,0.0,,False
144,patch,named,128.0,127.0,3,0.0,False,19,79,39500,67.0,2,132,10,0,2,132,10,0,0,0,1,2,3,8,60.0,6.0,0.0,0.0,,False
144,patch,named,128.0,127.0,3,0.0,False,19,80,40000,67.0,2,132,10,0,2,132,10,0,0,0,1,2,3,8,60.0,6.0,0.0,0.0,,False
144,patch,named,128.0,127.0,3,0.0,False,19,81,40500,67.0,2,132,10,0,2,132,10,0,0,0,1,2,3,8,60.0,6.0,0.0,0.0,,False
144,patch,named,128.0,127.0,3,0.0,False,19,82,41000,67.0,2,132,10,0,2,132,10,0,0,0,1,2,3,8,60.0,6.0,0.0,0.0,,False
144,patch,named,128.0,127.0,3,0.0,False,19,83,41500,67.0,2,132,10,0,2,132,10,0,0,0,1,2,3,8,60.0,6.0,0.0,0.0,,False
144,patch,named,128.0,127.0,3,0.0,False,19,84,42000,67.0,2,132,10,0,2,132,10,0,0,0,1,2,3,8,60.0,6.0,0.0,0.0,,False
144,patch,named,128.0,127.0,3,0.0,False,19,85,42500,67.0,2,132,10,0,2,132,10,0,0,0,1,2,3,8,60.0,6.0,0.0,0.0,,False
144,patch,named,128.0,127.0,3,0.0,False,19,86,43000,67.0,2,132,10,0,2,132,10,0,0,0,1,2,3,8,60.0,6.0,0.0,0.0,,False
144,patch,named,128.0,127.0,3,0.0,False,19,87,43500,67.0,2,132,10,0,2,132,10,0,0,0,1,2,3,8,60.0,6.0,0.0,0.0,,False
144,patch,named,128.0,127.0,3,0.0,False,19,88,44000,67.0,2,132,10,0,2,132,10,0,0,0,1,2,3,8,60.0,6.0,0.0,0.0,,False
144,patch,named,128.0,127.0,3,0.0,False,19,89,44500,67.0,2,132,10,0,2,132,10,0,0,0,1,2,3,8,60.0,6.0,0.0,0.0,,False
144,patch,named,128.0,127.0,3,0.0,False,19,90,45000,67.0,2,132,10,0,2,132,10,0,0,0,1,2,3,8,60.0,6.0,0.0,0.0,,False
144,patch,named,128.0,127.0,3,0.0,False,19,91,45500,67.0,2,132,10,0,2,132,10,0,0,0,1,2,3,8,60.0,6.0,0.0,0.0,,False
144,patch,named,128.0,127.0,3,0.0,False,19,92,46000,67.0,2,132,10,0,2,132,10,0,0,0,1,2,3,8,60.0,6.0,0.0,0.0,,False
144,patch,named,128.0,127.0,3,0.0,False,19,93,46500,67.0,2,132,10,0,2,132,10,0,0,0,1,2,3,8,60.0,6.0,0.0,0.0,,False
144,patch,named,128.0,127.0,3,0.0,False,19,94,47000,73.0,2,128,14,0,2,128,14,0,0,0,1,2,3,8,54.0,6.0,0.0,0.0,,False
144,patch,named,128.0,127.0,3,0.0,False,19,95,47500,67.0,2,132,10,0,2,132,10,0,0,0,1,2,3,8,60.0,6.0,0.0,0.0,,False
144,patch,named,128.0,127.0,3,0.0,False,19,96,48000,67.0,2,132,10,0,2,132,10,0,0,0,1,2,3,8,60.0,6.0,0.0,0.0,,False
144,patch,named,128.0,127.0,3,0.0,False,19,97,48500,67.0,2,132,10,0,2,132,10,0,0,0,1,2,3,8,60.0,6.0,0.0,0.0,,False
144,patch,named,128.0,127.0,3,0.0,False,19,98,49000,67.0,2,132,10,0,2,132,10,0,0,0,1,2,3,8,60.0,6.0,0.0,0.0,,False
144,patch,named,128.0,127.0,3,0.0,False,19,99,49500,67.0,2,132,10,0,2,132,10,0,0,0,1,2,3,8,60.0,6.0,0.0,0.0,,False
144,patch,named,128.0,127.0,3,0.0,False,19,100,50000,67.0,2,132,10,0,2,132,10,0,0,0,1,2,3,8,60.0,6.0,0.0,0.0,,True
