N,dims,C,spark,replica,lam,sweep,h_per_vertex,d0,d1,d2,d3,d4,d5,d6,d7,melted,pieces_flat,largest_flat,bath_T,total,drift,left,final
512,4 4 32,128,16.0,0,1.25,0,2.0,0,512,0,0,0,0,0,0,0,0,0,0.125,16.0,0.0,False,False
512,4 4 32,128,16.0,0,1.25,200,2.0234375,0,480,24,4,0,4,0,0,4,2,2,0.03125,4.0,0.0,True,False
512,4 4 32,128,16.0,0,1.25,400,2.0234375,0,480,24,4,0,4,0,0,4,2,2,0.03125,4.0,0.0,True,False
512,4 4 32,128,16.0,0,1.25,600,2.0234375,0,480,24,4,0,4,0,0,4,2,2,0.03125,4.0,0.0,True,False
512,4 4 32,128,16.0,0,1.25,800,2.0234375,0,480,24,4,0,4,0,0,4,2,2,0.03125,4.0,0.0,True,False
512,4 4 32,128,16.0,0,1.25,1000,2.0234375,0,480,24,4,0,4,0,0,4,2,2,0.03125,4.0,0.0,True,False
512,4 4 32,128,16.0,0,1.25,1200,2.0234375,0,480,24,4,0,4,0,0,4,2,2,0.03125,4.0,0.0,True,False
512,4 4 32,128,16.0,0,1.25,1400,2.0234375,0,480,24,4,0,4,0,0,4,2,2,0.03125,4.0,0.0,True,False
512,4 4 32,128,16.0,0,1.25,1600,2.0234375,0,480,24,4,0,4,0,0,4,2,2,0.03125,4.0,0.0,True,False
512,4 4 32,128,16.0,0,1.25,1800,2.0234375,0,480,24,4,0,4,0,0,4,2,2,0.03125,4.0,0.0,True,False
512,4 4 32,128,16.0,0,1.25,2000,2.0234375,0,480,24,4,0,4,0,0,4,2,2,0.03125,4.0,0.0,True,False
512,4 4 32,128,16.0,0,1.25,2200,2.0234375,0,480,24,4,0,4,0,0,4,2,2,0.03125,4.0,0.0,True,False
512,4 4 32,128,16.0,0,1.25,2400,2.0234375,0,480,24,4,0,4,0,0,4,2,2,0.03125,4.0,0.0,True,False
512,4 4 32,128,16.0,0,1.25,2600,2.0234375,0,480,24,4,0,4,0,0,4,2,2,0.03125,4.0,0.0,True,False
512,4 4 32,128,16.0,0,1.25,2800,2.0234375,0,480,24,4,0,4,0,0,4,2,2,0.03125,4.0,0.0,True,False
512,4 4 32,128,16.0,0,1.25,3000,2.0234375,0,480,24,4,0,4,0,0,4,2,2,0.03125,4.0,0.0,True,False
512,4 4 32,128,16.0,0,1.25,3200,2.0234375,0,480,24,4,0,4,0,0,4,2,2,0.03125,4.0,0.0,True,False
512,4 4 32,128,16.0,0,1.25,3400,2.0234375,0,480,24,4,0,4,0,0,4,2,2,0.03125,4.0,0.0,True,False
512,4 4 32,128,16.0,0,1.25,3600,2.0234375,0,480,24,4,0,4,0,0,4,2,2,0.03125,4.0,0.0,True,False
512,4 4 32,128,16.0,0,1.25,3800,2.0234375,0,480,24,4,0,4,0,0,4,2,2,0.03125,4.0,0.0,True,False
512,4 4 32,128,16.0,0,1.25,4000,2.015625,0,464,36,4,4,4,0,0,8,2,2,0.0625,8.0,0.0,True,False
512,4 4 32,128,16.0,0,1.25,4200,2.015625,0,464,36,4,4,4,0,0,8,2,2,0.0625,8.0,0.0,True,False
512,4 4 32,128,16.0,0,1.25,4400,2.015625,0,464,36,4,4,4,0,0,8,2,2,0.0625,8.0,0.0,True,False
512,4 4 32,128,16.0,0,1.25,4600,2.015625,0,464,36,4,4,4,0,0,8,2,2,0.0625,8.0,0.0,True,False
512,4 4 32,128,16.0,0,1.25,4800,2.0078125,0,448,48,4,8,4,0,0,12,2,2,0.09375,12.0,0.0,True,False
512,4 4 32,128,16.0,0,1.25,5000,2.0078125,0,448,48,4,8,4,0,0,12,2,2,0.09375,12.0,0.0,True,False
512,4 4 32,128,16.0,0,1.25,5200,2.0078125,0,448,48,4,8,4,0,0,12,2,2,0.09375,12.0,0.0,True,False
512,4 4 32,128,16.0,0,1.25,5400,2.0078125,0,448,48,4,8,4,0,0,12,2,2,0.09375,12.0,0.0,True,False
512,4 4 32,128,16.0,0,1.25,5600,2.0078125,0,448,48,4,8,4,0,0,12,2,2,0.09375,12.0,0.0,True,False
512,4 4 32,128,16.0,0,1.25,5800,2.0078125,0,448,48,4,8,4,0,0,12,2,2,0.09375,12.0,0.0,True,False
512,4 4 32,128,16.0,0,1.25,6000,2.0078125,0,448,48,4,8,4,0,0,12,2,2,0.09375,12.0,0.0,True,False
512,4 4 32,128,16.0,0,1.25,6200,2.0,0,432,60,4,12,4,0,0,16,2,2,0.125,16.0,0.0,True,False
512,4 4 32,128,16.0,0,1.25,6400,2.0,0,432,60,4,12,4,0,0,16,2,2,0.125,16.0,0.0,True,False
512,4 4 32,128,16.0,0,1.25,6600,2.0,0,432,60,4,12,4,0,0,16,2,2,0.125,16.0,0.0,True,False
512,4 4 32,128,16.0,0,1.25,6800,2.0,0,432,60,4,12,4,0,0,16,2,2,0.125,16.0,0.0,True,False
512,4 4 32,128,16.0,0,1.25,7000,2.0,0,432,60,4,12,4,0,0,16,2,2,0.125,16.0,0.0,True,False
512,4 4 32,128,16.0,0,1.25,7200,2.0,0,432,60,4,12,4,0,0,16,2,2,0.125,16.0,0.0,True,False
512,4 4 32,128,16.0,0,1.25,7400,2.0,0,432,60,4,12,4,0,0,16,2,2,0.125,16.0,0.0,True,False
512,4 4 32,128,16.0,0,1.25,7600,2.0,0,432,60,4,12,4,0,0,16,2,2,0.125,16.0,0.0,True,False
512,4 4 32,128,16.0,0,1.25,7800,2.0,0,432,60,4,12,4,0,0,16,2,2,0.125,16.0,0.0,True,False
512,4 4 32,128,16.0,0,1.25,8000,2.0,0,432,60,4,12,4,0,0,16,2,2,0.125,16.0,0.0,True,False
512,4 4 32,128,16.0,0,1.25,8200,2.0,0,432,60,4,12,4,0,0,16,2,2,0.125,16.0,0.0,True,False
512,4 4 32,128,16.0,0,1.25,8400,2.0,0,432,60,4,12,4,0,0,16,2,2,0.125,16.0,0.0,True,False
512,4 4 32,128,16.0,0,1.25,8600,2.0,0,432,60,4,12,4,0,0,16,2,2,0.125,16.0,0.0,True,False
512,4 4 32,128,16.0,0,1.25,8800,2.0,0,432,60,4,12,4,0,0,16,2,2,0.125,16.0,0.0,True,False
512,4 4 32,128,16.0,0,1.25,9000,2.0,0,432,60,4,12,4,0,0,16,2,2,0.125,16.0,0.0,True,False
512,4 4 32,128,16.0,0,1.25,9200,2.0,0,432,60,4,12,4,0,0,16,2,2,0.125,16.0,0.0,True,False
512,4 4 32,128,16.0,0,1.25,9400,2.0,0,432,60,4,12,4,0,0,16,2,2,0.125,16.0,0.0,True,False
512,4 4 32,128,16.0,0,1.25,9600,2.0,0,432,60,4,12,4,0,0,16,2,2,0.125,16.0,0.0,True,False
512,4 4 32,128,16.0,0,1.25,9800,2.0,0,432,60,4,12,4,0,0,16,2,2,0.125,16.0,0.0,True,False
512,4 4 32,128,16.0,0,1.25,10000,1.9921875,0,416,72,4,16,4,0,0,20,2,2,0.15625,20.0,0.0,True,False
512,4 4 32,128,16.0,0,1.25,10200,1.984375,0,400,84,4,20,4,0,0,24,2,2,0.1875,24.0,0.0,True,False
512,4 4 32,128,16.0,0,1.25,10400,1.984375,0,400,84,4,20,4,0,0,24,2,2,0.1875,24.0,0.0,True,False
512,4 4 32,128,16.0,0,1.25,10600,1.984375,0,400,84,4,20,4,0,0,24,2,2,0.1875,24.0,0.0,True,False
512,4 4 32,128,16.0,0,1.25,10800,1.984375,0,400,84,4,20,4,0,0,24,2,2,0.1875,24.0,0.0,True,False
512,4 4 32,128,16.0,0,1.25,11000,1.984375,0,400,84,4,20,4,0,0,24,2,2,0.1875,24.0,0.0,True,False
512,4 4 32,128,16.0,0,1.25,11200,1.9765625,0,384,96,4,24,4,0,0,28,2,2,0.21875,28.0,0.0,True,False
512,4 4 32,128,16.0,0,1.25,11400,1.9765625,0,384,96,4,24,4,0,0,28,2,2,0.21875,28.0,0.0,True,False
512,4 4 32,128,16.0,0,1.25,11600,1.9765625,0,384,96,4,24,4,0,0,28,2,2,0.21875,28.0,0.0,True,False
512,4 4 32,128,16.0,0,1.25,11800,1.9765625,0,384,96,4,24,4,0,0,28,2,2,0.21875,28.0,0.0,True,False
512,4 4 32,128,16.0,0,1.25,12000,1.9765625,0,384,96,4,24,4,0,0,28,2,2,0.21875,28.0,0.0,True,False
512,4 4 32,128,16.0,0,1.25,12200,1.9765625,0,384,96,4,24,4,0,0,28,2,2,0.21875,28.0,0.0,True,False
512,4 4 32,128,16.0,0,1.25,12400,1.96875,0,368,108,4,28,4,0,0,32,2,2,0.25,32.0,0.0,True,False
512,4 4 32,128,16.0,0,1.25,12600,1.96875,0,368,108,4,28,4,0,0,32,2,2,0.25,32.0,0.0,True,False
512,4 4 32,128,16.0,0,1.25,12800,1.96875,0,368,108,4,28,4,0,0,32,2,2,0.25,32.0,0.0,True,False
512,4 4 32,128,16.0,0,1.25,13000,1.96875,0,368,108,4,28,4,0,0,32,2,2,0.25,32.0,0.0,True,False
512,4 4 32,128,16.0,0,1.25,13200,1.96875,0,368,108,4,28,4,0,0,32,2,2,0.25,32.0,0.0,True,False
512,4 4 32,128,16.0,0,1.25,13400,1.96875,0,368,108,4,28,4,0,0,32,2,2,0.25,32.0,0.0,True,False
512,4 4 32,128,16.0,0,1.25,13600,1.9609375,0,352,120,4,32,4,0,0,36,2,2,0.28125,36.0,0.0,True,False
512,4 4 32,128,16.0,0,1.25,13800,1.9609375,0,352,120,4,32,4,0,0,36,2,2,0.28125,36.0,0.0,True,False
512,4 4 32,128,16.0,0,1.25,14000,1.9609375,0,352,120,4,32,4,0,0,36,2,2,0.28125,36.0,0.0,True,False
512,4 4 32,128,16.0,0,1.25,14200,1.9609375,0,352,120,4,32,4,0,0,36,2,2,0.28125,36.0,0.0,True,False
512,4 4 32,128,16.0,0,1.25,14400,1.9609375,0,352,120,4,32,4,0,0,36,2,2,0.28125,36.0,0.0,True,False
512,4 4 32,128,16.0,0,1.25,14600,1.9609375,0,352,120,4,32,4,0,0,36,2,2,0.28125,36.0,0.0,True,False
512,4 4 32,128,16.0,0,1.25,14800,1.9609375,0,352,120,4,32,4,0,0,36,2,2,0.28125,36.0,0.0,True,False
512,4 4 32,128,16.0,0,1.25,15000,1.9609375,0,352,120,4,32,4,0,0,36,2,2,0.28125,36.0,0.0,True,False
512,4 4 32,128,16.0,0,1.25,15200,1.9609375,0,352,120,4,32,4,0,0,36,2,2,0.28125,36.0,0.0,True,False
512,4 4 32,128,16.0,0,1.25,15400,1.9609375,0,352,120,4,32,4,0,0,36,2,2,0.28125,36.0,0.0,True,False
512,4 4 32,128,16.0,0,1.25,15600,1.9609375,0,352,120,4,32,4,0,0,36,2,2,0.28125,36.0,0.0,True,False
512,4 4 32,128,16.0,0,1.25,15800,1.9609375,0,352,120,4,32,4,0,0,36,2,2,0.28125,36.0,0.0,True,False
512,4 4 32,128,16.0,0,1.25,16000,1.9609375,0,352,120,4,32,4,0,0,36,2,2,0.28125,36.0,0.0,True,False
512,4 4 32,128,16.0,0,1.25,16200,1.9609375,0,352,120,4,32,4,0,0,36,2,2,0.28125,36.0,0.0,True,False
512,4 4 32,128,16.0,0,1.25,16400,1.9609375,0,352,120,4,32,4,0,0,36,2,2,0.28125,36.0,0.0,True,False
512,4 4 32,128,16.0,0,1.25,16600,1.9609375,0,352,120,4,32,4,0,0,36,2,2,0.28125,36.0,0.0,True,False
512,4 4 32,128,16.0,0,1.25,16800,1.9609375,0,352,120,4,32,4,0,0,36,2,2,0.28125,36.0,0.0,True,False
512,4 4 32,128,16.0,0,1.25,17000,1.9609375,0,352,120,4,32,4,0,0,36,2,2,0.28125,36.0,0.0,True,False
512,4 4 32,128,16.0,0,1.25,17200,1.9609375,0,352,120,4,32,4,0,0,36,2,2,0.28125,36.0,0.0,True,False
512,4 4 32,128,16.0,0,1.25,17400,1.9609375,0,352,120,4,32,4,0,0,36,2,2,0.28125,36.0,0.0,True,False
512,4 4 32,128,16.0,0,1.25,17600,1.9609375,0,352,120,4,32,4,0,0,36,2,2,0.28125,36.0,0.0,True,False
512,4 4 32,128,16.0,0,1.25,17800,1.9453125,0,320,144,4,40,4,0,0,44,2,2,0.34375,44.0,0.0,True,False
512,4 4 32,128,16.0,0,1.25,18000,1.9296875,0,288,168,4,48,4,0,0,52,2,2,0.40625,52.0,0.0,True,False
512,4 4 32,128,16.0,0,1.25,18200,1.9296875,0,288,168,4,48,4,0,0,52,2,2,0.40625,52.0,0.0,True,False
512,4 4 32,128,16.0,0,1.25,18400,1.9296875,0,288,168,4,48,4,0,0,52,2,2,0.40625,52.0,0.0,True,False
512,4 4 32,128,16.0,0,1.25,18600,1.9296875,0,288,168,4,48,4,0,0,52,2,2,0.40625,52.0,0.0,True,False
512,4 4 32,128,16.0,0,1.25,18800,1.9296875,0,288,168,4,48,4,0,0,52,2,2,0.40625,52.0,0.0,True,False
512,4 4 32,128,16.0,0,1.25,19000,1.9296875,0,288,168,4,48,4,0,0,52,2,2,0.40625,52.0,0.0,True,False
512,4 4 32,128,16.0,0,1.25,19200,1.9296875,0,288,168,4,48,4,0,0,52,2,2,0.40625,52.0,0.0,True,False
512,4 4 32,128,16.0,0,1.25,19400,1.9296875,0,288,168,4,48,4,0,0,52,2,2,0.40625,52.0,0.0,True,False
512,4 4 32,128,16.0,0,1.25,19600,1.9296875,0,288,168,4,48,4,0,0,52,2,2,0.40625,52.0,0.0,True,False
512,4 4 32,128,16.0,0,1.25,19800,1.9296875,0,288,168,4,48,4,0,0,52,2,2,0.40625,52.0,0.0,True,False
512,4 4 32,128,16.0,0,1.25,20000,1.9296875,0,288,168,4,48,4,0,0,52,2,2,0.40625,52.0,0.0,True,False
512,4 4 32,128,16.0,0,1.25,20200,1.9296875,0,288,168,4,48,4,0,0,52,2,2,0.40625,52.0,0.0,True,False
512,4 4 32,128,16.0,0,1.25,20400,1.9296875,0,288,168,4,48,4,0,0,52,2,2,0.40625,52.0,0.0,True,False
512,4 4 32,128,16.0,0,1.25,20600,1.9296875,0,288,168,4,48,4,0,0,52,2,2,0.40625,52.0,0.0,True,False
512,4 4 32,128,16.0,0,1.25,20800,1.9296875,0,288,168,4,48,4,0,0,52,2,2,0.40625,52.0,0.0,True,False
512,4 4 32,128,16.0,0,1.25,21000,1.9375,0,304,156,4,44,4,0,0,48,2,2,0.375,48.0,0.0,True,False
512,4 4 32,128,16.0,0,1.25,21200,1.9296875,0,288,168,4,48,4,0,0,52,2,2,0.40625,52.0,0.0,True,False
512,4 4 32,128,16.0,0,1.25,21400,1.9296875,0,288,168,4,48,4,0,0,52,2,2,0.40625,52.0,0.0,True,False
512,4 4 32,128,16.0,0,1.25,21600,1.9296875,0,288,168,4,48,4,0,0,52,2,2,0.40625,52.0,0.0,True,False
512,4 4 32,128,16.0,0,1.25,21800,1.9296875,0,288,168,4,48,4,0,0,52,2,2,0.40625,52.0,0.0,True,False
512,4 4 32,128,16.0,0,1.25,22000,1.9296875,0,288,168,4,48,4,0,0,52,2,2,0.40625,52.0,0.0,True,False
512,4 4 32,128,16.0,0,1.25,22200,1.9296875,0,288,168,4,48,4,0,0,52,2,2,0.40625,52.0,0.0,True,False
512,4 4 32,128,16.0,0,1.25,22400,1.9296875,0,288,168,4,48,4,0,0,52,2,2,0.40625,52.0,0.0,True,False
512,4 4 32,128,16.0,0,1.25,22600,1.9296875,0,288,168,4,48,4,0,0,52,2,2,0.40625,52.0,0.0,True,False
512,4 4 32,128,16.0,0,1.25,22800,1.9296875,0,288,168,4,48,4,0,0,52,2,2,0.40625,52.0,0.0,True,False
512,4 4 32,128,16.0,0,1.25,23000,1.9296875,0,288,168,4,48,4,0,0,52,2,2,0.40625,52.0,0.0,True,False
512,4 4 32,128,16.0,0,1.25,23200,1.921875,0,272,180,4,52,4,0,0,56,2,2,0.4375,56.0,0.0,True,False
512,4 4 32,128,16.0,0,1.25,23400,1.91796875,0,252,188,12,60,0,0,0,60,6,2,0.453125,58.0,0.0,True,False
512,4 4 32,128,16.0,0,1.25,23600,1.91796875,0,252,188,12,60,0,0,0,60,6,2,0.453125,58.0,0.0,True,False
512,4 4 32,128,16.0,0,1.25,23800,1.91796875,0,252,188,12,60,0,0,0,60,6,2,0.453125,58.0,0.0,True,False
512,4 4 32,128,16.0,0,1.25,24000,1.91796875,0,252,188,12,60,0,0,0,60,6,2,0.453125,58.0,0.0,True,False
512,4 4 32,128,16.0,0,1.25,24200,1.91796875,0,252,188,12,60,0,0,0,60,6,2,0.453125,58.0,0.0,True,False
512,4 4 32,128,16.0,0,1.25,24400,1.91796875,0,252,188,12,60,0,0,0,60,6,2,0.453125,58.0,0.0,True,False
512,4 4 32,128,16.0,0,1.25,24600,1.91796875,0,252,188,12,60,0,0,0,60,6,2,0.453125,58.0,0.0,True,False
512,4 4 32,128,16.0,0,1.25,24800,1.91796875,0,252,188,12,60,0,0,0,60,6,2,0.453125,58.0,0.0,True,False
512,4 4 32,128,16.0,0,1.25,25000,1.91796875,0,252,188,12,60,0,0,0,60,6,2,0.453125,58.0,0.0,True,False
512,4 4 32,128,16.0,0,1.25,25200,1.91796875,0,252,188,12,60,0,0,0,60,6,2,0.453125,58.0,0.0,True,False
512,4 4 32,128,16.0,0,1.25,25400,1.91796875,0,252,188,12,60,0,0,0,60,6,2,0.453125,58.0,0.0,True,False
512,4 4 32,128,16.0,0,1.25,25600,1.91796875,0,252,188,12,60,0,0,0,60,6,2,0.453125,58.0,0.0,True,False
512,4 4 32,128,16.0,0,1.25,25800,1.91796875,0,252,188,12,60,0,0,0,60,6,2,0.453125,58.0,0.0,True,False
512,4 4 32,128,16.0,0,1.25,26000,1.91796875,0,252,188,12,60,0,0,0,60,6,2,0.453125,58.0,0.0,True,False
512,4 4 32,128,16.0,0,1.25,26200,1.91796875,0,252,188,12,60,0,0,0,60,6,2,0.453125,58.0,0.0,True,False
512,4 4 32,128,16.0,0,1.25,26400,1.91796875,0,252,188,12,60,0,0,0,60,6,2,0.453125,58.0,0.0,True,False
512,4 4 32,128,16.0,0,1.25,26600,1.91796875,0,252,188,12,60,0,0,0,60,6,2,0.453125,58.0,0.0,True,False
512,4 4 32,128,16.0,0,1.25,26800,1.91796875,0,252,188,12,60,0,0,0,60,6,2,0.453125,58.0,0.0,True,False
512,4 4 32,128,16.0,0,1.25,27000,1.91796875,0,252,188,12,60,0,0,0,60,6,2,0.453125,58.0,0.0,True,False
512,4 4 32,128,16.0,0,1.25,27200,1.91796875,0,252,188,12,60,0,0,0,60,6,2,0.453125,58.0,0.0,True,False
512,4 4 32,128,16.0,0,1.25,27400,1.91796875,0,252,188,12,60,0,0,0,60,6,2,0.453125,58.0,0.0,True,False
512,4 4 32,128,16.0,0,1.25,27600,1.91796875,0,252,188,12,60,0,0,0,60,6,2,0.453125,58.0,0.0,True,False
512,4 4 32,128,16.0,0,1.25,27800,1.91796875,0,252,188,12,60,0,0,0,60,6,2,0.453125,58.0,0.0,True,False
512,4 4 32,128,16.0,0,1.25,28000,1.91796875,0,252,188,12,60,0,0,0,60,6,2,0.453125,58.0,0.0,True,False
512,4 4 32,128,16.0,0,1.25,28200,1.91796875,0,252,188,12,60,0,0,0,60,6,2,0.453125,58.0,0.0,True,False
512,4 4 32,128,16.0,0,1.25,28400,1.91796875,0,252,188,12,60,0,0,0,60,6,2,0.453125,58.0,0.0,True,False
512,4 4 32,128,16.0,0,1.25,28600,1.91796875,0,252,188,12,60,0,0,0,60,6,2,0.453125,58.0,0.0,True,False
512,4 4 32,128,16.0,0,1.25,28800,1.91796875,0,252,188,12,60,0,0,0,60,6,2,0.453125,58.0,0.0,True,False
512,4 4 32,128,16.0,0,1.25,29000,1.91796875,0,252,188,12,60,0,0,0,60,6,2,0.453125,58.0,0.0,True,False
512,4 4 32,128,16.0,0,1.25,29200,1.91796875,0,252,188,12,60,0,0,0,60,6,2,0.453125,58.0,0.0,True,False
512,4 4 32,128,16.0,0,1.25,29400,1.91796875,0,252,188,12,60,0,0,0,60,6,2,0.453125,58.0,0.0,True,False
512,4 4 32,128,16.0,0,1.25,29600,1.91796875,0,252,188,12,60,0,0,0,60,6,2,0.453125,58.0,0.0,True,False
512,4 4 32,128,16.0,0,1.25,29800,1.91796875,0,252,188,12,60,0,0,0,60,6,2,0.453125,58.0,0.0,True,False
512,4 4 32,128,16.0,0,1.25,30000,1.91796875,0,252,188,12,60,0,0,0,60,6,2,0.453125,58.0,0.0,True,False
512,4 4 32,128,16.0,0,1.25,30200,1.91796875,0,252,188,12,60,0,0,0,60,6,2,0.453125,58.0,0.0,True,False
512,4 4 32,128,16.0,0,1.25,30400,1.91796875,0,252,188,12,60,0,0,0,60,6,2,0.453125,58.0,0.0,True,False
512,4 4 32,128,16.0,0,1.25,30600,1.91796875,0,252,188,12,60,0,0,0,60,6,2,0.453125,58.0,0.0,True,False
512,4 4 32,128,16.0,0,1.25,30800,1.91796875,0,252,188,12,60,0,0,0,60,6,2,0.453125,58.0,0.0,True,False
512,4 4 32,128,16.0,0,1.25,31000,1.91796875,0,252,188,12,60,0,0,0,60,6,2,0.453125,58.0,0.0,True,False
512,4 4 32,128,16.0,0,1.25,31200,1.91796875,0,252,188,12,60,0,0,0,60,6,2,0.453125,58.0,0.0,True,False
512,4 4 32,128,16.0,0,1.25,31400,1.91796875,0,252,188,12,60,0,0,0,60,6,2,0.453125,58.0,0.0,True,False
512,4 4 32,128,16.0,0,1.25,31600,1.91796875,0,252,188,12,60,0,0,0,60,6,2,0.453125,58.0,0.0,True,False
512,4 4 32,128,16.0,0,1.25,31800,1.91796875,0,252,188,12,60,0,0,0,60,6,2,0.453125,58.0,0.0,True,False
512,4 4 32,128,16.0,0,1.25,32000,1.91796875,0,252,188,12,60,0,0,0,60,6,2,0.453125,58.0,0.0,True,False
512,4 4 32,128,16.0,0,1.25,32200,1.91796875,0,252,188,12,60,0,0,0,60,6,2,0.453125,58.0,0.0,True,False
512,4 4 32,128,16.0,0,1.25,32400,1.91796875,0,252,188,12,60,0,0,0,60,6,2,0.453125,58.0,0.0,True,False
512,4 4 32,128,16.0,0,1.25,32600,1.919921875,0,262,184,6,60,0,0,0,60,3,2,0.4453125,57.0,0.0,True,False
512,4 4 32,128,16.0,0,1.25,32800,1.919921875,0,262,184,6,60,0,0,0,60,3,2,0.4453125,57.0,0.0,True,False
512,4 4 32,128,16.0,0,1.25,33000,1.919921875,0,262,184,6,60,0,0,0,60,3,2,0.4453125,57.0,0.0,True,False
512,4 4 32,128,16.0,0,1.25,33200,1.919921875,0,262,184,6,60,0,0,0,60,3,2,0.4453125,57.0,0.0,True,False
512,4 4 32,128,16.0,0,1.25,33400,1.919921875,0,262,184,6,60,0,0,0,60,3,2,0.4453125,57.0,0.0,True,False
512,4 4 32,128,16.0,0,1.25,33600,1.919921875,0,262,184,6,60,0,0,0,60,3,2,0.4453125,57.0,0.0,True,False
512,4 4 32,128,16.0,0,1.25,33800,1.919921875,0,262,184,6,60,0,0,0,60,3,2,0.4453125,57.0,0.0,True,False
512,4 4 32,128,16.0,0,1.25,34000,1.919921875,0,262,184,6,60,0,0,0,60,3,2,0.4453125,57.0,0.0,True,False
512,4 4 32,128,16.0,0,1.25,34200,1.91796875,0,252,188,12,60,0,0,0,60,6,2,0.453125,58.0,0.0,True,False
512,4 4 32,128,16.0,0,1.25,34400,1.91796875,0,252,188,12,60,0,0,0,60,6,2,0.453125,58.0,0.0,True,False
512,4 4 32,128,16.0,0,1.25,34600,1.91796875,0,252,188,12,60,0,0,0,60,6,2,0.453125,58.0,0.0,True,False
512,4 4 32,128,16.0,0,1.25,34800,1.91796875,0,252,188,12,60,0,0,0,60,6,2,0.453125,58.0,0.0,True,False
512,4 4 32,128,16.0,0,1.25,35000,1.91796875,0,252,188,12,60,0,0,0,60,6,2,0.453125,58.0,0.0,True,False
512,4 4 32,128,16.0,0,1.25,35200,1.91796875,0,252,188,12,60,0,0,0,60,6,2,0.453125,58.0,0.0,True,False
512,4 4 32,128,16.0,0,1.25,35400,1.91796875,0,252,188,12,60,0,0,0,60,6,2,0.453125,58.0,0.0,True,False
512,4 4 32,128,16.0,0,1.25,35600,1.91796875,0,252,188,12,60,0,0,0,60,6,2,0.453125,58.0,0.0,True,False
512,4 4 32,128,16.0,0,1.25,35800,1.91796875,0,252,188,12,60,0,0,0,60,6,2,0.453125,58.0,0.0,True,False
512,4 4 32,128,16.0,0,1.25,36000,1.91796875,0,252,188,12,60,0,0,0,60,6,2,0.453125,58.0,0.0,True,False
512,4 4 32,128,16.0,0,1.25,36200,1.91796875,0,252,188,12,60,0,0,0,60,6,2,0.453125,58.0,0.0,True,False
512,4 4 32,128,16.0,0,1.25,36400,1.91796875,0,252,188,12,60,0,0,0,60,6,2,0.453125,58.0,0.0,True,False
512,4 4 32,128,16.0,0,1.25,36600,1.91796875,0,252,188,12,60,0,0,0,60,6,2,0.453125,58.0,0.0,True,False
512,4 4 32,128,16.0,0,1.25,36800,1.91796875,0,252,188,12,60,0,0,0,60,6,2,0.453125,58.0,0.0,True,False
512,4 4 32,128,16.0,0,1.25,37000,1.91796875,0,252,188,12,60,0,0,0,60,6,2,0.453125,58.0,0.0,True,False
512,4 4 32,128,16.0,0,1.25,37200,1.91796875,0,252,188,12,60,0,0,0,60,6,2,0.453125,58.0,0.0,True,False
512,4 4 32,128,16.0,0,1.25,37400,1.91796875,0,252,188,12,60,0,0,0,60,6,2,0.453125,58.0,0.0,True,False
512,4 4 32,128,16.0,0,1.25,37600,1.91796875,0,252,188,12,60,0,0,0,60,6,2,0.453125,58.0,0.0,True,False
512,4 4 32,128,16.0,0,1.25,37800,1.91796875,0,252,188,12,60,0,0,0,60,6,2,0.453125,58.0,0.0,True,False
512,4 4 32,128,16.0,0,1.25,38000,1.91796875,0,252,188,12,60,0,0,0,60,6,2,0.453125,58.0,0.0,True,False
512,4 4 32,128,16.0,0,1.25,38200,1.91796875,0,252,188,12,60,0,0,0,60,6,2,0.453125,58.0,0.0,True,False
512,4 4 32,128,16.0,0,1.25,38400,1.91796875,0,252,188,12,60,0,0,0,60,6,2,0.453125,58.0,0.0,True,False
512,4 4 32,128,16.0,0,1.25,38600,1.91796875,0,252,188,12,60,0,0,0,60,6,2,0.453125,58.0,0.0,True,False
512,4 4 32,128,16.0,0,1.25,38800,1.91796875,0,252,188,12,60,0,0,0,60,6,2,0.453125,58.0,0.0,True,False
512,4 4 32,128,16.0,0,1.25,39000,1.91796875,0,252,188,12,60,0,0,0,60,6,2,0.453125,58.0,0.0,True,False
512,4 4 32,128,16.0,0,1.25,39200,1.91796875,0,252,188,12,60,0,0,0,60,6,2,0.453125,58.0,0.0,True,False
512,4 4 32,128,16.0,0,1.25,39400,1.91796875,0,252,188,12,60,0,0,0,60,6,2,0.453125,58.0,0.0,True,False
512,4 4 32,128,16.0,0,1.25,39600,1.91796875,0,252,188,12,60,0,0,0,60,6,2,0.453125,58.0,0.0,True,False
512,4 4 32,128,16.0,0,1.25,39800,1.91796875,0,252,188,12,60,0,0,0,60,6,2,0.453125,58.0,0.0,True,False
512,4 4 32,128,16.0,0,1.25,40000,1.91796875,0,252,188,12,60,0,0,0,60,6,2,0.453125,58.0,0.0,True,False
512,4 4 32,128,16.0,0,1.25,40200,1.91796875,0,252,188,12,60,0,0,0,60,6,2,0.453125,58.0,0.0,True,False
512,4 4 32,128,16.0,0,1.25,40400,1.91796875,0,252,188,12,60,0,0,0,60,6,2,0.453125,58.0,0.0,True,False
512,4 4 32,128,16.0,0,1.25,40600,1.91796875,0,252,188,12,60,0,0,0,60,6,2,0.453125,58.0,0.0,True,False
512,4 4 32,128,16.0,0,1.25,40800,1.91796875,0,252,188,12,60,0,0,0,60,6,2,0.453125,58.0,0.0,True,False
512,4 4 32,128,16.0,0,1.25,41000,1.91796875,0,252,188,12,60,0,0,0,60,6,2,0.453125,58.0,0.0,True,False
512,4 4 32,128,16.0,0,1.25,41200,1.91796875,0,252,188,12,60,0,0,0,60,6,2,0.453125,58.0,0.0,True,False
512,4 4 32,128,16.0,0,1.25,41400,1.91796875,0,252,188,12,60,0,0,0,60,6,2,0.453125,58.0,0.0,True,False
512,4 4 32,128,16.0,0,1.25,41600,1.91796875,0,252,188,12,60,0,0,0,60,6,2,0.453125,58.0,0.0,True,False
512,4 4 32,128,16.0,0,1.25,41800,1.91796875,0,252,188,12,60,0,0,0,60,6,2,0.453125,58.0,0.0,True,False
512,4 4 32,128,16.0,0,1.25,42000,1.91796875,0,252,188,12,60,0,0,0,60,6,2,0.453125,58.0,0.0,True,False
512,4 4 32,128,16.0,0,1.25,42200,1.91796875,0,252,188,12,60,0,0,0,60,6,2,0.453125,58.0,0.0,True,False
512,4 4 32,128,16.0,0,1.25,42400,1.91796875,0,252,188,12,60,0,0,0,60,6,2,0.453125,58.0,0.0,True,False
512,4 4 32,128,16.0,0,1.25,42600,1.91796875,0,252,188,12,60,0,0,0,60,6,2,0.453125,58.0,0.0,True,False
512,4 4 32,128,16.0,0,1.25,42800,1.91796875,0,252,188,12,60,0,0,0,60,6,2,0.453125,58.0,0.0,True,False
512,4 4 32,128,16.0,0,1.25,43000,1.91796875,0,252,188,12,60,0,0,0,60,6,2,0.453125,58.0,0.0,True,False
512,4 4 32,128,16.0,0,1.25,43200,1.91796875,0,252,188,12,60,0,0,0,60,6,2,0.453125,58.0,0.0,True,False
512,4 4 32,128,16.0,0,1.25,43400,1.91796875,0,252,188,12,60,0,0,0,60,6,2,0.453125,58.0,0.0,True,False
512,4 4 32,128,16.0,0,1.25,43600,1.91796875,0,252,188,12,60,0,0,0,60,6,2,0.453125,58.0,0.0,True,False
512,4 4 32,128,16.0,0,1.25,43800,1.91796875,0,252,188,12,60,0,0,0,60,6,2,0.453125,58.0,0.0,True,False
512,4 4 32,128,16.0,0,1.25,44000,1.91796875,0,252,188,12,60,0,0,0,60,6,2,0.453125,58.0,0.0,True,False
512,4 4 32,128,16.0,0,1.25,44200,1.91796875,0,252,188,12,60,0,0,0,60,6,2,0.453125,58.0,0.0,True,False
512,4 4 32,128,16.0,0,1.25,44400,1.91796875,0,252,188,12,60,0,0,0,60,6,2,0.453125,58.0,0.0,True,False
512,4 4 32,128,16.0,0,1.25,44600,1.91796875,0,252,188,12,60,0,0,0,60,6,2,0.453125,58.0,0.0,True,False
512,4 4 32,128,16.0,0,1.25,44800,1.91796875,0,252,188,12,60,0,0,0,60,6,2,0.453125,58.0,0.0,True,False
512,4 4 32,128,16.0,0,1.25,45000,1.91796875,0,252,188,12,60,0,0,0,60,6,2,0.453125,58.0,0.0,True,False
512,4 4 32,128,16.0,0,1.25,45200,1.91796875,0,252,188,12,60,0,0,0,60,6,2,0.453125,58.0,0.0,True,False
512,4 4 32,128,16.0,0,1.25,45400,1.91796875,0,252,188,12,60,0,0,0,60,6,2,0.453125,58.0,0.0,True,False
512,4 4 32,128,16.0,0,1.25,45600,1.91796875,0,252,188,12,60,0,0,0,60,6,2,0.453125,58.0,0.0,True,False
512,4 4 32,128,16.0,0,1.25,45800,1.91796875,0,252,188,12,60,0,0,0,60,6,2,0.453125,58.0,0.0,True,False
512,4 4 32,128,16.0,0,1.25,46000,1.91796875,0,252,188,12,60,0,0,0,60,6,2,0.453125,58.0,0.0,True,False
512,4 4 32,128,16.0,0,1.25,46200,1.91796875,0,252,188,12,60,0,0,0,60,6,2,0.453125,58.0,0.0,True,False
512,4 4 32,128,16.0,0,1.25,46400,1.91796875,0,252,188,12,60,0,0,0,60,6,2,0.453125,58.0,0.0,True,False
512,4 4 32,128,16.0,0,1.25,46600,1.91796875,0,252,188,12,60,0,0,0,60,6,2,0.453125,58.0,0.0,True,False
512,4 4 32,128,16.0,0,1.25,46800,1.91796875,0,252,188,12,60,0,0,0,60,6,2,0.453125,58.0,0.0,True,False
512,4 4 32,128,16.0,0,1.25,47000,1.91796875,0,252,188,12,60,0,0,0,60,6,2,0.453125,58.0,0.0,True,False
512,4 4 32,128,16.0,0,1.25,47200,1.91796875,0,252,188,12,60,0,0,0,60,6,2,0.453125,58.0,0.0,True,False
512,4 4 32,128,16.0,0,1.25,47400,1.91796875,0,252,188,12,60,0,0,0,60,6,2,0.453125,58.0,0.0,True,False
512,4 4 32,128,16.0,0,1.25,47600,1.91796875,0,252,188,12,60,0,0,0,60,6,2,0.453125,58.0,0.0,True,False
512,4 4 32,128,16.0,0,1.25,47800,1.91796875,0,252,188,12,60,0,0,0,60,6,2,0.453125,58.0,0.0,True,False
512,4 4 32,128,16.0,0,1.25,48000,1.91796875,0,252,188,12,60,0,0,0,60,6,2,0.453125,58.0,0.0,True,False
512,4 4 32,128,16.0,0,1.25,48200,1.91796875,0,252,188,12,60,0,0,0,60,6,2,0.453125,58.0,0.0,True,False
512,4 4 32,128,16.0,0,1.25,48400,1.91796875,0,252,188,12,60,0,0,0,60,6,2,0.453125,58.0,0.0,True,False
512,4 4 32,128,16.0,0,1.25,48600,1.91796875,0,252,188,12,60,0,0,0,60,6,2,0.453125,58.0,0.0,True,False
512,4 4 32,128,16.0,0,1.25,48800,1.91796875,0,252,188,12,60,0,0,0,60,6,2,0.453125,58.0,0.0,True,False
512,4 4 32,128,16.0,0,1.25,49000,1.91796875,0,252,188,12,60,0,0,0,60,6,2,0.453125,58.0,0.0,True,False
512,4 4 32,128,16.0,0,1.25,49200,1.91796875,0,252,188,12,60,0,0,0,60,6,2,0.453125,58.0,0.0,True,False
512,4 4 32,128,16.0,0,1.25,49400,1.91796875,0,252,188,12,60,0,0,0,60,6,2,0.453125,58.0,0.0,True,False
512,4 4 32,128,16.0,0,1.25,49600,1.91796875,0,252,188,12,60,0,0,0,60,6,2,0.453125,58.0,0.0,True,False
512,4 4 32,128,16.0,0,1.25,49800,1.91796875,0,252,188,12,60,0,0,0,60,6,2,0.453125,58.0,0.0,True,False
512,4 4 32,128,16.0,0,1.25,50000,1.91796875,0,252,188,12,60,0,0,0,60,6,2,0.453125,58.0,0.0,True,False
512,4 4 32,128,16.0,0,1.25,50200,1.91796875,0,252,188,12,60,0,0,0,60,6,2,0.453125,58.0,0.0,True,False
512,4 4 32,128,16.0,0,1.25,50400,1.91796875,0,252,188,12,60,0,0,0,60,6,2,0.453125,58.0,0.0,True,False
512,4 4 32,128,16.0,0,1.25,50600,1.91796875,0,252,188,12,60,0,0,0,60,6,2,0.453125,58.0,0.0,True,False
512,4 4 32,128,16.0,0,1.25,50800,1.91796875,0,252,188,12,60,0,0,0,60,6,2,0.453125,58.0,0.0,True,False
512,4 4 32,128,16.0,0,1.25,51000,1.91796875,0,252,188,12,60,0,0,0,60,6,2,0.453125,58.0,0.0,True,False
512,4 4 32,128,16.0,0,1.25,51200,1.91796875,0,252,188,12,60,0,0,0,60,6,2,0.453125,58.0,0.0,True,False
512,4 4 32,128,16.0,0,1.25,51400,1.91796875,0,252,188,12,60,0,0,0,60,6,2,0.453125,58.0,0.0,True,False
512,4 4 32,128,16.0,0,1.25,51600,1.91796875,0,252,188,12,60,0,0,0,60,6,2,0.453125,58.0,0.0,True,False
512,4 4 32,128,16.0,0,1.25,51800,1.91796875,0,252,188,12,60,0,0,0,60,6,2,0.453125,58.0,0.0,True,False
512,4 4 32,128,16.0,0,1.25,52000,1.91796875,0,252,188,12,60,0,0,0,60,6,2,0.453125,58.0,0.0,True,False
512,4 4 32,128,16.0,0,1.25,52200,1.91796875,0,252,188,12,60,0,0,0,60,6,2,0.453125,58.0,0.0,True,False
512,4 4 32,128,16.0,0,1.25,52400,1.91796875,0,252,188,12,60,0,0,0,60,6,2,0.453125,58.0,0.0,True,False
512,4 4 32,128,16.0,0,1.25,52600,1.91796875,0,252,188,12,60,0,0,0,60,6,2,0.453125,58.0,0.0,True,False
512,4 4 32,128,16.0,0,1.25,52800,1.919921875,0,262,184,6,60,0,0,0,60,3,2,0.4453125,57.0,0.0,True,False
512,4 4 32,128,16.0,0,1.25,53000,1.919921875,0,262,184,6,60,0,0,0,60,3,2,0.4453125,57.0,0.0,True,False
512,4 4 32,128,16.0,0,1.25,53200,1.919921875,0,262,184,6,60,0,0,0,60,3,2,0.4453125,57.0,0.0,True,False
512,4 4 32,128,16.0,0,1.25,53400,1.919921875,0,262,184,6,60,0,0,0,60,3,2,0.4453125,57.0,0.0,True,False
512,4 4 32,128,16.0,0,1.25,53600,1.91796875,0,252,188,12,60,0,0,0,60,6,2,0.453125,58.0,0.0,True,False
512,4 4 32,128,16.0,0,1.25,53800,1.91796875,0,252,188,12,60,0,0,0,60,6,2,0.453125,58.0,0.0,True,False
512,4 4 32,128,16.0,0,1.25,54000,1.91796875,0,252,188,12,60,0,0,0,60,6,2,0.453125,58.0,0.0,True,False
512,4 4 32,128,16.0,0,1.25,54200,1.91796875,0,252,188,12,60,0,0,0,60,6,2,0.453125,58.0,0.0,True,False
512,4 4 32,128,16.0,0,1.25,54400,1.91796875,0,252,188,12,60,0,0,0,60,6,2,0.453125,58.0,0.0,True,False
512,4 4 32,128,16.0,0,1.25,54600,1.91796875,0,252,188,12,60,0,0,0,60,6,2,0.453125,58.0,0.0,True,False
512,4 4 32,128,16.0,0,1.25,54800,1.91796875,0,252,188,12,60,0,0,0,60,6,2,0.453125,58.0,0.0,True,False
512,4 4 32,128,16.0,0,1.25,55000,1.91796875,0,252,188,12,60,0,0,0,60,6,2,0.453125,58.0,0.0,True,False
512,4 4 32,128,16.0,0,1.25,55200,1.91796875,0,252,188,12,60,0,0,0,60,6,2,0.453125,58.0,0.0,True,False
512,4 4 32,128,16.0,0,1.25,55400,1.91796875,0,252,188,12,60,0,0,0,60,6,2,0.453125,58.0,0.0,True,False
512,4 4 32,128,16.0,0,1.25,55600,1.91796875,0,252,188,12,60,0,0,0,60,6,2,0.453125,58.0,0.0,True,False
512,4 4 32,128,16.0,0,1.25,55800,1.91796875,0,252,188,12,60,0,0,0,60,6,2,0.453125,58.0,0.0,True,False
512,4 4 32,128,16.0,0,1.25,56000,1.91796875,0,252,188,12,60,0,0,0,60,6,2,0.453125,58.0,0.0,True,False
512,4 4 32,128,16.0,0,1.25,56200,1.91796875,0,252,188,12,60,0,0,0,60,6,2,0.453125,58.0,0.0,True,False
512,4 4 32,128,16.0,0,1.25,56400,1.91796875,0,252,188,12,60,0,0,0,60,6,2,0.453125,58.0,0.0,True,False
512,4 4 32,128,16.0,0,1.25,56600,1.91796875,0,252,188,12,60,0,0,0,60,6,2,0.453125,58.0,0.0,True,False
512,4 4 32,128,16.0,0,1.25,56800,1.91796875,0,252,188,12,60,0,0,0,60,6,2,0.453125,58.0,0.0,True,False
512,4 4 32,128,16.0,0,1.25,57000,1.919921875,0,262,184,6,60,0,0,0,60,3,2,0.4453125,57.0,0.0,True,False
512,4 4 32,128,16.0,0,1.25,57200,1.919921875,0,262,184,6,60,0,0,0,60,3,2,0.4453125,57.0,0.0,True,False
512,4 4 32,128,16.0,0,1.25,57400,1.919921875,0,262,184,6,60,0,0,0,60,3,2,0.4453125,57.0,0.0,True,False
512,4 4 32,128,16.0,0,1.25,57600,1.919921875,0,262,184,6,60,0,0,0,60,3,2,0.4453125,57.0,0.0,True,False
512,4 4 32,128,16.0,0,1.25,57800,1.919921875,0,262,184,6,60,0,0,0,60,3,2,0.4453125,57.0,0.0,True,False
512,4 4 32,128,16.0,0,1.25,58000,1.919921875,0,262,184,6,60,0,0,0,60,3,2,0.4453125,57.0,0.0,True,False
512,4 4 32,128,16.0,0,1.25,58200,1.919921875,0,262,184,6,60,0,0,0,60,3,2,0.4453125,57.0,0.0,True,False
512,4 4 32,128,16.0,0,1.25,58400,1.923828125,0,258,186,8,58,2,0,0,60,4,2,0.4296875,55.0,0.0,True,False
512,4 4 32,128,16.0,0,1.25,58600,1.8671875,0,264,184,8,56,0,0,0,56,4,2,0.65625,84.0,0.0,True,False
512,4 4 32,128,16.0,0,1.25,58800,1.91796875,0,252,188,12,60,0,0,0,60,6,2,0.453125,58.0,0.0,True,False
512,4 4 32,128,16.0,0,1.25,59000,1.91796875,0,252,188,12,60,0,0,0,60,6,2,0.453125,58.0,0.0,True,False
512,4 4 32,128,16.0,0,1.25,59200,1.8671875,0,264,184,8,56,0,0,0,56,4,2,0.65625,84.0,0.0,True,False
512,4 4 32,128,16.0,0,1.25,59400,1.91796875,0,253,188,10,60,1,0,0,61,6,2,0.453125,58.0,0.0,True,False
512,4 4 32,128,16.0,0,1.25,59600,1.91796875,0,253,188,10,60,1,0,0,61,6,2,0.453125,58.0,0.0,True,False
512,4 4 32,128,16.0,0,1.25,59800,1.91796875,0,244,190,13,64,1,0,0,65,6,6,0.453125,58.0,0.0,True,False
512,4 4 32,128,16.0,0,1.25,60000,1.91796875,0,244,190,13,64,1,0,0,65,6,6,0.453125,58.0,0.0,True,False
512,4 4 32,128,16.0,0,1.25,60200,1.91796875,0,244,190,13,64,1,0,0,65,6,6,0.453125,58.0,0.0,True,False
512,4 4 32,128,16.0,0,1.25,60400,1.91796875,0,244,190,13,64,1,0,0,65,6,6,0.453125,58.0,0.0,True,False
512,4 4 32,128,16.0,0,1.25,60600,1.8984375,0,252,188,12,60,0,0,0,60,6,3,0.53125,68.0,0.0,True,False
512,4 4 32,128,16.0,0,1.25,60800,1.8984375,0,252,188,12,60,0,0,0,60,6,3,0.53125,68.0,0.0,True,False
512,4 4 32,128,16.0,0,1.25,61000,1.8984375,0,252,188,12,60,0,0,0,60,8,2,0.53125,68.0,0.0,True,False
512,4 4 32,128,16.0,0,1.25,61200,1.8984375,0,244,188,16,64,0,0,0,64,5,6,0.53125,68.0,0.0,True,False
512,4 4 32,128,16.0,0,1.25,61400,1.8984375,0,244,188,16,64,0,0,0,64,5,6,0.53125,68.0,0.0,True,False
512,4 4 32,128,16.0,0,1.25,61600,1.8984375,0,252,188,12,60,0,0,0,60,8,2,0.53125,68.0,0.0,True,False
512,4 4 32,128,16.0,0,1.25,61800,1.8984375,0,244,188,16,64,0,0,0,64,6,4,0.53125,68.0,0.0,True,False
512,4 4 32,128,16.0,0,1.25,62000,1.8984375,0,244,188,16,64,0,0,0,64,6,4,0.53125,68.0,0.0,True,False
512,4 4 32,128,16.0,0,1.25,62200,1.8984375,0,252,188,12,60,0,0,0,60,8,2,0.53125,68.0,0.0,True,False
512,4 4 32,128,16.0,0,1.25,62400,1.8984375,0,252,188,12,60,0,0,0,60,6,3,0.53125,68.0,0.0,True,False
512,4 4 32,128,16.0,0,1.25,62600,1.8984375,0,252,188,12,60,0,0,0,60,6,3,0.53125,68.0,0.0,True,False
512,4 4 32,128,16.0,0,1.25,62800,1.8984375,0,244,188,16,64,0,0,0,64,5,6,0.53125,68.0,0.0,True,False
512,4 4 32,128,16.0,0,1.25,63000,1.8984375,0,244,188,16,64,0,0,0,64,5,6,0.53125,68.0,0.0,True,False
512,4 4 32,128,16.0,0,1.25,63200,1.8984375,0,244,188,16,64,0,0,0,64,5,6,0.53125,68.0,0.0,True,False
512,4 4 32,128,16.0,0,1.25,63400,1.8984375,0,252,188,12,60,0,0,0,60,6,3,0.53125,68.0,0.0,True,False
512,4 4 32,128,16.0,0,1.25,63600,1.8984375,0,252,188,12,60,0,0,0,60,6,3,0.53125,68.0,0.0,True,False
512,4 4 32,128,16.0,0,1.25,63800,1.8671875,0,264,184,8,56,0,0,0,56,4,2,0.65625,84.0,0.0,True,False
512,4 4 32,128,16.0,0,1.25,64000,1.8671875,0,264,184,8,56,0,0,0,56,4,2,0.65625,84.0,0.0,True,False
512,4 4 32,128,16.0,0,1.25,64200,1.8671875,0,264,184,8,56,0,0,0,56,4,2,0.65625,84.0,0.0,True,False
512,4 4 32,128,16.0,0,1.25,64400,1.8984375,0,252,188,12,60,0,0,0,60,8,2,0.53125,68.0,0.0,True,False
512,4 4 32,128,16.0,0,1.25,64600,1.8984375,0,244,188,16,64,0,0,0,64,6,4,0.53125,68.0,0.0,True,False
512,4 4 32,128,16.0,0,1.25,64800,1.8984375,0,244,188,16,64,0,0,0,64,6,4,0.53125,68.0,0.0,True,False
512,4 4 32,128,16.0,0,1.25,65000,1.8984375,0,244,188,16,64,0,0,0,64,6,4,0.53125,68.0,0.0,True,False
512,4 4 32,128,16.0,0,1.25,65200,1.8984375,0,244,188,16,64,0,0,0,64,6,4,0.53125,68.0,0.0,True,False
512,4 4 32,128,16.0,0,1.25,65400,1.8984375,0,244,188,16,64,0,0,0,64,6,4,0.53125,68.0,0.0,True,False
512,4 4 32,128,16.0,0,1.25,65600,1.8984375,0,244,188,16,64,0,0,0,64,6,4,0.53125,68.0,0.0,True,False
512,4 4 32,128,16.0,0,1.25,65800,1.8984375,0,252,188,12,60,0,0,0,60,8,2,0.53125,68.0,0.0,True,False
512,4 4 32,128,16.0,0,1.25,66000,1.8984375,0,252,188,12,60,0,0,0,60,8,2,0.53125,68.0,0.0,True,False
512,4 4 32,128,16.0,0,1.25,66200,1.8984375,0,252,188,12,60,0,0,0,60,8,2,0.53125,68.0,0.0,True,False
512,4 4 32,128,16.0,0,1.25,66400,1.8984375,0,252,188,12,60,0,0,0,60,8,2,0.53125,68.0,0.0,True,False
512,4 4 32,128,16.0,0,1.25,66600,1.8984375,0,244,188,16,64,0,0,0,64,6,4,0.53125,68.0,0.0,True,False
512,4 4 32,128,16.0,0,1.25,66800,1.8984375,0,244,188,16,64,0,0,0,64,6,4,0.53125,68.0,0.0,True,False
512,4 4 32,128,16.0,0,1.25,67000,1.8984375,0,236,188,20,68,0,0,0,68,6,6,0.53125,68.0,0.0,True,False
512,4 4 32,128,16.0,0,1.25,67200,1.8984375,0,244,188,16,64,0,0,0,64,6,4,0.53125,68.0,0.0,True,False
512,4 4 32,128,16.0,0,1.25,67400,1.8984375,0,228,188,24,72,0,0,0,72,6,8,0.53125,68.0,0.0,True,False
512,4 4 32,128,16.0,0,1.25,67600,1.8984375,0,228,188,24,72,0,0,0,72,6,8,0.53125,68.0,0.0,True,False
512,4 4 32,128,16.0,0,1.25,67800,1.8984375,0,220,188,28,76,0,0,0,76,6,10,0.53125,68.0,0.0,True,False
512,4 4 32,128,16.0,0,1.25,68000,1.8984375,0,220,188,28,76,0,0,0,76,6,10,0.53125,68.0,0.0,True,False
512,4 4 32,128,16.0,0,1.25,68200,1.8984375,0,236,188,20,68,0,0,0,68,6,6,0.53125,68.0,0.0,True,False
512,4 4 32,128,16.0,0,1.25,68400,1.8984375,0,236,188,20,68,0,0,0,68,6,6,0.53125,68.0,0.0,True,False
512,4 4 32,128,16.0,0,1.25,68600,1.8984375,0,212,188,32,80,0,0,0,80,6,12,0.53125,68.0,0.0,True,False
512,4 4 32,128,16.0,0,1.25,68800,1.8984375,0,212,188,32,80,0,0,0,80,6,12,0.53125,68.0,0.0,True,False
512,4 4 32,128,16.0,0,1.25,69000,1.8984375,0,212,188,32,80,0,0,0,80,6,12,0.53125,68.0,0.0,True,False
512,4 4 32,128,16.0,0,1.25,69200,1.8984375,0,220,188,28,76,0,0,0,76,6,10,0.53125,68.0,0.0,True,False
512,4 4 32,128,16.0,0,1.25,69400,1.8984375,0,220,188,28,76,0,0,0,76,6,10,0.53125,68.0,0.0,True,False
512,4 4 32,128,16.0,0,1.25,69600,1.8984375,0,212,188,32,80,0,0,0,80,6,12,0.53125,68.0,0.0,True,False
512,4 4 32,128,16.0,0,1.25,69800,1.8984375,0,220,188,28,76,0,0,0,76,6,10,0.53125,68.0,0.0,True,False
512,4 4 32,128,16.0,0,1.25,70000,1.8984375,0,220,188,28,76,0,0,0,76,6,10,0.53125,68.0,0.0,True,False
512,4 4 32,128,16.0,0,1.25,70200,1.91796875,0,202,192,34,84,0,0,0,84,8,12,0.453125,58.0,0.0,True,False
512,4 4 32,128,16.0,0,1.25,70400,1.8984375,0,212,188,32,80,0,0,0,80,6,12,0.53125,68.0,0.0,True,False
512,4 4 32,128,16.0,0,1.25,70600,1.8984375,0,220,188,28,76,0,0,0,76,6,10,0.53125,68.0,0.0,True,False
512,4 4 32,128,16.0,0,1.25,70800,1.8984375,0,212,188,32,80,0,0,0,80,6,12,0.53125,68.0,0.0,True,False
512,4 4 32,128,16.0,0,1.25,71000,1.8984375,0,228,188,24,72,0,0,0,72,6,8,0.53125,68.0,0.0,True,False
512,4 4 32,128,16.0,0,1.25,71200,1.8984375,0,236,188,20,68,0,0,0,68,6,6,0.53125,68.0,0.0,True,False
512,4 4 32,128,16.0,0,1.25,71400,1.8984375,0,236,188,20,68,0,0,0,68,6,6,0.53125,68.0,0.0,True,False
512,4 4 32,128,16.0,0,1.25,71600,1.8984375,0,228,188,24,72,0,0,0,72,6,8,0.53125,68.0,0.0,True,False
512,4 4 32,128,16.0,0,1.25,71800,1.8984375,0,220,188,28,76,0,0,0,76,6,10,0.53125,68.0,0.0,True,False
512,4 4 32,128,16.0,0,1.25,72000,1.8984375,0,220,188,28,76,0,0,0,76,6,10,0.53125,68.0,0.0,True,False
512,4 4 32,128,16.0,0,1.25,72200,1.8984375,0,212,188,32,80,0,0,0,80,6,12,0.53125,68.0,0.0,True,False
512,4 4 32,128,16.0,0,1.25,72400,1.8984375,0,204,188,36,84,0,0,0,84,6,14,0.53125,68.0,0.0,True,False
512,4 4 32,128,16.0,0,1.25,72600,1.8984375,0,204,188,36,84,0,0,0,84,6,14,0.53125,68.0,0.0,True,False
512,4 4 32,128,16.0,0,1.25,72800,1.8984375,0,204,188,36,84,0,0,0,84,6,14,0.53125,68.0,0.0,True,False
512,4 4 32,128,16.0,0,1.25,73000,1.8984375,0,196,188,40,88,0,0,0,88,6,16,0.53125,68.0,0.0,True,False
512,4 4 32,128,16.0,0,1.25,73200,1.91796875,0,196,188,40,88,0,0,0,88,8,15,0.453125,58.0,0.0,True,False
512,4 4 32,128,16.0,0,1.25,73400,1.91796875,0,196,188,40,88,0,0,0,88,8,15,0.453125,58.0,0.0,True,False
512,4 4 32,128,16.0,0,1.25,73600,1.91796875,0,188,188,44,92,0,0,0,92,8,17,0.453125,58.0,0.0,True,False
512,4 4 32,128,16.0,0,1.25,73800,1.91796875,0,188,188,44,92,0,0,0,92,8,17,0.453125,58.0,0.0,True,False
512,4 4 32,128,16.0,0,1.25,74000,1.8984375,0,204,188,36,84,0,0,0,84,6,14,0.53125,68.0,0.0,True,False
512,4 4 32,128,16.0,0,1.25,74200,1.8984375,0,204,188,36,84,0,0,0,84,6,14,0.53125,68.0,0.0,True,False
512,4 4 32,128,16.0,0,1.25,74400,1.8984375,0,204,188,36,84,0,0,0,84,6,14,0.53125,68.0,0.0,True,False
512,4 4 32,128,16.0,0,1.25,74600,1.8984375,0,196,188,40,88,0,0,0,88,6,16,0.53125,68.0,0.0,True,False
512,4 4 32,128,16.0,0,1.25,74800,1.8984375,0,196,188,40,88,0,0,0,88,6,16,0.53125,68.0,0.0,True,False
512,4 4 32,128,16.0,0,1.25,75000,1.8984375,0,204,188,36,84,0,0,0,84,6,14,0.53125,68.0,0.0,True,False
512,4 4 32,128,16.0,0,1.25,75200,1.8984375,0,188,188,44,92,0,0,0,92,6,18,0.53125,68.0,0.0,True,False
512,4 4 32,128,16.0,0,1.25,75400,1.8984375,0,180,188,48,96,0,0,0,96,6,20,0.53125,68.0,0.0,True,False
512,4 4 32,128,16.0,0,1.25,75600,1.8984375,0,164,188,56,104,0,0,0,104,5,26,0.53125,68.0,0.0,True,False
512,4 4 32,128,16.0,0,1.25,75800,1.8984375,0,172,188,52,100,0,0,0,100,5,24,0.53125,68.0,0.0,True,False
512,4 4 32,128,16.0,0,1.25,76000,1.8984375,0,188,188,44,92,0,0,0,92,6,18,0.53125,68.0,0.0,True,False
512,4 4 32,128,16.0,0,1.25,76200,1.8984375,0,188,188,44,92,0,0,0,92,6,18,0.53125,68.0,0.0,True,False
512,4 4 32,128,16.0,0,1.25,76400,1.8984375,0,180,188,48,96,0,0,0,96,6,20,0.53125,68.0,0.0,True,False
512,4 4 32,128,16.0,0,1.25,76600,1.8984375,0,188,188,44,92,0,0,0,92,6,18,0.53125,68.0,0.0,True,False
512,4 4 32,128,16.0,0,1.25,76800,1.8984375,0,188,188,44,92,0,0,0,92,6,18,0.53125,68.0,0.0,True,False
512,4 4 32,128,16.0,0,1.25,77000,1.8984375,0,196,188,40,88,0,0,0,88,6,16,0.53125,68.0,0.0,True,False
512,4 4 32,128,16.0,0,1.25,77200,1.8984375,0,196,188,40,88,0,0,0,88,6,16,0.53125,68.0,0.0,True,False
512,4 4 32,128,16.0,0,1.25,77400,1.8984375,0,212,188,32,80,0,0,0,80,6,12,0.53125,68.0,0.0,True,False
512,4 4 32,128,16.0,0,1.25,77600,1.8984375,0,212,188,32,80,0,0,0,80,6,12,0.53125,68.0,0.0,True,False
512,4 4 32,128,16.0,0,1.25,77800,1.8984375,0,212,188,32,80,0,0,0,80,6,12,0.53125,68.0,0.0,True,False
512,4 4 32,128,16.0,0,1.25,78000,1.8984375,0,220,188,28,76,0,0,0,76,6,10,0.53125,68.0,0.0,True,False
512,4 4 32,128,16.0,0,1.25,78200,1.8984375,0,220,188,28,76,0,0,0,76,6,10,0.53125,68.0,0.0,True,False
512,4 4 32,128,16.0,0,1.25,78400,1.8984375,0,220,188,28,76,0,0,0,76,6,10,0.53125,68.0,0.0,True,False
512,4 4 32,128,16.0,0,1.25,78600,1.8984375,0,220,188,28,76,0,0,0,76,6,10,0.53125,68.0,0.0,True,False
512,4 4 32,128,16.0,0,1.25,78800,1.8984375,0,220,188,28,76,0,0,0,76,6,10,0.53125,68.0,0.0,True,False
512,4 4 32,128,16.0,0,1.25,79000,1.8984375,0,220,188,28,76,0,0,0,76,6,10,0.53125,68.0,0.0,True,False
512,4 4 32,128,16.0,0,1.25,79200,1.8984375,0,212,188,32,80,0,0,0,80,6,12,0.53125,68.0,0.0,True,False
512,4 4 32,128,16.0,0,1.25,79400,1.8984375,0,220,188,28,76,0,0,0,76,6,10,0.53125,68.0,0.0,True,False
512,4 4 32,128,16.0,0,1.25,79600,1.8984375,0,228,188,24,72,0,0,0,72,6,8,0.53125,68.0,0.0,True,False
512,4 4 32,128,16.0,0,1.25,79800,1.8984375,0,228,188,24,72,0,0,0,72,6,8,0.53125,68.0,0.0,True,False
512,4 4 32,128,16.0,0,1.25,80000,1.8984375,0,228,188,24,72,0,0,0,72,6,8,0.53125,68.0,0.0,True,False
512,4 4 32,128,16.0,0,1.25,80200,1.8984375,0,228,188,24,72,0,0,0,72,6,8,0.53125,68.0,0.0,True,False
512,4 4 32,128,16.0,0,1.25,80400,1.8984375,0,228,188,24,72,0,0,0,72,6,8,0.53125,68.0,0.0,True,False
512,4 4 32,128,16.0,0,1.25,80600,1.8984375,0,228,188,24,72,0,0,0,72,6,8,0.53125,68.0,0.0,True,False
512,4 4 32,128,16.0,0,1.25,80800,1.8984375,0,236,188,20,68,0,0,0,68,6,6,0.53125,68.0,0.0,True,False
512,4 4 32,128,16.0,0,1.25,81000,1.8984375,0,236,188,20,68,0,0,0,68,6,6,0.53125,68.0,0.0,True,False
512,4 4 32,128,16.0,0,1.25,81200,1.8984375,0,228,188,24,72,0,0,0,72,6,8,0.53125,68.0,0.0,True,False
512,4 4 32,128,16.0,0,1.25,81400,1.8984375,0,220,188,28,76,0,0,0,76,6,10,0.53125,68.0,0.0,True,False
512,4 4 32,128,16.0,0,1.25,81600,1.8984375,0,228,188,24,72,0,0,0,72,6,8,0.53125,68.0,0.0,True,False
512,4 4 32,128,16.0,0,1.25,81800,1.8984375,0,228,188,24,72,0,0,0,72,6,8,0.53125,68.0,0.0,True,False
512,4 4 32,128,16.0,0,1.25,82000,1.8984375,0,228,188,24,72,0,0,0,72,6,8,0.53125,68.0,0.0,True,False
512,4 4 32,128,16.0,0,1.25,82200,1.8984375,0,220,188,28,76,0,0,0,76,6,10,0.53125,68.0,0.0,True,False
512,4 4 32,128,16.0,0,1.25,82400,1.8984375,0,212,188,32,80,0,0,0,80,6,12,0.53125,68.0,0.0,True,False
512,4 4 32,128,16.0,0,1.25,82600,1.8984375,0,212,188,32,80,0,0,0,80,6,12,0.53125,68.0,0.0,True,False
512,4 4 32,128,16.0,0,1.25,82800,1.8984375,0,212,188,32,80,0,0,0,80,6,12,0.53125,68.0,0.0,True,False
512,4 4 32,128,16.0,0,1.25,83000,1.8984375,0,212,188,32,80,0,0,0,80,6,12,0.53125,68.0,0.0,True,False
512,4 4 32,128,16.0,0,1.25,83200,1.91796875,0,212,188,32,80,0,0,0,80,6,12,0.453125,58.0,0.0,True,False
512,4 4 32,128,16.0,0,1.25,83400,1.91796875,0,212,188,32,80,0,0,0,80,6,12,0.453125,58.0,0.0,True,False
512,4 4 32,128,16.0,0,1.25,83600,1.91796875,0,212,188,32,80,0,0,0,80,6,12,0.453125,58.0,0.0,True,False
512,4 4 32,128,16.0,0,1.25,83800,1.91796875,0,212,188,32,80,0,0,0,80,6,12,0.453125,58.0,0.0,True,False
512,4 4 32,128,16.0,0,1.25,84000,1.91796875,0,212,188,32,80,0,0,0,80,6,12,0.453125,58.0,0.0,True,False
512,4 4 32,128,16.0,0,1.25,84200,1.91796875,0,212,188,32,80,0,0,0,80,6,12,0.453125,58.0,0.0,True,False
512,4 4 32,128,16.0,0,1.25,84400,1.8984375,0,212,188,32,80,0,0,0,80,6,12,0.53125,68.0,0.0,True,False
512,4 4 32,128,16.0,0,1.25,84600,1.8984375,0,228,188,24,72,0,0,0,72,6,8,0.53125,68.0,0.0,True,False
512,4 4 32,128,16.0,0,1.25,84800,1.8984375,0,228,188,24,72,0,0,0,72,6,8,0.53125,68.0,0.0,True,False
512,4 4 32,128,16.0,0,1.25,85000,1.8984375,0,228,188,24,72,0,0,0,72,6,8,0.53125,68.0,0.0,True,False
512,4 4 32,128,16.0,0,1.25,85200,1.8984375,0,228,188,24,72,0,0,0,72,6,8,0.53125,68.0,0.0,True,False
512,4 4 32,128,16.0,0,1.25,85400,1.8984375,0,228,188,24,72,0,0,0,72,6,8,0.53125,68.0,0.0,True,False
512,4 4 32,128,16.0,0,1.25,85600,1.8984375,0,220,188,28,76,0,0,0,76,6,10,0.53125,68.0,0.0,True,False
512,4 4 32,128,16.0,0,1.25,85800,1.8984375,0,228,188,24,72,0,0,0,72,6,8,0.53125,68.0,0.0,True,False
512,4 4 32,128,16.0,0,1.25,86000,1.8984375,0,220,188,28,76,0,0,0,76,6,10,0.53125,68.0,0.0,True,False
512,4 4 32,128,16.0,0,1.25,86200,1.8984375,0,220,188,28,76,0,0,0,76,6,10,0.53125,68.0,0.0,True,False
512,4 4 32,128,16.0,0,1.25,86400,1.8984375,0,212,188,32,80,0,0,0,80,6,12,0.53125,68.0,0.0,True,False
512,4 4 32,128,16.0,0,1.25,86600,1.8984375,0,212,188,32,80,0,0,0,80,6,12,0.53125,68.0,0.0,True,False
512,4 4 32,128,16.0,0,1.25,86800,1.8984375,0,212,188,32,80,0,0,0,80,6,12,0.53125,68.0,0.0,True,False
512,4 4 32,128,16.0,0,1.25,87000,1.8984375,0,212,188,32,80,0,0,0,80,6,12,0.53125,68.0,0.0,True,False
512,4 4 32,128,16.0,0,1.25,87200,1.8984375,0,204,188,36,84,0,0,0,84,6,14,0.53125,68.0,0.0,True,False
512,4 4 32,128,16.0,0,1.25,87400,1.8984375,0,204,188,36,84,0,0,0,84,6,14,0.53125,68.0,0.0,True,False
512,4 4 32,128,16.0,0,1.25,87600,1.8984375,0,204,188,36,84,0,0,0,84,6,14,0.53125,68.0,0.0,True,False
512,4 4 32,128,16.0,0,1.25,87800,1.8984375,0,204,188,36,84,0,0,0,84,6,14,0.53125,68.0,0.0,True,False
512,4 4 32,128,16.0,0,1.25,88000,1.8984375,0,204,188,36,84,0,0,0,84,6,14,0.53125,68.0,0.0,True,False
512,4 4 32,128,16.0,0,1.25,88200,1.8984375,0,204,188,36,84,0,0,0,84,6,14,0.53125,68.0,0.0,True,False
512,4 4 32,128,16.0,0,1.25,88400,1.8984375,0,196,188,40,88,0,0,0,88,6,16,0.53125,68.0,0.0,True,False
512,4 4 32,128,16.0,0,1.25,88600,1.8984375,0,196,188,40,88,0,0,0,88,6,16,0.53125,68.0,0.0,True,False
512,4 4 32,128,16.0,0,1.25,88800,1.8984375,0,196,188,40,88,0,0,0,88,6,16,0.53125,68.0,0.0,True,False
512,4 4 32,128,16.0,0,1.25,89000,1.8984375,0,196,188,40,88,0,0,0,88,6,16,0.53125,68.0,0.0,True,False
512,4 4 32,128,16.0,0,1.25,89200,1.8984375,0,196,188,40,88,0,0,0,88,6,16,0.53125,68.0,0.0,True,False
512,4 4 32,128,16.0,0,1.25,89400,1.8984375,0,204,188,36,84,0,0,0,84,6,14,0.53125,68.0,0.0,True,False
512,4 4 32,128,16.0,0,1.25,89600,1.8984375,0,204,188,36,84,0,0,0,84,6,14,0.53125,68.0,0.0,True,False
512,4 4 32,128,16.0,0,1.25,89800,1.8984375,0,212,188,32,80,0,0,0,80,6,12,0.53125,68.0,0.0,True,False
512,4 4 32,128,16.0,0,1.25,90000,1.8984375,0,212,188,32,80,0,0,0,80,6,12,0.53125,68.0,0.0,True,False
512,4 4 32,128,16.0,0,1.25,90200,1.8984375,0,204,188,36,84,0,0,0,84,6,14,0.53125,68.0,0.0,True,False
512,4 4 32,128,16.0,0,1.25,90400,1.8984375,0,212,188,32,80,0,0,0,80,6,12,0.53125,68.0,0.0,True,False
512,4 4 32,128,16.0,0,1.25,90600,1.8984375,0,212,188,32,80,0,0,0,80,6,12,0.53125,68.0,0.0,True,False
512,4 4 32,128,16.0,0,1.25,90800,1.8984375,0,204,188,36,84,0,0,0,84,6,14,0.53125,68.0,0.0,True,False
512,4 4 32,128,16.0,0,1.25,91000,1.91796875,0,210,192,30,80,0,0,0,80,8,10,0.453125,58.0,0.0,True,False
512,4 4 32,128,16.0,0,1.25,91200,1.91796875,0,210,192,30,80,0,0,0,80,8,10,0.453125,58.0,0.0,True,False
512,4 4 32,128,16.0,0,1.25,91400,1.91796875,0,218,192,26,76,0,0,0,76,8,8,0.453125,58.0,0.0,True,False
512,4 4 32,128,16.0,0,1.25,91600,1.91796875,0,218,192,26,76,0,0,0,76,8,8,0.453125,58.0,0.0,True,False
512,4 4 32,128,16.0,0,1.25,91800,1.91796875,0,202,192,34,84,0,0,0,84,8,12,0.453125,58.0,0.0,True,False
512,4 4 32,128,16.0,0,1.25,92000,1.91796875,0,202,192,34,84,0,0,0,84,8,12,0.453125,58.0,0.0,True,False
512,4 4 32,128,16.0,0,1.25,92200,1.91796875,0,194,192,38,88,0,0,0,88,8,14,0.453125,58.0,0.0,True,False
512,4 4 32,128,16.0,0,1.25,92400,1.91796875,0,186,192,42,92,0,0,0,92,8,16,0.453125,58.0,0.0,True,False
512,4 4 32,128,16.0,0,1.25,92600,1.8984375,0,188,188,44,92,0,0,0,92,6,18,0.53125,68.0,0.0,True,False
512,4 4 32,128,16.0,0,1.25,92800,1.8984375,0,188,188,44,92,0,0,0,92,6,18,0.53125,68.0,0.0,True,False
512,4 4 32,128,16.0,0,1.25,93000,1.8984375,0,188,188,44,92,0,0,0,92,6,18,0.53125,68.0,0.0,True,False
512,4 4 32,128,16.0,0,1.25,93200,1.8984375,0,188,188,44,92,0,0,0,92,6,18,0.53125,68.0,0.0,True,False
512,4 4 32,128,16.0,0,1.25,93400,1.8984375,0,180,188,48,96,0,0,0,96,6,20,0.53125,68.0,0.0,True,False
512,4 4 32,128,16.0,0,1.25,93600,1.8984375,0,180,188,48,96,0,0,0,96,6,20,0.53125,68.0,0.0,True,False
512,4 4 32,128,16.0,0,1.25,93800,1.8984375,0,180,188,48,96,0,0,0,96,6,20,0.53125,68.0,0.0,True,False
512,4 4 32,128,16.0,0,1.25,94000,1.8984375,0,180,188,48,96,0,0,0,96,6,20,0.53125,68.0,0.0,True,False
512,4 4 32,128,16.0,0,1.25,94200,1.8984375,0,172,188,52,100,0,0,0,100,6,22,0.53125,68.0,0.0,True,False
512,4 4 32,128,16.0,0,1.25,94400,1.8984375,0,164,188,56,104,0,0,0,104,5,26,0.53125,68.0,0.0,True,False
512,4 4 32,128,16.0,0,1.25,94600,1.8984375,0,180,188,48,96,0,0,0,96,5,22,0.53125,68.0,0.0,True,False
512,4 4 32,128,16.0,0,1.25,94800,1.8984375,0,188,188,44,92,0,0,0,92,6,18,0.53125,68.0,0.0,True,False
512,4 4 32,128,16.0,0,1.25,95000,1.8984375,0,188,188,44,92,0,0,0,92,6,18,0.53125,68.0,0.0,True,False
512,4 4 32,128,16.0,0,1.25,95200,1.8984375,0,188,188,44,92,0,0,0,92,6,18,0.53125,68.0,0.0,True,False
512,4 4 32,128,16.0,0,1.25,95400,1.8984375,0,188,188,44,92,0,0,0,92,6,18,0.53125,68.0,0.0,True,False
512,4 4 32,128,16.0,0,1.25,95600,1.8984375,0,204,188,36,84,0,0,0,84,6,14,0.53125,68.0,0.0,True,False
512,4 4 32,128,16.0,0,1.25,95800,1.8984375,0,204,188,36,84,0,0,0,84,6,14,0.53125,68.0,0.0,True,False
512,4 4 32,128,16.0,0,1.25,96000,1.8984375,0,204,188,36,84,0,0,0,84,6,14,0.53125,68.0,0.0,True,False
512,4 4 32,128,16.0,0,1.25,96200,1.8984375,0,212,188,32,80,0,0,0,80,6,12,0.53125,68.0,0.0,True,False
512,4 4 32,128,16.0,0,1.25,96400,1.8984375,0,220,188,28,76,0,0,0,76,6,10,0.53125,68.0,0.0,True,False
512,4 4 32,128,16.0,0,1.25,96600,1.8984375,0,212,188,32,80,0,0,0,80,6,12,0.53125,68.0,0.0,True,False
512,4 4 32,128,16.0,0,1.25,96800,1.8984375,0,212,188,32,80,0,0,0,80,6,12,0.53125,68.0,0.0,True,False
512,4 4 32,128,16.0,0,1.25,97000,1.8984375,0,220,188,28,76,0,0,0,76,6,10,0.53125,68.0,0.0,True,False
512,4 4 32,128,16.0,0,1.25,97200,1.8984375,0,212,188,32,80,0,0,0,80,5,14,0.53125,68.0,0.0,True,False
512,4 4 32,128,16.0,0,1.25,97400,1.8984375,0,212,188,32,80,0,0,0,80,5,14,0.53125,68.0,0.0,True,False
512,4 4 32,128,16.0,0,1.25,97600,1.8984375,0,212,188,32,80,0,0,0,80,5,14,0.53125,68.0,0.0,True,False
512,4 4 32,128,16.0,0,1.25,97800,1.8984375,0,212,188,32,80,0,0,0,80,5,14,0.53125,68.0,0.0,True,False
512,4 4 32,128,16.0,0,1.25,98000,1.8984375,0,204,188,36,84,0,0,0,84,5,16,0.53125,68.0,0.0,True,False
512,4 4 32,128,16.0,0,1.25,98200,1.8984375,0,204,188,36,84,0,0,0,84,6,14,0.53125,68.0,0.0,True,False
512,4 4 32,128,16.0,0,1.25,98400,1.8984375,0,196,188,40,88,0,0,0,88,5,18,0.53125,68.0,0.0,True,False
512,4 4 32,128,16.0,0,1.25,98600,1.8984375,0,196,188,40,88,0,0,0,88,5,18,0.53125,68.0,0.0,True,False
512,4 4 32,128,16.0,0,1.25,98800,1.8984375,0,196,188,40,88,0,0,0,88,5,18,0.53125,68.0,0.0,True,False
512,4 4 32,128,16.0,0,1.25,99000,1.8984375,0,212,188,32,80,0,0,0,80,5,14,0.53125,68.0,0.0,True,False
512,4 4 32,128,16.0,0,1.25,99200,1.8984375,0,212,188,32,80,0,0,0,80,5,14,0.53125,68.0,0.0,True,False
512,4 4 32,128,16.0,0,1.25,99400,1.8984375,0,212,188,32,80,0,0,0,80,5,14,0.53125,68.0,0.0,True,False
512,4 4 32,128,16.0,0,1.25,99600,1.8984375,0,212,188,32,80,0,0,0,80,5,14,0.53125,68.0,0.0,True,False
512,4 4 32,128,16.0,0,1.25,99800,1.8984375,0,220,188,28,76,0,0,0,76,5,12,0.53125,68.0,0.0,True,False
512,4 4 32,128,16.0,0,1.25,100000,1.8984375,0,220,188,28,76,0,0,0,76,5,12,0.53125,68.0,0.0,True,True
512,4 4 32,128,16.0,1,1.25,0,2.0,0,512,0,0,0,0,0,0,0,0,0,0.125,16.0,0.0,False,False
512,4 4 32,128,16.0,1,1.25,200,2.03125,0,484,20,0,8,0,0,0,8,0,0,0.0,0.0,0.0,True,False
512,4 4 32,128,16.0,1,1.25,400,2.03125,0,472,28,0,12,0,0,0,12,0,0,0.0,0.0,0.0,True,False
512,4 4 32,128,16.0,1,1.25,600,2.03125,0,472,28,0,12,0,0,0,12,0,0,0.0,0.0,0.0,True,False
512,4 4 32,128,16.0,1,1.25,800,2.03125,0,472,28,0,12,0,0,0,12,0,0,0.0,0.0,0.0,True,False
512,4 4 32,128,16.0,1,1.25,1000,2.03125,0,460,36,0,16,0,0,0,16,0,0,0.0,0.0,0.0,True,False
512,4 4 32,128,16.0,1,1.25,1200,2.03125,0,472,28,0,12,0,0,0,12,0,0,0.0,0.0,0.0,True,False
512,4 4 32,128,16.0,1,1.25,1400,2.03125,0,460,36,0,16,0,0,0,16,0,0,0.0,0.0,0.0,True,False
512,4 4 32,128,16.0,1,1.25,1600,2.03125,0,484,20,0,8,0,0,0,8,0,0,0.0,0.0,0.0,True,False
512,4 4 32,128,16.0,1,1.25,1800,2.03125,0,496,12,0,4,0,0,0,4,0,0,0.0,0.0,0.0,True,False
512,4 4 32,128,16.0,1,1.25,2000,2.03125,0,496,12,0,4,0,0,0,4,0,0,0.0,0.0,0.0,True,False
512,4 4 32,128,16.0,1,1.25,2200,2.015625,0,464,36,4,4,4,0,0,8,2,2,0.0625,8.0,0.0,True,False
512,4 4 32,128,16.0,1,1.25,2400,2.015625,0,464,36,4,4,4,0,0,8,2,2,0.0625,8.0,0.0,True,False
512,4 4 32,128,16.0,1,1.25,2600,2.015625,0,464,36,4,4,4,0,0,8,2,2,0.0625,8.0,0.0,True,False
512,4 4 32,128,16.0,1,1.25,2800,2.015625,0,464,36,4,4,4,0,0,8,2,2,0.0625,8.0,0.0,True,False
512,4 4 32,128,16.0,1,1.25,3000,2.015625,0,464,36,4,4,4,0,0,8,2,2,0.0625,8.0,0.0,True,False
512,4 4 32,128,16.0,1,1.25,3200,2.015625,0,464,36,4,4,4,0,0,8,2,2,0.0625,8.0,0.0,True,False
512,4 4 32,128,16.0,1,1.25,3400,2.015625,0,464,36,4,4,4,0,0,8,2,2,0.0625,8.0,0.0,True,False
512,4 4 32,128,16.0,1,1.25,3600,2.015625,0,464,36,4,4,4,0,0,8,2,2,0.0625,8.0,0.0,True,False
512,4 4 32,128,16.0,1,1.25,3800,2.0078125,0,448,48,4,8,4,0,0,12,2,2,0.09375,12.0,0.0,True,False
512,4 4 32,128,16.0,1,1.25,4000,2.0078125,0,448,48,4,8,4,0,0,12,2,2,0.09375,12.0,0.0,True,False
512,4 4 32,128,16.0,1,1.25,4200,2.0078125,0,448,48,4,8,4,0,0,12,2,2,0.09375,12.0,0.0,True,False
512,4 4 32,128,16.0,1,1.25,4400,2.0078125,0,448,48,4,8,4,0,0,12,2,2,0.09375,12.0,0.0,True,False
512,4 4 32,128,16.0,1,1.25,4600,2.0078125,0,448,48,4,8,4,0,0,12,2,2,0.09375,12.0,0.0,True,False
512,4 4 32,128,16.0,1,1.25,4800,2.0,0,432,60,4,12,4,0,0,16,2,2,0.125,16.0,0.0,True,False
512,4 4 32,128,16.0,1,1.25,5000,2.0,0,432,60,4,12,4,0,0,16,2,2,0.125,16.0,0.0,True,False
512,4 4 32,128,16.0,1,1.25,5200,2.0,0,432,60,4,12,4,0,0,16,2,2,0.125,16.0,0.0,True,False
512,4 4 32,128,16.0,1,1.25,5400,2.0,0,432,60,4,12,4,0,0,16,2,2,0.125,16.0,0.0,True,False
512,4 4 32,128,16.0,1,1.25,5600,2.0,0,432,60,4,12,4,0,0,16,2,2,0.125,16.0,0.0,True,False
512,4 4 32,128,16.0,1,1.25,5800,2.0,0,432,60,4,12,4,0,0,16,2,2,0.125,16.0,0.0,True,False
512,4 4 32,128,16.0,1,1.25,6000,2.0,0,432,60,4,12,4,0,0,16,2,2,0.125,16.0,0.0,True,False
512,4 4 32,128,16.0,1,1.25,6200,2.0,0,432,60,4,12,4,0,0,16,2,2,0.125,16.0,0.0,True,False
512,4 4 32,128,16.0,1,1.25,6400,2.0,0,432,60,4,12,4,0,0,16,2,2,0.125,16.0,0.0,True,False
512,4 4 32,128,16.0,1,1.25,6600,1.9921875,0,416,72,4,16,4,0,0,20,2,2,0.15625,20.0,0.0,True,False
512,4 4 32,128,16.0,1,1.25,6800,1.9921875,0,416,72,4,16,4,0,0,20,2,2,0.15625,20.0,0.0,True,False
512,4 4 32,128,16.0,1,1.25,7000,1.9921875,0,416,72,4,16,4,0,0,20,2,2,0.15625,20.0,0.0,True,False
512,4 4 32,128,16.0,1,1.25,7200,1.984375,0,400,84,4,20,4,0,0,24,2,2,0.1875,24.0,0.0,True,False
512,4 4 32,128,16.0,1,1.25,7400,1.984375,0,400,84,4,20,4,0,0,24,2,2,0.1875,24.0,0.0,True,False
512,4 4 32,128,16.0,1,1.25,7600,1.984375,0,400,84,4,20,4,0,0,24,2,2,0.1875,24.0,0.0,True,False
512,4 4 32,128,16.0,1,1.25,7800,1.984375,0,400,84,4,20,4,0,0,24,2,2,0.1875,24.0,0.0,True,False
512,4 4 32,128,16.0,1,1.25,8000,1.984375,0,400,84,4,20,4,0,0,24,2,2,0.1875,24.0,0.0,True,False
512,4 4 32,128,16.0,1,1.25,8200,1.9765625,0,384,96,4,24,4,0,0,28,2,2,0.21875,28.0,0.0,True,False
512,4 4 32,128,16.0,1,1.25,8400,1.9765625,0,384,96,4,24,4,0,0,28,2,2,0.21875,28.0,0.0,True,False
512,4 4 32,128,16.0,1,1.25,8600,1.9765625,0,384,96,4,24,4,0,0,28,2,2,0.21875,28.0,0.0,True,False
512,4 4 32,128,16.0,1,1.25,8800,1.9765625,0,384,96,4,24,4,0,0,28,2,2,0.21875,28.0,0.0,True,False
512,4 4 32,128,16.0,1,1.25,9000,1.9765625,0,384,96,4,24,4,0,0,28,2,2,0.21875,28.0,0.0,True,False
512,4 4 32,128,16.0,1,1.25,9200,1.9765625,0,384,96,4,24,4,0,0,28,2,2,0.21875,28.0,0.0,True,False
512,4 4 32,128,16.0,1,1.25,9400,1.9765625,0,384,96,4,24,4,0,0,28,2,2,0.21875,28.0,0.0,True,False
512,4 4 32,128,16.0,1,1.25,9600,1.9765625,0,384,96,4,24,4,0,0,28,2,2,0.21875,28.0,0.0,True,False
512,4 4 32,128,16.0,1,1.25,9800,1.9765625,0,384,96,4,24,4,0,0,28,2,2,0.21875,28.0,0.0,True,False
512,4 4 32,128,16.0,1,1.25,10000,1.9765625,0,384,96,4,24,4,0,0,28,2,2,0.21875,28.0,0.0,True,False
512,4 4 32,128,16.0,1,1.25,10200,1.9765625,0,384,96,4,24,4,0,0,28,2,2,0.21875,28.0,0.0,True,False
512,4 4 32,128,16.0,1,1.25,10400,1.9765625,0,384,96,4,24,4,0,0,28,2,2,0.21875,28.0,0.0,True,False
512,4 4 32,128,16.0,1,1.25,10600,1.96875,0,368,108,4,28,4,0,0,32,2,2,0.25,32.0,0.0,True,False
512,4 4 32,128,16.0,1,1.25,10800,1.9609375,0,352,120,4,32,4,0,0,36,2,2,0.28125,36.0,0.0,True,False
512,4 4 32,128,16.0,1,1.25,11000,1.9609375,0,352,120,4,32,4,0,0,36,2,2,0.28125,36.0,0.0,True,False
512,4 4 32,128,16.0,1,1.25,11200,1.953125,0,336,132,4,36,4,0,0,40,2,2,0.3125,40.0,0.0,True,False
512,4 4 32,128,16.0,1,1.25,11400,1.9296875,0,288,168,4,48,4,0,0,52,2,2,0.40625,52.0,0.0,True,False
512,4 4 32,128,16.0,1,1.25,11600,1.9296875,0,288,168,4,48,4,0,0,52,2,2,0.40625,52.0,0.0,True,False
512,4 4 32,128,16.0,1,1.25,11800,1.9296875,0,288,168,4,48,4,0,0,52,2,2,0.40625,52.0,0.0,True,False
512,4 4 32,128,16.0,1,1.25,12000,1.9296875,0,288,168,4,48,4,0,0,52,2,2,0.40625,52.0,0.0,True,False
512,4 4 32,128,16.0,1,1.25,12200,1.9296875,0,288,168,4,48,4,0,0,52,2,2,0.40625,52.0,0.0,True,False
512,4 4 32,128,16.0,1,1.25,12400,1.9296875,0,288,168,4,48,4,0,0,52,2,2,0.40625,52.0,0.0,True,False
512,4 4 32,128,16.0,1,1.25,12600,1.9296875,0,288,168,4,48,4,0,0,52,2,2,0.40625,52.0,0.0,True,False
512,4 4 32,128,16.0,1,1.25,12800,1.9296875,0,288,168,4,48,4,0,0,52,2,2,0.40625,52.0,0.0,True,False
512,4 4 32,128,16.0,1,1.25,13000,1.921875,0,272,180,4,52,4,0,0,56,2,2,0.4375,56.0,0.0,True,False
512,4 4 32,128,16.0,1,1.25,13200,1.919921875,0,262,184,6,60,0,0,0,60,3,2,0.4453125,57.0,0.0,True,False
512,4 4 32,128,16.0,1,1.25,13400,1.9140625,0,256,184,16,56,0,0,0,56,5,8,0.46875,60.0,0.0,True,False
512,4 4 32,128,16.0,1,1.25,13600,1.9140625,0,256,184,16,56,0,0,0,56,5,8,0.46875,60.0,0.0,True,False
512,4 4 32,128,16.0,1,1.25,13800,1.9140625,0,256,184,16,56,0,0,0,56,5,8,0.46875,60.0,0.0,True,False
512,4 4 32,128,16.0,1,1.25,14000,1.9140625,0,256,184,16,56,0,0,0,56,5,8,0.46875,60.0,0.0,True,False
512,4 4 32,128,16.0,1,1.25,14200,1.9140625,0,256,184,16,56,0,0,0,56,5,8,0.46875,60.0,0.0,True,False
512,4 4 32,128,16.0,1,1.25,14400,1.9140625,0,256,184,16,56,0,0,0,56,5,8,0.46875,60.0,0.0,True,False
512,4 4 32,128,16.0,1,1.25,14600,1.9140625,0,256,184,16,56,0,0,0,56,5,8,0.46875,60.0,0.0,True,False
512,4 4 32,128,16.0,1,1.25,14800,1.9140625,0,256,184,16,56,0,0,0,56,5,8,0.46875,60.0,0.0,True,False
512,4 4 32,128,16.0,1,1.25,15000,1.9140625,0,256,184,16,56,0,0,0,56,5,8,0.46875,60.0,0.0,True,False
512,4 4 32,128,16.0,1,1.25,15200,1.912109375,0,257,187,11,57,0,0,0,57,5,5,0.4765625,61.0,0.0,True,False
512,4 4 32,128,16.0,1,1.25,15400,1.912109375,0,257,187,11,57,0,0,0,57,5,5,0.4765625,61.0,0.0,True,False
512,4 4 32,128,16.0,1,1.25,15600,1.912109375,0,257,187,11,57,0,0,0,57,5,5,0.4765625,61.0,0.0,True,False
512,4 4 32,128,16.0,1,1.25,15800,1.912109375,0,257,187,11,57,0,0,0,57,5,5,0.4765625,61.0,0.0,True,False
512,4 4 32,128,16.0,1,1.25,16000,1.912109375,0,257,187,11,57,0,0,0,57,5,5,0.4765625,61.0,0.0,True,False
512,4 4 32,128,16.0,1,1.25,16200,1.90234375,0,248,192,12,56,4,0,0,60,8,2,0.515625,66.0,0.0,True,False
512,4 4 32,128,16.0,1,1.25,16400,1.90234375,0,248,192,12,56,4,0,0,60,8,2,0.515625,66.0,0.0,True,False
512,4 4 32,128,16.0,1,1.25,16600,1.90234375,0,248,192,12,56,4,0,0,60,8,2,0.515625,66.0,0.0,True,False
512,4 4 32,128,16.0,1,1.25,16800,1.89453125,0,236,196,16,60,4,0,0,64,8,2,0.546875,70.0,0.0,True,False
512,4 4 32,128,16.0,1,1.25,17000,1.89453125,0,236,196,16,60,4,0,0,64,8,2,0.546875,70.0,0.0,True,False
512,4 4 32,128,16.0,1,1.25,17200,1.89453125,0,236,196,16,60,4,0,0,64,8,2,0.546875,70.0,0.0,True,False
512,4 4 32,128,16.0,1,1.25,17400,1.89453125,0,236,196,16,60,4,0,0,64,8,2,0.546875,70.0,0.0,True,False
512,4 4 32,128,16.0,1,1.25,17600,1.88671875,0,224,200,20,64,4,0,0,68,8,3,0.578125,74.0,0.0,True,False
512,4 4 32,128,16.0,1,1.25,17800,1.87890625,0,212,204,24,68,4,0,0,72,8,4,0.609375,78.0,0.0,True,False
512,4 4 32,128,16.0,1,1.25,18000,1.87890625,0,212,204,24,68,4,0,0,72,8,4,0.609375,78.0,0.0,True,False
512,4 4 32,128,16.0,1,1.25,18200,1.87890625,0,212,204,24,68,4,0,0,72,8,4,0.609375,78.0,0.0,True,False
512,4 4 32,128,16.0,1,1.25,18400,1.87109375,0,200,208,28,72,4,0,0,76,8,5,0.640625,82.0,0.0,True,False
512,4 4 32,128,16.0,1,1.25,18600,1.87109375,0,200,208,28,72,4,0,0,76,8,5,0.640625,82.0,0.0,True,False
512,4 4 32,128,16.0,1,1.25,18800,1.87109375,0,200,208,28,72,4,0,0,76,8,5,0.640625,82.0,0.0,True,False
512,4 4 32,128,16.0,1,1.25,19000,1.87109375,0,200,208,28,72,4,0,0,76,8,5,0.640625,82.0,0.0,True,False
512,4 4 32,128,16.0,1,1.25,19200,1.87109375,0,200,208,28,72,4,0,0,76,8,5,0.640625,82.0,0.0,True,False
512,4 4 32,128,16.0,1,1.25,19400,1.87109375,0,200,208,28,72,4,0,0,76,8,5,0.640625,82.0,0.0,True,False
512,4 4 32,128,16.0,1,1.25,19600,1.86328125,0,188,212,32,76,4,0,0,80,8,6,0.671875,86.0,0.0,True,False
512,4 4 32,128,16.0,1,1.25,19800,1.86328125,0,188,212,32,76,4,0,0,80,8,6,0.671875,86.0,0.0,True,False
512,4 4 32,128,16.0,1,1.25,20000,1.86328125,0,188,212,32,76,4,0,0,80,8,6,0.671875,86.0,0.0,True,False
512,4 4 32,128,16.0,1,1.25,20200,1.86328125,0,188,212,32,76,4,0,0,80,8,6,0.671875,86.0,0.0,True,False
512,4 4 32,128,16.0,1,1.25,20400,1.86328125,0,188,212,32,76,4,0,0,80,8,6,0.671875,86.0,0.0,True,False
512,4 4 32,128,16.0,1,1.25,20600,1.85546875,0,176,216,36,80,4,0,0,84,8,7,0.703125,90.0,0.0,True,False
512,4 4 32,128,16.0,1,1.25,20800,1.85546875,0,176,216,36,80,4,0,0,84,8,7,0.703125,90.0,0.0,True,False
512,4 4 32,128,16.0,1,1.25,21000,1.85546875,0,176,216,36,80,4,0,0,84,8,7,0.703125,90.0,0.0,True,False
512,4 4 32,128,16.0,1,1.25,21200,1.85546875,0,176,216,36,80,4,0,0,84,8,7,0.703125,90.0,0.0,True,False
512,4 4 32,128,16.0,1,1.25,21400,1.85546875,0,176,216,36,80,4,0,0,84,8,7,0.703125,90.0,0.0,True,False
512,4 4 32,128,16.0,1,1.25,21600,1.85546875,0,176,216,36,80,4,0,0,84,8,7,0.703125,90.0,0.0,True,False
512,4 4 32,128,16.0,1,1.25,21800,1.85546875,0,176,216,36,80,4,0,0,84,8,7,0.703125,90.0,0.0,True,False
512,4 4 32,128,16.0,1,1.25,22000,1.84765625,0,164,220,40,84,4,0,0,88,8,8,0.734375,94.0,0.0,True,False
512,4 4 32,128,16.0,1,1.25,22200,1.83984375,0,152,224,44,88,4,0,0,92,8,9,0.765625,98.0,0.0,True,False
512,4 4 32,128,16.0,1,1.25,22400,1.83984375,0,152,224,44,88,4,0,0,92,8,9,0.765625,98.0,0.0,True,False
512,4 4 32,128,16.0,1,1.25,22600,1.83984375,0,152,224,44,88,4,0,0,92,8,9,0.765625,98.0,0.0,True,False
512,4 4 32,128,16.0,1,1.25,22800,1.83203125,0,140,228,48,92,4,0,0,96,8,10,0.796875,102.0,0.0,True,False
512,4 4 32,128,16.0,1,1.25,23000,1.83203125,0,140,228,48,92,4,0,0,96,8,10,0.796875,102.0,0.0,True,False
512,4 4 32,128,16.0,1,1.25,23200,1.83203125,0,140,228,48,92,4,0,0,96,8,10,0.796875,102.0,0.0,True,False
512,4 4 32,128,16.0,1,1.25,23400,1.83203125,0,140,228,48,92,4,0,0,96,8,10,0.796875,102.0,0.0,True,False
512,4 4 32,128,16.0,1,1.25,23600,1.83203125,0,140,228,48,92,4,0,0,96,8,10,0.796875,102.0,0.0,True,False
512,4 4 32,128,16.0,1,1.25,23800,1.83203125,0,140,228,48,92,4,0,0,96,8,10,0.796875,102.0,0.0,True,False
512,4 4 32,128,16.0,1,1.25,24000,1.83203125,0,140,228,48,92,4,0,0,96,8,10,0.796875,102.0,0.0,True,False
512,4 4 32,128,16.0,1,1.25,24200,1.83203125,0,140,228,48,92,4,0,0,96,8,10,0.796875,102.0,0.0,True,False
512,4 4 32,128,16.0,1,1.25,24400,1.83203125,0,140,228,48,92,4,0,0,96,8,10,0.796875,102.0,0.0,True,False
512,4 4 32,128,16.0,1,1.25,24600,1.82421875,0,128,232,52,96,4,0,0,100,8,11,0.828125,106.0,0.0,True,False
512,4 4 32,128,16.0,1,1.25,24800,1.82421875,0,128,232,52,96,4,0,0,100,8,11,0.828125,106.0,0.0,True,False
512,4 4 32,128,16.0,1,1.25,25000,1.81640625,0,116,236,56,100,4,0,0,104,8,12,0.859375,110.0,0.0,True,False
512,4 4 32,128,16.0,1,1.25,25200,1.81640625,0,116,236,56,100,4,0,0,104,8,12,0.859375,110.0,0.0,True,False
512,4 4 32,128,16.0,1,1.25,25400,1.81640625,0,116,236,56,100,4,0,0,104,8,12,0.859375,110.0,0.0,True,False
512,4 4 32,128,16.0,1,1.25,25600,1.81640625,0,116,236,56,100,4,0,0,104,8,12,0.859375,110.0,0.0,True,False
512,4 4 32,128,16.0,1,1.25,25800,1.81640625,0,116,236,56,100,4,0,0,104,8,12,0.859375,110.0,0.0,True,False
512,4 4 32,128,16.0,1,1.25,26000,1.81640625,0,116,236,56,100,4,0,0,104,8,12,0.859375,110.0,0.0,True,False
512,4 4 32,128,16.0,1,1.25,26200,1.82421875,0,128,232,52,96,4,0,0,100,8,11,0.828125,106.0,0.0,True,False
512,4 4 32,128,16.0,1,1.25,26400,1.82421875,0,128,232,52,96,4,0,0,100,8,11,0.828125,106.0,0.0,True,False
512,4 4 32,128,16.0,1,1.25,26600,1.82421875,0,128,232,52,96,4,0,0,100,8,11,0.828125,106.0,0.0,True,False
512,4 4 32,128,16.0,1,1.25,26800,1.82421875,0,128,232,52,96,4,0,0,100,8,11,0.828125,106.0,0.0,True,False
512,4 4 32,128,16.0,1,1.25,27000,1.82421875,0,128,232,52,96,4,0,0,100,8,11,0.828125,106.0,0.0,True,False
512,4 4 32,128,16.0,1,1.25,27200,1.82421875,0,128,232,52,96,4,0,0,100,8,11,0.828125,106.0,0.0,True,False
512,4 4 32,128,16.0,1,1.25,27400,1.82421875,0,128,232,52,96,4,0,0,100,8,11,0.828125,106.0,0.0,True,False
512,4 4 32,128,16.0,1,1.25,27600,1.82421875,0,128,232,52,96,4,0,0,100,8,11,0.828125,106.0,0.0,True,False
512,4 4 32,128,16.0,1,1.25,27800,1.81640625,0,116,236,56,100,4,0,0,104,8,12,0.859375,110.0,0.0,True,False
512,4 4 32,128,16.0,1,1.25,28000,1.81640625,0,116,236,56,100,4,0,0,104,8,12,0.859375,110.0,0.0,True,False
512,4 4 32,128,16.0,1,1.25,28200,1.81640625,0,116,236,56,100,4,0,0,104,8,12,0.859375,110.0,0.0,True,False
512,4 4 32,128,16.0,1,1.25,28400,1.81640625,0,116,236,56,100,4,0,0,104,8,12,0.859375,110.0,0.0,True,False
512,4 4 32,128,16.0,1,1.25,28600,1.81640625,0,116,236,56,100,4,0,0,104,8,12,0.859375,110.0,0.0,True,False
512,4 4 32,128,16.0,1,1.25,28800,1.81640625,0,116,236,56,100,4,0,0,104,8,12,0.859375,110.0,0.0,True,False
512,4 4 32,128,16.0,1,1.25,29000,1.81640625,0,116,236,56,100,4,0,0,104,8,12,0.859375,110.0,0.0,True,False
512,4 4 32,128,16.0,1,1.25,29200,1.81640625,0,116,236,56,100,4,0,0,104,8,12,0.859375,110.0,0.0,True,False
512,4 4 32,128,16.0,1,1.25,29400,1.80859375,0,104,240,60,104,4,0,0,108,8,13,0.890625,114.0,0.0,True,False
512,4 4 32,128,16.0,1,1.25,29600,1.80859375,0,104,240,60,104,4,0,0,108,8,13,0.890625,114.0,0.0,True,False
512,4 4 32,128,16.0,1,1.25,29800,1.80859375,0,104,240,60,104,4,0,0,108,8,13,0.890625,114.0,0.0,True,False
512,4 4 32,128,16.0,1,1.25,30000,1.80859375,0,104,240,60,104,4,0,0,108,8,13,0.890625,114.0,0.0,True,False
512,4 4 32,128,16.0,1,1.25,30200,1.80859375,0,104,240,60,104,4,0,0,108,8,13,0.890625,114.0,0.0,True,False
512,4 4 32,128,16.0,1,1.25,30400,1.80859375,0,104,240,60,104,4,0,0,108,8,13,0.890625,114.0,0.0,True,False
512,4 4 32,128,16.0,1,1.25,30600,1.80859375,0,104,240,60,104,4,0,0,108,8,13,0.890625,114.0,0.0,True,False
512,4 4 32,128,16.0,1,1.25,30800,1.80859375,0,104,240,60,104,4,0,0,108,8,13,0.890625,114.0,0.0,True,False
512,4 4 32,128,16.0,1,1.25,31000,1.80859375,0,104,240,60,104,4,0,0,108,8,13,0.890625,114.0,0.0,True,False
512,4 4 32,128,16.0,1,1.25,31200,1.7578125,0,96,240,64,112,0,0,0,112,8,14,1.09375,140.0,0.0,True,False
512,4 4 32,128,16.0,1,1.25,31400,1.7578125,0,96,240,64,112,0,0,0,112,8,14,1.09375,140.0,0.0,True,False
512,4 4 32,128,16.0,1,1.25,31600,1.7578125,0,96,240,64,112,0,0,0,112,8,14,1.09375,140.0,0.0,True,False
512,4 4 32,128,16.0,1,1.25,31800,1.796875,0,87,243,65,117,0,0,0,117,9,15,0.9375,120.0,0.0,True,False
512,4 4 32,128,16.0,1,1.25,32000,1.7578125,0,96,240,64,112,0,0,0,112,8,14,1.09375,140.0,0.0,True,False
512,4 4 32,128,16.0,1,1.25,32200,1.7578125,0,96,240,64,112,0,0,0,112,8,14,1.09375,140.0,0.0,True,False
512,4 4 32,128,16.0,1,1.25,32400,1.7578125,0,96,240,64,112,0,0,0,112,8,14,1.09375,140.0,0.0,True,False
512,4 4 32,128,16.0,1,1.25,32600,1.7578125,0,96,240,64,112,0,0,0,112,8,14,1.09375,140.0,0.0,True,False
512,4 4 32,128,16.0,1,1.25,32800,1.7578125,0,96,240,64,112,0,0,0,112,8,14,1.09375,140.0,0.0,True,False
512,4 4 32,128,16.0,1,1.25,33000,1.7578125,0,96,240,64,112,0,0,0,112,8,14,1.09375,140.0,0.0,True,False
512,4 4 32,128,16.0,1,1.25,33200,1.7578125,0,96,240,64,112,0,0,0,112,8,14,1.09375,140.0,0.0,True,False
512,4 4 32,128,16.0,1,1.25,33400,1.7578125,0,96,240,64,112,0,0,0,112,8,14,1.09375,140.0,0.0,True,False
512,4 4 32,128,16.0,1,1.25,33600,1.7578125,0,96,240,64,112,0,0,0,112,8,14,1.09375,140.0,0.0,True,False
512,4 4 32,128,16.0,1,1.25,33800,1.791015625,0,80,248,68,116,0,0,0,116,8,18,0.9609375,123.0,0.0,True,False
512,4 4 32,128,16.0,1,1.25,34000,1.791015625,0,80,248,68,116,0,0,0,116,8,18,0.9609375,123.0,0.0,True,False
512,4 4 32,128,16.0,1,1.25,34200,1.791015625,0,80,248,68,116,0,0,0,116,8,18,0.9609375,123.0,0.0,True,False
512,4 4 32,128,16.0,1,1.25,34400,1.7578125,0,96,240,64,112,0,0,0,112,8,14,1.09375,140.0,0.0,True,False
512,4 4 32,128,16.0,1,1.25,34600,1.7578125,0,96,240,64,112,0,0,0,112,8,14,1.09375,140.0,0.0,True,False
512,4 4 32,128,16.0,1,1.25,34800,1.79296875,0,89,243,67,113,0,0,0,113,7,19,0.953125,122.0,0.0,True,False
512,4 4 32,128,16.0,1,1.25,35000,1.79296875,0,89,243,67,113,0,0,0,113,7,19,0.953125,122.0,0.0,True,False
512,4 4 32,128,16.0,1,1.25,35200,1.79296875,0,89,243,67,113,0,0,0,113,7,19,0.953125,122.0,0.0,True,False
512,4 4 32,128,16.0,1,1.25,35400,1.79296875,0,89,243,67,113,0,0,0,113,7,19,0.953125,122.0,0.0,True,False
512,4 4 32,128,16.0,1,1.25,35600,1.79296875,0,89,243,67,113,0,0,0,113,7,19,0.953125,122.0,0.0,True,False
512,4 4 32,128,16.0,1,1.25,35800,1.79296875,0,89,243,67,113,0,0,0,113,7,19,0.953125,122.0,0.0,True,False
512,4 4 32,128,16.0,1,1.25,36000,1.79296875,0,89,243,67,113,0,0,0,113,7,19,0.953125,122.0,0.0,True,False
512,4 4 32,128,16.0,1,1.25,36200,1.79296875,0,89,243,67,113,0,0,0,113,7,19,0.953125,122.0,0.0,True,False
512,4 4 32,128,16.0,1,1.25,36400,1.7578125,0,96,240,64,112,0,0,0,112,8,14,1.09375,140.0,0.0,True,False
512,4 4 32,128,16.0,1,1.25,36600,1.7578125,0,96,240,64,112,0,0,0,112,8,14,1.09375,140.0,0.0,True,False
512,4 4 32,128,16.0,1,1.25,36800,1.7578125,0,96,240,64,112,0,0,0,112,8,14,1.09375,140.0,0.0,True,False
512,4 4 32,128,16.0,1,1.25,37000,1.7578125,0,96,240,64,112,0,0,0,112,8,14,1.09375,140.0,0.0,True,False
512,4 4 32,128,16.0,1,1.25,37200,1.7578125,0,96,240,64,112,0,0,0,112,8,14,1.09375,140.0,0.0,True,False
512,4 4 32,128,16.0,1,1.25,37400,1.7578125,0,96,240,64,112,0,0,0,112,8,14,1.09375,140.0,0.0,True,False
512,4 4 32,128,16.0,1,1.25,37600,1.7578125,0,96,240,64,112,0,0,0,112,8,14,1.09375,140.0,0.0,True,False
512,4 4 32,128,16.0,1,1.25,37800,1.7578125,0,96,240,64,112,0,0,0,112,8,14,1.09375,140.0,0.0,True,False
512,4 4 32,128,16.0,1,1.25,38000,1.7578125,0,96,240,64,112,0,0,0,112,8,14,1.09375,140.0,0.0,True,False
512,4 4 32,128,16.0,1,1.25,38200,1.7578125,0,96,240,64,112,0,0,0,112,8,14,1.09375,140.0,0.0,True,False
512,4 4 32,128,16.0,1,1.25,38400,1.7578125,0,96,240,64,112,0,0,0,112,8,14,1.09375,140.0,0.0,True,False
512,4 4 32,128,16.0,1,1.25,38600,1.7578125,0,96,240,64,112,0,0,0,112,8,14,1.09375,140.0,0.0,True,False
512,4 4 32,128,16.0,1,1.25,38800,1.7578125,0,96,240,64,112,0,0,0,112,8,14,1.09375,140.0,0.0,True,False
512,4 4 32,128,16.0,1,1.25,39000,1.7578125,0,96,240,64,112,0,0,0,112,8,14,1.09375,140.0,0.0,True,False
512,4 4 32,128,16.0,1,1.25,39200,1.7578125,0,96,240,64,112,0,0,0,112,8,14,1.09375,140.0,0.0,True,False
512,4 4 32,128,16.0,1,1.25,39400,1.7578125,0,96,240,64,112,0,0,0,112,8,14,1.09375,140.0,0.0,True,False
512,4 4 32,128,16.0,1,1.25,39600,1.7578125,0,96,240,64,112,0,0,0,112,8,14,1.09375,140.0,0.0,True,False
512,4 4 32,128,16.0,1,1.25,39800,1.7578125,0,96,240,64,112,0,0,0,112,8,14,1.09375,140.0,0.0,True,False
512,4 4 32,128,16.0,1,1.25,40000,1.7578125,0,96,240,64,112,0,0,0,112,8,14,1.09375,140.0,0.0,True,False
512,4 4 32,128,16.0,1,1.25,40200,1.7578125,0,96,240,64,112,0,0,0,112,8,14,1.09375,140.0,0.0,True,False
512,4 4 32,128,16.0,1,1.25,40400,1.7578125,0,96,240,64,112,0,0,0,112,8,14,1.09375,140.0,0.0,True,False
512,4 4 32,128,16.0,1,1.25,40600,1.7578125,0,96,240,64,112,0,0,0,112,8,14,1.09375,140.0,0.0,True,False
512,4 4 32,128,16.0,1,1.25,40800,1.7578125,0,96,240,64,112,0,0,0,112,8,14,1.09375,140.0,0.0,True,False
512,4 4 32,128,16.0,1,1.25,41000,1.7578125,0,96,240,64,112,0,0,0,112,8,14,1.09375,140.0,0.0,True,False
512,4 4 32,128,16.0,1,1.25,41200,1.7578125,0,96,240,64,112,0,0,0,112,8,14,1.09375,140.0,0.0,True,False
512,4 4 32,128,16.0,1,1.25,41400,1.7578125,0,96,240,64,112,0,0,0,112,8,14,1.09375,140.0,0.0,True,False
512,4 4 32,128,16.0,1,1.25,41600,1.7578125,0,96,240,64,112,0,0,0,112,8,14,1.09375,140.0,0.0,True,False
512,4 4 32,128,16.0,1,1.25,41800,1.7578125,0,96,240,64,112,0,0,0,112,8,14,1.09375,140.0,0.0,True,False
512,4 4 32,128,16.0,1,1.25,42000,1.7578125,0,96,240,64,112,0,0,0,112,8,14,1.09375,140.0,0.0,True,False
512,4 4 32,128,16.0,1,1.25,42200,1.7578125,0,96,240,64,112,0,0,0,112,8,14,1.09375,140.0,0.0,True,False
512,4 4 32,128,16.0,1,1.25,42400,1.7578125,0,96,240,64,112,0,0,0,112,8,14,1.09375,140.0,0.0,True,False
512,4 4 32,128,16.0,1,1.25,42600,1.7578125,0,96,240,64,112,0,0,0,112,8,14,1.09375,140.0,0.0,True,False
512,4 4 32,128,16.0,1,1.25,42800,1.7578125,0,96,240,64,112,0,0,0,112,8,14,1.09375,140.0,0.0,True,False
512,4 4 32,128,16.0,1,1.25,43000,1.7578125,0,96,240,64,112,0,0,0,112,8,14,1.09375,140.0,0.0,True,False
512,4 4 32,128,16.0,1,1.25,43200,1.7578125,0,96,240,64,112,0,0,0,112,8,14,1.09375,140.0,0.0,True,False
512,4 4 32,128,16.0,1,1.25,43400,1.7578125,0,96,240,64,112,0,0,0,112,8,14,1.09375,140.0,0.0,True,False
512,4 4 32,128,16.0,1,1.25,43600,1.783203125,0,88,244,68,112,0,0,0,112,8,18,0.9921875,127.0,0.0,True,False
512,4 4 32,128,16.0,1,1.25,43800,1.783203125,0,88,244,68,112,0,0,0,112,8,18,0.9921875,127.0,0.0,True,False
512,4 4 32,128,16.0,1,1.25,44000,1.783203125,0,88,244,68,112,0,0,0,112,8,18,0.9921875,127.0,0.0,True,False
512,4 4 32,128,16.0,1,1.25,44200,1.783203125,0,88,244,68,112,0,0,0,112,8,18,0.9921875,127.0,0.0,True,False
512,4 4 32,128,16.0,1,1.25,44400,1.783203125,0,88,244,68,112,0,0,0,112,8,18,0.9921875,127.0,0.0,True,False
512,4 4 32,128,16.0,1,1.25,44600,1.783203125,0,88,244,68,112,0,0,0,112,8,18,0.9921875,127.0,0.0,True,False
512,4 4 32,128,16.0,1,1.25,44800,1.7578125,0,96,240,64,112,0,0,0,112,8,14,1.09375,140.0,0.0,True,False
512,4 4 32,128,16.0,1,1.25,45000,1.7578125,0,96,240,64,112,0,0,0,112,8,14,1.09375,140.0,0.0,True,False
512,4 4 32,128,16.0,1,1.25,45200,1.7578125,0,96,240,64,112,0,0,0,112,8,14,1.09375,140.0,0.0,True,False
512,4 4 32,128,16.0,1,1.25,45400,1.7578125,0,96,240,64,112,0,0,0,112,8,14,1.09375,140.0,0.0,True,False
512,4 4 32,128,16.0,1,1.25,45600,1.7578125,0,96,240,64,112,0,0,0,112,8,14,1.09375,140.0,0.0,True,False
512,4 4 32,128,16.0,1,1.25,45800,1.7578125,0,96,240,64,112,0,0,0,112,8,14,1.09375,140.0,0.0,True,False
512,4 4 32,128,16.0,1,1.25,46000,1.7578125,0,96,240,64,112,0,0,0,112,8,14,1.09375,140.0,0.0,True,False
512,4 4 32,128,16.0,1,1.25,46200,1.7578125,0,96,240,64,112,0,0,0,112,8,14,1.09375,140.0,0.0,True,False
512,4 4 32,128,16.0,1,1.25,46400,1.7578125,0,96,240,64,112,0,0,0,112,8,14,1.09375,140.0,0.0,True,False
512,4 4 32,128,16.0,1,1.25,46600,1.7578125,0,96,240,64,112,0,0,0,112,8,14,1.09375,140.0,0.0,True,False
512,4 4 32,128,16.0,1,1.25,46800,1.7578125,0,96,240,64,112,0,0,0,112,8,14,1.09375,140.0,0.0,True,False
512,4 4 32,128,16.0,1,1.25,47000,1.7578125,0,96,240,64,112,0,0,0,112,8,14,1.09375,140.0,0.0,True,False
512,4 4 32,128,16.0,1,1.25,47200,1.7578125,0,96,240,64,112,0,0,0,112,8,14,1.09375,140.0,0.0,True,False
512,4 4 32,128,16.0,1,1.25,47400,1.7578125,0,96,240,64,112,0,0,0,112,8,14,1.09375,140.0,0.0,True,False
512,4 4 32,128,16.0,1,1.25,47600,1.7578125,0,96,240,64,112,0,0,0,112,8,14,1.09375,140.0,0.0,True,False
512,4 4 32,128,16.0,1,1.25,47800,1.7578125,0,96,240,64,112,0,0,0,112,8,14,1.09375,140.0,0.0,True,False
512,4 4 32,128,16.0,1,1.25,48000,1.7578125,0,96,240,64,112,0,0,0,112,8,14,1.09375,140.0,0.0,True,False
512,4 4 32,128,16.0,1,1.25,48200,1.7578125,0,96,240,64,112,0,0,0,112,8,14,1.09375,140.0,0.0,True,False
512,4 4 32,128,16.0,1,1.25,48400,1.7578125,0,96,240,64,112,0,0,0,112,8,14,1.09375,140.0,0.0,True,False
512,4 4 32,128,16.0,1,1.25,48600,1.7578125,0,96,240,64,112,0,0,0,112,8,14,1.09375,140.0,0.0,True,False
512,4 4 32,128,16.0,1,1.25,48800,1.7578125,0,96,240,64,112,0,0,0,112,8,14,1.09375,140.0,0.0,True,False
512,4 4 32,128,16.0,1,1.25,49000,1.7578125,0,96,240,64,112,0,0,0,112,8,14,1.09375,140.0,0.0,True,False
512,4 4 32,128,16.0,1,1.25,49200,1.7578125,0,96,240,64,112,0,0,0,112,8,14,1.09375,140.0,0.0,True,False
512,4 4 32,128,16.0,1,1.25,49400,1.7578125,0,96,240,64,112,0,0,0,112,8,14,1.09375,140.0,0.0,True,False
512,4 4 32,128,16.0,1,1.25,49600,1.7578125,0,96,240,64,112,0,0,0,112,8,14,1.09375,140.0,0.0,True,False
512,4 4 32,128,16.0,1,1.25,49800,1.7578125,0,96,240,64,112,0,0,0,112,8,14,1.09375,140.0,0.0,True,False
512,4 4 32,128,16.0,1,1.25,50000,1.7578125,0,96,240,64,112,0,0,0,112,8,14,1.09375,140.0,0.0,True,False
512,4 4 32,128,16.0,1,1.25,50200,1.7578125,0,96,240,64,112,0,0,0,112,8,14,1.09375,140.0,0.0,True,False
512,4 4 32,128,16.0,1,1.25,50400,1.7578125,0,96,240,64,112,0,0,0,112,8,14,1.09375,140.0,0.0,True,False
512,4 4 32,128,16.0,1,1.25,50600,1.7578125,0,96,240,64,112,0,0,0,112,8,14,1.09375,140.0,0.0,True,False
512,4 4 32,128,16.0,1,1.25,50800,1.7578125,0,96,240,64,112,0,0,0,112,8,14,1.09375,140.0,0.0,True,False
512,4 4 32,128,16.0,1,1.25,51000,1.7578125,0,96,240,64,112,0,0,0,112,8,14,1.09375,140.0,0.0,True,False
512,4 4 32,128,16.0,1,1.25,51200,1.7578125,0,96,240,64,112,0,0,0,112,8,14,1.09375,140.0,0.0,True,False
512,4 4 32,128,16.0,1,1.25,51400,1.7578125,0,96,240,64,112,0,0,0,112,8,14,1.09375,140.0,0.0,True,False
512,4 4 32,128,16.0,1,1.25,51600,1.7578125,0,96,240,64,112,0,0,0,112,8,14,1.09375,140.0,0.0,True,False
512,4 4 32,128,16.0,1,1.25,51800,1.7578125,0,96,240,64,112,0,0,0,112,8,14,1.09375,140.0,0.0,True,False
512,4 4 32,128,16.0,1,1.25,52000,1.7578125,0,96,240,64,112,0,0,0,112,8,14,1.09375,140.0,0.0,True,False
512,4 4 32,128,16.0,1,1.25,52200,1.7578125,0,96,240,64,112,0,0,0,112,8,14,1.09375,140.0,0.0,True,False
512,4 4 32,128,16.0,1,1.25,52400,1.7578125,0,96,240,64,112,0,0,0,112,8,14,1.09375,140.0,0.0,True,False
512,4 4 32,128,16.0,1,1.25,52600,1.7578125,0,96,240,64,112,0,0,0,112,8,14,1.09375,140.0,0.0,True,False
512,4 4 32,128,16.0,1,1.25,52800,1.7578125,0,96,240,64,112,0,0,0,112,8,14,1.09375,140.0,0.0,True,False
512,4 4 32,128,16.0,1,1.25,53000,1.7578125,0,96,240,64,112,0,0,0,112,8,14,1.09375,140.0,0.0,True,False
512,4 4 32,128,16.0,1,1.25,53200,1.7578125,0,96,240,64,112,0,0,0,112,8,14,1.09375,140.0,0.0,True,False
512,4 4 32,128,16.0,1,1.25,53400,1.7578125,0,96,240,64,112,0,0,0,112,8,14,1.09375,140.0,0.0,True,False
512,4 4 32,128,16.0,1,1.25,53600,1.7578125,0,96,240,64,112,0,0,0,112,8,14,1.09375,140.0,0.0,True,False
512,4 4 32,128,16.0,1,1.25,53800,1.7578125,0,96,240,64,112,0,0,0,112,8,14,1.09375,140.0,0.0,True,False
512,4 4 32,128,16.0,1,1.25,54000,1.7578125,0,96,240,64,112,0,0,0,112,8,14,1.09375,140.0,0.0,True,False
512,4 4 32,128,16.0,1,1.25,54200,1.7578125,0,96,240,64,112,0,0,0,112,8,14,1.09375,140.0,0.0,True,False
512,4 4 32,128,16.0,1,1.25,54400,1.7578125,0,96,240,64,112,0,0,0,112,8,14,1.09375,140.0,0.0,True,False
512,4 4 32,128,16.0,1,1.25,54600,1.7578125,0,96,240,64,112,0,0,0,112,8,14,1.09375,140.0,0.0,True,False
512,4 4 32,128,16.0,1,1.25,54800,1.7578125,0,96,240,64,112,0,0,0,112,8,14,1.09375,140.0,0.0,True,False
512,4 4 32,128,16.0,1,1.25,55000,1.7578125,0,96,240,64,112,0,0,0,112,8,14,1.09375,140.0,0.0,True,False
512,4 4 32,128,16.0,1,1.25,55200,1.7578125,0,96,240,64,112,0,0,0,112,8,14,1.09375,140.0,0.0,True,False
512,4 4 32,128,16.0,1,1.25,55400,1.7578125,0,96,240,64,112,0,0,0,112,8,14,1.09375,140.0,0.0,True,False
512,4 4 32,128,16.0,1,1.25,55600,1.7578125,0,96,240,64,112,0,0,0,112,8,14,1.09375,140.0,0.0,True,False
512,4 4 32,128,16.0,1,1.25,55800,1.7578125,0,96,240,64,112,0,0,0,112,8,14,1.09375,140.0,0.0,True,False
512,4 4 32,128,16.0,1,1.25,56000,1.7578125,0,96,240,64,112,0,0,0,112,8,14,1.09375,140.0,0.0,True,False
512,4 4 32,128,16.0,1,1.25,56200,1.7578125,0,96,240,64,112,0,0,0,112,8,14,1.09375,140.0,0.0,True,False
512,4 4 32,128,16.0,1,1.25,56400,1.7578125,0,96,240,64,112,0,0,0,112,8,14,1.09375,140.0,0.0,True,False
512,4 4 32,128,16.0,1,1.25,56600,1.7578125,0,96,240,64,112,0,0,0,112,8,14,1.09375,140.0,0.0,True,False
512,4 4 32,128,16.0,1,1.25,56800,1.7578125,0,96,240,64,112,0,0,0,112,8,14,1.09375,140.0,0.0,True,False
512,4 4 32,128,16.0,1,1.25,57000,1.7578125,0,96,240,64,112,0,0,0,112,8,14,1.09375,140.0,0.0,True,False
512,4 4 32,128,16.0,1,1.25,57200,1.7578125,0,96,240,64,112,0,0,0,112,8,14,1.09375,140.0,0.0,True,False
512,4 4 32,128,16.0,1,1.25,57400,1.7578125,0,96,240,64,112,0,0,0,112,8,14,1.09375,140.0,0.0,True,False
512,4 4 32,128,16.0,1,1.25,57600,1.7578125,0,96,240,64,112,0,0,0,112,8,14,1.09375,140.0,0.0,True,False
512,4 4 32,128,16.0,1,1.25,57800,1.7578125,0,96,240,64,112,0,0,0,112,8,14,1.09375,140.0,0.0,True,False
512,4 4 32,128,16.0,1,1.25,58000,1.7578125,0,96,240,64,112,0,0,0,112,8,14,1.09375,140.0,0.0,True,False
512,4 4 32,128,16.0,1,1.25,58200,1.7578125,0,96,240,64,112,0,0,0,112,8,14,1.09375,140.0,0.0,True,False
512,4 4 32,128,16.0,1,1.25,58400,1.7578125,0,96,240,64,112,0,0,0,112,8,14,1.09375,140.0,0.0,True,False
512,4 4 32,128,16.0,1,1.25,58600,1.7578125,0,96,240,64,112,0,0,0,112,8,14,1.09375,140.0,0.0,True,False
512,4 4 32,128,16.0,1,1.25,58800,1.7578125,0,96,240,64,112,0,0,0,112,8,14,1.09375,140.0,0.0,True,False
512,4 4 32,128,16.0,1,1.25,59000,1.7578125,0,96,240,64,112,0,0,0,112,8,14,1.09375,140.0,0.0,True,False
512,4 4 32,128,16.0,1,1.25,59200,1.7578125,0,96,240,64,112,0,0,0,112,8,14,1.09375,140.0,0.0,True,False
512,4 4 32,128,16.0,1,1.25,59400,1.7578125,0,96,240,64,112,0,0,0,112,8,14,1.09375,140.0,0.0,True,False
512,4 4 32,128,16.0,1,1.25,59600,1.7578125,0,96,240,64,112,0,0,0,112,8,14,1.09375,140.0,0.0,True,False
512,4 4 32,128,16.0,1,1.25,59800,1.7578125,0,96,240,64,112,0,0,0,112,8,14,1.09375,140.0,0.0,True,False
512,4 4 32,128,16.0,1,1.25,60000,1.7578125,0,96,240,64,112,0,0,0,112,8,14,1.09375,140.0,0.0,True,False
512,4 4 32,128,16.0,1,1.25,60200,1.7578125,0,96,240,64,112,0,0,0,112,8,14,1.09375,140.0,0.0,True,False
512,4 4 32,128,16.0,1,1.25,60400,1.7578125,0,96,240,64,112,0,0,0,112,8,14,1.09375,140.0,0.0,True,False
512,4 4 32,128,16.0,1,1.25,60600,1.7578125,0,96,240,64,112,0,0,0,112,8,14,1.09375,140.0,0.0,True,False
512,4 4 32,128,16.0,1,1.25,60800,1.7578125,0,96,240,64,112,0,0,0,112,8,14,1.09375,140.0,0.0,True,False
512,4 4 32,128,16.0,1,1.25,61000,1.7578125,0,96,240,64,112,0,0,0,112,8,14,1.09375,140.0,0.0,True,False
512,4 4 32,128,16.0,1,1.25,61200,1.7578125,0,96,240,64,112,0,0,0,112,8,14,1.09375,140.0,0.0,True,False
512,4 4 32,128,16.0,1,1.25,61400,1.7578125,0,96,240,64,112,0,0,0,112,8,14,1.09375,140.0,0.0,True,False
512,4 4 32,128,16.0,1,1.25,61600,1.7578125,0,96,240,64,112,0,0,0,112,8,14,1.09375,140.0,0.0,True,False
512,4 4 32,128,16.0,1,1.25,61800,1.7578125,0,96,240,64,112,0,0,0,112,8,14,1.09375,140.0,0.0,True,False
512,4 4 32,128,16.0,1,1.25,62000,1.7578125,0,96,240,64,112,0,0,0,112,8,14,1.09375,140.0,0.0,True,False
512,4 4 32,128,16.0,1,1.25,62200,1.7578125,0,96,240,64,112,0,0,0,112,8,14,1.09375,140.0,0.0,True,False
512,4 4 32,128,16.0,1,1.25,62400,1.7578125,0,96,240,64,112,0,0,0,112,8,14,1.09375,140.0,0.0,True,False
512,4 4 32,128,16.0,1,1.25,62600,1.7578125,0,96,240,64,112,0,0,0,112,8,14,1.09375,140.0,0.0,True,False
512,4 4 32,128,16.0,1,1.25,62800,1.7578125,0,96,240,64,112,0,0,0,112,8,14,1.09375,140.0,0.0,True,False
512,4 4 32,128,16.0,1,1.25,63000,1.7578125,0,96,240,64,112,0,0,0,112,8,14,1.09375,140.0,0.0,True,False
512,4 4 32,128,16.0,1,1.25,63200,1.7578125,0,96,240,64,112,0,0,0,112,8,14,1.09375,140.0,0.0,True,False
512,4 4 32,128,16.0,1,1.25,63400,1.7578125,0,96,240,64,112,0,0,0,112,8,14,1.09375,140.0,0.0,True,False
512,4 4 32,128,16.0,1,1.25,63600,1.7578125,0,96,240,64,112,0,0,0,112,8,14,1.09375,140.0,0.0,True,False
512,4 4 32,128,16.0,1,1.25,63800,1.7578125,0,96,240,64,112,0,0,0,112,8,14,1.09375,140.0,0.0,True,False
512,4 4 32,128,16.0,1,1.25,64000,1.7578125,0,96,240,64,112,0,0,0,112,8,14,1.09375,140.0,0.0,True,False
512,4 4 32,128,16.0,1,1.25,64200,1.7578125,0,96,240,64,112,0,0,0,112,8,14,1.09375,140.0,0.0,True,False
512,4 4 32,128,16.0,1,1.25,64400,1.7578125,0,96,240,64,112,0,0,0,112,8,14,1.09375,140.0,0.0,True,False
512,4 4 32,128,16.0,1,1.25,64600,1.7578125,0,96,240,64,112,0,0,0,112,8,14,1.09375,140.0,0.0,True,False
512,4 4 32,128,16.0,1,1.25,64800,1.7578125,0,96,240,64,112,0,0,0,112,8,14,1.09375,140.0,0.0,True,False
512,4 4 32,128,16.0,1,1.25,65000,1.7578125,0,96,240,64,112,0,0,0,112,8,14,1.09375,140.0,0.0,True,False
512,4 4 32,128,16.0,1,1.25,65200,1.7578125,0,96,240,64,112,0,0,0,112,8,14,1.09375,140.0,0.0,True,False
512,4 4 32,128,16.0,1,1.25,65400,1.7578125,0,96,240,64,112,0,0,0,112,8,14,1.09375,140.0,0.0,True,False
512,4 4 32,128,16.0,1,1.25,65600,1.7578125,0,96,240,64,112,0,0,0,112,8,14,1.09375,140.0,0.0,True,False
512,4 4 32,128,16.0,1,1.25,65800,1.7578125,0,96,240,64,112,0,0,0,112,8,14,1.09375,140.0,0.0,True,False
512,4 4 32,128,16.0,1,1.25,66000,1.7578125,0,96,240,64,112,0,0,0,112,8,14,1.09375,140.0,0.0,True,False
512,4 4 32,128,16.0,1,1.25,66200,1.7578125,0,96,240,64,112,0,0,0,112,8,14,1.09375,140.0,0.0,True,False
512,4 4 32,128,16.0,1,1.25,66400,1.7578125,0,96,240,64,112,0,0,0,112,8,14,1.09375,140.0,0.0,True,False
512,4 4 32,128,16.0,1,1.25,66600,1.7578125,0,96,240,64,112,0,0,0,112,8,14,1.09375,140.0,0.0,True,False
512,4 4 32,128,16.0,1,1.25,66800,1.7578125,0,96,240,64,112,0,0,0,112,8,14,1.09375,140.0,0.0,True,False
512,4 4 32,128,16.0,1,1.25,67000,1.7578125,0,96,240,64,112,0,0,0,112,8,14,1.09375,140.0,0.0,True,False
512,4 4 32,128,16.0,1,1.25,67200,1.7578125,0,96,240,64,112,0,0,0,112,8,14,1.09375,140.0,0.0,True,False
512,4 4 32,128,16.0,1,1.25,67400,1.7578125,0,96,240,64,112,0,0,0,112,8,14,1.09375,140.0,0.0,True,False
512,4 4 32,128,16.0,1,1.25,67600,1.7578125,0,96,240,64,112,0,0,0,112,8,14,1.09375,140.0,0.0,True,False
512,4 4 32,128,16.0,1,1.25,67800,1.7578125,0,96,240,64,112,0,0,0,112,8,14,1.09375,140.0,0.0,True,False
512,4 4 32,128,16.0,1,1.25,68000,1.7578125,0,96,240,64,112,0,0,0,112,8,14,1.09375,140.0,0.0,True,False
512,4 4 32,128,16.0,1,1.25,68200,1.7578125,0,96,240,64,112,0,0,0,112,8,14,1.09375,140.0,0.0,True,False
512,4 4 32,128,16.0,1,1.25,68400,1.7578125,0,96,240,64,112,0,0,0,112,8,14,1.09375,140.0,0.0,True,False
512,4 4 32,128,16.0,1,1.25,68600,1.7578125,0,96,240,64,112,0,0,0,112,8,14,1.09375,140.0,0.0,True,False
512,4 4 32,128,16.0,1,1.25,68800,1.7578125,0,96,240,64,112,0,0,0,112,8,14,1.09375,140.0,0.0,True,False
512,4 4 32,128,16.0,1,1.25,69000,1.7578125,0,96,240,64,112,0,0,0,112,8,14,1.09375,140.0,0.0,True,False
512,4 4 32,128,16.0,1,1.25,69200,1.7578125,0,96,240,64,112,0,0,0,112,8,14,1.09375,140.0,0.0,True,False
512,4 4 32,128,16.0,1,1.25,69400,1.7578125,0,96,240,64,112,0,0,0,112,8,14,1.09375,140.0,0.0,True,False
512,4 4 32,128,16.0,1,1.25,69600,1.7578125,0,96,240,64,112,0,0,0,112,8,14,1.09375,140.0,0.0,True,False
512,4 4 32,128,16.0,1,1.25,69800,1.7578125,0,96,240,64,112,0,0,0,112,8,14,1.09375,140.0,0.0,True,False
512,4 4 32,128,16.0,1,1.25,70000,1.7578125,0,96,240,64,112,0,0,0,112,8,14,1.09375,140.0,0.0,True,False
512,4 4 32,128,16.0,1,1.25,70200,1.7578125,0,96,240,64,112,0,0,0,112,8,14,1.09375,140.0,0.0,True,False
512,4 4 32,128,16.0,1,1.25,70400,1.7578125,0,96,240,64,112,0,0,0,112,8,14,1.09375,140.0,0.0,True,False
512,4 4 32,128,16.0,1,1.25,70600,1.7578125,0,96,240,64,112,0,0,0,112,8,14,1.09375,140.0,0.0,True,False
512,4 4 32,128,16.0,1,1.25,70800,1.7578125,0,96,240,64,112,0,0,0,112,8,14,1.09375,140.0,0.0,True,False
512,4 4 32,128,16.0,1,1.25,71000,1.7578125,0,96,240,64,112,0,0,0,112,8,14,1.09375,140.0,0.0,True,False
512,4 4 32,128,16.0,1,1.25,71200,1.7578125,0,96,240,64,112,0,0,0,112,8,14,1.09375,140.0,0.0,True,False
512,4 4 32,128,16.0,1,1.25,71400,1.7578125,0,96,240,64,112,0,0,0,112,8,14,1.09375,140.0,0.0,True,False
512,4 4 32,128,16.0,1,1.25,71600,1.7578125,0,96,240,64,112,0,0,0,112,8,14,1.09375,140.0,0.0,True,False
512,4 4 32,128,16.0,1,1.25,71800,1.7578125,0,96,240,64,112,0,0,0,112,8,14,1.09375,140.0,0.0,True,False
512,4 4 32,128,16.0,1,1.25,72000,1.7578125,0,96,240,64,112,0,0,0,112,8,14,1.09375,140.0,0.0,True,False
512,4 4 32,128,16.0,1,1.25,72200,1.7578125,0,96,240,64,112,0,0,0,112,8,14,1.09375,140.0,0.0,True,False
512,4 4 32,128,16.0,1,1.25,72400,1.7578125,0,96,240,64,112,0,0,0,112,8,14,1.09375,140.0,0.0,True,False
512,4 4 32,128,16.0,1,1.25,72600,1.7578125,0,96,240,64,112,0,0,0,112,8,14,1.09375,140.0,0.0,True,False
512,4 4 32,128,16.0,1,1.25,72800,1.7578125,0,96,240,64,112,0,0,0,112,8,14,1.09375,140.0,0.0,True,False
512,4 4 32,128,16.0,1,1.25,73000,1.7578125,0,96,240,64,112,0,0,0,112,8,14,1.09375,140.0,0.0,True,False
512,4 4 32,128,16.0,1,1.25,73200,1.7578125,0,96,240,64,112,0,0,0,112,8,14,1.09375,140.0,0.0,True,False
512,4 4 32,128,16.0,1,1.25,73400,1.7578125,0,96,240,64,112,0,0,0,112,8,14,1.09375,140.0,0.0,True,False
512,4 4 32,128,16.0,1,1.25,73600,1.7578125,0,96,240,64,112,0,0,0,112,8,14,1.09375,140.0,0.0,True,False
512,4 4 32,128,16.0,1,1.25,73800,1.7578125,0,96,240,64,112,0,0,0,112,8,14,1.09375,140.0,0.0,True,False
512,4 4 32,128,16.0,1,1.25,74000,1.7578125,0,96,240,64,112,0,0,0,112,8,14,1.09375,140.0,0.0,True,False
512,4 4 32,128,16.0,1,1.25,74200,1.7578125,0,96,240,64,112,0,0,0,112,8,14,1.09375,140.0,0.0,True,False
512,4 4 32,128,16.0,1,1.25,74400,1.7578125,0,96,240,64,112,0,0,0,112,8,14,1.09375,140.0,0.0,True,False
512,4 4 32,128,16.0,1,1.25,74600,1.7578125,0,96,240,64,112,0,0,0,112,8,14,1.09375,140.0,0.0,True,False
512,4 4 32,128,16.0,1,1.25,74800,1.7578125,0,96,240,64,112,0,0,0,112,8,14,1.09375,140.0,0.0,True,False
512,4 4 32,128,16.0,1,1.25,75000,1.7578125,0,96,240,64,112,0,0,0,112,8,14,1.09375,140.0,0.0,True,False
512,4 4 32,128,16.0,1,1.25,75200,1.7578125,0,96,240,64,112,0,0,0,112,8,14,1.09375,140.0,0.0,True,False
512,4 4 32,128,16.0,1,1.25,75400,1.7578125,0,96,240,64,112,0,0,0,112,8,14,1.09375,140.0,0.0,True,False
512,4 4 32,128,16.0,1,1.25,75600,1.7578125,0,96,240,64,112,0,0,0,112,8,14,1.09375,140.0,0.0,True,False
512,4 4 32,128,16.0,1,1.25,75800,1.7578125,0,96,240,64,112,0,0,0,112,8,14,1.09375,140.0,0.0,True,False
512,4 4 32,128,16.0,1,1.25,76000,1.7578125,0,96,240,64,112,0,0,0,112,8,14,1.09375,140.0,0.0,True,False
512,4 4 32,128,16.0,1,1.25,76200,1.7578125,0,96,240,64,112,0,0,0,112,8,14,1.09375,140.0,0.0,True,False
512,4 4 32,128,16.0,1,1.25,76400,1.7578125,0,96,240,64,112,0,0,0,112,8,14,1.09375,140.0,0.0,True,False
512,4 4 32,128,16.0,1,1.25,76600,1.7578125,0,96,240,64,112,0,0,0,112,8,14,1.09375,140.0,0.0,True,False
512,4 4 32,128,16.0,1,1.25,76800,1.7578125,0,96,240,64,112,0,0,0,112,8,14,1.09375,140.0,0.0,True,False
512,4 4 32,128,16.0,1,1.25,77000,1.7578125,0,96,240,64,112,0,0,0,112,8,14,1.09375,140.0,0.0,True,False
512,4 4 32,128,16.0,1,1.25,77200,1.7578125,0,96,240,64,112,0,0,0,112,8,14,1.09375,140.0,0.0,True,False
512,4 4 32,128,16.0,1,1.25,77400,1.7578125,0,96,240,64,112,0,0,0,112,8,14,1.09375,140.0,0.0,True,False
512,4 4 32,128,16.0,1,1.25,77600,1.7578125,0,96,240,64,112,0,0,0,112,8,14,1.09375,140.0,0.0,True,False
512,4 4 32,128,16.0,1,1.25,77800,1.7578125,0,96,240,64,112,0,0,0,112,8,14,1.09375,140.0,0.0,True,False
512,4 4 32,128,16.0,1,1.25,78000,1.7578125,0,96,240,64,112,0,0,0,112,8,14,1.09375,140.0,0.0,True,False
512,4 4 32,128,16.0,1,1.25,78200,1.7578125,0,96,240,64,112,0,0,0,112,8,14,1.09375,140.0,0.0,True,False
512,4 4 32,128,16.0,1,1.25,78400,1.7578125,0,96,240,64,112,0,0,0,112,8,14,1.09375,140.0,0.0,True,False
512,4 4 32,128,16.0,1,1.25,78600,1.7578125,0,96,240,64,112,0,0,0,112,8,14,1.09375,140.0,0.0,True,False
512,4 4 32,128,16.0,1,1.25,78800,1.783203125,0,88,244,68,112,0,0,0,112,8,18,0.9921875,127.0,0.0,True,False
512,4 4 32,128,16.0,1,1.25,79000,1.783203125,0,88,244,68,112,0,0,0,112,8,18,0.9921875,127.0,0.0,True,False
512,4 4 32,128,16.0,1,1.25,79200,1.783203125,0,88,244,68,112,0,0,0,112,8,18,0.9921875,127.0,0.0,True,False
512,4 4 32,128,16.0,1,1.25,79400,1.783203125,0,88,244,68,112,0,0,0,112,8,18,0.9921875,127.0,0.0,True,False
512,4 4 32,128,16.0,1,1.25,79600,1.7578125,0,96,240,64,112,0,0,0,112,8,14,1.09375,140.0,0.0,True,False
512,4 4 32,128,16.0,1,1.25,79800,1.7578125,0,96,240,64,112,0,0,0,112,8,14,1.09375,140.0,0.0,True,False
512,4 4 32,128,16.0,1,1.25,80000,1.7890625,0,82,248,66,116,0,0,0,116,10,14,0.96875,124.0,0.0,True,False
512,4 4 32,128,16.0,1,1.25,80200,1.7890625,0,82,248,66,116,0,0,0,116,10,14,0.96875,124.0,0.0,True,False
512,4 4 32,128,16.0,1,1.25,80400,1.7890625,0,82,248,66,116,0,0,0,116,10,14,0.96875,124.0,0.0,True,False
512,4 4 32,128,16.0,1,1.25,80600,1.7578125,0,96,240,64,112,0,0,0,112,8,14,1.09375,140.0,0.0,True,False
512,4 4 32,128,16.0,1,1.25,80800,1.7578125,0,96,240,64,112,0,0,0,112,8,14,1.09375,140.0,0.0,True,False
512,4 4 32,128,16.0,1,1.25,81000,1.7578125,0,96,240,64,112,0,0,0,112,8,14,1.09375,140.0,0.0,True,False
512,4 4 32,128,16.0,1,1.25,81200,1.7578125,0,96,240,64,112,0,0,0,112,8,14,1.09375,140.0,0.0,True,False
512,4 4 32,128,16.0,1,1.25,81400,1.7578125,0,96,240,64,112,0,0,0,112,8,14,1.09375,140.0,0.0,True,False
512,4 4 32,128,16.0,1,1.25,81600,1.7578125,0,96,240,64,112,0,0,0,112,8,14,1.09375,140.0,0.0,True,False
512,4 4 32,128,16.0,1,1.25,81800,1.7578125,0,96,240,64,112,0,0,0,112,8,14,1.09375,140.0,0.0,True,False
512,4 4 32,128,16.0,1,1.25,82000,1.7578125,0,96,240,64,112,0,0,0,112,8,14,1.09375,140.0,0.0,True,False
512,4 4 32,128,16.0,1,1.25,82200,1.7578125,0,96,240,64,112,0,0,0,112,8,14,1.09375,140.0,0.0,True,False
512,4 4 32,128,16.0,1,1.25,82400,1.7578125,0,96,240,64,112,0,0,0,112,8,14,1.09375,140.0,0.0,True,False
512,4 4 32,128,16.0,1,1.25,82600,1.7578125,0,96,240,64,112,0,0,0,112,8,14,1.09375,140.0,0.0,True,False
512,4 4 32,128,16.0,1,1.25,82800,1.7578125,0,96,240,64,112,0,0,0,112,8,14,1.09375,140.0,0.0,True,False
512,4 4 32,128,16.0,1,1.25,83000,1.7578125,0,96,240,64,112,0,0,0,112,8,14,1.09375,140.0,0.0,True,False
512,4 4 32,128,16.0,1,1.25,83200,1.7578125,0,96,240,64,112,0,0,0,112,8,14,1.09375,140.0,0.0,True,False
512,4 4 32,128,16.0,1,1.25,83400,1.7578125,0,96,240,64,112,0,0,0,112,8,14,1.09375,140.0,0.0,True,False
512,4 4 32,128,16.0,1,1.25,83600,1.7578125,0,96,240,64,112,0,0,0,112,8,14,1.09375,140.0,0.0,True,False
512,4 4 32,128,16.0,1,1.25,83800,1.7578125,0,96,240,64,112,0,0,0,112,8,14,1.09375,140.0,0.0,True,False
512,4 4 32,128,16.0,1,1.25,84000,1.7578125,0,96,240,64,112,0,0,0,112,8,14,1.09375,140.0,0.0,True,False
512,4 4 32,128,16.0,1,1.25,84200,1.7578125,0,96,240,64,112,0,0,0,112,8,14,1.09375,140.0,0.0,True,False
512,4 4 32,128,16.0,1,1.25,84400,1.7578125,0,96,240,64,112,0,0,0,112,8,14,1.09375,140.0,0.0,True,False
512,4 4 32,128,16.0,1,1.25,84600,1.783203125,0,88,244,68,112,0,0,0,112,8,18,0.9921875,127.0,0.0,True,False
512,4 4 32,128,16.0,1,1.25,84800,1.783203125,0,88,244,68,112,0,0,0,112,8,18,0.9921875,127.0,0.0,True,False
512,4 4 32,128,16.0,1,1.25,85000,1.783203125,0,88,244,68,112,0,0,0,112,8,18,0.9921875,127.0,0.0,True,False
512,4 4 32,128,16.0,1,1.25,85200,1.7578125,0,96,240,64,112,0,0,0,112,8,14,1.09375,140.0,0.0,True,False
512,4 4 32,128,16.0,1,1.25,85400,1.7578125,0,96,240,64,112,0,0,0,112,8,14,1.09375,140.0,0.0,True,False
512,4 4 32,128,16.0,1,1.25,85600,1.7578125,0,96,240,64,112,0,0,0,112,8,14,1.09375,140.0,0.0,True,False
512,4 4 32,128,16.0,1,1.25,85800,1.7578125,0,96,240,64,112,0,0,0,112,8,14,1.09375,140.0,0.0,True,False
512,4 4 32,128,16.0,1,1.25,86000,1.7578125,0,96,240,64,112,0,0,0,112,8,14,1.09375,140.0,0.0,True,False
512,4 4 32,128,16.0,1,1.25,86200,1.7578125,0,96,240,64,112,0,0,0,112,8,14,1.09375,140.0,0.0,True,False
512,4 4 32,128,16.0,1,1.25,86400,1.7578125,0,96,240,64,112,0,0,0,112,8,14,1.09375,140.0,0.0,True,False
512,4 4 32,128,16.0,1,1.25,86600,1.7578125,0,96,240,64,112,0,0,0,112,8,14,1.09375,140.0,0.0,True,False
512,4 4 32,128,16.0,1,1.25,86800,1.7578125,0,96,240,64,112,0,0,0,112,8,14,1.09375,140.0,0.0,True,False
512,4 4 32,128,16.0,1,1.25,87000,1.7578125,0,96,240,64,112,0,0,0,112,8,14,1.09375,140.0,0.0,True,False
512,4 4 32,128,16.0,1,1.25,87200,1.7578125,0,96,240,64,112,0,0,0,112,8,14,1.09375,140.0,0.0,True,False
512,4 4 32,128,16.0,1,1.25,87400,1.7578125,0,96,240,64,112,0,0,0,112,8,14,1.09375,140.0,0.0,True,False
512,4 4 32,128,16.0,1,1.25,87600,1.7578125,0,96,240,64,112,0,0,0,112,8,14,1.09375,140.0,0.0,True,False
512,4 4 32,128,16.0,1,1.25,87800,1.7578125,0,96,240,64,112,0,0,0,112,8,14,1.09375,140.0,0.0,True,False
512,4 4 32,128,16.0,1,1.25,88000,1.7578125,0,96,240,64,112,0,0,0,112,8,14,1.09375,140.0,0.0,True,False
512,4 4 32,128,16.0,1,1.25,88200,1.7578125,0,96,240,64,112,0,0,0,112,8,14,1.09375,140.0,0.0,True,False
512,4 4 32,128,16.0,1,1.25,88400,1.7578125,0,96,240,64,112,0,0,0,112,8,14,1.09375,140.0,0.0,True,False
512,4 4 32,128,16.0,1,1.25,88600,1.7578125,0,96,240,64,112,0,0,0,112,8,14,1.09375,140.0,0.0,True,False
512,4 4 32,128,16.0,1,1.25,88800,1.7578125,0,96,240,64,112,0,0,0,112,8,14,1.09375,140.0,0.0,True,False
512,4 4 32,128,16.0,1,1.25,89000,1.7578125,0,96,240,64,112,0,0,0,112,8,14,1.09375,140.0,0.0,True,False
512,4 4 32,128,16.0,1,1.25,89200,1.787109375,0,88,238,72,114,0,0,0,114,8,35,0.9765625,125.0,0.0,True,False
512,4 4 32,128,16.0,1,1.25,89400,1.787109375,0,88,238,72,114,0,0,0,114,8,35,0.9765625,125.0,0.0,True,False
512,4 4 32,128,16.0,1,1.25,89600,1.787109375,0,88,238,72,114,0,0,0,114,8,35,0.9765625,125.0,0.0,True,False
512,4 4 32,128,16.0,1,1.25,89800,1.787109375,0,88,238,72,114,0,0,0,114,8,35,0.9765625,125.0,0.0,True,False
512,4 4 32,128,16.0,1,1.25,90000,1.787109375,0,88,238,72,114,0,0,0,114,8,35,0.9765625,125.0,0.0,True,False
512,4 4 32,128,16.0,1,1.25,90200,1.7578125,0,96,240,64,112,0,0,0,112,8,14,1.09375,140.0,0.0,True,False
512,4 4 32,128,16.0,1,1.25,90400,1.7578125,0,96,240,64,112,0,0,0,112,8,14,1.09375,140.0,0.0,True,False
512,4 4 32,128,16.0,1,1.25,90600,1.7578125,0,96,240,64,112,0,0,0,112,8,14,1.09375,140.0,0.0,True,False
512,4 4 32,128,16.0,1,1.25,90800,1.7578125,0,96,240,64,112,0,0,0,112,8,14,1.09375,140.0,0.0,True,False
512,4 4 32,128,16.0,1,1.25,91000,1.7578125,0,96,240,64,112,0,0,0,112,8,14,1.09375,140.0,0.0,True,False
512,4 4 32,128,16.0,1,1.25,91200,1.7578125,0,96,240,64,112,0,0,0,112,8,14,1.09375,140.0,0.0,True,False
512,4 4 32,128,16.0,1,1.25,91400,1.7578125,0,96,240,64,112,0,0,0,112,8,14,1.09375,140.0,0.0,True,False
512,4 4 32,128,16.0,1,1.25,91600,1.7578125,0,96,240,64,112,0,0,0,112,8,14,1.09375,140.0,0.0,True,False
512,4 4 32,128,16.0,1,1.25,91800,1.7578125,0,96,240,64,112,0,0,0,112,8,14,1.09375,140.0,0.0,True,False
512,4 4 32,128,16.0,1,1.25,92000,1.7578125,0,96,240,64,112,0,0,0,112,8,14,1.09375,140.0,0.0,True,False
512,4 4 32,128,16.0,1,1.25,92200,1.7578125,0,96,240,64,112,0,0,0,112,8,14,1.09375,140.0,0.0,True,False
512,4 4 32,128,16.0,1,1.25,92400,1.7578125,0,96,240,64,112,0,0,0,112,8,14,1.09375,140.0,0.0,True,False
512,4 4 32,128,16.0,1,1.25,92600,1.7578125,0,96,240,64,112,0,0,0,112,8,14,1.09375,140.0,0.0,True,False
512,4 4 32,128,16.0,1,1.25,92800,1.7578125,0,96,240,64,112,0,0,0,112,8,14,1.09375,140.0,0.0,True,False
512,4 4 32,128,16.0,1,1.25,93000,1.7578125,0,96,240,64,112,0,0,0,112,8,14,1.09375,140.0,0.0,True,False
512,4 4 32,128,16.0,1,1.25,93200,1.7578125,0,96,240,64,112,0,0,0,112,8,14,1.09375,140.0,0.0,True,False
512,4 4 32,128,16.0,1,1.25,93400,1.7578125,0,96,240,64,112,0,0,0,112,8,14,1.09375,140.0,0.0,True,False
512,4 4 32,128,16.0,1,1.25,93600,1.7578125,0,96,240,64,112,0,0,0,112,8,14,1.09375,140.0,0.0,True,False
512,4 4 32,128,16.0,1,1.25,93800,1.7578125,0,96,240,64,112,0,0,0,112,8,14,1.09375,140.0,0.0,True,False
512,4 4 32,128,16.0,1,1.25,94000,1.7578125,0,96,240,64,112,0,0,0,112,8,14,1.09375,140.0,0.0,True,False
512,4 4 32,128,16.0,1,1.25,94200,1.7578125,0,96,240,64,112,0,0,0,112,8,14,1.09375,140.0,0.0,True,False
512,4 4 32,128,16.0,1,1.25,94400,1.7578125,0,96,240,64,112,0,0,0,112,8,14,1.09375,140.0,0.0,True,False
512,4 4 32,128,16.0,1,1.25,94600,1.7578125,0,96,240,64,112,0,0,0,112,8,14,1.09375,140.0,0.0,True,False
512,4 4 32,128,16.0,1,1.25,94800,1.7578125,0,96,240,64,112,0,0,0,112,8,14,1.09375,140.0,0.0,True,False
512,4 4 32,128,16.0,1,1.25,95000,1.7578125,0,96,240,64,112,0,0,0,112,8,14,1.09375,140.0,0.0,True,False
512,4 4 32,128,16.0,1,1.25,95200,1.7578125,0,96,240,64,112,0,0,0,112,8,14,1.09375,140.0,0.0,True,False
512,4 4 32,128,16.0,1,1.25,95400,1.7578125,0,96,240,64,112,0,0,0,112,8,14,1.09375,140.0,0.0,True,False
512,4 4 32,128,16.0,1,1.25,95600,1.7578125,0,96,240,64,112,0,0,0,112,8,14,1.09375,140.0,0.0,True,False
512,4 4 32,128,16.0,1,1.25,95800,1.7578125,0,96,240,64,112,0,0,0,112,8,14,1.09375,140.0,0.0,True,False
512,4 4 32,128,16.0,1,1.25,96000,1.7578125,0,96,240,64,112,0,0,0,112,8,14,1.09375,140.0,0.0,True,False
512,4 4 32,128,16.0,1,1.25,96200,1.7578125,0,96,240,64,112,0,0,0,112,8,14,1.09375,140.0,0.0,True,False
512,4 4 32,128,16.0,1,1.25,96400,1.7578125,0,96,240,64,112,0,0,0,112,8,14,1.09375,140.0,0.0,True,False
512,4 4 32,128,16.0,1,1.25,96600,1.7578125,0,96,240,64,112,0,0,0,112,8,14,1.09375,140.0,0.0,True,False
512,4 4 32,128,16.0,1,1.25,96800,1.7578125,0,96,240,64,112,0,0,0,112,8,14,1.09375,140.0,0.0,True,False
512,4 4 32,128,16.0,1,1.25,97000,1.7578125,0,96,240,64,112,0,0,0,112,8,14,1.09375,140.0,0.0,True,False
512,4 4 32,128,16.0,1,1.25,97200,1.7578125,0,96,240,64,112,0,0,0,112,8,14,1.09375,140.0,0.0,True,False
512,4 4 32,128,16.0,1,1.25,97400,1.7578125,0,96,240,64,112,0,0,0,112,8,14,1.09375,140.0,0.0,True,False
512,4 4 32,128,16.0,1,1.25,97600,1.7578125,0,96,240,64,112,0,0,0,112,8,14,1.09375,140.0,0.0,True,False
512,4 4 32,128,16.0,1,1.25,97800,1.7578125,0,96,240,64,112,0,0,0,112,8,14,1.09375,140.0,0.0,True,False
512,4 4 32,128,16.0,1,1.25,98000,1.7578125,0,96,240,64,112,0,0,0,112,8,14,1.09375,140.0,0.0,True,False
512,4 4 32,128,16.0,1,1.25,98200,1.7578125,0,96,240,64,112,0,0,0,112,8,14,1.09375,140.0,0.0,True,False
512,4 4 32,128,16.0,1,1.25,98400,1.7578125,0,96,240,64,112,0,0,0,112,8,14,1.09375,140.0,0.0,True,False
512,4 4 32,128,16.0,1,1.25,98600,1.7578125,0,96,240,64,112,0,0,0,112,8,14,1.09375,140.0,0.0,True,False
512,4 4 32,128,16.0,1,1.25,98800,1.7578125,0,96,240,64,112,0,0,0,112,8,14,1.09375,140.0,0.0,True,False
512,4 4 32,128,16.0,1,1.25,99000,1.787109375,0,88,238,72,114,0,0,0,114,8,35,0.9765625,125.0,0.0,True,False
512,4 4 32,128,16.0,1,1.25,99200,1.787109375,0,88,238,72,114,0,0,0,114,8,35,0.9765625,125.0,0.0,True,False
512,4 4 32,128,16.0,1,1.25,99400,1.787109375,0,88,238,72,114,0,0,0,114,8,35,0.9765625,125.0,0.0,True,False
512,4 4 32,128,16.0,1,1.25,99600,1.787109375,0,88,238,72,114,0,0,0,114,8,35,0.9765625,125.0,0.0,True,False
512,4 4 32,128,16.0,1,1.25,99800,1.787109375,0,88,238,72,114,0,0,0,114,8,35,0.9765625,125.0,0.0,True,False
512,4 4 32,128,16.0,1,1.25,100000,1.787109375,0,88,238,72,114,0,0,0,114,8,35,0.9765625,125.0,0.0,True,True
512,4 4 32,128,16.0,2,1.25,0,2.0,0,512,0,0,0,0,0,0,0,0,0,0.125,16.0,0.0,False,False
512,4 4 32,128,16.0,2,1.25,200,2.03125,0,484,20,0,8,0,0,0,8,0,0,0.0,0.0,0.0,True,False
512,4 4 32,128,16.0,2,1.25,400,2.03125,0,484,20,0,8,0,0,0,8,0,0,0.0,0.0,0.0,True,False
512,4 4 32,128,16.0,2,1.25,600,2.03125,0,496,12,0,4,0,0,0,4,0,0,0.0,0.0,0.0,True,False
512,4 4 32,128,16.0,2,1.25,800,2.03125,0,496,12,0,4,0,0,0,4,0,0,0.0,0.0,0.0,True,False
512,4 4 32,128,16.0,2,1.25,1000,2.03125,0,496,12,0,4,0,0,0,4,0,0,0.0,0.0,0.0,True,False
512,4 4 32,128,16.0,2,1.25,1200,2.03125,0,496,12,0,4,0,0,0,4,0,0,0.0,0.0,0.0,True,False
512,4 4 32,128,16.0,2,1.25,1400,2.0,0,512,0,0,0,0,0,0,0,0,0,0.125,16.0,0.0,True,False
512,4 4 32,128,16.0,2,1.25,1600,2.03125,0,496,12,0,4,0,0,0,4,0,0,0.0,0.0,0.0,True,False
512,4 4 32,128,16.0,2,1.25,1800,2.03125,0,496,12,0,4,0,0,0,4,0,0,0.0,0.0,0.0,True,False
512,4 4 32,128,16.0,2,1.25,2000,2.0234375,0,480,24,4,0,4,0,0,4,2,2,0.03125,4.0,0.0,True,False
512,4 4 32,128,16.0,2,1.25,2200,2.0234375,0,480,24,4,0,4,0,0,4,2,2,0.03125,4.0,0.0,True,False
512,4 4 32,128,16.0,2,1.25,2400,2.0234375,0,480,24,4,0,4,0,0,4,2,2,0.03125,4.0,0.0,True,False
512,4 4 32,128,16.0,2,1.25,2600,2.0234375,0,480,24,4,0,4,0,0,4,2,2,0.03125,4.0,0.0,True,False
512,4 4 32,128,16.0,2,1.25,2800,2.0234375,0,480,24,4,0,4,0,0,4,2,2,0.03125,4.0,0.0,True,False
512,4 4 32,128,16.0,2,1.25,3000,2.0234375,0,480,24,4,0,4,0,0,4,2,2,0.03125,4.0,0.0,True,False
512,4 4 32,128,16.0,2,1.25,3200,2.0234375,0,480,24,4,0,4,0,0,4,2,2,0.03125,4.0,0.0,True,False
512,4 4 32,128,16.0,2,1.25,3400,2.0234375,0,480,24,4,0,4,0,0,4,2,2,0.03125,4.0,0.0,True,False
512,4 4 32,128,16.0,2,1.25,3600,2.0234375,0,480,24,4,0,4,0,0,4,2,2,0.03125,4.0,0.0,True,False
512,4 4 32,128,16.0,2,1.25,3800,2.0234375,0,480,24,4,0,4,0,0,4,2,2,0.03125,4.0,0.0,True,False
512,4 4 32,128,16.0,2,1.25,4000,2.0234375,0,480,24,4,0,4,0,0,4,2,2,0.03125,4.0,0.0,True,False
512,4 4 32,128,16.0,2,1.25,4200,2.0234375,0,480,24,4,0,4,0,0,4,2,2,0.03125,4.0,0.0,True,False
512,4 4 32,128,16.0,2,1.25,4400,2.015625,0,464,36,4,4,4,0,0,8,2,2,0.0625,8.0,0.0,True,False
512,4 4 32,128,16.0,2,1.25,4600,2.015625,0,464,36,4,4,4,0,0,8,2,2,0.0625,8.0,0.0,True,False
512,4 4 32,128,16.0,2,1.25,4800,2.015625,0,464,36,4,4,4,0,0,8,2,2,0.0625,8.0,0.0,True,False
512,4 4 32,128,16.0,2,1.25,5000,2.015625,0,464,36,4,4,4,0,0,8,2,2,0.0625,8.0,0.0,True,False
512,4 4 32,128,16.0,2,1.25,5200,2.015625,0,464,36,4,4,4,0,0,8,2,2,0.0625,8.0,0.0,True,False
512,4 4 32,128,16.0,2,1.25,5400,2.015625,0,464,36,4,4,4,0,0,8,2,2,0.0625,8.0,0.0,True,False
512,4 4 32,128,16.0,2,1.25,5600,2.0078125,0,448,48,4,8,4,0,0,12,2,2,0.09375,12.0,0.0,True,False
512,4 4 32,128,16.0,2,1.25,5800,2.0078125,0,448,48,4,8,4,0,0,12,2,2,0.09375,12.0,0.0,True,False
512,4 4 32,128,16.0,2,1.25,6000,2.0078125,0,448,48,4,8,4,0,0,12,2,2,0.09375,12.0,0.0,True,False
512,4 4 32,128,16.0,2,1.25,6200,2.0078125,0,448,48,4,8,4,0,0,12,2,2,0.09375,12.0,0.0,True,False
512,4 4 32,128,16.0,2,1.25,6400,2.0078125,0,448,48,4,8,4,0,0,12,2,2,0.09375,12.0,0.0,True,False
512,4 4 32,128,16.0,2,1.25,6600,2.0078125,0,448,48,4,8,4,0,0,12,2,2,0.09375,12.0,0.0,True,False
512,4 4 32,128,16.0,2,1.25,6800,2.0078125,0,448,48,4,8,4,0,0,12,2,2,0.09375,12.0,0.0,True,False
512,4 4 32,128,16.0,2,1.25,7000,2.015625,0,464,36,4,4,4,0,0,8,2,2,0.0625,8.0,0.0,True,False
512,4 4 32,128,16.0,2,1.25,7200,2.015625,0,464,36,4,4,4,0,0,8,2,2,0.0625,8.0,0.0,True,False
512,4 4 32,128,16.0,2,1.25,7400,2.015625,0,464,36,4,4,4,0,0,8,2,2,0.0625,8.0,0.0,True,False
512,4 4 32,128,16.0,2,1.25,7600,2.015625,0,464,36,4,4,4,0,0,8,2,2,0.0625,8.0,0.0,True,False
512,4 4 32,128,16.0,2,1.25,7800,2.015625,0,464,36,4,4,4,0,0,8,2,2,0.0625,8.0,0.0,True,False
512,4 4 32,128,16.0,2,1.25,8000,2.015625,0,464,36,4,4,4,0,0,8,2,2,0.0625,8.0,0.0,True,False
512,4 4 32,128,16.0,2,1.25,8200,2.015625,0,464,36,4,4,4,0,0,8,2,2,0.0625,8.0,0.0,True,False
512,4 4 32,128,16.0,2,1.25,8400,2.0078125,0,448,48,4,8,4,0,0,12,2,2,0.09375,12.0,0.0,True,False
512,4 4 32,128,16.0,2,1.25,8600,2.0078125,0,448,48,4,8,4,0,0,12,2,2,0.09375,12.0,0.0,True,False
512,4 4 32,128,16.0,2,1.25,8800,2.0078125,0,448,48,4,8,4,0,0,12,2,2,0.09375,12.0,0.0,True,False
512,4 4 32,128,16.0,2,1.25,9000,2.0078125,0,448,48,4,8,4,0,0,12,2,2,0.09375,12.0,0.0,True,False
512,4 4 32,128,16.0,2,1.25,9200,2.0078125,0,448,48,4,8,4,0,0,12,2,2,0.09375,12.0,0.0,True,False
512,4 4 32,128,16.0,2,1.25,9400,2.0078125,0,448,48,4,8,4,0,0,12,2,2,0.09375,12.0,0.0,True,False
512,4 4 32,128,16.0,2,1.25,9600,2.0,0,432,60,4,12,4,0,0,16,2,2,0.125,16.0,0.0,True,False
512,4 4 32,128,16.0,2,1.25,9800,2.0,0,432,60,4,12,4,0,0,16,2,2,0.125,16.0,0.0,True,False
512,4 4 32,128,16.0,2,1.25,10000,2.0,0,432,60,4,12,4,0,0,16,2,2,0.125,16.0,0.0,True,False
512,4 4 32,128,16.0,2,1.25,10200,2.0,0,432,60,4,12,4,0,0,16,2,2,0.125,16.0,0.0,True,False
512,4 4 32,128,16.0,2,1.25,10400,2.0,0,432,60,4,12,4,0,0,16,2,2,0.125,16.0,0.0,True,False
512,4 4 32,128,16.0,2,1.25,10600,2.0,0,432,60,4,12,4,0,0,16,2,2,0.125,16.0,0.0,True,False
512,4 4 32,128,16.0,2,1.25,10800,2.0,0,432,60,4,12,4,0,0,16,2,2,0.125,16.0,0.0,True,False
512,4 4 32,128,16.0,2,1.25,11000,2.0,0,432,60,4,12,4,0,0,16,2,2,0.125,16.0,0.0,True,False
512,4 4 32,128,16.0,2,1.25,11200,1.9921875,0,416,72,4,16,4,0,0,20,2,2,0.15625,20.0,0.0,True,False
512,4 4 32,128,16.0,2,1.25,11400,1.9921875,0,416,72,4,16,4,0,0,20,2,2,0.15625,20.0,0.0,True,False
512,4 4 32,128,16.0,2,1.25,11600,1.9921875,0,416,72,4,16,4,0,0,20,2,2,0.15625,20.0,0.0,True,False
512,4 4 32,128,16.0,2,1.25,11800,1.9921875,0,416,72,4,16,4,0,0,20,2,2,0.15625,20.0,0.0,True,False
512,4 4 32,128,16.0,2,1.25,12000,1.9921875,0,416,72,4,16,4,0,0,20,2,2,0.15625,20.0,0.0,True,False
512,4 4 32,128,16.0,2,1.25,12200,1.9921875,0,416,72,4,16,4,0,0,20,2,2,0.15625,20.0,0.0,True,False
512,4 4 32,128,16.0,2,1.25,12400,1.9921875,0,416,72,4,16,4,0,0,20,2,2,0.15625,20.0,0.0,True,False
512,4 4 32,128,16.0,2,1.25,12600,1.9921875,0,416,72,4,16,4,0,0,20,2,2,0.15625,20.0,0.0,True,False
512,4 4 32,128,16.0,2,1.25,12800,1.984375,0,400,84,4,20,4,0,0,24,2,2,0.1875,24.0,0.0,True,False
512,4 4 32,128,16.0,2,1.25,13000,1.984375,0,400,84,4,20,4,0,0,24,2,2,0.1875,24.0,0.0,True,False
512,4 4 32,128,16.0,2,1.25,13200,1.984375,0,400,84,4,20,4,0,0,24,2,2,0.1875,24.0,0.0,True,False
512,4 4 32,128,16.0,2,1.25,13400,1.984375,0,400,84,4,20,4,0,0,24,2,2,0.1875,24.0,0.0,True,False
512,4 4 32,128,16.0,2,1.25,13600,1.984375,0,400,84,4,20,4,0,0,24,2,2,0.1875,24.0,0.0,True,False
512,4 4 32,128,16.0,2,1.25,13800,1.984375,0,400,84,4,20,4,0,0,24,2,2,0.1875,24.0,0.0,True,False
512,4 4 32,128,16.0,2,1.25,14000,1.984375,0,400,84,4,20,4,0,0,24,2,2,0.1875,24.0,0.0,True,False
512,4 4 32,128,16.0,2,1.25,14200,1.9765625,0,384,96,4,24,4,0,0,28,2,2,0.21875,28.0,0.0,True,False
512,4 4 32,128,16.0,2,1.25,14400,1.96875,0,368,108,4,28,4,0,0,32,2,2,0.25,32.0,0.0,True,False
512,4 4 32,128,16.0,2,1.25,14600,1.96875,0,368,108,4,28,4,0,0,32,2,2,0.25,32.0,0.0,True,False
512,4 4 32,128,16.0,2,1.25,14800,1.96875,0,368,108,4,28,4,0,0,32,2,2,0.25,32.0,0.0,True,False
512,4 4 32,128,16.0,2,1.25,15000,1.96875,0,368,108,4,28,4,0,0,32,2,2,0.25,32.0,0.0,True,False
512,4 4 32,128,16.0,2,1.25,15200,1.96875,0,368,108,4,28,4,0,0,32,2,2,0.25,32.0,0.0,True,False
512,4 4 32,128,16.0,2,1.25,15400,1.96875,0,368,108,4,28,4,0,0,32,2,2,0.25,32.0,0.0,True,False
512,4 4 32,128,16.0,2,1.25,15600,1.96875,0,368,108,4,28,4,0,0,32,2,2,0.25,32.0,0.0,True,False
512,4 4 32,128,16.0,2,1.25,15800,1.96875,0,368,108,4,28,4,0,0,32,2,2,0.25,32.0,0.0,True,False
512,4 4 32,128,16.0,2,1.25,16000,1.96875,0,368,108,4,28,4,0,0,32,2,2,0.25,32.0,0.0,True,False
512,4 4 32,128,16.0,2,1.25,16200,1.96875,0,368,108,4,28,4,0,0,32,2,2,0.25,32.0,0.0,True,False
512,4 4 32,128,16.0,2,1.25,16400,1.9609375,0,352,120,4,32,4,0,0,36,2,2,0.28125,36.0,0.0,True,False
512,4 4 32,128,16.0,2,1.25,16600,1.9609375,0,352,120,4,32,4,0,0,36,2,2,0.28125,36.0,0.0,True,False
512,4 4 32,128,16.0,2,1.25,16800,1.953125,0,336,132,4,36,4,0,0,40,2,2,0.3125,40.0,0.0,True,False
512,4 4 32,128,16.0,2,1.25,17000,1.953125,0,336,132,4,36,4,0,0,40,2,2,0.3125,40.0,0.0,True,False
512,4 4 32,128,16.0,2,1.25,17200,1.953125,0,336,132,4,36,4,0,0,40,2,2,0.3125,40.0,0.0,True,False
512,4 4 32,128,16.0,2,1.25,17400,1.953125,0,336,132,4,36,4,0,0,40,2,2,0.3125,40.0,0.0,True,False
512,4 4 32,128,16.0,2,1.25,17600,1.9609375,0,352,120,4,32,4,0,0,36,2,2,0.28125,36.0,0.0,True,False
512,4 4 32,128,16.0,2,1.25,17800,1.9609375,0,352,120,4,32,4,0,0,36,2,2,0.28125,36.0,0.0,True,False
512,4 4 32,128,16.0,2,1.25,18000,1.9609375,0,352,120,4,32,4,0,0,36,2,2,0.28125,36.0,0.0,True,False
512,4 4 32,128,16.0,2,1.25,18200,1.9609375,0,352,120,4,32,4,0,0,36,2,2,0.28125,36.0,0.0,True,False
512,4 4 32,128,16.0,2,1.25,18400,1.9609375,0,352,120,4,32,4,0,0,36,2,2,0.28125,36.0,0.0,True,False
512,4 4 32,128,16.0,2,1.25,18600,1.9609375,0,352,120,4,32,4,0,0,36,2,2,0.28125,36.0,0.0,True,False
512,4 4 32,128,16.0,2,1.25,18800,1.9609375,0,352,120,4,32,4,0,0,36,2,2,0.28125,36.0,0.0,True,False
512,4 4 32,128,16.0,2,1.25,19000,1.9609375,0,352,120,4,32,4,0,0,36,2,2,0.28125,36.0,0.0,True,False
512,4 4 32,128,16.0,2,1.25,19200,1.9609375,0,352,120,4,32,4,0,0,36,2,2,0.28125,36.0,0.0,True,False
512,4 4 32,128,16.0,2,1.25,19400,1.9609375,0,352,120,4,32,4,0,0,36,2,2,0.28125,36.0,0.0,True,False
512,4 4 32,128,16.0,2,1.25,19600,1.9609375,0,352,120,4,32,4,0,0,36,2,2,0.28125,36.0,0.0,True,False
512,4 4 32,128,16.0,2,1.25,19800,1.9609375,0,352,120,4,32,4,0,0,36,2,2,0.28125,36.0,0.0,True,False
512,4 4 32,128,16.0,2,1.25,20000,1.9609375,0,352,120,4,32,4,0,0,36,2,2,0.28125,36.0,0.0,True,False
512,4 4 32,128,16.0,2,1.25,20200,1.9453125,0,320,144,4,40,4,0,0,44,2,2,0.34375,44.0,0.0,True,False
512,4 4 32,128,16.0,2,1.25,20400,1.9453125,0,320,144,4,40,4,0,0,44,2,2,0.34375,44.0,0.0,True,False
512,4 4 32,128,16.0,2,1.25,20600,1.9453125,0,320,144,4,40,4,0,0,44,2,2,0.34375,44.0,0.0,True,False
512,4 4 32,128,16.0,2,1.25,20800,1.9453125,0,320,144,4,40,4,0,0,44,2,2,0.34375,44.0,0.0,True,False
512,4 4 32,128,16.0,2,1.25,21000,1.9453125,0,320,144,4,40,4,0,0,44,2,2,0.34375,44.0,0.0,True,False
512,4 4 32,128,16.0,2,1.25,21200,1.9375,0,304,156,4,44,4,0,0,48,2,2,0.375,48.0,0.0,True,False
512,4 4 32,128,16.0,2,1.25,21400,1.9375,0,304,156,4,44,4,0,0,48,2,2,0.375,48.0,0.0,True,False
512,4 4 32,128,16.0,2,1.25,21600,1.9375,0,304,156,4,44,4,0,0,48,2,2,0.375,48.0,0.0,True,False
512,4 4 32,128,16.0,2,1.25,21800,1.9296875,0,288,168,4,48,4,0,0,52,2,2,0.40625,52.0,0.0,True,False
512,4 4 32,128,16.0,2,1.25,22000,1.9296875,0,288,168,4,48,4,0,0,52,2,2,0.40625,52.0,0.0,True,False
512,4 4 32,128,16.0,2,1.25,22200,1.9296875,0,288,168,4,48,4,0,0,52,2,2,0.40625,52.0,0.0,True,False
512,4 4 32,128,16.0,2,1.25,22400,1.9296875,0,288,168,4,48,4,0,0,52,2,2,0.40625,52.0,0.0,True,False
512,4 4 32,128,16.0,2,1.25,22600,1.9296875,0,288,168,4,48,4,0,0,52,2,2,0.40625,52.0,0.0,True,False
512,4 4 32,128,16.0,2,1.25,22800,1.9296875,0,288,168,4,48,4,0,0,52,2,2,0.40625,52.0,0.0,True,False
512,4 4 32,128,16.0,2,1.25,23000,1.9296875,0,288,168,4,48,4,0,0,52,2,2,0.40625,52.0,0.0,True,False
512,4 4 32,128,16.0,2,1.25,23200,1.9296875,0,288,168,4,48,4,0,0,52,2,2,0.40625,52.0,0.0,True,False
512,4 4 32,128,16.0,2,1.25,23400,1.9296875,0,288,168,4,48,4,0,0,52,2,2,0.40625,52.0,0.0,True,False
512,4 4 32,128,16.0,2,1.25,23600,1.9296875,0,288,168,4,48,4,0,0,52,2,2,0.40625,52.0,0.0,True,False
512,4 4 32,128,16.0,2,1.25,23800,1.9296875,0,288,168,4,48,4,0,0,52,2,2,0.40625,52.0,0.0,True,False
512,4 4 32,128,16.0,2,1.25,24000,1.9296875,0,288,168,4,48,4,0,0,52,2,2,0.40625,52.0,0.0,True,False
512,4 4 32,128,16.0,2,1.25,24200,1.9296875,0,288,168,4,48,4,0,0,52,2,2,0.40625,52.0,0.0,True,False
512,4 4 32,128,16.0,2,1.25,24400,1.9296875,0,288,168,4,48,4,0,0,52,2,2,0.40625,52.0,0.0,True,False
512,4 4 32,128,16.0,2,1.25,24600,1.9296875,0,288,168,4,48,4,0,0,52,2,2,0.40625,52.0,0.0,True,False
512,4 4 32,128,16.0,2,1.25,24800,1.921875,0,272,180,4,52,4,0,0,56,2,2,0.4375,56.0,0.0,True,False
512,4 4 32,128,16.0,2,1.25,25000,1.919921875,0,262,184,6,60,0,0,0,60,3,2,0.4453125,57.0,0.0,True,False
512,4 4 32,128,16.0,2,1.25,25200,1.919921875,0,262,184,6,60,0,0,0,60,3,2,0.4453125,57.0,0.0,True,False
512,4 4 32,128,16.0,2,1.25,25400,1.921875,0,272,180,4,52,4,0,0,56,2,2,0.4375,56.0,0.0,True,False
512,4 4 32,128,16.0,2,1.25,25600,1.921875,0,272,180,4,52,4,0,0,56,2,2,0.4375,56.0,0.0,True,False
512,4 4 32,128,16.0,2,1.25,25800,1.921875,0,272,180,4,52,4,0,0,56,2,2,0.4375,56.0,0.0,True,False
512,4 4 32,128,16.0,2,1.25,26000,1.919921875,0,262,184,6,60,0,0,0,60,3,2,0.4453125,57.0,0.0,True,False
512,4 4 32,128,16.0,2,1.25,26200,1.91796875,0,252,188,12,60,0,0,0,60,6,2,0.453125,58.0,0.0,True,False
512,4 4 32,128,16.0,2,1.25,26400,1.91796875,0,252,188,12,60,0,0,0,60,6,2,0.453125,58.0,0.0,True,False
512,4 4 32,128,16.0,2,1.25,26600,1.91796875,0,252,188,12,60,0,0,0,60,6,2,0.453125,58.0,0.0,True,False
512,4 4 32,128,16.0,2,1.25,26800,1.91796875,0,252,188,12,60,0,0,0,60,6,2,0.453125,58.0,0.0,True,False
512,4 4 32,128,16.0,2,1.25,27000,1.91796875,0,252,188,12,60,0,0,0,60,6,2,0.453125,58.0,0.0,True,False
512,4 4 32,128,16.0,2,1.25,27200,1.91796875,0,252,188,12,60,0,0,0,60,6,2,0.453125,58.0,0.0,True,False
512,4 4 32,128,16.0,2,1.25,27400,1.91796875,0,252,188,12,60,0,0,0,60,6,2,0.453125,58.0,0.0,True,False
512,4 4 32,128,16.0,2,1.25,27600,1.91796875,0,252,188,12,60,0,0,0,60,6,2,0.453125,58.0,0.0,True,False
512,4 4 32,128,16.0,2,1.25,27800,1.91796875,0,252,188,12,60,0,0,0,60,6,2,0.453125,58.0,0.0,True,False
512,4 4 32,128,16.0,2,1.25,28000,1.91796875,0,252,188,12,60,0,0,0,60,6,2,0.453125,58.0,0.0,True,False
512,4 4 32,128,16.0,2,1.25,28200,1.91796875,0,252,188,12,60,0,0,0,60,6,2,0.453125,58.0,0.0,True,False
512,4 4 32,128,16.0,2,1.25,28400,1.91796875,0,252,188,12,60,0,0,0,60,6,2,0.453125,58.0,0.0,True,False
512,4 4 32,128,16.0,2,1.25,28600,1.91796875,0,252,188,12,60,0,0,0,60,6,2,0.453125,58.0,0.0,True,False
512,4 4 32,128,16.0,2,1.25,28800,1.919921875,0,262,184,6,60,0,0,0,60,3,2,0.4453125,57.0,0.0,True,False
512,4 4 32,128,16.0,2,1.25,29000,1.919921875,0,262,184,6,60,0,0,0,60,3,2,0.4453125,57.0,0.0,True,False
512,4 4 32,128,16.0,2,1.25,29200,1.923828125,0,258,186,8,58,2,0,0,60,4,2,0.4296875,55.0,0.0,True,False
512,4 4 32,128,16.0,2,1.25,29400,1.923828125,0,258,186,8,58,2,0,0,60,4,2,0.4296875,55.0,0.0,True,False
512,4 4 32,128,16.0,2,1.25,29600,1.919921875,0,262,184,6,60,0,0,0,60,3,2,0.4453125,57.0,0.0,True,False
512,4 4 32,128,16.0,2,1.25,29800,1.919921875,0,262,184,6,60,0,0,0,60,3,2,0.4453125,57.0,0.0,True,False
512,4 4 32,128,16.0,2,1.25,30000,1.919921875,0,262,184,6,60,0,0,0,60,3,2,0.4453125,57.0,0.0,True,False
512,4 4 32,128,16.0,2,1.25,30200,1.919921875,0,262,184,6,60,0,0,0,60,3,2,0.4453125,57.0,0.0,True,False
512,4 4 32,128,16.0,2,1.25,30400,1.919921875,0,262,184,6,60,0,0,0,60,3,2,0.4453125,57.0,0.0,True,False
512,4 4 32,128,16.0,2,1.25,30600,1.91796875,0,252,188,12,60,0,0,0,60,6,2,0.453125,58.0,0.0,True,False
512,4 4 32,128,16.0,2,1.25,30800,1.91796875,0,252,188,12,60,0,0,0,60,6,2,0.453125,58.0,0.0,True,False
512,4 4 32,128,16.0,2,1.25,31000,1.91796875,0,252,188,12,60,0,0,0,60,6,2,0.453125,58.0,0.0,True,False
512,4 4 32,128,16.0,2,1.25,31200,1.91796875,0,252,188,12,60,0,0,0,60,6,2,0.453125,58.0,0.0,True,False
512,4 4 32,128,16.0,2,1.25,31400,1.91796875,0,252,188,12,60,0,0,0,60,6,2,0.453125,58.0,0.0,True,False
512,4 4 32,128,16.0,2,1.25,31600,1.91796875,0,252,188,12,60,0,0,0,60,6,2,0.453125,58.0,0.0,True,False
512,4 4 32,128,16.0,2,1.25,31800,1.91796875,0,252,188,12,60,0,0,0,60,6,2,0.453125,58.0,0.0,True,False
512,4 4 32,128,16.0,2,1.25,32000,1.91796875,0,252,188,12,60,0,0,0,60,6,2,0.453125,58.0,0.0,True,False
512,4 4 32,128,16.0,2,1.25,32200,1.91796875,0,252,188,12,60,0,0,0,60,6,2,0.453125,58.0,0.0,True,False
512,4 4 32,128,16.0,2,1.25,32400,1.91796875,0,252,188,12,60,0,0,0,60,6,2,0.453125,58.0,0.0,True,False
512,4 4 32,128,16.0,2,1.25,32600,1.91796875,0,252,188,12,60,0,0,0,60,6,2,0.453125,58.0,0.0,True,False
512,4 4 32,128,16.0,2,1.25,32800,1.91796875,0,252,188,12,60,0,0,0,60,6,2,0.453125,58.0,0.0,True,False
512,4 4 32,128,16.0,2,1.25,33000,1.91796875,0,252,188,12,60,0,0,0,60,6,2,0.453125,58.0,0.0,True,False
512,4 4 32,128,16.0,2,1.25,33200,1.91796875,0,252,188,12,60,0,0,0,60,6,2,0.453125,58.0,0.0,True,False
512,4 4 32,128,16.0,2,1.25,33400,1.91796875,0,252,188,12,60,0,0,0,60,6,2,0.453125,58.0,0.0,True,False
512,4 4 32,128,16.0,2,1.25,33600,1.91796875,0,252,188,12,60,0,0,0,60,6,2,0.453125,58.0,0.0,True,False
512,4 4 32,128,16.0,2,1.25,33800,1.91796875,0,252,188,12,60,0,0,0,60,6,2,0.453125,58.0,0.0,True,False
512,4 4 32,128,16.0,2,1.25,34000,1.91796875,0,252,188,12,60,0,0,0,60,6,2,0.453125,58.0,0.0,True,False
512,4 4 32,128,16.0,2,1.25,34200,1.91796875,0,252,188,12,60,0,0,0,60,6,2,0.453125,58.0,0.0,True,False
512,4 4 32,128,16.0,2,1.25,34400,1.91796875,0,252,188,12,60,0,0,0,60,6,2,0.453125,58.0,0.0,True,False
512,4 4 32,128,16.0,2,1.25,34600,1.91796875,0,252,188,12,60,0,0,0,60,6,2,0.453125,58.0,0.0,True,False
512,4 4 32,128,16.0,2,1.25,34800,1.919921875,0,262,184,6,60,0,0,0,60,3,2,0.4453125,57.0,0.0,True,False
512,4 4 32,128,16.0,2,1.25,35000,1.919921875,0,262,184,6,60,0,0,0,60,3,2,0.4453125,57.0,0.0,True,False
512,4 4 32,128,16.0,2,1.25,35200,1.919921875,0,262,184,6,60,0,0,0,60,3,2,0.4453125,57.0,0.0,True,False
512,4 4 32,128,16.0,2,1.25,35400,1.919921875,0,262,184,6,60,0,0,0,60,3,2,0.4453125,57.0,0.0,True,False
512,4 4 32,128,16.0,2,1.25,35600,1.919921875,0,262,184,6,60,0,0,0,60,3,2,0.4453125,57.0,0.0,True,False
512,4 4 32,128,16.0,2,1.25,35800,1.919921875,0,262,184,6,60,0,0,0,60,3,2,0.4453125,57.0,0.0,True,False
512,4 4 32,128,16.0,2,1.25,36000,1.91796875,0,252,188,12,60,0,0,0,60,6,2,0.453125,58.0,0.0,True,False
512,4 4 32,128,16.0,2,1.25,36200,1.91796875,0,252,188,12,60,0,0,0,60,6,2,0.453125,58.0,0.0,True,False
512,4 4 32,128,16.0,2,1.25,36400,1.91796875,0,252,188,12,60,0,0,0,60,6,2,0.453125,58.0,0.0,True,False
512,4 4 32,128,16.0,2,1.25,36600,1.91796875,0,252,188,12,60,0,0,0,60,6,2,0.453125,58.0,0.0,True,False
512,4 4 32,128,16.0,2,1.25,36800,1.91796875,0,252,188,12,60,0,0,0,60,6,2,0.453125,58.0,0.0,True,False
512,4 4 32,128,16.0,2,1.25,37000,1.91796875,0,252,188,12,60,0,0,0,60,6,2,0.453125,58.0,0.0,True,False
512,4 4 32,128,16.0,2,1.25,37200,1.91796875,0,252,188,12,60,0,0,0,60,6,2,0.453125,58.0,0.0,True,False
512,4 4 32,128,16.0,2,1.25,37400,1.91796875,0,252,188,12,60,0,0,0,60,6,2,0.453125,58.0,0.0,True,False
512,4 4 32,128,16.0,2,1.25,37600,1.91796875,0,252,188,12,60,0,0,0,60,6,2,0.453125,58.0,0.0,True,False
512,4 4 32,128,16.0,2,1.25,37800,1.91796875,0,252,188,12,60,0,0,0,60,6,2,0.453125,58.0,0.0,True,False
512,4 4 32,128,16.0,2,1.25,38000,1.91796875,0,252,188,12,60,0,0,0,60,6,2,0.453125,58.0,0.0,True,False
512,4 4 32,128,16.0,2,1.25,38200,1.91796875,0,252,188,12,60,0,0,0,60,6,2,0.453125,58.0,0.0,True,False
512,4 4 32,128,16.0,2,1.25,38400,1.91796875,0,252,188,12,60,0,0,0,60,6,2,0.453125,58.0,0.0,True,False
512,4 4 32,128,16.0,2,1.25,38600,1.91796875,0,252,188,12,60,0,0,0,60,6,2,0.453125,58.0,0.0,True,False
512,4 4 32,128,16.0,2,1.25,38800,1.91796875,0,252,188,12,60,0,0,0,60,6,2,0.453125,58.0,0.0,True,False
512,4 4 32,128,16.0,2,1.25,39000,1.91796875,0,252,188,12,60,0,0,0,60,6,2,0.453125,58.0,0.0,True,False
512,4 4 32,128,16.0,2,1.25,39200,1.91796875,0,252,188,12,60,0,0,0,60,6,2,0.453125,58.0,0.0,True,False
512,4 4 32,128,16.0,2,1.25,39400,1.91796875,0,252,188,12,60,0,0,0,60,6,2,0.453125,58.0,0.0,True,False
512,4 4 32,128,16.0,2,1.25,39600,1.91796875,0,252,188,12,60,0,0,0,60,6,2,0.453125,58.0,0.0,True,False
512,4 4 32,128,16.0,2,1.25,39800,1.91796875,0,252,188,12,60,0,0,0,60,6,2,0.453125,58.0,0.0,True,False
512,4 4 32,128,16.0,2,1.25,40000,1.91796875,0,252,188,12,60,0,0,0,60,6,2,0.453125,58.0,0.0,True,False
512,4 4 32,128,16.0,2,1.25,40200,1.91796875,0,252,188,12,60,0,0,0,60,6,2,0.453125,58.0,0.0,True,False
512,4 4 32,128,16.0,2,1.25,40400,1.91796875,0,252,188,12,60,0,0,0,60,6,2,0.453125,58.0,0.0,True,False
512,4 4 32,128,16.0,2,1.25,40600,1.91796875,0,252,188,12,60,0,0,0,60,6,2,0.453125,58.0,0.0,True,False
512,4 4 32,128,16.0,2,1.25,40800,1.91796875,0,252,188,12,60,0,0,0,60,6,2,0.453125,58.0,0.0,True,False
512,4 4 32,128,16.0,2,1.25,41000,1.91796875,0,252,188,12,60,0,0,0,60,6,2,0.453125,58.0,0.0,True,False
512,4 4 32,128,16.0,2,1.25,41200,1.91796875,0,252,188,12,60,0,0,0,60,6,2,0.453125,58.0,0.0,True,False
512,4 4 32,128,16.0,2,1.25,41400,1.91796875,0,252,188,12,60,0,0,0,60,6,2,0.453125,58.0,0.0,True,False
512,4 4 32,128,16.0,2,1.25,41600,1.91796875,0,252,188,12,60,0,0,0,60,6,2,0.453125,58.0,0.0,True,False
512,4 4 32,128,16.0,2,1.25,41800,1.91796875,0,252,188,12,60,0,0,0,60,6,2,0.453125,58.0,0.0,True,False
512,4 4 32,128,16.0,2,1.25,42000,1.91796875,0,252,188,12,60,0,0,0,60,6,2,0.453125,58.0,0.0,True,False
512,4 4 32,128,16.0,2,1.25,42200,1.91796875,0,252,188,12,60,0,0,0,60,6,2,0.453125,58.0,0.0,True,False
512,4 4 32,128,16.0,2,1.25,42400,1.91796875,0,252,188,12,60,0,0,0,60,6,2,0.453125,58.0,0.0,True,False
512,4 4 32,128,16.0,2,1.25,42600,1.91796875,0,252,188,12,60,0,0,0,60,6,2,0.453125,58.0,0.0,True,False
512,4 4 32,128,16.0,2,1.25,42800,1.91796875,0,252,188,12,60,0,0,0,60,6,2,0.453125,58.0,0.0,True,False
512,4 4 32,128,16.0,2,1.25,43000,1.91796875,0,252,188,12,60,0,0,0,60,6,2,0.453125,58.0,0.0,True,False
512,4 4 32,128,16.0,2,1.25,43200,1.91796875,0,252,188,12,60,0,0,0,60,6,2,0.453125,58.0,0.0,True,False
512,4 4 32,128,16.0,2,1.25,43400,1.91796875,0,252,188,12,60,0,0,0,60,6,2,0.453125,58.0,0.0,True,False
512,4 4 32,128,16.0,2,1.25,43600,1.91796875,0,252,188,12,60,0,0,0,60,6,2,0.453125,58.0,0.0,True,False
512,4 4 32,128,16.0,2,1.25,43800,1.91796875,0,252,188,12,60,0,0,0,60,6,2,0.453125,58.0,0.0,True,False
512,4 4 32,128,16.0,2,1.25,44000,1.91796875,0,252,188,12,60,0,0,0,60,6,2,0.453125,58.0,0.0,True,False
512,4 4 32,128,16.0,2,1.25,44200,1.91796875,0,252,188,12,60,0,0,0,60,6,2,0.453125,58.0,0.0,True,False
512,4 4 32,128,16.0,2,1.25,44400,1.91796875,0,252,188,12,60,0,0,0,60,6,2,0.453125,58.0,0.0,True,False
512,4 4 32,128,16.0,2,1.25,44600,1.91796875,0,252,188,12,60,0,0,0,60,6,2,0.453125,58.0,0.0,True,False
512,4 4 32,128,16.0,2,1.25,44800,1.91796875,0,252,188,12,60,0,0,0,60,6,2,0.453125,58.0,0.0,True,False
512,4 4 32,128,16.0,2,1.25,45000,1.91796875,0,252,188,12,60,0,0,0,60,6,2,0.453125,58.0,0.0,True,False
512,4 4 32,128,16.0,2,1.25,45200,1.91796875,0,252,188,12,60,0,0,0,60,6,2,0.453125,58.0,0.0,True,False
512,4 4 32,128,16.0,2,1.25,45400,1.91796875,0,252,188,12,60,0,0,0,60,6,2,0.453125,58.0,0.0,True,False
512,4 4 32,128,16.0,2,1.25,45600,1.91796875,0,252,188,12,60,0,0,0,60,6,2,0.453125,58.0,0.0,True,False
512,4 4 32,128,16.0,2,1.25,45800,1.91796875,0,252,188,12,60,0,0,0,60,6,2,0.453125,58.0,0.0,True,False
512,4 4 32,128,16.0,2,1.25,46000,1.91796875,0,252,188,12,60,0,0,0,60,6,2,0.453125,58.0,0.0,True,False
512,4 4 32,128,16.0,2,1.25,46200,1.91796875,0,252,188,12,60,0,0,0,60,6,2,0.453125,58.0,0.0,True,False
512,4 4 32,128,16.0,2,1.25,46400,1.91796875,0,252,188,12,60,0,0,0,60,6,2,0.453125,58.0,0.0,True,False
512,4 4 32,128,16.0,2,1.25,46600,1.91796875,0,252,188,12,60,0,0,0,60,6,2,0.453125,58.0,0.0,True,False
512,4 4 32,128,16.0,2,1.25,46800,1.91796875,0,252,188,12,60,0,0,0,60,6,2,0.453125,58.0,0.0,True,False
512,4 4 32,128,16.0,2,1.25,47000,1.91796875,0,252,188,12,60,0,0,0,60,6,2,0.453125,58.0,0.0,True,False
512,4 4 32,128,16.0,2,1.25,47200,1.91796875,0,252,188,12,60,0,0,0,60,6,2,0.453125,58.0,0.0,True,False
512,4 4 32,128,16.0,2,1.25,47400,1.91796875,0,252,188,12,60,0,0,0,60,6,2,0.453125,58.0,0.0,True,False
512,4 4 32,128,16.0,2,1.25,47600,1.91796875,0,252,188,12,60,0,0,0,60,6,2,0.453125,58.0,0.0,True,False
512,4 4 32,128,16.0,2,1.25,47800,1.91796875,0,252,188,12,60,0,0,0,60,6,2,0.453125,58.0,0.0,True,False
512,4 4 32,128,16.0,2,1.25,48000,1.91796875,0,252,188,12,60,0,0,0,60,6,2,0.453125,58.0,0.0,True,False
512,4 4 32,128,16.0,2,1.25,48200,1.91796875,0,252,188,12,60,0,0,0,60,6,2,0.453125,58.0,0.0,True,False
512,4 4 32,128,16.0,2,1.25,48400,1.91796875,0,252,188,12,60,0,0,0,60,6,2,0.453125,58.0,0.0,True,False
512,4 4 32,128,16.0,2,1.25,48600,1.91796875,0,252,188,12,60,0,0,0,60,6,2,0.453125,58.0,0.0,True,False
512,4 4 32,128,16.0,2,1.25,48800,1.91796875,0,252,188,12,60,0,0,0,60,6,2,0.453125,58.0,0.0,True,False
512,4 4 32,128,16.0,2,1.25,49000,1.91796875,0,252,188,12,60,0,0,0,60,6,2,0.453125,58.0,0.0,True,False
512,4 4 32,128,16.0,2,1.25,49200,1.91796875,0,252,188,12,60,0,0,0,60,6,2,0.453125,58.0,0.0,True,False
512,4 4 32,128,16.0,2,1.25,49400,1.91796875,0,252,188,12,60,0,0,0,60,6,2,0.453125,58.0,0.0,True,False
512,4 4 32,128,16.0,2,1.25,49600,1.91796875,0,252,188,12,60,0,0,0,60,6,2,0.453125,58.0,0.0,True,False
512,4 4 32,128,16.0,2,1.25,49800,1.91796875,0,252,188,12,60,0,0,0,60,6,2,0.453125,58.0,0.0,True,False
512,4 4 32,128,16.0,2,1.25,50000,1.91796875,0,252,188,12,60,0,0,0,60,6,2,0.453125,58.0,0.0,True,False
512,4 4 32,128,16.0,2,1.25,50200,1.91796875,0,252,188,12,60,0,0,0,60,6,2,0.453125,58.0,0.0,True,False
512,4 4 32,128,16.0,2,1.25,50400,1.91796875,0,252,188,12,60,0,0,0,60,6,2,0.453125,58.0,0.0,True,False
512,4 4 32,128,16.0,2,1.25,50600,1.91796875,0,252,188,12,60,0,0,0,60,6,2,0.453125,58.0,0.0,True,False
512,4 4 32,128,16.0,2,1.25,50800,1.91796875,0,252,188,12,60,0,0,0,60,6,2,0.453125,58.0,0.0,True,False
512,4 4 32,128,16.0,2,1.25,51000,1.91796875,0,252,188,12,60,0,0,0,60,6,2,0.453125,58.0,0.0,True,False
512,4 4 32,128,16.0,2,1.25,51200,1.91796875,0,252,188,12,60,0,0,0,60,6,2,0.453125,58.0,0.0,True,False
512,4 4 32,128,16.0,2,1.25,51400,1.91796875,0,252,188,12,60,0,0,0,60,6,2,0.453125,58.0,0.0,True,False
512,4 4 32,128,16.0,2,1.25,51600,1.91796875,0,252,188,12,60,0,0,0,60,6,2,0.453125,58.0,0.0,True,False
512,4 4 32,128,16.0,2,1.25,51800,1.91796875,0,252,188,12,60,0,0,0,60,6,2,0.453125,58.0,0.0,True,False
512,4 4 32,128,16.0,2,1.25,52000,1.91796875,0,252,188,12,60,0,0,0,60,6,2,0.453125,58.0,0.0,True,False
512,4 4 32,128,16.0,2,1.25,52200,1.91796875,0,252,188,12,60,0,0,0,60,6,2,0.453125,58.0,0.0,True,False
512,4 4 32,128,16.0,2,1.25,52400,1.91796875,0,252,188,12,60,0,0,0,60,6,2,0.453125,58.0,0.0,True,False
512,4 4 32,128,16.0,2,1.25,52600,1.91796875,0,252,188,12,60,0,0,0,60,6,2,0.453125,58.0,0.0,True,False
512,4 4 32,128,16.0,2,1.25,52800,1.91796875,0,252,188,12,60,0,0,0,60,6,2,0.453125,58.0,0.0,True,False
512,4 4 32,128,16.0,2,1.25,53000,1.91796875,0,252,188,12,60,0,0,0,60,6,2,0.453125,58.0,0.0,True,False
512,4 4 32,128,16.0,2,1.25,53200,1.91796875,0,252,188,12,60,0,0,0,60,6,2,0.453125,58.0,0.0,True,False
512,4 4 32,128,16.0,2,1.25,53400,1.91796875,0,252,188,12,60,0,0,0,60,6,2,0.453125,58.0,0.0,True,False
512,4 4 32,128,16.0,2,1.25,53600,1.91796875,0,252,188,12,60,0,0,0,60,6,2,0.453125,58.0,0.0,True,False
512,4 4 32,128,16.0,2,1.25,53800,1.91796875,0,252,188,12,60,0,0,0,60,6,2,0.453125,58.0,0.0,True,False
512,4 4 32,128,16.0,2,1.25,54000,1.91796875,0,252,188,12,60,0,0,0,60,6,2,0.453125,58.0,0.0,True,False
512,4 4 32,128,16.0,2,1.25,54200,1.91796875,0,252,188,12,60,0,0,0,60,6,2,0.453125,58.0,0.0,True,False
512,4 4 32,128,16.0,2,1.25,54400,1.91796875,0,252,188,12,60,0,0,0,60,6,2,0.453125,58.0,0.0,True,False
512,4 4 32,128,16.0,2,1.25,54600,1.91796875,0,252,188,12,60,0,0,0,60,6,2,0.453125,58.0,0.0,True,False
512,4 4 32,128,16.0,2,1.25,54800,1.91796875,0,252,188,12,60,0,0,0,60,6,2,0.453125,58.0,0.0,True,False
512,4 4 32,128,16.0,2,1.25,55000,1.91796875,0,252,188,12,60,0,0,0,60,6,2,0.453125,58.0,0.0,True,False
512,4 4 32,128,16.0,2,1.25,55200,1.91796875,0,252,188,12,60,0,0,0,60,6,2,0.453125,58.0,0.0,True,False
512,4 4 32,128,16.0,2,1.25,55400,1.91796875,0,252,188,12,60,0,0,0,60,6,2,0.453125,58.0,0.0,True,False
512,4 4 32,128,16.0,2,1.25,55600,1.91796875,0,252,188,12,60,0,0,0,60,6,2,0.453125,58.0,0.0,True,False
512,4 4 32,128,16.0,2,1.25,55800,1.91796875,0,252,188,12,60,0,0,0,60,6,2,0.453125,58.0,0.0,True,False
512,4 4 32,128,16.0,2,1.25,56000,1.91796875,0,252,188,12,60,0,0,0,60,6,2,0.453125,58.0,0.0,True,False
512,4 4 32,128,16.0,2,1.25,56200,1.91796875,0,252,188,12,60,0,0,0,60,6,2,0.453125,58.0,0.0,True,False
512,4 4 32,128,16.0,2,1.25,56400,1.91796875,0,252,188,12,60,0,0,0,60,6,2,0.453125,58.0,0.0,True,False
512,4 4 32,128,16.0,2,1.25,56600,1.91796875,0,252,188,12,60,0,0,0,60,6,2,0.453125,58.0,0.0,True,False
512,4 4 32,128,16.0,2,1.25,56800,1.91796875,0,252,188,12,60,0,0,0,60,6,2,0.453125,58.0,0.0,True,False
512,4 4 32,128,16.0,2,1.25,57000,1.923828125,0,244,198,10,56,2,2,0,60,6,2,0.4296875,55.0,0.0,True,False
512,4 4 32,128,16.0,2,1.25,57200,1.90234375,0,244,200,8,56,4,0,0,60,4,2,0.515625,66.0,0.0,True,False
512,4 4 32,128,16.0,2,1.25,57400,1.90234375,0,248,192,12,56,4,0,0,60,8,2,0.515625,66.0,0.0,True,False
512,4 4 32,128,16.0,2,1.25,57600,1.90234375,0,248,192,12,56,4,0,0,60,8,2,0.515625,66.0,0.0,True,False
512,4 4 32,128,16.0,2,1.25,57800,1.90234375,0,248,192,12,56,4,0,0,60,8,2,0.515625,66.0,0.0,True,False
512,4 4 32,128,16.0,2,1.25,58000,1.90234375,0,248,192,12,56,4,0,0,60,8,2,0.515625,66.0,0.0,True,False
512,4 4 32,128,16.0,2,1.25,58200,1.90234375,0,248,192,12,56,4,0,0,60,8,2,0.515625,66.0,0.0,True,False
512,4 4 32,128,16.0,2,1.25,58400,1.90234375,0,248,192,12,56,4,0,0,60,8,2,0.515625,66.0,0.0,True,False
512,4 4 32,128,16.0,2,1.25,58600,1.90234375,0,248,192,12,56,4,0,0,60,8,2,0.515625,66.0,0.0,True,False
512,4 4 32,128,16.0,2,1.25,58800,1.90234375,0,248,192,12,56,4,0,0,60,8,2,0.515625,66.0,0.0,True,False
512,4 4 32,128,16.0,2,1.25,59000,1.90234375,0,248,192,12,56,4,0,0,60,8,2,0.515625,66.0,0.0,True,False
512,4 4 32,128,16.0,2,1.25,59200,1.90234375,0,248,192,12,56,4,0,0,60,8,2,0.515625,66.0,0.0,True,False
512,4 4 32,128,16.0,2,1.25,59400,1.90234375,0,248,192,12,56,4,0,0,60,8,2,0.515625,66.0,0.0,True,False
512,4 4 32,128,16.0,2,1.25,59600,1.921875,0,238,196,14,60,4,0,0,64,10,2,0.4375,56.0,0.0,True,False
512,4 4 32,128,16.0,2,1.25,59800,1.90234375,0,248,192,12,56,4,0,0,60,8,2,0.515625,66.0,0.0,True,False
512,4 4 32,128,16.0,2,1.25,60000,1.90234375,0,248,192,12,56,4,0,0,60,8,2,0.515625,66.0,0.0,True,False
512,4 4 32,128,16.0,2,1.25,60200,1.90234375,0,248,192,12,56,4,0,0,60,8,2,0.515625,66.0,0.0,True,False
512,4 4 32,128,16.0,2,1.25,60400,1.90234375,0,248,192,12,56,4,0,0,60,8,2,0.515625,66.0,0.0,True,False
512,4 4 32,128,16.0,2,1.25,60600,1.90234375,0,248,192,12,56,4,0,0,60,8,2,0.515625,66.0,0.0,True,False
512,4 4 32,128,16.0,2,1.25,60800,1.88671875,0,254,188,10,60,0,0,0,60,6,2,0.578125,74.0,0.0,True,False
512,4 4 32,128,16.0,2,1.25,61000,1.8671875,0,264,184,8,56,0,0,0,56,4,2,0.65625,84.0,0.0,True,False
512,4 4 32,128,16.0,2,1.25,61200,1.8671875,0,264,184,8,56,0,0,0,56,4,2,0.65625,84.0,0.0,True,False
512,4 4 32,128,16.0,2,1.25,61400,1.8671875,0,264,184,8,56,0,0,0,56,4,2,0.65625,84.0,0.0,True,False
512,4 4 32,128,16.0,2,1.25,61600,1.8671875,0,264,184,8,56,0,0,0,56,4,2,0.65625,84.0,0.0,True,False
512,4 4 32,128,16.0,2,1.25,61800,1.8671875,0,264,184,8,56,0,0,0,56,4,2,0.65625,84.0,0.0,True,False
512,4 4 32,128,16.0,2,1.25,62000,1.8671875,0,264,184,8,56,0,0,0,56,4,2,0.65625,84.0,0.0,True,False
512,4 4 32,128,16.0,2,1.25,62200,1.8671875,0,264,184,8,56,0,0,0,56,4,2,0.65625,84.0,0.0,True,False
512,4 4 32,128,16.0,2,1.25,62400,1.8671875,0,264,184,8,56,0,0,0,56,4,2,0.65625,84.0,0.0,True,False
512,4 4 32,128,16.0,2,1.25,62600,1.8671875,0,264,184,8,56,0,0,0,56,4,2,0.65625,84.0,0.0,True,False
512,4 4 32,128,16.0,2,1.25,62800,1.8671875,0,264,184,8,56,0,0,0,56,4,2,0.65625,84.0,0.0,True,False
512,4 4 32,128,16.0,2,1.25,63000,1.8671875,0,264,184,8,56,0,0,0,56,4,2,0.65625,84.0,0.0,True,False
512,4 4 32,128,16.0,2,1.25,63200,1.8671875,0,264,184,8,56,0,0,0,56,4,2,0.65625,84.0,0.0,True,False
512,4 4 32,128,16.0,2,1.25,63400,1.8671875,0,264,184,8,56,0,0,0,56,4,2,0.65625,84.0,0.0,True,False
512,4 4 32,128,16.0,2,1.25,63600,1.8671875,0,264,184,8,56,0,0,0,56,4,2,0.65625,84.0,0.0,True,False
512,4 4 32,128,16.0,2,1.25,63800,1.8671875,0,264,184,8,56,0,0,0,56,4,2,0.65625,84.0,0.0,True,False
512,4 4 32,128,16.0,2,1.25,64000,1.8671875,0,264,184,8,56,0,0,0,56,4,2,0.65625,84.0,0.0,True,False
512,4 4 32,128,16.0,2,1.25,64200,1.8671875,0,264,184,8,56,0,0,0,56,4,2,0.65625,84.0,0.0,True,False
512,4 4 32,128,16.0,2,1.25,64400,1.8671875,0,264,184,8,56,0,0,0,56,4,2,0.65625,84.0,0.0,True,False
512,4 4 32,128,16.0,2,1.25,64600,1.8671875,0,264,184,8,56,0,0,0,56,4,2,0.65625,84.0,0.0,True,False
512,4 4 32,128,16.0,2,1.25,64800,1.8671875,0,264,184,8,56,0,0,0,56,4,2,0.65625,84.0,0.0,True,False
512,4 4 32,128,16.0,2,1.25,65000,1.8671875,0,264,184,8,56,0,0,0,56,4,2,0.65625,84.0,0.0,True,False
512,4 4 32,128,16.0,2,1.25,65200,1.8671875,0,264,184,8,56,0,0,0,56,4,2,0.65625,84.0,0.0,True,False
512,4 4 32,128,16.0,2,1.25,65400,1.88671875,0,254,188,10,60,0,0,0,60,6,2,0.578125,74.0,0.0,True,False
512,4 4 32,128,16.0,2,1.25,65600,1.88671875,0,254,188,10,60,0,0,0,60,6,2,0.578125,74.0,0.0,True,False
512,4 4 32,128,16.0,2,1.25,65800,1.88671875,0,254,188,10,60,0,0,0,60,6,2,0.578125,74.0,0.0,True,False
512,4 4 32,128,16.0,2,1.25,66000,1.88671875,0,254,188,10,60,0,0,0,60,6,2,0.578125,74.0,0.0,True,False
512,4 4 32,128,16.0,2,1.25,66200,1.88671875,0,254,188,10,60,0,0,0,60,6,2,0.578125,74.0,0.0,True,False
512,4 4 32,128,16.0,2,1.25,66400,1.88671875,0,254,188,10,60,0,0,0,60,6,2,0.578125,74.0,0.0,True,False
512,4 4 32,128,16.0,2,1.25,66600,1.88671875,0,254,188,10,60,0,0,0,60,6,2,0.578125,74.0,0.0,True,False
512,4 4 32,128,16.0,2,1.25,66800,1.88671875,0,254,188,10,60,0,0,0,60,6,2,0.578125,74.0,0.0,True,False
512,4 4 32,128,16.0,2,1.25,67000,1.88671875,0,254,188,10,60,0,0,0,60,6,2,0.578125,74.0,0.0,True,False
512,4 4 32,128,16.0,2,1.25,67200,1.8671875,0,264,184,8,56,0,0,0,56,4,2,0.65625,84.0,0.0,True,False
512,4 4 32,128,16.0,2,1.25,67400,1.8671875,0,264,184,8,56,0,0,0,56,4,2,0.65625,84.0,0.0,True,False
512,4 4 32,128,16.0,2,1.25,67600,1.8671875,0,264,184,8,56,0,0,0,56,4,2,0.65625,84.0,0.0,True,False
512,4 4 32,128,16.0,2,1.25,67800,1.8671875,0,264,184,8,56,0,0,0,56,4,2,0.65625,84.0,0.0,True,False
512,4 4 32,128,16.0,2,1.25,68000,1.8671875,0,264,184,8,56,0,0,0,56,4,2,0.65625,84.0,0.0,True,False
512,4 4 32,128,16.0,2,1.25,68200,1.8671875,0,264,184,8,56,0,0,0,56,4,2,0.65625,84.0,0.0,True,False
512,4 4 32,128,16.0,2,1.25,68400,1.8671875,0,264,184,8,56,0,0,0,56,4,2,0.65625,84.0,0.0,True,False
512,4 4 32,128,16.0,2,1.25,68600,1.8671875,0,264,184,8,56,0,0,0,56,4,2,0.65625,84.0,0.0,True,False
512,4 4 32,128,16.0,2,1.25,68800,1.8671875,0,264,184,8,56,0,0,0,56,4,2,0.65625,84.0,0.0,True,False
512,4 4 32,128,16.0,2,1.25,69000,1.8671875,0,264,184,8,56,0,0,0,56,4,2,0.65625,84.0,0.0,True,False
512,4 4 32,128,16.0,2,1.25,69200,1.8671875,0,264,184,8,56,0,0,0,56,4,2,0.65625,84.0,0.0,True,False
512,4 4 32,128,16.0,2,1.25,69400,1.8671875,0,264,184,8,56,0,0,0,56,4,2,0.65625,84.0,0.0,True,False
512,4 4 32,128,16.0,2,1.25,69600,1.8671875,0,264,184,8,56,0,0,0,56,4,2,0.65625,84.0,0.0,True,False
512,4 4 32,128,16.0,2,1.25,69800,1.8671875,0,264,184,8,56,0,0,0,56,4,2,0.65625,84.0,0.0,True,False
512,4 4 32,128,16.0,2,1.25,70000,1.8671875,0,264,184,8,56,0,0,0,56,4,2,0.65625,84.0,0.0,True,False
512,4 4 32,128,16.0,2,1.25,70200,1.8671875,0,264,184,8,56,0,0,0,56,4,2,0.65625,84.0,0.0,True,False
512,4 4 32,128,16.0,2,1.25,70400,1.8671875,0,264,184,8,56,0,0,0,56,4,2,0.65625,84.0,0.0,True,False
512,4 4 32,128,16.0,2,1.25,70600,1.8671875,0,264,184,8,56,0,0,0,56,4,2,0.65625,84.0,0.0,True,False
512,4 4 32,128,16.0,2,1.25,70800,1.8671875,0,264,184,8,56,0,0,0,56,4,2,0.65625,84.0,0.0,True,False
512,4 4 32,128,16.0,2,1.25,71000,1.8671875,0,264,184,8,56,0,0,0,56,4,2,0.65625,84.0,0.0,True,False
512,4 4 32,128,16.0,2,1.25,71200,1.8671875,0,264,184,8,56,0,0,0,56,4,2,0.65625,84.0,0.0,True,False
512,4 4 32,128,16.0,2,1.25,71400,1.8671875,0,264,184,8,56,0,0,0,56,4,2,0.65625,84.0,0.0,True,False
512,4 4 32,128,16.0,2,1.25,71600,1.88671875,0,254,188,10,60,0,0,0,60,6,2,0.578125,74.0,0.0,True,False
512,4 4 32,128,16.0,2,1.25,71800,1.8671875,0,264,184,8,56,0,0,0,56,4,2,0.65625,84.0,0.0,True,False
512,4 4 32,128,16.0,2,1.25,72000,1.8671875,0,264,184,8,56,0,0,0,56,4,2,0.65625,84.0,0.0,True,False
512,4 4 32,128,16.0,2,1.25,72200,1.8671875,0,264,184,8,56,0,0,0,56,4,2,0.65625,84.0,0.0,True,False
512,4 4 32,128,16.0,2,1.25,72400,1.8671875,0,264,184,8,56,0,0,0,56,4,2,0.65625,84.0,0.0,True,False
512,4 4 32,128,16.0,2,1.25,72600,1.8671875,0,264,184,8,56,0,0,0,56,4,2,0.65625,84.0,0.0,True,False
512,4 4 32,128,16.0,2,1.25,72800,1.8671875,0,264,184,8,56,0,0,0,56,4,2,0.65625,84.0,0.0,True,False
512,4 4 32,128,16.0,2,1.25,73000,1.8671875,0,264,184,8,56,0,0,0,56,4,2,0.65625,84.0,0.0,True,False
512,4 4 32,128,16.0,2,1.25,73200,1.8671875,0,264,184,8,56,0,0,0,56,4,2,0.65625,84.0,0.0,True,False
512,4 4 32,128,16.0,2,1.25,73400,1.8671875,0,264,184,8,56,0,0,0,56,4,2,0.65625,84.0,0.0,True,False
512,4 4 32,128,16.0,2,1.25,73600,1.8671875,0,264,184,8,56,0,0,0,56,4,2,0.65625,84.0,0.0,True,False
512,4 4 32,128,16.0,2,1.25,73800,1.8671875,0,264,184,8,56,0,0,0,56,4,2,0.65625,84.0,0.0,True,False
512,4 4 32,128,16.0,2,1.25,74000,1.8671875,0,264,184,8,56,0,0,0,56,4,2,0.65625,84.0,0.0,True,False
512,4 4 32,128,16.0,2,1.25,74200,1.8671875,0,264,184,8,56,0,0,0,56,4,2,0.65625,84.0,0.0,True,False
512,4 4 32,128,16.0,2,1.25,74400,1.8671875,0,264,184,8,56,0,0,0,56,4,2,0.65625,84.0,0.0,True,False
512,4 4 32,128,16.0,2,1.25,74600,1.8671875,0,264,184,8,56,0,0,0,56,4,2,0.65625,84.0,0.0,True,False
512,4 4 32,128,16.0,2,1.25,74800,1.8671875,0,264,184,8,56,0,0,0,56,4,2,0.65625,84.0,0.0,True,False
512,4 4 32,128,16.0,2,1.25,75000,1.8671875,0,264,184,8,56,0,0,0,56,4,2,0.65625,84.0,0.0,True,False
512,4 4 32,128,16.0,2,1.25,75200,1.8671875,0,264,184,8,56,0,0,0,56,4,2,0.65625,84.0,0.0,True,False
512,4 4 32,128,16.0,2,1.25,75400,1.8671875,0,264,184,8,56,0,0,0,56,4,2,0.65625,84.0,0.0,True,False
512,4 4 32,128,16.0,2,1.25,75600,1.8671875,0,264,184,8,56,0,0,0,56,4,2,0.65625,84.0,0.0,True,False
512,4 4 32,128,16.0,2,1.25,75800,1.8671875,0,264,184,8,56,0,0,0,56,4,2,0.65625,84.0,0.0,True,False
512,4 4 32,128,16.0,2,1.25,76000,1.8671875,0,264,184,8,56,0,0,0,56,4,2,0.65625,84.0,0.0,True,False
512,4 4 32,128,16.0,2,1.25,76200,1.8671875,0,264,184,8,56,0,0,0,56,4,2,0.65625,84.0,0.0,True,False
512,4 4 32,128,16.0,2,1.25,76400,1.8671875,0,264,184,8,56,0,0,0,56,4,2,0.65625,84.0,0.0,True,False
512,4 4 32,128,16.0,2,1.25,76600,1.8671875,0,264,184,8,56,0,0,0,56,4,2,0.65625,84.0,0.0,True,False
512,4 4 32,128,16.0,2,1.25,76800,1.8671875,0,264,184,8,56,0,0,0,56,4,2,0.65625,84.0,0.0,True,False
512,4 4 32,128,16.0,2,1.25,77000,1.8671875,0,264,184,8,56,0,0,0,56,4,2,0.65625,84.0,0.0,True,False
512,4 4 32,128,16.0,2,1.25,77200,1.8671875,0,264,184,8,56,0,0,0,56,4,2,0.65625,84.0,0.0,True,False
512,4 4 32,128,16.0,2,1.25,77400,1.8671875,0,264,184,8,56,0,0,0,56,4,2,0.65625,84.0,0.0,True,False
512,4 4 32,128,16.0,2,1.25,77600,1.8671875,0,264,184,8,56,0,0,0,56,4,2,0.65625,84.0,0.0,True,False
512,4 4 32,128,16.0,2,1.25,77800,1.8671875,0,264,184,8,56,0,0,0,56,4,2,0.65625,84.0,0.0,True,False
512,4 4 32,128,16.0,2,1.25,78000,1.8671875,0,264,184,8,56,0,0,0,56,4,2,0.65625,84.0,0.0,True,False
512,4 4 32,128,16.0,2,1.25,78200,1.8671875,0,264,184,8,56,0,0,0,56,4,2,0.65625,84.0,0.0,True,False
512,4 4 32,128,16.0,2,1.25,78400,1.8671875,0,264,184,8,56,0,0,0,56,4,2,0.65625,84.0,0.0,True,False
512,4 4 32,128,16.0,2,1.25,78600,1.8671875,0,264,184,8,56,0,0,0,56,4,2,0.65625,84.0,0.0,True,False
512,4 4 32,128,16.0,2,1.25,78800,1.8671875,0,264,184,8,56,0,0,0,56,4,2,0.65625,84.0,0.0,True,False
512,4 4 32,128,16.0,2,1.25,79000,1.88671875,0,254,188,10,60,0,0,0,60,6,2,0.578125,74.0,0.0,True,False
512,4 4 32,128,16.0,2,1.25,79200,1.88671875,0,254,188,10,60,0,0,0,60,6,2,0.578125,74.0,0.0,True,False
512,4 4 32,128,16.0,2,1.25,79400,1.88671875,0,254,188,10,60,0,0,0,60,6,2,0.578125,74.0,0.0,True,False
512,4 4 32,128,16.0,2,1.25,79600,1.88671875,0,254,188,10,60,0,0,0,60,6,2,0.578125,74.0,0.0,True,False
512,4 4 32,128,16.0,2,1.25,79800,1.88671875,0,254,188,10,60,0,0,0,60,6,2,0.578125,74.0,0.0,True,False
512,4 4 32,128,16.0,2,1.25,80000,1.88671875,0,254,188,10,60,0,0,0,60,6,2,0.578125,74.0,0.0,True,False
512,4 4 32,128,16.0,2,1.25,80200,1.88671875,0,254,188,10,60,0,0,0,60,6,2,0.578125,74.0,0.0,True,False
512,4 4 32,128,16.0,2,1.25,80400,1.88671875,0,254,188,10,60,0,0,0,60,6,2,0.578125,74.0,0.0,True,False
512,4 4 32,128,16.0,2,1.25,80600,1.88671875,0,254,188,10,60,0,0,0,60,6,2,0.578125,74.0,0.0,True,False
512,4 4 32,128,16.0,2,1.25,80800,1.88671875,0,254,188,10,60,0,0,0,60,6,2,0.578125,74.0,0.0,True,False
512,4 4 32,128,16.0,2,1.25,81000,1.90625,0,244,192,12,64,0,0,0,64,6,2,0.5,64.0,0.0,True,False
512,4 4 32,128,16.0,2,1.25,81200,1.90625,0,244,192,12,64,0,0,0,64,6,2,0.5,64.0,0.0,True,False
512,4 4 32,128,16.0,2,1.25,81400,1.90625,0,244,192,12,64,0,0,0,64,6,2,0.5,64.0,0.0,True,False
512,4 4 32,128,16.0,2,1.25,81600,1.90625,0,244,192,12,64,0,0,0,64,6,2,0.5,64.0,0.0,True,False
512,4 4 32,128,16.0,2,1.25,81800,1.90625,0,244,192,12,64,0,0,0,64,6,2,0.5,64.0,0.0,True,False
512,4 4 32,128,16.0,2,1.25,82000,1.88671875,0,254,188,10,60,0,0,0,60,6,2,0.578125,74.0,0.0,True,False
512,4 4 32,128,16.0,2,1.25,82200,1.88671875,0,254,188,10,60,0,0,0,60,6,2,0.578125,74.0,0.0,True,False
512,4 4 32,128,16.0,2,1.25,82400,1.88671875,0,254,188,10,60,0,0,0,60,6,2,0.578125,74.0,0.0,True,False
512,4 4 32,128,16.0,2,1.25,82600,1.8671875,0,264,184,8,56,0,0,0,56,4,2,0.65625,84.0,0.0,True,False
512,4 4 32,128,16.0,2,1.25,82800,1.8671875,0,264,184,8,56,0,0,0,56,4,2,0.65625,84.0,0.0,True,False
512,4 4 32,128,16.0,2,1.25,83000,1.8671875,0,264,184,8,56,0,0,0,56,4,2,0.65625,84.0,0.0,True,False
512,4 4 32,128,16.0,2,1.25,83200,1.8671875,0,264,184,8,56,0,0,0,56,4,2,0.65625,84.0,0.0,True,False
512,4 4 32,128,16.0,2,1.25,83400,1.8671875,0,264,184,8,56,0,0,0,56,4,2,0.65625,84.0,0.0,True,False
512,4 4 32,128,16.0,2,1.25,83600,1.8671875,0,264,184,8,56,0,0,0,56,4,2,0.65625,84.0,0.0,True,False
512,4 4 32,128,16.0,2,1.25,83800,1.8671875,0,264,184,8,56,0,0,0,56,4,2,0.65625,84.0,0.0,True,False
512,4 4 32,128,16.0,2,1.25,84000,1.8671875,0,264,184,8,56,0,0,0,56,4,2,0.65625,84.0,0.0,True,False
512,4 4 32,128,16.0,2,1.25,84200,1.8671875,0,264,184,8,56,0,0,0,56,4,2,0.65625,84.0,0.0,True,False
512,4 4 32,128,16.0,2,1.25,84400,1.8671875,0,264,184,8,56,0,0,0,56,4,2,0.65625,84.0,0.0,True,False
512,4 4 32,128,16.0,2,1.25,84600,1.8671875,0,264,184,8,56,0,0,0,56,4,2,0.65625,84.0,0.0,True,False
512,4 4 32,128,16.0,2,1.25,84800,1.8671875,0,264,184,8,56,0,0,0,56,4,2,0.65625,84.0,0.0,True,False
512,4 4 32,128,16.0,2,1.25,85000,1.8671875,0,264,184,8,56,0,0,0,56,4,2,0.65625,84.0,0.0,True,False
512,4 4 32,128,16.0,2,1.25,85200,1.8671875,0,264,184,8,56,0,0,0,56,4,2,0.65625,84.0,0.0,True,False
512,4 4 32,128,16.0,2,1.25,85400,1.8671875,0,264,184,8,56,0,0,0,56,4,2,0.65625,84.0,0.0,True,False
512,4 4 32,128,16.0,2,1.25,85600,1.8671875,0,264,184,8,56,0,0,0,56,4,2,0.65625,84.0,0.0,True,False
512,4 4 32,128,16.0,2,1.25,85800,1.8671875,0,264,184,8,56,0,0,0,56,4,2,0.65625,84.0,0.0,True,False
512,4 4 32,128,16.0,2,1.25,86000,1.8671875,0,264,184,8,56,0,0,0,56,4,2,0.65625,84.0,0.0,True,False
512,4 4 32,128,16.0,2,1.25,86200,1.8671875,0,264,184,8,56,0,0,0,56,4,2,0.65625,84.0,0.0,True,False
512,4 4 32,128,16.0,2,1.25,86400,1.8671875,0,264,184,8,56,0,0,0,56,4,2,0.65625,84.0,0.0,True,False
512,4 4 32,128,16.0,2,1.25,86600,1.8671875,0,264,184,8,56,0,0,0,56,4,2,0.65625,84.0,0.0,True,False
512,4 4 32,128,16.0,2,1.25,86800,1.8671875,0,264,184,8,56,0,0,0,56,4,2,0.65625,84.0,0.0,True,False
512,4 4 32,128,16.0,2,1.25,87000,1.8671875,0,264,184,8,56,0,0,0,56,4,2,0.65625,84.0,0.0,True,False
512,4 4 32,128,16.0,2,1.25,87200,1.8671875,0,264,184,8,56,0,0,0,56,4,2,0.65625,84.0,0.0,True,False
512,4 4 32,128,16.0,2,1.25,87400,1.8671875,0,264,184,8,56,0,0,0,56,4,2,0.65625,84.0,0.0,True,False
512,4 4 32,128,16.0,2,1.25,87600,1.8671875,0,264,184,8,56,0,0,0,56,4,2,0.65625,84.0,0.0,True,False
512,4 4 32,128,16.0,2,1.25,87800,1.8671875,0,264,184,8,56,0,0,0,56,4,2,0.65625,84.0,0.0,True,False
512,4 4 32,128,16.0,2,1.25,88000,1.8671875,0,264,184,8,56,0,0,0,56,4,2,0.65625,84.0,0.0,True,False
512,4 4 32,128,16.0,2,1.25,88200,1.8671875,0,264,184,8,56,0,0,0,56,4,2,0.65625,84.0,0.0,True,False
512,4 4 32,128,16.0,2,1.25,88400,1.8671875,0,264,184,8,56,0,0,0,56,4,2,0.65625,84.0,0.0,True,False
512,4 4 32,128,16.0,2,1.25,88600,1.8671875,0,264,184,8,56,0,0,0,56,4,2,0.65625,84.0,0.0,True,False
512,4 4 32,128,16.0,2,1.25,88800,1.8671875,0,264,184,8,56,0,0,0,56,4,2,0.65625,84.0,0.0,True,False
512,4 4 32,128,16.0,2,1.25,89000,1.8671875,0,264,184,8,56,0,0,0,56,4,2,0.65625,84.0,0.0,True,False
512,4 4 32,128,16.0,2,1.25,89200,1.8671875,0,264,184,8,56,0,0,0,56,4,2,0.65625,84.0,0.0,True,False
512,4 4 32,128,16.0,2,1.25,89400,1.8671875,0,264,184,8,56,0,0,0,56,4,2,0.65625,84.0,0.0,True,False
512,4 4 32,128,16.0,2,1.25,89600,1.8671875,0,264,184,8,56,0,0,0,56,4,2,0.65625,84.0,0.0,True,False
512,4 4 32,128,16.0,2,1.25,89800,1.8671875,0,264,184,8,56,0,0,0,56,4,2,0.65625,84.0,0.0,True,False
512,4 4 32,128,16.0,2,1.25,90000,1.8671875,0,264,184,8,56,0,0,0,56,4,2,0.65625,84.0,0.0,True,False
512,4 4 32,128,16.0,2,1.25,90200,1.8671875,0,264,184,8,56,0,0,0,56,4,2,0.65625,84.0,0.0,True,False
512,4 4 32,128,16.0,2,1.25,90400,1.8671875,0,264,184,8,56,0,0,0,56,4,2,0.65625,84.0,0.0,True,False
512,4 4 32,128,16.0,2,1.25,90600,1.8671875,0,264,184,8,56,0,0,0,56,4,2,0.65625,84.0,0.0,True,False
512,4 4 32,128,16.0,2,1.25,90800,1.8671875,0,264,184,8,56,0,0,0,56,4,2,0.65625,84.0,0.0,True,False
512,4 4 32,128,16.0,2,1.25,91000,1.8671875,0,264,184,8,56,0,0,0,56,4,2,0.65625,84.0,0.0,True,False
512,4 4 32,128,16.0,2,1.25,91200,1.8671875,0,264,184,8,56,0,0,0,56,4,2,0.65625,84.0,0.0,True,False
512,4 4 32,128,16.0,2,1.25,91400,1.8671875,0,264,184,8,56,0,0,0,56,4,2,0.65625,84.0,0.0,True,False
512,4 4 32,128,16.0,2,1.25,91600,1.8671875,0,264,184,8,56,0,0,0,56,4,2,0.65625,84.0,0.0,True,False
512,4 4 32,128,16.0,2,1.25,91800,1.8671875,0,264,184,8,56,0,0,0,56,4,2,0.65625,84.0,0.0,True,False
512,4 4 32,128,16.0,2,1.25,92000,1.8671875,0,264,184,8,56,0,0,0,56,4,2,0.65625,84.0,0.0,True,False
512,4 4 32,128,16.0,2,1.25,92200,1.8671875,0,264,184,8,56,0,0,0,56,4,2,0.65625,84.0,0.0,True,False
512,4 4 32,128,16.0,2,1.25,92400,1.8671875,0,264,184,8,56,0,0,0,56,4,2,0.65625,84.0,0.0,True,False
512,4 4 32,128,16.0,2,1.25,92600,1.8671875,0,264,184,8,56,0,0,0,56,4,2,0.65625,84.0,0.0,True,False
512,4 4 32,128,16.0,2,1.25,92800,1.8671875,0,264,184,8,56,0,0,0,56,4,2,0.65625,84.0,0.0,True,False
512,4 4 32,128,16.0,2,1.25,93000,1.8671875,0,264,184,8,56,0,0,0,56,4,2,0.65625,84.0,0.0,True,False
512,4 4 32,128,16.0,2,1.25,93200,1.8671875,0,264,184,8,56,0,0,0,56,4,2,0.65625,84.0,0.0,True,False
512,4 4 32,128,16.0,2,1.25,93400,1.8671875,0,264,184,8,56,0,0,0,56,4,2,0.65625,84.0,0.0,True,False
512,4 4 32,128,16.0,2,1.25,93600,1.8671875,0,264,184,8,56,0,0,0,56,4,2,0.65625,84.0,0.0,True,False
512,4 4 32,128,16.0,2,1.25,93800,1.8671875,0,264,184,8,56,0,0,0,56,4,2,0.65625,84.0,0.0,True,False
512,4 4 32,128,16.0,2,1.25,94000,1.8671875,0,264,184,8,56,0,0,0,56,4,2,0.65625,84.0,0.0,True,False
512,4 4 32,128,16.0,2,1.25,94200,1.8671875,0,264,184,8,56,0,0,0,56,4,2,0.65625,84.0,0.0,True,False
512,4 4 32,128,16.0,2,1.25,94400,1.8671875,0,264,184,8,56,0,0,0,56,4,2,0.65625,84.0,0.0,True,False
512,4 4 32,128,16.0,2,1.25,94600,1.8671875,0,264,184,8,56,0,0,0,56,4,2,0.65625,84.0,0.0,True,False
512,4 4 32,128,16.0,2,1.25,94800,1.8671875,0,264,184,8,56,0,0,0,56,4,2,0.65625,84.0,0.0,True,False
512,4 4 32,128,16.0,2,1.25,95000,1.8671875,0,264,184,8,56,0,0,0,56,4,2,0.65625,84.0,0.0,True,False
512,4 4 32,128,16.0,2,1.25,95200,1.8671875,0,264,184,8,56,0,0,0,56,4,2,0.65625,84.0,0.0,True,False
512,4 4 32,128,16.0,2,1.25,95400,1.8671875,0,264,184,8,56,0,0,0,56,4,2,0.65625,84.0,0.0,True,False
512,4 4 32,128,16.0,2,1.25,95600,1.8671875,0,264,184,8,56,0,0,0,56,4,2,0.65625,84.0,0.0,True,False
512,4 4 32,128,16.0,2,1.25,95800,1.8671875,0,264,184,8,56,0,0,0,56,4,2,0.65625,84.0,0.0,True,False
512,4 4 32,128,16.0,2,1.25,96000,1.8671875,0,264,184,8,56,0,0,0,56,4,2,0.65625,84.0,0.0,True,False
512,4 4 32,128,16.0,2,1.25,96200,1.8671875,0,264,184,8,56,0,0,0,56,4,2,0.65625,84.0,0.0,True,False
512,4 4 32,128,16.0,2,1.25,96400,1.8671875,0,264,184,8,56,0,0,0,56,4,2,0.65625,84.0,0.0,True,False
512,4 4 32,128,16.0,2,1.25,96600,1.8671875,0,264,184,8,56,0,0,0,56,4,2,0.65625,84.0,0.0,True,False
512,4 4 32,128,16.0,2,1.25,96800,1.8671875,0,264,184,8,56,0,0,0,56,4,2,0.65625,84.0,0.0,True,False
512,4 4 32,128,16.0,2,1.25,97000,1.8671875,0,264,184,8,56,0,0,0,56,4,2,0.65625,84.0,0.0,True,False
512,4 4 32,128,16.0,2,1.25,97200,1.8671875,0,264,184,8,56,0,0,0,56,4,2,0.65625,84.0,0.0,True,False
512,4 4 32,128,16.0,2,1.25,97400,1.8671875,0,264,184,8,56,0,0,0,56,4,2,0.65625,84.0,0.0,True,False
512,4 4 32,128,16.0,2,1.25,97600,1.8671875,0,264,184,8,56,0,0,0,56,4,2,0.65625,84.0,0.0,True,False
512,4 4 32,128,16.0,2,1.25,97800,1.8671875,0,264,184,8,56,0,0,0,56,4,2,0.65625,84.0,0.0,True,False
512,4 4 32,128,16.0,2,1.25,98000,1.8671875,0,264,184,8,56,0,0,0,56,4,2,0.65625,84.0,0.0,True,False
512,4 4 32,128,16.0,2,1.25,98200,1.8671875,0,264,184,8,56,0,0,0,56,4,2,0.65625,84.0,0.0,True,False
512,4 4 32,128,16.0,2,1.25,98400,1.8671875,0,264,184,8,56,0,0,0,56,4,2,0.65625,84.0,0.0,True,False
512,4 4 32,128,16.0,2,1.25,98600,1.8671875,0,264,184,8,56,0,0,0,56,4,2,0.65625,84.0,0.0,True,False
512,4 4 32,128,16.0,2,1.25,98800,1.8671875,0,264,184,8,56,0,0,0,56,4,2,0.65625,84.0,0.0,True,False
512,4 4 32,128,16.0,2,1.25,99000,1.8671875,0,264,184,8,56,0,0,0,56,4,2,0.65625,84.0,0.0,True,False
512,4 4 32,128,16.0,2,1.25,99200,1.8671875,0,264,184,8,56,0,0,0,56,4,2,0.65625,84.0,0.0,True,False
512,4 4 32,128,16.0,2,1.25,99400,1.8671875,0,264,184,8,56,0,0,0,56,4,2,0.65625,84.0,0.0,True,False
512,4 4 32,128,16.0,2,1.25,99600,1.8671875,0,264,184,8,56,0,0,0,56,4,2,0.65625,84.0,0.0,True,False
512,4 4 32,128,16.0,2,1.25,99800,1.8671875,0,264,184,8,56,0,0,0,56,4,2,0.65625,84.0,0.0,True,False
512,4 4 32,128,16.0,2,1.25,100000,1.8671875,0,264,184,8,56,0,0,0,56,4,2,0.65625,84.0,0.0,True,True
512,4 4 32,128,16.0,3,1.25,0,2.0,0,512,0,0,0,0,0,0,0,0,0,0.125,16.0,0.0,False,False
512,4 4 32,128,16.0,3,1.25,200,2.03125,0,496,12,0,4,0,0,0,4,0,0,0.0,0.0,0.0,True,False
512,4 4 32,128,16.0,3,1.25,400,2.03125,0,484,20,0,8,0,0,0,8,0,0,0.0,0.0,0.0,True,False
512,4 4 32,128,16.0,3,1.25,600,2.03125,0,484,20,0,8,0,0,0,8,0,0,0.0,0.0,0.0,True,False
512,4 4 32,128,16.0,3,1.25,800,2.03125,0,496,12,0,4,0,0,0,4,0,0,0.0,0.0,0.0,True,False
512,4 4 32,128,16.0,3,1.25,1000,2.03125,0,484,20,0,8,0,0,0,8,0,0,0.0,0.0,0.0,True,False
512,4 4 32,128,16.0,3,1.25,1200,2.03125,0,484,20,0,8,0,0,0,8,0,0,0.0,0.0,0.0,True,False
512,4 4 32,128,16.0,3,1.25,1400,2.03125,0,484,20,0,8,0,0,0,8,0,0,0.0,0.0,0.0,True,False
512,4 4 32,128,16.0,3,1.25,1600,2.03125,0,484,20,0,8,0,0,0,8,0,0,0.0,0.0,0.0,True,False
512,4 4 32,128,16.0,3,1.25,1800,2.03125,0,484,20,0,8,0,0,0,8,0,0,0.0,0.0,0.0,True,False
512,4 4 32,128,16.0,3,1.25,2000,2.03125,0,472,28,0,12,0,0,0,12,0,0,0.0,0.0,0.0,True,False
512,4 4 32,128,16.0,3,1.25,2200,2.03125,0,472,28,0,12,0,0,0,12,0,0,0.0,0.0,0.0,True,False
512,4 4 32,128,16.0,3,1.25,2400,2.03125,0,472,28,0,12,0,0,0,12,0,0,0.0,0.0,0.0,True,False
512,4 4 32,128,16.0,3,1.25,2600,2.03125,0,472,28,0,12,0,0,0,12,0,0,0.0,0.0,0.0,True,False
512,4 4 32,128,16.0,3,1.25,2800,2.03125,0,472,28,0,12,0,0,0,12,0,0,0.0,0.0,0.0,True,False
512,4 4 32,128,16.0,3,1.25,3000,2.03125,0,484,20,0,8,0,0,0,8,0,0,0.0,0.0,0.0,True,False
512,4 4 32,128,16.0,3,1.25,3200,2.03125,0,496,12,0,4,0,0,0,4,0,0,0.0,0.0,0.0,True,False
512,4 4 32,128,16.0,3,1.25,3400,2.03125,0,484,20,0,8,0,0,0,8,0,0,0.0,0.0,0.0,True,False
512,4 4 32,128,16.0,3,1.25,3600,2.03125,0,484,20,0,8,0,0,0,8,0,0,0.0,0.0,0.0,True,False
512,4 4 32,128,16.0,3,1.25,3800,2.03125,0,484,20,0,8,0,0,0,8,0,0,0.0,0.0,0.0,True,False
512,4 4 32,128,16.0,3,1.25,4000,2.03125,0,472,28,0,12,0,0,0,12,0,0,0.0,0.0,0.0,True,False
512,4 4 32,128,16.0,3,1.25,4200,2.03125,0,472,28,0,12,0,0,0,12,0,0,0.0,0.0,0.0,True,False
512,4 4 32,128,16.0,3,1.25,4400,2.03125,0,496,12,0,4,0,0,0,4,0,0,0.0,0.0,0.0,True,False
512,4 4 32,128,16.0,3,1.25,4600,2.03125,0,484,20,0,8,0,0,0,8,0,0,0.0,0.0,0.0,True,False
512,4 4 32,128,16.0,3,1.25,4800,2.03125,0,484,20,0,8,0,0,0,8,0,0,0.0,0.0,0.0,True,False
512,4 4 32,128,16.0,3,1.25,5000,2.03125,0,496,12,0,4,0,0,0,4,0,0,0.0,0.0,0.0,True,False
512,4 4 32,128,16.0,3,1.25,5200,2.03125,0,496,12,0,4,0,0,0,4,0,0,0.0,0.0,0.0,True,False
512,4 4 32,128,16.0,3,1.25,5400,2.03125,0,496,12,0,4,0,0,0,4,0,0,0.0,0.0,0.0,True,False
512,4 4 32,128,16.0,3,1.25,5600,2.03125,0,496,12,0,4,0,0,0,4,0,0,0.0,0.0,0.0,True,False
512,4 4 32,128,16.0,3,1.25,5800,2.03125,0,496,12,0,4,0,0,0,4,0,0,0.0,0.0,0.0,True,False
512,4 4 32,128,16.0,3,1.25,6000,2.03125,0,496,12,0,4,0,0,0,4,0,0,0.0,0.0,0.0,True,False
512,4 4 32,128,16.0,3,1.25,6200,2.03125,0,484,20,0,8,0,0,0,8,0,0,0.0,0.0,0.0,True,False
512,4 4 32,128,16.0,3,1.25,6400,2.03125,0,484,20,0,8,0,0,0,8,0,0,0.0,0.0,0.0,True,False
512,4 4 32,128,16.0,3,1.25,6600,2.03125,0,484,20,0,8,0,0,0,8,0,0,0.0,0.0,0.0,True,False
512,4 4 32,128,16.0,3,1.25,6800,2.03125,0,472,28,0,12,0,0,0,12,0,0,0.0,0.0,0.0,True,False
512,4 4 32,128,16.0,3,1.25,7000,2.03125,0,472,28,0,12,0,0,0,12,0,0,0.0,0.0,0.0,True,False
512,4 4 32,128,16.0,3,1.25,7200,2.03125,0,484,20,0,8,0,0,0,8,0,0,0.0,0.0,0.0,True,False
512,4 4 32,128,16.0,3,1.25,7400,2.03125,0,484,20,0,8,0,0,0,8,0,0,0.0,0.0,0.0,True,False
512,4 4 32,128,16.0,3,1.25,7600,2.03125,0,472,28,0,12,0,0,0,12,0,0,0.0,0.0,0.0,True,False
512,4 4 32,128,16.0,3,1.25,7800,2.03125,0,484,20,0,8,0,0,0,8,0,0,0.0,0.0,0.0,True,False
512,4 4 32,128,16.0,3,1.25,8000,2.03125,0,484,20,0,8,0,0,0,8,0,0,0.0,0.0,0.0,True,False
512,4 4 32,128,16.0,3,1.25,8200,2.03125,0,484,20,0,8,0,0,0,8,0,0,0.0,0.0,0.0,True,False
512,4 4 32,128,16.0,3,1.25,8400,2.03125,0,472,28,0,12,0,0,0,12,0,0,0.0,0.0,0.0,True,False
512,4 4 32,128,16.0,3,1.25,8600,2.03125,0,460,36,0,16,0,0,0,16,0,0,0.0,0.0,0.0,True,False
512,4 4 32,128,16.0,3,1.25,8800,2.03125,0,460,36,0,16,0,0,0,16,0,0,0.0,0.0,0.0,True,False
512,4 4 32,128,16.0,3,1.25,9000,2.03125,0,460,36,0,16,0,0,0,16,0,0,0.0,0.0,0.0,True,False
512,4 4 32,128,16.0,3,1.25,9200,2.03125,0,460,36,0,16,0,0,0,16,0,0,0.0,0.0,0.0,True,False
512,4 4 32,128,16.0,3,1.25,9400,2.03125,0,460,36,0,16,0,0,0,16,0,0,0.0,0.0,0.0,True,False
512,4 4 32,128,16.0,3,1.25,9600,2.03125,0,448,44,0,20,0,0,0,20,0,0,0.0,0.0,0.0,True,False
512,4 4 32,128,16.0,3,1.25,9800,2.03125,0,448,44,0,20,0,0,0,20,0,0,0.0,0.0,0.0,True,False
512,4 4 32,128,16.0,3,1.25,10000,2.01953125,0,448,44,4,16,0,0,0,16,2,2,0.046875,6.0,0.0,True,False
512,4 4 32,128,16.0,3,1.25,10200,2.01953125,0,448,44,4,16,0,0,0,16,2,2,0.046875,6.0,0.0,True,False
512,4 4 32,128,16.0,3,1.25,10400,2.01953125,0,448,44,4,16,0,0,0,16,2,2,0.046875,6.0,0.0,True,False
512,4 4 32,128,16.0,3,1.25,10600,2.01953125,0,448,44,4,16,0,0,0,16,2,2,0.046875,6.0,0.0,True,False
512,4 4 32,128,16.0,3,1.25,10800,2.01953125,0,448,44,4,16,0,0,0,16,2,2,0.046875,6.0,0.0,True,False
512,4 4 32,128,16.0,3,1.25,11000,2.01953125,0,448,44,4,16,0,0,0,16,2,2,0.046875,6.0,0.0,True,False
512,4 4 32,128,16.0,3,1.25,11200,2.01953125,0,448,44,4,16,0,0,0,16,2,2,0.046875,6.0,0.0,True,False
512,4 4 32,128,16.0,3,1.25,11400,2.01953125,0,448,44,4,16,0,0,0,16,2,2,0.046875,6.0,0.0,True,False
512,4 4 32,128,16.0,3,1.25,11600,2.01953125,0,448,44,4,16,0,0,0,16,2,2,0.046875,6.0,0.0,True,False
512,4 4 32,128,16.0,3,1.25,11800,2.0078125,0,436,52,8,16,0,0,0,16,2,4,0.09375,12.0,0.0,True,False
512,4 4 32,128,16.0,3,1.25,12000,2.0078125,0,436,52,8,16,0,0,0,16,2,4,0.09375,12.0,0.0,True,False
512,4 4 32,128,16.0,3,1.25,12200,2.0078125,0,436,52,8,16,0,0,0,16,2,4,0.09375,12.0,0.0,True,False
512,4 4 32,128,16.0,3,1.25,12400,2.0078125,0,436,52,8,16,0,0,0,16,2,4,0.09375,12.0,0.0,True,False
512,4 4 32,128,16.0,3,1.25,12600,2.0078125,0,436,52,8,16,0,0,0,16,2,4,0.09375,12.0,0.0,True,False
512,4 4 32,128,16.0,3,1.25,12800,2.0078125,0,424,60,8,20,0,0,0,20,2,4,0.09375,12.0,0.0,True,False
512,4 4 32,128,16.0,3,1.25,13000,1.99609375,0,424,60,12,16,0,0,0,16,1,12,0.140625,18.0,0.0,True,False
512,4 4 32,128,16.0,3,1.25,13200,1.99609375,0,424,60,12,16,0,0,0,16,1,12,0.140625,18.0,0.0,True,False
512,4 4 32,128,16.0,3,1.25,13400,1.99609375,0,412,68,12,20,0,0,0,20,1,12,0.140625,18.0,0.0,True,False
512,4 4 32,128,16.0,3,1.25,13600,1.99609375,0,412,68,12,20,0,0,0,20,1,12,0.140625,18.0,0.0,True,False
512,4 4 32,128,16.0,3,1.25,13800,1.99609375,0,412,68,12,20,0,0,0,20,1,12,0.140625,18.0,0.0,True,False
512,4 4 32,128,16.0,3,1.25,14000,1.99609375,0,400,76,12,24,0,0,0,24,1,12,0.140625,18.0,0.0,True,False
512,4 4 32,128,16.0,3,1.25,14200,1.99609375,0,388,84,12,28,0,0,0,28,1,12,0.140625,18.0,0.0,True,False
512,4 4 32,128,16.0,3,1.25,14400,1.99609375,0,388,84,12,28,0,0,0,28,1,12,0.140625,18.0,0.0,True,False
512,4 4 32,128,16.0,3,1.25,14600,1.99609375,0,400,76,12,24,0,0,0,24,1,12,0.140625,18.0,0.0,True,False
512,4 4 32,128,16.0,3,1.25,14800,1.984375,0,400,76,16,20,0,0,0,20,1,16,0.1875,24.0,0.0,True,False
512,4 4 32,128,16.0,3,1.25,15000,1.984375,0,388,84,16,24,0,0,0,24,1,16,0.1875,24.0,0.0,True,False
512,4 4 32,128,16.0,3,1.25,15200,1.984375,0,388,84,16,24,0,0,0,24,1,16,0.1875,24.0,0.0,True,False
512,4 4 32,128,16.0,3,1.25,15400,1.984375,0,388,84,16,24,0,0,0,24,1,16,0.1875,24.0,0.0,True,False
512,4 4 32,128,16.0,3,1.25,15600,1.9609375,0,388,84,24,16,0,0,0,16,1,24,0.28125,36.0,0.0,True,False
512,4 4 32,128,16.0,3,1.25,15800,1.9609375,0,376,92,24,20,0,0,0,20,1,24,0.28125,36.0,0.0,True,False
512,4 4 32,128,16.0,3,1.25,16000,1.9609375,0,388,84,24,16,0,0,0,16,1,24,0.28125,36.0,0.0,True,False
512,4 4 32,128,16.0,3,1.25,16200,1.9609375,0,388,84,24,16,0,0,0,16,1,24,0.28125,36.0,0.0,True,False
512,4 4 32,128,16.0,3,1.25,16400,1.9609375,0,388,84,24,16,0,0,0,16,1,24,0.28125,36.0,0.0,True,False
512,4 4 32,128,16.0,3,1.25,16600,1.9609375,0,388,84,24,16,0,0,0,16,1,24,0.28125,36.0,0.0,True,False
512,4 4 32,128,16.0,3,1.25,16800,1.9609375,0,376,92,24,20,0,0,0,20,1,24,0.28125,36.0,0.0,True,False
512,4 4 32,128,16.0,3,1.25,17000,1.9609375,0,376,92,24,20,0,0,0,20,1,24,0.28125,36.0,0.0,True,False
512,4 4 32,128,16.0,3,1.25,17200,1.96875,0,360,96,28,28,0,0,0,28,1,28,0.25,32.0,0.0,True,False
512,4 4 32,128,16.0,3,1.25,17400,1.9609375,0,352,108,24,28,0,0,0,28,1,24,0.28125,36.0,0.0,True,False
512,4 4 32,128,16.0,3,1.25,17600,1.9609375,0,352,108,24,28,0,0,0,28,1,24,0.28125,36.0,0.0,True,False
512,4 4 32,128,16.0,3,1.25,17800,1.9609375,0,352,108,24,28,0,0,0,28,1,24,0.28125,36.0,0.0,True,False
512,4 4 32,128,16.0,3,1.25,18000,1.94921875,0,352,108,28,24,0,0,0,24,1,28,0.328125,42.0,0.0,True,False
512,4 4 32,128,16.0,3,1.25,18200,1.94921875,0,352,108,28,24,0,0,0,24,1,28,0.328125,42.0,0.0,True,False
512,4 4 32,128,16.0,3,1.25,18400,1.94921875,0,352,108,28,24,0,0,0,24,1,28,0.328125,42.0,0.0,True,False
512,4 4 32,128,16.0,3,1.25,18600,1.94921875,0,352,108,28,24,0,0,0,24,1,28,0.328125,42.0,0.0,True,False
512,4 4 32,128,16.0,3,1.25,18800,1.95703125,0,348,104,32,28,0,0,0,28,2,30,0.296875,38.0,0.0,True,False
512,4 4 32,128,16.0,3,1.25,19000,1.94140625,0,344,100,44,24,0,0,0,24,2,42,0.359375,46.0,0.0,True,False
512,4 4 32,128,16.0,3,1.25,19200,1.9296875,0,332,108,48,24,0,0,0,24,1,48,0.40625,52.0,0.0,True,False
512,4 4 32,128,16.0,3,1.25,19400,1.92578125,0,316,116,48,32,0,0,0,32,1,48,0.421875,54.0,0.0,True,False
512,4 4 32,128,16.0,3,1.25,19600,1.921875,0,324,108,48,32,0,0,0,32,1,48,0.4375,56.0,0.0,True,False
512,4 4 32,128,16.0,3,1.25,19800,1.9453125,0,318,108,58,28,0,0,0,28,1,58,0.34375,44.0,0.0,True,False
512,4 4 32,128,16.0,3,1.25,20000,1.9453125,0,306,116,58,32,0,0,0,32,1,58,0.34375,44.0,0.0,True,False
512,4 4 32,128,16.0,3,1.25,20200,1.9453125,0,306,116,58,32,0,0,0,32,1,58,0.34375,44.0,0.0,True,False
512,4 4 32,128,16.0,3,1.25,20400,1.9453125,0,306,116,58,32,0,0,0,32,1,58,0.34375,44.0,0.0,True,False
512,4 4 32,128,16.0,3,1.25,20600,1.9453125,0,306,116,58,32,0,0,0,32,1,58,0.34375,44.0,0.0,True,False
512,4 4 32,128,16.0,3,1.25,20800,1.9296875,0,290,124,62,36,0,0,0,36,1,62,0.40625,52.0,0.0,True,False
512,4 4 32,128,16.0,3,1.25,21000,1.92578125,0,286,124,62,40,0,0,0,40,1,62,0.421875,54.0,0.0,True,False
512,4 4 32,128,16.0,3,1.25,21200,1.92578125,0,274,132,62,44,0,0,0,44,1,62,0.421875,54.0,0.0,True,False
512,4 4 32,128,16.0,3,1.25,21400,1.92578125,0,274,132,62,44,0,0,0,44,1,62,0.421875,54.0,0.0,True,False
512,4 4 32,128,16.0,3,1.25,21600,1.921875,0,270,132,62,48,0,0,0,48,1,62,0.4375,56.0,0.0,True,False
512,4 4 32,128,16.0,3,1.25,21800,1.90625,0,278,128,58,48,0,0,0,48,1,58,0.5,64.0,0.0,True,False
512,4 4 32,128,16.0,3,1.25,22000,1.88671875,0,278,136,62,36,0,0,0,36,8,30,0.578125,74.0,0.0,True,False
512,4 4 32,128,16.0,3,1.25,22200,1.88671875,0,278,136,62,36,0,0,0,36,8,30,0.578125,74.0,0.0,True,False
512,4 4 32,128,16.0,3,1.25,22400,1.869140625,0,274,140,62,36,0,0,0,36,8,26,0.6484375,83.0,0.0,True,False
512,4 4 32,128,16.0,3,1.25,22600,1.861328125,0,266,140,62,44,0,0,0,44,8,26,0.6796875,87.0,0.0,True,False
512,4 4 32,128,16.0,3,1.25,22800,1.861328125,0,242,156,62,52,0,0,0,52,8,26,0.6796875,87.0,0.0,True,False
512,4 4 32,128,16.0,3,1.25,23000,1.814453125,0,242,180,50,40,0,0,0,40,8,20,0.8671875,111.0,0.0,True,False
512,4 4 32,128,16.0,3,1.25,23200,1.80078125,0,242,182,54,34,0,0,0,34,7,22,0.921875,118.0,0.0,True,False
512,4 4 32,128,16.0,3,1.25,23400,1.80078125,0,242,182,54,34,0,0,0,34,6,24,0.921875,118.0,0.0,True,False
512,4 4 32,128,16.0,3,1.25,23600,1.74609375,0,226,202,54,30,0,0,0,30,7,28,1.140625,146.0,0.0,True,False
512,4 4 32,128,16.0,3,1.25,23800,1.75,0,226,194,62,30,0,0,0,30,6,32,1.125,144.0,0.0,True,False
512,4 4 32,128,16.0,3,1.25,24000,1.771484375,0,226,192,62,32,0,0,0,32,10,24,1.0390625,133.0,0.0,True,False
512,4 4 32,128,16.0,3,1.25,24200,1.755859375,0,226,200,58,28,0,0,0,28,11,24,1.1015625,141.0,0.0,True,False
512,4 4 32,128,16.0,3,1.25,24400,1.73046875,0,226,206,58,22,0,0,0,22,11,24,1.203125,154.0,0.0,True,False
512,4 4 32,128,16.0,3,1.25,24600,1.69921875,0,210,226,50,26,0,0,0,26,7,24,1.328125,170.0,0.0,True,False
512,4 4 32,128,16.0,3,1.25,24800,1.68359375,0,222,226,46,18,0,0,0,18,7,20,1.390625,178.0,0.0,True,False
512,4 4 32,128,16.0,3,1.25,25000,1.68359375,0,210,234,46,22,0,0,0,22,7,20,1.390625,178.0,0.0,True,False
512,4 4 32,128,16.0,3,1.25,25200,1.703125,0,210,232,50,20,0,0,0,20,6,26,1.3125,168.0,0.0,True,False
512,4 4 32,128,16.0,3,1.25,25400,1.703125,0,210,232,50,20,0,0,0,20,6,26,1.3125,168.0,0.0,True,False
512,4 4 32,128,16.0,3,1.25,25600,1.703125,0,210,232,50,20,0,0,0,20,6,26,1.3125,168.0,0.0,True,False
512,4 4 32,128,16.0,3,1.25,25800,1.703125,0,210,232,50,20,0,0,0,20,6,26,1.3125,168.0,0.0,True,False
512,4 4 32,128,16.0,3,1.25,26000,1.69140625,0,210,232,54,16,0,0,0,16,6,30,1.359375,174.0,0.0,True,False
512,4 4 32,128,16.0,3,1.25,26200,1.671875,0,198,242,50,22,0,0,0,22,7,24,1.4375,184.0,0.0,True,False
512,4 4 32,128,16.0,3,1.25,26400,1.671875,0,186,250,50,26,0,0,0,26,7,24,1.4375,184.0,0.0,True,False
512,4 4 32,128,16.0,3,1.25,26600,1.66796875,0,182,250,50,30,0,0,0,30,7,24,1.453125,186.0,0.0,True,False
512,4 4 32,128,16.0,3,1.25,26800,1.66796875,0,182,250,50,30,0,0,0,30,7,24,1.453125,186.0,0.0,True,False
512,4 4 32,128,16.0,3,1.25,27000,1.63671875,0,174,258,62,18,0,0,0,18,7,36,1.578125,202.0,0.0,True,False
512,4 4 32,128,16.0,3,1.25,27200,1.6484375,0,162,266,58,26,0,0,0,26,7,32,1.53125,196.0,0.0,True,False
512,4 4 32,128,16.0,3,1.25,27400,1.6484375,0,162,266,58,26,0,0,0,26,7,32,1.53125,196.0,0.0,True,False
512,4 4 32,128,16.0,3,1.25,27600,1.64453125,0,158,266,58,30,0,0,0,30,7,32,1.546875,198.0,0.0,True,False
512,4 4 32,128,16.0,3,1.25,27800,1.64453125,0,146,274,58,34,0,0,0,34,7,32,1.546875,198.0,0.0,True,False
512,4 4 32,128,16.0,3,1.25,28000,1.6171875,0,146,286,50,30,0,0,0,30,3,32,1.65625,212.0,0.0,True,False
512,4 4 32,128,16.0,3,1.25,28200,1.62890625,0,142,278,54,38,0,0,0,38,4,34,1.609375,206.0,0.0,True,False
512,4 4 32,128,16.0,3,1.25,28400,1.66015625,0,114,298,54,46,0,0,0,46,4,34,1.484375,190.0,0.0,True,False
512,4 4 32,128,16.0,3,1.25,28600,1.609375,0,114,306,62,30,0,0,0,30,3,44,1.6875,216.0,0.0,True,False
512,4 4 32,128,16.0,3,1.25,28800,1.6328125,0,110,294,70,38,0,0,0,38,4,50,1.59375,204.0,0.0,True,False
512,4 4 32,128,16.0,3,1.25,29000,1.59375,0,142,278,66,26,0,0,0,26,4,46,1.75,224.0,0.0,True,False
512,4 4 32,128,16.0,3,1.25,29200,1.6328125,0,123,284,71,34,0,0,0,34,5,50,1.59375,204.0,0.0,True,False
512,4 4 32,128,16.0,3,1.25,29400,1.61328125,0,138,270,74,30,0,0,0,30,4,54,1.671875,214.0,0.0,True,False
512,4 4 32,128,16.0,3,1.25,29600,1.634765625,0,120,302,60,30,0,0,0,30,3,40,1.5859375,203.0,0.0,True,False
512,4 4 32,128,16.0,3,1.25,29800,1.615234375,0,116,306,64,26,0,0,0,26,3,44,1.6640625,213.0,0.0,True,False
512,4 4 32,128,16.0,3,1.25,30000,1.580078125,0,128,294,64,26,0,0,0,26,3,44,1.8046875,231.0,0.0,True,False
512,4 4 32,128,16.0,3,1.25,30200,1.60546875,0,122,282,74,34,0,0,0,34,7,48,1.703125,218.0,0.0,True,False
512,4 4 32,128,16.0,3,1.25,30400,1.63671875,0,107,292,75,38,0,0,0,38,8,48,1.578125,202.0,0.0,True,False
512,4 4 32,128,16.0,3,1.25,30600,1.66015625,0,103,280,83,46,0,0,0,46,9,48,1.484375,190.0,0.0,True,False
512,4 4 32,128,16.0,3,1.25,30800,1.66015625,0,103,280,83,46,0,0,0,46,9,48,1.484375,190.0,0.0,True,False
512,4 4 32,128,16.0,3,1.25,31000,1.625,0,126,262,82,42,0,0,0,42,8,48,1.625,208.0,0.0,True,False
512,4 4 32,128,16.0,3,1.25,31200,1.638671875,0,116,274,80,42,0,0,0,42,8,44,1.5703125,201.0,0.0,True,False
512,4 4 32,128,16.0,3,1.25,31400,1.638671875,0,116,274,80,42,0,0,0,42,8,44,1.5703125,201.0,0.0,True,False
512,4 4 32,128,16.0,3,1.25,31600,1.609375,0,94,302,70,46,0,0,0,46,7,44,1.6875,216.0,0.0,True,False
512,4 4 32,128,16.0,3,1.25,31800,1.6171875,0,102,290,74,46,0,0,0,46,8,46,1.65625,212.0,0.0,True,False
512,4 4 32,128,16.0,3,1.25,32000,1.6171875,0,102,290,74,46,0,0,0,46,8,46,1.65625,212.0,0.0,True,False
512,4 4 32,128,16.0,3,1.25,32200,1.6484375,0,86,302,74,50,0,0,0,50,8,46,1.53125,196.0,0.0,True,False
512,4 4 32,128,16.0,3,1.25,32400,1.64453125,0,84,310,72,46,0,0,0,46,9,44,1.546875,198.0,0.0,True,False
512,4 4 32,128,16.0,3,1.25,32600,1.650390625,0,72,310,76,54,0,0,0,54,12,44,1.5234375,195.0,0.0,True,False
512,4 4 32,128,16.0,3,1.25,32800,1.623046875,0,90,302,74,46,0,0,0,46,9,44,1.6328125,209.0,0.0,True,False
512,4 4 32,128,16.0,3,1.25,33000,1.60546875,0,96,298,80,38,0,0,0,38,9,44,1.703125,218.0,0.0,True,False
512,4 4 32,128,16.0,3,1.25,33200,1.60546875,0,96,298,80,38,0,0,0,38,9,44,1.703125,218.0,0.0,True,False
512,4 4 32,128,16.0,3,1.25,33400,1.6015625,0,110,278,86,38,0,0,0,38,10,44,1.71875,220.0,0.0,True,False
512,4 4 32,128,16.0,3,1.25,33600,1.60546875,0,114,278,86,34,0,0,0,34,10,44,1.703125,218.0,0.0,True,False
512,4 4 32,128,16.0,3,1.25,33800,1.60546875,0,114,278,86,34,0,0,0,34,10,44,1.703125,218.0,0.0,True,False
512,4 4 32,128,16.0,3,1.25,34000,1.6015625,0,110,278,86,38,0,0,0,38,10,44,1.71875,220.0,0.0,True,False
512,4 4 32,128,16.0,3,1.25,34200,1.59765625,0,106,278,86,42,0,0,0,42,11,42,1.734375,222.0,0.0,True,False
512,4 4 32,128,16.0,3,1.25,34400,1.6015625,0,110,278,86,38,0,0,0,38,11,42,1.71875,220.0,0.0,True,False
512,4 4 32,128,16.0,3,1.25,34600,1.5703125,0,106,290,78,38,0,0,0,38,8,42,1.84375,236.0,0.0,True,False
512,4 4 32,128,16.0,3,1.25,34800,1.5703125,0,106,290,78,38,0,0,0,38,8,42,1.84375,236.0,0.0,True,False
512,4 4 32,128,16.0,3,1.25,35000,1.57421875,0,90,314,70,38,0,0,0,38,4,42,1.828125,234.0,0.0,True,False
512,4 4 32,128,16.0,3,1.25,35200,1.57421875,0,80,318,72,42,0,0,0,42,6,42,1.828125,234.0,0.0,True,False
512,4 4 32,128,16.0,3,1.25,35400,1.583984375,0,70,322,74,46,0,0,0,46,6,42,1.7890625,229.0,0.0,True,False
512,4 4 32,128,16.0,3,1.25,35600,1.587890625,0,54,330,78,50,0,0,0,50,9,32,1.7734375,227.0,0.0,True,False
512,4 4 32,128,16.0,3,1.25,35800,1.572265625,0,44,339,82,47,0,0,0,47,10,33,1.8359375,235.0,0.0,True,False
512,4 4 32,128,16.0,3,1.25,36000,1.572265625,0,44,339,82,47,0,0,0,47,10,33,1.8359375,235.0,0.0,True,False
512,4 4 32,128,16.0,3,1.25,36200,1.580078125,0,48,335,82,47,0,0,0,47,11,33,1.8046875,231.0,0.0,True,False
512,4 4 32,128,16.0,3,1.25,36400,1.580078125,0,48,335,82,47,0,0,0,47,11,33,1.8046875,231.0,0.0,True,False
512,4 4 32,128,16.0,3,1.25,36600,1.572265625,0,57,334,73,48,0,0,0,48,11,26,1.8359375,235.0,0.0,True,False
512,4 4 32,128,16.0,3,1.25,36800,1.5859375,0,68,322,76,46,0,0,0,46,12,26,1.78125,228.0,0.0,True,False
512,4 4 32,128,16.0,3,1.25,37000,1.587890625,0,46,344,74,48,0,0,0,48,11,26,1.7734375,227.0,0.0,True,False
512,4 4 32,128,16.0,3,1.25,37200,1.5859375,0,46,342,82,42,0,0,0,42,9,38,1.78125,228.0,0.0,True,False
512,4 4 32,128,16.0,3,1.25,37400,1.5859375,0,46,342,82,42,0,0,0,42,9,38,1.78125,228.0,0.0,True,False
512,4 4 32,128,16.0,3,1.25,37600,1.5859375,0,46,342,82,42,0,0,0,42,9,38,1.78125,228.0,0.0,True,False
512,4 4 32,128,16.0,3,1.25,37800,1.5859375,0,56,338,80,38,0,0,0,38,7,38,1.78125,228.0,0.0,True,False
512,4 4 32,128,16.0,3,1.25,38000,1.59375,0,52,334,84,42,0,0,0,42,9,36,1.75,224.0,0.0,True,False
512,4 4 32,128,16.0,3,1.25,38200,1.5859375,0,43,332,95,38,4,0,0,42,11,38,1.78125,228.0,0.0,True,False
512,4 4 32,128,16.0,3,1.25,38400,1.60546875,0,54,336,74,44,4,0,0,48,17,28,1.703125,218.0,0.0,True,False
512,4 4 32,128,16.0,3,1.25,38600,1.583984375,0,54,336,78,40,4,0,0,44,13,28,1.7890625,229.0,0.0,True,False
512,4 4 32,128,16.0,3,1.25,38800,1.568359375,0,42,340,78,48,4,0,0,52,13,24,1.8515625,237.0,0.0,True,False
512,4 4 32,128,16.0,3,1.25,39000,1.568359375,0,42,340,78,48,4,0,0,52,13,24,1.8515625,237.0,0.0,True,False
512,4 4 32,128,16.0,3,1.25,39200,1.55859375,0,38,342,86,42,4,0,0,46,11,28,1.890625,242.0,0.0,True,False
512,4 4 32,128,16.0,3,1.25,39400,1.55859375,0,38,342,86,42,4,0,0,46,11,28,1.890625,242.0,0.0,True,False
512,4 4 32,128,16.0,3,1.25,39600,1.55859375,0,38,342,86,42,4,0,0,46,11,28,1.890625,242.0,0.0,True,False
512,4 4 32,128,16.0,3,1.25,39800,1.55859375,0,38,342,86,42,4,0,0,46,11,28,1.890625,242.0,0.0,True,False
512,4 4 32,128,16.0,3,1.25,40000,1.546875,0,38,346,82,42,4,0,0,46,8,38,1.9375,248.0,0.0,True,False
512,4 4 32,128,16.0,3,1.25,40200,1.541015625,0,42,352,70,44,4,0,0,48,10,36,1.9609375,251.0,0.0,True,False
512,4 4 32,128,16.0,3,1.25,40400,1.515625,0,42,358,70,38,4,0,0,42,8,36,2.0625,264.0,0.0,True,False
512,4 4 32,128,16.0,3,1.25,40600,1.515625,0,42,358,70,38,4,0,0,42,8,36,2.0625,264.0,0.0,True,False
512,4 4 32,128,16.0,3,1.25,40800,1.515625,0,42,358,70,38,4,0,0,42,8,36,2.0625,264.0,0.0,True,False
512,4 4 32,128,16.0,3,1.25,41000,1.515625,0,42,358,70,38,4,0,0,42,8,36,2.0625,264.0,0.0,True,False
512,4 4 32,128,16.0,3,1.25,41200,1.515625,0,42,358,70,38,4,0,0,42,8,36,2.0625,264.0,0.0,True,False
512,4 4 32,128,16.0,3,1.25,41400,1.51953125,0,48,358,60,46,0,0,0,46,6,34,2.046875,262.0,0.0,True,False
512,4 4 32,128,16.0,3,1.25,41600,1.515625,0,37,368,61,46,0,0,0,46,10,20,2.0625,264.0,0.0,True,False
512,4 4 32,128,16.0,3,1.25,41800,1.541015625,0,31,372,63,43,2,1,0,46,10,24,1.9609375,251.0,0.0,True,False
512,4 4 32,128,16.0,3,1.25,42000,1.509765625,0,56,358,60,35,2,1,0,38,7,24,2.0859375,267.0,0.0,True,False
512,4 4 32,128,16.0,3,1.25,42200,1.556640625,0,45,364,65,35,2,1,0,38,9,24,1.8984375,243.0,0.0,True,False
512,4 4 32,128,16.0,3,1.25,42400,1.5625,0,51,360,65,31,4,1,0,36,9,24,1.875,240.0,0.0,True,False
512,4 4 32,128,16.0,3,1.25,42600,1.560546875,0,61,346,68,31,5,1,0,37,7,24,1.8828125,241.0,0.0,True,False
512,4 4 32,128,16.0,3,1.25,42800,1.505859375,0,56,362,58,34,2,0,0,36,6,24,2.1015625,269.0,0.0,True,False
512,4 4 32,128,16.0,3,1.25,43000,1.537109375,0,44,366,62,38,2,0,0,40,8,26,1.9765625,253.0,0.0,True,False
512,4 4 32,128,16.0,3,1.25,43200,1.53125,0,48,366,60,38,0,0,0,38,6,26,2.0,256.0,0.0,True,False
512,4 4 32,128,16.0,3,1.25,43400,1.53125,0,48,366,60,38,0,0,0,38,6,26,2.0,256.0,0.0,True,False
512,4 4 32,128,16.0,3,1.25,43600,1.5,0,60,362,56,34,0,0,0,34,6,22,2.125,272.0,0.0,True,False
512,4 4 32,128,16.0,3,1.25,43800,1.5,0,60,362,56,34,0,0,0,34,6,22,2.125,272.0,0.0,True,False
512,4 4 32,128,16.0,3,1.25,44000,1.517578125,0,52,366,58,34,2,0,0,36,8,22,2.0546875,263.0,0.0,True,False
512,4 4 32,128,16.0,3,1.25,44200,1.517578125,0,52,366,58,34,2,0,0,36,8,22,2.0546875,263.0,0.0,True,False
512,4 4 32,128,16.0,3,1.25,44400,1.544921875,0,52,354,66,38,2,0,0,40,12,22,1.9453125,249.0,0.0,True,False
512,4 4 32,128,16.0,3,1.25,44600,1.51171875,0,71,340,63,38,0,0,0,38,11,17,2.078125,266.0,0.0,True,False
512,4 4 32,128,16.0,3,1.25,44800,1.529296875,0,61,348,63,38,2,0,0,40,11,17,2.0078125,257.0,0.0,True,False
512,4 4 32,128,16.0,3,1.25,45000,1.541015625,0,54,349,61,43,5,0,0,48,16,16,1.9609375,251.0,0.0,True,False
512,4 4 32,128,16.0,3,1.25,45200,1.515625,0,72,337,58,45,0,0,0,45,11,16,2.0625,264.0,0.0,True,False
512,4 4 32,128,16.0,3,1.25,45400,1.5234375,0,58,353,56,41,4,0,0,45,10,16,2.03125,260.0,0.0,True,False
512,4 4 32,128,16.0,3,1.25,45600,1.5234375,0,58,353,56,41,4,0,0,45,10,16,2.03125,260.0,0.0,True,False
512,4 4 32,128,16.0,3,1.25,45800,1.52734375,0,62,353,56,37,4,0,0,41,10,16,2.015625,258.0,0.0,True,False
512,4 4 32,128,16.0,3,1.25,46000,1.52734375,0,62,353,56,37,4,0,0,41,10,16,2.015625,258.0,0.0,True,False
512,4 4 32,128,16.0,3,1.25,46200,1.517578125,0,61,355,56,35,5,0,0,40,12,16,2.0546875,263.0,0.0,True,False
512,4 4 32,128,16.0,3,1.25,46400,1.517578125,0,61,355,56,35,5,0,0,40,12,16,2.0546875,263.0,0.0,True,False
512,4 4 32,128,16.0,3,1.25,46600,1.53515625,0,74,330,70,34,4,0,0,38,10,16,1.984375,254.0,0.0,True,False
512,4 4 32,128,16.0,3,1.25,46800,1.53515625,0,74,330,70,34,4,0,0,38,10,16,1.984375,254.0,0.0,True,False
512,4 4 32,128,16.0,3,1.25,47000,1.56640625,0,58,342,70,38,4,0,0,42,10,16,1.859375,238.0,0.0,True,False
512,4 4 32,128,16.0,3,1.25,47200,1.56640625,0,48,346,72,42,4,0,0,46,11,16,1.859375,238.0,0.0,True,False
512,4 4 32,128,16.0,3,1.25,47400,1.55078125,0,48,354,68,38,4,0,0,42,13,16,1.921875,246.0,0.0,True,False
512,4 4 32,128,16.0,3,1.25,47600,1.55078125,0,42,350,74,42,4,0,0,46,13,22,1.921875,246.0,0.0,True,False
512,4 4 32,128,16.0,3,1.25,47800,1.55078125,0,42,350,74,42,4,0,0,46,13,22,1.921875,246.0,0.0,True,False
512,4 4 32,128,16.0,3,1.25,48000,1.5625,0,48,354,64,42,4,0,0,46,14,16,1.875,240.0,0.0,True,False
512,4 4 32,128,16.0,3,1.25,48200,1.53125,0,57,340,65,50,0,0,0,50,10,22,2.0,256.0,0.0,True,False
512,4 4 32,128,16.0,3,1.25,48400,1.53125,0,57,340,65,50,0,0,0,50,10,22,2.0,256.0,0.0,True,False
512,4 4 32,128,16.0,3,1.25,48600,1.55078125,0,57,340,65,50,0,0,0,50,10,22,1.921875,246.0,0.0,True,False
512,4 4 32,128,16.0,3,1.25,48800,1.60546875,0,49,348,61,54,0,0,0,54,11,18,1.703125,218.0,0.0,True,False
512,4 4 32,128,16.0,3,1.25,49000,1.5859375,0,61,340,61,50,0,0,0,50,11,18,1.78125,228.0,0.0,True,False
512,4 4 32,128,16.0,3,1.25,49200,1.556640625,0,61,338,66,46,1,0,0,47,13,18,1.8984375,243.0,0.0,True,False
512,4 4 32,128,16.0,3,1.25,49400,1.54296875,0,55,352,63,42,0,0,0,42,12,16,1.953125,250.0,0.0,True,False
512,4 4 32,128,16.0,3,1.25,49600,1.5546875,0,50,354,70,38,0,0,0,38,7,26,1.90625,244.0,0.0,True,False
512,4 4 32,128,16.0,3,1.25,49800,1.5234375,0,46,362,70,34,0,0,0,34,6,26,2.03125,260.0,0.0,True,False
512,4 4 32,128,16.0,3,1.25,50000,1.501953125,0,52,354,72,34,0,0,0,34,8,24,2.1171875,271.0,0.0,True,False
512,4 4 32,128,16.0,3,1.25,50200,1.544921875,0,48,330,104,30,0,0,0,30,10,36,1.9453125,249.0,0.0,True,False
512,4 4 32,128,16.0,3,1.25,50400,1.576171875,0,36,336,106,32,2,0,0,34,10,36,1.8203125,233.0,0.0,True,False
512,4 4 32,128,16.0,3,1.25,50600,1.587890625,0,30,332,108,40,2,0,0,42,11,44,1.7734375,227.0,0.0,True,False
512,4 4 32,128,16.0,3,1.25,50800,1.51953125,0,36,350,92,34,0,0,0,34,9,34,2.046875,262.0,0.0,True,False
512,4 4 32,128,16.0,3,1.25,51000,1.53515625,0,32,352,88,40,0,0,0,40,11,32,1.984375,254.0,0.0,True,False
512,4 4 32,128,16.0,3,1.25,51200,1.490234375,0,38,360,66,48,0,0,0,48,11,20,2.1640625,277.0,0.0,True,False
512,4 4 32,128,16.0,3,1.25,51400,1.501953125,0,42,336,78,56,0,0,0,56,16,28,2.1171875,271.0,0.0,True,False
512,4 4 32,128,16.0,3,1.25,51600,1.548828125,0,23,328,100,57,3,1,0,61,18,30,1.9296875,247.0,0.0,True,False
512,4 4 32,128,16.0,3,1.25,51800,1.5234375,0,23,334,100,51,3,1,0,55,17,30,2.03125,260.0,0.0,True,False
512,4 4 32,128,16.0,3,1.25,52000,1.49609375,0,26,342,86,58,0,0,0,58,12,30,2.140625,274.0,0.0,True,False
512,4 4 32,128,16.0,3,1.25,52200,1.5234375,0,26,330,94,62,0,0,0,62,16,30,2.03125,260.0,0.0,True,False
512,4 4 32,128,16.0,3,1.25,52400,1.5078125,0,26,338,90,58,0,0,0,58,17,30,2.09375,268.0,0.0,True,False
512,4 4 32,128,16.0,3,1.25,52600,1.5078125,0,26,338,90,58,0,0,0,58,16,26,2.09375,268.0,0.0,True,False
512,4 4 32,128,16.0,3,1.25,52800,1.5078125,0,26,338,90,58,0,0,0,58,16,26,2.09375,268.0,0.0,True,False
512,4 4 32,128,16.0,3,1.25,53000,1.5078125,0,26,338,90,58,0,0,0,58,16,26,2.09375,268.0,0.0,True,False
512,4 4 32,128,16.0,3,1.25,53200,1.5078125,0,26,338,90,58,0,0,0,58,16,26,2.09375,268.0,0.0,True,False
512,4 4 32,128,16.0,3,1.25,53400,1.4765625,0,38,334,86,54,0,0,0,54,15,26,2.21875,284.0,0.0,True,False
512,4 4 32,128,16.0,3,1.25,53600,1.44140625,0,38,354,78,42,0,0,0,42,20,16,2.359375,302.0,0.0,True,False
512,4 4 32,128,16.0,3,1.25,53800,1.44140625,0,38,354,78,42,0,0,0,42,20,16,2.359375,302.0,0.0,True,False
512,4 4 32,128,16.0,3,1.25,54000,1.4296875,0,38,358,74,42,0,0,0,42,17,16,2.40625,308.0,0.0,True,False
512,4 4 32,128,16.0,3,1.25,54200,1.4296875,0,38,358,74,42,0,0,0,42,17,16,2.40625,308.0,0.0,True,False
512,4 4 32,128,16.0,3,1.25,54400,1.45703125,0,38,346,82,46,0,0,0,46,21,16,2.296875,294.0,0.0,True,False
512,4 4 32,128,16.0,3,1.25,54600,1.45703125,0,38,346,82,46,0,0,0,46,21,16,2.296875,294.0,0.0,True,False
512,4 4 32,128,16.0,3,1.25,54800,1.47265625,0,38,338,86,50,0,0,0,50,21,18,2.234375,286.0,0.0,True,False
512,4 4 32,128,16.0,3,1.25,55000,1.45703125,0,38,346,82,46,0,0,0,46,21,16,2.296875,294.0,0.0,True,False
512,4 4 32,128,16.0,3,1.25,55200,1.44140625,0,38,354,78,42,0,0,0,42,20,16,2.359375,302.0,0.0,True,False
512,4 4 32,128,16.0,3,1.25,55400,1.45703125,0,38,346,82,46,0,0,0,46,20,16,2.296875,294.0,0.0,True,False
512,4 4 32,128,16.0,3,1.25,55600,1.45703125,0,26,354,82,50,0,0,0,50,20,16,2.296875,294.0,0.0,True,False
512,4 4 32,128,16.0,3,1.25,55800,1.369140625,0,20,378,72,42,0,0,0,42,11,18,2.6484375,339.0,0.0,True,False
512,4 4 32,128,16.0,3,1.25,56000,1.3671875,0,20,384,64,44,0,0,0,44,15,16,2.65625,340.0,0.0,True,False
512,4 4 32,128,16.0,3,1.25,56200,1.40234375,0,16,364,84,48,0,0,0,48,14,18,2.515625,322.0,0.0,True,False
512,4 4 32,128,16.0,3,1.25,56400,1.396484375,0,12,360,96,44,0,0,0,44,18,42,2.5390625,325.0,0.0,True,False
512,4 4 32,128,16.0,3,1.25,56600,1.412109375,0,12,352,100,48,0,0,0,48,18,42,2.4765625,317.0,0.0,True,False
512,4 4 32,128,16.0,3,1.25,56800,1.392578125,0,12,352,100,48,0,0,0,48,18,42,2.5546875,327.0,0.0,True,False
512,4 4 32,128,16.0,3,1.25,57000,1.408203125,0,12,344,104,52,0,0,0,52,17,42,2.4921875,319.0,0.0,True,False
512,4 4 32,128,16.0,3,1.25,57200,1.357421875,0,8,368,92,44,0,0,0,44,14,46,2.6953125,345.0,0.0,True,False
512,4 4 32,128,16.0,3,1.25,57400,1.31640625,0,4,384,76,48,0,0,0,48,13,32,2.859375,366.0,0.0,True,False
512,4 4 32,128,16.0,3,1.25,57600,1.30078125,0,4,392,72,44,0,0,0,44,13,32,2.921875,374.0,0.0,True,False
512,4 4 32,128,16.0,3,1.25,57800,1.296875,0,0,392,72,48,0,0,0,48,13,32,2.9375,376.0,0.0,True,False
512,4 4 32,128,16.0,3,1.25,58000,1.298828125,0,0,386,80,46,0,0,0,46,15,36,2.9296875,375.0,0.0,True,False
512,4 4 32,128,16.0,3,1.25,58200,1.328125,0,0,376,80,56,0,0,0,56,20,22,2.8125,360.0,0.0,True,False
512,4 4 32,128,16.0,3,1.25,58400,1.328125,0,0,376,80,56,0,0,0,56,20,22,2.8125,360.0,0.0,True,False
512,4 4 32,128,16.0,3,1.25,58600,1.34375,0,0,368,84,60,0,0,0,60,19,22,2.75,352.0,0.0,True,False
512,4 4 32,128,16.0,3,1.25,58800,1.341796875,0,0,366,92,54,0,0,0,54,16,36,2.7578125,353.0,0.0,True,False
512,4 4 32,128,16.0,3,1.25,59000,1.353515625,0,0,362,96,54,0,0,0,54,20,38,2.7109375,347.0,0.0,True,False
512,4 4 32,128,16.0,3,1.25,59200,1.30078125,0,0,380,88,44,0,0,0,44,14,40,2.921875,374.0,0.0,True,False
512,4 4 32,128,16.0,3,1.25,59400,1.328125,0,0,368,96,48,0,0,0,48,17,40,2.8125,360.0,0.0,True,False
512,4 4 32,128,16.0,3,1.25,59600,1.34375,0,0,364,92,56,0,0,0,56,22,16,2.75,352.0,0.0,True,False
512,4 4 32,128,16.0,3,1.25,59800,1.34375,0,0,364,92,56,0,0,0,56,22,16,2.75,352.0,0.0,True,False
512,4 4 32,128,16.0,3,1.25,60000,1.30859375,0,0,372,88,52,0,0,0,52,22,16,2.890625,370.0,0.0,True,False
512,4 4 32,128,16.0,3,1.25,60200,1.30859375,0,0,372,88,52,0,0,0,52,24,16,2.890625,370.0,0.0,True,False
512,4 4 32,128,16.0,3,1.25,60400,1.32421875,0,0,364,92,56,0,0,0,56,23,16,2.828125,362.0,0.0,True,False
512,4 4 32,128,16.0,3,1.25,60600,1.345703125,0,0,375,87,49,1,0,0,50,19,27,2.7421875,351.0,0.0,True,False
512,4 4 32,128,16.0,3,1.25,60800,1.361328125,0,0,367,91,53,1,0,0,54,19,27,2.6796875,343.0,0.0,True,False
512,4 4 32,128,16.0,3,1.25,61000,1.376953125,0,0,359,95,57,1,0,0,58,18,27,2.6171875,335.0,0.0,True,False
512,4 4 32,128,16.0,3,1.25,61200,1.361328125,0,0,367,91,53,1,0,0,54,20,27,2.6796875,343.0,0.0,True,False
512,4 4 32,128,16.0,3,1.25,61400,1.375,0,0,366,86,58,2,0,0,60,20,22,2.625,336.0,0.0,True,False
512,4 4 32,128,16.0,3,1.25,61600,1.34375,0,0,382,78,50,2,0,0,52,22,22,2.75,352.0,0.0,True,False
512,4 4 32,128,16.0,3,1.25,61800,1.34375,0,0,382,78,50,2,0,0,52,22,22,2.75,352.0,0.0,True,False
512,4 4 32,128,16.0,3,1.25,62000,1.357421875,0,0,379,77,53,3,0,0,56,19,24,2.6953125,345.0,0.0,True,False
512,4 4 32,128,16.0,3,1.25,62200,1.33203125,0,0,401,64,45,2,0,0,47,21,20,2.796875,358.0,0.0,True,False
512,4 4 32,128,16.0,3,1.25,62400,1.359375,0,0,389,72,49,2,0,0,51,22,20,2.6875,344.0,0.0,True,False
512,4 4 32,128,16.0,3,1.25,62600,1.345703125,0,0,391,77,41,3,0,0,44,15,20,2.7421875,351.0,0.0,True,False
512,4 4 32,128,16.0,3,1.25,62800,1.373046875,0,0,379,85,45,3,0,0,48,19,20,2.6328125,337.0,0.0,True,False
512,4 4 32,128,16.0,3,1.25,63000,1.3515625,0,0,376,92,44,0,0,0,44,21,24,2.71875,348.0,0.0,True,False
512,4 4 32,128,16.0,3,1.25,63200,1.390625,0,0,352,100,60,0,0,0,60,29,24,2.5625,328.0,0.0,True,False
512,4 4 32,128,16.0,3,1.25,63400,1.40625,0,0,344,104,64,0,0,0,64,27,24,2.5,320.0,0.0,True,False
512,4 4 32,128,16.0,3,1.25,63600,1.421875,0,0,336,108,68,0,0,0,68,26,24,2.4375,312.0,0.0,True,False
512,4 4 32,128,16.0,3,1.25,63800,1.421875,0,0,336,108,68,0,0,0,68,26,24,2.4375,312.0,0.0,True,False
512,4 4 32,128,16.0,3,1.25,64000,1.390625,0,0,352,100,60,0,0,0,60,28,24,2.5625,328.0,0.0,True,False
512,4 4 32,128,16.0,3,1.25,64200,1.36328125,0,0,364,92,56,0,0,0,56,25,24,2.671875,342.0,0.0,True,False
512,4 4 32,128,16.0,3,1.25,64400,1.34765625,0,0,372,88,52,0,0,0,52,24,24,2.734375,350.0,0.0,True,False
512,4 4 32,128,16.0,3,1.25,64600,1.33203125,0,0,380,84,48,0,0,0,48,24,24,2.796875,358.0,0.0,True,False
512,4 4 32,128,16.0,3,1.25,64800,1.306640625,0,0,388,80,44,0,0,0,44,23,20,2.8984375,371.0,0.0,True,False
512,4 4 32,128,16.0,3,1.25,65000,1.3359375,0,0,372,92,48,0,0,0,48,23,30,2.78125,356.0,0.0,True,False
512,4 4 32,128,16.0,3,1.25,65200,1.29296875,0,0,392,80,40,0,0,0,40,18,30,2.953125,378.0,0.0,True,False
512,4 4 32,128,16.0,3,1.25,65400,1.29296875,0,0,392,80,40,0,0,0,40,18,30,2.953125,378.0,0.0,True,False
512,4 4 32,128,16.0,3,1.25,65600,1.283203125,0,0,392,80,40,0,0,0,40,19,28,2.9921875,383.0,0.0,True,False
512,4 4 32,128,16.0,3,1.25,65800,1.267578125,0,0,400,76,36,0,0,0,36,16,28,3.0546875,391.0,0.0,True,False
512,4 4 32,128,16.0,3,1.25,66000,1.267578125,0,0,400,76,36,0,0,0,36,18,28,3.0546875,391.0,0.0,True,False
512,4 4 32,128,16.0,3,1.25,66200,1.267578125,0,0,400,76,36,0,0,0,36,18,28,3.0546875,391.0,0.0,True,False
512,4 4 32,128,16.0,3,1.25,66400,1.267578125,0,0,400,76,36,0,0,0,36,18,28,3.0546875,391.0,0.0,True,False
512,4 4 32,128,16.0,3,1.25,66600,1.267578125,0,0,400,76,36,0,0,0,36,18,28,3.0546875,391.0,0.0,True,False
512,4 4 32,128,16.0,3,1.25,66800,1.294921875,0,0,388,84,40,0,0,0,40,22,28,2.9453125,377.0,0.0,True,False
512,4 4 32,128,16.0,3,1.25,67000,1.298828125,0,0,384,84,44,0,0,0,44,16,28,2.9296875,375.0,0.0,True,False
512,4 4 32,128,16.0,3,1.25,67200,1.25390625,0,0,396,72,44,0,0,0,44,15,16,3.109375,398.0,0.0,True,False
512,4 4 32,128,16.0,3,1.25,67400,1.28125,0,0,384,80,48,0,0,0,48,18,18,3.0,384.0,0.0,True,False
512,4 4 32,128,16.0,3,1.25,67600,1.23828125,0,0,404,68,40,0,0,0,40,16,16,3.171875,406.0,0.0,True,False
512,4 4 32,128,16.0,3,1.25,67800,1.2109375,0,0,416,60,36,0,0,0,36,12,16,3.28125,420.0,0.0,True,False
512,4 4 32,128,16.0,3,1.25,68000,1.21484375,0,0,412,60,40,0,0,0,40,10,18,3.265625,418.0,0.0,True,False
512,4 4 32,128,16.0,3,1.25,68200,1.2578125,0,0,392,72,48,0,0,0,48,16,18,3.09375,396.0,0.0,True,False
512,4 4 32,128,16.0,3,1.25,68400,1.3125,0,0,368,88,56,0,0,0,56,22,18,2.875,368.0,0.0,True,False
512,4 4 32,128,16.0,3,1.25,68600,1.28515625,0,0,380,80,52,0,0,0,52,19,18,2.984375,382.0,0.0,True,False
512,4 4 32,128,16.0,3,1.25,68800,1.30078125,0,0,372,84,56,0,0,0,56,20,18,2.921875,374.0,0.0,True,False
512,4 4 32,128,16.0,3,1.25,69000,1.3046875,0,0,368,84,60,0,0,0,60,17,34,2.90625,372.0,0.0,True,False
512,4 4 32,128,16.0,3,1.25,69200,1.328125,0,0,376,80,56,0,0,0,56,17,24,2.8125,360.0,0.0,True,False
512,4 4 32,128,16.0,3,1.25,69400,1.306640625,0,0,386,84,42,0,0,0,42,16,22,2.8984375,371.0,0.0,True,False
512,4 4 32,128,16.0,3,1.25,69600,1.279296875,0,0,398,76,38,0,0,0,38,15,18,3.0078125,385.0,0.0,True,False
512,4 4 32,128,16.0,3,1.25,69800,1.25,0,0,400,72,40,0,0,0,40,21,16,3.125,400.0,0.0,True,False
512,4 4 32,128,16.0,3,1.25,70000,1.31640625,0,0,376,84,52,0,0,0,52,22,18,2.859375,366.0,0.0,True,False
512,4 4 32,128,16.0,3,1.25,70200,1.37109375,0,0,352,100,60,0,0,0,60,27,18,2.640625,338.0,0.0,True,False
512,4 4 32,128,16.0,3,1.25,70400,1.34375,0,0,364,92,56,0,0,0,56,23,18,2.75,352.0,0.0,True,False
512,4 4 32,128,16.0,3,1.25,70600,1.28125,0,0,384,80,48,0,0,0,48,20,22,3.0,384.0,0.0,True,False
512,4 4 32,128,16.0,3,1.25,70800,1.34375,0,0,360,100,52,0,0,0,52,19,22,2.75,352.0,0.0,True,False
512,4 4 32,128,16.0,3,1.25,71000,1.28125,0,0,384,80,48,0,0,0,48,21,22,3.0,384.0,0.0,True,False
512,4 4 32,128,16.0,3,1.25,71200,1.265625,0,0,392,76,44,0,0,0,44,21,18,3.0625,392.0,0.0,True,False
512,4 4 32,128,16.0,3,1.25,71400,1.30859375,0,0,372,88,52,0,0,0,52,26,20,2.890625,370.0,0.0,True,False
512,4 4 32,128,16.0,3,1.25,71600,1.28125,0,0,384,80,48,0,0,0,48,22,20,3.0,384.0,0.0,True,False
512,4 4 32,128,16.0,3,1.25,71800,1.28125,0,0,384,80,48,0,0,0,48,22,20,3.0,384.0,0.0,True,False
512,4 4 32,128,16.0,3,1.25,72000,1.28125,0,0,384,80,48,0,0,0,48,22,20,3.0,384.0,0.0,True,False
512,4 4 32,128,16.0,3,1.25,72200,1.35546875,0,0,364,88,60,0,0,0,60,25,18,2.703125,346.0,0.0,True,False
512,4 4 32,128,16.0,3,1.25,72400,1.33984375,0,0,372,84,56,0,0,0,56,27,16,2.765625,354.0,0.0,True,False
512,4 4 32,128,16.0,3,1.25,72600,1.3125,0,0,368,88,56,0,0,0,56,20,18,2.875,368.0,0.0,True,False
512,4 4 32,128,16.0,3,1.25,72800,1.30078125,0,0,372,84,56,0,0,0,56,17,20,2.921875,374.0,0.0,True,False
512,4 4 32,128,16.0,3,1.25,73000,1.33984375,0,0,356,96,60,0,0,0,60,22,20,2.765625,354.0,0.0,True,False
512,4 4 32,128,16.0,3,1.25,73200,1.30859375,0,0,372,88,52,0,0,0,52,24,18,2.890625,370.0,0.0,True,False
512,4 4 32,128,16.0,3,1.25,73400,1.29296875,0,0,380,84,48,0,0,0,48,25,18,2.953125,378.0,0.0,True,False
512,4 4 32,128,16.0,3,1.25,73600,1.26953125,0,0,388,76,48,0,0,0,48,21,20,3.046875,390.0,0.0,True,False
512,4 4 32,128,16.0,3,1.25,73800,1.26953125,0,0,388,76,48,0,0,0,48,20,20,3.046875,390.0,0.0,True,False
512,4 4 32,128,16.0,3,1.25,74000,1.328125,0,0,360,92,60,0,0,0,60,24,20,2.8125,360.0,0.0,True,False
512,4 4 32,128,16.0,3,1.25,74200,1.33984375,0,0,356,96,60,0,0,0,60,25,20,2.765625,354.0,0.0,True,False
512,4 4 32,128,16.0,3,1.25,74400,1.296875,0,0,376,84,52,0,0,0,52,21,20,2.9375,376.0,0.0,True,False
512,4 4 32,128,16.0,3,1.25,74600,1.296875,0,0,376,84,52,0,0,0,52,21,20,2.9375,376.0,0.0,True,False
512,4 4 32,128,16.0,3,1.25,74800,1.314453125,0,0,376,88,48,0,0,0,48,16,40,2.8671875,367.0,0.0,True,False
512,4 4 32,128,16.0,3,1.25,75000,1.38671875,0,0,354,105,52,1,0,0,53,15,48,2.578125,330.0,0.0,True,False
512,4 4 32,128,16.0,3,1.25,75200,1.40625,0,0,350,113,48,1,0,0,49,15,46,2.5,320.0,0.0,True,False
512,4 4 32,128,16.0,3,1.25,75400,1.35546875,0,0,370,97,44,1,0,0,45,17,36,2.703125,346.0,0.0,True,False
512,4 4 32,128,16.0,3,1.25,75600,1.37109375,0,0,362,101,48,1,0,0,49,16,38,2.640625,338.0,0.0,True,False
512,4 4 32,128,16.0,3,1.25,75800,1.37109375,0,0,362,101,48,1,0,0,49,17,38,2.640625,338.0,0.0,True,False
512,4 4 32,128,16.0,3,1.25,76000,1.37109375,0,0,362,101,48,1,0,0,49,17,36,2.640625,338.0,0.0,True,False
512,4 4 32,128,16.0,3,1.25,76200,1.3984375,0,0,350,109,52,1,0,0,53,18,42,2.53125,324.0,0.0,True,False
512,4 4 32,128,16.0,3,1.25,76400,1.392578125,0,0,340,120,52,0,0,0,52,23,42,2.5546875,327.0,0.0,True,False
512,4 4 32,128,16.0,3,1.25,76600,1.30078125,0,0,380,88,44,0,0,0,44,18,22,2.921875,374.0,0.0,True,False
512,4 4 32,128,16.0,3,1.25,76800,1.25,0,0,400,72,40,0,0,0,40,17,22,3.125,400.0,0.0,True,False
512,4 4 32,128,16.0,3,1.25,77000,1.22265625,0,0,412,64,36,0,0,0,36,14,22,3.234375,414.0,0.0,True,False
512,4 4 32,128,16.0,3,1.25,77200,1.16796875,0,0,436,48,28,0,0,0,28,10,16,3.453125,442.0,0.0,True,False
512,4 4 32,128,16.0,3,1.25,77400,1.16796875,0,0,436,48,28,0,0,0,28,10,16,3.453125,442.0,0.0,True,False
512,4 4 32,128,16.0,3,1.25,77600,1.2109375,0,0,416,60,36,0,0,0,36,12,18,3.28125,420.0,0.0,True,False
512,4 4 32,128,16.0,3,1.25,77800,1.22265625,0,0,412,64,36,0,0,0,36,17,16,3.234375,414.0,0.0,True,False
512,4 4 32,128,16.0,3,1.25,78000,1.26171875,0,0,400,68,44,0,0,0,44,15,18,3.078125,394.0,0.0,True,False
512,4 4 32,128,16.0,3,1.25,78200,1.3046875,0,0,380,80,52,0,0,0,52,18,18,2.90625,372.0,0.0,True,False
512,4 4 32,128,16.0,3,1.25,78400,1.2890625,0,0,388,76,48,0,0,0,48,17,18,2.96875,380.0,0.0,True,False
512,4 4 32,128,16.0,3,1.25,78600,1.29296875,0,0,380,84,48,0,0,0,48,23,18,2.953125,378.0,0.0,True,False
512,4 4 32,128,16.0,3,1.25,78800,1.265625,0,0,392,76,44,0,0,0,44,21,18,3.0625,392.0,0.0,True,False
512,4 4 32,128,16.0,3,1.25,79000,1.296875,0,0,376,84,52,0,0,0,52,21,18,2.9375,376.0,0.0,True,False
512,4 4 32,128,16.0,3,1.25,79200,1.3203125,0,0,368,92,52,0,0,0,52,26,16,2.84375,364.0,0.0,True,False
512,4 4 32,128,16.0,3,1.25,79400,1.3203125,0,0,368,92,52,0,0,0,52,26,16,2.84375,364.0,0.0,True,False
512,4 4 32,128,16.0,3,1.25,79600,1.3203125,0,0,368,92,52,0,0,0,52,27,16,2.84375,364.0,0.0,True,False
512,4 4 32,128,16.0,3,1.25,79800,1.28125,0,0,384,80,48,0,0,0,48,19,16,3.0,384.0,0.0,True,False
512,4 4 32,128,16.0,3,1.25,80000,1.25390625,0,0,396,72,44,0,0,0,44,16,16,3.109375,398.0,0.0,True,False
512,4 4 32,128,16.0,3,1.25,80200,1.2734375,0,0,392,80,40,0,0,0,40,14,20,3.03125,388.0,0.0,True,False
512,4 4 32,128,16.0,3,1.25,80400,1.328125,0,0,368,96,48,0,0,0,48,21,20,2.8125,360.0,0.0,True,False
512,4 4 32,128,16.0,3,1.25,80600,1.30078125,0,0,380,88,44,0,0,0,44,17,20,2.921875,374.0,0.0,True,False
512,4 4 32,128,16.0,3,1.25,80800,1.296875,0,0,376,84,52,0,0,0,52,19,24,2.9375,376.0,0.0,True,False
512,4 4 32,128,16.0,3,1.25,81000,1.28125,0,0,384,80,48,0,0,0,48,18,16,3.0,384.0,0.0,True,False
512,4 4 32,128,16.0,3,1.25,81200,1.28125,0,0,384,80,48,0,0,0,48,18,16,3.0,384.0,0.0,True,False
512,4 4 32,128,16.0,3,1.25,81400,1.28515625,0,0,388,84,40,0,0,0,40,16,16,2.984375,382.0,0.0,True,False
512,4 4 32,128,16.0,3,1.25,81600,1.296875,0,0,376,84,52,0,0,0,52,20,20,2.9375,376.0,0.0,True,False
512,4 4 32,128,16.0,3,1.25,81800,1.2734375,0,0,392,80,40,0,0,0,40,13,20,3.03125,388.0,0.0,True,False
512,4 4 32,128,16.0,3,1.25,82000,1.33203125,0,0,364,96,52,0,0,0,52,15,20,2.796875,358.0,0.0,True,False
512,4 4 32,128,16.0,3,1.25,82200,1.28125,0,0,384,80,48,0,0,0,48,21,20,3.0,384.0,0.0,True,False
512,4 4 32,128,16.0,3,1.25,82400,1.296875,0,0,376,84,52,0,0,0,52,22,20,2.9375,376.0,0.0,True,False
512,4 4 32,128,16.0,3,1.25,82600,1.265625,0,0,392,76,44,0,0,0,44,22,16,3.0625,392.0,0.0,True,False
512,4 4 32,128,16.0,3,1.25,82800,1.2109375,0,0,416,60,36,0,0,0,36,14,16,3.28125,420.0,0.0,True,False
512,4 4 32,128,16.0,3,1.25,83000,1.2265625,0,0,408,64,40,0,0,0,40,14,20,3.21875,412.0,0.0,True,False
512,4 4 32,128,16.0,3,1.25,83200,1.26953125,0,0,388,76,48,0,0,0,48,19,24,3.046875,390.0,0.0,True,False
512,4 4 32,128,16.0,3,1.25,83400,1.2578125,0,0,392,72,48,0,0,0,48,14,24,3.09375,396.0,0.0,True,False
512,4 4 32,128,16.0,3,1.25,83600,1.2265625,0,0,408,64,40,0,0,0,40,13,20,3.21875,412.0,0.0,True,False
512,4 4 32,128,16.0,3,1.25,83800,1.28125,0,0,394,80,38,0,0,0,38,15,32,3.0,384.0,0.0,True,False
512,4 4 32,128,16.0,3,1.25,84000,1.30859375,0,0,382,88,42,0,0,0,42,17,36,2.890625,370.0,0.0,True,False
512,4 4 32,128,16.0,3,1.25,84200,1.28125,0,0,394,80,38,0,0,0,38,16,36,3.0,384.0,0.0,True,False
512,4 4 32,128,16.0,3,1.25,84400,1.265625,0,0,402,76,34,0,0,0,34,16,32,3.0625,392.0,0.0,True,False
512,4 4 32,128,16.0,3,1.25,84600,1.2109375,0,0,416,60,36,0,0,0,36,15,16,3.28125,420.0,0.0,True,False
512,4 4 32,128,16.0,3,1.25,84800,1.2578125,0,0,404,68,40,0,0,0,40,16,18,3.09375,396.0,0.0,True,False
512,4 4 32,128,16.0,3,1.25,85000,1.23828125,0,0,404,68,40,0,0,0,40,13,18,3.171875,406.0,0.0,True,False
512,4 4 32,128,16.0,3,1.25,85200,1.25390625,0,0,396,72,44,0,0,0,44,14,18,3.109375,398.0,0.0,True,False
512,4 4 32,128,16.0,3,1.25,85400,1.25390625,0,0,396,72,44,0,0,0,44,14,18,3.109375,398.0,0.0,True,False
512,4 4 32,128,16.0,3,1.25,85600,1.298828125,0,0,390,72,50,0,0,0,50,14,18,2.9296875,375.0,0.0,True,False
512,4 4 32,128,16.0,3,1.25,85800,1.298828125,0,0,390,72,50,0,0,0,50,17,18,2.9296875,375.0,0.0,True,False
512,4 4 32,128,16.0,3,1.25,86000,1.271484375,0,0,402,64,46,0,0,0,46,16,16,3.0390625,389.0,0.0,True,False
512,4 4 32,128,16.0,3,1.25,86200,1.271484375,0,0,402,64,46,0,0,0,46,15,18,3.0390625,389.0,0.0,True,False
512,4 4 32,128,16.0,3,1.25,86400,1.271484375,0,0,402,64,46,0,0,0,46,16,18,3.0390625,389.0,0.0,True,False
512,4 4 32,128,16.0,3,1.25,86600,1.271484375,0,0,402,64,46,0,0,0,46,16,18,3.0390625,389.0,0.0,True,False
512,4 4 32,128,16.0,3,1.25,86800,1.24609375,0,0,408,64,40,0,0,0,40,15,18,3.140625,402.0,0.0,True,False
512,4 4 32,128,16.0,3,1.25,87000,1.2109375,0,0,416,60,36,0,0,0,36,15,18,3.28125,420.0,0.0,True,False
512,4 4 32,128,16.0,3,1.25,87200,1.22265625,0,0,412,64,36,0,0,0,36,18,16,3.234375,414.0,0.0,True,False
512,4 4 32,128,16.0,3,1.25,87400,1.1953125,0,0,424,56,32,0,0,0,32,11,18,3.34375,428.0,0.0,True,False
512,4 4 32,128,16.0,3,1.25,87600,1.16796875,0,0,436,48,28,0,0,0,28,10,16,3.453125,442.0,0.0,True,False
512,4 4 32,128,16.0,3,1.25,87800,1.22265625,0,0,412,64,36,0,0,0,36,18,16,3.234375,414.0,0.0,True,False
512,4 4 32,128,16.0,3,1.25,88000,1.18359375,0,0,428,52,32,0,0,0,32,8,18,3.390625,434.0,0.0,True,False
512,4 4 32,128,16.0,3,1.25,88200,1.24609375,0,0,408,64,40,0,0,0,40,14,18,3.140625,402.0,0.0,True,False
512,4 4 32,128,16.0,3,1.25,88400,1.21875,0,0,420,56,36,0,0,0,36,13,18,3.25,416.0,0.0,True,False
512,4 4 32,128,16.0,3,1.25,88600,1.21875,0,0,420,56,36,0,0,0,36,13,18,3.25,416.0,0.0,True,False
512,4 4 32,128,16.0,3,1.25,88800,1.255859375,0,0,410,60,42,0,0,0,42,13,18,3.1015625,397.0,0.0,True,False
512,4 4 32,128,16.0,3,1.25,89000,1.298828125,0,0,390,72,50,0,0,0,50,14,18,2.9296875,375.0,0.0,True,False
512,4 4 32,128,16.0,3,1.25,89200,1.283203125,0,0,398,68,46,0,0,0,46,14,22,2.9921875,383.0,0.0,True,False
512,4 4 32,128,16.0,3,1.25,89400,1.255859375,0,0,410,60,42,0,0,0,42,14,18,3.1015625,397.0,0.0,True,False
512,4 4 32,128,16.0,3,1.25,89600,1.19921875,0,0,420,56,36,0,0,0,36,12,20,3.328125,426.0,0.0,True,False
512,4 4 32,128,16.0,3,1.25,89800,1.2265625,0,0,408,64,40,0,0,0,40,16,20,3.21875,412.0,0.0,True,False
512,4 4 32,128,16.0,3,1.25,90000,1.234375,0,0,412,60,40,0,0,0,40,14,20,3.1875,408.0,0.0,True,False
512,4 4 32,128,16.0,3,1.25,90200,1.24609375,0,0,408,64,40,0,0,0,40,17,16,3.140625,402.0,0.0,True,False
512,4 4 32,128,16.0,3,1.25,90400,1.23828125,0,0,404,68,40,0,0,0,40,16,18,3.171875,406.0,0.0,True,False
512,4 4 32,128,16.0,3,1.25,90600,1.26953125,0,0,388,76,48,0,0,0,48,16,26,3.046875,390.0,0.0,True,False
512,4 4 32,128,16.0,3,1.25,90800,1.2421875,0,0,400,68,44,0,0,0,44,13,26,3.15625,404.0,0.0,True,False
512,4 4 32,128,16.0,3,1.25,91000,1.2421875,0,0,400,68,44,0,0,0,44,13,26,3.15625,404.0,0.0,True,False
512,4 4 32,128,16.0,3,1.25,91200,1.2421875,0,0,400,68,44,0,0,0,44,13,26,3.15625,404.0,0.0,True,False
512,4 4 32,128,16.0,3,1.25,91400,1.2265625,0,0,408,64,40,0,0,0,40,14,24,3.21875,412.0,0.0,True,False
512,4 4 32,128,16.0,3,1.25,91600,1.26953125,0,0,388,76,48,0,0,0,48,18,24,3.046875,390.0,0.0,True,False
512,4 4 32,128,16.0,3,1.25,91800,1.28515625,0,0,380,80,52,0,0,0,52,16,24,2.984375,382.0,0.0,True,False
512,4 4 32,128,16.0,3,1.25,92000,1.306640625,0,3,385,78,45,1,0,0,46,15,30,2.8984375,371.0,0.0,True,False
512,4 4 32,128,16.0,3,1.25,92200,1.318359375,0,3,381,82,45,1,0,0,46,17,30,2.8515625,365.0,0.0,True,False
512,4 4 32,128,16.0,3,1.25,92400,1.259765625,0,3,409,66,33,1,0,0,34,13,26,3.0859375,395.0,0.0,True,False
512,4 4 32,128,16.0,3,1.25,92600,1.26171875,0,4,402,72,34,0,0,0,34,12,28,3.078125,394.0,0.0,True,False
512,4 4 32,128,16.0,3,1.25,92800,1.26171875,0,4,402,72,34,0,0,0,34,15,24,3.078125,394.0,0.0,True,False
512,4 4 32,128,16.0,3,1.25,93000,1.27734375,0,4,394,76,38,0,0,0,38,14,24,3.015625,386.0,0.0,True,False
512,4 4 32,128,16.0,3,1.25,93200,1.29296875,0,4,386,80,42,0,0,0,42,15,24,2.953125,378.0,0.0,True,False
512,4 4 32,128,16.0,3,1.25,93400,1.326171875,0,0,374,88,50,0,0,0,50,19,24,2.8203125,361.0,0.0,True,False
512,4 4 32,128,16.0,3,1.25,93600,1.337890625,0,0,370,92,50,0,0,0,50,27,24,2.7734375,355.0,0.0,True,False
512,4 4 32,128,16.0,3,1.25,93800,1.37890625,0,0,356,96,60,0,0,0,60,26,22,2.609375,334.0,0.0,True,False
512,4 4 32,128,16.0,3,1.25,94000,1.359375,0,0,368,92,52,0,0,0,52,20,22,2.6875,344.0,0.0,True,False
512,4 4 32,128,16.0,3,1.25,94200,1.34375,0,0,376,88,48,0,0,0,48,19,22,2.75,352.0,0.0,True,False
512,4 4 32,128,16.0,3,1.25,94400,1.314453125,0,0,386,88,38,0,0,0,38,14,32,2.8671875,367.0,0.0,True,False
512,4 4 32,128,16.0,3,1.25,94600,1.30859375,0,4,386,88,34,0,0,0,34,14,32,2.890625,370.0,0.0,True,False
512,4 4 32,128,16.0,3,1.25,94800,1.32421875,0,4,378,92,38,0,0,0,38,14,32,2.828125,362.0,0.0,True,False
512,4 4 32,128,16.0,3,1.25,95000,1.333984375,0,2,380,94,36,0,0,0,36,15,38,2.7890625,357.0,0.0,True,False
512,4 4 32,128,16.0,3,1.25,95200,1.3203125,0,2,398,86,26,0,0,0,26,9,38,2.84375,364.0,0.0,True,False
512,4 4 32,128,16.0,3,1.25,95400,1.3515625,0,2,382,94,34,0,0,0,34,12,38,2.71875,348.0,0.0,True,False
512,4 4 32,128,16.0,3,1.25,95600,1.380859375,0,2,372,94,44,0,0,0,44,19,38,2.6015625,333.0,0.0,True,False
512,4 4 32,128,16.0,3,1.25,95800,1.396484375,0,2,364,98,48,0,0,0,48,22,38,2.5390625,325.0,0.0,True,False
512,4 4 32,128,16.0,3,1.25,96000,1.326171875,0,4,384,76,48,0,0,0,48,17,22,2.8203125,361.0,0.0,True,False
512,4 4 32,128,16.0,3,1.25,96200,1.36328125,0,4,403,66,35,4,0,0,39,17,22,2.671875,342.0,0.0,True,False
512,4 4 32,128,16.0,3,1.25,96400,1.396484375,0,0,391,74,43,4,0,0,47,21,22,2.5390625,325.0,0.0,True,False
512,4 4 32,128,16.0,3,1.25,96600,1.384765625,0,0,395,70,43,4,0,0,47,16,22,2.5859375,331.0,0.0,True,False
512,4 4 32,128,16.0,3,1.25,96800,1.396484375,0,0,391,74,43,4,0,0,47,15,28,2.5390625,325.0,0.0,True,False
512,4 4 32,128,16.0,3,1.25,97000,1.390625,0,4,391,74,39,4,0,0,43,15,22,2.5625,328.0,0.0,True,False
512,4 4 32,128,16.0,3,1.25,97200,1.365234375,0,4,398,71,36,3,0,0,39,14,22,2.6640625,341.0,0.0,True,False
512,4 4 32,128,16.0,3,1.25,97400,1.376953125,0,4,395,73,37,3,0,0,40,17,25,2.6171875,335.0,0.0,True,False
512,4 4 32,128,16.0,3,1.25,97600,1.376953125,0,4,395,73,37,3,0,0,40,17,25,2.6171875,335.0,0.0,True,False
512,4 4 32,128,16.0,3,1.25,97800,1.376953125,0,4,395,73,37,3,0,0,40,17,25,2.6171875,335.0,0.0,True,False
512,4 4 32,128,16.0,3,1.25,98000,1.28515625,0,4,416,59,30,3,0,0,33,13,22,2.984375,382.0,0.0,True,False
512,4 4 32,128,16.0,3,1.25,98200,1.3125,0,4,404,67,34,3,0,0,37,15,24,2.875,368.0,0.0,True,False
512,4 4 32,128,16.0,3,1.25,98400,1.3125,0,4,404,67,34,3,0,0,37,15,24,2.875,368.0,0.0,True,False
512,4 4 32,128,16.0,3,1.25,98600,1.35546875,0,4,386,77,41,3,1,0,45,20,20,2.703125,346.0,0.0,True,False
512,4 4 32,128,16.0,3,1.25,98800,1.3515625,0,4,407,61,37,3,0,0,40,14,23,2.71875,348.0,0.0,True,False
512,4 4 32,128,16.0,3,1.25,99000,1.412109375,0,3,392,70,44,3,0,0,47,13,30,2.4765625,317.0,0.0,True,False
512,4 4 32,128,16.0,3,1.25,99200,1.408203125,0,3,381,79,48,0,1,0,49,14,29,2.4921875,319.0,0.0,True,False
512,4 4 32,128,16.0,3,1.25,99400,1.35546875,0,3,399,69,41,0,0,0,41,15,25,2.703125,346.0,0.0,True,False
512,4 4 32,128,16.0,3,1.25,99600,1.349609375,0,3,391,78,39,1,0,0,40,14,30,2.7265625,349.0,0.0,True,False
512,4 4 32,128,16.0,3,1.25,99800,1.322265625,0,3,401,74,33,1,0,0,34,12,32,2.8359375,363.0,0.0,True,False
512,4 4 32,128,16.0,3,1.25,100000,1.322265625,0,3,401,74,33,1,0,0,34,12,32,2.8359375,363.0,0.0,True,True
512,4 4 32,128,16.0,4,1.25,0,2.0,0,512,0,0,0,0,0,0,0,0,0,0.125,16.0,0.0,False,False
512,4 4 32,128,16.0,4,1.25,200,2.03125,0,496,12,0,4,0,0,0,4,0,0,0.0,0.0,0.0,True,False
512,4 4 32,128,16.0,4,1.25,400,2.0234375,0,480,24,4,0,4,0,0,4,2,2,0.03125,4.0,0.0,True,False
512,4 4 32,128,16.0,4,1.25,600,2.0234375,0,480,24,4,0,4,0,0,4,2,2,0.03125,4.0,0.0,True,False
512,4 4 32,128,16.0,4,1.25,800,2.0234375,0,480,24,4,0,4,0,0,4,2,2,0.03125,4.0,0.0,True,False
512,4 4 32,128,16.0,4,1.25,1000,2.0234375,0,480,24,4,0,4,0,0,4,2,2,0.03125,4.0,0.0,True,False
512,4 4 32,128,16.0,4,1.25,1200,2.0234375,0,480,24,4,0,4,0,0,4,2,2,0.03125,4.0,0.0,True,False
512,4 4 32,128,16.0,4,1.25,1400,2.0234375,0,480,24,4,0,4,0,0,4,2,2,0.03125,4.0,0.0,True,False
512,4 4 32,128,16.0,4,1.25,1600,2.015625,0,464,36,4,4,4,0,0,8,2,2,0.0625,8.0,0.0,True,False
512,4 4 32,128,16.0,4,1.25,1800,2.0078125,0,448,48,4,8,4,0,0,12,2,2,0.09375,12.0,0.0,True,False
512,4 4 32,128,16.0,4,1.25,2000,2.0078125,0,448,48,4,8,4,0,0,12,2,2,0.09375,12.0,0.0,True,False
512,4 4 32,128,16.0,4,1.25,2200,2.0078125,0,448,48,4,8,4,0,0,12,2,2,0.09375,12.0,0.0,True,False
512,4 4 32,128,16.0,4,1.25,2400,2.0078125,0,448,48,4,8,4,0,0,12,2,2,0.09375,12.0,0.0,True,False
512,4 4 32,128,16.0,4,1.25,2600,2.0078125,0,448,48,4,8,4,0,0,12,2,2,0.09375,12.0,0.0,True,False
512,4 4 32,128,16.0,4,1.25,2800,2.0078125,0,448,48,4,8,4,0,0,12,2,2,0.09375,12.0,0.0,True,False
512,4 4 32,128,16.0,4,1.25,3000,2.0078125,0,448,48,4,8,4,0,0,12,2,2,0.09375,12.0,0.0,True,False
512,4 4 32,128,16.0,4,1.25,3200,2.0078125,0,448,48,4,8,4,0,0,12,2,2,0.09375,12.0,0.0,True,False
512,4 4 32,128,16.0,4,1.25,3400,2.0078125,0,448,48,4,8,4,0,0,12,2,2,0.09375,12.0,0.0,True,False
512,4 4 32,128,16.0,4,1.25,3600,2.0078125,0,448,48,4,8,4,0,0,12,2,2,0.09375,12.0,0.0,True,False
512,4 4 32,128,16.0,4,1.25,3800,2.0078125,0,448,48,4,8,4,0,0,12,2,2,0.09375,12.0,0.0,True,False
512,4 4 32,128,16.0,4,1.25,4000,2.0078125,0,448,48,4,8,4,0,0,12,2,2,0.09375,12.0,0.0,True,False
512,4 4 32,128,16.0,4,1.25,4200,2.0,0,432,60,4,12,4,0,0,16,2,2,0.125,16.0,0.0,True,False
512,4 4 32,128,16.0,4,1.25,4400,2.0,0,432,60,4,12,4,0,0,16,2,2,0.125,16.0,0.0,True,False
512,4 4 32,128,16.0,4,1.25,4600,2.0,0,432,60,4,12,4,0,0,16,2,2,0.125,16.0,0.0,True,False
512,4 4 32,128,16.0,4,1.25,4800,2.0,0,432,60,4,12,4,0,0,16,2,2,0.125,16.0,0.0,True,False
512,4 4 32,128,16.0,4,1.25,5000,2.0,0,432,60,4,12,4,0,0,16,2,2,0.125,16.0,0.0,True,False
512,4 4 32,128,16.0,4,1.25,5200,2.0,0,432,60,4,12,4,0,0,16,2,2,0.125,16.0,0.0,True,False
512,4 4 32,128,16.0,4,1.25,5400,2.0,0,432,60,4,12,4,0,0,16,2,2,0.125,16.0,0.0,True,False
512,4 4 32,128,16.0,4,1.25,5600,2.0,0,432,60,4,12,4,0,0,16,2,2,0.125,16.0,0.0,True,False
512,4 4 32,128,16.0,4,1.25,5800,2.0,0,432,60,4,12,4,0,0,16,2,2,0.125,16.0,0.0,True,False
512,4 4 32,128,16.0,4,1.25,6000,2.0,0,432,60,4,12,4,0,0,16,2,2,0.125,16.0,0.0,True,False
512,4 4 32,128,16.0,4,1.25,6200,2.0,0,432,60,4,12,4,0,0,16,2,2,0.125,16.0,0.0,True,False
512,4 4 32,128,16.0,4,1.25,6400,2.0,0,432,60,4,12,4,0,0,16,2,2,0.125,16.0,0.0,True,False
512,4 4 32,128,16.0,4,1.25,6600,2.0,0,432,60,4,12,4,0,0,16,2,2,0.125,16.0,0.0,True,False
512,4 4 32,128,16.0,4,1.25,6800,1.9921875,0,416,72,4,16,4,0,0,20,2,2,0.15625,20.0,0.0,True,False
512,4 4 32,128,16.0,4,1.25,7000,1.9921875,0,416,72,4,16,4,0,0,20,2,2,0.15625,20.0,0.0,True,False
512,4 4 32,128,16.0,4,1.25,7200,1.9921875,0,416,72,4,16,4,0,0,20,2,2,0.15625,20.0,0.0,True,False
512,4 4 32,128,16.0,4,1.25,7400,1.9921875,0,416,72,4,16,4,0,0,20,2,2,0.15625,20.0,0.0,True,False
512,4 4 32,128,16.0,4,1.25,7600,1.9921875,0,416,72,4,16,4,0,0,20,2,2,0.15625,20.0,0.0,True,False
512,4 4 32,128,16.0,4,1.25,7800,1.9921875,0,416,72,4,16,4,0,0,20,2,2,0.15625,20.0,0.0,True,False
512,4 4 32,128,16.0,4,1.25,8000,1.9921875,0,416,72,4,16,4,0,0,20,2,2,0.15625,20.0,0.0,True,False
512,4 4 32,128,16.0,4,1.25,8200,1.9921875,0,416,72,4,16,4,0,0,20,2,2,0.15625,20.0,0.0,True,False
512,4 4 32,128,16.0,4,1.25,8400,1.9921875,0,416,72,4,16,4,0,0,20,2,2,0.15625,20.0,0.0,True,False
512,4 4 32,128,16.0,4,1.25,8600,1.9921875,0,416,72,4,16,4,0,0,20,2,2,0.15625,20.0,0.0,True,False
512,4 4 32,128,16.0,4,1.25,8800,1.984375,0,400,84,4,20,4,0,0,24,2,2,0.1875,24.0,0.0,True,False
512,4 4 32,128,16.0,4,1.25,9000,1.984375,0,400,84,4,20,4,0,0,24,2,2,0.1875,24.0,0.0,True,False
512,4 4 32,128,16.0,4,1.25,9200,1.984375,0,400,84,4,20,4,0,0,24,2,2,0.1875,24.0,0.0,True,False
512,4 4 32,128,16.0,4,1.25,9400,1.984375,0,400,84,4,20,4,0,0,24,2,2,0.1875,24.0,0.0,True,False
512,4 4 32,128,16.0,4,1.25,9600,1.984375,0,400,84,4,20,4,0,0,24,2,2,0.1875,24.0,0.0,True,False
512,4 4 32,128,16.0,4,1.25,9800,1.984375,0,400,84,4,20,4,0,0,24,2,2,0.1875,24.0,0.0,True,False
512,4 4 32,128,16.0,4,1.25,10000,1.984375,0,400,84,4,20,4,0,0,24,2,2,0.1875,24.0,0.0,True,False
512,4 4 32,128,16.0,4,1.25,10200,1.984375,0,400,84,4,20,4,0,0,24,2,2,0.1875,24.0,0.0,True,False
512,4 4 32,128,16.0,4,1.25,10400,1.984375,0,400,84,4,20,4,0,0,24,2,2,0.1875,24.0,0.0,True,False
512,4 4 32,128,16.0,4,1.25,10600,1.984375,0,400,84,4,20,4,0,0,24,2,2,0.1875,24.0,0.0,True,False
512,4 4 32,128,16.0,4,1.25,10800,1.984375,0,400,84,4,20,4,0,0,24,2,2,0.1875,24.0,0.0,True,False
512,4 4 32,128,16.0,4,1.25,11000,1.984375,0,400,84,4,20,4,0,0,24,2,2,0.1875,24.0,0.0,True,False
512,4 4 32,128,16.0,4,1.25,11200,1.984375,0,400,84,4,20,4,0,0,24,2,2,0.1875,24.0,0.0,True,False
512,4 4 32,128,16.0,4,1.25,11400,1.984375,0,400,84,4,20,4,0,0,24,2,2,0.1875,24.0,0.0,True,False
512,4 4 32,128,16.0,4,1.25,11600,1.984375,0,400,84,4,20,4,0,0,24,2,2,0.1875,24.0,0.0,True,False
512,4 4 32,128,16.0,4,1.25,11800,1.984375,0,400,84,4,20,4,0,0,24,2,2,0.1875,24.0,0.0,True,False
512,4 4 32,128,16.0,4,1.25,12000,1.984375,0,400,84,4,20,4,0,0,24,2,2,0.1875,24.0,0.0,True,False
512,4 4 32,128,16.0,4,1.25,12200,1.9765625,0,384,96,4,24,4,0,0,28,2,2,0.21875,28.0,0.0,True,False
512,4 4 32,128,16.0,4,1.25,12400,1.9765625,0,384,96,4,24,4,0,0,28,2,2,0.21875,28.0,0.0,True,False
512,4 4 32,128,16.0,4,1.25,12600,1.9765625,0,384,96,4,24,4,0,0,28,2,2,0.21875,28.0,0.0,True,False
512,4 4 32,128,16.0,4,1.25,12800,1.9765625,0,384,96,4,24,4,0,0,28,2,2,0.21875,28.0,0.0,True,False
512,4 4 32,128,16.0,4,1.25,13000,1.9765625,0,384,96,4,24,4,0,0,28,2,2,0.21875,28.0,0.0,True,False
512,4 4 32,128,16.0,4,1.25,13200,1.9765625,0,384,96,4,24,4,0,0,28,2,2,0.21875,28.0,0.0,True,False
512,4 4 32,128,16.0,4,1.25,13400,1.9765625,0,384,96,4,24,4,0,0,28,2,2,0.21875,28.0,0.0,True,False
512,4 4 32,128,16.0,4,1.25,13600,1.9765625,0,384,96,4,24,4,0,0,28,2,2,0.21875,28.0,0.0,True,False
512,4 4 32,128,16.0,4,1.25,13800,1.9765625,0,384,96,4,24,4,0,0,28,2,2,0.21875,28.0,0.0,True,False
512,4 4 32,128,16.0,4,1.25,14000,1.9765625,0,384,96,4,24,4,0,0,28,2,2,0.21875,28.0,0.0,True,False
512,4 4 32,128,16.0,4,1.25,14200,1.9765625,0,384,96,4,24,4,0,0,28,2,2,0.21875,28.0,0.0,True,False
512,4 4 32,128,16.0,4,1.25,14400,1.9765625,0,384,96,4,24,4,0,0,28,2,2,0.21875,28.0,0.0,True,False
512,4 4 32,128,16.0,4,1.25,14600,1.9609375,0,352,120,4,32,4,0,0,36,2,2,0.28125,36.0,0.0,True,False
512,4 4 32,128,16.0,4,1.25,14800,1.9609375,0,352,120,4,32,4,0,0,36,2,2,0.28125,36.0,0.0,True,False
512,4 4 32,128,16.0,4,1.25,15000,1.9609375,0,352,120,4,32,4,0,0,36,2,2,0.28125,36.0,0.0,True,False
512,4 4 32,128,16.0,4,1.25,15200,1.9609375,0,352,120,4,32,4,0,0,36,2,2,0.28125,36.0,0.0,True,False
512,4 4 32,128,16.0,4,1.25,15400,1.9609375,0,352,120,4,32,4,0,0,36,2,2,0.28125,36.0,0.0,True,False
512,4 4 32,128,16.0,4,1.25,15600,1.9609375,0,352,120,4,32,4,0,0,36,2,2,0.28125,36.0,0.0,True,False
512,4 4 32,128,16.0,4,1.25,15800,1.9609375,0,352,120,4,32,4,0,0,36,2,2,0.28125,36.0,0.0,True,False
512,4 4 32,128,16.0,4,1.25,16000,1.9609375,0,352,120,4,32,4,0,0,36,2,2,0.28125,36.0,0.0,True,False
512,4 4 32,128,16.0,4,1.25,16200,1.9609375,0,352,120,4,32,4,0,0,36,2,2,0.28125,36.0,0.0,True,False
512,4 4 32,128,16.0,4,1.25,16400,1.9609375,0,352,120,4,32,4,0,0,36,2,2,0.28125,36.0,0.0,True,False
512,4 4 32,128,16.0,4,1.25,16600,1.9609375,0,352,120,4,32,4,0,0,36,2,2,0.28125,36.0,0.0,True,False
512,4 4 32,128,16.0,4,1.25,16800,1.9609375,0,352,120,4,32,4,0,0,36,2,2,0.28125,36.0,0.0,True,False
512,4 4 32,128,16.0,4,1.25,17000,1.953125,0,336,132,4,36,4,0,0,40,2,2,0.3125,40.0,0.0,True,False
512,4 4 32,128,16.0,4,1.25,17200,1.953125,0,336,132,4,36,4,0,0,40,2,2,0.3125,40.0,0.0,True,False
512,4 4 32,128,16.0,4,1.25,17400,1.953125,0,336,132,4,36,4,0,0,40,2,2,0.3125,40.0,0.0,True,False
512,4 4 32,128,16.0,4,1.25,17600,1.953125,0,336,132,4,36,4,0,0,40,2,2,0.3125,40.0,0.0,True,False
512,4 4 32,128,16.0,4,1.25,17800,1.953125,0,336,132,4,36,4,0,0,40,2,2,0.3125,40.0,0.0,True,False
512,4 4 32,128,16.0,4,1.25,18000,1.953125,0,336,132,4,36,4,0,0,40,2,2,0.3125,40.0,0.0,True,False
512,4 4 32,128,16.0,4,1.25,18200,1.953125,0,336,132,4,36,4,0,0,40,2,2,0.3125,40.0,0.0,True,False
512,4 4 32,128,16.0,4,1.25,18400,1.953125,0,336,132,4,36,4,0,0,40,2,2,0.3125,40.0,0.0,True,False
512,4 4 32,128,16.0,4,1.25,18600,1.9453125,0,320,144,4,40,4,0,0,44,2,2,0.34375,44.0,0.0,True,False
512,4 4 32,128,16.0,4,1.25,18800,1.9453125,0,320,144,4,40,4,0,0,44,2,2,0.34375,44.0,0.0,True,False
512,4 4 32,128,16.0,4,1.25,19000,1.9375,0,304,156,4,44,4,0,0,48,2,2,0.375,48.0,0.0,True,False
512,4 4 32,128,16.0,4,1.25,19200,1.9375,0,304,156,4,44,4,0,0,48,2,2,0.375,48.0,0.0,True,False
512,4 4 32,128,16.0,4,1.25,19400,1.9375,0,304,156,4,44,4,0,0,48,2,2,0.375,48.0,0.0,True,False
512,4 4 32,128,16.0,4,1.25,19600,1.9375,0,304,156,4,44,4,0,0,48,2,2,0.375,48.0,0.0,True,False
512,4 4 32,128,16.0,4,1.25,19800,1.9375,0,304,156,4,44,4,0,0,48,2,2,0.375,48.0,0.0,True,False
512,4 4 32,128,16.0,4,1.25,20000,1.9375,0,304,156,4,44,4,0,0,48,2,2,0.375,48.0,0.0,True,False
512,4 4 32,128,16.0,4,1.25,20200,1.9296875,0,288,168,4,48,4,0,0,52,2,2,0.40625,52.0,0.0,True,False
512,4 4 32,128,16.0,4,1.25,20400,1.9296875,0,288,168,4,48,4,0,0,52,2,2,0.40625,52.0,0.0,True,False
512,4 4 32,128,16.0,4,1.25,20600,1.9296875,0,288,168,4,48,4,0,0,52,2,2,0.40625,52.0,0.0,True,False
512,4 4 32,128,16.0,4,1.25,20800,1.9296875,0,288,168,4,48,4,0,0,52,2,2,0.40625,52.0,0.0,True,False
512,4 4 32,128,16.0,4,1.25,21000,1.8671875,0,264,184,8,56,0,0,0,56,4,2,0.65625,84.0,0.0,True,False
512,4 4 32,128,16.0,4,1.25,21200,1.90234375,0,248,192,12,56,4,0,0,60,8,2,0.515625,66.0,0.0,True,False
512,4 4 32,128,16.0,4,1.25,21400,1.90234375,0,248,192,12,56,4,0,0,60,8,2,0.515625,66.0,0.0,True,False
512,4 4 32,128,16.0,4,1.25,21600,1.89453125,0,236,196,16,60,4,0,0,64,6,6,0.546875,70.0,0.0,True,False
512,4 4 32,128,16.0,4,1.25,21800,1.89453125,0,236,196,16,60,4,0,0,64,6,6,0.546875,70.0,0.0,True,False
512,4 4 32,128,16.0,4,1.25,22000,1.89453125,0,236,196,16,60,4,0,0,64,6,6,0.546875,70.0,0.0,True,False
512,4 4 32,128,16.0,4,1.25,22200,1.89453125,0,236,196,16,60,4,0,0,64,6,6,0.546875,70.0,0.0,True,False
512,4 4 32,128,16.0,4,1.25,22400,1.89453125,0,236,196,16,60,4,0,0,64,6,6,0.546875,70.0,0.0,True,False
512,4 4 32,128,16.0,4,1.25,22600,1.89453125,0,236,196,16,60,4,0,0,64,6,6,0.546875,70.0,0.0,True,False
512,4 4 32,128,16.0,4,1.25,22800,1.89453125,0,236,196,16,60,4,0,0,64,6,6,0.546875,70.0,0.0,True,False
512,4 4 32,128,16.0,4,1.25,23000,1.89453125,0,236,196,16,60,4,0,0,64,6,6,0.546875,70.0,0.0,True,False
512,4 4 32,128,16.0,4,1.25,23200,1.89453125,0,236,196,16,60,4,0,0,64,6,6,0.546875,70.0,0.0,True,False
512,4 4 32,128,16.0,4,1.25,23400,1.89453125,0,236,196,16,60,4,0,0,64,6,6,0.546875,70.0,0.0,True,False
512,4 4 32,128,16.0,4,1.25,23600,1.89453125,0,236,196,16,60,4,0,0,64,6,6,0.546875,70.0,0.0,True,False
512,4 4 32,128,16.0,4,1.25,23800,1.89453125,0,236,196,16,60,4,0,0,64,6,6,0.546875,70.0,0.0,True,False
512,4 4 32,128,16.0,4,1.25,24000,1.89453125,0,236,196,16,60,4,0,0,64,6,6,0.546875,70.0,0.0,True,False
512,4 4 32,128,16.0,4,1.25,24200,1.89453125,0,236,196,16,60,4,0,0,64,6,6,0.546875,70.0,0.0,True,False
512,4 4 32,128,16.0,4,1.25,24400,1.89453125,0,236,196,16,60,4,0,0,64,6,6,0.546875,70.0,0.0,True,False
512,4 4 32,128,16.0,4,1.25,24600,1.89453125,0,236,196,16,60,4,0,0,64,6,6,0.546875,70.0,0.0,True,False
512,4 4 32,128,16.0,4,1.25,24800,1.89453125,0,236,196,16,60,4,0,0,64,6,6,0.546875,70.0,0.0,True,False
512,4 4 32,128,16.0,4,1.25,25000,1.89453125,0,236,196,16,60,4,0,0,64,6,6,0.546875,70.0,0.0,True,False
512,4 4 32,128,16.0,4,1.25,25200,1.89453125,0,236,196,16,60,4,0,0,64,6,6,0.546875,70.0,0.0,True,False
512,4 4 32,128,16.0,4,1.25,25400,1.89453125,0,236,196,16,60,4,0,0,64,6,6,0.546875,70.0,0.0,True,False
512,4 4 32,128,16.0,4,1.25,25600,1.89453125,0,236,196,16,60,4,0,0,64,6,6,0.546875,70.0,0.0,True,False
512,4 4 32,128,16.0,4,1.25,25800,1.89453125,0,236,196,16,60,4,0,0,64,6,6,0.546875,70.0,0.0,True,False
512,4 4 32,128,16.0,4,1.25,26000,1.89453125,0,236,196,16,60,4,0,0,64,6,6,0.546875,70.0,0.0,True,False
512,4 4 32,128,16.0,4,1.25,26200,1.89453125,0,236,196,16,60,4,0,0,64,6,6,0.546875,70.0,0.0,True,False
512,4 4 32,128,16.0,4,1.25,26400,1.89453125,0,236,196,16,60,4,0,0,64,6,6,0.546875,70.0,0.0,True,False
512,4 4 32,128,16.0,4,1.25,26600,1.89453125,0,236,196,16,60,4,0,0,64,6,6,0.546875,70.0,0.0,True,False
512,4 4 32,128,16.0,4,1.25,26800,1.89453125,0,236,196,16,60,4,0,0,64,6,6,0.546875,70.0,0.0,True,False
512,4 4 32,128,16.0,4,1.25,27000,1.89453125,0,236,196,16,60,4,0,0,64,6,6,0.546875,70.0,0.0,True,False
512,4 4 32,128,16.0,4,1.25,27200,1.89453125,0,236,196,16,60,4,0,0,64,6,6,0.546875,70.0,0.0,True,False
512,4 4 32,128,16.0,4,1.25,27400,1.89453125,0,236,196,16,60,4,0,0,64,6,6,0.546875,70.0,0.0,True,False
512,4 4 32,128,16.0,4,1.25,27600,1.89453125,0,236,196,16,60,4,0,0,64,6,6,0.546875,70.0,0.0,True,False
512,4 4 32,128,16.0,4,1.25,27800,1.89453125,0,236,196,16,60,4,0,0,64,6,6,0.546875,70.0,0.0,True,False
512,4 4 32,128,16.0,4,1.25,28000,1.90234375,0,248,192,12,56,4,0,0,60,8,2,0.515625,66.0,0.0,True,False
512,4 4 32,128,16.0,4,1.25,28200,1.90234375,0,248,192,12,56,4,0,0,60,8,2,0.515625,66.0,0.0,True,False
512,4 4 32,128,16.0,4,1.25,28400,1.90234375,0,248,192,12,56,4,0,0,60,8,2,0.515625,66.0,0.0,True,False
512,4 4 32,128,16.0,4,1.25,28600,1.90234375,0,248,192,12,56,4,0,0,60,8,2,0.515625,66.0,0.0,True,False
512,4 4 32,128,16.0,4,1.25,28800,1.90234375,0,248,192,12,56,4,0,0,60,8,2,0.515625,66.0,0.0,True,False
512,4 4 32,128,16.0,4,1.25,29000,1.90234375,0,248,192,12,56,4,0,0,60,8,2,0.515625,66.0,0.0,True,False
512,4 4 32,128,16.0,4,1.25,29200,1.90234375,0,248,192,12,56,4,0,0,60,8,2,0.515625,66.0,0.0,True,False
512,4 4 32,128,16.0,4,1.25,29400,1.90234375,0,248,192,12,56,4,0,0,60,8,2,0.515625,66.0,0.0,True,False
512,4 4 32,128,16.0,4,1.25,29600,1.90234375,0,248,192,12,56,4,0,0,60,8,2,0.515625,66.0,0.0,True,False
512,4 4 32,128,16.0,4,1.25,29800,1.90234375,0,248,192,12,56,4,0,0,60,8,2,0.515625,66.0,0.0,True,False
512,4 4 32,128,16.0,4,1.25,30000,1.89453125,0,236,196,16,60,4,0,0,64,6,6,0.546875,70.0,0.0,True,False
512,4 4 32,128,16.0,4,1.25,30200,1.89453125,0,236,196,16,60,4,0,0,64,6,6,0.546875,70.0,0.0,True,False
512,4 4 32,128,16.0,4,1.25,30400,1.89453125,0,236,196,16,60,4,0,0,64,6,6,0.546875,70.0,0.0,True,False
512,4 4 32,128,16.0,4,1.25,30600,1.88671875,0,224,200,20,64,4,0,0,68,6,6,0.578125,74.0,0.0,True,False
512,4 4 32,128,16.0,4,1.25,30800,1.88671875,0,224,200,20,64,4,0,0,68,6,6,0.578125,74.0,0.0,True,False
512,4 4 32,128,16.0,4,1.25,31000,1.88671875,0,224,200,20,64,4,0,0,68,6,6,0.578125,74.0,0.0,True,False
512,4 4 32,128,16.0,4,1.25,31200,1.88671875,0,224,200,20,64,4,0,0,68,6,6,0.578125,74.0,0.0,True,False
512,4 4 32,128,16.0,4,1.25,31400,1.88671875,0,224,200,20,64,4,0,0,68,6,6,0.578125,74.0,0.0,True,False
512,4 4 32,128,16.0,4,1.25,31600,1.88671875,0,224,200,20,64,4,0,0,68,6,6,0.578125,74.0,0.0,True,False
512,4 4 32,128,16.0,4,1.25,31800,1.88671875,0,224,200,20,64,4,0,0,68,6,6,0.578125,74.0,0.0,True,False
512,4 4 32,128,16.0,4,1.25,32000,1.88671875,0,224,200,20,64,4,0,0,68,6,6,0.578125,74.0,0.0,True,False
512,4 4 32,128,16.0,4,1.25,32200,1.88671875,0,224,200,20,64,4,0,0,68,6,6,0.578125,74.0,0.0,True,False
512,4 4 32,128,16.0,4,1.25,32400,1.88671875,0,224,200,20,64,4,0,0,68,6,6,0.578125,74.0,0.0,True,False
512,4 4 32,128,16.0,4,1.25,32600,1.88671875,0,224,200,20,64,4,0,0,68,6,6,0.578125,74.0,0.0,True,False
512,4 4 32,128,16.0,4,1.25,32800,1.88671875,0,224,200,20,64,4,0,0,68,6,6,0.578125,74.0,0.0,True,False
512,4 4 32,128,16.0,4,1.25,33000,1.88671875,0,224,200,20,64,4,0,0,68,6,6,0.578125,74.0,0.0,True,False
512,4 4 32,128,16.0,4,1.25,33200,1.88671875,0,224,200,20,64,4,0,0,68,6,6,0.578125,74.0,0.0,True,False
512,4 4 32,128,16.0,4,1.25,33400,1.88671875,0,224,200,20,64,4,0,0,68,6,6,0.578125,74.0,0.0,True,False
512,4 4 32,128,16.0,4,1.25,33600,1.88671875,0,224,200,20,64,4,0,0,68,6,6,0.578125,74.0,0.0,True,False
512,4 4 32,128,16.0,4,1.25,33800,1.87890625,0,212,204,24,68,4,0,0,72,6,6,0.609375,78.0,0.0,True,False
512,4 4 32,128,16.0,4,1.25,34000,1.87890625,0,212,204,24,68,4,0,0,72,6,6,0.609375,78.0,0.0,True,False
512,4 4 32,128,16.0,4,1.25,34200,1.87890625,0,212,204,24,68,4,0,0,72,6,6,0.609375,78.0,0.0,True,False
512,4 4 32,128,16.0,4,1.25,34400,1.87890625,0,212,204,24,68,4,0,0,72,6,6,0.609375,78.0,0.0,True,False
512,4 4 32,128,16.0,4,1.25,34600,1.87109375,0,200,208,28,72,4,0,0,76,6,8,0.640625,82.0,0.0,True,False
512,4 4 32,128,16.0,4,1.25,34800,1.87109375,0,200,208,28,72,4,0,0,76,6,8,0.640625,82.0,0.0,True,False
512,4 4 32,128,16.0,4,1.25,35000,1.87109375,0,200,208,28,72,4,0,0,76,6,8,0.640625,82.0,0.0,True,False
512,4 4 32,128,16.0,4,1.25,35200,1.86328125,0,188,212,32,76,4,0,0,80,6,10,0.671875,86.0,0.0,True,False
512,4 4 32,128,16.0,4,1.25,35400,1.86328125,0,188,212,32,76,4,0,0,80,6,10,0.671875,86.0,0.0,True,False
512,4 4 32,128,16.0,4,1.25,35600,1.86328125,0,188,212,32,76,4,0,0,80,6,10,0.671875,86.0,0.0,True,False
512,4 4 32,128,16.0,4,1.25,35800,1.86328125,0,188,212,32,76,4,0,0,80,6,10,0.671875,86.0,0.0,True,False
512,4 4 32,128,16.0,4,1.25,36000,1.86328125,0,188,212,32,76,4,0,0,80,6,10,0.671875,86.0,0.0,True,False
512,4 4 32,128,16.0,4,1.25,36200,1.86328125,0,188,212,32,76,4,0,0,80,6,10,0.671875,86.0,0.0,True,False
512,4 4 32,128,16.0,4,1.25,36400,1.86328125,0,188,212,32,76,4,0,0,80,6,10,0.671875,86.0,0.0,True,False
512,4 4 32,128,16.0,4,1.25,36600,1.86328125,0,188,212,32,76,4,0,0,80,6,10,0.671875,86.0,0.0,True,False
512,4 4 32,128,16.0,4,1.25,36800,1.86328125,0,188,212,32,76,4,0,0,80,6,10,0.671875,86.0,0.0,True,False
512,4 4 32,128,16.0,4,1.25,37000,1.86328125,0,188,212,32,76,4,0,0,80,6,10,0.671875,86.0,0.0,True,False
512,4 4 32,128,16.0,4,1.25,37200,1.86328125,0,188,212,32,76,4,0,0,80,6,10,0.671875,86.0,0.0,True,False
512,4 4 32,128,16.0,4,1.25,37400,1.86328125,0,188,212,32,76,4,0,0,80,6,10,0.671875,86.0,0.0,True,False
512,4 4 32,128,16.0,4,1.25,37600,1.86328125,0,188,212,32,76,4,0,0,80,6,10,0.671875,86.0,0.0,True,False
512,4 4 32,128,16.0,4,1.25,37800,1.85546875,0,176,216,36,80,4,0,0,84,6,12,0.703125,90.0,0.0,True,False
512,4 4 32,128,16.0,4,1.25,38000,1.84765625,0,164,220,40,84,4,0,0,88,6,14,0.734375,94.0,0.0,True,False
512,4 4 32,128,16.0,4,1.25,38200,1.83984375,0,152,224,44,88,4,0,0,92,6,16,0.765625,98.0,0.0,True,False
512,4 4 32,128,16.0,4,1.25,38400,1.83203125,0,140,228,48,92,4,0,0,96,6,18,0.796875,102.0,0.0,True,False
512,4 4 32,128,16.0,4,1.25,38600,1.83203125,0,140,228,48,92,4,0,0,96,6,18,0.796875,102.0,0.0,True,False
512,4 4 32,128,16.0,4,1.25,38800,1.83203125,0,140,228,48,92,4,0,0,96,6,18,0.796875,102.0,0.0,True,False
512,4 4 32,128,16.0,4,1.25,39000,1.82421875,0,128,232,52,96,4,0,0,100,6,20,0.828125,106.0,0.0,True,False
512,4 4 32,128,16.0,4,1.25,39200,1.82421875,0,128,232,52,96,4,0,0,100,6,20,0.828125,106.0,0.0,True,False
512,4 4 32,128,16.0,4,1.25,39400,1.82421875,0,128,232,52,96,4,0,0,100,6,20,0.828125,106.0,0.0,True,False
512,4 4 32,128,16.0,4,1.25,39600,1.82421875,0,128,232,52,96,4,0,0,100,6,20,0.828125,106.0,0.0,True,False
512,4 4 32,128,16.0,4,1.25,39800,1.82421875,0,128,232,52,96,4,0,0,100,6,20,0.828125,106.0,0.0,True,False
512,4 4 32,128,16.0,4,1.25,40000,1.82421875,0,128,232,52,96,4,0,0,100,6,20,0.828125,106.0,0.0,True,False
512,4 4 32,128,16.0,4,1.25,40200,1.82421875,0,128,232,52,96,4,0,0,100,6,20,0.828125,106.0,0.0,True,False
512,4 4 32,128,16.0,4,1.25,40400,1.82421875,0,128,232,52,96,4,0,0,100,6,20,0.828125,106.0,0.0,True,False
512,4 4 32,128,16.0,4,1.25,40600,1.82421875,0,128,232,52,96,4,0,0,100,6,20,0.828125,106.0,0.0,True,False
512,4 4 32,128,16.0,4,1.25,40800,1.82421875,0,128,232,52,96,4,0,0,100,6,20,0.828125,106.0,0.0,True,False
512,4 4 32,128,16.0,4,1.25,41000,1.81640625,0,116,236,56,100,4,0,0,104,6,22,0.859375,110.0,0.0,True,False
512,4 4 32,128,16.0,4,1.25,41200,1.81640625,0,116,236,56,100,4,0,0,104,6,22,0.859375,110.0,0.0,True,False
512,4 4 32,128,16.0,4,1.25,41400,1.81640625,0,116,236,56,100,4,0,0,104,6,22,0.859375,110.0,0.0,True,False
512,4 4 32,128,16.0,4,1.25,41600,1.81640625,0,116,236,56,100,4,0,0,104,6,22,0.859375,110.0,0.0,True,False
512,4 4 32,128,16.0,4,1.25,41800,1.81640625,0,116,236,56,100,4,0,0,104,6,22,0.859375,110.0,0.0,True,False
512,4 4 32,128,16.0,4,1.25,42000,1.81640625,0,116,236,56,100,4,0,0,104,6,22,0.859375,110.0,0.0,True,False
512,4 4 32,128,16.0,4,1.25,42200,1.80859375,0,104,240,60,104,4,0,0,108,4,28,0.890625,114.0,0.0,True,False
512,4 4 32,128,16.0,4,1.25,42400,1.80078125,0,92,244,64,108,4,0,0,112,4,28,0.921875,118.0,0.0,True,False
512,4 4 32,128,16.0,4,1.25,42600,1.80078125,0,92,244,64,108,4,0,0,112,4,28,0.921875,118.0,0.0,True,False
512,4 4 32,128,16.0,4,1.25,42800,1.80078125,0,92,244,64,108,4,0,0,112,4,28,0.921875,118.0,0.0,True,False
512,4 4 32,128,16.0,4,1.25,43000,1.80859375,0,104,240,60,104,4,0,0,108,4,28,0.890625,114.0,0.0,True,False
512,4 4 32,128,16.0,4,1.25,43200,1.80859375,0,104,240,60,104,4,0,0,108,4,28,0.890625,114.0,0.0,True,False
512,4 4 32,128,16.0,4,1.25,43400,1.80859375,0,104,240,60,104,4,0,0,108,4,28,0.890625,114.0,0.0,True,False
512,4 4 32,128,16.0,4,1.25,43600,1.80859375,0,104,240,60,104,4,0,0,108,4,28,0.890625,114.0,0.0,True,False
512,4 4 32,128,16.0,4,1.25,43800,1.80859375,0,104,240,60,104,4,0,0,108,4,28,0.890625,114.0,0.0,True,False
512,4 4 32,128,16.0,4,1.25,44000,1.80859375,0,104,240,60,104,4,0,0,108,4,28,0.890625,114.0,0.0,True,False
512,4 4 32,128,16.0,4,1.25,44200,1.80859375,0,104,240,60,104,4,0,0,108,4,28,0.890625,114.0,0.0,True,False
512,4 4 32,128,16.0,4,1.25,44400,1.80859375,0,104,240,60,104,4,0,0,108,4,28,0.890625,114.0,0.0,True,False
512,4 4 32,128,16.0,4,1.25,44600,1.80859375,0,104,240,60,104,4,0,0,108,4,28,0.890625,114.0,0.0,True,False
512,4 4 32,128,16.0,4,1.25,44800,1.80859375,0,104,240,60,104,4,0,0,108,4,28,0.890625,114.0,0.0,True,False
512,4 4 32,128,16.0,4,1.25,45000,1.80859375,0,104,240,60,104,4,0,0,108,4,28,0.890625,114.0,0.0,True,False
512,4 4 32,128,16.0,4,1.25,45200,1.80859375,0,104,240,60,104,4,0,0,108,4,28,0.890625,114.0,0.0,True,False
512,4 4 32,128,16.0,4,1.25,45400,1.80859375,0,104,240,60,104,4,0,0,108,4,28,0.890625,114.0,0.0,True,False
512,4 4 32,128,16.0,4,1.25,45600,1.80078125,0,92,244,64,108,4,0,0,112,4,28,0.921875,118.0,0.0,True,False
512,4 4 32,128,16.0,4,1.25,45800,1.80078125,0,92,244,64,108,4,0,0,112,4,28,0.921875,118.0,0.0,True,False
512,4 4 32,128,16.0,4,1.25,46000,1.80078125,0,92,244,64,108,4,0,0,112,4,28,0.921875,118.0,0.0,True,False
512,4 4 32,128,16.0,4,1.25,46200,1.80078125,0,92,244,64,108,4,0,0,112,4,28,0.921875,118.0,0.0,True,False
512,4 4 32,128,16.0,4,1.25,46400,1.80078125,0,92,244,64,108,4,0,0,112,4,28,0.921875,118.0,0.0,True,False
512,4 4 32,128,16.0,4,1.25,46600,1.80078125,0,92,244,64,108,4,0,0,112,4,28,0.921875,118.0,0.0,True,False
512,4 4 32,128,16.0,4,1.25,46800,1.80078125,0,92,244,64,108,4,0,0,112,4,28,0.921875,118.0,0.0,True,False
512,4 4 32,128,16.0,4,1.25,47000,1.75,0,84,244,68,116,0,0,0,116,4,28,1.125,144.0,0.0,True,False
512,4 4 32,128,16.0,4,1.25,47200,1.75,0,84,244,68,116,0,0,0,116,4,28,1.125,144.0,0.0,True,False
512,4 4 32,128,16.0,4,1.25,47400,1.75,0,84,244,68,116,0,0,0,116,4,28,1.125,144.0,0.0,True,False
512,4 4 32,128,16.0,4,1.25,47600,1.75,0,84,244,68,116,0,0,0,116,4,28,1.125,144.0,0.0,True,False
512,4 4 32,128,16.0,4,1.25,47800,1.75,0,84,244,68,116,0,0,0,116,4,28,1.125,144.0,0.0,True,False
512,4 4 32,128,16.0,4,1.25,48000,1.75,0,84,244,68,116,0,0,0,116,4,28,1.125,144.0,0.0,True,False
512,4 4 32,128,16.0,4,1.25,48200,1.75,0,84,244,68,116,0,0,0,116,4,28,1.125,144.0,0.0,True,False
512,4 4 32,128,16.0,4,1.25,48400,1.75,0,84,244,68,116,0,0,0,116,4,28,1.125,144.0,0.0,True,False
512,4 4 32,128,16.0,4,1.25,48600,1.75,0,84,244,68,116,0,0,0,116,4,28,1.125,144.0,0.0,True,False
512,4 4 32,128,16.0,4,1.25,48800,1.75,0,84,244,68,116,0,0,0,116,4,28,1.125,144.0,0.0,True,False
512,4 4 32,128,16.0,4,1.25,49000,1.75,0,84,244,68,116,0,0,0,116,4,28,1.125,144.0,0.0,True,False
512,4 4 32,128,16.0,4,1.25,49200,1.75,0,84,244,68,116,0,0,0,116,4,28,1.125,144.0,0.0,True,False
512,4 4 32,128,16.0,4,1.25,49400,1.75,0,84,244,68,116,0,0,0,116,4,28,1.125,144.0,0.0,True,False
512,4 4 32,128,16.0,4,1.25,49600,1.75,0,84,244,68,116,0,0,0,116,4,28,1.125,144.0,0.0,True,False
512,4 4 32,128,16.0,4,1.25,49800,1.75,0,84,244,68,116,0,0,0,116,4,28,1.125,144.0,0.0,True,False
512,4 4 32,128,16.0,4,1.25,50000,1.794921875,0,80,243,71,117,1,0,0,118,4,36,0.9453125,121.0,0.0,True,False
512,4 4 32,128,16.0,4,1.25,50200,1.794921875,0,80,243,71,117,1,0,0,118,4,36,0.9453125,121.0,0.0,True,False
512,4 4 32,128,16.0,4,1.25,50400,1.794921875,0,80,243,71,117,1,0,0,118,4,36,0.9453125,121.0,0.0,True,False
512,4 4 32,128,16.0,4,1.25,50600,1.75,0,84,244,68,116,0,0,0,116,4,28,1.125,144.0,0.0,True,False
512,4 4 32,128,16.0,4,1.25,50800,1.75,0,84,244,68,116,0,0,0,116,4,28,1.125,144.0,0.0,True,False
512,4 4 32,128,16.0,4,1.25,51000,1.75,0,84,244,68,116,0,0,0,116,4,28,1.125,144.0,0.0,True,False
512,4 4 32,128,16.0,4,1.25,51200,1.75,0,84,244,68,116,0,0,0,116,4,28,1.125,144.0,0.0,True,False
512,4 4 32,128,16.0,4,1.25,51400,1.75,0,84,244,68,116,0,0,0,116,4,28,1.125,144.0,0.0,True,False
512,4 4 32,128,16.0,4,1.25,51600,1.75,0,84,244,68,116,0,0,0,116,4,28,1.125,144.0,0.0,True,False
512,4 4 32,128,16.0,4,1.25,51800,1.75,0,84,244,68,116,0,0,0,116,4,28,1.125,144.0,0.0,True,False
512,4 4 32,128,16.0,4,1.25,52000,1.75,0,84,244,68,116,0,0,0,116,4,28,1.125,144.0,0.0,True,False
512,4 4 32,128,16.0,4,1.25,52200,1.75,0,84,244,68,116,0,0,0,116,4,28,1.125,144.0,0.0,True,False
512,4 4 32,128,16.0,4,1.25,52400,1.75,0,84,244,68,116,0,0,0,116,4,28,1.125,144.0,0.0,True,False
512,4 4 32,128,16.0,4,1.25,52600,1.75,0,84,244,68,116,0,0,0,116,4,28,1.125,144.0,0.0,True,False
512,4 4 32,128,16.0,4,1.25,52800,1.75,0,84,244,68,116,0,0,0,116,4,28,1.125,144.0,0.0,True,False
512,4 4 32,128,16.0,4,1.25,53000,1.794921875,0,80,241,74,117,0,0,0,117,3,40,0.9453125,121.0,0.0,True,False
512,4 4 32,128,16.0,4,1.25,53200,1.794921875,0,80,241,74,117,0,0,0,117,3,40,0.9453125,121.0,0.0,True,False
512,4 4 32,128,16.0,4,1.25,53400,1.75,0,84,244,68,116,0,0,0,116,4,28,1.125,144.0,0.0,True,False
512,4 4 32,128,16.0,4,1.25,53600,1.75,0,84,244,68,116,0,0,0,116,4,28,1.125,144.0,0.0,True,False
512,4 4 32,128,16.0,4,1.25,53800,1.75,0,84,244,68,116,0,0,0,116,4,28,1.125,144.0,0.0,True,False
512,4 4 32,128,16.0,4,1.25,54000,1.75,0,84,244,68,116,0,0,0,116,4,28,1.125,144.0,0.0,True,False
512,4 4 32,128,16.0,4,1.25,54200,1.80078125,0,76,244,70,120,2,0,0,122,3,36,0.921875,118.0,0.0,True,False
512,4 4 32,128,16.0,4,1.25,54400,1.80078125,0,76,244,70,120,2,0,0,122,3,36,0.921875,118.0,0.0,True,False
512,4 4 32,128,16.0,4,1.25,54600,1.80078125,0,76,244,70,120,2,0,0,122,3,36,0.921875,118.0,0.0,True,False
512,4 4 32,128,16.0,4,1.25,54800,1.80078125,0,76,244,70,120,2,0,0,122,3,36,0.921875,118.0,0.0,True,False
512,4 4 32,128,16.0,4,1.25,55000,1.80078125,0,76,244,70,120,2,0,0,122,3,36,0.921875,118.0,0.0,True,False
512,4 4 32,128,16.0,4,1.25,55200,1.80078125,0,76,244,70,120,2,0,0,122,3,36,0.921875,118.0,0.0,True,False
512,4 4 32,128,16.0,4,1.25,55400,1.80078125,0,76,244,70,120,2,0,0,122,3,36,0.921875,118.0,0.0,True,False
512,4 4 32,128,16.0,4,1.25,55600,1.80078125,0,76,244,70,120,2,0,0,122,3,36,0.921875,118.0,0.0,True,False
512,4 4 32,128,16.0,4,1.25,55800,1.80078125,0,76,240,76,120,0,0,0,120,5,38,0.921875,118.0,0.0,True,False
512,4 4 32,128,16.0,4,1.25,56000,1.80078125,0,76,240,76,120,0,0,0,120,5,38,0.921875,118.0,0.0,True,False
512,4 4 32,128,16.0,4,1.25,56200,1.80078125,0,76,240,76,120,0,0,0,120,5,38,0.921875,118.0,0.0,True,False
512,4 4 32,128,16.0,4,1.25,56400,1.75,0,84,244,68,116,0,0,0,116,4,28,1.125,144.0,0.0,True,False
512,4 4 32,128,16.0,4,1.25,56600,1.75,0,84,244,68,116,0,0,0,116,4,28,1.125,144.0,0.0,True,False
512,4 4 32,128,16.0,4,1.25,56800,1.75,0,84,244,68,116,0,0,0,116,4,28,1.125,144.0,0.0,True,False
512,4 4 32,128,16.0,4,1.25,57000,1.75,0,84,244,68,116,0,0,0,116,4,28,1.125,144.0,0.0,True,False
512,4 4 32,128,16.0,4,1.25,57200,1.75,0,84,244,68,116,0,0,0,116,4,28,1.125,144.0,0.0,True,False
512,4 4 32,128,16.0,4,1.25,57400,1.75,0,84,244,68,116,0,0,0,116,4,28,1.125,144.0,0.0,True,False
512,4 4 32,128,16.0,4,1.25,57600,1.75,0,84,244,68,116,0,0,0,116,4,28,1.125,144.0,0.0,True,False
512,4 4 32,128,16.0,4,1.25,57800,1.75,0,84,244,68,116,0,0,0,116,4,28,1.125,144.0,0.0,True,False
512,4 4 32,128,16.0,4,1.25,58000,1.75,0,84,244,68,116,0,0,0,116,4,28,1.125,144.0,0.0,True,False
512,4 4 32,128,16.0,4,1.25,58200,1.75,0,84,244,68,116,0,0,0,116,4,28,1.125,144.0,0.0,True,False
512,4 4 32,128,16.0,4,1.25,58400,1.796875,0,80,236,80,116,0,0,0,116,4,40,0.9375,120.0,0.0,True,False
512,4 4 32,128,16.0,4,1.25,58600,1.796875,0,80,236,80,116,0,0,0,116,4,40,0.9375,120.0,0.0,True,False
512,4 4 32,128,16.0,4,1.25,58800,1.75,0,84,244,68,116,0,0,0,116,4,28,1.125,144.0,0.0,True,False
512,4 4 32,128,16.0,4,1.25,59000,1.75,0,84,244,68,116,0,0,0,116,4,28,1.125,144.0,0.0,True,False
512,4 4 32,128,16.0,4,1.25,59200,1.75,0,84,244,68,116,0,0,0,116,4,28,1.125,144.0,0.0,True,False
512,4 4 32,128,16.0,4,1.25,59400,1.75,0,84,244,68,116,0,0,0,116,4,28,1.125,144.0,0.0,True,False
512,4 4 32,128,16.0,4,1.25,59600,1.75,0,84,244,68,116,0,0,0,116,4,28,1.125,144.0,0.0,True,False
512,4 4 32,128,16.0,4,1.25,59800,1.75,0,84,244,68,116,0,0,0,116,4,28,1.125,144.0,0.0,True,False
512,4 4 32,128,16.0,4,1.25,60000,1.75,0,84,244,68,116,0,0,0,116,4,28,1.125,144.0,0.0,True,False
512,4 4 32,128,16.0,4,1.25,60200,1.75,0,84,244,68,116,0,0,0,116,4,28,1.125,144.0,0.0,True,False
512,4 4 32,128,16.0,4,1.25,60400,1.75,0,84,244,68,116,0,0,0,116,4,28,1.125,144.0,0.0,True,False
512,4 4 32,128,16.0,4,1.25,60600,1.75,0,84,244,68,116,0,0,0,116,4,28,1.125,144.0,0.0,True,False
512,4 4 32,128,16.0,4,1.25,60800,1.75,0,84,244,68,116,0,0,0,116,4,28,1.125,144.0,0.0,True,False
512,4 4 32,128,16.0,4,1.25,61000,1.75,0,84,244,68,116,0,0,0,116,4,28,1.125,144.0,0.0,True,False
512,4 4 32,128,16.0,4,1.25,61200,1.75,0,84,244,68,116,0,0,0,116,4,28,1.125,144.0,0.0,True,False
512,4 4 32,128,16.0,4,1.25,61400,1.75,0,84,244,68,116,0,0,0,116,4,28,1.125,144.0,0.0,True,False
512,4 4 32,128,16.0,4,1.25,61600,1.75,0,84,244,68,116,0,0,0,116,4,28,1.125,144.0,0.0,True,False
512,4 4 32,128,16.0,4,1.25,61800,1.796875,0,80,236,80,116,0,0,0,116,4,40,0.9375,120.0,0.0,True,False
512,4 4 32,128,16.0,4,1.25,62000,1.75,0,84,244,68,116,0,0,0,116,4,28,1.125,144.0,0.0,True,False
512,4 4 32,128,16.0,4,1.25,62200,1.75,0,84,244,68,116,0,0,0,116,4,28,1.125,144.0,0.0,True,False
512,4 4 32,128,16.0,4,1.25,62400,1.75,0,84,244,68,116,0,0,0,116,4,28,1.125,144.0,0.0,True,False
512,4 4 32,128,16.0,4,1.25,62600,1.75,0,84,244,68,116,0,0,0,116,4,28,1.125,144.0,0.0,True,False
512,4 4 32,128,16.0,4,1.25,62800,1.75,0,84,244,68,116,0,0,0,116,4,28,1.125,144.0,0.0,True,False
512,4 4 32,128,16.0,4,1.25,63000,1.75,0,84,244,68,116,0,0,0,116,4,28,1.125,144.0,0.0,True,False
512,4 4 32,128,16.0,4,1.25,63200,1.75,0,84,244,68,116,0,0,0,116,4,28,1.125,144.0,0.0,True,False
512,4 4 32,128,16.0,4,1.25,63400,1.75,0,84,244,68,116,0,0,0,116,4,28,1.125,144.0,0.0,True,False
512,4 4 32,128,16.0,4,1.25,63600,1.75,0,84,244,68,116,0,0,0,116,4,28,1.125,144.0,0.0,True,False
512,4 4 32,128,16.0,4,1.25,63800,1.75,0,84,244,68,116,0,0,0,116,4,28,1.125,144.0,0.0,True,False
512,4 4 32,128,16.0,4,1.25,64000,1.75,0,84,244,68,116,0,0,0,116,4,28,1.125,144.0,0.0,True,False
512,4 4 32,128,16.0,4,1.25,64200,1.75,0,84,244,68,116,0,0,0,116,4,28,1.125,144.0,0.0,True,False
512,4 4 32,128,16.0,4,1.25,64400,1.75,0,84,244,68,116,0,0,0,116,4,28,1.125,144.0,0.0,True,False
512,4 4 32,128,16.0,4,1.25,64600,1.75,0,84,244,68,116,0,0,0,116,4,28,1.125,144.0,0.0,True,False
512,4 4 32,128,16.0,4,1.25,64800,1.75,0,84,244,68,116,0,0,0,116,4,28,1.125,144.0,0.0,True,False
512,4 4 32,128,16.0,4,1.25,65000,1.75,0,84,244,68,116,0,0,0,116,4,28,1.125,144.0,0.0,True,False
512,4 4 32,128,16.0,4,1.25,65200,1.75,0,84,244,68,116,0,0,0,116,4,28,1.125,144.0,0.0,True,False
512,4 4 32,128,16.0,4,1.25,65400,1.75,0,84,244,68,116,0,0,0,116,4,28,1.125,144.0,0.0,True,False
512,4 4 32,128,16.0,4,1.25,65600,1.75,0,84,244,68,116,0,0,0,116,4,28,1.125,144.0,0.0,True,False
512,4 4 32,128,16.0,4,1.25,65800,1.75,0,84,244,68,116,0,0,0,116,4,28,1.125,144.0,0.0,True,False
512,4 4 32,128,16.0,4,1.25,66000,1.75,0,84,244,68,116,0,0,0,116,4,28,1.125,144.0,0.0,True,False
512,4 4 32,128,16.0,4,1.25,66200,1.75,0,84,244,68,116,0,0,0,116,4,28,1.125,144.0,0.0,True,False
512,4 4 32,128,16.0,4,1.25,66400,1.75,0,84,244,68,116,0,0,0,116,4,28,1.125,144.0,0.0,True,False
512,4 4 32,128,16.0,4,1.25,66600,1.75,0,84,244,68,116,0,0,0,116,4,28,1.125,144.0,0.0,True,False
512,4 4 32,128,16.0,4,1.25,66800,1.75,0,84,244,68,116,0,0,0,116,4,28,1.125,144.0,0.0,True,False
512,4 4 32,128,16.0,4,1.25,67000,1.75,0,84,244,68,116,0,0,0,116,4,28,1.125,144.0,0.0,True,False
512,4 4 32,128,16.0,4,1.25,67200,1.75,0,84,244,68,116,0,0,0,116,4,28,1.125,144.0,0.0,True,False
512,4 4 32,128,16.0,4,1.25,67400,1.75,0,84,244,68,116,0,0,0,116,4,28,1.125,144.0,0.0,True,False
512,4 4 32,128,16.0,4,1.25,67600,1.75,0,84,244,68,116,0,0,0,116,4,28,1.125,144.0,0.0,True,False
512,4 4 32,128,16.0,4,1.25,67800,1.75,0,84,244,68,116,0,0,0,116,4,28,1.125,144.0,0.0,True,False
512,4 4 32,128,16.0,4,1.25,68000,1.75,0,84,244,68,116,0,0,0,116,4,28,1.125,144.0,0.0,True,False
512,4 4 32,128,16.0,4,1.25,68200,1.75,0,84,244,68,116,0,0,0,116,4,28,1.125,144.0,0.0,True,False
512,4 4 32,128,16.0,4,1.25,68400,1.75,0,84,244,68,116,0,0,0,116,4,28,1.125,144.0,0.0,True,False
512,4 4 32,128,16.0,4,1.25,68600,1.75,0,84,244,68,116,0,0,0,116,4,28,1.125,144.0,0.0,True,False
512,4 4 32,128,16.0,4,1.25,68800,1.796875,0,80,236,80,116,0,0,0,116,4,40,0.9375,120.0,0.0,True,False
512,4 4 32,128,16.0,4,1.25,69000,1.796875,0,80,236,80,116,0,0,0,116,4,40,0.9375,120.0,0.0,True,False
512,4 4 32,128,16.0,4,1.25,69200,1.796875,0,80,236,80,116,0,0,0,116,4,40,0.9375,120.0,0.0,True,False
512,4 4 32,128,16.0,4,1.25,69400,1.75,0,84,244,68,116,0,0,0,116,4,28,1.125,144.0,0.0,True,False
512,4 4 32,128,16.0,4,1.25,69600,1.75,0,84,244,68,116,0,0,0,116,4,28,1.125,144.0,0.0,True,False
512,4 4 32,128,16.0,4,1.25,69800,1.75,0,84,244,68,116,0,0,0,116,4,28,1.125,144.0,0.0,True,False
512,4 4 32,128,16.0,4,1.25,70000,1.75,0,84,244,68,116,0,0,0,116,4,28,1.125,144.0,0.0,True,False
512,4 4 32,128,16.0,4,1.25,70200,1.75,0,84,244,68,116,0,0,0,116,4,28,1.125,144.0,0.0,True,False
512,4 4 32,128,16.0,4,1.25,70400,1.75,0,84,244,68,116,0,0,0,116,4,28,1.125,144.0,0.0,True,False
512,4 4 32,128,16.0,4,1.25,70600,1.796875,0,80,236,80,116,0,0,0,116,4,40,0.9375,120.0,0.0,True,False
512,4 4 32,128,16.0,4,1.25,70800,1.796875,0,80,236,80,116,0,0,0,116,4,40,0.9375,120.0,0.0,True,False
512,4 4 32,128,16.0,4,1.25,71000,1.796875,0,80,236,80,116,0,0,0,116,4,40,0.9375,120.0,0.0,True,False
512,4 4 32,128,16.0,4,1.25,71200,1.796875,0,80,236,80,116,0,0,0,116,4,40,0.9375,120.0,0.0,True,False
512,4 4 32,128,16.0,4,1.25,71400,1.796875,0,80,236,80,116,0,0,0,116,4,40,0.9375,120.0,0.0,True,False
512,4 4 32,128,16.0,4,1.25,71600,1.75,0,84,244,68,116,0,0,0,116,4,28,1.125,144.0,0.0,True,False
512,4 4 32,128,16.0,4,1.25,71800,1.796875,0,80,236,80,116,0,0,0,116,4,40,0.9375,120.0,0.0,True,False
512,4 4 32,128,16.0,4,1.25,72000,1.796875,0,80,236,80,116,0,0,0,116,4,40,0.9375,120.0,0.0,True,False
512,4 4 32,128,16.0,4,1.25,72200,1.796875,0,80,236,80,116,0,0,0,116,4,40,0.9375,120.0,0.0,True,False
512,4 4 32,128,16.0,4,1.25,72400,1.796875,0,80,236,80,116,0,0,0,116,4,40,0.9375,120.0,0.0,True,False
512,4 4 32,128,16.0,4,1.25,72600,1.796875,0,80,236,80,116,0,0,0,116,4,40,0.9375,120.0,0.0,True,False
512,4 4 32,128,16.0,4,1.25,72800,1.796875,0,80,236,80,116,0,0,0,116,4,40,0.9375,120.0,0.0,True,False
512,4 4 32,128,16.0,4,1.25,73000,1.796875,0,80,236,80,116,0,0,0,116,4,40,0.9375,120.0,0.0,True,False
512,4 4 32,128,16.0,4,1.25,73200,1.796875,0,80,236,80,116,0,0,0,116,4,40,0.9375,120.0,0.0,True,False
512,4 4 32,128,16.0,4,1.25,73400,1.796875,0,80,236,80,116,0,0,0,116,4,40,0.9375,120.0,0.0,True,False
512,4 4 32,128,16.0,4,1.25,73600,1.796875,0,80,236,80,116,0,0,0,116,4,40,0.9375,120.0,0.0,True,False
512,4 4 32,128,16.0,4,1.25,73800,1.796875,0,80,236,80,116,0,0,0,116,4,40,0.9375,120.0,0.0,True,False
512,4 4 32,128,16.0,4,1.25,74000,1.796875,0,80,236,80,116,0,0,0,116,4,40,0.9375,120.0,0.0,True,False
512,4 4 32,128,16.0,4,1.25,74200,1.796875,0,80,236,80,116,0,0,0,116,4,40,0.9375,120.0,0.0,True,False
512,4 4 32,128,16.0,4,1.25,74400,1.796875,0,80,236,80,116,0,0,0,116,4,40,0.9375,120.0,0.0,True,False
512,4 4 32,128,16.0,4,1.25,74600,1.796875,0,80,236,80,116,0,0,0,116,4,40,0.9375,120.0,0.0,True,False
512,4 4 32,128,16.0,4,1.25,74800,1.796875,0,80,236,80,116,0,0,0,116,4,40,0.9375,120.0,0.0,True,False
512,4 4 32,128,16.0,4,1.25,75000,1.796875,0,80,236,80,116,0,0,0,116,4,40,0.9375,120.0,0.0,True,False
512,4 4 32,128,16.0,4,1.25,75200,1.796875,0,80,236,80,116,0,0,0,116,4,40,0.9375,120.0,0.0,True,False
512,4 4 32,128,16.0,4,1.25,75400,1.796875,0,80,236,80,116,0,0,0,116,4,40,0.9375,120.0,0.0,True,False
512,4 4 32,128,16.0,4,1.25,75600,1.796875,0,80,236,80,116,0,0,0,116,4,40,0.9375,120.0,0.0,True,False
512,4 4 32,128,16.0,4,1.25,75800,1.796875,0,80,236,80,116,0,0,0,116,4,40,0.9375,120.0,0.0,True,False
512,4 4 32,128,16.0,4,1.25,76000,1.796875,0,80,236,80,116,0,0,0,116,4,40,0.9375,120.0,0.0,True,False
512,4 4 32,128,16.0,4,1.25,76200,1.75,0,84,244,68,116,0,0,0,116,4,28,1.125,144.0,0.0,True,False
512,4 4 32,128,16.0,4,1.25,76400,1.75,0,84,244,68,116,0,0,0,116,4,28,1.125,144.0,0.0,True,False
512,4 4 32,128,16.0,4,1.25,76600,1.75,0,84,244,68,116,0,0,0,116,4,28,1.125,144.0,0.0,True,False
512,4 4 32,128,16.0,4,1.25,76800,1.75,0,84,244,68,116,0,0,0,116,4,28,1.125,144.0,0.0,True,False
512,4 4 32,128,16.0,4,1.25,77000,1.75,0,84,244,68,116,0,0,0,116,4,28,1.125,144.0,0.0,True,False
512,4 4 32,128,16.0,4,1.25,77200,1.78125,0,74,244,74,120,0,0,0,120,7,36,1.0,128.0,0.0,True,False
512,4 4 32,128,16.0,4,1.25,77400,1.75,0,84,244,68,116,0,0,0,116,4,28,1.125,144.0,0.0,True,False
512,4 4 32,128,16.0,4,1.25,77600,1.75,0,84,244,68,116,0,0,0,116,4,28,1.125,144.0,0.0,True,False
512,4 4 32,128,16.0,4,1.25,77800,1.75,0,84,244,68,116,0,0,0,116,4,28,1.125,144.0,0.0,True,False
512,4 4 32,128,16.0,4,1.25,78000,1.75,0,84,244,68,116,0,0,0,116,4,28,1.125,144.0,0.0,True,False
512,4 4 32,128,16.0,4,1.25,78200,1.75,0,84,244,68,116,0,0,0,116,4,28,1.125,144.0,0.0,True,False
512,4 4 32,128,16.0,4,1.25,78400,1.75,0,84,244,68,116,0,0,0,116,4,28,1.125,144.0,0.0,True,False
512,4 4 32,128,16.0,4,1.25,78600,1.75,0,84,244,68,116,0,0,0,116,4,28,1.125,144.0,0.0,True,False
512,4 4 32,128,16.0,4,1.25,78800,1.75,0,84,244,68,116,0,0,0,116,4,28,1.125,144.0,0.0,True,False
512,4 4 32,128,16.0,4,1.25,79000,1.75,0,84,244,68,116,0,0,0,116,4,28,1.125,144.0,0.0,True,False
512,4 4 32,128,16.0,4,1.25,79200,1.75,0,84,244,68,116,0,0,0,116,4,28,1.125,144.0,0.0,True,False
512,4 4 32,128,16.0,4,1.25,79400,1.75,0,84,244,68,116,0,0,0,116,4,28,1.125,144.0,0.0,True,False
512,4 4 32,128,16.0,4,1.25,79600,1.75,0,84,244,68,116,0,0,0,116,4,28,1.125,144.0,0.0,True,False
512,4 4 32,128,16.0,4,1.25,79800,1.75,0,84,244,68,116,0,0,0,116,4,28,1.125,144.0,0.0,True,False
512,4 4 32,128,16.0,4,1.25,80000,1.75,0,84,244,68,116,0,0,0,116,4,28,1.125,144.0,0.0,True,False
512,4 4 32,128,16.0,4,1.25,80200,1.75,0,84,244,68,116,0,0,0,116,4,28,1.125,144.0,0.0,True,False
512,4 4 32,128,16.0,4,1.25,80400,1.75,0,84,244,68,116,0,0,0,116,4,28,1.125,144.0,0.0,True,False
512,4 4 32,128,16.0,4,1.25,80600,1.75,0,84,244,68,116,0,0,0,116,4,28,1.125,144.0,0.0,True,False
512,4 4 32,128,16.0,4,1.25,80800,1.75,0,84,244,68,116,0,0,0,116,4,28,1.125,144.0,0.0,True,False
512,4 4 32,128,16.0,4,1.25,81000,1.75,0,84,244,68,116,0,0,0,116,4,28,1.125,144.0,0.0,True,False
512,4 4 32,128,16.0,4,1.25,81200,1.75,0,84,244,68,116,0,0,0,116,4,28,1.125,144.0,0.0,True,False
512,4 4 32,128,16.0,4,1.25,81400,1.75,0,84,244,68,116,0,0,0,116,4,28,1.125,144.0,0.0,True,False
512,4 4 32,128,16.0,4,1.25,81600,1.75,0,84,244,68,116,0,0,0,116,4,28,1.125,144.0,0.0,True,False
512,4 4 32,128,16.0,4,1.25,81800,1.75,0,84,244,68,116,0,0,0,116,4,28,1.125,144.0,0.0,True,False
512,4 4 32,128,16.0,4,1.25,82000,1.75,0,84,244,68,116,0,0,0,116,4,28,1.125,144.0,0.0,True,False
512,4 4 32,128,16.0,4,1.25,82200,1.75,0,84,244,68,116,0,0,0,116,4,28,1.125,144.0,0.0,True,False
512,4 4 32,128,16.0,4,1.25,82400,1.75,0,84,244,68,116,0,0,0,116,4,28,1.125,144.0,0.0,True,False
512,4 4 32,128,16.0,4,1.25,82600,1.75,0,84,244,68,116,0,0,0,116,4,28,1.125,144.0,0.0,True,False
512,4 4 32,128,16.0,4,1.25,82800,1.75,0,84,244,68,116,0,0,0,116,4,28,1.125,144.0,0.0,True,False
512,4 4 32,128,16.0,4,1.25,83000,1.75,0,84,244,68,116,0,0,0,116,4,28,1.125,144.0,0.0,True,False
512,4 4 32,128,16.0,4,1.25,83200,1.75,0,84,244,68,116,0,0,0,116,4,28,1.125,144.0,0.0,True,False
512,4 4 32,128,16.0,4,1.25,83400,1.75,0,84,244,68,116,0,0,0,116,4,28,1.125,144.0,0.0,True,False
512,4 4 32,128,16.0,4,1.25,83600,1.75,0,84,244,68,116,0,0,0,116,4,28,1.125,144.0,0.0,True,False
512,4 4 32,128,16.0,4,1.25,83800,1.75,0,84,244,68,116,0,0,0,116,4,28,1.125,144.0,0.0,True,False
512,4 4 32,128,16.0,4,1.25,84000,1.75,0,84,244,68,116,0,0,0,116,4,28,1.125,144.0,0.0,True,False
512,4 4 32,128,16.0,4,1.25,84200,1.75,0,84,244,68,116,0,0,0,116,4,28,1.125,144.0,0.0,True,False
512,4 4 32,128,16.0,4,1.25,84400,1.75,0,84,244,68,116,0,0,0,116,4,28,1.125,144.0,0.0,True,False
512,4 4 32,128,16.0,4,1.25,84600,1.75,0,84,244,68,116,0,0,0,116,4,28,1.125,144.0,0.0,True,False
512,4 4 32,128,16.0,4,1.25,84800,1.75,0,84,244,68,116,0,0,0,116,4,28,1.125,144.0,0.0,True,False
512,4 4 32,128,16.0,4,1.25,85000,1.75,0,84,244,68,116,0,0,0,116,4,28,1.125,144.0,0.0,True,False
512,4 4 32,128,16.0,4,1.25,85200,1.75,0,84,244,68,116,0,0,0,116,4,28,1.125,144.0,0.0,True,False
512,4 4 32,128,16.0,4,1.25,85400,1.75,0,84,244,68,116,0,0,0,116,4,28,1.125,144.0,0.0,True,False
512,4 4 32,128,16.0,4,1.25,85600,1.75,0,84,244,68,116,0,0,0,116,4,28,1.125,144.0,0.0,True,False
512,4 4 32,128,16.0,4,1.25,85800,1.75,0,84,244,68,116,0,0,0,116,4,28,1.125,144.0,0.0,True,False
512,4 4 32,128,16.0,4,1.25,86000,1.75,0,84,244,68,116,0,0,0,116,4,28,1.125,144.0,0.0,True,False
512,4 4 32,128,16.0,4,1.25,86200,1.75,0,84,244,68,116,0,0,0,116,4,28,1.125,144.0,0.0,True,False
512,4 4 32,128,16.0,4,1.25,86400,1.75,0,84,244,68,116,0,0,0,116,4,28,1.125,144.0,0.0,True,False
512,4 4 32,128,16.0,4,1.25,86600,1.75,0,84,244,68,116,0,0,0,116,4,28,1.125,144.0,0.0,True,False
512,4 4 32,128,16.0,4,1.25,86800,1.75,0,84,244,68,116,0,0,0,116,4,28,1.125,144.0,0.0,True,False
512,4 4 32,128,16.0,4,1.25,87000,1.75,0,84,244,68,116,0,0,0,116,4,28,1.125,144.0,0.0,True,False
512,4 4 32,128,16.0,4,1.25,87200,1.75,0,84,244,68,116,0,0,0,116,4,28,1.125,144.0,0.0,True,False
512,4 4 32,128,16.0,4,1.25,87400,1.75,0,84,244,68,116,0,0,0,116,4,28,1.125,144.0,0.0,True,False
512,4 4 32,128,16.0,4,1.25,87600,1.75,0,84,244,68,116,0,0,0,116,4,28,1.125,144.0,0.0,True,False
512,4 4 32,128,16.0,4,1.25,87800,1.75,0,84,244,68,116,0,0,0,116,4,28,1.125,144.0,0.0,True,False
512,4 4 32,128,16.0,4,1.25,88000,1.75,0,84,244,68,116,0,0,0,116,4,28,1.125,144.0,0.0,True,False
512,4 4 32,128,16.0,4,1.25,88200,1.75,0,84,244,68,116,0,0,0,116,4,28,1.125,144.0,0.0,True,False
512,4 4 32,128,16.0,4,1.25,88400,1.75,0,84,244,68,116,0,0,0,116,4,28,1.125,144.0,0.0,True,False
512,4 4 32,128,16.0,4,1.25,88600,1.75,0,84,244,68,116,0,0,0,116,4,28,1.125,144.0,0.0,True,False
512,4 4 32,128,16.0,4,1.25,88800,1.75,0,84,244,68,116,0,0,0,116,4,28,1.125,144.0,0.0,True,False
512,4 4 32,128,16.0,4,1.25,89000,1.75,0,84,244,68,116,0,0,0,116,4,28,1.125,144.0,0.0,True,False
512,4 4 32,128,16.0,4,1.25,89200,1.75,0,84,244,68,116,0,0,0,116,4,28,1.125,144.0,0.0,True,False
512,4 4 32,128,16.0,4,1.25,89400,1.75,0,84,244,68,116,0,0,0,116,4,28,1.125,144.0,0.0,True,False
512,4 4 32,128,16.0,4,1.25,89600,1.75,0,84,244,68,116,0,0,0,116,4,28,1.125,144.0,0.0,True,False
512,4 4 32,128,16.0,4,1.25,89800,1.75,0,84,244,68,116,0,0,0,116,4,28,1.125,144.0,0.0,True,False
512,4 4 32,128,16.0,4,1.25,90000,1.75,0,84,244,68,116,0,0,0,116,4,28,1.125,144.0,0.0,True,False
512,4 4 32,128,16.0,4,1.25,90200,1.75,0,84,244,68,116,0,0,0,116,4,28,1.125,144.0,0.0,True,False
512,4 4 32,128,16.0,4,1.25,90400,1.75,0,84,244,68,116,0,0,0,116,4,28,1.125,144.0,0.0,True,False
512,4 4 32,128,16.0,4,1.25,90600,1.75,0,84,244,68,116,0,0,0,116,4,28,1.125,144.0,0.0,True,False
512,4 4 32,128,16.0,4,1.25,90800,1.75,0,84,244,68,116,0,0,0,116,4,28,1.125,144.0,0.0,True,False
512,4 4 32,128,16.0,4,1.25,91000,1.75,0,84,244,68,116,0,0,0,116,4,28,1.125,144.0,0.0,True,False
512,4 4 32,128,16.0,4,1.25,91200,1.75,0,84,244,68,116,0,0,0,116,4,28,1.125,144.0,0.0,True,False
512,4 4 32,128,16.0,4,1.25,91400,1.75,0,84,244,68,116,0,0,0,116,4,28,1.125,144.0,0.0,True,False
512,4 4 32,128,16.0,4,1.25,91600,1.75,0,84,244,68,116,0,0,0,116,4,28,1.125,144.0,0.0,True,False
512,4 4 32,128,16.0,4,1.25,91800,1.75,0,84,244,68,116,0,0,0,116,4,28,1.125,144.0,0.0,True,False
512,4 4 32,128,16.0,4,1.25,92000,1.75,0,84,244,68,116,0,0,0,116,4,28,1.125,144.0,0.0,True,False
512,4 4 32,128,16.0,4,1.25,92200,1.75,0,84,244,68,116,0,0,0,116,4,28,1.125,144.0,0.0,True,False
512,4 4 32,128,16.0,4,1.25,92400,1.75,0,84,244,68,116,0,0,0,116,4,28,1.125,144.0,0.0,True,False
512,4 4 32,128,16.0,4,1.25,92600,1.75,0,84,244,68,116,0,0,0,116,4,28,1.125,144.0,0.0,True,False
512,4 4 32,128,16.0,4,1.25,92800,1.75,0,84,244,68,116,0,0,0,116,4,28,1.125,144.0,0.0,True,False
512,4 4 32,128,16.0,4,1.25,93000,1.75,0,84,244,68,116,0,0,0,116,4,28,1.125,144.0,0.0,True,False
512,4 4 32,128,16.0,4,1.25,93200,1.75,0,84,244,68,116,0,0,0,116,4,28,1.125,144.0,0.0,True,False
512,4 4 32,128,16.0,4,1.25,93400,1.75,0,84,244,68,116,0,0,0,116,4,28,1.125,144.0,0.0,True,False
512,4 4 32,128,16.0,4,1.25,93600,1.75,0,84,244,68,116,0,0,0,116,4,28,1.125,144.0,0.0,True,False
512,4 4 32,128,16.0,4,1.25,93800,1.75,0,84,244,68,116,0,0,0,116,4,28,1.125,144.0,0.0,True,False
512,4 4 32,128,16.0,4,1.25,94000,1.75,0,84,244,68,116,0,0,0,116,4,28,1.125,144.0,0.0,True,False
512,4 4 32,128,16.0,4,1.25,94200,1.75,0,84,244,68,116,0,0,0,116,4,28,1.125,144.0,0.0,True,False
512,4 4 32,128,16.0,4,1.25,94400,1.75,0,84,244,68,116,0,0,0,116,4,28,1.125,144.0,0.0,True,False
512,4 4 32,128,16.0,4,1.25,94600,1.75,0,84,244,68,116,0,0,0,116,4,28,1.125,144.0,0.0,True,False
512,4 4 32,128,16.0,4,1.25,94800,1.75,0,84,244,68,116,0,0,0,116,4,28,1.125,144.0,0.0,True,False
512,4 4 32,128,16.0,4,1.25,95000,1.75,0,84,244,68,116,0,0,0,116,4,28,1.125,144.0,0.0,True,False
512,4 4 32,128,16.0,4,1.25,95200,1.75,0,84,244,68,116,0,0,0,116,4,28,1.125,144.0,0.0,True,False
512,4 4 32,128,16.0,4,1.25,95400,1.75,0,84,244,68,116,0,0,0,116,4,28,1.125,144.0,0.0,True,False
512,4 4 32,128,16.0,4,1.25,95600,1.75,0,84,244,68,116,0,0,0,116,4,28,1.125,144.0,0.0,True,False
512,4 4 32,128,16.0,4,1.25,95800,1.75,0,84,244,68,116,0,0,0,116,4,28,1.125,144.0,0.0,True,False
512,4 4 32,128,16.0,4,1.25,96000,1.75,0,84,244,68,116,0,0,0,116,4,28,1.125,144.0,0.0,True,False
512,4 4 32,128,16.0,4,1.25,96200,1.75,0,84,244,68,116,0,0,0,116,4,28,1.125,144.0,0.0,True,False
512,4 4 32,128,16.0,4,1.25,96400,1.75,0,84,244,68,116,0,0,0,116,4,28,1.125,144.0,0.0,True,False
512,4 4 32,128,16.0,4,1.25,96600,1.75,0,84,244,68,116,0,0,0,116,4,28,1.125,144.0,0.0,True,False
512,4 4 32,128,16.0,4,1.25,96800,1.75,0,84,244,68,116,0,0,0,116,4,28,1.125,144.0,0.0,True,False
512,4 4 32,128,16.0,4,1.25,97000,1.75,0,84,244,68,116,0,0,0,116,4,28,1.125,144.0,0.0,True,False
512,4 4 32,128,16.0,4,1.25,97200,1.75,0,84,244,68,116,0,0,0,116,4,28,1.125,144.0,0.0,True,False
512,4 4 32,128,16.0,4,1.25,97400,1.75,0,84,244,68,116,0,0,0,116,4,28,1.125,144.0,0.0,True,False
512,4 4 32,128,16.0,4,1.25,97600,1.75,0,84,244,68,116,0,0,0,116,4,28,1.125,144.0,0.0,True,False
512,4 4 32,128,16.0,4,1.25,97800,1.75,0,84,244,68,116,0,0,0,116,4,28,1.125,144.0,0.0,True,False
512,4 4 32,128,16.0,4,1.25,98000,1.75,0,84,244,68,116,0,0,0,116,4,28,1.125,144.0,0.0,True,False
512,4 4 32,128,16.0,4,1.25,98200,1.75,0,84,244,68,116,0,0,0,116,4,28,1.125,144.0,0.0,True,False
512,4 4 32,128,16.0,4,1.25,98400,1.75,0,84,244,68,116,0,0,0,116,4,28,1.125,144.0,0.0,True,False
512,4 4 32,128,16.0,4,1.25,98600,1.75,0,84,244,68,116,0,0,0,116,4,28,1.125,144.0,0.0,True,False
512,4 4 32,128,16.0,4,1.25,98800,1.75,0,84,244,68,116,0,0,0,116,4,28,1.125,144.0,0.0,True,False
512,4 4 32,128,16.0,4,1.25,99000,1.75,0,84,244,68,116,0,0,0,116,4,28,1.125,144.0,0.0,True,False
512,4 4 32,128,16.0,4,1.25,99200,1.75,0,84,244,68,116,0,0,0,116,4,28,1.125,144.0,0.0,True,False
512,4 4 32,128,16.0,4,1.25,99400,1.75,0,84,244,68,116,0,0,0,116,4,28,1.125,144.0,0.0,True,False
512,4 4 32,128,16.0,4,1.25,99600,1.75,0,84,244,68,116,0,0,0,116,4,28,1.125,144.0,0.0,True,False
512,4 4 32,128,16.0,4,1.25,99800,1.75,0,84,244,68,116,0,0,0,116,4,28,1.125,144.0,0.0,True,False
512,4 4 32,128,16.0,4,1.25,100000,1.75,0,84,244,68,116,0,0,0,116,4,28,1.125,144.0,0.0,True,True
512,4 4 32,128,16.0,5,1.25,0,2.0,0,512,0,0,0,0,0,0,0,0,0,0.125,16.0,0.0,False,False
512,4 4 32,128,16.0,5,1.25,200,2.0,0,512,0,0,0,0,0,0,0,0,0,0.125,16.0,0.0,False,False
512,4 4 32,128,16.0,5,1.25,400,2.03125,0,496,12,0,4,0,0,0,4,0,0,0.0,0.0,0.0,True,False
512,4 4 32,128,16.0,5,1.25,600,2.03125,0,496,12,0,4,0,0,0,4,0,0,0.0,0.0,0.0,True,False
512,4 4 32,128,16.0,5,1.25,800,2.03125,0,496,12,0,4,0,0,0,4,0,0,0.0,0.0,0.0,True,False
512,4 4 32,128,16.0,5,1.25,1000,2.03125,0,484,20,0,8,0,0,0,8,0,0,0.0,0.0,0.0,True,False
512,4 4 32,128,16.0,5,1.25,1200,2.03125,0,484,20,0,8,0,0,0,8,0,0,0.0,0.0,0.0,True,False
512,4 4 32,128,16.0,5,1.25,1400,2.03125,0,484,20,0,8,0,0,0,8,0,0,0.0,0.0,0.0,True,False
512,4 4 32,128,16.0,5,1.25,1600,2.03125,0,484,20,0,8,0,0,0,8,0,0,0.0,0.0,0.0,True,False
512,4 4 32,128,16.0,5,1.25,1800,2.03125,0,472,28,0,12,0,0,0,12,0,0,0.0,0.0,0.0,True,False
512,4 4 32,128,16.0,5,1.25,2000,2.03125,0,472,28,0,12,0,0,0,12,0,0,0.0,0.0,0.0,True,False
512,4 4 32,128,16.0,5,1.25,2200,2.03125,0,472,28,0,12,0,0,0,12,0,0,0.0,0.0,0.0,True,False
512,4 4 32,128,16.0,5,1.25,2400,2.03125,0,472,28,0,12,0,0,0,12,0,0,0.0,0.0,0.0,True,False
512,4 4 32,128,16.0,5,1.25,2600,2.03125,0,472,28,0,12,0,0,0,12,0,0,0.0,0.0,0.0,True,False
512,4 4 32,128,16.0,5,1.25,2800,2.03125,0,484,20,0,8,0,0,0,8,0,0,0.0,0.0,0.0,True,False
512,4 4 32,128,16.0,5,1.25,3000,2.03125,0,484,20,0,8,0,0,0,8,0,0,0.0,0.0,0.0,True,False
512,4 4 32,128,16.0,5,1.25,3200,2.03125,0,496,12,0,4,0,0,0,4,0,0,0.0,0.0,0.0,True,False
512,4 4 32,128,16.0,5,1.25,3400,2.03125,0,484,20,0,8,0,0,0,8,0,0,0.0,0.0,0.0,True,False
512,4 4 32,128,16.0,5,1.25,3600,2.03125,0,484,20,0,8,0,0,0,8,0,0,0.0,0.0,0.0,True,False
512,4 4 32,128,16.0,5,1.25,3800,2.03125,0,460,36,0,16,0,0,0,16,0,0,0.0,0.0,0.0,True,False
512,4 4 32,128,16.0,5,1.25,4000,2.03125,0,460,36,0,16,0,0,0,16,0,0,0.0,0.0,0.0,True,False
512,4 4 32,128,16.0,5,1.25,4200,2.03125,0,460,36,0,16,0,0,0,16,0,0,0.0,0.0,0.0,True,False
512,4 4 32,128,16.0,5,1.25,4400,2.03125,0,460,36,0,16,0,0,0,16,0,0,0.0,0.0,0.0,True,False
512,4 4 32,128,16.0,5,1.25,4600,2.03125,0,460,36,0,16,0,0,0,16,0,0,0.0,0.0,0.0,True,False
512,4 4 32,128,16.0,5,1.25,4800,2.03125,0,460,36,0,16,0,0,0,16,0,0,0.0,0.0,0.0,True,False
512,4 4 32,128,16.0,5,1.25,5000,2.03125,0,460,36,0,16,0,0,0,16,0,0,0.0,0.0,0.0,True,False
512,4 4 32,128,16.0,5,1.25,5200,2.03125,0,460,36,0,16,0,0,0,16,0,0,0.0,0.0,0.0,True,False
512,4 4 32,128,16.0,5,1.25,5400,2.03125,0,460,36,0,16,0,0,0,16,0,0,0.0,0.0,0.0,True,False
512,4 4 32,128,16.0,5,1.25,5600,2.03125,0,460,36,0,16,0,0,0,16,0,0,0.0,0.0,0.0,True,False
512,4 4 32,128,16.0,5,1.25,5800,2.03125,0,460,36,0,16,0,0,0,16,0,0,0.0,0.0,0.0,True,False
512,4 4 32,128,16.0,5,1.25,6000,2.03125,0,460,36,0,16,0,0,0,16,0,0,0.0,0.0,0.0,True,False
512,4 4 32,128,16.0,5,1.25,6200,2.03125,0,460,36,0,16,0,0,0,16,0,0,0.0,0.0,0.0,True,False
512,4 4 32,128,16.0,5,1.25,6400,2.03125,0,448,44,0,20,0,0,0,20,0,0,0.0,0.0,0.0,True,False
512,4 4 32,128,16.0,5,1.25,6600,2.03125,0,448,44,0,20,0,0,0,20,0,0,0.0,0.0,0.0,True,False
512,4 4 32,128,16.0,5,1.25,6800,2.03125,0,424,60,0,28,0,0,0,28,0,0,0.0,0.0,0.0,True,False
512,4 4 32,128,16.0,5,1.25,7000,2.03125,0,400,76,0,36,0,0,0,36,0,0,0.0,0.0,0.0,True,False
512,4 4 32,128,16.0,5,1.25,7200,2.03125,0,412,68,0,32,0,0,0,32,0,0,0.0,0.0,0.0,True,False
512,4 4 32,128,16.0,5,1.25,7400,2.03125,0,412,68,0,32,0,0,0,32,0,0,0.0,0.0,0.0,True,False
512,4 4 32,128,16.0,5,1.25,7600,2.0078125,0,412,68,8,24,0,0,0,24,2,4,0.09375,12.0,0.0,True,False
512,4 4 32,128,16.0,5,1.25,7800,2.0078125,0,412,68,8,24,0,0,0,24,2,4,0.09375,12.0,0.0,True,False
512,4 4 32,128,16.0,5,1.25,8000,2.0078125,0,424,60,8,20,0,0,0,20,2,4,0.09375,12.0,0.0,True,False
512,4 4 32,128,16.0,5,1.25,8200,2.0078125,0,424,60,8,20,0,0,0,20,2,4,0.09375,12.0,0.0,True,False
512,4 4 32,128,16.0,5,1.25,8400,2.0078125,0,436,52,8,16,0,0,0,16,2,4,0.09375,12.0,0.0,True,False
512,4 4 32,128,16.0,5,1.25,8600,2.0078125,0,436,52,8,16,0,0,0,16,2,4,0.09375,12.0,0.0,True,False
512,4 4 32,128,16.0,5,1.25,8800,2.0078125,0,436,52,8,16,0,0,0,16,2,4,0.09375,12.0,0.0,True,False
512,4 4 32,128,16.0,5,1.25,9000,2.0078125,0,436,52,8,16,0,0,0,16,2,4,0.09375,12.0,0.0,True,False
512,4 4 32,128,16.0,5,1.25,9200,2.0078125,0,436,52,8,16,0,0,0,16,2,4,0.09375,12.0,0.0,True,False
512,4 4 32,128,16.0,5,1.25,9400,2.0078125,0,424,60,8,20,0,0,0,20,2,4,0.09375,12.0,0.0,True,False
512,4 4 32,128,16.0,5,1.25,9600,2.0078125,0,424,60,8,20,0,0,0,20,2,4,0.09375,12.0,0.0,True,False
512,4 4 32,128,16.0,5,1.25,9800,2.0078125,0,424,60,8,20,0,0,0,20,2,4,0.09375,12.0,0.0,True,False
512,4 4 32,128,16.0,5,1.25,10000,1.99609375,0,424,60,12,16,0,0,0,16,1,12,0.140625,18.0,0.0,True,False
512,4 4 32,128,16.0,5,1.25,10200,1.99609375,0,424,60,12,16,0,0,0,16,1,12,0.140625,18.0,0.0,True,False
512,4 4 32,128,16.0,5,1.25,10400,1.99609375,0,424,60,12,16,0,0,0,16,1,12,0.140625,18.0,0.0,True,False
512,4 4 32,128,16.0,5,1.25,10600,1.99609375,0,424,60,12,16,0,0,0,16,1,12,0.140625,18.0,0.0,True,False
512,4 4 32,128,16.0,5,1.25,10800,1.99609375,0,412,68,12,20,0,0,0,20,1,12,0.140625,18.0,0.0,True,False
512,4 4 32,128,16.0,5,1.25,11000,1.99609375,0,412,68,12,20,0,0,0,20,1,12,0.140625,18.0,0.0,True,False
512,4 4 32,128,16.0,5,1.25,11200,1.99609375,0,400,76,12,24,0,0,0,24,1,12,0.140625,18.0,0.0,True,False
512,4 4 32,128,16.0,5,1.25,11400,1.99609375,0,400,76,12,24,0,0,0,24,1,12,0.140625,18.0,0.0,True,False
512,4 4 32,128,16.0,5,1.25,11600,1.99609375,0,412,68,12,20,0,0,0,20,1,12,0.140625,18.0,0.0,True,False
512,4 4 32,128,16.0,5,1.25,11800,1.99609375,0,412,68,12,20,0,0,0,20,1,12,0.140625,18.0,0.0,True,False
512,4 4 32,128,16.0,5,1.25,12000,1.99609375,0,412,68,12,20,0,0,0,20,1,12,0.140625,18.0,0.0,True,False
512,4 4 32,128,16.0,5,1.25,12200,1.99609375,0,412,68,12,20,0,0,0,20,1,12,0.140625,18.0,0.0,True,False
512,4 4 32,128,16.0,5,1.25,12400,1.99609375,0,412,68,12,20,0,0,0,20,1,12,0.140625,18.0,0.0,True,False
512,4 4 32,128,16.0,5,1.25,12600,1.99609375,0,424,60,12,16,0,0,0,16,1,12,0.140625,18.0,0.0,True,False
512,4 4 32,128,16.0,5,1.25,12800,1.99609375,0,424,60,12,16,0,0,0,16,1,12,0.140625,18.0,0.0,True,False
512,4 4 32,128,16.0,5,1.25,13000,1.99609375,0,424,60,12,16,0,0,0,16,1,12,0.140625,18.0,0.0,True,False
512,4 4 32,128,16.0,5,1.25,13200,1.99609375,0,412,68,12,20,0,0,0,20,1,12,0.140625,18.0,0.0,True,False
512,4 4 32,128,16.0,5,1.25,13400,1.99609375,0,412,68,12,20,0,0,0,20,1,12,0.140625,18.0,0.0,True,False
512,4 4 32,128,16.0,5,1.25,13600,1.984375,0,412,68,16,16,0,0,0,16,1,16,0.1875,24.0,0.0,True,False
512,4 4 32,128,16.0,5,1.25,13800,1.984375,0,412,68,16,16,0,0,0,16,1,16,0.1875,24.0,0.0,True,False
512,4 4 32,128,16.0,5,1.25,14000,1.984375,0,412,68,16,16,0,0,0,16,1,16,0.1875,24.0,0.0,True,False
512,4 4 32,128,16.0,5,1.25,14200,1.984375,0,412,68,16,16,0,0,0,16,1,16,0.1875,24.0,0.0,True,False
512,4 4 32,128,16.0,5,1.25,14400,1.984375,0,412,68,16,16,0,0,0,16,1,16,0.1875,24.0,0.0,True,False
512,4 4 32,128,16.0,5,1.25,14600,1.984375,0,412,68,16,16,0,0,0,16,1,16,0.1875,24.0,0.0,True,False
512,4 4 32,128,16.0,5,1.25,14800,1.984375,0,412,68,16,16,0,0,0,16,1,16,0.1875,24.0,0.0,True,False
512,4 4 32,128,16.0,5,1.25,15000,1.984375,0,412,68,16,16,0,0,0,16,1,16,0.1875,24.0,0.0,True,False
512,4 4 32,128,16.0,5,1.25,15200,1.984375,0,412,68,16,16,0,0,0,16,1,16,0.1875,24.0,0.0,True,False
512,4 4 32,128,16.0,5,1.25,15400,1.984375,0,400,76,16,20,0,0,0,20,1,16,0.1875,24.0,0.0,True,False
512,4 4 32,128,16.0,5,1.25,15600,1.984375,0,388,84,16,24,0,0,0,24,1,16,0.1875,24.0,0.0,True,False
512,4 4 32,128,16.0,5,1.25,15800,1.984375,0,400,76,16,20,0,0,0,20,1,16,0.1875,24.0,0.0,True,False
512,4 4 32,128,16.0,5,1.25,16000,1.984375,0,400,76,16,20,0,0,0,20,1,16,0.1875,24.0,0.0,True,False
512,4 4 32,128,16.0,5,1.25,16200,1.984375,0,388,84,16,24,0,0,0,24,1,16,0.1875,24.0,0.0,True,False
512,4 4 32,128,16.0,5,1.25,16400,1.984375,0,388,84,16,24,0,0,0,24,1,16,0.1875,24.0,0.0,True,False
512,4 4 32,128,16.0,5,1.25,16600,1.984375,0,400,76,16,20,0,0,0,20,1,16,0.1875,24.0,0.0,True,False
512,4 4 32,128,16.0,5,1.25,16800,1.984375,0,400,76,16,20,0,0,0,20,1,16,0.1875,24.0,0.0,True,False
512,4 4 32,128,16.0,5,1.25,17000,1.984375,0,412,68,16,16,0,0,0,16,1,16,0.1875,24.0,0.0,True,False
512,4 4 32,128,16.0,5,1.25,17200,1.984375,0,400,76,16,20,0,0,0,20,1,16,0.1875,24.0,0.0,True,False
512,4 4 32,128,16.0,5,1.25,17400,1.984375,0,388,84,16,24,0,0,0,24,1,16,0.1875,24.0,0.0,True,False
512,4 4 32,128,16.0,5,1.25,17600,1.97265625,0,400,76,20,16,0,0,0,16,1,20,0.234375,30.0,0.0,True,False
512,4 4 32,128,16.0,5,1.25,17800,1.97265625,0,400,76,20,16,0,0,0,16,1,20,0.234375,30.0,0.0,True,False
512,4 4 32,128,16.0,5,1.25,18000,1.97265625,0,400,76,20,16,0,0,0,16,1,20,0.234375,30.0,0.0,True,False
512,4 4 32,128,16.0,5,1.25,18200,1.97265625,0,388,84,20,20,0,0,0,20,1,20,0.234375,30.0,0.0,True,False
512,4 4 32,128,16.0,5,1.25,18400,1.9609375,0,388,84,24,16,0,0,0,16,1,24,0.28125,36.0,0.0,True,False
512,4 4 32,128,16.0,5,1.25,18600,1.9609375,0,388,84,24,16,0,0,0,16,1,24,0.28125,36.0,0.0,True,False
512,4 4 32,128,16.0,5,1.25,18800,1.9609375,0,376,92,24,20,0,0,0,20,1,24,0.28125,36.0,0.0,True,False
512,4 4 32,128,16.0,5,1.25,19000,1.94921875,0,376,92,28,16,0,0,0,16,1,28,0.328125,42.0,0.0,True,False
512,4 4 32,128,16.0,5,1.25,19200,1.94921875,0,376,92,28,16,0,0,0,16,1,28,0.328125,42.0,0.0,True,False
512,4 4 32,128,16.0,5,1.25,19400,1.94921875,0,376,92,28,16,0,0,0,16,1,28,0.328125,42.0,0.0,True,False
512,4 4 32,128,16.0,5,1.25,19600,1.94921875,0,376,92,28,16,0,0,0,16,1,28,0.328125,42.0,0.0,True,False
512,4 4 32,128,16.0,5,1.25,19800,1.94921875,0,376,92,28,16,0,0,0,16,1,28,0.328125,42.0,0.0,True,False
512,4 4 32,128,16.0,5,1.25,20000,1.9375,0,364,100,32,16,0,0,0,16,1,32,0.375,48.0,0.0,True,False
512,4 4 32,128,16.0,5,1.25,20200,1.92578125,0,352,108,36,16,0,0,0,16,1,36,0.421875,54.0,0.0,True,False
512,4 4 32,128,16.0,5,1.25,20400,1.92578125,0,340,116,36,20,0,0,0,20,1,36,0.421875,54.0,0.0,True,False
512,4 4 32,128,16.0,5,1.25,20600,1.93359375,0,324,120,40,28,0,0,0,28,1,40,0.390625,50.0,0.0,True,False
512,4 4 32,128,16.0,5,1.25,20800,1.93359375,0,288,144,40,40,0,0,0,40,1,40,0.390625,50.0,0.0,True,False
512,4 4 32,128,16.0,5,1.25,21000,1.9140625,0,280,144,44,44,0,0,0,44,1,44,0.46875,60.0,0.0,True,False
512,4 4 32,128,16.0,5,1.25,21200,1.91015625,0,276,144,44,48,0,0,0,48,2,42,0.484375,62.0,0.0,True,False
512,4 4 32,128,16.0,5,1.25,21400,1.90234375,0,280,136,44,52,0,0,0,52,2,42,0.515625,66.0,0.0,True,False
512,4 4 32,128,16.0,5,1.25,21600,1.90234375,0,280,136,44,52,0,0,0,52,2,42,0.515625,66.0,0.0,True,False
512,4 4 32,128,16.0,5,1.25,21800,1.8984375,0,264,152,52,40,4,0,0,44,5,36,0.53125,68.0,0.0,True,False
512,4 4 32,128,16.0,5,1.25,22000,1.8828125,0,264,160,48,36,4,0,0,40,4,32,0.59375,76.0,0.0,True,False
512,4 4 32,128,16.0,5,1.25,22200,1.890625,0,264,160,48,40,0,0,0,40,4,32,0.5625,72.0,0.0,True,False
512,4 4 32,128,16.0,5,1.25,22400,1.87890625,0,240,176,52,44,0,0,0,44,4,36,0.609375,78.0,0.0,True,False
512,4 4 32,128,16.0,5,1.25,22600,1.896484375,0,242,176,53,38,3,0,0,41,5,36,0.5390625,69.0,0.0,True,False
512,4 4 32,128,16.0,5,1.25,22800,1.896484375,0,242,176,53,38,3,0,0,41,5,36,0.5390625,69.0,0.0,True,False
512,4 4 32,128,16.0,5,1.25,23000,1.87890625,0,228,184,52,48,0,0,0,48,4,36,0.609375,78.0,0.0,True,False
512,4 4 32,128,16.0,5,1.25,23200,1.87890625,0,218,188,54,52,0,0,0,52,6,36,0.609375,78.0,0.0,True,False
512,4 4 32,128,16.0,5,1.25,23400,1.87890625,0,230,180,54,48,0,0,0,48,6,36,0.609375,78.0,0.0,True,False
512,4 4 32,128,16.0,5,1.25,23600,1.86328125,0,226,180,58,48,0,0,0,48,6,40,0.671875,86.0,0.0,True,False
512,4 4 32,128,16.0,5,1.25,23800,1.859375,0,210,188,58,56,0,0,0,56,6,40,0.6875,88.0,0.0,True,False
512,4 4 32,128,16.0,5,1.25,24000,1.859375,0,210,188,58,56,0,0,0,56,6,40,0.6875,88.0,0.0,True,False
512,4 4 32,128,16.0,5,1.25,24200,1.84375,0,198,200,62,52,0,0,0,52,11,28,0.75,96.0,0.0,True,False
512,4 4 32,128,16.0,5,1.25,24400,1.84375,0,198,200,62,52,0,0,0,52,11,28,0.75,96.0,0.0,True,False
512,4 4 32,128,16.0,5,1.25,24600,1.85546875,0,186,192,70,64,0,0,0,64,12,34,0.703125,90.0,0.0,True,False
512,4 4 32,128,16.0,5,1.25,24800,1.83203125,0,196,188,76,52,0,0,0,52,7,34,0.796875,102.0,0.0,True,False
512,4 4 32,128,16.0,5,1.25,25000,1.81640625,0,186,200,74,52,0,0,0,52,8,30,0.859375,110.0,0.0,True,False
512,4 4 32,128,16.0,5,1.25,25200,1.81640625,0,186,200,74,52,0,0,0,52,8,30,0.859375,110.0,0.0,True,False
512,4 4 32,128,16.0,5,1.25,25400,1.80859375,0,192,200,72,48,0,0,0,48,8,30,0.890625,114.0,0.0,True,False
512,4 4 32,128,16.0,5,1.25,25600,1.80078125,0,186,208,70,48,0,0,0,48,9,28,0.921875,118.0,0.0,True,False
512,4 4 32,128,16.0,5,1.25,25800,1.8046875,0,174,224,68,44,2,0,0,46,10,28,0.90625,116.0,0.0,True,False
512,4 4 32,128,16.0,5,1.25,26000,1.82421875,0,158,224,76,52,2,0,0,54,13,28,0.828125,106.0,0.0,True,False
512,4 4 32,128,16.0,5,1.25,26200,1.80078125,0,158,232,68,52,2,0,0,54,10,28,0.921875,118.0,0.0,True,False
512,4 4 32,128,16.0,5,1.25,26400,1.78125,0,182,216,70,40,4,0,0,44,11,28,1.0,128.0,0.0,True,False
512,4 4 32,128,16.0,5,1.25,26600,1.78125,0,182,216,70,40,4,0,0,44,11,28,1.0,128.0,0.0,True,False
512,4 4 32,128,16.0,5,1.25,26800,1.77734375,0,178,216,70,44,4,0,0,48,12,26,1.015625,130.0,0.0,True,False
512,4 4 32,128,16.0,5,1.25,27000,1.77734375,0,166,224,70,48,4,0,0,52,12,26,1.015625,130.0,0.0,True,False
512,4 4 32,128,16.0,5,1.25,27200,1.77734375,0,166,224,70,48,4,0,0,52,12,26,1.015625,130.0,0.0,True,False
512,4 4 32,128,16.0,5,1.25,27400,1.74609375,0,174,228,62,44,4,0,0,48,9,26,1.140625,146.0,0.0,True,False
512,4 4 32,128,16.0,5,1.25,27600,1.73046875,0,174,236,58,40,4,0,0,44,9,26,1.203125,154.0,0.0,True,False
512,4 4 32,128,16.0,5,1.25,27800,1.755859375,0,158,240,66,44,4,0,0,48,9,34,1.1015625,141.0,0.0,True,False
512,4 4 32,128,16.0,5,1.25,28000,1.755859375,0,158,240,66,44,4,0,0,48,9,34,1.1015625,141.0,0.0,True,False
512,4 4 32,128,16.0,5,1.25,28200,1.748046875,0,154,240,74,40,4,0,0,44,9,42,1.1328125,145.0,0.0,True,False
512,4 4 32,128,16.0,5,1.25,28400,1.73828125,0,144,240,84,40,4,0,0,44,10,48,1.171875,150.0,0.0,True,False
512,4 4 32,128,16.0,5,1.25,28600,1.72265625,0,140,244,80,44,4,0,0,48,10,48,1.234375,158.0,0.0,True,False
512,4 4 32,128,16.0,5,1.25,28800,1.72265625,0,140,244,80,44,4,0,0,48,10,48,1.234375,158.0,0.0,True,False
512,4 4 32,128,16.0,5,1.25,29000,1.728515625,0,136,244,80,48,4,0,0,52,10,48,1.2109375,155.0,0.0,True,False
512,4 4 32,128,16.0,5,1.25,29200,1.724609375,0,140,244,76,48,4,0,0,52,9,46,1.2265625,157.0,0.0,True,False
512,4 4 32,128,16.0,5,1.25,29400,1.716796875,0,136,248,76,48,4,0,0,52,12,28,1.2578125,161.0,0.0,True,False
512,4 4 32,128,16.0,5,1.25,29600,1.716796875,0,140,252,76,40,4,0,0,44,16,28,1.2578125,161.0,0.0,True,False
512,4 4 32,128,16.0,5,1.25,29800,1.716796875,0,140,252,76,40,4,0,0,44,16,28,1.2578125,161.0,0.0,True,False
512,4 4 32,128,16.0,5,1.25,30000,1.716796875,0,140,252,76,40,4,0,0,44,16,28,1.2578125,161.0,0.0,True,False
512,4 4 32,128,16.0,5,1.25,30200,1.7421875,0,137,253,72,45,5,0,0,50,17,28,1.15625,148.0,0.0,True,False
512,4 4 32,128,16.0,5,1.25,30400,1.7421875,0,137,253,72,45,5,0,0,50,17,28,1.15625,148.0,0.0,True,False
512,4 4 32,128,16.0,5,1.25,30600,1.73828125,0,133,253,72,49,5,0,0,54,17,28,1.171875,150.0,0.0,True,False
512,4 4 32,128,16.0,5,1.25,30800,1.73828125,0,133,253,72,49,5,0,0,54,17,28,1.171875,150.0,0.0,True,False
512,4 4 32,128,16.0,5,1.25,31000,1.73046875,0,122,271,65,49,5,0,0,54,14,28,1.203125,154.0,0.0,True,False
512,4 4 32,128,16.0,5,1.25,31200,1.736328125,0,83,303,66,55,5,0,0,60,14,28,1.1796875,151.0,0.0,True,False
512,4 4 32,128,16.0,5,1.25,31400,1.705078125,0,110,285,65,47,5,0,0,52,13,28,1.3046875,167.0,0.0,True,False
512,4 4 32,128,16.0,5,1.25,31600,1.705078125,0,110,285,65,47,5,0,0,52,13,28,1.3046875,167.0,0.0,True,False
512,4 4 32,128,16.0,5,1.25,31800,1.720703125,0,110,277,69,51,5,0,0,56,11,45,1.2421875,159.0,0.0,True,False
512,4 4 32,128,16.0,5,1.25,32000,1.720703125,0,122,269,69,47,5,0,0,52,11,45,1.2421875,159.0,0.0,True,False
512,4 4 32,128,16.0,5,1.25,32200,1.720703125,0,110,277,69,51,5,0,0,56,11,45,1.2421875,159.0,0.0,True,False
512,4 4 32,128,16.0,5,1.25,32400,1.720703125,0,116,276,73,42,5,0,0,47,9,51,1.2421875,159.0,0.0,True,False
512,4 4 32,128,16.0,5,1.25,32600,1.755859375,0,111,278,68,54,1,0,0,55,6,51,1.1015625,141.0,0.0,True,False
512,4 4 32,128,16.0,5,1.25,32800,1.724609375,0,138,260,67,46,1,0,0,47,5,51,1.2265625,157.0,0.0,True,False
512,4 4 32,128,16.0,5,1.25,33000,1.740234375,0,128,256,73,54,1,0,0,55,7,55,1.1640625,149.0,0.0,True,False
512,4 4 32,128,16.0,5,1.25,33200,1.740234375,0,116,264,73,58,1,0,0,59,7,55,1.1640625,149.0,0.0,True,False
512,4 4 32,128,16.0,5,1.25,33400,1.740234375,0,128,256,73,54,1,0,0,55,7,55,1.1640625,149.0,0.0,True,False
512,4 4 32,128,16.0,5,1.25,33600,1.744140625,0,120,264,73,54,1,0,0,55,7,55,1.1484375,147.0,0.0,True,False
512,4 4 32,128,16.0,5,1.25,33800,1.724609375,0,116,272,69,54,1,0,0,55,7,51,1.2265625,157.0,0.0,True,False
512,4 4 32,128,16.0,5,1.25,34000,1.71484375,0,112,278,68,54,0,0,0,54,7,50,1.265625,162.0,0.0,True,False
512,4 4 32,128,16.0,5,1.25,34200,1.71484375,0,101,284,69,58,0,0,0,58,8,50,1.265625,162.0,0.0,True,False
512,4 4 32,128,16.0,5,1.25,34400,1.71484375,0,101,284,69,58,0,0,0,58,8,50,1.265625,162.0,0.0,True,False
512,4 4 32,128,16.0,5,1.25,34600,1.71484375,0,101,284,69,58,0,0,0,58,8,50,1.265625,162.0,0.0,True,False
512,4 4 32,128,16.0,5,1.25,34800,1.7109375,0,116,262,76,58,0,0,0,58,11,50,1.28125,164.0,0.0,True,False
512,4 4 32,128,16.0,5,1.25,35000,1.6953125,0,116,270,72,54,0,0,0,54,12,28,1.34375,172.0,0.0,True,False
512,4 4 32,128,16.0,5,1.25,35200,1.66796875,0,116,282,64,50,0,0,0,50,8,28,1.453125,186.0,0.0,True,False
512,4 4 32,128,16.0,5,1.25,35400,1.66796875,0,116,282,64,50,0,0,0,50,8,28,1.453125,186.0,0.0,True,False
512,4 4 32,128,16.0,5,1.25,35600,1.693359375,0,125,275,60,51,1,0,0,52,10,28,1.3515625,173.0,0.0,True,False
512,4 4 32,128,16.0,5,1.25,35800,1.734375,0,110,285,60,57,0,0,0,57,7,42,1.1875,152.0,0.0,True,False
512,4 4 32,128,16.0,5,1.25,36000,1.734375,0,120,281,58,53,0,0,0,53,5,42,1.1875,152.0,0.0,True,False
512,4 4 32,128,16.0,5,1.25,36200,1.734375,0,120,281,58,53,0,0,0,53,5,42,1.1875,152.0,0.0,True,False
512,4 4 32,128,16.0,5,1.25,36400,1.75,0,102,293,57,59,1,0,0,60,6,39,1.125,144.0,0.0,True,False
512,4 4 32,128,16.0,5,1.25,36600,1.7109375,0,126,277,61,43,5,0,0,48,8,39,1.28125,164.0,0.0,True,False
512,4 4 32,128,16.0,5,1.25,36800,1.703125,0,126,272,68,40,6,0,0,46,8,46,1.3125,168.0,0.0,True,False
512,4 4 32,128,16.0,5,1.25,37000,1.734375,0,112,280,70,44,6,0,0,50,10,46,1.1875,152.0,0.0,True,False
512,4 4 32,128,16.0,5,1.25,37200,1.734375,0,112,280,70,44,6,0,0,50,10,46,1.1875,152.0,0.0,True,False
512,4 4 32,128,16.0,5,1.25,37400,1.73828125,0,107,286,66,46,7,0,0,53,10,43,1.171875,150.0,0.0,True,False
512,4 4 32,128,16.0,5,1.25,37600,1.70703125,0,121,278,64,42,7,0,0,49,8,43,1.296875,166.0,0.0,True,False
512,4 4 32,128,16.0,5,1.25,37800,1.69921875,0,107,286,66,46,7,0,0,53,9,43,1.328125,170.0,0.0,True,False
512,4 4 32,128,16.0,5,1.25,38000,1.69921875,0,107,286,66,46,7,0,0,53,9,43,1.328125,170.0,0.0,True,False
512,4 4 32,128,16.0,5,1.25,38200,1.69921875,0,107,286,66,46,7,0,0,53,9,43,1.328125,170.0,0.0,True,False
512,4 4 32,128,16.0,5,1.25,38400,1.69921875,0,107,286,66,46,7,0,0,53,9,43,1.328125,170.0,0.0,True,False
512,4 4 32,128,16.0,5,1.25,38600,1.69921875,0,107,286,66,46,7,0,0,53,9,43,1.328125,170.0,0.0,True,False
512,4 4 32,128,16.0,5,1.25,38800,1.71484375,0,107,278,70,50,7,0,0,57,9,43,1.265625,162.0,0.0,True,False
512,4 4 32,128,16.0,5,1.25,39000,1.71875,0,111,278,70,46,7,0,0,53,8,43,1.25,160.0,0.0,True,False
512,4 4 32,128,16.0,5,1.25,39200,1.71875,0,111,278,70,46,7,0,0,53,8,43,1.25,160.0,0.0,True,False
512,4 4 32,128,16.0,5,1.25,39400,1.71875,0,111,278,70,46,7,0,0,53,8,43,1.25,160.0,0.0,True,False
512,4 4 32,128,16.0,5,1.25,39600,1.71875,0,111,278,70,46,7,0,0,53,8,43,1.25,160.0,0.0,True,False
512,4 4 32,128,16.0,5,1.25,39800,1.75,0,98,284,73,50,7,0,0,57,11,43,1.125,144.0,0.0,True,False
512,4 4 32,128,16.0,5,1.25,40000,1.75,0,98,284,73,50,7,0,0,57,11,43,1.125,144.0,0.0,True,False
512,4 4 32,128,16.0,5,1.25,40200,1.75,0,98,284,73,50,7,0,0,57,11,43,1.125,144.0,0.0,True,False
512,4 4 32,128,16.0,5,1.25,40400,1.75,0,98,284,73,50,7,0,0,57,11,43,1.125,144.0,0.0,True,False
512,4 4 32,128,16.0,5,1.25,40600,1.71484375,0,107,278,70,50,7,0,0,57,9,43,1.265625,162.0,0.0,True,False
512,4 4 32,128,16.0,5,1.25,40800,1.71484375,0,96,284,71,54,7,0,0,61,10,43,1.265625,162.0,0.0,True,False
512,4 4 32,128,16.0,5,1.25,41000,1.71484375,0,96,284,71,54,7,0,0,61,10,43,1.265625,162.0,0.0,True,False
512,4 4 32,128,16.0,5,1.25,41200,1.76171875,0,84,280,79,62,7,0,0,69,12,43,1.078125,138.0,0.0,True,False
512,4 4 32,128,16.0,5,1.25,41400,1.765625,0,99,274,78,54,7,0,0,61,10,43,1.0625,136.0,0.0,True,False
512,4 4 32,128,16.0,5,1.25,41600,1.765625,0,99,274,78,54,7,0,0,61,10,43,1.0625,136.0,0.0,True,False
512,4 4 32,128,16.0,5,1.25,41800,1.765625,0,99,274,78,54,7,0,0,61,10,43,1.0625,136.0,0.0,True,False
512,4 4 32,128,16.0,5,1.25,42000,1.74609375,0,95,282,74,54,7,0,0,61,10,43,1.140625,146.0,0.0,True,False
512,4 4 32,128,16.0,5,1.25,42200,1.69921875,0,107,286,66,46,7,0,0,53,9,43,1.328125,170.0,0.0,True,False
512,4 4 32,128,16.0,5,1.25,42400,1.7265625,0,107,274,74,50,7,0,0,57,13,43,1.21875,156.0,0.0,True,False
512,4 4 32,128,16.0,5,1.25,42600,1.7421875,0,107,266,78,54,7,0,0,61,13,47,1.15625,148.0,0.0,True,False
512,4 4 32,128,16.0,5,1.25,42800,1.7265625,0,107,274,74,50,7,0,0,57,13,43,1.21875,156.0,0.0,True,False
512,4 4 32,128,16.0,5,1.25,43000,1.73046875,0,111,274,74,46,7,0,0,53,13,43,1.203125,154.0,0.0,True,False
512,4 4 32,128,16.0,5,1.25,43200,1.7265625,0,96,280,75,54,7,0,0,61,14,43,1.21875,156.0,0.0,True,False
512,4 4 32,128,16.0,5,1.25,43400,1.71484375,0,96,280,79,50,7,0,0,57,13,43,1.265625,162.0,0.0,True,False
512,4 4 32,128,16.0,5,1.25,43600,1.703125,0,96,284,75,50,7,0,0,57,10,45,1.3125,168.0,0.0,True,False
512,4 4 32,128,16.0,5,1.25,43800,1.703125,0,96,284,75,50,7,0,0,57,10,45,1.3125,168.0,0.0,True,False
512,4 4 32,128,16.0,5,1.25,44000,1.689453125,0,96,288,76,45,6,1,0,52,13,26,1.3671875,175.0,0.0,True,False
512,4 4 32,128,16.0,5,1.25,44200,1.689453125,0,96,288,76,45,6,1,0,52,13,26,1.3671875,175.0,0.0,True,False
512,4 4 32,128,16.0,5,1.25,44400,1.67578125,0,103,294,69,40,6,0,0,46,11,22,1.421875,182.0,0.0,True,False
512,4 4 32,128,16.0,5,1.25,44600,1.68359375,0,99,290,73,44,6,0,0,50,19,16,1.390625,178.0,0.0,True,False
512,4 4 32,128,16.0,5,1.25,44800,1.6796875,0,95,290,73,48,6,0,0,54,20,16,1.40625,180.0,0.0,True,False
512,4 4 32,128,16.0,5,1.25,45000,1.6875,0,110,280,72,44,6,0,0,50,19,16,1.375,176.0,0.0,True,False
512,4 4 32,128,16.0,5,1.25,45200,1.66015625,0,110,292,64,40,6,0,0,46,15,16,1.484375,190.0,0.0,True,False
512,4 4 32,128,16.0,5,1.25,45400,1.66015625,0,110,292,64,40,6,0,0,46,15,16,1.484375,190.0,0.0,True,False
512,4 4 32,128,16.0,5,1.25,45600,1.64453125,0,99,306,61,40,6,0,0,46,17,16,1.546875,198.0,0.0,True,False
512,4 4 32,128,16.0,5,1.25,45800,1.62890625,0,99,314,57,36,6,0,0,42,16,16,1.609375,206.0,0.0,True,False
512,4 4 32,128,16.0,5,1.25,46000,1.58984375,0,99,326,53,28,6,0,0,34,11,20,1.765625,226.0,0.0,True,False
512,4 4 32,128,16.0,5,1.25,46200,1.58984375,0,99,326,53,28,6,0,0,34,11,20,1.765625,226.0,0.0,True,False
512,4 4 32,128,16.0,5,1.25,46400,1.58984375,0,99,326,53,28,6,0,0,34,11,20,1.765625,226.0,0.0,True,False
512,4 4 32,128,16.0,5,1.25,46600,1.58984375,0,99,326,53,28,6,0,0,34,11,20,1.765625,226.0,0.0,True,False
512,4 4 32,128,16.0,5,1.25,46800,1.58984375,0,99,326,53,28,6,0,0,34,11,20,1.765625,226.0,0.0,True,False
512,4 4 32,128,16.0,5,1.25,47000,1.564453125,0,90,340,46,29,6,1,0,36,9,18,1.8671875,239.0,0.0,True,False
512,4 4 32,128,16.0,5,1.25,47200,1.564453125,0,90,340,46,29,6,1,0,36,9,18,1.8671875,239.0,0.0,True,False
512,4 4 32,128,16.0,5,1.25,47400,1.548828125,0,90,348,42,25,6,1,0,32,9,16,1.9296875,247.0,0.0,True,False
512,4 4 32,128,16.0,5,1.25,47600,1.5546875,0,81,350,52,22,7,0,0,29,8,30,1.90625,244.0,0.0,True,False
512,4 4 32,128,16.0,5,1.25,47800,1.5546875,0,81,350,52,22,7,0,0,29,8,30,1.90625,244.0,0.0,True,False
512,4 4 32,128,16.0,5,1.25,48000,1.5546875,0,81,350,52,22,7,0,0,29,8,30,1.90625,244.0,0.0,True,False
512,4 4 32,128,16.0,5,1.25,48200,1.5546875,0,81,350,52,22,7,0,0,29,8,30,1.90625,244.0,0.0,True,False
512,4 4 32,128,16.0,5,1.25,48400,1.5390625,0,81,358,48,18,7,0,0,25,8,26,1.96875,252.0,0.0,True,False
512,4 4 32,128,16.0,5,1.25,48600,1.5703125,0,86,345,53,23,5,0,0,28,12,26,1.84375,236.0,0.0,True,False
512,4 4 32,128,16.0,5,1.25,48800,1.56640625,0,81,346,56,22,7,0,0,29,12,26,1.859375,238.0,0.0,True,False
512,4 4 32,128,16.0,5,1.25,49000,1.58203125,0,81,338,60,26,7,0,0,33,13,28,1.796875,230.0,0.0,True,False
512,4 4 32,128,16.0,5,1.25,49200,1.58203125,0,81,338,60,26,7,0,0,33,13,28,1.796875,230.0,0.0,True,False
512,4 4 32,128,16.0,5,1.25,49400,1.58203125,0,81,338,60,26,7,0,0,33,13,28,1.796875,230.0,0.0,True,False
512,4 4 32,128,16.0,5,1.25,49600,1.56640625,0,69,358,50,28,5,2,0,35,9,26,1.859375,238.0,0.0,True,False
512,4 4 32,128,16.0,5,1.25,49800,1.59375,0,69,346,58,32,5,2,0,39,13,26,1.75,224.0,0.0,True,False
512,4 4 32,128,16.0,5,1.25,50000,1.62109375,0,69,334,66,36,5,2,0,43,15,26,1.640625,210.0,0.0,True,False
512,4 4 32,128,16.0,5,1.25,50200,1.62109375,0,69,334,66,36,5,2,0,43,15,26,1.640625,210.0,0.0,True,False
512,4 4 32,128,16.0,5,1.25,50400,1.60546875,0,69,342,62,32,5,2,0,39,14,24,1.703125,218.0,0.0,True,False
512,4 4 32,128,16.0,5,1.25,50600,1.623046875,0,73,341,56,34,7,1,0,42,15,17,1.6328125,209.0,0.0,True,False
512,4 4 32,128,16.0,5,1.25,50800,1.611328125,0,86,332,57,30,7,0,0,37,15,18,1.6796875,215.0,0.0,True,False
512,4 4 32,128,16.0,5,1.25,51000,1.611328125,0,86,332,57,30,7,0,0,37,15,18,1.6796875,215.0,0.0,True,False
512,4 4 32,128,16.0,5,1.25,51200,1.611328125,0,86,332,57,30,7,0,0,37,15,18,1.6796875,215.0,0.0,True,False
512,4 4 32,128,16.0,5,1.25,51400,1.63671875,0,80,336,55,34,7,0,0,41,14,18,1.578125,202.0,0.0,True,False
512,4 4 32,128,16.0,5,1.25,51600,1.630859375,0,74,340,55,38,5,0,0,43,14,18,1.6015625,205.0,0.0,True,False
512,4 4 32,128,16.0,5,1.25,51800,1.587890625,0,89,351,36,31,5,0,0,36,12,10,1.7734375,227.0,0.0,True,False
512,4 4 32,128,16.0,5,1.25,52000,1.5703125,0,98,345,33,35,1,0,0,36,10,10,1.84375,236.0,0.0,True,False
512,4 4 32,128,16.0,5,1.25,52200,1.60546875,0,82,353,37,35,5,0,0,40,11,10,1.703125,218.0,0.0,True,False
512,4 4 32,128,16.0,5,1.25,52400,1.61328125,0,82,340,48,36,6,0,0,42,11,16,1.671875,214.0,0.0,True,False
512,4 4 32,128,16.0,5,1.25,52600,1.625,0,72,341,52,41,6,0,0,47,12,19,1.625,208.0,0.0,True,False
512,4 4 32,128,16.0,5,1.25,52800,1.625,0,60,349,52,45,6,0,0,51,12,19,1.625,208.0,0.0,True,False
512,4 4 32,128,16.0,5,1.25,53000,1.625,0,72,341,52,41,6,0,0,47,12,19,1.625,208.0,0.0,True,False
512,4 4 32,128,16.0,5,1.25,53200,1.615234375,0,76,348,48,33,6,1,0,40,10,19,1.6640625,213.0,0.0,True,False
512,4 4 32,128,16.0,5,1.25,53400,1.625,0,72,341,52,41,6,0,0,47,12,19,1.625,208.0,0.0,True,False
512,4 4 32,128,16.0,5,1.25,53600,1.630859375,0,58,345,56,46,6,1,0,53,14,19,1.6015625,205.0,0.0,True,False
512,4 4 32,128,16.0,5,1.25,53800,1.630859375,0,58,345,56,46,6,1,0,53,14,19,1.6015625,205.0,0.0,True,False
512,4 4 32,128,16.0,5,1.25,54000,1.65234375,0,63,331,63,49,6,0,0,55,17,19,1.515625,194.0,0.0,True,False
512,4 4 32,128,16.0,5,1.25,54200,1.65234375,0,63,331,63,49,6,0,0,55,17,19,1.515625,194.0,0.0,True,False
512,4 4 32,128,16.0,5,1.25,54400,1.6484375,0,73,330,63,40,6,0,0,46,16,22,1.53125,196.0,0.0,True,False
512,4 4 32,128,16.0,5,1.25,54600,1.6171875,0,70,341,54,41,6,0,0,47,14,19,1.65625,212.0,0.0,True,False
512,4 4 32,128,16.0,5,1.25,54800,1.6171875,0,70,341,54,41,6,0,0,47,14,19,1.65625,212.0,0.0,True,False
512,4 4 32,128,16.0,5,1.25,55000,1.625,0,70,346,47,44,5,0,0,49,15,19,1.625,208.0,0.0,True,False
512,4 4 32,128,16.0,5,1.25,55200,1.57421875,0,87,343,42,39,1,0,0,40,11,18,1.828125,234.0,0.0,True,False
512,4 4 32,128,16.0,5,1.25,55400,1.599609375,0,75,361,32,41,3,0,0,44,10,12,1.7265625,221.0,0.0,True,False
512,4 4 32,128,16.0,5,1.25,55600,1.591796875,0,75,356,39,38,4,0,0,42,9,16,1.7578125,225.0,0.0,True,False
512,4 4 32,128,16.0,5,1.25,55800,1.623046875,0,61,364,41,42,4,0,0,46,10,16,1.6328125,209.0,0.0,True,False
512,4 4 32,128,16.0,5,1.25,56000,1.642578125,0,49,372,45,39,6,1,0,46,13,18,1.5546875,199.0,0.0,True,False
512,4 4 32,128,16.0,5,1.25,56200,1.626953125,0,45,371,52,36,7,1,0,44,12,18,1.6171875,207.0,0.0,True,False
512,4 4 32,128,16.0,5,1.25,56400,1.626953125,0,52,373,47,32,7,1,0,40,12,18,1.6171875,207.0,0.0,True,False
512,4 4 32,128,16.0,5,1.25,56600,1.5546875,0,65,366,47,28,6,0,0,34,10,18,1.90625,244.0,0.0,True,False
512,4 4 32,128,16.0,5,1.25,56800,1.58203125,0,65,354,55,32,6,0,0,38,14,18,1.796875,230.0,0.0,True,False
512,4 4 32,128,16.0,5,1.25,57000,1.5625,0,65,371,40,31,5,0,0,36,11,18,1.875,240.0,0.0,True,False
512,4 4 32,128,16.0,5,1.25,57200,1.5625,0,65,371,40,31,5,0,0,36,11,18,1.875,240.0,0.0,True,False
512,4 4 32,128,16.0,5,1.25,57400,1.53125,0,80,361,39,27,5,0,0,32,10,18,2.0,256.0,0.0,True,False
512,4 4 32,128,16.0,5,1.25,57600,1.57421875,0,74,349,52,33,4,0,0,37,14,18,1.828125,234.0,0.0,True,False
512,4 4 32,128,16.0,5,1.25,57800,1.57421875,0,74,349,52,33,4,0,0,37,14,18,1.828125,234.0,0.0,True,False
512,4 4 32,128,16.0,5,1.25,58000,1.5625,0,76,349,50,33,4,0,0,37,14,18,1.875,240.0,0.0,True,False
512,4 4 32,128,16.0,5,1.25,58200,1.5625,0,76,349,50,33,4,0,0,37,14,18,1.875,240.0,0.0,True,False
512,4 4 32,128,16.0,5,1.25,58400,1.61328125,0,59,351,57,37,8,0,0,45,15,20,1.671875,214.0,0.0,True,False
512,4 4 32,128,16.0,5,1.25,58600,1.59375,0,69,347,55,33,8,0,0,41,13,20,1.75,224.0,0.0,True,False
512,4 4 32,128,16.0,5,1.25,58800,1.62109375,0,69,335,63,37,8,0,0,45,17,20,1.640625,210.0,0.0,True,False
512,4 4 32,128,16.0,5,1.25,59000,1.62109375,0,69,335,63,37,8,0,0,45,17,20,1.640625,210.0,0.0,True,False
512,4 4 32,128,16.0,5,1.25,59200,1.5859375,0,86,325,60,37,4,0,0,41,17,20,1.78125,228.0,0.0,True,False
512,4 4 32,128,16.0,5,1.25,59400,1.58984375,0,74,341,56,37,4,0,0,41,15,20,1.765625,226.0,0.0,True,False
512,4 4 32,128,16.0,5,1.25,59600,1.578125,0,90,349,35,36,1,1,0,38,5,20,1.8125,232.0,0.0,True,False
512,4 4 32,128,16.0,5,1.25,59800,1.61328125,0,72,361,37,36,5,1,0,42,7,20,1.671875,214.0,0.0,True,False
512,4 4 32,128,16.0,5,1.25,60000,1.61328125,0,62,365,39,40,5,1,0,46,9,20,1.671875,214.0,0.0,True,False
512,4 4 32,128,16.0,5,1.25,60200,1.61328125,0,74,357,39,36,5,1,0,42,9,20,1.671875,214.0,0.0,True,False
512,4 4 32,128,16.0,5,1.25,60400,1.5703125,0,97,331,47,33,4,0,0,37,9,20,1.84375,236.0,0.0,True,False
512,4 4 32,128,16.0,5,1.25,60600,1.6328125,0,79,331,57,37,8,0,0,45,11,24,1.59375,204.0,0.0,True,False
512,4 4 32,128,16.0,5,1.25,60800,1.60546875,0,67,351,49,37,8,0,0,45,11,20,1.703125,218.0,0.0,True,False
512,4 4 32,128,16.0,5,1.25,61000,1.58984375,0,101,323,51,33,4,0,0,37,12,18,1.765625,226.0,0.0,True,False
512,4 4 32,128,16.0,5,1.25,61200,1.55078125,0,116,309,50,37,0,0,0,37,12,16,1.921875,246.0,0.0,True,False
512,4 4 32,128,16.0,5,1.25,61400,1.58203125,0,100,321,50,41,0,0,0,41,12,16,1.796875,230.0,0.0,True,False
512,4 4 32,128,16.0,5,1.25,61600,1.6484375,0,96,315,58,43,0,0,0,43,13,18,1.53125,196.0,0.0,True,False
512,4 4 32,128,16.0,5,1.25,61800,1.65625,0,80,319,68,39,6,0,0,45,17,18,1.5,192.0,0.0,True,False
512,4 4 32,128,16.0,5,1.25,62000,1.646484375,0,79,321,68,37,7,0,0,44,20,18,1.5390625,197.0,0.0,True,False
512,4 4 32,128,16.0,5,1.25,62200,1.568359375,0,75,343,54,35,5,0,0,40,16,18,1.8515625,237.0,0.0,True,False
512,4 4 32,128,16.0,5,1.25,62400,1.568359375,0,87,335,54,31,5,0,0,36,16,18,1.8515625,237.0,0.0,True,False
512,4 4 32,128,16.0,5,1.25,62600,1.55078125,0,82,338,58,30,4,0,0,34,14,18,1.921875,246.0,0.0,True,False
512,4 4 32,128,16.0,5,1.25,62800,1.58203125,0,68,346,60,34,4,0,0,38,16,18,1.796875,230.0,0.0,True,False
512,4 4 32,128,16.0,5,1.25,63000,1.58203125,0,68,346,60,34,4,0,0,38,16,18,1.796875,230.0,0.0,True,False
512,4 4 32,128,16.0,5,1.25,63200,1.53515625,0,64,366,48,30,4,0,0,34,12,16,1.984375,254.0,0.0,True,False
512,4 4 32,128,16.0,5,1.25,63400,1.53515625,0,64,366,48,30,4,0,0,34,12,16,1.984375,254.0,0.0,True,False
512,4 4 32,128,16.0,5,1.25,63600,1.53125,0,66,354,54,34,4,0,0,38,13,16,2.0,256.0,0.0,True,False
512,4 4 32,128,16.0,5,1.25,63800,1.55859375,0,78,334,62,34,4,0,0,38,15,16,1.890625,242.0,0.0,True,False
512,4 4 32,128,16.0,5,1.25,64000,1.53125,0,78,346,54,30,4,0,0,34,12,16,2.0,256.0,0.0,True,False
512,4 4 32,128,16.0,5,1.25,64200,1.53125,0,78,346,54,30,4,0,0,34,12,16,2.0,256.0,0.0,True,False
512,4 4 32,128,16.0,5,1.25,64400,1.50390625,0,78,358,46,26,4,0,0,30,8,16,2.109375,270.0,0.0,True,False
512,4 4 32,128,16.0,5,1.25,64600,1.53515625,0,67,364,43,34,4,0,0,38,9,16,1.984375,254.0,0.0,True,False
512,4 4 32,128,16.0,5,1.25,64800,1.53515625,0,67,364,43,34,4,0,0,38,9,16,1.984375,254.0,0.0,True,False
512,4 4 32,128,16.0,5,1.25,65000,1.53515625,0,67,364,43,34,4,0,0,38,11,14,1.984375,254.0,0.0,True,False
512,4 4 32,128,16.0,5,1.25,65200,1.53515625,0,67,364,43,34,4,0,0,38,11,14,1.984375,254.0,0.0,True,False
512,4 4 32,128,16.0,5,1.25,65400,1.55859375,0,78,334,62,34,4,0,0,38,16,16,1.890625,242.0,0.0,True,False
512,4 4 32,128,16.0,5,1.25,65600,1.54296875,0,78,342,58,30,4,0,0,34,16,16,1.953125,250.0,0.0,True,False
512,4 4 32,128,16.0,5,1.25,65800,1.54296875,0,78,342,58,30,4,0,0,34,16,16,1.953125,250.0,0.0,True,False
512,4 4 32,128,16.0,5,1.25,66000,1.54296875,0,78,342,58,30,4,0,0,34,16,16,1.953125,250.0,0.0,True,False
512,4 4 32,128,16.0,5,1.25,66200,1.5703125,0,78,330,66,34,4,0,0,38,20,16,1.84375,236.0,0.0,True,False
512,4 4 32,128,16.0,5,1.25,66400,1.5703125,0,78,330,66,34,4,0,0,38,20,16,1.84375,236.0,0.0,True,False
512,4 4 32,128,16.0,5,1.25,66600,1.59765625,0,78,318,74,38,4,0,0,42,22,16,1.734375,222.0,0.0,True,False
512,4 4 32,128,16.0,5,1.25,66800,1.59765625,0,78,318,74,38,4,0,0,42,22,16,1.734375,222.0,0.0,True,False
512,4 4 32,128,16.0,5,1.25,67000,1.5703125,0,78,330,66,34,4,0,0,38,20,16,1.84375,236.0,0.0,True,False
512,4 4 32,128,16.0,5,1.25,67200,1.59765625,0,78,318,74,38,4,0,0,42,24,16,1.734375,222.0,0.0,True,False
512,4 4 32,128,16.0,5,1.25,67400,1.5859375,0,66,330,70,42,4,0,0,46,21,16,1.78125,228.0,0.0,True,False
512,4 4 32,128,16.0,5,1.25,67600,1.55859375,0,66,342,62,38,4,0,0,42,19,16,1.890625,242.0,0.0,True,False
512,4 4 32,128,16.0,5,1.25,67800,1.55859375,0,66,342,62,38,4,0,0,42,19,16,1.890625,242.0,0.0,True,False
512,4 4 32,128,16.0,5,1.25,68000,1.55859375,0,78,334,62,34,4,0,0,38,19,16,1.890625,242.0,0.0,True,False
512,4 4 32,128,16.0,5,1.25,68200,1.578125,0,68,338,64,38,4,0,0,42,21,16,1.8125,232.0,0.0,True,False
512,4 4 32,128,16.0,5,1.25,68400,1.560546875,0,75,349,57,27,4,0,0,31,14,18,1.8828125,241.0,0.0,True,False
512,4 4 32,128,16.0,5,1.25,68600,1.560546875,0,75,349,57,27,4,0,0,31,14,18,1.8828125,241.0,0.0,True,False
512,4 4 32,128,16.0,5,1.25,68800,1.587890625,0,75,337,65,31,4,0,0,35,17,18,1.7734375,227.0,0.0,True,False
512,4 4 32,128,16.0,5,1.25,69000,1.587890625,0,75,339,61,33,4,0,0,37,17,19,1.7734375,227.0,0.0,True,False
512,4 4 32,128,16.0,5,1.25,69200,1.587890625,0,63,347,61,37,4,0,0,41,17,19,1.7734375,227.0,0.0,True,False
512,4 4 32,128,16.0,5,1.25,69400,1.53515625,0,74,346,58,30,4,0,0,34,17,16,1.984375,254.0,0.0,True,False
512,4 4 32,128,16.0,5,1.25,69600,1.552734375,0,84,346,52,26,4,0,0,30,14,16,1.9140625,245.0,0.0,True,False
512,4 4 32,128,16.0,5,1.25,69800,1.552734375,0,84,346,52,26,4,0,0,30,14,16,1.9140625,245.0,0.0,True,False
512,4 4 32,128,16.0,5,1.25,70000,1.5546875,0,70,354,54,30,4,0,0,34,14,18,1.90625,244.0,0.0,True,False
512,4 4 32,128,16.0,5,1.25,70200,1.53515625,0,58,358,62,30,4,0,0,34,14,26,1.984375,254.0,0.0,True,False
512,4 4 32,128,16.0,5,1.25,70400,1.53515625,0,58,358,62,30,4,0,0,34,14,26,1.984375,254.0,0.0,True,False
512,4 4 32,128,16.0,5,1.25,70600,1.490234375,0,60,362,60,26,4,0,0,30,13,26,2.1640625,277.0,0.0,True,False
512,4 4 32,128,16.0,5,1.25,70800,1.490234375,0,60,362,60,26,4,0,0,30,13,26,2.1640625,277.0,0.0,True,False
512,4 4 32,128,16.0,5,1.25,71000,1.517578125,0,60,350,68,30,4,0,0,34,17,26,2.0546875,263.0,0.0,True,False
512,4 4 32,128,16.0,5,1.25,71200,1.517578125,0,60,350,68,30,4,0,0,34,17,26,2.0546875,263.0,0.0,True,False
512,4 4 32,128,16.0,5,1.25,71400,1.501953125,0,55,370,56,26,5,0,0,31,10,30,2.1171875,271.0,0.0,True,False
512,4 4 32,128,16.0,5,1.25,71600,1.501953125,0,55,370,56,26,5,0,0,31,10,30,2.1171875,271.0,0.0,True,False
512,4 4 32,128,16.0,5,1.25,71800,1.501953125,0,55,370,56,26,5,0,0,31,10,30,2.1171875,271.0,0.0,True,False
512,4 4 32,128,16.0,5,1.25,72000,1.501953125,0,55,370,56,26,5,0,0,31,10,30,2.1171875,271.0,0.0,True,False
512,4 4 32,128,16.0,5,1.25,72200,1.501953125,0,55,370,56,26,5,0,0,31,10,30,2.1171875,271.0,0.0,True,False
512,4 4 32,128,16.0,5,1.25,72400,1.462890625,0,60,374,52,22,4,0,0,26,10,26,2.2734375,291.0,0.0,True,False
512,4 4 32,128,16.0,5,1.25,72600,1.490234375,0,60,362,60,26,4,0,0,30,14,26,2.1640625,277.0,0.0,True,False
512,4 4 32,128,16.0,5,1.25,72800,1.4921875,0,60,364,52,32,4,0,0,36,15,16,2.15625,276.0,0.0,True,False
512,4 4 32,128,16.0,5,1.25,73000,1.46484375,0,60,376,44,28,4,0,0,32,11,16,2.265625,290.0,0.0,True,False
512,4 4 32,128,16.0,5,1.25,73200,1.46484375,0,60,376,44,28,4,0,0,32,11,16,2.265625,290.0,0.0,True,False
512,4 4 32,128,16.0,5,1.25,73400,1.46484375,0,60,376,44,28,4,0,0,32,11,16,2.265625,290.0,0.0,True,False
512,4 4 32,128,16.0,5,1.25,73600,1.4921875,0,60,364,52,32,4,0,0,36,15,16,2.15625,276.0,0.0,True,False
512,4 4 32,128,16.0,5,1.25,73800,1.51953125,0,60,352,60,36,4,0,0,40,19,16,2.046875,262.0,0.0,True,False
512,4 4 32,128,16.0,5,1.25,74000,1.509765625,0,60,350,64,34,4,0,0,38,19,18,2.0859375,267.0,0.0,True,False
512,4 4 32,128,16.0,5,1.25,74200,1.537109375,0,60,338,72,38,4,0,0,42,19,18,1.9765625,253.0,0.0,True,False
512,4 4 32,128,16.0,5,1.25,74400,1.509765625,0,60,350,64,34,4,0,0,38,15,18,2.0859375,267.0,0.0,True,False
512,4 4 32,128,16.0,5,1.25,74600,1.509765625,0,60,350,64,34,4,0,0,38,15,18,2.0859375,267.0,0.0,True,False
512,4 4 32,128,16.0,5,1.25,74800,1.509765625,0,60,350,64,34,4,0,0,38,15,18,2.0859375,267.0,0.0,True,False
512,4 4 32,128,16.0,5,1.25,75000,1.509765625,0,60,350,64,34,4,0,0,38,15,18,2.0859375,267.0,0.0,True,False
512,4 4 32,128,16.0,5,1.25,75200,1.509765625,0,60,350,64,34,4,0,0,38,15,18,2.0859375,267.0,0.0,True,False
512,4 4 32,128,16.0,5,1.25,75400,1.509765625,0,60,350,64,34,4,0,0,38,15,18,2.0859375,267.0,0.0,True,False
512,4 4 32,128,16.0,5,1.25,75600,1.5703125,0,51,350,69,36,6,0,0,42,17,19,1.84375,236.0,0.0,True,False
512,4 4 32,128,16.0,5,1.25,75800,1.513671875,0,52,358,64,34,4,0,0,38,20,18,2.0703125,265.0,0.0,True,False
512,4 4 32,128,16.0,5,1.25,76000,1.513671875,0,52,358,64,34,4,0,0,38,20,18,2.0703125,265.0,0.0,True,False
512,4 4 32,128,16.0,5,1.25,76200,1.486328125,0,52,370,56,30,4,0,0,34,16,18,2.1796875,279.0,0.0,True,False
512,4 4 32,128,16.0,5,1.25,76400,1.513671875,0,44,374,56,34,4,0,0,38,17,16,2.0703125,265.0,0.0,True,False
512,4 4 32,128,16.0,5,1.25,76600,1.533203125,0,48,366,60,34,4,0,0,38,16,16,1.9921875,255.0,0.0,True,False
512,4 4 32,128,16.0,5,1.25,76800,1.513671875,0,56,366,56,30,4,0,0,34,14,16,2.0703125,265.0,0.0,True,False
512,4 4 32,128,16.0,5,1.25,77000,1.552734375,0,52,362,58,34,6,0,0,40,12,16,1.9140625,245.0,0.0,True,False
512,4 4 32,128,16.0,5,1.25,77200,1.521484375,0,56,358,58,34,6,0,0,40,12,18,2.0390625,261.0,0.0,True,False
512,4 4 32,128,16.0,5,1.25,77400,1.548828125,0,56,346,66,38,6,0,0,44,14,18,1.9296875,247.0,0.0,True,False
512,4 4 32,128,16.0,5,1.25,77600,1.505859375,0,56,366,54,30,6,0,0,36,12,18,2.1015625,269.0,0.0,True,False
512,4 4 32,128,16.0,5,1.25,77800,1.478515625,0,52,386,42,26,6,0,0,32,9,18,2.2109375,283.0,0.0,True,False
512,4 4 32,128,16.0,5,1.25,78000,1.478515625,0,52,386,42,26,6,0,0,32,9,18,2.2109375,283.0,0.0,True,False
512,4 4 32,128,16.0,5,1.25,78200,1.478515625,0,52,386,42,26,6,0,0,32,9,18,2.2109375,283.0,0.0,True,False
512,4 4 32,128,16.0,5,1.25,78400,1.490234375,0,56,374,50,26,6,0,0,32,13,18,2.1640625,277.0,0.0,True,False
512,4 4 32,128,16.0,5,1.25,78600,1.48828125,0,56,380,42,28,6,0,0,34,10,16,2.171875,278.0,0.0,True,False
512,4 4 32,128,16.0,5,1.25,78800,1.486328125,0,56,378,50,22,6,0,0,28,9,26,2.1796875,279.0,0.0,True,False
512,4 4 32,128,16.0,5,1.25,79000,1.486328125,0,56,378,50,22,6,0,0,28,9,26,2.1796875,279.0,0.0,True,False
512,4 4 32,128,16.0,5,1.25,79200,1.46484375,0,60,376,44,28,4,0,0,32,11,16,2.265625,290.0,0.0,True,False
512,4 4 32,128,16.0,5,1.25,79400,1.462890625,0,60,374,52,22,4,0,0,26,10,26,2.2734375,291.0,0.0,True,False
512,4 4 32,128,16.0,5,1.25,79600,1.462890625,0,60,374,52,22,4,0,0,26,10,26,2.2734375,291.0,0.0,True,False
512,4 4 32,128,16.0,5,1.25,79800,1.517578125,0,56,360,60,32,4,0,0,36,14,18,2.0546875,263.0,0.0,True,False
512,4 4 32,128,16.0,5,1.25,80000,1.48828125,0,56,370,60,22,4,0,0,26,10,26,2.171875,278.0,0.0,True,False
512,4 4 32,128,16.0,5,1.25,80200,1.54296875,0,56,346,76,30,4,0,0,34,16,26,1.953125,250.0,0.0,True,False
512,4 4 32,128,16.0,5,1.25,80400,1.517578125,0,60,350,68,30,4,0,0,34,16,26,2.0546875,263.0,0.0,True,False
512,4 4 32,128,16.0,5,1.25,80600,1.5078125,0,60,356,56,36,4,0,0,40,16,16,2.09375,268.0,0.0,True,False
512,4 4 32,128,16.0,5,1.25,80800,1.505859375,0,60,354,64,30,4,0,0,34,15,26,2.1015625,269.0,0.0,True,False
512,4 4 32,128,16.0,5,1.25,81000,1.552734375,0,49,348,73,38,4,0,0,42,14,26,1.9140625,245.0,0.0,True,False
512,4 4 32,128,16.0,5,1.25,81200,1.552734375,0,49,348,73,38,4,0,0,42,14,26,1.9140625,245.0,0.0,True,False
512,4 4 32,128,16.0,5,1.25,81400,1.576171875,0,43,352,75,38,4,0,0,42,15,26,1.8203125,233.0,0.0,True,False
512,4 4 32,128,16.0,5,1.25,81600,1.576171875,0,43,352,75,38,4,0,0,42,15,26,1.8203125,233.0,0.0,True,False
512,4 4 32,128,16.0,5,1.25,81800,1.58984375,0,43,362,67,36,4,0,0,40,15,26,1.765625,226.0,0.0,True,False
512,4 4 32,128,16.0,5,1.25,82000,1.58984375,0,43,362,67,36,4,0,0,40,15,26,1.765625,226.0,0.0,True,False
512,4 4 32,128,16.0,5,1.25,82200,1.568359375,0,43,364,67,34,4,0,0,38,12,26,1.8515625,237.0,0.0,True,False
512,4 4 32,128,16.0,5,1.25,82400,1.494140625,0,49,376,57,26,4,0,0,30,10,26,2.1484375,275.0,0.0,True,False
512,4 4 32,128,16.0,5,1.25,82600,1.521484375,0,47,360,79,22,4,0,0,26,8,38,2.0390625,261.0,0.0,True,False
512,4 4 32,128,16.0,5,1.25,82800,1.5234375,0,47,362,71,28,4,0,0,32,9,38,2.03125,260.0,0.0,True,False
512,4 4 32,128,16.0,5,1.25,83000,1.505859375,0,41,372,67,26,6,0,0,32,6,34,2.1015625,269.0,0.0,True,False
512,4 4 32,128,16.0,5,1.25,83200,1.513671875,0,33,376,67,30,6,0,0,36,6,34,2.0703125,265.0,0.0,True,False
512,4 4 32,128,16.0,5,1.25,83400,1.513671875,0,33,376,67,30,6,0,0,36,6,34,2.0703125,265.0,0.0,True,False
512,4 4 32,128,16.0,5,1.25,83600,1.51171875,0,33,374,75,24,6,0,0,30,5,34,2.078125,266.0,0.0,True,False
512,4 4 32,128,16.0,5,1.25,83800,1.56640625,0,33,350,91,32,6,0,0,38,13,34,1.859375,238.0,0.0,True,False
512,4 4 32,128,16.0,5,1.25,84000,1.5390625,0,33,362,83,28,6,0,0,34,9,34,1.96875,252.0,0.0,True,False
512,4 4 32,128,16.0,5,1.25,84200,1.5390625,0,41,362,79,24,6,0,0,30,13,34,1.96875,252.0,0.0,True,False
512,4 4 32,128,16.0,5,1.25,84400,1.55859375,0,49,346,87,24,6,0,0,30,16,34,1.890625,242.0,0.0,True,False
512,4 4 32,128,16.0,5,1.25,84600,1.556640625,0,41,352,83,30,6,0,0,36,9,34,1.8984375,243.0,0.0,True,False
512,4 4 32,128,16.0,5,1.25,84800,1.53515625,0,41,350,91,24,6,0,0,30,9,42,1.984375,254.0,0.0,True,False
512,4 4 32,128,16.0,5,1.25,85000,1.53515625,0,41,350,91,24,6,0,0,30,9,42,1.984375,254.0,0.0,True,False
512,4 4 32,128,16.0,5,1.25,85200,1.5078125,0,49,362,79,16,6,0,0,22,8,42,2.09375,268.0,0.0,True,False
512,4 4 32,128,16.0,5,1.25,85400,1.5078125,0,49,362,79,16,6,0,0,22,8,42,2.09375,268.0,0.0,True,False
512,4 4 32,128,16.0,5,1.25,85600,1.484375,0,49,370,71,16,6,0,0,22,8,42,2.1875,280.0,0.0,True,False
512,4 4 32,128,16.0,5,1.25,85800,1.50390625,0,33,371,77,25,6,0,0,31,7,42,2.109375,270.0,0.0,True,False
512,4 4 32,128,16.0,5,1.25,86000,1.533203125,0,38,358,86,26,4,0,0,30,9,42,1.9921875,255.0,0.0,True,False
512,4 4 32,128,16.0,5,1.25,86200,1.583984375,0,38,342,94,34,4,0,0,38,17,34,1.7890625,229.0,0.0,True,False
512,4 4 32,128,16.0,5,1.25,86400,1.58203125,0,41,342,91,32,6,0,0,38,21,34,1.796875,230.0,0.0,True,False
512,4 4 32,128,16.0,5,1.25,86600,1.564453125,0,46,342,90,30,4,0,0,34,16,34,1.8671875,239.0,0.0,True,False
512,4 4 32,128,16.0,5,1.25,86800,1.5625,0,33,342,95,36,6,0,0,42,16,34,1.875,240.0,0.0,True,False
512,4 4 32,128,16.0,5,1.25,87000,1.54296875,0,25,359,85,37,6,0,0,43,13,34,1.953125,250.0,0.0,True,False
512,4 4 32,128,16.0,5,1.25,87200,1.54296875,0,25,359,85,37,6,0,0,43,13,34,1.953125,250.0,0.0,True,False
512,4 4 32,128,16.0,5,1.25,87400,1.5546875,0,22,361,88,33,8,0,0,41,15,34,1.90625,244.0,0.0,True,False
512,4 4 32,128,16.0,5,1.25,87600,1.54296875,0,25,359,85,37,6,0,0,43,12,34,1.953125,250.0,0.0,True,False
512,4 4 32,128,16.0,5,1.25,87800,1.5546875,0,22,361,88,33,8,0,0,41,14,34,1.90625,244.0,0.0,True,False
512,4 4 32,128,16.0,5,1.25,88000,1.52734375,0,22,373,80,29,8,0,0,37,10,34,2.015625,258.0,0.0,True,False
512,4 4 32,128,16.0,5,1.25,88200,1.5234375,0,22,381,72,29,8,0,0,37,10,26,2.03125,260.0,0.0,True,False
512,4 4 32,128,16.0,5,1.25,88400,1.5390625,0,26,381,70,26,8,1,0,35,10,26,1.96875,252.0,0.0,True,False
512,4 4 32,128,16.0,5,1.25,88600,1.51171875,0,26,393,62,22,8,1,0,31,7,26,2.078125,266.0,0.0,True,False
512,4 4 32,128,16.0,5,1.25,88800,1.48046875,0,24,399,57,25,7,0,0,32,5,26,2.203125,282.0,0.0,True,False
512,4 4 32,128,16.0,5,1.25,89000,1.48046875,0,24,399,57,25,7,0,0,32,5,26,2.203125,282.0,0.0,True,False
512,4 4 32,128,16.0,5,1.25,89200,1.45703125,0,26,407,43,29,7,0,0,36,6,16,2.296875,294.0,0.0,True,False
512,4 4 32,128,16.0,5,1.25,89400,1.484375,0,26,395,51,33,7,0,0,40,9,18,2.1875,280.0,0.0,True,False
512,4 4 32,128,16.0,5,1.25,89600,1.484375,0,26,395,51,33,7,0,0,40,9,18,2.1875,280.0,0.0,True,False
512,4 4 32,128,16.0,5,1.25,89800,1.53125,0,20,384,58,41,8,1,0,50,17,16,2.0,256.0,0.0,True,False
512,4 4 32,128,16.0,5,1.25,90000,1.53125,0,20,384,58,41,8,1,0,50,17,16,2.0,256.0,0.0,True,False
512,4 4 32,128,16.0,5,1.25,90200,1.50390625,0,20,396,50,37,8,1,0,46,13,16,2.109375,270.0,0.0,True,False
512,4 4 32,128,16.0,5,1.25,90400,1.486328125,0,26,397,43,39,7,0,0,46,11,12,2.1796875,279.0,0.0,True,False
512,4 4 32,128,16.0,5,1.25,90600,1.501953125,0,26,389,47,43,7,0,0,50,10,12,2.1171875,271.0,0.0,True,False
512,4 4 32,128,16.0,5,1.25,90800,1.486328125,0,26,397,43,39,7,0,0,46,11,12,2.1796875,279.0,0.0,True,False
512,4 4 32,128,16.0,5,1.25,91000,1.484375,0,26,395,51,33,7,0,0,40,9,18,2.1875,280.0,0.0,True,False
512,4 4 32,128,16.0,5,1.25,91200,1.462890625,0,24,398,56,26,8,0,0,34,8,34,2.2734375,291.0,0.0,True,False
512,4 4 32,128,16.0,5,1.25,91400,1.462890625,0,24,398,56,26,8,0,0,34,8,34,2.2734375,291.0,0.0,True,False
512,4 4 32,128,16.0,5,1.25,91600,1.435546875,0,24,410,48,22,8,0,0,30,5,32,2.3828125,305.0,0.0,True,False
512,4 4 32,128,16.0,5,1.25,91800,1.435546875,0,24,410,48,22,8,0,0,30,5,32,2.3828125,305.0,0.0,True,False
512,4 4 32,128,16.0,5,1.25,92000,1.435546875,0,24,410,48,22,8,0,0,30,5,32,2.3828125,305.0,0.0,True,False
512,4 4 32,128,16.0,5,1.25,92200,1.435546875,0,24,410,48,22,8,0,0,30,5,32,2.3828125,305.0,0.0,True,False
512,4 4 32,128,16.0,5,1.25,92400,1.435546875,0,24,410,48,22,8,0,0,30,5,32,2.3828125,305.0,0.0,True,False
512,4 4 32,128,16.0,5,1.25,92600,1.494140625,0,18,397,53,35,9,0,0,44,13,16,2.1484375,275.0,0.0,True,False
512,4 4 32,128,16.0,5,1.25,92800,1.494140625,0,18,397,53,35,9,0,0,44,13,16,2.1484375,275.0,0.0,True,False
512,4 4 32,128,16.0,5,1.25,93000,1.451171875,0,18,417,41,27,9,0,0,36,10,16,2.3203125,297.0,0.0,True,False
512,4 4 32,128,16.0,5,1.25,93200,1.451171875,0,18,417,41,27,9,0,0,36,10,16,2.3203125,297.0,0.0,True,False
512,4 4 32,128,16.0,5,1.25,93400,1.478515625,0,18,405,49,31,9,0,0,40,14,16,2.2109375,283.0,0.0,True,False
512,4 4 32,128,16.0,5,1.25,93600,1.505859375,0,18,393,57,35,9,0,0,44,18,16,2.1015625,269.0,0.0,True,False
512,4 4 32,128,16.0,5,1.25,93800,1.494140625,0,14,401,57,31,9,0,0,40,16,16,2.1484375,275.0,0.0,True,False
512,4 4 32,128,16.0,5,1.25,94000,1.494140625,0,14,401,57,31,9,0,0,40,16,16,2.1484375,275.0,0.0,True,False
512,4 4 32,128,16.0,5,1.25,94200,1.529296875,0,16,380,81,27,7,1,0,35,16,33,2.0078125,257.0,0.0,True,False
512,4 4 32,128,16.0,5,1.25,94400,1.546875,0,14,390,72,28,6,2,0,36,14,28,1.9375,248.0,0.0,True,False
512,4 4 32,128,16.0,5,1.25,94600,1.521484375,0,14,396,72,22,6,2,0,30,12,28,2.0390625,261.0,0.0,True,False
512,4 4 32,128,16.0,5,1.25,94800,1.494140625,0,14,408,64,18,6,2,0,26,9,28,2.1484375,275.0,0.0,True,False
512,4 4 32,128,16.0,5,1.25,95000,1.470703125,0,21,412,62,9,7,1,0,17,11,18,2.2421875,287.0,0.0,True,False
512,4 4 32,128,16.0,5,1.25,95200,1.470703125,0,21,412,62,9,7,1,0,17,11,18,2.2421875,287.0,0.0,True,False
512,4 4 32,128,16.0,5,1.25,95400,1.470703125,0,21,412,62,9,7,1,0,17,11,18,2.2421875,287.0,0.0,True,False
512,4 4 32,128,16.0,5,1.25,95600,1.498046875,0,21,400,70,13,7,1,0,21,15,18,2.1328125,273.0,0.0,True,False
512,4 4 32,128,16.0,5,1.25,95800,1.513671875,0,19,399,67,18,8,1,0,27,19,17,2.0703125,265.0,0.0,True,False
512,4 4 32,128,16.0,5,1.25,96000,1.5,0,19,408,57,19,8,1,0,28,14,16,2.125,272.0,0.0,True,False
512,4 4 32,128,16.0,5,1.25,96200,1.47265625,0,19,420,49,15,8,1,0,24,10,16,2.234375,286.0,0.0,True,False
512,4 4 32,128,16.0,5,1.25,96400,1.52734375,0,19,396,65,23,8,1,0,32,17,16,2.015625,258.0,0.0,True,False
512,4 4 32,128,16.0,5,1.25,96600,1.5078125,0,24,399,62,19,8,0,0,27,15,19,2.09375,268.0,0.0,True,False
512,4 4 32,128,16.0,5,1.25,96800,1.5078125,0,24,399,62,19,8,0,0,27,15,19,2.09375,268.0,0.0,True,False
512,4 4 32,128,16.0,5,1.25,97000,1.5078125,0,24,399,62,19,8,0,0,27,15,19,2.09375,268.0,0.0,True,False
512,4 4 32,128,16.0,5,1.25,97200,1.513671875,0,19,399,67,18,8,1,0,27,17,19,2.0703125,265.0,0.0,True,False
512,4 4 32,128,16.0,5,1.25,97400,1.515625,0,18,397,69,20,7,1,0,28,16,19,2.0625,264.0,0.0,True,False
512,4 4 32,128,16.0,5,1.25,97600,1.515625,0,18,397,69,20,7,1,0,28,16,19,2.0625,264.0,0.0,True,False
512,4 4 32,128,16.0,5,1.25,97800,1.5,0,18,408,62,14,9,0,1,24,8,39,2.125,272.0,0.0,True,False
512,4 4 32,128,16.0,5,1.25,98000,1.470703125,0,19,422,52,8,10,0,1,19,6,37,2.2421875,287.0,0.0,True,False
512,4 4 32,128,16.0,5,1.25,98200,1.470703125,0,19,422,52,8,10,0,1,19,6,37,2.2421875,287.0,0.0,True,False
512,4 4 32,128,16.0,5,1.25,98400,1.470703125,0,19,422,52,8,10,0,1,19,6,37,2.2421875,287.0,0.0,True,False
512,4 4 32,128,16.0,5,1.25,98600,1.486328125,0,16,418,56,12,9,0,1,22,5,39,2.1796875,279.0,0.0,True,False
512,4 4 32,128,16.0,5,1.25,98800,1.486328125,0,17,418,53,13,10,1,0,24,7,19,2.1796875,279.0,0.0,True,False
512,4 4 32,128,16.0,5,1.25,99000,1.486328125,0,17,418,53,13,10,1,0,24,7,19,2.1796875,279.0,0.0,True,False
512,4 4 32,128,16.0,5,1.25,99200,1.486328125,0,17,418,53,13,10,1,0,24,7,19,2.1796875,279.0,0.0,True,False
512,4 4 32,128,16.0,5,1.25,99400,1.513671875,0,17,406,61,17,10,1,0,28,11,19,2.0703125,265.0,0.0,True,False
512,4 4 32,128,16.0,5,1.25,99600,1.52734375,0,17,400,66,18,10,0,1,29,11,39,2.015625,258.0,0.0,True,False
512,4 4 32,128,16.0,5,1.25,99800,1.572265625,0,17,378,77,29,10,1,0,40,15,19,1.8359375,235.0,0.0,True,False
512,4 4 32,128,16.0,5,1.25,100000,1.57421875,0,16,376,79,31,9,1,0,41,14,19,1.828125,234.0,0.0,True,True
512,4 4 32,128,16.0,6,1.25,0,2.0,0,512,0,0,0,0,0,0,0,0,0,0.125,16.0,0.0,False,False
512,4 4 32,128,16.0,6,1.25,200,2.03125,0,496,12,0,4,0,0,0,4,0,0,0.0,0.0,0.0,True,False
512,4 4 32,128,16.0,6,1.25,400,2.03125,0,496,12,0,4,0,0,0,4,0,0,0.0,0.0,0.0,True,False
512,4 4 32,128,16.0,6,1.25,600,2.03125,0,496,12,0,4,0,0,0,4,0,0,0.0,0.0,0.0,True,False
512,4 4 32,128,16.0,6,1.25,800,2.0,0,512,0,0,0,0,0,0,0,0,0,0.125,16.0,0.0,True,False
512,4 4 32,128,16.0,6,1.25,1000,2.03125,0,484,20,0,8,0,0,0,8,0,0,0.0,0.0,0.0,True,False
512,4 4 32,128,16.0,6,1.25,1200,2.03125,0,472,28,0,12,0,0,0,12,0,0,0.0,0.0,0.0,True,False
512,4 4 32,128,16.0,6,1.25,1400,2.03125,0,460,36,0,16,0,0,0,16,0,0,0.0,0.0,0.0,True,False
512,4 4 32,128,16.0,6,1.25,1600,2.03125,0,460,36,0,16,0,0,0,16,0,0,0.0,0.0,0.0,True,False
512,4 4 32,128,16.0,6,1.25,1800,2.03125,0,460,36,0,16,0,0,0,16,0,0,0.0,0.0,0.0,True,False
512,4 4 32,128,16.0,6,1.25,2000,2.03125,0,460,36,0,16,0,0,0,16,0,0,0.0,0.0,0.0,True,False
512,4 4 32,128,16.0,6,1.25,2200,2.03125,0,472,28,0,12,0,0,0,12,0,0,0.0,0.0,0.0,True,False
512,4 4 32,128,16.0,6,1.25,2400,2.03125,0,472,28,0,12,0,0,0,12,0,0,0.0,0.0,0.0,True,False
512,4 4 32,128,16.0,6,1.25,2600,2.03125,0,484,20,0,8,0,0,0,8,0,0,0.0,0.0,0.0,True,False
512,4 4 32,128,16.0,6,1.25,2800,2.03125,0,496,12,0,4,0,0,0,4,0,0,0.0,0.0,0.0,True,False
512,4 4 32,128,16.0,6,1.25,3000,2.03125,0,484,20,0,8,0,0,0,8,0,0,0.0,0.0,0.0,True,False
512,4 4 32,128,16.0,6,1.25,3200,2.03125,0,484,20,0,8,0,0,0,8,0,0,0.0,0.0,0.0,True,False
512,4 4 32,128,16.0,6,1.25,3400,2.03125,0,484,20,0,8,0,0,0,8,0,0,0.0,0.0,0.0,True,False
512,4 4 32,128,16.0,6,1.25,3600,2.03125,0,484,20,0,8,0,0,0,8,0,0,0.0,0.0,0.0,True,False
512,4 4 32,128,16.0,6,1.25,3800,2.03125,0,484,20,0,8,0,0,0,8,0,0,0.0,0.0,0.0,True,False
512,4 4 32,128,16.0,6,1.25,4000,2.03125,0,484,20,0,8,0,0,0,8,0,0,0.0,0.0,0.0,True,False
512,4 4 32,128,16.0,6,1.25,4200,2.03125,0,484,20,0,8,0,0,0,8,0,0,0.0,0.0,0.0,True,False
512,4 4 32,128,16.0,6,1.25,4400,2.03125,0,484,20,0,8,0,0,0,8,0,0,0.0,0.0,0.0,True,False
512,4 4 32,128,16.0,6,1.25,4600,2.03125,0,484,20,0,8,0,0,0,8,0,0,0.0,0.0,0.0,True,False
512,4 4 32,128,16.0,6,1.25,4800,2.03125,0,484,20,0,8,0,0,0,8,0,0,0.0,0.0,0.0,True,False
512,4 4 32,128,16.0,6,1.25,5000,2.03125,0,484,20,0,8,0,0,0,8,0,0,0.0,0.0,0.0,True,False
512,4 4 32,128,16.0,6,1.25,5200,2.03125,0,484,20,0,8,0,0,0,8,0,0,0.0,0.0,0.0,True,False
512,4 4 32,128,16.0,6,1.25,5400,2.03125,0,484,20,0,8,0,0,0,8,0,0,0.0,0.0,0.0,True,False
512,4 4 32,128,16.0,6,1.25,5600,2.03125,0,484,20,0,8,0,0,0,8,0,0,0.0,0.0,0.0,True,False
512,4 4 32,128,16.0,6,1.25,5800,2.03125,0,472,28,0,12,0,0,0,12,0,0,0.0,0.0,0.0,True,False
512,4 4 32,128,16.0,6,1.25,6000,2.03125,0,484,20,0,8,0,0,0,8,0,0,0.0,0.0,0.0,True,False
512,4 4 32,128,16.0,6,1.25,6200,2.03125,0,484,20,0,8,0,0,0,8,0,0,0.0,0.0,0.0,True,False
512,4 4 32,128,16.0,6,1.25,6400,2.03125,0,496,12,0,4,0,0,0,4,0,0,0.0,0.0,0.0,True,False
512,4 4 32,128,16.0,6,1.25,6600,2.03125,0,484,20,0,8,0,0,0,8,0,0,0.0,0.0,0.0,True,False
512,4 4 32,128,16.0,6,1.25,6800,2.03125,0,472,28,0,12,0,0,0,12,0,0,0.0,0.0,0.0,True,False
512,4 4 32,128,16.0,6,1.25,7000,2.03125,0,460,36,0,16,0,0,0,16,0,0,0.0,0.0,0.0,True,False
512,4 4 32,128,16.0,6,1.25,7200,2.03125,0,460,36,0,16,0,0,0,16,0,0,0.0,0.0,0.0,True,False
512,4 4 32,128,16.0,6,1.25,7400,2.03125,0,448,44,0,20,0,0,0,20,0,0,0.0,0.0,0.0,True,False
512,4 4 32,128,16.0,6,1.25,7600,2.03125,0,448,44,0,20,0,0,0,20,0,0,0.0,0.0,0.0,True,False
512,4 4 32,128,16.0,6,1.25,7800,2.03125,0,436,52,0,24,0,0,0,24,0,0,0.0,0.0,0.0,True,False
512,4 4 32,128,16.0,6,1.25,8000,2.01953125,0,436,52,4,20,0,0,0,20,2,2,0.046875,6.0,0.0,True,False
512,4 4 32,128,16.0,6,1.25,8200,2.01953125,0,436,52,4,20,0,0,0,20,2,2,0.046875,6.0,0.0,True,False
512,4 4 32,128,16.0,6,1.25,8400,2.01953125,0,436,52,4,20,0,0,0,20,2,2,0.046875,6.0,0.0,True,False
512,4 4 32,128,16.0,6,1.25,8600,2.01953125,0,412,68,4,28,0,0,0,28,2,2,0.046875,6.0,0.0,True,False
512,4 4 32,128,16.0,6,1.25,8800,2.01953125,0,412,68,4,28,0,0,0,28,2,2,0.046875,6.0,0.0,True,False
512,4 4 32,128,16.0,6,1.25,9000,2.01953125,0,388,84,4,36,0,0,0,36,2,2,0.046875,6.0,0.0,True,False
512,4 4 32,128,16.0,6,1.25,9200,2.01953125,0,388,84,4,36,0,0,0,36,2,2,0.046875,6.0,0.0,True,False
512,4 4 32,128,16.0,6,1.25,9400,2.01953125,0,400,76,4,32,0,0,0,32,2,2,0.046875,6.0,0.0,True,False
512,4 4 32,128,16.0,6,1.25,9600,2.01953125,0,400,76,4,32,0,0,0,32,2,2,0.046875,6.0,0.0,True,False
512,4 4 32,128,16.0,6,1.25,9800,2.01953125,0,412,68,4,28,0,0,0,28,2,2,0.046875,6.0,0.0,True,False
512,4 4 32,128,16.0,6,1.25,10000,2.01953125,0,412,68,4,28,0,0,0,28,2,2,0.046875,6.0,0.0,True,False
512,4 4 32,128,16.0,6,1.25,10200,2.01953125,0,412,68,4,28,0,0,0,28,2,2,0.046875,6.0,0.0,True,False
512,4 4 32,128,16.0,6,1.25,10400,2.0078125,0,412,68,8,24,0,0,0,24,2,4,0.09375,12.0,0.0,True,False
512,4 4 32,128,16.0,6,1.25,10600,2.0078125,0,436,52,8,16,0,0,0,16,2,4,0.09375,12.0,0.0,True,False
512,4 4 32,128,16.0,6,1.25,10800,2.0078125,0,436,52,8,16,0,0,0,16,2,4,0.09375,12.0,0.0,True,False
512,4 4 32,128,16.0,6,1.25,11000,2.0078125,0,424,60,8,20,0,0,0,20,2,4,0.09375,12.0,0.0,True,False
512,4 4 32,128,16.0,6,1.25,11200,2.0078125,0,412,68,8,24,0,0,0,24,2,4,0.09375,12.0,0.0,True,False
512,4 4 32,128,16.0,6,1.25,11400,2.0078125,0,424,60,8,20,0,0,0,20,2,4,0.09375,12.0,0.0,True,False
512,4 4 32,128,16.0,6,1.25,11600,1.99609375,0,424,60,12,16,0,0,0,16,1,12,0.140625,18.0,0.0,True,False
512,4 4 32,128,16.0,6,1.25,11800,1.99609375,0,424,60,12,16,0,0,0,16,1,12,0.140625,18.0,0.0,True,False
512,4 4 32,128,16.0,6,1.25,12000,1.99609375,0,424,60,12,16,0,0,0,16,1,12,0.140625,18.0,0.0,True,False
512,4 4 32,128,16.0,6,1.25,12200,1.99609375,0,400,76,12,24,0,0,0,24,1,12,0.140625,18.0,0.0,True,False
512,4 4 32,128,16.0,6,1.25,12400,1.99609375,0,400,76,12,24,0,0,0,24,1,12,0.140625,18.0,0.0,True,False
512,4 4 32,128,16.0,6,1.25,12600,1.99609375,0,400,76,12,24,0,0,0,24,1,12,0.140625,18.0,0.0,True,False
512,4 4 32,128,16.0,6,1.25,12800,1.99609375,0,400,76,12,24,0,0,0,24,1,12,0.140625,18.0,0.0,True,False
512,4 4 32,128,16.0,6,1.25,13000,1.99609375,0,400,76,12,24,0,0,0,24,1,12,0.140625,18.0,0.0,True,False
512,4 4 32,128,16.0,6,1.25,13200,1.97265625,0,400,76,20,16,0,0,0,16,1,20,0.234375,30.0,0.0,True,False
512,4 4 32,128,16.0,6,1.25,13400,1.97265625,0,400,76,20,16,0,0,0,16,1,20,0.234375,30.0,0.0,True,False
512,4 4 32,128,16.0,6,1.25,13600,1.97265625,0,400,76,20,16,0,0,0,16,1,20,0.234375,30.0,0.0,True,False
512,4 4 32,128,16.0,6,1.25,13800,1.97265625,0,400,76,20,16,0,0,0,16,1,20,0.234375,30.0,0.0,True,False
512,4 4 32,128,16.0,6,1.25,14000,1.97265625,0,400,76,20,16,0,0,0,16,1,20,0.234375,30.0,0.0,True,False
512,4 4 32,128,16.0,6,1.25,14200,1.97265625,0,400,76,20,16,0,0,0,16,1,20,0.234375,30.0,0.0,True,False
512,4 4 32,128,16.0,6,1.25,14400,1.97265625,0,400,76,20,16,0,0,0,16,1,20,0.234375,30.0,0.0,True,False
512,4 4 32,128,16.0,6,1.25,14600,1.97265625,0,388,84,20,20,0,0,0,20,1,20,0.234375,30.0,0.0,True,False
512,4 4 32,128,16.0,6,1.25,14800,1.97265625,0,400,76,20,16,0,0,0,16,1,20,0.234375,30.0,0.0,True,False
512,4 4 32,128,16.0,6,1.25,15000,1.97265625,0,400,76,20,16,0,0,0,16,1,20,0.234375,30.0,0.0,True,False
512,4 4 32,128,16.0,6,1.25,15200,1.97265625,0,388,84,20,20,0,0,0,20,1,20,0.234375,30.0,0.0,True,False
512,4 4 32,128,16.0,6,1.25,15400,1.9609375,0,376,92,24,20,0,0,0,20,1,24,0.28125,36.0,0.0,True,False
512,4 4 32,128,16.0,6,1.25,15600,1.9609375,0,388,84,24,16,0,0,0,16,1,24,0.28125,36.0,0.0,True,False
512,4 4 32,128,16.0,6,1.25,15800,1.9609375,0,388,84,24,16,0,0,0,16,1,24,0.28125,36.0,0.0,True,False
512,4 4 32,128,16.0,6,1.25,16000,1.9609375,0,364,100,24,24,0,0,0,24,1,24,0.28125,36.0,0.0,True,False
512,4 4 32,128,16.0,6,1.25,16200,1.9609375,0,364,100,24,24,0,0,0,24,1,24,0.28125,36.0,0.0,True,False
512,4 4 32,128,16.0,6,1.25,16400,1.9609375,0,364,100,24,24,0,0,0,24,1,24,0.28125,36.0,0.0,True,False
512,4 4 32,128,16.0,6,1.25,16600,1.96875,0,360,96,28,28,0,0,0,28,2,26,0.25,32.0,0.0,True,False
512,4 4 32,128,16.0,6,1.25,16800,1.96875,0,360,96,28,28,0,0,0,28,2,26,0.25,32.0,0.0,True,False
512,4 4 32,128,16.0,6,1.25,17000,1.96875,0,336,112,28,36,0,0,0,36,2,26,0.25,32.0,0.0,True,False
512,4 4 32,128,16.0,6,1.25,17200,1.96875,0,336,112,28,36,0,0,0,36,2,26,0.25,32.0,0.0,True,False
512,4 4 32,128,16.0,6,1.25,17400,1.96484375,0,320,120,28,44,0,0,0,44,2,26,0.265625,34.0,0.0,True,False
512,4 4 32,128,16.0,6,1.25,17600,1.96484375,0,320,120,28,44,0,0,0,44,2,26,0.265625,34.0,0.0,True,False
512,4 4 32,128,16.0,6,1.25,17800,1.96484375,0,320,120,28,44,0,0,0,44,2,26,0.265625,34.0,0.0,True,False
512,4 4 32,128,16.0,6,1.25,18000,1.9609375,0,316,120,28,48,0,0,0,48,2,26,0.28125,36.0,0.0,True,False
512,4 4 32,128,16.0,6,1.25,18200,1.9453125,0,300,128,32,52,0,0,0,52,2,30,0.34375,44.0,0.0,True,False
512,4 4 32,128,16.0,6,1.25,18400,1.9453125,0,300,128,32,52,0,0,0,52,2,30,0.34375,44.0,0.0,True,False
512,4 4 32,128,16.0,6,1.25,18600,1.921875,0,300,128,40,44,0,0,0,44,1,40,0.4375,56.0,0.0,True,False
512,4 4 32,128,16.0,6,1.25,18800,1.92578125,0,292,136,40,44,0,0,0,44,1,40,0.421875,54.0,0.0,True,False
512,4 4 32,128,16.0,6,1.25,19000,1.9140625,0,304,128,44,36,0,0,0,36,3,40,0.46875,60.0,0.0,True,False
512,4 4 32,128,16.0,6,1.25,19200,1.9140625,0,304,128,44,36,0,0,0,36,3,40,0.46875,60.0,0.0,True,False
512,4 4 32,128,16.0,6,1.25,19400,1.9140625,0,292,136,44,40,0,0,0,40,3,40,0.46875,60.0,0.0,True,False
512,4 4 32,128,16.0,6,1.25,19600,1.9140625,0,292,136,44,40,0,0,0,40,3,40,0.46875,60.0,0.0,True,False
512,4 4 32,128,16.0,6,1.25,19800,1.9140625,0,292,136,44,40,0,0,0,40,3,40,0.46875,60.0,0.0,True,False
512,4 4 32,128,16.0,6,1.25,20000,1.90234375,0,292,136,48,36,0,0,0,36,3,44,0.515625,66.0,0.0,True,False
512,4 4 32,128,16.0,6,1.25,20200,1.90234375,0,292,136,48,36,0,0,0,36,3,44,0.515625,66.0,0.0,True,False
512,4 4 32,128,16.0,6,1.25,20400,1.9140625,0,292,136,44,40,0,0,0,40,3,40,0.46875,60.0,0.0,True,False
512,4 4 32,128,16.0,6,1.25,20600,1.9140625,0,292,136,44,40,0,0,0,40,3,40,0.46875,60.0,0.0,True,False
512,4 4 32,128,16.0,6,1.25,20800,1.90234375,0,280,144,48,40,0,0,0,40,3,44,0.515625,66.0,0.0,True,False
512,4 4 32,128,16.0,6,1.25,21000,1.90234375,0,280,144,48,40,0,0,0,40,3,44,0.515625,66.0,0.0,True,False
512,4 4 32,128,16.0,6,1.25,21200,1.87890625,0,292,136,56,28,0,0,0,28,1,56,0.609375,78.0,0.0,True,False
512,4 4 32,128,16.0,6,1.25,21400,1.87890625,0,292,136,56,28,0,0,0,28,1,56,0.609375,78.0,0.0,True,False
512,4 4 32,128,16.0,6,1.25,21600,1.88671875,0,288,132,60,32,0,0,0,32,1,60,0.578125,74.0,0.0,True,False
512,4 4 32,128,16.0,6,1.25,21800,1.8828125,0,284,132,60,36,0,0,0,36,2,58,0.59375,76.0,0.0,True,False
512,4 4 32,128,16.0,6,1.25,22000,1.8828125,0,284,132,60,36,0,0,0,36,2,58,0.59375,76.0,0.0,True,False
512,4 4 32,128,16.0,6,1.25,22200,1.90625,0,284,132,52,44,0,0,0,44,5,44,0.5,64.0,0.0,True,False
512,4 4 32,128,16.0,6,1.25,22400,1.8828125,0,284,132,60,36,0,0,0,36,2,58,0.59375,76.0,0.0,True,False
512,4 4 32,128,16.0,6,1.25,22600,1.87890625,0,268,140,60,44,0,0,0,44,2,58,0.609375,78.0,0.0,True,False
512,4 4 32,128,16.0,6,1.25,22800,1.87890625,0,268,140,60,44,0,0,0,44,2,58,0.609375,78.0,0.0,True,False
512,4 4 32,128,16.0,6,1.25,23000,1.90234375,0,250,148,70,44,0,0,0,44,2,68,0.515625,66.0,0.0,True,False
512,4 4 32,128,16.0,6,1.25,23200,1.87890625,0,244,156,60,52,0,0,0,52,2,58,0.609375,78.0,0.0,True,False
512,4 4 32,128,16.0,6,1.25,23400,1.87109375,0,240,160,60,52,0,0,0,52,5,30,0.640625,82.0,0.0,True,False
512,4 4 32,128,16.0,6,1.25,23600,1.8828125,0,240,160,56,56,0,0,0,56,4,36,0.59375,76.0,0.0,True,False
512,4 4 32,128,16.0,6,1.25,23800,1.8828125,0,228,168,56,60,0,0,0,60,4,36,0.59375,76.0,0.0,True,False
512,4 4 32,128,16.0,6,1.25,24000,1.859375,0,240,160,64,48,0,0,0,48,4,36,0.6875,88.0,0.0,True,False
512,4 4 32,128,16.0,6,1.25,24200,1.84375,0,236,156,76,44,0,0,0,44,4,44,0.75,96.0,0.0,True,False
512,4 4 32,128,16.0,6,1.25,24400,1.8203125,0,224,172,68,48,0,0,0,48,4,40,0.84375,108.0,0.0,True,False
512,4 4 32,128,16.0,6,1.25,24600,1.8203125,0,224,172,68,48,0,0,0,48,4,40,0.84375,108.0,0.0,True,False
512,4 4 32,128,16.0,6,1.25,24800,1.8203125,0,224,172,68,48,0,0,0,48,4,40,0.84375,108.0,0.0,True,False
512,4 4 32,128,16.0,6,1.25,25000,1.81640625,0,224,176,68,44,0,0,0,44,7,24,0.859375,110.0,0.0,True,False
512,4 4 32,128,16.0,6,1.25,25200,1.81640625,0,236,168,68,40,0,0,0,40,7,24,0.859375,110.0,0.0,True,False
512,4 4 32,128,16.0,6,1.25,25400,1.80859375,0,228,168,68,48,0,0,0,48,7,24,0.890625,114.0,0.0,True,False
512,4 4 32,128,16.0,6,1.25,25600,1.8046875,0,224,168,68,52,0,0,0,52,8,24,0.90625,116.0,0.0,True,False
512,4 4 32,128,16.0,6,1.25,25800,1.8046875,0,224,168,68,52,0,0,0,52,8,24,0.90625,116.0,0.0,True,False
512,4 4 32,128,16.0,6,1.25,26000,1.7734375,0,224,184,60,44,0,0,0,44,9,24,1.03125,132.0,0.0,True,False
512,4 4 32,128,16.0,6,1.25,26200,1.75,0,220,196,56,40,0,0,0,40,12,24,1.125,144.0,0.0,True,False
512,4 4 32,128,16.0,6,1.25,26400,1.78515625,0,205,202,57,48,0,0,0,48,9,24,0.984375,126.0,0.0,True,False
512,4 4 32,128,16.0,6,1.25,26600,1.78515625,0,205,202,57,48,0,0,0,48,9,24,0.984375,126.0,0.0,True,False
512,4 4 32,128,16.0,6,1.25,26800,1.78125,0,201,202,57,52,0,0,0,52,9,24,1.0,128.0,0.0,True,False
512,4 4 32,128,16.0,6,1.25,27000,1.78125,0,189,210,57,56,0,0,0,56,9,24,1.0,128.0,0.0,True,False
512,4 4 32,128,16.0,6,1.25,27200,1.78515625,0,193,210,57,52,0,0,0,52,9,24,0.984375,126.0,0.0,True,False
512,4 4 32,128,16.0,6,1.25,27400,1.78515625,0,193,210,57,52,0,0,0,52,9,24,0.984375,126.0,0.0,True,False
512,4 4 32,128,16.0,6,1.25,27600,1.81640625,0,160,236,64,48,4,0,0,52,7,32,0.859375,110.0,0.0,True,False
512,4 4 32,128,16.0,6,1.25,27800,1.8046875,0,162,236,60,52,2,0,0,54,9,24,0.90625,116.0,0.0,True,False
512,4 4 32,128,16.0,6,1.25,28000,1.791015625,0,155,244,53,58,2,0,0,60,11,22,0.9609375,123.0,0.0,True,False
512,4 4 32,128,16.0,6,1.25,28200,1.806640625,0,141,256,59,54,2,0,0,56,8,22,0.8984375,115.0,0.0,True,False
512,4 4 32,128,16.0,6,1.25,28400,1.806640625,0,141,256,59,54,2,0,0,56,8,22,0.8984375,115.0,0.0,True,False
512,4 4 32,128,16.0,6,1.25,28600,1.810546875,0,137,256,63,54,2,0,0,56,7,28,0.8828125,113.0,0.0,True,False
512,4 4 32,128,16.0,6,1.25,28800,1.822265625,0,137,260,55,54,6,0,0,60,10,28,0.8359375,107.0,0.0,True,False
512,4 4 32,128,16.0,6,1.25,29000,1.80078125,0,128,270,66,42,6,0,0,48,7,34,0.921875,118.0,0.0,True,False
512,4 4 32,128,16.0,6,1.25,29200,1.79296875,0,133,272,63,38,6,0,0,44,7,34,0.953125,122.0,0.0,True,False
512,4 4 32,128,16.0,6,1.25,29400,1.7890625,0,129,272,63,42,6,0,0,48,7,34,0.96875,124.0,0.0,True,False
512,4 4 32,128,16.0,6,1.25,29600,1.75390625,0,147,260,61,42,2,0,0,44,7,34,1.109375,142.0,0.0,True,False
512,4 4 32,128,16.0,6,1.25,29800,1.7734375,0,139,261,63,47,2,0,0,49,5,34,1.03125,132.0,0.0,True,False
512,4 4 32,128,16.0,6,1.25,30000,1.7578125,0,139,269,59,43,2,0,0,45,6,34,1.09375,140.0,0.0,True,False
512,4 4 32,128,16.0,6,1.25,30200,1.767578125,0,129,273,61,47,2,0,0,49,6,34,1.0546875,135.0,0.0,True,False
512,4 4 32,128,16.0,6,1.25,30400,1.75390625,0,129,275,65,41,2,0,0,43,6,38,1.109375,142.0,0.0,True,False
512,4 4 32,128,16.0,6,1.25,30600,1.73828125,0,125,279,61,45,2,0,0,47,6,34,1.171875,150.0,0.0,True,False
512,4 4 32,128,16.0,6,1.25,30800,1.6953125,0,120,290,62,38,2,0,0,40,5,34,1.34375,172.0,0.0,True,False
512,4 4 32,128,16.0,6,1.25,31000,1.705078125,0,108,296,66,40,2,0,0,42,10,26,1.3046875,167.0,0.0,True,False
512,4 4 32,128,16.0,6,1.25,31200,1.705078125,0,96,304,66,44,2,0,0,46,10,26,1.3046875,167.0,0.0,True,False
512,4 4 32,128,16.0,6,1.25,31400,1.666015625,0,96,316,62,36,2,0,0,38,8,26,1.4609375,187.0,0.0,True,False
512,4 4 32,128,16.0,6,1.25,31600,1.68359375,0,96,304,70,40,2,0,0,42,12,26,1.390625,178.0,0.0,True,False
512,4 4 32,128,16.0,6,1.25,31800,1.703125,0,84,312,70,44,2,0,0,46,12,26,1.3125,168.0,0.0,True,False
512,4 4 32,128,16.0,6,1.25,32000,1.66796875,0,96,312,66,36,2,0,0,38,14,18,1.453125,186.0,0.0,True,False
512,4 4 32,128,16.0,6,1.25,32200,1.671875,0,92,312,70,36,2,0,0,38,15,18,1.4375,184.0,0.0,True,False
512,4 4 32,128,16.0,6,1.25,32400,1.669921875,0,92,312,74,32,2,0,0,34,14,20,1.4453125,185.0,0.0,True,False
512,4 4 32,128,16.0,6,1.25,32600,1.66796875,0,84,312,82,32,2,0,0,34,16,24,1.453125,186.0,0.0,True,False
512,4 4 32,128,16.0,6,1.25,32800,1.640625,0,72,332,74,32,2,0,0,34,12,24,1.5625,200.0,0.0,True,False
512,4 4 32,128,16.0,6,1.25,33000,1.640625,0,72,332,74,32,2,0,0,34,12,24,1.5625,200.0,0.0,True,False
512,4 4 32,128,16.0,6,1.25,33200,1.625,0,82,336,67,26,1,0,0,27,9,22,1.625,208.0,0.0,True,False
512,4 4 32,128,16.0,6,1.25,33400,1.599609375,0,86,336,67,22,1,0,0,23,9,22,1.7265625,221.0,0.0,True,False
512,4 4 32,128,16.0,6,1.25,33600,1.609375,0,76,340,69,26,1,0,0,27,9,22,1.6875,216.0,0.0,True,False
512,4 4 32,128,16.0,6,1.25,33800,1.62890625,0,65,346,70,30,1,0,0,31,10,22,1.609375,206.0,0.0,True,False
512,4 4 32,128,16.0,6,1.25,34000,1.62890625,0,65,346,70,30,1,0,0,31,10,22,1.609375,206.0,0.0,True,False
512,4 4 32,128,16.0,6,1.25,34200,1.62109375,0,61,346,78,26,1,0,0,27,10,28,1.640625,210.0,0.0,True,False
512,4 4 32,128,16.0,6,1.25,34400,1.6328125,0,56,352,77,26,1,0,0,27,10,26,1.59375,204.0,0.0,True,False
512,4 4 32,128,16.0,6,1.25,34600,1.6640625,0,59,346,77,28,2,0,0,30,8,28,1.46875,188.0,0.0,True,False
512,4 4 32,128,16.0,6,1.25,34800,1.6015625,0,62,364,60,24,2,0,0,26,6,24,1.71875,220.0,0.0,True,False
512,4 4 32,128,16.0,6,1.25,35000,1.62890625,0,72,344,72,24,0,0,0,24,10,24,1.609375,206.0,0.0,True,False
512,4 4 32,128,16.0,6,1.25,35200,1.587890625,0,86,336,70,20,0,0,0,20,9,24,1.7734375,227.0,0.0,True,False
512,4 4 32,128,16.0,6,1.25,35400,1.578125,0,94,336,66,16,0,0,0,16,9,24,1.8125,232.0,0.0,True,False
512,4 4 32,128,16.0,6,1.25,35600,1.60546875,0,84,328,76,24,0,0,0,24,13,26,1.703125,218.0,0.0,True,False
512,4 4 32,128,16.0,6,1.25,35800,1.63671875,0,84,324,80,24,0,0,0,24,13,24,1.578125,202.0,0.0,True,False
512,4 4 32,128,16.0,6,1.25,36000,1.6484375,0,77,326,74,34,1,0,0,35,13,38,1.53125,196.0,0.0,True,False
512,4 4 32,128,16.0,6,1.25,36200,1.634765625,0,67,348,68,28,1,0,0,29,8,40,1.5859375,203.0,0.0,True,False
512,4 4 32,128,16.0,6,1.25,36400,1.595703125,0,67,348,68,28,1,0,0,29,8,38,1.7421875,223.0,0.0,True,False
512,4 4 32,128,16.0,6,1.25,36600,1.626953125,0,45,364,60,40,3,0,0,43,8,38,1.6171875,207.0,0.0,True,False
512,4 4 32,128,16.0,6,1.25,36800,1.626953125,0,55,356,64,36,1,0,0,37,8,38,1.6171875,207.0,0.0,True,False
512,4 4 32,128,16.0,6,1.25,37000,1.6171875,0,62,356,62,32,0,0,0,32,9,18,1.65625,212.0,0.0,True,False
512,4 4 32,128,16.0,6,1.25,37200,1.626953125,0,65,352,62,32,1,0,0,33,8,38,1.6171875,207.0,0.0,True,False
512,4 4 32,128,16.0,6,1.25,37400,1.626953125,0,65,352,62,32,1,0,0,33,8,38,1.6171875,207.0,0.0,True,False
512,4 4 32,128,16.0,6,1.25,37600,1.626953125,0,55,356,64,36,1,0,0,37,8,38,1.6171875,207.0,0.0,True,False
512,4 4 32,128,16.0,6,1.25,37800,1.59375,0,67,354,60,30,1,0,0,31,6,34,1.75,224.0,0.0,True,False
512,4 4 32,128,16.0,6,1.25,38000,1.568359375,0,67,360,60,24,1,0,0,25,4,38,1.8515625,237.0,0.0,True,False
512,4 4 32,128,16.0,6,1.25,38200,1.59375,0,67,354,60,30,1,0,0,31,5,38,1.75,224.0,0.0,True,False
512,4 4 32,128,16.0,6,1.25,38400,1.59375,0,77,350,58,26,1,0,0,27,5,38,1.75,224.0,0.0,True,False
512,4 4 32,128,16.0,6,1.25,38600,1.578125,0,62,356,63,30,1,0,0,31,5,22,1.8125,232.0,0.0,True,False
512,4 4 32,128,16.0,6,1.25,38800,1.576171875,0,76,360,58,16,2,0,0,18,5,20,1.8203125,233.0,0.0,True,False
512,4 4 32,128,16.0,6,1.25,39000,1.5625,0,60,372,54,20,6,0,0,26,5,18,1.875,240.0,0.0,True,False
512,4 4 32,128,16.0,6,1.25,39200,1.5625,0,60,372,54,20,6,0,0,26,5,18,1.875,240.0,0.0,True,False
512,4 4 32,128,16.0,6,1.25,39400,1.609375,0,53,360,64,28,7,0,0,35,10,19,1.6875,216.0,0.0,True,False
512,4 4 32,128,16.0,6,1.25,39600,1.58203125,0,53,372,56,24,7,0,0,31,6,19,1.796875,230.0,0.0,True,False
512,4 4 32,128,16.0,6,1.25,39800,1.58203125,0,53,372,56,24,7,0,0,31,6,19,1.796875,230.0,0.0,True,False
512,4 4 32,128,16.0,6,1.25,40000,1.58203125,0,53,372,56,24,7,0,0,31,6,19,1.796875,230.0,0.0,True,False
512,4 4 32,128,16.0,6,1.25,40200,1.5859375,0,53,360,72,20,7,0,0,27,8,31,1.78125,228.0,0.0,True,False
512,4 4 32,128,16.0,6,1.25,40400,1.60546875,0,44,362,75,24,7,0,0,31,9,32,1.703125,218.0,0.0,True,False
512,4 4 32,128,16.0,6,1.25,40600,1.611328125,0,40,362,75,28,7,0,0,35,9,32,1.6796875,215.0,0.0,True,False
512,4 4 32,128,16.0,6,1.25,40800,1.57421875,0,50,366,69,24,3,0,0,27,8,26,1.828125,234.0,0.0,True,False
512,4 4 32,128,16.0,6,1.25,41000,1.52734375,0,61,372,60,16,3,0,0,19,4,26,2.015625,258.0,0.0,True,False
512,4 4 32,128,16.0,6,1.25,41200,1.52734375,0,61,372,60,16,3,0,0,19,4,26,2.015625,258.0,0.0,True,False
512,4 4 32,128,16.0,6,1.25,41400,1.52734375,0,61,372,60,16,3,0,0,19,4,26,2.015625,258.0,0.0,True,False
512,4 4 32,128,16.0,6,1.25,41600,1.5546875,0,61,360,68,20,3,0,0,23,8,26,1.90625,244.0,0.0,True,False
512,4 4 32,128,16.0,6,1.25,41800,1.53515625,0,70,356,68,16,2,0,0,18,8,26,1.984375,254.0,0.0,True,False
512,4 4 32,128,16.0,6,1.25,42000,1.53515625,0,70,356,68,16,2,0,0,18,8,26,1.984375,254.0,0.0,True,False
512,4 4 32,128,16.0,6,1.25,42200,1.5390625,0,58,372,64,16,2,0,0,18,4,26,1.96875,252.0,0.0,True,False
512,4 4 32,128,16.0,6,1.25,42400,1.5390625,0,46,380,64,20,2,0,0,22,4,26,1.96875,252.0,0.0,True,False
512,4 4 32,128,16.0,6,1.25,42600,1.58984375,0,40,372,74,24,2,0,0,26,10,26,1.765625,226.0,0.0,True,False
512,4 4 32,128,16.0,6,1.25,42800,1.5625,0,40,384,66,20,2,0,0,22,6,26,1.875,240.0,0.0,True,False
512,4 4 32,128,16.0,6,1.25,43000,1.572265625,0,32,384,70,24,2,0,0,26,6,28,1.8359375,235.0,0.0,True,False
512,4 4 32,128,16.0,6,1.25,43200,1.572265625,0,30,386,72,22,2,0,0,24,5,28,1.8359375,235.0,0.0,True,False
512,4 4 32,128,16.0,6,1.25,43400,1.599609375,0,32,372,78,28,2,0,0,30,10,28,1.7265625,221.0,0.0,True,False
512,4 4 32,128,16.0,6,1.25,43600,1.599609375,0,32,372,78,28,2,0,0,30,10,28,1.7265625,221.0,0.0,True,False
512,4 4 32,128,16.0,6,1.25,43800,1.58984375,0,40,372,74,24,2,0,0,26,10,26,1.765625,226.0,0.0,True,False
512,4 4 32,128,16.0,6,1.25,44000,1.609375,0,48,368,78,16,2,0,0,18,7,26,1.6875,216.0,0.0,True,False
512,4 4 32,128,16.0,6,1.25,44200,1.58984375,0,48,372,70,20,2,0,0,22,10,26,1.765625,226.0,0.0,True,False
512,4 4 32,128,16.0,6,1.25,44400,1.58984375,0,48,372,70,20,2,0,0,22,10,26,1.765625,226.0,0.0,True,False
512,4 4 32,128,16.0,6,1.25,44600,1.5625,0,40,384,66,20,2,0,0,22,6,26,1.875,240.0,0.0,True,False
512,4 4 32,128,16.0,6,1.25,44800,1.5625,0,48,384,62,16,2,0,0,18,6,26,1.875,240.0,0.0,True,False
512,4 4 32,128,16.0,6,1.25,45000,1.53125,0,64,372,62,12,2,0,0,14,6,26,2.0,256.0,0.0,True,False
512,4 4 32,128,16.0,6,1.25,45200,1.5078125,0,70,368,60,12,2,0,0,14,4,26,2.09375,268.0,0.0,True,False
512,4 4 32,128,16.0,6,1.25,45400,1.53515625,0,70,356,68,16,2,0,0,18,8,26,1.984375,254.0,0.0,True,False
512,4 4 32,128,16.0,6,1.25,45600,1.53515625,0,70,356,68,16,2,0,0,18,8,26,1.984375,254.0,0.0,True,False
512,4 4 32,128,16.0,6,1.25,45800,1.5390625,0,66,356,72,16,2,0,0,18,9,30,1.96875,252.0,0.0,True,False
512,4 4 32,128,16.0,6,1.25,46000,1.5703125,0,57,358,71,24,2,0,0,26,9,28,1.84375,236.0,0.0,True,False
512,4 4 32,128,16.0,6,1.25,46200,1.5703125,0,57,358,71,24,2,0,0,26,9,28,1.84375,236.0,0.0,True,False
512,4 4 32,128,16.0,6,1.25,46400,1.54296875,0,57,370,63,20,2,0,0,22,5,28,1.953125,250.0,0.0,True,False
512,4 4 32,128,16.0,6,1.25,46600,1.51171875,0,66,368,64,12,2,0,0,14,5,30,2.078125,266.0,0.0,True,False
512,4 4 32,128,16.0,6,1.25,46800,1.51171875,0,66,368,64,12,2,0,0,14,5,30,2.078125,266.0,0.0,True,False
512,4 4 32,128,16.0,6,1.25,47000,1.51171875,0,66,368,64,12,2,0,0,14,5,30,2.078125,266.0,0.0,True,False
512,4 4 32,128,16.0,6,1.25,47200,1.560546875,0,57,369,68,17,1,0,0,18,5,25,1.8828125,241.0,0.0,True,False
512,4 4 32,128,16.0,6,1.25,47400,1.53515625,0,60,368,72,12,0,0,0,12,4,30,1.984375,254.0,0.0,True,False
512,4 4 32,128,16.0,6,1.25,47600,1.51171875,0,66,368,64,12,2,0,0,14,5,30,2.078125,266.0,0.0,True,False
512,4 4 32,128,16.0,6,1.25,47800,1.51171875,0,66,368,64,12,2,0,0,14,5,30,2.078125,266.0,0.0,True,False
512,4 4 32,128,16.0,6,1.25,48000,1.53125,0,57,372,64,16,3,0,0,19,5,30,2.0,256.0,0.0,True,False
512,4 4 32,128,16.0,6,1.25,48200,1.5546875,0,51,376,66,16,3,0,0,19,7,30,1.90625,244.0,0.0,True,False
512,4 4 32,128,16.0,6,1.25,48400,1.544921875,0,56,371,61,21,3,0,0,24,7,25,1.9453125,249.0,0.0,True,False
512,4 4 32,128,16.0,6,1.25,48600,1.544921875,0,56,371,61,21,3,0,0,24,7,25,1.9453125,249.0,0.0,True,False
512,4 4 32,128,16.0,6,1.25,48800,1.51171875,0,66,368,64,12,2,0,0,14,5,30,2.078125,266.0,0.0,True,False
512,4 4 32,128,16.0,6,1.25,49000,1.53125,0,66,368,64,12,2,0,0,14,3,34,2.0,256.0,0.0,True,False
512,4 4 32,128,16.0,6,1.25,49200,1.53125,0,66,368,64,12,2,0,0,14,3,34,2.0,256.0,0.0,True,False
512,4 4 32,128,16.0,6,1.25,49400,1.55078125,0,57,372,64,16,3,0,0,19,3,34,1.921875,246.0,0.0,True,False
512,4 4 32,128,16.0,6,1.25,49600,1.53125,0,57,372,64,16,3,0,0,19,5,30,2.0,256.0,0.0,True,False
512,4 4 32,128,16.0,6,1.25,49800,1.53125,0,57,372,64,16,3,0,0,19,5,30,2.0,256.0,0.0,True,False
512,4 4 32,128,16.0,6,1.25,50000,1.51171875,0,66,368,64,12,2,0,0,14,5,30,2.078125,266.0,0.0,True,False
512,4 4 32,128,16.0,6,1.25,50200,1.513671875,0,66,368,60,16,2,0,0,18,5,24,2.0703125,265.0,0.0,True,False
512,4 4 32,128,16.0,6,1.25,50400,1.5078125,0,70,368,60,12,2,0,0,14,4,26,2.09375,268.0,0.0,True,False
512,4 4 32,128,16.0,6,1.25,50600,1.5078125,0,70,368,60,12,2,0,0,14,4,26,2.09375,268.0,0.0,True,False
512,4 4 32,128,16.0,6,1.25,50800,1.51953125,0,62,368,60,20,2,0,0,22,3,28,2.046875,262.0,0.0,True,False
512,4 4 32,128,16.0,6,1.25,51000,1.51953125,0,62,368,60,20,2,0,0,22,3,28,2.046875,262.0,0.0,True,False
512,4 4 32,128,16.0,6,1.25,51200,1.5,0,56,372,70,12,2,0,0,14,3,52,2.125,272.0,0.0,True,False
512,4 4 32,128,16.0,6,1.25,51400,1.5,0,56,372,70,12,2,0,0,14,3,52,2.125,272.0,0.0,True,False
512,4 4 32,128,16.0,6,1.25,51600,1.505859375,0,52,372,70,16,2,0,0,18,4,50,2.1015625,269.0,0.0,True,False
512,4 4 32,128,16.0,6,1.25,51800,1.50390625,0,52,372,74,12,2,0,0,14,4,56,2.109375,270.0,0.0,True,False
512,4 4 32,128,16.0,6,1.25,52000,1.50390625,0,52,372,74,12,2,0,0,14,4,56,2.109375,270.0,0.0,True,False
512,4 4 32,128,16.0,6,1.25,52200,1.5234375,0,43,377,72,17,3,0,0,20,5,37,2.03125,260.0,0.0,True,False
512,4 4 32,128,16.0,6,1.25,52400,1.5390625,0,47,377,68,17,3,0,0,20,4,35,1.96875,252.0,0.0,True,False
512,4 4 32,128,16.0,6,1.25,52600,1.5390625,0,42,368,80,20,2,0,0,22,8,34,1.96875,252.0,0.0,True,False
512,4 4 32,128,16.0,6,1.25,52800,1.541015625,0,44,364,80,20,4,0,0,24,9,32,1.9609375,251.0,0.0,True,False
512,4 4 32,128,16.0,6,1.25,53000,1.53125,0,52,360,82,16,2,0,0,18,8,56,2.0,256.0,0.0,True,False
512,4 4 32,128,16.0,6,1.25,53200,1.53125,0,52,360,82,16,2,0,0,18,8,56,2.0,256.0,0.0,True,False
512,4 4 32,128,16.0,6,1.25,53400,1.53125,0,52,360,82,16,2,0,0,18,8,56,2.0,256.0,0.0,True,False
512,4 4 32,128,16.0,6,1.25,53600,1.5234375,0,52,360,78,20,2,0,0,22,7,48,2.03125,260.0,0.0,True,False
512,4 4 32,128,16.0,6,1.25,53800,1.55078125,0,52,348,86,24,2,0,0,26,11,48,1.921875,246.0,0.0,True,False
512,4 4 32,128,16.0,6,1.25,54000,1.55078125,0,52,348,86,24,2,0,0,26,11,48,1.921875,246.0,0.0,True,False
512,4 4 32,128,16.0,6,1.25,54200,1.55078125,0,52,348,86,24,2,0,0,26,11,48,1.921875,246.0,0.0,True,False
512,4 4 32,128,16.0,6,1.25,54400,1.55078125,0,52,348,86,24,2,0,0,26,11,48,1.921875,246.0,0.0,True,False
512,4 4 32,128,16.0,6,1.25,54600,1.55078125,0,52,348,86,24,2,0,0,26,11,48,1.921875,246.0,0.0,True,False
512,4 4 32,128,16.0,6,1.25,54800,1.55078125,0,52,348,86,24,2,0,0,26,11,48,1.921875,246.0,0.0,True,False
512,4 4 32,128,16.0,6,1.25,55000,1.546875,0,56,348,82,24,2,0,0,26,10,44,1.9375,248.0,0.0,True,False
512,4 4 32,128,16.0,6,1.25,55200,1.5625,0,56,340,86,28,2,0,0,30,9,44,1.875,240.0,0.0,True,False
512,4 4 32,128,16.0,6,1.25,55400,1.572265625,0,48,344,84,32,4,0,0,36,10,28,1.8359375,235.0,0.0,True,False
512,4 4 32,128,16.0,6,1.25,55600,1.556640625,0,48,352,80,28,4,0,0,32,11,28,1.8984375,243.0,0.0,True,False
512,4 4 32,128,16.0,6,1.25,55800,1.529296875,0,48,364,72,24,4,0,0,28,7,28,2.0078125,257.0,0.0,True,False
512,4 4 32,128,16.0,6,1.25,56000,1.529296875,0,48,364,72,24,4,0,0,28,7,28,2.0078125,257.0,0.0,True,False
512,4 4 32,128,16.0,6,1.25,56200,1.521484375,0,52,372,60,24,4,0,0,28,8,20,2.0390625,261.0,0.0,True,False
512,4 4 32,128,16.0,6,1.25,56400,1.5234375,0,52,372,56,28,4,0,0,32,9,14,2.03125,260.0,0.0,True,False
512,4 4 32,128,16.0,6,1.25,56600,1.5234375,0,52,372,56,28,4,0,0,32,9,14,2.03125,260.0,0.0,True,False
512,4 4 32,128,16.0,6,1.25,56800,1.5234375,0,52,372,56,28,4,0,0,32,9,14,2.03125,260.0,0.0,True,False
512,4 4 32,128,16.0,6,1.25,57000,1.49609375,0,52,384,48,24,4,0,0,28,5,14,2.140625,274.0,0.0,True,False
512,4 4 32,128,16.0,6,1.25,57200,1.521484375,0,52,372,60,24,4,0,0,28,8,20,2.0390625,261.0,0.0,True,False
512,4 4 32,128,16.0,6,1.25,57400,1.513671875,0,48,372,68,20,4,0,0,24,8,28,2.0703125,265.0,0.0,True,False
512,4 4 32,128,16.0,6,1.25,57600,1.49609375,0,42,376,72,20,2,0,0,22,8,32,2.140625,274.0,0.0,True,False
512,4 4 32,128,16.0,6,1.25,57800,1.49609375,0,42,376,72,20,2,0,0,22,8,32,2.140625,274.0,0.0,True,False
512,4 4 32,128,16.0,6,1.25,58000,1.49609375,0,42,376,72,20,2,0,0,22,8,32,2.140625,274.0,0.0,True,False
512,4 4 32,128,16.0,6,1.25,58200,1.498046875,0,42,376,68,24,2,0,0,26,7,32,2.1328125,273.0,0.0,True,False
512,4 4 32,128,16.0,6,1.25,58400,1.498046875,0,42,376,68,24,2,0,0,26,7,32,2.1328125,273.0,0.0,True,False
512,4 4 32,128,16.0,6,1.25,58600,1.4921875,0,46,376,68,20,2,0,0,22,7,32,2.15625,276.0,0.0,True,False
512,4 4 32,128,16.0,6,1.25,58800,1.4921875,0,46,376,68,20,2,0,0,22,7,32,2.15625,276.0,0.0,True,False
512,4 4 32,128,16.0,6,1.25,59000,1.51953125,0,46,364,76,24,2,0,0,26,11,32,2.046875,262.0,0.0,True,False
512,4 4 32,128,16.0,6,1.25,59200,1.525390625,0,42,364,76,28,2,0,0,30,11,32,2.0234375,259.0,0.0,True,False
512,4 4 32,128,16.0,6,1.25,59400,1.525390625,0,42,364,76,28,2,0,0,30,11,32,2.0234375,259.0,0.0,True,False
512,4 4 32,128,16.0,6,1.25,59600,1.521484375,0,40,376,68,24,4,0,0,28,7,42,2.0390625,261.0,0.0,True,False
512,4 4 32,128,16.0,6,1.25,59800,1.529296875,0,44,374,62,30,2,0,0,32,8,22,2.0078125,257.0,0.0,True,False
512,4 4 32,128,16.0,6,1.25,60000,1.529296875,0,44,374,62,30,2,0,0,32,8,22,2.0078125,257.0,0.0,True,False
512,4 4 32,128,16.0,6,1.25,60200,1.529296875,0,44,374,62,30,2,0,0,32,8,22,2.0078125,257.0,0.0,True,False
512,4 4 32,128,16.0,6,1.25,60400,1.513671875,0,40,374,66,30,2,0,0,32,8,26,2.0703125,265.0,0.0,True,False
512,4 4 32,128,16.0,6,1.25,60600,1.4921875,0,36,386,58,30,2,0,0,32,5,24,2.15625,276.0,0.0,True,False
512,4 4 32,128,16.0,6,1.25,60800,1.4921875,0,36,386,58,30,2,0,0,32,5,24,2.15625,276.0,0.0,True,False
512,4 4 32,128,16.0,6,1.25,61000,1.4921875,0,36,386,58,30,2,0,0,32,5,24,2.15625,276.0,0.0,True,False
512,4 4 32,128,16.0,6,1.25,61200,1.494140625,0,36,386,54,34,2,0,0,36,5,20,2.1484375,275.0,0.0,True,False
512,4 4 32,128,16.0,6,1.25,61400,1.494140625,0,36,386,54,34,2,0,0,36,5,20,2.1484375,275.0,0.0,True,False
512,4 4 32,128,16.0,6,1.25,61600,1.494140625,0,36,386,54,34,2,0,0,36,5,20,2.1484375,275.0,0.0,True,False
512,4 4 32,128,16.0,6,1.25,61800,1.4921875,0,36,386,58,30,2,0,0,32,5,26,2.15625,276.0,0.0,True,False
512,4 4 32,128,16.0,6,1.25,62000,1.51953125,0,36,374,66,34,2,0,0,36,9,26,2.046875,262.0,0.0,True,False
512,4 4 32,128,16.0,6,1.25,62200,1.51953125,0,36,374,66,34,2,0,0,36,9,26,2.046875,262.0,0.0,True,False
512,4 4 32,128,16.0,6,1.25,62400,1.517578125,0,36,374,70,30,2,0,0,32,9,30,2.0546875,263.0,0.0,True,False
512,4 4 32,128,16.0,6,1.25,62600,1.509765625,0,32,376,76,24,4,0,0,28,8,50,2.0859375,267.0,0.0,True,False
512,4 4 32,128,16.0,6,1.25,62800,1.509765625,0,32,376,76,24,4,0,0,28,8,50,2.0859375,267.0,0.0,True,False
512,4 4 32,128,16.0,6,1.25,63000,1.509765625,0,32,376,76,24,4,0,0,28,8,50,2.0859375,267.0,0.0,True,False
512,4 4 32,128,16.0,6,1.25,63200,1.482421875,0,32,388,68,20,4,0,0,24,4,50,2.1953125,281.0,0.0,True,False
512,4 4 32,128,16.0,6,1.25,63400,1.482421875,0,32,388,68,20,4,0,0,24,4,50,2.1953125,281.0,0.0,True,False
512,4 4 32,128,16.0,6,1.25,63600,1.482421875,0,32,388,68,20,4,0,0,24,4,50,2.1953125,281.0,0.0,True,False
512,4 4 32,128,16.0,6,1.25,63800,1.482421875,0,32,388,68,20,4,0,0,24,4,50,2.1953125,281.0,0.0,True,False
512,4 4 32,128,16.0,6,1.25,64000,1.482421875,0,32,388,68,20,4,0,0,24,4,50,2.1953125,281.0,0.0,True,False
512,4 4 32,128,16.0,6,1.25,64200,1.482421875,0,32,388,68,20,4,0,0,24,4,50,2.1953125,281.0,0.0,True,False
512,4 4 32,128,16.0,6,1.25,64400,1.509765625,0,32,376,76,24,4,0,0,28,5,50,2.0859375,267.0,0.0,True,False
512,4 4 32,128,16.0,6,1.25,64600,1.509765625,0,32,376,76,24,4,0,0,28,5,50,2.0859375,267.0,0.0,True,False
512,4 4 32,128,16.0,6,1.25,64800,1.51171875,0,32,376,72,28,4,0,0,32,5,44,2.078125,266.0,0.0,True,False
512,4 4 32,128,16.0,6,1.25,65000,1.509765625,0,32,376,76,24,4,0,0,28,5,50,2.0859375,267.0,0.0,True,False
512,4 4 32,128,16.0,6,1.25,65200,1.509765625,0,32,376,76,24,4,0,0,28,5,50,2.0859375,267.0,0.0,True,False
512,4 4 32,128,16.0,6,1.25,65400,1.509765625,0,32,376,76,24,4,0,0,28,5,50,2.0859375,267.0,0.0,True,False
512,4 4 32,128,16.0,6,1.25,65600,1.509765625,0,32,376,76,24,4,0,0,28,7,50,2.0859375,267.0,0.0,True,False
512,4 4 32,128,16.0,6,1.25,65800,1.51953125,0,36,374,66,34,2,0,0,36,8,26,2.046875,262.0,0.0,True,False
512,4 4 32,128,16.0,6,1.25,66000,1.515625,0,40,372,66,32,2,0,0,34,7,40,2.0625,264.0,0.0,True,False
512,4 4 32,128,16.0,6,1.25,66200,1.46875,0,40,384,58,28,2,0,0,30,6,20,2.25,288.0,0.0,True,False
512,4 4 32,128,16.0,6,1.25,66400,1.46875,0,40,384,58,28,2,0,0,30,6,20,2.25,288.0,0.0,True,False
512,4 4 32,128,16.0,6,1.25,66600,1.470703125,0,40,384,54,32,2,0,0,34,6,18,2.2421875,287.0,0.0,True,False
512,4 4 32,128,16.0,6,1.25,66800,1.44140625,0,40,384,54,32,2,0,0,34,4,20,2.359375,302.0,0.0,True,False
512,4 4 32,128,16.0,6,1.25,67000,1.44140625,0,40,384,54,32,2,0,0,34,4,20,2.359375,302.0,0.0,True,False
512,4 4 32,128,16.0,6,1.25,67200,1.44140625,0,40,384,54,32,2,0,0,34,4,20,2.359375,302.0,0.0,True,False
512,4 4 32,128,16.0,6,1.25,67400,1.44140625,0,40,384,54,32,2,0,0,34,4,20,2.359375,302.0,0.0,True,False
512,4 4 32,128,16.0,6,1.25,67600,1.44140625,0,40,384,54,32,2,0,0,34,4,20,2.359375,302.0,0.0,True,False
512,4 4 32,128,16.0,6,1.25,67800,1.44140625,0,40,384,54,32,2,0,0,34,4,20,2.359375,302.0,0.0,True,False
512,4 4 32,128,16.0,6,1.25,68000,1.484375,0,44,368,66,32,2,0,0,34,8,24,2.1875,280.0,0.0,True,False
512,4 4 32,128,16.0,6,1.25,68200,1.5078125,0,40,364,76,32,0,0,0,32,8,34,2.09375,268.0,0.0,True,False
512,4 4 32,128,16.0,6,1.25,68400,1.4921875,0,36,368,72,36,0,0,0,36,8,30,2.15625,276.0,0.0,True,False
512,4 4 32,128,16.0,6,1.25,68600,1.4921875,0,36,368,72,36,0,0,0,36,8,30,2.15625,276.0,0.0,True,False
512,4 4 32,128,16.0,6,1.25,68800,1.46875,0,40,372,62,36,2,0,0,38,8,20,2.25,288.0,0.0,True,False
512,4 4 32,128,16.0,6,1.25,69000,1.44140625,0,40,384,54,32,2,0,0,34,4,20,2.359375,302.0,0.0,True,False
512,4 4 32,128,16.0,6,1.25,69200,1.46875,0,40,372,62,36,2,0,0,38,8,20,2.25,288.0,0.0,True,False
512,4 4 32,128,16.0,6,1.25,69400,1.46875,0,40,372,62,36,2,0,0,38,8,20,2.25,288.0,0.0,True,False
512,4 4 32,128,16.0,6,1.25,69600,1.484375,0,40,364,66,40,2,0,0,42,6,20,2.1875,280.0,0.0,True,False
512,4 4 32,128,16.0,6,1.25,69800,1.46875,0,40,372,62,36,2,0,0,38,7,20,2.25,288.0,0.0,True,False
512,4 4 32,128,16.0,6,1.25,70000,1.484375,0,36,372,62,40,2,0,0,42,7,20,2.1875,280.0,0.0,True,False
512,4 4 32,128,16.0,6,1.25,70200,1.484375,0,36,372,62,40,2,0,0,42,7,20,2.1875,280.0,0.0,True,False
512,4 4 32,128,16.0,6,1.25,70400,1.484375,0,36,372,62,40,2,0,0,42,7,20,2.1875,280.0,0.0,True,False
512,4 4 32,128,16.0,6,1.25,70600,1.484375,0,36,372,62,40,2,0,0,42,8,20,2.1875,280.0,0.0,True,False
512,4 4 32,128,16.0,6,1.25,70800,1.48046875,0,36,376,62,36,2,0,0,38,12,18,2.203125,282.0,0.0,True,False
512,4 4 32,128,16.0,6,1.25,71000,1.453125,0,36,388,54,32,2,0,0,34,8,18,2.3125,296.0,0.0,True,False
512,4 4 32,128,16.0,6,1.25,71200,1.453125,0,36,388,54,32,2,0,0,34,8,18,2.3125,296.0,0.0,True,False
512,4 4 32,128,16.0,6,1.25,71400,1.453125,0,36,388,54,32,2,0,0,34,8,18,2.3125,296.0,0.0,True,False
512,4 4 32,128,16.0,6,1.25,71600,1.453125,0,36,388,54,32,2,0,0,34,8,18,2.3125,296.0,0.0,True,False
512,4 4 32,128,16.0,6,1.25,71800,1.453125,0,36,388,54,32,2,0,0,34,8,18,2.3125,296.0,0.0,True,False
512,4 4 32,128,16.0,6,1.25,72000,1.453125,0,36,388,54,32,2,0,0,34,8,18,2.3125,296.0,0.0,True,False
512,4 4 32,128,16.0,6,1.25,72200,1.453125,0,36,388,54,32,2,0,0,34,8,18,2.3125,296.0,0.0,True,False
512,4 4 32,128,16.0,6,1.25,72400,1.453125,0,36,388,54,32,2,0,0,34,8,18,2.3125,296.0,0.0,True,False
512,4 4 32,128,16.0,6,1.25,72600,1.45703125,0,36,384,54,36,2,0,0,38,4,20,2.296875,294.0,0.0,True,False
512,4 4 32,128,16.0,6,1.25,72800,1.45703125,0,36,384,54,36,2,0,0,38,4,20,2.296875,294.0,0.0,True,False
512,4 4 32,128,16.0,6,1.25,73000,1.45703125,0,36,384,54,36,2,0,0,38,4,20,2.296875,294.0,0.0,True,False
512,4 4 32,128,16.0,6,1.25,73200,1.44140625,0,40,384,54,32,2,0,0,34,4,20,2.359375,302.0,0.0,True,False
512,4 4 32,128,16.0,6,1.25,73400,1.47265625,0,44,372,62,32,2,0,0,34,8,22,2.234375,286.0,0.0,True,False
512,4 4 32,128,16.0,6,1.25,73600,1.47265625,0,44,372,62,32,2,0,0,34,8,22,2.234375,286.0,0.0,True,False
512,4 4 32,128,16.0,6,1.25,73800,1.47265625,0,44,372,62,32,2,0,0,34,8,22,2.234375,286.0,0.0,True,False
512,4 4 32,128,16.0,6,1.25,74000,1.48046875,0,40,368,66,36,2,0,0,38,9,24,2.203125,282.0,0.0,True,False
512,4 4 32,128,16.0,6,1.25,74200,1.484375,0,44,368,66,32,2,0,0,34,9,24,2.1875,280.0,0.0,True,False
512,4 4 32,128,16.0,6,1.25,74400,1.484375,0,44,368,66,32,2,0,0,34,9,24,2.1875,280.0,0.0,True,False
512,4 4 32,128,16.0,6,1.25,74600,1.4765625,0,48,372,62,28,2,0,0,30,8,22,2.21875,284.0,0.0,True,False
512,4 4 32,128,16.0,6,1.25,74800,1.484375,0,44,368,66,32,2,0,0,34,8,24,2.1875,280.0,0.0,True,False
512,4 4 32,128,16.0,6,1.25,75000,1.484375,0,44,368,66,32,2,0,0,34,8,24,2.1875,280.0,0.0,True,False
512,4 4 32,128,16.0,6,1.25,75200,1.484375,0,44,368,66,32,2,0,0,34,8,24,2.1875,280.0,0.0,True,False
512,4 4 32,128,16.0,6,1.25,75400,1.46875,0,40,372,62,36,2,0,0,38,8,20,2.25,288.0,0.0,True,False
512,4 4 32,128,16.0,6,1.25,75600,1.46875,0,40,372,62,36,2,0,0,38,8,20,2.25,288.0,0.0,True,False
512,4 4 32,128,16.0,6,1.25,75800,1.4921875,0,48,364,66,32,2,0,0,34,6,24,2.15625,276.0,0.0,True,False
512,4 4 32,128,16.0,6,1.25,76000,1.474609375,0,48,378,54,30,2,0,0,32,5,24,2.2265625,285.0,0.0,True,False
512,4 4 32,128,16.0,6,1.25,76200,1.494140625,0,44,370,62,34,2,0,0,36,6,24,2.1484375,275.0,0.0,True,False
512,4 4 32,128,16.0,6,1.25,76400,1.46875,0,44,376,62,28,2,0,0,30,4,24,2.25,288.0,0.0,True,False
512,4 4 32,128,16.0,6,1.25,76600,1.46875,0,44,376,62,28,2,0,0,30,4,24,2.25,288.0,0.0,True,False
512,4 4 32,128,16.0,6,1.25,76800,1.46484375,0,40,376,62,32,2,0,0,34,4,26,2.265625,290.0,0.0,True,False
512,4 4 32,128,16.0,6,1.25,77000,1.46484375,0,40,376,62,32,2,0,0,34,4,26,2.265625,290.0,0.0,True,False
512,4 4 32,128,16.0,6,1.25,77200,1.46484375,0,40,376,62,32,2,0,0,34,4,26,2.265625,290.0,0.0,True,False
512,4 4 32,128,16.0,6,1.25,77400,1.46484375,0,40,376,62,32,2,0,0,34,4,26,2.265625,290.0,0.0,True,False
512,4 4 32,128,16.0,6,1.25,77600,1.48046875,0,36,378,58,38,2,0,0,40,4,22,2.203125,282.0,0.0,True,False
512,4 4 32,128,16.0,6,1.25,77800,1.478515625,0,36,384,50,40,2,0,0,42,11,14,2.2109375,283.0,0.0,True,False
512,4 4 32,128,16.0,6,1.25,78000,1.494140625,0,36,380,66,28,2,0,0,30,4,28,2.1484375,275.0,0.0,True,False
512,4 4 32,128,16.0,6,1.25,78200,1.494140625,0,36,380,66,28,2,0,0,30,4,28,2.1484375,275.0,0.0,True,False
512,4 4 32,128,16.0,6,1.25,78400,1.49609375,0,36,382,58,34,2,0,0,36,7,28,2.140625,274.0,0.0,True,False
512,4 4 32,128,16.0,6,1.25,78600,1.49609375,0,36,382,58,34,2,0,0,36,7,28,2.140625,274.0,0.0,True,False
512,4 4 32,128,16.0,6,1.25,78800,1.49609375,0,36,382,58,34,2,0,0,36,7,28,2.140625,274.0,0.0,True,False
512,4 4 32,128,16.0,6,1.25,79000,1.5234375,0,36,370,66,38,2,0,0,40,11,28,2.03125,260.0,0.0,True,False
512,4 4 32,128,16.0,6,1.25,79200,1.5234375,0,36,370,66,38,2,0,0,40,11,28,2.03125,260.0,0.0,True,False
512,4 4 32,128,16.0,6,1.25,79400,1.498046875,0,36,376,66,32,2,0,0,34,8,28,2.1328125,273.0,0.0,True,False
512,4 4 32,128,16.0,6,1.25,79600,1.498046875,0,38,372,68,32,2,0,0,34,10,14,2.1328125,273.0,0.0,True,False
512,4 4 32,128,16.0,6,1.25,79800,1.498046875,0,38,372,68,32,2,0,0,34,10,14,2.1328125,273.0,0.0,True,False
512,4 4 32,128,16.0,6,1.25,80000,1.45703125,0,38,386,64,22,2,0,0,24,9,16,2.296875,294.0,0.0,True,False
512,4 4 32,128,16.0,6,1.25,80200,1.484375,0,38,374,72,26,2,0,0,28,12,16,2.1875,280.0,0.0,True,False
512,4 4 32,128,16.0,6,1.25,80400,1.484375,0,38,374,72,26,2,0,0,28,12,16,2.1875,280.0,0.0,True,False
512,4 4 32,128,16.0,6,1.25,80600,1.484375,0,38,374,72,26,2,0,0,28,12,16,2.1875,280.0,0.0,True,False
512,4 4 32,128,16.0,6,1.25,80800,1.484375,0,38,374,72,26,2,0,0,28,12,16,2.1875,280.0,0.0,True,False
512,4 4 32,128,16.0,6,1.25,81000,1.4296875,0,38,398,56,18,2,0,0,20,5,16,2.40625,308.0,0.0,True,False
512,4 4 32,128,16.0,6,1.25,81200,1.4296875,0,38,398,56,18,2,0,0,20,5,16,2.40625,308.0,0.0,True,False
512,4 4 32,128,16.0,6,1.25,81400,1.4296875,0,38,398,56,18,2,0,0,20,5,16,2.40625,308.0,0.0,True,False
512,4 4 32,128,16.0,6,1.25,81600,1.46484375,0,36,397,55,19,5,0,0,24,6,26,2.265625,290.0,0.0,True,False
512,4 4 32,128,16.0,6,1.25,81800,1.48828125,0,30,401,57,19,5,0,0,24,8,26,2.171875,278.0,0.0,True,False
512,4 4 32,128,16.0,6,1.25,82000,1.515625,0,30,389,65,23,5,0,0,28,12,26,2.0625,264.0,0.0,True,False
512,4 4 32,128,16.0,6,1.25,82200,1.4921875,0,36,385,63,23,5,0,0,28,10,26,2.15625,276.0,0.0,True,False
512,4 4 32,128,16.0,6,1.25,82400,1.51171875,0,36,383,67,21,5,0,0,26,10,38,2.078125,266.0,0.0,True,False
512,4 4 32,128,16.0,6,1.25,82600,1.484375,0,36,395,59,17,5,0,0,22,6,38,2.1875,280.0,0.0,True,False
512,4 4 32,128,16.0,6,1.25,82800,1.509765625,0,36,389,59,23,5,0,0,28,7,38,2.0859375,267.0,0.0,True,False
512,4 4 32,128,16.0,6,1.25,83000,1.474609375,0,38,390,60,22,2,0,0,24,6,28,2.2265625,285.0,0.0,True,False
512,4 4 32,128,16.0,6,1.25,83200,1.47265625,0,38,388,68,16,2,0,0,18,5,28,2.234375,286.0,0.0,True,False
512,4 4 32,128,16.0,6,1.25,83400,1.50390625,0,26,392,72,20,2,0,0,22,6,28,2.109375,270.0,0.0,True,False
512,4 4 32,128,16.0,6,1.25,83600,1.50390625,0,26,392,72,20,2,0,0,22,6,28,2.109375,270.0,0.0,True,False
512,4 4 32,128,16.0,6,1.25,83800,1.53125,0,26,380,80,24,2,0,0,26,10,28,2.0,256.0,0.0,True,False
512,4 4 32,128,16.0,6,1.25,84000,1.544921875,0,24,380,79,26,3,0,0,29,12,24,1.9453125,249.0,0.0,True,False
512,4 4 32,128,16.0,6,1.25,84200,1.53125,0,26,380,80,24,2,0,0,26,10,28,2.0,256.0,0.0,True,False
512,4 4 32,128,16.0,6,1.25,84400,1.53125,0,26,380,80,24,2,0,0,26,10,28,2.0,256.0,0.0,True,False
512,4 4 32,128,16.0,6,1.25,84600,1.53125,0,26,380,80,24,2,0,0,26,10,28,2.0,256.0,0.0,True,False
512,4 4 32,128,16.0,6,1.25,84800,1.53125,0,26,380,80,24,2,0,0,26,10,28,2.0,256.0,0.0,True,False
512,4 4 32,128,16.0,6,1.25,85000,1.546875,0,26,372,84,28,2,0,0,30,9,28,1.9375,248.0,0.0,True,False
512,4 4 32,128,16.0,6,1.25,85200,1.53125,0,26,380,80,24,2,0,0,26,10,28,2.0,256.0,0.0,True,False
512,4 4 32,128,16.0,6,1.25,85400,1.541015625,0,20,380,80,28,4,0,0,32,9,42,1.9609375,251.0,0.0,True,False
512,4 4 32,128,16.0,6,1.25,85600,1.521484375,0,20,382,76,30,4,0,0,34,9,30,2.0390625,261.0,0.0,True,False
512,4 4 32,128,16.0,6,1.25,85800,1.521484375,0,20,382,76,30,4,0,0,34,9,30,2.0390625,261.0,0.0,True,False
512,4 4 32,128,16.0,6,1.25,86000,1.513671875,0,26,384,68,32,2,0,0,34,11,16,2.0703125,265.0,0.0,True,False
512,4 4 32,128,16.0,6,1.25,86200,1.513671875,0,26,384,68,32,2,0,0,34,11,16,2.0703125,265.0,0.0,True,False
512,4 4 32,128,16.0,6,1.25,86400,1.513671875,0,26,384,68,32,2,0,0,34,11,16,2.0703125,265.0,0.0,True,False
512,4 4 32,128,16.0,6,1.25,86600,1.513671875,0,26,384,68,32,2,0,0,34,11,16,2.0703125,265.0,0.0,True,False
512,4 4 32,128,16.0,6,1.25,86800,1.482421875,0,38,380,64,28,2,0,0,30,10,16,2.1953125,281.0,0.0,True,False
512,4 4 32,128,16.0,6,1.25,87000,1.455078125,0,38,392,56,24,2,0,0,26,6,16,2.3046875,295.0,0.0,True,False
512,4 4 32,128,16.0,6,1.25,87200,1.453125,0,38,390,64,18,2,0,0,20,5,22,2.3125,296.0,0.0,True,False
512,4 4 32,128,16.0,6,1.25,87400,1.4296875,0,38,398,56,18,2,0,0,20,5,16,2.40625,308.0,0.0,True,False
512,4 4 32,128,16.0,6,1.25,87600,1.4296875,0,38,398,56,18,2,0,0,20,5,16,2.40625,308.0,0.0,True,False
512,4 4 32,128,16.0,6,1.25,87800,1.4296875,0,38,398,56,18,2,0,0,20,5,16,2.40625,308.0,0.0,True,False
512,4 4 32,128,16.0,6,1.25,88000,1.4296875,0,38,398,56,18,2,0,0,20,5,16,2.40625,308.0,0.0,True,False
512,4 4 32,128,16.0,6,1.25,88200,1.4296875,0,38,398,56,18,2,0,0,20,5,16,2.40625,308.0,0.0,True,False
512,4 4 32,128,16.0,6,1.25,88400,1.4296875,0,38,398,56,18,2,0,0,20,5,16,2.40625,308.0,0.0,True,False
512,4 4 32,128,16.0,6,1.25,88600,1.4296875,0,38,398,56,18,2,0,0,20,5,16,2.40625,308.0,0.0,True,False
512,4 4 32,128,16.0,6,1.25,88800,1.4296875,0,38,398,56,18,2,0,0,20,5,16,2.40625,308.0,0.0,True,False
512,4 4 32,128,16.0,6,1.25,89000,1.4296875,0,38,398,56,18,2,0,0,20,5,16,2.40625,308.0,0.0,True,False
512,4 4 32,128,16.0,6,1.25,89200,1.4296875,0,38,398,56,18,2,0,0,20,5,16,2.40625,308.0,0.0,True,False
512,4 4 32,128,16.0,6,1.25,89400,1.45703125,0,38,386,64,22,2,0,0,24,9,16,2.296875,294.0,0.0,True,False
512,4 4 32,128,16.0,6,1.25,89600,1.45703125,0,38,386,64,22,2,0,0,24,9,16,2.296875,294.0,0.0,True,False
512,4 4 32,128,16.0,6,1.25,89800,1.45703125,0,38,386,64,22,2,0,0,24,9,16,2.296875,294.0,0.0,True,False
512,4 4 32,128,16.0,6,1.25,90000,1.4296875,0,38,398,56,18,2,0,0,20,5,16,2.40625,308.0,0.0,True,False
512,4 4 32,128,16.0,6,1.25,90200,1.4296875,0,38,398,56,18,2,0,0,20,5,16,2.40625,308.0,0.0,True,False
512,4 4 32,128,16.0,6,1.25,90400,1.4296875,0,38,398,56,18,2,0,0,20,5,16,2.40625,308.0,0.0,True,False
512,4 4 32,128,16.0,6,1.25,90600,1.4296875,0,38,398,56,18,2,0,0,20,5,16,2.40625,308.0,0.0,True,False
512,4 4 32,128,16.0,6,1.25,90800,1.4296875,0,38,398,56,18,2,0,0,20,5,16,2.40625,308.0,0.0,True,False
512,4 4 32,128,16.0,6,1.25,91000,1.455078125,0,38,392,56,24,2,0,0,26,7,14,2.3046875,295.0,0.0,True,False
512,4 4 32,128,16.0,6,1.25,91200,1.48046875,0,38,378,72,22,2,0,0,24,8,34,2.203125,282.0,0.0,True,False
512,4 4 32,128,16.0,6,1.25,91400,1.48046875,0,38,378,72,22,2,0,0,24,8,34,2.203125,282.0,0.0,True,False
512,4 4 32,128,16.0,6,1.25,91600,1.48046875,0,38,378,72,22,2,0,0,24,8,34,2.203125,282.0,0.0,True,False
512,4 4 32,128,16.0,6,1.25,91800,1.482421875,0,38,380,64,28,2,0,0,30,9,14,2.1953125,281.0,0.0,True,False
512,4 4 32,128,16.0,6,1.25,92000,1.482421875,0,38,380,64,28,2,0,0,30,9,14,2.1953125,281.0,0.0,True,False
512,4 4 32,128,16.0,6,1.25,92200,1.48046875,0,32,390,66,22,2,0,0,24,11,16,2.203125,282.0,0.0,True,False
512,4 4 32,128,16.0,6,1.25,92400,1.462890625,0,26,402,58,22,4,0,0,26,6,30,2.2734375,291.0,0.0,True,False
512,4 4 32,128,16.0,6,1.25,92600,1.462890625,0,26,402,58,22,4,0,0,26,6,30,2.2734375,291.0,0.0,True,False
512,4 4 32,128,16.0,6,1.25,92800,1.439453125,0,32,398,56,22,4,0,0,26,4,30,2.3671875,303.0,0.0,True,False
512,4 4 32,128,16.0,6,1.25,93000,1.439453125,0,32,398,56,22,4,0,0,26,4,30,2.3671875,303.0,0.0,True,False
512,4 4 32,128,16.0,6,1.25,93200,1.439453125,0,32,398,56,22,4,0,0,26,4,30,2.3671875,303.0,0.0,True,False
512,4 4 32,128,16.0,6,1.25,93400,1.439453125,0,32,398,56,22,4,0,0,26,4,30,2.3671875,303.0,0.0,True,False
512,4 4 32,128,16.0,6,1.25,93600,1.4296875,0,38,398,56,18,2,0,0,20,5,16,2.40625,308.0,0.0,True,False
512,4 4 32,128,16.0,6,1.25,93800,1.45703125,0,38,386,64,22,2,0,0,24,9,16,2.296875,294.0,0.0,True,False
512,4 4 32,128,16.0,6,1.25,94000,1.45703125,0,38,386,64,22,2,0,0,24,9,16,2.296875,294.0,0.0,True,False
512,4 4 32,128,16.0,6,1.25,94200,1.494140625,0,30,390,65,24,3,0,0,27,13,16,2.1484375,275.0,0.0,True,False
512,4 4 32,128,16.0,6,1.25,94400,1.48046875,0,32,390,66,22,2,0,0,24,11,16,2.203125,282.0,0.0,True,False
512,4 4 32,128,16.0,6,1.25,94600,1.453125,0,32,402,58,18,2,0,0,20,7,16,2.3125,296.0,0.0,True,False
512,4 4 32,128,16.0,6,1.25,94800,1.49609375,0,28,390,66,26,2,0,0,28,11,16,2.140625,274.0,0.0,True,False
512,4 4 32,128,16.0,6,1.25,95000,1.521484375,0,28,384,66,32,2,0,0,34,10,16,2.0390625,261.0,0.0,True,False
512,4 4 32,128,16.0,6,1.25,95200,1.521484375,0,28,384,66,32,2,0,0,34,10,16,2.0390625,261.0,0.0,True,False
512,4 4 32,128,16.0,6,1.25,95400,1.494140625,0,28,396,58,28,2,0,0,30,9,16,2.1484375,275.0,0.0,True,False
512,4 4 32,128,16.0,6,1.25,95600,1.525390625,0,21,392,64,32,3,0,0,35,13,16,2.0234375,259.0,0.0,True,False
512,4 4 32,128,16.0,6,1.25,95800,1.525390625,0,21,392,64,32,3,0,0,35,13,16,2.0234375,259.0,0.0,True,False
512,4 4 32,128,16.0,6,1.25,96000,1.525390625,0,21,392,64,32,3,0,0,35,13,16,2.0234375,259.0,0.0,True,False
512,4 4 32,128,16.0,6,1.25,96200,1.525390625,0,21,392,64,32,3,0,0,35,13,16,2.0234375,259.0,0.0,True,False
512,4 4 32,128,16.0,6,1.25,96400,1.509765625,0,24,393,65,27,3,0,0,30,12,16,2.0859375,267.0,0.0,True,False
512,4 4 32,128,16.0,6,1.25,96600,1.5078125,0,24,391,73,21,3,0,0,24,10,22,2.09375,268.0,0.0,True,False
512,4 4 32,128,16.0,6,1.25,96800,1.5078125,0,24,391,73,21,3,0,0,24,10,22,2.09375,268.0,0.0,True,False
512,4 4 32,128,16.0,6,1.25,97000,1.5078125,0,24,391,73,21,3,0,0,24,10,22,2.09375,268.0,0.0,True,False
512,4 4 32,128,16.0,6,1.25,97200,1.5078125,0,24,391,73,21,3,0,0,24,10,22,2.09375,268.0,0.0,True,False
512,4 4 32,128,16.0,6,1.25,97400,1.5078125,0,24,391,73,21,3,0,0,24,10,22,2.09375,268.0,0.0,True,False
512,4 4 32,128,16.0,6,1.25,97600,1.453125,0,38,390,64,18,2,0,0,20,5,22,2.3125,296.0,0.0,True,False
512,4 4 32,128,16.0,6,1.25,97800,1.453125,0,38,390,64,18,2,0,0,20,5,22,2.3125,296.0,0.0,True,False
512,4 4 32,128,16.0,6,1.25,98000,1.453125,0,38,390,64,18,2,0,0,20,5,22,2.3125,296.0,0.0,True,False
512,4 4 32,128,16.0,6,1.25,98200,1.498046875,0,34,389,67,20,1,1,0,22,8,24,2.1328125,273.0,0.0,True,False
512,4 4 32,128,16.0,6,1.25,98400,1.484375,0,36,389,68,18,0,1,0,19,6,24,2.1875,280.0,0.0,True,False
512,4 4 32,128,16.0,6,1.25,98600,1.484375,0,36,389,68,18,0,1,0,19,6,24,2.1875,280.0,0.0,True,False
512,4 4 32,128,16.0,6,1.25,98800,1.4765625,0,34,392,64,20,2,0,0,22,5,24,2.21875,284.0,0.0,True,False
512,4 4 32,128,16.0,6,1.25,99000,1.4765625,0,34,392,64,20,2,0,0,22,5,24,2.21875,284.0,0.0,True,False
512,4 4 32,128,16.0,6,1.25,99200,1.4765625,0,34,392,64,20,2,0,0,22,5,24,2.21875,284.0,0.0,True,False
512,4 4 32,128,16.0,6,1.25,99400,1.4765625,0,34,392,64,20,2,0,0,22,5,24,2.21875,284.0,0.0,True,False
512,4 4 32,128,16.0,6,1.25,99600,1.4765625,0,34,392,64,20,2,0,0,22,5,24,2.21875,284.0,0.0,True,False
512,4 4 32,128,16.0,6,1.25,99800,1.453125,0,38,390,64,18,2,0,0,20,5,22,2.3125,296.0,0.0,True,False
512,4 4 32,128,16.0,6,1.25,100000,1.48046875,0,38,378,72,22,2,0,0,24,8,22,2.203125,282.0,0.0,True,True
512,4 4 32,128,16.0,7,1.25,0,2.0,0,512,0,0,0,0,0,0,0,0,0,0.125,16.0,0.0,False,False
512,4 4 32,128,16.0,7,1.25,200,2.03125,0,496,12,0,4,0,0,0,4,0,0,0.0,0.0,0.0,True,False
512,4 4 32,128,16.0,7,1.25,400,2.03125,0,496,12,0,4,0,0,0,4,0,0,0.0,0.0,0.0,True,False
512,4 4 32,128,16.0,7,1.25,600,2.03125,0,496,12,0,4,0,0,0,4,0,0,0.0,0.0,0.0,True,False
512,4 4 32,128,16.0,7,1.25,800,2.03125,0,496,12,0,4,0,0,0,4,0,0,0.0,0.0,0.0,True,False
512,4 4 32,128,16.0,7,1.25,1000,2.03125,0,496,12,0,4,0,0,0,4,0,0,0.0,0.0,0.0,True,False
512,4 4 32,128,16.0,7,1.25,1200,2.0234375,0,480,24,4,0,4,0,0,4,2,2,0.03125,4.0,0.0,True,False
512,4 4 32,128,16.0,7,1.25,1400,2.015625,0,464,36,4,4,4,0,0,8,2,2,0.0625,8.0,0.0,True,False
512,4 4 32,128,16.0,7,1.25,1600,2.015625,0,464,36,4,4,4,0,0,8,2,2,0.0625,8.0,0.0,True,False
512,4 4 32,128,16.0,7,1.25,1800,2.015625,0,464,36,4,4,4,0,0,8,2,2,0.0625,8.0,0.0,True,False
512,4 4 32,128,16.0,7,1.25,2000,2.0,0,432,60,4,12,4,0,0,16,2,2,0.125,16.0,0.0,True,False
512,4 4 32,128,16.0,7,1.25,2200,2.0,0,432,60,4,12,4,0,0,16,2,2,0.125,16.0,0.0,True,False
512,4 4 32,128,16.0,7,1.25,2400,2.0,0,432,60,4,12,4,0,0,16,2,2,0.125,16.0,0.0,True,False
512,4 4 32,128,16.0,7,1.25,2600,1.9921875,0,416,72,4,16,4,0,0,20,2,2,0.15625,20.0,0.0,True,False
512,4 4 32,128,16.0,7,1.25,2800,1.984375,0,400,84,4,20,4,0,0,24,2,2,0.1875,24.0,0.0,True,False
512,4 4 32,128,16.0,7,1.25,3000,1.984375,0,400,84,4,20,4,0,0,24,2,2,0.1875,24.0,0.0,True,False
512,4 4 32,128,16.0,7,1.25,3200,1.984375,0,400,84,4,20,4,0,0,24,2,2,0.1875,24.0,0.0,True,False
512,4 4 32,128,16.0,7,1.25,3400,1.984375,0,400,84,4,20,4,0,0,24,2,2,0.1875,24.0,0.0,True,False
512,4 4 32,128,16.0,7,1.25,3600,1.984375,0,400,84,4,20,4,0,0,24,2,2,0.1875,24.0,0.0,True,False
512,4 4 32,128,16.0,7,1.25,3800,1.984375,0,400,84,4,20,4,0,0,24,2,2,0.1875,24.0,0.0,True,False
512,4 4 32,128,16.0,7,1.25,4000,1.984375,0,400,84,4,20,4,0,0,24,2,2,0.1875,24.0,0.0,True,False
512,4 4 32,128,16.0,7,1.25,4200,1.984375,0,400,84,4,20,4,0,0,24,2,2,0.1875,24.0,0.0,True,False
512,4 4 32,128,16.0,7,1.25,4400,1.984375,0,400,84,4,20,4,0,0,24,2,2,0.1875,24.0,0.0,True,False
512,4 4 32,128,16.0,7,1.25,4600,1.984375,0,400,84,4,20,4,0,0,24,2,2,0.1875,24.0,0.0,True,False
512,4 4 32,128,16.0,7,1.25,4800,1.984375,0,400,84,4,20,4,0,0,24,2,2,0.1875,24.0,0.0,True,False
512,4 4 32,128,16.0,7,1.25,5000,1.984375,0,400,84,4,20,4,0,0,24,2,2,0.1875,24.0,0.0,True,False
512,4 4 32,128,16.0,7,1.25,5200,1.9765625,0,384,96,4,24,4,0,0,28,2,2,0.21875,28.0,0.0,True,False
512,4 4 32,128,16.0,7,1.25,5400,1.9765625,0,384,96,4,24,4,0,0,28,2,2,0.21875,28.0,0.0,True,False
512,4 4 32,128,16.0,7,1.25,5600,1.9765625,0,384,96,4,24,4,0,0,28,2,2,0.21875,28.0,0.0,True,False
512,4 4 32,128,16.0,7,1.25,5800,1.96875,0,368,108,4,28,4,0,0,32,2,2,0.25,32.0,0.0,True,False
512,4 4 32,128,16.0,7,1.25,6000,1.96875,0,368,108,4,28,4,0,0,32,2,2,0.25,32.0,0.0,True,False
512,4 4 32,128,16.0,7,1.25,6200,1.953125,0,336,132,4,36,4,0,0,40,2,2,0.3125,40.0,0.0,True,False
512,4 4 32,128,16.0,7,1.25,6400,1.953125,0,336,132,4,36,4,0,0,40,2,2,0.3125,40.0,0.0,True,False
512,4 4 32,128,16.0,7,1.25,6600,1.953125,0,336,132,4,36,4,0,0,40,2,2,0.3125,40.0,0.0,True,False
512,4 4 32,128,16.0,7,1.25,6800,1.953125,0,336,132,4,36,4,0,0,40,2,2,0.3125,40.0,0.0,True,False
512,4 4 32,128,16.0,7,1.25,7000,1.953125,0,336,132,4,36,4,0,0,40,2,2,0.3125,40.0,0.0,True,False
512,4 4 32,128,16.0,7,1.25,7200,1.9375,0,304,156,4,44,4,0,0,48,2,2,0.375,48.0,0.0,True,False
512,4 4 32,128,16.0,7,1.25,7400,1.9375,0,304,156,4,44,4,0,0,48,2,2,0.375,48.0,0.0,True,False
512,4 4 32,128,16.0,7,1.25,7600,1.9375,0,304,156,4,44,4,0,0,48,2,2,0.375,48.0,0.0,True,False
512,4 4 32,128,16.0,7,1.25,7800,1.9375,0,304,156,4,44,4,0,0,48,2,2,0.375,48.0,0.0,True,False
512,4 4 32,128,16.0,7,1.25,8000,1.9375,0,304,156,4,44,4,0,0,48,2,2,0.375,48.0,0.0,True,False
512,4 4 32,128,16.0,7,1.25,8200,1.9375,0,304,156,4,44,4,0,0,48,2,2,0.375,48.0,0.0,True,False
512,4 4 32,128,16.0,7,1.25,8400,1.9375,0,304,156,4,44,4,0,0,48,2,2,0.375,48.0,0.0,True,False
512,4 4 32,128,16.0,7,1.25,8600,1.9375,0,304,156,4,44,4,0,0,48,2,2,0.375,48.0,0.0,True,False
512,4 4 32,128,16.0,7,1.25,8800,1.9375,0,304,156,4,44,4,0,0,48,2,2,0.375,48.0,0.0,True,False
512,4 4 32,128,16.0,7,1.25,9000,1.9296875,0,288,168,4,48,4,0,0,52,2,2,0.40625,52.0,0.0,True,False
512,4 4 32,128,16.0,7,1.25,9200,1.9296875,0,288,168,4,48,4,0,0,52,2,2,0.40625,52.0,0.0,True,False
512,4 4 32,128,16.0,7,1.25,9400,1.9296875,0,288,168,4,48,4,0,0,52,2,2,0.40625,52.0,0.0,True,False
512,4 4 32,128,16.0,7,1.25,9600,1.9296875,0,288,168,4,48,4,0,0,52,2,2,0.40625,52.0,0.0,True,False
512,4 4 32,128,16.0,7,1.25,9800,1.9296875,0,288,168,4,48,4,0,0,52,2,2,0.40625,52.0,0.0,True,False
512,4 4 32,128,16.0,7,1.25,10000,1.9296875,0,288,168,4,48,4,0,0,52,2,2,0.40625,52.0,0.0,True,False
512,4 4 32,128,16.0,7,1.25,10200,1.9296875,0,288,168,4,48,4,0,0,52,2,2,0.40625,52.0,0.0,True,False
512,4 4 32,128,16.0,7,1.25,10400,1.9296875,0,288,168,4,48,4,0,0,52,2,2,0.40625,52.0,0.0,True,False
512,4 4 32,128,16.0,7,1.25,10600,1.9296875,0,288,168,4,48,4,0,0,52,2,2,0.40625,52.0,0.0,True,False
512,4 4 32,128,16.0,7,1.25,10800,1.9296875,0,288,168,4,48,4,0,0,52,2,2,0.40625,52.0,0.0,True,False
512,4 4 32,128,16.0,7,1.25,11000,1.9296875,0,288,168,4,48,4,0,0,52,2,2,0.40625,52.0,0.0,True,False
512,4 4 32,128,16.0,7,1.25,11200,1.9296875,0,288,168,4,48,4,0,0,52,2,2,0.40625,52.0,0.0,True,False
512,4 4 32,128,16.0,7,1.25,11400,1.9296875,0,288,168,4,48,4,0,0,52,2,2,0.40625,52.0,0.0,True,False
512,4 4 32,128,16.0,7,1.25,11600,1.9296875,0,288,168,4,48,4,0,0,52,2,2,0.40625,52.0,0.0,True,False
512,4 4 32,128,16.0,7,1.25,11800,1.9296875,0,288,168,4,48,4,0,0,52,2,2,0.40625,52.0,0.0,True,False
512,4 4 32,128,16.0,7,1.25,12000,1.921875,0,272,180,4,52,4,0,0,56,2,2,0.4375,56.0,0.0,True,False
512,4 4 32,128,16.0,7,1.25,12200,1.921875,0,272,180,4,52,4,0,0,56,2,2,0.4375,56.0,0.0,True,False
512,4 4 32,128,16.0,7,1.25,12400,1.921875,0,272,180,4,52,4,0,0,56,2,2,0.4375,56.0,0.0,True,False
512,4 4 32,128,16.0,7,1.25,12600,1.919921875,0,262,184,6,60,0,0,0,60,3,2,0.4453125,57.0,0.0,True,False
512,4 4 32,128,16.0,7,1.25,12800,1.919921875,0,262,184,6,60,0,0,0,60,3,2,0.4453125,57.0,0.0,True,False
512,4 4 32,128,16.0,7,1.25,13000,1.919921875,0,262,184,6,60,0,0,0,60,3,2,0.4453125,57.0,0.0,True,False
512,4 4 32,128,16.0,7,1.25,13200,1.919921875,0,262,184,6,60,0,0,0,60,3,2,0.4453125,57.0,0.0,True,False
512,4 4 32,128,16.0,7,1.25,13400,1.919921875,0,262,184,6,60,0,0,0,60,3,2,0.4453125,57.0,0.0,True,False
512,4 4 32,128,16.0,7,1.25,13600,1.919921875,0,262,184,6,60,0,0,0,60,3,2,0.4453125,57.0,0.0,True,False
512,4 4 32,128,16.0,7,1.25,13800,1.91796875,0,252,188,12,60,0,0,0,60,6,2,0.453125,58.0,0.0,True,False
512,4 4 32,128,16.0,7,1.25,14000,1.91796875,0,252,188,12,60,0,0,0,60,6,2,0.453125,58.0,0.0,True,False
512,4 4 32,128,16.0,7,1.25,14200,1.91796875,0,252,188,12,60,0,0,0,60,6,2,0.453125,58.0,0.0,True,False
512,4 4 32,128,16.0,7,1.25,14400,1.91796875,0,252,188,12,60,0,0,0,60,6,2,0.453125,58.0,0.0,True,False
512,4 4 32,128,16.0,7,1.25,14600,1.91796875,0,252,188,12,60,0,0,0,60,6,2,0.453125,58.0,0.0,True,False
512,4 4 32,128,16.0,7,1.25,14800,1.91796875,0,252,188,12,60,0,0,0,60,6,2,0.453125,58.0,0.0,True,False
512,4 4 32,128,16.0,7,1.25,15000,1.91796875,0,252,188,12,60,0,0,0,60,6,2,0.453125,58.0,0.0,True,False
512,4 4 32,128,16.0,7,1.25,15200,1.91796875,0,252,188,12,60,0,0,0,60,6,2,0.453125,58.0,0.0,True,False
512,4 4 32,128,16.0,7,1.25,15400,1.91796875,0,252,188,12,60,0,0,0,60,6,2,0.453125,58.0,0.0,True,False
512,4 4 32,128,16.0,7,1.25,15600,1.91796875,0,252,188,12,60,0,0,0,60,6,2,0.453125,58.0,0.0,True,False
512,4 4 32,128,16.0,7,1.25,15800,1.91796875,0,252,188,12,60,0,0,0,60,6,2,0.453125,58.0,0.0,True,False
512,4 4 32,128,16.0,7,1.25,16000,1.91796875,0,252,188,12,60,0,0,0,60,6,2,0.453125,58.0,0.0,True,False
512,4 4 32,128,16.0,7,1.25,16200,1.91796875,0,252,188,12,60,0,0,0,60,6,2,0.453125,58.0,0.0,True,False
512,4 4 32,128,16.0,7,1.25,16400,1.91796875,0,252,188,12,60,0,0,0,60,6,2,0.453125,58.0,0.0,True,False
512,4 4 32,128,16.0,7,1.25,16600,1.91796875,0,252,188,12,60,0,0,0,60,6,2,0.453125,58.0,0.0,True,False
512,4 4 32,128,16.0,7,1.25,16800,1.91796875,0,252,188,12,60,0,0,0,60,6,2,0.453125,58.0,0.0,True,False
512,4 4 32,128,16.0,7,1.25,17000,1.91796875,0,252,188,12,60,0,0,0,60,6,2,0.453125,58.0,0.0,True,False
512,4 4 32,128,16.0,7,1.25,17200,1.91796875,0,252,188,12,60,0,0,0,60,6,2,0.453125,58.0,0.0,True,False
512,4 4 32,128,16.0,7,1.25,17400,1.91796875,0,252,188,12,60,0,0,0,60,6,2,0.453125,58.0,0.0,True,False
512,4 4 32,128,16.0,7,1.25,17600,1.91796875,0,252,188,12,60,0,0,0,60,6,2,0.453125,58.0,0.0,True,False
512,4 4 32,128,16.0,7,1.25,17800,1.91796875,0,252,188,12,60,0,0,0,60,6,2,0.453125,58.0,0.0,True,False
512,4 4 32,128,16.0,7,1.25,18000,1.91796875,0,252,188,12,60,0,0,0,60,6,2,0.453125,58.0,0.0,True,False
512,4 4 32,128,16.0,7,1.25,18200,1.91796875,0,252,188,12,60,0,0,0,60,6,2,0.453125,58.0,0.0,True,False
512,4 4 32,128,16.0,7,1.25,18400,1.91796875,0,252,188,12,60,0,0,0,60,6,2,0.453125,58.0,0.0,True,False
512,4 4 32,128,16.0,7,1.25,18600,1.91796875,0,252,188,12,60,0,0,0,60,6,2,0.453125,58.0,0.0,True,False
512,4 4 32,128,16.0,7,1.25,18800,1.91796875,0,252,188,12,60,0,0,0,60,6,2,0.453125,58.0,0.0,True,False
512,4 4 32,128,16.0,7,1.25,19000,1.919921875,0,262,184,6,60,0,0,0,60,3,2,0.4453125,57.0,0.0,True,False
512,4 4 32,128,16.0,7,1.25,19200,1.919921875,0,262,184,6,60,0,0,0,60,3,2,0.4453125,57.0,0.0,True,False
512,4 4 32,128,16.0,7,1.25,19400,1.919921875,0,262,184,6,60,0,0,0,60,3,2,0.4453125,57.0,0.0,True,False
512,4 4 32,128,16.0,7,1.25,19600,1.919921875,0,262,184,6,60,0,0,0,60,3,2,0.4453125,57.0,0.0,True,False
512,4 4 32,128,16.0,7,1.25,19800,1.923828125,0,258,186,8,58,2,0,0,60,4,2,0.4296875,55.0,0.0,True,False
512,4 4 32,128,16.0,7,1.25,20000,1.91796875,0,252,188,12,60,0,0,0,60,6,2,0.453125,58.0,0.0,True,False
512,4 4 32,128,16.0,7,1.25,20200,1.91796875,0,252,188,12,60,0,0,0,60,6,2,0.453125,58.0,0.0,True,False
512,4 4 32,128,16.0,7,1.25,20400,1.921875,0,248,188,16,60,0,0,0,60,5,8,0.4375,56.0,0.0,True,False
512,4 4 32,128,16.0,7,1.25,20600,1.8984375,0,252,188,12,60,0,0,0,60,8,2,0.53125,68.0,0.0,True,False
512,4 4 32,128,16.0,7,1.25,20800,1.890625,0,240,192,20,56,4,0,0,60,6,6,0.5625,72.0,0.0,True,False
512,4 4 32,128,16.0,7,1.25,21000,1.8828125,0,228,196,24,60,4,0,0,64,5,9,0.59375,76.0,0.0,True,False
512,4 4 32,128,16.0,7,1.25,21200,1.8828125,0,228,196,24,60,4,0,0,64,5,9,0.59375,76.0,0.0,True,False
512,4 4 32,128,16.0,7,1.25,21400,1.8828125,0,228,196,24,60,4,0,0,64,5,9,0.59375,76.0,0.0,True,False
512,4 4 32,128,16.0,7,1.25,21600,1.8828125,0,228,196,24,60,4,0,0,64,5,9,0.59375,76.0,0.0,True,False
512,4 4 32,128,16.0,7,1.25,21800,1.8828125,0,228,196,24,60,4,0,0,64,5,9,0.59375,76.0,0.0,True,False
512,4 4 32,128,16.0,7,1.25,22000,1.8828125,0,228,196,24,60,4,0,0,64,5,9,0.59375,76.0,0.0,True,False
512,4 4 32,128,16.0,7,1.25,22200,1.8828125,0,228,196,24,60,4,0,0,64,5,9,0.59375,76.0,0.0,True,False
512,4 4 32,128,16.0,7,1.25,22400,1.8828125,0,228,196,24,60,4,0,0,64,5,9,0.59375,76.0,0.0,True,False
512,4 4 32,128,16.0,7,1.25,22600,1.8828125,0,228,196,24,60,4,0,0,64,5,9,0.59375,76.0,0.0,True,False
512,4 4 32,128,16.0,7,1.25,22800,1.8828125,0,228,196,24,60,4,0,0,64,5,9,0.59375,76.0,0.0,True,False
512,4 4 32,128,16.0,7,1.25,23000,1.8828125,0,228,196,24,60,4,0,0,64,5,9,0.59375,76.0,0.0,True,False
512,4 4 32,128,16.0,7,1.25,23200,1.8828125,0,228,196,24,60,4,0,0,64,5,9,0.59375,76.0,0.0,True,False
512,4 4 32,128,16.0,7,1.25,23400,1.8828125,0,228,196,24,60,4,0,0,64,5,9,0.59375,76.0,0.0,True,False
512,4 4 32,128,16.0,7,1.25,23600,1.8828125,0,228,196,24,60,4,0,0,64,5,9,0.59375,76.0,0.0,True,False
512,4 4 32,128,16.0,7,1.25,23800,1.8828125,0,228,196,24,60,4,0,0,64,5,9,0.59375,76.0,0.0,True,False
512,4 4 32,128,16.0,7,1.25,24000,1.8828125,0,228,196,24,60,4,0,0,64,5,9,0.59375,76.0,0.0,True,False
512,4 4 32,128,16.0,7,1.25,24200,1.8828125,0,228,196,24,60,4,0,0,64,5,9,0.59375,76.0,0.0,True,False
512,4 4 32,128,16.0,7,1.25,24400,1.8828125,0,228,196,24,60,4,0,0,64,5,9,0.59375,76.0,0.0,True,False
512,4 4 32,128,16.0,7,1.25,24600,1.8828125,0,228,196,24,60,4,0,0,64,5,9,0.59375,76.0,0.0,True,False
512,4 4 32,128,16.0,7,1.25,24800,1.8828125,0,228,196,24,60,4,0,0,64,5,9,0.59375,76.0,0.0,True,False
512,4 4 32,128,16.0,7,1.25,25000,1.8828125,0,228,196,24,60,4,0,0,64,5,9,0.59375,76.0,0.0,True,False
512,4 4 32,128,16.0,7,1.25,25200,1.8828125,0,228,196,24,60,4,0,0,64,5,9,0.59375,76.0,0.0,True,False
512,4 4 32,128,16.0,7,1.25,25400,1.8828125,0,228,196,24,60,4,0,0,64,5,9,0.59375,76.0,0.0,True,False
512,4 4 32,128,16.0,7,1.25,25600,1.8828125,0,228,196,24,60,4,0,0,64,5,9,0.59375,76.0,0.0,True,False
512,4 4 32,128,16.0,7,1.25,25800,1.8828125,0,228,196,24,60,4,0,0,64,5,9,0.59375,76.0,0.0,True,False
512,4 4 32,128,16.0,7,1.25,26000,1.8828125,0,228,196,24,60,4,0,0,64,5,9,0.59375,76.0,0.0,True,False
512,4 4 32,128,16.0,7,1.25,26200,1.8828125,0,228,196,24,60,4,0,0,64,5,9,0.59375,76.0,0.0,True,False
512,4 4 32,128,16.0,7,1.25,26400,1.8828125,0,228,196,24,60,4,0,0,64,5,9,0.59375,76.0,0.0,True,False
512,4 4 32,128,16.0,7,1.25,26600,1.8828125,0,228,196,24,60,4,0,0,64,5,9,0.59375,76.0,0.0,True,False
512,4 4 32,128,16.0,7,1.25,26800,1.8828125,0,228,196,24,60,4,0,0,64,5,9,0.59375,76.0,0.0,True,False
512,4 4 32,128,16.0,7,1.25,27000,1.8828125,0,228,196,24,60,4,0,0,64,5,9,0.59375,76.0,0.0,True,False
512,4 4 32,128,16.0,7,1.25,27200,1.8828125,0,228,196,24,60,4,0,0,64,5,9,0.59375,76.0,0.0,True,False
512,4 4 32,128,16.0,7,1.25,27400,1.8828125,0,228,196,24,60,4,0,0,64,5,9,0.59375,76.0,0.0,True,False
512,4 4 32,128,16.0,7,1.25,27600,1.8828125,0,228,196,24,60,4,0,0,64,5,9,0.59375,76.0,0.0,True,False
512,4 4 32,128,16.0,7,1.25,27800,1.8828125,0,228,196,24,60,4,0,0,64,5,9,0.59375,76.0,0.0,True,False
512,4 4 32,128,16.0,7,1.25,28000,1.8828125,0,228,196,24,60,4,0,0,64,5,9,0.59375,76.0,0.0,True,False
512,4 4 32,128,16.0,7,1.25,28200,1.8828125,0,228,196,24,60,4,0,0,64,5,9,0.59375,76.0,0.0,True,False
512,4 4 32,128,16.0,7,1.25,28400,1.8828125,0,228,196,24,60,4,0,0,64,5,9,0.59375,76.0,0.0,True,False
512,4 4 32,128,16.0,7,1.25,28600,1.8828125,0,228,196,24,60,4,0,0,64,5,9,0.59375,76.0,0.0,True,False
512,4 4 32,128,16.0,7,1.25,28800,1.8828125,0,228,196,24,60,4,0,0,64,5,9,0.59375,76.0,0.0,True,False
512,4 4 32,128,16.0,7,1.25,29000,1.8828125,0,228,196,24,60,4,0,0,64,5,9,0.59375,76.0,0.0,True,False
512,4 4 32,128,16.0,7,1.25,29200,1.8828125,0,228,196,24,60,4,0,0,64,5,9,0.59375,76.0,0.0,True,False
512,4 4 32,128,16.0,7,1.25,29400,1.8828125,0,228,196,24,60,4,0,0,64,5,9,0.59375,76.0,0.0,True,False
512,4 4 32,128,16.0,7,1.25,29600,1.8828125,0,228,196,24,60,4,0,0,64,5,9,0.59375,76.0,0.0,True,False
512,4 4 32,128,16.0,7,1.25,29800,1.8828125,0,228,196,24,60,4,0,0,64,5,9,0.59375,76.0,0.0,True,False
512,4 4 32,128,16.0,7,1.25,30000,1.8828125,0,228,196,24,60,4,0,0,64,5,9,0.59375,76.0,0.0,True,False
512,4 4 32,128,16.0,7,1.25,30200,1.8828125,0,228,196,24,60,4,0,0,64,5,9,0.59375,76.0,0.0,True,False
512,4 4 32,128,16.0,7,1.25,30400,1.8828125,0,228,196,24,60,4,0,0,64,5,9,0.59375,76.0,0.0,True,False
512,4 4 32,128,16.0,7,1.25,30600,1.8828125,0,228,196,24,60,4,0,0,64,5,9,0.59375,76.0,0.0,True,False
512,4 4 32,128,16.0,7,1.25,30800,1.8828125,0,228,196,24,60,4,0,0,64,5,9,0.59375,76.0,0.0,True,False
512,4 4 32,128,16.0,7,1.25,31000,1.8828125,0,228,196,24,60,4,0,0,64,5,9,0.59375,76.0,0.0,True,False
512,4 4 32,128,16.0,7,1.25,31200,1.8828125,0,228,196,24,60,4,0,0,64,5,9,0.59375,76.0,0.0,True,False
512,4 4 32,128,16.0,7,1.25,31400,1.8828125,0,228,196,24,60,4,0,0,64,5,9,0.59375,76.0,0.0,True,False
512,4 4 32,128,16.0,7,1.25,31600,1.8828125,0,228,196,24,60,4,0,0,64,5,9,0.59375,76.0,0.0,True,False
512,4 4 32,128,16.0,7,1.25,31800,1.8828125,0,228,196,24,60,4,0,0,64,5,9,0.59375,76.0,0.0,True,False
512,4 4 32,128,16.0,7,1.25,32000,1.8828125,0,228,196,24,60,4,0,0,64,5,9,0.59375,76.0,0.0,True,False
512,4 4 32,128,16.0,7,1.25,32200,1.8828125,0,228,196,24,60,4,0,0,64,5,9,0.59375,76.0,0.0,True,False
512,4 4 32,128,16.0,7,1.25,32400,1.8828125,0,228,196,24,60,4,0,0,64,5,9,0.59375,76.0,0.0,True,False
512,4 4 32,128,16.0,7,1.25,32600,1.8828125,0,228,196,24,60,4,0,0,64,5,9,0.59375,76.0,0.0,True,False
512,4 4 32,128,16.0,7,1.25,32800,1.8828125,0,228,196,24,60,4,0,0,64,5,9,0.59375,76.0,0.0,True,False
512,4 4 32,128,16.0,7,1.25,33000,1.8828125,0,228,196,24,60,4,0,0,64,5,9,0.59375,76.0,0.0,True,False
512,4 4 32,128,16.0,7,1.25,33200,1.8828125,0,228,196,24,60,4,0,0,64,5,9,0.59375,76.0,0.0,True,False
512,4 4 32,128,16.0,7,1.25,33400,1.890625,0,240,192,20,56,4,0,0,60,6,6,0.5625,72.0,0.0,True,False
512,4 4 32,128,16.0,7,1.25,33600,1.890625,0,240,192,20,56,4,0,0,60,6,6,0.5625,72.0,0.0,True,False
512,4 4 32,128,16.0,7,1.25,33800,1.890625,0,240,192,20,56,4,0,0,60,6,6,0.5625,72.0,0.0,True,False
512,4 4 32,128,16.0,7,1.25,34000,1.8828125,0,228,196,24,60,4,0,0,64,5,9,0.59375,76.0,0.0,True,False
512,4 4 32,128,16.0,7,1.25,34200,1.8828125,0,228,196,24,60,4,0,0,64,5,9,0.59375,76.0,0.0,True,False
512,4 4 32,128,16.0,7,1.25,34400,1.8828125,0,228,196,24,60,4,0,0,64,5,9,0.59375,76.0,0.0,True,False
512,4 4 32,128,16.0,7,1.25,34600,1.8828125,0,228,196,24,60,4,0,0,64,5,9,0.59375,76.0,0.0,True,False
512,4 4 32,128,16.0,7,1.25,34800,1.8828125,0,228,196,24,60,4,0,0,64,5,9,0.59375,76.0,0.0,True,False
512,4 4 32,128,16.0,7,1.25,35000,1.8828125,0,228,196,24,60,4,0,0,64,5,9,0.59375,76.0,0.0,True,False
512,4 4 32,128,16.0,7,1.25,35200,1.8828125,0,228,196,24,60,4,0,0,64,5,9,0.59375,76.0,0.0,True,False
512,4 4 32,128,16.0,7,1.25,35400,1.8828125,0,228,196,24,60,4,0,0,64,5,9,0.59375,76.0,0.0,True,False
512,4 4 32,128,16.0,7,1.25,35600,1.8828125,0,228,196,24,60,4,0,0,64,5,9,0.59375,76.0,0.0,True,False
512,4 4 32,128,16.0,7,1.25,35800,1.8828125,0,228,196,24,60,4,0,0,64,5,9,0.59375,76.0,0.0,True,False
512,4 4 32,128,16.0,7,1.25,36000,1.8828125,0,228,196,24,60,4,0,0,64,5,9,0.59375,76.0,0.0,True,False
512,4 4 32,128,16.0,7,1.25,36200,1.8828125,0,228,196,24,60,4,0,0,64,5,9,0.59375,76.0,0.0,True,False
512,4 4 32,128,16.0,7,1.25,36400,1.8828125,0,228,196,24,60,4,0,0,64,5,9,0.59375,76.0,0.0,True,False
512,4 4 32,128,16.0,7,1.25,36600,1.8828125,0,228,196,24,60,4,0,0,64,5,9,0.59375,76.0,0.0,True,False
512,4 4 32,128,16.0,7,1.25,36800,1.8828125,0,228,196,24,60,4,0,0,64,5,9,0.59375,76.0,0.0,True,False
512,4 4 32,128,16.0,7,1.25,37000,1.8828125,0,228,196,24,60,4,0,0,64,5,9,0.59375,76.0,0.0,True,False
512,4 4 32,128,16.0,7,1.25,37200,1.8828125,0,228,196,24,60,4,0,0,64,5,9,0.59375,76.0,0.0,True,False
512,4 4 32,128,16.0,7,1.25,37400,1.8828125,0,228,196,24,60,4,0,0,64,5,9,0.59375,76.0,0.0,True,False
512,4 4 32,128,16.0,7,1.25,37600,1.8828125,0,228,196,24,60,4,0,0,64,5,9,0.59375,76.0,0.0,True,False
512,4 4 32,128,16.0,7,1.25,37800,1.8828125,0,228,196,24,60,4,0,0,64,5,9,0.59375,76.0,0.0,True,False
512,4 4 32,128,16.0,7,1.25,38000,1.8828125,0,228,196,24,60,4,0,0,64,5,9,0.59375,76.0,0.0,True,False
512,4 4 32,128,16.0,7,1.25,38200,1.8828125,0,228,196,24,60,4,0,0,64,5,9,0.59375,76.0,0.0,True,False
512,4 4 32,128,16.0,7,1.25,38400,1.8828125,0,228,196,24,60,4,0,0,64,5,9,0.59375,76.0,0.0,True,False
512,4 4 32,128,16.0,7,1.25,38600,1.8828125,0,228,196,24,60,4,0,0,64,5,9,0.59375,76.0,0.0,True,False
512,4 4 32,128,16.0,7,1.25,38800,1.8828125,0,228,196,24,60,4,0,0,64,5,9,0.59375,76.0,0.0,True,False
512,4 4 32,128,16.0,7,1.25,39000,1.8828125,0,228,196,24,60,4,0,0,64,5,9,0.59375,76.0,0.0,True,False
512,4 4 32,128,16.0,7,1.25,39200,1.8828125,0,228,196,24,60,4,0,0,64,5,9,0.59375,76.0,0.0,True,False
512,4 4 32,128,16.0,7,1.25,39400,1.8828125,0,228,196,24,60,4,0,0,64,5,9,0.59375,76.0,0.0,True,False
512,4 4 32,128,16.0,7,1.25,39600,1.8828125,0,228,196,24,60,4,0,0,64,5,9,0.59375,76.0,0.0,True,False
512,4 4 32,128,16.0,7,1.25,39800,1.8828125,0,228,196,24,60,4,0,0,64,5,9,0.59375,76.0,0.0,True,False
512,4 4 32,128,16.0,7,1.25,40000,1.8828125,0,228,196,24,60,4,0,0,64,5,9,0.59375,76.0,0.0,True,False
512,4 4 32,128,16.0,7,1.25,40200,1.8828125,0,228,196,24,60,4,0,0,64,5,9,0.59375,76.0,0.0,True,False
512,4 4 32,128,16.0,7,1.25,40400,1.8828125,0,228,196,24,60,4,0,0,64,5,9,0.59375,76.0,0.0,True,False
512,4 4 32,128,16.0,7,1.25,40600,1.8828125,0,228,196,24,60,4,0,0,64,5,9,0.59375,76.0,0.0,True,False
512,4 4 32,128,16.0,7,1.25,40800,1.8828125,0,228,196,24,60,4,0,0,64,5,9,0.59375,76.0,0.0,True,False
512,4 4 32,128,16.0,7,1.25,41000,1.8828125,0,228,196,24,60,4,0,0,64,5,9,0.59375,76.0,0.0,True,False
512,4 4 32,128,16.0,7,1.25,41200,1.8828125,0,228,196,24,60,4,0,0,64,5,9,0.59375,76.0,0.0,True,False
512,4 4 32,128,16.0,7,1.25,41400,1.8828125,0,228,196,24,60,4,0,0,64,5,9,0.59375,76.0,0.0,True,False
512,4 4 32,128,16.0,7,1.25,41600,1.8828125,0,228,196,24,60,4,0,0,64,5,9,0.59375,76.0,0.0,True,False
512,4 4 32,128,16.0,7,1.25,41800,1.8828125,0,228,196,24,60,4,0,0,64,5,9,0.59375,76.0,0.0,True,False
512,4 4 32,128,16.0,7,1.25,42000,1.8828125,0,228,196,24,60,4,0,0,64,5,9,0.59375,76.0,0.0,True,False
512,4 4 32,128,16.0,7,1.25,42200,1.8828125,0,228,196,24,60,4,0,0,64,5,9,0.59375,76.0,0.0,True,False
512,4 4 32,128,16.0,7,1.25,42400,1.8828125,0,228,196,24,60,4,0,0,64,5,9,0.59375,76.0,0.0,True,False
512,4 4 32,128,16.0,7,1.25,42600,1.8828125,0,228,196,24,60,4,0,0,64,5,9,0.59375,76.0,0.0,True,False
512,4 4 32,128,16.0,7,1.25,42800,1.8828125,0,228,196,24,60,4,0,0,64,5,9,0.59375,76.0,0.0,True,False
512,4 4 32,128,16.0,7,1.25,43000,1.8828125,0,228,196,24,60,4,0,0,64,5,9,0.59375,76.0,0.0,True,False
512,4 4 32,128,16.0,7,1.25,43200,1.8828125,0,228,196,24,60,4,0,0,64,5,9,0.59375,76.0,0.0,True,False
512,4 4 32,128,16.0,7,1.25,43400,1.8828125,0,228,196,24,60,4,0,0,64,5,9,0.59375,76.0,0.0,True,False
512,4 4 32,128,16.0,7,1.25,43600,1.8828125,0,228,196,24,60,4,0,0,64,5,9,0.59375,76.0,0.0,True,False
512,4 4 32,128,16.0,7,1.25,43800,1.8828125,0,228,196,24,60,4,0,0,64,5,9,0.59375,76.0,0.0,True,False
512,4 4 32,128,16.0,7,1.25,44000,1.8828125,0,228,196,24,60,4,0,0,64,5,9,0.59375,76.0,0.0,True,False
512,4 4 32,128,16.0,7,1.25,44200,1.8828125,0,228,196,24,60,4,0,0,64,5,9,0.59375,76.0,0.0,True,False
512,4 4 32,128,16.0,7,1.25,44400,1.8828125,0,228,196,24,60,4,0,0,64,5,9,0.59375,76.0,0.0,True,False
512,4 4 32,128,16.0,7,1.25,44600,1.8828125,0,228,196,24,60,4,0,0,64,5,9,0.59375,76.0,0.0,True,False
512,4 4 32,128,16.0,7,1.25,44800,1.8828125,0,228,196,24,60,4,0,0,64,5,9,0.59375,76.0,0.0,True,False
512,4 4 32,128,16.0,7,1.25,45000,1.8828125,0,228,196,24,60,4,0,0,64,5,9,0.59375,76.0,0.0,True,False
512,4 4 32,128,16.0,7,1.25,45200,1.8828125,0,228,196,24,60,4,0,0,64,5,9,0.59375,76.0,0.0,True,False
512,4 4 32,128,16.0,7,1.25,45400,1.8828125,0,228,196,24,60,4,0,0,64,5,9,0.59375,76.0,0.0,True,False
512,4 4 32,128,16.0,7,1.25,45600,1.8828125,0,228,196,24,60,4,0,0,64,5,9,0.59375,76.0,0.0,True,False
512,4 4 32,128,16.0,7,1.25,45800,1.8828125,0,228,196,24,60,4,0,0,64,5,9,0.59375,76.0,0.0,True,False
512,4 4 32,128,16.0,7,1.25,46000,1.8828125,0,228,196,24,60,4,0,0,64,5,9,0.59375,76.0,0.0,True,False
512,4 4 32,128,16.0,7,1.25,46200,1.8828125,0,228,196,24,60,4,0,0,64,5,9,0.59375,76.0,0.0,True,False
512,4 4 32,128,16.0,7,1.25,46400,1.8828125,0,228,196,24,60,4,0,0,64,5,9,0.59375,76.0,0.0,True,False
512,4 4 32,128,16.0,7,1.25,46600,1.8828125,0,228,196,24,60,4,0,0,64,5,9,0.59375,76.0,0.0,True,False
512,4 4 32,128,16.0,7,1.25,46800,1.8828125,0,228,196,24,60,4,0,0,64,5,9,0.59375,76.0,0.0,True,False
512,4 4 32,128,16.0,7,1.25,47000,1.8828125,0,228,196,24,60,4,0,0,64,5,9,0.59375,76.0,0.0,True,False
512,4 4 32,128,16.0,7,1.25,47200,1.8828125,0,228,196,24,60,4,0,0,64,5,9,0.59375,76.0,0.0,True,False
512,4 4 32,128,16.0,7,1.25,47400,1.8828125,0,228,196,24,60,4,0,0,64,5,9,0.59375,76.0,0.0,True,False
512,4 4 32,128,16.0,7,1.25,47600,1.8828125,0,228,196,24,60,4,0,0,64,5,9,0.59375,76.0,0.0,True,False
512,4 4 32,128,16.0,7,1.25,47800,1.8828125,0,228,196,24,60,4,0,0,64,5,9,0.59375,76.0,0.0,True,False
512,4 4 32,128,16.0,7,1.25,48000,1.8828125,0,228,196,24,60,4,0,0,64,5,9,0.59375,76.0,0.0,True,False
512,4 4 32,128,16.0,7,1.25,48200,1.8828125,0,228,196,24,60,4,0,0,64,5,9,0.59375,76.0,0.0,True,False
512,4 4 32,128,16.0,7,1.25,48400,1.8828125,0,228,196,24,60,4,0,0,64,5,9,0.59375,76.0,0.0,True,False
512,4 4 32,128,16.0,7,1.25,48600,1.8828125,0,228,196,24,60,4,0,0,64,5,9,0.59375,76.0,0.0,True,False
512,4 4 32,128,16.0,7,1.25,48800,1.8828125,0,228,196,24,60,4,0,0,64,5,9,0.59375,76.0,0.0,True,False
512,4 4 32,128,16.0,7,1.25,49000,1.8828125,0,228,196,24,60,4,0,0,64,5,9,0.59375,76.0,0.0,True,False
512,4 4 32,128,16.0,7,1.25,49200,1.8828125,0,228,196,24,60,4,0,0,64,5,9,0.59375,76.0,0.0,True,False
512,4 4 32,128,16.0,7,1.25,49400,1.8828125,0,228,196,24,60,4,0,0,64,5,9,0.59375,76.0,0.0,True,False
512,4 4 32,128,16.0,7,1.25,49600,1.8828125,0,228,196,24,60,4,0,0,64,5,9,0.59375,76.0,0.0,True,False
512,4 4 32,128,16.0,7,1.25,49800,1.8828125,0,228,196,24,60,4,0,0,64,5,9,0.59375,76.0,0.0,True,False
512,4 4 32,128,16.0,7,1.25,50000,1.8828125,0,228,196,24,60,4,0,0,64,5,9,0.59375,76.0,0.0,True,False
512,4 4 32,128,16.0,7,1.25,50200,1.8828125,0,228,196,24,60,4,0,0,64,5,9,0.59375,76.0,0.0,True,False
512,4 4 32,128,16.0,7,1.25,50400,1.8828125,0,228,196,24,60,4,0,0,64,5,9,0.59375,76.0,0.0,True,False
512,4 4 32,128,16.0,7,1.25,50600,1.8828125,0,228,196,24,60,4,0,0,64,5,9,0.59375,76.0,0.0,True,False
512,4 4 32,128,16.0,7,1.25,50800,1.8828125,0,228,196,24,60,4,0,0,64,5,9,0.59375,76.0,0.0,True,False
512,4 4 32,128,16.0,7,1.25,51000,1.8828125,0,228,196,24,60,4,0,0,64,5,9,0.59375,76.0,0.0,True,False
512,4 4 32,128,16.0,7,1.25,51200,1.8828125,0,228,196,24,60,4,0,0,64,5,9,0.59375,76.0,0.0,True,False
512,4 4 32,128,16.0,7,1.25,51400,1.8828125,0,228,196,24,60,4,0,0,64,5,9,0.59375,76.0,0.0,True,False
512,4 4 32,128,16.0,7,1.25,51600,1.8828125,0,228,196,24,60,4,0,0,64,5,9,0.59375,76.0,0.0,True,False
512,4 4 32,128,16.0,7,1.25,51800,1.8828125,0,228,196,24,60,4,0,0,64,5,9,0.59375,76.0,0.0,True,False
512,4 4 32,128,16.0,7,1.25,52000,1.8828125,0,228,196,24,60,4,0,0,64,5,9,0.59375,76.0,0.0,True,False
512,4 4 32,128,16.0,7,1.25,52200,1.8828125,0,228,196,24,60,4,0,0,64,5,9,0.59375,76.0,0.0,True,False
512,4 4 32,128,16.0,7,1.25,52400,1.8828125,0,228,196,24,60,4,0,0,64,5,9,0.59375,76.0,0.0,True,False
512,4 4 32,128,16.0,7,1.25,52600,1.8828125,0,228,196,24,60,4,0,0,64,5,9,0.59375,76.0,0.0,True,False
512,4 4 32,128,16.0,7,1.25,52800,1.8828125,0,228,196,24,60,4,0,0,64,5,9,0.59375,76.0,0.0,True,False
512,4 4 32,128,16.0,7,1.25,53000,1.8828125,0,228,196,24,60,4,0,0,64,5,9,0.59375,76.0,0.0,True,False
512,4 4 32,128,16.0,7,1.25,53200,1.8828125,0,228,196,24,60,4,0,0,64,5,9,0.59375,76.0,0.0,True,False
512,4 4 32,128,16.0,7,1.25,53400,1.8828125,0,228,196,24,60,4,0,0,64,5,9,0.59375,76.0,0.0,True,False
512,4 4 32,128,16.0,7,1.25,53600,1.8828125,0,228,196,24,60,4,0,0,64,5,9,0.59375,76.0,0.0,True,False
512,4 4 32,128,16.0,7,1.25,53800,1.8828125,0,228,196,24,60,4,0,0,64,5,9,0.59375,76.0,0.0,True,False
512,4 4 32,128,16.0,7,1.25,54000,1.8828125,0,228,196,24,60,4,0,0,64,5,9,0.59375,76.0,0.0,True,False
512,4 4 32,128,16.0,7,1.25,54200,1.8828125,0,228,196,24,60,4,0,0,64,5,9,0.59375,76.0,0.0,True,False
512,4 4 32,128,16.0,7,1.25,54400,1.8828125,0,228,196,24,60,4,0,0,64,5,9,0.59375,76.0,0.0,True,False
512,4 4 32,128,16.0,7,1.25,54600,1.8828125,0,228,196,24,60,4,0,0,64,5,9,0.59375,76.0,0.0,True,False
512,4 4 32,128,16.0,7,1.25,54800,1.8828125,0,228,196,24,60,4,0,0,64,5,9,0.59375,76.0,0.0,True,False
512,4 4 32,128,16.0,7,1.25,55000,1.8828125,0,228,196,24,60,4,0,0,64,5,9,0.59375,76.0,0.0,True,False
512,4 4 32,128,16.0,7,1.25,55200,1.8828125,0,228,196,24,60,4,0,0,64,5,9,0.59375,76.0,0.0,True,False
512,4 4 32,128,16.0,7,1.25,55400,1.8828125,0,228,196,24,60,4,0,0,64,5,9,0.59375,76.0,0.0,True,False
512,4 4 32,128,16.0,7,1.25,55600,1.8828125,0,228,196,24,60,4,0,0,64,5,9,0.59375,76.0,0.0,True,False
512,4 4 32,128,16.0,7,1.25,55800,1.8828125,0,228,196,24,60,4,0,0,64,5,9,0.59375,76.0,0.0,True,False
512,4 4 32,128,16.0,7,1.25,56000,1.8828125,0,228,196,24,60,4,0,0,64,5,9,0.59375,76.0,0.0,True,False
512,4 4 32,128,16.0,7,1.25,56200,1.8828125,0,228,196,24,60,4,0,0,64,5,9,0.59375,76.0,0.0,True,False
512,4 4 32,128,16.0,7,1.25,56400,1.8828125,0,228,196,24,60,4,0,0,64,5,9,0.59375,76.0,0.0,True,False
512,4 4 32,128,16.0,7,1.25,56600,1.8828125,0,228,196,24,60,4,0,0,64,5,9,0.59375,76.0,0.0,True,False
512,4 4 32,128,16.0,7,1.25,56800,1.8828125,0,228,196,24,60,4,0,0,64,5,9,0.59375,76.0,0.0,True,False
512,4 4 32,128,16.0,7,1.25,57000,1.8828125,0,228,196,24,60,4,0,0,64,5,9,0.59375,76.0,0.0,True,False
512,4 4 32,128,16.0,7,1.25,57200,1.8828125,0,228,196,24,60,4,0,0,64,5,9,0.59375,76.0,0.0,True,False
512,4 4 32,128,16.0,7,1.25,57400,1.8828125,0,228,196,24,60,4,0,0,64,5,9,0.59375,76.0,0.0,True,False
512,4 4 32,128,16.0,7,1.25,57600,1.8828125,0,228,196,24,60,4,0,0,64,5,9,0.59375,76.0,0.0,True,False
512,4 4 32,128,16.0,7,1.25,57800,1.8828125,0,228,196,24,60,4,0,0,64,5,9,0.59375,76.0,0.0,True,False
512,4 4 32,128,16.0,7,1.25,58000,1.8828125,0,228,196,24,60,4,0,0,64,5,9,0.59375,76.0,0.0,True,False
512,4 4 32,128,16.0,7,1.25,58200,1.8828125,0,228,196,24,60,4,0,0,64,5,9,0.59375,76.0,0.0,True,False
512,4 4 32,128,16.0,7,1.25,58400,1.8828125,0,228,196,24,60,4,0,0,64,5,9,0.59375,76.0,0.0,True,False
512,4 4 32,128,16.0,7,1.25,58600,1.8828125,0,228,196,24,60,4,0,0,64,5,9,0.59375,76.0,0.0,True,False
512,4 4 32,128,16.0,7,1.25,58800,1.8828125,0,228,196,24,60,4,0,0,64,5,9,0.59375,76.0,0.0,True,False
512,4 4 32,128,16.0,7,1.25,59000,1.8828125,0,228,196,24,60,4,0,0,64,5,9,0.59375,76.0,0.0,True,False
512,4 4 32,128,16.0,7,1.25,59200,1.8828125,0,228,196,24,60,4,0,0,64,5,9,0.59375,76.0,0.0,True,False
512,4 4 32,128,16.0,7,1.25,59400,1.8828125,0,228,196,24,60,4,0,0,64,5,9,0.59375,76.0,0.0,True,False
512,4 4 32,128,16.0,7,1.25,59600,1.8828125,0,228,196,24,60,4,0,0,64,5,9,0.59375,76.0,0.0,True,False
512,4 4 32,128,16.0,7,1.25,59800,1.8828125,0,228,196,24,60,4,0,0,64,5,9,0.59375,76.0,0.0,True,False
512,4 4 32,128,16.0,7,1.25,60000,1.8828125,0,228,196,24,60,4,0,0,64,5,9,0.59375,76.0,0.0,True,False
512,4 4 32,128,16.0,7,1.25,60200,1.8828125,0,228,196,24,60,4,0,0,64,5,9,0.59375,76.0,0.0,True,False
512,4 4 32,128,16.0,7,1.25,60400,1.8828125,0,228,196,24,60,4,0,0,64,5,9,0.59375,76.0,0.0,True,False
512,4 4 32,128,16.0,7,1.25,60600,1.8828125,0,228,196,24,60,4,0,0,64,5,9,0.59375,76.0,0.0,True,False
512,4 4 32,128,16.0,7,1.25,60800,1.8828125,0,228,196,24,60,4,0,0,64,5,9,0.59375,76.0,0.0,True,False
512,4 4 32,128,16.0,7,1.25,61000,1.8828125,0,228,196,24,60,4,0,0,64,5,9,0.59375,76.0,0.0,True,False
512,4 4 32,128,16.0,7,1.25,61200,1.8828125,0,228,196,24,60,4,0,0,64,5,9,0.59375,76.0,0.0,True,False
512,4 4 32,128,16.0,7,1.25,61400,1.8828125,0,228,196,24,60,4,0,0,64,5,9,0.59375,76.0,0.0,True,False
512,4 4 32,128,16.0,7,1.25,61600,1.8828125,0,228,196,24,60,4,0,0,64,5,9,0.59375,76.0,0.0,True,False
512,4 4 32,128,16.0,7,1.25,61800,1.8828125,0,228,196,24,60,4,0,0,64,5,9,0.59375,76.0,0.0,True,False
512,4 4 32,128,16.0,7,1.25,62000,1.8828125,0,228,196,24,60,4,0,0,64,5,9,0.59375,76.0,0.0,True,False
512,4 4 32,128,16.0,7,1.25,62200,1.8828125,0,228,196,24,60,4,0,0,64,5,9,0.59375,76.0,0.0,True,False
512,4 4 32,128,16.0,7,1.25,62400,1.8828125,0,228,196,24,60,4,0,0,64,5,9,0.59375,76.0,0.0,True,False
512,4 4 32,128,16.0,7,1.25,62600,1.8828125,0,228,196,24,60,4,0,0,64,5,9,0.59375,76.0,0.0,True,False
512,4 4 32,128,16.0,7,1.25,62800,1.8828125,0,228,196,24,60,4,0,0,64,5,9,0.59375,76.0,0.0,True,False
512,4 4 32,128,16.0,7,1.25,63000,1.8828125,0,228,196,24,60,4,0,0,64,5,9,0.59375,76.0,0.0,True,False
512,4 4 32,128,16.0,7,1.25,63200,1.8828125,0,228,196,24,60,4,0,0,64,5,9,0.59375,76.0,0.0,True,False
512,4 4 32,128,16.0,7,1.25,63400,1.8828125,0,228,196,24,60,4,0,0,64,5,9,0.59375,76.0,0.0,True,False
512,4 4 32,128,16.0,7,1.25,63600,1.8828125,0,228,196,24,60,4,0,0,64,5,9,0.59375,76.0,0.0,True,False
512,4 4 32,128,16.0,7,1.25,63800,1.8828125,0,228,196,24,60,4,0,0,64,5,9,0.59375,76.0,0.0,True,False
512,4 4 32,128,16.0,7,1.25,64000,1.8828125,0,228,196,24,60,4,0,0,64,5,9,0.59375,76.0,0.0,True,False
512,4 4 32,128,16.0,7,1.25,64200,1.8828125,0,228,196,24,60,4,0,0,64,5,9,0.59375,76.0,0.0,True,False
512,4 4 32,128,16.0,7,1.25,64400,1.8828125,0,228,196,24,60,4,0,0,64,5,9,0.59375,76.0,0.0,True,False
512,4 4 32,128,16.0,7,1.25,64600,1.8828125,0,228,196,24,60,4,0,0,64,5,9,0.59375,76.0,0.0,True,False
512,4 4 32,128,16.0,7,1.25,64800,1.8828125,0,228,196,24,60,4,0,0,64,5,9,0.59375,76.0,0.0,True,False
512,4 4 32,128,16.0,7,1.25,65000,1.8828125,0,228,196,24,60,4,0,0,64,5,9,0.59375,76.0,0.0,True,False
512,4 4 32,128,16.0,7,1.25,65200,1.8828125,0,228,196,24,60,4,0,0,64,5,9,0.59375,76.0,0.0,True,False
512,4 4 32,128,16.0,7,1.25,65400,1.8828125,0,228,196,24,60,4,0,0,64,5,9,0.59375,76.0,0.0,True,False
512,4 4 32,128,16.0,7,1.25,65600,1.8828125,0,228,196,24,60,4,0,0,64,5,9,0.59375,76.0,0.0,True,False
512,4 4 32,128,16.0,7,1.25,65800,1.8828125,0,228,196,24,60,4,0,0,64,5,9,0.59375,76.0,0.0,True,False
512,4 4 32,128,16.0,7,1.25,66000,1.8828125,0,228,196,24,60,4,0,0,64,5,9,0.59375,76.0,0.0,True,False
512,4 4 32,128,16.0,7,1.25,66200,1.8828125,0,228,196,24,60,4,0,0,64,5,9,0.59375,76.0,0.0,True,False
512,4 4 32,128,16.0,7,1.25,66400,1.8828125,0,228,196,24,60,4,0,0,64,5,9,0.59375,76.0,0.0,True,False
512,4 4 32,128,16.0,7,1.25,66600,1.8828125,0,228,196,24,60,4,0,0,64,5,9,0.59375,76.0,0.0,True,False
512,4 4 32,128,16.0,7,1.25,66800,1.890625,0,240,192,20,56,4,0,0,60,6,6,0.5625,72.0,0.0,True,False
512,4 4 32,128,16.0,7,1.25,67000,1.890625,0,240,192,20,56,4,0,0,60,6,6,0.5625,72.0,0.0,True,False
512,4 4 32,128,16.0,7,1.25,67200,1.890625,0,240,192,20,56,4,0,0,60,6,6,0.5625,72.0,0.0,True,False
512,4 4 32,128,16.0,7,1.25,67400,1.890625,0,240,192,20,56,4,0,0,60,6,6,0.5625,72.0,0.0,True,False
512,4 4 32,128,16.0,7,1.25,67600,1.890625,0,240,192,20,56,4,0,0,60,6,6,0.5625,72.0,0.0,True,False
512,4 4 32,128,16.0,7,1.25,67800,1.890625,0,240,192,20,56,4,0,0,60,6,6,0.5625,72.0,0.0,True,False
512,4 4 32,128,16.0,7,1.25,68000,1.890625,0,240,192,20,56,4,0,0,60,6,6,0.5625,72.0,0.0,True,False
512,4 4 32,128,16.0,7,1.25,68200,1.890625,0,240,192,20,56,4,0,0,60,6,6,0.5625,72.0,0.0,True,False
512,4 4 32,128,16.0,7,1.25,68400,1.890625,0,240,192,20,56,4,0,0,60,6,6,0.5625,72.0,0.0,True,False
512,4 4 32,128,16.0,7,1.25,68600,1.890625,0,240,192,20,56,4,0,0,60,6,6,0.5625,72.0,0.0,True,False
512,4 4 32,128,16.0,7,1.25,68800,1.890625,0,240,192,20,56,4,0,0,60,6,6,0.5625,72.0,0.0,True,False
512,4 4 32,128,16.0,7,1.25,69000,1.8828125,0,228,196,24,60,4,0,0,64,5,9,0.59375,76.0,0.0,True,False
512,4 4 32,128,16.0,7,1.25,69200,1.8828125,0,228,196,24,60,4,0,0,64,5,9,0.59375,76.0,0.0,True,False
512,4 4 32,128,16.0,7,1.25,69400,1.8828125,0,228,196,24,60,4,0,0,64,5,9,0.59375,76.0,0.0,True,False
512,4 4 32,128,16.0,7,1.25,69600,1.8828125,0,228,196,24,60,4,0,0,64,5,9,0.59375,76.0,0.0,True,False
512,4 4 32,128,16.0,7,1.25,69800,1.8828125,0,228,196,24,60,4,0,0,64,5,9,0.59375,76.0,0.0,True,False
512,4 4 32,128,16.0,7,1.25,70000,1.8828125,0,228,196,24,60,4,0,0,64,5,9,0.59375,76.0,0.0,True,False
512,4 4 32,128,16.0,7,1.25,70200,1.8828125,0,228,196,24,60,4,0,0,64,5,9,0.59375,76.0,0.0,True,False
512,4 4 32,128,16.0,7,1.25,70400,1.8828125,0,228,196,24,60,4,0,0,64,5,9,0.59375,76.0,0.0,True,False
512,4 4 32,128,16.0,7,1.25,70600,1.8828125,0,228,196,24,60,4,0,0,64,5,9,0.59375,76.0,0.0,True,False
512,4 4 32,128,16.0,7,1.25,70800,1.8828125,0,228,196,24,60,4,0,0,64,5,9,0.59375,76.0,0.0,True,False
512,4 4 32,128,16.0,7,1.25,71000,1.8828125,0,228,196,24,60,4,0,0,64,5,9,0.59375,76.0,0.0,True,False
512,4 4 32,128,16.0,7,1.25,71200,1.8828125,0,228,196,24,60,4,0,0,64,5,9,0.59375,76.0,0.0,True,False
512,4 4 32,128,16.0,7,1.25,71400,1.8828125,0,228,196,24,60,4,0,0,64,5,9,0.59375,76.0,0.0,True,False
512,4 4 32,128,16.0,7,1.25,71600,1.8828125,0,228,196,24,60,4,0,0,64,5,9,0.59375,76.0,0.0,True,False
512,4 4 32,128,16.0,7,1.25,71800,1.8828125,0,228,196,24,60,4,0,0,64,5,9,0.59375,76.0,0.0,True,False
512,4 4 32,128,16.0,7,1.25,72000,1.8828125,0,228,196,24,60,4,0,0,64,5,9,0.59375,76.0,0.0,True,False
512,4 4 32,128,16.0,7,1.25,72200,1.8828125,0,228,196,24,60,4,0,0,64,5,9,0.59375,76.0,0.0,True,False
512,4 4 32,128,16.0,7,1.25,72400,1.8828125,0,228,196,24,60,4,0,0,64,5,9,0.59375,76.0,0.0,True,False
512,4 4 32,128,16.0,7,1.25,72600,1.8828125,0,228,196,24,60,4,0,0,64,5,9,0.59375,76.0,0.0,True,False
512,4 4 32,128,16.0,7,1.25,72800,1.8828125,0,228,196,24,60,4,0,0,64,5,9,0.59375,76.0,0.0,True,False
512,4 4 32,128,16.0,7,1.25,73000,1.8828125,0,228,196,24,60,4,0,0,64,5,9,0.59375,76.0,0.0,True,False
512,4 4 32,128,16.0,7,1.25,73200,1.8828125,0,228,196,24,60,4,0,0,64,5,9,0.59375,76.0,0.0,True,False
512,4 4 32,128,16.0,7,1.25,73400,1.890625,0,240,192,20,56,4,0,0,60,6,6,0.5625,72.0,0.0,True,False
512,4 4 32,128,16.0,7,1.25,73600,1.890625,0,240,192,20,56,4,0,0,60,6,6,0.5625,72.0,0.0,True,False
512,4 4 32,128,16.0,7,1.25,73800,1.890625,0,240,192,20,56,4,0,0,60,6,6,0.5625,72.0,0.0,True,False
512,4 4 32,128,16.0,7,1.25,74000,1.890625,0,240,192,20,56,4,0,0,60,6,6,0.5625,72.0,0.0,True,False
512,4 4 32,128,16.0,7,1.25,74200,1.890625,0,240,192,20,56,4,0,0,60,6,6,0.5625,72.0,0.0,True,False
512,4 4 32,128,16.0,7,1.25,74400,1.890625,0,240,192,20,56,4,0,0,60,6,6,0.5625,72.0,0.0,True,False
512,4 4 32,128,16.0,7,1.25,74600,1.890625,0,240,192,20,56,4,0,0,60,6,6,0.5625,72.0,0.0,True,False
512,4 4 32,128,16.0,7,1.25,74800,1.890625,0,240,192,20,56,4,0,0,60,6,6,0.5625,72.0,0.0,True,False
512,4 4 32,128,16.0,7,1.25,75000,1.890625,0,240,192,20,56,4,0,0,60,6,6,0.5625,72.0,0.0,True,False
512,4 4 32,128,16.0,7,1.25,75200,1.890625,0,240,192,20,56,4,0,0,60,6,6,0.5625,72.0,0.0,True,False
512,4 4 32,128,16.0,7,1.25,75400,1.890625,0,240,192,20,56,4,0,0,60,6,6,0.5625,72.0,0.0,True,False
512,4 4 32,128,16.0,7,1.25,75600,1.890625,0,240,192,20,56,4,0,0,60,6,6,0.5625,72.0,0.0,True,False
512,4 4 32,128,16.0,7,1.25,75800,1.890625,0,240,192,20,56,4,0,0,60,6,6,0.5625,72.0,0.0,True,False
512,4 4 32,128,16.0,7,1.25,76000,1.890625,0,240,192,20,56,4,0,0,60,6,6,0.5625,72.0,0.0,True,False
512,4 4 32,128,16.0,7,1.25,76200,1.890625,0,240,192,20,56,4,0,0,60,6,6,0.5625,72.0,0.0,True,False
512,4 4 32,128,16.0,7,1.25,76400,1.890625,0,240,192,20,56,4,0,0,60,6,6,0.5625,72.0,0.0,True,False
512,4 4 32,128,16.0,7,1.25,76600,1.8828125,0,228,196,24,60,4,0,0,64,5,9,0.59375,76.0,0.0,True,False
512,4 4 32,128,16.0,7,1.25,76800,1.8828125,0,228,196,24,60,4,0,0,64,5,9,0.59375,76.0,0.0,True,False
512,4 4 32,128,16.0,7,1.25,77000,1.8828125,0,228,196,24,60,4,0,0,64,5,9,0.59375,76.0,0.0,True,False
512,4 4 32,128,16.0,7,1.25,77200,1.8828125,0,228,196,24,60,4,0,0,64,5,9,0.59375,76.0,0.0,True,False
512,4 4 32,128,16.0,7,1.25,77400,1.8828125,0,228,196,24,60,4,0,0,64,5,9,0.59375,76.0,0.0,True,False
512,4 4 32,128,16.0,7,1.25,77600,1.8828125,0,228,196,24,60,4,0,0,64,5,9,0.59375,76.0,0.0,True,False
512,4 4 32,128,16.0,7,1.25,77800,1.8828125,0,228,196,24,60,4,0,0,64,5,9,0.59375,76.0,0.0,True,False
512,4 4 32,128,16.0,7,1.25,78000,1.8828125,0,228,196,24,60,4,0,0,64,5,9,0.59375,76.0,0.0,True,False
512,4 4 32,128,16.0,7,1.25,78200,1.8828125,0,228,196,24,60,4,0,0,64,5,9,0.59375,76.0,0.0,True,False
512,4 4 32,128,16.0,7,1.25,78400,1.8828125,0,228,196,24,60,4,0,0,64,5,9,0.59375,76.0,0.0,True,False
512,4 4 32,128,16.0,7,1.25,78600,1.8828125,0,228,196,24,60,4,0,0,64,5,9,0.59375,76.0,0.0,True,False
512,4 4 32,128,16.0,7,1.25,78800,1.8828125,0,228,196,24,60,4,0,0,64,5,9,0.59375,76.0,0.0,True,False
512,4 4 32,128,16.0,7,1.25,79000,1.8828125,0,228,196,24,60,4,0,0,64,5,9,0.59375,76.0,0.0,True,False
512,4 4 32,128,16.0,7,1.25,79200,1.8828125,0,228,196,24,60,4,0,0,64,5,9,0.59375,76.0,0.0,True,False
512,4 4 32,128,16.0,7,1.25,79400,1.8828125,0,228,196,24,60,4,0,0,64,5,9,0.59375,76.0,0.0,True,False
512,4 4 32,128,16.0,7,1.25,79600,1.8828125,0,228,196,24,60,4,0,0,64,5,9,0.59375,76.0,0.0,True,False
512,4 4 32,128,16.0,7,1.25,79800,1.8828125,0,228,196,24,60,4,0,0,64,5,9,0.59375,76.0,0.0,True,False
512,4 4 32,128,16.0,7,1.25,80000,1.8828125,0,228,196,24,60,4,0,0,64,5,9,0.59375,76.0,0.0,True,False
512,4 4 32,128,16.0,7,1.25,80200,1.8828125,0,228,196,24,60,4,0,0,64,5,9,0.59375,76.0,0.0,True,False
512,4 4 32,128,16.0,7,1.25,80400,1.8828125,0,228,196,24,60,4,0,0,64,5,9,0.59375,76.0,0.0,True,False
512,4 4 32,128,16.0,7,1.25,80600,1.8828125,0,228,196,24,60,4,0,0,64,5,9,0.59375,76.0,0.0,True,False
512,4 4 32,128,16.0,7,1.25,80800,1.8828125,0,228,196,24,60,4,0,0,64,5,9,0.59375,76.0,0.0,True,False
512,4 4 32,128,16.0,7,1.25,81000,1.8828125,0,228,196,24,60,4,0,0,64,5,9,0.59375,76.0,0.0,True,False
512,4 4 32,128,16.0,7,1.25,81200,1.8828125,0,228,196,24,60,4,0,0,64,5,9,0.59375,76.0,0.0,True,False
512,4 4 32,128,16.0,7,1.25,81400,1.8828125,0,228,196,24,60,4,0,0,64,5,9,0.59375,76.0,0.0,True,False
512,4 4 32,128,16.0,7,1.25,81600,1.8828125,0,228,196,24,60,4,0,0,64,5,9,0.59375,76.0,0.0,True,False
512,4 4 32,128,16.0,7,1.25,81800,1.8828125,0,228,196,24,60,4,0,0,64,5,9,0.59375,76.0,0.0,True,False
512,4 4 32,128,16.0,7,1.25,82000,1.8828125,0,228,196,24,60,4,0,0,64,5,9,0.59375,76.0,0.0,True,False
512,4 4 32,128,16.0,7,1.25,82200,1.8828125,0,228,196,24,60,4,0,0,64,5,9,0.59375,76.0,0.0,True,False
512,4 4 32,128,16.0,7,1.25,82400,1.8828125,0,228,196,24,60,4,0,0,64,5,9,0.59375,76.0,0.0,True,False
512,4 4 32,128,16.0,7,1.25,82600,1.8828125,0,228,196,24,60,4,0,0,64,5,9,0.59375,76.0,0.0,True,False
512,4 4 32,128,16.0,7,1.25,82800,1.8828125,0,228,196,24,60,4,0,0,64,5,9,0.59375,76.0,0.0,True,False
512,4 4 32,128,16.0,7,1.25,83000,1.8828125,0,228,196,24,60,4,0,0,64,5,9,0.59375,76.0,0.0,True,False
512,4 4 32,128,16.0,7,1.25,83200,1.8828125,0,228,196,24,60,4,0,0,64,5,9,0.59375,76.0,0.0,True,False
512,4 4 32,128,16.0,7,1.25,83400,1.8828125,0,228,196,24,60,4,0,0,64,5,9,0.59375,76.0,0.0,True,False
512,4 4 32,128,16.0,7,1.25,83600,1.8828125,0,228,196,24,60,4,0,0,64,5,9,0.59375,76.0,0.0,True,False
512,4 4 32,128,16.0,7,1.25,83800,1.8828125,0,228,196,24,60,4,0,0,64,5,9,0.59375,76.0,0.0,True,False
512,4 4 32,128,16.0,7,1.25,84000,1.8828125,0,228,196,24,60,4,0,0,64,5,9,0.59375,76.0,0.0,True,False
512,4 4 32,128,16.0,7,1.25,84200,1.8828125,0,228,196,24,60,4,0,0,64,5,9,0.59375,76.0,0.0,True,False
512,4 4 32,128,16.0,7,1.25,84400,1.8828125,0,228,196,24,60,4,0,0,64,5,9,0.59375,76.0,0.0,True,False
512,4 4 32,128,16.0,7,1.25,84600,1.8828125,0,228,196,24,60,4,0,0,64,5,9,0.59375,76.0,0.0,True,False
512,4 4 32,128,16.0,7,1.25,84800,1.8828125,0,228,196,24,60,4,0,0,64,5,9,0.59375,76.0,0.0,True,False
512,4 4 32,128,16.0,7,1.25,85000,1.8828125,0,228,196,24,60,4,0,0,64,5,9,0.59375,76.0,0.0,True,False
512,4 4 32,128,16.0,7,1.25,85200,1.890625,0,240,192,20,56,4,0,0,60,6,6,0.5625,72.0,0.0,True,False
512,4 4 32,128,16.0,7,1.25,85400,1.890625,0,240,192,20,56,4,0,0,60,6,6,0.5625,72.0,0.0,True,False
512,4 4 32,128,16.0,7,1.25,85600,1.890625,0,240,192,20,56,4,0,0,60,6,6,0.5625,72.0,0.0,True,False
512,4 4 32,128,16.0,7,1.25,85800,1.890625,0,240,192,20,56,4,0,0,60,6,6,0.5625,72.0,0.0,True,False
512,4 4 32,128,16.0,7,1.25,86000,1.890625,0,240,192,20,56,4,0,0,60,6,6,0.5625,72.0,0.0,True,False
512,4 4 32,128,16.0,7,1.25,86200,1.890625,0,240,192,20,56,4,0,0,60,6,6,0.5625,72.0,0.0,True,False
512,4 4 32,128,16.0,7,1.25,86400,1.890625,0,240,192,20,56,4,0,0,60,6,6,0.5625,72.0,0.0,True,False
512,4 4 32,128,16.0,7,1.25,86600,1.890625,0,240,192,20,56,4,0,0,60,6,6,0.5625,72.0,0.0,True,False
512,4 4 32,128,16.0,7,1.25,86800,1.890625,0,240,192,20,56,4,0,0,60,6,6,0.5625,72.0,0.0,True,False
512,4 4 32,128,16.0,7,1.25,87000,1.890625,0,240,192,20,56,4,0,0,60,6,6,0.5625,72.0,0.0,True,False
512,4 4 32,128,16.0,7,1.25,87200,1.8828125,0,228,196,24,60,4,0,0,64,5,9,0.59375,76.0,0.0,True,False
512,4 4 32,128,16.0,7,1.25,87400,1.8828125,0,228,196,24,60,4,0,0,64,5,9,0.59375,76.0,0.0,True,False
512,4 4 32,128,16.0,7,1.25,87600,1.8828125,0,228,196,24,60,4,0,0,64,5,9,0.59375,76.0,0.0,True,False
512,4 4 32,128,16.0,7,1.25,87800,1.8828125,0,228,196,24,60,4,0,0,64,5,9,0.59375,76.0,0.0,True,False
512,4 4 32,128,16.0,7,1.25,88000,1.8828125,0,228,196,24,60,4,0,0,64,5,9,0.59375,76.0,0.0,True,False
512,4 4 32,128,16.0,7,1.25,88200,1.8828125,0,228,196,24,60,4,0,0,64,5,9,0.59375,76.0,0.0,True,False
512,4 4 32,128,16.0,7,1.25,88400,1.8828125,0,228,196,24,60,4,0,0,64,5,9,0.59375,76.0,0.0,True,False
512,4 4 32,128,16.0,7,1.25,88600,1.8828125,0,228,196,24,60,4,0,0,64,5,9,0.59375,76.0,0.0,True,False
512,4 4 32,128,16.0,7,1.25,88800,1.8828125,0,228,196,24,60,4,0,0,64,5,9,0.59375,76.0,0.0,True,False
512,4 4 32,128,16.0,7,1.25,89000,1.8828125,0,228,196,24,60,4,0,0,64,5,9,0.59375,76.0,0.0,True,False
512,4 4 32,128,16.0,7,1.25,89200,1.8828125,0,228,196,24,60,4,0,0,64,5,9,0.59375,76.0,0.0,True,False
512,4 4 32,128,16.0,7,1.25,89400,1.8828125,0,228,196,24,60,4,0,0,64,5,9,0.59375,76.0,0.0,True,False
512,4 4 32,128,16.0,7,1.25,89600,1.8828125,0,228,196,24,60,4,0,0,64,5,9,0.59375,76.0,0.0,True,False
512,4 4 32,128,16.0,7,1.25,89800,1.8828125,0,228,196,24,60,4,0,0,64,5,9,0.59375,76.0,0.0,True,False
512,4 4 32,128,16.0,7,1.25,90000,1.8828125,0,228,196,24,60,4,0,0,64,5,9,0.59375,76.0,0.0,True,False
512,4 4 32,128,16.0,7,1.25,90200,1.8828125,0,228,196,24,60,4,0,0,64,5,9,0.59375,76.0,0.0,True,False
512,4 4 32,128,16.0,7,1.25,90400,1.8828125,0,228,196,24,60,4,0,0,64,5,9,0.59375,76.0,0.0,True,False
512,4 4 32,128,16.0,7,1.25,90600,1.8828125,0,228,196,24,60,4,0,0,64,5,9,0.59375,76.0,0.0,True,False
512,4 4 32,128,16.0,7,1.25,90800,1.8828125,0,228,196,24,60,4,0,0,64,5,9,0.59375,76.0,0.0,True,False
512,4 4 32,128,16.0,7,1.25,91000,1.8828125,0,228,196,24,60,4,0,0,64,5,9,0.59375,76.0,0.0,True,False
512,4 4 32,128,16.0,7,1.25,91200,1.8828125,0,228,196,24,60,4,0,0,64,5,9,0.59375,76.0,0.0,True,False
512,4 4 32,128,16.0,7,1.25,91400,1.8828125,0,228,196,24,60,4,0,0,64,5,9,0.59375,76.0,0.0,True,False
512,4 4 32,128,16.0,7,1.25,91600,1.8828125,0,228,196,24,60,4,0,0,64,5,9,0.59375,76.0,0.0,True,False
512,4 4 32,128,16.0,7,1.25,91800,1.8828125,0,228,196,24,60,4,0,0,64,5,9,0.59375,76.0,0.0,True,False
512,4 4 32,128,16.0,7,1.25,92000,1.8828125,0,228,196,24,60,4,0,0,64,5,9,0.59375,76.0,0.0,True,False
512,4 4 32,128,16.0,7,1.25,92200,1.8828125,0,228,196,24,60,4,0,0,64,5,9,0.59375,76.0,0.0,True,False
512,4 4 32,128,16.0,7,1.25,92400,1.8828125,0,228,196,24,60,4,0,0,64,5,9,0.59375,76.0,0.0,True,False
512,4 4 32,128,16.0,7,1.25,92600,1.8828125,0,228,196,24,60,4,0,0,64,5,9,0.59375,76.0,0.0,True,False
512,4 4 32,128,16.0,7,1.25,92800,1.8828125,0,228,196,24,60,4,0,0,64,5,9,0.59375,76.0,0.0,True,False
512,4 4 32,128,16.0,7,1.25,93000,1.8828125,0,228,196,24,60,4,0,0,64,5,9,0.59375,76.0,0.0,True,False
512,4 4 32,128,16.0,7,1.25,93200,1.8828125,0,228,196,24,60,4,0,0,64,5,9,0.59375,76.0,0.0,True,False
512,4 4 32,128,16.0,7,1.25,93400,1.8828125,0,228,196,24,60,4,0,0,64,5,9,0.59375,76.0,0.0,True,False
512,4 4 32,128,16.0,7,1.25,93600,1.8828125,0,228,196,24,60,4,0,0,64,5,9,0.59375,76.0,0.0,True,False
512,4 4 32,128,16.0,7,1.25,93800,1.8828125,0,228,196,24,60,4,0,0,64,5,9,0.59375,76.0,0.0,True,False
512,4 4 32,128,16.0,7,1.25,94000,1.890625,0,240,192,20,56,4,0,0,60,6,6,0.5625,72.0,0.0,True,False
512,4 4 32,128,16.0,7,1.25,94200,1.890625,0,240,192,20,56,4,0,0,60,6,6,0.5625,72.0,0.0,True,False
512,4 4 32,128,16.0,7,1.25,94400,1.890625,0,240,192,20,56,4,0,0,60,6,6,0.5625,72.0,0.0,True,False
512,4 4 32,128,16.0,7,1.25,94600,1.890625,0,240,192,20,56,4,0,0,60,6,6,0.5625,72.0,0.0,True,False
512,4 4 32,128,16.0,7,1.25,94800,1.890625,0,240,192,20,56,4,0,0,60,6,6,0.5625,72.0,0.0,True,False
512,4 4 32,128,16.0,7,1.25,95000,1.890625,0,240,192,20,56,4,0,0,60,6,6,0.5625,72.0,0.0,True,False
512,4 4 32,128,16.0,7,1.25,95200,1.890625,0,240,192,20,56,4,0,0,60,6,6,0.5625,72.0,0.0,True,False
512,4 4 32,128,16.0,7,1.25,95400,1.890625,0,240,192,20,56,4,0,0,60,6,6,0.5625,72.0,0.0,True,False
512,4 4 32,128,16.0,7,1.25,95600,1.890625,0,240,192,20,56,4,0,0,60,6,6,0.5625,72.0,0.0,True,False
512,4 4 32,128,16.0,7,1.25,95800,1.890625,0,240,192,20,56,4,0,0,60,6,6,0.5625,72.0,0.0,True,False
512,4 4 32,128,16.0,7,1.25,96000,1.890625,0,240,192,20,56,4,0,0,60,6,6,0.5625,72.0,0.0,True,False
512,4 4 32,128,16.0,7,1.25,96200,1.890625,0,240,192,20,56,4,0,0,60,6,6,0.5625,72.0,0.0,True,False
512,4 4 32,128,16.0,7,1.25,96400,1.890625,0,240,192,20,56,4,0,0,60,6,6,0.5625,72.0,0.0,True,False
512,4 4 32,128,16.0,7,1.25,96600,1.890625,0,240,192,20,56,4,0,0,60,6,6,0.5625,72.0,0.0,True,False
512,4 4 32,128,16.0,7,1.25,96800,1.890625,0,240,192,20,56,4,0,0,60,6,6,0.5625,72.0,0.0,True,False
512,4 4 32,128,16.0,7,1.25,97000,1.8828125,0,228,196,24,60,4,0,0,64,5,9,0.59375,76.0,0.0,True,False
512,4 4 32,128,16.0,7,1.25,97200,1.8828125,0,228,196,24,60,4,0,0,64,5,9,0.59375,76.0,0.0,True,False
512,4 4 32,128,16.0,7,1.25,97400,1.8828125,0,228,196,24,60,4,0,0,64,5,9,0.59375,76.0,0.0,True,False
512,4 4 32,128,16.0,7,1.25,97600,1.8828125,0,228,196,24,60,4,0,0,64,5,9,0.59375,76.0,0.0,True,False
512,4 4 32,128,16.0,7,1.25,97800,1.8828125,0,228,196,24,60,4,0,0,64,5,9,0.59375,76.0,0.0,True,False
512,4 4 32,128,16.0,7,1.25,98000,1.8828125,0,228,196,24,60,4,0,0,64,5,9,0.59375,76.0,0.0,True,False
512,4 4 32,128,16.0,7,1.25,98200,1.8828125,0,228,196,24,60,4,0,0,64,5,9,0.59375,76.0,0.0,True,False
512,4 4 32,128,16.0,7,1.25,98400,1.8828125,0,228,196,24,60,4,0,0,64,5,9,0.59375,76.0,0.0,True,False
512,4 4 32,128,16.0,7,1.25,98600,1.8828125,0,228,196,24,60,4,0,0,64,5,9,0.59375,76.0,0.0,True,False
512,4 4 32,128,16.0,7,1.25,98800,1.8828125,0,228,196,24,60,4,0,0,64,5,9,0.59375,76.0,0.0,True,False
512,4 4 32,128,16.0,7,1.25,99000,1.8828125,0,228,196,24,60,4,0,0,64,5,9,0.59375,76.0,0.0,True,False
512,4 4 32,128,16.0,7,1.25,99200,1.8828125,0,228,196,24,60,4,0,0,64,5,9,0.59375,76.0,0.0,True,False
512,4 4 32,128,16.0,7,1.25,99400,1.8828125,0,228,196,24,60,4,0,0,64,5,9,0.59375,76.0,0.0,True,False
512,4 4 32,128,16.0,7,1.25,99600,1.8828125,0,228,196,24,60,4,0,0,64,5,9,0.59375,76.0,0.0,True,False
512,4 4 32,128,16.0,7,1.25,99800,1.8828125,0,228,196,24,60,4,0,0,64,5,9,0.59375,76.0,0.0,True,False
512,4 4 32,128,16.0,7,1.25,100000,1.90234375,0,218,200,26,64,4,0,0,68,7,9,0.515625,66.0,0.0,True,True
512,4 4 32,128,16.0,8,1.25,0,2.0,0,512,0,0,0,0,0,0,0,0,0,0.125,16.0,0.0,False,False
512,4 4 32,128,16.0,8,1.25,200,2.03125,0,496,12,0,4,0,0,0,4,0,0,0.0,0.0,0.0,True,False
512,4 4 32,128,16.0,8,1.25,400,2.03125,0,484,20,0,8,0,0,0,8,0,0,0.0,0.0,0.0,True,False
512,4 4 32,128,16.0,8,1.25,600,2.03125,0,484,20,0,8,0,0,0,8,0,0,0.0,0.0,0.0,True,False
512,4 4 32,128,16.0,8,1.25,800,2.03125,0,484,20,0,8,0,0,0,8,0,0,0.0,0.0,0.0,True,False
512,4 4 32,128,16.0,8,1.25,1000,2.03125,0,496,12,0,4,0,0,0,4,0,0,0.0,0.0,0.0,True,False
512,4 4 32,128,16.0,8,1.25,1200,2.03125,0,484,20,0,8,0,0,0,8,0,0,0.0,0.0,0.0,True,False
512,4 4 32,128,16.0,8,1.25,1400,2.03125,0,484,20,0,8,0,0,0,8,0,0,0.0,0.0,0.0,True,False
512,4 4 32,128,16.0,8,1.25,1600,2.03125,0,472,28,0,12,0,0,0,12,0,0,0.0,0.0,0.0,True,False
512,4 4 32,128,16.0,8,1.25,1800,2.03125,0,472,28,0,12,0,0,0,12,0,0,0.0,0.0,0.0,True,False
512,4 4 32,128,16.0,8,1.25,2000,2.03125,0,472,28,0,12,0,0,0,12,0,0,0.0,0.0,0.0,True,False
512,4 4 32,128,16.0,8,1.25,2200,2.03125,0,460,36,0,16,0,0,0,16,0,0,0.0,0.0,0.0,True,False
512,4 4 32,128,16.0,8,1.25,2400,2.03125,0,460,36,0,16,0,0,0,16,0,0,0.0,0.0,0.0,True,False
512,4 4 32,128,16.0,8,1.25,2600,2.03125,0,460,36,0,16,0,0,0,16,0,0,0.0,0.0,0.0,True,False
512,4 4 32,128,16.0,8,1.25,2800,2.03125,0,448,44,0,20,0,0,0,20,0,0,0.0,0.0,0.0,True,False
512,4 4 32,128,16.0,8,1.25,3000,2.03125,0,460,36,0,16,0,0,0,16,0,0,0.0,0.0,0.0,True,False
512,4 4 32,128,16.0,8,1.25,3200,2.03125,0,460,36,0,16,0,0,0,16,0,0,0.0,0.0,0.0,True,False
512,4 4 32,128,16.0,8,1.25,3400,2.03125,0,460,36,0,16,0,0,0,16,0,0,0.0,0.0,0.0,True,False
512,4 4 32,128,16.0,8,1.25,3600,2.03125,0,448,44,0,20,0,0,0,20,0,0,0.0,0.0,0.0,True,False
512,4 4 32,128,16.0,8,1.25,3800,2.03125,0,460,36,0,16,0,0,0,16,0,0,0.0,0.0,0.0,True,False
512,4 4 32,128,16.0,8,1.25,4000,2.03125,0,460,36,0,16,0,0,0,16,0,0,0.0,0.0,0.0,True,False
512,4 4 32,128,16.0,8,1.25,4200,2.03125,0,460,36,0,16,0,0,0,16,0,0,0.0,0.0,0.0,True,False
512,4 4 32,128,16.0,8,1.25,4400,2.03125,0,448,44,0,20,0,0,0,20,0,0,0.0,0.0,0.0,True,False
512,4 4 32,128,16.0,8,1.25,4600,2.03125,0,448,44,0,20,0,0,0,20,0,0,0.0,0.0,0.0,True,False
512,4 4 32,128,16.0,8,1.25,4800,2.03125,0,448,44,0,20,0,0,0,20,0,0,0.0,0.0,0.0,True,False
512,4 4 32,128,16.0,8,1.25,5000,2.01953125,0,448,44,4,16,0,0,0,16,2,2,0.046875,6.0,0.0,True,False
512,4 4 32,128,16.0,8,1.25,5200,2.0078125,0,436,52,8,16,0,0,0,16,2,4,0.09375,12.0,0.0,True,False
512,4 4 32,128,16.0,8,1.25,5400,2.0078125,0,436,52,8,16,0,0,0,16,2,4,0.09375,12.0,0.0,True,False
512,4 4 32,128,16.0,8,1.25,5600,2.0078125,0,436,52,8,16,0,0,0,16,2,4,0.09375,12.0,0.0,True,False
512,4 4 32,128,16.0,8,1.25,5800,2.0078125,0,436,52,8,16,0,0,0,16,2,4,0.09375,12.0,0.0,True,False
512,4 4 32,128,16.0,8,1.25,6000,2.0078125,0,436,52,8,16,0,0,0,16,2,4,0.09375,12.0,0.0,True,False
512,4 4 32,128,16.0,8,1.25,6200,2.0078125,0,436,52,8,16,0,0,0,16,2,4,0.09375,12.0,0.0,True,False
512,4 4 32,128,16.0,8,1.25,6400,2.0078125,0,436,52,8,16,0,0,0,16,2,4,0.09375,12.0,0.0,True,False
512,4 4 32,128,16.0,8,1.25,6600,2.0078125,0,436,52,8,16,0,0,0,16,2,4,0.09375,12.0,0.0,True,False
512,4 4 32,128,16.0,8,1.25,6800,2.0078125,0,436,52,8,16,0,0,0,16,2,4,0.09375,12.0,0.0,True,False
512,4 4 32,128,16.0,8,1.25,7000,2.0078125,0,436,52,8,16,0,0,0,16,2,4,0.09375,12.0,0.0,True,False
512,4 4 32,128,16.0,8,1.25,7200,2.0078125,0,424,60,8,20,0,0,0,20,2,4,0.09375,12.0,0.0,True,False
512,4 4 32,128,16.0,8,1.25,7400,2.0078125,0,412,68,8,24,0,0,0,24,2,4,0.09375,12.0,0.0,True,False
512,4 4 32,128,16.0,8,1.25,7600,2.0078125,0,412,68,8,24,0,0,0,24,2,4,0.09375,12.0,0.0,True,False
512,4 4 32,128,16.0,8,1.25,7800,1.99609375,0,412,68,12,20,0,0,0,20,1,12,0.140625,18.0,0.0,True,False
512,4 4 32,128,16.0,8,1.25,8000,1.984375,0,412,68,16,16,0,0,0,16,1,16,0.1875,24.0,0.0,True,False
512,4 4 32,128,16.0,8,1.25,8200,1.984375,0,412,68,16,16,0,0,0,16,1,16,0.1875,24.0,0.0,True,False
512,4 4 32,128,16.0,8,1.25,8400,1.984375,0,412,68,16,16,0,0,0,16,1,16,0.1875,24.0,0.0,True,False
512,4 4 32,128,16.0,8,1.25,8600,1.984375,0,412,68,16,16,0,0,0,16,1,16,0.1875,24.0,0.0,True,False
512,4 4 32,128,16.0,8,1.25,8800,1.984375,0,412,68,16,16,0,0,0,16,1,16,0.1875,24.0,0.0,True,False
512,4 4 32,128,16.0,8,1.25,9000,1.984375,0,412,68,16,16,0,0,0,16,1,16,0.1875,24.0,0.0,True,False
512,4 4 32,128,16.0,8,1.25,9200,1.984375,0,412,68,16,16,0,0,0,16,1,16,0.1875,24.0,0.0,True,False
512,4 4 32,128,16.0,8,1.25,9400,1.984375,0,412,68,16,16,0,0,0,16,1,16,0.1875,24.0,0.0,True,False
512,4 4 32,128,16.0,8,1.25,9600,1.984375,0,412,68,16,16,0,0,0,16,1,16,0.1875,24.0,0.0,True,False
512,4 4 32,128,16.0,8,1.25,9800,1.984375,0,400,76,16,20,0,0,0,20,1,16,0.1875,24.0,0.0,True,False
512,4 4 32,128,16.0,8,1.25,10000,1.97265625,0,388,84,20,20,0,0,0,20,1,20,0.234375,30.0,0.0,True,False
512,4 4 32,128,16.0,8,1.25,10200,1.97265625,0,388,84,20,20,0,0,0,20,1,20,0.234375,30.0,0.0,True,False
512,4 4 32,128,16.0,8,1.25,10400,1.9609375,0,376,92,24,20,0,0,0,20,1,24,0.28125,36.0,0.0,True,False
512,4 4 32,128,16.0,8,1.25,10600,1.9609375,0,376,92,24,20,0,0,0,20,1,24,0.28125,36.0,0.0,True,False
512,4 4 32,128,16.0,8,1.25,10800,1.94921875,0,376,92,28,16,0,0,0,16,1,28,0.328125,42.0,0.0,True,False
512,4 4 32,128,16.0,8,1.25,11000,1.94921875,0,376,92,28,16,0,0,0,16,1,28,0.328125,42.0,0.0,True,False
512,4 4 32,128,16.0,8,1.25,11200,1.94921875,0,376,92,28,16,0,0,0,16,1,28,0.328125,42.0,0.0,True,False
512,4 4 32,128,16.0,8,1.25,11400,1.94921875,0,364,100,28,20,0,0,0,20,1,28,0.328125,42.0,0.0,True,False
512,4 4 32,128,16.0,8,1.25,11600,1.9375,0,364,100,32,16,0,0,0,16,1,32,0.375,48.0,0.0,True,False
512,4 4 32,128,16.0,8,1.25,11800,1.9375,0,364,100,32,16,0,0,0,16,1,32,0.375,48.0,0.0,True,False
512,4 4 32,128,16.0,8,1.25,12000,1.9375,0,352,108,32,20,0,0,0,20,1,32,0.375,48.0,0.0,True,False
512,4 4 32,128,16.0,8,1.25,12200,1.9375,0,364,100,32,16,0,0,0,16,1,32,0.375,48.0,0.0,True,False
512,4 4 32,128,16.0,8,1.25,12400,1.9453125,0,360,96,36,20,0,0,0,20,2,34,0.34375,44.0,0.0,True,False
512,4 4 32,128,16.0,8,1.25,12600,1.9453125,0,360,96,36,20,0,0,0,20,2,34,0.34375,44.0,0.0,True,False
512,4 4 32,128,16.0,8,1.25,12800,1.9453125,0,360,96,36,20,0,0,0,20,2,34,0.34375,44.0,0.0,True,False
512,4 4 32,128,16.0,8,1.25,13000,1.94140625,0,344,104,36,28,0,0,0,28,2,34,0.359375,46.0,0.0,True,False
512,4 4 32,128,16.0,8,1.25,13200,1.9296875,0,320,120,40,32,0,0,0,32,2,38,0.40625,52.0,0.0,True,False
512,4 4 32,128,16.0,8,1.25,13400,1.9296875,0,332,112,40,28,0,0,0,28,2,38,0.40625,52.0,0.0,True,False
512,4 4 32,128,16.0,8,1.25,13600,1.9296875,0,332,112,40,28,0,0,0,28,2,38,0.40625,52.0,0.0,True,False
512,4 4 32,128,16.0,8,1.25,13800,1.9296875,0,332,112,40,28,0,0,0,28,2,38,0.40625,52.0,0.0,True,False
512,4 4 32,128,16.0,8,1.25,14000,1.92578125,0,316,116,48,32,0,0,0,32,2,46,0.421875,54.0,0.0,True,False
512,4 4 32,128,16.0,8,1.25,14200,1.9140625,0,316,116,52,28,0,0,0,28,1,52,0.46875,60.0,0.0,True,False
512,4 4 32,128,16.0,8,1.25,14400,1.9296875,0,304,132,48,24,4,0,0,28,1,48,0.40625,52.0,0.0,True,False
512,4 4 32,128,16.0,8,1.25,14600,1.92578125,0,300,132,48,28,4,0,0,32,2,46,0.421875,54.0,0.0,True,False
512,4 4 32,128,16.0,8,1.25,14800,1.92578125,0,300,132,48,28,4,0,0,32,2,46,0.421875,54.0,0.0,True,False
512,4 4 32,128,16.0,8,1.25,15000,1.90234375,0,316,120,48,28,0,0,0,28,2,46,0.515625,66.0,0.0,True,False
512,4 4 32,128,16.0,8,1.25,15200,1.90625,0,296,136,48,32,0,0,0,32,1,48,0.5,64.0,0.0,True,False
512,4 4 32,128,16.0,8,1.25,15400,1.90625,0,272,152,48,40,0,0,0,40,1,48,0.5,64.0,0.0,True,False
512,4 4 32,128,16.0,8,1.25,15600,1.87890625,0,256,160,56,40,0,0,0,40,1,56,0.609375,78.0,0.0,True,False
512,4 4 32,128,16.0,8,1.25,15800,1.87890625,0,244,168,56,44,0,0,0,44,1,56,0.609375,78.0,0.0,True,False
512,4 4 32,128,16.0,8,1.25,16000,1.88671875,0,240,164,60,48,0,0,0,48,2,58,0.578125,74.0,0.0,True,False
512,4 4 32,128,16.0,8,1.25,16200,1.87890625,0,256,160,56,40,0,0,0,40,1,56,0.609375,78.0,0.0,True,False
512,4 4 32,128,16.0,8,1.25,16400,1.86328125,0,252,160,60,40,0,0,0,40,1,60,0.671875,86.0,0.0,True,False
512,4 4 32,128,16.0,8,1.25,16600,1.83984375,0,244,164,64,40,0,0,0,40,4,44,0.765625,98.0,0.0,True,False
512,4 4 32,128,16.0,8,1.25,16800,1.82421875,0,244,172,60,36,0,0,0,36,3,40,0.828125,106.0,0.0,True,False
512,4 4 32,128,16.0,8,1.25,17000,1.80859375,0,244,180,56,32,0,0,0,32,4,36,0.890625,114.0,0.0,True,False
512,4 4 32,128,16.0,8,1.25,17200,1.8125,0,236,176,60,40,0,0,0,40,5,40,0.875,112.0,0.0,True,False
512,4 4 32,128,16.0,8,1.25,17400,1.8125,0,236,176,60,40,0,0,0,40,5,40,0.875,112.0,0.0,True,False
512,4 4 32,128,16.0,8,1.25,17600,1.8125,0,236,176,60,40,0,0,0,40,5,40,0.875,112.0,0.0,True,False
512,4 4 32,128,16.0,8,1.25,17800,1.828125,0,220,184,60,48,0,0,0,48,5,40,0.8125,104.0,0.0,True,False
512,4 4 32,128,16.0,8,1.25,18000,1.828125,0,220,184,60,48,0,0,0,48,5,40,0.8125,104.0,0.0,True,False
512,4 4 32,128,16.0,8,1.25,18200,1.8125,0,220,192,56,44,0,0,0,44,5,40,0.875,112.0,0.0,True,False
512,4 4 32,128,16.0,8,1.25,18400,1.80859375,0,216,192,56,48,0,0,0,48,5,40,0.890625,114.0,0.0,True,False
512,4 4 32,128,16.0,8,1.25,18600,1.8046875,0,212,192,56,52,0,0,0,52,6,38,0.90625,116.0,0.0,True,False
512,4 4 32,128,16.0,8,1.25,18800,1.8046875,0,212,192,56,52,0,0,0,52,6,38,0.90625,116.0,0.0,True,False
512,4 4 32,128,16.0,8,1.25,19000,1.8046875,0,212,192,56,52,0,0,0,52,6,38,0.90625,116.0,0.0,True,False
512,4 4 32,128,16.0,8,1.25,19200,1.8046875,0,212,192,56,52,0,0,0,52,6,38,0.90625,116.0,0.0,True,False
512,4 4 32,128,16.0,8,1.25,19400,1.80078125,0,208,192,56,56,0,0,0,56,6,38,0.921875,118.0,0.0,True,False
512,4 4 32,128,16.0,8,1.25,19600,1.78515625,0,204,192,60,56,0,0,0,56,6,38,0.984375,126.0,0.0,True,False
512,4 4 32,128,16.0,8,1.25,19800,1.7734375,0,192,200,64,56,0,0,0,56,5,44,1.03125,132.0,0.0,True,False
512,4 4 32,128,16.0,8,1.25,20000,1.75390625,0,204,192,64,52,0,0,0,52,5,44,1.109375,142.0,0.0,True,False
512,4 4 32,128,16.0,8,1.25,20200,1.7421875,0,208,200,60,44,0,0,0,44,4,40,1.15625,148.0,0.0,True,False
512,4 4 32,128,16.0,8,1.25,20400,1.76953125,0,189,210,61,52,0,0,0,52,5,40,1.046875,134.0,0.0,True,False
512,4 4 32,128,16.0,8,1.25,20600,1.76953125,0,189,210,61,52,0,0,0,52,5,40,1.046875,134.0,0.0,True,False
512,4 4 32,128,16.0,8,1.25,20800,1.73828125,0,204,200,60,48,0,0,0,48,4,40,1.171875,150.0,0.0,True,False
512,4 4 32,128,16.0,8,1.25,21000,1.76953125,0,188,212,60,52,0,0,0,52,4,40,1.046875,134.0,0.0,True,False
512,4 4 32,128,16.0,8,1.25,21200,1.75390625,0,188,220,56,48,0,0,0,48,4,36,1.109375,142.0,0.0,True,False
512,4 4 32,128,16.0,8,1.25,21400,1.73828125,0,176,232,60,44,0,0,0,44,7,20,1.171875,150.0,0.0,True,False
512,4 4 32,128,16.0,8,1.25,21600,1.74609375,0,172,228,64,48,0,0,0,48,8,22,1.140625,146.0,0.0,True,False
512,4 4 32,128,16.0,8,1.25,21800,1.74609375,0,160,236,64,52,0,0,0,52,8,22,1.140625,146.0,0.0,True,False
512,4 4 32,128,16.0,8,1.25,22000,1.74609375,0,160,236,64,52,0,0,0,52,8,22,1.140625,146.0,0.0,True,False
512,4 4 32,128,16.0,8,1.25,22200,1.74609375,0,160,236,64,52,0,0,0,52,8,22,1.140625,146.0,0.0,True,False
512,4 4 32,128,16.0,8,1.25,22400,1.74609375,0,148,244,64,56,0,0,0,56,8,22,1.140625,146.0,0.0,True,False
512,4 4 32,128,16.0,8,1.25,22600,1.7421875,0,140,240,64,68,0,0,0,68,6,42,1.15625,148.0,0.0,True,False
512,4 4 32,128,16.0,8,1.25,22800,1.7421875,0,128,248,64,72,0,0,0,72,6,42,1.15625,148.0,0.0,True,False
512,4 4 32,128,16.0,8,1.25,23000,1.7421875,0,116,256,64,76,0,0,0,76,6,42,1.15625,148.0,0.0,True,False
512,4 4 32,128,16.0,8,1.25,23200,1.7265625,0,104,272,60,76,0,0,0,76,6,42,1.21875,156.0,0.0,True,False
512,4 4 32,128,16.0,8,1.25,23400,1.73828125,0,100,276,62,72,2,0,0,74,7,42,1.171875,150.0,0.0,True,False
512,4 4 32,128,16.0,8,1.25,23600,1.73828125,0,100,276,62,72,2,0,0,74,7,42,1.171875,150.0,0.0,True,False
512,4 4 32,128,16.0,8,1.25,23800,1.7265625,0,104,272,60,76,0,0,0,76,6,42,1.21875,156.0,0.0,True,False
512,4 4 32,128,16.0,8,1.25,24000,1.73046875,0,108,272,60,72,0,0,0,72,6,42,1.203125,154.0,0.0,True,False
512,4 4 32,128,16.0,8,1.25,24200,1.73046875,0,108,272,60,72,0,0,0,72,6,42,1.203125,154.0,0.0,True,False
512,4 4 32,128,16.0,8,1.25,24400,1.73046875,0,84,288,60,80,0,0,0,80,6,42,1.203125,154.0,0.0,True,False
512,4 4 32,128,16.0,8,1.25,24600,1.7265625,0,80,288,60,84,0,0,0,84,6,42,1.21875,156.0,0.0,True,False
512,4 4 32,128,16.0,8,1.25,24800,1.7265625,0,80,288,60,84,0,0,0,84,6,42,1.21875,156.0,0.0,True,False
512,4 4 32,128,16.0,8,1.25,25000,1.7265625,0,80,288,60,84,0,0,0,84,6,42,1.21875,156.0,0.0,True,False
512,4 4 32,128,16.0,8,1.25,25200,1.73046875,0,84,288,60,80,0,0,0,80,5,44,1.203125,154.0,0.0,True,False
512,4 4 32,128,16.0,8,1.25,25400,1.73046875,0,84,288,60,80,0,0,0,80,5,44,1.203125,154.0,0.0,True,False
512,4 4 32,128,16.0,8,1.25,25600,1.73828125,0,75,286,75,76,0,0,0,76,9,52,1.171875,150.0,0.0,True,False
512,4 4 32,128,16.0,8,1.25,25800,1.73046875,0,87,286,75,64,0,0,0,64,8,56,1.203125,154.0,0.0,True,False
512,4 4 32,128,16.0,8,1.25,26000,1.73046875,0,79,286,79,68,0,0,0,68,9,56,1.203125,154.0,0.0,True,False
512,4 4 32,128,16.0,8,1.25,26200,1.73046875,0,79,286,79,68,0,0,0,68,9,56,1.203125,154.0,0.0,True,False
512,4 4 32,128,16.0,8,1.25,26400,1.73046875,0,79,286,79,68,0,0,0,68,9,56,1.203125,154.0,0.0,True,False
512,4 4 32,128,16.0,8,1.25,26600,1.7109375,0,71,282,91,68,0,0,0,68,9,62,1.28125,164.0,0.0,True,False
512,4 4 32,128,16.0,8,1.25,26800,1.69921875,0,75,290,87,60,0,0,0,60,9,58,1.328125,170.0,0.0,True,False
512,4 4 32,128,16.0,8,1.25,27000,1.6875,0,75,294,83,60,0,0,0,60,9,54,1.375,176.0,0.0,True,False
512,4 4 32,128,16.0,8,1.25,27200,1.6875,0,75,294,83,60,0,0,0,60,9,54,1.375,176.0,0.0,True,False
512,4 4 32,128,16.0,8,1.25,27400,1.6875,0,75,294,83,60,0,0,0,60,9,54,1.375,176.0,0.0,True,False
512,4 4 32,128,16.0,8,1.25,27600,1.6875,0,75,294,83,60,0,0,0,60,9,54,1.375,176.0,0.0,True,False
512,4 4 32,128,16.0,8,1.25,27800,1.6875,0,87,286,83,56,0,0,0,56,9,54,1.375,176.0,0.0,True,False
512,4 4 32,128,16.0,8,1.25,28000,1.6875,0,87,286,83,56,0,0,0,56,9,54,1.375,176.0,0.0,True,False
512,4 4 32,128,16.0,8,1.25,28200,1.69921875,0,98,276,86,52,0,0,0,52,9,58,1.328125,170.0,0.0,True,False
512,4 4 32,128,16.0,8,1.25,28400,1.66796875,0,96,284,80,52,0,0,0,52,6,58,1.453125,186.0,0.0,True,False
512,4 4 32,128,16.0,8,1.25,28600,1.65625,0,72,292,80,68,0,0,0,68,6,62,1.5,192.0,0.0,True,False
512,4 4 32,128,16.0,8,1.25,28800,1.65234375,0,68,292,80,72,0,0,0,72,6,62,1.515625,194.0,0.0,True,False
512,4 4 32,128,16.0,8,1.25,29000,1.65234375,0,68,292,80,72,0,0,0,72,6,62,1.515625,194.0,0.0,True,False
512,4 4 32,128,16.0,8,1.25,29200,1.640625,0,72,300,76,64,0,0,0,64,9,46,1.5625,200.0,0.0,True,False
512,4 4 32,128,16.0,8,1.25,29400,1.62890625,0,84,292,80,56,0,0,0,56,8,46,1.609375,206.0,0.0,True,False
512,4 4 32,128,16.0,8,1.25,29600,1.62890625,0,84,292,80,56,0,0,0,56,7,42,1.609375,206.0,0.0,True,False
512,4 4 32,128,16.0,8,1.25,29800,1.61328125,0,72,308,76,56,0,0,0,56,7,42,1.671875,214.0,0.0,True,False
512,4 4 32,128,16.0,8,1.25,30000,1.59765625,0,96,286,80,50,0,0,0,50,6,44,1.734375,222.0,0.0,True,False
512,4 4 32,128,16.0,8,1.25,30200,1.59375,0,77,312,73,50,0,0,0,50,9,18,1.75,224.0,0.0,True,False
512,4 4 32,128,16.0,8,1.25,30400,1.58984375,0,73,312,73,54,0,0,0,54,10,18,1.765625,226.0,0.0,True,False
512,4 4 32,128,16.0,8,1.25,30600,1.58984375,0,73,312,73,54,0,0,0,54,10,18,1.765625,226.0,0.0,True,False
512,4 4 32,128,16.0,8,1.25,30800,1.57421875,0,62,326,70,54,0,0,0,54,12,18,1.828125,234.0,0.0,True,False
512,4 4 32,128,16.0,8,1.25,31000,1.57421875,0,62,326,70,54,0,0,0,54,12,18,1.828125,234.0,0.0,True,False
512,4 4 32,128,16.0,8,1.25,31200,1.53125,0,76,318,72,46,0,0,0,46,6,22,2.0,256.0,0.0,True,False
512,4 4 32,128,16.0,8,1.25,31400,1.55859375,0,58,326,74,54,0,0,0,54,9,20,1.890625,242.0,0.0,True,False
512,4 4 32,128,16.0,8,1.25,31600,1.55859375,0,58,326,74,54,0,0,0,54,9,20,1.890625,242.0,0.0,True,False
512,4 4 32,128,16.0,8,1.25,31800,1.5234375,0,58,336,66,52,0,0,0,52,12,18,2.03125,260.0,0.0,True,False
512,4 4 32,128,16.0,8,1.25,32000,1.5234375,0,48,340,68,56,0,0,0,56,14,18,2.03125,260.0,0.0,True,False
512,4 4 32,128,16.0,8,1.25,32200,1.51953125,0,44,340,68,60,0,0,0,60,15,18,2.046875,262.0,0.0,True,False
512,4 4 32,128,16.0,8,1.25,32400,1.4921875,0,44,352,60,56,0,0,0,56,13,16,2.15625,276.0,0.0,True,False
512,4 4 32,128,16.0,8,1.25,32600,1.521484375,0,45,352,60,52,3,0,0,55,13,16,2.0390625,261.0,0.0,True,False
512,4 4 32,128,16.0,8,1.25,32800,1.521484375,0,45,352,60,52,3,0,0,55,13,16,2.0390625,261.0,0.0,True,False
512,4 4 32,128,16.0,8,1.25,33000,1.517578125,0,56,338,63,52,3,0,0,55,12,16,2.0546875,263.0,0.0,True,False
512,4 4 32,128,16.0,8,1.25,33200,1.517578125,0,50,350,58,50,4,0,0,54,12,16,2.0546875,263.0,0.0,True,False
512,4 4 32,128,16.0,8,1.25,33400,1.529296875,0,56,334,67,52,3,0,0,55,15,16,2.0078125,257.0,0.0,True,False
512,4 4 32,128,16.0,8,1.25,33600,1.529296875,0,56,334,67,52,3,0,0,55,15,16,2.0078125,257.0,0.0,True,False
512,4 4 32,128,16.0,8,1.25,33800,1.548828125,0,56,330,75,48,3,0,0,51,12,18,1.9296875,247.0,0.0,True,False
512,4 4 32,128,16.0,8,1.25,34000,1.529296875,0,56,334,67,52,3,0,0,55,16,16,2.0078125,257.0,0.0,True,False
512,4 4 32,128,16.0,8,1.25,34200,1.529296875,0,56,334,67,52,3,0,0,55,16,16,2.0078125,257.0,0.0,True,False
512,4 4 32,128,16.0,8,1.25,34400,1.556640625,0,56,322,75,56,3,0,0,59,17,16,1.8984375,243.0,0.0,True,False
512,4 4 32,128,16.0,8,1.25,34600,1.52734375,0,44,328,76,64,0,0,0,64,18,16,2.015625,258.0,0.0,True,False
512,4 4 32,128,16.0,8,1.25,34800,1.515625,0,44,328,80,60,0,0,0,60,17,20,2.0625,264.0,0.0,True,False
512,4 4 32,128,16.0,8,1.25,35000,1.515625,0,56,320,80,56,0,0,0,56,17,20,2.0625,264.0,0.0,True,False
512,4 4 32,128,16.0,8,1.25,35200,1.51953125,0,60,320,80,52,0,0,0,52,17,20,2.046875,262.0,0.0,True,False
512,4 4 32,128,16.0,8,1.25,35400,1.51953125,0,48,328,80,56,0,0,0,56,17,20,2.046875,262.0,0.0,True,False
512,4 4 32,128,16.0,8,1.25,35600,1.5625,0,44,316,88,64,0,0,0,64,19,28,1.875,240.0,0.0,True,False
512,4 4 32,128,16.0,8,1.25,35800,1.54296875,0,40,324,84,64,0,0,0,64,17,30,1.953125,250.0,0.0,True,False
512,4 4 32,128,16.0,8,1.25,36000,1.51953125,0,44,320,88,60,0,0,0,60,17,28,2.046875,262.0,0.0,True,False
512,4 4 32,128,16.0,8,1.25,36200,1.50390625,0,44,328,84,56,0,0,0,56,16,26,2.109375,270.0,0.0,True,False
512,4 4 32,128,16.0,8,1.25,36400,1.50390625,0,44,328,84,56,0,0,0,56,16,26,2.109375,270.0,0.0,True,False
512,4 4 32,128,16.0,8,1.25,36600,1.49609375,0,48,332,80,52,0,0,0,52,15,24,2.140625,274.0,0.0,True,False
512,4 4 32,128,16.0,8,1.25,36800,1.44921875,0,44,352,68,48,0,0,0,48,12,24,2.328125,298.0,0.0,True,False
512,4 4 32,128,16.0,8,1.25,37000,1.44921875,0,44,352,68,48,0,0,0,48,12,24,2.328125,298.0,0.0,True,False
512,4 4 32,128,16.0,8,1.25,37200,1.45703125,0,32,336,80,64,0,0,0,64,14,28,2.296875,294.0,0.0,True,False
512,4 4 32,128,16.0,8,1.25,37400,1.4296875,0,32,344,80,56,0,0,0,56,14,24,2.40625,308.0,0.0,True,False
512,4 4 32,128,16.0,8,1.25,37600,1.38671875,0,32,364,68,48,0,0,0,48,10,20,2.578125,330.0,0.0,True,False
512,4 4 32,128,16.0,8,1.25,37800,1.421875,0,28,348,80,56,0,0,0,56,14,20,2.4375,312.0,0.0,True,False
512,4 4 32,128,16.0,8,1.25,38000,1.421875,0,24,348,92,48,0,0,0,48,14,24,2.4375,312.0,0.0,True,False
512,4 4 32,128,16.0,8,1.25,38200,1.39453125,0,24,360,84,44,0,0,0,44,11,24,2.546875,326.0,0.0,True,False
512,4 4 32,128,16.0,8,1.25,38400,1.375,0,28,348,96,40,0,0,0,40,13,52,2.625,336.0,0.0,True,False
512,4 4 32,128,16.0,8,1.25,38600,1.375,0,28,348,96,40,0,0,0,40,13,52,2.625,336.0,0.0,True,False
512,4 4 32,128,16.0,8,1.25,38800,1.38671875,0,24,340,100,48,0,0,0,48,14,52,2.578125,330.0,0.0,True,False
512,4 4 32,128,16.0,8,1.25,39000,1.3671875,0,32,352,92,36,0,0,0,36,13,48,2.65625,340.0,0.0,True,False
512,4 4 32,128,16.0,8,1.25,39200,1.3671875,0,32,352,92,36,0,0,0,36,13,48,2.65625,340.0,0.0,True,False
512,4 4 32,128,16.0,8,1.25,39400,1.375,0,28,348,96,40,0,0,0,40,13,52,2.625,336.0,0.0,True,False
512,4 4 32,128,16.0,8,1.25,39600,1.39453125,0,20,336,104,52,0,0,0,52,14,56,2.546875,326.0,0.0,True,False
512,4 4 32,128,16.0,8,1.25,39800,1.34375,0,12,356,92,52,0,0,0,52,9,56,2.75,352.0,0.0,True,False
512,4 4 32,128,16.0,8,1.25,40000,1.31640625,0,12,368,84,48,0,0,0,48,6,56,2.859375,366.0,0.0,True,False
512,4 4 32,128,16.0,8,1.25,40200,1.40234375,0,12,336,112,52,0,0,0,52,14,56,2.515625,322.0,0.0,True,False
512,4 4 32,128,16.0,8,1.25,40400,1.42578125,0,10,328,126,48,0,0,0,48,14,70,2.421875,310.0,0.0,True,False
512,4 4 32,128,16.0,8,1.25,40600,1.3828125,0,10,340,110,52,0,0,0,52,11,72,2.59375,332.0,0.0,True,False
512,4 4 32,128,16.0,8,1.25,40800,1.3828125,0,10,340,110,52,0,0,0,52,11,72,2.59375,332.0,0.0,True,False
512,4 4 32,128,16.0,8,1.25,41000,1.359375,0,12,348,96,56,0,0,0,56,11,58,2.6875,344.0,0.0,True,False
512,4 4 32,128,16.0,8,1.25,41200,1.359375,0,8,344,96,64,0,0,0,64,10,54,2.6875,344.0,0.0,True,False
512,4 4 32,128,16.0,8,1.25,41400,1.34765625,0,12,352,92,56,0,0,0,56,10,50,2.734375,350.0,0.0,True,False
512,4 4 32,128,16.0,8,1.25,41600,1.37109375,0,12,344,100,56,0,0,0,56,16,48,2.640625,338.0,0.0,True,False
512,4 4 32,128,16.0,8,1.25,41800,1.3515625,0,8,352,96,56,0,0,0,56,17,48,2.71875,348.0,0.0,True,False
512,4 4 32,128,16.0,8,1.25,42000,1.35546875,0,12,352,96,52,0,0,0,52,18,40,2.703125,346.0,0.0,True,False
512,4 4 32,128,16.0,8,1.25,42200,1.33984375,0,12,360,92,48,0,0,0,48,17,40,2.765625,354.0,0.0,True,False
512,4 4 32,128,16.0,8,1.25,42400,1.34765625,0,8,356,96,52,0,0,0,52,20,36,2.734375,350.0,0.0,True,False
512,4 4 32,128,16.0,8,1.25,42600,1.34765625,0,8,356,96,52,0,0,0,52,20,36,2.734375,350.0,0.0,True,False
512,4 4 32,128,16.0,8,1.25,42800,1.349609375,0,8,366,92,46,0,0,0,46,16,36,2.7265625,349.0,0.0,True,False
512,4 4 32,128,16.0,8,1.25,43000,1.31640625,0,12,378,84,38,0,0,0,38,12,36,2.859375,366.0,0.0,True,False
512,4 4 32,128,16.0,8,1.25,43200,1.3125,0,20,382,80,30,0,0,0,30,11,32,2.875,368.0,0.0,True,False
512,4 4 32,128,16.0,8,1.25,43400,1.30078125,0,20,386,76,30,0,0,0,30,11,32,2.921875,374.0,0.0,True,False
512,4 4 32,128,16.0,8,1.25,43600,1.32421875,0,16,374,84,38,0,0,0,38,15,32,2.828125,362.0,0.0,True,False
512,4 4 32,128,16.0,8,1.25,43800,1.375,0,12,350,100,50,0,0,0,50,15,38,2.625,336.0,0.0,True,False
512,4 4 32,128,16.0,8,1.25,44000,1.3671875,0,16,354,96,46,0,0,0,46,17,32,2.65625,340.0,0.0,True,False
512,4 4 32,128,16.0,8,1.25,44200,1.37109375,0,20,354,96,42,0,0,0,42,17,32,2.640625,338.0,0.0,True,False
512,4 4 32,128,16.0,8,1.25,44400,1.41796875,0,18,350,96,46,2,0,0,48,19,28,2.453125,314.0,0.0,True,False
512,4 4 32,128,16.0,8,1.25,44600,1.41796875,0,18,350,96,46,2,0,0,48,19,28,2.453125,314.0,0.0,True,False
512,4 4 32,128,16.0,8,1.25,44800,1.39453125,0,14,352,92,52,2,0,0,54,19,28,2.546875,326.0,0.0,True,False
512,4 4 32,128,16.0,8,1.25,45000,1.3671875,0,14,364,84,48,2,0,0,50,15,28,2.65625,340.0,0.0,True,False
512,4 4 32,128,16.0,8,1.25,45200,1.3671875,0,14,364,84,48,2,0,0,50,15,28,2.65625,340.0,0.0,True,False
512,4 4 32,128,16.0,8,1.25,45400,1.400390625,0,10,350,94,58,0,0,0,58,18,32,2.5234375,323.0,0.0,True,False
512,4 4 32,128,16.0,8,1.25,45600,1.392578125,0,14,354,90,54,0,0,0,54,14,32,2.5546875,327.0,0.0,True,False
512,4 4 32,128,16.0,8,1.25,45800,1.33984375,0,14,376,76,44,2,0,0,46,13,26,2.765625,354.0,0.0,True,False
512,4 4 32,128,16.0,8,1.25,46000,1.34765625,0,10,372,80,48,2,0,0,50,18,28,2.734375,350.0,0.0,True,False
512,4 4 32,128,16.0,8,1.25,46200,1.375,0,10,360,88,52,2,0,0,54,20,30,2.625,336.0,0.0,True,False
512,4 4 32,128,16.0,8,1.25,46400,1.33203125,0,10,380,76,44,2,0,0,46,18,28,2.796875,358.0,0.0,True,False
512,4 4 32,128,16.0,8,1.25,46600,1.3046875,0,10,392,68,40,2,0,0,42,14,28,2.90625,372.0,0.0,True,False
512,4 4 32,128,16.0,8,1.25,46800,1.353515625,0,6,370,82,54,0,0,0,54,19,28,2.7109375,347.0,0.0,True,False
512,4 4 32,128,16.0,8,1.25,47000,1.32421875,0,10,380,72,48,2,0,0,50,9,28,2.828125,362.0,0.0,True,False
512,4 4 32,128,16.0,8,1.25,47200,1.353515625,0,10,378,76,46,2,0,0,48,8,36,2.7109375,347.0,0.0,True,False
512,4 4 32,128,16.0,8,1.25,47400,1.349609375,0,10,382,76,42,2,0,0,44,13,36,2.7265625,349.0,0.0,True,False
512,4 4 32,128,16.0,8,1.25,47600,1.376953125,0,10,370,84,46,2,0,0,48,17,36,2.6171875,335.0,0.0,True,False
512,4 4 32,128,16.0,8,1.25,47800,1.314453125,0,12,382,80,38,0,0,0,38,14,38,2.8671875,367.0,0.0,True,False
512,4 4 32,128,16.0,8,1.25,48000,1.357421875,0,12,364,88,48,0,0,0,48,20,34,2.6953125,345.0,0.0,True,False
512,4 4 32,128,16.0,8,1.25,48200,1.357421875,0,12,364,88,48,0,0,0,48,20,34,2.6953125,345.0,0.0,True,False
512,4 4 32,128,16.0,8,1.25,48400,1.396484375,0,12,348,100,52,0,0,0,52,24,32,2.5390625,325.0,0.0,True,False
512,4 4 32,128,16.0,8,1.25,48600,1.396484375,0,12,348,100,52,0,0,0,52,24,32,2.5390625,325.0,0.0,True,False
512,4 4 32,128,16.0,8,1.25,48800,1.375,0,8,344,104,56,0,0,0,56,24,36,2.625,336.0,0.0,True,False
512,4 4 32,128,16.0,8,1.25,49000,1.3515625,0,8,352,96,56,0,0,0,56,17,36,2.71875,348.0,0.0,True,False
512,4 4 32,128,16.0,8,1.25,49200,1.359375,0,4,356,104,48,0,0,0,48,17,56,2.6875,344.0,0.0,True,False
512,4 4 32,128,16.0,8,1.25,49400,1.3046875,0,8,376,84,44,0,0,0,44,18,32,2.90625,372.0,0.0,True,False
512,4 4 32,128,16.0,8,1.25,49600,1.32421875,0,8,374,88,42,0,0,0,42,14,44,2.828125,362.0,0.0,True,False
512,4 4 32,128,16.0,8,1.25,49800,1.28125,0,8,394,76,34,0,0,0,34,9,44,3.0,384.0,0.0,True,False
512,4 4 32,128,16.0,8,1.25,50000,1.30859375,0,8,382,84,38,0,0,0,38,11,44,2.890625,370.0,0.0,True,False
512,4 4 32,128,16.0,8,1.25,50200,1.30859375,0,8,382,84,38,0,0,0,38,14,38,2.890625,370.0,0.0,True,False
512,4 4 32,128,16.0,8,1.25,50400,1.30859375,0,8,382,84,38,0,0,0,38,14,38,2.890625,370.0,0.0,True,False
512,4 4 32,128,16.0,8,1.25,50600,1.310546875,0,4,378,80,50,0,0,0,50,14,32,2.8828125,369.0,0.0,True,False
512,4 4 32,128,16.0,8,1.25,50800,1.326171875,0,4,370,84,54,0,0,0,54,15,32,2.8203125,361.0,0.0,True,False
512,4 4 32,128,16.0,8,1.25,51000,1.326171875,0,4,370,84,54,0,0,0,54,12,38,2.8203125,361.0,0.0,True,False
512,4 4 32,128,16.0,8,1.25,51200,1.298828125,0,4,382,76,50,0,0,0,50,10,38,2.9296875,375.0,0.0,True,False
512,4 4 32,128,16.0,8,1.25,51400,1.341796875,0,4,372,88,48,0,0,0,48,10,38,2.7578125,353.0,0.0,True,False
512,4 4 32,128,16.0,8,1.25,51600,1.36328125,0,4,354,100,54,0,0,0,54,13,38,2.671875,342.0,0.0,True,False
512,4 4 32,128,16.0,8,1.25,51800,1.3671875,0,8,354,100,50,0,0,0,50,13,38,2.65625,340.0,0.0,True,False
512,4 4 32,128,16.0,8,1.25,52000,1.32421875,0,8,364,88,52,0,0,0,52,13,38,2.828125,362.0,0.0,True,False
512,4 4 32,128,16.0,8,1.25,52200,1.30078125,0,12,376,80,44,0,0,0,44,11,36,2.921875,374.0,0.0,True,False
512,4 4 32,128,16.0,8,1.25,52400,1.33203125,0,16,364,88,44,0,0,0,44,15,36,2.796875,358.0,0.0,True,False
512,4 4 32,128,16.0,8,1.25,52600,1.3046875,0,16,376,80,40,0,0,0,40,11,36,2.90625,372.0,0.0,True,False
512,4 4 32,128,16.0,8,1.25,52800,1.31640625,0,12,368,84,48,0,0,0,48,10,36,2.859375,366.0,0.0,True,False
512,4 4 32,128,16.0,8,1.25,53000,1.359375,0,12,348,96,56,0,0,0,56,16,34,2.6875,344.0,0.0,True,False
512,4 4 32,128,16.0,8,1.25,53200,1.32421875,0,12,368,88,44,0,0,0,44,18,32,2.828125,362.0,0.0,True,False
512,4 4 32,128,16.0,8,1.25,53400,1.3671875,0,12,360,96,44,0,0,0,44,9,32,2.65625,340.0,0.0,True,False
512,4 4 32,128,16.0,8,1.25,53600,1.33203125,0,12,368,92,40,0,0,0,40,10,32,2.796875,358.0,0.0,True,False
512,4 4 32,128,16.0,8,1.25,53800,1.33203125,0,12,368,92,40,0,0,0,40,10,32,2.796875,358.0,0.0,True,False
512,4 4 32,128,16.0,8,1.25,54000,1.37109375,0,12,352,104,44,0,0,0,44,13,34,2.640625,338.0,0.0,True,False
512,4 4 32,128,16.0,8,1.25,54200,1.375,0,4,348,108,52,0,0,0,52,13,38,2.625,336.0,0.0,True,False
512,4 4 32,128,16.0,8,1.25,54400,1.390625,0,4,340,112,56,0,0,0,56,13,38,2.5625,328.0,0.0,True,False
512,4 4 32,128,16.0,8,1.25,54600,1.35546875,0,2,360,110,40,0,0,0,40,11,58,2.703125,346.0,0.0,True,False
512,4 4 32,128,16.0,8,1.25,54800,1.328125,0,2,372,102,36,0,0,0,36,11,50,2.8125,360.0,0.0,True,False
512,4 4 32,128,16.0,8,1.25,55000,1.375,0,4,348,108,52,0,0,0,52,18,38,2.625,336.0,0.0,True,False
512,4 4 32,128,16.0,8,1.25,55200,1.3125,0,4,372,88,48,0,0,0,48,18,36,2.875,368.0,0.0,True,False
512,4 4 32,128,16.0,8,1.25,55400,1.30859375,0,0,372,88,52,0,0,0,52,18,36,2.890625,370.0,0.0,True,False
512,4 4 32,128,16.0,8,1.25,55600,1.3359375,0,0,360,96,56,0,0,0,56,22,36,2.78125,356.0,0.0,True,False
512,4 4 32,128,16.0,8,1.25,55800,1.30859375,0,0,372,88,52,0,0,0,52,18,36,2.890625,370.0,0.0,True,False
512,4 4 32,128,16.0,8,1.25,56000,1.32421875,0,0,364,92,56,0,0,0,56,19,36,2.828125,362.0,0.0,True,False
512,4 4 32,128,16.0,8,1.25,56200,1.34765625,0,4,360,100,48,0,0,0,48,15,52,2.734375,350.0,0.0,True,False
512,4 4 32,128,16.0,8,1.25,56400,1.3671875,0,8,354,100,50,0,0,0,50,21,40,2.65625,340.0,0.0,True,False
512,4 4 32,128,16.0,8,1.25,56600,1.345703125,0,4,366,92,50,0,0,0,50,15,38,2.7421875,351.0,0.0,True,False
512,4 4 32,128,16.0,8,1.25,56800,1.380859375,0,0,350,104,58,0,0,0,58,20,40,2.6015625,333.0,0.0,True,False
512,4 4 32,128,16.0,8,1.25,57000,1.353515625,0,0,362,96,54,0,0,0,54,19,40,2.7109375,347.0,0.0,True,False
512,4 4 32,128,16.0,8,1.25,57200,1.337890625,0,0,370,92,50,0,0,0,50,18,40,2.7734375,355.0,0.0,True,False
512,4 4 32,128,16.0,8,1.25,57400,1.28125,0,4,390,76,42,0,0,0,42,15,32,3.0,384.0,0.0,True,False
512,4 4 32,128,16.0,8,1.25,57600,1.30078125,0,4,378,80,50,0,0,0,50,11,44,2.921875,374.0,0.0,True,False
512,4 4 32,128,16.0,8,1.25,57800,1.3203125,0,4,374,88,46,0,0,0,46,23,28,2.84375,364.0,0.0,True,False
512,4 4 32,128,16.0,8,1.25,58000,1.3046875,0,4,382,84,42,0,0,0,42,22,28,2.90625,372.0,0.0,True,False
512,4 4 32,128,16.0,8,1.25,58200,1.28125,0,0,384,80,48,0,0,0,48,22,24,3.0,384.0,0.0,True,False
512,4 4 32,128,16.0,8,1.25,58400,1.28515625,0,0,380,80,52,0,0,0,52,18,32,2.984375,382.0,0.0,True,False
512,4 4 32,128,16.0,8,1.25,58600,1.30078125,0,0,372,84,56,0,0,0,56,18,22,2.921875,374.0,0.0,True,False
512,4 4 32,128,16.0,8,1.25,58800,1.328125,0,4,364,92,52,0,0,0,52,17,20,2.8125,360.0,0.0,True,False
512,4 4 32,128,16.0,8,1.25,59000,1.34375,0,4,356,96,56,0,0,0,56,17,20,2.75,352.0,0.0,True,False
512,4 4 32,128,16.0,8,1.25,59200,1.30078125,0,4,376,84,48,0,0,0,48,17,20,2.921875,374.0,0.0,True,False
512,4 4 32,128,16.0,8,1.25,59400,1.30078125,0,4,376,84,48,0,0,0,48,17,20,2.921875,374.0,0.0,True,False
512,4 4 32,128,16.0,8,1.25,59600,1.27734375,0,4,384,76,48,0,0,0,48,10,40,3.015625,386.0,0.0,True,False
512,4 4 32,128,16.0,8,1.25,59800,1.25,0,4,396,68,44,0,0,0,44,6,40,3.125,400.0,0.0,True,False
512,4 4 32,128,16.0,8,1.25,60000,1.27734375,0,4,384,76,48,0,0,0,48,10,40,3.015625,386.0,0.0,True,False
512,4 4 32,128,16.0,8,1.25,60200,1.27734375,0,4,384,76,48,0,0,0,48,10,40,3.015625,386.0,0.0,True,False
512,4 4 32,128,16.0,8,1.25,60400,1.27734375,0,4,384,76,48,0,0,0,48,10,40,3.015625,386.0,0.0,True,False
512,4 4 32,128,16.0,8,1.25,60600,1.2734375,0,4,388,76,44,0,0,0,44,13,20,3.03125,388.0,0.0,True,False
512,4 4 32,128,16.0,8,1.25,60800,1.2734375,0,4,388,76,44,0,0,0,44,13,20,3.03125,388.0,0.0,True,False
512,4 4 32,128,16.0,8,1.25,61000,1.27734375,0,4,384,76,48,0,0,0,48,10,40,3.015625,386.0,0.0,True,False
512,4 4 32,128,16.0,8,1.25,61200,1.30859375,0,4,368,84,56,0,0,0,56,11,42,2.890625,370.0,0.0,True,False
512,4 4 32,128,16.0,8,1.25,61400,1.3359375,0,4,356,92,60,0,0,0,60,15,42,2.78125,356.0,0.0,True,False
512,4 4 32,128,16.0,8,1.25,61600,1.3046875,0,4,372,84,52,0,0,0,52,14,40,2.90625,372.0,0.0,True,False
512,4 4 32,128,16.0,8,1.25,61800,1.29296875,0,8,380,80,44,0,0,0,44,14,36,2.953125,378.0,0.0,True,False
512,4 4 32,128,16.0,8,1.25,62000,1.34375,0,4,356,96,56,0,0,0,56,17,40,2.75,352.0,0.0,True,False
512,4 4 32,128,16.0,8,1.25,62200,1.30859375,0,0,372,88,52,0,0,0,52,18,40,2.890625,370.0,0.0,True,False
512,4 4 32,128,16.0,8,1.25,62400,1.3046875,0,4,380,88,40,0,0,0,40,11,40,2.90625,372.0,0.0,True,False
512,4 4 32,128,16.0,8,1.25,62600,1.3046875,0,4,380,88,40,0,0,0,40,11,40,2.90625,372.0,0.0,True,False
512,4 4 32,128,16.0,8,1.25,62800,1.30859375,0,8,380,88,36,0,0,0,36,11,40,2.890625,370.0,0.0,True,False
512,4 4 32,128,16.0,8,1.25,63000,1.31640625,0,8,386,81,36,1,0,0,37,15,39,2.859375,366.0,0.0,True,False
512,4 4 32,128,16.0,8,1.25,63200,1.26953125,0,12,392,72,36,0,0,0,36,11,36,3.046875,390.0,0.0,True,False
512,4 4 32,128,16.0,8,1.25,63400,1.296875,0,8,384,84,36,0,0,0,36,8,40,2.9375,376.0,0.0,True,False
512,4 4 32,128,16.0,8,1.25,63600,1.28125,0,8,392,80,32,0,0,0,32,7,40,3.0,384.0,0.0,True,False
512,4 4 32,128,16.0,8,1.25,63800,1.25390625,0,12,400,68,32,0,0,0,32,10,36,3.109375,398.0,0.0,True,False
512,4 4 32,128,16.0,8,1.25,64000,1.26953125,0,12,392,72,36,0,0,0,36,11,36,3.046875,390.0,0.0,True,False
512,4 4 32,128,16.0,8,1.25,64200,1.22265625,0,8,412,60,32,0,0,0,32,6,36,3.234375,414.0,0.0,True,False
512,4 4 32,128,16.0,8,1.25,64400,1.22265625,0,8,412,60,32,0,0,0,32,6,36,3.234375,414.0,0.0,True,False
512,4 4 32,128,16.0,8,1.25,64600,1.23828125,0,8,404,64,36,0,0,0,36,6,36,3.171875,406.0,0.0,True,False
512,4 4 32,128,16.0,8,1.25,64800,1.23828125,0,8,404,64,36,0,0,0,36,6,36,3.171875,406.0,0.0,True,False
512,4 4 32,128,16.0,8,1.25,65000,1.27734375,0,4,384,76,48,0,0,0,48,9,40,3.015625,386.0,0.0,True,False
512,4 4 32,128,16.0,8,1.25,65200,1.27734375,0,4,384,76,48,0,0,0,48,9,40,3.015625,386.0,0.0,True,False
512,4 4 32,128,16.0,8,1.25,65400,1.27734375,0,4,384,76,48,0,0,0,48,9,40,3.015625,386.0,0.0,True,False
512,4 4 32,128,16.0,8,1.25,65600,1.2890625,0,4,380,80,48,0,0,0,48,14,36,2.96875,380.0,0.0,True,False
512,4 4 32,128,16.0,8,1.25,65800,1.2890625,0,4,380,80,48,0,0,0,48,14,36,2.96875,380.0,0.0,True,False
512,4 4 32,128,16.0,8,1.25,66000,1.29296875,0,8,380,80,44,0,0,0,44,14,36,2.953125,378.0,0.0,True,False
512,4 4 32,128,16.0,8,1.25,66200,1.27734375,0,8,388,76,40,0,0,0,40,14,36,3.015625,386.0,0.0,True,False
512,4 4 32,128,16.0,8,1.25,66400,1.2734375,0,4,388,76,44,0,0,0,44,14,36,3.03125,388.0,0.0,True,False
512,4 4 32,128,16.0,8,1.25,66600,1.25,0,4,396,68,44,0,0,0,44,9,28,3.125,400.0,0.0,True,False
512,4 4 32,128,16.0,8,1.25,66800,1.265625,0,4,388,72,48,0,0,0,48,9,32,3.0625,392.0,0.0,True,False
512,4 4 32,128,16.0,8,1.25,67000,1.234375,0,4,404,64,40,0,0,0,40,10,28,3.1875,408.0,0.0,True,False
512,4 4 32,128,16.0,8,1.25,67200,1.234375,0,4,404,64,40,0,0,0,40,10,28,3.1875,408.0,0.0,True,False
512,4 4 32,128,16.0,8,1.25,67400,1.22265625,0,4,408,60,40,0,0,0,40,6,32,3.234375,414.0,0.0,True,False
512,4 4 32,128,16.0,8,1.25,67600,1.26171875,0,4,392,72,44,0,0,0,44,11,24,3.078125,394.0,0.0,True,False
512,4 4 32,128,16.0,8,1.25,67800,1.27734375,0,4,384,76,48,0,0,0,48,12,24,3.015625,386.0,0.0,True,False
512,4 4 32,128,16.0,8,1.25,68000,1.2578125,0,0,392,72,48,0,0,0,48,12,24,3.09375,396.0,0.0,True,False
512,4 4 32,128,16.0,8,1.25,68200,1.23046875,0,0,404,64,44,0,0,0,44,8,24,3.203125,410.0,0.0,True,False
512,4 4 32,128,16.0,8,1.25,68400,1.2578125,0,0,392,72,48,0,0,0,48,12,24,3.09375,396.0,0.0,True,False
512,4 4 32,128,16.0,8,1.25,68600,1.23046875,0,0,404,64,44,0,0,0,44,11,24,3.203125,410.0,0.0,True,False
512,4 4 32,128,16.0,8,1.25,68800,1.19921875,0,0,420,56,36,0,0,0,36,10,24,3.328125,426.0,0.0,True,False
512,4 4 32,128,16.0,8,1.25,69000,1.2265625,0,0,408,64,40,0,0,0,40,14,24,3.21875,412.0,0.0,True,False
512,4 4 32,128,16.0,8,1.25,69200,1.2109375,0,0,416,60,36,0,0,0,36,14,20,3.28125,420.0,0.0,True,False
512,4 4 32,128,16.0,8,1.25,69400,1.2109375,0,0,416,60,36,0,0,0,36,13,22,3.28125,420.0,0.0,True,False
512,4 4 32,128,16.0,8,1.25,69600,1.18359375,0,0,428,52,32,0,0,0,32,10,20,3.390625,434.0,0.0,True,False
512,4 4 32,128,16.0,8,1.25,69800,1.2109375,0,0,416,60,36,0,0,0,36,14,20,3.28125,420.0,0.0,True,False
512,4 4 32,128,16.0,8,1.25,70000,1.22265625,0,0,412,64,36,0,0,0,36,17,16,3.234375,414.0,0.0,True,False
512,4 4 32,128,16.0,8,1.25,70200,1.1953125,0,0,424,56,32,0,0,0,32,14,16,3.34375,428.0,0.0,True,False
512,4 4 32,128,16.0,8,1.25,70400,1.16796875,0,0,436,48,28,0,0,0,28,10,16,3.453125,442.0,0.0,True,False
512,4 4 32,128,16.0,8,1.25,70600,1.16796875,0,0,436,48,28,0,0,0,28,10,16,3.453125,442.0,0.0,True,False
512,4 4 32,128,16.0,8,1.25,70800,1.1953125,0,0,424,56,32,0,0,0,32,12,16,3.34375,428.0,0.0,True,False
512,4 4 32,128,16.0,8,1.25,71000,1.18359375,0,0,428,52,32,0,0,0,32,9,16,3.390625,434.0,0.0,True,False
512,4 4 32,128,16.0,8,1.25,71200,1.18359375,0,0,428,52,32,0,0,0,32,9,16,3.390625,434.0,0.0,True,False
512,4 4 32,128,16.0,8,1.25,71400,1.18359375,0,0,428,52,32,0,0,0,32,9,16,3.390625,434.0,0.0,True,False
512,4 4 32,128,16.0,8,1.25,71600,1.25390625,0,0,396,72,44,0,0,0,44,16,16,3.109375,398.0,0.0,True,False
512,4 4 32,128,16.0,8,1.25,71800,1.18359375,0,0,428,52,32,0,0,0,32,11,16,3.390625,434.0,0.0,True,False
512,4 4 32,128,16.0,8,1.25,72000,1.2265625,0,0,408,64,40,0,0,0,40,14,24,3.21875,412.0,0.0,True,False
512,4 4 32,128,16.0,8,1.25,72200,1.2421875,0,4,404,68,36,0,0,0,36,14,28,3.15625,404.0,0.0,True,False
512,4 4 32,128,16.0,8,1.25,72400,1.2421875,0,4,404,68,36,0,0,0,36,14,28,3.15625,404.0,0.0,True,False
512,4 4 32,128,16.0,8,1.25,72600,1.20703125,0,8,420,56,28,0,0,0,28,10,24,3.296875,422.0,0.0,True,False
512,4 4 32,128,16.0,8,1.25,72800,1.26953125,0,4,392,76,40,0,0,0,40,18,28,3.046875,390.0,0.0,True,False
512,4 4 32,128,16.0,8,1.25,73000,1.2578125,0,4,396,72,40,0,0,0,40,18,24,3.09375,396.0,0.0,True,False
512,4 4 32,128,16.0,8,1.25,73200,1.296875,0,0,386,84,42,0,0,0,42,18,36,2.9375,376.0,0.0,True,False
512,4 4 32,128,16.0,8,1.25,73400,1.25390625,0,2,400,78,32,0,0,0,32,14,38,3.109375,398.0,0.0,True,False
512,4 4 32,128,16.0,8,1.25,73600,1.23046875,0,2,404,78,28,0,0,0,28,9,46,3.203125,410.0,0.0,True,False
512,4 4 32,128,16.0,8,1.25,73800,1.23046875,0,2,404,78,28,0,0,0,28,10,46,3.203125,410.0,0.0,True,False
512,4 4 32,128,16.0,8,1.25,74000,1.26953125,0,0,378,96,38,0,0,0,38,10,56,3.046875,390.0,0.0,True,False
512,4 4 32,128,16.0,8,1.25,74200,1.296875,0,0,366,104,42,0,0,0,42,14,56,2.9375,376.0,0.0,True,False
512,4 4 32,128,16.0,8,1.25,74400,1.28125,0,0,374,100,38,0,0,0,38,14,52,3.0,384.0,0.0,True,False
512,4 4 32,128,16.0,8,1.25,74600,1.28125,0,0,374,100,38,0,0,0,38,14,52,3.0,384.0,0.0,True,False
512,4 4 32,128,16.0,8,1.25,74800,1.27734375,0,0,382,92,38,0,0,0,38,14,44,3.015625,386.0,0.0,True,False
512,4 4 32,128,16.0,8,1.25,75000,1.28125,0,4,382,92,34,0,0,0,34,15,44,3.0,384.0,0.0,True,False
512,4 4 32,128,16.0,8,1.25,75200,1.27734375,0,4,390,84,34,0,0,0,34,16,34,3.015625,386.0,0.0,True,False
512,4 4 32,128,16.0,8,1.25,75400,1.310546875,0,0,372,104,36,0,0,0,36,12,46,2.8828125,369.0,0.0,True,False
512,4 4 32,128,16.0,8,1.25,75600,1.28125,0,0,376,96,40,0,0,0,40,16,42,3.0,384.0,0.0,True,False
512,4 4 32,128,16.0,8,1.25,75800,1.265625,0,0,384,92,36,0,0,0,36,15,42,3.0625,392.0,0.0,True,False
512,4 4 32,128,16.0,8,1.25,76000,1.296875,0,0,380,96,36,0,0,0,36,12,36,2.9375,376.0,0.0,True,False
512,4 4 32,128,16.0,8,1.25,76200,1.322265625,0,0,362,100,50,0,0,0,50,13,42,2.8359375,363.0,0.0,True,False
512,4 4 32,128,16.0,8,1.25,76400,1.29296875,0,0,372,100,40,0,0,0,40,18,42,2.953125,378.0,0.0,True,False
512,4 4 32,128,16.0,8,1.25,76600,1.31640625,0,0,368,100,44,0,0,0,44,18,36,2.859375,366.0,0.0,True,False
512,4 4 32,128,16.0,8,1.25,76800,1.28125,0,0,372,104,36,0,0,0,36,14,52,3.0,384.0,0.0,True,False
512,4 4 32,128,16.0,8,1.25,77000,1.26171875,0,0,388,92,32,0,0,0,32,16,42,3.078125,394.0,0.0,True,False
512,4 4 32,128,16.0,8,1.25,77200,1.25390625,0,0,384,96,32,0,0,0,32,15,48,3.109375,398.0,0.0,True,False
512,4 4 32,128,16.0,8,1.25,77400,1.26171875,0,0,388,92,32,0,0,0,32,13,50,3.078125,394.0,0.0,True,False
512,4 4 32,128,16.0,8,1.25,77600,1.26171875,0,0,388,92,32,0,0,0,32,13,50,3.078125,394.0,0.0,True,False
512,4 4 32,128,16.0,8,1.25,77800,1.234375,0,0,400,84,28,0,0,0,28,9,50,3.1875,408.0,0.0,True,False
512,4 4 32,128,16.0,8,1.25,78000,1.234375,0,0,416,72,24,0,0,0,24,8,40,3.1875,408.0,0.0,True,False
512,4 4 32,128,16.0,8,1.25,78200,1.220703125,0,0,422,68,22,0,0,0,22,8,36,3.2421875,415.0,0.0,True,False
512,4 4 32,128,16.0,8,1.25,78400,1.224609375,0,0,414,76,22,0,0,0,22,9,42,3.2265625,413.0,0.0,True,False
512,4 4 32,128,16.0,8,1.25,78600,1.251953125,0,0,402,84,26,0,0,0,26,13,42,3.1171875,399.0,0.0,True,False
512,4 4 32,128,16.0,8,1.25,78800,1.251953125,0,0,402,84,26,0,0,0,26,13,42,3.1171875,399.0,0.0,True,False
512,4 4 32,128,16.0,8,1.25,79000,1.234375,0,0,400,84,28,0,0,0,28,13,42,3.1875,408.0,0.0,True,False
512,4 4 32,128,16.0,8,1.25,79200,1.26953125,0,0,394,84,34,0,0,0,34,17,34,3.046875,390.0,0.0,True,False
512,4 4 32,128,16.0,8,1.25,79400,1.26953125,0,0,394,84,34,0,0,0,34,17,34,3.046875,390.0,0.0,True,False
512,4 4 32,128,16.0,8,1.25,79600,1.3046875,0,0,382,96,34,0,0,0,34,14,34,2.90625,372.0,0.0,True,False
512,4 4 32,128,16.0,8,1.25,79800,1.2734375,0,0,390,84,38,0,0,0,38,16,34,3.03125,388.0,0.0,True,False
512,4 4 32,128,16.0,8,1.25,80000,1.2578125,0,0,398,80,34,0,0,0,34,16,34,3.09375,396.0,0.0,True,False
512,4 4 32,128,16.0,8,1.25,80200,1.28515625,0,0,386,88,38,0,0,0,38,19,34,2.984375,382.0,0.0,True,False
512,4 4 32,128,16.0,8,1.25,80400,1.28515625,0,0,386,88,38,0,0,0,38,19,34,2.984375,382.0,0.0,True,False
512,4 4 32,128,16.0,8,1.25,80600,1.26953125,0,0,394,84,34,0,0,0,34,19,34,3.046875,390.0,0.0,True,False
512,4 4 32,128,16.0,8,1.25,80800,1.2890625,0,0,376,100,36,0,0,0,36,17,42,2.96875,380.0,0.0,True,False
512,4 4 32,128,16.0,8,1.25,81000,1.3046875,0,0,368,104,40,0,0,0,40,18,42,2.90625,372.0,0.0,True,False
512,4 4 32,128,16.0,8,1.25,81200,1.3203125,0,0,360,108,44,0,0,0,44,16,42,2.84375,364.0,0.0,True,False
512,4 4 32,128,16.0,8,1.25,81400,1.3203125,0,0,360,108,44,0,0,0,44,16,42,2.84375,364.0,0.0,True,False
512,4 4 32,128,16.0,8,1.25,81600,1.3046875,0,0,368,104,40,0,0,0,40,18,42,2.90625,372.0,0.0,True,False
512,4 4 32,128,16.0,8,1.25,81800,1.3046875,0,0,368,104,40,0,0,0,40,18,42,2.90625,372.0,0.0,True,False
512,4 4 32,128,16.0,8,1.25,82000,1.26171875,0,0,388,92,32,0,0,0,32,13,42,3.078125,394.0,0.0,True,False
512,4 4 32,128,16.0,8,1.25,82200,1.33203125,0,0,356,112,44,0,0,0,44,20,42,2.796875,358.0,0.0,True,False
512,4 4 32,128,16.0,8,1.25,82400,1.3046875,0,0,368,104,40,0,0,0,40,20,42,2.90625,372.0,0.0,True,False
512,4 4 32,128,16.0,8,1.25,82600,1.2890625,0,0,376,100,36,0,0,0,36,19,42,2.96875,380.0,0.0,True,False
512,4 4 32,128,16.0,8,1.25,82800,1.27734375,0,0,380,96,36,0,0,0,36,14,44,3.015625,386.0,0.0,True,False
512,4 4 32,128,16.0,8,1.25,83000,1.265625,0,0,380,100,32,0,0,0,32,15,56,3.0625,392.0,0.0,True,False
512,4 4 32,128,16.0,8,1.25,83200,1.3203125,0,0,356,116,40,0,0,0,40,17,56,2.84375,364.0,0.0,True,False
512,4 4 32,128,16.0,8,1.25,83400,1.33984375,0,0,372,104,36,0,0,0,36,14,52,2.765625,354.0,0.0,True,False
512,4 4 32,128,16.0,8,1.25,83600,1.359375,0,0,376,96,40,0,0,0,40,19,34,2.6875,344.0,0.0,True,False
512,4 4 32,128,16.0,8,1.25,83800,1.3515625,0,0,372,100,40,0,0,0,40,19,38,2.71875,348.0,0.0,True,False
512,4 4 32,128,16.0,8,1.25,84000,1.32421875,0,0,384,92,36,0,0,0,36,15,38,2.828125,362.0,0.0,True,False
512,4 4 32,128,16.0,8,1.25,84200,1.33984375,0,0,376,96,40,0,0,0,40,19,38,2.765625,354.0,0.0,True,False
512,4 4 32,128,16.0,8,1.25,84400,1.357421875,0,0,378,96,38,0,0,0,38,19,38,2.6953125,345.0,0.0,True,False
512,4 4 32,128,16.0,8,1.25,84600,1.35546875,0,0,382,92,38,0,0,0,38,14,44,2.703125,346.0,0.0,True,False
512,4 4 32,128,16.0,8,1.25,84800,1.35546875,0,0,382,92,38,0,0,0,38,14,44,2.703125,346.0,0.0,True,False
512,4 4 32,128,16.0,8,1.25,85000,1.341796875,0,4,380,92,36,0,0,0,36,14,44,2.7578125,353.0,0.0,True,False
512,4 4 32,128,16.0,8,1.25,85200,1.384765625,0,0,372,92,48,0,0,0,48,14,44,2.5859375,331.0,0.0,True,False
512,4 4 32,128,16.0,8,1.25,85400,1.341796875,0,0,392,80,40,0,0,0,40,12,44,2.7578125,353.0,0.0,True,False
512,4 4 32,128,16.0,8,1.25,85600,1.369140625,0,0,380,88,44,0,0,0,44,16,44,2.6484375,339.0,0.0,True,False
512,4 4 32,128,16.0,8,1.25,85800,1.369140625,0,0,380,88,44,0,0,0,44,16,44,2.6484375,339.0,0.0,True,False
512,4 4 32,128,16.0,8,1.25,86000,1.283203125,0,0,404,76,32,0,0,0,32,8,44,2.9921875,383.0,0.0,True,False
512,4 4 32,128,16.0,8,1.25,86200,1.310546875,0,0,392,84,36,0,0,0,36,12,44,2.8828125,369.0,0.0,True,False
512,4 4 32,128,16.0,8,1.25,86400,1.30859375,0,0,398,76,38,0,0,0,38,12,40,2.890625,370.0,0.0,True,False
512,4 4 32,128,16.0,8,1.25,86600,1.244140625,0,0,404,76,32,0,0,0,32,10,44,3.1484375,403.0,0.0,True,False
512,4 4 32,128,16.0,8,1.25,86800,1.236328125,0,0,396,88,28,0,0,0,28,9,56,3.1796875,407.0,0.0,True,False
512,4 4 32,128,16.0,8,1.25,87000,1.2734375,0,0,390,84,38,0,0,0,38,14,42,3.03125,388.0,0.0,True,False
512,4 4 32,128,16.0,8,1.25,87200,1.298828125,0,0,384,84,44,0,0,0,44,17,36,2.9296875,375.0,0.0,True,False
512,4 4 32,128,16.0,8,1.25,87400,1.271484375,0,0,396,76,40,0,0,0,40,14,36,3.0390625,389.0,0.0,True,False
512,4 4 32,128,16.0,8,1.25,87600,1.23828125,0,0,404,68,40,0,0,0,40,18,16,3.171875,406.0,0.0,True,False
512,4 4 32,128,16.0,8,1.25,87800,1.275390625,0,0,406,69,36,1,0,0,37,17,23,3.0234375,387.0,0.0,True,False
512,4 4 32,128,16.0,8,1.25,88000,1.275390625,0,0,406,69,36,1,0,0,37,17,23,3.0234375,387.0,0.0,True,False
512,4 4 32,128,16.0,8,1.25,88200,1.302734375,0,0,394,77,40,1,0,0,41,21,23,2.9140625,373.0,0.0,True,False
512,4 4 32,128,16.0,8,1.25,88400,1.302734375,0,0,394,77,40,1,0,0,41,20,23,2.9140625,373.0,0.0,True,False
512,4 4 32,128,16.0,8,1.25,88600,1.25,0,0,400,72,40,0,0,0,40,21,16,3.125,400.0,0.0,True,False
512,4 4 32,128,16.0,8,1.25,88800,1.310546875,0,0,386,76,50,0,0,0,50,19,16,2.8828125,369.0,0.0,True,False
512,4 4 32,128,16.0,8,1.25,89000,1.310546875,0,0,386,76,50,0,0,0,50,19,16,2.8828125,369.0,0.0,True,False
512,4 4 32,128,16.0,8,1.25,89200,1.29296875,0,0,380,84,48,0,0,0,48,22,16,2.953125,378.0,0.0,True,False
512,4 4 32,128,16.0,8,1.25,89400,1.23828125,0,0,404,68,40,0,0,0,40,16,16,3.171875,406.0,0.0,True,False
512,4 4 32,128,16.0,8,1.25,89600,1.25390625,0,0,396,72,44,0,0,0,44,18,18,3.109375,398.0,0.0,True,False
512,4 4 32,128,16.0,8,1.25,89800,1.23828125,0,0,404,68,40,0,0,0,40,19,18,3.171875,406.0,0.0,True,False
512,4 4 32,128,16.0,8,1.25,90000,1.30078125,0,0,384,80,48,0,0,0,48,21,18,2.921875,374.0,0.0,True,False
512,4 4 32,128,16.0,8,1.25,90200,1.27734375,0,0,392,72,48,0,0,0,48,14,26,3.015625,386.0,0.0,True,False
512,4 4 32,128,16.0,8,1.25,90400,1.33203125,0,0,368,88,56,0,0,0,56,21,26,2.796875,358.0,0.0,True,False
512,4 4 32,128,16.0,8,1.25,90600,1.2734375,0,0,396,72,44,0,0,0,44,17,20,3.03125,388.0,0.0,True,False
512,4 4 32,128,16.0,8,1.25,90800,1.30078125,0,0,384,80,48,0,0,0,48,18,20,2.921875,374.0,0.0,True,False
512,4 4 32,128,16.0,8,1.25,91000,1.28515625,0,0,392,76,44,0,0,0,44,18,16,2.984375,382.0,0.0,True,False
512,4 4 32,128,16.0,8,1.25,91200,1.22265625,0,0,412,64,36,0,0,0,36,14,16,3.234375,414.0,0.0,True,False
512,4 4 32,128,16.0,8,1.25,91400,1.232421875,0,0,414,60,38,0,0,0,38,16,16,3.1953125,409.0,0.0,True,False
512,4 4 32,128,16.0,8,1.25,91600,1.2109375,0,0,416,60,36,0,0,0,36,15,16,3.28125,420.0,0.0,True,False
512,4 4 32,128,16.0,8,1.25,91800,1.283203125,0,0,392,80,40,0,0,0,40,20,16,2.9921875,383.0,0.0,True,False
512,4 4 32,128,16.0,8,1.25,92000,1.259765625,0,0,396,80,36,0,0,0,36,15,24,3.0859375,395.0,0.0,True,False
512,4 4 32,128,16.0,8,1.25,92200,1.2578125,0,0,404,68,40,0,0,0,40,17,16,3.09375,396.0,0.0,True,False
512,4 4 32,128,16.0,8,1.25,92400,1.2109375,0,0,416,60,36,0,0,0,36,13,16,3.28125,420.0,0.0,True,False
512,4 4 32,128,16.0,8,1.25,92600,1.2265625,0,0,408,64,40,0,0,0,40,13,16,3.21875,412.0,0.0,True,False
512,4 4 32,128,16.0,8,1.25,92800,1.2890625,0,0,384,84,44,0,0,0,44,14,32,2.96875,380.0,0.0,True,False
512,4 4 32,128,16.0,8,1.25,93000,1.3203125,0,0,380,88,44,0,0,0,44,17,32,2.84375,364.0,0.0,True,False
512,4 4 32,128,16.0,8,1.25,93200,1.30078125,0,0,384,80,48,0,0,0,48,20,18,2.921875,374.0,0.0,True,False
512,4 4 32,128,16.0,8,1.25,93400,1.30078125,0,0,384,80,48,0,0,0,48,20,18,2.921875,374.0,0.0,True,False
512,4 4 32,128,16.0,8,1.25,93600,1.30078125,0,0,384,80,48,0,0,0,48,22,18,2.921875,374.0,0.0,True,False
512,4 4 32,128,16.0,8,1.25,93800,1.2578125,0,0,404,68,40,0,0,0,40,18,16,3.09375,396.0,0.0,True,False
512,4 4 32,128,16.0,8,1.25,94000,1.2578125,0,0,404,68,40,0,0,0,40,18,16,3.09375,396.0,0.0,True,False
512,4 4 32,128,16.0,8,1.25,94200,1.2578125,0,0,404,68,40,0,0,0,40,18,16,3.09375,396.0,0.0,True,False
512,4 4 32,128,16.0,8,1.25,94400,1.2734375,0,0,392,80,40,0,0,0,40,19,16,3.03125,388.0,0.0,True,False
512,4 4 32,128,16.0,8,1.25,94600,1.24609375,0,0,404,72,36,0,0,0,36,15,16,3.140625,402.0,0.0,True,False
512,4 4 32,128,16.0,8,1.25,94800,1.1953125,0,0,424,56,32,0,0,0,32,14,16,3.34375,428.0,0.0,True,False
512,4 4 32,128,16.0,8,1.25,95000,1.267578125,0,0,402,72,38,0,0,0,38,12,18,3.0546875,391.0,0.0,True,False
512,4 4 32,128,16.0,8,1.25,95200,1.29296875,0,0,388,88,36,0,0,0,36,14,26,2.953125,378.0,0.0,True,False
512,4 4 32,128,16.0,8,1.25,95400,1.29296875,0,0,388,88,36,0,0,0,36,14,26,2.953125,378.0,0.0,True,False
512,4 4 32,128,16.0,8,1.25,95600,1.265625,0,0,400,80,32,0,0,0,32,11,24,3.0625,392.0,0.0,True,False
512,4 4 32,128,16.0,8,1.25,95800,1.33984375,0,0,376,96,40,0,0,0,40,18,24,2.765625,354.0,0.0,True,False
512,4 4 32,128,16.0,8,1.25,96000,1.33984375,0,0,376,96,40,0,0,0,40,18,24,2.765625,354.0,0.0,True,False
512,4 4 32,128,16.0,8,1.25,96200,1.33984375,0,0,376,96,40,0,0,0,40,18,24,2.765625,354.0,0.0,True,False
512,4 4 32,128,16.0,8,1.25,96400,1.328125,0,0,380,92,40,0,0,0,40,17,24,2.8125,360.0,0.0,True,False
512,4 4 32,128,16.0,8,1.25,96600,1.330078125,0,0,382,84,46,0,0,0,46,18,18,2.8046875,359.0,0.0,True,False
512,4 4 32,128,16.0,8,1.25,96800,1.33984375,0,0,364,100,48,0,0,0,48,18,24,2.765625,354.0,0.0,True,False
512,4 4 32,128,16.0,8,1.25,97000,1.390625,0,0,348,108,56,0,0,0,56,26,20,2.5625,328.0,0.0,True,False
512,4 4 32,128,16.0,8,1.25,97200,1.33984375,0,0,368,92,52,0,0,0,52,28,18,2.765625,354.0,0.0,True,False
512,4 4 32,128,16.0,8,1.25,97400,1.384765625,0,0,358,100,54,0,0,0,54,27,18,2.5859375,331.0,0.0,True,False
512,4 4 32,128,16.0,8,1.25,97600,1.359375,0,0,364,100,48,0,0,0,48,25,18,2.6875,344.0,0.0,True,False
512,4 4 32,128,16.0,8,1.25,97800,1.28515625,0,0,388,84,40,0,0,0,40,17,18,2.984375,382.0,0.0,True,False
512,4 4 32,128,16.0,8,1.25,98000,1.2578125,0,0,400,76,36,0,0,0,36,13,18,3.09375,396.0,0.0,True,False
512,4 4 32,128,16.0,8,1.25,98200,1.31640625,0,0,393,71,47,1,0,0,48,17,18,2.859375,366.0,0.0,True,False
512,4 4 32,128,16.0,8,1.25,98400,1.31640625,0,0,393,71,47,1,0,0,48,17,18,2.859375,366.0,0.0,True,False
512,4 4 32,128,16.0,8,1.25,98600,1.328125,0,0,389,75,47,1,0,0,48,20,18,2.8125,360.0,0.0,True,False
512,4 4 32,128,16.0,8,1.25,98800,1.328125,0,0,389,75,47,1,0,0,48,20,18,2.8125,360.0,0.0,True,False
512,4 4 32,128,16.0,8,1.25,99000,1.3203125,0,0,396,76,40,0,0,0,40,17,18,2.84375,364.0,0.0,True,False
512,4 4 32,128,16.0,8,1.25,99200,1.28515625,0,0,409,63,39,1,0,0,40,18,18,2.984375,382.0,0.0,True,False
512,4 4 32,128,16.0,8,1.25,99400,1.306640625,0,0,405,69,36,1,1,0,38,19,21,2.8984375,371.0,0.0,True,False
512,4 4 32,128,16.0,8,1.25,99600,1.333984375,0,0,382,80,46,4,0,0,50,24,18,2.7890625,357.0,0.0,True,False
512,4 4 32,128,16.0,8,1.25,99800,1.29296875,0,0,396,76,36,4,0,0,40,24,16,2.953125,378.0,0.0,True,False
512,4 4 32,128,16.0,8,1.25,100000,1.33984375,0,0,384,84,40,4,0,0,44,24,18,2.765625,354.0,0.0,True,True
512,4 4 32,128,16.0,9,1.25,0,2.0,0,512,0,0,0,0,0,0,0,0,0,0.125,16.0,0.0,False,False
512,4 4 32,128,16.0,9,1.25,200,2.03125,0,496,12,0,4,0,0,0,4,0,0,0.0,0.0,0.0,True,False
512,4 4 32,128,16.0,9,1.25,400,2.03125,0,496,12,0,4,0,0,0,4,0,0,0.0,0.0,0.0,True,False
512,4 4 32,128,16.0,9,1.25,600,2.03125,0,496,12,0,4,0,0,0,4,0,0,0.0,0.0,0.0,True,False
512,4 4 32,128,16.0,9,1.25,800,2.03125,0,496,12,0,4,0,0,0,4,0,0,0.0,0.0,0.0,True,False
512,4 4 32,128,16.0,9,1.25,1000,2.03125,0,496,12,0,4,0,0,0,4,0,0,0.0,0.0,0.0,True,False
512,4 4 32,128,16.0,9,1.25,1200,2.0234375,0,480,24,4,0,4,0,0,4,2,2,0.03125,4.0,0.0,True,False
512,4 4 32,128,16.0,9,1.25,1400,2.0234375,0,480,24,4,0,4,0,0,4,2,2,0.03125,4.0,0.0,True,False
512,4 4 32,128,16.0,9,1.25,1600,2.0234375,0,480,24,4,0,4,0,0,4,2,2,0.03125,4.0,0.0,True,False
512,4 4 32,128,16.0,9,1.25,1800,2.0234375,0,480,24,4,0,4,0,0,4,2,2,0.03125,4.0,0.0,True,False
512,4 4 32,128,16.0,9,1.25,2000,2.0234375,0,480,24,4,0,4,0,0,4,2,2,0.03125,4.0,0.0,True,False
512,4 4 32,128,16.0,9,1.25,2200,2.0234375,0,480,24,4,0,4,0,0,4,2,2,0.03125,4.0,0.0,True,False
512,4 4 32,128,16.0,9,1.25,2400,2.0234375,0,480,24,4,0,4,0,0,4,2,2,0.03125,4.0,0.0,True,False
512,4 4 32,128,16.0,9,1.25,2600,2.015625,0,464,36,4,4,4,0,0,8,2,2,0.0625,8.0,0.0,True,False
512,4 4 32,128,16.0,9,1.25,2800,2.0078125,0,448,48,4,8,4,0,0,12,2,2,0.09375,12.0,0.0,True,False
512,4 4 32,128,16.0,9,1.25,3000,2.0078125,0,448,48,4,8,4,0,0,12,2,2,0.09375,12.0,0.0,True,False
512,4 4 32,128,16.0,9,1.25,3200,2.0078125,0,448,48,4,8,4,0,0,12,2,2,0.09375,12.0,0.0,True,False
512,4 4 32,128,16.0,9,1.25,3400,2.0078125,0,448,48,4,8,4,0,0,12,2,2,0.09375,12.0,0.0,True,False
512,4 4 32,128,16.0,9,1.25,3600,2.0078125,0,448,48,4,8,4,0,0,12,2,2,0.09375,12.0,0.0,True,False
512,4 4 32,128,16.0,9,1.25,3800,2.0078125,0,448,48,4,8,4,0,0,12,2,2,0.09375,12.0,0.0,True,False
512,4 4 32,128,16.0,9,1.25,4000,2.0078125,0,448,48,4,8,4,0,0,12,2,2,0.09375,12.0,0.0,True,False
512,4 4 32,128,16.0,9,1.25,4200,2.0078125,0,448,48,4,8,4,0,0,12,2,2,0.09375,12.0,0.0,True,False
512,4 4 32,128,16.0,9,1.25,4400,2.0078125,0,448,48,4,8,4,0,0,12,2,2,0.09375,12.0,0.0,True,False
512,4 4 32,128,16.0,9,1.25,4600,2.0078125,0,448,48,4,8,4,0,0,12,2,2,0.09375,12.0,0.0,True,False
512,4 4 32,128,16.0,9,1.25,4800,2.0078125,0,448,48,4,8,4,0,0,12,2,2,0.09375,12.0,0.0,True,False
512,4 4 32,128,16.0,9,1.25,5000,2.0078125,0,448,48,4,8,4,0,0,12,2,2,0.09375,12.0,0.0,True,False
512,4 4 32,128,16.0,9,1.25,5200,2.0078125,0,448,48,4,8,4,0,0,12,2,2,0.09375,12.0,0.0,True,False
512,4 4 32,128,16.0,9,1.25,5400,2.0078125,0,448,48,4,8,4,0,0,12,2,2,0.09375,12.0,0.0,True,False
512,4 4 32,128,16.0,9,1.25,5600,2.0078125,0,448,48,4,8,4,0,0,12,2,2,0.09375,12.0,0.0,True,False
512,4 4 32,128,16.0,9,1.25,5800,2.0078125,0,448,48,4,8,4,0,0,12,2,2,0.09375,12.0,0.0,True,False
512,4 4 32,128,16.0,9,1.25,6000,2.0078125,0,448,48,4,8,4,0,0,12,2,2,0.09375,12.0,0.0,True,False
512,4 4 32,128,16.0,9,1.25,6200,2.0078125,0,448,48,4,8,4,0,0,12,2,2,0.09375,12.0,0.0,True,False
512,4 4 32,128,16.0,9,1.25,6400,2.0,0,432,60,4,12,4,0,0,16,2,2,0.125,16.0,0.0,True,False
512,4 4 32,128,16.0,9,1.25,6600,2.0,0,432,60,4,12,4,0,0,16,2,2,0.125,16.0,0.0,True,False
512,4 4 32,128,16.0,9,1.25,6800,2.0,0,432,60,4,12,4,0,0,16,2,2,0.125,16.0,0.0,True,False
512,4 4 32,128,16.0,9,1.25,7000,1.9921875,0,416,72,4,16,4,0,0,20,2,2,0.15625,20.0,0.0,True,False
512,4 4 32,128,16.0,9,1.25,7200,1.984375,0,400,84,4,20,4,0,0,24,2,2,0.1875,24.0,0.0,True,False
512,4 4 32,128,16.0,9,1.25,7400,1.984375,0,400,84,4,20,4,0,0,24,2,2,0.1875,24.0,0.0,True,False
512,4 4 32,128,16.0,9,1.25,7600,1.984375,0,400,84,4,20,4,0,0,24,2,2,0.1875,24.0,0.0,True,False
512,4 4 32,128,16.0,9,1.25,7800,1.984375,0,400,84,4,20,4,0,0,24,2,2,0.1875,24.0,0.0,True,False
512,4 4 32,128,16.0,9,1.25,8000,1.984375,0,400,84,4,20,4,0,0,24,2,2,0.1875,24.0,0.0,True,False
512,4 4 32,128,16.0,9,1.25,8200,1.984375,0,400,84,4,20,4,0,0,24,2,2,0.1875,24.0,0.0,True,False
512,4 4 32,128,16.0,9,1.25,8400,1.984375,0,400,84,4,20,4,0,0,24,2,2,0.1875,24.0,0.0,True,False
512,4 4 32,128,16.0,9,1.25,8600,1.984375,0,400,84,4,20,4,0,0,24,2,2,0.1875,24.0,0.0,True,False
512,4 4 32,128,16.0,9,1.25,8800,1.9765625,0,384,96,4,24,4,0,0,28,2,2,0.21875,28.0,0.0,True,False
512,4 4 32,128,16.0,9,1.25,9000,1.9765625,0,384,96,4,24,4,0,0,28,2,2,0.21875,28.0,0.0,True,False
512,4 4 32,128,16.0,9,1.25,9200,1.9765625,0,384,96,4,24,4,0,0,28,2,2,0.21875,28.0,0.0,True,False
512,4 4 32,128,16.0,9,1.25,9400,1.9765625,0,384,96,4,24,4,0,0,28,2,2,0.21875,28.0,0.0,True,False
512,4 4 32,128,16.0,9,1.25,9600,1.9765625,0,384,96,4,24,4,0,0,28,2,2,0.21875,28.0,0.0,True,False
512,4 4 32,128,16.0,9,1.25,9800,1.9765625,0,384,96,4,24,4,0,0,28,2,2,0.21875,28.0,0.0,True,False
512,4 4 32,128,16.0,9,1.25,10000,1.9765625,0,384,96,4,24,4,0,0,28,2,2,0.21875,28.0,0.0,True,False
512,4 4 32,128,16.0,9,1.25,10200,1.9765625,0,384,96,4,24,4,0,0,28,2,2,0.21875,28.0,0.0,True,False
512,4 4 32,128,16.0,9,1.25,10400,1.9765625,0,384,96,4,24,4,0,0,28,2,2,0.21875,28.0,0.0,True,False
512,4 4 32,128,16.0,9,1.25,10600,1.9765625,0,384,96,4,24,4,0,0,28,2,2,0.21875,28.0,0.0,True,False
512,4 4 32,128,16.0,9,1.25,10800,1.9765625,0,384,96,4,24,4,0,0,28,2,2,0.21875,28.0,0.0,True,False
512,4 4 32,128,16.0,9,1.25,11000,1.9765625,0,384,96,4,24,4,0,0,28,2,2,0.21875,28.0,0.0,True,False
512,4 4 32,128,16.0,9,1.25,11200,1.9765625,0,384,96,4,24,4,0,0,28,2,2,0.21875,28.0,0.0,True,False
512,4 4 32,128,16.0,9,1.25,11400,1.9765625,0,384,96,4,24,4,0,0,28,2,2,0.21875,28.0,0.0,True,False
512,4 4 32,128,16.0,9,1.25,11600,1.9765625,0,384,96,4,24,4,0,0,28,2,2,0.21875,28.0,0.0,True,False
512,4 4 32,128,16.0,9,1.25,11800,1.9765625,0,384,96,4,24,4,0,0,28,2,2,0.21875,28.0,0.0,True,False
512,4 4 32,128,16.0,9,1.25,12000,1.9765625,0,384,96,4,24,4,0,0,28,2,2,0.21875,28.0,0.0,True,False
512,4 4 32,128,16.0,9,1.25,12200,1.96875,0,368,108,4,28,4,0,0,32,2,2,0.25,32.0,0.0,True,False
512,4 4 32,128,16.0,9,1.25,12400,1.96875,0,368,108,4,28,4,0,0,32,2,2,0.25,32.0,0.0,True,False
512,4 4 32,128,16.0,9,1.25,12600,1.96875,0,368,108,4,28,4,0,0,32,2,2,0.25,32.0,0.0,True,False
512,4 4 32,128,16.0,9,1.25,12800,1.96875,0,368,108,4,28,4,0,0,32,2,2,0.25,32.0,0.0,True,False
512,4 4 32,128,16.0,9,1.25,13000,1.96875,0,368,108,4,28,4,0,0,32,2,2,0.25,32.0,0.0,True,False
512,4 4 32,128,16.0,9,1.25,13200,1.96875,0,368,108,4,28,4,0,0,32,2,2,0.25,32.0,0.0,True,False
512,4 4 32,128,16.0,9,1.25,13400,1.96875,0,368,108,4,28,4,0,0,32,2,2,0.25,32.0,0.0,True,False
512,4 4 32,128,16.0,9,1.25,13600,1.96875,0,368,108,4,28,4,0,0,32,2,2,0.25,32.0,0.0,True,False
512,4 4 32,128,16.0,9,1.25,13800,1.9609375,0,352,120,4,32,4,0,0,36,2,2,0.28125,36.0,0.0,True,False
512,4 4 32,128,16.0,9,1.25,14000,1.9609375,0,352,120,4,32,4,0,0,36,2,2,0.28125,36.0,0.0,True,False
512,4 4 32,128,16.0,9,1.25,14200,1.9609375,0,352,120,4,32,4,0,0,36,2,2,0.28125,36.0,0.0,True,False
512,4 4 32,128,16.0,9,1.25,14400,1.9609375,0,352,120,4,32,4,0,0,36,2,2,0.28125,36.0,0.0,True,False
512,4 4 32,128,16.0,9,1.25,14600,1.9609375,0,352,120,4,32,4,0,0,36,2,2,0.28125,36.0,0.0,True,False
512,4 4 32,128,16.0,9,1.25,14800,1.9609375,0,352,120,4,32,4,0,0,36,2,2,0.28125,36.0,0.0,True,False
512,4 4 32,128,16.0,9,1.25,15000,1.9609375,0,352,120,4,32,4,0,0,36,2,2,0.28125,36.0,0.0,True,False
512,4 4 32,128,16.0,9,1.25,15200,1.9609375,0,352,120,4,32,4,0,0,36,2,2,0.28125,36.0,0.0,True,False
512,4 4 32,128,16.0,9,1.25,15400,1.9609375,0,352,120,4,32,4,0,0,36,2,2,0.28125,36.0,0.0,True,False
512,4 4 32,128,16.0,9,1.25,15600,1.953125,0,336,132,4,36,4,0,0,40,2,2,0.3125,40.0,0.0,True,False
512,4 4 32,128,16.0,9,1.25,15800,1.953125,0,336,132,4,36,4,0,0,40,2,2,0.3125,40.0,0.0,True,False
512,4 4 32,128,16.0,9,1.25,16000,1.953125,0,336,132,4,36,4,0,0,40,2,2,0.3125,40.0,0.0,True,False
512,4 4 32,128,16.0,9,1.25,16200,1.953125,0,336,132,4,36,4,0,0,40,2,2,0.3125,40.0,0.0,True,False
512,4 4 32,128,16.0,9,1.25,16400,1.953125,0,336,132,4,36,4,0,0,40,2,2,0.3125,40.0,0.0,True,False
512,4 4 32,128,16.0,9,1.25,16600,1.953125,0,336,132,4,36,4,0,0,40,2,2,0.3125,40.0,0.0,True,False
512,4 4 32,128,16.0,9,1.25,16800,1.953125,0,336,132,4,36,4,0,0,40,2,2,0.3125,40.0,0.0,True,False
512,4 4 32,128,16.0,9,1.25,17000,1.9375,0,304,156,4,44,4,0,0,48,2,2,0.375,48.0,0.0,True,False
512,4 4 32,128,16.0,9,1.25,17200,1.9375,0,304,156,4,44,4,0,0,48,2,2,0.375,48.0,0.0,True,False
512,4 4 32,128,16.0,9,1.25,17400,1.9375,0,304,156,4,44,4,0,0,48,2,2,0.375,48.0,0.0,True,False
512,4 4 32,128,16.0,9,1.25,17600,1.9375,0,304,156,4,44,4,0,0,48,2,2,0.375,48.0,0.0,True,False
512,4 4 32,128,16.0,9,1.25,17800,1.9375,0,304,156,4,44,4,0,0,48,2,2,0.375,48.0,0.0,True,False
512,4 4 32,128,16.0,9,1.25,18000,1.9375,0,304,156,4,44,4,0,0,48,2,2,0.375,48.0,0.0,True,False
512,4 4 32,128,16.0,9,1.25,18200,1.9375,0,304,156,4,44,4,0,0,48,2,2,0.375,48.0,0.0,True,False
512,4 4 32,128,16.0,9,1.25,18400,1.9375,0,304,156,4,44,4,0,0,48,2,2,0.375,48.0,0.0,True,False
512,4 4 32,128,16.0,9,1.25,18600,1.9375,0,304,156,4,44,4,0,0,48,2,2,0.375,48.0,0.0,True,False
512,4 4 32,128,16.0,9,1.25,18800,1.9375,0,304,156,4,44,4,0,0,48,2,2,0.375,48.0,0.0,True,False
512,4 4 32,128,16.0,9,1.25,19000,1.9375,0,304,156,4,44,4,0,0,48,2,2,0.375,48.0,0.0,True,False
512,4 4 32,128,16.0,9,1.25,19200,1.9375,0,304,156,4,44,4,0,0,48,2,2,0.375,48.0,0.0,True,False
512,4 4 32,128,16.0,9,1.25,19400,1.9375,0,304,156,4,44,4,0,0,48,2,2,0.375,48.0,0.0,True,False
512,4 4 32,128,16.0,9,1.25,19600,1.9375,0,304,156,4,44,4,0,0,48,2,2,0.375,48.0,0.0,True,False
512,4 4 32,128,16.0,9,1.25,19800,1.9375,0,304,156,4,44,4,0,0,48,2,2,0.375,48.0,0.0,True,False
512,4 4 32,128,16.0,9,1.25,20000,1.9375,0,304,156,4,44,4,0,0,48,2,2,0.375,48.0,0.0,True,False
512,4 4 32,128,16.0,9,1.25,20200,1.9375,0,304,156,4,44,4,0,0,48,2,2,0.375,48.0,0.0,True,False
512,4 4 32,128,16.0,9,1.25,20400,1.9375,0,304,156,4,44,4,0,0,48,2,2,0.375,48.0,0.0,True,False
512,4 4 32,128,16.0,9,1.25,20600,1.9375,0,304,156,4,44,4,0,0,48,2,2,0.375,48.0,0.0,True,False
512,4 4 32,128,16.0,9,1.25,20800,1.9375,0,304,156,4,44,4,0,0,48,2,2,0.375,48.0,0.0,True,False
512,4 4 32,128,16.0,9,1.25,21000,1.9375,0,304,156,4,44,4,0,0,48,2,2,0.375,48.0,0.0,True,False
512,4 4 32,128,16.0,9,1.25,21200,1.9296875,0,288,168,4,48,4,0,0,52,2,2,0.40625,52.0,0.0,True,False
512,4 4 32,128,16.0,9,1.25,21400,1.9296875,0,288,168,4,48,4,0,0,52,2,2,0.40625,52.0,0.0,True,False
512,4 4 32,128,16.0,9,1.25,21600,1.921875,0,272,180,4,52,4,0,0,56,2,2,0.4375,56.0,0.0,True,False
512,4 4 32,128,16.0,9,1.25,21800,1.919921875,0,262,184,6,60,0,0,0,60,3,2,0.4453125,57.0,0.0,True,False
512,4 4 32,128,16.0,9,1.25,22000,1.919921875,0,262,184,6,60,0,0,0,60,3,2,0.4453125,57.0,0.0,True,False
512,4 4 32,128,16.0,9,1.25,22200,1.919921875,0,262,184,6,60,0,0,0,60,3,2,0.4453125,57.0,0.0,True,False
512,4 4 32,128,16.0,9,1.25,22400,1.919921875,0,262,184,6,60,0,0,0,60,3,2,0.4453125,57.0,0.0,True,False
512,4 4 32,128,16.0,9,1.25,22600,1.923828125,0,258,186,8,58,2,0,0,60,4,2,0.4296875,55.0,0.0,True,False
512,4 4 32,128,16.0,9,1.25,22800,1.919921875,0,262,184,6,60,0,0,0,60,3,2,0.4453125,57.0,0.0,True,False
512,4 4 32,128,16.0,9,1.25,23000,1.91796875,0,252,188,12,60,0,0,0,60,6,2,0.453125,58.0,0.0,True,False
512,4 4 32,128,16.0,9,1.25,23200,1.91796875,0,252,188,12,60,0,0,0,60,6,2,0.453125,58.0,0.0,True,False
512,4 4 32,128,16.0,9,1.25,23400,1.91796875,0,252,188,12,60,0,0,0,60,6,2,0.453125,58.0,0.0,True,False
512,4 4 32,128,16.0,9,1.25,23600,1.91796875,0,252,188,12,60,0,0,0,60,6,2,0.453125,58.0,0.0,True,False
512,4 4 32,128,16.0,9,1.25,23800,1.91796875,0,252,188,12,60,0,0,0,60,6,2,0.453125,58.0,0.0,True,False
512,4 4 32,128,16.0,9,1.25,24000,1.91796875,0,252,188,12,60,0,0,0,60,6,2,0.453125,58.0,0.0,True,False
512,4 4 32,128,16.0,9,1.25,24200,1.91796875,0,252,188,12,60,0,0,0,60,6,2,0.453125,58.0,0.0,True,False
512,4 4 32,128,16.0,9,1.25,24400,1.919921875,0,262,184,6,60,0,0,0,60,3,2,0.4453125,57.0,0.0,True,False
512,4 4 32,128,16.0,9,1.25,24600,1.91796875,0,252,188,12,60,0,0,0,60,6,2,0.453125,58.0,0.0,True,False
512,4 4 32,128,16.0,9,1.25,24800,1.91796875,0,252,188,12,60,0,0,0,60,6,2,0.453125,58.0,0.0,True,False
512,4 4 32,128,16.0,9,1.25,25000,1.91796875,0,252,188,12,60,0,0,0,60,6,2,0.453125,58.0,0.0,True,False
512,4 4 32,128,16.0,9,1.25,25200,1.91796875,0,252,188,12,60,0,0,0,60,6,2,0.453125,58.0,0.0,True,False
512,4 4 32,128,16.0,9,1.25,25400,1.91796875,0,252,188,12,60,0,0,0,60,6,2,0.453125,58.0,0.0,True,False
512,4 4 32,128,16.0,9,1.25,25600,1.91796875,0,252,188,12,60,0,0,0,60,6,2,0.453125,58.0,0.0,True,False
512,4 4 32,128,16.0,9,1.25,25800,1.91796875,0,252,188,12,60,0,0,0,60,6,2,0.453125,58.0,0.0,True,False
512,4 4 32,128,16.0,9,1.25,26000,1.91796875,0,252,188,12,60,0,0,0,60,6,2,0.453125,58.0,0.0,True,False
512,4 4 32,128,16.0,9,1.25,26200,1.919921875,0,262,184,6,60,0,0,0,60,3,2,0.4453125,57.0,0.0,True,False
512,4 4 32,128,16.0,9,1.25,26400,1.919921875,0,262,184,6,60,0,0,0,60,3,2,0.4453125,57.0,0.0,True,False
512,4 4 32,128,16.0,9,1.25,26600,1.921875,0,272,180,4,52,4,0,0,56,2,2,0.4375,56.0,0.0,True,False
512,4 4 32,128,16.0,9,1.25,26800,1.921875,0,272,180,4,52,4,0,0,56,2,2,0.4375,56.0,0.0,True,False
512,4 4 32,128,16.0,9,1.25,27000,1.921875,0,272,180,4,52,4,0,0,56,2,2,0.4375,56.0,0.0,True,False
512,4 4 32,128,16.0,9,1.25,27200,1.919921875,0,262,184,6,60,0,0,0,60,3,2,0.4453125,57.0,0.0,True,False
512,4 4 32,128,16.0,9,1.25,27400,1.919921875,0,262,184,6,60,0,0,0,60,3,2,0.4453125,57.0,0.0,True,False
512,4 4 32,128,16.0,9,1.25,27600,1.919921875,0,262,184,6,60,0,0,0,60,3,2,0.4453125,57.0,0.0,True,False
512,4 4 32,128,16.0,9,1.25,27800,1.919921875,0,262,184,6,60,0,0,0,60,3,2,0.4453125,57.0,0.0,True,False
512,4 4 32,128,16.0,9,1.25,28000,1.919921875,0,262,184,6,60,0,0,0,60,3,2,0.4453125,57.0,0.0,True,False
512,4 4 32,128,16.0,9,1.25,28200,1.91796875,0,252,188,12,60,0,0,0,60,6,2,0.453125,58.0,0.0,True,False
512,4 4 32,128,16.0,9,1.25,28400,1.91796875,0,252,188,12,60,0,0,0,60,6,2,0.453125,58.0,0.0,True,False
512,4 4 32,128,16.0,9,1.25,28600,1.91796875,0,252,188,12,60,0,0,0,60,6,2,0.453125,58.0,0.0,True,False
512,4 4 32,128,16.0,9,1.25,28800,1.91796875,0,252,188,12,60,0,0,0,60,6,2,0.453125,58.0,0.0,True,False
512,4 4 32,128,16.0,9,1.25,29000,1.91796875,0,252,188,12,60,0,0,0,60,6,2,0.453125,58.0,0.0,True,False
512,4 4 32,128,16.0,9,1.25,29200,1.91796875,0,252,188,12,60,0,0,0,60,6,2,0.453125,58.0,0.0,True,False
512,4 4 32,128,16.0,9,1.25,29400,1.91796875,0,252,188,12,60,0,0,0,60,6,2,0.453125,58.0,0.0,True,False
512,4 4 32,128,16.0,9,1.25,29600,1.91796875,0,252,188,12,60,0,0,0,60,6,2,0.453125,58.0,0.0,True,False
512,4 4 32,128,16.0,9,1.25,29800,1.91796875,0,252,188,12,60,0,0,0,60,6,2,0.453125,58.0,0.0,True,False
512,4 4 32,128,16.0,9,1.25,30000,1.919921875,0,262,184,6,60,0,0,0,60,3,2,0.4453125,57.0,0.0,True,False
512,4 4 32,128,16.0,9,1.25,30200,1.919921875,0,262,184,6,60,0,0,0,60,3,2,0.4453125,57.0,0.0,True,False
512,4 4 32,128,16.0,9,1.25,30400,1.919921875,0,262,184,6,60,0,0,0,60,3,2,0.4453125,57.0,0.0,True,False
512,4 4 32,128,16.0,9,1.25,30600,1.919921875,0,262,184,6,60,0,0,0,60,3,2,0.4453125,57.0,0.0,True,False
512,4 4 32,128,16.0,9,1.25,30800,1.919921875,0,262,184,6,60,0,0,0,60,3,2,0.4453125,57.0,0.0,True,False
512,4 4 32,128,16.0,9,1.25,31000,1.91796875,0,252,188,12,60,0,0,0,60,6,2,0.453125,58.0,0.0,True,False
512,4 4 32,128,16.0,9,1.25,31200,1.91796875,0,252,188,12,60,0,0,0,60,6,2,0.453125,58.0,0.0,True,False
512,4 4 32,128,16.0,9,1.25,31400,1.91796875,0,252,188,12,60,0,0,0,60,6,2,0.453125,58.0,0.0,True,False
512,4 4 32,128,16.0,9,1.25,31600,1.91796875,0,252,188,12,60,0,0,0,60,6,2,0.453125,58.0,0.0,True,False
512,4 4 32,128,16.0,9,1.25,31800,1.91796875,0,252,188,12,60,0,0,0,60,6,2,0.453125,58.0,0.0,True,False
512,4 4 32,128,16.0,9,1.25,32000,1.91796875,0,252,188,12,60,0,0,0,60,6,2,0.453125,58.0,0.0,True,False
512,4 4 32,128,16.0,9,1.25,32200,1.91796875,0,252,188,12,60,0,0,0,60,6,2,0.453125,58.0,0.0,True,False
512,4 4 32,128,16.0,9,1.25,32400,1.91796875,0,252,188,12,60,0,0,0,60,6,2,0.453125,58.0,0.0,True,False
512,4 4 32,128,16.0,9,1.25,32600,1.91796875,0,252,188,12,60,0,0,0,60,6,2,0.453125,58.0,0.0,True,False
512,4 4 32,128,16.0,9,1.25,32800,1.91796875,0,252,188,12,60,0,0,0,60,6,2,0.453125,58.0,0.0,True,False
512,4 4 32,128,16.0,9,1.25,33000,1.91796875,0,252,188,12,60,0,0,0,60,6,2,0.453125,58.0,0.0,True,False
512,4 4 32,128,16.0,9,1.25,33200,1.91796875,0,252,188,12,60,0,0,0,60,6,2,0.453125,58.0,0.0,True,False
512,4 4 32,128,16.0,9,1.25,33400,1.91796875,0,252,188,12,60,0,0,0,60,6,2,0.453125,58.0,0.0,True,False
512,4 4 32,128,16.0,9,1.25,33600,1.91796875,0,252,188,12,60,0,0,0,60,6,2,0.453125,58.0,0.0,True,False
512,4 4 32,128,16.0,9,1.25,33800,1.91796875,0,252,188,12,60,0,0,0,60,6,2,0.453125,58.0,0.0,True,False
512,4 4 32,128,16.0,9,1.25,34000,1.91796875,0,252,188,12,60,0,0,0,60,6,2,0.453125,58.0,0.0,True,False
512,4 4 32,128,16.0,9,1.25,34200,1.91796875,0,252,188,12,60,0,0,0,60,6,2,0.453125,58.0,0.0,True,False
512,4 4 32,128,16.0,9,1.25,34400,1.91796875,0,252,188,12,60,0,0,0,60,6,2,0.453125,58.0,0.0,True,False
512,4 4 32,128,16.0,9,1.25,34600,1.91796875,0,252,188,12,60,0,0,0,60,6,2,0.453125,58.0,0.0,True,False
512,4 4 32,128,16.0,9,1.25,34800,1.91796875,0,252,188,12,60,0,0,0,60,6,2,0.453125,58.0,0.0,True,False
512,4 4 32,128,16.0,9,1.25,35000,1.91796875,0,252,188,12,60,0,0,0,60,6,2,0.453125,58.0,0.0,True,False
512,4 4 32,128,16.0,9,1.25,35200,1.91796875,0,252,188,12,60,0,0,0,60,6,2,0.453125,58.0,0.0,True,False
512,4 4 32,128,16.0,9,1.25,35400,1.91796875,0,252,188,12,60,0,0,0,60,6,2,0.453125,58.0,0.0,True,False
512,4 4 32,128,16.0,9,1.25,35600,1.91796875,0,252,188,12,60,0,0,0,60,6,2,0.453125,58.0,0.0,True,False
512,4 4 32,128,16.0,9,1.25,35800,1.91796875,0,252,188,12,60,0,0,0,60,6,2,0.453125,58.0,0.0,True,False
512,4 4 32,128,16.0,9,1.25,36000,1.91796875,0,252,188,12,60,0,0,0,60,6,2,0.453125,58.0,0.0,True,False
512,4 4 32,128,16.0,9,1.25,36200,1.91796875,0,252,188,12,60,0,0,0,60,6,2,0.453125,58.0,0.0,True,False
512,4 4 32,128,16.0,9,1.25,36400,1.91796875,0,252,188,12,60,0,0,0,60,6,2,0.453125,58.0,0.0,True,False
512,4 4 32,128,16.0,9,1.25,36600,1.91796875,0,252,188,12,60,0,0,0,60,6,2,0.453125,58.0,0.0,True,False
512,4 4 32,128,16.0,9,1.25,36800,1.91796875,0,252,188,12,60,0,0,0,60,6,2,0.453125,58.0,0.0,True,False
512,4 4 32,128,16.0,9,1.25,37000,1.91796875,0,252,188,12,60,0,0,0,60,6,2,0.453125,58.0,0.0,True,False
512,4 4 32,128,16.0,9,1.25,37200,1.91796875,0,252,188,12,60,0,0,0,60,6,2,0.453125,58.0,0.0,True,False
512,4 4 32,128,16.0,9,1.25,37400,1.91796875,0,252,188,12,60,0,0,0,60,6,2,0.453125,58.0,0.0,True,False
512,4 4 32,128,16.0,9,1.25,37600,1.91796875,0,252,188,12,60,0,0,0,60,6,2,0.453125,58.0,0.0,True,False
512,4 4 32,128,16.0,9,1.25,37800,1.91796875,0,252,188,12,60,0,0,0,60,6,2,0.453125,58.0,0.0,True,False
512,4 4 32,128,16.0,9,1.25,38000,1.91796875,0,252,188,12,60,0,0,0,60,6,2,0.453125,58.0,0.0,True,False
512,4 4 32,128,16.0,9,1.25,38200,1.91796875,0,252,188,12,60,0,0,0,60,6,2,0.453125,58.0,0.0,True,False
512,4 4 32,128,16.0,9,1.25,38400,1.91796875,0,252,188,12,60,0,0,0,60,6,2,0.453125,58.0,0.0,True,False
512,4 4 32,128,16.0,9,1.25,38600,1.91796875,0,252,188,12,60,0,0,0,60,6,2,0.453125,58.0,0.0,True,False
512,4 4 32,128,16.0,9,1.25,38800,1.91796875,0,252,188,12,60,0,0,0,60,6,2,0.453125,58.0,0.0,True,False
512,4 4 32,128,16.0,9,1.25,39000,1.91796875,0,252,188,12,60,0,0,0,60,6,2,0.453125,58.0,0.0,True,False
512,4 4 32,128,16.0,9,1.25,39200,1.91796875,0,252,188,12,60,0,0,0,60,6,2,0.453125,58.0,0.0,True,False
512,4 4 32,128,16.0,9,1.25,39400,1.91796875,0,252,188,12,60,0,0,0,60,6,2,0.453125,58.0,0.0,True,False
512,4 4 32,128,16.0,9,1.25,39600,1.91796875,0,252,188,12,60,0,0,0,60,6,2,0.453125,58.0,0.0,True,False
512,4 4 32,128,16.0,9,1.25,39800,1.91796875,0,252,188,12,60,0,0,0,60,6,2,0.453125,58.0,0.0,True,False
512,4 4 32,128,16.0,9,1.25,40000,1.91796875,0,252,188,12,60,0,0,0,60,6,2,0.453125,58.0,0.0,True,False
512,4 4 32,128,16.0,9,1.25,40200,1.91796875,0,252,188,12,60,0,0,0,60,6,2,0.453125,58.0,0.0,True,False
512,4 4 32,128,16.0,9,1.25,40400,1.91796875,0,252,188,12,60,0,0,0,60,6,2,0.453125,58.0,0.0,True,False
512,4 4 32,128,16.0,9,1.25,40600,1.91796875,0,252,188,12,60,0,0,0,60,6,2,0.453125,58.0,0.0,True,False
512,4 4 32,128,16.0,9,1.25,40800,1.91796875,0,252,188,12,60,0,0,0,60,6,2,0.453125,58.0,0.0,True,False
512,4 4 32,128,16.0,9,1.25,41000,1.91796875,0,252,188,12,60,0,0,0,60,6,2,0.453125,58.0,0.0,True,False
512,4 4 32,128,16.0,9,1.25,41200,1.91796875,0,252,188,12,60,0,0,0,60,6,2,0.453125,58.0,0.0,True,False
512,4 4 32,128,16.0,9,1.25,41400,1.91796875,0,252,188,12,60,0,0,0,60,6,2,0.453125,58.0,0.0,True,False
512,4 4 32,128,16.0,9,1.25,41600,1.91796875,0,252,188,12,60,0,0,0,60,6,2,0.453125,58.0,0.0,True,False
512,4 4 32,128,16.0,9,1.25,41800,1.91796875,0,252,188,12,60,0,0,0,60,6,2,0.453125,58.0,0.0,True,False
512,4 4 32,128,16.0,9,1.25,42000,1.91796875,0,252,188,12,60,0,0,0,60,6,2,0.453125,58.0,0.0,True,False
512,4 4 32,128,16.0,9,1.25,42200,1.91796875,0,252,188,12,60,0,0,0,60,6,2,0.453125,58.0,0.0,True,False
512,4 4 32,128,16.0,9,1.25,42400,1.91796875,0,252,188,12,60,0,0,0,60,6,2,0.453125,58.0,0.0,True,False
512,4 4 32,128,16.0,9,1.25,42600,1.91796875,0,252,188,12,60,0,0,0,60,6,2,0.453125,58.0,0.0,True,False
512,4 4 32,128,16.0,9,1.25,42800,1.91796875,0,252,188,12,60,0,0,0,60,6,2,0.453125,58.0,0.0,True,False
512,4 4 32,128,16.0,9,1.25,43000,1.91796875,0,252,188,12,60,0,0,0,60,6,2,0.453125,58.0,0.0,True,False
512,4 4 32,128,16.0,9,1.25,43200,1.91796875,0,252,188,12,60,0,0,0,60,6,2,0.453125,58.0,0.0,True,False
512,4 4 32,128,16.0,9,1.25,43400,1.91796875,0,252,188,12,60,0,0,0,60,6,2,0.453125,58.0,0.0,True,False
512,4 4 32,128,16.0,9,1.25,43600,1.91796875,0,252,188,12,60,0,0,0,60,6,2,0.453125,58.0,0.0,True,False
512,4 4 32,128,16.0,9,1.25,43800,1.91796875,0,252,188,12,60,0,0,0,60,6,2,0.453125,58.0,0.0,True,False
512,4 4 32,128,16.0,9,1.25,44000,1.91796875,0,252,188,12,60,0,0,0,60,6,2,0.453125,58.0,0.0,True,False
512,4 4 32,128,16.0,9,1.25,44200,1.91796875,0,252,188,12,60,0,0,0,60,6,2,0.453125,58.0,0.0,True,False
512,4 4 32,128,16.0,9,1.25,44400,1.91796875,0,252,188,12,60,0,0,0,60,6,2,0.453125,58.0,0.0,True,False
512,4 4 32,128,16.0,9,1.25,44600,1.91796875,0,252,188,12,60,0,0,0,60,6,2,0.453125,58.0,0.0,True,False
512,4 4 32,128,16.0,9,1.25,44800,1.91796875,0,252,188,12,60,0,0,0,60,6,2,0.453125,58.0,0.0,True,False
512,4 4 32,128,16.0,9,1.25,45000,1.91796875,0,252,188,12,60,0,0,0,60,6,2,0.453125,58.0,0.0,True,False
512,4 4 32,128,16.0,9,1.25,45200,1.91796875,0,252,188,12,60,0,0,0,60,6,2,0.453125,58.0,0.0,True,False
512,4 4 32,128,16.0,9,1.25,45400,1.91796875,0,252,188,12,60,0,0,0,60,6,2,0.453125,58.0,0.0,True,False
512,4 4 32,128,16.0,9,1.25,45600,1.91796875,0,252,188,12,60,0,0,0,60,6,2,0.453125,58.0,0.0,True,False
512,4 4 32,128,16.0,9,1.25,45800,1.91796875,0,252,188,12,60,0,0,0,60,6,2,0.453125,58.0,0.0,True,False
512,4 4 32,128,16.0,9,1.25,46000,1.91796875,0,252,188,12,60,0,0,0,60,6,2,0.453125,58.0,0.0,True,False
512,4 4 32,128,16.0,9,1.25,46200,1.91796875,0,252,188,12,60,0,0,0,60,6,2,0.453125,58.0,0.0,True,False
512,4 4 32,128,16.0,9,1.25,46400,1.91796875,0,252,188,12,60,0,0,0,60,6,2,0.453125,58.0,0.0,True,False
512,4 4 32,128,16.0,9,1.25,46600,1.91796875,0,252,188,12,60,0,0,0,60,6,2,0.453125,58.0,0.0,True,False
512,4 4 32,128,16.0,9,1.25,46800,1.91796875,0,252,188,12,60,0,0,0,60,6,2,0.453125,58.0,0.0,True,False
512,4 4 32,128,16.0,9,1.25,47000,1.91796875,0,252,188,12,60,0,0,0,60,6,2,0.453125,58.0,0.0,True,False
512,4 4 32,128,16.0,9,1.25,47200,1.91796875,0,252,188,12,60,0,0,0,60,6,2,0.453125,58.0,0.0,True,False
512,4 4 32,128,16.0,9,1.25,47400,1.91796875,0,252,188,12,60,0,0,0,60,6,2,0.453125,58.0,0.0,True,False
512,4 4 32,128,16.0,9,1.25,47600,1.91796875,0,252,188,12,60,0,0,0,60,6,2,0.453125,58.0,0.0,True,False
512,4 4 32,128,16.0,9,1.25,47800,1.91796875,0,252,188,12,60,0,0,0,60,6,2,0.453125,58.0,0.0,True,False
512,4 4 32,128,16.0,9,1.25,48000,1.91796875,0,252,188,12,60,0,0,0,60,6,2,0.453125,58.0,0.0,True,False
512,4 4 32,128,16.0,9,1.25,48200,1.91796875,0,252,188,12,60,0,0,0,60,6,2,0.453125,58.0,0.0,True,False
512,4 4 32,128,16.0,9,1.25,48400,1.91796875,0,252,188,12,60,0,0,0,60,6,2,0.453125,58.0,0.0,True,False
512,4 4 32,128,16.0,9,1.25,48600,1.91796875,0,252,188,12,60,0,0,0,60,6,2,0.453125,58.0,0.0,True,False
512,4 4 32,128,16.0,9,1.25,48800,1.91796875,0,252,188,12,60,0,0,0,60,6,2,0.453125,58.0,0.0,True,False
512,4 4 32,128,16.0,9,1.25,49000,1.91796875,0,252,188,12,60,0,0,0,60,6,2,0.453125,58.0,0.0,True,False
512,4 4 32,128,16.0,9,1.25,49200,1.91796875,0,252,188,12,60,0,0,0,60,6,2,0.453125,58.0,0.0,True,False
512,4 4 32,128,16.0,9,1.25,49400,1.91796875,0,252,188,12,60,0,0,0,60,6,2,0.453125,58.0,0.0,True,False
512,4 4 32,128,16.0,9,1.25,49600,1.91796875,0,252,188,12,60,0,0,0,60,6,2,0.453125,58.0,0.0,True,False
512,4 4 32,128,16.0,9,1.25,49800,1.91796875,0,252,188,12,60,0,0,0,60,6,2,0.453125,58.0,0.0,True,False
512,4 4 32,128,16.0,9,1.25,50000,1.91796875,0,252,188,12,60,0,0,0,60,6,2,0.453125,58.0,0.0,True,False
512,4 4 32,128,16.0,9,1.25,50200,1.91796875,0,252,188,12,60,0,0,0,60,6,2,0.453125,58.0,0.0,True,False
512,4 4 32,128,16.0,9,1.25,50400,1.91796875,0,252,188,12,60,0,0,0,60,6,2,0.453125,58.0,0.0,True,False
512,4 4 32,128,16.0,9,1.25,50600,1.91796875,0,252,188,12,60,0,0,0,60,6,2,0.453125,58.0,0.0,True,False
512,4 4 32,128,16.0,9,1.25,50800,1.91796875,0,252,188,12,60,0,0,0,60,6,2,0.453125,58.0,0.0,True,False
512,4 4 32,128,16.0,9,1.25,51000,1.91796875,0,252,188,12,60,0,0,0,60,6,2,0.453125,58.0,0.0,True,False
512,4 4 32,128,16.0,9,1.25,51200,1.91796875,0,252,188,12,60,0,0,0,60,6,2,0.453125,58.0,0.0,True,False
512,4 4 32,128,16.0,9,1.25,51400,1.91796875,0,252,188,12,60,0,0,0,60,6,2,0.453125,58.0,0.0,True,False
512,4 4 32,128,16.0,9,1.25,51600,1.91796875,0,252,188,12,60,0,0,0,60,6,2,0.453125,58.0,0.0,True,False
512,4 4 32,128,16.0,9,1.25,51800,1.91796875,0,252,188,12,60,0,0,0,60,6,2,0.453125,58.0,0.0,True,False
512,4 4 32,128,16.0,9,1.25,52000,1.919921875,0,262,184,6,60,0,0,0,60,3,2,0.4453125,57.0,0.0,True,False
512,4 4 32,128,16.0,9,1.25,52200,1.919921875,0,262,184,6,60,0,0,0,60,3,2,0.4453125,57.0,0.0,True,False
512,4 4 32,128,16.0,9,1.25,52400,1.919921875,0,262,184,6,60,0,0,0,60,3,2,0.4453125,57.0,0.0,True,False
512,4 4 32,128,16.0,9,1.25,52600,1.919921875,0,262,184,6,60,0,0,0,60,3,2,0.4453125,57.0,0.0,True,False
512,4 4 32,128,16.0,9,1.25,52800,1.919921875,0,262,184,6,60,0,0,0,60,3,2,0.4453125,57.0,0.0,True,False
512,4 4 32,128,16.0,9,1.25,53000,1.919921875,0,262,184,6,60,0,0,0,60,3,2,0.4453125,57.0,0.0,True,False
512,4 4 32,128,16.0,9,1.25,53200,1.919921875,0,262,184,6,60,0,0,0,60,3,2,0.4453125,57.0,0.0,True,False
512,4 4 32,128,16.0,9,1.25,53400,1.91796875,0,252,188,12,60,0,0,0,60,6,2,0.453125,58.0,0.0,True,False
512,4 4 32,128,16.0,9,1.25,53600,1.91796875,0,252,188,12,60,0,0,0,60,6,2,0.453125,58.0,0.0,True,False
512,4 4 32,128,16.0,9,1.25,53800,1.91796875,0,252,188,12,60,0,0,0,60,6,2,0.453125,58.0,0.0,True,False
512,4 4 32,128,16.0,9,1.25,54000,1.91796875,0,252,188,12,60,0,0,0,60,6,2,0.453125,58.0,0.0,True,False
512,4 4 32,128,16.0,9,1.25,54200,1.91796875,0,252,188,12,60,0,0,0,60,6,2,0.453125,58.0,0.0,True,False
512,4 4 32,128,16.0,9,1.25,54400,1.91796875,0,252,188,12,60,0,0,0,60,6,2,0.453125,58.0,0.0,True,False
512,4 4 32,128,16.0,9,1.25,54600,1.91796875,0,252,188,12,60,0,0,0,60,6,2,0.453125,58.0,0.0,True,False
512,4 4 32,128,16.0,9,1.25,54800,1.91796875,0,252,188,12,60,0,0,0,60,6,2,0.453125,58.0,0.0,True,False
512,4 4 32,128,16.0,9,1.25,55000,1.91796875,0,252,188,12,60,0,0,0,60,6,2,0.453125,58.0,0.0,True,False
512,4 4 32,128,16.0,9,1.25,55200,1.91796875,0,252,188,12,60,0,0,0,60,6,2,0.453125,58.0,0.0,True,False
512,4 4 32,128,16.0,9,1.25,55400,1.91796875,0,252,188,12,60,0,0,0,60,6,2,0.453125,58.0,0.0,True,False
512,4 4 32,128,16.0,9,1.25,55600,1.91796875,0,252,188,12,60,0,0,0,60,6,2,0.453125,58.0,0.0,True,False
512,4 4 32,128,16.0,9,1.25,55800,1.91796875,0,252,188,12,60,0,0,0,60,6,2,0.453125,58.0,0.0,True,False
512,4 4 32,128,16.0,9,1.25,56000,1.91796875,0,252,188,12,60,0,0,0,60,6,2,0.453125,58.0,0.0,True,False
512,4 4 32,128,16.0,9,1.25,56200,1.91796875,0,252,188,12,60,0,0,0,60,6,2,0.453125,58.0,0.0,True,False
512,4 4 32,128,16.0,9,1.25,56400,1.91796875,0,252,188,12,60,0,0,0,60,6,2,0.453125,58.0,0.0,True,False
512,4 4 32,128,16.0,9,1.25,56600,1.91796875,0,252,188,12,60,0,0,0,60,6,2,0.453125,58.0,0.0,True,False
512,4 4 32,128,16.0,9,1.25,56800,1.91796875,0,252,188,12,60,0,0,0,60,6,2,0.453125,58.0,0.0,True,False
512,4 4 32,128,16.0,9,1.25,57000,1.91796875,0,252,188,12,60,0,0,0,60,6,2,0.453125,58.0,0.0,True,False
512,4 4 32,128,16.0,9,1.25,57200,1.91796875,0,252,188,12,60,0,0,0,60,6,2,0.453125,58.0,0.0,True,False
512,4 4 32,128,16.0,9,1.25,57400,1.91796875,0,252,188,12,60,0,0,0,60,6,2,0.453125,58.0,0.0,True,False
512,4 4 32,128,16.0,9,1.25,57600,1.91796875,0,252,188,12,60,0,0,0,60,6,2,0.453125,58.0,0.0,True,False
512,4 4 32,128,16.0,9,1.25,57800,1.91796875,0,252,188,12,60,0,0,0,60,6,2,0.453125,58.0,0.0,True,False
512,4 4 32,128,16.0,9,1.25,58000,1.91796875,0,252,188,12,60,0,0,0,60,6,2,0.453125,58.0,0.0,True,False
512,4 4 32,128,16.0,9,1.25,58200,1.91796875,0,252,188,12,60,0,0,0,60,6,2,0.453125,58.0,0.0,True,False
512,4 4 32,128,16.0,9,1.25,58400,1.91796875,0,252,188,12,60,0,0,0,60,6,2,0.453125,58.0,0.0,True,False
512,4 4 32,128,16.0,9,1.25,58600,1.91796875,0,252,188,12,60,0,0,0,60,6,2,0.453125,58.0,0.0,True,False
512,4 4 32,128,16.0,9,1.25,58800,1.919921875,0,262,184,6,60,0,0,0,60,3,2,0.4453125,57.0,0.0,True,False
512,4 4 32,128,16.0,9,1.25,59000,1.91796875,0,252,188,12,60,0,0,0,60,6,2,0.453125,58.0,0.0,True,False
512,4 4 32,128,16.0,9,1.25,59200,1.91796875,0,252,188,12,60,0,0,0,60,6,2,0.453125,58.0,0.0,True,False
512,4 4 32,128,16.0,9,1.25,59400,1.91796875,0,252,188,12,60,0,0,0,60,6,2,0.453125,58.0,0.0,True,False
512,4 4 32,128,16.0,9,1.25,59600,1.91796875,0,252,188,12,60,0,0,0,60,6,2,0.453125,58.0,0.0,True,False
512,4 4 32,128,16.0,9,1.25,59800,1.91796875,0,252,188,12,60,0,0,0,60,6,2,0.453125,58.0,0.0,True,False
512,4 4 32,128,16.0,9,1.25,60000,1.91796875,0,252,188,12,60,0,0,0,60,6,2,0.453125,58.0,0.0,True,False
512,4 4 32,128,16.0,9,1.25,60200,1.91796875,0,252,188,12,60,0,0,0,60,6,2,0.453125,58.0,0.0,True,False
512,4 4 32,128,16.0,9,1.25,60400,1.91796875,0,252,188,12,60,0,0,0,60,6,2,0.453125,58.0,0.0,True,False
512,4 4 32,128,16.0,9,1.25,60600,1.919921875,0,262,184,6,60,0,0,0,60,3,2,0.4453125,57.0,0.0,True,False
512,4 4 32,128,16.0,9,1.25,60800,1.919921875,0,262,184,6,60,0,0,0,60,3,2,0.4453125,57.0,0.0,True,False
512,4 4 32,128,16.0,9,1.25,61000,1.919921875,0,262,184,6,60,0,0,0,60,3,2,0.4453125,57.0,0.0,True,False
512,4 4 32,128,16.0,9,1.25,61200,1.919921875,0,262,184,6,60,0,0,0,60,3,2,0.4453125,57.0,0.0,True,False
512,4 4 32,128,16.0,9,1.25,61400,1.919921875,0,262,184,6,60,0,0,0,60,3,2,0.4453125,57.0,0.0,True,False
512,4 4 32,128,16.0,9,1.25,61600,1.919921875,0,262,184,6,60,0,0,0,60,3,2,0.4453125,57.0,0.0,True,False
512,4 4 32,128,16.0,9,1.25,61800,1.919921875,0,262,184,6,60,0,0,0,60,3,2,0.4453125,57.0,0.0,True,False
512,4 4 32,128,16.0,9,1.25,62000,1.923828125,0,258,186,8,58,2,0,0,60,4,2,0.4296875,55.0,0.0,True,False
512,4 4 32,128,16.0,9,1.25,62200,1.923828125,0,258,186,8,58,2,0,0,60,4,2,0.4296875,55.0,0.0,True,False
512,4 4 32,128,16.0,9,1.25,62400,1.923828125,0,258,186,8,58,2,0,0,60,4,2,0.4296875,55.0,0.0,True,False
512,4 4 32,128,16.0,9,1.25,62600,1.919921875,0,262,184,6,60,0,0,0,60,3,2,0.4453125,57.0,0.0,True,False
512,4 4 32,128,16.0,9,1.25,62800,1.91796875,0,252,188,12,60,0,0,0,60,6,2,0.453125,58.0,0.0,True,False
512,4 4 32,128,16.0,9,1.25,63000,1.91796875,0,252,188,12,60,0,0,0,60,6,2,0.453125,58.0,0.0,True,False
512,4 4 32,128,16.0,9,1.25,63200,1.91796875,0,252,188,12,60,0,0,0,60,6,2,0.453125,58.0,0.0,True,False
512,4 4 32,128,16.0,9,1.25,63400,1.91796875,0,252,188,12,60,0,0,0,60,6,2,0.453125,58.0,0.0,True,False
512,4 4 32,128,16.0,9,1.25,63600,1.91796875,0,252,188,12,60,0,0,0,60,6,2,0.453125,58.0,0.0,True,False
512,4 4 32,128,16.0,9,1.25,63800,1.91796875,0,252,188,12,60,0,0,0,60,6,2,0.453125,58.0,0.0,True,False
512,4 4 32,128,16.0,9,1.25,64000,1.91796875,0,252,188,12,60,0,0,0,60,6,2,0.453125,58.0,0.0,True,False
512,4 4 32,128,16.0,9,1.25,64200,1.91796875,0,252,188,12,60,0,0,0,60,6,2,0.453125,58.0,0.0,True,False
512,4 4 32,128,16.0,9,1.25,64400,1.91796875,0,252,188,12,60,0,0,0,60,6,2,0.453125,58.0,0.0,True,False
512,4 4 32,128,16.0,9,1.25,64600,1.91796875,0,252,188,12,60,0,0,0,60,6,2,0.453125,58.0,0.0,True,False
512,4 4 32,128,16.0,9,1.25,64800,1.91796875,0,252,188,12,60,0,0,0,60,6,2,0.453125,58.0,0.0,True,False
512,4 4 32,128,16.0,9,1.25,65000,1.91796875,0,252,188,12,60,0,0,0,60,6,2,0.453125,58.0,0.0,True,False
512,4 4 32,128,16.0,9,1.25,65200,1.91796875,0,252,188,12,60,0,0,0,60,6,2,0.453125,58.0,0.0,True,False
512,4 4 32,128,16.0,9,1.25,65400,1.91796875,0,252,188,12,60,0,0,0,60,6,2,0.453125,58.0,0.0,True,False
512,4 4 32,128,16.0,9,1.25,65600,1.91796875,0,252,188,12,60,0,0,0,60,6,2,0.453125,58.0,0.0,True,False
512,4 4 32,128,16.0,9,1.25,65800,1.91796875,0,252,188,12,60,0,0,0,60,6,2,0.453125,58.0,0.0,True,False
512,4 4 32,128,16.0,9,1.25,66000,1.91796875,0,252,188,12,60,0,0,0,60,6,2,0.453125,58.0,0.0,True,False
512,4 4 32,128,16.0,9,1.25,66200,1.91796875,0,252,188,12,60,0,0,0,60,6,2,0.453125,58.0,0.0,True,False
512,4 4 32,128,16.0,9,1.25,66400,1.91796875,0,252,188,12,60,0,0,0,60,6,2,0.453125,58.0,0.0,True,False
512,4 4 32,128,16.0,9,1.25,66600,1.91796875,0,252,188,12,60,0,0,0,60,6,2,0.453125,58.0,0.0,True,False
512,4 4 32,128,16.0,9,1.25,66800,1.91796875,0,252,188,12,60,0,0,0,60,6,2,0.453125,58.0,0.0,True,False
512,4 4 32,128,16.0,9,1.25,67000,1.91796875,0,252,188,12,60,0,0,0,60,6,2,0.453125,58.0,0.0,True,False
512,4 4 32,128,16.0,9,1.25,67200,1.91796875,0,252,188,12,60,0,0,0,60,6,2,0.453125,58.0,0.0,True,False
512,4 4 32,128,16.0,9,1.25,67400,1.91796875,0,252,188,12,60,0,0,0,60,6,2,0.453125,58.0,0.0,True,False
512,4 4 32,128,16.0,9,1.25,67600,1.91796875,0,252,188,12,60,0,0,0,60,6,2,0.453125,58.0,0.0,True,False
512,4 4 32,128,16.0,9,1.25,67800,1.919921875,0,262,184,6,60,0,0,0,60,3,2,0.4453125,57.0,0.0,True,False
512,4 4 32,128,16.0,9,1.25,68000,1.919921875,0,262,184,6,60,0,0,0,60,3,2,0.4453125,57.0,0.0,True,False
512,4 4 32,128,16.0,9,1.25,68200,1.91796875,0,252,188,12,60,0,0,0,60,6,2,0.453125,58.0,0.0,True,False
512,4 4 32,128,16.0,9,1.25,68400,1.91796875,0,252,188,12,60,0,0,0,60,6,2,0.453125,58.0,0.0,True,False
512,4 4 32,128,16.0,9,1.25,68600,1.91796875,0,252,188,12,60,0,0,0,60,6,2,0.453125,58.0,0.0,True,False
512,4 4 32,128,16.0,9,1.25,68800,1.91796875,0,252,188,12,60,0,0,0,60,6,2,0.453125,58.0,0.0,True,False
512,4 4 32,128,16.0,9,1.25,69000,1.91796875,0,252,188,12,60,0,0,0,60,6,2,0.453125,58.0,0.0,True,False
512,4 4 32,128,16.0,9,1.25,69200,1.91796875,0,252,188,12,60,0,0,0,60,6,2,0.453125,58.0,0.0,True,False
512,4 4 32,128,16.0,9,1.25,69400,1.91796875,0,252,188,12,60,0,0,0,60,6,2,0.453125,58.0,0.0,True,False
512,4 4 32,128,16.0,9,1.25,69600,1.91796875,0,252,188,12,60,0,0,0,60,6,2,0.453125,58.0,0.0,True,False
512,4 4 32,128,16.0,9,1.25,69800,1.91796875,0,252,188,12,60,0,0,0,60,6,2,0.453125,58.0,0.0,True,False
512,4 4 32,128,16.0,9,1.25,70000,1.91796875,0,252,188,12,60,0,0,0,60,6,2,0.453125,58.0,0.0,True,False
512,4 4 32,128,16.0,9,1.25,70200,1.91796875,0,252,188,12,60,0,0,0,60,6,2,0.453125,58.0,0.0,True,False
512,4 4 32,128,16.0,9,1.25,70400,1.91796875,0,252,188,12,60,0,0,0,60,6,2,0.453125,58.0,0.0,True,False
512,4 4 32,128,16.0,9,1.25,70600,1.91796875,0,252,188,12,60,0,0,0,60,6,2,0.453125,58.0,0.0,True,False
512,4 4 32,128,16.0,9,1.25,70800,1.91796875,0,252,188,12,60,0,0,0,60,6,2,0.453125,58.0,0.0,True,False
512,4 4 32,128,16.0,9,1.25,71000,1.91796875,0,252,188,12,60,0,0,0,60,6,2,0.453125,58.0,0.0,True,False
512,4 4 32,128,16.0,9,1.25,71200,1.91796875,0,252,188,12,60,0,0,0,60,6,2,0.453125,58.0,0.0,True,False
512,4 4 32,128,16.0,9,1.25,71400,1.91796875,0,252,188,12,60,0,0,0,60,6,2,0.453125,58.0,0.0,True,False
512,4 4 32,128,16.0,9,1.25,71600,1.91796875,0,252,188,12,60,0,0,0,60,6,2,0.453125,58.0,0.0,True,False
512,4 4 32,128,16.0,9,1.25,71800,1.91796875,0,252,188,12,60,0,0,0,60,6,2,0.453125,58.0,0.0,True,False
512,4 4 32,128,16.0,9,1.25,72000,1.91796875,0,252,188,12,60,0,0,0,60,6,2,0.453125,58.0,0.0,True,False
512,4 4 32,128,16.0,9,1.25,72200,1.91796875,0,252,188,12,60,0,0,0,60,6,2,0.453125,58.0,0.0,True,False
512,4 4 32,128,16.0,9,1.25,72400,1.91796875,0,252,188,12,60,0,0,0,60,6,2,0.453125,58.0,0.0,True,False
512,4 4 32,128,16.0,9,1.25,72600,1.91796875,0,252,188,12,60,0,0,0,60,6,2,0.453125,58.0,0.0,True,False
512,4 4 32,128,16.0,9,1.25,72800,1.91796875,0,252,188,12,60,0,0,0,60,6,2,0.453125,58.0,0.0,True,False
512,4 4 32,128,16.0,9,1.25,73000,1.91796875,0,252,188,12,60,0,0,0,60,6,2,0.453125,58.0,0.0,True,False
512,4 4 32,128,16.0,9,1.25,73200,1.91796875,0,252,188,12,60,0,0,0,60,6,2,0.453125,58.0,0.0,True,False
512,4 4 32,128,16.0,9,1.25,73400,1.91796875,0,252,188,12,60,0,0,0,60,6,2,0.453125,58.0,0.0,True,False
512,4 4 32,128,16.0,9,1.25,73600,1.91796875,0,252,188,12,60,0,0,0,60,6,2,0.453125,58.0,0.0,True,False
512,4 4 32,128,16.0,9,1.25,73800,1.91796875,0,252,188,12,60,0,0,0,60,6,2,0.453125,58.0,0.0,True,False
512,4 4 32,128,16.0,9,1.25,74000,1.91796875,0,252,188,12,60,0,0,0,60,6,2,0.453125,58.0,0.0,True,False
512,4 4 32,128,16.0,9,1.25,74200,1.91796875,0,252,188,12,60,0,0,0,60,6,2,0.453125,58.0,0.0,True,False
512,4 4 32,128,16.0,9,1.25,74400,1.91796875,0,252,188,12,60,0,0,0,60,6,2,0.453125,58.0,0.0,True,False
512,4 4 32,128,16.0,9,1.25,74600,1.91796875,0,252,188,12,60,0,0,0,60,6,2,0.453125,58.0,0.0,True,False
512,4 4 32,128,16.0,9,1.25,74800,1.91796875,0,252,188,12,60,0,0,0,60,6,2,0.453125,58.0,0.0,True,False
512,4 4 32,128,16.0,9,1.25,75000,1.919921875,0,262,184,6,60,0,0,0,60,3,2,0.4453125,57.0,0.0,True,False
512,4 4 32,128,16.0,9,1.25,75200,1.919921875,0,262,184,6,60,0,0,0,60,3,2,0.4453125,57.0,0.0,True,False
512,4 4 32,128,16.0,9,1.25,75400,1.919921875,0,262,184,6,60,0,0,0,60,3,2,0.4453125,57.0,0.0,True,False
512,4 4 32,128,16.0,9,1.25,75600,1.919921875,0,262,184,6,60,0,0,0,60,3,2,0.4453125,57.0,0.0,True,False
512,4 4 32,128,16.0,9,1.25,75800,1.919921875,0,262,184,6,60,0,0,0,60,3,2,0.4453125,57.0,0.0,True,False
512,4 4 32,128,16.0,9,1.25,76000,1.919921875,0,262,184,6,60,0,0,0,60,3,2,0.4453125,57.0,0.0,True,False
512,4 4 32,128,16.0,9,1.25,76200,1.919921875,0,262,184,6,60,0,0,0,60,3,2,0.4453125,57.0,0.0,True,False
512,4 4 32,128,16.0,9,1.25,76400,1.919921875,0,262,184,6,60,0,0,0,60,3,2,0.4453125,57.0,0.0,True,False
512,4 4 32,128,16.0,9,1.25,76600,1.919921875,0,262,184,6,60,0,0,0,60,3,2,0.4453125,57.0,0.0,True,False
512,4 4 32,128,16.0,9,1.25,76800,1.919921875,0,262,184,6,60,0,0,0,60,3,2,0.4453125,57.0,0.0,True,False
512,4 4 32,128,16.0,9,1.25,77000,1.919921875,0,262,184,6,60,0,0,0,60,3,2,0.4453125,57.0,0.0,True,False
512,4 4 32,128,16.0,9,1.25,77200,1.919921875,0,262,184,6,60,0,0,0,60,3,2,0.4453125,57.0,0.0,True,False
512,4 4 32,128,16.0,9,1.25,77400,1.919921875,0,262,184,6,60,0,0,0,60,3,2,0.4453125,57.0,0.0,True,False
512,4 4 32,128,16.0,9,1.25,77600,1.919921875,0,262,184,6,60,0,0,0,60,3,2,0.4453125,57.0,0.0,True,False
512,4 4 32,128,16.0,9,1.25,77800,1.919921875,0,262,184,6,60,0,0,0,60,3,2,0.4453125,57.0,0.0,True,False
512,4 4 32,128,16.0,9,1.25,78000,1.919921875,0,262,184,6,60,0,0,0,60,3,2,0.4453125,57.0,0.0,True,False
512,4 4 32,128,16.0,9,1.25,78200,1.919921875,0,262,184,6,60,0,0,0,60,3,2,0.4453125,57.0,0.0,True,False
512,4 4 32,128,16.0,9,1.25,78400,1.919921875,0,262,184,6,60,0,0,0,60,3,2,0.4453125,57.0,0.0,True,False
512,4 4 32,128,16.0,9,1.25,78600,1.91796875,0,252,188,12,60,0,0,0,60,6,2,0.453125,58.0,0.0,True,False
512,4 4 32,128,16.0,9,1.25,78800,1.91796875,0,252,188,12,60,0,0,0,60,6,2,0.453125,58.0,0.0,True,False
512,4 4 32,128,16.0,9,1.25,79000,1.91796875,0,252,188,12,60,0,0,0,60,6,2,0.453125,58.0,0.0,True,False
512,4 4 32,128,16.0,9,1.25,79200,1.91796875,0,252,188,12,60,0,0,0,60,6,2,0.453125,58.0,0.0,True,False
512,4 4 32,128,16.0,9,1.25,79400,1.91796875,0,252,188,12,60,0,0,0,60,6,2,0.453125,58.0,0.0,True,False
512,4 4 32,128,16.0,9,1.25,79600,1.91796875,0,252,188,12,60,0,0,0,60,6,2,0.453125,58.0,0.0,True,False
512,4 4 32,128,16.0,9,1.25,79800,1.91796875,0,252,188,12,60,0,0,0,60,6,2,0.453125,58.0,0.0,True,False
512,4 4 32,128,16.0,9,1.25,80000,1.91796875,0,252,188,12,60,0,0,0,60,6,2,0.453125,58.0,0.0,True,False
512,4 4 32,128,16.0,9,1.25,80200,1.91796875,0,252,188,12,60,0,0,0,60,6,2,0.453125,58.0,0.0,True,False
512,4 4 32,128,16.0,9,1.25,80400,1.91796875,0,252,188,12,60,0,0,0,60,6,2,0.453125,58.0,0.0,True,False
512,4 4 32,128,16.0,9,1.25,80600,1.91796875,0,252,188,12,60,0,0,0,60,6,2,0.453125,58.0,0.0,True,False
512,4 4 32,128,16.0,9,1.25,80800,1.91796875,0,252,188,12,60,0,0,0,60,6,2,0.453125,58.0,0.0,True,False
512,4 4 32,128,16.0,9,1.25,81000,1.91796875,0,252,188,12,60,0,0,0,60,6,2,0.453125,58.0,0.0,True,False
512,4 4 32,128,16.0,9,1.25,81200,1.919921875,0,262,184,6,60,0,0,0,60,3,2,0.4453125,57.0,0.0,True,False
512,4 4 32,128,16.0,9,1.25,81400,1.919921875,0,262,184,6,60,0,0,0,60,3,2,0.4453125,57.0,0.0,True,False
512,4 4 32,128,16.0,9,1.25,81600,1.919921875,0,262,184,6,60,0,0,0,60,3,2,0.4453125,57.0,0.0,True,False
512,4 4 32,128,16.0,9,1.25,81800,1.919921875,0,262,184,6,60,0,0,0,60,3,2,0.4453125,57.0,0.0,True,False
512,4 4 32,128,16.0,9,1.25,82000,1.919921875,0,262,184,6,60,0,0,0,60,3,2,0.4453125,57.0,0.0,True,False
512,4 4 32,128,16.0,9,1.25,82200,1.919921875,0,262,184,6,60,0,0,0,60,3,2,0.4453125,57.0,0.0,True,False
512,4 4 32,128,16.0,9,1.25,82400,1.919921875,0,262,184,6,60,0,0,0,60,3,2,0.4453125,57.0,0.0,True,False
512,4 4 32,128,16.0,9,1.25,82600,1.91796875,0,252,188,12,60,0,0,0,60,6,2,0.453125,58.0,0.0,True,False
512,4 4 32,128,16.0,9,1.25,82800,1.91796875,0,252,188,12,60,0,0,0,60,6,2,0.453125,58.0,0.0,True,False
512,4 4 32,128,16.0,9,1.25,83000,1.91796875,0,252,188,12,60,0,0,0,60,6,2,0.453125,58.0,0.0,True,False
512,4 4 32,128,16.0,9,1.25,83200,1.91796875,0,252,188,12,60,0,0,0,60,6,2,0.453125,58.0,0.0,True,False
512,4 4 32,128,16.0,9,1.25,83400,1.91796875,0,252,188,12,60,0,0,0,60,6,2,0.453125,58.0,0.0,True,False
512,4 4 32,128,16.0,9,1.25,83600,1.91796875,0,252,188,12,60,0,0,0,60,6,2,0.453125,58.0,0.0,True,False
512,4 4 32,128,16.0,9,1.25,83800,1.91796875,0,252,188,12,60,0,0,0,60,6,2,0.453125,58.0,0.0,True,False
512,4 4 32,128,16.0,9,1.25,84000,1.91796875,0,252,188,12,60,0,0,0,60,6,2,0.453125,58.0,0.0,True,False
512,4 4 32,128,16.0,9,1.25,84200,1.91796875,0,252,188,12,60,0,0,0,60,6,2,0.453125,58.0,0.0,True,False
512,4 4 32,128,16.0,9,1.25,84400,1.91796875,0,252,188,12,60,0,0,0,60,6,2,0.453125,58.0,0.0,True,False
512,4 4 32,128,16.0,9,1.25,84600,1.91796875,0,252,188,12,60,0,0,0,60,6,2,0.453125,58.0,0.0,True,False
512,4 4 32,128,16.0,9,1.25,84800,1.91796875,0,252,188,12,60,0,0,0,60,6,2,0.453125,58.0,0.0,True,False
512,4 4 32,128,16.0,9,1.25,85000,1.91796875,0,252,188,12,60,0,0,0,60,6,2,0.453125,58.0,0.0,True,False
512,4 4 32,128,16.0,9,1.25,85200,1.91796875,0,252,188,12,60,0,0,0,60,6,2,0.453125,58.0,0.0,True,False
512,4 4 32,128,16.0,9,1.25,85400,1.91796875,0,252,188,12,60,0,0,0,60,6,2,0.453125,58.0,0.0,True,False
512,4 4 32,128,16.0,9,1.25,85600,1.91796875,0,252,188,12,60,0,0,0,60,6,2,0.453125,58.0,0.0,True,False
512,4 4 32,128,16.0,9,1.25,85800,1.91796875,0,252,188,12,60,0,0,0,60,6,2,0.453125,58.0,0.0,True,False
512,4 4 32,128,16.0,9,1.25,86000,1.91796875,0,252,188,12,60,0,0,0,60,6,2,0.453125,58.0,0.0,True,False
512,4 4 32,128,16.0,9,1.25,86200,1.91796875,0,252,188,12,60,0,0,0,60,6,2,0.453125,58.0,0.0,True,False
512,4 4 32,128,16.0,9,1.25,86400,1.91796875,0,252,188,12,60,0,0,0,60,6,2,0.453125,58.0,0.0,True,False
512,4 4 32,128,16.0,9,1.25,86600,1.91796875,0,252,188,12,60,0,0,0,60,6,2,0.453125,58.0,0.0,True,False
512,4 4 32,128,16.0,9,1.25,86800,1.91796875,0,252,188,12,60,0,0,0,60,6,2,0.453125,58.0,0.0,True,False
512,4 4 32,128,16.0,9,1.25,87000,1.921875,0,272,180,4,52,4,0,0,56,2,2,0.4375,56.0,0.0,True,False
512,4 4 32,128,16.0,9,1.25,87200,1.921875,0,272,180,4,52,4,0,0,56,2,2,0.4375,56.0,0.0,True,False
512,4 4 32,128,16.0,9,1.25,87400,1.921875,0,272,180,4,52,4,0,0,56,2,2,0.4375,56.0,0.0,True,False
512,4 4 32,128,16.0,9,1.25,87600,1.921875,0,272,180,4,52,4,0,0,56,2,2,0.4375,56.0,0.0,True,False
512,4 4 32,128,16.0,9,1.25,87800,1.921875,0,272,180,4,52,4,0,0,56,2,2,0.4375,56.0,0.0,True,False
512,4 4 32,128,16.0,9,1.25,88000,1.921875,0,272,180,4,52,4,0,0,56,2,2,0.4375,56.0,0.0,True,False
512,4 4 32,128,16.0,9,1.25,88200,1.921875,0,272,180,4,52,4,0,0,56,2,2,0.4375,56.0,0.0,True,False
512,4 4 32,128,16.0,9,1.25,88400,1.921875,0,272,180,4,52,4,0,0,56,2,2,0.4375,56.0,0.0,True,False
512,4 4 32,128,16.0,9,1.25,88600,1.921875,0,272,180,4,52,4,0,0,56,2,2,0.4375,56.0,0.0,True,False
512,4 4 32,128,16.0,9,1.25,88800,1.921875,0,272,180,4,52,4,0,0,56,2,2,0.4375,56.0,0.0,True,False
512,4 4 32,128,16.0,9,1.25,89000,1.919921875,0,262,184,6,60,0,0,0,60,3,2,0.4453125,57.0,0.0,True,False
512,4 4 32,128,16.0,9,1.25,89200,1.919921875,0,262,184,6,60,0,0,0,60,3,2,0.4453125,57.0,0.0,True,False
512,4 4 32,128,16.0,9,1.25,89400,1.921875,0,272,180,4,52,4,0,0,56,2,2,0.4375,56.0,0.0,True,False
512,4 4 32,128,16.0,9,1.25,89600,1.919921875,0,262,184,6,60,0,0,0,60,3,2,0.4453125,57.0,0.0,True,False
512,4 4 32,128,16.0,9,1.25,89800,1.91796875,0,252,188,12,60,0,0,0,60,6,2,0.453125,58.0,0.0,True,False
512,4 4 32,128,16.0,9,1.25,90000,1.91796875,0,252,188,12,60,0,0,0,60,6,2,0.453125,58.0,0.0,True,False
512,4 4 32,128,16.0,9,1.25,90200,1.91796875,0,252,188,12,60,0,0,0,60,6,2,0.453125,58.0,0.0,True,False
512,4 4 32,128,16.0,9,1.25,90400,1.91796875,0,252,188,12,60,0,0,0,60,6,2,0.453125,58.0,0.0,True,False
512,4 4 32,128,16.0,9,1.25,90600,1.91796875,0,252,188,12,60,0,0,0,60,6,2,0.453125,58.0,0.0,True,False
512,4 4 32,128,16.0,9,1.25,90800,1.919921875,0,262,184,6,60,0,0,0,60,3,2,0.4453125,57.0,0.0,True,False
512,4 4 32,128,16.0,9,1.25,91000,1.919921875,0,262,184,6,60,0,0,0,60,3,2,0.4453125,57.0,0.0,True,False
512,4 4 32,128,16.0,9,1.25,91200,1.91796875,0,252,188,12,60,0,0,0,60,6,2,0.453125,58.0,0.0,True,False
512,4 4 32,128,16.0,9,1.25,91400,1.91796875,0,252,188,12,60,0,0,0,60,6,2,0.453125,58.0,0.0,True,False
512,4 4 32,128,16.0,9,1.25,91600,1.91796875,0,252,188,12,60,0,0,0,60,6,2,0.453125,58.0,0.0,True,False
512,4 4 32,128,16.0,9,1.25,91800,1.91796875,0,252,188,12,60,0,0,0,60,6,2,0.453125,58.0,0.0,True,False
512,4 4 32,128,16.0,9,1.25,92000,1.91796875,0,252,188,12,60,0,0,0,60,6,2,0.453125,58.0,0.0,True,False
512,4 4 32,128,16.0,9,1.25,92200,1.91796875,0,252,188,12,60,0,0,0,60,6,2,0.453125,58.0,0.0,True,False
512,4 4 32,128,16.0,9,1.25,92400,1.91796875,0,252,188,12,60,0,0,0,60,6,2,0.453125,58.0,0.0,True,False
512,4 4 32,128,16.0,9,1.25,92600,1.91796875,0,252,188,12,60,0,0,0,60,6,2,0.453125,58.0,0.0,True,False
512,4 4 32,128,16.0,9,1.25,92800,1.91796875,0,252,188,12,60,0,0,0,60,6,2,0.453125,58.0,0.0,True,False
512,4 4 32,128,16.0,9,1.25,93000,1.91796875,0,252,188,12,60,0,0,0,60,6,2,0.453125,58.0,0.0,True,False
512,4 4 32,128,16.0,9,1.25,93200,1.91796875,0,252,188,12,60,0,0,0,60,6,2,0.453125,58.0,0.0,True,False
512,4 4 32,128,16.0,9,1.25,93400,1.91796875,0,252,188,12,60,0,0,0,60,6,2,0.453125,58.0,0.0,True,False
512,4 4 32,128,16.0,9,1.25,93600,1.91796875,0,252,188,12,60,0,0,0,60,6,2,0.453125,58.0,0.0,True,False
512,4 4 32,128,16.0,9,1.25,93800,1.91796875,0,252,188,12,60,0,0,0,60,6,2,0.453125,58.0,0.0,True,False
512,4 4 32,128,16.0,9,1.25,94000,1.91796875,0,252,188,12,60,0,0,0,60,6,2,0.453125,58.0,0.0,True,False
512,4 4 32,128,16.0,9,1.25,94200,1.91796875,0,252,188,12,60,0,0,0,60,6,2,0.453125,58.0,0.0,True,False
512,4 4 32,128,16.0,9,1.25,94400,1.91796875,0,252,188,12,60,0,0,0,60,6,2,0.453125,58.0,0.0,True,False
512,4 4 32,128,16.0,9,1.25,94600,1.91796875,0,252,188,12,60,0,0,0,60,6,2,0.453125,58.0,0.0,True,False
512,4 4 32,128,16.0,9,1.25,94800,1.91796875,0,252,188,12,60,0,0,0,60,6,2,0.453125,58.0,0.0,True,False
512,4 4 32,128,16.0,9,1.25,95000,1.91796875,0,252,188,12,60,0,0,0,60,6,2,0.453125,58.0,0.0,True,False
512,4 4 32,128,16.0,9,1.25,95200,1.91796875,0,252,188,12,60,0,0,0,60,6,2,0.453125,58.0,0.0,True,False
512,4 4 32,128,16.0,9,1.25,95400,1.91796875,0,252,188,12,60,0,0,0,60,6,2,0.453125,58.0,0.0,True,False
512,4 4 32,128,16.0,9,1.25,95600,1.91796875,0,252,188,12,60,0,0,0,60,6,2,0.453125,58.0,0.0,True,False
512,4 4 32,128,16.0,9,1.25,95800,1.91796875,0,252,188,12,60,0,0,0,60,6,2,0.453125,58.0,0.0,True,False
512,4 4 32,128,16.0,9,1.25,96000,1.91796875,0,252,188,12,60,0,0,0,60,6,2,0.453125,58.0,0.0,True,False
512,4 4 32,128,16.0,9,1.25,96200,1.919921875,0,262,184,6,60,0,0,0,60,3,2,0.4453125,57.0,0.0,True,False
512,4 4 32,128,16.0,9,1.25,96400,1.919921875,0,262,184,6,60,0,0,0,60,3,2,0.4453125,57.0,0.0,True,False
512,4 4 32,128,16.0,9,1.25,96600,1.919921875,0,262,184,6,60,0,0,0,60,3,2,0.4453125,57.0,0.0,True,False
512,4 4 32,128,16.0,9,1.25,96800,1.919921875,0,262,184,6,60,0,0,0,60,3,2,0.4453125,57.0,0.0,True,False
512,4 4 32,128,16.0,9,1.25,97000,1.91796875,0,252,188,12,60,0,0,0,60,6,2,0.453125,58.0,0.0,True,False
512,4 4 32,128,16.0,9,1.25,97200,1.91796875,0,252,188,12,60,0,0,0,60,6,2,0.453125,58.0,0.0,True,False
512,4 4 32,128,16.0,9,1.25,97400,1.919921875,0,262,184,6,60,0,0,0,60,3,2,0.4453125,57.0,0.0,True,False
512,4 4 32,128,16.0,9,1.25,97600,1.919921875,0,262,184,6,60,0,0,0,60,3,2,0.4453125,57.0,0.0,True,False
512,4 4 32,128,16.0,9,1.25,97800,1.919921875,0,262,184,6,60,0,0,0,60,3,2,0.4453125,57.0,0.0,True,False
512,4 4 32,128,16.0,9,1.25,98000,1.919921875,0,262,184,6,60,0,0,0,60,3,2,0.4453125,57.0,0.0,True,False
512,4 4 32,128,16.0,9,1.25,98200,1.919921875,0,262,184,6,60,0,0,0,60,3,2,0.4453125,57.0,0.0,True,False
512,4 4 32,128,16.0,9,1.25,98400,1.919921875,0,262,184,6,60,0,0,0,60,3,2,0.4453125,57.0,0.0,True,False
512,4 4 32,128,16.0,9,1.25,98600,1.919921875,0,262,184,6,60,0,0,0,60,3,2,0.4453125,57.0,0.0,True,False
512,4 4 32,128,16.0,9,1.25,98800,1.919921875,0,262,184,6,60,0,0,0,60,3,2,0.4453125,57.0,0.0,True,False
512,4 4 32,128,16.0,9,1.25,99000,1.919921875,0,262,184,6,60,0,0,0,60,3,2,0.4453125,57.0,0.0,True,False
512,4 4 32,128,16.0,9,1.25,99200,1.919921875,0,262,184,6,60,0,0,0,60,3,2,0.4453125,57.0,0.0,True,False
512,4 4 32,128,16.0,9,1.25,99400,1.919921875,0,262,184,6,60,0,0,0,60,3,2,0.4453125,57.0,0.0,True,False
512,4 4 32,128,16.0,9,1.25,99600,1.919921875,0,262,184,6,60,0,0,0,60,3,2,0.4453125,57.0,0.0,True,False
512,4 4 32,128,16.0,9,1.25,99800,1.91796875,0,252,188,12,60,0,0,0,60,6,2,0.453125,58.0,0.0,True,False
512,4 4 32,128,16.0,9,1.25,100000,1.91796875,0,252,188,12,60,0,0,0,60,6,2,0.453125,58.0,0.0,True,True
512,4 4 32,128,16.0,10,1.25,0,2.0,0,512,0,0,0,0,0,0,0,0,0,0.125,16.0,0.0,False,False
512,4 4 32,128,16.0,10,1.25,200,2.03125,0,496,12,0,4,0,0,0,4,0,0,0.0,0.0,0.0,True,False
512,4 4 32,128,16.0,10,1.25,400,2.03125,0,496,12,0,4,0,0,0,4,0,0,0.0,0.0,0.0,True,False
512,4 4 32,128,16.0,10,1.25,600,2.03125,0,496,12,0,4,0,0,0,4,0,0,0.0,0.0,0.0,True,False
512,4 4 32,128,16.0,10,1.25,800,2.03125,0,496,12,0,4,0,0,0,4,0,0,0.0,0.0,0.0,True,False
512,4 4 32,128,16.0,10,1.25,1000,2.03125,0,484,20,0,8,0,0,0,8,0,0,0.0,0.0,0.0,True,False
512,4 4 32,128,16.0,10,1.25,1200,2.03125,0,460,36,0,16,0,0,0,16,0,0,0.0,0.0,0.0,True,False
512,4 4 32,128,16.0,10,1.25,1400,2.03125,0,460,36,0,16,0,0,0,16,0,0,0.0,0.0,0.0,True,False
512,4 4 32,128,16.0,10,1.25,1600,2.01953125,0,448,44,4,16,0,0,0,16,2,2,0.046875,6.0,0.0,True,False
512,4 4 32,128,16.0,10,1.25,1800,2.0078125,0,424,60,8,20,0,0,0,20,2,4,0.09375,12.0,0.0,True,False
512,4 4 32,128,16.0,10,1.25,2000,2.0078125,0,424,60,8,20,0,0,0,20,2,4,0.09375,12.0,0.0,True,False
512,4 4 32,128,16.0,10,1.25,2200,2.0078125,0,424,60,8,20,0,0,0,20,2,4,0.09375,12.0,0.0,True,False
512,4 4 32,128,16.0,10,1.25,2400,2.0078125,0,424,60,8,20,0,0,0,20,2,4,0.09375,12.0,0.0,True,False
512,4 4 32,128,16.0,10,1.25,2600,2.0078125,0,436,52,8,16,0,0,0,16,2,4,0.09375,12.0,0.0,True,False
512,4 4 32,128,16.0,10,1.25,2800,2.0078125,0,436,52,8,16,0,0,0,16,2,4,0.09375,12.0,0.0,True,False
512,4 4 32,128,16.0,10,1.25,3000,2.0078125,0,436,52,8,16,0,0,0,16,2,4,0.09375,12.0,0.0,True,False
512,4 4 32,128,16.0,10,1.25,3200,2.0078125,0,436,52,8,16,0,0,0,16,2,4,0.09375,12.0,0.0,True,False
512,4 4 32,128,16.0,10,1.25,3400,2.0078125,0,436,52,8,16,0,0,0,16,2,4,0.09375,12.0,0.0,True,False
512,4 4 32,128,16.0,10,1.25,3600,2.0078125,0,436,52,8,16,0,0,0,16,2,4,0.09375,12.0,0.0,True,False
512,4 4 32,128,16.0,10,1.25,3800,2.0078125,0,436,52,8,16,0,0,0,16,2,4,0.09375,12.0,0.0,True,False
512,4 4 32,128,16.0,10,1.25,4000,2.0078125,0,436,52,8,16,0,0,0,16,2,4,0.09375,12.0,0.0,True,False
512,4 4 32,128,16.0,10,1.25,4200,2.0078125,0,412,68,8,24,0,0,0,24,2,4,0.09375,12.0,0.0,True,False
512,4 4 32,128,16.0,10,1.25,4400,2.0078125,0,412,68,8,24,0,0,0,24,2,4,0.09375,12.0,0.0,True,False
512,4 4 32,128,16.0,10,1.25,4600,2.0078125,0,412,68,8,24,0,0,0,24,2,4,0.09375,12.0,0.0,True,False
512,4 4 32,128,16.0,10,1.25,4800,2.0078125,0,388,84,8,32,0,0,0,32,2,4,0.09375,12.0,0.0,True,False
512,4 4 32,128,16.0,10,1.25,5000,2.0078125,0,376,92,8,36,0,0,0,36,2,4,0.09375,12.0,0.0,True,False
512,4 4 32,128,16.0,10,1.25,5200,2.0078125,0,364,100,8,40,0,0,0,40,2,4,0.09375,12.0,0.0,True,False
512,4 4 32,128,16.0,10,1.25,5400,2.0078125,0,364,100,8,40,0,0,0,40,2,4,0.09375,12.0,0.0,True,False
512,4 4 32,128,16.0,10,1.25,5600,2.0078125,0,364,100,8,40,0,0,0,40,2,4,0.09375,12.0,0.0,True,False
512,4 4 32,128,16.0,10,1.25,5800,1.99609375,0,352,108,12,40,0,0,0,40,1,12,0.140625,18.0,0.0,True,False
512,4 4 32,128,16.0,10,1.25,6000,1.9609375,0,340,116,24,32,0,0,0,32,1,24,0.28125,36.0,0.0,True,False
512,4 4 32,128,16.0,10,1.25,6200,1.9609375,0,340,116,24,32,0,0,0,32,1,24,0.28125,36.0,0.0,True,False
512,4 4 32,128,16.0,10,1.25,6400,1.9609375,0,340,116,24,32,0,0,0,32,1,24,0.28125,36.0,0.0,True,False
512,4 4 32,128,16.0,10,1.25,6600,1.9609375,0,340,116,24,32,0,0,0,32,1,24,0.28125,36.0,0.0,True,False
512,4 4 32,128,16.0,10,1.25,6800,1.9609375,0,328,124,24,36,0,0,0,36,1,24,0.28125,36.0,0.0,True,False
512,4 4 32,128,16.0,10,1.25,7000,1.96875,0,324,120,28,40,0,0,0,40,2,26,0.25,32.0,0.0,True,False
512,4 4 32,128,16.0,10,1.25,7200,1.96875,0,324,120,28,40,0,0,0,40,2,26,0.25,32.0,0.0,True,False
512,4 4 32,128,16.0,10,1.25,7400,1.96875,0,324,120,28,40,0,0,0,40,2,26,0.25,32.0,0.0,True,False
512,4 4 32,128,16.0,10,1.25,7600,1.94140625,0,320,120,36,36,0,0,0,36,2,34,0.359375,46.0,0.0,True,False
512,4 4 32,128,16.0,10,1.25,7800,1.93359375,0,300,128,36,48,0,0,0,48,2,34,0.390625,50.0,0.0,True,False
512,4 4 32,128,16.0,10,1.25,8000,1.93359375,0,300,128,36,48,0,0,0,48,2,34,0.390625,50.0,0.0,True,False
512,4 4 32,128,16.0,10,1.25,8200,1.93359375,0,288,136,36,52,0,0,0,52,2,34,0.390625,50.0,0.0,True,False
512,4 4 32,128,16.0,10,1.25,8400,1.93359375,0,300,128,36,48,0,0,0,48,2,34,0.390625,50.0,0.0,True,False
512,4 4 32,128,16.0,10,1.25,8600,1.93359375,0,300,128,36,48,0,0,0,48,2,34,0.390625,50.0,0.0,True,False
512,4 4 32,128,16.0,10,1.25,8800,1.921875,0,300,128,40,44,0,0,0,44,4,34,0.4375,56.0,0.0,True,False
512,4 4 32,128,16.0,10,1.25,9000,1.91015625,0,288,136,44,44,0,0,0,44,4,34,0.484375,62.0,0.0,True,False
512,4 4 32,128,16.0,10,1.25,9200,1.91015625,0,288,136,44,44,0,0,0,44,4,34,0.484375,62.0,0.0,True,False
512,4 4 32,128,16.0,10,1.25,9400,1.91015625,0,288,136,44,44,0,0,0,44,4,34,0.484375,62.0,0.0,True,False
512,4 4 32,128,16.0,10,1.25,9600,1.90234375,0,280,144,48,40,0,0,0,40,4,38,0.515625,66.0,0.0,True,False
512,4 4 32,128,16.0,10,1.25,9800,1.8984375,0,288,136,48,40,0,0,0,40,4,38,0.53125,68.0,0.0,True,False
512,4 4 32,128,16.0,10,1.25,10000,1.8984375,0,288,136,48,40,0,0,0,40,4,38,0.53125,68.0,0.0,True,False
512,4 4 32,128,16.0,10,1.25,10200,1.90625,0,284,132,52,44,0,0,0,44,4,42,0.5,64.0,0.0,True,False
512,4 4 32,128,16.0,10,1.25,10400,1.88671875,0,276,136,48,52,0,0,0,52,5,36,0.578125,74.0,0.0,True,False
512,4 4 32,128,16.0,10,1.25,10600,1.88671875,0,276,136,48,52,0,0,0,52,5,36,0.578125,74.0,0.0,True,False
512,4 4 32,128,16.0,10,1.25,10800,1.8828125,0,264,148,48,52,0,0,0,52,8,18,0.59375,76.0,0.0,True,False
512,4 4 32,128,16.0,10,1.25,11000,1.859375,0,264,148,56,44,0,0,0,44,5,32,0.6875,88.0,0.0,True,False
512,4 4 32,128,16.0,10,1.25,11200,1.86328125,0,264,144,56,48,0,0,0,48,2,54,0.671875,86.0,0.0,True,False
512,4 4 32,128,16.0,10,1.25,11400,1.8515625,0,252,152,60,48,0,0,0,48,2,58,0.71875,92.0,0.0,True,False
512,4 4 32,128,16.0,10,1.25,11600,1.8515625,0,252,152,60,48,0,0,0,48,2,58,0.71875,92.0,0.0,True,False
512,4 4 32,128,16.0,10,1.25,11800,1.85546875,0,248,152,64,48,0,0,0,48,6,42,0.703125,90.0,0.0,True,False
512,4 4 32,128,16.0,10,1.25,12000,1.8515625,0,244,152,64,52,0,0,0,52,6,42,0.71875,92.0,0.0,True,False
512,4 4 32,128,16.0,10,1.25,12200,1.859375,0,264,144,64,40,0,0,0,40,5,44,0.6875,88.0,0.0,True,False
512,4 4 32,128,16.0,10,1.25,12400,1.859375,0,252,152,64,44,0,0,0,44,5,44,0.6875,88.0,0.0,True,False
512,4 4 32,128,16.0,10,1.25,12600,1.84375,0,248,156,60,48,0,0,0,48,5,40,0.75,96.0,0.0,True,False
512,4 4 32,128,16.0,10,1.25,12800,1.84375,0,248,156,60,48,0,0,0,48,5,40,0.75,96.0,0.0,True,False
512,4 4 32,128,16.0,10,1.25,13000,1.8125,0,236,180,52,44,0,0,0,44,5,36,0.875,112.0,0.0,True,False
512,4 4 32,128,16.0,10,1.25,13200,1.78515625,0,236,184,60,32,0,0,0,32,9,36,0.984375,126.0,0.0,True,False
512,4 4 32,128,16.0,10,1.25,13400,1.78515625,0,236,184,60,32,0,0,0,32,9,36,0.984375,126.0,0.0,True,False
512,4 4 32,128,16.0,10,1.25,13600,1.78515625,0,236,184,60,32,0,0,0,32,9,36,0.984375,126.0,0.0,True,False
512,4 4 32,128,16.0,10,1.25,13800,1.78515625,0,236,184,60,32,0,0,0,32,9,36,0.984375,126.0,0.0,True,False
512,4 4 32,128,16.0,10,1.25,14000,1.78515625,0,236,184,60,32,0,0,0,32,9,36,0.984375,126.0,0.0,True,False
512,4 4 32,128,16.0,10,1.25,14200,1.78515625,0,236,184,60,32,0,0,0,32,9,36,0.984375,126.0,0.0,True,False
512,4 4 32,128,16.0,10,1.25,14400,1.78515625,0,236,184,60,32,0,0,0,32,9,36,0.984375,126.0,0.0,True,False
512,4 4 32,128,16.0,10,1.25,14600,1.78515625,0,236,184,60,32,0,0,0,32,9,36,0.984375,126.0,0.0,True,False
512,4 4 32,128,16.0,10,1.25,14800,1.7578125,0,224,204,52,32,0,0,0,32,5,36,1.09375,140.0,0.0,True,False
512,4 4 32,128,16.0,10,1.25,15000,1.765625,0,208,208,56,40,0,0,0,40,6,38,1.0625,136.0,0.0,True,False
512,4 4 32,128,16.0,10,1.25,15200,1.7578125,0,212,200,56,44,0,0,0,44,6,38,1.09375,140.0,0.0,True,False
512,4 4 32,128,16.0,10,1.25,15400,1.7578125,0,212,200,56,44,0,0,0,44,6,38,1.09375,140.0,0.0,True,False
512,4 4 32,128,16.0,10,1.25,15600,1.75390625,0,208,200,56,48,0,0,0,48,6,38,1.109375,142.0,0.0,True,False
512,4 4 32,128,16.0,10,1.25,15800,1.7578125,0,212,200,56,44,0,0,0,44,6,38,1.09375,140.0,0.0,True,False
512,4 4 32,128,16.0,10,1.25,16000,1.7578125,0,224,192,56,40,0,0,0,40,6,38,1.09375,140.0,0.0,True,False
512,4 4 32,128,16.0,10,1.25,16200,1.7734375,0,228,188,60,36,0,0,0,36,6,42,1.03125,132.0,0.0,True,False
512,4 4 32,128,16.0,10,1.25,16400,1.78125,0,232,184,60,36,0,0,0,36,7,40,1.0,128.0,0.0,True,False
512,4 4 32,128,16.0,10,1.25,16600,1.7734375,0,224,196,56,36,0,0,0,36,6,38,1.03125,132.0,0.0,True,False
512,4 4 32,128,16.0,10,1.25,16800,1.765625,0,220,200,56,36,0,0,0,36,5,40,1.0625,136.0,0.0,True,False
512,4 4 32,128,16.0,10,1.25,17000,1.7734375,0,216,196,60,40,0,0,0,40,5,44,1.03125,132.0,0.0,True,False
512,4 4 32,128,16.0,10,1.25,17200,1.765625,0,220,200,56,36,0,0,0,36,5,40,1.0625,136.0,0.0,True,False
512,4 4 32,128,16.0,10,1.25,17400,1.765625,0,220,200,56,36,0,0,0,36,5,40,1.0625,136.0,0.0,True,False
512,4 4 32,128,16.0,10,1.25,17600,1.76171875,0,216,200,56,40,0,0,0,40,5,40,1.078125,138.0,0.0,True,False
512,4 4 32,128,16.0,10,1.25,17800,1.73828125,0,204,208,64,36,0,0,0,36,4,44,1.171875,150.0,0.0,True,False
512,4 4 32,128,16.0,10,1.25,18000,1.7265625,0,192,216,68,36,0,0,0,36,4,44,1.21875,156.0,0.0,True,False
512,4 4 32,128,16.0,10,1.25,18200,1.74609375,0,184,204,76,48,0,0,0,48,5,48,1.140625,146.0,0.0,True,False
512,4 4 32,128,16.0,10,1.25,18400,1.74609375,0,184,204,76,48,0,0,0,48,5,48,1.140625,146.0,0.0,True,False
512,4 4 32,128,16.0,10,1.25,18600,1.74609375,0,184,204,76,48,0,0,0,48,5,48,1.140625,146.0,0.0,True,False
512,4 4 32,128,16.0,10,1.25,18800,1.73046875,0,172,220,72,48,0,0,0,48,4,48,1.203125,154.0,0.0,True,False
512,4 4 32,128,16.0,10,1.25,19000,1.734375,0,164,228,72,48,0,0,0,48,4,48,1.1875,152.0,0.0,True,False
512,4 4 32,128,16.0,10,1.25,19200,1.7421875,0,148,220,80,64,0,0,0,64,6,54,1.15625,148.0,0.0,True,False
512,4 4 32,128,16.0,10,1.25,19400,1.73828125,0,144,220,80,68,0,0,0,68,6,54,1.171875,150.0,0.0,True,False
512,4 4 32,128,16.0,10,1.25,19600,1.71484375,0,132,236,72,72,0,0,0,72,6,46,1.265625,162.0,0.0,True,False
512,4 4 32,128,16.0,10,1.25,19800,1.6953125,0,128,244,68,72,0,0,0,72,6,46,1.34375,172.0,0.0,True,False
512,4 4 32,128,16.0,10,1.25,20000,1.6796875,0,132,256,64,60,0,0,0,60,9,22,1.40625,180.0,0.0,True,False
512,4 4 32,128,16.0,10,1.25,20200,1.65625,0,136,268,56,52,0,0,0,52,7,20,1.5,192.0,0.0,True,False
512,4 4 32,128,16.0,10,1.25,20400,1.640625,0,132,268,60,52,0,0,0,52,7,24,1.5625,200.0,0.0,True,False
512,4 4 32,128,16.0,10,1.25,20600,1.63671875,0,128,264,68,52,0,0,0,52,7,32,1.578125,202.0,0.0,True,False
512,4 4 32,128,16.0,10,1.25,20800,1.6328125,0,124,264,68,56,0,0,0,56,8,30,1.59375,204.0,0.0,True,False
512,4 4 32,128,16.0,10,1.25,21000,1.62890625,0,120,264,68,60,0,0,0,60,8,30,1.609375,206.0,0.0,True,False
512,4 4 32,128,16.0,10,1.25,21200,1.6015625,0,120,272,68,52,0,0,0,52,8,32,1.71875,220.0,0.0,True,False
512,4 4 32,128,16.0,10,1.25,21400,1.6328125,0,108,264,76,64,0,0,0,64,10,32,1.59375,204.0,0.0,True,False
512,4 4 32,128,16.0,10,1.25,21600,1.6328125,0,108,264,76,64,0,0,0,64,11,30,1.59375,204.0,0.0,True,False
512,4 4 32,128,16.0,10,1.25,21800,1.6171875,0,108,272,72,60,0,0,0,60,10,30,1.65625,212.0,0.0,True,False
512,4 4 32,128,16.0,10,1.25,22000,1.6171875,0,84,288,72,68,0,0,0,68,10,30,1.65625,212.0,0.0,True,False
512,4 4 32,128,16.0,10,1.25,22200,1.6171875,0,84,288,72,68,0,0,0,68,10,30,1.65625,212.0,0.0,True,False
512,4 4 32,128,16.0,10,1.25,22400,1.6171875,0,84,288,72,68,0,0,0,68,10,30,1.65625,212.0,0.0,True,False
512,4 4 32,128,16.0,10,1.25,22600,1.5859375,0,80,296,72,64,0,0,0,64,11,30,1.78125,228.0,0.0,True,False
512,4 4 32,128,16.0,10,1.25,22800,1.57421875,0,84,304,68,56,0,0,0,56,11,26,1.828125,234.0,0.0,True,False
512,4 4 32,128,16.0,10,1.25,23000,1.59375,0,72,292,88,60,0,0,0,60,10,40,1.75,224.0,0.0,True,False
512,4 4 32,128,16.0,10,1.25,23200,1.59375,0,60,300,88,64,0,0,0,64,10,40,1.75,224.0,0.0,True,False
512,4 4 32,128,16.0,10,1.25,23400,1.578125,0,56,300,92,64,0,0,0,64,10,44,1.8125,232.0,0.0,True,False
512,4 4 32,128,16.0,10,1.25,23600,1.578125,0,56,300,92,64,0,0,0,64,10,44,1.8125,232.0,0.0,True,False
512,4 4 32,128,16.0,10,1.25,23800,1.578125,0,56,300,92,64,0,0,0,64,10,44,1.8125,232.0,0.0,True,False
512,4 4 32,128,16.0,10,1.25,24000,1.59375,0,60,296,96,60,0,0,0,60,10,48,1.75,224.0,0.0,True,False
512,4 4 32,128,16.0,10,1.25,24200,1.59375,0,60,296,96,60,0,0,0,60,10,48,1.75,224.0,0.0,True,False
512,4 4 32,128,16.0,10,1.25,24400,1.6015625,0,56,292,100,64,0,0,0,64,11,50,1.71875,220.0,0.0,True,False
512,4 4 32,128,16.0,10,1.25,24600,1.57421875,0,56,304,92,60,0,0,0,60,8,50,1.828125,234.0,0.0,True,False
512,4 4 32,128,16.0,10,1.25,24800,1.55078125,0,48,312,88,64,0,0,0,64,8,46,1.921875,246.0,0.0,True,False
512,4 4 32,128,16.0,10,1.25,25000,1.53515625,0,44,316,84,68,0,0,0,68,8,42,1.984375,254.0,0.0,True,False
512,4 4 32,128,16.0,10,1.25,25200,1.53515625,0,56,308,84,64,0,0,0,64,8,42,1.984375,254.0,0.0,True,False
512,4 4 32,128,16.0,10,1.25,25400,1.55078125,0,44,308,88,72,0,0,0,72,9,42,1.921875,246.0,0.0,True,False
512,4 4 32,128,16.0,10,1.25,25600,1.53515625,0,44,316,84,68,0,0,0,68,8,42,1.984375,254.0,0.0,True,False
512,4 4 32,128,16.0,10,1.25,25800,1.51953125,0,44,324,80,64,0,0,0,64,8,38,2.046875,262.0,0.0,True,False
512,4 4 32,128,16.0,10,1.25,26000,1.53515625,0,44,316,84,68,0,0,0,68,8,38,1.984375,254.0,0.0,True,False
512,4 4 32,128,16.0,10,1.25,26200,1.53515625,0,44,316,84,68,0,0,0,68,8,42,1.984375,254.0,0.0,True,False
512,4 4 32,128,16.0,10,1.25,26400,1.5234375,0,44,316,88,64,0,0,0,64,7,48,2.03125,260.0,0.0,True,False
512,4 4 32,128,16.0,10,1.25,26600,1.54296875,0,48,308,92,64,0,0,0,64,7,48,1.953125,250.0,0.0,True,False
512,4 4 32,128,16.0,10,1.25,26800,1.546875,0,52,308,92,60,0,0,0,60,7,48,1.9375,248.0,0.0,True,False
512,4 4 32,128,16.0,10,1.25,27000,1.55078125,0,56,308,92,56,0,0,0,56,7,48,1.921875,246.0,0.0,True,False
512,4 4 32,128,16.0,10,1.25,27200,1.546875,0,52,308,92,60,0,0,0,60,7,48,1.9375,248.0,0.0,True,False
512,4 4 32,128,16.0,10,1.25,27400,1.54296875,0,48,308,92,64,0,0,0,64,7,48,1.953125,250.0,0.0,True,False
512,4 4 32,128,16.0,10,1.25,27600,1.546875,0,48,304,92,68,0,0,0,68,7,44,1.9375,248.0,0.0,True,False
512,4 4 32,128,16.0,10,1.25,27800,1.546875,0,48,304,92,68,0,0,0,68,7,44,1.9375,248.0,0.0,True,False
512,4 4 32,128,16.0,10,1.25,28000,1.546875,0,48,304,92,68,0,0,0,68,7,44,1.9375,248.0,0.0,True,False
512,4 4 32,128,16.0,10,1.25,28200,1.53125,0,44,308,88,72,0,0,0,72,7,40,2.0,256.0,0.0,True,False
512,4 4 32,128,16.0,10,1.25,28400,1.49609375,0,32,312,88,80,0,0,0,80,9,40,2.140625,274.0,0.0,True,False
512,4 4 32,128,16.0,10,1.25,28600,1.48046875,0,32,316,92,72,0,0,0,72,15,32,2.203125,282.0,0.0,True,False
512,4 4 32,128,16.0,10,1.25,28800,1.5078125,0,32,304,100,76,0,0,0,76,14,32,2.09375,268.0,0.0,True,False
512,4 4 32,128,16.0,10,1.25,29000,1.45703125,0,32,316,100,64,0,0,0,64,7,32,2.296875,294.0,0.0,True,False
512,4 4 32,128,16.0,10,1.25,29200,1.43359375,0,32,316,108,56,0,0,0,56,6,70,2.390625,306.0,0.0,True,False
512,4 4 32,128,16.0,10,1.25,29400,1.4609375,0,16,304,124,68,0,0,0,68,6,86,2.28125,292.0,0.0,True,False
512,4 4 32,128,16.0,10,1.25,29600,1.44140625,0,12,312,120,68,0,0,0,68,7,84,2.359375,302.0,0.0,True,False
512,4 4 32,128,16.0,10,1.25,29800,1.4375,0,10,322,114,66,0,0,0,66,8,76,2.375,304.0,0.0,True,False
512,4 4 32,128,16.0,10,1.25,30000,1.421875,0,10,330,110,62,0,0,0,62,11,76,2.4375,312.0,0.0,True,False
512,4 4 32,128,16.0,10,1.25,30200,1.41796875,0,10,334,110,58,0,0,0,58,14,56,2.453125,314.0,0.0,True,False
512,4 4 32,128,16.0,10,1.25,30400,1.44921875,0,6,326,118,58,4,0,0,62,11,84,2.328125,298.0,0.0,True,False
512,4 4 32,128,16.0,10,1.25,30600,1.4453125,0,6,330,118,54,4,0,0,58,15,76,2.34375,300.0,0.0,True,False
512,4 4 32,128,16.0,10,1.25,30800,1.375,0,6,362,98,42,4,0,0,46,7,72,2.625,336.0,0.0,True,False
512,4 4 32,128,16.0,10,1.25,31000,1.42578125,0,2,338,114,54,4,0,0,58,10,78,2.421875,310.0,0.0,True,False
512,4 4 32,128,16.0,10,1.25,31200,1.439453125,0,2,348,108,50,2,2,0,54,10,72,2.3671875,303.0,0.0,True,False
512,4 4 32,128,16.0,10,1.25,31400,1.404296875,0,10,336,114,52,0,0,0,52,14,70,2.5078125,321.0,0.0,True,False
512,4 4 32,128,16.0,10,1.25,31600,1.46875,0,6,318,130,58,0,0,0,58,19,74,2.25,288.0,0.0,True,False
512,4 4 32,128,16.0,10,1.25,31800,1.40625,0,2,330,126,54,0,0,0,54,18,74,2.5,320.0,0.0,True,False
512,4 4 32,128,16.0,10,1.25,32000,1.388671875,0,4,338,120,50,0,0,0,50,15,72,2.5703125,329.0,0.0,True,False
512,4 4 32,128,16.0,10,1.25,32200,1.416015625,0,4,326,128,54,0,0,0,54,19,72,2.4609375,315.0,0.0,True,False
512,4 4 32,128,16.0,10,1.25,32400,1.431640625,0,4,318,132,58,0,0,0,58,18,72,2.3984375,307.0,0.0,True,False
512,4 4 32,128,16.0,10,1.25,32600,1.453125,0,4,300,144,64,0,0,0,64,18,74,2.3125,296.0,0.0,True,False
512,4 4 32,128,16.0,10,1.25,32800,1.42578125,0,4,312,136,60,0,0,0,60,15,74,2.421875,310.0,0.0,True,False
512,4 4 32,128,16.0,10,1.25,33000,1.40625,0,2,324,138,48,0,0,0,48,13,88,2.5,320.0,0.0,True,False
512,4 4 32,128,16.0,10,1.25,33200,1.40625,0,2,324,138,48,0,0,0,48,13,88,2.5,320.0,0.0,True,False
512,4 4 32,128,16.0,10,1.25,33400,1.39453125,0,2,328,134,48,0,0,0,48,8,88,2.546875,326.0,0.0,True,False
512,4 4 32,128,16.0,10,1.25,33600,1.35546875,0,4,344,116,48,0,0,0,48,9,74,2.703125,346.0,0.0,True,False
512,4 4 32,128,16.0,10,1.25,33800,1.388671875,0,2,328,126,56,0,0,0,56,13,76,2.5703125,329.0,0.0,True,False
512,4 4 32,128,16.0,10,1.25,34000,1.388671875,0,2,328,126,56,0,0,0,56,13,76,2.5703125,329.0,0.0,True,False
512,4 4 32,128,16.0,10,1.25,34200,1.431640625,0,2,308,138,64,0,0,0,64,17,76,2.3984375,307.0,0.0,True,False
512,4 4 32,128,16.0,10,1.25,34400,1.416015625,0,2,316,134,60,0,0,0,60,17,76,2.4609375,315.0,0.0,True,False
512,4 4 32,128,16.0,10,1.25,34600,1.400390625,0,2,324,130,56,0,0,0,56,17,74,2.5234375,323.0,0.0,True,False
512,4 4 32,128,16.0,10,1.25,34800,1.3984375,0,4,316,144,48,0,0,0,48,17,88,2.53125,324.0,0.0,True,False
512,4 4 32,128,16.0,10,1.25,35000,1.35546875,0,4,336,132,40,0,0,0,40,14,88,2.703125,346.0,0.0,True,False
512,4 4 32,128,16.0,10,1.25,35200,1.345703125,0,4,338,128,42,0,0,0,42,14,86,2.7421875,351.0,0.0,True,False
512,4 4 32,128,16.0,10,1.25,35400,1.32421875,0,4,336,136,36,0,0,0,36,14,94,2.828125,362.0,0.0,True,False
512,4 4 32,128,16.0,10,1.25,35600,1.291015625,0,2,348,126,36,0,0,0,36,10,92,2.9609375,379.0,0.0,True,False
512,4 4 32,128,16.0,10,1.25,35800,1.263671875,0,2,356,126,28,0,0,0,28,11,90,3.0703125,393.0,0.0,True,False
512,4 4 32,128,16.0,10,1.25,36000,1.27734375,0,2,352,126,32,0,0,0,32,11,84,3.015625,386.0,0.0,True,False
512,4 4 32,128,16.0,10,1.25,36200,1.26171875,0,2,360,122,28,0,0,0,28,10,82,3.078125,394.0,0.0,True,False
512,4 4 32,128,16.0,10,1.25,36400,1.26171875,0,2,360,122,28,0,0,0,28,10,82,3.078125,394.0,0.0,True,False
512,4 4 32,128,16.0,10,1.25,36600,1.26171875,0,2,360,122,28,0,0,0,28,10,82,3.078125,394.0,0.0,True,False
512,4 4 32,128,16.0,10,1.25,36800,1.234375,0,2,372,114,24,0,0,0,24,7,82,3.1875,408.0,0.0,True,False
512,4 4 32,128,16.0,10,1.25,37000,1.203125,0,2,392,98,20,0,0,0,20,6,74,3.3125,424.0,0.0,True,False
512,4 4 32,128,16.0,10,1.25,37200,1.208984375,0,0,388,100,24,0,0,0,24,6,76,3.2890625,421.0,0.0,True,False
512,4 4 32,128,16.0,10,1.25,37400,1.236328125,0,0,376,108,28,0,0,0,28,10,76,3.1796875,407.0,0.0,True,False
512,4 4 32,128,16.0,10,1.25,37600,1.279296875,0,0,356,120,36,0,0,0,36,13,76,3.0078125,385.0,0.0,True,False
512,4 4 32,128,16.0,10,1.25,37800,1.236328125,0,0,376,108,28,0,0,0,28,10,76,3.1796875,407.0,0.0,True,False
512,4 4 32,128,16.0,10,1.25,38000,1.232421875,0,0,384,100,28,0,0,0,28,10,68,3.1953125,409.0,0.0,True,False
512,4 4 32,128,16.0,10,1.25,38200,1.232421875,0,0,384,100,28,0,0,0,28,10,68,3.1953125,409.0,0.0,True,False
512,4 4 32,128,16.0,10,1.25,38400,1.228515625,0,0,392,92,28,0,0,0,28,10,60,3.2109375,411.0,0.0,True,False
512,4 4 32,128,16.0,10,1.25,38600,1.251953125,0,0,388,92,32,0,0,0,32,11,52,3.1171875,399.0,0.0,True,False
512,4 4 32,128,16.0,10,1.25,38800,1.25,0,2,384,98,28,0,0,0,28,11,58,3.125,400.0,0.0,True,False
512,4 4 32,128,16.0,10,1.25,39000,1.25,0,2,384,98,28,0,0,0,28,11,58,3.125,400.0,0.0,True,False
512,4 4 32,128,16.0,10,1.25,39200,1.265625,0,2,376,102,32,0,0,0,32,12,58,3.0625,392.0,0.0,True,False
512,4 4 32,128,16.0,10,1.25,39400,1.265625,0,2,376,102,32,0,0,0,32,12,58,3.0625,392.0,0.0,True,False
512,4 4 32,128,16.0,10,1.25,39600,1.25,0,2,384,98,28,0,0,0,28,11,58,3.125,400.0,0.0,True,False
512,4 4 32,128,16.0,10,1.25,39800,1.25,0,2,384,98,28,0,0,0,28,11,58,3.125,400.0,0.0,True,False
512,4 4 32,128,16.0,10,1.25,40000,1.2734375,0,2,380,98,32,0,0,0,32,15,50,3.03125,388.0,0.0,True,False
512,4 4 32,128,16.0,10,1.25,40200,1.25,0,2,384,98,28,0,0,0,28,14,58,3.125,400.0,0.0,True,False
512,4 4 32,128,16.0,10,1.25,40400,1.27734375,0,2,372,106,32,0,0,0,32,18,58,3.015625,386.0,0.0,True,False
512,4 4 32,128,16.0,10,1.25,40600,1.28125,0,2,364,114,32,0,0,0,32,18,66,3.0,384.0,0.0,True,False
512,4 4 32,128,16.0,10,1.25,40800,1.26953125,0,2,368,110,32,0,0,0,32,14,66,3.046875,390.0,0.0,True,False
512,4 4 32,128,16.0,10,1.25,41000,1.26953125,0,2,368,110,32,0,0,0,32,13,68,3.046875,390.0,0.0,True,False
512,4 4 32,128,16.0,10,1.25,41200,1.25390625,0,2,376,106,28,0,0,0,28,12,68,3.109375,398.0,0.0,True,False
512,4 4 32,128,16.0,10,1.25,41400,1.27734375,0,2,372,106,32,0,0,0,32,15,62,3.015625,386.0,0.0,True,False
512,4 4 32,128,16.0,10,1.25,41600,1.27734375,0,2,372,106,32,0,0,0,32,15,62,3.015625,386.0,0.0,True,False
512,4 4 32,128,16.0,10,1.25,41800,1.29296875,0,2,364,110,36,0,0,0,36,14,62,2.953125,378.0,0.0,True,False
512,4 4 32,128,16.0,10,1.25,42000,1.265625,0,2,376,102,32,0,0,0,32,14,62,3.0625,392.0,0.0,True,False
512,4 4 32,128,16.0,10,1.25,42200,1.265625,0,2,376,102,32,0,0,0,32,14,62,3.0625,392.0,0.0,True,False
512,4 4 32,128,16.0,10,1.25,42400,1.25390625,0,2,380,98,32,0,0,0,32,11,62,3.109375,398.0,0.0,True,False
512,4 4 32,128,16.0,10,1.25,42600,1.28125,0,2,368,106,36,0,0,0,36,14,64,3.0,384.0,0.0,True,False
512,4 4 32,128,16.0,10,1.25,42800,1.265625,0,2,376,102,32,0,0,0,32,13,64,3.0625,392.0,0.0,True,False
512,4 4 32,128,16.0,10,1.25,43000,1.265625,0,2,376,102,32,0,0,0,32,13,64,3.0625,392.0,0.0,True,False
512,4 4 32,128,16.0,10,1.25,43200,1.23828125,0,2,388,94,28,0,0,0,28,9,64,3.171875,406.0,0.0,True,False
512,4 4 32,128,16.0,10,1.25,43400,1.23828125,0,2,388,94,28,0,0,0,28,9,64,3.171875,406.0,0.0,True,False
512,4 4 32,128,16.0,10,1.25,43600,1.22265625,0,2,396,90,24,0,0,0,24,9,60,3.234375,414.0,0.0,True,False
512,4 4 32,128,16.0,10,1.25,43800,1.22265625,0,2,396,90,24,0,0,0,24,9,60,3.234375,414.0,0.0,True,False
512,4 4 32,128,16.0,10,1.25,44000,1.22265625,0,2,396,90,24,0,0,0,24,9,60,3.234375,414.0,0.0,True,False
512,4 4 32,128,16.0,10,1.25,44200,1.25,0,2,384,98,28,0,0,0,28,12,60,3.125,400.0,0.0,True,False
512,4 4 32,128,16.0,10,1.25,44400,1.25,0,2,384,98,28,0,0,0,28,12,60,3.125,400.0,0.0,True,False
512,4 4 32,128,16.0,10,1.25,44600,1.26171875,0,2,394,94,22,0,0,0,22,9,60,3.078125,394.0,0.0,True,False
512,4 4 32,128,16.0,10,1.25,44800,1.26171875,0,2,394,94,22,0,0,0,22,9,60,3.078125,394.0,0.0,True,False
512,4 4 32,128,16.0,10,1.25,45000,1.240234375,0,0,402,88,22,0,0,0,22,6,60,3.1640625,405.0,0.0,True,False
512,4 4 32,128,16.0,10,1.25,45200,1.201171875,0,0,404,84,24,0,0,0,24,6,60,3.3203125,425.0,0.0,True,False
512,4 4 32,128,16.0,10,1.25,45400,1.19140625,0,2,416,74,20,0,0,0,20,6,50,3.359375,430.0,0.0,True,False
512,4 4 32,128,16.0,10,1.25,45600,1.21484375,0,2,412,74,24,0,0,0,24,10,42,3.265625,418.0,0.0,True,False
512,4 4 32,128,16.0,10,1.25,45800,1.2421875,0,2,400,82,28,0,0,0,28,12,42,3.15625,404.0,0.0,True,False
512,4 4 32,128,16.0,10,1.25,46000,1.23828125,0,2,408,74,28,0,0,0,28,12,34,3.171875,406.0,0.0,True,False
512,4 4 32,128,16.0,10,1.25,46200,1.29296875,0,2,400,78,32,0,0,0,32,11,34,2.953125,378.0,0.0,True,False
512,4 4 32,128,16.0,10,1.25,46400,1.29296875,0,2,400,78,32,0,0,0,32,11,34,2.953125,378.0,0.0,True,False
512,4 4 32,128,16.0,10,1.25,46600,1.29296875,0,2,400,78,32,0,0,0,32,11,34,2.953125,378.0,0.0,True,False
512,4 4 32,128,16.0,10,1.25,46800,1.25390625,0,2,400,78,32,0,0,0,32,11,34,3.109375,398.0,0.0,True,False
512,4 4 32,128,16.0,10,1.25,47000,1.23828125,0,2,408,74,28,0,0,0,28,14,34,3.171875,406.0,0.0,True,False
512,4 4 32,128,16.0,10,1.25,47200,1.267578125,0,4,398,68,42,0,0,0,42,13,20,3.0546875,391.0,0.0,True,False
512,4 4 32,128,16.0,10,1.25,47400,1.236328125,0,0,410,60,42,0,0,0,42,9,20,3.1796875,407.0,0.0,True,False
512,4 4 32,128,16.0,10,1.25,47600,1.220703125,0,0,418,56,38,0,0,0,38,9,18,3.2421875,415.0,0.0,True,False
512,4 4 32,128,16.0,10,1.25,47800,1.267578125,0,0,402,72,38,0,0,0,38,12,18,3.0546875,391.0,0.0,True,False
512,4 4 32,128,16.0,10,1.25,48000,1.220703125,0,0,418,56,38,0,0,0,38,11,16,3.2421875,415.0,0.0,True,False
512,4 4 32,128,16.0,10,1.25,48200,1.20703125,0,0,434,52,26,0,0,0,26,10,20,3.296875,422.0,0.0,True,False
512,4 4 32,128,16.0,10,1.25,48400,1.248046875,0,0,420,56,36,0,0,0,36,10,18,3.1328125,401.0,0.0,True,False
512,4 4 32,128,16.0,10,1.25,48600,1.25,0,0,414,64,34,0,0,0,34,13,20,3.125,400.0,0.0,True,False
512,4 4 32,128,16.0,10,1.25,48800,1.30859375,0,0,386,80,46,0,0,0,46,17,24,2.890625,370.0,0.0,True,False
512,4 4 32,128,16.0,10,1.25,49000,1.29296875,0,0,394,76,42,0,0,0,42,14,24,2.953125,378.0,0.0,True,False
512,4 4 32,128,16.0,10,1.25,49200,1.21484375,0,0,420,64,28,0,0,0,28,11,16,3.265625,418.0,0.0,True,False
512,4 4 32,128,16.0,10,1.25,49400,1.2421875,0,0,408,72,32,0,0,0,32,15,16,3.15625,404.0,0.0,True,False
512,4 4 32,128,16.0,10,1.25,49600,1.21484375,0,0,420,64,28,0,0,0,28,11,16,3.265625,418.0,0.0,True,False
512,4 4 32,128,16.0,10,1.25,49800,1.1953125,0,0,424,56,32,0,0,0,32,14,16,3.34375,428.0,0.0,True,False
512,4 4 32,128,16.0,10,1.25,50000,1.1953125,0,0,424,56,32,0,0,0,32,14,16,3.34375,428.0,0.0,True,False
512,4 4 32,128,16.0,10,1.25,50200,1.19921875,0,0,420,56,36,0,0,0,36,11,20,3.328125,426.0,0.0,True,False
512,4 4 32,128,16.0,10,1.25,50400,1.21484375,0,0,412,60,40,0,0,0,40,11,22,3.265625,418.0,0.0,True,False
512,4 4 32,128,16.0,10,1.25,50600,1.19921875,0,0,420,56,36,0,0,0,36,11,22,3.328125,426.0,0.0,True,False
512,4 4 32,128,16.0,10,1.25,50800,1.21484375,0,0,412,60,40,0,0,0,40,12,22,3.265625,418.0,0.0,True,False
512,4 4 32,128,16.0,10,1.25,51000,1.2421875,0,0,400,68,44,0,0,0,44,16,22,3.15625,404.0,0.0,True,False
512,4 4 32,128,16.0,10,1.25,51200,1.28515625,0,0,380,80,52,0,0,0,52,21,22,2.984375,382.0,0.0,True,False
512,4 4 32,128,16.0,10,1.25,51400,1.3203125,0,0,372,84,56,0,0,0,56,24,22,2.84375,364.0,0.0,True,False
512,4 4 32,128,16.0,10,1.25,51600,1.33203125,0,4,368,96,44,0,0,0,44,21,24,2.796875,358.0,0.0,True,False
512,4 4 32,128,16.0,10,1.25,51800,1.30078125,0,4,388,80,40,0,0,0,40,19,22,2.921875,374.0,0.0,True,False
512,4 4 32,128,16.0,10,1.25,52000,1.30078125,0,4,388,80,40,0,0,0,40,19,22,2.921875,374.0,0.0,True,False
512,4 4 32,128,16.0,10,1.25,52200,1.265625,0,4,400,68,40,0,0,0,40,18,22,3.0625,392.0,0.0,True,False
512,4 4 32,128,16.0,10,1.25,52400,1.23828125,0,4,412,60,36,0,0,0,36,14,22,3.171875,406.0,0.0,True,False
512,4 4 32,128,16.0,10,1.25,52600,1.25390625,0,4,404,64,40,0,0,0,40,14,26,3.109375,398.0,0.0,True,False
512,4 4 32,128,16.0,10,1.25,52800,1.26953125,0,8,404,60,40,0,0,0,40,12,26,3.046875,390.0,0.0,True,False
512,4 4 32,128,16.0,10,1.25,53000,1.296875,0,8,392,68,44,0,0,0,44,15,26,2.9375,376.0,0.0,True,False
512,4 4 32,128,16.0,10,1.25,53200,1.25,0,8,400,68,36,0,0,0,36,15,26,3.125,400.0,0.0,True,False
512,4 4 32,128,16.0,10,1.25,53400,1.2734375,0,4,388,76,44,0,0,0,44,18,26,3.03125,388.0,0.0,True,False
512,4 4 32,128,16.0,10,1.25,53600,1.24609375,0,4,400,68,40,0,0,0,40,12,26,3.140625,402.0,0.0,True,False
512,4 4 32,128,16.0,10,1.25,53800,1.234375,0,4,404,64,40,0,0,0,40,12,26,3.1875,408.0,0.0,True,False
512,4 4 32,128,16.0,10,1.25,54000,1.2734375,0,4,388,76,44,0,0,0,44,18,26,3.03125,388.0,0.0,True,False
512,4 4 32,128,16.0,10,1.25,54200,1.2421875,0,0,400,68,44,0,0,0,44,15,22,3.15625,404.0,0.0,True,False
512,4 4 32,128,16.0,10,1.25,54400,1.26953125,0,0,388,76,48,0,0,0,48,14,26,3.046875,390.0,0.0,True,False
512,4 4 32,128,16.0,10,1.25,54600,1.26953125,0,0,388,76,48,0,0,0,48,14,26,3.046875,390.0,0.0,True,False
512,4 4 32,128,16.0,10,1.25,54800,1.2109375,0,0,416,60,36,0,0,0,36,13,20,3.28125,420.0,0.0,True,False
512,4 4 32,128,16.0,10,1.25,55000,1.2109375,0,0,416,60,36,0,0,0,36,13,20,3.28125,420.0,0.0,True,False
512,4 4 32,128,16.0,10,1.25,55200,1.16796875,0,0,436,48,28,0,0,0,28,10,16,3.453125,442.0,0.0,True,False
512,4 4 32,128,16.0,10,1.25,55400,1.1953125,0,0,424,56,32,0,0,0,32,14,16,3.34375,428.0,0.0,True,False
512,4 4 32,128,16.0,10,1.25,55600,1.2109375,0,0,416,60,36,0,0,0,36,13,16,3.28125,420.0,0.0,True,False
512,4 4 32,128,16.0,10,1.25,55800,1.1953125,0,0,424,56,32,0,0,0,32,14,16,3.34375,428.0,0.0,True,False
512,4 4 32,128,16.0,10,1.25,56000,1.22265625,0,0,412,64,36,0,0,0,36,17,16,3.234375,414.0,0.0,True,False
512,4 4 32,128,16.0,10,1.25,56200,1.2578125,0,0,404,68,40,0,0,0,40,20,16,3.09375,396.0,0.0,True,False
512,4 4 32,128,16.0,10,1.25,56400,1.2578125,0,0,404,68,40,0,0,0,40,20,16,3.09375,396.0,0.0,True,False
512,4 4 32,128,16.0,10,1.25,56600,1.24609375,0,0,408,64,40,0,0,0,40,17,16,3.140625,402.0,0.0,True,False
512,4 4 32,128,16.0,10,1.25,56800,1.23046875,0,0,416,60,36,0,0,0,36,17,16,3.203125,410.0,0.0,True,False
512,4 4 32,128,16.0,10,1.25,57000,1.2578125,0,0,404,68,40,0,0,0,40,21,16,3.09375,396.0,0.0,True,False
512,4 4 32,128,16.0,10,1.25,57200,1.2578125,0,0,404,68,40,0,0,0,40,21,16,3.09375,396.0,0.0,True,False
512,4 4 32,128,16.0,10,1.25,57400,1.2734375,0,0,396,72,44,0,0,0,44,20,18,3.03125,388.0,0.0,True,False
512,4 4 32,128,16.0,10,1.25,57600,1.23828125,0,0,404,68,40,0,0,0,40,17,18,3.171875,406.0,0.0,True,False
512,4 4 32,128,16.0,10,1.25,57800,1.265625,0,0,392,76,44,0,0,0,44,21,18,3.0625,392.0,0.0,True,False
512,4 4 32,128,16.0,10,1.25,58000,1.25,0,0,400,72,40,0,0,0,40,22,16,3.125,400.0,0.0,True,False
512,4 4 32,128,16.0,10,1.25,58200,1.22265625,0,0,412,64,36,0,0,0,36,18,16,3.234375,414.0,0.0,True,False
512,4 4 32,128,16.0,10,1.25,58400,1.1953125,0,0,424,56,32,0,0,0,32,14,16,3.34375,428.0,0.0,True,False
512,4 4 32,128,16.0,10,1.25,58600,1.23828125,0,0,404,68,40,0,0,0,40,15,22,3.171875,406.0,0.0,True,False
512,4 4 32,128,16.0,10,1.25,58800,1.2421875,0,4,404,68,36,0,0,0,36,15,22,3.15625,404.0,0.0,True,False
512,4 4 32,128,16.0,10,1.25,59000,1.26953125,0,4,392,76,40,0,0,0,40,19,22,3.046875,390.0,0.0,True,False
512,4 4 32,128,16.0,10,1.25,59200,1.26953125,0,4,392,76,40,0,0,0,40,19,22,3.046875,390.0,0.0,True,False
512,4 4 32,128,16.0,10,1.25,59400,1.28125,0,0,384,80,48,0,0,0,48,18,22,3.0,384.0,0.0,True,False
512,4 4 32,128,16.0,10,1.25,59600,1.25390625,0,0,396,72,44,0,0,0,44,14,22,3.109375,398.0,0.0,True,False
512,4 4 32,128,16.0,10,1.25,59800,1.25,0,0,400,72,40,0,0,0,40,21,18,3.125,400.0,0.0,True,False
512,4 4 32,128,16.0,10,1.25,60000,1.23828125,0,0,404,68,40,0,0,0,40,13,18,3.171875,406.0,0.0,True,False
512,4 4 32,128,16.0,10,1.25,60200,1.265625,0,0,392,76,44,0,0,0,44,17,18,3.0625,392.0,0.0,True,False
512,4 4 32,128,16.0,10,1.25,60400,1.2734375,0,0,392,80,40,0,0,0,40,10,20,3.03125,388.0,0.0,True,False
512,4 4 32,128,16.0,10,1.25,60600,1.22265625,0,0,412,64,36,0,0,0,36,17,16,3.234375,414.0,0.0,True,False
512,4 4 32,128,16.0,10,1.25,60800,1.22265625,0,0,412,64,36,0,0,0,36,17,16,3.234375,414.0,0.0,True,False
512,4 4 32,128,16.0,10,1.25,61000,1.3046875,0,0,376,88,48,0,0,0,48,29,16,2.90625,372.0,0.0,True,False
512,4 4 32,128,16.0,10,1.25,61200,1.27734375,0,0,388,80,44,0,0,0,44,25,16,3.015625,386.0,0.0,True,False
512,4 4 32,128,16.0,10,1.25,61400,1.27734375,0,0,388,80,44,0,0,0,44,25,16,3.015625,386.0,0.0,True,False
512,4 4 32,128,16.0,10,1.25,61600,1.265625,0,0,392,76,44,0,0,0,44,20,16,3.0625,392.0,0.0,True,False
512,4 4 32,128,16.0,10,1.25,61800,1.25,0,0,400,72,40,0,0,0,40,21,16,3.125,400.0,0.0,True,False
512,4 4 32,128,16.0,10,1.25,62000,1.30078125,0,0,384,80,48,0,0,0,48,21,20,2.921875,374.0,0.0,True,False
512,4 4 32,128,16.0,10,1.25,62200,1.296875,0,0,376,84,52,0,0,0,52,20,20,2.9375,376.0,0.0,True,False
512,4 4 32,128,16.0,10,1.25,62400,1.3125,0,0,368,88,56,0,0,0,56,19,20,2.875,368.0,0.0,True,False
512,4 4 32,128,16.0,10,1.25,62600,1.30859375,0,0,372,88,52,0,0,0,52,24,20,2.890625,370.0,0.0,True,False
512,4 4 32,128,16.0,10,1.25,62800,1.26953125,0,0,388,76,48,0,0,0,48,16,20,3.046875,390.0,0.0,True,False
512,4 4 32,128,16.0,10,1.25,63000,1.31640625,0,0,376,84,52,0,0,0,52,20,20,2.859375,366.0,0.0,True,False
512,4 4 32,128,16.0,10,1.25,63200,1.30859375,0,0,372,88,52,0,0,0,52,20,20,2.890625,370.0,0.0,True,False
512,4 4 32,128,16.0,10,1.25,63400,1.353515625,0,0,360,100,52,0,0,0,52,22,28,2.7109375,347.0,0.0,True,False
512,4 4 32,128,16.0,10,1.25,63600,1.337890625,0,0,368,96,48,0,0,0,48,21,28,2.7734375,355.0,0.0,True,False
512,4 4 32,128,16.0,10,1.25,63800,1.375,0,0,358,100,54,0,0,0,54,21,28,2.625,336.0,0.0,True,False
512,4 4 32,128,16.0,10,1.25,64000,1.330078125,0,0,370,88,54,0,0,0,54,20,20,2.8046875,359.0,0.0,True,False
512,4 4 32,128,16.0,10,1.25,64200,1.330078125,0,0,370,88,54,0,0,0,54,20,20,2.8046875,359.0,0.0,True,False
512,4 4 32,128,16.0,10,1.25,64400,1.279296875,0,4,394,72,42,0,0,0,42,17,20,3.0078125,385.0,0.0,True,False
512,4 4 32,128,16.0,10,1.25,64600,1.333984375,0,4,370,88,50,0,0,0,50,21,20,2.7890625,357.0,0.0,True,False
512,4 4 32,128,16.0,10,1.25,64800,1.349609375,0,4,362,92,54,0,0,0,54,19,20,2.7265625,349.0,0.0,True,False
512,4 4 32,128,16.0,10,1.25,65000,1.3125,0,4,372,88,48,0,0,0,48,20,20,2.875,368.0,0.0,True,False
512,4 4 32,128,16.0,10,1.25,65200,1.3125,0,4,372,88,48,0,0,0,48,24,20,2.875,368.0,0.0,True,False
512,4 4 32,128,16.0,10,1.25,65400,1.30859375,0,0,372,88,52,0,0,0,52,22,18,2.890625,370.0,0.0,True,False
512,4 4 32,128,16.0,10,1.25,65600,1.38671875,0,0,344,104,64,0,0,0,64,21,32,2.578125,330.0,0.0,True,False
512,4 4 32,128,16.0,10,1.25,65800,1.416015625,0,0,346,100,66,0,0,0,66,26,18,2.4609375,315.0,0.0,True,False
512,4 4 32,128,16.0,10,1.25,66000,1.35546875,0,0,348,100,64,0,0,0,64,22,22,2.703125,346.0,0.0,True,False
512,4 4 32,128,16.0,10,1.25,66200,1.345703125,0,0,362,92,58,0,0,0,58,24,20,2.7421875,351.0,0.0,True,False
512,4 4 32,128,16.0,10,1.25,66400,1.333984375,0,0,366,88,58,0,0,0,58,18,16,2.7890625,357.0,0.0,True,False
512,4 4 32,128,16.0,10,1.25,66600,1.330078125,0,0,370,88,54,0,0,0,54,24,16,2.8046875,359.0,0.0,True,False
512,4 4 32,128,16.0,10,1.25,66800,1.296875,0,0,376,84,52,0,0,0,52,21,22,2.9375,376.0,0.0,True,False
512,4 4 32,128,16.0,10,1.25,67000,1.30859375,0,0,372,88,52,0,0,0,52,21,22,2.890625,370.0,0.0,True,False
512,4 4 32,128,16.0,10,1.25,67200,1.3671875,0,0,344,104,64,0,0,0,64,21,24,2.65625,340.0,0.0,True,False
512,4 4 32,128,16.0,10,1.25,67400,1.265625,0,0,392,76,44,0,0,0,44,16,20,3.0625,392.0,0.0,True,False
512,4 4 32,128,16.0,10,1.25,67600,1.3203125,0,0,368,92,52,0,0,0,52,24,20,2.84375,364.0,0.0,True,False
512,4 4 32,128,16.0,10,1.25,67800,1.27734375,0,0,388,80,44,0,0,0,44,22,18,3.015625,386.0,0.0,True,False
512,4 4 32,128,16.0,10,1.25,68000,1.310546875,0,0,386,76,50,0,0,0,50,20,18,2.8828125,369.0,0.0,True,False
512,4 4 32,128,16.0,10,1.25,68200,1.294921875,0,0,394,72,46,0,0,0,46,20,18,2.9453125,377.0,0.0,True,False
512,4 4 32,128,16.0,10,1.25,68400,1.287109375,0,0,390,76,46,0,0,0,46,24,16,2.9765625,381.0,0.0,True,False
512,4 4 32,128,16.0,10,1.25,68600,1.22265625,0,0,412,64,36,0,0,0,36,18,16,3.234375,414.0,0.0,True,False
512,4 4 32,128,16.0,10,1.25,68800,1.25,0,0,400,72,40,0,0,0,40,21,16,3.125,400.0,0.0,True,False
512,4 4 32,128,16.0,10,1.25,69000,1.25,0,0,400,72,40,0,0,0,40,21,16,3.125,400.0,0.0,True,False
512,4 4 32,128,16.0,10,1.25,69200,1.318359375,0,0,387,78,47,0,0,0,47,22,16,2.8515625,365.0,0.0,True,False
512,4 4 32,128,16.0,10,1.25,69400,1.302734375,0,0,395,74,43,0,0,0,43,23,16,2.9140625,373.0,0.0,True,False
512,4 4 32,128,16.0,10,1.25,69600,1.357421875,0,0,371,90,51,0,0,0,51,27,16,2.6953125,345.0,0.0,True,False
512,4 4 32,128,16.0,10,1.25,69800,1.28125,0,0,384,80,48,0,0,0,48,23,18,3.0,384.0,0.0,True,False
512,4 4 32,128,16.0,10,1.25,70000,1.375,0,0,380,82,45,4,1,0,50,22,20,2.625,336.0,0.0,True,False
512,4 4 32,128,16.0,10,1.25,70200,1.33984375,0,1,400,67,42,2,0,0,44,15,16,2.765625,354.0,0.0,True,False
512,4 4 32,128,16.0,10,1.25,70400,1.3203125,0,0,400,70,40,2,0,0,42,18,20,2.84375,364.0,0.0,True,False
512,4 4 32,128,16.0,10,1.25,70600,1.33203125,0,0,396,74,40,2,0,0,42,21,20,2.796875,358.0,0.0,True,False
512,4 4 32,128,16.0,10,1.25,70800,1.33203125,0,0,396,74,40,2,0,0,42,21,20,2.796875,358.0,0.0,True,False
512,4 4 32,128,16.0,10,1.25,71000,1.359375,0,1,384,79,46,2,0,0,48,26,16,2.6875,344.0,0.0,True,False
512,4 4 32,128,16.0,10,1.25,71200,1.37890625,0,1,372,83,54,2,0,0,56,20,16,2.609375,334.0,0.0,True,False
512,4 4 32,128,16.0,10,1.25,71400,1.36328125,0,1,380,79,50,2,0,0,52,20,16,2.671875,342.0,0.0,True,False
512,4 4 32,128,16.0,10,1.25,71600,1.36328125,0,1,380,79,50,2,0,0,52,20,16,2.671875,342.0,0.0,True,False
512,4 4 32,128,16.0,10,1.25,71800,1.3828125,0,0,366,89,56,1,0,0,57,20,16,2.59375,332.0,0.0,True,False
512,4 4 32,128,16.0,10,1.25,72000,1.35546875,0,0,377,83,51,1,0,0,52,19,16,2.703125,346.0,0.0,True,False
512,4 4 32,128,16.0,10,1.25,72200,1.35546875,0,0,377,83,51,1,0,0,52,20,16,2.703125,346.0,0.0,True,False
512,4 4 32,128,16.0,10,1.25,72400,1.33984375,0,0,385,79,47,1,0,0,48,19,16,2.765625,354.0,0.0,True,False
512,4 4 32,128,16.0,10,1.25,72600,1.33984375,0,0,385,79,47,1,0,0,48,19,16,2.765625,354.0,0.0,True,False
512,4 4 32,128,16.0,10,1.25,72800,1.3671875,0,0,373,87,51,1,0,0,52,23,16,2.65625,340.0,0.0,True,False
512,4 4 32,128,16.0,10,1.25,73000,1.3828125,0,0,365,91,55,1,0,0,56,20,16,2.59375,332.0,0.0,True,False
512,4 4 32,128,16.0,10,1.25,73200,1.3671875,0,0,373,87,51,1,0,0,52,20,16,2.65625,340.0,0.0,True,False
512,4 4 32,128,16.0,10,1.25,73400,1.361328125,0,1,379,83,49,0,0,0,49,15,16,2.6796875,343.0,0.0,True,False
512,4 4 32,128,16.0,10,1.25,73600,1.35546875,0,0,378,81,52,1,0,0,53,17,16,2.703125,346.0,0.0,True,False
512,4 4 32,128,16.0,10,1.25,73800,1.328125,0,0,390,73,48,1,0,0,49,16,16,2.8125,360.0,0.0,True,False
512,4 4 32,128,16.0,10,1.25,74000,1.33984375,0,0,386,77,48,1,0,0,49,22,16,2.765625,354.0,0.0,True,False
512,4 4 32,128,16.0,10,1.25,74200,1.35546875,0,0,378,81,52,1,0,0,53,21,16,2.703125,346.0,0.0,True,False
512,4 4 32,128,16.0,10,1.25,74400,1.296875,0,0,406,65,40,1,0,0,41,17,16,2.9375,376.0,0.0,True,False
512,4 4 32,128,16.0,10,1.25,74600,1.3671875,0,0,391,74,43,4,0,0,47,13,20,2.65625,340.0,0.0,True,False
512,4 4 32,128,16.0,10,1.25,74800,1.39453125,0,0,379,82,47,4,0,0,51,14,22,2.546875,326.0,0.0,True,False
512,4 4 32,128,16.0,10,1.25,75000,1.39453125,0,0,379,82,47,4,0,0,51,14,24,2.546875,326.0,0.0,True,False
512,4 4 32,128,16.0,10,1.25,75200,1.41796875,0,0,370,93,44,5,0,0,49,14,35,2.453125,314.0,0.0,True,False
512,4 4 32,128,16.0,10,1.25,75400,1.34375,0,0,378,85,48,1,0,0,49,17,27,2.75,352.0,0.0,True,False
512,4 4 32,128,16.0,10,1.25,75600,1.423828125,0,0,358,103,48,3,0,0,51,18,35,2.4296875,311.0,0.0,True,False
512,4 4 32,128,16.0,10,1.25,75800,1.431640625,0,1,358,104,46,3,0,0,49,18,35,2.3984375,307.0,0.0,True,False
512,4 4 32,128,16.0,10,1.25,76000,1.46875,0,2,346,109,52,3,0,0,55,19,35,2.25,288.0,0.0,True,False
512,4 4 32,128,16.0,10,1.25,76200,1.42578125,0,2,366,97,44,3,0,0,47,21,35,2.421875,310.0,0.0,True,False
512,4 4 32,128,16.0,10,1.25,76400,1.384765625,0,2,386,81,40,3,0,0,43,16,29,2.5859375,331.0,0.0,True,False
512,4 4 32,128,16.0,10,1.25,76600,1.30078125,0,0,400,71,38,3,0,0,41,15,29,2.921875,374.0,0.0,True,False
512,4 4 32,128,16.0,10,1.25,76800,1.375,0,0,392,77,38,5,0,0,43,14,37,2.625,336.0,0.0,True,False
512,4 4 32,128,16.0,10,1.25,77000,1.357421875,0,0,388,79,42,3,0,0,45,17,24,2.6953125,345.0,0.0,True,False
512,4 4 32,128,16.0,10,1.25,77200,1.259765625,0,0,415,63,33,1,0,0,34,14,24,3.0859375,395.0,0.0,True,False
512,4 4 32,128,16.0,10,1.25,77400,1.21484375,0,0,420,64,28,0,0,0,28,11,16,3.265625,418.0,0.0,True,False
512,4 4 32,128,16.0,10,1.25,77600,1.16796875,0,0,436,48,28,0,0,0,28,9,16,3.453125,442.0,0.0,True,False
512,4 4 32,128,16.0,10,1.25,77800,1.265625,0,0,408,68,32,4,0,0,36,18,18,3.0625,392.0,0.0,True,False
512,4 4 32,128,16.0,10,1.25,78000,1.29296875,0,0,396,76,36,4,0,0,40,17,18,2.953125,378.0,0.0,True,False
512,4 4 32,128,16.0,10,1.25,78200,1.29296875,0,0,396,76,36,4,0,0,40,17,18,2.953125,378.0,0.0,True,False
512,4 4 32,128,16.0,10,1.25,78400,1.30859375,0,0,388,80,40,4,0,0,44,13,22,2.890625,370.0,0.0,True,False
512,4 4 32,128,16.0,10,1.25,78600,1.30859375,0,0,388,80,40,4,0,0,44,13,22,2.890625,370.0,0.0,True,False
512,4 4 32,128,16.0,10,1.25,78800,1.30859375,0,0,388,80,40,4,0,0,44,13,22,2.890625,370.0,0.0,True,False
512,4 4 32,128,16.0,10,1.25,79000,1.28125,0,0,400,72,36,4,0,0,40,10,22,3.0,384.0,0.0,True,False
512,4 4 32,128,16.0,10,1.25,79200,1.25390625,0,0,412,64,32,4,0,0,36,13,16,3.109375,398.0,0.0,True,False
512,4 4 32,128,16.0,10,1.25,79400,1.2265625,0,0,424,56,28,4,0,0,32,13,18,3.21875,412.0,0.0,True,False
512,4 4 32,128,16.0,10,1.25,79600,1.28125,0,0,400,72,36,4,0,0,40,21,18,3.0,384.0,0.0,True,False
512,4 4 32,128,16.0,10,1.25,79800,1.28125,0,0,400,72,36,4,0,0,40,21,18,3.0,384.0,0.0,True,False
512,4 4 32,128,16.0,10,1.25,80000,1.30859375,0,0,389,78,41,4,0,0,45,21,18,2.890625,370.0,0.0,True,False
512,4 4 32,128,16.0,10,1.25,80200,1.265625,0,0,392,76,44,0,0,0,44,21,18,3.0625,392.0,0.0,True,False
512,4 4 32,128,16.0,10,1.25,80400,1.265625,0,0,392,76,44,0,0,0,44,21,18,3.0625,392.0,0.0,True,False
512,4 4 32,128,16.0,10,1.25,80600,1.25390625,0,0,396,72,44,0,0,0,44,17,22,3.109375,398.0,0.0,True,False
512,4 4 32,128,16.0,10,1.25,80800,1.244140625,0,0,408,68,36,0,0,0,36,12,32,3.1484375,403.0,0.0,True,False
512,4 4 32,128,16.0,10,1.25,81000,1.244140625,0,0,408,68,36,0,0,0,36,12,32,3.1484375,403.0,0.0,True,False
512,4 4 32,128,16.0,10,1.25,81200,1.27734375,0,0,418,62,31,0,1,0,32,10,30,3.015625,386.0,0.0,True,False
512,4 4 32,128,16.0,10,1.25,81400,1.2890625,0,4,403,74,31,0,0,0,31,9,42,2.96875,380.0,0.0,True,False
512,4 4 32,128,16.0,10,1.25,81600,1.275390625,0,2,391,92,27,0,0,0,27,9,60,3.0234375,387.0,0.0,True,False
512,4 4 32,128,16.0,10,1.25,81800,1.275390625,0,2,391,92,27,0,0,0,27,9,60,3.0234375,387.0,0.0,True,False
512,4 4 32,128,16.0,10,1.25,82000,1.28125,0,0,387,94,31,0,0,0,31,9,62,3.0,384.0,0.0,True,False
512,4 4 32,128,16.0,10,1.25,82200,1.28125,0,0,387,94,31,0,0,0,31,9,62,3.0,384.0,0.0,True,False
512,4 4 32,128,16.0,10,1.25,82400,1.26171875,0,0,402,84,26,0,0,0,26,9,52,3.078125,394.0,0.0,True,False
512,4 4 32,128,16.0,10,1.25,82600,1.28515625,0,0,398,84,30,0,0,0,30,10,44,2.984375,382.0,0.0,True,False
512,4 4 32,128,16.0,10,1.25,82800,1.30859375,0,0,398,76,38,0,0,0,38,14,30,2.890625,370.0,0.0,True,False
512,4 4 32,128,16.0,10,1.25,83000,1.3359375,0,0,387,82,43,0,0,0,43,17,30,2.78125,356.0,0.0,True,False
512,4 4 32,128,16.0,10,1.25,83200,1.248046875,0,0,419,58,35,0,0,0,35,12,20,3.1328125,401.0,0.0,True,False
512,4 4 32,128,16.0,10,1.25,83400,1.248046875,0,0,419,58,35,0,0,0,35,12,20,3.1328125,401.0,0.0,True,False
512,4 4 32,128,16.0,10,1.25,83600,1.232421875,0,0,427,54,31,0,0,0,31,12,16,3.1953125,409.0,0.0,True,False
512,4 4 32,128,16.0,10,1.25,83800,1.232421875,0,0,426,56,30,0,0,0,30,13,16,3.1953125,409.0,0.0,True,False
512,4 4 32,128,16.0,10,1.25,84000,1.275390625,0,0,406,68,38,0,0,0,38,20,16,3.0234375,387.0,0.0,True,False
512,4 4 32,128,16.0,10,1.25,84200,1.349609375,0,0,382,84,46,0,0,0,46,23,18,2.7265625,349.0,0.0,True,False
512,4 4 32,128,16.0,10,1.25,84400,1.294921875,0,0,406,68,38,0,0,0,38,18,18,2.9453125,377.0,0.0,True,False
512,4 4 32,128,16.0,10,1.25,84600,1.294921875,0,0,406,68,38,0,0,0,38,18,18,2.9453125,377.0,0.0,True,False
512,4 4 32,128,16.0,10,1.25,84800,1.294921875,0,0,406,68,38,0,0,0,38,18,18,2.9453125,377.0,0.0,True,False
512,4 4 32,128,16.0,10,1.25,85000,1.21484375,0,0,412,60,40,0,0,0,40,11,24,3.265625,418.0,0.0,True,False
512,4 4 32,128,16.0,10,1.25,85200,1.296875,0,0,393,72,45,2,0,0,47,14,24,2.9375,376.0,0.0,True,False
512,4 4 32,128,16.0,10,1.25,85400,1.28125,0,0,401,68,41,2,0,0,43,14,22,3.0,384.0,0.0,True,False
512,4 4 32,128,16.0,10,1.25,85600,1.27734375,0,0,405,68,37,2,0,0,39,17,20,3.015625,386.0,0.0,True,False
512,4 4 32,128,16.0,10,1.25,85800,1.27734375,0,0,405,68,37,2,0,0,39,17,20,3.015625,386.0,0.0,True,False
512,4 4 32,128,16.0,10,1.25,86000,1.265625,0,0,409,64,37,2,0,0,39,14,20,3.0625,392.0,0.0,True,False
512,4 4 32,128,16.0,10,1.25,86200,1.265625,0,0,409,64,37,2,0,0,39,14,20,3.0625,392.0,0.0,True,False
512,4 4 32,128,16.0,10,1.25,86400,1.25,0,0,417,60,33,2,0,0,35,13,20,3.125,400.0,0.0,True,False
512,4 4 32,128,16.0,10,1.25,86600,1.22265625,0,0,429,52,29,2,0,0,31,10,20,3.234375,414.0,0.0,True,False
512,4 4 32,128,16.0,10,1.25,86800,1.22265625,0,0,429,52,29,2,0,0,31,10,20,3.234375,414.0,0.0,True,False
512,4 4 32,128,16.0,10,1.25,87000,1.26953125,0,0,419,55,37,1,0,0,38,12,20,3.046875,390.0,0.0,True,False
512,4 4 32,128,16.0,10,1.25,87200,1.26953125,0,0,419,55,37,1,0,0,38,12,20,3.046875,390.0,0.0,True,False
512,4 4 32,128,16.0,10,1.25,87400,1.205078125,0,0,426,52,34,0,0,0,34,12,16,3.3046875,423.0,0.0,True,False
512,4 4 32,128,16.0,10,1.25,87600,1.275390625,0,0,411,62,35,4,0,0,39,14,19,3.0234375,387.0,0.0,True,False
512,4 4 32,128,16.0,10,1.25,87800,1.26953125,0,0,416,60,36,0,0,0,36,15,16,3.046875,390.0,0.0,True,False
512,4 4 32,128,16.0,10,1.25,88000,1.26953125,0,0,416,60,36,0,0,0,36,15,16,3.046875,390.0,0.0,True,False
512,4 4 32,128,16.0,10,1.25,88200,1.26953125,0,0,416,60,36,0,0,0,36,15,16,3.046875,390.0,0.0,True,False
512,4 4 32,128,16.0,10,1.25,88400,1.33984375,0,0,384,80,48,0,0,0,48,21,16,2.765625,354.0,0.0,True,False
512,4 4 32,128,16.0,10,1.25,88600,1.33984375,0,0,384,80,48,0,0,0,48,21,16,2.765625,354.0,0.0,True,False
512,4 4 32,128,16.0,10,1.25,88800,1.279296875,0,0,398,76,38,0,0,0,38,15,16,3.0078125,385.0,0.0,True,False
512,4 4 32,128,16.0,10,1.25,89000,1.279296875,0,0,398,76,38,0,0,0,38,15,16,3.0078125,385.0,0.0,True,False
512,4 4 32,128,16.0,10,1.25,89200,1.275390625,0,0,394,72,46,0,0,0,46,18,16,3.0234375,387.0,0.0,True,False
512,4 4 32,128,16.0,10,1.25,89400,1.291015625,0,0,386,76,50,0,0,0,50,21,16,2.9609375,379.0,0.0,True,False
512,4 4 32,128,16.0,10,1.25,89600,1.248046875,0,0,406,64,42,0,0,0,42,17,16,3.1328125,401.0,0.0,True,False
512,4 4 32,128,16.0,10,1.25,89800,1.275390625,0,0,394,72,46,0,0,0,46,19,16,3.0234375,387.0,0.0,True,False
512,4 4 32,128,16.0,10,1.25,90000,1.291015625,0,0,386,76,50,0,0,0,50,17,20,2.9609375,379.0,0.0,True,False
512,4 4 32,128,16.0,10,1.25,90200,1.265625,0,0,392,76,44,0,0,0,44,18,22,3.0625,392.0,0.0,True,False
512,4 4 32,128,16.0,10,1.25,90400,1.25,0,0,400,72,40,0,0,0,40,20,16,3.125,400.0,0.0,True,False
512,4 4 32,128,16.0,10,1.25,90600,1.23828125,0,0,404,68,40,0,0,0,40,17,16,3.171875,406.0,0.0,True,False
512,4 4 32,128,16.0,10,1.25,90800,1.22265625,0,0,412,64,36,0,0,0,36,18,16,3.234375,414.0,0.0,True,False
512,4 4 32,128,16.0,10,1.25,91000,1.1953125,0,0,424,56,32,0,0,0,32,14,16,3.34375,428.0,0.0,True,False
512,4 4 32,128,16.0,10,1.25,91200,1.26953125,0,0,394,84,34,0,0,0,34,19,34,3.046875,390.0,0.0,True,False
512,4 4 32,128,16.0,10,1.25,91400,1.2578125,0,0,398,80,34,0,0,0,34,14,34,3.09375,396.0,0.0,True,False
512,4 4 32,128,16.0,10,1.25,91600,1.24609375,0,0,398,84,30,0,0,0,30,14,44,3.140625,402.0,0.0,True,False
512,4 4 32,128,16.0,10,1.25,91800,1.23046875,0,0,410,72,30,0,0,0,30,11,38,3.203125,410.0,0.0,True,False
512,4 4 32,128,16.0,10,1.25,92000,1.2578125,0,0,398,80,34,0,0,0,34,13,38,3.09375,396.0,0.0,True,False
512,4 4 32,128,16.0,10,1.25,92200,1.2578125,0,0,398,80,34,0,0,0,34,13,38,3.09375,396.0,0.0,True,False
512,4 4 32,128,16.0,10,1.25,92400,1.2421875,0,0,406,76,30,0,0,0,30,13,34,3.15625,404.0,0.0,True,False
512,4 4 32,128,16.0,10,1.25,92600,1.234375,0,0,400,84,28,0,0,0,28,13,42,3.1875,408.0,0.0,True,False
512,4 4 32,128,16.0,10,1.25,92800,1.234375,0,0,400,84,28,0,0,0,28,13,42,3.1875,408.0,0.0,True,False
512,4 4 32,128,16.0,10,1.25,93000,1.20703125,0,0,412,76,24,0,0,0,24,11,42,3.296875,422.0,0.0,True,False
512,4 4 32,128,16.0,10,1.25,93200,1.20703125,0,0,412,76,24,0,0,0,24,10,42,3.296875,422.0,0.0,True,False
512,4 4 32,128,16.0,10,1.25,93400,1.203125,0,0,420,68,24,0,0,0,24,9,36,3.3125,424.0,0.0,True,False
512,4 4 32,128,16.0,10,1.25,93600,1.23046875,0,0,408,76,28,0,0,0,28,13,36,3.203125,410.0,0.0,True,False
512,4 4 32,128,16.0,10,1.25,93800,1.2578125,0,0,396,84,32,0,0,0,32,17,36,3.09375,396.0,0.0,True,False
512,4 4 32,128,16.0,10,1.25,94000,1.23046875,0,0,408,76,28,0,0,0,28,13,36,3.203125,410.0,0.0,True,False
512,4 4 32,128,16.0,10,1.25,94200,1.25,0,0,404,84,24,0,0,0,24,10,36,3.125,400.0,0.0,True,False
512,4 4 32,128,16.0,10,1.25,94400,1.22265625,0,0,416,76,20,0,0,0,20,7,36,3.234375,414.0,0.0,True,False
512,4 4 32,128,16.0,10,1.25,94600,1.2265625,0,0,408,84,20,0,0,0,20,8,42,3.21875,412.0,0.0,True,False
512,4 4 32,128,16.0,10,1.25,94800,1.2265625,0,0,408,84,20,0,0,0,20,8,42,3.21875,412.0,0.0,True,False
512,4 4 32,128,16.0,10,1.25,95000,1.234375,0,0,400,84,28,0,0,0,28,15,42,3.1875,408.0,0.0,True,False
512,4 4 32,128,16.0,10,1.25,95200,1.271484375,0,0,390,88,34,0,0,0,34,17,42,3.0390625,389.0,0.0,True,False
512,4 4 32,128,16.0,10,1.25,95400,1.283203125,0,0,390,84,38,0,0,0,38,17,36,2.9921875,383.0,0.0,True,False
512,4 4 32,128,16.0,10,1.25,95600,1.314453125,0,0,370,100,42,0,0,0,42,22,42,2.8671875,367.0,0.0,True,False
512,4 4 32,128,16.0,10,1.25,95800,1.275390625,0,0,386,88,38,0,0,0,38,15,42,3.0234375,387.0,0.0,True,False
512,4 4 32,128,16.0,10,1.25,96000,1.275390625,0,0,386,88,38,0,0,0,38,15,42,3.0234375,387.0,0.0,True,False
512,4 4 32,128,16.0,10,1.25,96200,1.306640625,0,0,366,104,42,0,0,0,42,16,52,2.8984375,371.0,0.0,True,False
512,4 4 32,128,16.0,10,1.25,96400,1.318359375,0,0,366,100,46,0,0,0,46,16,42,2.8515625,365.0,0.0,True,False
512,4 4 32,128,16.0,10,1.25,96600,1.302734375,0,0,374,96,42,0,0,0,42,17,42,2.9140625,373.0,0.0,True,False
512,4 4 32,128,16.0,10,1.25,96800,1.318359375,0,0,366,100,46,0,0,0,46,15,44,2.8515625,365.0,0.0,True,False
512,4 4 32,128,16.0,10,1.25,97000,1.25390625,0,0,388,88,36,0,0,0,36,12,44,3.109375,398.0,0.0,True,False
512,4 4 32,128,16.0,10,1.25,97200,1.234375,0,0,404,76,32,0,0,0,32,10,36,3.1875,408.0,0.0,True,False
512,4 4 32,128,16.0,10,1.25,97400,1.26953125,0,0,394,84,34,0,0,0,34,16,38,3.046875,390.0,0.0,True,False
512,4 4 32,128,16.0,10,1.25,97600,1.28515625,0,0,386,88,38,0,0,0,38,15,44,2.984375,382.0,0.0,True,False
512,4 4 32,128,16.0,10,1.25,97800,1.28515625,0,0,386,88,38,0,0,0,38,15,44,2.984375,382.0,0.0,True,False
512,4 4 32,128,16.0,10,1.25,98000,1.2578125,0,0,398,80,34,0,0,0,34,11,44,3.09375,396.0,0.0,True,False
512,4 4 32,128,16.0,10,1.25,98200,1.2578125,0,0,398,80,34,0,0,0,34,11,44,3.09375,396.0,0.0,True,False
512,4 4 32,128,16.0,10,1.25,98400,1.27734375,0,0,382,92,38,0,0,0,38,11,50,3.015625,386.0,0.0,True,False
512,4 4 32,128,16.0,10,1.25,98600,1.26171875,0,0,388,92,32,0,0,0,32,16,44,3.078125,394.0,0.0,True,False
512,4 4 32,128,16.0,10,1.25,98800,1.26171875,0,0,388,92,32,0,0,0,32,16,44,3.078125,394.0,0.0,True,False
512,4 4 32,128,16.0,10,1.25,99000,1.27734375,0,0,380,96,36,0,0,0,36,16,44,3.015625,386.0,0.0,True,False
512,4 4 32,128,16.0,10,1.25,99200,1.26171875,0,0,388,92,32,0,0,0,32,19,42,3.078125,394.0,0.0,True,False
512,4 4 32,128,16.0,10,1.25,99400,1.31640625,0,0,364,108,40,0,0,0,40,22,42,2.859375,366.0,0.0,True,False
512,4 4 32,128,16.0,10,1.25,99600,1.33984375,0,0,344,120,48,0,0,0,48,18,56,2.765625,354.0,0.0,True,False
512,4 4 32,128,16.0,10,1.25,99800,1.328125,0,0,344,124,44,0,0,0,44,16,70,2.8125,360.0,0.0,True,False
512,4 4 32,128,16.0,10,1.25,100000,1.30078125,0,0,374,100,38,0,0,0,38,12,52,2.921875,374.0,0.0,True,True
512,4 4 32,128,16.0,11,1.25,0,2.0,0,512,0,0,0,0,0,0,0,0,0,0.125,16.0,0.0,False,False
512,4 4 32,128,16.0,11,1.25,200,2.03125,0,496,12,0,4,0,0,0,4,0,0,0.0,0.0,0.0,True,False
512,4 4 32,128,16.0,11,1.25,400,2.03125,0,484,20,0,8,0,0,0,8,0,0,0.0,0.0,0.0,True,False
512,4 4 32,128,16.0,11,1.25,600,2.03125,0,472,28,0,12,0,0,0,12,0,0,0.0,0.0,0.0,True,False
512,4 4 32,128,16.0,11,1.25,800,2.03125,0,472,28,0,12,0,0,0,12,0,0,0.0,0.0,0.0,True,False
512,4 4 32,128,16.0,11,1.25,1000,2.03125,0,472,28,0,12,0,0,0,12,0,0,0.0,0.0,0.0,True,False
512,4 4 32,128,16.0,11,1.25,1200,2.03125,0,472,28,0,12,0,0,0,12,0,0,0.0,0.0,0.0,True,False
512,4 4 32,128,16.0,11,1.25,1400,2.03125,0,484,20,0,8,0,0,0,8,0,0,0.0,0.0,0.0,True,False
512,4 4 32,128,16.0,11,1.25,1600,2.03125,0,472,28,0,12,0,0,0,12,0,0,0.0,0.0,0.0,True,False
512,4 4 32,128,16.0,11,1.25,1800,2.03125,0,472,28,0,12,0,0,0,12,0,0,0.0,0.0,0.0,True,False
512,4 4 32,128,16.0,11,1.25,2000,2.03125,0,460,36,0,16,0,0,0,16,0,0,0.0,0.0,0.0,True,False
512,4 4 32,128,16.0,11,1.25,2200,2.03125,0,460,36,0,16,0,0,0,16,0,0,0.0,0.0,0.0,True,False
512,4 4 32,128,16.0,11,1.25,2400,2.03125,0,460,36,0,16,0,0,0,16,0,0,0.0,0.0,0.0,True,False
512,4 4 32,128,16.0,11,1.25,2600,2.03125,0,460,36,0,16,0,0,0,16,0,0,0.0,0.0,0.0,True,False
512,4 4 32,128,16.0,11,1.25,2800,2.03125,0,460,36,0,16,0,0,0,16,0,0,0.0,0.0,0.0,True,False
512,4 4 32,128,16.0,11,1.25,3000,2.03125,0,448,44,0,20,0,0,0,20,0,0,0.0,0.0,0.0,True,False
512,4 4 32,128,16.0,11,1.25,3200,2.03125,0,448,44,0,20,0,0,0,20,0,0,0.0,0.0,0.0,True,False
512,4 4 32,128,16.0,11,1.25,3400,2.03125,0,436,52,0,24,0,0,0,24,0,0,0.0,0.0,0.0,True,False
512,4 4 32,128,16.0,11,1.25,3600,2.03125,0,424,60,0,28,0,0,0,28,0,0,0.0,0.0,0.0,True,False
512,4 4 32,128,16.0,11,1.25,3800,2.03125,0,424,60,0,28,0,0,0,28,0,0,0.0,0.0,0.0,True,False
512,4 4 32,128,16.0,11,1.25,4000,2.03125,0,424,60,0,28,0,0,0,28,0,0,0.0,0.0,0.0,True,False
512,4 4 32,128,16.0,11,1.25,4200,2.03125,0,412,68,0,32,0,0,0,32,0,0,0.0,0.0,0.0,True,False
512,4 4 32,128,16.0,11,1.25,4400,2.03125,0,400,76,0,36,0,0,0,36,0,0,0.0,0.0,0.0,True,False
512,4 4 32,128,16.0,11,1.25,4600,2.01953125,0,400,76,4,32,0,0,0,32,2,2,0.046875,6.0,0.0,True,False
512,4 4 32,128,16.0,11,1.25,4800,2.01953125,0,400,76,4,32,0,0,0,32,2,2,0.046875,6.0,0.0,True,False
512,4 4 32,128,16.0,11,1.25,5000,2.01953125,0,400,76,4,32,0,0,0,32,2,2,0.046875,6.0,0.0,True,False
512,4 4 32,128,16.0,11,1.25,5200,2.0078125,0,412,68,8,24,0,0,0,24,2,4,0.09375,12.0,0.0,True,False
512,4 4 32,128,16.0,11,1.25,5400,2.0078125,0,424,60,8,20,0,0,0,20,2,4,0.09375,12.0,0.0,True,False
512,4 4 32,128,16.0,11,1.25,5600,2.0078125,0,412,68,8,24,0,0,0,24,2,4,0.09375,12.0,0.0,True,False
512,4 4 32,128,16.0,11,1.25,5800,1.99609375,0,412,68,12,20,0,0,0,20,1,12,0.140625,18.0,0.0,True,False
512,4 4 32,128,16.0,11,1.25,6000,1.99609375,0,412,68,12,20,0,0,0,20,1,12,0.140625,18.0,0.0,True,False
512,4 4 32,128,16.0,11,1.25,6200,1.99609375,0,400,76,12,24,0,0,0,24,1,12,0.140625,18.0,0.0,True,False
512,4 4 32,128,16.0,11,1.25,6400,1.99609375,0,400,76,12,24,0,0,0,24,1,12,0.140625,18.0,0.0,True,False
512,4 4 32,128,16.0,11,1.25,6600,1.99609375,0,412,68,12,20,0,0,0,20,1,12,0.140625,18.0,0.0,True,False
512,4 4 32,128,16.0,11,1.25,6800,1.99609375,0,412,68,12,20,0,0,0,20,1,12,0.140625,18.0,0.0,True,False
512,4 4 32,128,16.0,11,1.25,7000,1.99609375,0,412,68,12,20,0,0,0,20,1,12,0.140625,18.0,0.0,True,False
512,4 4 32,128,16.0,11,1.25,7200,1.99609375,0,412,68,12,20,0,0,0,20,1,12,0.140625,18.0,0.0,True,False
512,4 4 32,128,16.0,11,1.25,7400,1.99609375,0,424,60,12,16,0,0,0,16,1,12,0.140625,18.0,0.0,True,False
512,4 4 32,128,16.0,11,1.25,7600,1.99609375,0,424,60,12,16,0,0,0,16,1,12,0.140625,18.0,0.0,True,False
512,4 4 32,128,16.0,11,1.25,7800,1.99609375,0,412,68,12,20,0,0,0,20,1,12,0.140625,18.0,0.0,True,False
512,4 4 32,128,16.0,11,1.25,8000,1.984375,0,388,84,16,24,0,0,0,24,1,16,0.1875,24.0,0.0,True,False
512,4 4 32,128,16.0,11,1.25,8200,1.98046875,0,372,88,24,28,0,0,0,28,2,22,0.203125,26.0,0.0,True,False
512,4 4 32,128,16.0,11,1.25,8400,1.98046875,0,360,96,24,32,0,0,0,32,2,22,0.203125,26.0,0.0,True,False
512,4 4 32,128,16.0,11,1.25,8600,1.98046875,0,348,104,24,36,0,0,0,36,2,22,0.203125,26.0,0.0,True,False
512,4 4 32,128,16.0,11,1.25,8800,1.98046875,0,348,104,24,36,0,0,0,36,2,22,0.203125,26.0,0.0,True,False
512,4 4 32,128,16.0,11,1.25,9000,1.98046875,0,336,112,24,40,0,0,0,40,2,22,0.203125,26.0,0.0,True,False
512,4 4 32,128,16.0,11,1.25,9200,1.9609375,0,328,124,24,36,0,0,0,36,3,20,0.28125,36.0,0.0,True,False
512,4 4 32,128,16.0,11,1.25,9400,1.95703125,0,336,112,32,32,0,0,0,32,4,26,0.296875,38.0,0.0,True,False
512,4 4 32,128,16.0,11,1.25,9600,1.95703125,0,348,104,32,28,0,0,0,28,4,26,0.296875,38.0,0.0,True,False
512,4 4 32,128,16.0,11,1.25,9800,1.94921875,0,340,116,28,28,0,0,0,28,3,24,0.328125,42.0,0.0,True,False
512,4 4 32,128,16.0,11,1.25,10000,1.94921875,0,340,116,28,28,0,0,0,28,3,24,0.328125,42.0,0.0,True,False
512,4 4 32,128,16.0,11,1.25,10200,1.94921875,0,340,116,28,28,0,0,0,28,3,24,0.328125,42.0,0.0,True,False
512,4 4 32,128,16.0,11,1.25,10400,1.94921875,0,340,116,28,28,0,0,0,28,3,24,0.328125,42.0,0.0,True,False
512,4 4 32,128,16.0,11,1.25,10600,1.94921875,0,340,116,28,28,0,0,0,28,3,24,0.328125,42.0,0.0,True,False
512,4 4 32,128,16.0,11,1.25,10800,1.9609375,0,316,132,24,40,0,0,0,40,1,24,0.28125,36.0,0.0,True,False
512,4 4 32,128,16.0,11,1.25,11000,1.9609375,0,316,132,24,40,0,0,0,40,1,24,0.28125,36.0,0.0,True,False
512,4 4 32,128,16.0,11,1.25,11200,1.9609375,0,316,132,24,40,0,0,0,40,1,24,0.28125,36.0,0.0,True,False
512,4 4 32,128,16.0,11,1.25,11400,1.9609375,0,316,132,24,40,0,0,0,40,1,24,0.28125,36.0,0.0,True,False
512,4 4 32,128,16.0,11,1.25,11600,1.9609375,0,304,140,24,44,0,0,0,44,1,24,0.28125,36.0,0.0,True,False
512,4 4 32,128,16.0,11,1.25,11800,1.9609375,0,304,140,24,44,0,0,0,44,1,24,0.28125,36.0,0.0,True,False
512,4 4 32,128,16.0,11,1.25,12000,1.9609375,0,316,132,24,40,0,0,0,40,1,24,0.28125,36.0,0.0,True,False
512,4 4 32,128,16.0,11,1.25,12200,1.9609375,0,328,124,24,36,0,0,0,36,1,24,0.28125,36.0,0.0,True,False
512,4 4 32,128,16.0,11,1.25,12400,1.9609375,0,328,124,24,36,0,0,0,36,1,24,0.28125,36.0,0.0,True,False
512,4 4 32,128,16.0,11,1.25,12600,1.9609375,0,328,124,24,36,0,0,0,36,1,24,0.28125,36.0,0.0,True,False
512,4 4 32,128,16.0,11,1.25,12800,1.9609375,0,340,116,24,32,0,0,0,32,1,24,0.28125,36.0,0.0,True,False
512,4 4 32,128,16.0,11,1.25,13000,1.9609375,0,340,116,24,32,0,0,0,32,1,24,0.28125,36.0,0.0,True,False
512,4 4 32,128,16.0,11,1.25,13200,1.94921875,0,352,108,28,24,0,0,0,24,1,28,0.328125,42.0,0.0,True,False
512,4 4 32,128,16.0,11,1.25,13400,1.94921875,0,376,92,28,16,0,0,0,16,1,28,0.328125,42.0,0.0,True,False
512,4 4 32,128,16.0,11,1.25,13600,1.95703125,0,360,96,32,24,0,0,0,24,1,32,0.296875,38.0,0.0,True,False
512,4 4 32,128,16.0,11,1.25,13800,1.95703125,0,360,96,32,24,0,0,0,24,1,32,0.296875,38.0,0.0,True,False
512,4 4 32,128,16.0,11,1.25,14000,1.94921875,0,352,96,32,32,0,0,0,32,2,30,0.328125,42.0,0.0,True,False
512,4 4 32,128,16.0,11,1.25,14200,1.94921875,0,364,88,32,28,0,0,0,28,2,30,0.328125,42.0,0.0,True,False
512,4 4 32,128,16.0,11,1.25,14400,1.94921875,0,340,104,32,36,0,0,0,36,2,30,0.328125,42.0,0.0,True,False
512,4 4 32,128,16.0,11,1.25,14600,1.93359375,0,336,104,36,36,0,0,0,36,2,34,0.390625,50.0,0.0,True,False
512,4 4 32,128,16.0,11,1.25,14800,1.9296875,0,336,108,36,32,0,0,0,32,5,20,0.40625,52.0,0.0,True,False
512,4 4 32,128,16.0,11,1.25,15000,1.9375,0,332,104,40,36,0,0,0,36,6,22,0.375,48.0,0.0,True,False
512,4 4 32,128,16.0,11,1.25,15200,1.9296875,0,324,116,36,36,0,0,0,36,5,20,0.40625,52.0,0.0,True,False
512,4 4 32,128,16.0,11,1.25,15400,1.9296875,0,324,116,36,36,0,0,0,36,5,20,0.40625,52.0,0.0,True,False
512,4 4 32,128,16.0,11,1.25,15600,1.9296875,0,324,116,36,36,0,0,0,36,5,20,0.40625,52.0,0.0,True,False
512,4 4 32,128,16.0,11,1.25,15800,1.9296875,0,324,116,36,36,0,0,0,36,5,20,0.40625,52.0,0.0,True,False
512,4 4 32,128,16.0,11,1.25,16000,1.9296875,0,324,116,36,36,0,0,0,36,5,20,0.40625,52.0,0.0,True,False
512,4 4 32,128,16.0,11,1.25,16200,1.9296875,0,324,116,36,36,0,0,0,36,5,20,0.40625,52.0,0.0,True,False
512,4 4 32,128,16.0,11,1.25,16400,1.9296875,0,336,108,36,32,0,0,0,32,5,20,0.40625,52.0,0.0,True,False
512,4 4 32,128,16.0,11,1.25,16600,1.9296875,0,300,132,36,44,0,0,0,44,5,20,0.40625,52.0,0.0,True,False
512,4 4 32,128,16.0,11,1.25,16800,1.90625,0,300,132,44,36,0,0,0,36,4,20,0.5,64.0,0.0,True,False
512,4 4 32,128,16.0,11,1.25,17000,1.91796875,0,280,136,52,44,0,0,0,44,4,28,0.453125,58.0,0.0,True,False
512,4 4 32,128,16.0,11,1.25,17200,1.91796875,0,280,136,52,44,0,0,0,44,4,28,0.453125,58.0,0.0,True,False
512,4 4 32,128,16.0,11,1.25,17400,1.89453125,0,288,128,52,44,0,0,0,44,5,26,0.546875,70.0,0.0,True,False
512,4 4 32,128,16.0,11,1.25,17600,1.89453125,0,288,128,52,44,0,0,0,44,5,26,0.546875,70.0,0.0,True,False
512,4 4 32,128,16.0,11,1.25,17800,1.8828125,0,288,128,56,40,0,0,0,40,5,26,0.59375,76.0,0.0,True,False
512,4 4 32,128,16.0,11,1.25,18000,1.8828125,0,288,128,56,40,0,0,0,40,5,26,0.59375,76.0,0.0,True,False
512,4 4 32,128,16.0,11,1.25,18200,1.8828125,0,264,144,56,48,0,0,0,48,5,26,0.59375,76.0,0.0,True,False
512,4 4 32,128,16.0,11,1.25,18400,1.88671875,0,252,148,56,56,0,0,0,56,9,26,0.578125,74.0,0.0,True,False
512,4 4 32,128,16.0,11,1.25,18600,1.88671875,0,240,156,56,60,0,0,0,60,9,26,0.578125,74.0,0.0,True,False
512,4 4 32,128,16.0,11,1.25,18800,1.85546875,0,228,164,60,60,0,0,0,60,9,30,0.703125,90.0,0.0,True,False
512,4 4 32,128,16.0,11,1.25,19000,1.88671875,0,212,176,60,64,0,0,0,64,9,30,0.578125,74.0,0.0,True,False
512,4 4 32,128,16.0,11,1.25,19200,1.8671875,0,188,192,64,64,4,0,0,68,9,30,0.65625,84.0,0.0,True,False
512,4 4 32,128,16.0,11,1.25,19400,1.859375,0,174,200,66,68,4,0,0,72,11,30,0.6875,88.0,0.0,True,False
512,4 4 32,128,16.0,11,1.25,19600,1.859375,0,174,200,66,68,4,0,0,72,11,30,0.6875,88.0,0.0,True,False
512,4 4 32,128,16.0,11,1.25,19800,1.8203125,0,174,208,70,56,4,0,0,60,10,30,0.84375,108.0,0.0,True,False
512,4 4 32,128,16.0,11,1.25,20000,1.8203125,0,174,208,70,56,4,0,0,60,10,30,0.84375,108.0,0.0,True,False
512,4 4 32,128,16.0,11,1.25,20200,1.8203125,0,174,208,70,56,4,0,0,60,10,30,0.84375,108.0,0.0,True,False
512,4 4 32,128,16.0,11,1.25,20400,1.8203125,0,174,208,70,56,4,0,0,60,10,30,0.84375,108.0,0.0,True,False
512,4 4 32,128,16.0,11,1.25,20600,1.8203125,0,174,208,70,56,4,0,0,60,10,30,0.84375,108.0,0.0,True,False
512,4 4 32,128,16.0,11,1.25,20800,1.8203125,0,174,208,70,56,4,0,0,60,10,30,0.84375,108.0,0.0,True,False
512,4 4 32,128,16.0,11,1.25,21000,1.8203125,0,174,208,70,56,4,0,0,60,10,30,0.84375,108.0,0.0,True,False
512,4 4 32,128,16.0,11,1.25,21200,1.796875,0,166,228,62,52,4,0,0,56,6,32,0.9375,120.0,0.0,True,False
512,4 4 32,128,16.0,11,1.25,21400,1.796875,0,154,236,62,56,4,0,0,60,6,32,0.9375,120.0,0.0,True,False
512,4 4 32,128,16.0,11,1.25,21600,1.796875,0,142,244,62,60,4,0,0,64,6,32,0.9375,120.0,0.0,True,False
512,4 4 32,128,16.0,11,1.25,21800,1.8046875,0,138,240,66,64,4,0,0,68,6,32,0.90625,116.0,0.0,True,False
512,4 4 32,128,16.0,11,1.25,22000,1.78515625,0,134,244,70,60,4,0,0,64,10,32,0.984375,126.0,0.0,True,False
512,4 4 32,128,16.0,11,1.25,22200,1.77734375,0,138,248,66,56,4,0,0,60,10,28,1.015625,130.0,0.0,True,False
512,4 4 32,128,16.0,11,1.25,22400,1.78125,0,138,244,66,60,4,0,0,64,7,30,1.0,128.0,0.0,True,False
512,4 4 32,128,16.0,11,1.25,22600,1.78125,0,138,244,66,60,4,0,0,64,7,30,1.0,128.0,0.0,True,False
512,4 4 32,128,16.0,11,1.25,22800,1.7890625,0,134,240,70,64,4,0,0,68,8,30,0.96875,124.0,0.0,True,False
512,4 4 32,128,16.0,11,1.25,23000,1.7890625,0,134,240,70,64,4,0,0,68,8,30,0.96875,124.0,0.0,True,False
512,4 4 32,128,16.0,11,1.25,23200,1.78515625,0,130,240,70,68,4,0,0,72,8,30,0.984375,126.0,0.0,True,False
512,4 4 32,128,16.0,11,1.25,23400,1.8046875,0,124,244,80,60,4,0,0,64,12,30,0.90625,116.0,0.0,True,False
512,4 4 32,128,16.0,11,1.25,23600,1.8046875,0,124,244,80,60,4,0,0,64,12,30,0.90625,116.0,0.0,True,False
512,4 4 32,128,16.0,11,1.25,23800,1.796875,0,128,248,76,56,4,0,0,60,11,28,0.9375,120.0,0.0,True,False
512,4 4 32,128,16.0,11,1.25,24000,1.78125,0,128,256,72,52,4,0,0,56,11,24,1.0,128.0,0.0,True,False
512,4 4 32,128,16.0,11,1.25,24200,1.7890625,0,124,252,76,56,4,0,0,60,11,28,0.96875,124.0,0.0,True,False
512,4 4 32,128,16.0,11,1.25,24400,1.78515625,0,120,252,76,60,4,0,0,64,12,26,0.984375,126.0,0.0,True,False
512,4 4 32,128,16.0,11,1.25,24600,1.78515625,0,120,252,76,60,4,0,0,64,12,26,0.984375,126.0,0.0,True,False
512,4 4 32,128,16.0,11,1.25,24800,1.78125,0,116,252,76,64,4,0,0,68,12,26,1.0,128.0,0.0,True,False
512,4 4 32,128,16.0,11,1.25,25000,1.78125,0,116,252,76,64,4,0,0,68,12,26,1.0,128.0,0.0,True,False
512,4 4 32,128,16.0,11,1.25,25200,1.78125,0,116,252,76,64,4,0,0,68,12,26,1.0,128.0,0.0,True,False
512,4 4 32,128,16.0,11,1.25,25400,1.78515625,0,112,252,80,64,4,0,0,68,13,26,0.984375,126.0,0.0,True,False
512,4 4 32,128,16.0,11,1.25,25600,1.78515625,0,112,252,80,64,4,0,0,68,13,26,0.984375,126.0,0.0,True,False
512,4 4 32,128,16.0,11,1.25,25800,1.7421875,0,112,252,88,56,4,0,0,60,10,50,1.15625,148.0,0.0,True,False
512,4 4 32,128,16.0,11,1.25,26000,1.77734375,0,96,260,92,56,8,0,0,64,14,50,1.015625,130.0,0.0,True,False
512,4 4 32,128,16.0,11,1.25,26200,1.76953125,0,85,262,97,60,8,0,0,68,13,50,1.046875,134.0,0.0,True,False
512,4 4 32,128,16.0,11,1.25,26400,1.76953125,0,85,262,97,60,8,0,0,68,13,50,1.046875,134.0,0.0,True,False
512,4 4 32,128,16.0,11,1.25,26600,1.765625,0,81,262,97,64,8,0,0,72,13,50,1.0625,136.0,0.0,True,False
512,4 4 32,128,16.0,11,1.25,26800,1.76171875,0,81,266,97,60,8,0,0,68,16,30,1.078125,138.0,0.0,True,False
512,4 4 32,128,16.0,11,1.25,27000,1.76171875,0,81,266,97,60,8,0,0,68,16,30,1.078125,138.0,0.0,True,False
512,4 4 32,128,16.0,11,1.25,27200,1.76171875,0,81,266,97,60,8,0,0,68,16,30,1.078125,138.0,0.0,True,False
512,4 4 32,128,16.0,11,1.25,27400,1.771484375,0,72,268,100,64,8,0,0,72,17,32,1.0390625,133.0,0.0,True,False
512,4 4 32,128,16.0,11,1.25,27600,1.771484375,0,72,268,100,64,8,0,0,72,17,32,1.0390625,133.0,0.0,True,False
512,4 4 32,128,16.0,11,1.25,27800,1.75390625,0,66,272,106,60,8,0,0,68,16,39,1.109375,142.0,0.0,True,False
512,4 4 32,128,16.0,11,1.25,28000,1.7578125,0,66,268,106,64,8,0,0,72,13,39,1.09375,140.0,0.0,True,False
512,4 4 32,128,16.0,11,1.25,28200,1.7578125,0,66,268,106,64,8,0,0,72,13,39,1.09375,140.0,0.0,True,False
512,4 4 32,128,16.0,11,1.25,28400,1.7578125,0,66,268,106,64,8,0,0,72,13,39,1.09375,140.0,0.0,True,False
512,4 4 32,128,16.0,11,1.25,28600,1.75390625,0,66,272,106,60,8,0,0,68,16,39,1.109375,142.0,0.0,True,False
512,4 4 32,128,16.0,11,1.25,28800,1.75390625,0,66,272,106,60,8,0,0,68,16,39,1.109375,142.0,0.0,True,False
512,4 4 32,128,16.0,11,1.25,29000,1.75,0,62,272,106,64,8,0,0,72,16,39,1.125,144.0,0.0,True,False
512,4 4 32,128,16.0,11,1.25,29200,1.744140625,0,58,276,102,68,8,0,0,76,16,35,1.1484375,147.0,0.0,True,False
512,4 4 32,128,16.0,11,1.25,29400,1.720703125,0,58,284,94,68,8,0,0,76,15,27,1.2421875,159.0,0.0,True,False
512,4 4 32,128,16.0,11,1.25,29600,1.70703125,0,58,286,98,62,8,0,0,70,15,31,1.296875,166.0,0.0,True,False
512,4 4 32,128,16.0,11,1.25,29800,1.703125,0,58,290,98,58,8,0,0,66,19,23,1.3125,168.0,0.0,True,False
512,4 4 32,128,16.0,11,1.25,30000,1.703125,0,58,290,98,58,8,0,0,66,19,23,1.3125,168.0,0.0,True,False
512,4 4 32,128,16.0,11,1.25,30200,1.703125,0,58,290,98,58,8,0,0,66,19,23,1.3125,168.0,0.0,True,False
512,4 4 32,128,16.0,11,1.25,30400,1.703125,0,58,290,98,58,8,0,0,66,19,23,1.3125,168.0,0.0,True,False
512,4 4 32,128,16.0,11,1.25,30600,1.703125,0,58,290,98,58,8,0,0,66,19,23,1.3125,168.0,0.0,True,False
512,4 4 32,128,16.0,11,1.25,30800,1.703125,0,58,290,98,58,8,0,0,66,19,23,1.3125,168.0,0.0,True,False
512,4 4 32,128,16.0,11,1.25,31000,1.6796875,0,58,298,90,58,8,0,0,66,15,30,1.40625,180.0,0.0,True,False
512,4 4 32,128,16.0,11,1.25,31200,1.6796875,0,58,298,90,58,8,0,0,66,15,30,1.40625,180.0,0.0,True,False
512,4 4 32,128,16.0,11,1.25,31400,1.6953125,0,58,290,94,62,8,0,0,70,16,32,1.34375,172.0,0.0,True,False
512,4 4 32,128,16.0,11,1.25,31600,1.703125,0,70,286,90,58,8,0,0,66,16,32,1.3125,168.0,0.0,True,False
512,4 4 32,128,16.0,11,1.25,31800,1.7265625,0,58,274,102,70,8,0,0,78,14,32,1.21875,156.0,0.0,True,False
512,4 4 32,128,16.0,11,1.25,32000,1.68359375,0,58,294,90,62,8,0,0,70,13,32,1.390625,178.0,0.0,True,False
512,4 4 32,128,16.0,11,1.25,32200,1.68359375,0,58,294,90,62,8,0,0,70,13,32,1.390625,178.0,0.0,True,False
512,4 4 32,128,16.0,11,1.25,32400,1.66796875,0,58,302,86,58,8,0,0,66,13,32,1.453125,186.0,0.0,True,False
512,4 4 32,128,16.0,11,1.25,32600,1.65234375,0,58,310,82,54,8,0,0,62,12,30,1.515625,194.0,0.0,True,False
512,4 4 32,128,16.0,11,1.25,32800,1.66015625,0,66,310,82,46,8,0,0,54,12,30,1.484375,190.0,0.0,True,False
512,4 4 32,128,16.0,11,1.25,33000,1.66015625,0,66,310,82,46,8,0,0,54,12,30,1.484375,190.0,0.0,True,False
512,4 4 32,128,16.0,11,1.25,33200,1.66015625,0,66,310,82,46,8,0,0,54,12,30,1.484375,190.0,0.0,True,False
512,4 4 32,128,16.0,11,1.25,33400,1.66015625,0,66,310,82,46,8,0,0,54,12,30,1.484375,190.0,0.0,True,False
512,4 4 32,128,16.0,11,1.25,33600,1.671875,0,82,306,78,38,8,0,0,46,12,30,1.4375,184.0,0.0,True,False
512,4 4 32,128,16.0,11,1.25,33800,1.671875,0,82,306,78,38,8,0,0,46,12,30,1.4375,184.0,0.0,True,False
512,4 4 32,128,16.0,11,1.25,34000,1.69140625,0,70,298,90,46,8,0,0,54,15,30,1.359375,174.0,0.0,True,False
512,4 4 32,128,16.0,11,1.25,34200,1.69921875,0,66,294,94,50,8,0,0,58,15,34,1.328125,170.0,0.0,True,False
512,4 4 32,128,16.0,11,1.25,34400,1.671875,0,66,306,86,46,8,0,0,54,12,34,1.4375,184.0,0.0,True,False
512,4 4 32,128,16.0,11,1.25,34600,1.65625,0,74,314,78,38,8,0,0,46,11,28,1.5,192.0,0.0,True,False
512,4 4 32,128,16.0,11,1.25,34800,1.65625,0,74,314,78,38,8,0,0,46,11,28,1.5,192.0,0.0,True,False
512,4 4 32,128,16.0,11,1.25,35000,1.68359375,0,74,302,86,42,8,0,0,50,15,28,1.390625,178.0,0.0,True,False
512,4 4 32,128,16.0,11,1.25,35200,1.689453125,0,63,301,89,51,8,0,0,59,18,28,1.3671875,175.0,0.0,True,False
512,4 4 32,128,16.0,11,1.25,35400,1.689453125,0,63,301,89,51,8,0,0,59,18,28,1.3671875,175.0,0.0,True,False
512,4 4 32,128,16.0,11,1.25,35600,1.689453125,0,63,301,89,51,8,0,0,59,18,28,1.3671875,175.0,0.0,True,False
512,4 4 32,128,16.0,11,1.25,35800,1.69140625,0,62,296,99,47,7,1,0,55,14,32,1.359375,174.0,0.0,True,False
512,4 4 32,128,16.0,11,1.25,36000,1.6796875,0,69,300,93,42,8,0,0,50,16,29,1.40625,180.0,0.0,True,False
512,4 4 32,128,16.0,11,1.25,36200,1.6875,0,65,296,97,46,8,0,0,54,16,32,1.375,176.0,0.0,True,False
512,4 4 32,128,16.0,11,1.25,36400,1.6484375,0,76,290,92,50,4,0,0,54,12,32,1.53125,196.0,0.0,True,False
512,4 4 32,128,16.0,11,1.25,36600,1.67578125,0,76,278,100,54,4,0,0,58,13,34,1.421875,182.0,0.0,True,False
512,4 4 32,128,16.0,11,1.25,36800,1.62109375,0,76,302,84,46,4,0,0,50,16,24,1.640625,210.0,0.0,True,False
512,4 4 32,128,16.0,11,1.25,37000,1.59375,0,76,314,76,42,4,0,0,46,12,24,1.75,224.0,0.0,True,False
512,4 4 32,128,16.0,11,1.25,37200,1.59375,0,76,314,76,42,4,0,0,46,12,24,1.75,224.0,0.0,True,False
512,4 4 32,128,16.0,11,1.25,37400,1.56640625,0,76,326,68,38,4,0,0,42,8,24,1.859375,238.0,0.0,True,False
512,4 4 32,128,16.0,11,1.25,37600,1.55859375,0,80,330,64,34,4,0,0,38,8,20,1.890625,242.0,0.0,True,False
512,4 4 32,128,16.0,11,1.25,37800,1.55078125,0,72,330,64,42,4,0,0,46,9,20,1.921875,246.0,0.0,True,False
512,4 4 32,128,16.0,11,1.25,38000,1.55078125,0,72,330,64,42,4,0,0,46,9,20,1.921875,246.0,0.0,True,False
512,4 4 32,128,16.0,11,1.25,38200,1.546875,0,72,334,64,38,4,0,0,42,13,20,1.9375,248.0,0.0,True,False
512,4 4 32,128,16.0,11,1.25,38400,1.546875,0,72,334,64,38,4,0,0,42,13,20,1.9375,248.0,0.0,True,False
512,4 4 32,128,16.0,11,1.25,38600,1.546875,0,72,334,64,38,4,0,0,42,13,20,1.9375,248.0,0.0,True,False
512,4 4 32,128,16.0,11,1.25,38800,1.51953125,0,72,346,56,34,4,0,0,38,9,20,2.046875,262.0,0.0,True,False
512,4 4 32,128,16.0,11,1.25,39000,1.546875,0,72,334,64,38,4,0,0,42,13,20,1.9375,248.0,0.0,True,False
512,4 4 32,128,16.0,11,1.25,39200,1.57421875,0,72,322,72,42,4,0,0,46,17,20,1.828125,234.0,0.0,True,False
512,4 4 32,128,16.0,11,1.25,39400,1.57421875,0,72,322,72,42,4,0,0,46,17,20,1.828125,234.0,0.0,True,False
512,4 4 32,128,16.0,11,1.25,39600,1.58984375,0,72,314,76,46,4,0,0,50,13,22,1.765625,226.0,0.0,True,False
512,4 4 32,128,16.0,11,1.25,39800,1.57421875,0,72,322,72,42,4,0,0,46,14,20,1.828125,234.0,0.0,True,False
512,4 4 32,128,16.0,11,1.25,40000,1.57421875,0,72,322,72,42,4,0,0,46,14,20,1.828125,234.0,0.0,True,False
512,4 4 32,128,16.0,11,1.25,40200,1.57421875,0,72,322,72,42,4,0,0,46,14,20,1.828125,234.0,0.0,True,False
512,4 4 32,128,16.0,11,1.25,40400,1.57421875,0,72,322,72,42,4,0,0,46,14,20,1.828125,234.0,0.0,True,False
512,4 4 32,128,16.0,11,1.25,40600,1.546875,0,72,334,64,38,4,0,0,42,13,20,1.9375,248.0,0.0,True,False
512,4 4 32,128,16.0,11,1.25,40800,1.57421875,0,72,322,72,42,4,0,0,46,17,20,1.828125,234.0,0.0,True,False
512,4 4 32,128,16.0,11,1.25,41000,1.51953125,0,72,346,56,34,4,0,0,38,9,20,2.046875,262.0,0.0,True,False
512,4 4 32,128,16.0,11,1.25,41200,1.587890625,0,50,358,60,38,6,0,0,44,11,20,1.7734375,227.0,0.0,True,False
512,4 4 32,128,16.0,11,1.25,41400,1.5703125,0,52,354,60,38,8,0,0,46,9,20,1.84375,236.0,0.0,True,False
512,4 4 32,128,16.0,11,1.25,41600,1.5703125,0,52,354,60,38,8,0,0,46,9,20,1.84375,236.0,0.0,True,False
512,4 4 32,128,16.0,11,1.25,41800,1.5703125,0,52,354,60,38,8,0,0,46,9,20,1.84375,236.0,0.0,True,False
512,4 4 32,128,16.0,11,1.25,42000,1.5703125,0,52,354,60,38,8,0,0,46,9,20,1.84375,236.0,0.0,True,False
512,4 4 32,128,16.0,11,1.25,42200,1.5703125,0,52,354,60,38,8,0,0,46,9,20,1.84375,236.0,0.0,True,False
512,4 4 32,128,16.0,11,1.25,42400,1.5703125,0,52,354,60,38,8,0,0,46,9,20,1.84375,236.0,0.0,True,False
512,4 4 32,128,16.0,11,1.25,42600,1.53515625,0,72,338,60,38,4,0,0,42,9,20,1.984375,254.0,0.0,True,False
512,4 4 32,128,16.0,11,1.25,42800,1.53515625,0,72,338,60,38,4,0,0,42,9,20,1.984375,254.0,0.0,True,False
512,4 4 32,128,16.0,11,1.25,43000,1.5625,0,72,326,68,42,4,0,0,46,13,20,1.875,240.0,0.0,True,False
512,4 4 32,128,16.0,11,1.25,43200,1.53515625,0,72,338,60,38,4,0,0,42,9,20,1.984375,254.0,0.0,True,False
512,4 4 32,128,16.0,11,1.25,43400,1.53515625,0,72,338,60,38,4,0,0,42,9,20,1.984375,254.0,0.0,True,False
512,4 4 32,128,16.0,11,1.25,43600,1.5546875,0,54,342,66,46,4,0,0,50,10,23,1.90625,244.0,0.0,True,False
512,4 4 32,128,16.0,11,1.25,43800,1.5546875,0,54,342,66,46,4,0,0,50,10,23,1.90625,244.0,0.0,True,False
512,4 4 32,128,16.0,11,1.25,44000,1.5546875,0,64,338,64,42,4,0,0,46,12,21,1.90625,244.0,0.0,True,False
512,4 4 32,128,16.0,11,1.25,44200,1.5546875,0,64,338,64,42,4,0,0,46,12,21,1.90625,244.0,0.0,True,False
512,4 4 32,128,16.0,11,1.25,44400,1.53515625,0,72,338,60,38,4,0,0,42,9,20,1.984375,254.0,0.0,True,False
512,4 4 32,128,16.0,11,1.25,44600,1.55078125,0,72,330,64,42,4,0,0,46,9,20,1.921875,246.0,0.0,True,False
512,4 4 32,128,16.0,11,1.25,44800,1.55078125,0,72,330,64,42,4,0,0,46,9,20,1.921875,246.0,0.0,True,False
512,4 4 32,128,16.0,11,1.25,45000,1.576171875,0,70,329,61,47,5,0,0,52,10,20,1.8203125,233.0,0.0,True,False
512,4 4 32,128,16.0,11,1.25,45200,1.603515625,0,70,317,69,51,5,0,0,56,13,20,1.7109375,219.0,0.0,True,False
512,4 4 32,128,16.0,11,1.25,45400,1.607421875,0,57,335,64,51,5,0,0,56,13,20,1.6953125,217.0,0.0,True,False
512,4 4 32,128,16.0,11,1.25,45600,1.607421875,0,57,335,64,51,5,0,0,56,13,20,1.6953125,217.0,0.0,True,False
512,4 4 32,128,16.0,11,1.25,45800,1.576171875,0,57,351,56,43,5,0,0,48,13,16,1.8203125,233.0,0.0,True,False
512,4 4 32,128,16.0,11,1.25,46000,1.576171875,0,57,351,56,43,5,0,0,48,13,16,1.8203125,233.0,0.0,True,False
512,4 4 32,128,16.0,11,1.25,46200,1.544921875,0,70,345,53,39,5,0,0,44,10,16,1.9453125,249.0,0.0,True,False
512,4 4 32,128,16.0,11,1.25,46400,1.544921875,0,70,345,53,39,5,0,0,44,10,16,1.9453125,249.0,0.0,True,False
512,4 4 32,128,16.0,11,1.25,46600,1.552734375,0,79,347,46,35,5,0,0,40,9,16,1.9140625,245.0,0.0,True,False
512,4 4 32,128,16.0,11,1.25,46800,1.58203125,0,78,332,58,40,4,0,0,44,13,16,1.796875,230.0,0.0,True,False
512,4 4 32,128,16.0,11,1.25,47000,1.5546875,0,78,344,50,36,4,0,0,40,9,16,1.90625,244.0,0.0,True,False
512,4 4 32,128,16.0,11,1.25,47200,1.5703125,0,78,336,54,40,4,0,0,44,9,20,1.84375,236.0,0.0,True,False
512,4 4 32,128,16.0,11,1.25,47400,1.568359375,0,79,339,50,39,5,0,0,44,9,20,1.8515625,237.0,0.0,True,False
512,4 4 32,128,16.0,11,1.25,47600,1.568359375,0,69,343,52,43,5,0,0,48,11,20,1.8515625,237.0,0.0,True,False
512,4 4 32,128,16.0,11,1.25,47800,1.552734375,0,79,347,46,35,5,0,0,40,9,16,1.9140625,245.0,0.0,True,False
512,4 4 32,128,16.0,11,1.25,48000,1.552734375,0,79,347,46,35,5,0,0,40,9,16,1.9140625,245.0,0.0,True,False
512,4 4 32,128,16.0,11,1.25,48200,1.552734375,0,79,347,46,35,5,0,0,40,9,16,1.9140625,245.0,0.0,True,False
512,4 4 32,128,16.0,11,1.25,48400,1.54296875,0,72,342,56,38,4,0,0,42,9,20,1.953125,250.0,0.0,True,False
512,4 4 32,128,16.0,11,1.25,48600,1.54296875,0,72,342,56,38,4,0,0,42,9,20,1.953125,250.0,0.0,True,False
512,4 4 32,128,16.0,11,1.25,48800,1.54296875,0,72,342,56,38,4,0,0,42,9,20,1.953125,250.0,0.0,True,False
512,4 4 32,128,16.0,11,1.25,49000,1.52734375,0,72,350,52,34,4,0,0,38,9,16,2.015625,258.0,0.0,True,False
512,4 4 32,128,16.0,11,1.25,49200,1.552734375,0,69,351,48,39,5,0,0,44,11,16,1.9140625,245.0,0.0,True,False
512,4 4 32,128,16.0,11,1.25,49400,1.552734375,0,79,347,46,35,5,0,0,40,9,16,1.9140625,245.0,0.0,True,False
512,4 4 32,128,16.0,11,1.25,49600,1.568359375,0,79,339,50,39,5,0,0,44,10,18,1.8515625,237.0,0.0,True,False
512,4 4 32,128,16.0,11,1.25,49800,1.568359375,0,79,339,50,39,5,0,0,44,10,18,1.8515625,237.0,0.0,True,False
512,4 4 32,128,16.0,11,1.25,50000,1.568359375,0,69,343,52,43,5,0,0,48,12,18,1.8515625,237.0,0.0,True,False
512,4 4 32,128,16.0,11,1.25,50200,1.568359375,0,69,343,52,43,5,0,0,48,12,18,1.8515625,237.0,0.0,True,False
512,4 4 32,128,16.0,11,1.25,50400,1.568359375,0,69,343,52,43,5,0,0,48,12,18,1.8515625,237.0,0.0,True,False
512,4 4 32,128,16.0,11,1.25,50600,1.568359375,0,79,339,50,39,5,0,0,44,10,18,1.8515625,237.0,0.0,True,False
512,4 4 32,128,16.0,11,1.25,50800,1.560546875,0,70,337,57,43,5,0,0,48,11,18,1.8828125,241.0,0.0,True,False
512,4 4 32,128,16.0,11,1.25,51000,1.560546875,0,70,337,57,43,5,0,0,48,11,18,1.8828125,241.0,0.0,True,False
512,4 4 32,128,16.0,11,1.25,51200,1.560546875,0,70,337,57,43,5,0,0,48,11,18,1.8828125,241.0,0.0,True,False
512,4 4 32,128,16.0,11,1.25,51400,1.560546875,0,70,337,57,43,5,0,0,48,11,18,1.8828125,241.0,0.0,True,False
512,4 4 32,128,16.0,11,1.25,51600,1.560546875,0,70,337,57,43,5,0,0,48,11,18,1.8828125,241.0,0.0,True,False
512,4 4 32,128,16.0,11,1.25,51800,1.560546875,0,70,337,57,43,5,0,0,48,11,18,1.8828125,241.0,0.0,True,False
512,4 4 32,128,16.0,11,1.25,52000,1.560546875,0,70,337,57,43,5,0,0,48,11,18,1.8828125,241.0,0.0,True,False
512,4 4 32,128,16.0,11,1.25,52200,1.544921875,0,70,345,53,39,5,0,0,44,10,16,1.9453125,249.0,0.0,True,False
512,4 4 32,128,16.0,11,1.25,52400,1.544921875,0,70,345,53,39,5,0,0,44,10,16,1.9453125,249.0,0.0,True,False
512,4 4 32,128,16.0,11,1.25,52600,1.552734375,0,79,347,46,35,5,0,0,40,9,16,1.9140625,245.0,0.0,True,False
512,4 4 32,128,16.0,11,1.25,52800,1.5546875,0,78,344,50,36,4,0,0,40,9,16,1.90625,244.0,0.0,True,False
512,4 4 32,128,16.0,11,1.25,53000,1.5546875,0,78,344,50,36,4,0,0,40,9,16,1.90625,244.0,0.0,True,False
512,4 4 32,128,16.0,11,1.25,53200,1.5546875,0,78,344,50,36,4,0,0,40,9,16,1.90625,244.0,0.0,True,False
512,4 4 32,128,16.0,11,1.25,53400,1.5546875,0,68,348,52,40,4,0,0,44,11,16,1.90625,244.0,0.0,True,False
512,4 4 32,128,16.0,11,1.25,53600,1.5546875,0,68,348,52,40,4,0,0,44,11,16,1.90625,244.0,0.0,True,False
512,4 4 32,128,16.0,11,1.25,53800,1.5546875,0,68,348,52,40,4,0,0,44,11,16,1.90625,244.0,0.0,True,False
512,4 4 32,128,16.0,11,1.25,54000,1.5546875,0,68,348,52,40,4,0,0,44,11,16,1.90625,244.0,0.0,True,False
512,4 4 32,128,16.0,11,1.25,54200,1.5546875,0,68,348,52,40,4,0,0,44,11,16,1.90625,244.0,0.0,True,False
512,4 4 32,128,16.0,11,1.25,54400,1.5703125,0,68,340,56,44,4,0,0,48,11,16,1.84375,236.0,0.0,True,False
512,4 4 32,128,16.0,11,1.25,54600,1.5703125,0,68,340,56,44,4,0,0,48,11,16,1.84375,236.0,0.0,True,False
512,4 4 32,128,16.0,11,1.25,54800,1.5703125,0,68,340,56,44,4,0,0,48,11,16,1.84375,236.0,0.0,True,False
512,4 4 32,128,16.0,11,1.25,55000,1.5703125,0,68,340,56,44,4,0,0,48,11,16,1.84375,236.0,0.0,True,False
512,4 4 32,128,16.0,11,1.25,55200,1.568359375,0,69,343,52,43,5,0,0,48,11,16,1.8515625,237.0,0.0,True,False
512,4 4 32,128,16.0,11,1.25,55400,1.556640625,0,69,343,56,39,5,0,0,44,10,20,1.8984375,243.0,0.0,True,False
512,4 4 32,128,16.0,11,1.25,55600,1.556640625,0,69,343,56,39,5,0,0,44,10,20,1.8984375,243.0,0.0,True,False
512,4 4 32,128,16.0,11,1.25,55800,1.55859375,0,68,340,60,40,4,0,0,44,10,20,1.890625,242.0,0.0,True,False
512,4 4 32,128,16.0,11,1.25,56000,1.55859375,0,68,340,60,40,4,0,0,44,10,20,1.890625,242.0,0.0,True,False
512,4 4 32,128,16.0,11,1.25,56200,1.541015625,0,69,351,52,35,5,0,0,40,10,16,1.9609375,251.0,0.0,True,False
512,4 4 32,128,16.0,11,1.25,56400,1.541015625,0,69,351,52,35,5,0,0,40,10,16,1.9609375,251.0,0.0,True,False
512,4 4 32,128,16.0,11,1.25,56600,1.541015625,0,69,351,52,35,5,0,0,40,10,16,1.9609375,251.0,0.0,True,False
512,4 4 32,128,16.0,11,1.25,56800,1.541015625,0,69,351,52,35,5,0,0,40,10,16,1.9609375,251.0,0.0,True,False
512,4 4 32,128,16.0,11,1.25,57000,1.541015625,0,69,351,52,35,5,0,0,40,10,16,1.9609375,251.0,0.0,True,False
512,4 4 32,128,16.0,11,1.25,57200,1.537109375,0,65,351,52,39,5,0,0,44,11,16,1.9765625,253.0,0.0,True,False
512,4 4 32,128,16.0,11,1.25,57400,1.51953125,0,82,342,54,30,4,0,0,34,7,16,2.046875,262.0,0.0,True,False
512,4 4 32,128,16.0,11,1.25,57600,1.51953125,0,82,342,54,30,4,0,0,34,7,16,2.046875,262.0,0.0,True,False
512,4 4 32,128,16.0,11,1.25,57800,1.51953125,0,72,346,56,34,4,0,0,38,9,16,2.046875,262.0,0.0,True,False
512,4 4 32,128,16.0,11,1.25,58000,1.47265625,0,68,362,52,26,4,0,0,30,9,16,2.234375,286.0,0.0,True,False
512,4 4 32,128,16.0,11,1.25,58200,1.46875,0,59,368,51,34,0,0,0,34,7,17,2.25,288.0,0.0,True,False
512,4 4 32,128,16.0,11,1.25,58400,1.46875,0,71,360,51,30,0,0,0,30,7,17,2.25,288.0,0.0,True,False
512,4 4 32,128,16.0,11,1.25,58600,1.46875,0,71,360,51,30,0,0,0,30,7,17,2.25,288.0,0.0,True,False
512,4 4 32,128,16.0,11,1.25,58800,1.46875,0,71,360,51,30,0,0,0,30,7,17,2.25,288.0,0.0,True,False
512,4 4 32,128,16.0,11,1.25,59000,1.48828125,0,71,358,55,28,0,0,0,28,7,17,2.171875,278.0,0.0,True,False
512,4 4 32,128,16.0,11,1.25,59200,1.48828125,0,59,366,55,32,0,0,0,32,7,17,2.171875,278.0,0.0,True,False
512,4 4 32,128,16.0,11,1.25,59400,1.48828125,0,59,366,55,32,0,0,0,32,7,17,2.171875,278.0,0.0,True,False
512,4 4 32,128,16.0,11,1.25,59600,1.4375,0,86,350,50,26,0,0,0,26,7,16,2.375,304.0,0.0,True,False
512,4 4 32,128,16.0,11,1.25,59800,1.46875,0,72,358,52,30,0,0,0,30,9,16,2.25,288.0,0.0,True,False
512,4 4 32,128,16.0,11,1.25,60000,1.46484375,0,86,338,58,30,0,0,0,30,11,16,2.265625,290.0,0.0,True,False
512,4 4 32,128,16.0,11,1.25,60200,1.46484375,0,86,338,58,30,0,0,0,30,11,16,2.265625,290.0,0.0,True,False
512,4 4 32,128,16.0,11,1.25,60400,1.48046875,0,86,330,62,34,0,0,0,34,12,18,2.203125,282.0,0.0,True,False
512,4 4 32,128,16.0,11,1.25,60600,1.46484375,0,86,338,58,30,0,0,0,30,11,16,2.265625,290.0,0.0,True,False
512,4 4 32,128,16.0,11,1.25,60800,1.46484375,0,86,338,58,30,0,0,0,30,11,16,2.265625,290.0,0.0,True,False
512,4 4 32,128,16.0,11,1.25,61000,1.46484375,0,86,338,58,30,0,0,0,30,11,16,2.265625,290.0,0.0,True,False
512,4 4 32,128,16.0,11,1.25,61200,1.490234375,0,86,332,58,36,0,0,0,36,13,16,2.1640625,277.0,0.0,True,False
512,4 4 32,128,16.0,11,1.25,61400,1.490234375,0,86,332,58,36,0,0,0,36,13,16,2.1640625,277.0,0.0,True,False
512,4 4 32,128,16.0,11,1.25,61600,1.462890625,0,86,344,50,32,0,0,0,32,9,16,2.2734375,291.0,0.0,True,False
512,4 4 32,128,16.0,11,1.25,61800,1.462890625,0,74,352,50,36,0,0,0,36,9,16,2.2734375,291.0,0.0,True,False
512,4 4 32,128,16.0,11,1.25,62000,1.462890625,0,74,352,50,36,0,0,0,36,9,16,2.2734375,291.0,0.0,True,False
512,4 4 32,128,16.0,11,1.25,62200,1.462890625,0,74,352,50,36,0,0,0,36,9,16,2.2734375,291.0,0.0,True,False
512,4 4 32,128,16.0,11,1.25,62400,1.439453125,0,51,366,59,36,0,0,0,36,8,20,2.3671875,303.0,0.0,True,False
512,4 4 32,128,16.0,11,1.25,62600,1.455078125,0,51,354,71,36,0,0,0,36,11,24,2.3046875,295.0,0.0,True,False
512,4 4 32,128,16.0,11,1.25,62800,1.470703125,0,43,346,79,44,0,0,0,44,12,30,2.2421875,287.0,0.0,True,False
512,4 4 32,128,16.0,11,1.25,63000,1.443359375,0,43,358,71,40,0,0,0,40,9,30,2.3515625,301.0,0.0,True,False
512,4 4 32,128,16.0,11,1.25,63200,1.470703125,0,35,360,76,40,1,0,0,41,9,36,2.2421875,287.0,0.0,True,False
512,4 4 32,128,16.0,11,1.25,63400,1.458984375,0,35,360,80,36,1,0,0,37,8,42,2.2890625,293.0,0.0,True,False
512,4 4 32,128,16.0,11,1.25,63600,1.458984375,0,35,360,80,36,1,0,0,37,8,42,2.2890625,293.0,0.0,True,False
512,4 4 32,128,16.0,11,1.25,63800,1.46484375,0,32,360,78,40,2,0,0,42,8,40,2.265625,290.0,0.0,True,False
512,4 4 32,128,16.0,11,1.25,64000,1.46484375,0,32,360,78,40,2,0,0,42,8,40,2.265625,290.0,0.0,True,False
512,4 4 32,128,16.0,11,1.25,64200,1.458984375,0,35,360,80,36,1,0,0,37,8,42,2.2890625,293.0,0.0,True,False
512,4 4 32,128,16.0,11,1.25,64400,1.458984375,0,35,360,80,36,1,0,0,37,8,42,2.2890625,293.0,0.0,True,False
512,4 4 32,128,16.0,11,1.25,64600,1.43359375,0,35,366,80,30,1,0,0,31,6,42,2.390625,306.0,0.0,True,False
512,4 4 32,128,16.0,11,1.25,64800,1.43359375,0,35,366,80,30,1,0,0,31,6,42,2.390625,306.0,0.0,True,False
512,4 4 32,128,16.0,11,1.25,65000,1.43359375,0,35,366,80,30,1,0,0,31,6,42,2.390625,306.0,0.0,True,False
512,4 4 32,128,16.0,11,1.25,65200,1.455078125,0,32,358,82,38,2,0,0,40,7,38,2.3046875,295.0,0.0,True,False
512,4 4 32,128,16.0,11,1.25,65400,1.41015625,0,33,366,74,38,1,0,0,39,7,30,2.484375,318.0,0.0,True,False
512,4 4 32,128,16.0,11,1.25,65600,1.439453125,0,29,354,90,38,1,0,0,39,7,36,2.3671875,303.0,0.0,True,False
512,4 4 32,128,16.0,11,1.25,65800,1.447265625,0,25,350,94,42,1,0,0,43,11,36,2.3359375,299.0,0.0,True,False
512,4 4 32,128,16.0,11,1.25,66000,1.447265625,0,25,350,94,42,1,0,0,43,11,36,2.3359375,299.0,0.0,True,False
512,4 4 32,128,16.0,11,1.25,66200,1.443359375,0,25,358,86,42,1,0,0,43,11,28,2.3515625,301.0,0.0,True,False
512,4 4 32,128,16.0,11,1.25,66400,1.443359375,0,25,358,86,42,1,0,0,43,11,28,2.3515625,301.0,0.0,True,False
512,4 4 32,128,16.0,11,1.25,66600,1.427734375,0,25,366,82,38,1,0,0,39,11,28,2.4140625,309.0,0.0,True,False
512,4 4 32,128,16.0,11,1.25,66800,1.431640625,0,29,366,82,34,1,0,0,35,10,28,2.3984375,307.0,0.0,True,False
512,4 4 32,128,16.0,11,1.25,67000,1.431640625,0,29,366,82,34,1,0,0,35,10,28,2.3984375,307.0,0.0,True,False
512,4 4 32,128,16.0,11,1.25,67200,1.396484375,0,33,382,70,26,1,0,0,27,6,28,2.5390625,325.0,0.0,True,False
512,4 4 32,128,16.0,11,1.25,67400,1.396484375,0,33,382,70,26,1,0,0,27,6,28,2.5390625,325.0,0.0,True,False
512,4 4 32,128,16.0,11,1.25,67600,1.396484375,0,33,382,70,26,1,0,0,27,6,28,2.5390625,325.0,0.0,True,False
512,4 4 32,128,16.0,11,1.25,67800,1.396484375,0,33,382,70,26,1,0,0,27,6,28,2.5390625,325.0,0.0,True,False
512,4 4 32,128,16.0,11,1.25,68000,1.396484375,0,33,382,70,26,1,0,0,27,6,28,2.5390625,325.0,0.0,True,False
512,4 4 32,128,16.0,11,1.25,68200,1.3515625,0,33,394,58,26,1,0,0,27,6,20,2.71875,348.0,0.0,True,False
512,4 4 32,128,16.0,11,1.25,68400,1.4140625,0,29,370,70,42,1,0,0,43,15,16,2.46875,316.0,0.0,True,False
512,4 4 32,128,16.0,11,1.25,68600,1.44921875,0,22,362,77,49,1,1,0,51,13,22,2.328125,298.0,0.0,True,False
512,4 4 32,128,16.0,11,1.25,68800,1.44921875,0,22,362,77,49,1,1,0,51,13,22,2.328125,298.0,0.0,True,False
512,4 4 32,128,16.0,11,1.25,69000,1.4296875,0,29,362,74,46,1,0,0,47,12,22,2.40625,308.0,0.0,True,False
512,4 4 32,128,16.0,11,1.25,69200,1.4140625,0,29,370,70,42,1,0,0,43,12,20,2.46875,316.0,0.0,True,False
512,4 4 32,128,16.0,11,1.25,69400,1.4140625,0,29,370,70,42,1,0,0,43,12,20,2.46875,316.0,0.0,True,False
512,4 4 32,128,16.0,11,1.25,69600,1.40234375,0,29,370,74,38,1,0,0,39,11,26,2.515625,322.0,0.0,True,False
512,4 4 32,128,16.0,11,1.25,69800,1.40234375,0,29,370,74,38,1,0,0,39,12,18,2.515625,322.0,0.0,True,False
512,4 4 32,128,16.0,11,1.25,70000,1.40234375,0,29,370,74,38,1,0,0,39,12,18,2.515625,322.0,0.0,True,False
512,4 4 32,128,16.0,11,1.25,70200,1.4140625,0,29,370,70,42,1,0,0,43,14,16,2.46875,316.0,0.0,True,False
512,4 4 32,128,16.0,11,1.25,70400,1.44140625,0,29,358,78,46,1,0,0,47,16,16,2.359375,302.0,0.0,True,False
512,4 4 32,128,16.0,11,1.25,70600,1.4375,0,29,358,86,38,1,0,0,39,14,24,2.375,304.0,0.0,True,False
512,4 4 32,128,16.0,11,1.25,70800,1.4296875,0,39,356,75,42,0,0,0,42,14,17,2.40625,308.0,0.0,True,False
512,4 4 32,128,16.0,11,1.25,71000,1.4453125,0,39,348,79,46,0,0,0,46,11,17,2.34375,300.0,0.0,True,False
512,4 4 32,128,16.0,11,1.25,71200,1.4296875,0,39,356,75,42,0,0,0,42,11,17,2.40625,308.0,0.0,True,False
512,4 4 32,128,16.0,11,1.25,71400,1.4140625,0,39,364,71,38,0,0,0,38,12,17,2.46875,316.0,0.0,True,False
512,4 4 32,128,16.0,11,1.25,71600,1.4140625,0,39,364,71,38,0,0,0,38,12,17,2.46875,316.0,0.0,True,False
512,4 4 32,128,16.0,11,1.25,71800,1.4296875,0,39,356,75,42,0,0,0,42,13,17,2.40625,308.0,0.0,True,False
512,4 4 32,128,16.0,11,1.25,72000,1.4296875,0,39,356,75,42,0,0,0,42,13,17,2.40625,308.0,0.0,True,False
512,4 4 32,128,16.0,11,1.25,72200,1.4140625,0,39,364,71,38,0,0,0,38,12,17,2.46875,316.0,0.0,True,False
512,4 4 32,128,16.0,11,1.25,72400,1.4140625,0,29,370,70,42,1,0,0,43,12,16,2.46875,316.0,0.0,True,False
512,4 4 32,128,16.0,11,1.25,72600,1.4296875,0,39,356,75,42,0,0,0,42,11,20,2.40625,308.0,0.0,True,False
512,4 4 32,128,16.0,11,1.25,72800,1.4296875,0,39,356,75,42,0,0,0,42,11,20,2.40625,308.0,0.0,True,False
512,4 4 32,128,16.0,11,1.25,73000,1.44140625,0,39,352,79,42,0,0,0,42,17,20,2.359375,302.0,0.0,True,False
512,4 4 32,128,16.0,11,1.25,73200,1.4140625,0,39,364,71,38,0,0,0,38,14,20,2.46875,316.0,0.0,True,False
512,4 4 32,128,16.0,11,1.25,73400,1.4296875,0,29,362,74,46,1,0,0,47,14,24,2.40625,308.0,0.0,True,False
512,4 4 32,128,16.0,11,1.25,73600,1.4453125,0,29,350,86,46,1,0,0,47,15,26,2.34375,300.0,0.0,True,False
512,4 4 32,128,16.0,11,1.25,73800,1.4453125,0,29,350,86,46,1,0,0,47,15,26,2.34375,300.0,0.0,True,False
512,4 4 32,128,16.0,11,1.25,74000,1.4609375,0,29,342,90,50,1,0,0,51,16,22,2.28125,292.0,0.0,True,False
512,4 4 32,128,16.0,11,1.25,74200,1.4609375,0,29,342,90,50,1,0,0,51,16,22,2.28125,292.0,0.0,True,False
512,4 4 32,128,16.0,11,1.25,74400,1.4296875,0,29,358,82,42,1,0,0,43,16,22,2.40625,308.0,0.0,True,False
512,4 4 32,128,16.0,11,1.25,74600,1.4140625,0,29,366,78,38,1,0,0,39,17,18,2.46875,316.0,0.0,True,False
512,4 4 32,128,16.0,11,1.25,74800,1.3828125,0,25,378,70,38,1,0,0,39,14,18,2.59375,332.0,0.0,True,False
512,4 4 32,128,16.0,11,1.25,75000,1.3828125,0,25,378,70,38,1,0,0,39,14,18,2.59375,332.0,0.0,True,False
512,4 4 32,128,16.0,11,1.25,75200,1.3828125,0,25,378,70,38,1,0,0,39,14,18,2.59375,332.0,0.0,True,False
512,4 4 32,128,16.0,11,1.25,75400,1.3828125,0,25,378,70,38,1,0,0,39,14,18,2.59375,332.0,0.0,True,False
512,4 4 32,128,16.0,11,1.25,75600,1.3828125,0,25,378,70,38,1,0,0,39,14,18,2.59375,332.0,0.0,True,False
512,4 4 32,128,16.0,11,1.25,75800,1.3828125,0,25,378,70,38,1,0,0,39,14,18,2.59375,332.0,0.0,True,False
512,4 4 32,128,16.0,11,1.25,76000,1.41015625,0,25,366,78,42,1,0,0,43,14,22,2.484375,318.0,0.0,True,False
512,4 4 32,128,16.0,11,1.25,76200,1.4375,0,25,354,86,46,1,0,0,47,15,22,2.375,304.0,0.0,True,False
512,4 4 32,128,16.0,11,1.25,76400,1.4296875,0,29,358,82,42,1,0,0,43,14,22,2.40625,308.0,0.0,True,False
512,4 4 32,128,16.0,11,1.25,76600,1.4296875,0,29,358,82,42,1,0,0,43,14,22,2.40625,308.0,0.0,True,False
512,4 4 32,128,16.0,11,1.25,76800,1.41015625,0,25,366,78,42,1,0,0,43,14,22,2.484375,318.0,0.0,True,False
512,4 4 32,128,16.0,11,1.25,77000,1.40234375,0,29,370,74,38,1,0,0,39,13,22,2.515625,322.0,0.0,True,False
512,4 4 32,128,16.0,11,1.25,77200,1.4140625,0,25,362,78,46,1,0,0,47,14,22,2.46875,316.0,0.0,True,False
512,4 4 32,128,16.0,11,1.25,77400,1.390625,0,25,378,74,34,1,0,0,35,9,22,2.5625,328.0,0.0,True,False
512,4 4 32,128,16.0,11,1.25,77600,1.40625,0,25,370,78,38,1,0,0,39,9,26,2.5,320.0,0.0,True,False
512,4 4 32,128,16.0,11,1.25,77800,1.412109375,0,25,376,74,36,1,0,0,37,10,20,2.4765625,317.0,0.0,True,False
512,4 4 32,128,16.0,11,1.25,78000,1.412109375,0,25,376,74,36,1,0,0,37,10,20,2.4765625,317.0,0.0,True,False
512,4 4 32,128,16.0,11,1.25,78200,1.392578125,0,25,380,66,40,1,0,0,41,13,20,2.5546875,327.0,0.0,True,False
512,4 4 32,128,16.0,11,1.25,78400,1.392578125,0,25,380,66,40,1,0,0,41,13,20,2.5546875,327.0,0.0,True,False
512,4 4 32,128,16.0,11,1.25,78600,1.38671875,0,25,374,70,42,1,0,0,43,12,26,2.578125,330.0,0.0,True,False
512,4 4 32,128,16.0,11,1.25,78800,1.38671875,0,25,374,70,42,1,0,0,43,12,26,2.578125,330.0,0.0,True,False
512,4 4 32,128,16.0,11,1.25,79000,1.38671875,0,25,374,70,42,1,0,0,43,12,26,2.578125,330.0,0.0,True,False
512,4 4 32,128,16.0,11,1.25,79200,1.4453125,0,25,362,74,50,1,0,0,51,15,22,2.34375,300.0,0.0,True,False
512,4 4 32,128,16.0,11,1.25,79400,1.3984375,0,25,370,74,42,1,0,0,43,15,20,2.53125,324.0,0.0,True,False
512,4 4 32,128,16.0,11,1.25,79600,1.4140625,0,25,362,78,46,1,0,0,47,15,20,2.46875,316.0,0.0,True,False
512,4 4 32,128,16.0,11,1.25,79800,1.4140625,0,25,362,78,46,1,0,0,47,15,20,2.46875,316.0,0.0,True,False
512,4 4 32,128,16.0,11,1.25,80000,1.3984375,0,25,370,74,42,1,0,0,43,16,20,2.53125,324.0,0.0,True,False
512,4 4 32,128,16.0,11,1.25,80200,1.40234375,0,29,370,74,38,1,0,0,39,16,20,2.515625,322.0,0.0,True,False
512,4 4 32,128,16.0,11,1.25,80400,1.38671875,0,29,378,70,34,1,0,0,35,15,20,2.578125,330.0,0.0,True,False
512,4 4 32,128,16.0,11,1.25,80600,1.359375,0,29,390,62,30,1,0,0,31,11,20,2.6875,344.0,0.0,True,False
512,4 4 32,128,16.0,11,1.25,80800,1.3828125,0,25,378,70,38,1,0,0,39,12,22,2.59375,332.0,0.0,True,False
512,4 4 32,128,16.0,11,1.25,81000,1.3828125,0,25,378,70,38,1,0,0,39,12,22,2.59375,332.0,0.0,True,False
512,4 4 32,128,16.0,11,1.25,81200,1.3984375,0,25,370,74,42,1,0,0,43,12,22,2.53125,324.0,0.0,True,False
512,4 4 32,128,16.0,11,1.25,81400,1.35546875,0,25,390,62,34,1,0,0,35,11,20,2.703125,346.0,0.0,True,False
512,4 4 32,128,16.0,11,1.25,81600,1.37109375,0,25,382,66,38,1,0,0,39,11,24,2.640625,338.0,0.0,True,False
512,4 4 32,128,16.0,11,1.25,81800,1.37109375,0,25,382,66,38,1,0,0,39,11,24,2.640625,338.0,0.0,True,False
512,4 4 32,128,16.0,11,1.25,82000,1.44140625,0,26,362,81,41,1,1,0,43,15,28,2.359375,302.0,0.0,True,False
512,4 4 32,128,16.0,11,1.25,82200,1.375,0,29,382,66,34,1,0,0,35,10,24,2.625,336.0,0.0,True,False
512,4 4 32,128,16.0,11,1.25,82400,1.375,0,29,382,66,34,1,0,0,35,10,24,2.625,336.0,0.0,True,False
512,4 4 32,128,16.0,11,1.25,82600,1.390625,0,29,374,70,38,1,0,0,39,10,28,2.5625,328.0,0.0,True,False
512,4 4 32,128,16.0,11,1.25,82800,1.37890625,0,29,378,66,38,1,0,0,39,8,30,2.609375,334.0,0.0,True,False
512,4 4 32,128,16.0,11,1.25,83000,1.375,0,25,378,66,42,1,0,0,43,8,30,2.625,336.0,0.0,True,False
512,4 4 32,128,16.0,11,1.25,83200,1.3828125,0,33,378,66,34,1,0,0,35,8,30,2.59375,332.0,0.0,True,False
512,4 4 32,128,16.0,11,1.25,83400,1.3828125,0,33,378,66,34,1,0,0,35,8,30,2.59375,332.0,0.0,True,False
512,4 4 32,128,16.0,11,1.25,83600,1.3828125,0,33,378,66,34,1,0,0,35,8,30,2.59375,332.0,0.0,True,False
512,4 4 32,128,16.0,11,1.25,83800,1.3828125,0,33,378,66,34,1,0,0,35,8,30,2.59375,332.0,0.0,True,False
512,4 4 32,128,16.0,11,1.25,84000,1.3828125,0,33,378,66,34,1,0,0,35,8,30,2.59375,332.0,0.0,True,False
512,4 4 32,128,16.0,11,1.25,84200,1.408203125,0,33,372,66,40,1,0,0,41,9,30,2.4921875,319.0,0.0,True,False
512,4 4 32,128,16.0,11,1.25,84400,1.408203125,0,33,372,66,40,1,0,0,41,9,30,2.4921875,319.0,0.0,True,False
512,4 4 32,128,16.0,11,1.25,84600,1.40625,0,33,370,74,34,1,0,0,35,8,30,2.5,320.0,0.0,True,False
512,4 4 32,128,16.0,11,1.25,84800,1.40625,0,33,370,74,34,1,0,0,35,8,30,2.5,320.0,0.0,True,False
512,4 4 32,128,16.0,11,1.25,85000,1.40625,0,33,370,74,34,1,0,0,35,8,30,2.5,320.0,0.0,True,False
512,4 4 32,128,16.0,11,1.25,85200,1.40234375,0,29,370,74,38,1,0,0,39,8,30,2.515625,322.0,0.0,True,False
512,4 4 32,128,16.0,11,1.25,85400,1.3984375,0,25,370,74,42,1,0,0,43,8,30,2.53125,324.0,0.0,True,False
512,4 4 32,128,16.0,11,1.25,85600,1.400390625,0,25,372,66,48,1,0,0,49,9,30,2.5234375,323.0,0.0,True,False
512,4 4 32,128,16.0,11,1.25,85800,1.443359375,0,25,352,78,56,1,0,0,57,12,36,2.3515625,301.0,0.0,True,False
512,4 4 32,128,16.0,11,1.25,86000,1.359375,0,25,386,62,38,1,0,0,39,8,26,2.6875,344.0,0.0,True,False
512,4 4 32,128,16.0,11,1.25,86200,1.359375,0,25,386,62,38,1,0,0,39,8,26,2.6875,344.0,0.0,True,False
512,4 4 32,128,16.0,11,1.25,86400,1.37109375,0,25,382,66,38,1,0,0,39,11,24,2.640625,338.0,0.0,True,False
512,4 4 32,128,16.0,11,1.25,86600,1.37109375,0,25,382,66,38,1,0,0,39,11,24,2.640625,338.0,0.0,True,False
512,4 4 32,128,16.0,11,1.25,86800,1.34375,0,25,394,58,34,1,0,0,35,7,24,2.75,352.0,0.0,True,False
512,4 4 32,128,16.0,11,1.25,87000,1.37109375,0,25,382,66,38,1,0,0,39,10,24,2.640625,338.0,0.0,True,False
512,4 4 32,128,16.0,11,1.25,87200,1.37109375,0,25,382,66,38,1,0,0,39,10,24,2.640625,338.0,0.0,True,False
512,4 4 32,128,16.0,11,1.25,87400,1.384765625,0,24,381,63,43,1,0,0,44,13,24,2.5859375,331.0,0.0,True,False
512,4 4 32,128,16.0,11,1.25,87600,1.427734375,0,24,361,75,51,1,0,0,52,17,28,2.4140625,309.0,0.0,True,False
512,4 4 32,128,16.0,11,1.25,87800,1.373046875,0,24,385,59,43,1,0,0,44,10,28,2.6328125,337.0,0.0,True,False
512,4 4 32,128,16.0,11,1.25,88000,1.373046875,0,24,385,59,43,1,0,0,44,10,28,2.6328125,337.0,0.0,True,False
512,4 4 32,128,16.0,11,1.25,88200,1.400390625,0,24,373,67,47,1,0,0,48,13,28,2.5234375,323.0,0.0,True,False
512,4 4 32,128,16.0,11,1.25,88400,1.412109375,0,24,369,71,47,1,0,0,48,16,24,2.4765625,317.0,0.0,True,False
512,4 4 32,128,16.0,11,1.25,88600,1.412109375,0,24,369,71,47,1,0,0,48,17,24,2.4765625,317.0,0.0,True,False
512,4 4 32,128,16.0,11,1.25,88800,1.396484375,0,20,385,63,43,1,0,0,44,17,16,2.5390625,325.0,0.0,True,False
512,4 4 32,128,16.0,11,1.25,89000,1.423828125,0,20,373,71,47,1,0,0,48,20,16,2.4296875,311.0,0.0,True,False
512,4 4 32,128,16.0,11,1.25,89200,1.41015625,0,21,374,74,42,1,0,0,43,17,16,2.484375,318.0,0.0,True,False
512,4 4 32,128,16.0,11,1.25,89400,1.39453125,0,25,374,74,38,1,0,0,39,17,16,2.546875,326.0,0.0,True,False
512,4 4 32,128,16.0,11,1.25,89600,1.3671875,0,25,386,66,34,1,0,0,35,14,16,2.65625,340.0,0.0,True,False
512,4 4 32,128,16.0,11,1.25,89800,1.359375,0,25,396,62,28,1,0,0,29,10,16,2.6875,344.0,0.0,True,False
512,4 4 32,128,16.0,11,1.25,90000,1.41796875,0,16,386,69,40,1,0,0,41,15,18,2.453125,314.0,0.0,True,False
512,4 4 32,128,16.0,11,1.25,90200,1.41796875,0,16,386,69,40,1,0,0,41,15,18,2.453125,314.0,0.0,True,False
512,4 4 32,128,16.0,11,1.25,90400,1.41796875,0,16,386,69,40,1,0,0,41,15,18,2.453125,314.0,0.0,True,False
512,4 4 32,128,16.0,11,1.25,90600,1.38671875,0,25,384,70,32,1,0,0,33,13,18,2.578125,330.0,0.0,True,False
512,4 4 32,128,16.0,11,1.25,90800,1.38671875,0,25,384,70,32,1,0,0,33,13,18,2.578125,330.0,0.0,True,False
512,4 4 32,128,16.0,11,1.25,91000,1.38671875,0,25,384,70,32,1,0,0,33,13,18,2.578125,330.0,0.0,True,False
512,4 4 32,128,16.0,11,1.25,91200,1.359375,0,25,396,62,28,1,0,0,29,10,16,2.6875,344.0,0.0,True,False
512,4 4 32,128,16.0,11,1.25,91400,1.412109375,0,25,378,70,38,1,0,0,39,14,18,2.4765625,317.0,0.0,True,False
512,4 4 32,128,16.0,11,1.25,91600,1.412109375,0,25,378,70,38,1,0,0,39,14,18,2.4765625,317.0,0.0,True,False
512,4 4 32,128,16.0,11,1.25,91800,1.412109375,0,25,378,70,38,1,0,0,39,14,18,2.4765625,317.0,0.0,True,False
512,4 4 32,128,16.0,11,1.25,92000,1.439453125,0,20,378,70,42,2,0,0,44,16,16,2.3671875,303.0,0.0,True,False
512,4 4 32,128,16.0,11,1.25,92200,1.412109375,0,20,390,62,38,2,0,0,40,13,16,2.4765625,317.0,0.0,True,False
512,4 4 32,128,16.0,11,1.25,92400,1.41015625,0,21,393,58,37,3,0,0,40,13,16,2.484375,318.0,0.0,True,False
512,4 4 32,128,16.0,11,1.25,92600,1.3828125,0,21,405,50,33,3,0,0,36,10,16,2.59375,332.0,0.0,True,False
512,4 4 32,128,16.0,11,1.25,92800,1.376953125,0,25,403,54,27,3,0,0,30,9,20,2.6171875,335.0,0.0,True,False
512,4 4 32,128,16.0,11,1.25,93000,1.404296875,0,20,401,57,31,3,0,0,34,11,20,2.5078125,321.0,0.0,True,False
512,4 4 32,128,16.0,11,1.25,93200,1.404296875,0,20,401,57,31,3,0,0,34,11,20,2.5078125,321.0,0.0,True,False
512,4 4 32,128,16.0,11,1.25,93400,1.431640625,0,20,389,65,35,3,0,0,38,14,20,2.3984375,307.0,0.0,True,False
512,4 4 32,128,16.0,11,1.25,93600,1.431640625,0,20,389,65,35,3,0,0,38,14,20,2.3984375,307.0,0.0,True,False
512,4 4 32,128,16.0,11,1.25,93800,1.431640625,0,20,389,65,35,3,0,0,38,14,20,2.3984375,307.0,0.0,True,False
512,4 4 32,128,16.0,11,1.25,94000,1.384765625,0,25,393,58,33,3,0,0,36,12,20,2.5859375,331.0,0.0,True,False
512,4 4 32,128,16.0,11,1.25,94200,1.353515625,0,21,405,50,33,3,0,0,36,9,20,2.7109375,347.0,0.0,True,False
512,4 4 32,128,16.0,11,1.25,94400,1.408203125,0,23,385,72,29,3,0,0,32,13,34,2.4921875,319.0,0.0,True,False
512,4 4 32,128,16.0,11,1.25,94600,1.3828125,0,24,386,76,26,0,0,0,26,11,34,2.59375,332.0,0.0,True,False
512,4 4 32,128,16.0,11,1.25,94800,1.33203125,0,26,406,54,26,0,0,0,26,7,20,2.796875,358.0,0.0,True,False
512,4 4 32,128,16.0,11,1.25,95000,1.359375,0,26,394,62,30,0,0,0,30,11,20,2.6875,344.0,0.0,True,False
512,4 4 32,128,16.0,11,1.25,95200,1.35546875,0,22,394,62,34,0,0,0,34,11,20,2.703125,346.0,0.0,True,False
512,4 4 32,128,16.0,11,1.25,95400,1.328125,0,22,406,54,30,0,0,0,30,7,20,2.8125,360.0,0.0,True,False
512,4 4 32,128,16.0,11,1.25,95600,1.33984375,0,22,402,58,30,0,0,0,30,10,16,2.765625,354.0,0.0,True,False
512,4 4 32,128,16.0,11,1.25,95800,1.33984375,0,22,402,58,30,0,0,0,30,10,16,2.765625,354.0,0.0,True,False
512,4 4 32,128,16.0,11,1.25,96000,1.37890625,0,22,400,62,28,0,0,0,28,10,22,2.609375,334.0,0.0,True,False
512,4 4 32,128,16.0,11,1.25,96200,1.400390625,0,16,380,76,40,0,0,0,40,13,22,2.5234375,323.0,0.0,True,False
512,4 4 32,128,16.0,11,1.25,96400,1.375,0,16,388,72,36,0,0,0,36,15,20,2.625,336.0,0.0,True,False
512,4 4 32,128,16.0,11,1.25,96600,1.3359375,0,16,390,68,38,0,0,0,38,15,16,2.78125,356.0,0.0,True,False
512,4 4 32,128,16.0,11,1.25,96800,1.36328125,0,16,378,76,42,0,0,0,42,18,16,2.671875,342.0,0.0,True,False
512,4 4 32,128,16.0,11,1.25,97000,1.3359375,0,16,390,68,38,0,0,0,38,14,16,2.78125,356.0,0.0,True,False
512,4 4 32,128,16.0,11,1.25,97200,1.36328125,0,16,378,76,42,0,0,0,42,15,18,2.671875,342.0,0.0,True,False
512,4 4 32,128,16.0,11,1.25,97400,1.3359375,0,16,370,88,38,0,0,0,38,12,42,2.78125,356.0,0.0,True,False
512,4 4 32,128,16.0,11,1.25,97600,1.3359375,0,16,370,88,38,0,0,0,38,12,42,2.78125,356.0,0.0,True,False
512,4 4 32,128,16.0,11,1.25,97800,1.3359375,0,16,370,88,38,0,0,0,38,12,42,2.78125,356.0,0.0,True,False
512,4 4 32,128,16.0,11,1.25,98000,1.3359375,0,16,370,88,38,0,0,0,38,12,42,2.78125,356.0,0.0,True,False
512,4 4 32,128,16.0,11,1.25,98200,1.3515625,0,16,362,92,42,0,0,0,42,13,42,2.71875,348.0,0.0,True,False
512,4 4 32,128,16.0,11,1.25,98400,1.3359375,0,16,370,88,38,0,0,0,38,14,42,2.78125,356.0,0.0,True,False
512,4 4 32,128,16.0,11,1.25,98600,1.30859375,0,16,382,80,34,0,0,0,34,11,40,2.890625,370.0,0.0,True,False
512,4 4 32,128,16.0,11,1.25,98800,1.31640625,0,12,378,84,38,0,0,0,38,11,44,2.859375,366.0,0.0,True,False
512,4 4 32,128,16.0,11,1.25,99000,1.30859375,0,16,382,80,34,0,0,0,34,11,40,2.890625,370.0,0.0,True,False
512,4 4 32,128,16.0,11,1.25,99200,1.33203125,0,12,370,88,42,0,0,0,42,14,40,2.796875,358.0,0.0,True,False
512,4 4 32,128,16.0,11,1.25,99400,1.3515625,0,12,366,96,38,0,0,0,38,11,40,2.71875,348.0,0.0,True,False
512,4 4 32,128,16.0,11,1.25,99600,1.30859375,0,8,382,84,38,0,0,0,38,17,38,2.890625,370.0,0.0,True,False
512,4 4 32,128,16.0,11,1.25,99800,1.28125,0,8,394,76,34,0,0,0,34,13,38,3.0,384.0,0.0,True,False
512,4 4 32,128,16.0,11,1.25,100000,1.28125,0,8,394,76,34,0,0,0,34,13,38,3.0,384.0,0.0,True,True
