N,dims,C,spark,replica,lam,sweep,h_per_vertex,d0,d1,d2,d3,d4,d5,d6,d7,melted,pieces_flat,largest_flat,bath_T,total,drift,left,final
288,4 4 18,576,16.0,0,1.25,0,2.0,0,288,0,0,0,0,0,0,0,0,0,0.027777777777777776,16.0,0.0,False,False
288,4 4 18,576,16.0,0,1.25,200,2.0555555555555554,0,272,12,0,4,0,0,0,4,0,0,0.0,0.0,0.0,True,False
288,4 4 18,576,16.0,0,1.25,400,2.0555555555555554,0,260,20,0,8,0,0,0,8,0,0,0.0,0.0,0.0,True,False
288,4 4 18,576,16.0,0,1.25,600,2.0555555555555554,0,260,20,0,8,0,0,0,8,0,0,0.0,0.0,0.0,True,False
288,4 4 18,576,16.0,0,1.25,800,2.0555555555555554,0,260,20,0,8,0,0,0,8,0,0,0.0,0.0,0.0,True,False
288,4 4 18,576,16.0,0,1.25,1000,2.0555555555555554,0,224,44,0,20,0,0,0,20,0,0,0.0,0.0,0.0,True,False
288,4 4 18,576,16.0,0,1.25,1200,2.0555555555555554,0,236,36,0,16,0,0,0,16,0,0,0.0,0.0,0.0,True,False
288,4 4 18,576,16.0,0,1.25,1400,2.0555555555555554,0,236,36,0,16,0,0,0,16,0,0,0.0,0.0,0.0,True,False
288,4 4 18,576,16.0,0,1.25,1600,2.0555555555555554,0,224,44,0,20,0,0,0,20,0,0,0.0,0.0,0.0,True,False
288,4 4 18,576,16.0,0,1.25,1800,2.0555555555555554,0,224,44,0,20,0,0,0,20,0,0,0.0,0.0,0.0,True,False
288,4 4 18,576,16.0,0,1.25,2000,2.0347222222222223,0,224,44,4,16,0,0,0,16,2,2,0.010416666666666666,6.0,0.0,True,False
288,4 4 18,576,16.0,0,1.25,2200,2.0347222222222223,0,224,44,4,16,0,0,0,16,2,2,0.010416666666666666,6.0,0.0,True,False
288,4 4 18,576,16.0,0,1.25,2400,2.0347222222222223,0,224,44,4,16,0,0,0,16,2,2,0.010416666666666666,6.0,0.0,True,False
288,4 4 18,576,16.0,0,1.25,2600,2.0347222222222223,0,224,44,4,16,0,0,0,16,2,2,0.010416666666666666,6.0,0.0,True,False
288,4 4 18,576,16.0,0,1.25,2800,2.0347222222222223,0,224,44,4,16,0,0,0,16,2,2,0.010416666666666666,6.0,0.0,True,False
288,4 4 18,576,16.0,0,1.25,3000,2.0347222222222223,0,212,52,4,20,0,0,0,20,2,2,0.010416666666666666,6.0,0.0,True,False
288,4 4 18,576,16.0,0,1.25,3200,2.0347222222222223,0,212,52,4,20,0,0,0,20,2,2,0.010416666666666666,6.0,0.0,True,False
288,4 4 18,576,16.0,0,1.25,3400,2.0347222222222223,0,224,44,4,16,0,0,0,16,2,2,0.010416666666666666,6.0,0.0,True,False
288,4 4 18,576,16.0,0,1.25,3600,2.0347222222222223,0,188,68,4,28,0,0,0,28,2,2,0.010416666666666666,6.0,0.0,True,False
288,4 4 18,576,16.0,0,1.25,3800,2.0347222222222223,0,200,60,4,24,0,0,0,24,2,2,0.010416666666666666,6.0,0.0,True,False
288,4 4 18,576,16.0,0,1.25,4000,2.0347222222222223,0,200,60,4,24,0,0,0,24,2,2,0.010416666666666666,6.0,0.0,True,False
288,4 4 18,576,16.0,0,1.25,4200,1.9930555555555556,0,200,60,12,16,0,0,0,16,1,12,0.03125,18.0,0.0,True,False
288,4 4 18,576,16.0,0,1.25,4400,1.9930555555555556,0,200,60,12,16,0,0,0,16,1,12,0.03125,18.0,0.0,True,False
288,4 4 18,576,16.0,0,1.25,4600,1.9930555555555556,0,200,60,12,16,0,0,0,16,1,12,0.03125,18.0,0.0,True,False
288,4 4 18,576,16.0,0,1.25,4800,1.9930555555555556,0,200,60,12,16,0,0,0,16,1,12,0.03125,18.0,0.0,True,False
288,4 4 18,576,16.0,0,1.25,5000,1.9930555555555556,0,188,68,12,20,0,0,0,20,1,12,0.03125,18.0,0.0,True,False
288,4 4 18,576,16.0,0,1.25,5200,1.9930555555555556,0,188,68,12,20,0,0,0,20,1,12,0.03125,18.0,0.0,True,False
288,4 4 18,576,16.0,0,1.25,5400,1.9930555555555556,0,188,68,12,20,0,0,0,20,1,12,0.03125,18.0,0.0,True,False
288,4 4 18,576,16.0,0,1.25,5600,1.9930555555555556,0,188,68,12,20,0,0,0,20,1,12,0.03125,18.0,0.0,True,False
288,4 4 18,576,16.0,0,1.25,5800,1.9722222222222223,0,188,68,16,16,0,0,0,16,1,16,0.041666666666666664,24.0,0.0,True,False
288,4 4 18,576,16.0,0,1.25,6000,1.9722222222222223,0,188,68,16,16,0,0,0,16,1,16,0.041666666666666664,24.0,0.0,True,False
288,4 4 18,576,16.0,0,1.25,6200,1.9722222222222223,0,176,76,16,20,0,0,0,20,1,16,0.041666666666666664,24.0,0.0,True,False
288,4 4 18,576,16.0,0,1.25,6400,1.9513888888888888,0,176,76,20,16,0,0,0,16,1,20,0.052083333333333336,30.0,0.0,True,False
288,4 4 18,576,16.0,0,1.25,6600,1.9513888888888888,0,164,84,20,20,0,0,0,20,1,20,0.052083333333333336,30.0,0.0,True,False
288,4 4 18,576,16.0,0,1.25,6800,1.9513888888888888,0,164,84,20,20,0,0,0,20,1,20,0.052083333333333336,30.0,0.0,True,False
288,4 4 18,576,16.0,0,1.25,7000,1.9513888888888888,0,152,92,20,24,0,0,0,24,1,20,0.052083333333333336,30.0,0.0,True,False
288,4 4 18,576,16.0,0,1.25,7200,1.9305555555555556,0,152,92,24,20,0,0,0,20,1,24,0.0625,36.0,0.0,True,False
288,4 4 18,576,16.0,0,1.25,7400,1.9305555555555556,0,152,92,24,20,0,0,0,20,1,24,0.0625,36.0,0.0,True,False
288,4 4 18,576,16.0,0,1.25,7600,1.9097222222222223,0,152,92,28,16,0,0,0,16,1,28,0.07291666666666667,42.0,0.0,True,False
288,4 4 18,576,16.0,0,1.25,7800,1.9097222222222223,0,116,116,28,28,0,0,0,28,1,28,0.07291666666666667,42.0,0.0,True,False
288,4 4 18,576,16.0,0,1.25,8000,1.9097222222222223,0,104,124,28,32,0,0,0,32,1,28,0.07291666666666667,42.0,0.0,True,False
288,4 4 18,576,16.0,0,1.25,8200,1.9097222222222223,0,104,124,28,32,0,0,0,32,1,28,0.07291666666666667,42.0,0.0,True,False
288,4 4 18,576,16.0,0,1.25,8400,1.8680555555555556,0,80,140,36,32,0,0,0,32,3,32,0.09375,54.0,0.0,True,False
288,4 4 18,576,16.0,0,1.25,8600,1.8611111111111112,0,76,136,44,32,0,0,0,32,3,36,0.09722222222222222,56.0,0.0,True,False
288,4 4 18,576,16.0,0,1.25,8800,1.7986111111111112,0,64,140,44,40,0,0,0,40,3,36,0.1284722222222222,74.0,0.0,True,False
288,4 4 18,576,16.0,0,1.25,9000,1.7777777777777777,0,52,140,44,52,0,0,0,52,4,34,0.1388888888888889,80.0,0.0,True,False
288,4 4 18,576,16.0,0,1.25,9200,1.7708333333333333,0,48,140,44,56,0,0,0,56,5,32,0.1423611111111111,82.0,0.0,True,False
288,4 4 18,576,16.0,0,1.25,9400,1.7708333333333333,0,48,140,44,56,0,0,0,56,5,32,0.1423611111111111,82.0,0.0,True,False
288,4 4 18,576,16.0,0,1.25,9600,1.7222222222222223,0,48,144,52,44,0,0,0,44,5,28,0.16666666666666666,96.0,0.0,True,False
288,4 4 18,576,16.0,0,1.25,9800,1.7222222222222223,0,48,144,52,44,0,0,0,44,5,28,0.16666666666666666,96.0,0.0,True,False
288,4 4 18,576,16.0,0,1.25,10000,1.7083333333333333,0,44,148,52,44,0,0,0,44,9,28,0.1736111111111111,100.0,0.0,True,False
288,4 4 18,576,16.0,0,1.25,10200,1.6944444444444444,0,48,148,56,36,0,0,0,36,9,32,0.18055555555555555,104.0,0.0,True,False
288,4 4 18,576,16.0,0,1.25,10400,1.6041666666666667,0,48,160,56,24,0,0,0,24,5,40,0.22569444444444445,130.0,0.0,True,False
288,4 4 18,576,16.0,0,1.25,10600,1.6041666666666667,0,48,160,56,24,0,0,0,24,5,40,0.22569444444444445,130.0,0.0,True,False
288,4 4 18,576,16.0,0,1.25,10800,1.6041666666666667,0,48,160,56,24,0,0,0,24,5,40,0.22569444444444445,130.0,0.0,True,False
288,4 4 18,576,16.0,0,1.25,11000,1.6041666666666667,0,48,160,56,24,0,0,0,24,5,40,0.22569444444444445,130.0,0.0,True,False
288,4 4 18,576,16.0,0,1.25,11200,1.6041666666666667,0,48,160,56,24,0,0,0,24,5,40,0.22569444444444445,130.0,0.0,True,False
288,4 4 18,576,16.0,0,1.25,11400,1.5972222222222223,0,44,160,56,28,0,0,0,28,5,40,0.22916666666666666,132.0,0.0,True,False
288,4 4 18,576,16.0,0,1.25,11600,1.5972222222222223,0,44,160,56,28,0,0,0,28,5,40,0.22916666666666666,132.0,0.0,True,False
288,4 4 18,576,16.0,0,1.25,11800,1.5972222222222223,0,44,160,56,28,0,0,0,28,5,40,0.22916666666666666,132.0,0.0,True,False
288,4 4 18,576,16.0,0,1.25,12000,1.5694444444444444,0,40,160,60,28,0,0,0,28,5,44,0.24305555555555555,140.0,0.0,True,False
288,4 4 18,576,16.0,0,1.25,12200,1.5694444444444444,0,40,160,60,28,0,0,0,28,5,44,0.24305555555555555,140.0,0.0,True,False
288,4 4 18,576,16.0,0,1.25,12400,1.5625,0,36,160,60,32,0,0,0,32,5,44,0.2465277777777778,142.0,0.0,True,False
288,4 4 18,576,16.0,0,1.25,12600,1.5625,0,36,160,60,32,0,0,0,32,5,44,0.2465277777777778,142.0,0.0,True,False
288,4 4 18,576,16.0,0,1.25,12800,1.5208333333333333,0,36,160,68,24,0,0,0,24,3,64,0.2673611111111111,154.0,0.0,True,False
288,4 4 18,576,16.0,0,1.25,13000,1.4861111111111112,0,32,176,68,12,0,0,0,12,2,66,0.2847222222222222,164.0,0.0,True,False
288,4 4 18,576,16.0,0,1.25,13200,1.4513888888888888,0,32,180,60,16,0,0,0,16,4,50,0.3020833333333333,174.0,0.0,True,False
288,4 4 18,576,16.0,0,1.25,13400,1.4513888888888888,0,32,180,60,16,0,0,0,16,4,50,0.3020833333333333,174.0,0.0,True,False
288,4 4 18,576,16.0,0,1.25,13600,1.4444444444444444,0,28,180,60,20,0,0,0,20,4,50,0.3055555555555556,176.0,0.0,True,False
288,4 4 18,576,16.0,0,1.25,13800,1.3958333333333333,0,28,192,52,16,0,0,0,16,3,48,0.3298611111111111,190.0,0.0,True,False
288,4 4 18,576,16.0,0,1.25,14000,1.3819444444444444,0,20,192,52,24,0,0,0,24,3,48,0.3368055555555556,194.0,0.0,True,False
288,4 4 18,576,16.0,0,1.25,14200,1.3819444444444444,0,20,192,52,24,0,0,0,24,3,48,0.3368055555555556,194.0,0.0,True,False
288,4 4 18,576,16.0,0,1.25,14400,1.4027777777777777,0,20,188,56,24,0,0,0,24,7,44,0.3263888888888889,188.0,0.0,True,False
288,4 4 18,576,16.0,0,1.25,14600,1.4027777777777777,0,8,184,60,36,0,0,0,36,7,48,0.3263888888888889,188.0,0.0,True,False
288,4 4 18,576,16.0,0,1.25,14800,1.3958333333333333,0,4,184,60,40,0,0,0,40,7,48,0.3298611111111111,190.0,0.0,True,False
288,4 4 18,576,16.0,0,1.25,15000,1.3125,0,4,208,48,28,0,0,0,28,7,36,0.3715277777777778,214.0,0.0,True,False
288,4 4 18,576,16.0,0,1.25,15200,1.2638888888888888,0,4,220,40,24,0,0,0,24,3,36,0.3958333333333333,228.0,0.0,True,False
288,4 4 18,576,16.0,0,1.25,15400,1.2569444444444444,0,0,220,40,28,0,0,0,28,3,36,0.3993055555555556,230.0,0.0,True,False
288,4 4 18,576,16.0,0,1.25,15600,1.2569444444444444,0,0,220,40,28,0,0,0,28,3,36,0.3993055555555556,230.0,0.0,True,False
288,4 4 18,576,16.0,0,1.25,15800,1.3055555555555556,0,0,208,48,32,0,0,0,32,5,38,0.375,216.0,0.0,True,False
288,4 4 18,576,16.0,0,1.25,16000,1.2569444444444444,0,0,220,40,28,0,0,0,28,3,36,0.3993055555555556,230.0,0.0,True,False
288,4 4 18,576,16.0,0,1.25,16200,1.2569444444444444,0,0,220,40,28,0,0,0,28,3,36,0.3993055555555556,230.0,0.0,True,False
288,4 4 18,576,16.0,0,1.25,16400,1.2569444444444444,0,0,220,40,28,0,0,0,28,3,36,0.3993055555555556,230.0,0.0,True,False
288,4 4 18,576,16.0,0,1.25,16600,1.2569444444444444,0,0,220,40,28,0,0,0,28,3,36,0.3993055555555556,230.0,0.0,True,False
288,4 4 18,576,16.0,0,1.25,16800,1.2638888888888888,0,4,220,40,24,0,0,0,24,3,36,0.3958333333333333,228.0,0.0,True,False
288,4 4 18,576,16.0,0,1.25,17000,1.2638888888888888,0,4,220,40,24,0,0,0,24,3,36,0.3958333333333333,228.0,0.0,True,False
288,4 4 18,576,16.0,0,1.25,17200,1.2569444444444444,0,0,220,40,28,0,0,0,28,3,36,0.3993055555555556,230.0,0.0,True,False
288,4 4 18,576,16.0,0,1.25,17400,1.2638888888888888,0,4,220,40,24,0,0,0,24,3,36,0.3958333333333333,228.0,0.0,True,False
288,4 4 18,576,16.0,0,1.25,17600,1.3125,0,4,208,48,28,0,0,0,28,7,36,0.3715277777777778,214.0,0.0,True,False
288,4 4 18,576,16.0,0,1.25,17800,1.2847222222222223,0,4,216,44,24,0,0,0,24,7,32,0.3854166666666667,222.0,0.0,True,False
288,4 4 18,576,16.0,0,1.25,18000,1.2569444444444444,0,4,224,40,20,0,0,0,20,7,28,0.3993055555555556,230.0,0.0,True,False
288,4 4 18,576,16.0,0,1.25,18200,1.2569444444444444,0,4,224,40,20,0,0,0,20,7,28,0.3993055555555556,230.0,0.0,True,False
288,4 4 18,576,16.0,0,1.25,18400,1.2569444444444444,0,4,224,40,20,0,0,0,20,7,28,0.3993055555555556,230.0,0.0,True,False
288,4 4 18,576,16.0,0,1.25,18600,1.25,0,0,224,40,24,0,0,0,24,7,28,0.4027777777777778,232.0,0.0,True,False
288,4 4 18,576,16.0,0,1.25,18800,1.2222222222222223,0,0,232,36,20,0,0,0,20,7,24,0.4166666666666667,240.0,0.0,True,False
288,4 4 18,576,16.0,0,1.25,19000,1.2569444444444444,0,4,224,40,20,0,0,0,20,7,28,0.3993055555555556,230.0,0.0,True,False
288,4 4 18,576,16.0,0,1.25,19200,1.1944444444444444,0,8,240,28,12,0,0,0,12,3,24,0.4305555555555556,248.0,0.0,True,False
288,4 4 18,576,16.0,0,1.25,19400,1.1875,0,4,240,28,16,0,0,0,16,3,24,0.4340277777777778,250.0,0.0,True,False
288,4 4 18,576,16.0,0,1.25,19600,1.1041666666666667,0,0,260,16,12,0,0,0,12,3,12,0.4756944444444444,274.0,0.0,True,False
288,4 4 18,576,16.0,0,1.25,19800,1.1041666666666667,0,0,260,16,12,0,0,0,12,3,12,0.4756944444444444,274.0,0.0,True,False
288,4 4 18,576,16.0,0,1.25,20000,1.125,0,0,256,20,12,0,0,0,12,7,8,0.4652777777777778,268.0,0.0,True,False
288,4 4 18,576,16.0,0,1.25,20200,1.125,0,0,256,20,12,0,0,0,12,7,8,0.4652777777777778,268.0,0.0,True,False
288,4 4 18,576,16.0,0,1.25,20400,1.1736111111111112,0,0,244,28,16,0,0,0,16,10,8,0.4409722222222222,254.0,0.0,True,False
288,4 4 18,576,16.0,0,1.25,20600,1.1944444444444444,0,0,240,32,16,0,0,0,16,15,4,0.4305555555555556,248.0,0.0,True,False
288,4 4 18,576,16.0,0,1.25,20800,1.1458333333333333,0,0,252,24,12,0,0,0,12,12,2,0.4548611111111111,262.0,0.0,True,False
288,4 4 18,576,16.0,0,1.25,21000,1.0972222222222223,0,0,264,16,8,0,0,0,8,8,2,0.4791666666666667,276.0,0.0,True,False
288,4 4 18,576,16.0,0,1.25,21200,1.0486111111111112,0,0,276,8,4,0,0,0,4,4,2,0.5034722222222222,290.0,0.0,True,False
288,4 4 18,576,16.0,0,1.25,21400,1.0486111111111112,0,0,276,8,4,0,0,0,4,4,2,0.5034722222222222,290.0,0.0,True,False
288,4 4 18,576,16.0,0,1.25,21600,1.0486111111111112,0,0,276,8,4,0,0,0,4,4,2,0.5034722222222222,290.0,0.0,True,False
288,4 4 18,576,16.0,0,1.25,21800,1.0,0,0,288,0,0,0,0,0,0,0,0,0.5277777777777778,304.0,0.0,True,False
288,4 4 18,576,16.0,0,1.25,22000,1.0,0,0,288,0,0,0,0,0,0,0,0,0.5277777777777778,304.0,0.0,True,False
288,4 4 18,576,16.0,0,1.25,22200,1.0486111111111112,0,0,276,8,4,0,0,0,4,4,2,0.5034722222222222,290.0,0.0,True,False
288,4 4 18,576,16.0,0,1.25,22400,1.0486111111111112,0,0,276,8,4,0,0,0,4,4,2,0.5034722222222222,290.0,0.0,True,False
288,4 4 18,576,16.0,0,1.25,22600,1.0486111111111112,0,0,276,8,4,0,0,0,4,4,2,0.5034722222222222,290.0,0.0,True,False
288,4 4 18,576,16.0,0,1.25,22800,1.0486111111111112,0,0,276,8,4,0,0,0,4,4,2,0.5034722222222222,290.0,0.0,True,False
288,4 4 18,576,16.0,0,1.25,23000,1.0486111111111112,0,0,276,8,4,0,0,0,4,4,2,0.5034722222222222,290.0,0.0,True,False
288,4 4 18,576,16.0,0,1.25,23200,1.0972222222222223,0,0,264,16,8,0,0,0,8,8,2,0.4791666666666667,276.0,0.0,True,False
288,4 4 18,576,16.0,0,1.25,23400,1.0972222222222223,0,0,264,16,8,0,0,0,8,8,2,0.4791666666666667,276.0,0.0,True,False
288,4 4 18,576,16.0,0,1.25,23600,1.0972222222222223,0,0,264,16,8,0,0,0,8,8,2,0.4791666666666667,276.0,0.0,True,False
288,4 4 18,576,16.0,0,1.25,23800,1.0972222222222223,0,0,264,16,8,0,0,0,8,8,2,0.4791666666666667,276.0,0.0,True,False
288,4 4 18,576,16.0,0,1.25,24000,1.0486111111111112,0,0,276,8,4,0,0,0,4,4,2,0.5034722222222222,290.0,0.0,True,False
288,4 4 18,576,16.0,0,1.25,24200,1.0486111111111112,0,0,276,8,4,0,0,0,4,4,2,0.5034722222222222,290.0,0.0,True,False
288,4 4 18,576,16.0,0,1.25,24400,1.0486111111111112,0,0,276,8,4,0,0,0,4,4,2,0.5034722222222222,290.0,0.0,True,False
288,4 4 18,576,16.0,0,1.25,24600,1.0486111111111112,0,0,276,8,4,0,0,0,4,4,2,0.5034722222222222,290.0,0.0,True,False
288,4 4 18,576,16.0,0,1.25,24800,1.0486111111111112,0,0,276,8,4,0,0,0,4,4,2,0.5034722222222222,290.0,0.0,True,False
288,4 4 18,576,16.0,0,1.25,25000,1.0486111111111112,0,0,276,8,4,0,0,0,4,4,2,0.5034722222222222,290.0,0.0,True,False
288,4 4 18,576,16.0,0,1.25,25200,1.0,0,0,288,0,0,0,0,0,0,0,0,0.5277777777777778,304.0,0.0,True,False
288,4 4 18,576,16.0,0,1.25,25400,1.0,0,0,288,0,0,0,0,0,0,0,0,0.5277777777777778,304.0,0.0,True,False
288,4 4 18,576,16.0,0,1.25,25600,1.0,0,0,288,0,0,0,0,0,0,0,0,0.5277777777777778,304.0,0.0,True,False
288,4 4 18,576,16.0,0,1.25,25800,1.0,0,0,288,0,0,0,0,0,0,0,0,0.5277777777777778,304.0,0.0,True,False
288,4 4 18,576,16.0,0,1.25,26000,1.0486111111111112,0,0,276,8,4,0,0,0,4,4,2,0.5034722222222222,290.0,0.0,True,False
288,4 4 18,576,16.0,0,1.25,26200,1.125,0,0,256,20,12,0,0,0,12,7,8,0.4652777777777778,268.0,0.0,True,False
288,4 4 18,576,16.0,0,1.25,26400,1.125,0,0,256,20,12,0,0,0,12,7,8,0.4652777777777778,268.0,0.0,True,False
288,4 4 18,576,16.0,0,1.25,26600,1.0486111111111112,0,0,276,8,4,0,0,0,4,4,2,0.5034722222222222,290.0,0.0,True,False
288,4 4 18,576,16.0,0,1.25,26800,1.0486111111111112,0,0,276,8,4,0,0,0,4,4,2,0.5034722222222222,290.0,0.0,True,False
288,4 4 18,576,16.0,0,1.25,27000,1.0486111111111112,0,0,276,8,4,0,0,0,4,4,2,0.5034722222222222,290.0,0.0,True,False
288,4 4 18,576,16.0,0,1.25,27200,1.0,0,0,288,0,0,0,0,0,0,0,0,0.5277777777777778,304.0,0.0,True,False
288,4 4 18,576,16.0,0,1.25,27400,1.0486111111111112,0,0,276,8,4,0,0,0,4,4,2,0.5034722222222222,290.0,0.0,True,False
288,4 4 18,576,16.0,0,1.25,27600,1.0486111111111112,0,0,276,8,4,0,0,0,4,4,2,0.5034722222222222,290.0,0.0,True,False
288,4 4 18,576,16.0,0,1.25,27800,1.0486111111111112,0,0,276,8,4,0,0,0,4,4,2,0.5034722222222222,290.0,0.0,True,False
288,4 4 18,576,16.0,0,1.25,28000,1.0486111111111112,0,0,276,8,4,0,0,0,4,4,2,0.5034722222222222,290.0,0.0,True,False
288,4 4 18,576,16.0,0,1.25,28200,1.0486111111111112,0,0,276,8,4,0,0,0,4,4,2,0.5034722222222222,290.0,0.0,True,False
288,4 4 18,576,16.0,0,1.25,28400,1.0486111111111112,0,0,276,8,4,0,0,0,4,4,2,0.5034722222222222,290.0,0.0,True,False
288,4 4 18,576,16.0,0,1.25,28600,1.0,0,0,288,0,0,0,0,0,0,0,0,0.5277777777777778,304.0,0.0,True,False
288,4 4 18,576,16.0,0,1.25,28800,1.0,0,0,288,0,0,0,0,0,0,0,0,0.5277777777777778,304.0,0.0,True,False
288,4 4 18,576,16.0,0,1.25,29000,1.0,0,0,288,0,0,0,0,0,0,0,0,0.5277777777777778,304.0,0.0,True,False
288,4 4 18,576,16.0,0,1.25,29200,1.0,0,0,288,0,0,0,0,0,0,0,0,0.5277777777777778,304.0,0.0,True,False
288,4 4 18,576,16.0,0,1.25,29400,1.0486111111111112,0,0,276,8,4,0,0,0,4,4,2,0.5034722222222222,290.0,0.0,True,False
288,4 4 18,576,16.0,0,1.25,29600,1.0486111111111112,0,0,276,8,4,0,0,0,4,4,2,0.5034722222222222,290.0,0.0,True,False
288,4 4 18,576,16.0,0,1.25,29800,1.0486111111111112,0,0,276,8,4,0,0,0,4,4,2,0.5034722222222222,290.0,0.0,True,False
288,4 4 18,576,16.0,0,1.25,30000,1.0972222222222223,0,0,264,16,8,0,0,0,8,8,2,0.4791666666666667,276.0,0.0,True,False
288,4 4 18,576,16.0,0,1.25,30200,1.1319444444444444,0,0,260,24,4,0,0,0,4,5,16,0.4618055555555556,266.0,0.0,True,False
288,4 4 18,576,16.0,0,1.25,30400,1.0833333333333333,0,0,272,16,0,0,0,0,0,1,16,0.4861111111111111,280.0,0.0,True,False
288,4 4 18,576,16.0,0,1.25,30600,1.0486111111111112,0,0,276,8,4,0,0,0,4,4,2,0.5034722222222222,290.0,0.0,True,False
288,4 4 18,576,16.0,0,1.25,30800,1.0486111111111112,0,0,276,8,4,0,0,0,4,4,2,0.5034722222222222,290.0,0.0,True,False
288,4 4 18,576,16.0,0,1.25,31000,1.0486111111111112,0,0,276,8,4,0,0,0,4,4,2,0.5034722222222222,290.0,0.0,True,False
288,4 4 18,576,16.0,0,1.25,31200,1.0486111111111112,0,0,276,8,4,0,0,0,4,4,2,0.5034722222222222,290.0,0.0,True,False
288,4 4 18,576,16.0,0,1.25,31400,1.0486111111111112,0,0,276,8,4,0,0,0,4,4,2,0.5034722222222222,290.0,0.0,True,False
288,4 4 18,576,16.0,0,1.25,31600,1.0486111111111112,0,0,276,8,4,0,0,0,4,4,2,0.5034722222222222,290.0,0.0,True,False
288,4 4 18,576,16.0,0,1.25,31800,1.0486111111111112,0,0,276,8,4,0,0,0,4,4,2,0.5034722222222222,290.0,0.0,True,False
288,4 4 18,576,16.0,0,1.25,32000,1.0486111111111112,0,0,276,8,4,0,0,0,4,4,2,0.5034722222222222,290.0,0.0,True,False
288,4 4 18,576,16.0,0,1.25,32200,1.0972222222222223,0,0,264,16,8,0,0,0,8,8,2,0.4791666666666667,276.0,0.0,True,False
288,4 4 18,576,16.0,0,1.25,32400,1.0972222222222223,0,0,264,16,8,0,0,0,8,8,2,0.4791666666666667,276.0,0.0,True,False
288,4 4 18,576,16.0,0,1.25,32600,1.0486111111111112,0,0,276,8,4,0,0,0,4,4,2,0.5034722222222222,290.0,0.0,True,False
288,4 4 18,576,16.0,0,1.25,32800,1.0,0,0,288,0,0,0,0,0,0,0,0,0.5277777777777778,304.0,0.0,True,False
288,4 4 18,576,16.0,0,1.25,33000,1.0486111111111112,0,0,276,8,4,0,0,0,4,4,2,0.5034722222222222,290.0,0.0,True,False
288,4 4 18,576,16.0,0,1.25,33200,1.0,0,0,288,0,0,0,0,0,0,0,0,0.5277777777777778,304.0,0.0,True,False
288,4 4 18,576,16.0,0,1.25,33400,1.0,0,0,288,0,0,0,0,0,0,0,0,0.5277777777777778,304.0,0.0,True,False
288,4 4 18,576,16.0,0,1.25,33600,1.0,0,0,288,0,0,0,0,0,0,0,0,0.5277777777777778,304.0,0.0,True,False
288,4 4 18,576,16.0,0,1.25,33800,1.0,0,0,288,0,0,0,0,0,0,0,0,0.5277777777777778,304.0,0.0,True,False
288,4 4 18,576,16.0,0,1.25,34000,1.0,0,0,288,0,0,0,0,0,0,0,0,0.5277777777777778,304.0,0.0,True,False
288,4 4 18,576,16.0,0,1.25,34200,1.0,0,0,288,0,0,0,0,0,0,0,0,0.5277777777777778,304.0,0.0,True,False
288,4 4 18,576,16.0,0,1.25,34400,1.0,0,0,288,0,0,0,0,0,0,0,0,0.5277777777777778,304.0,0.0,True,False
288,4 4 18,576,16.0,0,1.25,34600,1.0,0,0,288,0,0,0,0,0,0,0,0,0.5277777777777778,304.0,0.0,True,False
288,4 4 18,576,16.0,0,1.25,34800,1.0486111111111112,0,0,276,8,4,0,0,0,4,4,2,0.5034722222222222,290.0,0.0,True,False
288,4 4 18,576,16.0,0,1.25,35000,1.0,0,0,288,0,0,0,0,0,0,0,0,0.5277777777777778,304.0,0.0,True,False
288,4 4 18,576,16.0,0,1.25,35200,1.0,0,0,288,0,0,0,0,0,0,0,0,0.5277777777777778,304.0,0.0,True,False
288,4 4 18,576,16.0,0,1.25,35400,1.0,0,0,288,0,0,0,0,0,0,0,0,0.5277777777777778,304.0,0.0,True,False
288,4 4 18,576,16.0,0,1.25,35600,1.0486111111111112,0,0,276,8,4,0,0,0,4,4,2,0.5034722222222222,290.0,0.0,True,False
288,4 4 18,576,16.0,0,1.25,35800,1.0972222222222223,0,0,264,16,8,0,0,0,8,8,2,0.4791666666666667,276.0,0.0,True,False
288,4 4 18,576,16.0,0,1.25,36000,1.0486111111111112,0,0,276,8,4,0,0,0,4,4,2,0.5034722222222222,290.0,0.0,True,False
288,4 4 18,576,16.0,0,1.25,36200,1.0486111111111112,0,0,276,8,4,0,0,0,4,4,2,0.5034722222222222,290.0,0.0,True,False
288,4 4 18,576,16.0,0,1.25,36400,1.0,0,0,288,0,0,0,0,0,0,0,0,0.5277777777777778,304.0,0.0,True,False
288,4 4 18,576,16.0,0,1.25,36600,1.0486111111111112,0,0,276,8,4,0,0,0,4,4,2,0.5034722222222222,290.0,0.0,True,False
288,4 4 18,576,16.0,0,1.25,36800,1.0,0,0,288,0,0,0,0,0,0,0,0,0.5277777777777778,304.0,0.0,True,False
288,4 4 18,576,16.0,0,1.25,37000,1.0,0,0,288,0,0,0,0,0,0,0,0,0.5277777777777778,304.0,0.0,True,False
288,4 4 18,576,16.0,0,1.25,37200,1.0972222222222223,0,0,264,16,8,0,0,0,8,8,2,0.4791666666666667,276.0,0.0,True,False
288,4 4 18,576,16.0,0,1.25,37400,1.1458333333333333,0,0,252,24,12,0,0,0,12,12,2,0.4548611111111111,262.0,0.0,True,False
288,4 4 18,576,16.0,0,1.25,37600,1.1458333333333333,0,0,252,24,12,0,0,0,12,12,2,0.4548611111111111,262.0,0.0,True,False
288,4 4 18,576,16.0,0,1.25,37800,1.0972222222222223,0,0,264,16,8,0,0,0,8,8,2,0.4791666666666667,276.0,0.0,True,False
288,4 4 18,576,16.0,0,1.25,38000,1.0972222222222223,0,0,264,16,8,0,0,0,8,8,2,0.4791666666666667,276.0,0.0,True,False
288,4 4 18,576,16.0,0,1.25,38200,1.0972222222222223,0,0,264,16,8,0,0,0,8,8,2,0.4791666666666667,276.0,0.0,True,False
288,4 4 18,576,16.0,0,1.25,38400,1.0486111111111112,0,0,276,8,4,0,0,0,4,4,2,0.5034722222222222,290.0,0.0,True,False
288,4 4 18,576,16.0,0,1.25,38600,1.0,0,0,288,0,0,0,0,0,0,0,0,0.5277777777777778,304.0,0.0,True,False
288,4 4 18,576,16.0,0,1.25,38800,1.0,0,0,288,0,0,0,0,0,0,0,0,0.5277777777777778,304.0,0.0,True,False
288,4 4 18,576,16.0,0,1.25,39000,1.0486111111111112,0,0,276,8,4,0,0,0,4,4,2,0.5034722222222222,290.0,0.0,True,False
288,4 4 18,576,16.0,0,1.25,39200,1.0,0,0,288,0,0,0,0,0,0,0,0,0.5277777777777778,304.0,0.0,True,False
288,4 4 18,576,16.0,0,1.25,39400,1.0,0,0,288,0,0,0,0,0,0,0,0,0.5277777777777778,304.0,0.0,True,False
288,4 4 18,576,16.0,0,1.25,39600,1.0,0,0,288,0,0,0,0,0,0,0,0,0.5277777777777778,304.0,0.0,True,False
288,4 4 18,576,16.0,0,1.25,39800,1.0972222222222223,0,0,264,16,8,0,0,0,8,4,6,0.4791666666666667,276.0,0.0,True,False
288,4 4 18,576,16.0,0,1.25,40000,1.0486111111111112,0,0,276,8,4,0,0,0,4,4,2,0.5034722222222222,290.0,0.0,True,False
288,4 4 18,576,16.0,0,1.25,40200,1.0486111111111112,0,0,276,8,4,0,0,0,4,4,2,0.5034722222222222,290.0,0.0,True,False
288,4 4 18,576,16.0,0,1.25,40400,1.0486111111111112,0,0,276,8,4,0,0,0,4,4,2,0.5034722222222222,290.0,0.0,True,False
288,4 4 18,576,16.0,0,1.25,40600,1.0972222222222223,0,0,264,16,8,0,0,0,8,8,2,0.4791666666666667,276.0,0.0,True,False
288,4 4 18,576,16.0,0,1.25,40800,1.0,0,0,288,0,0,0,0,0,0,0,0,0.5277777777777778,304.0,0.0,True,False
288,4 4 18,576,16.0,0,1.25,41000,1.0,0,0,288,0,0,0,0,0,0,0,0,0.5277777777777778,304.0,0.0,True,False
288,4 4 18,576,16.0,0,1.25,41200,1.0,0,0,288,0,0,0,0,0,0,0,0,0.5277777777777778,304.0,0.0,True,False
288,4 4 18,576,16.0,0,1.25,41400,1.0972222222222223,0,0,264,16,8,0,0,0,8,7,4,0.4791666666666667,276.0,0.0,True,False
288,4 4 18,576,16.0,0,1.25,41600,1.0486111111111112,0,0,276,8,4,0,0,0,4,4,2,0.5034722222222222,290.0,0.0,True,False
288,4 4 18,576,16.0,0,1.25,41800,1.0,0,0,288,0,0,0,0,0,0,0,0,0.5277777777777778,304.0,0.0,True,False
288,4 4 18,576,16.0,0,1.25,42000,1.0,0,0,288,0,0,0,0,0,0,0,0,0.5277777777777778,304.0,0.0,True,False
288,4 4 18,576,16.0,0,1.25,42200,1.0,0,0,288,0,0,0,0,0,0,0,0,0.5277777777777778,304.0,0.0,True,False
288,4 4 18,576,16.0,0,1.25,42400,1.0,0,0,288,0,0,0,0,0,0,0,0,0.5277777777777778,304.0,0.0,True,False
288,4 4 18,576,16.0,0,1.25,42600,1.0,0,0,288,0,0,0,0,0,0,0,0,0.5277777777777778,304.0,0.0,True,False
288,4 4 18,576,16.0,0,1.25,42800,1.0,0,0,288,0,0,0,0,0,0,0,0,0.5277777777777778,304.0,0.0,True,False
288,4 4 18,576,16.0,0,1.25,43000,1.0,0,0,288,0,0,0,0,0,0,0,0,0.5277777777777778,304.0,0.0,True,False
288,4 4 18,576,16.0,0,1.25,43200,1.0972222222222223,0,0,264,16,8,0,0,0,8,8,2,0.4791666666666667,276.0,0.0,True,False
288,4 4 18,576,16.0,0,1.25,43400,1.0972222222222223,0,0,264,16,8,0,0,0,8,8,2,0.4791666666666667,276.0,0.0,True,False
288,4 4 18,576,16.0,0,1.25,43600,1.0972222222222223,0,0,264,16,8,0,0,0,8,8,2,0.4791666666666667,276.0,0.0,True,False
288,4 4 18,576,16.0,0,1.25,43800,1.0486111111111112,0,0,276,8,4,0,0,0,4,4,2,0.5034722222222222,290.0,0.0,True,False
288,4 4 18,576,16.0,0,1.25,44000,1.0486111111111112,0,0,276,8,4,0,0,0,4,4,2,0.5034722222222222,290.0,0.0,True,False
288,4 4 18,576,16.0,0,1.25,44200,1.0486111111111112,0,0,276,8,4,0,0,0,4,4,2,0.5034722222222222,290.0,0.0,True,False
288,4 4 18,576,16.0,0,1.25,44400,1.0972222222222223,0,0,264,16,8,0,0,0,8,8,2,0.4791666666666667,276.0,0.0,True,False
288,4 4 18,576,16.0,0,1.25,44600,1.0486111111111112,0,0,276,8,4,0,0,0,4,4,2,0.5034722222222222,290.0,0.0,True,False
288,4 4 18,576,16.0,0,1.25,44800,1.0486111111111112,0,0,276,8,4,0,0,0,4,4,2,0.5034722222222222,290.0,0.0,True,False
288,4 4 18,576,16.0,0,1.25,45000,1.0486111111111112,0,0,276,8,4,0,0,0,4,4,2,0.5034722222222222,290.0,0.0,True,False
288,4 4 18,576,16.0,0,1.25,45200,1.0486111111111112,0,0,276,8,4,0,0,0,4,4,2,0.5034722222222222,290.0,0.0,True,False
288,4 4 18,576,16.0,0,1.25,45400,1.0,0,0,288,0,0,0,0,0,0,0,0,0.5277777777777778,304.0,0.0,True,False
288,4 4 18,576,16.0,0,1.25,45600,1.0,0,0,288,0,0,0,0,0,0,0,0,0.5277777777777778,304.0,0.0,True,False
288,4 4 18,576,16.0,0,1.25,45800,1.0,0,0,288,0,0,0,0,0,0,0,0,0.5277777777777778,304.0,0.0,True,False
288,4 4 18,576,16.0,0,1.25,46000,1.0486111111111112,0,0,276,8,4,0,0,0,4,4,2,0.5034722222222222,290.0,0.0,True,False
288,4 4 18,576,16.0,0,1.25,46200,1.0486111111111112,0,0,276,8,4,0,0,0,4,4,2,0.5034722222222222,290.0,0.0,True,False
288,4 4 18,576,16.0,0,1.25,46400,1.0972222222222223,0,0,264,16,8,0,0,0,8,8,2,0.4791666666666667,276.0,0.0,True,False
288,4 4 18,576,16.0,0,1.25,46600,1.0486111111111112,0,0,276,8,4,0,0,0,4,4,2,0.5034722222222222,290.0,0.0,True,False
288,4 4 18,576,16.0,0,1.25,46800,1.0486111111111112,0,0,276,8,4,0,0,0,4,4,2,0.5034722222222222,290.0,0.0,True,False
288,4 4 18,576,16.0,0,1.25,47000,1.0486111111111112,0,0,276,8,4,0,0,0,4,4,2,0.5034722222222222,290.0,0.0,True,False
288,4 4 18,576,16.0,0,1.25,47200,1.0833333333333333,0,0,272,16,0,0,0,0,0,1,16,0.4861111111111111,280.0,0.0,True,False
288,4 4 18,576,16.0,0,1.25,47400,1.0833333333333333,0,0,272,16,0,0,0,0,0,1,16,0.4861111111111111,280.0,0.0,True,False
288,4 4 18,576,16.0,0,1.25,47600,1.1319444444444444,0,0,260,24,4,0,0,0,4,5,16,0.4618055555555556,266.0,0.0,True,False
288,4 4 18,576,16.0,0,1.25,47800,1.0486111111111112,0,0,276,8,4,0,0,0,4,4,2,0.5034722222222222,290.0,0.0,True,False
288,4 4 18,576,16.0,0,1.25,48000,1.0486111111111112,0,0,276,8,4,0,0,0,4,4,2,0.5034722222222222,290.0,0.0,True,False
288,4 4 18,576,16.0,0,1.25,48200,1.0972222222222223,0,0,264,16,8,0,0,0,8,8,2,0.4791666666666667,276.0,0.0,True,False
288,4 4 18,576,16.0,0,1.25,48400,1.0,0,0,288,0,0,0,0,0,0,0,0,0.5277777777777778,304.0,0.0,True,False
288,4 4 18,576,16.0,0,1.25,48600,1.0486111111111112,0,0,276,8,4,0,0,0,4,4,2,0.5034722222222222,290.0,0.0,True,False
288,4 4 18,576,16.0,0,1.25,48800,1.0972222222222223,0,0,264,16,8,0,0,0,8,5,8,0.4791666666666667,276.0,0.0,True,False
288,4 4 18,576,16.0,0,1.25,49000,1.0972222222222223,0,0,264,16,8,0,0,0,8,5,8,0.4791666666666667,276.0,0.0,True,False
288,4 4 18,576,16.0,0,1.25,49200,1.0972222222222223,0,0,264,16,8,0,0,0,8,5,8,0.4791666666666667,276.0,0.0,True,False
288,4 4 18,576,16.0,0,1.25,49400,1.0972222222222223,0,0,264,16,8,0,0,0,8,5,8,0.4791666666666667,276.0,0.0,True,False
288,4 4 18,576,16.0,0,1.25,49600,1.0972222222222223,0,0,264,16,8,0,0,0,8,5,8,0.4791666666666667,276.0,0.0,True,False
288,4 4 18,576,16.0,0,1.25,49800,1.0972222222222223,0,0,264,16,8,0,0,0,8,5,8,0.4791666666666667,276.0,0.0,True,False
288,4 4 18,576,16.0,0,1.25,50000,1.0972222222222223,0,0,264,16,8,0,0,0,8,5,8,0.4791666666666667,276.0,0.0,True,False
288,4 4 18,576,16.0,0,1.25,50200,1.0486111111111112,0,0,276,8,4,0,0,0,4,4,2,0.5034722222222222,290.0,0.0,True,False
288,4 4 18,576,16.0,0,1.25,50400,1.0486111111111112,0,0,276,8,4,0,0,0,4,4,2,0.5034722222222222,290.0,0.0,True,False
288,4 4 18,576,16.0,0,1.25,50600,1.0,0,0,288,0,0,0,0,0,0,0,0,0.5277777777777778,304.0,0.0,True,False
288,4 4 18,576,16.0,0,1.25,50800,1.0,0,0,288,0,0,0,0,0,0,0,0,0.5277777777777778,304.0,0.0,True,False
288,4 4 18,576,16.0,0,1.25,51000,1.0486111111111112,0,0,276,8,4,0,0,0,4,4,2,0.5034722222222222,290.0,0.0,True,False
288,4 4 18,576,16.0,0,1.25,51200,1.0486111111111112,0,0,276,8,4,0,0,0,4,4,2,0.5034722222222222,290.0,0.0,True,False
288,4 4 18,576,16.0,0,1.25,51400,1.0486111111111112,0,0,276,8,4,0,0,0,4,4,2,0.5034722222222222,290.0,0.0,True,False
288,4 4 18,576,16.0,0,1.25,51600,1.0486111111111112,0,0,276,8,4,0,0,0,4,4,2,0.5034722222222222,290.0,0.0,True,False
288,4 4 18,576,16.0,0,1.25,51800,1.0,0,0,288,0,0,0,0,0,0,0,0,0.5277777777777778,304.0,0.0,True,False
288,4 4 18,576,16.0,0,1.25,52000,1.0,0,0,288,0,0,0,0,0,0,0,0,0.5277777777777778,304.0,0.0,True,False
288,4 4 18,576,16.0,0,1.25,52200,1.0486111111111112,0,0,276,8,4,0,0,0,4,4,2,0.5034722222222222,290.0,0.0,True,False
288,4 4 18,576,16.0,0,1.25,52400,1.0486111111111112,0,0,276,8,4,0,0,0,4,4,2,0.5034722222222222,290.0,0.0,True,False
288,4 4 18,576,16.0,0,1.25,52600,1.0972222222222223,0,0,264,16,8,0,0,0,8,8,2,0.4791666666666667,276.0,0.0,True,False
288,4 4 18,576,16.0,0,1.25,52800,1.0972222222222223,0,0,264,16,8,0,0,0,8,8,2,0.4791666666666667,276.0,0.0,True,False
288,4 4 18,576,16.0,0,1.25,53000,1.0486111111111112,0,0,276,8,4,0,0,0,4,4,2,0.5034722222222222,290.0,0.0,True,False
288,4 4 18,576,16.0,0,1.25,53200,1.0,0,0,288,0,0,0,0,0,0,0,0,0.5277777777777778,304.0,0.0,True,False
288,4 4 18,576,16.0,0,1.25,53400,1.0,0,0,288,0,0,0,0,0,0,0,0,0.5277777777777778,304.0,0.0,True,False
288,4 4 18,576,16.0,0,1.25,53600,1.0,0,0,288,0,0,0,0,0,0,0,0,0.5277777777777778,304.0,0.0,True,False
288,4 4 18,576,16.0,0,1.25,53800,1.0,0,0,288,0,0,0,0,0,0,0,0,0.5277777777777778,304.0,0.0,True,False
288,4 4 18,576,16.0,0,1.25,54000,1.0,0,0,288,0,0,0,0,0,0,0,0,0.5277777777777778,304.0,0.0,True,False
288,4 4 18,576,16.0,0,1.25,54200,1.0,0,0,288,0,0,0,0,0,0,0,0,0.5277777777777778,304.0,0.0,True,False
288,4 4 18,576,16.0,0,1.25,54400,1.0972222222222223,0,0,264,16,8,0,0,0,8,8,2,0.4791666666666667,276.0,0.0,True,False
288,4 4 18,576,16.0,0,1.25,54600,1.0972222222222223,0,0,264,16,8,0,0,0,8,8,2,0.4791666666666667,276.0,0.0,True,False
288,4 4 18,576,16.0,0,1.25,54800,1.0972222222222223,0,0,264,16,8,0,0,0,8,8,2,0.4791666666666667,276.0,0.0,True,False
288,4 4 18,576,16.0,0,1.25,55000,1.0486111111111112,0,0,276,8,4,0,0,0,4,4,2,0.5034722222222222,290.0,0.0,True,False
288,4 4 18,576,16.0,0,1.25,55200,1.0486111111111112,0,0,276,8,4,0,0,0,4,4,2,0.5034722222222222,290.0,0.0,True,False
288,4 4 18,576,16.0,0,1.25,55400,1.0486111111111112,0,0,276,8,4,0,0,0,4,4,2,0.5034722222222222,290.0,0.0,True,False
288,4 4 18,576,16.0,0,1.25,55600,1.0972222222222223,0,0,264,16,8,0,0,0,8,8,2,0.4791666666666667,276.0,0.0,True,False
288,4 4 18,576,16.0,0,1.25,55800,1.0486111111111112,0,0,276,8,4,0,0,0,4,4,2,0.5034722222222222,290.0,0.0,True,False
288,4 4 18,576,16.0,0,1.25,56000,1.0486111111111112,0,0,276,8,4,0,0,0,4,4,2,0.5034722222222222,290.0,0.0,True,False
288,4 4 18,576,16.0,0,1.25,56200,1.0763888888888888,0,0,268,12,8,0,0,0,8,3,8,0.4895833333333333,282.0,0.0,True,False
288,4 4 18,576,16.0,0,1.25,56400,1.0763888888888888,0,0,268,12,8,0,0,0,8,3,8,0.4895833333333333,282.0,0.0,True,False
288,4 4 18,576,16.0,0,1.25,56600,1.125,0,0,256,20,12,0,0,0,12,7,8,0.4652777777777778,268.0,0.0,True,False
288,4 4 18,576,16.0,0,1.25,56800,1.125,0,0,256,20,12,0,0,0,12,7,8,0.4652777777777778,268.0,0.0,True,False
288,4 4 18,576,16.0,0,1.25,57000,1.0763888888888888,0,0,268,12,8,0,0,0,8,3,8,0.4895833333333333,282.0,0.0,True,False
288,4 4 18,576,16.0,0,1.25,57200,1.0763888888888888,0,0,268,12,8,0,0,0,8,3,8,0.4895833333333333,282.0,0.0,True,False
288,4 4 18,576,16.0,0,1.25,57400,1.0486111111111112,0,0,276,8,4,0,0,0,4,4,2,0.5034722222222222,290.0,0.0,True,False
288,4 4 18,576,16.0,0,1.25,57600,1.0486111111111112,0,0,276,8,4,0,0,0,4,4,2,0.5034722222222222,290.0,0.0,True,False
288,4 4 18,576,16.0,0,1.25,57800,1.0,0,0,288,0,0,0,0,0,0,0,0,0.5277777777777778,304.0,0.0,True,False
288,4 4 18,576,16.0,0,1.25,58000,1.0,0,0,288,0,0,0,0,0,0,0,0,0.5277777777777778,304.0,0.0,True,False
288,4 4 18,576,16.0,0,1.25,58200,1.0486111111111112,0,0,276,8,4,0,0,0,4,4,2,0.5034722222222222,290.0,0.0,True,False
288,4 4 18,576,16.0,0,1.25,58400,1.0,0,0,288,0,0,0,0,0,0,0,0,0.5277777777777778,304.0,0.0,True,False
288,4 4 18,576,16.0,0,1.25,58600,1.0,0,0,288,0,0,0,0,0,0,0,0,0.5277777777777778,304.0,0.0,True,False
288,4 4 18,576,16.0,0,1.25,58800,1.0,0,0,288,0,0,0,0,0,0,0,0,0.5277777777777778,304.0,0.0,True,False
288,4 4 18,576,16.0,0,1.25,59000,1.0,0,0,288,0,0,0,0,0,0,0,0,0.5277777777777778,304.0,0.0,True,False
288,4 4 18,576,16.0,0,1.25,59200,1.0,0,0,288,0,0,0,0,0,0,0,0,0.5277777777777778,304.0,0.0,True,False
288,4 4 18,576,16.0,0,1.25,59400,1.0,0,0,288,0,0,0,0,0,0,0,0,0.5277777777777778,304.0,0.0,True,False
288,4 4 18,576,16.0,0,1.25,59600,1.0486111111111112,0,0,276,8,4,0,0,0,4,4,2,0.5034722222222222,290.0,0.0,True,False
288,4 4 18,576,16.0,0,1.25,59800,1.0486111111111112,0,0,276,8,4,0,0,0,4,4,2,0.5034722222222222,290.0,0.0,True,False
288,4 4 18,576,16.0,0,1.25,60000,1.0486111111111112,0,0,276,8,4,0,0,0,4,4,2,0.5034722222222222,290.0,0.0,True,False
288,4 4 18,576,16.0,0,1.25,60200,1.0486111111111112,0,0,276,8,4,0,0,0,4,4,2,0.5034722222222222,290.0,0.0,True,False
288,4 4 18,576,16.0,0,1.25,60400,1.0,0,0,288,0,0,0,0,0,0,0,0,0.5277777777777778,304.0,0.0,True,False
288,4 4 18,576,16.0,0,1.25,60600,1.0486111111111112,0,0,276,8,4,0,0,0,4,4,2,0.5034722222222222,290.0,0.0,True,False
288,4 4 18,576,16.0,0,1.25,60800,1.0486111111111112,0,0,276,8,4,0,0,0,4,4,2,0.5034722222222222,290.0,0.0,True,False
288,4 4 18,576,16.0,0,1.25,61000,1.0486111111111112,0,0,276,8,4,0,0,0,4,4,2,0.5034722222222222,290.0,0.0,True,False
288,4 4 18,576,16.0,0,1.25,61200,1.0972222222222223,0,0,264,16,8,0,0,0,8,8,2,0.4791666666666667,276.0,0.0,True,False
288,4 4 18,576,16.0,0,1.25,61400,1.0486111111111112,0,0,276,8,4,0,0,0,4,4,2,0.5034722222222222,290.0,0.0,True,False
288,4 4 18,576,16.0,0,1.25,61600,1.0972222222222223,0,0,264,16,8,0,0,0,8,8,2,0.4791666666666667,276.0,0.0,True,False
288,4 4 18,576,16.0,0,1.25,61800,1.125,0,0,256,20,12,0,0,0,12,9,4,0.4652777777777778,268.0,0.0,True,False
288,4 4 18,576,16.0,0,1.25,62000,1.125,0,0,256,20,12,0,0,0,12,9,4,0.4652777777777778,268.0,0.0,True,False
288,4 4 18,576,16.0,0,1.25,62200,1.125,0,0,256,20,12,0,0,0,12,9,4,0.4652777777777778,268.0,0.0,True,False
288,4 4 18,576,16.0,0,1.25,62400,1.0763888888888888,0,0,268,12,8,0,0,0,8,5,4,0.4895833333333333,282.0,0.0,True,False
288,4 4 18,576,16.0,0,1.25,62600,1.125,0,0,256,20,12,0,0,0,12,7,4,0.4652777777777778,268.0,0.0,True,False
288,4 4 18,576,16.0,0,1.25,62800,1.125,0,0,256,20,12,0,0,0,12,9,4,0.4652777777777778,268.0,0.0,True,False
288,4 4 18,576,16.0,0,1.25,63000,1.125,0,0,256,20,12,0,0,0,12,9,4,0.4652777777777778,268.0,0.0,True,False
288,4 4 18,576,16.0,0,1.25,63200,1.0972222222222223,0,0,264,16,8,0,0,0,8,8,2,0.4791666666666667,276.0,0.0,True,False
288,4 4 18,576,16.0,0,1.25,63400,1.0972222222222223,0,0,264,16,8,0,0,0,8,8,2,0.4791666666666667,276.0,0.0,True,False
288,4 4 18,576,16.0,0,1.25,63600,1.0486111111111112,0,0,276,8,4,0,0,0,4,4,2,0.5034722222222222,290.0,0.0,True,False
288,4 4 18,576,16.0,0,1.25,63800,1.0486111111111112,0,0,276,8,4,0,0,0,4,4,2,0.5034722222222222,290.0,0.0,True,False
288,4 4 18,576,16.0,0,1.25,64000,1.0486111111111112,0,0,276,8,4,0,0,0,4,4,2,0.5034722222222222,290.0,0.0,True,False
288,4 4 18,576,16.0,0,1.25,64200,1.0486111111111112,0,0,276,8,4,0,0,0,4,4,2,0.5034722222222222,290.0,0.0,True,False
288,4 4 18,576,16.0,0,1.25,64400,1.0486111111111112,0,0,276,8,4,0,0,0,4,4,2,0.5034722222222222,290.0,0.0,True,False
288,4 4 18,576,16.0,0,1.25,64600,1.0,0,0,288,0,0,0,0,0,0,0,0,0.5277777777777778,304.0,0.0,True,False
288,4 4 18,576,16.0,0,1.25,64800,1.0,0,0,288,0,0,0,0,0,0,0,0,0.5277777777777778,304.0,0.0,True,False
288,4 4 18,576,16.0,0,1.25,65000,1.0486111111111112,0,0,276,8,4,0,0,0,4,4,2,0.5034722222222222,290.0,0.0,True,False
288,4 4 18,576,16.0,0,1.25,65200,1.0486111111111112,0,0,276,8,4,0,0,0,4,4,2,0.5034722222222222,290.0,0.0,True,False
288,4 4 18,576,16.0,0,1.25,65400,1.0486111111111112,0,0,276,8,4,0,0,0,4,4,2,0.5034722222222222,290.0,0.0,True,False
288,4 4 18,576,16.0,0,1.25,65600,1.0486111111111112,0,0,276,8,4,0,0,0,4,4,2,0.5034722222222222,290.0,0.0,True,False
288,4 4 18,576,16.0,0,1.25,65800,1.0,0,0,288,0,0,0,0,0,0,0,0,0.5277777777777778,304.0,0.0,True,False
288,4 4 18,576,16.0,0,1.25,66000,1.0486111111111112,0,0,276,8,4,0,0,0,4,4,2,0.5034722222222222,290.0,0.0,True,False
288,4 4 18,576,16.0,0,1.25,66200,1.0486111111111112,0,0,276,8,4,0,0,0,4,4,2,0.5034722222222222,290.0,0.0,True,False
288,4 4 18,576,16.0,0,1.25,66400,1.0486111111111112,0,0,276,8,4,0,0,0,4,4,2,0.5034722222222222,290.0,0.0,True,False
288,4 4 18,576,16.0,0,1.25,66600,1.0486111111111112,0,0,276,8,4,0,0,0,4,4,2,0.5034722222222222,290.0,0.0,True,False
288,4 4 18,576,16.0,0,1.25,66800,1.0486111111111112,0,0,276,8,4,0,0,0,4,4,2,0.5034722222222222,290.0,0.0,True,False
288,4 4 18,576,16.0,0,1.25,67000,1.0486111111111112,0,0,276,8,4,0,0,0,4,4,2,0.5034722222222222,290.0,0.0,True,False
288,4 4 18,576,16.0,0,1.25,67200,1.0,0,0,288,0,0,0,0,0,0,0,0,0.5277777777777778,304.0,0.0,True,False
288,4 4 18,576,16.0,0,1.25,67400,1.0,0,0,288,0,0,0,0,0,0,0,0,0.5277777777777778,304.0,0.0,True,False
288,4 4 18,576,16.0,0,1.25,67600,1.0486111111111112,0,0,276,8,4,0,0,0,4,4,2,0.5034722222222222,290.0,0.0,True,False
288,4 4 18,576,16.0,0,1.25,67800,1.0972222222222223,0,0,264,16,8,0,0,0,8,8,2,0.4791666666666667,276.0,0.0,True,False
288,4 4 18,576,16.0,0,1.25,68000,1.0972222222222223,0,0,264,16,8,0,0,0,8,8,2,0.4791666666666667,276.0,0.0,True,False
288,4 4 18,576,16.0,0,1.25,68200,1.0486111111111112,0,0,276,8,4,0,0,0,4,4,2,0.5034722222222222,290.0,0.0,True,False
288,4 4 18,576,16.0,0,1.25,68400,1.0486111111111112,0,0,276,8,4,0,0,0,4,4,2,0.5034722222222222,290.0,0.0,True,False
288,4 4 18,576,16.0,0,1.25,68600,1.0486111111111112,0,0,276,8,4,0,0,0,4,4,2,0.5034722222222222,290.0,0.0,True,False
288,4 4 18,576,16.0,0,1.25,68800,1.0486111111111112,0,0,276,8,4,0,0,0,4,4,2,0.5034722222222222,290.0,0.0,True,False
288,4 4 18,576,16.0,0,1.25,69000,1.0972222222222223,0,0,264,16,8,0,0,0,8,8,2,0.4791666666666667,276.0,0.0,True,False
288,4 4 18,576,16.0,0,1.25,69200,1.0486111111111112,0,0,276,8,4,0,0,0,4,4,2,0.5034722222222222,290.0,0.0,True,False
288,4 4 18,576,16.0,0,1.25,69400,1.0486111111111112,0,0,276,8,4,0,0,0,4,4,2,0.5034722222222222,290.0,0.0,True,False
288,4 4 18,576,16.0,0,1.25,69600,1.0486111111111112,0,0,276,8,4,0,0,0,4,4,2,0.5034722222222222,290.0,0.0,True,False
288,4 4 18,576,16.0,0,1.25,69800,1.0486111111111112,0,0,276,8,4,0,0,0,4,4,2,0.5034722222222222,290.0,0.0,True,False
288,4 4 18,576,16.0,0,1.25,70000,1.0,0,0,288,0,0,0,0,0,0,0,0,0.5277777777777778,304.0,0.0,True,False
288,4 4 18,576,16.0,0,1.25,70200,1.0486111111111112,0,0,276,8,4,0,0,0,4,4,2,0.5034722222222222,290.0,0.0,True,False
288,4 4 18,576,16.0,0,1.25,70400,1.0486111111111112,0,0,276,8,4,0,0,0,4,4,2,0.5034722222222222,290.0,0.0,True,False
288,4 4 18,576,16.0,0,1.25,70600,1.0486111111111112,0,0,276,8,4,0,0,0,4,4,2,0.5034722222222222,290.0,0.0,True,False
288,4 4 18,576,16.0,0,1.25,70800,1.0486111111111112,0,0,276,8,4,0,0,0,4,4,2,0.5034722222222222,290.0,0.0,True,False
288,4 4 18,576,16.0,0,1.25,71000,1.0972222222222223,0,0,264,16,8,0,0,0,8,8,2,0.4791666666666667,276.0,0.0,True,False
288,4 4 18,576,16.0,0,1.25,71200,1.0972222222222223,0,0,264,16,8,0,0,0,8,8,2,0.4791666666666667,276.0,0.0,True,False
288,4 4 18,576,16.0,0,1.25,71400,1.0972222222222223,0,0,264,16,8,0,0,0,8,8,2,0.4791666666666667,276.0,0.0,True,False
288,4 4 18,576,16.0,0,1.25,71600,1.0486111111111112,0,0,276,8,4,0,0,0,4,4,2,0.5034722222222222,290.0,0.0,True,False
288,4 4 18,576,16.0,0,1.25,71800,1.0486111111111112,0,0,276,8,4,0,0,0,4,4,2,0.5034722222222222,290.0,0.0,True,False
288,4 4 18,576,16.0,0,1.25,72000,1.0486111111111112,0,0,276,8,4,0,0,0,4,4,2,0.5034722222222222,290.0,0.0,True,False
288,4 4 18,576,16.0,0,1.25,72200,1.0486111111111112,0,0,276,8,4,0,0,0,4,4,2,0.5034722222222222,290.0,0.0,True,False
288,4 4 18,576,16.0,0,1.25,72400,1.0486111111111112,0,0,276,8,4,0,0,0,4,4,2,0.5034722222222222,290.0,0.0,True,False
288,4 4 18,576,16.0,0,1.25,72600,1.0486111111111112,0,0,276,8,4,0,0,0,4,4,2,0.5034722222222222,290.0,0.0,True,False
288,4 4 18,576,16.0,0,1.25,72800,1.0,0,0,288,0,0,0,0,0,0,0,0,0.5277777777777778,304.0,0.0,True,False
288,4 4 18,576,16.0,0,1.25,73000,1.0,0,0,288,0,0,0,0,0,0,0,0,0.5277777777777778,304.0,0.0,True,False
288,4 4 18,576,16.0,0,1.25,73200,1.0,0,0,288,0,0,0,0,0,0,0,0,0.5277777777777778,304.0,0.0,True,False
288,4 4 18,576,16.0,0,1.25,73400,1.0,0,0,288,0,0,0,0,0,0,0,0,0.5277777777777778,304.0,0.0,True,False
288,4 4 18,576,16.0,0,1.25,73600,1.0,0,0,288,0,0,0,0,0,0,0,0,0.5277777777777778,304.0,0.0,True,False
288,4 4 18,576,16.0,0,1.25,73800,1.0,0,0,288,0,0,0,0,0,0,0,0,0.5277777777777778,304.0,0.0,True,False
288,4 4 18,576,16.0,0,1.25,74000,1.0972222222222223,0,0,264,16,8,0,0,0,8,8,2,0.4791666666666667,276.0,0.0,True,False
288,4 4 18,576,16.0,0,1.25,74200,1.0972222222222223,0,0,264,16,8,0,0,0,8,8,2,0.4791666666666667,276.0,0.0,True,False
288,4 4 18,576,16.0,0,1.25,74400,1.0486111111111112,0,0,276,8,4,0,0,0,4,4,2,0.5034722222222222,290.0,0.0,True,False
288,4 4 18,576,16.0,0,1.25,74600,1.0486111111111112,0,0,276,8,4,0,0,0,4,4,2,0.5034722222222222,290.0,0.0,True,False
288,4 4 18,576,16.0,0,1.25,74800,1.0486111111111112,0,0,276,8,4,0,0,0,4,4,2,0.5034722222222222,290.0,0.0,True,False
288,4 4 18,576,16.0,0,1.25,75000,1.0972222222222223,0,0,264,16,8,0,0,0,8,8,2,0.4791666666666667,276.0,0.0,True,False
288,4 4 18,576,16.0,0,1.25,75200,1.0,0,0,288,0,0,0,0,0,0,0,0,0.5277777777777778,304.0,0.0,True,False
288,4 4 18,576,16.0,0,1.25,75400,1.0,0,0,288,0,0,0,0,0,0,0,0,0.5277777777777778,304.0,0.0,True,False
288,4 4 18,576,16.0,0,1.25,75600,1.0,0,0,288,0,0,0,0,0,0,0,0,0.5277777777777778,304.0,0.0,True,False
288,4 4 18,576,16.0,0,1.25,75800,1.0,0,0,288,0,0,0,0,0,0,0,0,0.5277777777777778,304.0,0.0,True,False
288,4 4 18,576,16.0,0,1.25,76000,1.0486111111111112,0,0,276,8,4,0,0,0,4,4,2,0.5034722222222222,290.0,0.0,True,False
288,4 4 18,576,16.0,0,1.25,76200,1.0486111111111112,0,0,276,8,4,0,0,0,4,4,2,0.5034722222222222,290.0,0.0,True,False
288,4 4 18,576,16.0,0,1.25,76400,1.0486111111111112,0,0,276,8,4,0,0,0,4,4,2,0.5034722222222222,290.0,0.0,True,False
288,4 4 18,576,16.0,0,1.25,76600,1.0972222222222223,0,0,264,16,8,0,0,0,8,8,2,0.4791666666666667,276.0,0.0,True,False
288,4 4 18,576,16.0,0,1.25,76800,1.0972222222222223,0,0,264,16,8,0,0,0,8,8,2,0.4791666666666667,276.0,0.0,True,False
288,4 4 18,576,16.0,0,1.25,77000,1.0486111111111112,0,0,276,8,4,0,0,0,4,4,2,0.5034722222222222,290.0,0.0,True,False
288,4 4 18,576,16.0,0,1.25,77200,1.0486111111111112,0,0,276,8,4,0,0,0,4,4,2,0.5034722222222222,290.0,0.0,True,False
288,4 4 18,576,16.0,0,1.25,77400,1.0486111111111112,0,0,276,8,4,0,0,0,4,4,2,0.5034722222222222,290.0,0.0,True,False
288,4 4 18,576,16.0,0,1.25,77600,1.0486111111111112,0,0,276,8,4,0,0,0,4,4,2,0.5034722222222222,290.0,0.0,True,False
288,4 4 18,576,16.0,0,1.25,77800,1.0,0,0,288,0,0,0,0,0,0,0,0,0.5277777777777778,304.0,0.0,True,False
288,4 4 18,576,16.0,0,1.25,78000,1.0486111111111112,0,0,276,8,4,0,0,0,4,4,2,0.5034722222222222,290.0,0.0,True,False
288,4 4 18,576,16.0,0,1.25,78200,1.0486111111111112,0,0,276,8,4,0,0,0,4,4,2,0.5034722222222222,290.0,0.0,True,False
288,4 4 18,576,16.0,0,1.25,78400,1.0,0,0,288,0,0,0,0,0,0,0,0,0.5277777777777778,304.0,0.0,True,False
288,4 4 18,576,16.0,0,1.25,78600,1.0486111111111112,0,0,276,8,4,0,0,0,4,4,2,0.5034722222222222,290.0,0.0,True,False
288,4 4 18,576,16.0,0,1.25,78800,1.0486111111111112,0,0,276,8,4,0,0,0,4,4,2,0.5034722222222222,290.0,0.0,True,False
288,4 4 18,576,16.0,0,1.25,79000,1.0,0,0,288,0,0,0,0,0,0,0,0,0.5277777777777778,304.0,0.0,True,False
288,4 4 18,576,16.0,0,1.25,79200,1.0,0,0,288,0,0,0,0,0,0,0,0,0.5277777777777778,304.0,0.0,True,False
288,4 4 18,576,16.0,0,1.25,79400,1.0486111111111112,0,0,276,8,4,0,0,0,4,4,2,0.5034722222222222,290.0,0.0,True,False
288,4 4 18,576,16.0,0,1.25,79600,1.0486111111111112,0,0,276,8,4,0,0,0,4,4,2,0.5034722222222222,290.0,0.0,True,False
288,4 4 18,576,16.0,0,1.25,79800,1.0972222222222223,0,0,264,16,8,0,0,0,8,8,2,0.4791666666666667,276.0,0.0,True,False
288,4 4 18,576,16.0,0,1.25,80000,1.1805555555555556,0,0,248,32,8,0,0,0,8,9,16,0.4375,252.0,0.0,True,False
288,4 4 18,576,16.0,0,1.25,80200,1.1319444444444444,0,0,260,24,4,0,0,0,4,5,16,0.4618055555555556,266.0,0.0,True,False
288,4 4 18,576,16.0,0,1.25,80400,1.0486111111111112,0,0,276,8,4,0,0,0,4,4,2,0.5034722222222222,290.0,0.0,True,False
288,4 4 18,576,16.0,0,1.25,80600,1.0486111111111112,0,0,276,8,4,0,0,0,4,4,2,0.5034722222222222,290.0,0.0,True,False
288,4 4 18,576,16.0,0,1.25,80800,1.0,0,0,288,0,0,0,0,0,0,0,0,0.5277777777777778,304.0,0.0,True,False
288,4 4 18,576,16.0,0,1.25,81000,1.0,0,0,288,0,0,0,0,0,0,0,0,0.5277777777777778,304.0,0.0,True,False
288,4 4 18,576,16.0,0,1.25,81200,1.0,0,0,288,0,0,0,0,0,0,0,0,0.5277777777777778,304.0,0.0,True,False
288,4 4 18,576,16.0,0,1.25,81400,1.0,0,0,288,0,0,0,0,0,0,0,0,0.5277777777777778,304.0,0.0,True,False
288,4 4 18,576,16.0,0,1.25,81600,1.0486111111111112,0,0,276,8,4,0,0,0,4,4,2,0.5034722222222222,290.0,0.0,True,False
288,4 4 18,576,16.0,0,1.25,81800,1.0486111111111112,0,0,276,8,4,0,0,0,4,4,2,0.5034722222222222,290.0,0.0,True,False
288,4 4 18,576,16.0,0,1.25,82000,1.0486111111111112,0,0,276,8,4,0,0,0,4,4,2,0.5034722222222222,290.0,0.0,True,False
288,4 4 18,576,16.0,0,1.25,82200,1.0833333333333333,0,0,272,16,0,0,0,0,0,1,16,0.4861111111111111,280.0,0.0,True,False
288,4 4 18,576,16.0,0,1.25,82400,1.0486111111111112,0,0,276,8,4,0,0,0,4,4,2,0.5034722222222222,290.0,0.0,True,False
288,4 4 18,576,16.0,0,1.25,82600,1.0486111111111112,0,0,276,8,4,0,0,0,4,4,2,0.5034722222222222,290.0,0.0,True,False
288,4 4 18,576,16.0,0,1.25,82800,1.0,0,0,288,0,0,0,0,0,0,0,0,0.5277777777777778,304.0,0.0,True,False
288,4 4 18,576,16.0,0,1.25,83000,1.0486111111111112,0,0,276,8,4,0,0,0,4,4,2,0.5034722222222222,290.0,0.0,True,False
288,4 4 18,576,16.0,0,1.25,83200,1.0486111111111112,0,0,276,8,4,0,0,0,4,4,2,0.5034722222222222,290.0,0.0,True,False
288,4 4 18,576,16.0,0,1.25,83400,1.0486111111111112,0,0,276,8,4,0,0,0,4,4,2,0.5034722222222222,290.0,0.0,True,False
288,4 4 18,576,16.0,0,1.25,83600,1.0,0,0,288,0,0,0,0,0,0,0,0,0.5277777777777778,304.0,0.0,True,False
288,4 4 18,576,16.0,0,1.25,83800,1.0486111111111112,0,0,276,8,4,0,0,0,4,4,2,0.5034722222222222,290.0,0.0,True,False
288,4 4 18,576,16.0,0,1.25,84000,1.0,0,0,288,0,0,0,0,0,0,0,0,0.5277777777777778,304.0,0.0,True,False
288,4 4 18,576,16.0,0,1.25,84200,1.0486111111111112,0,0,276,8,4,0,0,0,4,4,2,0.5034722222222222,290.0,0.0,True,False
288,4 4 18,576,16.0,0,1.25,84400,1.0486111111111112,0,0,276,8,4,0,0,0,4,4,2,0.5034722222222222,290.0,0.0,True,False
288,4 4 18,576,16.0,0,1.25,84600,1.0486111111111112,0,0,276,8,4,0,0,0,4,4,2,0.5034722222222222,290.0,0.0,True,False
288,4 4 18,576,16.0,0,1.25,84800,1.0486111111111112,0,0,276,8,4,0,0,0,4,4,2,0.5034722222222222,290.0,0.0,True,False
288,4 4 18,576,16.0,0,1.25,85000,1.0,0,0,288,0,0,0,0,0,0,0,0,0.5277777777777778,304.0,0.0,True,False
288,4 4 18,576,16.0,0,1.25,85200,1.0,0,0,288,0,0,0,0,0,0,0,0,0.5277777777777778,304.0,0.0,True,False
288,4 4 18,576,16.0,0,1.25,85400,1.0,0,0,288,0,0,0,0,0,0,0,0,0.5277777777777778,304.0,0.0,True,False
288,4 4 18,576,16.0,0,1.25,85600,1.0,0,0,288,0,0,0,0,0,0,0,0,0.5277777777777778,304.0,0.0,True,False
288,4 4 18,576,16.0,0,1.25,85800,1.0,0,0,288,0,0,0,0,0,0,0,0,0.5277777777777778,304.0,0.0,True,False
288,4 4 18,576,16.0,0,1.25,86000,1.0,0,0,288,0,0,0,0,0,0,0,0,0.5277777777777778,304.0,0.0,True,False
288,4 4 18,576,16.0,0,1.25,86200,1.0,0,0,288,0,0,0,0,0,0,0,0,0.5277777777777778,304.0,0.0,True,False
288,4 4 18,576,16.0,0,1.25,86400,1.0486111111111112,0,0,276,8,4,0,0,0,4,4,2,0.5034722222222222,290.0,0.0,True,False
288,4 4 18,576,16.0,0,1.25,86600,1.0972222222222223,0,0,264,16,8,0,0,0,8,8,2,0.4791666666666667,276.0,0.0,True,False
288,4 4 18,576,16.0,0,1.25,86800,1.0486111111111112,0,0,276,8,4,0,0,0,4,4,2,0.5034722222222222,290.0,0.0,True,False
288,4 4 18,576,16.0,0,1.25,87000,1.0486111111111112,0,0,276,8,4,0,0,0,4,4,2,0.5034722222222222,290.0,0.0,True,False
288,4 4 18,576,16.0,0,1.25,87200,1.0486111111111112,0,0,276,8,4,0,0,0,4,4,2,0.5034722222222222,290.0,0.0,True,False
288,4 4 18,576,16.0,0,1.25,87400,1.0486111111111112,0,0,276,8,4,0,0,0,4,4,2,0.5034722222222222,290.0,0.0,True,False
288,4 4 18,576,16.0,0,1.25,87600,1.0486111111111112,0,0,276,8,4,0,0,0,4,4,2,0.5034722222222222,290.0,0.0,True,False
288,4 4 18,576,16.0,0,1.25,87800,1.0972222222222223,0,0,264,16,8,0,0,0,8,8,2,0.4791666666666667,276.0,0.0,True,False
288,4 4 18,576,16.0,0,1.25,88000,1.0486111111111112,0,0,276,8,4,0,0,0,4,4,2,0.5034722222222222,290.0,0.0,True,False
288,4 4 18,576,16.0,0,1.25,88200,1.0486111111111112,0,0,276,8,4,0,0,0,4,4,2,0.5034722222222222,290.0,0.0,True,False
288,4 4 18,576,16.0,0,1.25,88400,1.0486111111111112,0,0,276,8,4,0,0,0,4,4,2,0.5034722222222222,290.0,0.0,True,False
288,4 4 18,576,16.0,0,1.25,88600,1.0972222222222223,0,0,264,16,8,0,0,0,8,8,2,0.4791666666666667,276.0,0.0,True,False
288,4 4 18,576,16.0,0,1.25,88800,1.0486111111111112,0,0,276,8,4,0,0,0,4,4,2,0.5034722222222222,290.0,0.0,True,False
288,4 4 18,576,16.0,0,1.25,89000,1.0972222222222223,0,0,264,16,8,0,0,0,8,8,2,0.4791666666666667,276.0,0.0,True,False
288,4 4 18,576,16.0,0,1.25,89200,1.0972222222222223,0,0,264,16,8,0,0,0,8,8,2,0.4791666666666667,276.0,0.0,True,False
288,4 4 18,576,16.0,0,1.25,89400,1.1736111111111112,0,0,244,28,16,0,0,0,16,10,8,0.4409722222222222,254.0,0.0,True,False
288,4 4 18,576,16.0,0,1.25,89600,1.1458333333333333,0,0,252,24,12,0,0,0,12,12,2,0.4548611111111111,262.0,0.0,True,False
288,4 4 18,576,16.0,0,1.25,89800,1.1458333333333333,0,0,252,24,12,0,0,0,12,12,2,0.4548611111111111,262.0,0.0,True,False
288,4 4 18,576,16.0,0,1.25,90000,1.1458333333333333,0,0,252,24,12,0,0,0,12,12,2,0.4548611111111111,262.0,0.0,True,False
288,4 4 18,576,16.0,0,1.25,90200,1.1458333333333333,0,0,252,24,12,0,0,0,12,12,2,0.4548611111111111,262.0,0.0,True,False
288,4 4 18,576,16.0,0,1.25,90400,1.0972222222222223,0,0,264,16,8,0,0,0,8,6,4,0.4791666666666667,276.0,0.0,True,False
288,4 4 18,576,16.0,0,1.25,90600,1.0972222222222223,0,0,264,16,8,0,0,0,8,8,2,0.4791666666666667,276.0,0.0,True,False
288,4 4 18,576,16.0,0,1.25,90800,1.0972222222222223,0,0,264,16,8,0,0,0,8,8,2,0.4791666666666667,276.0,0.0,True,False
288,4 4 18,576,16.0,0,1.25,91000,1.0972222222222223,0,0,264,16,8,0,0,0,8,8,2,0.4791666666666667,276.0,0.0,True,False
288,4 4 18,576,16.0,0,1.25,91200,1.0972222222222223,0,0,264,16,8,0,0,0,8,8,2,0.4791666666666667,276.0,0.0,True,False
288,4 4 18,576,16.0,0,1.25,91400,1.0972222222222223,0,0,264,16,8,0,0,0,8,8,2,0.4791666666666667,276.0,0.0,True,False
288,4 4 18,576,16.0,0,1.25,91600,1.0486111111111112,0,0,276,8,4,0,0,0,4,4,2,0.5034722222222222,290.0,0.0,True,False
288,4 4 18,576,16.0,0,1.25,91800,1.0972222222222223,0,0,264,16,8,0,0,0,8,8,2,0.4791666666666667,276.0,0.0,True,False
288,4 4 18,576,16.0,0,1.25,92000,1.0972222222222223,0,0,264,16,8,0,0,0,8,8,2,0.4791666666666667,276.0,0.0,True,False
288,4 4 18,576,16.0,0,1.25,92200,1.0972222222222223,0,0,264,16,8,0,0,0,8,8,2,0.4791666666666667,276.0,0.0,True,False
288,4 4 18,576,16.0,0,1.25,92400,1.0486111111111112,0,0,276,8,4,0,0,0,4,4,2,0.5034722222222222,290.0,0.0,True,False
288,4 4 18,576,16.0,0,1.25,92600,1.0,0,0,288,0,0,0,0,0,0,0,0,0.5277777777777778,304.0,0.0,True,False
288,4 4 18,576,16.0,0,1.25,92800,1.0,0,0,288,0,0,0,0,0,0,0,0,0.5277777777777778,304.0,0.0,True,False
288,4 4 18,576,16.0,0,1.25,93000,1.0,0,0,288,0,0,0,0,0,0,0,0,0.5277777777777778,304.0,0.0,True,False
288,4 4 18,576,16.0,0,1.25,93200,1.0486111111111112,0,0,276,8,4,0,0,0,4,4,2,0.5034722222222222,290.0,0.0,True,False
288,4 4 18,576,16.0,0,1.25,93400,1.0,0,0,288,0,0,0,0,0,0,0,0,0.5277777777777778,304.0,0.0,True,False
288,4 4 18,576,16.0,0,1.25,93600,1.0,0,0,288,0,0,0,0,0,0,0,0,0.5277777777777778,304.0,0.0,True,False
288,4 4 18,576,16.0,0,1.25,93800,1.0486111111111112,0,0,276,8,4,0,0,0,4,4,2,0.5034722222222222,290.0,0.0,True,False
288,4 4 18,576,16.0,0,1.25,94000,1.0486111111111112,0,0,276,8,4,0,0,0,4,4,2,0.5034722222222222,290.0,0.0,True,False
288,4 4 18,576,16.0,0,1.25,94200,1.0486111111111112,0,0,276,8,4,0,0,0,4,4,2,0.5034722222222222,290.0,0.0,True,False
288,4 4 18,576,16.0,0,1.25,94400,1.0486111111111112,0,0,276,8,4,0,0,0,4,4,2,0.5034722222222222,290.0,0.0,True,False
288,4 4 18,576,16.0,0,1.25,94600,1.0,0,0,288,0,0,0,0,0,0,0,0,0.5277777777777778,304.0,0.0,True,False
288,4 4 18,576,16.0,0,1.25,94800,1.0,0,0,288,0,0,0,0,0,0,0,0,0.5277777777777778,304.0,0.0,True,False
288,4 4 18,576,16.0,0,1.25,95000,1.0,0,0,288,0,0,0,0,0,0,0,0,0.5277777777777778,304.0,0.0,True,False
288,4 4 18,576,16.0,0,1.25,95200,1.0,0,0,288,0,0,0,0,0,0,0,0,0.5277777777777778,304.0,0.0,True,False
288,4 4 18,576,16.0,0,1.25,95400,1.0,0,0,288,0,0,0,0,0,0,0,0,0.5277777777777778,304.0,0.0,True,False
288,4 4 18,576,16.0,0,1.25,95600,1.0,0,0,288,0,0,0,0,0,0,0,0,0.5277777777777778,304.0,0.0,True,False
288,4 4 18,576,16.0,0,1.25,95800,1.0,0,0,288,0,0,0,0,0,0,0,0,0.5277777777777778,304.0,0.0,True,False
288,4 4 18,576,16.0,0,1.25,96000,1.0,0,0,288,0,0,0,0,0,0,0,0,0.5277777777777778,304.0,0.0,True,False
288,4 4 18,576,16.0,0,1.25,96200,1.0,0,0,288,0,0,0,0,0,0,0,0,0.5277777777777778,304.0,0.0,True,False
288,4 4 18,576,16.0,0,1.25,96400,1.0486111111111112,0,0,276,8,4,0,0,0,4,4,2,0.5034722222222222,290.0,0.0,True,False
288,4 4 18,576,16.0,0,1.25,96600,1.0972222222222223,0,0,264,16,8,0,0,0,8,8,2,0.4791666666666667,276.0,0.0,True,False
288,4 4 18,576,16.0,0,1.25,96800,1.0486111111111112,0,0,276,8,4,0,0,0,4,4,2,0.5034722222222222,290.0,0.0,True,False
288,4 4 18,576,16.0,0,1.25,97000,1.0486111111111112,0,0,276,8,4,0,0,0,4,4,2,0.5034722222222222,290.0,0.0,True,False
288,4 4 18,576,16.0,0,1.25,97200,1.0972222222222223,0,0,264,16,8,0,0,0,8,8,2,0.4791666666666667,276.0,0.0,True,False
288,4 4 18,576,16.0,0,1.25,97400,1.0972222222222223,0,0,264,16,8,0,0,0,8,8,2,0.4791666666666667,276.0,0.0,True,False
288,4 4 18,576,16.0,0,1.25,97600,1.0972222222222223,0,0,264,16,8,0,0,0,8,8,2,0.4791666666666667,276.0,0.0,True,False
288,4 4 18,576,16.0,0,1.25,97800,1.0972222222222223,0,0,264,16,8,0,0,0,8,8,2,0.4791666666666667,276.0,0.0,True,False
288,4 4 18,576,16.0,0,1.25,98000,1.1458333333333333,0,0,252,24,12,0,0,0,12,10,4,0.4548611111111111,262.0,0.0,True,False
288,4 4 18,576,16.0,0,1.25,98200,1.0486111111111112,0,0,276,8,4,0,0,0,4,4,2,0.5034722222222222,290.0,0.0,True,False
288,4 4 18,576,16.0,0,1.25,98400,1.0486111111111112,0,0,276,8,4,0,0,0,4,4,2,0.5034722222222222,290.0,0.0,True,False
288,4 4 18,576,16.0,0,1.25,98600,1.0486111111111112,0,0,276,8,4,0,0,0,4,4,2,0.5034722222222222,290.0,0.0,True,False
288,4 4 18,576,16.0,0,1.25,98800,1.0486111111111112,0,0,276,8,4,0,0,0,4,4,2,0.5034722222222222,290.0,0.0,True,False
288,4 4 18,576,16.0,0,1.25,99000,1.0486111111111112,0,0,276,8,4,0,0,0,4,4,2,0.5034722222222222,290.0,0.0,True,False
288,4 4 18,576,16.0,0,1.25,99200,1.0,0,0,288,0,0,0,0,0,0,0,0,0.5277777777777778,304.0,0.0,True,False
288,4 4 18,576,16.0,0,1.25,99400,1.0,0,0,288,0,0,0,0,0,0,0,0,0.5277777777777778,304.0,0.0,True,False
288,4 4 18,576,16.0,0,1.25,99600,1.0,0,0,288,0,0,0,0,0,0,0,0,0.5277777777777778,304.0,0.0,True,False
288,4 4 18,576,16.0,0,1.25,99800,1.0972222222222223,0,0,264,16,8,0,0,0,8,4,6,0.4791666666666667,276.0,0.0,True,False
288,4 4 18,576,16.0,0,1.25,100000,1.0486111111111112,0,0,276,8,4,0,0,0,4,4,2,0.5034722222222222,290.0,0.0,True,True
288,4 4 18,576,16.0,1,1.25,0,2.0,0,288,0,0,0,0,0,0,0,0,0,0.027777777777777776,16.0,0.0,False,False
288,4 4 18,576,16.0,1,1.25,200,2.0555555555555554,0,248,28,0,12,0,0,0,12,0,0,0.0,0.0,0.0,True,False
288,4 4 18,576,16.0,1,1.25,400,2.0555555555555554,0,260,20,0,8,0,0,0,8,0,0,0.0,0.0,0.0,True,False
288,4 4 18,576,16.0,1,1.25,600,2.0555555555555554,0,248,28,0,12,0,0,0,12,0,0,0.0,0.0,0.0,True,False
288,4 4 18,576,16.0,1,1.25,800,2.0555555555555554,0,236,36,0,16,0,0,0,16,0,0,0.0,0.0,0.0,True,False
288,4 4 18,576,16.0,1,1.25,1000,2.0555555555555554,0,236,36,0,16,0,0,0,16,0,0,0.0,0.0,0.0,True,False
288,4 4 18,576,16.0,1,1.25,1200,2.0555555555555554,0,236,36,0,16,0,0,0,16,0,0,0.0,0.0,0.0,True,False
288,4 4 18,576,16.0,1,1.25,1400,2.0555555555555554,0,224,44,0,20,0,0,0,20,0,0,0.0,0.0,0.0,True,False
288,4 4 18,576,16.0,1,1.25,1600,2.0555555555555554,0,224,44,0,20,0,0,0,20,0,0,0.0,0.0,0.0,True,False
288,4 4 18,576,16.0,1,1.25,1800,2.0555555555555554,0,224,44,0,20,0,0,0,20,0,0,0.0,0.0,0.0,True,False
288,4 4 18,576,16.0,1,1.25,2000,2.0555555555555554,0,224,44,0,20,0,0,0,20,0,0,0.0,0.0,0.0,True,False
288,4 4 18,576,16.0,1,1.25,2200,2.0555555555555554,0,236,36,0,16,0,0,0,16,0,0,0.0,0.0,0.0,True,False
288,4 4 18,576,16.0,1,1.25,2400,2.0555555555555554,0,236,36,0,16,0,0,0,16,0,0,0.0,0.0,0.0,True,False
288,4 4 18,576,16.0,1,1.25,2600,2.0555555555555554,0,236,36,0,16,0,0,0,16,0,0,0.0,0.0,0.0,True,False
288,4 4 18,576,16.0,1,1.25,2800,2.0555555555555554,0,224,44,0,20,0,0,0,20,0,0,0.0,0.0,0.0,True,False
288,4 4 18,576,16.0,1,1.25,3000,2.0555555555555554,0,212,52,0,24,0,0,0,24,0,0,0.0,0.0,0.0,True,False
288,4 4 18,576,16.0,1,1.25,3200,2.0555555555555554,0,224,44,0,20,0,0,0,20,0,0,0.0,0.0,0.0,True,False
288,4 4 18,576,16.0,1,1.25,3400,2.0555555555555554,0,224,44,0,20,0,0,0,20,0,0,0.0,0.0,0.0,True,False
288,4 4 18,576,16.0,1,1.25,3600,2.0347222222222223,0,200,60,4,24,0,0,0,24,2,2,0.010416666666666666,6.0,0.0,True,False
288,4 4 18,576,16.0,1,1.25,3800,2.0347222222222223,0,212,52,4,20,0,0,0,20,2,2,0.010416666666666666,6.0,0.0,True,False
288,4 4 18,576,16.0,1,1.25,4000,2.0347222222222223,0,212,52,4,20,0,0,0,20,2,2,0.010416666666666666,6.0,0.0,True,False
288,4 4 18,576,16.0,1,1.25,4200,2.0347222222222223,0,212,52,4,20,0,0,0,20,2,2,0.010416666666666666,6.0,0.0,True,False
288,4 4 18,576,16.0,1,1.25,4400,2.0347222222222223,0,212,52,4,20,0,0,0,20,2,2,0.010416666666666666,6.0,0.0,True,False
288,4 4 18,576,16.0,1,1.25,4600,2.013888888888889,0,200,60,8,20,0,0,0,20,2,4,0.020833333333333332,12.0,0.0,True,False
288,4 4 18,576,16.0,1,1.25,4800,2.013888888888889,0,200,60,8,20,0,0,0,20,2,4,0.020833333333333332,12.0,0.0,True,False
288,4 4 18,576,16.0,1,1.25,5000,1.9930555555555556,0,200,60,12,16,0,0,0,16,1,12,0.03125,18.0,0.0,True,False
288,4 4 18,576,16.0,1,1.25,5200,1.9930555555555556,0,188,68,12,20,0,0,0,20,1,12,0.03125,18.0,0.0,True,False
288,4 4 18,576,16.0,1,1.25,5400,1.9930555555555556,0,200,60,12,16,0,0,0,16,1,12,0.03125,18.0,0.0,True,False
288,4 4 18,576,16.0,1,1.25,5600,1.9930555555555556,0,200,60,12,16,0,0,0,16,1,12,0.03125,18.0,0.0,True,False
288,4 4 18,576,16.0,1,1.25,5800,1.9930555555555556,0,200,60,12,16,0,0,0,16,1,12,0.03125,18.0,0.0,True,False
288,4 4 18,576,16.0,1,1.25,6000,1.9930555555555556,0,200,60,12,16,0,0,0,16,1,12,0.03125,18.0,0.0,True,False
288,4 4 18,576,16.0,1,1.25,6200,1.9930555555555556,0,188,68,12,20,0,0,0,20,1,12,0.03125,18.0,0.0,True,False
288,4 4 18,576,16.0,1,1.25,6400,1.9930555555555556,0,188,68,12,20,0,0,0,20,1,12,0.03125,18.0,0.0,True,False
288,4 4 18,576,16.0,1,1.25,6600,1.9930555555555556,0,176,76,12,24,0,0,0,24,1,12,0.03125,18.0,0.0,True,False
288,4 4 18,576,16.0,1,1.25,6800,1.9930555555555556,0,188,68,12,20,0,0,0,20,1,12,0.03125,18.0,0.0,True,False
288,4 4 18,576,16.0,1,1.25,7000,1.9930555555555556,0,176,76,12,24,0,0,0,24,1,12,0.03125,18.0,0.0,True,False
288,4 4 18,576,16.0,1,1.25,7200,1.9930555555555556,0,176,76,12,24,0,0,0,24,1,12,0.03125,18.0,0.0,True,False
288,4 4 18,576,16.0,1,1.25,7400,1.9722222222222223,0,164,84,16,24,0,0,0,24,1,16,0.041666666666666664,24.0,0.0,True,False
288,4 4 18,576,16.0,1,1.25,7600,1.9722222222222223,0,164,84,16,24,0,0,0,24,1,16,0.041666666666666664,24.0,0.0,True,False
288,4 4 18,576,16.0,1,1.25,7800,1.9305555555555556,0,164,84,24,16,0,0,0,16,1,24,0.0625,36.0,0.0,True,False
288,4 4 18,576,16.0,1,1.25,8000,1.9305555555555556,0,164,84,24,16,0,0,0,16,1,24,0.0625,36.0,0.0,True,False
288,4 4 18,576,16.0,1,1.25,8200,1.9305555555555556,0,164,84,24,16,0,0,0,16,1,24,0.0625,36.0,0.0,True,False
288,4 4 18,576,16.0,1,1.25,8400,1.9097222222222223,0,152,92,28,16,0,0,0,16,1,28,0.07291666666666667,42.0,0.0,True,False
288,4 4 18,576,16.0,1,1.25,8600,1.9097222222222223,0,152,92,28,16,0,0,0,16,1,28,0.07291666666666667,42.0,0.0,True,False
288,4 4 18,576,16.0,1,1.25,8800,1.9097222222222223,0,152,92,28,16,0,0,0,16,1,28,0.07291666666666667,42.0,0.0,True,False
288,4 4 18,576,16.0,1,1.25,9000,1.9097222222222223,0,128,108,28,24,0,0,0,24,1,28,0.07291666666666667,42.0,0.0,True,False
288,4 4 18,576,16.0,1,1.25,9200,1.9097222222222223,0,104,124,28,32,0,0,0,32,1,28,0.07291666666666667,42.0,0.0,True,False
288,4 4 18,576,16.0,1,1.25,9400,1.8680555555555556,0,104,124,36,24,0,0,0,24,1,36,0.09375,54.0,0.0,True,False
288,4 4 18,576,16.0,1,1.25,9600,1.8680555555555556,0,92,132,36,28,0,0,0,28,1,36,0.09375,54.0,0.0,True,False
288,4 4 18,576,16.0,1,1.25,9800,1.8472222222222223,0,104,124,40,20,0,0,0,20,1,40,0.10416666666666667,60.0,0.0,True,False
288,4 4 18,576,16.0,1,1.25,10000,1.8472222222222223,0,116,116,40,16,0,0,0,16,1,40,0.10416666666666667,60.0,0.0,True,False
288,4 4 18,576,16.0,1,1.25,10200,1.8263888888888888,0,104,124,44,16,0,0,0,16,1,44,0.11458333333333333,66.0,0.0,True,False
288,4 4 18,576,16.0,1,1.25,10400,1.8333333333333333,0,96,120,48,24,0,0,0,24,2,46,0.1111111111111111,64.0,0.0,True,False
288,4 4 18,576,16.0,1,1.25,10600,1.8333333333333333,0,96,120,48,24,0,0,0,24,2,46,0.1111111111111111,64.0,0.0,True,False
288,4 4 18,576,16.0,1,1.25,10800,1.8333333333333333,0,84,128,48,28,0,0,0,28,2,46,0.1111111111111111,64.0,0.0,True,False
288,4 4 18,576,16.0,1,1.25,11000,1.8333333333333333,0,84,116,52,36,0,0,0,36,2,50,0.1111111111111111,64.0,0.0,True,False
288,4 4 18,576,16.0,1,1.25,11200,1.8333333333333333,0,84,116,52,36,0,0,0,36,2,50,0.1111111111111111,64.0,0.0,True,False
288,4 4 18,576,16.0,1,1.25,11400,1.8333333333333333,0,60,132,52,44,0,0,0,44,2,50,0.1111111111111111,64.0,0.0,True,False
288,4 4 18,576,16.0,1,1.25,11600,1.7777777777777777,0,52,136,52,48,0,0,0,48,2,50,0.1388888888888889,80.0,0.0,True,False
288,4 4 18,576,16.0,1,1.25,11800,1.7361111111111112,0,52,136,60,40,0,0,0,40,4,50,0.1597222222222222,92.0,0.0,True,False
288,4 4 18,576,16.0,1,1.25,12000,1.6944444444444444,0,52,136,68,32,0,0,0,32,2,66,0.18055555555555555,104.0,0.0,True,False
288,4 4 18,576,16.0,1,1.25,12200,1.6666666666666667,0,48,136,72,32,0,0,0,32,1,72,0.19444444444444445,112.0,0.0,True,False
288,4 4 18,576,16.0,1,1.25,12400,1.6597222222222223,0,44,136,72,36,0,0,0,36,1,72,0.19791666666666666,114.0,0.0,True,False
288,4 4 18,576,16.0,1,1.25,12600,1.6527777777777777,0,44,140,72,32,0,0,0,32,4,36,0.2013888888888889,116.0,0.0,True,False
288,4 4 18,576,16.0,1,1.25,12800,1.625,0,28,132,88,40,0,0,0,40,3,84,0.2152777777777778,124.0,0.0,True,False
288,4 4 18,576,16.0,1,1.25,13000,1.5555555555555556,0,20,148,80,40,0,0,0,40,6,68,0.25,144.0,0.0,True,False
288,4 4 18,576,16.0,1,1.25,13200,1.5694444444444444,0,16,144,84,44,0,0,0,44,6,72,0.24305555555555555,140.0,0.0,True,False
288,4 4 18,576,16.0,1,1.25,13400,1.5208333333333333,0,16,156,76,40,0,0,0,40,9,44,0.2673611111111111,154.0,0.0,True,False
288,4 4 18,576,16.0,1,1.25,13600,1.4652777777777777,0,4,168,72,44,0,0,0,44,13,28,0.2951388888888889,170.0,0.0,True,False
288,4 4 18,576,16.0,1,1.25,13800,1.3888888888888888,0,4,188,60,36,0,0,0,36,9,28,0.3333333333333333,192.0,0.0,True,False
288,4 4 18,576,16.0,1,1.25,14000,1.3611111111111112,0,4,196,56,32,0,0,0,32,9,24,0.3472222222222222,200.0,0.0,True,False
288,4 4 18,576,16.0,1,1.25,14200,1.3611111111111112,0,4,196,56,32,0,0,0,32,9,24,0.3472222222222222,200.0,0.0,True,False
288,4 4 18,576,16.0,1,1.25,14400,1.3125,0,4,208,48,28,0,0,0,28,6,24,0.3715277777777778,214.0,0.0,True,False
288,4 4 18,576,16.0,1,1.25,14600,1.2847222222222223,0,4,216,44,24,0,0,0,24,6,20,0.3854166666666667,222.0,0.0,True,False
288,4 4 18,576,16.0,1,1.25,14800,1.3333333333333333,0,4,204,52,28,0,0,0,28,9,20,0.3611111111111111,208.0,0.0,True,False
288,4 4 18,576,16.0,1,1.25,15000,1.2777777777777777,0,0,216,44,28,0,0,0,28,6,20,0.3888888888888889,224.0,0.0,True,False
288,4 4 18,576,16.0,1,1.25,15200,1.2777777777777777,0,0,216,44,28,0,0,0,28,6,20,0.3888888888888889,224.0,0.0,True,False
288,4 4 18,576,16.0,1,1.25,15400,1.2777777777777777,0,0,216,44,28,0,0,0,28,6,20,0.3888888888888889,224.0,0.0,True,False
288,4 4 18,576,16.0,1,1.25,15600,1.2777777777777777,0,0,216,44,28,0,0,0,28,6,20,0.3888888888888889,224.0,0.0,True,False
288,4 4 18,576,16.0,1,1.25,15800,1.2777777777777777,0,0,216,44,28,0,0,0,28,6,20,0.3888888888888889,224.0,0.0,True,False
288,4 4 18,576,16.0,1,1.25,16000,1.25,0,0,224,40,24,0,0,0,24,6,16,0.4027777777777778,232.0,0.0,True,False
288,4 4 18,576,16.0,1,1.25,16200,1.25,0,0,224,40,24,0,0,0,24,6,16,0.4027777777777778,232.0,0.0,True,False
288,4 4 18,576,16.0,1,1.25,16400,1.25,0,0,224,40,24,0,0,0,24,6,16,0.4027777777777778,232.0,0.0,True,False
288,4 4 18,576,16.0,1,1.25,16600,1.25,0,0,224,40,24,0,0,0,24,6,16,0.4027777777777778,232.0,0.0,True,False
288,4 4 18,576,16.0,1,1.25,16800,1.25,0,0,224,40,24,0,0,0,24,6,16,0.4027777777777778,232.0,0.0,True,False
288,4 4 18,576,16.0,1,1.25,17000,1.25,0,0,224,40,24,0,0,0,24,6,16,0.4027777777777778,232.0,0.0,True,False
288,4 4 18,576,16.0,1,1.25,17200,1.25,0,0,224,40,24,0,0,0,24,6,16,0.4027777777777778,232.0,0.0,True,False
288,4 4 18,576,16.0,1,1.25,17400,1.25,0,0,224,40,24,0,0,0,24,6,16,0.4027777777777778,232.0,0.0,True,False
288,4 4 18,576,16.0,1,1.25,17600,1.25,0,0,224,40,24,0,0,0,24,6,16,0.4027777777777778,232.0,0.0,True,False
288,4 4 18,576,16.0,1,1.25,17800,1.25,0,0,224,40,24,0,0,0,24,6,16,0.4027777777777778,232.0,0.0,True,False
288,4 4 18,576,16.0,1,1.25,18000,1.25,0,0,224,40,24,0,0,0,24,6,16,0.4027777777777778,232.0,0.0,True,False
288,4 4 18,576,16.0,1,1.25,18200,1.25,0,0,224,40,24,0,0,0,24,6,16,0.4027777777777778,232.0,0.0,True,False
288,4 4 18,576,16.0,1,1.25,18400,1.25,0,0,224,40,24,0,0,0,24,6,16,0.4027777777777778,232.0,0.0,True,False
288,4 4 18,576,16.0,1,1.25,18600,1.25,0,0,224,40,24,0,0,0,24,6,16,0.4027777777777778,232.0,0.0,True,False
288,4 4 18,576,16.0,1,1.25,18800,1.25,0,0,224,40,24,0,0,0,24,6,16,0.4027777777777778,232.0,0.0,True,False
288,4 4 18,576,16.0,1,1.25,19000,1.25,0,0,224,40,24,0,0,0,24,6,16,0.4027777777777778,232.0,0.0,True,False
288,4 4 18,576,16.0,1,1.25,19200,1.25,0,0,224,40,24,0,0,0,24,6,16,0.4027777777777778,232.0,0.0,True,False
288,4 4 18,576,16.0,1,1.25,19400,1.25,0,0,224,40,24,0,0,0,24,6,16,0.4027777777777778,232.0,0.0,True,False
288,4 4 18,576,16.0,1,1.25,19600,1.25,0,0,224,40,24,0,0,0,24,6,16,0.4027777777777778,232.0,0.0,True,False
288,4 4 18,576,16.0,1,1.25,19800,1.2777777777777777,0,0,216,44,28,0,0,0,28,6,20,0.3888888888888889,224.0,0.0,True,False
288,4 4 18,576,16.0,1,1.25,20000,1.2777777777777777,0,0,216,44,28,0,0,0,28,6,20,0.3888888888888889,224.0,0.0,True,False
288,4 4 18,576,16.0,1,1.25,20200,1.25,0,0,224,40,24,0,0,0,24,6,16,0.4027777777777778,232.0,0.0,True,False
288,4 4 18,576,16.0,1,1.25,20400,1.25,0,0,224,40,24,0,0,0,24,6,16,0.4027777777777778,232.0,0.0,True,False
288,4 4 18,576,16.0,1,1.25,20600,1.25,0,0,224,40,24,0,0,0,24,6,16,0.4027777777777778,232.0,0.0,True,False
288,4 4 18,576,16.0,1,1.25,20800,1.2986111111111112,0,0,212,48,28,0,0,0,28,10,16,0.3784722222222222,218.0,0.0,True,False
288,4 4 18,576,16.0,1,1.25,21000,1.2986111111111112,0,0,212,48,28,0,0,0,28,10,16,0.3784722222222222,218.0,0.0,True,False
288,4 4 18,576,16.0,1,1.25,21200,1.25,0,0,224,40,24,0,0,0,24,6,16,0.4027777777777778,232.0,0.0,True,False
288,4 4 18,576,16.0,1,1.25,21400,1.2777777777777777,0,0,216,44,28,0,0,0,28,6,20,0.3888888888888889,224.0,0.0,True,False
288,4 4 18,576,16.0,1,1.25,21600,1.2777777777777777,0,0,216,44,28,0,0,0,28,6,20,0.3888888888888889,224.0,0.0,True,False
288,4 4 18,576,16.0,1,1.25,21800,1.2777777777777777,0,0,216,44,28,0,0,0,28,6,20,0.3888888888888889,224.0,0.0,True,False
288,4 4 18,576,16.0,1,1.25,22000,1.2777777777777777,0,0,216,44,28,0,0,0,28,6,20,0.3888888888888889,224.0,0.0,True,False
288,4 4 18,576,16.0,1,1.25,22200,1.2777777777777777,0,0,216,44,28,0,0,0,28,6,20,0.3888888888888889,224.0,0.0,True,False
288,4 4 18,576,16.0,1,1.25,22400,1.3055555555555556,0,0,208,48,32,0,0,0,32,5,24,0.375,216.0,0.0,True,False
288,4 4 18,576,16.0,1,1.25,22600,1.2986111111111112,0,0,212,48,28,0,0,0,28,9,16,0.3784722222222222,218.0,0.0,True,False
288,4 4 18,576,16.0,1,1.25,22800,1.2986111111111112,0,0,212,48,28,0,0,0,28,9,16,0.3784722222222222,218.0,0.0,True,False
288,4 4 18,576,16.0,1,1.25,23000,1.2986111111111112,0,0,212,48,28,0,0,0,28,9,16,0.3784722222222222,218.0,0.0,True,False
288,4 4 18,576,16.0,1,1.25,23200,1.25,0,0,224,40,24,0,0,0,24,6,16,0.4027777777777778,232.0,0.0,True,False
288,4 4 18,576,16.0,1,1.25,23400,1.25,0,0,224,40,24,0,0,0,24,6,16,0.4027777777777778,232.0,0.0,True,False
288,4 4 18,576,16.0,1,1.25,23600,1.25,0,0,224,40,24,0,0,0,24,6,16,0.4027777777777778,232.0,0.0,True,False
288,4 4 18,576,16.0,1,1.25,23800,1.25,0,0,224,40,24,0,0,0,24,6,16,0.4027777777777778,232.0,0.0,True,False
288,4 4 18,576,16.0,1,1.25,24000,1.25,0,0,224,40,24,0,0,0,24,6,16,0.4027777777777778,232.0,0.0,True,False
288,4 4 18,576,16.0,1,1.25,24200,1.25,0,0,224,40,24,0,0,0,24,6,16,0.4027777777777778,232.0,0.0,True,False
288,4 4 18,576,16.0,1,1.25,24400,1.25,0,0,224,40,24,0,0,0,24,6,16,0.4027777777777778,232.0,0.0,True,False
288,4 4 18,576,16.0,1,1.25,24600,1.25,0,0,224,40,24,0,0,0,24,6,16,0.4027777777777778,232.0,0.0,True,False
288,4 4 18,576,16.0,1,1.25,24800,1.25,0,0,224,40,24,0,0,0,24,6,16,0.4027777777777778,232.0,0.0,True,False
288,4 4 18,576,16.0,1,1.25,25000,1.25,0,0,224,40,24,0,0,0,24,6,16,0.4027777777777778,232.0,0.0,True,False
288,4 4 18,576,16.0,1,1.25,25200,1.25,0,0,224,40,24,0,0,0,24,6,16,0.4027777777777778,232.0,0.0,True,False
288,4 4 18,576,16.0,1,1.25,25400,1.25,0,0,224,40,24,0,0,0,24,6,16,0.4027777777777778,232.0,0.0,True,False
288,4 4 18,576,16.0,1,1.25,25600,1.25,0,0,224,40,24,0,0,0,24,6,16,0.4027777777777778,232.0,0.0,True,False
288,4 4 18,576,16.0,1,1.25,25800,1.25,0,0,224,40,24,0,0,0,24,6,16,0.4027777777777778,232.0,0.0,True,False
288,4 4 18,576,16.0,1,1.25,26000,1.25,0,0,224,40,24,0,0,0,24,6,16,0.4027777777777778,232.0,0.0,True,False
288,4 4 18,576,16.0,1,1.25,26200,1.25,0,0,224,40,24,0,0,0,24,6,16,0.4027777777777778,232.0,0.0,True,False
288,4 4 18,576,16.0,1,1.25,26400,1.25,0,0,224,40,24,0,0,0,24,6,16,0.4027777777777778,232.0,0.0,True,False
288,4 4 18,576,16.0,1,1.25,26600,1.25,0,0,224,40,24,0,0,0,24,6,16,0.4027777777777778,232.0,0.0,True,False
288,4 4 18,576,16.0,1,1.25,26800,1.25,0,0,224,40,24,0,0,0,24,6,16,0.4027777777777778,232.0,0.0,True,False
288,4 4 18,576,16.0,1,1.25,27000,1.25,0,0,224,40,24,0,0,0,24,6,16,0.4027777777777778,232.0,0.0,True,False
288,4 4 18,576,16.0,1,1.25,27200,1.25,0,0,224,40,24,0,0,0,24,6,16,0.4027777777777778,232.0,0.0,True,False
288,4 4 18,576,16.0,1,1.25,27400,1.25,0,0,224,40,24,0,0,0,24,6,16,0.4027777777777778,232.0,0.0,True,False
288,4 4 18,576,16.0,1,1.25,27600,1.25,0,0,224,40,24,0,0,0,24,6,16,0.4027777777777778,232.0,0.0,True,False
288,4 4 18,576,16.0,1,1.25,27800,1.2777777777777777,0,0,216,44,28,0,0,0,28,6,20,0.3888888888888889,224.0,0.0,True,False
288,4 4 18,576,16.0,1,1.25,28000,1.2777777777777777,0,0,216,44,28,0,0,0,28,6,20,0.3888888888888889,224.0,0.0,True,False
288,4 4 18,576,16.0,1,1.25,28200,1.2777777777777777,0,0,216,44,28,0,0,0,28,6,20,0.3888888888888889,224.0,0.0,True,False
288,4 4 18,576,16.0,1,1.25,28400,1.2777777777777777,0,0,216,44,28,0,0,0,28,6,20,0.3888888888888889,224.0,0.0,True,False
288,4 4 18,576,16.0,1,1.25,28600,1.2777777777777777,0,0,216,44,28,0,0,0,28,6,20,0.3888888888888889,224.0,0.0,True,False
288,4 4 18,576,16.0,1,1.25,28800,1.2777777777777777,0,0,216,44,28,0,0,0,28,6,20,0.3888888888888889,224.0,0.0,True,False
288,4 4 18,576,16.0,1,1.25,29000,1.2777777777777777,0,0,216,44,28,0,0,0,28,6,20,0.3888888888888889,224.0,0.0,True,False
288,4 4 18,576,16.0,1,1.25,29200,1.2777777777777777,0,0,216,44,28,0,0,0,28,6,20,0.3888888888888889,224.0,0.0,True,False
288,4 4 18,576,16.0,1,1.25,29400,1.25,0,0,224,40,24,0,0,0,24,6,16,0.4027777777777778,232.0,0.0,True,False
288,4 4 18,576,16.0,1,1.25,29600,1.25,0,0,224,40,24,0,0,0,24,6,16,0.4027777777777778,232.0,0.0,True,False
288,4 4 18,576,16.0,1,1.25,29800,1.2777777777777777,0,0,216,44,28,0,0,0,28,6,20,0.3888888888888889,224.0,0.0,True,False
288,4 4 18,576,16.0,1,1.25,30000,1.2777777777777777,0,0,216,44,28,0,0,0,28,6,20,0.3888888888888889,224.0,0.0,True,False
288,4 4 18,576,16.0,1,1.25,30200,1.2777777777777777,0,0,216,44,28,0,0,0,28,6,20,0.3888888888888889,224.0,0.0,True,False
288,4 4 18,576,16.0,1,1.25,30400,1.2777777777777777,0,0,216,44,28,0,0,0,28,6,20,0.3888888888888889,224.0,0.0,True,False
288,4 4 18,576,16.0,1,1.25,30600,1.2777777777777777,0,0,216,44,28,0,0,0,28,6,20,0.3888888888888889,224.0,0.0,True,False
288,4 4 18,576,16.0,1,1.25,30800,1.2847222222222223,0,4,216,44,24,0,0,0,24,6,20,0.3854166666666667,222.0,0.0,True,False
288,4 4 18,576,16.0,1,1.25,31000,1.2847222222222223,0,4,216,44,24,0,0,0,24,6,20,0.3854166666666667,222.0,0.0,True,False
288,4 4 18,576,16.0,1,1.25,31200,1.2847222222222223,0,4,216,44,24,0,0,0,24,6,20,0.3854166666666667,222.0,0.0,True,False
288,4 4 18,576,16.0,1,1.25,31400,1.2777777777777777,0,0,216,44,28,0,0,0,28,6,20,0.3888888888888889,224.0,0.0,True,False
288,4 4 18,576,16.0,1,1.25,31600,1.2777777777777777,0,0,216,44,28,0,0,0,28,6,20,0.3888888888888889,224.0,0.0,True,False
288,4 4 18,576,16.0,1,1.25,31800,1.2777777777777777,0,0,216,44,28,0,0,0,28,6,20,0.3888888888888889,224.0,0.0,True,False
288,4 4 18,576,16.0,1,1.25,32000,1.2777777777777777,0,0,216,44,28,0,0,0,28,6,20,0.3888888888888889,224.0,0.0,True,False
288,4 4 18,576,16.0,1,1.25,32200,1.2777777777777777,0,0,216,44,28,0,0,0,28,6,20,0.3888888888888889,224.0,0.0,True,False
288,4 4 18,576,16.0,1,1.25,32400,1.25,0,0,224,40,24,0,0,0,24,6,16,0.4027777777777778,232.0,0.0,True,False
288,4 4 18,576,16.0,1,1.25,32600,1.25,0,0,224,40,24,0,0,0,24,6,16,0.4027777777777778,232.0,0.0,True,False
288,4 4 18,576,16.0,1,1.25,32800,1.25,0,0,224,40,24,0,0,0,24,6,16,0.4027777777777778,232.0,0.0,True,False
288,4 4 18,576,16.0,1,1.25,33000,1.25,0,0,224,40,24,0,0,0,24,6,16,0.4027777777777778,232.0,0.0,True,False
288,4 4 18,576,16.0,1,1.25,33200,1.25,0,0,224,40,24,0,0,0,24,6,16,0.4027777777777778,232.0,0.0,True,False
288,4 4 18,576,16.0,1,1.25,33400,1.25,0,0,224,40,24,0,0,0,24,6,16,0.4027777777777778,232.0,0.0,True,False
288,4 4 18,576,16.0,1,1.25,33600,1.2777777777777777,0,0,216,44,28,0,0,0,28,6,20,0.3888888888888889,224.0,0.0,True,False
288,4 4 18,576,16.0,1,1.25,33800,1.3541666666666667,0,0,196,56,36,0,0,0,36,10,20,0.3506944444444444,202.0,0.0,True,False
288,4 4 18,576,16.0,1,1.25,34000,1.3611111111111112,0,4,196,56,32,0,0,0,32,10,20,0.3472222222222222,200.0,0.0,True,False
288,4 4 18,576,16.0,1,1.25,34200,1.3541666666666667,0,0,196,56,36,0,0,0,36,10,20,0.3506944444444444,202.0,0.0,True,False
288,4 4 18,576,16.0,1,1.25,34400,1.3263888888888888,0,0,204,52,32,0,0,0,32,9,20,0.3645833333333333,210.0,0.0,True,False
288,4 4 18,576,16.0,1,1.25,34600,1.2986111111111112,0,0,212,48,28,0,0,0,28,9,18,0.3784722222222222,218.0,0.0,True,False
288,4 4 18,576,16.0,1,1.25,34800,1.2986111111111112,0,0,212,48,28,0,0,0,28,9,18,0.3784722222222222,218.0,0.0,True,False
288,4 4 18,576,16.0,1,1.25,35000,1.2986111111111112,0,0,212,48,28,0,0,0,28,9,18,0.3784722222222222,218.0,0.0,True,False
288,4 4 18,576,16.0,1,1.25,35200,1.3263888888888888,0,0,204,52,32,0,0,0,32,10,18,0.3645833333333333,210.0,0.0,True,False
288,4 4 18,576,16.0,1,1.25,35400,1.2777777777777777,0,0,216,44,28,0,0,0,28,7,18,0.3888888888888889,224.0,0.0,True,False
288,4 4 18,576,16.0,1,1.25,35600,1.2777777777777777,0,0,216,44,28,0,0,0,28,7,18,0.3888888888888889,224.0,0.0,True,False
288,4 4 18,576,16.0,1,1.25,35800,1.2777777777777777,0,0,216,44,28,0,0,0,28,7,18,0.3888888888888889,224.0,0.0,True,False
288,4 4 18,576,16.0,1,1.25,36000,1.2777777777777777,0,0,216,44,28,0,0,0,28,7,18,0.3888888888888889,224.0,0.0,True,False
288,4 4 18,576,16.0,1,1.25,36200,1.3263888888888888,0,0,204,52,32,0,0,0,32,11,18,0.3645833333333333,210.0,0.0,True,False
288,4 4 18,576,16.0,1,1.25,36400,1.3263888888888888,0,0,204,52,32,0,0,0,32,11,18,0.3645833333333333,210.0,0.0,True,False
288,4 4 18,576,16.0,1,1.25,36600,1.2986111111111112,0,0,212,48,28,0,0,0,28,10,16,0.3784722222222222,218.0,0.0,True,False
288,4 4 18,576,16.0,1,1.25,36800,1.2986111111111112,0,0,212,48,28,0,0,0,28,10,16,0.3784722222222222,218.0,0.0,True,False
288,4 4 18,576,16.0,1,1.25,37000,1.2986111111111112,0,0,212,48,28,0,0,0,28,10,16,0.3784722222222222,218.0,0.0,True,False
288,4 4 18,576,16.0,1,1.25,37200,1.25,0,0,224,40,24,0,0,0,24,6,16,0.4027777777777778,232.0,0.0,True,False
288,4 4 18,576,16.0,1,1.25,37400,1.25,0,0,224,40,24,0,0,0,24,6,16,0.4027777777777778,232.0,0.0,True,False
288,4 4 18,576,16.0,1,1.25,37600,1.25,0,0,224,40,24,0,0,0,24,6,16,0.4027777777777778,232.0,0.0,True,False
288,4 4 18,576,16.0,1,1.25,37800,1.25,0,0,224,40,24,0,0,0,24,6,16,0.4027777777777778,232.0,0.0,True,False
288,4 4 18,576,16.0,1,1.25,38000,1.25,0,0,224,40,24,0,0,0,24,6,16,0.4027777777777778,232.0,0.0,True,False
288,4 4 18,576,16.0,1,1.25,38200,1.25,0,0,224,40,24,0,0,0,24,6,16,0.4027777777777778,232.0,0.0,True,False
288,4 4 18,576,16.0,1,1.25,38400,1.2986111111111112,0,0,212,48,28,0,0,0,28,7,22,0.3784722222222222,218.0,0.0,True,False
288,4 4 18,576,16.0,1,1.25,38600,1.2986111111111112,0,0,212,48,28,0,0,0,28,7,22,0.3784722222222222,218.0,0.0,True,False
288,4 4 18,576,16.0,1,1.25,38800,1.2986111111111112,0,0,212,48,28,0,0,0,28,7,22,0.3784722222222222,218.0,0.0,True,False
288,4 4 18,576,16.0,1,1.25,39000,1.2986111111111112,0,0,212,48,28,0,0,0,28,7,22,0.3784722222222222,218.0,0.0,True,False
288,4 4 18,576,16.0,1,1.25,39200,1.2986111111111112,0,0,212,48,28,0,0,0,28,7,22,0.3784722222222222,218.0,0.0,True,False
288,4 4 18,576,16.0,1,1.25,39400,1.2986111111111112,0,0,212,48,28,0,0,0,28,7,22,0.3784722222222222,218.0,0.0,True,False
288,4 4 18,576,16.0,1,1.25,39600,1.2986111111111112,0,0,212,48,28,0,0,0,28,7,22,0.3784722222222222,218.0,0.0,True,False
288,4 4 18,576,16.0,1,1.25,39800,1.2986111111111112,0,0,212,48,28,0,0,0,28,7,22,0.3784722222222222,218.0,0.0,True,False
288,4 4 18,576,16.0,1,1.25,40000,1.2986111111111112,0,0,212,48,28,0,0,0,28,7,22,0.3784722222222222,218.0,0.0,True,False
288,4 4 18,576,16.0,1,1.25,40200,1.2986111111111112,0,0,212,48,28,0,0,0,28,7,22,0.3784722222222222,218.0,0.0,True,False
288,4 4 18,576,16.0,1,1.25,40400,1.2986111111111112,0,0,212,48,28,0,0,0,28,7,22,0.3784722222222222,218.0,0.0,True,False
288,4 4 18,576,16.0,1,1.25,40600,1.2986111111111112,0,0,212,48,28,0,0,0,28,7,22,0.3784722222222222,218.0,0.0,True,False
288,4 4 18,576,16.0,1,1.25,40800,1.2986111111111112,0,0,212,48,28,0,0,0,28,7,22,0.3784722222222222,218.0,0.0,True,False
288,4 4 18,576,16.0,1,1.25,41000,1.2986111111111112,0,0,212,48,28,0,0,0,28,7,22,0.3784722222222222,218.0,0.0,True,False
288,4 4 18,576,16.0,1,1.25,41200,1.2986111111111112,0,0,212,48,28,0,0,0,28,7,22,0.3784722222222222,218.0,0.0,True,False
288,4 4 18,576,16.0,1,1.25,41400,1.2986111111111112,0,0,212,48,28,0,0,0,28,7,22,0.3784722222222222,218.0,0.0,True,False
288,4 4 18,576,16.0,1,1.25,41600,1.2986111111111112,0,0,212,48,28,0,0,0,28,7,22,0.3784722222222222,218.0,0.0,True,False
288,4 4 18,576,16.0,1,1.25,41800,1.2986111111111112,0,0,212,48,28,0,0,0,28,7,22,0.3784722222222222,218.0,0.0,True,False
288,4 4 18,576,16.0,1,1.25,42000,1.2986111111111112,0,0,212,48,28,0,0,0,28,7,22,0.3784722222222222,218.0,0.0,True,False
288,4 4 18,576,16.0,1,1.25,42200,1.2986111111111112,0,0,212,48,28,0,0,0,28,7,22,0.3784722222222222,218.0,0.0,True,False
288,4 4 18,576,16.0,1,1.25,42400,1.3263888888888888,0,0,204,52,32,0,0,0,32,8,22,0.3645833333333333,210.0,0.0,True,False
288,4 4 18,576,16.0,1,1.25,42600,1.2777777777777777,0,0,216,44,28,0,0,0,28,7,18,0.3888888888888889,224.0,0.0,True,False
288,4 4 18,576,16.0,1,1.25,42800,1.3055555555555556,0,0,208,48,32,0,0,0,32,7,20,0.375,216.0,0.0,True,False
288,4 4 18,576,16.0,1,1.25,43000,1.3055555555555556,0,0,208,48,32,0,0,0,32,7,20,0.375,216.0,0.0,True,False
288,4 4 18,576,16.0,1,1.25,43200,1.2777777777777777,0,0,216,44,28,0,0,0,28,7,18,0.3888888888888889,224.0,0.0,True,False
288,4 4 18,576,16.0,1,1.25,43400,1.2777777777777777,0,0,216,44,28,0,0,0,28,7,18,0.3888888888888889,224.0,0.0,True,False
288,4 4 18,576,16.0,1,1.25,43600,1.2777777777777777,0,0,216,44,28,0,0,0,28,7,18,0.3888888888888889,224.0,0.0,True,False
288,4 4 18,576,16.0,1,1.25,43800,1.25,0,0,224,40,24,0,0,0,24,6,16,0.4027777777777778,232.0,0.0,True,False
288,4 4 18,576,16.0,1,1.25,44000,1.25,0,0,224,40,24,0,0,0,24,6,16,0.4027777777777778,232.0,0.0,True,False
288,4 4 18,576,16.0,1,1.25,44200,1.25,0,0,224,40,24,0,0,0,24,6,16,0.4027777777777778,232.0,0.0,True,False
288,4 4 18,576,16.0,1,1.25,44400,1.25,0,0,224,40,24,0,0,0,24,6,16,0.4027777777777778,232.0,0.0,True,False
288,4 4 18,576,16.0,1,1.25,44600,1.25,0,0,224,40,24,0,0,0,24,6,16,0.4027777777777778,232.0,0.0,True,False
288,4 4 18,576,16.0,1,1.25,44800,1.25,0,0,224,40,24,0,0,0,24,6,16,0.4027777777777778,232.0,0.0,True,False
288,4 4 18,576,16.0,1,1.25,45000,1.25,0,0,224,40,24,0,0,0,24,6,16,0.4027777777777778,232.0,0.0,True,False
288,4 4 18,576,16.0,1,1.25,45200,1.25,0,0,224,40,24,0,0,0,24,6,16,0.4027777777777778,232.0,0.0,True,False
288,4 4 18,576,16.0,1,1.25,45400,1.25,0,0,224,40,24,0,0,0,24,6,16,0.4027777777777778,232.0,0.0,True,False
288,4 4 18,576,16.0,1,1.25,45600,1.25,0,0,224,40,24,0,0,0,24,6,16,0.4027777777777778,232.0,0.0,True,False
288,4 4 18,576,16.0,1,1.25,45800,1.25,0,0,224,40,24,0,0,0,24,6,16,0.4027777777777778,232.0,0.0,True,False
288,4 4 18,576,16.0,1,1.25,46000,1.25,0,0,224,40,24,0,0,0,24,6,16,0.4027777777777778,232.0,0.0,True,False
288,4 4 18,576,16.0,1,1.25,46200,1.25,0,0,224,40,24,0,0,0,24,6,16,0.4027777777777778,232.0,0.0,True,False
288,4 4 18,576,16.0,1,1.25,46400,1.25,0,0,224,40,24,0,0,0,24,6,16,0.4027777777777778,232.0,0.0,True,False
288,4 4 18,576,16.0,1,1.25,46600,1.25,0,0,224,40,24,0,0,0,24,6,16,0.4027777777777778,232.0,0.0,True,False
288,4 4 18,576,16.0,1,1.25,46800,1.25,0,0,224,40,24,0,0,0,24,6,16,0.4027777777777778,232.0,0.0,True,False
288,4 4 18,576,16.0,1,1.25,47000,1.25,0,0,224,40,24,0,0,0,24,6,16,0.4027777777777778,232.0,0.0,True,False
288,4 4 18,576,16.0,1,1.25,47200,1.25,0,0,224,40,24,0,0,0,24,6,16,0.4027777777777778,232.0,0.0,True,False
288,4 4 18,576,16.0,1,1.25,47400,1.25,0,0,224,40,24,0,0,0,24,6,16,0.4027777777777778,232.0,0.0,True,False
288,4 4 18,576,16.0,1,1.25,47600,1.25,0,0,224,40,24,0,0,0,24,6,16,0.4027777777777778,232.0,0.0,True,False
288,4 4 18,576,16.0,1,1.25,47800,1.25,0,0,224,40,24,0,0,0,24,6,16,0.4027777777777778,232.0,0.0,True,False
288,4 4 18,576,16.0,1,1.25,48000,1.25,0,0,224,40,24,0,0,0,24,6,16,0.4027777777777778,232.0,0.0,True,False
288,4 4 18,576,16.0,1,1.25,48200,1.25,0,0,224,40,24,0,0,0,24,6,16,0.4027777777777778,232.0,0.0,True,False
288,4 4 18,576,16.0,1,1.25,48400,1.25,0,0,224,40,24,0,0,0,24,6,16,0.4027777777777778,232.0,0.0,True,False
288,4 4 18,576,16.0,1,1.25,48600,1.25,0,0,224,40,24,0,0,0,24,6,16,0.4027777777777778,232.0,0.0,True,False
288,4 4 18,576,16.0,1,1.25,48800,1.25,0,0,224,40,24,0,0,0,24,6,16,0.4027777777777778,232.0,0.0,True,False
288,4 4 18,576,16.0,1,1.25,49000,1.25,0,0,224,40,24,0,0,0,24,6,16,0.4027777777777778,232.0,0.0,True,False
288,4 4 18,576,16.0,1,1.25,49200,1.25,0,0,224,40,24,0,0,0,24,6,16,0.4027777777777778,232.0,0.0,True,False
288,4 4 18,576,16.0,1,1.25,49400,1.25,0,0,224,40,24,0,0,0,24,6,16,0.4027777777777778,232.0,0.0,True,False
288,4 4 18,576,16.0,1,1.25,49600,1.25,0,0,224,40,24,0,0,0,24,6,16,0.4027777777777778,232.0,0.0,True,False
288,4 4 18,576,16.0,1,1.25,49800,1.25,0,0,224,40,24,0,0,0,24,6,16,0.4027777777777778,232.0,0.0,True,False
288,4 4 18,576,16.0,1,1.25,50000,1.25,0,0,224,40,24,0,0,0,24,6,16,0.4027777777777778,232.0,0.0,True,False
288,4 4 18,576,16.0,1,1.25,50200,1.25,0,0,224,40,24,0,0,0,24,6,16,0.4027777777777778,232.0,0.0,True,False
288,4 4 18,576,16.0,1,1.25,50400,1.25,0,0,224,40,24,0,0,0,24,6,16,0.4027777777777778,232.0,0.0,True,False
288,4 4 18,576,16.0,1,1.25,50600,1.2777777777777777,0,0,216,44,28,0,0,0,28,6,20,0.3888888888888889,224.0,0.0,True,False
288,4 4 18,576,16.0,1,1.25,50800,1.2777777777777777,0,0,216,44,28,0,0,0,28,6,20,0.3888888888888889,224.0,0.0,True,False
288,4 4 18,576,16.0,1,1.25,51000,1.2777777777777777,0,0,216,44,28,0,0,0,28,6,20,0.3888888888888889,224.0,0.0,True,False
288,4 4 18,576,16.0,1,1.25,51200,1.2777777777777777,0,0,216,44,28,0,0,0,28,6,20,0.3888888888888889,224.0,0.0,True,False
288,4 4 18,576,16.0,1,1.25,51400,1.2777777777777777,0,0,216,44,28,0,0,0,28,6,20,0.3888888888888889,224.0,0.0,True,False
288,4 4 18,576,16.0,1,1.25,51600,1.2777777777777777,0,0,216,44,28,0,0,0,28,6,20,0.3888888888888889,224.0,0.0,True,False
288,4 4 18,576,16.0,1,1.25,51800,1.2777777777777777,0,0,216,44,28,0,0,0,28,6,20,0.3888888888888889,224.0,0.0,True,False
288,4 4 18,576,16.0,1,1.25,52000,1.2777777777777777,0,0,216,44,28,0,0,0,28,6,20,0.3888888888888889,224.0,0.0,True,False
288,4 4 18,576,16.0,1,1.25,52200,1.2777777777777777,0,0,216,44,28,0,0,0,28,6,20,0.3888888888888889,224.0,0.0,True,False
288,4 4 18,576,16.0,1,1.25,52400,1.2777777777777777,0,0,216,44,28,0,0,0,28,6,20,0.3888888888888889,224.0,0.0,True,False
288,4 4 18,576,16.0,1,1.25,52600,1.25,0,0,224,40,24,0,0,0,24,6,16,0.4027777777777778,232.0,0.0,True,False
288,4 4 18,576,16.0,1,1.25,52800,1.25,0,0,224,40,24,0,0,0,24,6,16,0.4027777777777778,232.0,0.0,True,False
288,4 4 18,576,16.0,1,1.25,53000,1.25,0,0,224,40,24,0,0,0,24,6,16,0.4027777777777778,232.0,0.0,True,False
288,4 4 18,576,16.0,1,1.25,53200,1.25,0,0,224,40,24,0,0,0,24,6,16,0.4027777777777778,232.0,0.0,True,False
288,4 4 18,576,16.0,1,1.25,53400,1.25,0,0,224,40,24,0,0,0,24,6,16,0.4027777777777778,232.0,0.0,True,False
288,4 4 18,576,16.0,1,1.25,53600,1.25,0,0,224,40,24,0,0,0,24,6,16,0.4027777777777778,232.0,0.0,True,False
288,4 4 18,576,16.0,1,1.25,53800,1.25,0,0,224,40,24,0,0,0,24,6,16,0.4027777777777778,232.0,0.0,True,False
288,4 4 18,576,16.0,1,1.25,54000,1.25,0,0,224,40,24,0,0,0,24,6,16,0.4027777777777778,232.0,0.0,True,False
288,4 4 18,576,16.0,1,1.25,54200,1.25,0,0,224,40,24,0,0,0,24,6,16,0.4027777777777778,232.0,0.0,True,False
288,4 4 18,576,16.0,1,1.25,54400,1.25,0,0,224,40,24,0,0,0,24,6,16,0.4027777777777778,232.0,0.0,True,False
288,4 4 18,576,16.0,1,1.25,54600,1.25,0,0,224,40,24,0,0,0,24,6,16,0.4027777777777778,232.0,0.0,True,False
288,4 4 18,576,16.0,1,1.25,54800,1.25,0,0,224,40,24,0,0,0,24,6,16,0.4027777777777778,232.0,0.0,True,False
288,4 4 18,576,16.0,1,1.25,55000,1.25,0,0,224,40,24,0,0,0,24,6,16,0.4027777777777778,232.0,0.0,True,False
288,4 4 18,576,16.0,1,1.25,55200,1.25,0,0,224,40,24,0,0,0,24,6,16,0.4027777777777778,232.0,0.0,True,False
288,4 4 18,576,16.0,1,1.25,55400,1.25,0,0,224,40,24,0,0,0,24,6,16,0.4027777777777778,232.0,0.0,True,False
288,4 4 18,576,16.0,1,1.25,55600,1.2777777777777777,0,0,216,44,28,0,0,0,28,5,20,0.3888888888888889,224.0,0.0,True,False
288,4 4 18,576,16.0,1,1.25,55800,1.2777777777777777,0,0,216,44,28,0,0,0,28,5,20,0.3888888888888889,224.0,0.0,True,False
288,4 4 18,576,16.0,1,1.25,56000,1.2777777777777777,0,0,216,44,28,0,0,0,28,5,20,0.3888888888888889,224.0,0.0,True,False
288,4 4 18,576,16.0,1,1.25,56200,1.2777777777777777,0,0,216,44,28,0,0,0,28,5,20,0.3888888888888889,224.0,0.0,True,False
288,4 4 18,576,16.0,1,1.25,56400,1.25,0,0,224,40,24,0,0,0,24,6,16,0.4027777777777778,232.0,0.0,True,False
288,4 4 18,576,16.0,1,1.25,56600,1.25,0,0,224,40,24,0,0,0,24,6,16,0.4027777777777778,232.0,0.0,True,False
288,4 4 18,576,16.0,1,1.25,56800,1.25,0,0,224,40,24,0,0,0,24,6,16,0.4027777777777778,232.0,0.0,True,False
288,4 4 18,576,16.0,1,1.25,57000,1.25,0,0,224,40,24,0,0,0,24,6,16,0.4027777777777778,232.0,0.0,True,False
288,4 4 18,576,16.0,1,1.25,57200,1.25,0,0,224,40,24,0,0,0,24,6,16,0.4027777777777778,232.0,0.0,True,False
288,4 4 18,576,16.0,1,1.25,57400,1.25,0,0,224,40,24,0,0,0,24,6,16,0.4027777777777778,232.0,0.0,True,False
288,4 4 18,576,16.0,1,1.25,57600,1.25,0,0,224,40,24,0,0,0,24,6,16,0.4027777777777778,232.0,0.0,True,False
288,4 4 18,576,16.0,1,1.25,57800,1.25,0,0,224,40,24,0,0,0,24,6,16,0.4027777777777778,232.0,0.0,True,False
288,4 4 18,576,16.0,1,1.25,58000,1.25,0,0,224,40,24,0,0,0,24,6,16,0.4027777777777778,232.0,0.0,True,False
288,4 4 18,576,16.0,1,1.25,58200,1.25,0,0,224,40,24,0,0,0,24,6,16,0.4027777777777778,232.0,0.0,True,False
288,4 4 18,576,16.0,1,1.25,58400,1.25,0,0,224,40,24,0,0,0,24,6,16,0.4027777777777778,232.0,0.0,True,False
288,4 4 18,576,16.0,1,1.25,58600,1.25,0,0,224,40,24,0,0,0,24,6,16,0.4027777777777778,232.0,0.0,True,False
288,4 4 18,576,16.0,1,1.25,58800,1.25,0,0,224,40,24,0,0,0,24,6,16,0.4027777777777778,232.0,0.0,True,False
288,4 4 18,576,16.0,1,1.25,59000,1.25,0,0,224,40,24,0,0,0,24,6,16,0.4027777777777778,232.0,0.0,True,False
288,4 4 18,576,16.0,1,1.25,59200,1.25,0,0,224,40,24,0,0,0,24,6,16,0.4027777777777778,232.0,0.0,True,False
288,4 4 18,576,16.0,1,1.25,59400,1.2986111111111112,0,0,212,48,28,0,0,0,28,10,16,0.3784722222222222,218.0,0.0,True,False
288,4 4 18,576,16.0,1,1.25,59600,1.2986111111111112,0,0,212,48,28,0,0,0,28,10,16,0.3784722222222222,218.0,0.0,True,False
288,4 4 18,576,16.0,1,1.25,59800,1.25,0,0,224,40,24,0,0,0,24,6,16,0.4027777777777778,232.0,0.0,True,False
288,4 4 18,576,16.0,1,1.25,60000,1.25,0,0,224,40,24,0,0,0,24,6,16,0.4027777777777778,232.0,0.0,True,False
288,4 4 18,576,16.0,1,1.25,60200,1.25,0,0,224,40,24,0,0,0,24,6,16,0.4027777777777778,232.0,0.0,True,False
288,4 4 18,576,16.0,1,1.25,60400,1.25,0,0,224,40,24,0,0,0,24,6,16,0.4027777777777778,232.0,0.0,True,False
288,4 4 18,576,16.0,1,1.25,60600,1.2986111111111112,0,0,212,48,28,0,0,0,28,8,18,0.3784722222222222,218.0,0.0,True,False
288,4 4 18,576,16.0,1,1.25,60800,1.2986111111111112,0,0,212,48,28,0,0,0,28,8,18,0.3784722222222222,218.0,0.0,True,False
288,4 4 18,576,16.0,1,1.25,61000,1.2986111111111112,0,0,212,48,28,0,0,0,28,8,18,0.3784722222222222,218.0,0.0,True,False
288,4 4 18,576,16.0,1,1.25,61200,1.2986111111111112,0,0,212,48,28,0,0,0,28,8,18,0.3784722222222222,218.0,0.0,True,False
288,4 4 18,576,16.0,1,1.25,61400,1.2986111111111112,0,0,212,48,28,0,0,0,28,8,18,0.3784722222222222,218.0,0.0,True,False
288,4 4 18,576,16.0,1,1.25,61600,1.25,0,0,224,40,24,0,0,0,24,6,16,0.4027777777777778,232.0,0.0,True,False
288,4 4 18,576,16.0,1,1.25,61800,1.25,0,0,224,40,24,0,0,0,24,6,16,0.4027777777777778,232.0,0.0,True,False
288,4 4 18,576,16.0,1,1.25,62000,1.25,0,0,224,40,24,0,0,0,24,6,16,0.4027777777777778,232.0,0.0,True,False
288,4 4 18,576,16.0,1,1.25,62200,1.25,0,0,224,40,24,0,0,0,24,6,16,0.4027777777777778,232.0,0.0,True,False
288,4 4 18,576,16.0,1,1.25,62400,1.2777777777777777,0,0,216,44,28,0,0,0,28,7,18,0.3888888888888889,224.0,0.0,True,False
288,4 4 18,576,16.0,1,1.25,62600,1.2777777777777777,0,0,216,44,28,0,0,0,28,7,18,0.3888888888888889,224.0,0.0,True,False
288,4 4 18,576,16.0,1,1.25,62800,1.2777777777777777,0,0,216,44,28,0,0,0,28,7,18,0.3888888888888889,224.0,0.0,True,False
288,4 4 18,576,16.0,1,1.25,63000,1.2777777777777777,0,0,216,44,28,0,0,0,28,7,18,0.3888888888888889,224.0,0.0,True,False
288,4 4 18,576,16.0,1,1.25,63200,1.2777777777777777,0,0,216,44,28,0,0,0,28,7,18,0.3888888888888889,224.0,0.0,True,False
288,4 4 18,576,16.0,1,1.25,63400,1.2777777777777777,0,0,216,44,28,0,0,0,28,7,18,0.3888888888888889,224.0,0.0,True,False
288,4 4 18,576,16.0,1,1.25,63600,1.25,0,0,224,40,24,0,0,0,24,6,16,0.4027777777777778,232.0,0.0,True,False
288,4 4 18,576,16.0,1,1.25,63800,1.25,0,0,224,40,24,0,0,0,24,6,16,0.4027777777777778,232.0,0.0,True,False
288,4 4 18,576,16.0,1,1.25,64000,1.25,0,0,224,40,24,0,0,0,24,6,16,0.4027777777777778,232.0,0.0,True,False
288,4 4 18,576,16.0,1,1.25,64200,1.25,0,0,224,40,24,0,0,0,24,6,16,0.4027777777777778,232.0,0.0,True,False
288,4 4 18,576,16.0,1,1.25,64400,1.2986111111111112,0,0,212,48,28,0,0,0,28,9,18,0.3784722222222222,218.0,0.0,True,False
288,4 4 18,576,16.0,1,1.25,64600,1.2986111111111112,0,0,212,48,28,0,0,0,28,9,18,0.3784722222222222,218.0,0.0,True,False
288,4 4 18,576,16.0,1,1.25,64800,1.2986111111111112,0,0,212,48,28,0,0,0,28,9,18,0.3784722222222222,218.0,0.0,True,False
288,4 4 18,576,16.0,1,1.25,65000,1.2986111111111112,0,0,212,48,28,0,0,0,28,9,18,0.3784722222222222,218.0,0.0,True,False
288,4 4 18,576,16.0,1,1.25,65200,1.2986111111111112,0,0,212,48,28,0,0,0,28,9,18,0.3784722222222222,218.0,0.0,True,False
288,4 4 18,576,16.0,1,1.25,65400,1.2986111111111112,0,0,212,48,28,0,0,0,28,9,18,0.3784722222222222,218.0,0.0,True,False
288,4 4 18,576,16.0,1,1.25,65600,1.2986111111111112,0,0,212,48,28,0,0,0,28,9,18,0.3784722222222222,218.0,0.0,True,False
288,4 4 18,576,16.0,1,1.25,65800,1.2986111111111112,0,0,212,48,28,0,0,0,28,9,18,0.3784722222222222,218.0,0.0,True,False
288,4 4 18,576,16.0,1,1.25,66000,1.2986111111111112,0,0,212,48,28,0,0,0,28,9,18,0.3784722222222222,218.0,0.0,True,False
288,4 4 18,576,16.0,1,1.25,66200,1.25,0,0,224,40,24,0,0,0,24,6,16,0.4027777777777778,232.0,0.0,True,False
288,4 4 18,576,16.0,1,1.25,66400,1.25,0,0,224,40,24,0,0,0,24,6,16,0.4027777777777778,232.0,0.0,True,False
288,4 4 18,576,16.0,1,1.25,66600,1.25,0,0,224,40,24,0,0,0,24,6,16,0.4027777777777778,232.0,0.0,True,False
288,4 4 18,576,16.0,1,1.25,66800,1.25,0,0,224,40,24,0,0,0,24,6,16,0.4027777777777778,232.0,0.0,True,False
288,4 4 18,576,16.0,1,1.25,67000,1.25,0,0,224,40,24,0,0,0,24,6,16,0.4027777777777778,232.0,0.0,True,False
288,4 4 18,576,16.0,1,1.25,67200,1.25,0,0,224,40,24,0,0,0,24,6,16,0.4027777777777778,232.0,0.0,True,False
288,4 4 18,576,16.0,1,1.25,67400,1.25,0,0,224,40,24,0,0,0,24,6,16,0.4027777777777778,232.0,0.0,True,False
288,4 4 18,576,16.0,1,1.25,67600,1.25,0,0,224,40,24,0,0,0,24,6,16,0.4027777777777778,232.0,0.0,True,False
288,4 4 18,576,16.0,1,1.25,67800,1.25,0,0,224,40,24,0,0,0,24,6,16,0.4027777777777778,232.0,0.0,True,False
288,4 4 18,576,16.0,1,1.25,68000,1.25,0,0,224,40,24,0,0,0,24,6,16,0.4027777777777778,232.0,0.0,True,False
288,4 4 18,576,16.0,1,1.25,68200,1.25,0,0,224,40,24,0,0,0,24,6,16,0.4027777777777778,232.0,0.0,True,False
288,4 4 18,576,16.0,1,1.25,68400,1.25,0,0,224,40,24,0,0,0,24,6,16,0.4027777777777778,232.0,0.0,True,False
288,4 4 18,576,16.0,1,1.25,68600,1.25,0,0,224,40,24,0,0,0,24,6,16,0.4027777777777778,232.0,0.0,True,False
288,4 4 18,576,16.0,1,1.25,68800,1.25,0,0,224,40,24,0,0,0,24,6,16,0.4027777777777778,232.0,0.0,True,False
288,4 4 18,576,16.0,1,1.25,69000,1.25,0,0,224,40,24,0,0,0,24,6,16,0.4027777777777778,232.0,0.0,True,False
288,4 4 18,576,16.0,1,1.25,69200,1.25,0,0,224,40,24,0,0,0,24,6,16,0.4027777777777778,232.0,0.0,True,False
288,4 4 18,576,16.0,1,1.25,69400,1.25,0,0,224,40,24,0,0,0,24,6,16,0.4027777777777778,232.0,0.0,True,False
288,4 4 18,576,16.0,1,1.25,69600,1.25,0,0,224,40,24,0,0,0,24,6,16,0.4027777777777778,232.0,0.0,True,False
288,4 4 18,576,16.0,1,1.25,69800,1.25,0,0,224,40,24,0,0,0,24,6,16,0.4027777777777778,232.0,0.0,True,False
288,4 4 18,576,16.0,1,1.25,70000,1.25,0,0,224,40,24,0,0,0,24,6,16,0.4027777777777778,232.0,0.0,True,False
288,4 4 18,576,16.0,1,1.25,70200,1.25,0,0,224,40,24,0,0,0,24,6,16,0.4027777777777778,232.0,0.0,True,False
288,4 4 18,576,16.0,1,1.25,70400,1.25,0,0,224,40,24,0,0,0,24,6,16,0.4027777777777778,232.0,0.0,True,False
288,4 4 18,576,16.0,1,1.25,70600,1.25,0,0,224,40,24,0,0,0,24,6,16,0.4027777777777778,232.0,0.0,True,False
288,4 4 18,576,16.0,1,1.25,70800,1.25,0,0,224,40,24,0,0,0,24,6,16,0.4027777777777778,232.0,0.0,True,False
288,4 4 18,576,16.0,1,1.25,71000,1.25,0,0,224,40,24,0,0,0,24,6,16,0.4027777777777778,232.0,0.0,True,False
288,4 4 18,576,16.0,1,1.25,71200,1.25,0,0,224,40,24,0,0,0,24,6,16,0.4027777777777778,232.0,0.0,True,False
288,4 4 18,576,16.0,1,1.25,71400,1.25,0,0,224,40,24,0,0,0,24,6,16,0.4027777777777778,232.0,0.0,True,False
288,4 4 18,576,16.0,1,1.25,71600,1.25,0,0,224,40,24,0,0,0,24,6,16,0.4027777777777778,232.0,0.0,True,False
288,4 4 18,576,16.0,1,1.25,71800,1.25,0,0,224,40,24,0,0,0,24,6,16,0.4027777777777778,232.0,0.0,True,False
288,4 4 18,576,16.0,1,1.25,72000,1.25,0,0,224,40,24,0,0,0,24,6,16,0.4027777777777778,232.0,0.0,True,False
288,4 4 18,576,16.0,1,1.25,72200,1.25,0,0,224,40,24,0,0,0,24,6,16,0.4027777777777778,232.0,0.0,True,False
288,4 4 18,576,16.0,1,1.25,72400,1.25,0,0,224,40,24,0,0,0,24,6,16,0.4027777777777778,232.0,0.0,True,False
288,4 4 18,576,16.0,1,1.25,72600,1.25,0,0,224,40,24,0,0,0,24,6,16,0.4027777777777778,232.0,0.0,True,False
288,4 4 18,576,16.0,1,1.25,72800,1.25,0,0,224,40,24,0,0,0,24,6,16,0.4027777777777778,232.0,0.0,True,False
288,4 4 18,576,16.0,1,1.25,73000,1.25,0,0,224,40,24,0,0,0,24,6,16,0.4027777777777778,232.0,0.0,True,False
288,4 4 18,576,16.0,1,1.25,73200,1.25,0,0,224,40,24,0,0,0,24,6,16,0.4027777777777778,232.0,0.0,True,False
288,4 4 18,576,16.0,1,1.25,73400,1.25,0,0,224,40,24,0,0,0,24,6,16,0.4027777777777778,232.0,0.0,True,False
288,4 4 18,576,16.0,1,1.25,73600,1.25,0,0,224,40,24,0,0,0,24,6,16,0.4027777777777778,232.0,0.0,True,False
288,4 4 18,576,16.0,1,1.25,73800,1.25,0,0,224,40,24,0,0,0,24,6,16,0.4027777777777778,232.0,0.0,True,False
288,4 4 18,576,16.0,1,1.25,74000,1.25,0,0,224,40,24,0,0,0,24,6,16,0.4027777777777778,232.0,0.0,True,False
288,4 4 18,576,16.0,1,1.25,74200,1.25,0,0,224,40,24,0,0,0,24,6,16,0.4027777777777778,232.0,0.0,True,False
288,4 4 18,576,16.0,1,1.25,74400,1.25,0,0,224,40,24,0,0,0,24,6,16,0.4027777777777778,232.0,0.0,True,False
288,4 4 18,576,16.0,1,1.25,74600,1.25,0,0,224,40,24,0,0,0,24,6,16,0.4027777777777778,232.0,0.0,True,False
288,4 4 18,576,16.0,1,1.25,74800,1.25,0,0,224,40,24,0,0,0,24,6,16,0.4027777777777778,232.0,0.0,True,False
288,4 4 18,576,16.0,1,1.25,75000,1.25,0,0,224,40,24,0,0,0,24,6,16,0.4027777777777778,232.0,0.0,True,False
288,4 4 18,576,16.0,1,1.25,75200,1.25,0,0,224,40,24,0,0,0,24,6,16,0.4027777777777778,232.0,0.0,True,False
288,4 4 18,576,16.0,1,1.25,75400,1.2777777777777777,0,0,216,44,28,0,0,0,28,7,18,0.3888888888888889,224.0,0.0,True,False
288,4 4 18,576,16.0,1,1.25,75600,1.25,0,0,224,40,24,0,0,0,24,6,16,0.4027777777777778,232.0,0.0,True,False
288,4 4 18,576,16.0,1,1.25,75800,1.25,0,0,224,40,24,0,0,0,24,6,16,0.4027777777777778,232.0,0.0,True,False
288,4 4 18,576,16.0,1,1.25,76000,1.25,0,0,224,40,24,0,0,0,24,6,16,0.4027777777777778,232.0,0.0,True,False
288,4 4 18,576,16.0,1,1.25,76200,1.25,0,0,224,40,24,0,0,0,24,6,16,0.4027777777777778,232.0,0.0,True,False
288,4 4 18,576,16.0,1,1.25,76400,1.25,0,0,224,40,24,0,0,0,24,6,16,0.4027777777777778,232.0,0.0,True,False
288,4 4 18,576,16.0,1,1.25,76600,1.25,0,0,224,40,24,0,0,0,24,6,16,0.4027777777777778,232.0,0.0,True,False
288,4 4 18,576,16.0,1,1.25,76800,1.25,0,0,224,40,24,0,0,0,24,6,16,0.4027777777777778,232.0,0.0,True,False
288,4 4 18,576,16.0,1,1.25,77000,1.25,0,0,224,40,24,0,0,0,24,6,16,0.4027777777777778,232.0,0.0,True,False
288,4 4 18,576,16.0,1,1.25,77200,1.25,0,0,224,40,24,0,0,0,24,6,16,0.4027777777777778,232.0,0.0,True,False
288,4 4 18,576,16.0,1,1.25,77400,1.25,0,0,224,40,24,0,0,0,24,6,16,0.4027777777777778,232.0,0.0,True,False
288,4 4 18,576,16.0,1,1.25,77600,1.25,0,0,224,40,24,0,0,0,24,6,16,0.4027777777777778,232.0,0.0,True,False
288,4 4 18,576,16.0,1,1.25,77800,1.25,0,0,224,40,24,0,0,0,24,6,16,0.4027777777777778,232.0,0.0,True,False
288,4 4 18,576,16.0,1,1.25,78000,1.2777777777777777,0,0,216,44,28,0,0,0,28,5,20,0.3888888888888889,224.0,0.0,True,False
288,4 4 18,576,16.0,1,1.25,78200,1.2777777777777777,0,0,216,44,28,0,0,0,28,5,20,0.3888888888888889,224.0,0.0,True,False
288,4 4 18,576,16.0,1,1.25,78400,1.2777777777777777,0,0,216,44,28,0,0,0,28,5,20,0.3888888888888889,224.0,0.0,True,False
288,4 4 18,576,16.0,1,1.25,78600,1.25,0,0,224,40,24,0,0,0,24,6,16,0.4027777777777778,232.0,0.0,True,False
288,4 4 18,576,16.0,1,1.25,78800,1.25,0,0,224,40,24,0,0,0,24,6,16,0.4027777777777778,232.0,0.0,True,False
288,4 4 18,576,16.0,1,1.25,79000,1.25,0,0,224,40,24,0,0,0,24,6,16,0.4027777777777778,232.0,0.0,True,False
288,4 4 18,576,16.0,1,1.25,79200,1.25,0,0,224,40,24,0,0,0,24,6,16,0.4027777777777778,232.0,0.0,True,False
288,4 4 18,576,16.0,1,1.25,79400,1.25,0,0,224,40,24,0,0,0,24,6,16,0.4027777777777778,232.0,0.0,True,False
288,4 4 18,576,16.0,1,1.25,79600,1.25,0,0,224,40,24,0,0,0,24,6,16,0.4027777777777778,232.0,0.0,True,False
288,4 4 18,576,16.0,1,1.25,79800,1.25,0,0,224,40,24,0,0,0,24,6,16,0.4027777777777778,232.0,0.0,True,False
288,4 4 18,576,16.0,1,1.25,80000,1.25,0,0,224,40,24,0,0,0,24,6,16,0.4027777777777778,232.0,0.0,True,False
288,4 4 18,576,16.0,1,1.25,80200,1.25,0,0,224,40,24,0,0,0,24,6,16,0.4027777777777778,232.0,0.0,True,False
288,4 4 18,576,16.0,1,1.25,80400,1.25,0,0,224,40,24,0,0,0,24,6,16,0.4027777777777778,232.0,0.0,True,False
288,4 4 18,576,16.0,1,1.25,80600,1.25,0,0,224,40,24,0,0,0,24,6,16,0.4027777777777778,232.0,0.0,True,False
288,4 4 18,576,16.0,1,1.25,80800,1.25,0,0,224,40,24,0,0,0,24,6,16,0.4027777777777778,232.0,0.0,True,False
288,4 4 18,576,16.0,1,1.25,81000,1.25,0,0,224,40,24,0,0,0,24,6,16,0.4027777777777778,232.0,0.0,True,False
288,4 4 18,576,16.0,1,1.25,81200,1.25,0,0,224,40,24,0,0,0,24,6,16,0.4027777777777778,232.0,0.0,True,False
288,4 4 18,576,16.0,1,1.25,81400,1.25,0,0,224,40,24,0,0,0,24,6,16,0.4027777777777778,232.0,0.0,True,False
288,4 4 18,576,16.0,1,1.25,81600,1.25,0,0,224,40,24,0,0,0,24,6,16,0.4027777777777778,232.0,0.0,True,False
288,4 4 18,576,16.0,1,1.25,81800,1.25,0,0,224,40,24,0,0,0,24,6,16,0.4027777777777778,232.0,0.0,True,False
288,4 4 18,576,16.0,1,1.25,82000,1.25,0,0,224,40,24,0,0,0,24,6,16,0.4027777777777778,232.0,0.0,True,False
288,4 4 18,576,16.0,1,1.25,82200,1.25,0,0,224,40,24,0,0,0,24,6,16,0.4027777777777778,232.0,0.0,True,False
288,4 4 18,576,16.0,1,1.25,82400,1.25,0,0,224,40,24,0,0,0,24,6,16,0.4027777777777778,232.0,0.0,True,False
288,4 4 18,576,16.0,1,1.25,82600,1.25,0,0,224,40,24,0,0,0,24,6,16,0.4027777777777778,232.0,0.0,True,False
288,4 4 18,576,16.0,1,1.25,82800,1.25,0,0,224,40,24,0,0,0,24,6,16,0.4027777777777778,232.0,0.0,True,False
288,4 4 18,576,16.0,1,1.25,83000,1.25,0,0,224,40,24,0,0,0,24,6,16,0.4027777777777778,232.0,0.0,True,False
288,4 4 18,576,16.0,1,1.25,83200,1.25,0,0,224,40,24,0,0,0,24,6,16,0.4027777777777778,232.0,0.0,True,False
288,4 4 18,576,16.0,1,1.25,83400,1.25,0,0,224,40,24,0,0,0,24,6,16,0.4027777777777778,232.0,0.0,True,False
288,4 4 18,576,16.0,1,1.25,83600,1.25,0,0,224,40,24,0,0,0,24,6,16,0.4027777777777778,232.0,0.0,True,False
288,4 4 18,576,16.0,1,1.25,83800,1.25,0,0,224,40,24,0,0,0,24,6,16,0.4027777777777778,232.0,0.0,True,False
288,4 4 18,576,16.0,1,1.25,84000,1.25,0,0,224,40,24,0,0,0,24,6,16,0.4027777777777778,232.0,0.0,True,False
288,4 4 18,576,16.0,1,1.25,84200,1.25,0,0,224,40,24,0,0,0,24,6,16,0.4027777777777778,232.0,0.0,True,False
288,4 4 18,576,16.0,1,1.25,84400,1.25,0,0,224,40,24,0,0,0,24,6,16,0.4027777777777778,232.0,0.0,True,False
288,4 4 18,576,16.0,1,1.25,84600,1.25,0,0,224,40,24,0,0,0,24,6,16,0.4027777777777778,232.0,0.0,True,False
288,4 4 18,576,16.0,1,1.25,84800,1.25,0,0,224,40,24,0,0,0,24,6,16,0.4027777777777778,232.0,0.0,True,False
288,4 4 18,576,16.0,1,1.25,85000,1.25,0,0,224,40,24,0,0,0,24,6,16,0.4027777777777778,232.0,0.0,True,False
288,4 4 18,576,16.0,1,1.25,85200,1.25,0,0,224,40,24,0,0,0,24,6,16,0.4027777777777778,232.0,0.0,True,False
288,4 4 18,576,16.0,1,1.25,85400,1.25,0,0,224,40,24,0,0,0,24,6,16,0.4027777777777778,232.0,0.0,True,False
288,4 4 18,576,16.0,1,1.25,85600,1.25,0,0,224,40,24,0,0,0,24,6,16,0.4027777777777778,232.0,0.0,True,False
288,4 4 18,576,16.0,1,1.25,85800,1.25,0,0,224,40,24,0,0,0,24,6,16,0.4027777777777778,232.0,0.0,True,False
288,4 4 18,576,16.0,1,1.25,86000,1.2986111111111112,0,0,212,48,28,0,0,0,28,10,16,0.3784722222222222,218.0,0.0,True,False
288,4 4 18,576,16.0,1,1.25,86200,1.2986111111111112,0,0,212,48,28,0,0,0,28,10,16,0.3784722222222222,218.0,0.0,True,False
288,4 4 18,576,16.0,1,1.25,86400,1.2986111111111112,0,0,212,48,28,0,0,0,28,10,16,0.3784722222222222,218.0,0.0,True,False
288,4 4 18,576,16.0,1,1.25,86600,1.2986111111111112,0,0,212,48,28,0,0,0,28,10,16,0.3784722222222222,218.0,0.0,True,False
288,4 4 18,576,16.0,1,1.25,86800,1.3263888888888888,0,0,204,52,32,0,0,0,32,10,20,0.3645833333333333,210.0,0.0,True,False
288,4 4 18,576,16.0,1,1.25,87000,1.2986111111111112,0,0,212,48,28,0,0,0,28,10,16,0.3784722222222222,218.0,0.0,True,False
288,4 4 18,576,16.0,1,1.25,87200,1.2986111111111112,0,0,212,48,28,0,0,0,28,10,16,0.3784722222222222,218.0,0.0,True,False
288,4 4 18,576,16.0,1,1.25,87400,1.2986111111111112,0,0,212,48,28,0,0,0,28,10,16,0.3784722222222222,218.0,0.0,True,False
288,4 4 18,576,16.0,1,1.25,87600,1.25,0,0,224,40,24,0,0,0,24,6,16,0.4027777777777778,232.0,0.0,True,False
288,4 4 18,576,16.0,1,1.25,87800,1.25,0,0,224,40,24,0,0,0,24,6,16,0.4027777777777778,232.0,0.0,True,False
288,4 4 18,576,16.0,1,1.25,88000,1.25,0,0,224,40,24,0,0,0,24,6,16,0.4027777777777778,232.0,0.0,True,False
288,4 4 18,576,16.0,1,1.25,88200,1.25,0,0,224,40,24,0,0,0,24,6,16,0.4027777777777778,232.0,0.0,True,False
288,4 4 18,576,16.0,1,1.25,88400,1.25,0,0,224,40,24,0,0,0,24,6,16,0.4027777777777778,232.0,0.0,True,False
288,4 4 18,576,16.0,1,1.25,88600,1.25,0,0,224,40,24,0,0,0,24,6,16,0.4027777777777778,232.0,0.0,True,False
288,4 4 18,576,16.0,1,1.25,88800,1.25,0,0,224,40,24,0,0,0,24,6,16,0.4027777777777778,232.0,0.0,True,False
288,4 4 18,576,16.0,1,1.25,89000,1.25,0,0,224,40,24,0,0,0,24,6,16,0.4027777777777778,232.0,0.0,True,False
288,4 4 18,576,16.0,1,1.25,89200,1.25,0,0,224,40,24,0,0,0,24,6,16,0.4027777777777778,232.0,0.0,True,False
288,4 4 18,576,16.0,1,1.25,89400,1.25,0,0,224,40,24,0,0,0,24,6,16,0.4027777777777778,232.0,0.0,True,False
288,4 4 18,576,16.0,1,1.25,89600,1.25,0,0,224,40,24,0,0,0,24,6,16,0.4027777777777778,232.0,0.0,True,False
288,4 4 18,576,16.0,1,1.25,89800,1.25,0,0,224,40,24,0,0,0,24,6,16,0.4027777777777778,232.0,0.0,True,False
288,4 4 18,576,16.0,1,1.25,90000,1.25,0,0,224,40,24,0,0,0,24,6,16,0.4027777777777778,232.0,0.0,True,False
288,4 4 18,576,16.0,1,1.25,90200,1.25,0,0,224,40,24,0,0,0,24,6,16,0.4027777777777778,232.0,0.0,True,False
288,4 4 18,576,16.0,1,1.25,90400,1.25,0,0,224,40,24,0,0,0,24,6,16,0.4027777777777778,232.0,0.0,True,False
288,4 4 18,576,16.0,1,1.25,90600,1.25,0,0,224,40,24,0,0,0,24,6,16,0.4027777777777778,232.0,0.0,True,False
288,4 4 18,576,16.0,1,1.25,90800,1.25,0,0,224,40,24,0,0,0,24,6,16,0.4027777777777778,232.0,0.0,True,False
288,4 4 18,576,16.0,1,1.25,91000,1.25,0,0,224,40,24,0,0,0,24,6,16,0.4027777777777778,232.0,0.0,True,False
288,4 4 18,576,16.0,1,1.25,91200,1.25,0,0,224,40,24,0,0,0,24,6,16,0.4027777777777778,232.0,0.0,True,False
288,4 4 18,576,16.0,1,1.25,91400,1.25,0,0,224,40,24,0,0,0,24,6,16,0.4027777777777778,232.0,0.0,True,False
288,4 4 18,576,16.0,1,1.25,91600,1.25,0,0,224,40,24,0,0,0,24,6,16,0.4027777777777778,232.0,0.0,True,False
288,4 4 18,576,16.0,1,1.25,91800,1.25,0,0,224,40,24,0,0,0,24,6,16,0.4027777777777778,232.0,0.0,True,False
288,4 4 18,576,16.0,1,1.25,92000,1.25,0,0,224,40,24,0,0,0,24,6,16,0.4027777777777778,232.0,0.0,True,False
288,4 4 18,576,16.0,1,1.25,92200,1.25,0,0,224,40,24,0,0,0,24,6,16,0.4027777777777778,232.0,0.0,True,False
288,4 4 18,576,16.0,1,1.25,92400,1.25,0,0,224,40,24,0,0,0,24,6,16,0.4027777777777778,232.0,0.0,True,False
288,4 4 18,576,16.0,1,1.25,92600,1.25,0,0,224,40,24,0,0,0,24,6,16,0.4027777777777778,232.0,0.0,True,False
288,4 4 18,576,16.0,1,1.25,92800,1.25,0,0,224,40,24,0,0,0,24,6,16,0.4027777777777778,232.0,0.0,True,False
288,4 4 18,576,16.0,1,1.25,93000,1.2777777777777777,0,0,216,44,28,0,0,0,28,5,20,0.3888888888888889,224.0,0.0,True,False
288,4 4 18,576,16.0,1,1.25,93200,1.2777777777777777,0,0,216,44,28,0,0,0,28,5,20,0.3888888888888889,224.0,0.0,True,False
288,4 4 18,576,16.0,1,1.25,93400,1.2777777777777777,0,0,216,44,28,0,0,0,28,5,20,0.3888888888888889,224.0,0.0,True,False
288,4 4 18,576,16.0,1,1.25,93600,1.2777777777777777,0,0,216,44,28,0,0,0,28,5,20,0.3888888888888889,224.0,0.0,True,False
288,4 4 18,576,16.0,1,1.25,93800,1.2777777777777777,0,0,216,44,28,0,0,0,28,5,20,0.3888888888888889,224.0,0.0,True,False
288,4 4 18,576,16.0,1,1.25,94000,1.2777777777777777,0,0,216,44,28,0,0,0,28,5,20,0.3888888888888889,224.0,0.0,True,False
288,4 4 18,576,16.0,1,1.25,94200,1.2777777777777777,0,0,216,44,28,0,0,0,28,5,20,0.3888888888888889,224.0,0.0,True,False
288,4 4 18,576,16.0,1,1.25,94400,1.2777777777777777,0,0,216,44,28,0,0,0,28,5,20,0.3888888888888889,224.0,0.0,True,False
288,4 4 18,576,16.0,1,1.25,94600,1.2777777777777777,0,0,216,44,28,0,0,0,28,5,20,0.3888888888888889,224.0,0.0,True,False
288,4 4 18,576,16.0,1,1.25,94800,1.2777777777777777,0,0,216,44,28,0,0,0,28,5,20,0.3888888888888889,224.0,0.0,True,False
288,4 4 18,576,16.0,1,1.25,95000,1.25,0,0,224,40,24,0,0,0,24,6,16,0.4027777777777778,232.0,0.0,True,False
288,4 4 18,576,16.0,1,1.25,95200,1.25,0,0,224,40,24,0,0,0,24,6,16,0.4027777777777778,232.0,0.0,True,False
288,4 4 18,576,16.0,1,1.25,95400,1.25,0,0,224,40,24,0,0,0,24,6,16,0.4027777777777778,232.0,0.0,True,False
288,4 4 18,576,16.0,1,1.25,95600,1.25,0,0,224,40,24,0,0,0,24,6,16,0.4027777777777778,232.0,0.0,True,False
288,4 4 18,576,16.0,1,1.25,95800,1.25,0,0,224,40,24,0,0,0,24,6,16,0.4027777777777778,232.0,0.0,True,False
288,4 4 18,576,16.0,1,1.25,96000,1.25,0,0,224,40,24,0,0,0,24,6,16,0.4027777777777778,232.0,0.0,True,False
288,4 4 18,576,16.0,1,1.25,96200,1.25,0,0,224,40,24,0,0,0,24,6,16,0.4027777777777778,232.0,0.0,True,False
288,4 4 18,576,16.0,1,1.25,96400,1.25,0,0,224,40,24,0,0,0,24,6,16,0.4027777777777778,232.0,0.0,True,False
288,4 4 18,576,16.0,1,1.25,96600,1.25,0,0,224,40,24,0,0,0,24,6,16,0.4027777777777778,232.0,0.0,True,False
288,4 4 18,576,16.0,1,1.25,96800,1.25,0,0,224,40,24,0,0,0,24,6,16,0.4027777777777778,232.0,0.0,True,False
288,4 4 18,576,16.0,1,1.25,97000,1.25,0,0,224,40,24,0,0,0,24,6,16,0.4027777777777778,232.0,0.0,True,False
288,4 4 18,576,16.0,1,1.25,97200,1.25,0,0,224,40,24,0,0,0,24,6,16,0.4027777777777778,232.0,0.0,True,False
288,4 4 18,576,16.0,1,1.25,97400,1.25,0,0,224,40,24,0,0,0,24,6,16,0.4027777777777778,232.0,0.0,True,False
288,4 4 18,576,16.0,1,1.25,97600,1.25,0,0,224,40,24,0,0,0,24,6,16,0.4027777777777778,232.0,0.0,True,False
288,4 4 18,576,16.0,1,1.25,97800,1.25,0,0,224,40,24,0,0,0,24,6,16,0.4027777777777778,232.0,0.0,True,False
288,4 4 18,576,16.0,1,1.25,98000,1.25,0,0,224,40,24,0,0,0,24,6,16,0.4027777777777778,232.0,0.0,True,False
288,4 4 18,576,16.0,1,1.25,98200,1.25,0,0,224,40,24,0,0,0,24,6,16,0.4027777777777778,232.0,0.0,True,False
288,4 4 18,576,16.0,1,1.25,98400,1.2986111111111112,0,0,212,48,28,0,0,0,28,10,16,0.3784722222222222,218.0,0.0,True,False
288,4 4 18,576,16.0,1,1.25,98600,1.2986111111111112,0,0,212,48,28,0,0,0,28,10,16,0.3784722222222222,218.0,0.0,True,False
288,4 4 18,576,16.0,1,1.25,98800,1.2986111111111112,0,0,212,48,28,0,0,0,28,10,16,0.3784722222222222,218.0,0.0,True,False
288,4 4 18,576,16.0,1,1.25,99000,1.2986111111111112,0,0,212,48,28,0,0,0,28,10,16,0.3784722222222222,218.0,0.0,True,False
288,4 4 18,576,16.0,1,1.25,99200,1.25,0,0,224,40,24,0,0,0,24,6,16,0.4027777777777778,232.0,0.0,True,False
288,4 4 18,576,16.0,1,1.25,99400,1.25,0,0,224,40,24,0,0,0,24,6,16,0.4027777777777778,232.0,0.0,True,False
288,4 4 18,576,16.0,1,1.25,99600,1.25,0,0,224,40,24,0,0,0,24,6,16,0.4027777777777778,232.0,0.0,True,False
288,4 4 18,576,16.0,1,1.25,99800,1.25,0,0,224,40,24,0,0,0,24,6,16,0.4027777777777778,232.0,0.0,True,False
288,4 4 18,576,16.0,1,1.25,100000,1.25,0,0,224,40,24,0,0,0,24,6,16,0.4027777777777778,232.0,0.0,True,True
288,4 4 18,576,16.0,2,1.25,0,2.0,0,288,0,0,0,0,0,0,0,0,0,0.027777777777777776,16.0,0.0,False,False
288,4 4 18,576,16.0,2,1.25,200,2.0,0,288,0,0,0,0,0,0,0,0,0,0.027777777777777776,16.0,0.0,True,False
288,4 4 18,576,16.0,2,1.25,400,2.0555555555555554,0,272,12,0,4,0,0,0,4,0,0,0.0,0.0,0.0,True,False
288,4 4 18,576,16.0,2,1.25,600,2.0555555555555554,0,236,36,0,16,0,0,0,16,0,0,0.0,0.0,0.0,True,False
288,4 4 18,576,16.0,2,1.25,800,2.0555555555555554,0,236,36,0,16,0,0,0,16,0,0,0.0,0.0,0.0,True,False
288,4 4 18,576,16.0,2,1.25,1000,2.0555555555555554,0,212,52,0,24,0,0,0,24,0,0,0.0,0.0,0.0,True,False
288,4 4 18,576,16.0,2,1.25,1200,2.0555555555555554,0,176,76,0,36,0,0,0,36,0,0,0.0,0.0,0.0,True,False
288,4 4 18,576,16.0,2,1.25,1400,2.0555555555555554,0,164,84,0,40,0,0,0,40,0,0,0.0,0.0,0.0,True,False
288,4 4 18,576,16.0,2,1.25,1600,2.0347222222222223,0,152,92,4,40,0,0,0,40,2,2,0.010416666666666666,6.0,0.0,True,False
288,4 4 18,576,16.0,2,1.25,1800,2.0347222222222223,0,164,84,4,36,0,0,0,36,2,2,0.010416666666666666,6.0,0.0,True,False
288,4 4 18,576,16.0,2,1.25,2000,2.0347222222222223,0,164,84,4,36,0,0,0,36,2,2,0.010416666666666666,6.0,0.0,True,False
288,4 4 18,576,16.0,2,1.25,2200,1.9930555555555556,0,152,92,12,32,0,0,0,32,1,12,0.03125,18.0,0.0,True,False
288,4 4 18,576,16.0,2,1.25,2400,1.9930555555555556,0,152,92,12,32,0,0,0,32,1,12,0.03125,18.0,0.0,True,False
288,4 4 18,576,16.0,2,1.25,2600,1.9930555555555556,0,140,100,12,36,0,0,0,36,1,12,0.03125,18.0,0.0,True,False
288,4 4 18,576,16.0,2,1.25,2800,1.9722222222222223,0,116,116,16,40,0,0,0,40,1,16,0.041666666666666664,24.0,0.0,True,False
288,4 4 18,576,16.0,2,1.25,3000,1.9722222222222223,0,92,132,16,48,0,0,0,48,1,16,0.041666666666666664,24.0,0.0,True,False
288,4 4 18,576,16.0,2,1.25,3200,1.9513888888888888,0,92,132,20,44,0,0,0,44,3,16,0.052083333333333336,30.0,0.0,True,False
288,4 4 18,576,16.0,2,1.25,3400,1.9097222222222223,0,92,132,28,36,0,0,0,36,3,20,0.07291666666666667,42.0,0.0,True,False
288,4 4 18,576,16.0,2,1.25,3600,1.8680555555555556,0,104,124,36,24,0,0,0,24,3,28,0.09375,54.0,0.0,True,False
288,4 4 18,576,16.0,2,1.25,3800,1.8472222222222223,0,92,132,40,24,0,0,0,24,2,28,0.10416666666666667,60.0,0.0,True,False
288,4 4 18,576,16.0,2,1.25,4000,1.8472222222222223,0,92,132,40,24,0,0,0,24,2,28,0.10416666666666667,60.0,0.0,True,False
288,4 4 18,576,16.0,2,1.25,4200,1.8472222222222223,0,92,132,40,24,0,0,0,24,2,28,0.10416666666666667,60.0,0.0,True,False
288,4 4 18,576,16.0,2,1.25,4400,1.8472222222222223,0,80,140,40,28,0,0,0,28,2,28,0.10416666666666667,60.0,0.0,True,False
288,4 4 18,576,16.0,2,1.25,4600,1.8263888888888888,0,80,140,44,24,0,0,0,24,2,28,0.11458333333333333,66.0,0.0,True,False
288,4 4 18,576,16.0,2,1.25,4800,1.7083333333333333,0,72,144,56,16,0,0,0,16,1,56,0.1736111111111111,100.0,0.0,True,False
288,4 4 18,576,16.0,2,1.25,5000,1.7083333333333333,0,72,144,56,16,0,0,0,16,1,56,0.1736111111111111,100.0,0.0,True,False
288,4 4 18,576,16.0,2,1.25,5200,1.6875,0,72,144,60,12,0,0,0,12,1,60,0.1840277777777778,106.0,0.0,True,False
288,4 4 18,576,16.0,2,1.25,5400,1.6875,0,72,144,60,12,0,0,0,12,1,60,0.1840277777777778,106.0,0.0,True,False
288,4 4 18,576,16.0,2,1.25,5600,1.7013888888888888,0,68,140,64,16,0,0,0,16,1,64,0.17708333333333334,102.0,0.0,True,False
288,4 4 18,576,16.0,2,1.25,5800,1.6736111111111112,0,64,140,68,16,0,0,0,16,1,68,0.1909722222222222,110.0,0.0,True,False
288,4 4 18,576,16.0,2,1.25,6000,1.6666666666666667,0,60,140,68,20,0,0,0,20,1,68,0.19444444444444445,112.0,0.0,True,False
288,4 4 18,576,16.0,2,1.25,6200,1.6805555555555556,0,56,136,72,24,0,0,0,24,1,72,0.1875,108.0,0.0,True,False
288,4 4 18,576,16.0,2,1.25,6400,1.6805555555555556,0,56,136,72,24,0,0,0,24,1,72,0.1875,108.0,0.0,True,False
288,4 4 18,576,16.0,2,1.25,6600,1.6805555555555556,0,56,136,72,24,0,0,0,24,1,72,0.1875,108.0,0.0,True,False
288,4 4 18,576,16.0,2,1.25,6800,1.625,0,48,136,80,24,0,0,0,24,1,80,0.2152777777777778,124.0,0.0,True,False
288,4 4 18,576,16.0,2,1.25,7000,1.625,0,40,136,84,28,0,0,0,28,3,80,0.2152777777777778,124.0,0.0,True,False
288,4 4 18,576,16.0,2,1.25,7200,1.5763888888888888,0,24,140,80,44,0,0,0,44,3,76,0.23958333333333334,138.0,0.0,True,False
288,4 4 18,576,16.0,2,1.25,7400,1.5277777777777777,0,16,152,76,44,0,0,0,44,5,40,0.2638888888888889,152.0,0.0,True,False
288,4 4 18,576,16.0,2,1.25,7600,1.5208333333333333,0,12,152,76,48,0,0,0,48,5,40,0.2673611111111111,154.0,0.0,True,False
288,4 4 18,576,16.0,2,1.25,7800,1.4791666666666667,0,8,164,72,44,0,0,0,44,10,32,0.2881944444444444,166.0,0.0,True,False
288,4 4 18,576,16.0,2,1.25,8000,1.4166666666666667,0,4,180,64,40,0,0,0,40,8,28,0.3194444444444444,184.0,0.0,True,False
288,4 4 18,576,16.0,2,1.25,8200,1.3611111111111112,0,4,196,56,32,0,0,0,32,10,20,0.3472222222222222,200.0,0.0,True,False
288,4 4 18,576,16.0,2,1.25,8400,1.3541666666666667,0,0,196,56,36,0,0,0,36,10,20,0.3506944444444444,202.0,0.0,True,False
288,4 4 18,576,16.0,2,1.25,8600,1.3541666666666667,0,0,196,56,36,0,0,0,36,10,20,0.3506944444444444,202.0,0.0,True,False
288,4 4 18,576,16.0,2,1.25,8800,1.3541666666666667,0,0,196,56,36,0,0,0,36,10,20,0.3506944444444444,202.0,0.0,True,False
288,4 4 18,576,16.0,2,1.25,9000,1.3263888888888888,0,0,204,52,32,0,0,0,32,10,20,0.3645833333333333,210.0,0.0,True,False
288,4 4 18,576,16.0,2,1.25,9200,1.2986111111111112,0,0,212,48,28,0,0,0,28,10,16,0.3784722222222222,218.0,0.0,True,False
288,4 4 18,576,16.0,2,1.25,9400,1.25,0,0,224,40,24,0,0,0,24,6,16,0.4027777777777778,232.0,0.0,True,False
288,4 4 18,576,16.0,2,1.25,9600,1.25,0,0,224,40,24,0,0,0,24,6,16,0.4027777777777778,232.0,0.0,True,False
288,4 4 18,576,16.0,2,1.25,9800,1.25,0,0,224,40,24,0,0,0,24,6,16,0.4027777777777778,232.0,0.0,True,False
288,4 4 18,576,16.0,2,1.25,10000,1.25,0,0,224,40,24,0,0,0,24,6,16,0.4027777777777778,232.0,0.0,True,False
288,4 4 18,576,16.0,2,1.25,10200,1.25,0,0,224,40,24,0,0,0,24,6,16,0.4027777777777778,232.0,0.0,True,False
288,4 4 18,576,16.0,2,1.25,10400,1.25,0,0,224,40,24,0,0,0,24,6,16,0.4027777777777778,232.0,0.0,True,False
288,4 4 18,576,16.0,2,1.25,10600,1.25,0,0,224,40,24,0,0,0,24,6,16,0.4027777777777778,232.0,0.0,True,False
288,4 4 18,576,16.0,2,1.25,10800,1.25,0,0,224,40,24,0,0,0,24,6,16,0.4027777777777778,232.0,0.0,True,False
288,4 4 18,576,16.0,2,1.25,11000,1.25,0,0,224,40,24,0,0,0,24,6,16,0.4027777777777778,232.0,0.0,True,False
288,4 4 18,576,16.0,2,1.25,11200,1.25,0,0,224,40,24,0,0,0,24,6,16,0.4027777777777778,232.0,0.0,True,False
288,4 4 18,576,16.0,2,1.25,11400,1.25,0,0,224,40,24,0,0,0,24,6,16,0.4027777777777778,232.0,0.0,True,False
288,4 4 18,576,16.0,2,1.25,11600,1.25,0,0,224,40,24,0,0,0,24,6,16,0.4027777777777778,232.0,0.0,True,False
288,4 4 18,576,16.0,2,1.25,11800,1.25,0,0,224,40,24,0,0,0,24,6,16,0.4027777777777778,232.0,0.0,True,False
288,4 4 18,576,16.0,2,1.25,12000,1.25,0,0,224,40,24,0,0,0,24,6,16,0.4027777777777778,232.0,0.0,True,False
288,4 4 18,576,16.0,2,1.25,12200,1.2777777777777777,0,0,216,44,28,0,0,0,28,7,18,0.3888888888888889,224.0,0.0,True,False
288,4 4 18,576,16.0,2,1.25,12400,1.2777777777777777,0,0,216,44,28,0,0,0,28,7,18,0.3888888888888889,224.0,0.0,True,False
288,4 4 18,576,16.0,2,1.25,12600,1.2777777777777777,0,0,216,44,28,0,0,0,28,7,18,0.3888888888888889,224.0,0.0,True,False
288,4 4 18,576,16.0,2,1.25,12800,1.25,0,0,224,40,24,0,0,0,24,6,16,0.4027777777777778,232.0,0.0,True,False
288,4 4 18,576,16.0,2,1.25,13000,1.25,0,0,224,40,24,0,0,0,24,6,16,0.4027777777777778,232.0,0.0,True,False
288,4 4 18,576,16.0,2,1.25,13200,1.25,0,0,224,40,24,0,0,0,24,6,16,0.4027777777777778,232.0,0.0,True,False
288,4 4 18,576,16.0,2,1.25,13400,1.25,0,0,224,40,24,0,0,0,24,6,16,0.4027777777777778,232.0,0.0,True,False
288,4 4 18,576,16.0,2,1.25,13600,1.25,0,0,224,40,24,0,0,0,24,6,16,0.4027777777777778,232.0,0.0,True,False
288,4 4 18,576,16.0,2,1.25,13800,1.25,0,0,224,40,24,0,0,0,24,6,16,0.4027777777777778,232.0,0.0,True,False
288,4 4 18,576,16.0,2,1.25,14000,1.25,0,0,224,40,24,0,0,0,24,6,16,0.4027777777777778,232.0,0.0,True,False
288,4 4 18,576,16.0,2,1.25,14200,1.25,0,0,224,40,24,0,0,0,24,6,16,0.4027777777777778,232.0,0.0,True,False
288,4 4 18,576,16.0,2,1.25,14400,1.25,0,0,224,40,24,0,0,0,24,6,16,0.4027777777777778,232.0,0.0,True,False
288,4 4 18,576,16.0,2,1.25,14600,1.25,0,0,224,40,24,0,0,0,24,6,16,0.4027777777777778,232.0,0.0,True,False
288,4 4 18,576,16.0,2,1.25,14800,1.25,0,0,224,40,24,0,0,0,24,6,16,0.4027777777777778,232.0,0.0,True,False
288,4 4 18,576,16.0,2,1.25,15000,1.25,0,0,224,40,24,0,0,0,24,6,16,0.4027777777777778,232.0,0.0,True,False
288,4 4 18,576,16.0,2,1.25,15200,1.25,0,0,224,40,24,0,0,0,24,6,16,0.4027777777777778,232.0,0.0,True,False
288,4 4 18,576,16.0,2,1.25,15400,1.25,0,0,224,40,24,0,0,0,24,6,16,0.4027777777777778,232.0,0.0,True,False
288,4 4 18,576,16.0,2,1.25,15600,1.25,0,0,224,40,24,0,0,0,24,6,16,0.4027777777777778,232.0,0.0,True,False
288,4 4 18,576,16.0,2,1.25,15800,1.25,0,0,224,40,24,0,0,0,24,6,16,0.4027777777777778,232.0,0.0,True,False
288,4 4 18,576,16.0,2,1.25,16000,1.25,0,0,224,40,24,0,0,0,24,6,16,0.4027777777777778,232.0,0.0,True,False
288,4 4 18,576,16.0,2,1.25,16200,1.2777777777777777,0,0,216,44,28,0,0,0,28,7,18,0.3888888888888889,224.0,0.0,True,False
288,4 4 18,576,16.0,2,1.25,16400,1.2777777777777777,0,0,216,44,28,0,0,0,28,7,18,0.3888888888888889,224.0,0.0,True,False
288,4 4 18,576,16.0,2,1.25,16600,1.3055555555555556,0,0,208,48,32,0,0,0,32,7,18,0.375,216.0,0.0,True,False
288,4 4 18,576,16.0,2,1.25,16800,1.2777777777777777,0,0,216,44,28,0,0,0,28,7,18,0.3888888888888889,224.0,0.0,True,False
288,4 4 18,576,16.0,2,1.25,17000,1.25,0,0,224,40,24,0,0,0,24,6,16,0.4027777777777778,232.0,0.0,True,False
288,4 4 18,576,16.0,2,1.25,17200,1.25,0,0,224,40,24,0,0,0,24,6,16,0.4027777777777778,232.0,0.0,True,False
288,4 4 18,576,16.0,2,1.25,17400,1.25,0,0,224,40,24,0,0,0,24,6,16,0.4027777777777778,232.0,0.0,True,False
288,4 4 18,576,16.0,2,1.25,17600,1.25,0,0,224,40,24,0,0,0,24,6,16,0.4027777777777778,232.0,0.0,True,False
288,4 4 18,576,16.0,2,1.25,17800,1.25,0,0,224,40,24,0,0,0,24,6,16,0.4027777777777778,232.0,0.0,True,False
288,4 4 18,576,16.0,2,1.25,18000,1.25,0,0,224,40,24,0,0,0,24,6,16,0.4027777777777778,232.0,0.0,True,False
288,4 4 18,576,16.0,2,1.25,18200,1.25,0,0,224,40,24,0,0,0,24,6,16,0.4027777777777778,232.0,0.0,True,False
288,4 4 18,576,16.0,2,1.25,18400,1.25,0,0,224,40,24,0,0,0,24,6,16,0.4027777777777778,232.0,0.0,True,False
288,4 4 18,576,16.0,2,1.25,18600,1.25,0,0,224,40,24,0,0,0,24,6,16,0.4027777777777778,232.0,0.0,True,False
288,4 4 18,576,16.0,2,1.25,18800,1.25,0,0,224,40,24,0,0,0,24,6,16,0.4027777777777778,232.0,0.0,True,False
288,4 4 18,576,16.0,2,1.25,19000,1.25,0,0,224,40,24,0,0,0,24,6,16,0.4027777777777778,232.0,0.0,True,False
288,4 4 18,576,16.0,2,1.25,19200,1.25,0,0,224,40,24,0,0,0,24,6,16,0.4027777777777778,232.0,0.0,True,False
288,4 4 18,576,16.0,2,1.25,19400,1.25,0,0,224,40,24,0,0,0,24,6,16,0.4027777777777778,232.0,0.0,True,False
288,4 4 18,576,16.0,2,1.25,19600,1.25,0,0,224,40,24,0,0,0,24,6,16,0.4027777777777778,232.0,0.0,True,False
288,4 4 18,576,16.0,2,1.25,19800,1.25,0,0,224,40,24,0,0,0,24,6,16,0.4027777777777778,232.0,0.0,True,False
288,4 4 18,576,16.0,2,1.25,20000,1.25,0,0,224,40,24,0,0,0,24,6,16,0.4027777777777778,232.0,0.0,True,False
288,4 4 18,576,16.0,2,1.25,20200,1.25,0,0,224,40,24,0,0,0,24,6,16,0.4027777777777778,232.0,0.0,True,False
288,4 4 18,576,16.0,2,1.25,20400,1.25,0,0,224,40,24,0,0,0,24,6,16,0.4027777777777778,232.0,0.0,True,False
288,4 4 18,576,16.0,2,1.25,20600,1.25,0,0,224,40,24,0,0,0,24,6,16,0.4027777777777778,232.0,0.0,True,False
288,4 4 18,576,16.0,2,1.25,20800,1.25,0,0,224,40,24,0,0,0,24,6,16,0.4027777777777778,232.0,0.0,True,False
288,4 4 18,576,16.0,2,1.25,21000,1.25,0,0,224,40,24,0,0,0,24,6,16,0.4027777777777778,232.0,0.0,True,False
288,4 4 18,576,16.0,2,1.25,21200,1.25,0,0,224,40,24,0,0,0,24,6,16,0.4027777777777778,232.0,0.0,True,False
288,4 4 18,576,16.0,2,1.25,21400,1.25,0,0,224,40,24,0,0,0,24,6,16,0.4027777777777778,232.0,0.0,True,False
288,4 4 18,576,16.0,2,1.25,21600,1.25,0,0,224,40,24,0,0,0,24,6,16,0.4027777777777778,232.0,0.0,True,False
288,4 4 18,576,16.0,2,1.25,21800,1.25,0,0,224,40,24,0,0,0,24,6,16,0.4027777777777778,232.0,0.0,True,False
288,4 4 18,576,16.0,2,1.25,22000,1.25,0,0,224,40,24,0,0,0,24,6,16,0.4027777777777778,232.0,0.0,True,False
288,4 4 18,576,16.0,2,1.25,22200,1.25,0,0,224,40,24,0,0,0,24,6,16,0.4027777777777778,232.0,0.0,True,False
288,4 4 18,576,16.0,2,1.25,22400,1.25,0,0,224,40,24,0,0,0,24,6,16,0.4027777777777778,232.0,0.0,True,False
288,4 4 18,576,16.0,2,1.25,22600,1.25,0,0,224,40,24,0,0,0,24,6,16,0.4027777777777778,232.0,0.0,True,False
288,4 4 18,576,16.0,2,1.25,22800,1.2986111111111112,0,0,212,48,28,0,0,0,28,7,18,0.3784722222222222,218.0,0.0,True,False
288,4 4 18,576,16.0,2,1.25,23000,1.2986111111111112,0,0,212,48,28,0,0,0,28,10,16,0.3784722222222222,218.0,0.0,True,False
288,4 4 18,576,16.0,2,1.25,23200,1.2986111111111112,0,0,212,48,28,0,0,0,28,10,16,0.3784722222222222,218.0,0.0,True,False
288,4 4 18,576,16.0,2,1.25,23400,1.25,0,0,224,40,24,0,0,0,24,6,16,0.4027777777777778,232.0,0.0,True,False
288,4 4 18,576,16.0,2,1.25,23600,1.25,0,0,224,40,24,0,0,0,24,6,16,0.4027777777777778,232.0,0.0,True,False
288,4 4 18,576,16.0,2,1.25,23800,1.2777777777777777,0,0,216,44,28,0,0,0,28,6,20,0.3888888888888889,224.0,0.0,True,False
288,4 4 18,576,16.0,2,1.25,24000,1.25,0,0,224,40,24,0,0,0,24,6,16,0.4027777777777778,232.0,0.0,True,False
288,4 4 18,576,16.0,2,1.25,24200,1.25,0,0,224,40,24,0,0,0,24,6,16,0.4027777777777778,232.0,0.0,True,False
288,4 4 18,576,16.0,2,1.25,24400,1.25,0,0,224,40,24,0,0,0,24,6,16,0.4027777777777778,232.0,0.0,True,False
288,4 4 18,576,16.0,2,1.25,24600,1.25,0,0,224,40,24,0,0,0,24,6,16,0.4027777777777778,232.0,0.0,True,False
288,4 4 18,576,16.0,2,1.25,24800,1.25,0,0,224,40,24,0,0,0,24,6,16,0.4027777777777778,232.0,0.0,True,False
288,4 4 18,576,16.0,2,1.25,25000,1.25,0,0,224,40,24,0,0,0,24,6,16,0.4027777777777778,232.0,0.0,True,False
288,4 4 18,576,16.0,2,1.25,25200,1.25,0,0,224,40,24,0,0,0,24,6,16,0.4027777777777778,232.0,0.0,True,False
288,4 4 18,576,16.0,2,1.25,25400,1.25,0,0,224,40,24,0,0,0,24,6,16,0.4027777777777778,232.0,0.0,True,False
288,4 4 18,576,16.0,2,1.25,25600,1.25,0,0,224,40,24,0,0,0,24,6,16,0.4027777777777778,232.0,0.0,True,False
288,4 4 18,576,16.0,2,1.25,25800,1.25,0,0,224,40,24,0,0,0,24,6,16,0.4027777777777778,232.0,0.0,True,False
288,4 4 18,576,16.0,2,1.25,26000,1.25,0,0,224,40,24,0,0,0,24,6,16,0.4027777777777778,232.0,0.0,True,False
288,4 4 18,576,16.0,2,1.25,26200,1.25,0,0,224,40,24,0,0,0,24,6,16,0.4027777777777778,232.0,0.0,True,False
288,4 4 18,576,16.0,2,1.25,26400,1.25,0,0,224,40,24,0,0,0,24,6,16,0.4027777777777778,232.0,0.0,True,False
288,4 4 18,576,16.0,2,1.25,26600,1.25,0,0,224,40,24,0,0,0,24,6,16,0.4027777777777778,232.0,0.0,True,False
288,4 4 18,576,16.0,2,1.25,26800,1.25,0,0,224,40,24,0,0,0,24,6,16,0.4027777777777778,232.0,0.0,True,False
288,4 4 18,576,16.0,2,1.25,27000,1.2777777777777777,0,0,216,44,28,0,0,0,28,7,18,0.3888888888888889,224.0,0.0,True,False
288,4 4 18,576,16.0,2,1.25,27200,1.2777777777777777,0,0,216,44,28,0,0,0,28,7,18,0.3888888888888889,224.0,0.0,True,False
288,4 4 18,576,16.0,2,1.25,27400,1.2777777777777777,0,0,216,44,28,0,0,0,28,7,18,0.3888888888888889,224.0,0.0,True,False
288,4 4 18,576,16.0,2,1.25,27600,1.2777777777777777,0,0,216,44,28,0,0,0,28,7,18,0.3888888888888889,224.0,0.0,True,False
288,4 4 18,576,16.0,2,1.25,27800,1.2777777777777777,0,0,216,44,28,0,0,0,28,7,18,0.3888888888888889,224.0,0.0,True,False
288,4 4 18,576,16.0,2,1.25,28000,1.25,0,0,224,40,24,0,0,0,24,6,16,0.4027777777777778,232.0,0.0,True,False
288,4 4 18,576,16.0,2,1.25,28200,1.25,0,0,224,40,24,0,0,0,24,6,16,0.4027777777777778,232.0,0.0,True,False
288,4 4 18,576,16.0,2,1.25,28400,1.25,0,0,224,40,24,0,0,0,24,6,16,0.4027777777777778,232.0,0.0,True,False
288,4 4 18,576,16.0,2,1.25,28600,1.25,0,0,224,40,24,0,0,0,24,6,16,0.4027777777777778,232.0,0.0,True,False
288,4 4 18,576,16.0,2,1.25,28800,1.25,0,0,224,40,24,0,0,0,24,6,16,0.4027777777777778,232.0,0.0,True,False
288,4 4 18,576,16.0,2,1.25,29000,1.25,0,0,224,40,24,0,0,0,24,6,16,0.4027777777777778,232.0,0.0,True,False
288,4 4 18,576,16.0,2,1.25,29200,1.25,0,0,224,40,24,0,0,0,24,6,16,0.4027777777777778,232.0,0.0,True,False
288,4 4 18,576,16.0,2,1.25,29400,1.25,0,0,224,40,24,0,0,0,24,6,16,0.4027777777777778,232.0,0.0,True,False
288,4 4 18,576,16.0,2,1.25,29600,1.25,0,0,224,40,24,0,0,0,24,6,16,0.4027777777777778,232.0,0.0,True,False
288,4 4 18,576,16.0,2,1.25,29800,1.25,0,0,224,40,24,0,0,0,24,6,16,0.4027777777777778,232.0,0.0,True,False
288,4 4 18,576,16.0,2,1.25,30000,1.25,0,0,224,40,24,0,0,0,24,6,16,0.4027777777777778,232.0,0.0,True,False
288,4 4 18,576,16.0,2,1.25,30200,1.2777777777777777,0,0,216,44,28,0,0,0,28,7,18,0.3888888888888889,224.0,0.0,True,False
288,4 4 18,576,16.0,2,1.25,30400,1.25,0,0,224,40,24,0,0,0,24,6,16,0.4027777777777778,232.0,0.0,True,False
288,4 4 18,576,16.0,2,1.25,30600,1.2986111111111112,0,0,212,48,28,0,0,0,28,9,16,0.3784722222222222,218.0,0.0,True,False
288,4 4 18,576,16.0,2,1.25,30800,1.25,0,0,224,40,24,0,0,0,24,6,16,0.4027777777777778,232.0,0.0,True,False
288,4 4 18,576,16.0,2,1.25,31000,1.25,0,0,224,40,24,0,0,0,24,6,16,0.4027777777777778,232.0,0.0,True,False
288,4 4 18,576,16.0,2,1.25,31200,1.25,0,0,224,40,24,0,0,0,24,6,16,0.4027777777777778,232.0,0.0,True,False
288,4 4 18,576,16.0,2,1.25,31400,1.25,0,0,224,40,24,0,0,0,24,6,16,0.4027777777777778,232.0,0.0,True,False
288,4 4 18,576,16.0,2,1.25,31600,1.25,0,0,224,40,24,0,0,0,24,6,16,0.4027777777777778,232.0,0.0,True,False
288,4 4 18,576,16.0,2,1.25,31800,1.25,0,0,224,40,24,0,0,0,24,6,16,0.4027777777777778,232.0,0.0,True,False
288,4 4 18,576,16.0,2,1.25,32000,1.2777777777777777,0,0,216,44,28,0,0,0,28,6,20,0.3888888888888889,224.0,0.0,True,False
288,4 4 18,576,16.0,2,1.25,32200,1.2777777777777777,0,0,216,44,28,0,0,0,28,6,20,0.3888888888888889,224.0,0.0,True,False
288,4 4 18,576,16.0,2,1.25,32400,1.2777777777777777,0,0,216,44,28,0,0,0,28,6,20,0.3888888888888889,224.0,0.0,True,False
288,4 4 18,576,16.0,2,1.25,32600,1.2777777777777777,0,0,216,44,28,0,0,0,28,6,20,0.3888888888888889,224.0,0.0,True,False
288,4 4 18,576,16.0,2,1.25,32800,1.25,0,0,224,40,24,0,0,0,24,6,16,0.4027777777777778,232.0,0.0,True,False
288,4 4 18,576,16.0,2,1.25,33000,1.25,0,0,224,40,24,0,0,0,24,6,16,0.4027777777777778,232.0,0.0,True,False
288,4 4 18,576,16.0,2,1.25,33200,1.25,0,0,224,40,24,0,0,0,24,6,16,0.4027777777777778,232.0,0.0,True,False
288,4 4 18,576,16.0,2,1.25,33400,1.25,0,0,224,40,24,0,0,0,24,6,16,0.4027777777777778,232.0,0.0,True,False
288,4 4 18,576,16.0,2,1.25,33600,1.25,0,0,224,40,24,0,0,0,24,6,16,0.4027777777777778,232.0,0.0,True,False
288,4 4 18,576,16.0,2,1.25,33800,1.25,0,0,224,40,24,0,0,0,24,6,16,0.4027777777777778,232.0,0.0,True,False
288,4 4 18,576,16.0,2,1.25,34000,1.2986111111111112,0,0,212,48,28,0,0,0,28,8,18,0.3784722222222222,218.0,0.0,True,False
288,4 4 18,576,16.0,2,1.25,34200,1.2986111111111112,0,0,212,48,28,0,0,0,28,8,18,0.3784722222222222,218.0,0.0,True,False
288,4 4 18,576,16.0,2,1.25,34400,1.25,0,0,224,40,24,0,0,0,24,6,16,0.4027777777777778,232.0,0.0,True,False
288,4 4 18,576,16.0,2,1.25,34600,1.25,0,0,224,40,24,0,0,0,24,6,16,0.4027777777777778,232.0,0.0,True,False
288,4 4 18,576,16.0,2,1.25,34800,1.25,0,0,224,40,24,0,0,0,24,6,16,0.4027777777777778,232.0,0.0,True,False
288,4 4 18,576,16.0,2,1.25,35000,1.25,0,0,224,40,24,0,0,0,24,6,16,0.4027777777777778,232.0,0.0,True,False
288,4 4 18,576,16.0,2,1.25,35200,1.25,0,0,224,40,24,0,0,0,24,6,16,0.4027777777777778,232.0,0.0,True,False
288,4 4 18,576,16.0,2,1.25,35400,1.25,0,0,224,40,24,0,0,0,24,6,16,0.4027777777777778,232.0,0.0,True,False
288,4 4 18,576,16.0,2,1.25,35600,1.25,0,0,224,40,24,0,0,0,24,6,16,0.4027777777777778,232.0,0.0,True,False
288,4 4 18,576,16.0,2,1.25,35800,1.25,0,0,224,40,24,0,0,0,24,6,16,0.4027777777777778,232.0,0.0,True,False
288,4 4 18,576,16.0,2,1.25,36000,1.25,0,0,224,40,24,0,0,0,24,6,16,0.4027777777777778,232.0,0.0,True,False
288,4 4 18,576,16.0,2,1.25,36200,1.25,0,0,224,40,24,0,0,0,24,6,16,0.4027777777777778,232.0,0.0,True,False
288,4 4 18,576,16.0,2,1.25,36400,1.25,0,0,224,40,24,0,0,0,24,6,16,0.4027777777777778,232.0,0.0,True,False
288,4 4 18,576,16.0,2,1.25,36600,1.25,0,0,224,40,24,0,0,0,24,6,16,0.4027777777777778,232.0,0.0,True,False
288,4 4 18,576,16.0,2,1.25,36800,1.25,0,0,224,40,24,0,0,0,24,6,16,0.4027777777777778,232.0,0.0,True,False
288,4 4 18,576,16.0,2,1.25,37000,1.2777777777777777,0,0,216,44,28,0,0,0,28,7,18,0.3888888888888889,224.0,0.0,True,False
288,4 4 18,576,16.0,2,1.25,37200,1.2777777777777777,0,0,216,44,28,0,0,0,28,7,18,0.3888888888888889,224.0,0.0,True,False
288,4 4 18,576,16.0,2,1.25,37400,1.2777777777777777,0,0,216,44,28,0,0,0,28,7,18,0.3888888888888889,224.0,0.0,True,False
288,4 4 18,576,16.0,2,1.25,37600,1.2777777777777777,0,0,216,44,28,0,0,0,28,7,18,0.3888888888888889,224.0,0.0,True,False
288,4 4 18,576,16.0,2,1.25,37800,1.3055555555555556,0,0,208,48,32,0,0,0,32,7,20,0.375,216.0,0.0,True,False
288,4 4 18,576,16.0,2,1.25,38000,1.3055555555555556,0,0,208,48,32,0,0,0,32,7,20,0.375,216.0,0.0,True,False
288,4 4 18,576,16.0,2,1.25,38200,1.25,0,0,224,40,24,0,0,0,24,6,16,0.4027777777777778,232.0,0.0,True,False
288,4 4 18,576,16.0,2,1.25,38400,1.25,0,0,224,40,24,0,0,0,24,6,16,0.4027777777777778,232.0,0.0,True,False
288,4 4 18,576,16.0,2,1.25,38600,1.25,0,0,224,40,24,0,0,0,24,6,16,0.4027777777777778,232.0,0.0,True,False
288,4 4 18,576,16.0,2,1.25,38800,1.25,0,0,224,40,24,0,0,0,24,6,16,0.4027777777777778,232.0,0.0,True,False
288,4 4 18,576,16.0,2,1.25,39000,1.25,0,0,224,40,24,0,0,0,24,6,16,0.4027777777777778,232.0,0.0,True,False
288,4 4 18,576,16.0,2,1.25,39200,1.25,0,0,224,40,24,0,0,0,24,6,16,0.4027777777777778,232.0,0.0,True,False
288,4 4 18,576,16.0,2,1.25,39400,1.25,0,0,224,40,24,0,0,0,24,6,16,0.4027777777777778,232.0,0.0,True,False
288,4 4 18,576,16.0,2,1.25,39600,1.25,0,0,224,40,24,0,0,0,24,6,16,0.4027777777777778,232.0,0.0,True,False
288,4 4 18,576,16.0,2,1.25,39800,1.25,0,0,224,40,24,0,0,0,24,6,16,0.4027777777777778,232.0,0.0,True,False
288,4 4 18,576,16.0,2,1.25,40000,1.25,0,0,224,40,24,0,0,0,24,6,16,0.4027777777777778,232.0,0.0,True,False
288,4 4 18,576,16.0,2,1.25,40200,1.25,0,0,224,40,24,0,0,0,24,6,16,0.4027777777777778,232.0,0.0,True,False
288,4 4 18,576,16.0,2,1.25,40400,1.25,0,0,224,40,24,0,0,0,24,6,16,0.4027777777777778,232.0,0.0,True,False
288,4 4 18,576,16.0,2,1.25,40600,1.25,0,0,224,40,24,0,0,0,24,6,16,0.4027777777777778,232.0,0.0,True,False
288,4 4 18,576,16.0,2,1.25,40800,1.25,0,0,224,40,24,0,0,0,24,6,16,0.4027777777777778,232.0,0.0,True,False
288,4 4 18,576,16.0,2,1.25,41000,1.25,0,0,224,40,24,0,0,0,24,6,16,0.4027777777777778,232.0,0.0,True,False
288,4 4 18,576,16.0,2,1.25,41200,1.25,0,0,224,40,24,0,0,0,24,6,16,0.4027777777777778,232.0,0.0,True,False
288,4 4 18,576,16.0,2,1.25,41400,1.25,0,0,224,40,24,0,0,0,24,6,16,0.4027777777777778,232.0,0.0,True,False
288,4 4 18,576,16.0,2,1.25,41600,1.25,0,0,224,40,24,0,0,0,24,6,16,0.4027777777777778,232.0,0.0,True,False
288,4 4 18,576,16.0,2,1.25,41800,1.25,0,0,224,40,24,0,0,0,24,6,16,0.4027777777777778,232.0,0.0,True,False
288,4 4 18,576,16.0,2,1.25,42000,1.25,0,0,224,40,24,0,0,0,24,6,16,0.4027777777777778,232.0,0.0,True,False
288,4 4 18,576,16.0,2,1.25,42200,1.25,0,0,224,40,24,0,0,0,24,6,16,0.4027777777777778,232.0,0.0,True,False
288,4 4 18,576,16.0,2,1.25,42400,1.25,0,0,224,40,24,0,0,0,24,6,16,0.4027777777777778,232.0,0.0,True,False
288,4 4 18,576,16.0,2,1.25,42600,1.25,0,0,224,40,24,0,0,0,24,6,16,0.4027777777777778,232.0,0.0,True,False
288,4 4 18,576,16.0,2,1.25,42800,1.25,0,0,224,40,24,0,0,0,24,6,16,0.4027777777777778,232.0,0.0,True,False
288,4 4 18,576,16.0,2,1.25,43000,1.25,0,0,224,40,24,0,0,0,24,6,16,0.4027777777777778,232.0,0.0,True,False
288,4 4 18,576,16.0,2,1.25,43200,1.25,0,0,224,40,24,0,0,0,24,6,16,0.4027777777777778,232.0,0.0,True,False
288,4 4 18,576,16.0,2,1.25,43400,1.25,0,0,224,40,24,0,0,0,24,6,16,0.4027777777777778,232.0,0.0,True,False
288,4 4 18,576,16.0,2,1.25,43600,1.25,0,0,224,40,24,0,0,0,24,6,16,0.4027777777777778,232.0,0.0,True,False
288,4 4 18,576,16.0,2,1.25,43800,1.25,0,0,224,40,24,0,0,0,24,6,16,0.4027777777777778,232.0,0.0,True,False
288,4 4 18,576,16.0,2,1.25,44000,1.25,0,0,224,40,24,0,0,0,24,6,16,0.4027777777777778,232.0,0.0,True,False
288,4 4 18,576,16.0,2,1.25,44200,1.2777777777777777,0,0,216,44,28,0,0,0,28,7,18,0.3888888888888889,224.0,0.0,True,False
288,4 4 18,576,16.0,2,1.25,44400,1.2777777777777777,0,0,216,44,28,0,0,0,28,7,18,0.3888888888888889,224.0,0.0,True,False
288,4 4 18,576,16.0,2,1.25,44600,1.25,0,0,224,40,24,0,0,0,24,6,16,0.4027777777777778,232.0,0.0,True,False
288,4 4 18,576,16.0,2,1.25,44800,1.25,0,0,224,40,24,0,0,0,24,6,16,0.4027777777777778,232.0,0.0,True,False
288,4 4 18,576,16.0,2,1.25,45000,1.25,0,0,224,40,24,0,0,0,24,6,16,0.4027777777777778,232.0,0.0,True,False
288,4 4 18,576,16.0,2,1.25,45200,1.25,0,0,224,40,24,0,0,0,24,6,16,0.4027777777777778,232.0,0.0,True,False
288,4 4 18,576,16.0,2,1.25,45400,1.25,0,0,224,40,24,0,0,0,24,6,16,0.4027777777777778,232.0,0.0,True,False
288,4 4 18,576,16.0,2,1.25,45600,1.25,0,0,224,40,24,0,0,0,24,6,16,0.4027777777777778,232.0,0.0,True,False
288,4 4 18,576,16.0,2,1.25,45800,1.25,0,0,224,40,24,0,0,0,24,6,16,0.4027777777777778,232.0,0.0,True,False
288,4 4 18,576,16.0,2,1.25,46000,1.3263888888888888,0,0,204,52,32,0,0,0,32,10,18,0.3645833333333333,210.0,0.0,True,False
288,4 4 18,576,16.0,2,1.25,46200,1.2986111111111112,0,0,212,48,28,0,0,0,28,9,16,0.3784722222222222,218.0,0.0,True,False
288,4 4 18,576,16.0,2,1.25,46400,1.2986111111111112,0,0,212,48,28,0,0,0,28,9,16,0.3784722222222222,218.0,0.0,True,False
288,4 4 18,576,16.0,2,1.25,46600,1.2986111111111112,0,0,212,48,28,0,0,0,28,9,16,0.3784722222222222,218.0,0.0,True,False
288,4 4 18,576,16.0,2,1.25,46800,1.3055555555555556,0,0,208,48,32,0,0,0,32,7,18,0.375,216.0,0.0,True,False
288,4 4 18,576,16.0,2,1.25,47000,1.2777777777777777,0,0,216,44,28,0,0,0,28,7,18,0.3888888888888889,224.0,0.0,True,False
288,4 4 18,576,16.0,2,1.25,47200,1.25,0,0,224,40,24,0,0,0,24,6,16,0.4027777777777778,232.0,0.0,True,False
288,4 4 18,576,16.0,2,1.25,47400,1.25,0,0,224,40,24,0,0,0,24,6,16,0.4027777777777778,232.0,0.0,True,False
288,4 4 18,576,16.0,2,1.25,47600,1.25,0,0,224,40,24,0,0,0,24,6,16,0.4027777777777778,232.0,0.0,True,False
288,4 4 18,576,16.0,2,1.25,47800,1.25,0,0,224,40,24,0,0,0,24,6,16,0.4027777777777778,232.0,0.0,True,False
288,4 4 18,576,16.0,2,1.25,48000,1.25,0,0,224,40,24,0,0,0,24,6,16,0.4027777777777778,232.0,0.0,True,False
288,4 4 18,576,16.0,2,1.25,48200,1.2777777777777777,0,0,216,44,28,0,0,0,28,6,20,0.3888888888888889,224.0,0.0,True,False
288,4 4 18,576,16.0,2,1.25,48400,1.2777777777777777,0,0,216,44,28,0,0,0,28,6,20,0.3888888888888889,224.0,0.0,True,False
288,4 4 18,576,16.0,2,1.25,48600,1.2777777777777777,0,0,216,44,28,0,0,0,28,6,20,0.3888888888888889,224.0,0.0,True,False
288,4 4 18,576,16.0,2,1.25,48800,1.25,0,0,224,40,24,0,0,0,24,6,16,0.4027777777777778,232.0,0.0,True,False
288,4 4 18,576,16.0,2,1.25,49000,1.2777777777777777,0,0,216,44,28,0,0,0,28,7,18,0.3888888888888889,224.0,0.0,True,False
288,4 4 18,576,16.0,2,1.25,49200,1.3263888888888888,0,0,204,52,32,0,0,0,32,9,18,0.3645833333333333,210.0,0.0,True,False
288,4 4 18,576,16.0,2,1.25,49400,1.3263888888888888,0,0,204,52,32,0,0,0,32,9,18,0.3645833333333333,210.0,0.0,True,False
288,4 4 18,576,16.0,2,1.25,49600,1.3263888888888888,0,0,204,52,32,0,0,0,32,9,18,0.3645833333333333,210.0,0.0,True,False
288,4 4 18,576,16.0,2,1.25,49800,1.2777777777777777,0,0,216,44,28,0,0,0,28,6,20,0.3888888888888889,224.0,0.0,True,False
288,4 4 18,576,16.0,2,1.25,50000,1.3055555555555556,0,0,208,48,32,0,0,0,32,7,22,0.375,216.0,0.0,True,False
288,4 4 18,576,16.0,2,1.25,50200,1.3055555555555556,0,0,208,48,32,0,0,0,32,7,22,0.375,216.0,0.0,True,False
288,4 4 18,576,16.0,2,1.25,50400,1.3055555555555556,0,0,208,48,32,0,0,0,32,7,22,0.375,216.0,0.0,True,False
288,4 4 18,576,16.0,2,1.25,50600,1.2777777777777777,0,0,216,44,28,0,0,0,28,7,18,0.3888888888888889,224.0,0.0,True,False
288,4 4 18,576,16.0,2,1.25,50800,1.2777777777777777,0,0,216,44,28,0,0,0,28,7,18,0.3888888888888889,224.0,0.0,True,False
288,4 4 18,576,16.0,2,1.25,51000,1.25,0,0,224,40,24,0,0,0,24,6,16,0.4027777777777778,232.0,0.0,True,False
288,4 4 18,576,16.0,2,1.25,51200,1.25,0,0,224,40,24,0,0,0,24,6,16,0.4027777777777778,232.0,0.0,True,False
288,4 4 18,576,16.0,2,1.25,51400,1.25,0,0,224,40,24,0,0,0,24,6,16,0.4027777777777778,232.0,0.0,True,False
288,4 4 18,576,16.0,2,1.25,51600,1.25,0,0,224,40,24,0,0,0,24,6,16,0.4027777777777778,232.0,0.0,True,False
288,4 4 18,576,16.0,2,1.25,51800,1.25,0,0,224,40,24,0,0,0,24,6,16,0.4027777777777778,232.0,0.0,True,False
288,4 4 18,576,16.0,2,1.25,52000,1.25,0,0,224,40,24,0,0,0,24,6,16,0.4027777777777778,232.0,0.0,True,False
288,4 4 18,576,16.0,2,1.25,52200,1.25,0,0,224,40,24,0,0,0,24,6,16,0.4027777777777778,232.0,0.0,True,False
288,4 4 18,576,16.0,2,1.25,52400,1.25,0,0,224,40,24,0,0,0,24,6,16,0.4027777777777778,232.0,0.0,True,False
288,4 4 18,576,16.0,2,1.25,52600,1.25,0,0,224,40,24,0,0,0,24,6,16,0.4027777777777778,232.0,0.0,True,False
288,4 4 18,576,16.0,2,1.25,52800,1.25,0,0,224,40,24,0,0,0,24,6,16,0.4027777777777778,232.0,0.0,True,False
288,4 4 18,576,16.0,2,1.25,53000,1.25,0,0,224,40,24,0,0,0,24,6,16,0.4027777777777778,232.0,0.0,True,False
288,4 4 18,576,16.0,2,1.25,53200,1.25,0,0,224,40,24,0,0,0,24,6,16,0.4027777777777778,232.0,0.0,True,False
288,4 4 18,576,16.0,2,1.25,53400,1.2777777777777777,0,0,216,44,28,0,0,0,28,6,20,0.3888888888888889,224.0,0.0,True,False
288,4 4 18,576,16.0,2,1.25,53600,1.2777777777777777,0,0,216,44,28,0,0,0,28,6,20,0.3888888888888889,224.0,0.0,True,False
288,4 4 18,576,16.0,2,1.25,53800,1.2847222222222223,0,4,216,44,24,0,0,0,24,6,20,0.3854166666666667,222.0,0.0,True,False
288,4 4 18,576,16.0,2,1.25,54000,1.3055555555555556,0,0,208,48,32,0,0,0,32,7,22,0.375,216.0,0.0,True,False
288,4 4 18,576,16.0,2,1.25,54200,1.2777777777777777,0,0,216,44,28,0,0,0,28,6,20,0.3888888888888889,224.0,0.0,True,False
288,4 4 18,576,16.0,2,1.25,54400,1.2777777777777777,0,0,216,44,28,0,0,0,28,6,20,0.3888888888888889,224.0,0.0,True,False
288,4 4 18,576,16.0,2,1.25,54600,1.2777777777777777,0,0,216,44,28,0,0,0,28,6,20,0.3888888888888889,224.0,0.0,True,False
288,4 4 18,576,16.0,2,1.25,54800,1.2777777777777777,0,0,216,44,28,0,0,0,28,6,20,0.3888888888888889,224.0,0.0,True,False
288,4 4 18,576,16.0,2,1.25,55000,1.25,0,0,224,40,24,0,0,0,24,6,16,0.4027777777777778,232.0,0.0,True,False
288,4 4 18,576,16.0,2,1.25,55200,1.25,0,0,224,40,24,0,0,0,24,6,16,0.4027777777777778,232.0,0.0,True,False
288,4 4 18,576,16.0,2,1.25,55400,1.25,0,0,224,40,24,0,0,0,24,6,16,0.4027777777777778,232.0,0.0,True,False
288,4 4 18,576,16.0,2,1.25,55600,1.25,0,0,224,40,24,0,0,0,24,6,16,0.4027777777777778,232.0,0.0,True,False
288,4 4 18,576,16.0,2,1.25,55800,1.25,0,0,224,40,24,0,0,0,24,6,16,0.4027777777777778,232.0,0.0,True,False
288,4 4 18,576,16.0,2,1.25,56000,1.25,0,0,224,40,24,0,0,0,24,6,16,0.4027777777777778,232.0,0.0,True,False
288,4 4 18,576,16.0,2,1.25,56200,1.2777777777777777,0,0,216,44,28,0,0,0,28,6,20,0.3888888888888889,224.0,0.0,True,False
288,4 4 18,576,16.0,2,1.25,56400,1.2777777777777777,0,0,216,44,28,0,0,0,28,6,20,0.3888888888888889,224.0,0.0,True,False
288,4 4 18,576,16.0,2,1.25,56600,1.2777777777777777,0,0,216,44,28,0,0,0,28,6,20,0.3888888888888889,224.0,0.0,True,False
288,4 4 18,576,16.0,2,1.25,56800,1.2777777777777777,0,0,216,44,28,0,0,0,28,6,20,0.3888888888888889,224.0,0.0,True,False
288,4 4 18,576,16.0,2,1.25,57000,1.2777777777777777,0,0,216,44,28,0,0,0,28,6,20,0.3888888888888889,224.0,0.0,True,False
288,4 4 18,576,16.0,2,1.25,57200,1.2777777777777777,0,0,216,44,28,0,0,0,28,6,20,0.3888888888888889,224.0,0.0,True,False
288,4 4 18,576,16.0,2,1.25,57400,1.2777777777777777,0,0,216,44,28,0,0,0,28,6,20,0.3888888888888889,224.0,0.0,True,False
288,4 4 18,576,16.0,2,1.25,57600,1.2777777777777777,0,0,216,44,28,0,0,0,28,6,20,0.3888888888888889,224.0,0.0,True,False
288,4 4 18,576,16.0,2,1.25,57800,1.2777777777777777,0,0,216,44,28,0,0,0,28,6,20,0.3888888888888889,224.0,0.0,True,False
288,4 4 18,576,16.0,2,1.25,58000,1.2777777777777777,0,0,216,44,28,0,0,0,28,6,20,0.3888888888888889,224.0,0.0,True,False
288,4 4 18,576,16.0,2,1.25,58200,1.3055555555555556,0,0,208,48,32,0,0,0,32,6,24,0.375,216.0,0.0,True,False
288,4 4 18,576,16.0,2,1.25,58400,1.2986111111111112,0,0,212,48,28,0,0,0,28,10,16,0.3784722222222222,218.0,0.0,True,False
288,4 4 18,576,16.0,2,1.25,58600,1.2986111111111112,0,0,212,48,28,0,0,0,28,10,16,0.3784722222222222,218.0,0.0,True,False
288,4 4 18,576,16.0,2,1.25,58800,1.2986111111111112,0,0,212,48,28,0,0,0,28,10,16,0.3784722222222222,218.0,0.0,True,False
288,4 4 18,576,16.0,2,1.25,59000,1.25,0,0,224,40,24,0,0,0,24,6,16,0.4027777777777778,232.0,0.0,True,False
288,4 4 18,576,16.0,2,1.25,59200,1.25,0,0,224,40,24,0,0,0,24,6,16,0.4027777777777778,232.0,0.0,True,False
288,4 4 18,576,16.0,2,1.25,59400,1.25,0,0,224,40,24,0,0,0,24,6,16,0.4027777777777778,232.0,0.0,True,False
288,4 4 18,576,16.0,2,1.25,59600,1.25,0,0,224,40,24,0,0,0,24,6,16,0.4027777777777778,232.0,0.0,True,False
288,4 4 18,576,16.0,2,1.25,59800,1.25,0,0,224,40,24,0,0,0,24,6,16,0.4027777777777778,232.0,0.0,True,False
288,4 4 18,576,16.0,2,1.25,60000,1.25,0,0,224,40,24,0,0,0,24,6,16,0.4027777777777778,232.0,0.0,True,False
288,4 4 18,576,16.0,2,1.25,60200,1.25,0,0,224,40,24,0,0,0,24,6,16,0.4027777777777778,232.0,0.0,True,False
288,4 4 18,576,16.0,2,1.25,60400,1.25,0,0,224,40,24,0,0,0,24,6,16,0.4027777777777778,232.0,0.0,True,False
288,4 4 18,576,16.0,2,1.25,60600,1.2777777777777777,0,0,216,44,28,0,0,0,28,6,20,0.3888888888888889,224.0,0.0,True,False
288,4 4 18,576,16.0,2,1.25,60800,1.2777777777777777,0,0,216,44,28,0,0,0,28,6,20,0.3888888888888889,224.0,0.0,True,False
288,4 4 18,576,16.0,2,1.25,61000,1.2777777777777777,0,0,216,44,28,0,0,0,28,6,20,0.3888888888888889,224.0,0.0,True,False
288,4 4 18,576,16.0,2,1.25,61200,1.2777777777777777,0,0,216,44,28,0,0,0,28,6,20,0.3888888888888889,224.0,0.0,True,False
288,4 4 18,576,16.0,2,1.25,61400,1.2777777777777777,0,0,216,44,28,0,0,0,28,6,20,0.3888888888888889,224.0,0.0,True,False
288,4 4 18,576,16.0,2,1.25,61600,1.2777777777777777,0,0,216,44,28,0,0,0,28,6,20,0.3888888888888889,224.0,0.0,True,False
288,4 4 18,576,16.0,2,1.25,61800,1.2777777777777777,0,0,216,44,28,0,0,0,28,6,20,0.3888888888888889,224.0,0.0,True,False
288,4 4 18,576,16.0,2,1.25,62000,1.2777777777777777,0,0,216,44,28,0,0,0,28,6,20,0.3888888888888889,224.0,0.0,True,False
288,4 4 18,576,16.0,2,1.25,62200,1.2777777777777777,0,0,216,44,28,0,0,0,28,6,20,0.3888888888888889,224.0,0.0,True,False
288,4 4 18,576,16.0,2,1.25,62400,1.2777777777777777,0,0,216,44,28,0,0,0,28,6,20,0.3888888888888889,224.0,0.0,True,False
288,4 4 18,576,16.0,2,1.25,62600,1.2777777777777777,0,0,216,44,28,0,0,0,28,6,20,0.3888888888888889,224.0,0.0,True,False
288,4 4 18,576,16.0,2,1.25,62800,1.25,0,0,224,40,24,0,0,0,24,6,16,0.4027777777777778,232.0,0.0,True,False
288,4 4 18,576,16.0,2,1.25,63000,1.25,0,0,224,40,24,0,0,0,24,6,16,0.4027777777777778,232.0,0.0,True,False
288,4 4 18,576,16.0,2,1.25,63200,1.25,0,0,224,40,24,0,0,0,24,6,16,0.4027777777777778,232.0,0.0,True,False
288,4 4 18,576,16.0,2,1.25,63400,1.2777777777777777,0,0,216,44,28,0,0,0,28,7,18,0.3888888888888889,224.0,0.0,True,False
288,4 4 18,576,16.0,2,1.25,63600,1.2777777777777777,0,0,216,44,28,0,0,0,28,7,18,0.3888888888888889,224.0,0.0,True,False
288,4 4 18,576,16.0,2,1.25,63800,1.25,0,0,224,40,24,0,0,0,24,6,16,0.4027777777777778,232.0,0.0,True,False
288,4 4 18,576,16.0,2,1.25,64000,1.25,0,0,224,40,24,0,0,0,24,6,16,0.4027777777777778,232.0,0.0,True,False
288,4 4 18,576,16.0,2,1.25,64200,1.25,0,0,224,40,24,0,0,0,24,6,16,0.4027777777777778,232.0,0.0,True,False
288,4 4 18,576,16.0,2,1.25,64400,1.25,0,0,224,40,24,0,0,0,24,6,16,0.4027777777777778,232.0,0.0,True,False
288,4 4 18,576,16.0,2,1.25,64600,1.25,0,0,224,40,24,0,0,0,24,6,16,0.4027777777777778,232.0,0.0,True,False
288,4 4 18,576,16.0,2,1.25,64800,1.25,0,0,224,40,24,0,0,0,24,6,16,0.4027777777777778,232.0,0.0,True,False
288,4 4 18,576,16.0,2,1.25,65000,1.25,0,0,224,40,24,0,0,0,24,6,16,0.4027777777777778,232.0,0.0,True,False
288,4 4 18,576,16.0,2,1.25,65200,1.25,0,0,224,40,24,0,0,0,24,6,16,0.4027777777777778,232.0,0.0,True,False
288,4 4 18,576,16.0,2,1.25,65400,1.25,0,0,224,40,24,0,0,0,24,6,16,0.4027777777777778,232.0,0.0,True,False
288,4 4 18,576,16.0,2,1.25,65600,1.25,0,0,224,40,24,0,0,0,24,6,16,0.4027777777777778,232.0,0.0,True,False
288,4 4 18,576,16.0,2,1.25,65800,1.25,0,0,224,40,24,0,0,0,24,6,16,0.4027777777777778,232.0,0.0,True,False
288,4 4 18,576,16.0,2,1.25,66000,1.25,0,0,224,40,24,0,0,0,24,6,16,0.4027777777777778,232.0,0.0,True,False
288,4 4 18,576,16.0,2,1.25,66200,1.25,0,0,224,40,24,0,0,0,24,6,16,0.4027777777777778,232.0,0.0,True,False
288,4 4 18,576,16.0,2,1.25,66400,1.25,0,0,224,40,24,0,0,0,24,6,16,0.4027777777777778,232.0,0.0,True,False
288,4 4 18,576,16.0,2,1.25,66600,1.2986111111111112,0,0,212,48,28,0,0,0,28,7,22,0.3784722222222222,218.0,0.0,True,False
288,4 4 18,576,16.0,2,1.25,66800,1.2986111111111112,0,0,212,48,28,0,0,0,28,7,22,0.3784722222222222,218.0,0.0,True,False
288,4 4 18,576,16.0,2,1.25,67000,1.3263888888888888,0,0,204,52,32,0,0,0,32,8,22,0.3645833333333333,210.0,0.0,True,False
288,4 4 18,576,16.0,2,1.25,67200,1.2986111111111112,0,0,212,48,28,0,0,0,28,7,22,0.3784722222222222,218.0,0.0,True,False
288,4 4 18,576,16.0,2,1.25,67400,1.2986111111111112,0,0,212,48,28,0,0,0,28,7,22,0.3784722222222222,218.0,0.0,True,False
288,4 4 18,576,16.0,2,1.25,67600,1.2986111111111112,0,0,212,48,28,0,0,0,28,7,22,0.3784722222222222,218.0,0.0,True,False
288,4 4 18,576,16.0,2,1.25,67800,1.2986111111111112,0,0,212,48,28,0,0,0,28,7,22,0.3784722222222222,218.0,0.0,True,False
288,4 4 18,576,16.0,2,1.25,68000,1.25,0,0,224,40,24,0,0,0,24,6,16,0.4027777777777778,232.0,0.0,True,False
288,4 4 18,576,16.0,2,1.25,68200,1.25,0,0,224,40,24,0,0,0,24,6,16,0.4027777777777778,232.0,0.0,True,False
288,4 4 18,576,16.0,2,1.25,68400,1.25,0,0,224,40,24,0,0,0,24,6,16,0.4027777777777778,232.0,0.0,True,False
288,4 4 18,576,16.0,2,1.25,68600,1.25,0,0,224,40,24,0,0,0,24,6,16,0.4027777777777778,232.0,0.0,True,False
288,4 4 18,576,16.0,2,1.25,68800,1.25,0,0,224,40,24,0,0,0,24,6,16,0.4027777777777778,232.0,0.0,True,False
288,4 4 18,576,16.0,2,1.25,69000,1.25,0,0,224,40,24,0,0,0,24,6,16,0.4027777777777778,232.0,0.0,True,False
288,4 4 18,576,16.0,2,1.25,69200,1.25,0,0,224,40,24,0,0,0,24,6,16,0.4027777777777778,232.0,0.0,True,False
288,4 4 18,576,16.0,2,1.25,69400,1.25,0,0,224,40,24,0,0,0,24,6,16,0.4027777777777778,232.0,0.0,True,False
288,4 4 18,576,16.0,2,1.25,69600,1.2986111111111112,0,0,212,48,28,0,0,0,28,9,16,0.3784722222222222,218.0,0.0,True,False
288,4 4 18,576,16.0,2,1.25,69800,1.25,0,0,224,40,24,0,0,0,24,6,16,0.4027777777777778,232.0,0.0,True,False
288,4 4 18,576,16.0,2,1.25,70000,1.25,0,0,224,40,24,0,0,0,24,6,16,0.4027777777777778,232.0,0.0,True,False
288,4 4 18,576,16.0,2,1.25,70200,1.25,0,0,224,40,24,0,0,0,24,6,16,0.4027777777777778,232.0,0.0,True,False
288,4 4 18,576,16.0,2,1.25,70400,1.25,0,0,224,40,24,0,0,0,24,6,16,0.4027777777777778,232.0,0.0,True,False
288,4 4 18,576,16.0,2,1.25,70600,1.25,0,0,224,40,24,0,0,0,24,6,16,0.4027777777777778,232.0,0.0,True,False
288,4 4 18,576,16.0,2,1.25,70800,1.25,0,0,224,40,24,0,0,0,24,6,16,0.4027777777777778,232.0,0.0,True,False
288,4 4 18,576,16.0,2,1.25,71000,1.25,0,0,224,40,24,0,0,0,24,6,16,0.4027777777777778,232.0,0.0,True,False
288,4 4 18,576,16.0,2,1.25,71200,1.25,0,0,224,40,24,0,0,0,24,6,16,0.4027777777777778,232.0,0.0,True,False
288,4 4 18,576,16.0,2,1.25,71400,1.25,0,0,224,40,24,0,0,0,24,6,16,0.4027777777777778,232.0,0.0,True,False
288,4 4 18,576,16.0,2,1.25,71600,1.25,0,0,224,40,24,0,0,0,24,6,16,0.4027777777777778,232.0,0.0,True,False
288,4 4 18,576,16.0,2,1.25,71800,1.25,0,0,224,40,24,0,0,0,24,6,16,0.4027777777777778,232.0,0.0,True,False
288,4 4 18,576,16.0,2,1.25,72000,1.25,0,0,224,40,24,0,0,0,24,6,16,0.4027777777777778,232.0,0.0,True,False
288,4 4 18,576,16.0,2,1.25,72200,1.25,0,0,224,40,24,0,0,0,24,6,16,0.4027777777777778,232.0,0.0,True,False
288,4 4 18,576,16.0,2,1.25,72400,1.25,0,0,224,40,24,0,0,0,24,6,16,0.4027777777777778,232.0,0.0,True,False
288,4 4 18,576,16.0,2,1.25,72600,1.25,0,0,224,40,24,0,0,0,24,6,16,0.4027777777777778,232.0,0.0,True,False
288,4 4 18,576,16.0,2,1.25,72800,1.25,0,0,224,40,24,0,0,0,24,6,16,0.4027777777777778,232.0,0.0,True,False
288,4 4 18,576,16.0,2,1.25,73000,1.25,0,0,224,40,24,0,0,0,24,6,16,0.4027777777777778,232.0,0.0,True,False
288,4 4 18,576,16.0,2,1.25,73200,1.25,0,0,224,40,24,0,0,0,24,6,16,0.4027777777777778,232.0,0.0,True,False
288,4 4 18,576,16.0,2,1.25,73400,1.25,0,0,224,40,24,0,0,0,24,6,16,0.4027777777777778,232.0,0.0,True,False
288,4 4 18,576,16.0,2,1.25,73600,1.25,0,0,224,40,24,0,0,0,24,6,16,0.4027777777777778,232.0,0.0,True,False
288,4 4 18,576,16.0,2,1.25,73800,1.25,0,0,224,40,24,0,0,0,24,6,16,0.4027777777777778,232.0,0.0,True,False
288,4 4 18,576,16.0,2,1.25,74000,1.25,0,0,224,40,24,0,0,0,24,6,16,0.4027777777777778,232.0,0.0,True,False
288,4 4 18,576,16.0,2,1.25,74200,1.25,0,0,224,40,24,0,0,0,24,6,16,0.4027777777777778,232.0,0.0,True,False
288,4 4 18,576,16.0,2,1.25,74400,1.2986111111111112,0,0,212,48,28,0,0,0,28,10,16,0.3784722222222222,218.0,0.0,True,False
288,4 4 18,576,16.0,2,1.25,74600,1.2986111111111112,0,0,212,48,28,0,0,0,28,10,16,0.3784722222222222,218.0,0.0,True,False
288,4 4 18,576,16.0,2,1.25,74800,1.2986111111111112,0,0,212,48,28,0,0,0,28,10,16,0.3784722222222222,218.0,0.0,True,False
288,4 4 18,576,16.0,2,1.25,75000,1.2986111111111112,0,0,212,48,28,0,0,0,28,10,16,0.3784722222222222,218.0,0.0,True,False
288,4 4 18,576,16.0,2,1.25,75200,1.25,0,0,224,40,24,0,0,0,24,6,16,0.4027777777777778,232.0,0.0,True,False
288,4 4 18,576,16.0,2,1.25,75400,1.25,0,0,224,40,24,0,0,0,24,6,16,0.4027777777777778,232.0,0.0,True,False
288,4 4 18,576,16.0,2,1.25,75600,1.25,0,0,224,40,24,0,0,0,24,6,16,0.4027777777777778,232.0,0.0,True,False
288,4 4 18,576,16.0,2,1.25,75800,1.25,0,0,224,40,24,0,0,0,24,6,16,0.4027777777777778,232.0,0.0,True,False
288,4 4 18,576,16.0,2,1.25,76000,1.25,0,0,224,40,24,0,0,0,24,6,16,0.4027777777777778,232.0,0.0,True,False
288,4 4 18,576,16.0,2,1.25,76200,1.25,0,0,224,40,24,0,0,0,24,6,16,0.4027777777777778,232.0,0.0,True,False
288,4 4 18,576,16.0,2,1.25,76400,1.25,0,0,224,40,24,0,0,0,24,6,16,0.4027777777777778,232.0,0.0,True,False
288,4 4 18,576,16.0,2,1.25,76600,1.25,0,0,224,40,24,0,0,0,24,6,16,0.4027777777777778,232.0,0.0,True,False
288,4 4 18,576,16.0,2,1.25,76800,1.25,0,0,224,40,24,0,0,0,24,6,16,0.4027777777777778,232.0,0.0,True,False
288,4 4 18,576,16.0,2,1.25,77000,1.25,0,0,224,40,24,0,0,0,24,6,16,0.4027777777777778,232.0,0.0,True,False
288,4 4 18,576,16.0,2,1.25,77200,1.2986111111111112,0,0,212,48,28,0,0,0,28,8,18,0.3784722222222222,218.0,0.0,True,False
288,4 4 18,576,16.0,2,1.25,77400,1.2986111111111112,0,0,212,48,28,0,0,0,28,8,18,0.3784722222222222,218.0,0.0,True,False
288,4 4 18,576,16.0,2,1.25,77600,1.25,0,0,224,40,24,0,0,0,24,6,16,0.4027777777777778,232.0,0.0,True,False
288,4 4 18,576,16.0,2,1.25,77800,1.25,0,0,224,40,24,0,0,0,24,6,16,0.4027777777777778,232.0,0.0,True,False
288,4 4 18,576,16.0,2,1.25,78000,1.25,0,0,224,40,24,0,0,0,24,6,16,0.4027777777777778,232.0,0.0,True,False
288,4 4 18,576,16.0,2,1.25,78200,1.2777777777777777,0,0,216,44,28,0,0,0,28,6,20,0.3888888888888889,224.0,0.0,True,False
288,4 4 18,576,16.0,2,1.25,78400,1.2777777777777777,0,0,216,44,28,0,0,0,28,6,20,0.3888888888888889,224.0,0.0,True,False
288,4 4 18,576,16.0,2,1.25,78600,1.25,0,0,224,40,24,0,0,0,24,6,16,0.4027777777777778,232.0,0.0,True,False
288,4 4 18,576,16.0,2,1.25,78800,1.25,0,0,224,40,24,0,0,0,24,6,16,0.4027777777777778,232.0,0.0,True,False
288,4 4 18,576,16.0,2,1.25,79000,1.25,0,0,224,40,24,0,0,0,24,6,16,0.4027777777777778,232.0,0.0,True,False
288,4 4 18,576,16.0,2,1.25,79200,1.25,0,0,224,40,24,0,0,0,24,6,16,0.4027777777777778,232.0,0.0,True,False
288,4 4 18,576,16.0,2,1.25,79400,1.2986111111111112,0,0,212,48,28,0,0,0,28,9,16,0.3784722222222222,218.0,0.0,True,False
288,4 4 18,576,16.0,2,1.25,79600,1.25,0,0,224,40,24,0,0,0,24,6,16,0.4027777777777778,232.0,0.0,True,False
288,4 4 18,576,16.0,2,1.25,79800,1.25,0,0,224,40,24,0,0,0,24,6,16,0.4027777777777778,232.0,0.0,True,False
288,4 4 18,576,16.0,2,1.25,80000,1.25,0,0,224,40,24,0,0,0,24,6,16,0.4027777777777778,232.0,0.0,True,False
288,4 4 18,576,16.0,2,1.25,80200,1.25,0,0,224,40,24,0,0,0,24,6,16,0.4027777777777778,232.0,0.0,True,False
288,4 4 18,576,16.0,2,1.25,80400,1.25,0,0,224,40,24,0,0,0,24,6,16,0.4027777777777778,232.0,0.0,True,False
288,4 4 18,576,16.0,2,1.25,80600,1.25,0,0,224,40,24,0,0,0,24,6,16,0.4027777777777778,232.0,0.0,True,False
288,4 4 18,576,16.0,2,1.25,80800,1.25,0,0,224,40,24,0,0,0,24,6,16,0.4027777777777778,232.0,0.0,True,False
288,4 4 18,576,16.0,2,1.25,81000,1.25,0,0,224,40,24,0,0,0,24,6,16,0.4027777777777778,232.0,0.0,True,False
288,4 4 18,576,16.0,2,1.25,81200,1.2986111111111112,0,0,212,48,28,0,0,0,28,10,16,0.3784722222222222,218.0,0.0,True,False
288,4 4 18,576,16.0,2,1.25,81400,1.25,0,0,224,40,24,0,0,0,24,6,16,0.4027777777777778,232.0,0.0,True,False
288,4 4 18,576,16.0,2,1.25,81600,1.25,0,0,224,40,24,0,0,0,24,6,16,0.4027777777777778,232.0,0.0,True,False
288,4 4 18,576,16.0,2,1.25,81800,1.25,0,0,224,40,24,0,0,0,24,6,16,0.4027777777777778,232.0,0.0,True,False
288,4 4 18,576,16.0,2,1.25,82000,1.25,0,0,224,40,24,0,0,0,24,6,16,0.4027777777777778,232.0,0.0,True,False
288,4 4 18,576,16.0,2,1.25,82200,1.2986111111111112,0,0,212,48,28,0,0,0,28,9,16,0.3784722222222222,218.0,0.0,True,False
288,4 4 18,576,16.0,2,1.25,82400,1.2986111111111112,0,0,212,48,28,0,0,0,28,9,16,0.3784722222222222,218.0,0.0,True,False
288,4 4 18,576,16.0,2,1.25,82600,1.2986111111111112,0,0,212,48,28,0,0,0,28,9,16,0.3784722222222222,218.0,0.0,True,False
288,4 4 18,576,16.0,2,1.25,82800,1.2986111111111112,0,0,212,48,28,0,0,0,28,9,16,0.3784722222222222,218.0,0.0,True,False
288,4 4 18,576,16.0,2,1.25,83000,1.2986111111111112,0,0,212,48,28,0,0,0,28,9,16,0.3784722222222222,218.0,0.0,True,False
288,4 4 18,576,16.0,2,1.25,83200,1.25,0,0,224,40,24,0,0,0,24,6,16,0.4027777777777778,232.0,0.0,True,False
288,4 4 18,576,16.0,2,1.25,83400,1.25,0,0,224,40,24,0,0,0,24,6,16,0.4027777777777778,232.0,0.0,True,False
288,4 4 18,576,16.0,2,1.25,83600,1.25,0,0,224,40,24,0,0,0,24,6,16,0.4027777777777778,232.0,0.0,True,False
288,4 4 18,576,16.0,2,1.25,83800,1.25,0,0,224,40,24,0,0,0,24,6,16,0.4027777777777778,232.0,0.0,True,False
288,4 4 18,576,16.0,2,1.25,84000,1.25,0,0,224,40,24,0,0,0,24,6,16,0.4027777777777778,232.0,0.0,True,False
288,4 4 18,576,16.0,2,1.25,84200,1.25,0,0,224,40,24,0,0,0,24,6,16,0.4027777777777778,232.0,0.0,True,False
288,4 4 18,576,16.0,2,1.25,84400,1.25,0,0,224,40,24,0,0,0,24,6,16,0.4027777777777778,232.0,0.0,True,False
288,4 4 18,576,16.0,2,1.25,84600,1.25,0,0,224,40,24,0,0,0,24,6,16,0.4027777777777778,232.0,0.0,True,False
288,4 4 18,576,16.0,2,1.25,84800,1.25,0,0,224,40,24,0,0,0,24,6,16,0.4027777777777778,232.0,0.0,True,False
288,4 4 18,576,16.0,2,1.25,85000,1.25,0,0,224,40,24,0,0,0,24,6,16,0.4027777777777778,232.0,0.0,True,False
288,4 4 18,576,16.0,2,1.25,85200,1.25,0,0,224,40,24,0,0,0,24,6,16,0.4027777777777778,232.0,0.0,True,False
288,4 4 18,576,16.0,2,1.25,85400,1.25,0,0,224,40,24,0,0,0,24,6,16,0.4027777777777778,232.0,0.0,True,False
288,4 4 18,576,16.0,2,1.25,85600,1.25,0,0,224,40,24,0,0,0,24,6,16,0.4027777777777778,232.0,0.0,True,False
288,4 4 18,576,16.0,2,1.25,85800,1.25,0,0,224,40,24,0,0,0,24,6,16,0.4027777777777778,232.0,0.0,True,False
288,4 4 18,576,16.0,2,1.25,86000,1.25,0,0,224,40,24,0,0,0,24,6,16,0.4027777777777778,232.0,0.0,True,False
288,4 4 18,576,16.0,2,1.25,86200,1.25,0,0,224,40,24,0,0,0,24,6,16,0.4027777777777778,232.0,0.0,True,False
288,4 4 18,576,16.0,2,1.25,86400,1.25,0,0,224,40,24,0,0,0,24,6,16,0.4027777777777778,232.0,0.0,True,False
288,4 4 18,576,16.0,2,1.25,86600,1.25,0,0,224,40,24,0,0,0,24,6,16,0.4027777777777778,232.0,0.0,True,False
288,4 4 18,576,16.0,2,1.25,86800,1.25,0,0,224,40,24,0,0,0,24,6,16,0.4027777777777778,232.0,0.0,True,False
288,4 4 18,576,16.0,2,1.25,87000,1.25,0,0,224,40,24,0,0,0,24,6,16,0.4027777777777778,232.0,0.0,True,False
288,4 4 18,576,16.0,2,1.25,87200,1.25,0,0,224,40,24,0,0,0,24,6,16,0.4027777777777778,232.0,0.0,True,False
288,4 4 18,576,16.0,2,1.25,87400,1.25,0,0,224,40,24,0,0,0,24,6,16,0.4027777777777778,232.0,0.0,True,False
288,4 4 18,576,16.0,2,1.25,87600,1.25,0,0,224,40,24,0,0,0,24,6,16,0.4027777777777778,232.0,0.0,True,False
288,4 4 18,576,16.0,2,1.25,87800,1.25,0,0,224,40,24,0,0,0,24,6,16,0.4027777777777778,232.0,0.0,True,False
288,4 4 18,576,16.0,2,1.25,88000,1.25,0,0,224,40,24,0,0,0,24,6,16,0.4027777777777778,232.0,0.0,True,False
288,4 4 18,576,16.0,2,1.25,88200,1.25,0,0,224,40,24,0,0,0,24,6,16,0.4027777777777778,232.0,0.0,True,False
288,4 4 18,576,16.0,2,1.25,88400,1.25,0,0,224,40,24,0,0,0,24,6,16,0.4027777777777778,232.0,0.0,True,False
288,4 4 18,576,16.0,2,1.25,88600,1.2986111111111112,0,0,212,48,28,0,0,0,28,10,16,0.3784722222222222,218.0,0.0,True,False
288,4 4 18,576,16.0,2,1.25,88800,1.2986111111111112,0,0,212,48,28,0,0,0,28,10,16,0.3784722222222222,218.0,0.0,True,False
288,4 4 18,576,16.0,2,1.25,89000,1.2986111111111112,0,0,212,48,28,0,0,0,28,10,16,0.3784722222222222,218.0,0.0,True,False
288,4 4 18,576,16.0,2,1.25,89200,1.2986111111111112,0,0,212,48,28,0,0,0,28,10,16,0.3784722222222222,218.0,0.0,True,False
288,4 4 18,576,16.0,2,1.25,89400,1.2986111111111112,0,0,212,48,28,0,0,0,28,10,16,0.3784722222222222,218.0,0.0,True,False
288,4 4 18,576,16.0,2,1.25,89600,1.25,0,0,224,40,24,0,0,0,24,6,16,0.4027777777777778,232.0,0.0,True,False
288,4 4 18,576,16.0,2,1.25,89800,1.2777777777777777,0,0,216,44,28,0,0,0,28,6,20,0.3888888888888889,224.0,0.0,True,False
288,4 4 18,576,16.0,2,1.25,90000,1.2777777777777777,0,0,216,44,28,0,0,0,28,6,20,0.3888888888888889,224.0,0.0,True,False
288,4 4 18,576,16.0,2,1.25,90200,1.25,0,0,224,40,24,0,0,0,24,6,16,0.4027777777777778,232.0,0.0,True,False
288,4 4 18,576,16.0,2,1.25,90400,1.25,0,0,224,40,24,0,0,0,24,6,16,0.4027777777777778,232.0,0.0,True,False
288,4 4 18,576,16.0,2,1.25,90600,1.25,0,0,224,40,24,0,0,0,24,6,16,0.4027777777777778,232.0,0.0,True,False
288,4 4 18,576,16.0,2,1.25,90800,1.25,0,0,224,40,24,0,0,0,24,6,16,0.4027777777777778,232.0,0.0,True,False
288,4 4 18,576,16.0,2,1.25,91000,1.25,0,0,224,40,24,0,0,0,24,6,16,0.4027777777777778,232.0,0.0,True,False
288,4 4 18,576,16.0,2,1.25,91200,1.25,0,0,224,40,24,0,0,0,24,6,16,0.4027777777777778,232.0,0.0,True,False
288,4 4 18,576,16.0,2,1.25,91400,1.25,0,0,224,40,24,0,0,0,24,6,16,0.4027777777777778,232.0,0.0,True,False
288,4 4 18,576,16.0,2,1.25,91600,1.2777777777777777,0,0,216,44,28,0,0,0,28,7,18,0.3888888888888889,224.0,0.0,True,False
288,4 4 18,576,16.0,2,1.25,91800,1.2777777777777777,0,0,216,44,28,0,0,0,28,7,18,0.3888888888888889,224.0,0.0,True,False
288,4 4 18,576,16.0,2,1.25,92000,1.2777777777777777,0,0,216,44,28,0,0,0,28,7,18,0.3888888888888889,224.0,0.0,True,False
288,4 4 18,576,16.0,2,1.25,92200,1.25,0,0,224,40,24,0,0,0,24,6,16,0.4027777777777778,232.0,0.0,True,False
288,4 4 18,576,16.0,2,1.25,92400,1.25,0,0,224,40,24,0,0,0,24,6,16,0.4027777777777778,232.0,0.0,True,False
288,4 4 18,576,16.0,2,1.25,92600,1.25,0,0,224,40,24,0,0,0,24,6,16,0.4027777777777778,232.0,0.0,True,False
288,4 4 18,576,16.0,2,1.25,92800,1.25,0,0,224,40,24,0,0,0,24,6,16,0.4027777777777778,232.0,0.0,True,False
288,4 4 18,576,16.0,2,1.25,93000,1.25,0,0,224,40,24,0,0,0,24,6,16,0.4027777777777778,232.0,0.0,True,False
288,4 4 18,576,16.0,2,1.25,93200,1.25,0,0,224,40,24,0,0,0,24,6,16,0.4027777777777778,232.0,0.0,True,False
288,4 4 18,576,16.0,2,1.25,93400,1.25,0,0,224,40,24,0,0,0,24,6,16,0.4027777777777778,232.0,0.0,True,False
288,4 4 18,576,16.0,2,1.25,93600,1.25,0,0,224,40,24,0,0,0,24,6,16,0.4027777777777778,232.0,0.0,True,False
288,4 4 18,576,16.0,2,1.25,93800,1.25,0,0,224,40,24,0,0,0,24,6,16,0.4027777777777778,232.0,0.0,True,False
288,4 4 18,576,16.0,2,1.25,94000,1.25,0,0,224,40,24,0,0,0,24,6,16,0.4027777777777778,232.0,0.0,True,False
288,4 4 18,576,16.0,2,1.25,94200,1.25,0,0,224,40,24,0,0,0,24,6,16,0.4027777777777778,232.0,0.0,True,False
288,4 4 18,576,16.0,2,1.25,94400,1.25,0,0,224,40,24,0,0,0,24,6,16,0.4027777777777778,232.0,0.0,True,False
288,4 4 18,576,16.0,2,1.25,94600,1.25,0,0,224,40,24,0,0,0,24,6,16,0.4027777777777778,232.0,0.0,True,False
288,4 4 18,576,16.0,2,1.25,94800,1.25,0,0,224,40,24,0,0,0,24,6,16,0.4027777777777778,232.0,0.0,True,False
288,4 4 18,576,16.0,2,1.25,95000,1.25,0,0,224,40,24,0,0,0,24,6,16,0.4027777777777778,232.0,0.0,True,False
288,4 4 18,576,16.0,2,1.25,95200,1.25,0,0,224,40,24,0,0,0,24,6,16,0.4027777777777778,232.0,0.0,True,False
288,4 4 18,576,16.0,2,1.25,95400,1.2986111111111112,0,0,212,48,28,0,0,0,28,9,16,0.3784722222222222,218.0,0.0,True,False
288,4 4 18,576,16.0,2,1.25,95600,1.2986111111111112,0,0,212,48,28,0,0,0,28,9,16,0.3784722222222222,218.0,0.0,True,False
288,4 4 18,576,16.0,2,1.25,95800,1.2986111111111112,0,0,212,48,28,0,0,0,28,9,16,0.3784722222222222,218.0,0.0,True,False
288,4 4 18,576,16.0,2,1.25,96000,1.2986111111111112,0,0,212,48,28,0,0,0,28,9,16,0.3784722222222222,218.0,0.0,True,False
288,4 4 18,576,16.0,2,1.25,96200,1.2986111111111112,0,0,212,48,28,0,0,0,28,9,16,0.3784722222222222,218.0,0.0,True,False
288,4 4 18,576,16.0,2,1.25,96400,1.2986111111111112,0,0,212,48,28,0,0,0,28,9,16,0.3784722222222222,218.0,0.0,True,False
288,4 4 18,576,16.0,2,1.25,96600,1.2986111111111112,0,0,212,48,28,0,0,0,28,9,16,0.3784722222222222,218.0,0.0,True,False
288,4 4 18,576,16.0,2,1.25,96800,1.2986111111111112,0,0,212,48,28,0,0,0,28,9,16,0.3784722222222222,218.0,0.0,True,False
288,4 4 18,576,16.0,2,1.25,97000,1.2986111111111112,0,0,212,48,28,0,0,0,28,9,16,0.3784722222222222,218.0,0.0,True,False
288,4 4 18,576,16.0,2,1.25,97200,1.2986111111111112,0,0,212,48,28,0,0,0,28,9,16,0.3784722222222222,218.0,0.0,True,False
288,4 4 18,576,16.0,2,1.25,97400,1.25,0,0,224,40,24,0,0,0,24,6,16,0.4027777777777778,232.0,0.0,True,False
288,4 4 18,576,16.0,2,1.25,97600,1.25,0,0,224,40,24,0,0,0,24,6,16,0.4027777777777778,232.0,0.0,True,False
288,4 4 18,576,16.0,2,1.25,97800,1.25,0,0,224,40,24,0,0,0,24,6,16,0.4027777777777778,232.0,0.0,True,False
288,4 4 18,576,16.0,2,1.25,98000,1.25,0,0,224,40,24,0,0,0,24,6,16,0.4027777777777778,232.0,0.0,True,False
288,4 4 18,576,16.0,2,1.25,98200,1.25,0,0,224,40,24,0,0,0,24,6,16,0.4027777777777778,232.0,0.0,True,False
288,4 4 18,576,16.0,2,1.25,98400,1.25,0,0,224,40,24,0,0,0,24,6,16,0.4027777777777778,232.0,0.0,True,False
288,4 4 18,576,16.0,2,1.25,98600,1.25,0,0,224,40,24,0,0,0,24,6,16,0.4027777777777778,232.0,0.0,True,False
288,4 4 18,576,16.0,2,1.25,98800,1.25,0,0,224,40,24,0,0,0,24,6,16,0.4027777777777778,232.0,0.0,True,False
288,4 4 18,576,16.0,2,1.25,99000,1.25,0,0,224,40,24,0,0,0,24,6,16,0.4027777777777778,232.0,0.0,True,False
288,4 4 18,576,16.0,2,1.25,99200,1.25,0,0,224,40,24,0,0,0,24,6,16,0.4027777777777778,232.0,0.0,True,False
288,4 4 18,576,16.0,2,1.25,99400,1.25,0,0,224,40,24,0,0,0,24,6,16,0.4027777777777778,232.0,0.0,True,False
288,4 4 18,576,16.0,2,1.25,99600,1.25,0,0,224,40,24,0,0,0,24,6,16,0.4027777777777778,232.0,0.0,True,False
288,4 4 18,576,16.0,2,1.25,99800,1.25,0,0,224,40,24,0,0,0,24,6,16,0.4027777777777778,232.0,0.0,True,False
288,4 4 18,576,16.0,2,1.25,100000,1.25,0,0,224,40,24,0,0,0,24,6,16,0.4027777777777778,232.0,0.0,True,True
288,4 4 18,576,16.0,3,1.25,0,2.0,0,288,0,0,0,0,0,0,0,0,0,0.027777777777777776,16.0,0.0,False,False
288,4 4 18,576,16.0,3,1.25,200,2.0555555555555554,0,272,12,0,4,0,0,0,4,0,0,0.0,0.0,0.0,True,False
288,4 4 18,576,16.0,3,1.25,400,2.0555555555555554,0,272,12,0,4,0,0,0,4,0,0,0.0,0.0,0.0,True,False
288,4 4 18,576,16.0,3,1.25,600,2.0555555555555554,0,272,12,0,4,0,0,0,4,0,0,0.0,0.0,0.0,True,False
288,4 4 18,576,16.0,3,1.25,800,2.0416666666666665,0,256,24,4,0,4,0,0,4,2,2,0.006944444444444444,4.0,0.0,True,False
288,4 4 18,576,16.0,3,1.25,1000,2.0416666666666665,0,256,24,4,0,4,0,0,4,2,2,0.006944444444444444,4.0,0.0,True,False
288,4 4 18,576,16.0,3,1.25,1200,2.0416666666666665,0,256,24,4,0,4,0,0,4,2,2,0.006944444444444444,4.0,0.0,True,False
288,4 4 18,576,16.0,3,1.25,1400,2.0416666666666665,0,256,24,4,0,4,0,0,4,2,2,0.006944444444444444,4.0,0.0,True,False
288,4 4 18,576,16.0,3,1.25,1600,2.0416666666666665,0,256,24,4,0,4,0,0,4,2,2,0.006944444444444444,4.0,0.0,True,False
288,4 4 18,576,16.0,3,1.25,1800,2.0416666666666665,0,256,24,4,0,4,0,0,4,2,2,0.006944444444444444,4.0,0.0,True,False
288,4 4 18,576,16.0,3,1.25,2000,2.0277777777777777,0,240,36,4,4,4,0,0,8,2,2,0.013888888888888888,8.0,0.0,True,False
288,4 4 18,576,16.0,3,1.25,2200,2.0277777777777777,0,240,36,4,4,4,0,0,8,2,2,0.013888888888888888,8.0,0.0,True,False
288,4 4 18,576,16.0,3,1.25,2400,2.0277777777777777,0,240,36,4,4,4,0,0,8,2,2,0.013888888888888888,8.0,0.0,True,False
288,4 4 18,576,16.0,3,1.25,2600,2.0277777777777777,0,240,36,4,4,4,0,0,8,2,2,0.013888888888888888,8.0,0.0,True,False
288,4 4 18,576,16.0,3,1.25,2800,2.013888888888889,0,224,48,4,8,4,0,0,12,2,2,0.020833333333333332,12.0,0.0,True,False
288,4 4 18,576,16.0,3,1.25,3000,2.0,0,208,60,4,12,4,0,0,16,2,2,0.027777777777777776,16.0,0.0,True,False
288,4 4 18,576,16.0,3,1.25,3200,1.9861111111111112,0,192,72,4,16,4,0,0,20,2,2,0.034722222222222224,20.0,0.0,True,False
288,4 4 18,576,16.0,3,1.25,3400,1.9722222222222223,0,176,84,4,20,4,0,0,24,2,2,0.041666666666666664,24.0,0.0,True,False
288,4 4 18,576,16.0,3,1.25,3600,1.9722222222222223,0,176,84,4,20,4,0,0,24,2,2,0.041666666666666664,24.0,0.0,True,False
288,4 4 18,576,16.0,3,1.25,3800,1.9548611111111112,0,150,100,6,32,0,0,0,32,3,2,0.050347222222222224,29.0,0.0,True,False
288,4 4 18,576,16.0,3,1.25,4000,1.9548611111111112,0,150,100,6,32,0,0,0,32,3,2,0.050347222222222224,29.0,0.0,True,False
288,4 4 18,576,16.0,3,1.25,4200,1.9548611111111112,0,150,100,6,32,0,0,0,32,3,2,0.050347222222222224,29.0,0.0,True,False
288,4 4 18,576,16.0,3,1.25,4400,1.9513888888888888,0,140,104,12,32,0,0,0,32,6,2,0.052083333333333336,30.0,0.0,True,False
288,4 4 18,576,16.0,3,1.25,4600,1.9513888888888888,0,140,104,12,32,0,0,0,32,6,2,0.052083333333333336,30.0,0.0,True,False
288,4 4 18,576,16.0,3,1.25,4800,1.9513888888888888,0,140,104,12,32,0,0,0,32,6,2,0.052083333333333336,30.0,0.0,True,False
288,4 4 18,576,16.0,3,1.25,5000,1.9513888888888888,0,140,104,12,32,0,0,0,32,6,2,0.052083333333333336,30.0,0.0,True,False
288,4 4 18,576,16.0,3,1.25,5200,1.9513888888888888,0,140,104,12,32,0,0,0,32,6,2,0.052083333333333336,30.0,0.0,True,False
288,4 4 18,576,16.0,3,1.25,5400,1.9513888888888888,0,140,104,12,32,0,0,0,32,6,2,0.052083333333333336,30.0,0.0,True,False
288,4 4 18,576,16.0,3,1.25,5600,1.9513888888888888,0,140,104,12,32,0,0,0,32,6,2,0.052083333333333336,30.0,0.0,True,False
288,4 4 18,576,16.0,3,1.25,5800,1.9513888888888888,0,140,104,12,32,0,0,0,32,6,2,0.052083333333333336,30.0,0.0,True,False
288,4 4 18,576,16.0,3,1.25,6000,1.9513888888888888,0,140,104,12,32,0,0,0,32,6,2,0.052083333333333336,30.0,0.0,True,False
288,4 4 18,576,16.0,3,1.25,6200,1.9513888888888888,0,140,104,12,32,0,0,0,32,6,2,0.052083333333333336,30.0,0.0,True,False
288,4 4 18,576,16.0,3,1.25,6400,1.9513888888888888,0,140,104,12,32,0,0,0,32,6,2,0.052083333333333336,30.0,0.0,True,False
288,4 4 18,576,16.0,3,1.25,6600,1.9513888888888888,0,140,104,12,32,0,0,0,32,6,2,0.052083333333333336,30.0,0.0,True,False
288,4 4 18,576,16.0,3,1.25,6800,1.9513888888888888,0,140,104,12,32,0,0,0,32,6,2,0.052083333333333336,30.0,0.0,True,False
288,4 4 18,576,16.0,3,1.25,7000,1.9513888888888888,0,140,104,12,32,0,0,0,32,6,2,0.052083333333333336,30.0,0.0,True,False
288,4 4 18,576,16.0,3,1.25,7200,1.9513888888888888,0,140,104,12,32,0,0,0,32,6,2,0.052083333333333336,30.0,0.0,True,False
288,4 4 18,576,16.0,3,1.25,7400,1.9513888888888888,0,140,104,12,32,0,0,0,32,6,2,0.052083333333333336,30.0,0.0,True,False
288,4 4 18,576,16.0,3,1.25,7600,1.9513888888888888,0,140,104,12,32,0,0,0,32,6,2,0.052083333333333336,30.0,0.0,True,False
288,4 4 18,576,16.0,3,1.25,7800,1.9513888888888888,0,140,104,12,32,0,0,0,32,6,2,0.052083333333333336,30.0,0.0,True,False
288,4 4 18,576,16.0,3,1.25,8000,1.9513888888888888,0,140,104,12,32,0,0,0,32,6,2,0.052083333333333336,30.0,0.0,True,False
288,4 4 18,576,16.0,3,1.25,8200,1.9513888888888888,0,140,104,12,32,0,0,0,32,6,2,0.052083333333333336,30.0,0.0,True,False
288,4 4 18,576,16.0,3,1.25,8400,1.9513888888888888,0,140,104,12,32,0,0,0,32,6,2,0.052083333333333336,30.0,0.0,True,False
288,4 4 18,576,16.0,3,1.25,8600,1.9513888888888888,0,140,104,12,32,0,0,0,32,6,2,0.052083333333333336,30.0,0.0,True,False
288,4 4 18,576,16.0,3,1.25,8800,1.9513888888888888,0,140,104,12,32,0,0,0,32,6,2,0.052083333333333336,30.0,0.0,True,False
288,4 4 18,576,16.0,3,1.25,9000,1.9513888888888888,0,140,104,12,32,0,0,0,32,6,2,0.052083333333333336,30.0,0.0,True,False
288,4 4 18,576,16.0,3,1.25,9200,1.9513888888888888,0,140,104,12,32,0,0,0,32,6,2,0.052083333333333336,30.0,0.0,True,False
288,4 4 18,576,16.0,3,1.25,9400,1.9513888888888888,0,140,104,12,32,0,0,0,32,6,2,0.052083333333333336,30.0,0.0,True,False
288,4 4 18,576,16.0,3,1.25,9600,1.9513888888888888,0,140,104,12,32,0,0,0,32,6,2,0.052083333333333336,30.0,0.0,True,False
288,4 4 18,576,16.0,3,1.25,9800,1.9513888888888888,0,140,104,12,32,0,0,0,32,6,2,0.052083333333333336,30.0,0.0,True,False
288,4 4 18,576,16.0,3,1.25,10000,1.9513888888888888,0,140,104,12,32,0,0,0,32,6,2,0.052083333333333336,30.0,0.0,True,False
288,4 4 18,576,16.0,3,1.25,10200,1.9513888888888888,0,140,104,12,32,0,0,0,32,6,2,0.052083333333333336,30.0,0.0,True,False
288,4 4 18,576,16.0,3,1.25,10400,1.9513888888888888,0,140,104,12,32,0,0,0,32,6,2,0.052083333333333336,30.0,0.0,True,False
288,4 4 18,576,16.0,3,1.25,10600,1.9513888888888888,0,140,104,12,32,0,0,0,32,6,2,0.052083333333333336,30.0,0.0,True,False
288,4 4 18,576,16.0,3,1.25,10800,1.9513888888888888,0,140,104,12,32,0,0,0,32,6,2,0.052083333333333336,30.0,0.0,True,False
288,4 4 18,576,16.0,3,1.25,11000,1.9513888888888888,0,140,104,12,32,0,0,0,32,6,2,0.052083333333333336,30.0,0.0,True,False
288,4 4 18,576,16.0,3,1.25,11200,1.9513888888888888,0,140,104,12,32,0,0,0,32,6,2,0.052083333333333336,30.0,0.0,True,False
288,4 4 18,576,16.0,3,1.25,11400,1.9513888888888888,0,140,104,12,32,0,0,0,32,6,2,0.052083333333333336,30.0,0.0,True,False
288,4 4 18,576,16.0,3,1.25,11600,1.9513888888888888,0,140,104,12,32,0,0,0,32,6,2,0.052083333333333336,30.0,0.0,True,False
288,4 4 18,576,16.0,3,1.25,11800,1.9513888888888888,0,140,104,12,32,0,0,0,32,6,2,0.052083333333333336,30.0,0.0,True,False
288,4 4 18,576,16.0,3,1.25,12000,1.9513888888888888,0,140,104,12,32,0,0,0,32,6,2,0.052083333333333336,30.0,0.0,True,False
288,4 4 18,576,16.0,3,1.25,12200,1.9513888888888888,0,140,104,12,32,0,0,0,32,6,2,0.052083333333333336,30.0,0.0,True,False
288,4 4 18,576,16.0,3,1.25,12400,1.9513888888888888,0,140,104,12,32,0,0,0,32,6,2,0.052083333333333336,30.0,0.0,True,False
288,4 4 18,576,16.0,3,1.25,12600,1.9513888888888888,0,140,104,12,32,0,0,0,32,6,2,0.052083333333333336,30.0,0.0,True,False
288,4 4 18,576,16.0,3,1.25,12800,1.9513888888888888,0,140,104,12,32,0,0,0,32,6,2,0.052083333333333336,30.0,0.0,True,False
288,4 4 18,576,16.0,3,1.25,13000,1.9513888888888888,0,140,104,12,32,0,0,0,32,6,2,0.052083333333333336,30.0,0.0,True,False
288,4 4 18,576,16.0,3,1.25,13200,1.9513888888888888,0,140,104,12,32,0,0,0,32,6,2,0.052083333333333336,30.0,0.0,True,False
288,4 4 18,576,16.0,3,1.25,13400,1.9513888888888888,0,140,104,12,32,0,0,0,32,6,2,0.052083333333333336,30.0,0.0,True,False
288,4 4 18,576,16.0,3,1.25,13600,1.9513888888888888,0,140,104,12,32,0,0,0,32,6,2,0.052083333333333336,30.0,0.0,True,False
288,4 4 18,576,16.0,3,1.25,13800,1.9513888888888888,0,140,104,12,32,0,0,0,32,6,2,0.052083333333333336,30.0,0.0,True,False
288,4 4 18,576,16.0,3,1.25,14000,1.9513888888888888,0,140,104,12,32,0,0,0,32,6,2,0.052083333333333336,30.0,0.0,True,False
288,4 4 18,576,16.0,3,1.25,14200,1.9513888888888888,0,140,104,12,32,0,0,0,32,6,2,0.052083333333333336,30.0,0.0,True,False
288,4 4 18,576,16.0,3,1.25,14400,1.9513888888888888,0,140,104,12,32,0,0,0,32,6,2,0.052083333333333336,30.0,0.0,True,False
288,4 4 18,576,16.0,3,1.25,14600,1.9513888888888888,0,140,104,12,32,0,0,0,32,6,2,0.052083333333333336,30.0,0.0,True,False
288,4 4 18,576,16.0,3,1.25,14800,1.9513888888888888,0,140,104,12,32,0,0,0,32,6,2,0.052083333333333336,30.0,0.0,True,False
288,4 4 18,576,16.0,3,1.25,15000,1.9513888888888888,0,140,104,12,32,0,0,0,32,6,2,0.052083333333333336,30.0,0.0,True,False
288,4 4 18,576,16.0,3,1.25,15200,1.9513888888888888,0,140,104,12,32,0,0,0,32,6,2,0.052083333333333336,30.0,0.0,True,False
288,4 4 18,576,16.0,3,1.25,15400,1.9513888888888888,0,140,104,12,32,0,0,0,32,6,2,0.052083333333333336,30.0,0.0,True,False
288,4 4 18,576,16.0,3,1.25,15600,1.9513888888888888,0,140,104,12,32,0,0,0,32,6,2,0.052083333333333336,30.0,0.0,True,False
288,4 4 18,576,16.0,3,1.25,15800,1.9513888888888888,0,140,104,12,32,0,0,0,32,6,2,0.052083333333333336,30.0,0.0,True,False
288,4 4 18,576,16.0,3,1.25,16000,1.9513888888888888,0,140,104,12,32,0,0,0,32,6,2,0.052083333333333336,30.0,0.0,True,False
288,4 4 18,576,16.0,3,1.25,16200,1.9513888888888888,0,140,104,12,32,0,0,0,32,6,2,0.052083333333333336,30.0,0.0,True,False
288,4 4 18,576,16.0,3,1.25,16400,1.9513888888888888,0,140,104,12,32,0,0,0,32,6,2,0.052083333333333336,30.0,0.0,True,False
288,4 4 18,576,16.0,3,1.25,16600,1.9513888888888888,0,140,104,12,32,0,0,0,32,6,2,0.052083333333333336,30.0,0.0,True,False
288,4 4 18,576,16.0,3,1.25,16800,1.9513888888888888,0,140,104,12,32,0,0,0,32,6,2,0.052083333333333336,30.0,0.0,True,False
288,4 4 18,576,16.0,3,1.25,17000,1.9513888888888888,0,140,104,12,32,0,0,0,32,6,2,0.052083333333333336,30.0,0.0,True,False
288,4 4 18,576,16.0,3,1.25,17200,1.9513888888888888,0,140,104,12,32,0,0,0,32,6,2,0.052083333333333336,30.0,0.0,True,False
288,4 4 18,576,16.0,3,1.25,17400,1.9513888888888888,0,140,104,12,32,0,0,0,32,6,2,0.052083333333333336,30.0,0.0,True,False
288,4 4 18,576,16.0,3,1.25,17600,1.9513888888888888,0,140,104,12,32,0,0,0,32,6,2,0.052083333333333336,30.0,0.0,True,False
288,4 4 18,576,16.0,3,1.25,17800,1.9513888888888888,0,140,104,12,32,0,0,0,32,6,2,0.052083333333333336,30.0,0.0,True,False
288,4 4 18,576,16.0,3,1.25,18000,1.9513888888888888,0,140,104,12,32,0,0,0,32,6,2,0.052083333333333336,30.0,0.0,True,False
288,4 4 18,576,16.0,3,1.25,18200,1.9513888888888888,0,140,104,12,32,0,0,0,32,6,2,0.052083333333333336,30.0,0.0,True,False
288,4 4 18,576,16.0,3,1.25,18400,1.9513888888888888,0,140,104,12,32,0,0,0,32,6,2,0.052083333333333336,30.0,0.0,True,False
288,4 4 18,576,16.0,3,1.25,18600,1.9513888888888888,0,140,104,12,32,0,0,0,32,6,2,0.052083333333333336,30.0,0.0,True,False
288,4 4 18,576,16.0,3,1.25,18800,1.9513888888888888,0,140,104,12,32,0,0,0,32,6,2,0.052083333333333336,30.0,0.0,True,False
288,4 4 18,576,16.0,3,1.25,19000,1.9513888888888888,0,140,104,12,32,0,0,0,32,6,2,0.052083333333333336,30.0,0.0,True,False
288,4 4 18,576,16.0,3,1.25,19200,1.9513888888888888,0,140,104,12,32,0,0,0,32,6,2,0.052083333333333336,30.0,0.0,True,False
288,4 4 18,576,16.0,3,1.25,19400,1.9513888888888888,0,140,104,12,32,0,0,0,32,6,2,0.052083333333333336,30.0,0.0,True,False
288,4 4 18,576,16.0,3,1.25,19600,1.9513888888888888,0,140,104,12,32,0,0,0,32,6,2,0.052083333333333336,30.0,0.0,True,False
288,4 4 18,576,16.0,3,1.25,19800,1.9513888888888888,0,140,104,12,32,0,0,0,32,6,2,0.052083333333333336,30.0,0.0,True,False
288,4 4 18,576,16.0,3,1.25,20000,1.9513888888888888,0,140,104,12,32,0,0,0,32,6,2,0.052083333333333336,30.0,0.0,True,False
288,4 4 18,576,16.0,3,1.25,20200,1.9513888888888888,0,140,104,12,32,0,0,0,32,6,2,0.052083333333333336,30.0,0.0,True,False
288,4 4 18,576,16.0,3,1.25,20400,1.9513888888888888,0,140,104,12,32,0,0,0,32,6,2,0.052083333333333336,30.0,0.0,True,False
288,4 4 18,576,16.0,3,1.25,20600,1.9513888888888888,0,140,104,12,32,0,0,0,32,6,2,0.052083333333333336,30.0,0.0,True,False
288,4 4 18,576,16.0,3,1.25,20800,1.9513888888888888,0,140,104,12,32,0,0,0,32,6,2,0.052083333333333336,30.0,0.0,True,False
288,4 4 18,576,16.0,3,1.25,21000,1.9513888888888888,0,140,104,12,32,0,0,0,32,6,2,0.052083333333333336,30.0,0.0,True,False
288,4 4 18,576,16.0,3,1.25,21200,1.9513888888888888,0,140,104,12,32,0,0,0,32,6,2,0.052083333333333336,30.0,0.0,True,False
288,4 4 18,576,16.0,3,1.25,21400,1.9513888888888888,0,140,104,12,32,0,0,0,32,6,2,0.052083333333333336,30.0,0.0,True,False
288,4 4 18,576,16.0,3,1.25,21600,1.9513888888888888,0,140,104,12,32,0,0,0,32,6,2,0.052083333333333336,30.0,0.0,True,False
288,4 4 18,576,16.0,3,1.25,21800,1.9513888888888888,0,140,104,12,32,0,0,0,32,6,2,0.052083333333333336,30.0,0.0,True,False
288,4 4 18,576,16.0,3,1.25,22000,1.9513888888888888,0,140,104,12,32,0,0,0,32,6,2,0.052083333333333336,30.0,0.0,True,False
288,4 4 18,576,16.0,3,1.25,22200,1.9513888888888888,0,140,104,12,32,0,0,0,32,6,2,0.052083333333333336,30.0,0.0,True,False
288,4 4 18,576,16.0,3,1.25,22400,1.9513888888888888,0,140,104,12,32,0,0,0,32,6,2,0.052083333333333336,30.0,0.0,True,False
288,4 4 18,576,16.0,3,1.25,22600,1.9513888888888888,0,140,104,12,32,0,0,0,32,6,2,0.052083333333333336,30.0,0.0,True,False
288,4 4 18,576,16.0,3,1.25,22800,1.9513888888888888,0,140,104,12,32,0,0,0,32,6,2,0.052083333333333336,30.0,0.0,True,False
288,4 4 18,576,16.0,3,1.25,23000,1.9513888888888888,0,140,104,12,32,0,0,0,32,6,2,0.052083333333333336,30.0,0.0,True,False
288,4 4 18,576,16.0,3,1.25,23200,1.9513888888888888,0,140,104,12,32,0,0,0,32,6,2,0.052083333333333336,30.0,0.0,True,False
288,4 4 18,576,16.0,3,1.25,23400,1.9513888888888888,0,140,104,12,32,0,0,0,32,6,2,0.052083333333333336,30.0,0.0,True,False
288,4 4 18,576,16.0,3,1.25,23600,1.9513888888888888,0,140,104,12,32,0,0,0,32,6,2,0.052083333333333336,30.0,0.0,True,False
288,4 4 18,576,16.0,3,1.25,23800,1.9513888888888888,0,140,104,12,32,0,0,0,32,6,2,0.052083333333333336,30.0,0.0,True,False
288,4 4 18,576,16.0,3,1.25,24000,1.9513888888888888,0,140,104,12,32,0,0,0,32,6,2,0.052083333333333336,30.0,0.0,True,False
288,4 4 18,576,16.0,3,1.25,24200,1.9513888888888888,0,140,104,12,32,0,0,0,32,6,2,0.052083333333333336,30.0,0.0,True,False
288,4 4 18,576,16.0,3,1.25,24400,1.9513888888888888,0,140,104,12,32,0,0,0,32,6,2,0.052083333333333336,30.0,0.0,True,False
288,4 4 18,576,16.0,3,1.25,24600,1.9513888888888888,0,140,104,12,32,0,0,0,32,6,2,0.052083333333333336,30.0,0.0,True,False
288,4 4 18,576,16.0,3,1.25,24800,1.9513888888888888,0,140,104,12,32,0,0,0,32,6,2,0.052083333333333336,30.0,0.0,True,False
288,4 4 18,576,16.0,3,1.25,25000,1.9513888888888888,0,140,104,12,32,0,0,0,32,6,2,0.052083333333333336,30.0,0.0,True,False
288,4 4 18,576,16.0,3,1.25,25200,1.9513888888888888,0,140,104,12,32,0,0,0,32,6,2,0.052083333333333336,30.0,0.0,True,False
288,4 4 18,576,16.0,3,1.25,25400,1.9513888888888888,0,140,104,12,32,0,0,0,32,6,2,0.052083333333333336,30.0,0.0,True,False
288,4 4 18,576,16.0,3,1.25,25600,1.9513888888888888,0,140,104,12,32,0,0,0,32,6,2,0.052083333333333336,30.0,0.0,True,False
288,4 4 18,576,16.0,3,1.25,25800,1.9513888888888888,0,140,104,12,32,0,0,0,32,6,2,0.052083333333333336,30.0,0.0,True,False
288,4 4 18,576,16.0,3,1.25,26000,1.9513888888888888,0,140,104,12,32,0,0,0,32,6,2,0.052083333333333336,30.0,0.0,True,False
288,4 4 18,576,16.0,3,1.25,26200,1.9513888888888888,0,140,104,12,32,0,0,0,32,6,2,0.052083333333333336,30.0,0.0,True,False
288,4 4 18,576,16.0,3,1.25,26400,1.9513888888888888,0,140,104,12,32,0,0,0,32,6,2,0.052083333333333336,30.0,0.0,True,False
288,4 4 18,576,16.0,3,1.25,26600,1.9513888888888888,0,140,104,12,32,0,0,0,32,6,2,0.052083333333333336,30.0,0.0,True,False
288,4 4 18,576,16.0,3,1.25,26800,1.9513888888888888,0,140,104,12,32,0,0,0,32,6,2,0.052083333333333336,30.0,0.0,True,False
288,4 4 18,576,16.0,3,1.25,27000,1.9513888888888888,0,140,104,12,32,0,0,0,32,6,2,0.052083333333333336,30.0,0.0,True,False
288,4 4 18,576,16.0,3,1.25,27200,1.9513888888888888,0,140,104,12,32,0,0,0,32,6,2,0.052083333333333336,30.0,0.0,True,False
288,4 4 18,576,16.0,3,1.25,27400,1.9513888888888888,0,140,104,12,32,0,0,0,32,6,2,0.052083333333333336,30.0,0.0,True,False
288,4 4 18,576,16.0,3,1.25,27600,1.9513888888888888,0,140,104,12,32,0,0,0,32,6,2,0.052083333333333336,30.0,0.0,True,False
288,4 4 18,576,16.0,3,1.25,27800,1.9513888888888888,0,140,104,12,32,0,0,0,32,6,2,0.052083333333333336,30.0,0.0,True,False
288,4 4 18,576,16.0,3,1.25,28000,1.9513888888888888,0,140,104,12,32,0,0,0,32,6,2,0.052083333333333336,30.0,0.0,True,False
288,4 4 18,576,16.0,3,1.25,28200,1.9513888888888888,0,140,104,12,32,0,0,0,32,6,2,0.052083333333333336,30.0,0.0,True,False
288,4 4 18,576,16.0,3,1.25,28400,1.9513888888888888,0,140,104,12,32,0,0,0,32,6,2,0.052083333333333336,30.0,0.0,True,False
288,4 4 18,576,16.0,3,1.25,28600,1.9513888888888888,0,140,104,12,32,0,0,0,32,6,2,0.052083333333333336,30.0,0.0,True,False
288,4 4 18,576,16.0,3,1.25,28800,1.9513888888888888,0,140,104,12,32,0,0,0,32,6,2,0.052083333333333336,30.0,0.0,True,False
288,4 4 18,576,16.0,3,1.25,29000,1.9513888888888888,0,140,104,12,32,0,0,0,32,6,2,0.052083333333333336,30.0,0.0,True,False
288,4 4 18,576,16.0,3,1.25,29200,1.9513888888888888,0,140,104,12,32,0,0,0,32,6,2,0.052083333333333336,30.0,0.0,True,False
288,4 4 18,576,16.0,3,1.25,29400,1.9513888888888888,0,140,104,12,32,0,0,0,32,6,2,0.052083333333333336,30.0,0.0,True,False
288,4 4 18,576,16.0,3,1.25,29600,1.9513888888888888,0,140,104,12,32,0,0,0,32,6,2,0.052083333333333336,30.0,0.0,True,False
288,4 4 18,576,16.0,3,1.25,29800,1.9513888888888888,0,140,104,12,32,0,0,0,32,6,2,0.052083333333333336,30.0,0.0,True,False
288,4 4 18,576,16.0,3,1.25,30000,1.9513888888888888,0,140,104,12,32,0,0,0,32,6,2,0.052083333333333336,30.0,0.0,True,False
288,4 4 18,576,16.0,3,1.25,30200,1.9513888888888888,0,140,104,12,32,0,0,0,32,6,2,0.052083333333333336,30.0,0.0,True,False
288,4 4 18,576,16.0,3,1.25,30400,1.9513888888888888,0,140,104,12,32,0,0,0,32,6,2,0.052083333333333336,30.0,0.0,True,False
288,4 4 18,576,16.0,3,1.25,30600,1.9513888888888888,0,140,104,12,32,0,0,0,32,6,2,0.052083333333333336,30.0,0.0,True,False
288,4 4 18,576,16.0,3,1.25,30800,1.9513888888888888,0,140,104,12,32,0,0,0,32,6,2,0.052083333333333336,30.0,0.0,True,False
288,4 4 18,576,16.0,3,1.25,31000,1.9513888888888888,0,140,104,12,32,0,0,0,32,6,2,0.052083333333333336,30.0,0.0,True,False
288,4 4 18,576,16.0,3,1.25,31200,1.9513888888888888,0,140,104,12,32,0,0,0,32,6,2,0.052083333333333336,30.0,0.0,True,False
288,4 4 18,576,16.0,3,1.25,31400,1.9513888888888888,0,140,104,12,32,0,0,0,32,6,2,0.052083333333333336,30.0,0.0,True,False
288,4 4 18,576,16.0,3,1.25,31600,1.9513888888888888,0,140,104,12,32,0,0,0,32,6,2,0.052083333333333336,30.0,0.0,True,False
288,4 4 18,576,16.0,3,1.25,31800,1.9513888888888888,0,140,104,12,32,0,0,0,32,6,2,0.052083333333333336,30.0,0.0,True,False
288,4 4 18,576,16.0,3,1.25,32000,1.9513888888888888,0,140,104,12,32,0,0,0,32,6,2,0.052083333333333336,30.0,0.0,True,False
288,4 4 18,576,16.0,3,1.25,32200,1.9513888888888888,0,140,104,12,32,0,0,0,32,6,2,0.052083333333333336,30.0,0.0,True,False
288,4 4 18,576,16.0,3,1.25,32400,1.9513888888888888,0,140,104,12,32,0,0,0,32,6,2,0.052083333333333336,30.0,0.0,True,False
288,4 4 18,576,16.0,3,1.25,32600,1.9513888888888888,0,140,104,12,32,0,0,0,32,6,2,0.052083333333333336,30.0,0.0,True,False
288,4 4 18,576,16.0,3,1.25,32800,1.9513888888888888,0,140,104,12,32,0,0,0,32,6,2,0.052083333333333336,30.0,0.0,True,False
288,4 4 18,576,16.0,3,1.25,33000,1.9513888888888888,0,140,104,12,32,0,0,0,32,6,2,0.052083333333333336,30.0,0.0,True,False
288,4 4 18,576,16.0,3,1.25,33200,1.9513888888888888,0,140,104,12,32,0,0,0,32,6,2,0.052083333333333336,30.0,0.0,True,False
288,4 4 18,576,16.0,3,1.25,33400,1.9513888888888888,0,140,104,12,32,0,0,0,32,6,2,0.052083333333333336,30.0,0.0,True,False
288,4 4 18,576,16.0,3,1.25,33600,1.9513888888888888,0,140,104,12,32,0,0,0,32,6,2,0.052083333333333336,30.0,0.0,True,False
288,4 4 18,576,16.0,3,1.25,33800,1.9513888888888888,0,140,104,12,32,0,0,0,32,6,2,0.052083333333333336,30.0,0.0,True,False
288,4 4 18,576,16.0,3,1.25,34000,1.9513888888888888,0,140,104,12,32,0,0,0,32,6,2,0.052083333333333336,30.0,0.0,True,False
288,4 4 18,576,16.0,3,1.25,34200,1.9513888888888888,0,140,104,12,32,0,0,0,32,6,2,0.052083333333333336,30.0,0.0,True,False
288,4 4 18,576,16.0,3,1.25,34400,1.9513888888888888,0,140,104,12,32,0,0,0,32,6,2,0.052083333333333336,30.0,0.0,True,False
288,4 4 18,576,16.0,3,1.25,34600,1.9513888888888888,0,140,104,12,32,0,0,0,32,6,2,0.052083333333333336,30.0,0.0,True,False
288,4 4 18,576,16.0,3,1.25,34800,1.9513888888888888,0,140,104,12,32,0,0,0,32,6,2,0.052083333333333336,30.0,0.0,True,False
288,4 4 18,576,16.0,3,1.25,35000,1.9513888888888888,0,140,104,12,32,0,0,0,32,6,2,0.052083333333333336,30.0,0.0,True,False
288,4 4 18,576,16.0,3,1.25,35200,1.9513888888888888,0,140,104,12,32,0,0,0,32,6,2,0.052083333333333336,30.0,0.0,True,False
288,4 4 18,576,16.0,3,1.25,35400,1.9513888888888888,0,140,104,12,32,0,0,0,32,6,2,0.052083333333333336,30.0,0.0,True,False
288,4 4 18,576,16.0,3,1.25,35600,1.9513888888888888,0,140,104,12,32,0,0,0,32,6,2,0.052083333333333336,30.0,0.0,True,False
288,4 4 18,576,16.0,3,1.25,35800,1.9513888888888888,0,140,104,12,32,0,0,0,32,6,2,0.052083333333333336,30.0,0.0,True,False
288,4 4 18,576,16.0,3,1.25,36000,1.9513888888888888,0,140,104,12,32,0,0,0,32,6,2,0.052083333333333336,30.0,0.0,True,False
288,4 4 18,576,16.0,3,1.25,36200,1.9513888888888888,0,140,104,12,32,0,0,0,32,6,2,0.052083333333333336,30.0,0.0,True,False
288,4 4 18,576,16.0,3,1.25,36400,1.9513888888888888,0,140,104,12,32,0,0,0,32,6,2,0.052083333333333336,30.0,0.0,True,False
288,4 4 18,576,16.0,3,1.25,36600,1.9513888888888888,0,140,104,12,32,0,0,0,32,6,2,0.052083333333333336,30.0,0.0,True,False
288,4 4 18,576,16.0,3,1.25,36800,1.9513888888888888,0,140,104,12,32,0,0,0,32,6,2,0.052083333333333336,30.0,0.0,True,False
288,4 4 18,576,16.0,3,1.25,37000,1.9513888888888888,0,140,104,12,32,0,0,0,32,6,2,0.052083333333333336,30.0,0.0,True,False
288,4 4 18,576,16.0,3,1.25,37200,1.9513888888888888,0,140,104,12,32,0,0,0,32,6,2,0.052083333333333336,30.0,0.0,True,False
288,4 4 18,576,16.0,3,1.25,37400,1.9513888888888888,0,140,104,12,32,0,0,0,32,6,2,0.052083333333333336,30.0,0.0,True,False
288,4 4 18,576,16.0,3,1.25,37600,1.9513888888888888,0,140,104,12,32,0,0,0,32,6,2,0.052083333333333336,30.0,0.0,True,False
288,4 4 18,576,16.0,3,1.25,37800,1.9513888888888888,0,140,104,12,32,0,0,0,32,6,2,0.052083333333333336,30.0,0.0,True,False
288,4 4 18,576,16.0,3,1.25,38000,1.9513888888888888,0,140,104,12,32,0,0,0,32,6,2,0.052083333333333336,30.0,0.0,True,False
288,4 4 18,576,16.0,3,1.25,38200,1.9513888888888888,0,140,104,12,32,0,0,0,32,6,2,0.052083333333333336,30.0,0.0,True,False
288,4 4 18,576,16.0,3,1.25,38400,1.9513888888888888,0,140,104,12,32,0,0,0,32,6,2,0.052083333333333336,30.0,0.0,True,False
288,4 4 18,576,16.0,3,1.25,38600,1.9513888888888888,0,140,104,12,32,0,0,0,32,6,2,0.052083333333333336,30.0,0.0,True,False
288,4 4 18,576,16.0,3,1.25,38800,1.9513888888888888,0,140,104,12,32,0,0,0,32,6,2,0.052083333333333336,30.0,0.0,True,False
288,4 4 18,576,16.0,3,1.25,39000,1.9513888888888888,0,140,104,12,32,0,0,0,32,6,2,0.052083333333333336,30.0,0.0,True,False
288,4 4 18,576,16.0,3,1.25,39200,1.9513888888888888,0,140,104,12,32,0,0,0,32,6,2,0.052083333333333336,30.0,0.0,True,False
288,4 4 18,576,16.0,3,1.25,39400,1.9513888888888888,0,140,104,12,32,0,0,0,32,6,2,0.052083333333333336,30.0,0.0,True,False
288,4 4 18,576,16.0,3,1.25,39600,1.9513888888888888,0,140,104,12,32,0,0,0,32,6,2,0.052083333333333336,30.0,0.0,True,False
288,4 4 18,576,16.0,3,1.25,39800,1.9513888888888888,0,140,104,12,32,0,0,0,32,6,2,0.052083333333333336,30.0,0.0,True,False
288,4 4 18,576,16.0,3,1.25,40000,1.9513888888888888,0,140,104,12,32,0,0,0,32,6,2,0.052083333333333336,30.0,0.0,True,False
288,4 4 18,576,16.0,3,1.25,40200,1.9513888888888888,0,140,104,12,32,0,0,0,32,6,2,0.052083333333333336,30.0,0.0,True,False
288,4 4 18,576,16.0,3,1.25,40400,1.9513888888888888,0,140,104,12,32,0,0,0,32,6,2,0.052083333333333336,30.0,0.0,True,False
288,4 4 18,576,16.0,3,1.25,40600,1.9513888888888888,0,140,104,12,32,0,0,0,32,6,2,0.052083333333333336,30.0,0.0,True,False
288,4 4 18,576,16.0,3,1.25,40800,1.9513888888888888,0,140,104,12,32,0,0,0,32,6,2,0.052083333333333336,30.0,0.0,True,False
288,4 4 18,576,16.0,3,1.25,41000,1.9513888888888888,0,140,104,12,32,0,0,0,32,6,2,0.052083333333333336,30.0,0.0,True,False
288,4 4 18,576,16.0,3,1.25,41200,1.9513888888888888,0,140,104,12,32,0,0,0,32,6,2,0.052083333333333336,30.0,0.0,True,False
288,4 4 18,576,16.0,3,1.25,41400,1.9513888888888888,0,140,104,12,32,0,0,0,32,6,2,0.052083333333333336,30.0,0.0,True,False
288,4 4 18,576,16.0,3,1.25,41600,1.9513888888888888,0,140,104,12,32,0,0,0,32,6,2,0.052083333333333336,30.0,0.0,True,False
288,4 4 18,576,16.0,3,1.25,41800,1.9513888888888888,0,140,104,12,32,0,0,0,32,6,2,0.052083333333333336,30.0,0.0,True,False
288,4 4 18,576,16.0,3,1.25,42000,1.9513888888888888,0,140,104,12,32,0,0,0,32,6,2,0.052083333333333336,30.0,0.0,True,False
288,4 4 18,576,16.0,3,1.25,42200,1.9513888888888888,0,140,104,12,32,0,0,0,32,6,2,0.052083333333333336,30.0,0.0,True,False
288,4 4 18,576,16.0,3,1.25,42400,1.9513888888888888,0,140,104,12,32,0,0,0,32,6,2,0.052083333333333336,30.0,0.0,True,False
288,4 4 18,576,16.0,3,1.25,42600,1.9513888888888888,0,140,104,12,32,0,0,0,32,6,2,0.052083333333333336,30.0,0.0,True,False
288,4 4 18,576,16.0,3,1.25,42800,1.9513888888888888,0,140,104,12,32,0,0,0,32,6,2,0.052083333333333336,30.0,0.0,True,False
288,4 4 18,576,16.0,3,1.25,43000,1.9513888888888888,0,140,104,12,32,0,0,0,32,6,2,0.052083333333333336,30.0,0.0,True,False
288,4 4 18,576,16.0,3,1.25,43200,1.9513888888888888,0,140,104,12,32,0,0,0,32,6,2,0.052083333333333336,30.0,0.0,True,False
288,4 4 18,576,16.0,3,1.25,43400,1.9513888888888888,0,140,104,12,32,0,0,0,32,6,2,0.052083333333333336,30.0,0.0,True,False
288,4 4 18,576,16.0,3,1.25,43600,1.9513888888888888,0,140,104,12,32,0,0,0,32,6,2,0.052083333333333336,30.0,0.0,True,False
288,4 4 18,576,16.0,3,1.25,43800,1.9513888888888888,0,140,104,12,32,0,0,0,32,6,2,0.052083333333333336,30.0,0.0,True,False
288,4 4 18,576,16.0,3,1.25,44000,1.9513888888888888,0,140,104,12,32,0,0,0,32,6,2,0.052083333333333336,30.0,0.0,True,False
288,4 4 18,576,16.0,3,1.25,44200,1.9513888888888888,0,140,104,12,32,0,0,0,32,6,2,0.052083333333333336,30.0,0.0,True,False
288,4 4 18,576,16.0,3,1.25,44400,1.9513888888888888,0,140,104,12,32,0,0,0,32,6,2,0.052083333333333336,30.0,0.0,True,False
288,4 4 18,576,16.0,3,1.25,44600,1.9513888888888888,0,140,104,12,32,0,0,0,32,6,2,0.052083333333333336,30.0,0.0,True,False
288,4 4 18,576,16.0,3,1.25,44800,1.9513888888888888,0,140,104,12,32,0,0,0,32,6,2,0.052083333333333336,30.0,0.0,True,False
288,4 4 18,576,16.0,3,1.25,45000,1.9513888888888888,0,140,104,12,32,0,0,0,32,6,2,0.052083333333333336,30.0,0.0,True,False
288,4 4 18,576,16.0,3,1.25,45200,1.9513888888888888,0,140,104,12,32,0,0,0,32,6,2,0.052083333333333336,30.0,0.0,True,False
288,4 4 18,576,16.0,3,1.25,45400,1.9513888888888888,0,140,104,12,32,0,0,0,32,6,2,0.052083333333333336,30.0,0.0,True,False
288,4 4 18,576,16.0,3,1.25,45600,1.9513888888888888,0,140,104,12,32,0,0,0,32,6,2,0.052083333333333336,30.0,0.0,True,False
288,4 4 18,576,16.0,3,1.25,45800,1.9513888888888888,0,140,104,12,32,0,0,0,32,6,2,0.052083333333333336,30.0,0.0,True,False
288,4 4 18,576,16.0,3,1.25,46000,1.9513888888888888,0,140,104,12,32,0,0,0,32,6,2,0.052083333333333336,30.0,0.0,True,False
288,4 4 18,576,16.0,3,1.25,46200,1.9513888888888888,0,140,104,12,32,0,0,0,32,6,2,0.052083333333333336,30.0,0.0,True,False
288,4 4 18,576,16.0,3,1.25,46400,1.9513888888888888,0,140,104,12,32,0,0,0,32,6,2,0.052083333333333336,30.0,0.0,True,False
288,4 4 18,576,16.0,3,1.25,46600,1.9513888888888888,0,140,104,12,32,0,0,0,32,6,2,0.052083333333333336,30.0,0.0,True,False
288,4 4 18,576,16.0,3,1.25,46800,1.9513888888888888,0,140,104,12,32,0,0,0,32,6,2,0.052083333333333336,30.0,0.0,True,False
288,4 4 18,576,16.0,3,1.25,47000,1.9513888888888888,0,140,104,12,32,0,0,0,32,6,2,0.052083333333333336,30.0,0.0,True,False
288,4 4 18,576,16.0,3,1.25,47200,1.9513888888888888,0,140,104,12,32,0,0,0,32,6,2,0.052083333333333336,30.0,0.0,True,False
288,4 4 18,576,16.0,3,1.25,47400,1.9513888888888888,0,140,104,12,32,0,0,0,32,6,2,0.052083333333333336,30.0,0.0,True,False
288,4 4 18,576,16.0,3,1.25,47600,1.9513888888888888,0,140,104,12,32,0,0,0,32,6,2,0.052083333333333336,30.0,0.0,True,False
288,4 4 18,576,16.0,3,1.25,47800,1.9513888888888888,0,140,104,12,32,0,0,0,32,6,2,0.052083333333333336,30.0,0.0,True,False
288,4 4 18,576,16.0,3,1.25,48000,1.9513888888888888,0,140,104,12,32,0,0,0,32,6,2,0.052083333333333336,30.0,0.0,True,False
288,4 4 18,576,16.0,3,1.25,48200,1.9513888888888888,0,140,104,12,32,0,0,0,32,6,2,0.052083333333333336,30.0,0.0,True,False
288,4 4 18,576,16.0,3,1.25,48400,1.9513888888888888,0,140,104,12,32,0,0,0,32,6,2,0.052083333333333336,30.0,0.0,True,False
288,4 4 18,576,16.0,3,1.25,48600,1.9513888888888888,0,140,104,12,32,0,0,0,32,6,2,0.052083333333333336,30.0,0.0,True,False
288,4 4 18,576,16.0,3,1.25,48800,1.9513888888888888,0,140,104,12,32,0,0,0,32,6,2,0.052083333333333336,30.0,0.0,True,False
288,4 4 18,576,16.0,3,1.25,49000,1.9513888888888888,0,140,104,12,32,0,0,0,32,6,2,0.052083333333333336,30.0,0.0,True,False
288,4 4 18,576,16.0,3,1.25,49200,1.9513888888888888,0,140,104,12,32,0,0,0,32,6,2,0.052083333333333336,30.0,0.0,True,False
288,4 4 18,576,16.0,3,1.25,49400,1.9513888888888888,0,140,104,12,32,0,0,0,32,6,2,0.052083333333333336,30.0,0.0,True,False
288,4 4 18,576,16.0,3,1.25,49600,1.9513888888888888,0,140,104,12,32,0,0,0,32,6,2,0.052083333333333336,30.0,0.0,True,False
288,4 4 18,576,16.0,3,1.25,49800,1.9513888888888888,0,140,104,12,32,0,0,0,32,6,2,0.052083333333333336,30.0,0.0,True,False
288,4 4 18,576,16.0,3,1.25,50000,1.9513888888888888,0,140,104,12,32,0,0,0,32,6,2,0.052083333333333336,30.0,0.0,True,False
288,4 4 18,576,16.0,3,1.25,50200,1.9513888888888888,0,140,104,12,32,0,0,0,32,6,2,0.052083333333333336,30.0,0.0,True,False
288,4 4 18,576,16.0,3,1.25,50400,1.9513888888888888,0,140,104,12,32,0,0,0,32,6,2,0.052083333333333336,30.0,0.0,True,False
288,4 4 18,576,16.0,3,1.25,50600,1.9513888888888888,0,140,104,12,32,0,0,0,32,6,2,0.052083333333333336,30.0,0.0,True,False
288,4 4 18,576,16.0,3,1.25,50800,1.9513888888888888,0,140,104,12,32,0,0,0,32,6,2,0.052083333333333336,30.0,0.0,True,False
288,4 4 18,576,16.0,3,1.25,51000,1.9513888888888888,0,140,104,12,32,0,0,0,32,6,2,0.052083333333333336,30.0,0.0,True,False
288,4 4 18,576,16.0,3,1.25,51200,1.9513888888888888,0,140,104,12,32,0,0,0,32,6,2,0.052083333333333336,30.0,0.0,True,False
288,4 4 18,576,16.0,3,1.25,51400,1.9513888888888888,0,140,104,12,32,0,0,0,32,6,2,0.052083333333333336,30.0,0.0,True,False
288,4 4 18,576,16.0,3,1.25,51600,1.9513888888888888,0,140,104,12,32,0,0,0,32,6,2,0.052083333333333336,30.0,0.0,True,False
288,4 4 18,576,16.0,3,1.25,51800,1.9513888888888888,0,140,104,12,32,0,0,0,32,6,2,0.052083333333333336,30.0,0.0,True,False
288,4 4 18,576,16.0,3,1.25,52000,1.9513888888888888,0,140,104,12,32,0,0,0,32,6,2,0.052083333333333336,30.0,0.0,True,False
288,4 4 18,576,16.0,3,1.25,52200,1.9513888888888888,0,140,104,12,32,0,0,0,32,6,2,0.052083333333333336,30.0,0.0,True,False
288,4 4 18,576,16.0,3,1.25,52400,1.9513888888888888,0,140,104,12,32,0,0,0,32,6,2,0.052083333333333336,30.0,0.0,True,False
288,4 4 18,576,16.0,3,1.25,52600,1.9513888888888888,0,140,104,12,32,0,0,0,32,6,2,0.052083333333333336,30.0,0.0,True,False
288,4 4 18,576,16.0,3,1.25,52800,1.9513888888888888,0,140,104,12,32,0,0,0,32,6,2,0.052083333333333336,30.0,0.0,True,False
288,4 4 18,576,16.0,3,1.25,53000,1.9513888888888888,0,140,104,12,32,0,0,0,32,6,2,0.052083333333333336,30.0,0.0,True,False
288,4 4 18,576,16.0,3,1.25,53200,1.9513888888888888,0,140,104,12,32,0,0,0,32,6,2,0.052083333333333336,30.0,0.0,True,False
288,4 4 18,576,16.0,3,1.25,53400,1.9513888888888888,0,140,104,12,32,0,0,0,32,6,2,0.052083333333333336,30.0,0.0,True,False
288,4 4 18,576,16.0,3,1.25,53600,1.9513888888888888,0,140,104,12,32,0,0,0,32,6,2,0.052083333333333336,30.0,0.0,True,False
288,4 4 18,576,16.0,3,1.25,53800,1.9513888888888888,0,140,104,12,32,0,0,0,32,6,2,0.052083333333333336,30.0,0.0,True,False
288,4 4 18,576,16.0,3,1.25,54000,1.9513888888888888,0,140,104,12,32,0,0,0,32,6,2,0.052083333333333336,30.0,0.0,True,False
288,4 4 18,576,16.0,3,1.25,54200,1.9513888888888888,0,140,104,12,32,0,0,0,32,6,2,0.052083333333333336,30.0,0.0,True,False
288,4 4 18,576,16.0,3,1.25,54400,1.9513888888888888,0,140,104,12,32,0,0,0,32,6,2,0.052083333333333336,30.0,0.0,True,False
288,4 4 18,576,16.0,3,1.25,54600,1.9513888888888888,0,140,104,12,32,0,0,0,32,6,2,0.052083333333333336,30.0,0.0,True,False
288,4 4 18,576,16.0,3,1.25,54800,1.9513888888888888,0,140,104,12,32,0,0,0,32,6,2,0.052083333333333336,30.0,0.0,True,False
288,4 4 18,576,16.0,3,1.25,55000,1.9513888888888888,0,140,104,12,32,0,0,0,32,6,2,0.052083333333333336,30.0,0.0,True,False
288,4 4 18,576,16.0,3,1.25,55200,1.9513888888888888,0,140,104,12,32,0,0,0,32,6,2,0.052083333333333336,30.0,0.0,True,False
288,4 4 18,576,16.0,3,1.25,55400,1.9513888888888888,0,140,104,12,32,0,0,0,32,6,2,0.052083333333333336,30.0,0.0,True,False
288,4 4 18,576,16.0,3,1.25,55600,1.9513888888888888,0,140,104,12,32,0,0,0,32,6,2,0.052083333333333336,30.0,0.0,True,False
288,4 4 18,576,16.0,3,1.25,55800,1.9513888888888888,0,140,104,12,32,0,0,0,32,6,2,0.052083333333333336,30.0,0.0,True,False
288,4 4 18,576,16.0,3,1.25,56000,1.9513888888888888,0,140,104,12,32,0,0,0,32,6,2,0.052083333333333336,30.0,0.0,True,False
288,4 4 18,576,16.0,3,1.25,56200,1.9513888888888888,0,140,104,12,32,0,0,0,32,6,2,0.052083333333333336,30.0,0.0,True,False
288,4 4 18,576,16.0,3,1.25,56400,1.9513888888888888,0,140,104,12,32,0,0,0,32,6,2,0.052083333333333336,30.0,0.0,True,False
288,4 4 18,576,16.0,3,1.25,56600,1.9513888888888888,0,140,104,12,32,0,0,0,32,6,2,0.052083333333333336,30.0,0.0,True,False
288,4 4 18,576,16.0,3,1.25,56800,1.9513888888888888,0,140,104,12,32,0,0,0,32,6,2,0.052083333333333336,30.0,0.0,True,False
288,4 4 18,576,16.0,3,1.25,57000,1.9513888888888888,0,140,104,12,32,0,0,0,32,6,2,0.052083333333333336,30.0,0.0,True,False
288,4 4 18,576,16.0,3,1.25,57200,1.9513888888888888,0,140,104,12,32,0,0,0,32,6,2,0.052083333333333336,30.0,0.0,True,False
288,4 4 18,576,16.0,3,1.25,57400,1.9513888888888888,0,140,104,12,32,0,0,0,32,6,2,0.052083333333333336,30.0,0.0,True,False
288,4 4 18,576,16.0,3,1.25,57600,1.9513888888888888,0,140,104,12,32,0,0,0,32,6,2,0.052083333333333336,30.0,0.0,True,False
288,4 4 18,576,16.0,3,1.25,57800,1.9513888888888888,0,140,104,12,32,0,0,0,32,6,2,0.052083333333333336,30.0,0.0,True,False
288,4 4 18,576,16.0,3,1.25,58000,1.9513888888888888,0,140,104,12,32,0,0,0,32,6,2,0.052083333333333336,30.0,0.0,True,False
288,4 4 18,576,16.0,3,1.25,58200,1.9513888888888888,0,140,104,12,32,0,0,0,32,6,2,0.052083333333333336,30.0,0.0,True,False
288,4 4 18,576,16.0,3,1.25,58400,1.9513888888888888,0,140,104,12,32,0,0,0,32,6,2,0.052083333333333336,30.0,0.0,True,False
288,4 4 18,576,16.0,3,1.25,58600,1.9513888888888888,0,140,104,12,32,0,0,0,32,6,2,0.052083333333333336,30.0,0.0,True,False
288,4 4 18,576,16.0,3,1.25,58800,1.9513888888888888,0,140,104,12,32,0,0,0,32,6,2,0.052083333333333336,30.0,0.0,True,False
288,4 4 18,576,16.0,3,1.25,59000,1.9513888888888888,0,140,104,12,32,0,0,0,32,6,2,0.052083333333333336,30.0,0.0,True,False
288,4 4 18,576,16.0,3,1.25,59200,1.9513888888888888,0,140,104,12,32,0,0,0,32,6,2,0.052083333333333336,30.0,0.0,True,False
288,4 4 18,576,16.0,3,1.25,59400,1.9513888888888888,0,140,104,12,32,0,0,0,32,6,2,0.052083333333333336,30.0,0.0,True,False
288,4 4 18,576,16.0,3,1.25,59600,1.9513888888888888,0,140,104,12,32,0,0,0,32,6,2,0.052083333333333336,30.0,0.0,True,False
288,4 4 18,576,16.0,3,1.25,59800,1.9513888888888888,0,140,104,12,32,0,0,0,32,6,2,0.052083333333333336,30.0,0.0,True,False
288,4 4 18,576,16.0,3,1.25,60000,1.9513888888888888,0,140,104,12,32,0,0,0,32,6,2,0.052083333333333336,30.0,0.0,True,False
288,4 4 18,576,16.0,3,1.25,60200,1.9513888888888888,0,140,104,12,32,0,0,0,32,6,2,0.052083333333333336,30.0,0.0,True,False
288,4 4 18,576,16.0,3,1.25,60400,1.9513888888888888,0,140,104,12,32,0,0,0,32,6,2,0.052083333333333336,30.0,0.0,True,False
288,4 4 18,576,16.0,3,1.25,60600,1.9513888888888888,0,140,104,12,32,0,0,0,32,6,2,0.052083333333333336,30.0,0.0,True,False
288,4 4 18,576,16.0,3,1.25,60800,1.9513888888888888,0,140,104,12,32,0,0,0,32,6,2,0.052083333333333336,30.0,0.0,True,False
288,4 4 18,576,16.0,3,1.25,61000,1.9513888888888888,0,140,104,12,32,0,0,0,32,6,2,0.052083333333333336,30.0,0.0,True,False
288,4 4 18,576,16.0,3,1.25,61200,1.9513888888888888,0,140,104,12,32,0,0,0,32,6,2,0.052083333333333336,30.0,0.0,True,False
288,4 4 18,576,16.0,3,1.25,61400,1.9513888888888888,0,140,104,12,32,0,0,0,32,6,2,0.052083333333333336,30.0,0.0,True,False
288,4 4 18,576,16.0,3,1.25,61600,1.9513888888888888,0,140,104,12,32,0,0,0,32,6,2,0.052083333333333336,30.0,0.0,True,False
288,4 4 18,576,16.0,3,1.25,61800,1.9513888888888888,0,140,104,12,32,0,0,0,32,6,2,0.052083333333333336,30.0,0.0,True,False
288,4 4 18,576,16.0,3,1.25,62000,1.9513888888888888,0,140,104,12,32,0,0,0,32,6,2,0.052083333333333336,30.0,0.0,True,False
288,4 4 18,576,16.0,3,1.25,62200,1.9513888888888888,0,140,104,12,32,0,0,0,32,6,2,0.052083333333333336,30.0,0.0,True,False
288,4 4 18,576,16.0,3,1.25,62400,1.9513888888888888,0,140,104,12,32,0,0,0,32,6,2,0.052083333333333336,30.0,0.0,True,False
288,4 4 18,576,16.0,3,1.25,62600,1.9513888888888888,0,140,104,12,32,0,0,0,32,6,2,0.052083333333333336,30.0,0.0,True,False
288,4 4 18,576,16.0,3,1.25,62800,1.9513888888888888,0,140,104,12,32,0,0,0,32,6,2,0.052083333333333336,30.0,0.0,True,False
288,4 4 18,576,16.0,3,1.25,63000,1.9513888888888888,0,140,104,12,32,0,0,0,32,6,2,0.052083333333333336,30.0,0.0,True,False
288,4 4 18,576,16.0,3,1.25,63200,1.9513888888888888,0,140,104,12,32,0,0,0,32,6,2,0.052083333333333336,30.0,0.0,True,False
288,4 4 18,576,16.0,3,1.25,63400,1.9513888888888888,0,140,104,12,32,0,0,0,32,6,2,0.052083333333333336,30.0,0.0,True,False
288,4 4 18,576,16.0,3,1.25,63600,1.9513888888888888,0,140,104,12,32,0,0,0,32,6,2,0.052083333333333336,30.0,0.0,True,False
288,4 4 18,576,16.0,3,1.25,63800,1.9513888888888888,0,140,104,12,32,0,0,0,32,6,2,0.052083333333333336,30.0,0.0,True,False
288,4 4 18,576,16.0,3,1.25,64000,1.9513888888888888,0,140,104,12,32,0,0,0,32,6,2,0.052083333333333336,30.0,0.0,True,False
288,4 4 18,576,16.0,3,1.25,64200,1.9513888888888888,0,140,104,12,32,0,0,0,32,6,2,0.052083333333333336,30.0,0.0,True,False
288,4 4 18,576,16.0,3,1.25,64400,1.9513888888888888,0,140,104,12,32,0,0,0,32,6,2,0.052083333333333336,30.0,0.0,True,False
288,4 4 18,576,16.0,3,1.25,64600,1.9513888888888888,0,140,104,12,32,0,0,0,32,6,2,0.052083333333333336,30.0,0.0,True,False
288,4 4 18,576,16.0,3,1.25,64800,1.9513888888888888,0,140,104,12,32,0,0,0,32,6,2,0.052083333333333336,30.0,0.0,True,False
288,4 4 18,576,16.0,3,1.25,65000,1.9513888888888888,0,140,104,12,32,0,0,0,32,6,2,0.052083333333333336,30.0,0.0,True,False
288,4 4 18,576,16.0,3,1.25,65200,1.9513888888888888,0,140,104,12,32,0,0,0,32,6,2,0.052083333333333336,30.0,0.0,True,False
288,4 4 18,576,16.0,3,1.25,65400,1.9513888888888888,0,140,104,12,32,0,0,0,32,6,2,0.052083333333333336,30.0,0.0,True,False
288,4 4 18,576,16.0,3,1.25,65600,1.9513888888888888,0,140,104,12,32,0,0,0,32,6,2,0.052083333333333336,30.0,0.0,True,False
288,4 4 18,576,16.0,3,1.25,65800,1.9513888888888888,0,140,104,12,32,0,0,0,32,6,2,0.052083333333333336,30.0,0.0,True,False
288,4 4 18,576,16.0,3,1.25,66000,1.9513888888888888,0,140,104,12,32,0,0,0,32,6,2,0.052083333333333336,30.0,0.0,True,False
288,4 4 18,576,16.0,3,1.25,66200,1.9513888888888888,0,140,104,12,32,0,0,0,32,6,2,0.052083333333333336,30.0,0.0,True,False
288,4 4 18,576,16.0,3,1.25,66400,1.9513888888888888,0,140,104,12,32,0,0,0,32,6,2,0.052083333333333336,30.0,0.0,True,False
288,4 4 18,576,16.0,3,1.25,66600,1.9513888888888888,0,140,104,12,32,0,0,0,32,6,2,0.052083333333333336,30.0,0.0,True,False
288,4 4 18,576,16.0,3,1.25,66800,1.9513888888888888,0,140,104,12,32,0,0,0,32,6,2,0.052083333333333336,30.0,0.0,True,False
288,4 4 18,576,16.0,3,1.25,67000,1.9513888888888888,0,140,104,12,32,0,0,0,32,6,2,0.052083333333333336,30.0,0.0,True,False
288,4 4 18,576,16.0,3,1.25,67200,1.9513888888888888,0,140,104,12,32,0,0,0,32,6,2,0.052083333333333336,30.0,0.0,True,False
288,4 4 18,576,16.0,3,1.25,67400,1.9513888888888888,0,140,104,12,32,0,0,0,32,6,2,0.052083333333333336,30.0,0.0,True,False
288,4 4 18,576,16.0,3,1.25,67600,1.9513888888888888,0,140,104,12,32,0,0,0,32,6,2,0.052083333333333336,30.0,0.0,True,False
288,4 4 18,576,16.0,3,1.25,67800,1.9513888888888888,0,140,104,12,32,0,0,0,32,6,2,0.052083333333333336,30.0,0.0,True,False
288,4 4 18,576,16.0,3,1.25,68000,1.9513888888888888,0,140,104,12,32,0,0,0,32,6,2,0.052083333333333336,30.0,0.0,True,False
288,4 4 18,576,16.0,3,1.25,68200,1.9513888888888888,0,140,104,12,32,0,0,0,32,6,2,0.052083333333333336,30.0,0.0,True,False
288,4 4 18,576,16.0,3,1.25,68400,1.9513888888888888,0,140,104,12,32,0,0,0,32,6,2,0.052083333333333336,30.0,0.0,True,False
288,4 4 18,576,16.0,3,1.25,68600,1.9513888888888888,0,140,104,12,32,0,0,0,32,6,2,0.052083333333333336,30.0,0.0,True,False
288,4 4 18,576,16.0,3,1.25,68800,1.9513888888888888,0,140,104,12,32,0,0,0,32,6,2,0.052083333333333336,30.0,0.0,True,False
288,4 4 18,576,16.0,3,1.25,69000,1.9513888888888888,0,140,104,12,32,0,0,0,32,6,2,0.052083333333333336,30.0,0.0,True,False
288,4 4 18,576,16.0,3,1.25,69200,1.9513888888888888,0,140,104,12,32,0,0,0,32,6,2,0.052083333333333336,30.0,0.0,True,False
288,4 4 18,576,16.0,3,1.25,69400,1.9513888888888888,0,140,104,12,32,0,0,0,32,6,2,0.052083333333333336,30.0,0.0,True,False
288,4 4 18,576,16.0,3,1.25,69600,1.9513888888888888,0,140,104,12,32,0,0,0,32,6,2,0.052083333333333336,30.0,0.0,True,False
288,4 4 18,576,16.0,3,1.25,69800,1.9513888888888888,0,140,104,12,32,0,0,0,32,6,2,0.052083333333333336,30.0,0.0,True,False
288,4 4 18,576,16.0,3,1.25,70000,1.9513888888888888,0,140,104,12,32,0,0,0,32,6,2,0.052083333333333336,30.0,0.0,True,False
288,4 4 18,576,16.0,3,1.25,70200,1.9513888888888888,0,140,104,12,32,0,0,0,32,6,2,0.052083333333333336,30.0,0.0,True,False
288,4 4 18,576,16.0,3,1.25,70400,1.9513888888888888,0,140,104,12,32,0,0,0,32,6,2,0.052083333333333336,30.0,0.0,True,False
288,4 4 18,576,16.0,3,1.25,70600,1.9513888888888888,0,140,104,12,32,0,0,0,32,6,2,0.052083333333333336,30.0,0.0,True,False
288,4 4 18,576,16.0,3,1.25,70800,1.9513888888888888,0,140,104,12,32,0,0,0,32,6,2,0.052083333333333336,30.0,0.0,True,False
288,4 4 18,576,16.0,3,1.25,71000,1.9513888888888888,0,140,104,12,32,0,0,0,32,6,2,0.052083333333333336,30.0,0.0,True,False
288,4 4 18,576,16.0,3,1.25,71200,1.9513888888888888,0,140,104,12,32,0,0,0,32,6,2,0.052083333333333336,30.0,0.0,True,False
288,4 4 18,576,16.0,3,1.25,71400,1.9513888888888888,0,140,104,12,32,0,0,0,32,6,2,0.052083333333333336,30.0,0.0,True,False
288,4 4 18,576,16.0,3,1.25,71600,1.9513888888888888,0,140,104,12,32,0,0,0,32,6,2,0.052083333333333336,30.0,0.0,True,False
288,4 4 18,576,16.0,3,1.25,71800,1.9513888888888888,0,140,104,12,32,0,0,0,32,6,2,0.052083333333333336,30.0,0.0,True,False
288,4 4 18,576,16.0,3,1.25,72000,1.9513888888888888,0,140,104,12,32,0,0,0,32,6,2,0.052083333333333336,30.0,0.0,True,False
288,4 4 18,576,16.0,3,1.25,72200,1.9513888888888888,0,140,104,12,32,0,0,0,32,6,2,0.052083333333333336,30.0,0.0,True,False
288,4 4 18,576,16.0,3,1.25,72400,1.9513888888888888,0,140,104,12,32,0,0,0,32,6,2,0.052083333333333336,30.0,0.0,True,False
288,4 4 18,576,16.0,3,1.25,72600,1.9513888888888888,0,140,104,12,32,0,0,0,32,6,2,0.052083333333333336,30.0,0.0,True,False
288,4 4 18,576,16.0,3,1.25,72800,1.9513888888888888,0,140,104,12,32,0,0,0,32,6,2,0.052083333333333336,30.0,0.0,True,False
288,4 4 18,576,16.0,3,1.25,73000,1.9513888888888888,0,140,104,12,32,0,0,0,32,6,2,0.052083333333333336,30.0,0.0,True,False
288,4 4 18,576,16.0,3,1.25,73200,1.9513888888888888,0,140,104,12,32,0,0,0,32,6,2,0.052083333333333336,30.0,0.0,True,False
288,4 4 18,576,16.0,3,1.25,73400,1.9513888888888888,0,140,104,12,32,0,0,0,32,6,2,0.052083333333333336,30.0,0.0,True,False
288,4 4 18,576,16.0,3,1.25,73600,1.9513888888888888,0,140,104,12,32,0,0,0,32,6,2,0.052083333333333336,30.0,0.0,True,False
288,4 4 18,576,16.0,3,1.25,73800,1.9513888888888888,0,140,104,12,32,0,0,0,32,6,2,0.052083333333333336,30.0,0.0,True,False
288,4 4 18,576,16.0,3,1.25,74000,1.9513888888888888,0,140,104,12,32,0,0,0,32,6,2,0.052083333333333336,30.0,0.0,True,False
288,4 4 18,576,16.0,3,1.25,74200,1.9513888888888888,0,140,104,12,32,0,0,0,32,6,2,0.052083333333333336,30.0,0.0,True,False
288,4 4 18,576,16.0,3,1.25,74400,1.9513888888888888,0,140,104,12,32,0,0,0,32,6,2,0.052083333333333336,30.0,0.0,True,False
288,4 4 18,576,16.0,3,1.25,74600,1.9513888888888888,0,140,104,12,32,0,0,0,32,6,2,0.052083333333333336,30.0,0.0,True,False
288,4 4 18,576,16.0,3,1.25,74800,1.9513888888888888,0,140,104,12,32,0,0,0,32,6,2,0.052083333333333336,30.0,0.0,True,False
288,4 4 18,576,16.0,3,1.25,75000,1.9513888888888888,0,140,104,12,32,0,0,0,32,6,2,0.052083333333333336,30.0,0.0,True,False
288,4 4 18,576,16.0,3,1.25,75200,1.9513888888888888,0,140,104,12,32,0,0,0,32,6,2,0.052083333333333336,30.0,0.0,True,False
288,4 4 18,576,16.0,3,1.25,75400,1.9513888888888888,0,140,104,12,32,0,0,0,32,6,2,0.052083333333333336,30.0,0.0,True,False
288,4 4 18,576,16.0,3,1.25,75600,1.9513888888888888,0,140,104,12,32,0,0,0,32,6,2,0.052083333333333336,30.0,0.0,True,False
288,4 4 18,576,16.0,3,1.25,75800,1.9513888888888888,0,140,104,12,32,0,0,0,32,6,2,0.052083333333333336,30.0,0.0,True,False
288,4 4 18,576,16.0,3,1.25,76000,1.9513888888888888,0,140,104,12,32,0,0,0,32,6,2,0.052083333333333336,30.0,0.0,True,False
288,4 4 18,576,16.0,3,1.25,76200,1.9548611111111112,0,150,100,6,32,0,0,0,32,3,2,0.050347222222222224,29.0,0.0,True,False
288,4 4 18,576,16.0,3,1.25,76400,1.9548611111111112,0,150,100,6,32,0,0,0,32,3,2,0.050347222222222224,29.0,0.0,True,False
288,4 4 18,576,16.0,3,1.25,76600,1.9513888888888888,0,140,104,12,32,0,0,0,32,6,2,0.052083333333333336,30.0,0.0,True,False
288,4 4 18,576,16.0,3,1.25,76800,1.9513888888888888,0,140,104,12,32,0,0,0,32,6,2,0.052083333333333336,30.0,0.0,True,False
288,4 4 18,576,16.0,3,1.25,77000,1.9513888888888888,0,140,104,12,32,0,0,0,32,6,2,0.052083333333333336,30.0,0.0,True,False
288,4 4 18,576,16.0,3,1.25,77200,1.9513888888888888,0,140,104,12,32,0,0,0,32,6,2,0.052083333333333336,30.0,0.0,True,False
288,4 4 18,576,16.0,3,1.25,77400,1.9513888888888888,0,140,104,12,32,0,0,0,32,6,2,0.052083333333333336,30.0,0.0,True,False
288,4 4 18,576,16.0,3,1.25,77600,1.9513888888888888,0,140,104,12,32,0,0,0,32,6,2,0.052083333333333336,30.0,0.0,True,False
288,4 4 18,576,16.0,3,1.25,77800,1.9513888888888888,0,140,104,12,32,0,0,0,32,6,2,0.052083333333333336,30.0,0.0,True,False
288,4 4 18,576,16.0,3,1.25,78000,1.9513888888888888,0,140,104,12,32,0,0,0,32,6,2,0.052083333333333336,30.0,0.0,True,False
288,4 4 18,576,16.0,3,1.25,78200,1.9513888888888888,0,140,104,12,32,0,0,0,32,6,2,0.052083333333333336,30.0,0.0,True,False
288,4 4 18,576,16.0,3,1.25,78400,1.9513888888888888,0,140,104,12,32,0,0,0,32,6,2,0.052083333333333336,30.0,0.0,True,False
288,4 4 18,576,16.0,3,1.25,78600,1.9513888888888888,0,140,104,12,32,0,0,0,32,6,2,0.052083333333333336,30.0,0.0,True,False
288,4 4 18,576,16.0,3,1.25,78800,1.9513888888888888,0,140,104,12,32,0,0,0,32,6,2,0.052083333333333336,30.0,0.0,True,False
288,4 4 18,576,16.0,3,1.25,79000,1.9513888888888888,0,140,104,12,32,0,0,0,32,6,2,0.052083333333333336,30.0,0.0,True,False
288,4 4 18,576,16.0,3,1.25,79200,1.9513888888888888,0,140,104,12,32,0,0,0,32,6,2,0.052083333333333336,30.0,0.0,True,False
288,4 4 18,576,16.0,3,1.25,79400,1.9513888888888888,0,140,104,12,32,0,0,0,32,6,2,0.052083333333333336,30.0,0.0,True,False
288,4 4 18,576,16.0,3,1.25,79600,1.9513888888888888,0,140,104,12,32,0,0,0,32,6,2,0.052083333333333336,30.0,0.0,True,False
288,4 4 18,576,16.0,3,1.25,79800,1.9513888888888888,0,140,104,12,32,0,0,0,32,6,2,0.052083333333333336,30.0,0.0,True,False
288,4 4 18,576,16.0,3,1.25,80000,1.9513888888888888,0,140,104,12,32,0,0,0,32,6,2,0.052083333333333336,30.0,0.0,True,False
288,4 4 18,576,16.0,3,1.25,80200,1.9513888888888888,0,140,104,12,32,0,0,0,32,6,2,0.052083333333333336,30.0,0.0,True,False
288,4 4 18,576,16.0,3,1.25,80400,1.9513888888888888,0,140,104,12,32,0,0,0,32,6,2,0.052083333333333336,30.0,0.0,True,False
288,4 4 18,576,16.0,3,1.25,80600,1.9513888888888888,0,140,104,12,32,0,0,0,32,6,2,0.052083333333333336,30.0,0.0,True,False
288,4 4 18,576,16.0,3,1.25,80800,1.9513888888888888,0,140,104,12,32,0,0,0,32,6,2,0.052083333333333336,30.0,0.0,True,False
288,4 4 18,576,16.0,3,1.25,81000,1.9513888888888888,0,140,104,12,32,0,0,0,32,6,2,0.052083333333333336,30.0,0.0,True,False
288,4 4 18,576,16.0,3,1.25,81200,1.9513888888888888,0,140,104,12,32,0,0,0,32,6,2,0.052083333333333336,30.0,0.0,True,False
288,4 4 18,576,16.0,3,1.25,81400,1.9513888888888888,0,140,104,12,32,0,0,0,32,6,2,0.052083333333333336,30.0,0.0,True,False
288,4 4 18,576,16.0,3,1.25,81600,1.9513888888888888,0,140,104,12,32,0,0,0,32,6,2,0.052083333333333336,30.0,0.0,True,False
288,4 4 18,576,16.0,3,1.25,81800,1.9513888888888888,0,140,104,12,32,0,0,0,32,6,2,0.052083333333333336,30.0,0.0,True,False
288,4 4 18,576,16.0,3,1.25,82000,1.9513888888888888,0,140,104,12,32,0,0,0,32,6,2,0.052083333333333336,30.0,0.0,True,False
288,4 4 18,576,16.0,3,1.25,82200,1.9513888888888888,0,140,104,12,32,0,0,0,32,6,2,0.052083333333333336,30.0,0.0,True,False
288,4 4 18,576,16.0,3,1.25,82400,1.9513888888888888,0,140,104,12,32,0,0,0,32,6,2,0.052083333333333336,30.0,0.0,True,False
288,4 4 18,576,16.0,3,1.25,82600,1.9513888888888888,0,140,104,12,32,0,0,0,32,6,2,0.052083333333333336,30.0,0.0,True,False
288,4 4 18,576,16.0,3,1.25,82800,1.9513888888888888,0,140,104,12,32,0,0,0,32,6,2,0.052083333333333336,30.0,0.0,True,False
288,4 4 18,576,16.0,3,1.25,83000,1.9513888888888888,0,140,104,12,32,0,0,0,32,6,2,0.052083333333333336,30.0,0.0,True,False
288,4 4 18,576,16.0,3,1.25,83200,1.9513888888888888,0,140,104,12,32,0,0,0,32,6,2,0.052083333333333336,30.0,0.0,True,False
288,4 4 18,576,16.0,3,1.25,83400,1.9513888888888888,0,140,104,12,32,0,0,0,32,6,2,0.052083333333333336,30.0,0.0,True,False
288,4 4 18,576,16.0,3,1.25,83600,1.9513888888888888,0,140,104,12,32,0,0,0,32,6,2,0.052083333333333336,30.0,0.0,True,False
288,4 4 18,576,16.0,3,1.25,83800,1.9513888888888888,0,140,104,12,32,0,0,0,32,6,2,0.052083333333333336,30.0,0.0,True,False
288,4 4 18,576,16.0,3,1.25,84000,1.9513888888888888,0,140,104,12,32,0,0,0,32,6,2,0.052083333333333336,30.0,0.0,True,False
288,4 4 18,576,16.0,3,1.25,84200,1.9513888888888888,0,140,104,12,32,0,0,0,32,6,2,0.052083333333333336,30.0,0.0,True,False
288,4 4 18,576,16.0,3,1.25,84400,1.9513888888888888,0,140,104,12,32,0,0,0,32,6,2,0.052083333333333336,30.0,0.0,True,False
288,4 4 18,576,16.0,3,1.25,84600,1.9513888888888888,0,140,104,12,32,0,0,0,32,6,2,0.052083333333333336,30.0,0.0,True,False
288,4 4 18,576,16.0,3,1.25,84800,1.9513888888888888,0,140,104,12,32,0,0,0,32,6,2,0.052083333333333336,30.0,0.0,True,False
288,4 4 18,576,16.0,3,1.25,85000,1.9513888888888888,0,140,104,12,32,0,0,0,32,6,2,0.052083333333333336,30.0,0.0,True,False
288,4 4 18,576,16.0,3,1.25,85200,1.9513888888888888,0,140,104,12,32,0,0,0,32,6,2,0.052083333333333336,30.0,0.0,True,False
288,4 4 18,576,16.0,3,1.25,85400,1.9513888888888888,0,140,104,12,32,0,0,0,32,6,2,0.052083333333333336,30.0,0.0,True,False
288,4 4 18,576,16.0,3,1.25,85600,1.9513888888888888,0,140,104,12,32,0,0,0,32,6,2,0.052083333333333336,30.0,0.0,True,False
288,4 4 18,576,16.0,3,1.25,85800,1.9513888888888888,0,140,104,12,32,0,0,0,32,6,2,0.052083333333333336,30.0,0.0,True,False
288,4 4 18,576,16.0,3,1.25,86000,1.9513888888888888,0,140,104,12,32,0,0,0,32,6,2,0.052083333333333336,30.0,0.0,True,False
288,4 4 18,576,16.0,3,1.25,86200,1.9513888888888888,0,140,104,12,32,0,0,0,32,6,2,0.052083333333333336,30.0,0.0,True,False
288,4 4 18,576,16.0,3,1.25,86400,1.9513888888888888,0,140,104,12,32,0,0,0,32,6,2,0.052083333333333336,30.0,0.0,True,False
288,4 4 18,576,16.0,3,1.25,86600,1.9513888888888888,0,140,104,12,32,0,0,0,32,6,2,0.052083333333333336,30.0,0.0,True,False
288,4 4 18,576,16.0,3,1.25,86800,1.9513888888888888,0,140,104,12,32,0,0,0,32,6,2,0.052083333333333336,30.0,0.0,True,False
288,4 4 18,576,16.0,3,1.25,87000,1.9513888888888888,0,140,104,12,32,0,0,0,32,6,2,0.052083333333333336,30.0,0.0,True,False
288,4 4 18,576,16.0,3,1.25,87200,1.9513888888888888,0,140,104,12,32,0,0,0,32,6,2,0.052083333333333336,30.0,0.0,True,False
288,4 4 18,576,16.0,3,1.25,87400,1.9513888888888888,0,140,104,12,32,0,0,0,32,6,2,0.052083333333333336,30.0,0.0,True,False
288,4 4 18,576,16.0,3,1.25,87600,1.9513888888888888,0,140,104,12,32,0,0,0,32,6,2,0.052083333333333336,30.0,0.0,True,False
288,4 4 18,576,16.0,3,1.25,87800,1.9513888888888888,0,140,104,12,32,0,0,0,32,6,2,0.052083333333333336,30.0,0.0,True,False
288,4 4 18,576,16.0,3,1.25,88000,1.9513888888888888,0,140,104,12,32,0,0,0,32,6,2,0.052083333333333336,30.0,0.0,True,False
288,4 4 18,576,16.0,3,1.25,88200,1.9513888888888888,0,140,104,12,32,0,0,0,32,6,2,0.052083333333333336,30.0,0.0,True,False
288,4 4 18,576,16.0,3,1.25,88400,1.9513888888888888,0,140,104,12,32,0,0,0,32,6,2,0.052083333333333336,30.0,0.0,True,False
288,4 4 18,576,16.0,3,1.25,88600,1.9513888888888888,0,140,104,12,32,0,0,0,32,6,2,0.052083333333333336,30.0,0.0,True,False
288,4 4 18,576,16.0,3,1.25,88800,1.9513888888888888,0,140,104,12,32,0,0,0,32,6,2,0.052083333333333336,30.0,0.0,True,False
288,4 4 18,576,16.0,3,1.25,89000,1.9513888888888888,0,140,104,12,32,0,0,0,32,6,2,0.052083333333333336,30.0,0.0,True,False
288,4 4 18,576,16.0,3,1.25,89200,1.9513888888888888,0,140,104,12,32,0,0,0,32,6,2,0.052083333333333336,30.0,0.0,True,False
288,4 4 18,576,16.0,3,1.25,89400,1.9513888888888888,0,140,104,12,32,0,0,0,32,6,2,0.052083333333333336,30.0,0.0,True,False
288,4 4 18,576,16.0,3,1.25,89600,1.9513888888888888,0,140,104,12,32,0,0,0,32,6,2,0.052083333333333336,30.0,0.0,True,False
288,4 4 18,576,16.0,3,1.25,89800,1.9513888888888888,0,140,104,12,32,0,0,0,32,6,2,0.052083333333333336,30.0,0.0,True,False
288,4 4 18,576,16.0,3,1.25,90000,1.9513888888888888,0,140,104,12,32,0,0,0,32,6,2,0.052083333333333336,30.0,0.0,True,False
288,4 4 18,576,16.0,3,1.25,90200,1.9513888888888888,0,140,104,12,32,0,0,0,32,6,2,0.052083333333333336,30.0,0.0,True,False
288,4 4 18,576,16.0,3,1.25,90400,1.9513888888888888,0,140,104,12,32,0,0,0,32,6,2,0.052083333333333336,30.0,0.0,True,False
288,4 4 18,576,16.0,3,1.25,90600,1.9513888888888888,0,140,104,12,32,0,0,0,32,6,2,0.052083333333333336,30.0,0.0,True,False
288,4 4 18,576,16.0,3,1.25,90800,1.9513888888888888,0,140,104,12,32,0,0,0,32,6,2,0.052083333333333336,30.0,0.0,True,False
288,4 4 18,576,16.0,3,1.25,91000,1.9513888888888888,0,140,104,12,32,0,0,0,32,6,2,0.052083333333333336,30.0,0.0,True,False
288,4 4 18,576,16.0,3,1.25,91200,1.9513888888888888,0,140,104,12,32,0,0,0,32,6,2,0.052083333333333336,30.0,0.0,True,False
288,4 4 18,576,16.0,3,1.25,91400,1.9513888888888888,0,140,104,12,32,0,0,0,32,6,2,0.052083333333333336,30.0,0.0,True,False
288,4 4 18,576,16.0,3,1.25,91600,1.9513888888888888,0,140,104,12,32,0,0,0,32,6,2,0.052083333333333336,30.0,0.0,True,False
288,4 4 18,576,16.0,3,1.25,91800,1.9513888888888888,0,140,104,12,32,0,0,0,32,6,2,0.052083333333333336,30.0,0.0,True,False
288,4 4 18,576,16.0,3,1.25,92000,1.9513888888888888,0,140,104,12,32,0,0,0,32,6,2,0.052083333333333336,30.0,0.0,True,False
288,4 4 18,576,16.0,3,1.25,92200,1.9513888888888888,0,140,104,12,32,0,0,0,32,6,2,0.052083333333333336,30.0,0.0,True,False
288,4 4 18,576,16.0,3,1.25,92400,1.9513888888888888,0,140,104,12,32,0,0,0,32,6,2,0.052083333333333336,30.0,0.0,True,False
288,4 4 18,576,16.0,3,1.25,92600,1.9513888888888888,0,140,104,12,32,0,0,0,32,6,2,0.052083333333333336,30.0,0.0,True,False
288,4 4 18,576,16.0,3,1.25,92800,1.9513888888888888,0,140,104,12,32,0,0,0,32,6,2,0.052083333333333336,30.0,0.0,True,False
288,4 4 18,576,16.0,3,1.25,93000,1.9513888888888888,0,140,104,12,32,0,0,0,32,6,2,0.052083333333333336,30.0,0.0,True,False
288,4 4 18,576,16.0,3,1.25,93200,1.9513888888888888,0,140,104,12,32,0,0,0,32,6,2,0.052083333333333336,30.0,0.0,True,False
288,4 4 18,576,16.0,3,1.25,93400,1.9513888888888888,0,140,104,12,32,0,0,0,32,6,2,0.052083333333333336,30.0,0.0,True,False
288,4 4 18,576,16.0,3,1.25,93600,1.9513888888888888,0,140,104,12,32,0,0,0,32,6,2,0.052083333333333336,30.0,0.0,True,False
288,4 4 18,576,16.0,3,1.25,93800,1.9513888888888888,0,140,104,12,32,0,0,0,32,6,2,0.052083333333333336,30.0,0.0,True,False
288,4 4 18,576,16.0,3,1.25,94000,1.9513888888888888,0,140,104,12,32,0,0,0,32,6,2,0.052083333333333336,30.0,0.0,True,False
288,4 4 18,576,16.0,3,1.25,94200,1.9513888888888888,0,140,104,12,32,0,0,0,32,6,2,0.052083333333333336,30.0,0.0,True,False
288,4 4 18,576,16.0,3,1.25,94400,1.9513888888888888,0,140,104,12,32,0,0,0,32,6,2,0.052083333333333336,30.0,0.0,True,False
288,4 4 18,576,16.0,3,1.25,94600,1.9513888888888888,0,140,104,12,32,0,0,0,32,6,2,0.052083333333333336,30.0,0.0,True,False
288,4 4 18,576,16.0,3,1.25,94800,1.9513888888888888,0,140,104,12,32,0,0,0,32,6,2,0.052083333333333336,30.0,0.0,True,False
288,4 4 18,576,16.0,3,1.25,95000,1.9513888888888888,0,140,104,12,32,0,0,0,32,6,2,0.052083333333333336,30.0,0.0,True,False
288,4 4 18,576,16.0,3,1.25,95200,1.9513888888888888,0,140,104,12,32,0,0,0,32,6,2,0.052083333333333336,30.0,0.0,True,False
288,4 4 18,576,16.0,3,1.25,95400,1.9513888888888888,0,140,104,12,32,0,0,0,32,6,2,0.052083333333333336,30.0,0.0,True,False
288,4 4 18,576,16.0,3,1.25,95600,1.9513888888888888,0,140,104,12,32,0,0,0,32,6,2,0.052083333333333336,30.0,0.0,True,False
288,4 4 18,576,16.0,3,1.25,95800,1.9513888888888888,0,140,104,12,32,0,0,0,32,6,2,0.052083333333333336,30.0,0.0,True,False
288,4 4 18,576,16.0,3,1.25,96000,1.9513888888888888,0,140,104,12,32,0,0,0,32,6,2,0.052083333333333336,30.0,0.0,True,False
288,4 4 18,576,16.0,3,1.25,96200,1.9513888888888888,0,140,104,12,32,0,0,0,32,6,2,0.052083333333333336,30.0,0.0,True,False
288,4 4 18,576,16.0,3,1.25,96400,1.9513888888888888,0,140,104,12,32,0,0,0,32,6,2,0.052083333333333336,30.0,0.0,True,False
288,4 4 18,576,16.0,3,1.25,96600,1.9513888888888888,0,140,104,12,32,0,0,0,32,6,2,0.052083333333333336,30.0,0.0,True,False
288,4 4 18,576,16.0,3,1.25,96800,1.9513888888888888,0,140,104,12,32,0,0,0,32,6,2,0.052083333333333336,30.0,0.0,True,False
288,4 4 18,576,16.0,3,1.25,97000,1.9513888888888888,0,140,104,12,32,0,0,0,32,6,2,0.052083333333333336,30.0,0.0,True,False
288,4 4 18,576,16.0,3,1.25,97200,1.9513888888888888,0,140,104,12,32,0,0,0,32,6,2,0.052083333333333336,30.0,0.0,True,False
288,4 4 18,576,16.0,3,1.25,97400,1.9513888888888888,0,140,104,12,32,0,0,0,32,6,2,0.052083333333333336,30.0,0.0,True,False
288,4 4 18,576,16.0,3,1.25,97600,1.9513888888888888,0,140,104,12,32,0,0,0,32,6,2,0.052083333333333336,30.0,0.0,True,False
288,4 4 18,576,16.0,3,1.25,97800,1.9513888888888888,0,140,104,12,32,0,0,0,32,6,2,0.052083333333333336,30.0,0.0,True,False
288,4 4 18,576,16.0,3,1.25,98000,1.9513888888888888,0,140,104,12,32,0,0,0,32,6,2,0.052083333333333336,30.0,0.0,True,False
288,4 4 18,576,16.0,3,1.25,98200,1.9513888888888888,0,140,104,12,32,0,0,0,32,6,2,0.052083333333333336,30.0,0.0,True,False
288,4 4 18,576,16.0,3,1.25,98400,1.9513888888888888,0,140,104,12,32,0,0,0,32,6,2,0.052083333333333336,30.0,0.0,True,False
288,4 4 18,576,16.0,3,1.25,98600,1.9513888888888888,0,140,104,12,32,0,0,0,32,6,2,0.052083333333333336,30.0,0.0,True,False
288,4 4 18,576,16.0,3,1.25,98800,1.9513888888888888,0,140,104,12,32,0,0,0,32,6,2,0.052083333333333336,30.0,0.0,True,False
288,4 4 18,576,16.0,3,1.25,99000,1.9513888888888888,0,140,104,12,32,0,0,0,32,6,2,0.052083333333333336,30.0,0.0,True,False
288,4 4 18,576,16.0,3,1.25,99200,1.9513888888888888,0,140,104,12,32,0,0,0,32,6,2,0.052083333333333336,30.0,0.0,True,False
288,4 4 18,576,16.0,3,1.25,99400,1.9513888888888888,0,140,104,12,32,0,0,0,32,6,2,0.052083333333333336,30.0,0.0,True,False
288,4 4 18,576,16.0,3,1.25,99600,1.9513888888888888,0,140,104,12,32,0,0,0,32,6,2,0.052083333333333336,30.0,0.0,True,False
288,4 4 18,576,16.0,3,1.25,99800,1.9513888888888888,0,140,104,12,32,0,0,0,32,6,2,0.052083333333333336,30.0,0.0,True,False
288,4 4 18,576,16.0,3,1.25,100000,1.9513888888888888,0,140,104,12,32,0,0,0,32,6,2,0.052083333333333336,30.0,0.0,True,True
288,4 4 18,576,16.0,4,1.25,0,2.0,0,288,0,0,0,0,0,0,0,0,0,0.027777777777777776,16.0,0.0,False,False
288,4 4 18,576,16.0,4,1.25,200,2.0,0,288,0,0,0,0,0,0,0,0,0,0.027777777777777776,16.0,0.0,True,False
288,4 4 18,576,16.0,4,1.25,400,2.0555555555555554,0,272,12,0,4,0,0,0,4,0,0,0.0,0.0,0.0,True,False
288,4 4 18,576,16.0,4,1.25,600,2.0416666666666665,0,256,24,4,0,4,0,0,4,2,2,0.006944444444444444,4.0,0.0,True,False
288,4 4 18,576,16.0,4,1.25,800,2.0416666666666665,0,256,24,4,0,4,0,0,4,2,2,0.006944444444444444,4.0,0.0,True,False
288,4 4 18,576,16.0,4,1.25,1000,2.0277777777777777,0,240,36,4,4,4,0,0,8,2,2,0.013888888888888888,8.0,0.0,True,False
288,4 4 18,576,16.0,4,1.25,1200,2.0277777777777777,0,240,36,4,4,4,0,0,8,2,2,0.013888888888888888,8.0,0.0,True,False
288,4 4 18,576,16.0,4,1.25,1400,2.0277777777777777,0,240,36,4,4,4,0,0,8,2,2,0.013888888888888888,8.0,0.0,True,False
288,4 4 18,576,16.0,4,1.25,1600,2.013888888888889,0,224,48,4,8,4,0,0,12,2,2,0.020833333333333332,12.0,0.0,True,False
288,4 4 18,576,16.0,4,1.25,1800,2.0,0,208,60,4,12,4,0,0,16,2,2,0.027777777777777776,16.0,0.0,True,False
288,4 4 18,576,16.0,4,1.25,2000,2.0,0,208,60,4,12,4,0,0,16,2,2,0.027777777777777776,16.0,0.0,True,False
288,4 4 18,576,16.0,4,1.25,2200,2.0,0,208,60,4,12,4,0,0,16,2,2,0.027777777777777776,16.0,0.0,True,False
288,4 4 18,576,16.0,4,1.25,2400,1.9861111111111112,0,192,72,4,16,4,0,0,20,2,2,0.034722222222222224,20.0,0.0,True,False
288,4 4 18,576,16.0,4,1.25,2600,1.9861111111111112,0,192,72,4,16,4,0,0,20,2,2,0.034722222222222224,20.0,0.0,True,False
288,4 4 18,576,16.0,4,1.25,2800,1.9861111111111112,0,192,72,4,16,4,0,0,20,2,2,0.034722222222222224,20.0,0.0,True,False
288,4 4 18,576,16.0,4,1.25,3000,1.9861111111111112,0,192,72,4,16,4,0,0,20,2,2,0.034722222222222224,20.0,0.0,True,False
288,4 4 18,576,16.0,4,1.25,3200,1.9722222222222223,0,176,84,4,20,4,0,0,24,2,2,0.041666666666666664,24.0,0.0,True,False
288,4 4 18,576,16.0,4,1.25,3400,1.9583333333333333,0,160,96,4,24,4,0,0,28,2,2,0.04861111111111111,28.0,0.0,True,False
288,4 4 18,576,16.0,4,1.25,3600,1.9513888888888888,0,140,104,12,32,0,0,0,32,6,2,0.052083333333333336,30.0,0.0,True,False
288,4 4 18,576,16.0,4,1.25,3800,1.9513888888888888,0,140,104,12,32,0,0,0,32,6,2,0.052083333333333336,30.0,0.0,True,False
288,4 4 18,576,16.0,4,1.25,4000,1.9513888888888888,0,140,104,12,32,0,0,0,32,6,2,0.052083333333333336,30.0,0.0,True,False
288,4 4 18,576,16.0,4,1.25,4200,1.9513888888888888,0,140,104,12,32,0,0,0,32,6,2,0.052083333333333336,30.0,0.0,True,False
288,4 4 18,576,16.0,4,1.25,4400,1.9513888888888888,0,140,104,12,32,0,0,0,32,6,2,0.052083333333333336,30.0,0.0,True,False
288,4 4 18,576,16.0,4,1.25,4600,1.9513888888888888,0,140,104,12,32,0,0,0,32,6,2,0.052083333333333336,30.0,0.0,True,False
288,4 4 18,576,16.0,4,1.25,4800,1.9513888888888888,0,140,104,12,32,0,0,0,32,6,2,0.052083333333333336,30.0,0.0,True,False
288,4 4 18,576,16.0,4,1.25,5000,1.9513888888888888,0,140,104,12,32,0,0,0,32,6,2,0.052083333333333336,30.0,0.0,True,False
288,4 4 18,576,16.0,4,1.25,5200,1.9513888888888888,0,140,104,12,32,0,0,0,32,6,2,0.052083333333333336,30.0,0.0,True,False
288,4 4 18,576,16.0,4,1.25,5400,1.9513888888888888,0,140,104,12,32,0,0,0,32,6,2,0.052083333333333336,30.0,0.0,True,False
288,4 4 18,576,16.0,4,1.25,5600,1.9513888888888888,0,140,104,12,32,0,0,0,32,6,2,0.052083333333333336,30.0,0.0,True,False
288,4 4 18,576,16.0,4,1.25,5800,1.9513888888888888,0,140,104,12,32,0,0,0,32,6,2,0.052083333333333336,30.0,0.0,True,False
288,4 4 18,576,16.0,4,1.25,6000,1.9513888888888888,0,140,104,12,32,0,0,0,32,6,2,0.052083333333333336,30.0,0.0,True,False
288,4 4 18,576,16.0,4,1.25,6200,1.9513888888888888,0,140,104,12,32,0,0,0,32,6,2,0.052083333333333336,30.0,0.0,True,False
288,4 4 18,576,16.0,4,1.25,6400,1.9513888888888888,0,140,104,12,32,0,0,0,32,6,2,0.052083333333333336,30.0,0.0,True,False
288,4 4 18,576,16.0,4,1.25,6600,1.9513888888888888,0,140,104,12,32,0,0,0,32,6,2,0.052083333333333336,30.0,0.0,True,False
288,4 4 18,576,16.0,4,1.25,6800,1.9513888888888888,0,140,104,12,32,0,0,0,32,6,2,0.052083333333333336,30.0,0.0,True,False
288,4 4 18,576,16.0,4,1.25,7000,1.9513888888888888,0,140,104,12,32,0,0,0,32,6,2,0.052083333333333336,30.0,0.0,True,False
288,4 4 18,576,16.0,4,1.25,7200,1.9513888888888888,0,140,104,12,32,0,0,0,32,6,2,0.052083333333333336,30.0,0.0,True,False
288,4 4 18,576,16.0,4,1.25,7400,1.9513888888888888,0,140,104,12,32,0,0,0,32,6,2,0.052083333333333336,30.0,0.0,True,False
288,4 4 18,576,16.0,4,1.25,7600,1.9513888888888888,0,140,104,12,32,0,0,0,32,6,2,0.052083333333333336,30.0,0.0,True,False
288,4 4 18,576,16.0,4,1.25,7800,1.9513888888888888,0,140,104,12,32,0,0,0,32,6,2,0.052083333333333336,30.0,0.0,True,False
288,4 4 18,576,16.0,4,1.25,8000,1.9513888888888888,0,140,104,12,32,0,0,0,32,6,2,0.052083333333333336,30.0,0.0,True,False
288,4 4 18,576,16.0,4,1.25,8200,1.9513888888888888,0,140,104,12,32,0,0,0,32,6,2,0.052083333333333336,30.0,0.0,True,False
288,4 4 18,576,16.0,4,1.25,8400,1.9513888888888888,0,140,104,12,32,0,0,0,32,6,2,0.052083333333333336,30.0,0.0,True,False
288,4 4 18,576,16.0,4,1.25,8600,1.9513888888888888,0,140,104,12,32,0,0,0,32,6,2,0.052083333333333336,30.0,0.0,True,False
288,4 4 18,576,16.0,4,1.25,8800,1.9513888888888888,0,140,104,12,32,0,0,0,32,6,2,0.052083333333333336,30.0,0.0,True,False
288,4 4 18,576,16.0,4,1.25,9000,1.9513888888888888,0,140,104,12,32,0,0,0,32,6,2,0.052083333333333336,30.0,0.0,True,False
288,4 4 18,576,16.0,4,1.25,9200,1.9513888888888888,0,140,104,12,32,0,0,0,32,6,2,0.052083333333333336,30.0,0.0,True,False
288,4 4 18,576,16.0,4,1.25,9400,1.9513888888888888,0,140,104,12,32,0,0,0,32,6,2,0.052083333333333336,30.0,0.0,True,False
288,4 4 18,576,16.0,4,1.25,9600,1.9513888888888888,0,140,104,12,32,0,0,0,32,6,2,0.052083333333333336,30.0,0.0,True,False
288,4 4 18,576,16.0,4,1.25,9800,1.9513888888888888,0,140,104,12,32,0,0,0,32,6,2,0.052083333333333336,30.0,0.0,True,False
288,4 4 18,576,16.0,4,1.25,10000,1.9513888888888888,0,140,104,12,32,0,0,0,32,6,2,0.052083333333333336,30.0,0.0,True,False
288,4 4 18,576,16.0,4,1.25,10200,1.9513888888888888,0,140,104,12,32,0,0,0,32,6,2,0.052083333333333336,30.0,0.0,True,False
288,4 4 18,576,16.0,4,1.25,10400,1.9513888888888888,0,140,104,12,32,0,0,0,32,6,2,0.052083333333333336,30.0,0.0,True,False
288,4 4 18,576,16.0,4,1.25,10600,1.9513888888888888,0,140,104,12,32,0,0,0,32,6,2,0.052083333333333336,30.0,0.0,True,False
288,4 4 18,576,16.0,4,1.25,10800,1.9513888888888888,0,140,104,12,32,0,0,0,32,6,2,0.052083333333333336,30.0,0.0,True,False
288,4 4 18,576,16.0,4,1.25,11000,1.9513888888888888,0,140,104,12,32,0,0,0,32,6,2,0.052083333333333336,30.0,0.0,True,False
288,4 4 18,576,16.0,4,1.25,11200,1.9513888888888888,0,140,104,12,32,0,0,0,32,6,2,0.052083333333333336,30.0,0.0,True,False
288,4 4 18,576,16.0,4,1.25,11400,1.9513888888888888,0,140,104,12,32,0,0,0,32,6,2,0.052083333333333336,30.0,0.0,True,False
288,4 4 18,576,16.0,4,1.25,11600,1.9513888888888888,0,140,104,12,32,0,0,0,32,6,2,0.052083333333333336,30.0,0.0,True,False
288,4 4 18,576,16.0,4,1.25,11800,1.9513888888888888,0,140,104,12,32,0,0,0,32,6,2,0.052083333333333336,30.0,0.0,True,False
288,4 4 18,576,16.0,4,1.25,12000,1.9513888888888888,0,140,104,12,32,0,0,0,32,6,2,0.052083333333333336,30.0,0.0,True,False
288,4 4 18,576,16.0,4,1.25,12200,1.9513888888888888,0,140,104,12,32,0,0,0,32,6,2,0.052083333333333336,30.0,0.0,True,False
288,4 4 18,576,16.0,4,1.25,12400,1.9513888888888888,0,140,104,12,32,0,0,0,32,6,2,0.052083333333333336,30.0,0.0,True,False
288,4 4 18,576,16.0,4,1.25,12600,1.9513888888888888,0,140,104,12,32,0,0,0,32,6,2,0.052083333333333336,30.0,0.0,True,False
288,4 4 18,576,16.0,4,1.25,12800,1.9513888888888888,0,140,104,12,32,0,0,0,32,6,2,0.052083333333333336,30.0,0.0,True,False
288,4 4 18,576,16.0,4,1.25,13000,1.9513888888888888,0,140,104,12,32,0,0,0,32,6,2,0.052083333333333336,30.0,0.0,True,False
288,4 4 18,576,16.0,4,1.25,13200,1.9513888888888888,0,140,104,12,32,0,0,0,32,6,2,0.052083333333333336,30.0,0.0,True,False
288,4 4 18,576,16.0,4,1.25,13400,1.9513888888888888,0,140,104,12,32,0,0,0,32,6,2,0.052083333333333336,30.0,0.0,True,False
288,4 4 18,576,16.0,4,1.25,13600,1.9513888888888888,0,140,104,12,32,0,0,0,32,6,2,0.052083333333333336,30.0,0.0,True,False
288,4 4 18,576,16.0,4,1.25,13800,1.9513888888888888,0,140,104,12,32,0,0,0,32,6,2,0.052083333333333336,30.0,0.0,True,False
288,4 4 18,576,16.0,4,1.25,14000,1.9513888888888888,0,140,104,12,32,0,0,0,32,6,2,0.052083333333333336,30.0,0.0,True,False
288,4 4 18,576,16.0,4,1.25,14200,1.9513888888888888,0,140,104,12,32,0,0,0,32,6,2,0.052083333333333336,30.0,0.0,True,False
288,4 4 18,576,16.0,4,1.25,14400,1.9513888888888888,0,140,104,12,32,0,0,0,32,6,2,0.052083333333333336,30.0,0.0,True,False
288,4 4 18,576,16.0,4,1.25,14600,1.9513888888888888,0,140,104,12,32,0,0,0,32,6,2,0.052083333333333336,30.0,0.0,True,False
288,4 4 18,576,16.0,4,1.25,14800,1.9513888888888888,0,140,104,12,32,0,0,0,32,6,2,0.052083333333333336,30.0,0.0,True,False
288,4 4 18,576,16.0,4,1.25,15000,1.9513888888888888,0,140,104,12,32,0,0,0,32,6,2,0.052083333333333336,30.0,0.0,True,False
288,4 4 18,576,16.0,4,1.25,15200,1.9513888888888888,0,140,104,12,32,0,0,0,32,6,2,0.052083333333333336,30.0,0.0,True,False
288,4 4 18,576,16.0,4,1.25,15400,1.9513888888888888,0,140,104,12,32,0,0,0,32,6,2,0.052083333333333336,30.0,0.0,True,False
288,4 4 18,576,16.0,4,1.25,15600,1.9513888888888888,0,140,104,12,32,0,0,0,32,6,2,0.052083333333333336,30.0,0.0,True,False
288,4 4 18,576,16.0,4,1.25,15800,1.9513888888888888,0,140,104,12,32,0,0,0,32,6,2,0.052083333333333336,30.0,0.0,True,False
288,4 4 18,576,16.0,4,1.25,16000,1.9513888888888888,0,140,104,12,32,0,0,0,32,6,2,0.052083333333333336,30.0,0.0,True,False
288,4 4 18,576,16.0,4,1.25,16200,1.9513888888888888,0,140,104,12,32,0,0,0,32,6,2,0.052083333333333336,30.0,0.0,True,False
288,4 4 18,576,16.0,4,1.25,16400,1.9513888888888888,0,140,104,12,32,0,0,0,32,6,2,0.052083333333333336,30.0,0.0,True,False
288,4 4 18,576,16.0,4,1.25,16600,1.9513888888888888,0,140,104,12,32,0,0,0,32,6,2,0.052083333333333336,30.0,0.0,True,False
288,4 4 18,576,16.0,4,1.25,16800,1.9513888888888888,0,140,104,12,32,0,0,0,32,6,2,0.052083333333333336,30.0,0.0,True,False
288,4 4 18,576,16.0,4,1.25,17000,1.9513888888888888,0,140,104,12,32,0,0,0,32,6,2,0.052083333333333336,30.0,0.0,True,False
288,4 4 18,576,16.0,4,1.25,17200,1.9513888888888888,0,140,104,12,32,0,0,0,32,6,2,0.052083333333333336,30.0,0.0,True,False
288,4 4 18,576,16.0,4,1.25,17400,1.9513888888888888,0,140,104,12,32,0,0,0,32,6,2,0.052083333333333336,30.0,0.0,True,False
288,4 4 18,576,16.0,4,1.25,17600,1.9513888888888888,0,140,104,12,32,0,0,0,32,6,2,0.052083333333333336,30.0,0.0,True,False
288,4 4 18,576,16.0,4,1.25,17800,1.9513888888888888,0,140,104,12,32,0,0,0,32,6,2,0.052083333333333336,30.0,0.0,True,False
288,4 4 18,576,16.0,4,1.25,18000,1.9513888888888888,0,140,104,12,32,0,0,0,32,6,2,0.052083333333333336,30.0,0.0,True,False
288,4 4 18,576,16.0,4,1.25,18200,1.9513888888888888,0,140,104,12,32,0,0,0,32,6,2,0.052083333333333336,30.0,0.0,True,False
288,4 4 18,576,16.0,4,1.25,18400,1.9513888888888888,0,140,104,12,32,0,0,0,32,6,2,0.052083333333333336,30.0,0.0,True,False
288,4 4 18,576,16.0,4,1.25,18600,1.9513888888888888,0,140,104,12,32,0,0,0,32,6,2,0.052083333333333336,30.0,0.0,True,False
288,4 4 18,576,16.0,4,1.25,18800,1.9513888888888888,0,140,104,12,32,0,0,0,32,6,2,0.052083333333333336,30.0,0.0,True,False
288,4 4 18,576,16.0,4,1.25,19000,1.9513888888888888,0,140,104,12,32,0,0,0,32,6,2,0.052083333333333336,30.0,0.0,True,False
288,4 4 18,576,16.0,4,1.25,19200,1.9513888888888888,0,140,104,12,32,0,0,0,32,6,2,0.052083333333333336,30.0,0.0,True,False
288,4 4 18,576,16.0,4,1.25,19400,1.9513888888888888,0,140,104,12,32,0,0,0,32,6,2,0.052083333333333336,30.0,0.0,True,False
288,4 4 18,576,16.0,4,1.25,19600,1.9513888888888888,0,140,104,12,32,0,0,0,32,6,2,0.052083333333333336,30.0,0.0,True,False
288,4 4 18,576,16.0,4,1.25,19800,1.9513888888888888,0,140,104,12,32,0,0,0,32,6,2,0.052083333333333336,30.0,0.0,True,False
288,4 4 18,576,16.0,4,1.25,20000,1.9513888888888888,0,140,104,12,32,0,0,0,32,6,2,0.052083333333333336,30.0,0.0,True,False
288,4 4 18,576,16.0,4,1.25,20200,1.9513888888888888,0,140,104,12,32,0,0,0,32,6,2,0.052083333333333336,30.0,0.0,True,False
288,4 4 18,576,16.0,4,1.25,20400,1.9513888888888888,0,140,104,12,32,0,0,0,32,6,2,0.052083333333333336,30.0,0.0,True,False
288,4 4 18,576,16.0,4,1.25,20600,1.9513888888888888,0,140,104,12,32,0,0,0,32,6,2,0.052083333333333336,30.0,0.0,True,False
288,4 4 18,576,16.0,4,1.25,20800,1.9513888888888888,0,140,104,12,32,0,0,0,32,6,2,0.052083333333333336,30.0,0.0,True,False
288,4 4 18,576,16.0,4,1.25,21000,1.9513888888888888,0,140,104,12,32,0,0,0,32,6,2,0.052083333333333336,30.0,0.0,True,False
288,4 4 18,576,16.0,4,1.25,21200,1.9513888888888888,0,140,104,12,32,0,0,0,32,6,2,0.052083333333333336,30.0,0.0,True,False
288,4 4 18,576,16.0,4,1.25,21400,1.9513888888888888,0,140,104,12,32,0,0,0,32,6,2,0.052083333333333336,30.0,0.0,True,False
288,4 4 18,576,16.0,4,1.25,21600,1.9513888888888888,0,140,104,12,32,0,0,0,32,6,2,0.052083333333333336,30.0,0.0,True,False
288,4 4 18,576,16.0,4,1.25,21800,1.9513888888888888,0,140,104,12,32,0,0,0,32,6,2,0.052083333333333336,30.0,0.0,True,False
288,4 4 18,576,16.0,4,1.25,22000,1.9513888888888888,0,140,104,12,32,0,0,0,32,6,2,0.052083333333333336,30.0,0.0,True,False
288,4 4 18,576,16.0,4,1.25,22200,1.9513888888888888,0,140,104,12,32,0,0,0,32,6,2,0.052083333333333336,30.0,0.0,True,False
288,4 4 18,576,16.0,4,1.25,22400,1.9513888888888888,0,140,104,12,32,0,0,0,32,6,2,0.052083333333333336,30.0,0.0,True,False
288,4 4 18,576,16.0,4,1.25,22600,1.9513888888888888,0,140,104,12,32,0,0,0,32,6,2,0.052083333333333336,30.0,0.0,True,False
288,4 4 18,576,16.0,4,1.25,22800,1.9513888888888888,0,140,104,12,32,0,0,0,32,6,2,0.052083333333333336,30.0,0.0,True,False
288,4 4 18,576,16.0,4,1.25,23000,1.9513888888888888,0,140,104,12,32,0,0,0,32,6,2,0.052083333333333336,30.0,0.0,True,False
288,4 4 18,576,16.0,4,1.25,23200,1.9513888888888888,0,140,104,12,32,0,0,0,32,6,2,0.052083333333333336,30.0,0.0,True,False
288,4 4 18,576,16.0,4,1.25,23400,1.9513888888888888,0,140,104,12,32,0,0,0,32,6,2,0.052083333333333336,30.0,0.0,True,False
288,4 4 18,576,16.0,4,1.25,23600,1.9513888888888888,0,140,104,12,32,0,0,0,32,6,2,0.052083333333333336,30.0,0.0,True,False
288,4 4 18,576,16.0,4,1.25,23800,1.9513888888888888,0,140,104,12,32,0,0,0,32,6,2,0.052083333333333336,30.0,0.0,True,False
288,4 4 18,576,16.0,4,1.25,24000,1.9513888888888888,0,140,104,12,32,0,0,0,32,6,2,0.052083333333333336,30.0,0.0,True,False
288,4 4 18,576,16.0,4,1.25,24200,1.9513888888888888,0,140,104,12,32,0,0,0,32,6,2,0.052083333333333336,30.0,0.0,True,False
288,4 4 18,576,16.0,4,1.25,24400,1.9513888888888888,0,140,104,12,32,0,0,0,32,6,2,0.052083333333333336,30.0,0.0,True,False
288,4 4 18,576,16.0,4,1.25,24600,1.9513888888888888,0,140,104,12,32,0,0,0,32,6,2,0.052083333333333336,30.0,0.0,True,False
288,4 4 18,576,16.0,4,1.25,24800,1.9513888888888888,0,140,104,12,32,0,0,0,32,6,2,0.052083333333333336,30.0,0.0,True,False
288,4 4 18,576,16.0,4,1.25,25000,1.9513888888888888,0,140,104,12,32,0,0,0,32,6,2,0.052083333333333336,30.0,0.0,True,False
288,4 4 18,576,16.0,4,1.25,25200,1.9513888888888888,0,140,104,12,32,0,0,0,32,6,2,0.052083333333333336,30.0,0.0,True,False
288,4 4 18,576,16.0,4,1.25,25400,1.9513888888888888,0,140,104,12,32,0,0,0,32,6,2,0.052083333333333336,30.0,0.0,True,False
288,4 4 18,576,16.0,4,1.25,25600,1.9513888888888888,0,140,104,12,32,0,0,0,32,6,2,0.052083333333333336,30.0,0.0,True,False
288,4 4 18,576,16.0,4,1.25,25800,1.9513888888888888,0,140,104,12,32,0,0,0,32,6,2,0.052083333333333336,30.0,0.0,True,False
288,4 4 18,576,16.0,4,1.25,26000,1.9513888888888888,0,140,104,12,32,0,0,0,32,6,2,0.052083333333333336,30.0,0.0,True,False
288,4 4 18,576,16.0,4,1.25,26200,1.9513888888888888,0,140,104,12,32,0,0,0,32,6,2,0.052083333333333336,30.0,0.0,True,False
288,4 4 18,576,16.0,4,1.25,26400,1.9513888888888888,0,140,104,12,32,0,0,0,32,6,2,0.052083333333333336,30.0,0.0,True,False
288,4 4 18,576,16.0,4,1.25,26600,1.9513888888888888,0,140,104,12,32,0,0,0,32,6,2,0.052083333333333336,30.0,0.0,True,False
288,4 4 18,576,16.0,4,1.25,26800,1.9513888888888888,0,140,104,12,32,0,0,0,32,6,2,0.052083333333333336,30.0,0.0,True,False
288,4 4 18,576,16.0,4,1.25,27000,1.9513888888888888,0,140,104,12,32,0,0,0,32,6,2,0.052083333333333336,30.0,0.0,True,False
288,4 4 18,576,16.0,4,1.25,27200,1.9513888888888888,0,140,104,12,32,0,0,0,32,6,2,0.052083333333333336,30.0,0.0,True,False
288,4 4 18,576,16.0,4,1.25,27400,1.9513888888888888,0,140,104,12,32,0,0,0,32,6,2,0.052083333333333336,30.0,0.0,True,False
288,4 4 18,576,16.0,4,1.25,27600,1.9513888888888888,0,140,104,12,32,0,0,0,32,6,2,0.052083333333333336,30.0,0.0,True,False
288,4 4 18,576,16.0,4,1.25,27800,1.9513888888888888,0,140,104,12,32,0,0,0,32,6,2,0.052083333333333336,30.0,0.0,True,False
288,4 4 18,576,16.0,4,1.25,28000,1.9513888888888888,0,140,104,12,32,0,0,0,32,6,2,0.052083333333333336,30.0,0.0,True,False
288,4 4 18,576,16.0,4,1.25,28200,1.9513888888888888,0,140,104,12,32,0,0,0,32,6,2,0.052083333333333336,30.0,0.0,True,False
288,4 4 18,576,16.0,4,1.25,28400,1.9513888888888888,0,140,104,12,32,0,0,0,32,6,2,0.052083333333333336,30.0,0.0,True,False
288,4 4 18,576,16.0,4,1.25,28600,1.9513888888888888,0,140,104,12,32,0,0,0,32,6,2,0.052083333333333336,30.0,0.0,True,False
288,4 4 18,576,16.0,4,1.25,28800,1.9513888888888888,0,140,104,12,32,0,0,0,32,6,2,0.052083333333333336,30.0,0.0,True,False
288,4 4 18,576,16.0,4,1.25,29000,1.9513888888888888,0,140,104,12,32,0,0,0,32,6,2,0.052083333333333336,30.0,0.0,True,False
288,4 4 18,576,16.0,4,1.25,29200,1.9513888888888888,0,140,104,12,32,0,0,0,32,6,2,0.052083333333333336,30.0,0.0,True,False
288,4 4 18,576,16.0,4,1.25,29400,1.9513888888888888,0,140,104,12,32,0,0,0,32,6,2,0.052083333333333336,30.0,0.0,True,False
288,4 4 18,576,16.0,4,1.25,29600,1.9513888888888888,0,140,104,12,32,0,0,0,32,6,2,0.052083333333333336,30.0,0.0,True,False
288,4 4 18,576,16.0,4,1.25,29800,1.9513888888888888,0,140,104,12,32,0,0,0,32,6,2,0.052083333333333336,30.0,0.0,True,False
288,4 4 18,576,16.0,4,1.25,30000,1.9548611111111112,0,150,100,6,32,0,0,0,32,3,2,0.050347222222222224,29.0,0.0,True,False
288,4 4 18,576,16.0,4,1.25,30200,1.9548611111111112,0,150,100,6,32,0,0,0,32,3,2,0.050347222222222224,29.0,0.0,True,False
288,4 4 18,576,16.0,4,1.25,30400,1.9548611111111112,0,150,100,6,32,0,0,0,32,3,2,0.050347222222222224,29.0,0.0,True,False
288,4 4 18,576,16.0,4,1.25,30600,1.9513888888888888,0,140,104,12,32,0,0,0,32,6,2,0.052083333333333336,30.0,0.0,True,False
288,4 4 18,576,16.0,4,1.25,30800,1.9513888888888888,0,140,104,12,32,0,0,0,32,6,2,0.052083333333333336,30.0,0.0,True,False
288,4 4 18,576,16.0,4,1.25,31000,1.9513888888888888,0,140,104,12,32,0,0,0,32,6,2,0.052083333333333336,30.0,0.0,True,False
288,4 4 18,576,16.0,4,1.25,31200,1.9513888888888888,0,140,104,12,32,0,0,0,32,6,2,0.052083333333333336,30.0,0.0,True,False
288,4 4 18,576,16.0,4,1.25,31400,1.9513888888888888,0,140,104,12,32,0,0,0,32,6,2,0.052083333333333336,30.0,0.0,True,False
288,4 4 18,576,16.0,4,1.25,31600,1.9513888888888888,0,140,104,12,32,0,0,0,32,6,2,0.052083333333333336,30.0,0.0,True,False
288,4 4 18,576,16.0,4,1.25,31800,1.9513888888888888,0,140,104,12,32,0,0,0,32,6,2,0.052083333333333336,30.0,0.0,True,False
288,4 4 18,576,16.0,4,1.25,32000,1.9513888888888888,0,140,104,12,32,0,0,0,32,6,2,0.052083333333333336,30.0,0.0,True,False
288,4 4 18,576,16.0,4,1.25,32200,1.9513888888888888,0,140,104,12,32,0,0,0,32,6,2,0.052083333333333336,30.0,0.0,True,False
288,4 4 18,576,16.0,4,1.25,32400,1.9513888888888888,0,140,104,12,32,0,0,0,32,6,2,0.052083333333333336,30.0,0.0,True,False
288,4 4 18,576,16.0,4,1.25,32600,1.9513888888888888,0,140,104,12,32,0,0,0,32,6,2,0.052083333333333336,30.0,0.0,True,False
288,4 4 18,576,16.0,4,1.25,32800,1.9513888888888888,0,140,104,12,32,0,0,0,32,6,2,0.052083333333333336,30.0,0.0,True,False
288,4 4 18,576,16.0,4,1.25,33000,1.9513888888888888,0,140,104,12,32,0,0,0,32,6,2,0.052083333333333336,30.0,0.0,True,False
288,4 4 18,576,16.0,4,1.25,33200,1.9513888888888888,0,140,104,12,32,0,0,0,32,6,2,0.052083333333333336,30.0,0.0,True,False
288,4 4 18,576,16.0,4,1.25,33400,1.9513888888888888,0,140,104,12,32,0,0,0,32,6,2,0.052083333333333336,30.0,0.0,True,False
288,4 4 18,576,16.0,4,1.25,33600,1.9513888888888888,0,140,104,12,32,0,0,0,32,6,2,0.052083333333333336,30.0,0.0,True,False
288,4 4 18,576,16.0,4,1.25,33800,1.9513888888888888,0,140,104,12,32,0,0,0,32,6,2,0.052083333333333336,30.0,0.0,True,False
288,4 4 18,576,16.0,4,1.25,34000,1.9513888888888888,0,140,104,12,32,0,0,0,32,6,2,0.052083333333333336,30.0,0.0,True,False
288,4 4 18,576,16.0,4,1.25,34200,1.9513888888888888,0,140,104,12,32,0,0,0,32,6,2,0.052083333333333336,30.0,0.0,True,False
288,4 4 18,576,16.0,4,1.25,34400,1.9513888888888888,0,140,104,12,32,0,0,0,32,6,2,0.052083333333333336,30.0,0.0,True,False
288,4 4 18,576,16.0,4,1.25,34600,1.9513888888888888,0,140,104,12,32,0,0,0,32,6,2,0.052083333333333336,30.0,0.0,True,False
288,4 4 18,576,16.0,4,1.25,34800,1.9513888888888888,0,140,104,12,32,0,0,0,32,6,2,0.052083333333333336,30.0,0.0,True,False
288,4 4 18,576,16.0,4,1.25,35000,1.9548611111111112,0,150,100,6,32,0,0,0,32,3,2,0.050347222222222224,29.0,0.0,True,False
288,4 4 18,576,16.0,4,1.25,35200,1.9548611111111112,0,150,100,6,32,0,0,0,32,3,2,0.050347222222222224,29.0,0.0,True,False
288,4 4 18,576,16.0,4,1.25,35400,1.9548611111111112,0,150,100,6,32,0,0,0,32,3,2,0.050347222222222224,29.0,0.0,True,False
288,4 4 18,576,16.0,4,1.25,35600,1.9548611111111112,0,150,100,6,32,0,0,0,32,3,2,0.050347222222222224,29.0,0.0,True,False
288,4 4 18,576,16.0,4,1.25,35800,1.9513888888888888,0,140,104,12,32,0,0,0,32,6,2,0.052083333333333336,30.0,0.0,True,False
288,4 4 18,576,16.0,4,1.25,36000,1.9513888888888888,0,140,104,12,32,0,0,0,32,6,2,0.052083333333333336,30.0,0.0,True,False
288,4 4 18,576,16.0,4,1.25,36200,1.9513888888888888,0,140,104,12,32,0,0,0,32,6,2,0.052083333333333336,30.0,0.0,True,False
288,4 4 18,576,16.0,4,1.25,36400,1.9513888888888888,0,140,104,12,32,0,0,0,32,6,2,0.052083333333333336,30.0,0.0,True,False
288,4 4 18,576,16.0,4,1.25,36600,1.9513888888888888,0,140,104,12,32,0,0,0,32,6,2,0.052083333333333336,30.0,0.0,True,False
288,4 4 18,576,16.0,4,1.25,36800,1.9513888888888888,0,140,104,12,32,0,0,0,32,6,2,0.052083333333333336,30.0,0.0,True,False
288,4 4 18,576,16.0,4,1.25,37000,1.9513888888888888,0,140,104,12,32,0,0,0,32,6,2,0.052083333333333336,30.0,0.0,True,False
288,4 4 18,576,16.0,4,1.25,37200,1.9513888888888888,0,140,104,12,32,0,0,0,32,6,2,0.052083333333333336,30.0,0.0,True,False
288,4 4 18,576,16.0,4,1.25,37400,1.9513888888888888,0,140,104,12,32,0,0,0,32,6,2,0.052083333333333336,30.0,0.0,True,False
288,4 4 18,576,16.0,4,1.25,37600,1.9513888888888888,0,140,104,12,32,0,0,0,32,6,2,0.052083333333333336,30.0,0.0,True,False
288,4 4 18,576,16.0,4,1.25,37800,1.9513888888888888,0,140,104,12,32,0,0,0,32,6,2,0.052083333333333336,30.0,0.0,True,False
288,4 4 18,576,16.0,4,1.25,38000,1.9513888888888888,0,140,104,12,32,0,0,0,32,6,2,0.052083333333333336,30.0,0.0,True,False
288,4 4 18,576,16.0,4,1.25,38200,1.9513888888888888,0,140,104,12,32,0,0,0,32,6,2,0.052083333333333336,30.0,0.0,True,False
288,4 4 18,576,16.0,4,1.25,38400,1.9513888888888888,0,140,104,12,32,0,0,0,32,6,2,0.052083333333333336,30.0,0.0,True,False
288,4 4 18,576,16.0,4,1.25,38600,1.9513888888888888,0,140,104,12,32,0,0,0,32,6,2,0.052083333333333336,30.0,0.0,True,False
288,4 4 18,576,16.0,4,1.25,38800,1.9513888888888888,0,140,104,12,32,0,0,0,32,6,2,0.052083333333333336,30.0,0.0,True,False
288,4 4 18,576,16.0,4,1.25,39000,1.9513888888888888,0,140,104,12,32,0,0,0,32,6,2,0.052083333333333336,30.0,0.0,True,False
288,4 4 18,576,16.0,4,1.25,39200,1.9548611111111112,0,150,100,6,32,0,0,0,32,3,2,0.050347222222222224,29.0,0.0,True,False
288,4 4 18,576,16.0,4,1.25,39400,1.9548611111111112,0,150,100,6,32,0,0,0,32,3,2,0.050347222222222224,29.0,0.0,True,False
288,4 4 18,576,16.0,4,1.25,39600,1.9548611111111112,0,150,100,6,32,0,0,0,32,3,2,0.050347222222222224,29.0,0.0,True,False
288,4 4 18,576,16.0,4,1.25,39800,1.9548611111111112,0,150,100,6,32,0,0,0,32,3,2,0.050347222222222224,29.0,0.0,True,False
288,4 4 18,576,16.0,4,1.25,40000,1.9548611111111112,0,150,100,6,32,0,0,0,32,3,2,0.050347222222222224,29.0,0.0,True,False
288,4 4 18,576,16.0,4,1.25,40200,1.9548611111111112,0,150,100,6,32,0,0,0,32,3,2,0.050347222222222224,29.0,0.0,True,False
288,4 4 18,576,16.0,4,1.25,40400,1.9548611111111112,0,150,100,6,32,0,0,0,32,3,2,0.050347222222222224,29.0,0.0,True,False
288,4 4 18,576,16.0,4,1.25,40600,1.9548611111111112,0,150,100,6,32,0,0,0,32,3,2,0.050347222222222224,29.0,0.0,True,False
288,4 4 18,576,16.0,4,1.25,40800,1.9548611111111112,0,150,100,6,32,0,0,0,32,3,2,0.050347222222222224,29.0,0.0,True,False
288,4 4 18,576,16.0,4,1.25,41000,1.9548611111111112,0,150,100,6,32,0,0,0,32,3,2,0.050347222222222224,29.0,0.0,True,False
288,4 4 18,576,16.0,4,1.25,41200,1.9513888888888888,0,140,104,12,32,0,0,0,32,6,2,0.052083333333333336,30.0,0.0,True,False
288,4 4 18,576,16.0,4,1.25,41400,1.9513888888888888,0,140,104,12,32,0,0,0,32,6,2,0.052083333333333336,30.0,0.0,True,False
288,4 4 18,576,16.0,4,1.25,41600,1.9513888888888888,0,140,104,12,32,0,0,0,32,6,2,0.052083333333333336,30.0,0.0,True,False
288,4 4 18,576,16.0,4,1.25,41800,1.9513888888888888,0,140,104,12,32,0,0,0,32,6,2,0.052083333333333336,30.0,0.0,True,False
288,4 4 18,576,16.0,4,1.25,42000,1.9513888888888888,0,140,104,12,32,0,0,0,32,6,2,0.052083333333333336,30.0,0.0,True,False
288,4 4 18,576,16.0,4,1.25,42200,1.9513888888888888,0,140,104,12,32,0,0,0,32,6,2,0.052083333333333336,30.0,0.0,True,False
288,4 4 18,576,16.0,4,1.25,42400,1.9513888888888888,0,140,104,12,32,0,0,0,32,6,2,0.052083333333333336,30.0,0.0,True,False
288,4 4 18,576,16.0,4,1.25,42600,1.9513888888888888,0,140,104,12,32,0,0,0,32,6,2,0.052083333333333336,30.0,0.0,True,False
288,4 4 18,576,16.0,4,1.25,42800,1.9513888888888888,0,140,104,12,32,0,0,0,32,6,2,0.052083333333333336,30.0,0.0,True,False
288,4 4 18,576,16.0,4,1.25,43000,1.9513888888888888,0,140,104,12,32,0,0,0,32,6,2,0.052083333333333336,30.0,0.0,True,False
288,4 4 18,576,16.0,4,1.25,43200,1.9513888888888888,0,140,104,12,32,0,0,0,32,6,2,0.052083333333333336,30.0,0.0,True,False
288,4 4 18,576,16.0,4,1.25,43400,1.9513888888888888,0,140,104,12,32,0,0,0,32,6,2,0.052083333333333336,30.0,0.0,True,False
288,4 4 18,576,16.0,4,1.25,43600,1.9513888888888888,0,140,104,12,32,0,0,0,32,6,2,0.052083333333333336,30.0,0.0,True,False
288,4 4 18,576,16.0,4,1.25,43800,1.9513888888888888,0,140,104,12,32,0,0,0,32,6,2,0.052083333333333336,30.0,0.0,True,False
288,4 4 18,576,16.0,4,1.25,44000,1.9513888888888888,0,140,104,12,32,0,0,0,32,6,2,0.052083333333333336,30.0,0.0,True,False
288,4 4 18,576,16.0,4,1.25,44200,1.9513888888888888,0,140,104,12,32,0,0,0,32,6,2,0.052083333333333336,30.0,0.0,True,False
288,4 4 18,576,16.0,4,1.25,44400,1.9513888888888888,0,140,104,12,32,0,0,0,32,6,2,0.052083333333333336,30.0,0.0,True,False
288,4 4 18,576,16.0,4,1.25,44600,1.9513888888888888,0,140,104,12,32,0,0,0,32,6,2,0.052083333333333336,30.0,0.0,True,False
288,4 4 18,576,16.0,4,1.25,44800,1.9513888888888888,0,140,104,12,32,0,0,0,32,6,2,0.052083333333333336,30.0,0.0,True,False
288,4 4 18,576,16.0,4,1.25,45000,1.9513888888888888,0,140,104,12,32,0,0,0,32,6,2,0.052083333333333336,30.0,0.0,True,False
288,4 4 18,576,16.0,4,1.25,45200,1.9513888888888888,0,140,104,12,32,0,0,0,32,6,2,0.052083333333333336,30.0,0.0,True,False
288,4 4 18,576,16.0,4,1.25,45400,1.9513888888888888,0,140,104,12,32,0,0,0,32,6,2,0.052083333333333336,30.0,0.0,True,False
288,4 4 18,576,16.0,4,1.25,45600,1.9513888888888888,0,140,104,12,32,0,0,0,32,6,2,0.052083333333333336,30.0,0.0,True,False
288,4 4 18,576,16.0,4,1.25,45800,1.9513888888888888,0,140,104,12,32,0,0,0,32,6,2,0.052083333333333336,30.0,0.0,True,False
288,4 4 18,576,16.0,4,1.25,46000,1.9513888888888888,0,140,104,12,32,0,0,0,32,6,2,0.052083333333333336,30.0,0.0,True,False
288,4 4 18,576,16.0,4,1.25,46200,1.9513888888888888,0,140,104,12,32,0,0,0,32,6,2,0.052083333333333336,30.0,0.0,True,False
288,4 4 18,576,16.0,4,1.25,46400,1.9513888888888888,0,140,104,12,32,0,0,0,32,6,2,0.052083333333333336,30.0,0.0,True,False
288,4 4 18,576,16.0,4,1.25,46600,1.9513888888888888,0,140,104,12,32,0,0,0,32,6,2,0.052083333333333336,30.0,0.0,True,False
288,4 4 18,576,16.0,4,1.25,46800,1.9513888888888888,0,140,104,12,32,0,0,0,32,6,2,0.052083333333333336,30.0,0.0,True,False
288,4 4 18,576,16.0,4,1.25,47000,1.9513888888888888,0,140,104,12,32,0,0,0,32,6,2,0.052083333333333336,30.0,0.0,True,False
288,4 4 18,576,16.0,4,1.25,47200,1.9513888888888888,0,140,104,12,32,0,0,0,32,6,2,0.052083333333333336,30.0,0.0,True,False
288,4 4 18,576,16.0,4,1.25,47400,1.9513888888888888,0,140,104,12,32,0,0,0,32,6,2,0.052083333333333336,30.0,0.0,True,False
288,4 4 18,576,16.0,4,1.25,47600,1.9513888888888888,0,140,104,12,32,0,0,0,32,6,2,0.052083333333333336,30.0,0.0,True,False
288,4 4 18,576,16.0,4,1.25,47800,1.9513888888888888,0,140,104,12,32,0,0,0,32,6,2,0.052083333333333336,30.0,0.0,True,False
288,4 4 18,576,16.0,4,1.25,48000,1.9513888888888888,0,140,104,12,32,0,0,0,32,6,2,0.052083333333333336,30.0,0.0,True,False
288,4 4 18,576,16.0,4,1.25,48200,1.9513888888888888,0,140,104,12,32,0,0,0,32,6,2,0.052083333333333336,30.0,0.0,True,False
288,4 4 18,576,16.0,4,1.25,48400,1.9513888888888888,0,140,104,12,32,0,0,0,32,6,2,0.052083333333333336,30.0,0.0,True,False
288,4 4 18,576,16.0,4,1.25,48600,1.9513888888888888,0,140,104,12,32,0,0,0,32,6,2,0.052083333333333336,30.0,0.0,True,False
288,4 4 18,576,16.0,4,1.25,48800,1.9513888888888888,0,140,104,12,32,0,0,0,32,6,2,0.052083333333333336,30.0,0.0,True,False
288,4 4 18,576,16.0,4,1.25,49000,1.9513888888888888,0,140,104,12,32,0,0,0,32,6,2,0.052083333333333336,30.0,0.0,True,False
288,4 4 18,576,16.0,4,1.25,49200,1.9513888888888888,0,140,104,12,32,0,0,0,32,6,2,0.052083333333333336,30.0,0.0,True,False
288,4 4 18,576,16.0,4,1.25,49400,1.9513888888888888,0,140,104,12,32,0,0,0,32,6,2,0.052083333333333336,30.0,0.0,True,False
288,4 4 18,576,16.0,4,1.25,49600,1.9513888888888888,0,140,104,12,32,0,0,0,32,6,2,0.052083333333333336,30.0,0.0,True,False
288,4 4 18,576,16.0,4,1.25,49800,1.9513888888888888,0,140,104,12,32,0,0,0,32,6,2,0.052083333333333336,30.0,0.0,True,False
288,4 4 18,576,16.0,4,1.25,50000,1.9513888888888888,0,140,104,12,32,0,0,0,32,6,2,0.052083333333333336,30.0,0.0,True,False
288,4 4 18,576,16.0,4,1.25,50200,1.9513888888888888,0,140,104,12,32,0,0,0,32,6,2,0.052083333333333336,30.0,0.0,True,False
288,4 4 18,576,16.0,4,1.25,50400,1.9513888888888888,0,140,104,12,32,0,0,0,32,6,2,0.052083333333333336,30.0,0.0,True,False
288,4 4 18,576,16.0,4,1.25,50600,1.9513888888888888,0,140,104,12,32,0,0,0,32,6,2,0.052083333333333336,30.0,0.0,True,False
288,4 4 18,576,16.0,4,1.25,50800,1.9513888888888888,0,140,104,12,32,0,0,0,32,6,2,0.052083333333333336,30.0,0.0,True,False
288,4 4 18,576,16.0,4,1.25,51000,1.9513888888888888,0,140,104,12,32,0,0,0,32,6,2,0.052083333333333336,30.0,0.0,True,False
288,4 4 18,576,16.0,4,1.25,51200,1.9513888888888888,0,140,104,12,32,0,0,0,32,6,2,0.052083333333333336,30.0,0.0,True,False
288,4 4 18,576,16.0,4,1.25,51400,1.9513888888888888,0,140,104,12,32,0,0,0,32,6,2,0.052083333333333336,30.0,0.0,True,False
288,4 4 18,576,16.0,4,1.25,51600,1.9513888888888888,0,140,104,12,32,0,0,0,32,6,2,0.052083333333333336,30.0,0.0,True,False
288,4 4 18,576,16.0,4,1.25,51800,1.9513888888888888,0,140,104,12,32,0,0,0,32,6,2,0.052083333333333336,30.0,0.0,True,False
288,4 4 18,576,16.0,4,1.25,52000,1.9513888888888888,0,140,104,12,32,0,0,0,32,6,2,0.052083333333333336,30.0,0.0,True,False
288,4 4 18,576,16.0,4,1.25,52200,1.9513888888888888,0,140,104,12,32,0,0,0,32,6,2,0.052083333333333336,30.0,0.0,True,False
288,4 4 18,576,16.0,4,1.25,52400,1.9513888888888888,0,140,104,12,32,0,0,0,32,6,2,0.052083333333333336,30.0,0.0,True,False
288,4 4 18,576,16.0,4,1.25,52600,1.9513888888888888,0,140,104,12,32,0,0,0,32,6,2,0.052083333333333336,30.0,0.0,True,False
288,4 4 18,576,16.0,4,1.25,52800,1.9513888888888888,0,140,104,12,32,0,0,0,32,6,2,0.052083333333333336,30.0,0.0,True,False
288,4 4 18,576,16.0,4,1.25,53000,1.9513888888888888,0,140,104,12,32,0,0,0,32,6,2,0.052083333333333336,30.0,0.0,True,False
288,4 4 18,576,16.0,4,1.25,53200,1.9513888888888888,0,140,104,12,32,0,0,0,32,6,2,0.052083333333333336,30.0,0.0,True,False
288,4 4 18,576,16.0,4,1.25,53400,1.9513888888888888,0,140,104,12,32,0,0,0,32,6,2,0.052083333333333336,30.0,0.0,True,False
288,4 4 18,576,16.0,4,1.25,53600,1.9513888888888888,0,140,104,12,32,0,0,0,32,6,2,0.052083333333333336,30.0,0.0,True,False
288,4 4 18,576,16.0,4,1.25,53800,1.9513888888888888,0,140,104,12,32,0,0,0,32,6,2,0.052083333333333336,30.0,0.0,True,False
288,4 4 18,576,16.0,4,1.25,54000,1.9513888888888888,0,140,104,12,32,0,0,0,32,6,2,0.052083333333333336,30.0,0.0,True,False
288,4 4 18,576,16.0,4,1.25,54200,1.9513888888888888,0,140,104,12,32,0,0,0,32,6,2,0.052083333333333336,30.0,0.0,True,False
288,4 4 18,576,16.0,4,1.25,54400,1.9513888888888888,0,140,104,12,32,0,0,0,32,6,2,0.052083333333333336,30.0,0.0,True,False
288,4 4 18,576,16.0,4,1.25,54600,1.9513888888888888,0,140,104,12,32,0,0,0,32,6,2,0.052083333333333336,30.0,0.0,True,False
288,4 4 18,576,16.0,4,1.25,54800,1.9513888888888888,0,140,104,12,32,0,0,0,32,6,2,0.052083333333333336,30.0,0.0,True,False
288,4 4 18,576,16.0,4,1.25,55000,1.9513888888888888,0,140,104,12,32,0,0,0,32,6,2,0.052083333333333336,30.0,0.0,True,False
288,4 4 18,576,16.0,4,1.25,55200,1.9513888888888888,0,140,104,12,32,0,0,0,32,6,2,0.052083333333333336,30.0,0.0,True,False
288,4 4 18,576,16.0,4,1.25,55400,1.9513888888888888,0,140,104,12,32,0,0,0,32,6,2,0.052083333333333336,30.0,0.0,True,False
288,4 4 18,576,16.0,4,1.25,55600,1.9513888888888888,0,140,104,12,32,0,0,0,32,6,2,0.052083333333333336,30.0,0.0,True,False
288,4 4 18,576,16.0,4,1.25,55800,1.9513888888888888,0,140,104,12,32,0,0,0,32,6,2,0.052083333333333336,30.0,0.0,True,False
288,4 4 18,576,16.0,4,1.25,56000,1.9513888888888888,0,140,104,12,32,0,0,0,32,6,2,0.052083333333333336,30.0,0.0,True,False
288,4 4 18,576,16.0,4,1.25,56200,1.9513888888888888,0,140,104,12,32,0,0,0,32,6,2,0.052083333333333336,30.0,0.0,True,False
288,4 4 18,576,16.0,4,1.25,56400,1.9513888888888888,0,140,104,12,32,0,0,0,32,6,2,0.052083333333333336,30.0,0.0,True,False
288,4 4 18,576,16.0,4,1.25,56600,1.9513888888888888,0,140,104,12,32,0,0,0,32,6,2,0.052083333333333336,30.0,0.0,True,False
288,4 4 18,576,16.0,4,1.25,56800,1.9513888888888888,0,140,104,12,32,0,0,0,32,6,2,0.052083333333333336,30.0,0.0,True,False
288,4 4 18,576,16.0,4,1.25,57000,1.9513888888888888,0,140,104,12,32,0,0,0,32,6,2,0.052083333333333336,30.0,0.0,True,False
288,4 4 18,576,16.0,4,1.25,57200,1.9513888888888888,0,140,104,12,32,0,0,0,32,6,2,0.052083333333333336,30.0,0.0,True,False
288,4 4 18,576,16.0,4,1.25,57400,1.9513888888888888,0,140,104,12,32,0,0,0,32,6,2,0.052083333333333336,30.0,0.0,True,False
288,4 4 18,576,16.0,4,1.25,57600,1.9513888888888888,0,140,104,12,32,0,0,0,32,6,2,0.052083333333333336,30.0,0.0,True,False
288,4 4 18,576,16.0,4,1.25,57800,1.9513888888888888,0,140,104,12,32,0,0,0,32,6,2,0.052083333333333336,30.0,0.0,True,False
288,4 4 18,576,16.0,4,1.25,58000,1.9513888888888888,0,140,104,12,32,0,0,0,32,6,2,0.052083333333333336,30.0,0.0,True,False
288,4 4 18,576,16.0,4,1.25,58200,1.9513888888888888,0,140,104,12,32,0,0,0,32,6,2,0.052083333333333336,30.0,0.0,True,False
288,4 4 18,576,16.0,4,1.25,58400,1.9513888888888888,0,140,104,12,32,0,0,0,32,6,2,0.052083333333333336,30.0,0.0,True,False
288,4 4 18,576,16.0,4,1.25,58600,1.9513888888888888,0,140,104,12,32,0,0,0,32,6,2,0.052083333333333336,30.0,0.0,True,False
288,4 4 18,576,16.0,4,1.25,58800,1.9513888888888888,0,140,104,12,32,0,0,0,32,6,2,0.052083333333333336,30.0,0.0,True,False
288,4 4 18,576,16.0,4,1.25,59000,1.9513888888888888,0,140,104,12,32,0,0,0,32,6,2,0.052083333333333336,30.0,0.0,True,False
288,4 4 18,576,16.0,4,1.25,59200,1.9513888888888888,0,140,104,12,32,0,0,0,32,6,2,0.052083333333333336,30.0,0.0,True,False
288,4 4 18,576,16.0,4,1.25,59400,1.9513888888888888,0,140,104,12,32,0,0,0,32,6,2,0.052083333333333336,30.0,0.0,True,False
288,4 4 18,576,16.0,4,1.25,59600,1.9513888888888888,0,140,104,12,32,0,0,0,32,6,2,0.052083333333333336,30.0,0.0,True,False
288,4 4 18,576,16.0,4,1.25,59800,1.9513888888888888,0,140,104,12,32,0,0,0,32,6,2,0.052083333333333336,30.0,0.0,True,False
288,4 4 18,576,16.0,4,1.25,60000,1.9513888888888888,0,140,104,12,32,0,0,0,32,6,2,0.052083333333333336,30.0,0.0,True,False
288,4 4 18,576,16.0,4,1.25,60200,1.9513888888888888,0,140,104,12,32,0,0,0,32,6,2,0.052083333333333336,30.0,0.0,True,False
288,4 4 18,576,16.0,4,1.25,60400,1.9513888888888888,0,140,104,12,32,0,0,0,32,6,2,0.052083333333333336,30.0,0.0,True,False
288,4 4 18,576,16.0,4,1.25,60600,1.9513888888888888,0,140,104,12,32,0,0,0,32,6,2,0.052083333333333336,30.0,0.0,True,False
288,4 4 18,576,16.0,4,1.25,60800,1.9513888888888888,0,140,104,12,32,0,0,0,32,6,2,0.052083333333333336,30.0,0.0,True,False
288,4 4 18,576,16.0,4,1.25,61000,1.9513888888888888,0,140,104,12,32,0,0,0,32,6,2,0.052083333333333336,30.0,0.0,True,False
288,4 4 18,576,16.0,4,1.25,61200,1.9513888888888888,0,140,104,12,32,0,0,0,32,6,2,0.052083333333333336,30.0,0.0,True,False
288,4 4 18,576,16.0,4,1.25,61400,1.9513888888888888,0,140,104,12,32,0,0,0,32,6,2,0.052083333333333336,30.0,0.0,True,False
288,4 4 18,576,16.0,4,1.25,61600,1.9513888888888888,0,140,104,12,32,0,0,0,32,6,2,0.052083333333333336,30.0,0.0,True,False
288,4 4 18,576,16.0,4,1.25,61800,1.9513888888888888,0,140,104,12,32,0,0,0,32,6,2,0.052083333333333336,30.0,0.0,True,False
288,4 4 18,576,16.0,4,1.25,62000,1.9513888888888888,0,140,104,12,32,0,0,0,32,6,2,0.052083333333333336,30.0,0.0,True,False
288,4 4 18,576,16.0,4,1.25,62200,1.9513888888888888,0,140,104,12,32,0,0,0,32,6,2,0.052083333333333336,30.0,0.0,True,False
288,4 4 18,576,16.0,4,1.25,62400,1.9513888888888888,0,140,104,12,32,0,0,0,32,6,2,0.052083333333333336,30.0,0.0,True,False
288,4 4 18,576,16.0,4,1.25,62600,1.9513888888888888,0,140,104,12,32,0,0,0,32,6,2,0.052083333333333336,30.0,0.0,True,False
288,4 4 18,576,16.0,4,1.25,62800,1.9513888888888888,0,140,104,12,32,0,0,0,32,6,2,0.052083333333333336,30.0,0.0,True,False
288,4 4 18,576,16.0,4,1.25,63000,1.9513888888888888,0,140,104,12,32,0,0,0,32,6,2,0.052083333333333336,30.0,0.0,True,False
288,4 4 18,576,16.0,4,1.25,63200,1.9513888888888888,0,140,104,12,32,0,0,0,32,6,2,0.052083333333333336,30.0,0.0,True,False
288,4 4 18,576,16.0,4,1.25,63400,1.9513888888888888,0,140,104,12,32,0,0,0,32,6,2,0.052083333333333336,30.0,0.0,True,False
288,4 4 18,576,16.0,4,1.25,63600,1.9513888888888888,0,140,104,12,32,0,0,0,32,6,2,0.052083333333333336,30.0,0.0,True,False
288,4 4 18,576,16.0,4,1.25,63800,1.9513888888888888,0,140,104,12,32,0,0,0,32,6,2,0.052083333333333336,30.0,0.0,True,False
288,4 4 18,576,16.0,4,1.25,64000,1.9513888888888888,0,140,104,12,32,0,0,0,32,6,2,0.052083333333333336,30.0,0.0,True,False
288,4 4 18,576,16.0,4,1.25,64200,1.9513888888888888,0,140,104,12,32,0,0,0,32,6,2,0.052083333333333336,30.0,0.0,True,False
288,4 4 18,576,16.0,4,1.25,64400,1.9513888888888888,0,140,104,12,32,0,0,0,32,6,2,0.052083333333333336,30.0,0.0,True,False
288,4 4 18,576,16.0,4,1.25,64600,1.9513888888888888,0,140,104,12,32,0,0,0,32,6,2,0.052083333333333336,30.0,0.0,True,False
288,4 4 18,576,16.0,4,1.25,64800,1.9513888888888888,0,140,104,12,32,0,0,0,32,6,2,0.052083333333333336,30.0,0.0,True,False
288,4 4 18,576,16.0,4,1.25,65000,1.9513888888888888,0,140,104,12,32,0,0,0,32,6,2,0.052083333333333336,30.0,0.0,True,False
288,4 4 18,576,16.0,4,1.25,65200,1.9513888888888888,0,140,104,12,32,0,0,0,32,6,2,0.052083333333333336,30.0,0.0,True,False
288,4 4 18,576,16.0,4,1.25,65400,1.9513888888888888,0,140,104,12,32,0,0,0,32,6,2,0.052083333333333336,30.0,0.0,True,False
288,4 4 18,576,16.0,4,1.25,65600,1.9513888888888888,0,140,104,12,32,0,0,0,32,6,2,0.052083333333333336,30.0,0.0,True,False
288,4 4 18,576,16.0,4,1.25,65800,1.9513888888888888,0,140,104,12,32,0,0,0,32,6,2,0.052083333333333336,30.0,0.0,True,False
288,4 4 18,576,16.0,4,1.25,66000,1.9513888888888888,0,140,104,12,32,0,0,0,32,6,2,0.052083333333333336,30.0,0.0,True,False
288,4 4 18,576,16.0,4,1.25,66200,1.9513888888888888,0,140,104,12,32,0,0,0,32,6,2,0.052083333333333336,30.0,0.0,True,False
288,4 4 18,576,16.0,4,1.25,66400,1.9513888888888888,0,140,104,12,32,0,0,0,32,6,2,0.052083333333333336,30.0,0.0,True,False
288,4 4 18,576,16.0,4,1.25,66600,1.9513888888888888,0,140,104,12,32,0,0,0,32,6,2,0.052083333333333336,30.0,0.0,True,False
288,4 4 18,576,16.0,4,1.25,66800,1.9513888888888888,0,140,104,12,32,0,0,0,32,6,2,0.052083333333333336,30.0,0.0,True,False
288,4 4 18,576,16.0,4,1.25,67000,1.9513888888888888,0,140,104,12,32,0,0,0,32,6,2,0.052083333333333336,30.0,0.0,True,False
288,4 4 18,576,16.0,4,1.25,67200,1.9513888888888888,0,140,104,12,32,0,0,0,32,6,2,0.052083333333333336,30.0,0.0,True,False
288,4 4 18,576,16.0,4,1.25,67400,1.9513888888888888,0,140,104,12,32,0,0,0,32,6,2,0.052083333333333336,30.0,0.0,True,False
288,4 4 18,576,16.0,4,1.25,67600,1.9548611111111112,0,150,100,6,32,0,0,0,32,3,2,0.050347222222222224,29.0,0.0,True,False
288,4 4 18,576,16.0,4,1.25,67800,1.9548611111111112,0,150,100,6,32,0,0,0,32,3,2,0.050347222222222224,29.0,0.0,True,False
288,4 4 18,576,16.0,4,1.25,68000,1.9548611111111112,0,150,100,6,32,0,0,0,32,3,2,0.050347222222222224,29.0,0.0,True,False
288,4 4 18,576,16.0,4,1.25,68200,1.9548611111111112,0,150,100,6,32,0,0,0,32,3,2,0.050347222222222224,29.0,0.0,True,False
288,4 4 18,576,16.0,4,1.25,68400,1.9548611111111112,0,150,100,6,32,0,0,0,32,3,2,0.050347222222222224,29.0,0.0,True,False
288,4 4 18,576,16.0,4,1.25,68600,1.9548611111111112,0,150,100,6,32,0,0,0,32,3,2,0.050347222222222224,29.0,0.0,True,False
288,4 4 18,576,16.0,4,1.25,68800,1.9548611111111112,0,150,100,6,32,0,0,0,32,3,2,0.050347222222222224,29.0,0.0,True,False
288,4 4 18,576,16.0,4,1.25,69000,1.9548611111111112,0,150,100,6,32,0,0,0,32,3,2,0.050347222222222224,29.0,0.0,True,False
288,4 4 18,576,16.0,4,1.25,69200,1.9513888888888888,0,140,104,12,32,0,0,0,32,6,2,0.052083333333333336,30.0,0.0,True,False
288,4 4 18,576,16.0,4,1.25,69400,1.9513888888888888,0,140,104,12,32,0,0,0,32,6,2,0.052083333333333336,30.0,0.0,True,False
288,4 4 18,576,16.0,4,1.25,69600,1.9513888888888888,0,140,104,12,32,0,0,0,32,6,2,0.052083333333333336,30.0,0.0,True,False
288,4 4 18,576,16.0,4,1.25,69800,1.9548611111111112,0,150,100,6,32,0,0,0,32,3,2,0.050347222222222224,29.0,0.0,True,False
288,4 4 18,576,16.0,4,1.25,70000,1.9548611111111112,0,150,100,6,32,0,0,0,32,3,2,0.050347222222222224,29.0,0.0,True,False
288,4 4 18,576,16.0,4,1.25,70200,1.9548611111111112,0,150,100,6,32,0,0,0,32,3,2,0.050347222222222224,29.0,0.0,True,False
288,4 4 18,576,16.0,4,1.25,70400,1.9513888888888888,0,140,104,12,32,0,0,0,32,6,2,0.052083333333333336,30.0,0.0,True,False
288,4 4 18,576,16.0,4,1.25,70600,1.9513888888888888,0,140,104,12,32,0,0,0,32,6,2,0.052083333333333336,30.0,0.0,True,False
288,4 4 18,576,16.0,4,1.25,70800,1.9513888888888888,0,140,104,12,32,0,0,0,32,6,2,0.052083333333333336,30.0,0.0,True,False
288,4 4 18,576,16.0,4,1.25,71000,1.9513888888888888,0,140,104,12,32,0,0,0,32,6,2,0.052083333333333336,30.0,0.0,True,False
288,4 4 18,576,16.0,4,1.25,71200,1.9513888888888888,0,140,104,12,32,0,0,0,32,6,2,0.052083333333333336,30.0,0.0,True,False
288,4 4 18,576,16.0,4,1.25,71400,1.9513888888888888,0,140,104,12,32,0,0,0,32,6,2,0.052083333333333336,30.0,0.0,True,False
288,4 4 18,576,16.0,4,1.25,71600,1.9548611111111112,0,150,100,6,32,0,0,0,32,3,2,0.050347222222222224,29.0,0.0,True,False
288,4 4 18,576,16.0,4,1.25,71800,1.9548611111111112,0,150,100,6,32,0,0,0,32,3,2,0.050347222222222224,29.0,0.0,True,False
288,4 4 18,576,16.0,4,1.25,72000,1.9548611111111112,0,150,100,6,32,0,0,0,32,3,2,0.050347222222222224,29.0,0.0,True,False
288,4 4 18,576,16.0,4,1.25,72200,1.9513888888888888,0,140,104,12,32,0,0,0,32,6,2,0.052083333333333336,30.0,0.0,True,False
288,4 4 18,576,16.0,4,1.25,72400,1.9513888888888888,0,140,104,12,32,0,0,0,32,6,2,0.052083333333333336,30.0,0.0,True,False
288,4 4 18,576,16.0,4,1.25,72600,1.9513888888888888,0,140,104,12,32,0,0,0,32,6,2,0.052083333333333336,30.0,0.0,True,False
288,4 4 18,576,16.0,4,1.25,72800,1.9513888888888888,0,140,104,12,32,0,0,0,32,6,2,0.052083333333333336,30.0,0.0,True,False
288,4 4 18,576,16.0,4,1.25,73000,1.9513888888888888,0,140,104,12,32,0,0,0,32,6,2,0.052083333333333336,30.0,0.0,True,False
288,4 4 18,576,16.0,4,1.25,73200,1.9513888888888888,0,140,104,12,32,0,0,0,32,6,2,0.052083333333333336,30.0,0.0,True,False
288,4 4 18,576,16.0,4,1.25,73400,1.9513888888888888,0,140,104,12,32,0,0,0,32,6,2,0.052083333333333336,30.0,0.0,True,False
288,4 4 18,576,16.0,4,1.25,73600,1.9513888888888888,0,140,104,12,32,0,0,0,32,6,2,0.052083333333333336,30.0,0.0,True,False
288,4 4 18,576,16.0,4,1.25,73800,1.9513888888888888,0,140,104,12,32,0,0,0,32,6,2,0.052083333333333336,30.0,0.0,True,False
288,4 4 18,576,16.0,4,1.25,74000,1.9513888888888888,0,140,104,12,32,0,0,0,32,6,2,0.052083333333333336,30.0,0.0,True,False
288,4 4 18,576,16.0,4,1.25,74200,1.9513888888888888,0,140,104,12,32,0,0,0,32,6,2,0.052083333333333336,30.0,0.0,True,False
288,4 4 18,576,16.0,4,1.25,74400,1.9513888888888888,0,140,104,12,32,0,0,0,32,6,2,0.052083333333333336,30.0,0.0,True,False
288,4 4 18,576,16.0,4,1.25,74600,1.9513888888888888,0,140,104,12,32,0,0,0,32,6,2,0.052083333333333336,30.0,0.0,True,False
288,4 4 18,576,16.0,4,1.25,74800,1.9513888888888888,0,140,104,12,32,0,0,0,32,6,2,0.052083333333333336,30.0,0.0,True,False
288,4 4 18,576,16.0,4,1.25,75000,1.9513888888888888,0,140,104,12,32,0,0,0,32,6,2,0.052083333333333336,30.0,0.0,True,False
288,4 4 18,576,16.0,4,1.25,75200,1.9513888888888888,0,140,104,12,32,0,0,0,32,6,2,0.052083333333333336,30.0,0.0,True,False
288,4 4 18,576,16.0,4,1.25,75400,1.9513888888888888,0,140,104,12,32,0,0,0,32,6,2,0.052083333333333336,30.0,0.0,True,False
288,4 4 18,576,16.0,4,1.25,75600,1.9513888888888888,0,140,104,12,32,0,0,0,32,6,2,0.052083333333333336,30.0,0.0,True,False
288,4 4 18,576,16.0,4,1.25,75800,1.9513888888888888,0,140,104,12,32,0,0,0,32,6,2,0.052083333333333336,30.0,0.0,True,False
288,4 4 18,576,16.0,4,1.25,76000,1.9513888888888888,0,140,104,12,32,0,0,0,32,6,2,0.052083333333333336,30.0,0.0,True,False
288,4 4 18,576,16.0,4,1.25,76200,1.9513888888888888,0,140,104,12,32,0,0,0,32,6,2,0.052083333333333336,30.0,0.0,True,False
288,4 4 18,576,16.0,4,1.25,76400,1.9513888888888888,0,140,104,12,32,0,0,0,32,6,2,0.052083333333333336,30.0,0.0,True,False
288,4 4 18,576,16.0,4,1.25,76600,1.9513888888888888,0,140,104,12,32,0,0,0,32,6,2,0.052083333333333336,30.0,0.0,True,False
288,4 4 18,576,16.0,4,1.25,76800,1.9513888888888888,0,140,104,12,32,0,0,0,32,6,2,0.052083333333333336,30.0,0.0,True,False
288,4 4 18,576,16.0,4,1.25,77000,1.9513888888888888,0,140,104,12,32,0,0,0,32,6,2,0.052083333333333336,30.0,0.0,True,False
288,4 4 18,576,16.0,4,1.25,77200,1.9513888888888888,0,140,104,12,32,0,0,0,32,6,2,0.052083333333333336,30.0,0.0,True,False
288,4 4 18,576,16.0,4,1.25,77400,1.9513888888888888,0,140,104,12,32,0,0,0,32,6,2,0.052083333333333336,30.0,0.0,True,False
288,4 4 18,576,16.0,4,1.25,77600,1.9513888888888888,0,140,104,12,32,0,0,0,32,6,2,0.052083333333333336,30.0,0.0,True,False
288,4 4 18,576,16.0,4,1.25,77800,1.9513888888888888,0,140,104,12,32,0,0,0,32,6,2,0.052083333333333336,30.0,0.0,True,False
288,4 4 18,576,16.0,4,1.25,78000,1.9513888888888888,0,140,104,12,32,0,0,0,32,6,2,0.052083333333333336,30.0,0.0,True,False
288,4 4 18,576,16.0,4,1.25,78200,1.9513888888888888,0,140,104,12,32,0,0,0,32,6,2,0.052083333333333336,30.0,0.0,True,False
288,4 4 18,576,16.0,4,1.25,78400,1.9513888888888888,0,140,104,12,32,0,0,0,32,6,2,0.052083333333333336,30.0,0.0,True,False
288,4 4 18,576,16.0,4,1.25,78600,1.9513888888888888,0,140,104,12,32,0,0,0,32,6,2,0.052083333333333336,30.0,0.0,True,False
288,4 4 18,576,16.0,4,1.25,78800,1.9513888888888888,0,140,104,12,32,0,0,0,32,6,2,0.052083333333333336,30.0,0.0,True,False
288,4 4 18,576,16.0,4,1.25,79000,1.9513888888888888,0,140,104,12,32,0,0,0,32,6,2,0.052083333333333336,30.0,0.0,True,False
288,4 4 18,576,16.0,4,1.25,79200,1.9513888888888888,0,140,104,12,32,0,0,0,32,6,2,0.052083333333333336,30.0,0.0,True,False
288,4 4 18,576,16.0,4,1.25,79400,1.9513888888888888,0,140,104,12,32,0,0,0,32,6,2,0.052083333333333336,30.0,0.0,True,False
288,4 4 18,576,16.0,4,1.25,79600,1.9513888888888888,0,140,104,12,32,0,0,0,32,6,2,0.052083333333333336,30.0,0.0,True,False
288,4 4 18,576,16.0,4,1.25,79800,1.9513888888888888,0,140,104,12,32,0,0,0,32,6,2,0.052083333333333336,30.0,0.0,True,False
288,4 4 18,576,16.0,4,1.25,80000,1.9513888888888888,0,140,104,12,32,0,0,0,32,6,2,0.052083333333333336,30.0,0.0,True,False
288,4 4 18,576,16.0,4,1.25,80200,1.9513888888888888,0,140,104,12,32,0,0,0,32,6,2,0.052083333333333336,30.0,0.0,True,False
288,4 4 18,576,16.0,4,1.25,80400,1.9513888888888888,0,140,104,12,32,0,0,0,32,6,2,0.052083333333333336,30.0,0.0,True,False
288,4 4 18,576,16.0,4,1.25,80600,1.9513888888888888,0,140,104,12,32,0,0,0,32,6,2,0.052083333333333336,30.0,0.0,True,False
288,4 4 18,576,16.0,4,1.25,80800,1.9513888888888888,0,140,104,12,32,0,0,0,32,6,2,0.052083333333333336,30.0,0.0,True,False
288,4 4 18,576,16.0,4,1.25,81000,1.9513888888888888,0,140,104,12,32,0,0,0,32,6,2,0.052083333333333336,30.0,0.0,True,False
288,4 4 18,576,16.0,4,1.25,81200,1.9513888888888888,0,140,104,12,32,0,0,0,32,6,2,0.052083333333333336,30.0,0.0,True,False
288,4 4 18,576,16.0,4,1.25,81400,1.9513888888888888,0,140,104,12,32,0,0,0,32,6,2,0.052083333333333336,30.0,0.0,True,False
288,4 4 18,576,16.0,4,1.25,81600,1.9513888888888888,0,140,104,12,32,0,0,0,32,6,2,0.052083333333333336,30.0,0.0,True,False
288,4 4 18,576,16.0,4,1.25,81800,1.9513888888888888,0,140,104,12,32,0,0,0,32,6,2,0.052083333333333336,30.0,0.0,True,False
288,4 4 18,576,16.0,4,1.25,82000,1.9513888888888888,0,140,104,12,32,0,0,0,32,6,2,0.052083333333333336,30.0,0.0,True,False
288,4 4 18,576,16.0,4,1.25,82200,1.9513888888888888,0,140,104,12,32,0,0,0,32,6,2,0.052083333333333336,30.0,0.0,True,False
288,4 4 18,576,16.0,4,1.25,82400,1.9513888888888888,0,140,104,12,32,0,0,0,32,6,2,0.052083333333333336,30.0,0.0,True,False
288,4 4 18,576,16.0,4,1.25,82600,1.9513888888888888,0,140,104,12,32,0,0,0,32,6,2,0.052083333333333336,30.0,0.0,True,False
288,4 4 18,576,16.0,4,1.25,82800,1.9513888888888888,0,140,104,12,32,0,0,0,32,6,2,0.052083333333333336,30.0,0.0,True,False
288,4 4 18,576,16.0,4,1.25,83000,1.9513888888888888,0,140,104,12,32,0,0,0,32,6,2,0.052083333333333336,30.0,0.0,True,False
288,4 4 18,576,16.0,4,1.25,83200,1.9513888888888888,0,140,104,12,32,0,0,0,32,6,2,0.052083333333333336,30.0,0.0,True,False
288,4 4 18,576,16.0,4,1.25,83400,1.9513888888888888,0,140,104,12,32,0,0,0,32,6,2,0.052083333333333336,30.0,0.0,True,False
288,4 4 18,576,16.0,4,1.25,83600,1.9513888888888888,0,140,104,12,32,0,0,0,32,6,2,0.052083333333333336,30.0,0.0,True,False
288,4 4 18,576,16.0,4,1.25,83800,1.9513888888888888,0,140,104,12,32,0,0,0,32,6,2,0.052083333333333336,30.0,0.0,True,False
288,4 4 18,576,16.0,4,1.25,84000,1.9513888888888888,0,140,104,12,32,0,0,0,32,6,2,0.052083333333333336,30.0,0.0,True,False
288,4 4 18,576,16.0,4,1.25,84200,1.9513888888888888,0,140,104,12,32,0,0,0,32,6,2,0.052083333333333336,30.0,0.0,True,False
288,4 4 18,576,16.0,4,1.25,84400,1.9513888888888888,0,140,104,12,32,0,0,0,32,6,2,0.052083333333333336,30.0,0.0,True,False
288,4 4 18,576,16.0,4,1.25,84600,1.9513888888888888,0,140,104,12,32,0,0,0,32,6,2,0.052083333333333336,30.0,0.0,True,False
288,4 4 18,576,16.0,4,1.25,84800,1.9513888888888888,0,140,104,12,32,0,0,0,32,6,2,0.052083333333333336,30.0,0.0,True,False
288,4 4 18,576,16.0,4,1.25,85000,1.9513888888888888,0,140,104,12,32,0,0,0,32,6,2,0.052083333333333336,30.0,0.0,True,False
288,4 4 18,576,16.0,4,1.25,85200,1.9513888888888888,0,140,104,12,32,0,0,0,32,6,2,0.052083333333333336,30.0,0.0,True,False
288,4 4 18,576,16.0,4,1.25,85400,1.9548611111111112,0,150,100,6,32,0,0,0,32,3,2,0.050347222222222224,29.0,0.0,True,False
288,4 4 18,576,16.0,4,1.25,85600,1.9513888888888888,0,140,104,12,32,0,0,0,32,6,2,0.052083333333333336,30.0,0.0,True,False
288,4 4 18,576,16.0,4,1.25,85800,1.9513888888888888,0,140,104,12,32,0,0,0,32,6,2,0.052083333333333336,30.0,0.0,True,False
288,4 4 18,576,16.0,4,1.25,86000,1.9513888888888888,0,140,104,12,32,0,0,0,32,6,2,0.052083333333333336,30.0,0.0,True,False
288,4 4 18,576,16.0,4,1.25,86200,1.9513888888888888,0,140,104,12,32,0,0,0,32,6,2,0.052083333333333336,30.0,0.0,True,False
288,4 4 18,576,16.0,4,1.25,86400,1.9513888888888888,0,140,104,12,32,0,0,0,32,6,2,0.052083333333333336,30.0,0.0,True,False
288,4 4 18,576,16.0,4,1.25,86600,1.9513888888888888,0,140,104,12,32,0,0,0,32,6,2,0.052083333333333336,30.0,0.0,True,False
288,4 4 18,576,16.0,4,1.25,86800,1.9513888888888888,0,140,104,12,32,0,0,0,32,6,2,0.052083333333333336,30.0,0.0,True,False
288,4 4 18,576,16.0,4,1.25,87000,1.9513888888888888,0,140,104,12,32,0,0,0,32,6,2,0.052083333333333336,30.0,0.0,True,False
288,4 4 18,576,16.0,4,1.25,87200,1.9513888888888888,0,140,104,12,32,0,0,0,32,6,2,0.052083333333333336,30.0,0.0,True,False
288,4 4 18,576,16.0,4,1.25,87400,1.9513888888888888,0,140,104,12,32,0,0,0,32,6,2,0.052083333333333336,30.0,0.0,True,False
288,4 4 18,576,16.0,4,1.25,87600,1.9548611111111112,0,150,100,6,32,0,0,0,32,3,2,0.050347222222222224,29.0,0.0,True,False
288,4 4 18,576,16.0,4,1.25,87800,1.9548611111111112,0,150,100,6,32,0,0,0,32,3,2,0.050347222222222224,29.0,0.0,True,False
288,4 4 18,576,16.0,4,1.25,88000,1.9548611111111112,0,150,100,6,32,0,0,0,32,3,2,0.050347222222222224,29.0,0.0,True,False
288,4 4 18,576,16.0,4,1.25,88200,1.9548611111111112,0,150,100,6,32,0,0,0,32,3,2,0.050347222222222224,29.0,0.0,True,False
288,4 4 18,576,16.0,4,1.25,88400,1.9548611111111112,0,150,100,6,32,0,0,0,32,3,2,0.050347222222222224,29.0,0.0,True,False
288,4 4 18,576,16.0,4,1.25,88600,1.9548611111111112,0,150,100,6,32,0,0,0,32,3,2,0.050347222222222224,29.0,0.0,True,False
288,4 4 18,576,16.0,4,1.25,88800,1.9548611111111112,0,150,100,6,32,0,0,0,32,3,2,0.050347222222222224,29.0,0.0,True,False
288,4 4 18,576,16.0,4,1.25,89000,1.9548611111111112,0,150,100,6,32,0,0,0,32,3,2,0.050347222222222224,29.0,0.0,True,False
288,4 4 18,576,16.0,4,1.25,89200,1.9548611111111112,0,150,100,6,32,0,0,0,32,3,2,0.050347222222222224,29.0,0.0,True,False
288,4 4 18,576,16.0,4,1.25,89400,1.9548611111111112,0,150,100,6,32,0,0,0,32,3,2,0.050347222222222224,29.0,0.0,True,False
288,4 4 18,576,16.0,4,1.25,89600,1.9548611111111112,0,150,100,6,32,0,0,0,32,3,2,0.050347222222222224,29.0,0.0,True,False
288,4 4 18,576,16.0,4,1.25,89800,1.9548611111111112,0,150,100,6,32,0,0,0,32,3,2,0.050347222222222224,29.0,0.0,True,False
288,4 4 18,576,16.0,4,1.25,90000,1.9548611111111112,0,150,100,6,32,0,0,0,32,3,2,0.050347222222222224,29.0,0.0,True,False
288,4 4 18,576,16.0,4,1.25,90200,1.9548611111111112,0,150,100,6,32,0,0,0,32,3,2,0.050347222222222224,29.0,0.0,True,False
288,4 4 18,576,16.0,4,1.25,90400,1.9548611111111112,0,150,100,6,32,0,0,0,32,3,2,0.050347222222222224,29.0,0.0,True,False
288,4 4 18,576,16.0,4,1.25,90600,1.9548611111111112,0,150,100,6,32,0,0,0,32,3,2,0.050347222222222224,29.0,0.0,True,False
288,4 4 18,576,16.0,4,1.25,90800,1.9513888888888888,0,140,104,12,32,0,0,0,32,6,2,0.052083333333333336,30.0,0.0,True,False
288,4 4 18,576,16.0,4,1.25,91000,1.9513888888888888,0,140,104,12,32,0,0,0,32,6,2,0.052083333333333336,30.0,0.0,True,False
288,4 4 18,576,16.0,4,1.25,91200,1.9513888888888888,0,140,104,12,32,0,0,0,32,6,2,0.052083333333333336,30.0,0.0,True,False
288,4 4 18,576,16.0,4,1.25,91400,1.9513888888888888,0,140,104,12,32,0,0,0,32,6,2,0.052083333333333336,30.0,0.0,True,False
288,4 4 18,576,16.0,4,1.25,91600,1.9513888888888888,0,140,104,12,32,0,0,0,32,6,2,0.052083333333333336,30.0,0.0,True,False
288,4 4 18,576,16.0,4,1.25,91800,1.9513888888888888,0,140,104,12,32,0,0,0,32,6,2,0.052083333333333336,30.0,0.0,True,False
288,4 4 18,576,16.0,4,1.25,92000,1.9513888888888888,0,140,104,12,32,0,0,0,32,6,2,0.052083333333333336,30.0,0.0,True,False
288,4 4 18,576,16.0,4,1.25,92200,1.9513888888888888,0,140,104,12,32,0,0,0,32,6,2,0.052083333333333336,30.0,0.0,True,False
288,4 4 18,576,16.0,4,1.25,92400,1.9513888888888888,0,140,104,12,32,0,0,0,32,6,2,0.052083333333333336,30.0,0.0,True,False
288,4 4 18,576,16.0,4,1.25,92600,1.9513888888888888,0,140,104,12,32,0,0,0,32,6,2,0.052083333333333336,30.0,0.0,True,False
288,4 4 18,576,16.0,4,1.25,92800,1.9513888888888888,0,140,104,12,32,0,0,0,32,6,2,0.052083333333333336,30.0,0.0,True,False
288,4 4 18,576,16.0,4,1.25,93000,1.9513888888888888,0,140,104,12,32,0,0,0,32,6,2,0.052083333333333336,30.0,0.0,True,False
288,4 4 18,576,16.0,4,1.25,93200,1.9513888888888888,0,140,104,12,32,0,0,0,32,6,2,0.052083333333333336,30.0,0.0,True,False
288,4 4 18,576,16.0,4,1.25,93400,1.9513888888888888,0,140,104,12,32,0,0,0,32,6,2,0.052083333333333336,30.0,0.0,True,False
288,4 4 18,576,16.0,4,1.25,93600,1.9513888888888888,0,140,104,12,32,0,0,0,32,6,2,0.052083333333333336,30.0,0.0,True,False
288,4 4 18,576,16.0,4,1.25,93800,1.9513888888888888,0,140,104,12,32,0,0,0,32,6,2,0.052083333333333336,30.0,0.0,True,False
288,4 4 18,576,16.0,4,1.25,94000,1.9513888888888888,0,140,104,12,32,0,0,0,32,6,2,0.052083333333333336,30.0,0.0,True,False
288,4 4 18,576,16.0,4,1.25,94200,1.9513888888888888,0,140,104,12,32,0,0,0,32,6,2,0.052083333333333336,30.0,0.0,True,False
288,4 4 18,576,16.0,4,1.25,94400,1.9513888888888888,0,140,104,12,32,0,0,0,32,6,2,0.052083333333333336,30.0,0.0,True,False
288,4 4 18,576,16.0,4,1.25,94600,1.9513888888888888,0,140,104,12,32,0,0,0,32,6,2,0.052083333333333336,30.0,0.0,True,False
288,4 4 18,576,16.0,4,1.25,94800,1.9513888888888888,0,140,104,12,32,0,0,0,32,6,2,0.052083333333333336,30.0,0.0,True,False
288,4 4 18,576,16.0,4,1.25,95000,1.9513888888888888,0,140,104,12,32,0,0,0,32,6,2,0.052083333333333336,30.0,0.0,True,False
288,4 4 18,576,16.0,4,1.25,95200,1.9513888888888888,0,140,104,12,32,0,0,0,32,6,2,0.052083333333333336,30.0,0.0,True,False
288,4 4 18,576,16.0,4,1.25,95400,1.9513888888888888,0,140,104,12,32,0,0,0,32,6,2,0.052083333333333336,30.0,0.0,True,False
288,4 4 18,576,16.0,4,1.25,95600,1.9513888888888888,0,140,104,12,32,0,0,0,32,6,2,0.052083333333333336,30.0,0.0,True,False
288,4 4 18,576,16.0,4,1.25,95800,1.9513888888888888,0,140,104,12,32,0,0,0,32,6,2,0.052083333333333336,30.0,0.0,True,False
288,4 4 18,576,16.0,4,1.25,96000,1.9513888888888888,0,140,104,12,32,0,0,0,32,6,2,0.052083333333333336,30.0,0.0,True,False
288,4 4 18,576,16.0,4,1.25,96200,1.9513888888888888,0,140,104,12,32,0,0,0,32,6,2,0.052083333333333336,30.0,0.0,True,False
288,4 4 18,576,16.0,4,1.25,96400,1.9513888888888888,0,140,104,12,32,0,0,0,32,6,2,0.052083333333333336,30.0,0.0,True,False
288,4 4 18,576,16.0,4,1.25,96600,1.9513888888888888,0,140,104,12,32,0,0,0,32,6,2,0.052083333333333336,30.0,0.0,True,False
288,4 4 18,576,16.0,4,1.25,96800,1.9513888888888888,0,140,104,12,32,0,0,0,32,6,2,0.052083333333333336,30.0,0.0,True,False
288,4 4 18,576,16.0,4,1.25,97000,1.9513888888888888,0,140,104,12,32,0,0,0,32,6,2,0.052083333333333336,30.0,0.0,True,False
288,4 4 18,576,16.0,4,1.25,97200,1.9513888888888888,0,140,104,12,32,0,0,0,32,6,2,0.052083333333333336,30.0,0.0,True,False
288,4 4 18,576,16.0,4,1.25,97400,1.9513888888888888,0,140,104,12,32,0,0,0,32,6,2,0.052083333333333336,30.0,0.0,True,False
288,4 4 18,576,16.0,4,1.25,97600,1.9513888888888888,0,140,104,12,32,0,0,0,32,6,2,0.052083333333333336,30.0,0.0,True,False
288,4 4 18,576,16.0,4,1.25,97800,1.9513888888888888,0,140,104,12,32,0,0,0,32,6,2,0.052083333333333336,30.0,0.0,True,False
288,4 4 18,576,16.0,4,1.25,98000,1.9513888888888888,0,140,104,12,32,0,0,0,32,6,2,0.052083333333333336,30.0,0.0,True,False
288,4 4 18,576,16.0,4,1.25,98200,1.9513888888888888,0,140,104,12,32,0,0,0,32,6,2,0.052083333333333336,30.0,0.0,True,False
288,4 4 18,576,16.0,4,1.25,98400,1.9513888888888888,0,140,104,12,32,0,0,0,32,6,2,0.052083333333333336,30.0,0.0,True,False
288,4 4 18,576,16.0,4,1.25,98600,1.9513888888888888,0,140,104,12,32,0,0,0,32,6,2,0.052083333333333336,30.0,0.0,True,False
288,4 4 18,576,16.0,4,1.25,98800,1.9513888888888888,0,140,104,12,32,0,0,0,32,6,2,0.052083333333333336,30.0,0.0,True,False
288,4 4 18,576,16.0,4,1.25,99000,1.9513888888888888,0,140,104,12,32,0,0,0,32,6,2,0.052083333333333336,30.0,0.0,True,False
288,4 4 18,576,16.0,4,1.25,99200,1.9513888888888888,0,140,104,12,32,0,0,0,32,6,2,0.052083333333333336,30.0,0.0,True,False
288,4 4 18,576,16.0,4,1.25,99400,1.9513888888888888,0,140,104,12,32,0,0,0,32,6,2,0.052083333333333336,30.0,0.0,True,False
288,4 4 18,576,16.0,4,1.25,99600,1.9513888888888888,0,140,104,12,32,0,0,0,32,6,2,0.052083333333333336,30.0,0.0,True,False
288,4 4 18,576,16.0,4,1.25,99800,1.9513888888888888,0,140,104,12,32,0,0,0,32,6,2,0.052083333333333336,30.0,0.0,True,False
288,4 4 18,576,16.0,4,1.25,100000,1.9513888888888888,0,140,104,12,32,0,0,0,32,6,2,0.052083333333333336,30.0,0.0,True,True
288,4 4 18,576,16.0,5,1.25,0,2.0,0,288,0,0,0,0,0,0,0,0,0,0.027777777777777776,16.0,0.0,False,False
288,4 4 18,576,16.0,5,1.25,200,2.0,0,288,0,0,0,0,0,0,0,0,0,0.027777777777777776,16.0,0.0,True,False
288,4 4 18,576,16.0,5,1.25,400,2.0555555555555554,0,272,12,0,4,0,0,0,4,0,0,0.0,0.0,0.0,True,False
288,4 4 18,576,16.0,5,1.25,600,2.0,0,288,0,0,0,0,0,0,0,0,0,0.027777777777777776,16.0,0.0,True,False
288,4 4 18,576,16.0,5,1.25,800,2.0,0,288,0,0,0,0,0,0,0,0,0,0.027777777777777776,16.0,0.0,True,False
288,4 4 18,576,16.0,5,1.25,1000,2.0,0,288,0,0,0,0,0,0,0,0,0,0.027777777777777776,16.0,0.0,True,False
288,4 4 18,576,16.0,5,1.25,1200,2.0555555555555554,0,272,12,0,4,0,0,0,4,0,0,0.0,0.0,0.0,True,False
288,4 4 18,576,16.0,5,1.25,1400,2.0416666666666665,0,256,24,4,0,4,0,0,4,2,2,0.006944444444444444,4.0,0.0,True,False
288,4 4 18,576,16.0,5,1.25,1600,2.0416666666666665,0,256,24,4,0,4,0,0,4,2,2,0.006944444444444444,4.0,0.0,True,False
288,4 4 18,576,16.0,5,1.25,1800,2.0416666666666665,0,256,24,4,0,4,0,0,4,2,2,0.006944444444444444,4.0,0.0,True,False
288,4 4 18,576,16.0,5,1.25,2000,2.0416666666666665,0,256,24,4,0,4,0,0,4,2,2,0.006944444444444444,4.0,0.0,True,False
288,4 4 18,576,16.0,5,1.25,2200,2.0416666666666665,0,256,24,4,0,4,0,0,4,2,2,0.006944444444444444,4.0,0.0,True,False
288,4 4 18,576,16.0,5,1.25,2400,2.0416666666666665,0,256,24,4,0,4,0,0,4,2,2,0.006944444444444444,4.0,0.0,True,False
288,4 4 18,576,16.0,5,1.25,2600,2.0416666666666665,0,256,24,4,0,4,0,0,4,2,2,0.006944444444444444,4.0,0.0,True,False
288,4 4 18,576,16.0,5,1.25,2800,2.0416666666666665,0,256,24,4,0,4,0,0,4,2,2,0.006944444444444444,4.0,0.0,True,False
288,4 4 18,576,16.0,5,1.25,3000,2.0277777777777777,0,240,36,4,4,4,0,0,8,2,2,0.013888888888888888,8.0,0.0,True,False
288,4 4 18,576,16.0,5,1.25,3200,2.013888888888889,0,224,48,4,8,4,0,0,12,2,2,0.020833333333333332,12.0,0.0,True,False
288,4 4 18,576,16.0,5,1.25,3400,2.013888888888889,0,224,48,4,8,4,0,0,12,2,2,0.020833333333333332,12.0,0.0,True,False
288,4 4 18,576,16.0,5,1.25,3600,2.013888888888889,0,224,48,4,8,4,0,0,12,2,2,0.020833333333333332,12.0,0.0,True,False
288,4 4 18,576,16.0,5,1.25,3800,2.013888888888889,0,224,48,4,8,4,0,0,12,2,2,0.020833333333333332,12.0,0.0,True,False
288,4 4 18,576,16.0,5,1.25,4000,2.0,0,208,60,4,12,4,0,0,16,2,2,0.027777777777777776,16.0,0.0,True,False
288,4 4 18,576,16.0,5,1.25,4200,1.9861111111111112,0,192,72,4,16,4,0,0,20,2,2,0.034722222222222224,20.0,0.0,True,False
288,4 4 18,576,16.0,5,1.25,4400,1.9861111111111112,0,192,72,4,16,4,0,0,20,2,2,0.034722222222222224,20.0,0.0,True,False
288,4 4 18,576,16.0,5,1.25,4600,1.9861111111111112,0,192,72,4,16,4,0,0,20,2,2,0.034722222222222224,20.0,0.0,True,False
288,4 4 18,576,16.0,5,1.25,4800,1.9861111111111112,0,192,72,4,16,4,0,0,20,2,2,0.034722222222222224,20.0,0.0,True,False
288,4 4 18,576,16.0,5,1.25,5000,1.9861111111111112,0,192,72,4,16,4,0,0,20,2,2,0.034722222222222224,20.0,0.0,True,False
288,4 4 18,576,16.0,5,1.25,5200,1.9861111111111112,0,192,72,4,16,4,0,0,20,2,2,0.034722222222222224,20.0,0.0,True,False
288,4 4 18,576,16.0,5,1.25,5400,1.9722222222222223,0,176,84,4,20,4,0,0,24,2,2,0.041666666666666664,24.0,0.0,True,False
288,4 4 18,576,16.0,5,1.25,5600,1.9722222222222223,0,176,84,4,20,4,0,0,24,2,2,0.041666666666666664,24.0,0.0,True,False
288,4 4 18,576,16.0,5,1.25,5800,1.9722222222222223,0,176,84,4,20,4,0,0,24,2,2,0.041666666666666664,24.0,0.0,True,False
288,4 4 18,576,16.0,5,1.25,6000,1.9722222222222223,0,176,84,4,20,4,0,0,24,2,2,0.041666666666666664,24.0,0.0,True,False
288,4 4 18,576,16.0,5,1.25,6200,1.9548611111111112,0,150,100,6,32,0,0,0,32,3,2,0.050347222222222224,29.0,0.0,True,False
288,4 4 18,576,16.0,5,1.25,6400,1.9548611111111112,0,150,100,6,32,0,0,0,32,3,2,0.050347222222222224,29.0,0.0,True,False
288,4 4 18,576,16.0,5,1.25,6600,1.9513888888888888,0,140,104,12,32,0,0,0,32,6,2,0.052083333333333336,30.0,0.0,True,False
288,4 4 18,576,16.0,5,1.25,6800,1.9513888888888888,0,140,104,12,32,0,0,0,32,6,2,0.052083333333333336,30.0,0.0,True,False
288,4 4 18,576,16.0,5,1.25,7000,1.9513888888888888,0,140,104,12,32,0,0,0,32,6,2,0.052083333333333336,30.0,0.0,True,False
288,4 4 18,576,16.0,5,1.25,7200,1.9513888888888888,0,140,104,12,32,0,0,0,32,6,2,0.052083333333333336,30.0,0.0,True,False
288,4 4 18,576,16.0,5,1.25,7400,1.9513888888888888,0,140,104,12,32,0,0,0,32,6,2,0.052083333333333336,30.0,0.0,True,False
288,4 4 18,576,16.0,5,1.25,7600,1.9513888888888888,0,140,104,12,32,0,0,0,32,6,2,0.052083333333333336,30.0,0.0,True,False
288,4 4 18,576,16.0,5,1.25,7800,1.9513888888888888,0,140,104,12,32,0,0,0,32,6,2,0.052083333333333336,30.0,0.0,True,False
288,4 4 18,576,16.0,5,1.25,8000,1.9513888888888888,0,140,104,12,32,0,0,0,32,6,2,0.052083333333333336,30.0,0.0,True,False
288,4 4 18,576,16.0,5,1.25,8200,1.9513888888888888,0,140,104,12,32,0,0,0,32,6,2,0.052083333333333336,30.0,0.0,True,False
288,4 4 18,576,16.0,5,1.25,8400,1.9513888888888888,0,140,104,12,32,0,0,0,32,6,2,0.052083333333333336,30.0,0.0,True,False
288,4 4 18,576,16.0,5,1.25,8600,1.9513888888888888,0,140,104,12,32,0,0,0,32,6,2,0.052083333333333336,30.0,0.0,True,False
288,4 4 18,576,16.0,5,1.25,8800,1.9513888888888888,0,140,104,12,32,0,0,0,32,6,2,0.052083333333333336,30.0,0.0,True,False
288,4 4 18,576,16.0,5,1.25,9000,1.9513888888888888,0,140,104,12,32,0,0,0,32,6,2,0.052083333333333336,30.0,0.0,True,False
288,4 4 18,576,16.0,5,1.25,9200,1.9513888888888888,0,140,104,12,32,0,0,0,32,6,2,0.052083333333333336,30.0,0.0,True,False
288,4 4 18,576,16.0,5,1.25,9400,1.9513888888888888,0,140,104,12,32,0,0,0,32,6,2,0.052083333333333336,30.0,0.0,True,False
288,4 4 18,576,16.0,5,1.25,9600,1.9513888888888888,0,140,104,12,32,0,0,0,32,6,2,0.052083333333333336,30.0,0.0,True,False
288,4 4 18,576,16.0,5,1.25,9800,1.9513888888888888,0,140,104,12,32,0,0,0,32,6,2,0.052083333333333336,30.0,0.0,True,False
288,4 4 18,576,16.0,5,1.25,10000,1.9513888888888888,0,140,104,12,32,0,0,0,32,6,2,0.052083333333333336,30.0,0.0,True,False
288,4 4 18,576,16.0,5,1.25,10200,1.9513888888888888,0,140,104,12,32,0,0,0,32,6,2,0.052083333333333336,30.0,0.0,True,False
288,4 4 18,576,16.0,5,1.25,10400,1.9513888888888888,0,140,104,12,32,0,0,0,32,6,2,0.052083333333333336,30.0,0.0,True,False
288,4 4 18,576,16.0,5,1.25,10600,1.9513888888888888,0,140,104,12,32,0,0,0,32,6,2,0.052083333333333336,30.0,0.0,True,False
288,4 4 18,576,16.0,5,1.25,10800,1.9513888888888888,0,140,104,12,32,0,0,0,32,6,2,0.052083333333333336,30.0,0.0,True,False
288,4 4 18,576,16.0,5,1.25,11000,1.9513888888888888,0,140,104,12,32,0,0,0,32,6,2,0.052083333333333336,30.0,0.0,True,False
288,4 4 18,576,16.0,5,1.25,11200,1.9513888888888888,0,140,104,12,32,0,0,0,32,6,2,0.052083333333333336,30.0,0.0,True,False
288,4 4 18,576,16.0,5,1.25,11400,1.9513888888888888,0,140,104,12,32,0,0,0,32,6,2,0.052083333333333336,30.0,0.0,True,False
288,4 4 18,576,16.0,5,1.25,11600,1.9513888888888888,0,140,104,12,32,0,0,0,32,6,2,0.052083333333333336,30.0,0.0,True,False
288,4 4 18,576,16.0,5,1.25,11800,1.9513888888888888,0,140,104,12,32,0,0,0,32,6,2,0.052083333333333336,30.0,0.0,True,False
288,4 4 18,576,16.0,5,1.25,12000,1.9513888888888888,0,140,104,12,32,0,0,0,32,6,2,0.052083333333333336,30.0,0.0,True,False
288,4 4 18,576,16.0,5,1.25,12200,1.9513888888888888,0,140,104,12,32,0,0,0,32,6,2,0.052083333333333336,30.0,0.0,True,False
288,4 4 18,576,16.0,5,1.25,12400,1.9513888888888888,0,140,104,12,32,0,0,0,32,6,2,0.052083333333333336,30.0,0.0,True,False
288,4 4 18,576,16.0,5,1.25,12600,1.9513888888888888,0,140,104,12,32,0,0,0,32,6,2,0.052083333333333336,30.0,0.0,True,False
288,4 4 18,576,16.0,5,1.25,12800,1.9513888888888888,0,140,104,12,32,0,0,0,32,6,2,0.052083333333333336,30.0,0.0,True,False
288,4 4 18,576,16.0,5,1.25,13000,1.9513888888888888,0,140,104,12,32,0,0,0,32,6,2,0.052083333333333336,30.0,0.0,True,False
288,4 4 18,576,16.0,5,1.25,13200,1.9513888888888888,0,140,104,12,32,0,0,0,32,6,2,0.052083333333333336,30.0,0.0,True,False
288,4 4 18,576,16.0,5,1.25,13400,1.9513888888888888,0,140,104,12,32,0,0,0,32,6,2,0.052083333333333336,30.0,0.0,True,False
288,4 4 18,576,16.0,5,1.25,13600,1.9513888888888888,0,140,104,12,32,0,0,0,32,6,2,0.052083333333333336,30.0,0.0,True,False
288,4 4 18,576,16.0,5,1.25,13800,1.9513888888888888,0,140,104,12,32,0,0,0,32,6,2,0.052083333333333336,30.0,0.0,True,False
288,4 4 18,576,16.0,5,1.25,14000,1.9513888888888888,0,140,104,12,32,0,0,0,32,6,2,0.052083333333333336,30.0,0.0,True,False
288,4 4 18,576,16.0,5,1.25,14200,1.9513888888888888,0,140,104,12,32,0,0,0,32,6,2,0.052083333333333336,30.0,0.0,True,False
288,4 4 18,576,16.0,5,1.25,14400,1.9513888888888888,0,140,104,12,32,0,0,0,32,6,2,0.052083333333333336,30.0,0.0,True,False
288,4 4 18,576,16.0,5,1.25,14600,1.9513888888888888,0,140,104,12,32,0,0,0,32,6,2,0.052083333333333336,30.0,0.0,True,False
288,4 4 18,576,16.0,5,1.25,14800,1.9513888888888888,0,140,104,12,32,0,0,0,32,6,2,0.052083333333333336,30.0,0.0,True,False
288,4 4 18,576,16.0,5,1.25,15000,1.9513888888888888,0,140,104,12,32,0,0,0,32,6,2,0.052083333333333336,30.0,0.0,True,False
288,4 4 18,576,16.0,5,1.25,15200,1.9513888888888888,0,140,104,12,32,0,0,0,32,6,2,0.052083333333333336,30.0,0.0,True,False
288,4 4 18,576,16.0,5,1.25,15400,1.9513888888888888,0,140,104,12,32,0,0,0,32,6,2,0.052083333333333336,30.0,0.0,True,False
288,4 4 18,576,16.0,5,1.25,15600,1.9513888888888888,0,140,104,12,32,0,0,0,32,6,2,0.052083333333333336,30.0,0.0,True,False
288,4 4 18,576,16.0,5,1.25,15800,1.9513888888888888,0,140,104,12,32,0,0,0,32,6,2,0.052083333333333336,30.0,0.0,True,False
288,4 4 18,576,16.0,5,1.25,16000,1.9513888888888888,0,140,104,12,32,0,0,0,32,6,2,0.052083333333333336,30.0,0.0,True,False
288,4 4 18,576,16.0,5,1.25,16200,1.9513888888888888,0,140,104,12,32,0,0,0,32,6,2,0.052083333333333336,30.0,0.0,True,False
288,4 4 18,576,16.0,5,1.25,16400,1.9513888888888888,0,140,104,12,32,0,0,0,32,6,2,0.052083333333333336,30.0,0.0,True,False
288,4 4 18,576,16.0,5,1.25,16600,1.9513888888888888,0,140,104,12,32,0,0,0,32,6,2,0.052083333333333336,30.0,0.0,True,False
288,4 4 18,576,16.0,5,1.25,16800,1.9513888888888888,0,140,104,12,32,0,0,0,32,6,2,0.052083333333333336,30.0,0.0,True,False
288,4 4 18,576,16.0,5,1.25,17000,1.9513888888888888,0,140,104,12,32,0,0,0,32,6,2,0.052083333333333336,30.0,0.0,True,False
288,4 4 18,576,16.0,5,1.25,17200,1.9513888888888888,0,140,104,12,32,0,0,0,32,6,2,0.052083333333333336,30.0,0.0,True,False
288,4 4 18,576,16.0,5,1.25,17400,1.9513888888888888,0,140,104,12,32,0,0,0,32,6,2,0.052083333333333336,30.0,0.0,True,False
288,4 4 18,576,16.0,5,1.25,17600,1.9513888888888888,0,140,104,12,32,0,0,0,32,6,2,0.052083333333333336,30.0,0.0,True,False
288,4 4 18,576,16.0,5,1.25,17800,1.9513888888888888,0,140,104,12,32,0,0,0,32,6,2,0.052083333333333336,30.0,0.0,True,False
288,4 4 18,576,16.0,5,1.25,18000,1.9513888888888888,0,140,104,12,32,0,0,0,32,6,2,0.052083333333333336,30.0,0.0,True,False
288,4 4 18,576,16.0,5,1.25,18200,1.9513888888888888,0,140,104,12,32,0,0,0,32,6,2,0.052083333333333336,30.0,0.0,True,False
288,4 4 18,576,16.0,5,1.25,18400,1.9513888888888888,0,140,104,12,32,0,0,0,32,6,2,0.052083333333333336,30.0,0.0,True,False
288,4 4 18,576,16.0,5,1.25,18600,1.9513888888888888,0,140,104,12,32,0,0,0,32,6,2,0.052083333333333336,30.0,0.0,True,False
288,4 4 18,576,16.0,5,1.25,18800,1.9513888888888888,0,140,104,12,32,0,0,0,32,6,2,0.052083333333333336,30.0,0.0,True,False
288,4 4 18,576,16.0,5,1.25,19000,1.9513888888888888,0,140,104,12,32,0,0,0,32,6,2,0.052083333333333336,30.0,0.0,True,False
288,4 4 18,576,16.0,5,1.25,19200,1.9513888888888888,0,140,104,12,32,0,0,0,32,6,2,0.052083333333333336,30.0,0.0,True,False
288,4 4 18,576,16.0,5,1.25,19400,1.9513888888888888,0,140,104,12,32,0,0,0,32,6,2,0.052083333333333336,30.0,0.0,True,False
288,4 4 18,576,16.0,5,1.25,19600,1.9513888888888888,0,140,104,12,32,0,0,0,32,6,2,0.052083333333333336,30.0,0.0,True,False
288,4 4 18,576,16.0,5,1.25,19800,1.9513888888888888,0,140,104,12,32,0,0,0,32,6,2,0.052083333333333336,30.0,0.0,True,False
288,4 4 18,576,16.0,5,1.25,20000,1.9513888888888888,0,140,104,12,32,0,0,0,32,6,2,0.052083333333333336,30.0,0.0,True,False
288,4 4 18,576,16.0,5,1.25,20200,1.9513888888888888,0,140,104,12,32,0,0,0,32,6,2,0.052083333333333336,30.0,0.0,True,False
288,4 4 18,576,16.0,5,1.25,20400,1.9513888888888888,0,140,104,12,32,0,0,0,32,6,2,0.052083333333333336,30.0,0.0,True,False
288,4 4 18,576,16.0,5,1.25,20600,1.9513888888888888,0,140,104,12,32,0,0,0,32,6,2,0.052083333333333336,30.0,0.0,True,False
288,4 4 18,576,16.0,5,1.25,20800,1.9513888888888888,0,140,104,12,32,0,0,0,32,6,2,0.052083333333333336,30.0,0.0,True,False
288,4 4 18,576,16.0,5,1.25,21000,1.9513888888888888,0,140,104,12,32,0,0,0,32,6,2,0.052083333333333336,30.0,0.0,True,False
288,4 4 18,576,16.0,5,1.25,21200,1.9513888888888888,0,140,104,12,32,0,0,0,32,6,2,0.052083333333333336,30.0,0.0,True,False
288,4 4 18,576,16.0,5,1.25,21400,1.9513888888888888,0,140,104,12,32,0,0,0,32,6,2,0.052083333333333336,30.0,0.0,True,False
288,4 4 18,576,16.0,5,1.25,21600,1.9513888888888888,0,140,104,12,32,0,0,0,32,6,2,0.052083333333333336,30.0,0.0,True,False
288,4 4 18,576,16.0,5,1.25,21800,1.9513888888888888,0,140,104,12,32,0,0,0,32,6,2,0.052083333333333336,30.0,0.0,True,False
288,4 4 18,576,16.0,5,1.25,22000,1.9513888888888888,0,140,104,12,32,0,0,0,32,6,2,0.052083333333333336,30.0,0.0,True,False
288,4 4 18,576,16.0,5,1.25,22200,1.9513888888888888,0,140,104,12,32,0,0,0,32,6,2,0.052083333333333336,30.0,0.0,True,False
288,4 4 18,576,16.0,5,1.25,22400,1.9513888888888888,0,140,104,12,32,0,0,0,32,6,2,0.052083333333333336,30.0,0.0,True,False
288,4 4 18,576,16.0,5,1.25,22600,1.9513888888888888,0,140,104,12,32,0,0,0,32,6,2,0.052083333333333336,30.0,0.0,True,False
288,4 4 18,576,16.0,5,1.25,22800,1.9513888888888888,0,140,104,12,32,0,0,0,32,6,2,0.052083333333333336,30.0,0.0,True,False
288,4 4 18,576,16.0,5,1.25,23000,1.9513888888888888,0,140,104,12,32,0,0,0,32,6,2,0.052083333333333336,30.0,0.0,True,False
288,4 4 18,576,16.0,5,1.25,23200,1.9513888888888888,0,140,104,12,32,0,0,0,32,6,2,0.052083333333333336,30.0,0.0,True,False
288,4 4 18,576,16.0,5,1.25,23400,1.9513888888888888,0,140,104,12,32,0,0,0,32,6,2,0.052083333333333336,30.0,0.0,True,False
288,4 4 18,576,16.0,5,1.25,23600,1.9513888888888888,0,140,104,12,32,0,0,0,32,6,2,0.052083333333333336,30.0,0.0,True,False
288,4 4 18,576,16.0,5,1.25,23800,1.9513888888888888,0,140,104,12,32,0,0,0,32,6,2,0.052083333333333336,30.0,0.0,True,False
288,4 4 18,576,16.0,5,1.25,24000,1.9513888888888888,0,140,104,12,32,0,0,0,32,6,2,0.052083333333333336,30.0,0.0,True,False
288,4 4 18,576,16.0,5,1.25,24200,1.9513888888888888,0,140,104,12,32,0,0,0,32,6,2,0.052083333333333336,30.0,0.0,True,False
288,4 4 18,576,16.0,5,1.25,24400,1.9513888888888888,0,140,104,12,32,0,0,0,32,6,2,0.052083333333333336,30.0,0.0,True,False
288,4 4 18,576,16.0,5,1.25,24600,1.9513888888888888,0,140,104,12,32,0,0,0,32,6,2,0.052083333333333336,30.0,0.0,True,False
288,4 4 18,576,16.0,5,1.25,24800,1.9513888888888888,0,140,104,12,32,0,0,0,32,6,2,0.052083333333333336,30.0,0.0,True,False
288,4 4 18,576,16.0,5,1.25,25000,1.9513888888888888,0,140,104,12,32,0,0,0,32,6,2,0.052083333333333336,30.0,0.0,True,False
288,4 4 18,576,16.0,5,1.25,25200,1.9513888888888888,0,140,104,12,32,0,0,0,32,6,2,0.052083333333333336,30.0,0.0,True,False
288,4 4 18,576,16.0,5,1.25,25400,1.9513888888888888,0,140,104,12,32,0,0,0,32,6,2,0.052083333333333336,30.0,0.0,True,False
288,4 4 18,576,16.0,5,1.25,25600,1.9513888888888888,0,140,104,12,32,0,0,0,32,6,2,0.052083333333333336,30.0,0.0,True,False
288,4 4 18,576,16.0,5,1.25,25800,1.9513888888888888,0,140,104,12,32,0,0,0,32,6,2,0.052083333333333336,30.0,0.0,True,False
288,4 4 18,576,16.0,5,1.25,26000,1.9513888888888888,0,140,104,12,32,0,0,0,32,6,2,0.052083333333333336,30.0,0.0,True,False
288,4 4 18,576,16.0,5,1.25,26200,1.9513888888888888,0,140,104,12,32,0,0,0,32,6,2,0.052083333333333336,30.0,0.0,True,False
288,4 4 18,576,16.0,5,1.25,26400,1.9513888888888888,0,140,104,12,32,0,0,0,32,6,2,0.052083333333333336,30.0,0.0,True,False
288,4 4 18,576,16.0,5,1.25,26600,1.9513888888888888,0,140,104,12,32,0,0,0,32,6,2,0.052083333333333336,30.0,0.0,True,False
288,4 4 18,576,16.0,5,1.25,26800,1.9513888888888888,0,140,104,12,32,0,0,0,32,6,2,0.052083333333333336,30.0,0.0,True,False
288,4 4 18,576,16.0,5,1.25,27000,1.9513888888888888,0,140,104,12,32,0,0,0,32,6,2,0.052083333333333336,30.0,0.0,True,False
288,4 4 18,576,16.0,5,1.25,27200,1.9513888888888888,0,140,104,12,32,0,0,0,32,6,2,0.052083333333333336,30.0,0.0,True,False
288,4 4 18,576,16.0,5,1.25,27400,1.9513888888888888,0,140,104,12,32,0,0,0,32,6,2,0.052083333333333336,30.0,0.0,True,False
288,4 4 18,576,16.0,5,1.25,27600,1.9513888888888888,0,140,104,12,32,0,0,0,32,6,2,0.052083333333333336,30.0,0.0,True,False
288,4 4 18,576,16.0,5,1.25,27800,1.9513888888888888,0,140,104,12,32,0,0,0,32,6,2,0.052083333333333336,30.0,0.0,True,False
288,4 4 18,576,16.0,5,1.25,28000,1.9513888888888888,0,140,104,12,32,0,0,0,32,6,2,0.052083333333333336,30.0,0.0,True,False
288,4 4 18,576,16.0,5,1.25,28200,1.9513888888888888,0,140,104,12,32,0,0,0,32,6,2,0.052083333333333336,30.0,0.0,True,False
288,4 4 18,576,16.0,5,1.25,28400,1.9513888888888888,0,140,104,12,32,0,0,0,32,6,2,0.052083333333333336,30.0,0.0,True,False
288,4 4 18,576,16.0,5,1.25,28600,1.9513888888888888,0,140,104,12,32,0,0,0,32,6,2,0.052083333333333336,30.0,0.0,True,False
288,4 4 18,576,16.0,5,1.25,28800,1.9513888888888888,0,140,104,12,32,0,0,0,32,6,2,0.052083333333333336,30.0,0.0,True,False
288,4 4 18,576,16.0,5,1.25,29000,1.9513888888888888,0,140,104,12,32,0,0,0,32,6,2,0.052083333333333336,30.0,0.0,True,False
288,4 4 18,576,16.0,5,1.25,29200,1.9513888888888888,0,140,104,12,32,0,0,0,32,6,2,0.052083333333333336,30.0,0.0,True,False
288,4 4 18,576,16.0,5,1.25,29400,1.9513888888888888,0,140,104,12,32,0,0,0,32,6,2,0.052083333333333336,30.0,0.0,True,False
288,4 4 18,576,16.0,5,1.25,29600,1.9513888888888888,0,140,104,12,32,0,0,0,32,6,2,0.052083333333333336,30.0,0.0,True,False
288,4 4 18,576,16.0,5,1.25,29800,1.9513888888888888,0,140,104,12,32,0,0,0,32,6,2,0.052083333333333336,30.0,0.0,True,False
288,4 4 18,576,16.0,5,1.25,30000,1.9513888888888888,0,140,104,12,32,0,0,0,32,6,2,0.052083333333333336,30.0,0.0,True,False
288,4 4 18,576,16.0,5,1.25,30200,1.9513888888888888,0,140,104,12,32,0,0,0,32,6,2,0.052083333333333336,30.0,0.0,True,False
288,4 4 18,576,16.0,5,1.25,30400,1.9513888888888888,0,140,104,12,32,0,0,0,32,6,2,0.052083333333333336,30.0,0.0,True,False
288,4 4 18,576,16.0,5,1.25,30600,1.9513888888888888,0,140,104,12,32,0,0,0,32,6,2,0.052083333333333336,30.0,0.0,True,False
288,4 4 18,576,16.0,5,1.25,30800,1.9513888888888888,0,140,104,12,32,0,0,0,32,6,2,0.052083333333333336,30.0,0.0,True,False
288,4 4 18,576,16.0,5,1.25,31000,1.9513888888888888,0,140,104,12,32,0,0,0,32,6,2,0.052083333333333336,30.0,0.0,True,False
288,4 4 18,576,16.0,5,1.25,31200,1.9513888888888888,0,140,104,12,32,0,0,0,32,6,2,0.052083333333333336,30.0,0.0,True,False
288,4 4 18,576,16.0,5,1.25,31400,1.9513888888888888,0,140,104,12,32,0,0,0,32,6,2,0.052083333333333336,30.0,0.0,True,False
288,4 4 18,576,16.0,5,1.25,31600,1.9513888888888888,0,140,104,12,32,0,0,0,32,6,2,0.052083333333333336,30.0,0.0,True,False
288,4 4 18,576,16.0,5,1.25,31800,1.9513888888888888,0,140,104,12,32,0,0,0,32,6,2,0.052083333333333336,30.0,0.0,True,False
288,4 4 18,576,16.0,5,1.25,32000,1.9513888888888888,0,140,104,12,32,0,0,0,32,6,2,0.052083333333333336,30.0,0.0,True,False
288,4 4 18,576,16.0,5,1.25,32200,1.9513888888888888,0,140,104,12,32,0,0,0,32,6,2,0.052083333333333336,30.0,0.0,True,False
288,4 4 18,576,16.0,5,1.25,32400,1.9513888888888888,0,140,104,12,32,0,0,0,32,6,2,0.052083333333333336,30.0,0.0,True,False
288,4 4 18,576,16.0,5,1.25,32600,1.9513888888888888,0,140,104,12,32,0,0,0,32,6,2,0.052083333333333336,30.0,0.0,True,False
288,4 4 18,576,16.0,5,1.25,32800,1.9513888888888888,0,140,104,12,32,0,0,0,32,6,2,0.052083333333333336,30.0,0.0,True,False
288,4 4 18,576,16.0,5,1.25,33000,1.9513888888888888,0,140,104,12,32,0,0,0,32,6,2,0.052083333333333336,30.0,0.0,True,False
288,4 4 18,576,16.0,5,1.25,33200,1.9513888888888888,0,140,104,12,32,0,0,0,32,6,2,0.052083333333333336,30.0,0.0,True,False
288,4 4 18,576,16.0,5,1.25,33400,1.9513888888888888,0,140,104,12,32,0,0,0,32,6,2,0.052083333333333336,30.0,0.0,True,False
288,4 4 18,576,16.0,5,1.25,33600,1.9513888888888888,0,140,104,12,32,0,0,0,32,6,2,0.052083333333333336,30.0,0.0,True,False
288,4 4 18,576,16.0,5,1.25,33800,1.9513888888888888,0,140,104,12,32,0,0,0,32,6,2,0.052083333333333336,30.0,0.0,True,False
288,4 4 18,576,16.0,5,1.25,34000,1.9513888888888888,0,140,104,12,32,0,0,0,32,6,2,0.052083333333333336,30.0,0.0,True,False
288,4 4 18,576,16.0,5,1.25,34200,1.9513888888888888,0,140,104,12,32,0,0,0,32,6,2,0.052083333333333336,30.0,0.0,True,False
288,4 4 18,576,16.0,5,1.25,34400,1.9513888888888888,0,140,104,12,32,0,0,0,32,6,2,0.052083333333333336,30.0,0.0,True,False
288,4 4 18,576,16.0,5,1.25,34600,1.9513888888888888,0,140,104,12,32,0,0,0,32,6,2,0.052083333333333336,30.0,0.0,True,False
288,4 4 18,576,16.0,5,1.25,34800,1.9513888888888888,0,140,104,12,32,0,0,0,32,6,2,0.052083333333333336,30.0,0.0,True,False
288,4 4 18,576,16.0,5,1.25,35000,1.9513888888888888,0,140,104,12,32,0,0,0,32,6,2,0.052083333333333336,30.0,0.0,True,False
288,4 4 18,576,16.0,5,1.25,35200,1.9513888888888888,0,140,104,12,32,0,0,0,32,6,2,0.052083333333333336,30.0,0.0,True,False
288,4 4 18,576,16.0,5,1.25,35400,1.9513888888888888,0,140,104,12,32,0,0,0,32,6,2,0.052083333333333336,30.0,0.0,True,False
288,4 4 18,576,16.0,5,1.25,35600,1.9513888888888888,0,140,104,12,32,0,0,0,32,6,2,0.052083333333333336,30.0,0.0,True,False
288,4 4 18,576,16.0,5,1.25,35800,1.9513888888888888,0,140,104,12,32,0,0,0,32,6,2,0.052083333333333336,30.0,0.0,True,False
288,4 4 18,576,16.0,5,1.25,36000,1.9513888888888888,0,140,104,12,32,0,0,0,32,6,2,0.052083333333333336,30.0,0.0,True,False
288,4 4 18,576,16.0,5,1.25,36200,1.9513888888888888,0,140,104,12,32,0,0,0,32,6,2,0.052083333333333336,30.0,0.0,True,False
288,4 4 18,576,16.0,5,1.25,36400,1.9513888888888888,0,140,104,12,32,0,0,0,32,6,2,0.052083333333333336,30.0,0.0,True,False
288,4 4 18,576,16.0,5,1.25,36600,1.9513888888888888,0,140,104,12,32,0,0,0,32,6,2,0.052083333333333336,30.0,0.0,True,False
288,4 4 18,576,16.0,5,1.25,36800,1.9513888888888888,0,140,104,12,32,0,0,0,32,6,2,0.052083333333333336,30.0,0.0,True,False
288,4 4 18,576,16.0,5,1.25,37000,1.9513888888888888,0,140,104,12,32,0,0,0,32,6,2,0.052083333333333336,30.0,0.0,True,False
288,4 4 18,576,16.0,5,1.25,37200,1.9513888888888888,0,140,104,12,32,0,0,0,32,6,2,0.052083333333333336,30.0,0.0,True,False
288,4 4 18,576,16.0,5,1.25,37400,1.9513888888888888,0,140,104,12,32,0,0,0,32,6,2,0.052083333333333336,30.0,0.0,True,False
288,4 4 18,576,16.0,5,1.25,37600,1.9513888888888888,0,140,104,12,32,0,0,0,32,6,2,0.052083333333333336,30.0,0.0,True,False
288,4 4 18,576,16.0,5,1.25,37800,1.9513888888888888,0,140,104,12,32,0,0,0,32,6,2,0.052083333333333336,30.0,0.0,True,False
288,4 4 18,576,16.0,5,1.25,38000,1.9513888888888888,0,140,104,12,32,0,0,0,32,6,2,0.052083333333333336,30.0,0.0,True,False
288,4 4 18,576,16.0,5,1.25,38200,1.9513888888888888,0,140,104,12,32,0,0,0,32,6,2,0.052083333333333336,30.0,0.0,True,False
288,4 4 18,576,16.0,5,1.25,38400,1.9513888888888888,0,140,104,12,32,0,0,0,32,6,2,0.052083333333333336,30.0,0.0,True,False
288,4 4 18,576,16.0,5,1.25,38600,1.9513888888888888,0,140,104,12,32,0,0,0,32,6,2,0.052083333333333336,30.0,0.0,True,False
288,4 4 18,576,16.0,5,1.25,38800,1.9513888888888888,0,140,104,12,32,0,0,0,32,6,2,0.052083333333333336,30.0,0.0,True,False
288,4 4 18,576,16.0,5,1.25,39000,1.9513888888888888,0,140,104,12,32,0,0,0,32,6,2,0.052083333333333336,30.0,0.0,True,False
288,4 4 18,576,16.0,5,1.25,39200,1.9513888888888888,0,140,104,12,32,0,0,0,32,6,2,0.052083333333333336,30.0,0.0,True,False
288,4 4 18,576,16.0,5,1.25,39400,1.9513888888888888,0,140,104,12,32,0,0,0,32,6,2,0.052083333333333336,30.0,0.0,True,False
288,4 4 18,576,16.0,5,1.25,39600,1.9513888888888888,0,140,104,12,32,0,0,0,32,6,2,0.052083333333333336,30.0,0.0,True,False
288,4 4 18,576,16.0,5,1.25,39800,1.9513888888888888,0,140,104,12,32,0,0,0,32,6,2,0.052083333333333336,30.0,0.0,True,False
288,4 4 18,576,16.0,5,1.25,40000,1.9513888888888888,0,140,104,12,32,0,0,0,32,6,2,0.052083333333333336,30.0,0.0,True,False
288,4 4 18,576,16.0,5,1.25,40200,1.9513888888888888,0,140,104,12,32,0,0,0,32,6,2,0.052083333333333336,30.0,0.0,True,False
288,4 4 18,576,16.0,5,1.25,40400,1.9513888888888888,0,140,104,12,32,0,0,0,32,6,2,0.052083333333333336,30.0,0.0,True,False
288,4 4 18,576,16.0,5,1.25,40600,1.9513888888888888,0,140,104,12,32,0,0,0,32,6,2,0.052083333333333336,30.0,0.0,True,False
288,4 4 18,576,16.0,5,1.25,40800,1.9513888888888888,0,140,104,12,32,0,0,0,32,6,2,0.052083333333333336,30.0,0.0,True,False
288,4 4 18,576,16.0,5,1.25,41000,1.9513888888888888,0,140,104,12,32,0,0,0,32,6,2,0.052083333333333336,30.0,0.0,True,False
288,4 4 18,576,16.0,5,1.25,41200,1.9513888888888888,0,140,104,12,32,0,0,0,32,6,2,0.052083333333333336,30.0,0.0,True,False
288,4 4 18,576,16.0,5,1.25,41400,1.9513888888888888,0,140,104,12,32,0,0,0,32,6,2,0.052083333333333336,30.0,0.0,True,False
288,4 4 18,576,16.0,5,1.25,41600,1.9513888888888888,0,140,104,12,32,0,0,0,32,6,2,0.052083333333333336,30.0,0.0,True,False
288,4 4 18,576,16.0,5,1.25,41800,1.9513888888888888,0,140,104,12,32,0,0,0,32,6,2,0.052083333333333336,30.0,0.0,True,False
288,4 4 18,576,16.0,5,1.25,42000,1.9513888888888888,0,140,104,12,32,0,0,0,32,6,2,0.052083333333333336,30.0,0.0,True,False
288,4 4 18,576,16.0,5,1.25,42200,1.9513888888888888,0,140,104,12,32,0,0,0,32,6,2,0.052083333333333336,30.0,0.0,True,False
288,4 4 18,576,16.0,5,1.25,42400,1.9513888888888888,0,140,104,12,32,0,0,0,32,6,2,0.052083333333333336,30.0,0.0,True,False
288,4 4 18,576,16.0,5,1.25,42600,1.9513888888888888,0,140,104,12,32,0,0,0,32,6,2,0.052083333333333336,30.0,0.0,True,False
288,4 4 18,576,16.0,5,1.25,42800,1.9513888888888888,0,140,104,12,32,0,0,0,32,6,2,0.052083333333333336,30.0,0.0,True,False
288,4 4 18,576,16.0,5,1.25,43000,1.9513888888888888,0,140,104,12,32,0,0,0,32,6,2,0.052083333333333336,30.0,0.0,True,False
288,4 4 18,576,16.0,5,1.25,43200,1.9513888888888888,0,140,104,12,32,0,0,0,32,6,2,0.052083333333333336,30.0,0.0,True,False
288,4 4 18,576,16.0,5,1.25,43400,1.9513888888888888,0,140,104,12,32,0,0,0,32,6,2,0.052083333333333336,30.0,0.0,True,False
288,4 4 18,576,16.0,5,1.25,43600,1.9513888888888888,0,140,104,12,32,0,0,0,32,6,2,0.052083333333333336,30.0,0.0,True,False
288,4 4 18,576,16.0,5,1.25,43800,1.9513888888888888,0,140,104,12,32,0,0,0,32,6,2,0.052083333333333336,30.0,0.0,True,False
288,4 4 18,576,16.0,5,1.25,44000,1.9513888888888888,0,140,104,12,32,0,0,0,32,6,2,0.052083333333333336,30.0,0.0,True,False
288,4 4 18,576,16.0,5,1.25,44200,1.9513888888888888,0,140,104,12,32,0,0,0,32,6,2,0.052083333333333336,30.0,0.0,True,False
288,4 4 18,576,16.0,5,1.25,44400,1.9513888888888888,0,140,104,12,32,0,0,0,32,6,2,0.052083333333333336,30.0,0.0,True,False
288,4 4 18,576,16.0,5,1.25,44600,1.9513888888888888,0,140,104,12,32,0,0,0,32,6,2,0.052083333333333336,30.0,0.0,True,False
288,4 4 18,576,16.0,5,1.25,44800,1.9513888888888888,0,140,104,12,32,0,0,0,32,6,2,0.052083333333333336,30.0,0.0,True,False
288,4 4 18,576,16.0,5,1.25,45000,1.9513888888888888,0,140,104,12,32,0,0,0,32,6,2,0.052083333333333336,30.0,0.0,True,False
288,4 4 18,576,16.0,5,1.25,45200,1.9513888888888888,0,140,104,12,32,0,0,0,32,6,2,0.052083333333333336,30.0,0.0,True,False
288,4 4 18,576,16.0,5,1.25,45400,1.9513888888888888,0,140,104,12,32,0,0,0,32,6,2,0.052083333333333336,30.0,0.0,True,False
288,4 4 18,576,16.0,5,1.25,45600,1.9513888888888888,0,140,104,12,32,0,0,0,32,6,2,0.052083333333333336,30.0,0.0,True,False
288,4 4 18,576,16.0,5,1.25,45800,1.9513888888888888,0,140,104,12,32,0,0,0,32,6,2,0.052083333333333336,30.0,0.0,True,False
288,4 4 18,576,16.0,5,1.25,46000,1.9513888888888888,0,140,104,12,32,0,0,0,32,6,2,0.052083333333333336,30.0,0.0,True,False
288,4 4 18,576,16.0,5,1.25,46200,1.9513888888888888,0,140,104,12,32,0,0,0,32,6,2,0.052083333333333336,30.0,0.0,True,False
288,4 4 18,576,16.0,5,1.25,46400,1.9513888888888888,0,140,104,12,32,0,0,0,32,6,2,0.052083333333333336,30.0,0.0,True,False
288,4 4 18,576,16.0,5,1.25,46600,1.9513888888888888,0,140,104,12,32,0,0,0,32,6,2,0.052083333333333336,30.0,0.0,True,False
288,4 4 18,576,16.0,5,1.25,46800,1.9513888888888888,0,140,104,12,32,0,0,0,32,6,2,0.052083333333333336,30.0,0.0,True,False
288,4 4 18,576,16.0,5,1.25,47000,1.9513888888888888,0,140,104,12,32,0,0,0,32,6,2,0.052083333333333336,30.0,0.0,True,False
288,4 4 18,576,16.0,5,1.25,47200,1.9513888888888888,0,140,104,12,32,0,0,0,32,6,2,0.052083333333333336,30.0,0.0,True,False
288,4 4 18,576,16.0,5,1.25,47400,1.9513888888888888,0,140,104,12,32,0,0,0,32,6,2,0.052083333333333336,30.0,0.0,True,False
288,4 4 18,576,16.0,5,1.25,47600,1.9513888888888888,0,140,104,12,32,0,0,0,32,6,2,0.052083333333333336,30.0,0.0,True,False
288,4 4 18,576,16.0,5,1.25,47800,1.9513888888888888,0,140,104,12,32,0,0,0,32,6,2,0.052083333333333336,30.0,0.0,True,False
288,4 4 18,576,16.0,5,1.25,48000,1.9513888888888888,0,140,104,12,32,0,0,0,32,6,2,0.052083333333333336,30.0,0.0,True,False
288,4 4 18,576,16.0,5,1.25,48200,1.9513888888888888,0,140,104,12,32,0,0,0,32,6,2,0.052083333333333336,30.0,0.0,True,False
288,4 4 18,576,16.0,5,1.25,48400,1.9513888888888888,0,140,104,12,32,0,0,0,32,6,2,0.052083333333333336,30.0,0.0,True,False
288,4 4 18,576,16.0,5,1.25,48600,1.9513888888888888,0,140,104,12,32,0,0,0,32,6,2,0.052083333333333336,30.0,0.0,True,False
288,4 4 18,576,16.0,5,1.25,48800,1.9513888888888888,0,140,104,12,32,0,0,0,32,6,2,0.052083333333333336,30.0,0.0,True,False
288,4 4 18,576,16.0,5,1.25,49000,1.9513888888888888,0,140,104,12,32,0,0,0,32,6,2,0.052083333333333336,30.0,0.0,True,False
288,4 4 18,576,16.0,5,1.25,49200,1.9513888888888888,0,140,104,12,32,0,0,0,32,6,2,0.052083333333333336,30.0,0.0,True,False
288,4 4 18,576,16.0,5,1.25,49400,1.9513888888888888,0,140,104,12,32,0,0,0,32,6,2,0.052083333333333336,30.0,0.0,True,False
288,4 4 18,576,16.0,5,1.25,49600,1.9513888888888888,0,140,104,12,32,0,0,0,32,6,2,0.052083333333333336,30.0,0.0,True,False
288,4 4 18,576,16.0,5,1.25,49800,1.9513888888888888,0,140,104,12,32,0,0,0,32,6,2,0.052083333333333336,30.0,0.0,True,False
288,4 4 18,576,16.0,5,1.25,50000,1.9513888888888888,0,140,104,12,32,0,0,0,32,6,2,0.052083333333333336,30.0,0.0,True,False
288,4 4 18,576,16.0,5,1.25,50200,1.9513888888888888,0,140,104,12,32,0,0,0,32,6,2,0.052083333333333336,30.0,0.0,True,False
288,4 4 18,576,16.0,5,1.25,50400,1.9513888888888888,0,140,104,12,32,0,0,0,32,6,2,0.052083333333333336,30.0,0.0,True,False
288,4 4 18,576,16.0,5,1.25,50600,1.9513888888888888,0,140,104,12,32,0,0,0,32,6,2,0.052083333333333336,30.0,0.0,True,False
288,4 4 18,576,16.0,5,1.25,50800,1.9513888888888888,0,140,104,12,32,0,0,0,32,6,2,0.052083333333333336,30.0,0.0,True,False
288,4 4 18,576,16.0,5,1.25,51000,1.9513888888888888,0,140,104,12,32,0,0,0,32,6,2,0.052083333333333336,30.0,0.0,True,False
288,4 4 18,576,16.0,5,1.25,51200,1.9513888888888888,0,140,104,12,32,0,0,0,32,6,2,0.052083333333333336,30.0,0.0,True,False
288,4 4 18,576,16.0,5,1.25,51400,1.9513888888888888,0,140,104,12,32,0,0,0,32,6,2,0.052083333333333336,30.0,0.0,True,False
288,4 4 18,576,16.0,5,1.25,51600,1.9513888888888888,0,140,104,12,32,0,0,0,32,6,2,0.052083333333333336,30.0,0.0,True,False
288,4 4 18,576,16.0,5,1.25,51800,1.9513888888888888,0,140,104,12,32,0,0,0,32,6,2,0.052083333333333336,30.0,0.0,True,False
288,4 4 18,576,16.0,5,1.25,52000,1.9513888888888888,0,140,104,12,32,0,0,0,32,6,2,0.052083333333333336,30.0,0.0,True,False
288,4 4 18,576,16.0,5,1.25,52200,1.9513888888888888,0,140,104,12,32,0,0,0,32,6,2,0.052083333333333336,30.0,0.0,True,False
288,4 4 18,576,16.0,5,1.25,52400,1.9513888888888888,0,140,104,12,32,0,0,0,32,6,2,0.052083333333333336,30.0,0.0,True,False
288,4 4 18,576,16.0,5,1.25,52600,1.9513888888888888,0,140,104,12,32,0,0,0,32,6,2,0.052083333333333336,30.0,0.0,True,False
288,4 4 18,576,16.0,5,1.25,52800,1.9513888888888888,0,140,104,12,32,0,0,0,32,6,2,0.052083333333333336,30.0,0.0,True,False
288,4 4 18,576,16.0,5,1.25,53000,1.9513888888888888,0,140,104,12,32,0,0,0,32,6,2,0.052083333333333336,30.0,0.0,True,False
288,4 4 18,576,16.0,5,1.25,53200,1.9513888888888888,0,140,104,12,32,0,0,0,32,6,2,0.052083333333333336,30.0,0.0,True,False
288,4 4 18,576,16.0,5,1.25,53400,1.9513888888888888,0,140,104,12,32,0,0,0,32,6,2,0.052083333333333336,30.0,0.0,True,False
288,4 4 18,576,16.0,5,1.25,53600,1.9513888888888888,0,140,104,12,32,0,0,0,32,6,2,0.052083333333333336,30.0,0.0,True,False
288,4 4 18,576,16.0,5,1.25,53800,1.9513888888888888,0,140,104,12,32,0,0,0,32,6,2,0.052083333333333336,30.0,0.0,True,False
288,4 4 18,576,16.0,5,1.25,54000,1.9513888888888888,0,140,104,12,32,0,0,0,32,6,2,0.052083333333333336,30.0,0.0,True,False
288,4 4 18,576,16.0,5,1.25,54200,1.9513888888888888,0,140,104,12,32,0,0,0,32,6,2,0.052083333333333336,30.0,0.0,True,False
288,4 4 18,576,16.0,5,1.25,54400,1.9513888888888888,0,140,104,12,32,0,0,0,32,6,2,0.052083333333333336,30.0,0.0,True,False
288,4 4 18,576,16.0,5,1.25,54600,1.9513888888888888,0,140,104,12,32,0,0,0,32,6,2,0.052083333333333336,30.0,0.0,True,False
288,4 4 18,576,16.0,5,1.25,54800,1.9513888888888888,0,140,104,12,32,0,0,0,32,6,2,0.052083333333333336,30.0,0.0,True,False
288,4 4 18,576,16.0,5,1.25,55000,1.9513888888888888,0,140,104,12,32,0,0,0,32,6,2,0.052083333333333336,30.0,0.0,True,False
288,4 4 18,576,16.0,5,1.25,55200,1.9513888888888888,0,140,104,12,32,0,0,0,32,6,2,0.052083333333333336,30.0,0.0,True,False
288,4 4 18,576,16.0,5,1.25,55400,1.9513888888888888,0,140,104,12,32,0,0,0,32,6,2,0.052083333333333336,30.0,0.0,True,False
288,4 4 18,576,16.0,5,1.25,55600,1.9513888888888888,0,140,104,12,32,0,0,0,32,6,2,0.052083333333333336,30.0,0.0,True,False
288,4 4 18,576,16.0,5,1.25,55800,1.9513888888888888,0,140,104,12,32,0,0,0,32,6,2,0.052083333333333336,30.0,0.0,True,False
288,4 4 18,576,16.0,5,1.25,56000,1.9513888888888888,0,140,104,12,32,0,0,0,32,6,2,0.052083333333333336,30.0,0.0,True,False
288,4 4 18,576,16.0,5,1.25,56200,1.9513888888888888,0,140,104,12,32,0,0,0,32,6,2,0.052083333333333336,30.0,0.0,True,False
288,4 4 18,576,16.0,5,1.25,56400,1.9513888888888888,0,140,104,12,32,0,0,0,32,6,2,0.052083333333333336,30.0,0.0,True,False
288,4 4 18,576,16.0,5,1.25,56600,1.9513888888888888,0,140,104,12,32,0,0,0,32,6,2,0.052083333333333336,30.0,0.0,True,False
288,4 4 18,576,16.0,5,1.25,56800,1.9513888888888888,0,140,104,12,32,0,0,0,32,6,2,0.052083333333333336,30.0,0.0,True,False
288,4 4 18,576,16.0,5,1.25,57000,1.9513888888888888,0,140,104,12,32,0,0,0,32,6,2,0.052083333333333336,30.0,0.0,True,False
288,4 4 18,576,16.0,5,1.25,57200,1.9513888888888888,0,140,104,12,32,0,0,0,32,6,2,0.052083333333333336,30.0,0.0,True,False
288,4 4 18,576,16.0,5,1.25,57400,1.9513888888888888,0,140,104,12,32,0,0,0,32,6,2,0.052083333333333336,30.0,0.0,True,False
288,4 4 18,576,16.0,5,1.25,57600,1.9513888888888888,0,140,104,12,32,0,0,0,32,6,2,0.052083333333333336,30.0,0.0,True,False
288,4 4 18,576,16.0,5,1.25,57800,1.9513888888888888,0,140,104,12,32,0,0,0,32,6,2,0.052083333333333336,30.0,0.0,True,False
288,4 4 18,576,16.0,5,1.25,58000,1.9513888888888888,0,140,104,12,32,0,0,0,32,6,2,0.052083333333333336,30.0,0.0,True,False
288,4 4 18,576,16.0,5,1.25,58200,1.9513888888888888,0,140,104,12,32,0,0,0,32,6,2,0.052083333333333336,30.0,0.0,True,False
288,4 4 18,576,16.0,5,1.25,58400,1.9513888888888888,0,140,104,12,32,0,0,0,32,6,2,0.052083333333333336,30.0,0.0,True,False
288,4 4 18,576,16.0,5,1.25,58600,1.9513888888888888,0,140,104,12,32,0,0,0,32,6,2,0.052083333333333336,30.0,0.0,True,False
288,4 4 18,576,16.0,5,1.25,58800,1.9513888888888888,0,140,104,12,32,0,0,0,32,6,2,0.052083333333333336,30.0,0.0,True,False
288,4 4 18,576,16.0,5,1.25,59000,1.9513888888888888,0,140,104,12,32,0,0,0,32,6,2,0.052083333333333336,30.0,0.0,True,False
288,4 4 18,576,16.0,5,1.25,59200,1.9513888888888888,0,140,104,12,32,0,0,0,32,6,2,0.052083333333333336,30.0,0.0,True,False
288,4 4 18,576,16.0,5,1.25,59400,1.9513888888888888,0,140,104,12,32,0,0,0,32,6,2,0.052083333333333336,30.0,0.0,True,False
288,4 4 18,576,16.0,5,1.25,59600,1.9513888888888888,0,140,104,12,32,0,0,0,32,6,2,0.052083333333333336,30.0,0.0,True,False
288,4 4 18,576,16.0,5,1.25,59800,1.9513888888888888,0,140,104,12,32,0,0,0,32,6,2,0.052083333333333336,30.0,0.0,True,False
288,4 4 18,576,16.0,5,1.25,60000,1.9513888888888888,0,140,104,12,32,0,0,0,32,6,2,0.052083333333333336,30.0,0.0,True,False
288,4 4 18,576,16.0,5,1.25,60200,1.9513888888888888,0,140,104,12,32,0,0,0,32,6,2,0.052083333333333336,30.0,0.0,True,False
288,4 4 18,576,16.0,5,1.25,60400,1.9513888888888888,0,140,104,12,32,0,0,0,32,6,2,0.052083333333333336,30.0,0.0,True,False
288,4 4 18,576,16.0,5,1.25,60600,1.9513888888888888,0,140,104,12,32,0,0,0,32,6,2,0.052083333333333336,30.0,0.0,True,False
288,4 4 18,576,16.0,5,1.25,60800,1.9513888888888888,0,140,104,12,32,0,0,0,32,6,2,0.052083333333333336,30.0,0.0,True,False
288,4 4 18,576,16.0,5,1.25,61000,1.9513888888888888,0,140,104,12,32,0,0,0,32,6,2,0.052083333333333336,30.0,0.0,True,False
288,4 4 18,576,16.0,5,1.25,61200,1.9513888888888888,0,140,104,12,32,0,0,0,32,6,2,0.052083333333333336,30.0,0.0,True,False
288,4 4 18,576,16.0,5,1.25,61400,1.9513888888888888,0,140,104,12,32,0,0,0,32,6,2,0.052083333333333336,30.0,0.0,True,False
288,4 4 18,576,16.0,5,1.25,61600,1.9513888888888888,0,140,104,12,32,0,0,0,32,6,2,0.052083333333333336,30.0,0.0,True,False
288,4 4 18,576,16.0,5,1.25,61800,1.9513888888888888,0,140,104,12,32,0,0,0,32,6,2,0.052083333333333336,30.0,0.0,True,False
288,4 4 18,576,16.0,5,1.25,62000,1.9513888888888888,0,140,104,12,32,0,0,0,32,6,2,0.052083333333333336,30.0,0.0,True,False
288,4 4 18,576,16.0,5,1.25,62200,1.9513888888888888,0,140,104,12,32,0,0,0,32,6,2,0.052083333333333336,30.0,0.0,True,False
288,4 4 18,576,16.0,5,1.25,62400,1.9513888888888888,0,140,104,12,32,0,0,0,32,6,2,0.052083333333333336,30.0,0.0,True,False
288,4 4 18,576,16.0,5,1.25,62600,1.9513888888888888,0,140,104,12,32,0,0,0,32,6,2,0.052083333333333336,30.0,0.0,True,False
288,4 4 18,576,16.0,5,1.25,62800,1.9513888888888888,0,140,104,12,32,0,0,0,32,6,2,0.052083333333333336,30.0,0.0,True,False
288,4 4 18,576,16.0,5,1.25,63000,1.9513888888888888,0,140,104,12,32,0,0,0,32,6,2,0.052083333333333336,30.0,0.0,True,False
288,4 4 18,576,16.0,5,1.25,63200,1.9513888888888888,0,140,104,12,32,0,0,0,32,6,2,0.052083333333333336,30.0,0.0,True,False
288,4 4 18,576,16.0,5,1.25,63400,1.9513888888888888,0,140,104,12,32,0,0,0,32,6,2,0.052083333333333336,30.0,0.0,True,False
288,4 4 18,576,16.0,5,1.25,63600,1.9513888888888888,0,140,104,12,32,0,0,0,32,6,2,0.052083333333333336,30.0,0.0,True,False
288,4 4 18,576,16.0,5,1.25,63800,1.9513888888888888,0,140,104,12,32,0,0,0,32,6,2,0.052083333333333336,30.0,0.0,True,False
288,4 4 18,576,16.0,5,1.25,64000,1.9513888888888888,0,140,104,12,32,0,0,0,32,6,2,0.052083333333333336,30.0,0.0,True,False
288,4 4 18,576,16.0,5,1.25,64200,1.9513888888888888,0,140,104,12,32,0,0,0,32,6,2,0.052083333333333336,30.0,0.0,True,False
288,4 4 18,576,16.0,5,1.25,64400,1.9513888888888888,0,140,104,12,32,0,0,0,32,6,2,0.052083333333333336,30.0,0.0,True,False
288,4 4 18,576,16.0,5,1.25,64600,1.9513888888888888,0,140,104,12,32,0,0,0,32,6,2,0.052083333333333336,30.0,0.0,True,False
288,4 4 18,576,16.0,5,1.25,64800,1.9513888888888888,0,140,104,12,32,0,0,0,32,6,2,0.052083333333333336,30.0,0.0,True,False
288,4 4 18,576,16.0,5,1.25,65000,1.9513888888888888,0,140,104,12,32,0,0,0,32,6,2,0.052083333333333336,30.0,0.0,True,False
288,4 4 18,576,16.0,5,1.25,65200,1.9513888888888888,0,140,104,12,32,0,0,0,32,6,2,0.052083333333333336,30.0,0.0,True,False
288,4 4 18,576,16.0,5,1.25,65400,1.9513888888888888,0,140,104,12,32,0,0,0,32,6,2,0.052083333333333336,30.0,0.0,True,False
288,4 4 18,576,16.0,5,1.25,65600,1.9513888888888888,0,140,104,12,32,0,0,0,32,6,2,0.052083333333333336,30.0,0.0,True,False
288,4 4 18,576,16.0,5,1.25,65800,1.9513888888888888,0,140,104,12,32,0,0,0,32,6,2,0.052083333333333336,30.0,0.0,True,False
288,4 4 18,576,16.0,5,1.25,66000,1.9513888888888888,0,140,104,12,32,0,0,0,32,6,2,0.052083333333333336,30.0,0.0,True,False
288,4 4 18,576,16.0,5,1.25,66200,1.9513888888888888,0,140,104,12,32,0,0,0,32,6,2,0.052083333333333336,30.0,0.0,True,False
288,4 4 18,576,16.0,5,1.25,66400,1.9513888888888888,0,140,104,12,32,0,0,0,32,6,2,0.052083333333333336,30.0,0.0,True,False
288,4 4 18,576,16.0,5,1.25,66600,1.9513888888888888,0,140,104,12,32,0,0,0,32,6,2,0.052083333333333336,30.0,0.0,True,False
288,4 4 18,576,16.0,5,1.25,66800,1.9513888888888888,0,140,104,12,32,0,0,0,32,6,2,0.052083333333333336,30.0,0.0,True,False
288,4 4 18,576,16.0,5,1.25,67000,1.9513888888888888,0,140,104,12,32,0,0,0,32,6,2,0.052083333333333336,30.0,0.0,True,False
288,4 4 18,576,16.0,5,1.25,67200,1.9513888888888888,0,140,104,12,32,0,0,0,32,6,2,0.052083333333333336,30.0,0.0,True,False
288,4 4 18,576,16.0,5,1.25,67400,1.9513888888888888,0,140,104,12,32,0,0,0,32,6,2,0.052083333333333336,30.0,0.0,True,False
288,4 4 18,576,16.0,5,1.25,67600,1.9513888888888888,0,140,104,12,32,0,0,0,32,6,2,0.052083333333333336,30.0,0.0,True,False
288,4 4 18,576,16.0,5,1.25,67800,1.9513888888888888,0,140,104,12,32,0,0,0,32,6,2,0.052083333333333336,30.0,0.0,True,False
288,4 4 18,576,16.0,5,1.25,68000,1.9513888888888888,0,140,104,12,32,0,0,0,32,6,2,0.052083333333333336,30.0,0.0,True,False
288,4 4 18,576,16.0,5,1.25,68200,1.9513888888888888,0,140,104,12,32,0,0,0,32,6,2,0.052083333333333336,30.0,0.0,True,False
288,4 4 18,576,16.0,5,1.25,68400,1.9513888888888888,0,140,104,12,32,0,0,0,32,6,2,0.052083333333333336,30.0,0.0,True,False
288,4 4 18,576,16.0,5,1.25,68600,1.9513888888888888,0,140,104,12,32,0,0,0,32,6,2,0.052083333333333336,30.0,0.0,True,False
288,4 4 18,576,16.0,5,1.25,68800,1.9513888888888888,0,140,104,12,32,0,0,0,32,6,2,0.052083333333333336,30.0,0.0,True,False
288,4 4 18,576,16.0,5,1.25,69000,1.9513888888888888,0,140,104,12,32,0,0,0,32,6,2,0.052083333333333336,30.0,0.0,True,False
288,4 4 18,576,16.0,5,1.25,69200,1.9513888888888888,0,140,104,12,32,0,0,0,32,6,2,0.052083333333333336,30.0,0.0,True,False
288,4 4 18,576,16.0,5,1.25,69400,1.9513888888888888,0,140,104,12,32,0,0,0,32,6,2,0.052083333333333336,30.0,0.0,True,False
288,4 4 18,576,16.0,5,1.25,69600,1.9513888888888888,0,140,104,12,32,0,0,0,32,6,2,0.052083333333333336,30.0,0.0,True,False
288,4 4 18,576,16.0,5,1.25,69800,1.9513888888888888,0,140,104,12,32,0,0,0,32,6,2,0.052083333333333336,30.0,0.0,True,False
288,4 4 18,576,16.0,5,1.25,70000,1.9513888888888888,0,140,104,12,32,0,0,0,32,6,2,0.052083333333333336,30.0,0.0,True,False
288,4 4 18,576,16.0,5,1.25,70200,1.9513888888888888,0,140,104,12,32,0,0,0,32,6,2,0.052083333333333336,30.0,0.0,True,False
288,4 4 18,576,16.0,5,1.25,70400,1.9513888888888888,0,140,104,12,32,0,0,0,32,6,2,0.052083333333333336,30.0,0.0,True,False
288,4 4 18,576,16.0,5,1.25,70600,1.9513888888888888,0,140,104,12,32,0,0,0,32,6,2,0.052083333333333336,30.0,0.0,True,False
288,4 4 18,576,16.0,5,1.25,70800,1.9513888888888888,0,140,104,12,32,0,0,0,32,6,2,0.052083333333333336,30.0,0.0,True,False
288,4 4 18,576,16.0,5,1.25,71000,1.9513888888888888,0,140,104,12,32,0,0,0,32,6,2,0.052083333333333336,30.0,0.0,True,False
288,4 4 18,576,16.0,5,1.25,71200,1.9513888888888888,0,140,104,12,32,0,0,0,32,6,2,0.052083333333333336,30.0,0.0,True,False
288,4 4 18,576,16.0,5,1.25,71400,1.9513888888888888,0,140,104,12,32,0,0,0,32,6,2,0.052083333333333336,30.0,0.0,True,False
288,4 4 18,576,16.0,5,1.25,71600,1.9513888888888888,0,140,104,12,32,0,0,0,32,6,2,0.052083333333333336,30.0,0.0,True,False
288,4 4 18,576,16.0,5,1.25,71800,1.9513888888888888,0,140,104,12,32,0,0,0,32,6,2,0.052083333333333336,30.0,0.0,True,False
288,4 4 18,576,16.0,5,1.25,72000,1.9513888888888888,0,140,104,12,32,0,0,0,32,6,2,0.052083333333333336,30.0,0.0,True,False
288,4 4 18,576,16.0,5,1.25,72200,1.9513888888888888,0,140,104,12,32,0,0,0,32,6,2,0.052083333333333336,30.0,0.0,True,False
288,4 4 18,576,16.0,5,1.25,72400,1.9513888888888888,0,140,104,12,32,0,0,0,32,6,2,0.052083333333333336,30.0,0.0,True,False
288,4 4 18,576,16.0,5,1.25,72600,1.9513888888888888,0,140,104,12,32,0,0,0,32,6,2,0.052083333333333336,30.0,0.0,True,False
288,4 4 18,576,16.0,5,1.25,72800,1.9513888888888888,0,140,104,12,32,0,0,0,32,6,2,0.052083333333333336,30.0,0.0,True,False
288,4 4 18,576,16.0,5,1.25,73000,1.9513888888888888,0,140,104,12,32,0,0,0,32,6,2,0.052083333333333336,30.0,0.0,True,False
288,4 4 18,576,16.0,5,1.25,73200,1.9513888888888888,0,140,104,12,32,0,0,0,32,6,2,0.052083333333333336,30.0,0.0,True,False
288,4 4 18,576,16.0,5,1.25,73400,1.9513888888888888,0,140,104,12,32,0,0,0,32,6,2,0.052083333333333336,30.0,0.0,True,False
288,4 4 18,576,16.0,5,1.25,73600,1.9513888888888888,0,140,104,12,32,0,0,0,32,6,2,0.052083333333333336,30.0,0.0,True,False
288,4 4 18,576,16.0,5,1.25,73800,1.9513888888888888,0,140,104,12,32,0,0,0,32,6,2,0.052083333333333336,30.0,0.0,True,False
288,4 4 18,576,16.0,5,1.25,74000,1.9513888888888888,0,140,104,12,32,0,0,0,32,6,2,0.052083333333333336,30.0,0.0,True,False
288,4 4 18,576,16.0,5,1.25,74200,1.9513888888888888,0,140,104,12,32,0,0,0,32,6,2,0.052083333333333336,30.0,0.0,True,False
288,4 4 18,576,16.0,5,1.25,74400,1.9513888888888888,0,140,104,12,32,0,0,0,32,6,2,0.052083333333333336,30.0,0.0,True,False
288,4 4 18,576,16.0,5,1.25,74600,1.9513888888888888,0,140,104,12,32,0,0,0,32,6,2,0.052083333333333336,30.0,0.0,True,False
288,4 4 18,576,16.0,5,1.25,74800,1.9513888888888888,0,140,104,12,32,0,0,0,32,6,2,0.052083333333333336,30.0,0.0,True,False
288,4 4 18,576,16.0,5,1.25,75000,1.9513888888888888,0,140,104,12,32,0,0,0,32,6,2,0.052083333333333336,30.0,0.0,True,False
288,4 4 18,576,16.0,5,1.25,75200,1.9513888888888888,0,140,104,12,32,0,0,0,32,6,2,0.052083333333333336,30.0,0.0,True,False
288,4 4 18,576,16.0,5,1.25,75400,1.9513888888888888,0,140,104,12,32,0,0,0,32,6,2,0.052083333333333336,30.0,0.0,True,False
288,4 4 18,576,16.0,5,1.25,75600,1.9513888888888888,0,140,104,12,32,0,0,0,32,6,2,0.052083333333333336,30.0,0.0,True,False
288,4 4 18,576,16.0,5,1.25,75800,1.9513888888888888,0,140,104,12,32,0,0,0,32,6,2,0.052083333333333336,30.0,0.0,True,False
288,4 4 18,576,16.0,5,1.25,76000,1.9513888888888888,0,140,104,12,32,0,0,0,32,6,2,0.052083333333333336,30.0,0.0,True,False
288,4 4 18,576,16.0,5,1.25,76200,1.9513888888888888,0,140,104,12,32,0,0,0,32,6,2,0.052083333333333336,30.0,0.0,True,False
288,4 4 18,576,16.0,5,1.25,76400,1.9513888888888888,0,140,104,12,32,0,0,0,32,6,2,0.052083333333333336,30.0,0.0,True,False
288,4 4 18,576,16.0,5,1.25,76600,1.9513888888888888,0,140,104,12,32,0,0,0,32,6,2,0.052083333333333336,30.0,0.0,True,False
288,4 4 18,576,16.0,5,1.25,76800,1.9513888888888888,0,140,104,12,32,0,0,0,32,6,2,0.052083333333333336,30.0,0.0,True,False
288,4 4 18,576,16.0,5,1.25,77000,1.9513888888888888,0,140,104,12,32,0,0,0,32,6,2,0.052083333333333336,30.0,0.0,True,False
288,4 4 18,576,16.0,5,1.25,77200,1.9513888888888888,0,140,104,12,32,0,0,0,32,6,2,0.052083333333333336,30.0,0.0,True,False
288,4 4 18,576,16.0,5,1.25,77400,1.9513888888888888,0,140,104,12,32,0,0,0,32,6,2,0.052083333333333336,30.0,0.0,True,False
288,4 4 18,576,16.0,5,1.25,77600,1.9513888888888888,0,140,104,12,32,0,0,0,32,6,2,0.052083333333333336,30.0,0.0,True,False
288,4 4 18,576,16.0,5,1.25,77800,1.9513888888888888,0,140,104,12,32,0,0,0,32,6,2,0.052083333333333336,30.0,0.0,True,False
288,4 4 18,576,16.0,5,1.25,78000,1.9513888888888888,0,140,104,12,32,0,0,0,32,6,2,0.052083333333333336,30.0,0.0,True,False
288,4 4 18,576,16.0,5,1.25,78200,1.9513888888888888,0,140,104,12,32,0,0,0,32,6,2,0.052083333333333336,30.0,0.0,True,False
288,4 4 18,576,16.0,5,1.25,78400,1.9513888888888888,0,140,104,12,32,0,0,0,32,6,2,0.052083333333333336,30.0,0.0,True,False
288,4 4 18,576,16.0,5,1.25,78600,1.9513888888888888,0,140,104,12,32,0,0,0,32,6,2,0.052083333333333336,30.0,0.0,True,False
288,4 4 18,576,16.0,5,1.25,78800,1.9513888888888888,0,140,104,12,32,0,0,0,32,6,2,0.052083333333333336,30.0,0.0,True,False
288,4 4 18,576,16.0,5,1.25,79000,1.9513888888888888,0,140,104,12,32,0,0,0,32,6,2,0.052083333333333336,30.0,0.0,True,False
288,4 4 18,576,16.0,5,1.25,79200,1.9513888888888888,0,140,104,12,32,0,0,0,32,6,2,0.052083333333333336,30.0,0.0,True,False
288,4 4 18,576,16.0,5,1.25,79400,1.9513888888888888,0,140,104,12,32,0,0,0,32,6,2,0.052083333333333336,30.0,0.0,True,False
288,4 4 18,576,16.0,5,1.25,79600,1.9513888888888888,0,140,104,12,32,0,0,0,32,6,2,0.052083333333333336,30.0,0.0,True,False
288,4 4 18,576,16.0,5,1.25,79800,1.9513888888888888,0,140,104,12,32,0,0,0,32,6,2,0.052083333333333336,30.0,0.0,True,False
288,4 4 18,576,16.0,5,1.25,80000,1.9513888888888888,0,140,104,12,32,0,0,0,32,6,2,0.052083333333333336,30.0,0.0,True,False
288,4 4 18,576,16.0,5,1.25,80200,1.9513888888888888,0,140,104,12,32,0,0,0,32,6,2,0.052083333333333336,30.0,0.0,True,False
288,4 4 18,576,16.0,5,1.25,80400,1.9513888888888888,0,140,104,12,32,0,0,0,32,6,2,0.052083333333333336,30.0,0.0,True,False
288,4 4 18,576,16.0,5,1.25,80600,1.9513888888888888,0,140,104,12,32,0,0,0,32,6,2,0.052083333333333336,30.0,0.0,True,False
288,4 4 18,576,16.0,5,1.25,80800,1.9513888888888888,0,140,104,12,32,0,0,0,32,6,2,0.052083333333333336,30.0,0.0,True,False
288,4 4 18,576,16.0,5,1.25,81000,1.9513888888888888,0,140,104,12,32,0,0,0,32,6,2,0.052083333333333336,30.0,0.0,True,False
288,4 4 18,576,16.0,5,1.25,81200,1.9513888888888888,0,140,104,12,32,0,0,0,32,6,2,0.052083333333333336,30.0,0.0,True,False
288,4 4 18,576,16.0,5,1.25,81400,1.9513888888888888,0,140,104,12,32,0,0,0,32,6,2,0.052083333333333336,30.0,0.0,True,False
288,4 4 18,576,16.0,5,1.25,81600,1.9513888888888888,0,140,104,12,32,0,0,0,32,6,2,0.052083333333333336,30.0,0.0,True,False
288,4 4 18,576,16.0,5,1.25,81800,1.9513888888888888,0,140,104,12,32,0,0,0,32,6,2,0.052083333333333336,30.0,0.0,True,False
288,4 4 18,576,16.0,5,1.25,82000,1.9513888888888888,0,140,104,12,32,0,0,0,32,6,2,0.052083333333333336,30.0,0.0,True,False
288,4 4 18,576,16.0,5,1.25,82200,1.9513888888888888,0,140,104,12,32,0,0,0,32,6,2,0.052083333333333336,30.0,0.0,True,False
288,4 4 18,576,16.0,5,1.25,82400,1.9513888888888888,0,140,104,12,32,0,0,0,32,6,2,0.052083333333333336,30.0,0.0,True,False
288,4 4 18,576,16.0,5,1.25,82600,1.9513888888888888,0,140,104,12,32,0,0,0,32,6,2,0.052083333333333336,30.0,0.0,True,False
288,4 4 18,576,16.0,5,1.25,82800,1.9513888888888888,0,140,104,12,32,0,0,0,32,6,2,0.052083333333333336,30.0,0.0,True,False
288,4 4 18,576,16.0,5,1.25,83000,1.9513888888888888,0,140,104,12,32,0,0,0,32,6,2,0.052083333333333336,30.0,0.0,True,False
288,4 4 18,576,16.0,5,1.25,83200,1.9513888888888888,0,140,104,12,32,0,0,0,32,6,2,0.052083333333333336,30.0,0.0,True,False
288,4 4 18,576,16.0,5,1.25,83400,1.9513888888888888,0,140,104,12,32,0,0,0,32,6,2,0.052083333333333336,30.0,0.0,True,False
288,4 4 18,576,16.0,5,1.25,83600,1.9513888888888888,0,140,104,12,32,0,0,0,32,6,2,0.052083333333333336,30.0,0.0,True,False
288,4 4 18,576,16.0,5,1.25,83800,1.9513888888888888,0,140,104,12,32,0,0,0,32,6,2,0.052083333333333336,30.0,0.0,True,False
288,4 4 18,576,16.0,5,1.25,84000,1.9513888888888888,0,140,104,12,32,0,0,0,32,6,2,0.052083333333333336,30.0,0.0,True,False
288,4 4 18,576,16.0,5,1.25,84200,1.9513888888888888,0,140,104,12,32,0,0,0,32,6,2,0.052083333333333336,30.0,0.0,True,False
288,4 4 18,576,16.0,5,1.25,84400,1.9513888888888888,0,140,104,12,32,0,0,0,32,6,2,0.052083333333333336,30.0,0.0,True,False
288,4 4 18,576,16.0,5,1.25,84600,1.9513888888888888,0,140,104,12,32,0,0,0,32,6,2,0.052083333333333336,30.0,0.0,True,False
288,4 4 18,576,16.0,5,1.25,84800,1.9513888888888888,0,140,104,12,32,0,0,0,32,6,2,0.052083333333333336,30.0,0.0,True,False
288,4 4 18,576,16.0,5,1.25,85000,1.9513888888888888,0,140,104,12,32,0,0,0,32,6,2,0.052083333333333336,30.0,0.0,True,False
288,4 4 18,576,16.0,5,1.25,85200,1.9513888888888888,0,140,104,12,32,0,0,0,32,6,2,0.052083333333333336,30.0,0.0,True,False
288,4 4 18,576,16.0,5,1.25,85400,1.9513888888888888,0,140,104,12,32,0,0,0,32,6,2,0.052083333333333336,30.0,0.0,True,False
288,4 4 18,576,16.0,5,1.25,85600,1.9513888888888888,0,140,104,12,32,0,0,0,32,6,2,0.052083333333333336,30.0,0.0,True,False
288,4 4 18,576,16.0,5,1.25,85800,1.9513888888888888,0,140,104,12,32,0,0,0,32,6,2,0.052083333333333336,30.0,0.0,True,False
288,4 4 18,576,16.0,5,1.25,86000,1.9513888888888888,0,140,104,12,32,0,0,0,32,6,2,0.052083333333333336,30.0,0.0,True,False
288,4 4 18,576,16.0,5,1.25,86200,1.9513888888888888,0,140,104,12,32,0,0,0,32,6,2,0.052083333333333336,30.0,0.0,True,False
288,4 4 18,576,16.0,5,1.25,86400,1.9513888888888888,0,140,104,12,32,0,0,0,32,6,2,0.052083333333333336,30.0,0.0,True,False
288,4 4 18,576,16.0,5,1.25,86600,1.9513888888888888,0,140,104,12,32,0,0,0,32,6,2,0.052083333333333336,30.0,0.0,True,False
288,4 4 18,576,16.0,5,1.25,86800,1.9513888888888888,0,140,104,12,32,0,0,0,32,6,2,0.052083333333333336,30.0,0.0,True,False
288,4 4 18,576,16.0,5,1.25,87000,1.9513888888888888,0,140,104,12,32,0,0,0,32,6,2,0.052083333333333336,30.0,0.0,True,False
288,4 4 18,576,16.0,5,1.25,87200,1.9513888888888888,0,140,104,12,32,0,0,0,32,6,2,0.052083333333333336,30.0,0.0,True,False
288,4 4 18,576,16.0,5,1.25,87400,1.9513888888888888,0,140,104,12,32,0,0,0,32,6,2,0.052083333333333336,30.0,0.0,True,False
288,4 4 18,576,16.0,5,1.25,87600,1.9513888888888888,0,140,104,12,32,0,0,0,32,6,2,0.052083333333333336,30.0,0.0,True,False
288,4 4 18,576,16.0,5,1.25,87800,1.9513888888888888,0,140,104,12,32,0,0,0,32,6,2,0.052083333333333336,30.0,0.0,True,False
288,4 4 18,576,16.0,5,1.25,88000,1.9513888888888888,0,140,104,12,32,0,0,0,32,6,2,0.052083333333333336,30.0,0.0,True,False
288,4 4 18,576,16.0,5,1.25,88200,1.9513888888888888,0,140,104,12,32,0,0,0,32,6,2,0.052083333333333336,30.0,0.0,True,False
288,4 4 18,576,16.0,5,1.25,88400,1.9513888888888888,0,140,104,12,32,0,0,0,32,6,2,0.052083333333333336,30.0,0.0,True,False
288,4 4 18,576,16.0,5,1.25,88600,1.9513888888888888,0,140,104,12,32,0,0,0,32,6,2,0.052083333333333336,30.0,0.0,True,False
288,4 4 18,576,16.0,5,1.25,88800,1.9513888888888888,0,140,104,12,32,0,0,0,32,6,2,0.052083333333333336,30.0,0.0,True,False
288,4 4 18,576,16.0,5,1.25,89000,1.9513888888888888,0,140,104,12,32,0,0,0,32,6,2,0.052083333333333336,30.0,0.0,True,False
288,4 4 18,576,16.0,5,1.25,89200,1.9513888888888888,0,140,104,12,32,0,0,0,32,6,2,0.052083333333333336,30.0,0.0,True,False
288,4 4 18,576,16.0,5,1.25,89400,1.9513888888888888,0,140,104,12,32,0,0,0,32,6,2,0.052083333333333336,30.0,0.0,True,False
288,4 4 18,576,16.0,5,1.25,89600,1.9513888888888888,0,140,104,12,32,0,0,0,32,6,2,0.052083333333333336,30.0,0.0,True,False
288,4 4 18,576,16.0,5,1.25,89800,1.9513888888888888,0,140,104,12,32,0,0,0,32,6,2,0.052083333333333336,30.0,0.0,True,False
288,4 4 18,576,16.0,5,1.25,90000,1.9548611111111112,0,150,100,6,32,0,0,0,32,3,2,0.050347222222222224,29.0,0.0,True,False
288,4 4 18,576,16.0,5,1.25,90200,1.9548611111111112,0,150,100,6,32,0,0,0,32,3,2,0.050347222222222224,29.0,0.0,True,False
288,4 4 18,576,16.0,5,1.25,90400,1.9548611111111112,0,150,100,6,32,0,0,0,32,3,2,0.050347222222222224,29.0,0.0,True,False
288,4 4 18,576,16.0,5,1.25,90600,1.9513888888888888,0,140,104,12,32,0,0,0,32,6,2,0.052083333333333336,30.0,0.0,True,False
288,4 4 18,576,16.0,5,1.25,90800,1.9513888888888888,0,140,104,12,32,0,0,0,32,6,2,0.052083333333333336,30.0,0.0,True,False
288,4 4 18,576,16.0,5,1.25,91000,1.9513888888888888,0,140,104,12,32,0,0,0,32,6,2,0.052083333333333336,30.0,0.0,True,False
288,4 4 18,576,16.0,5,1.25,91200,1.9513888888888888,0,140,104,12,32,0,0,0,32,6,2,0.052083333333333336,30.0,0.0,True,False
288,4 4 18,576,16.0,5,1.25,91400,1.9513888888888888,0,140,104,12,32,0,0,0,32,6,2,0.052083333333333336,30.0,0.0,True,False
288,4 4 18,576,16.0,5,1.25,91600,1.9513888888888888,0,140,104,12,32,0,0,0,32,6,2,0.052083333333333336,30.0,0.0,True,False
288,4 4 18,576,16.0,5,1.25,91800,1.9513888888888888,0,140,104,12,32,0,0,0,32,6,2,0.052083333333333336,30.0,0.0,True,False
288,4 4 18,576,16.0,5,1.25,92000,1.9513888888888888,0,140,104,12,32,0,0,0,32,6,2,0.052083333333333336,30.0,0.0,True,False
288,4 4 18,576,16.0,5,1.25,92200,1.9513888888888888,0,140,104,12,32,0,0,0,32,6,2,0.052083333333333336,30.0,0.0,True,False
288,4 4 18,576,16.0,5,1.25,92400,1.9513888888888888,0,140,104,12,32,0,0,0,32,6,2,0.052083333333333336,30.0,0.0,True,False
288,4 4 18,576,16.0,5,1.25,92600,1.9513888888888888,0,140,104,12,32,0,0,0,32,6,2,0.052083333333333336,30.0,0.0,True,False
288,4 4 18,576,16.0,5,1.25,92800,1.9513888888888888,0,140,104,12,32,0,0,0,32,6,2,0.052083333333333336,30.0,0.0,True,False
288,4 4 18,576,16.0,5,1.25,93000,1.9513888888888888,0,140,104,12,32,0,0,0,32,6,2,0.052083333333333336,30.0,0.0,True,False
288,4 4 18,576,16.0,5,1.25,93200,1.9513888888888888,0,140,104,12,32,0,0,0,32,6,2,0.052083333333333336,30.0,0.0,True,False
288,4 4 18,576,16.0,5,1.25,93400,1.9513888888888888,0,140,104,12,32,0,0,0,32,6,2,0.052083333333333336,30.0,0.0,True,False
288,4 4 18,576,16.0,5,1.25,93600,1.9513888888888888,0,140,104,12,32,0,0,0,32,6,2,0.052083333333333336,30.0,0.0,True,False
288,4 4 18,576,16.0,5,1.25,93800,1.9513888888888888,0,140,104,12,32,0,0,0,32,6,2,0.052083333333333336,30.0,0.0,True,False
288,4 4 18,576,16.0,5,1.25,94000,1.9513888888888888,0,140,104,12,32,0,0,0,32,6,2,0.052083333333333336,30.0,0.0,True,False
288,4 4 18,576,16.0,5,1.25,94200,1.9513888888888888,0,140,104,12,32,0,0,0,32,6,2,0.052083333333333336,30.0,0.0,True,False
288,4 4 18,576,16.0,5,1.25,94400,1.9513888888888888,0,140,104,12,32,0,0,0,32,6,2,0.052083333333333336,30.0,0.0,True,False
288,4 4 18,576,16.0,5,1.25,94600,1.9513888888888888,0,140,104,12,32,0,0,0,32,6,2,0.052083333333333336,30.0,0.0,True,False
288,4 4 18,576,16.0,5,1.25,94800,1.9513888888888888,0,140,104,12,32,0,0,0,32,6,2,0.052083333333333336,30.0,0.0,True,False
288,4 4 18,576,16.0,5,1.25,95000,1.9513888888888888,0,140,104,12,32,0,0,0,32,6,2,0.052083333333333336,30.0,0.0,True,False
288,4 4 18,576,16.0,5,1.25,95200,1.9513888888888888,0,140,104,12,32,0,0,0,32,6,2,0.052083333333333336,30.0,0.0,True,False
288,4 4 18,576,16.0,5,1.25,95400,1.9513888888888888,0,140,104,12,32,0,0,0,32,6,2,0.052083333333333336,30.0,0.0,True,False
288,4 4 18,576,16.0,5,1.25,95600,1.9513888888888888,0,140,104,12,32,0,0,0,32,6,2,0.052083333333333336,30.0,0.0,True,False
288,4 4 18,576,16.0,5,1.25,95800,1.9513888888888888,0,140,104,12,32,0,0,0,32,6,2,0.052083333333333336,30.0,0.0,True,False
288,4 4 18,576,16.0,5,1.25,96000,1.9513888888888888,0,140,104,12,32,0,0,0,32,6,2,0.052083333333333336,30.0,0.0,True,False
288,4 4 18,576,16.0,5,1.25,96200,1.9513888888888888,0,140,104,12,32,0,0,0,32,6,2,0.052083333333333336,30.0,0.0,True,False
288,4 4 18,576,16.0,5,1.25,96400,1.9548611111111112,0,150,100,6,32,0,0,0,32,3,2,0.050347222222222224,29.0,0.0,True,False
288,4 4 18,576,16.0,5,1.25,96600,1.9548611111111112,0,150,100,6,32,0,0,0,32,3,2,0.050347222222222224,29.0,0.0,True,False
288,4 4 18,576,16.0,5,1.25,96800,1.9548611111111112,0,150,100,6,32,0,0,0,32,3,2,0.050347222222222224,29.0,0.0,True,False
288,4 4 18,576,16.0,5,1.25,97000,1.9548611111111112,0,150,100,6,32,0,0,0,32,3,2,0.050347222222222224,29.0,0.0,True,False
288,4 4 18,576,16.0,5,1.25,97200,1.9548611111111112,0,150,100,6,32,0,0,0,32,3,2,0.050347222222222224,29.0,0.0,True,False
288,4 4 18,576,16.0,5,1.25,97400,1.9548611111111112,0,150,100,6,32,0,0,0,32,3,2,0.050347222222222224,29.0,0.0,True,False
288,4 4 18,576,16.0,5,1.25,97600,1.9548611111111112,0,150,100,6,32,0,0,0,32,3,2,0.050347222222222224,29.0,0.0,True,False
288,4 4 18,576,16.0,5,1.25,97800,1.9513888888888888,0,140,104,12,32,0,0,0,32,6,2,0.052083333333333336,30.0,0.0,True,False
288,4 4 18,576,16.0,5,1.25,98000,1.9513888888888888,0,140,104,12,32,0,0,0,32,6,2,0.052083333333333336,30.0,0.0,True,False
288,4 4 18,576,16.0,5,1.25,98200,1.9513888888888888,0,140,104,12,32,0,0,0,32,6,2,0.052083333333333336,30.0,0.0,True,False
288,4 4 18,576,16.0,5,1.25,98400,1.9513888888888888,0,140,104,12,32,0,0,0,32,6,2,0.052083333333333336,30.0,0.0,True,False
288,4 4 18,576,16.0,5,1.25,98600,1.9513888888888888,0,140,104,12,32,0,0,0,32,6,2,0.052083333333333336,30.0,0.0,True,False
288,4 4 18,576,16.0,5,1.25,98800,1.9513888888888888,0,140,104,12,32,0,0,0,32,6,2,0.052083333333333336,30.0,0.0,True,False
288,4 4 18,576,16.0,5,1.25,99000,1.9513888888888888,0,140,104,12,32,0,0,0,32,6,2,0.052083333333333336,30.0,0.0,True,False
288,4 4 18,576,16.0,5,1.25,99200,1.9513888888888888,0,140,104,12,32,0,0,0,32,6,2,0.052083333333333336,30.0,0.0,True,False
288,4 4 18,576,16.0,5,1.25,99400,1.9513888888888888,0,140,104,12,32,0,0,0,32,6,2,0.052083333333333336,30.0,0.0,True,False
288,4 4 18,576,16.0,5,1.25,99600,1.9513888888888888,0,140,104,12,32,0,0,0,32,6,2,0.052083333333333336,30.0,0.0,True,False
288,4 4 18,576,16.0,5,1.25,99800,1.9513888888888888,0,140,104,12,32,0,0,0,32,6,2,0.052083333333333336,30.0,0.0,True,False
288,4 4 18,576,16.0,5,1.25,100000,1.9513888888888888,0,140,104,12,32,0,0,0,32,6,2,0.052083333333333336,30.0,0.0,True,True
288,4 4 18,576,16.0,6,1.25,0,2.0,0,288,0,0,0,0,0,0,0,0,0,0.027777777777777776,16.0,0.0,False,False
288,4 4 18,576,16.0,6,1.25,200,2.0,0,288,0,0,0,0,0,0,0,0,0,0.027777777777777776,16.0,0.0,False,False
288,4 4 18,576,16.0,6,1.25,400,2.0,0,288,0,0,0,0,0,0,0,0,0,0.027777777777777776,16.0,0.0,False,False
288,4 4 18,576,16.0,6,1.25,600,2.0,0,288,0,0,0,0,0,0,0,0,0,0.027777777777777776,16.0,0.0,False,False
288,4 4 18,576,16.0,6,1.25,800,2.0,0,288,0,0,0,0,0,0,0,0,0,0.027777777777777776,16.0,0.0,False,False
288,4 4 18,576,16.0,6,1.25,1000,2.0555555555555554,0,260,20,0,8,0,0,0,8,0,0,0.0,0.0,0.0,True,False
288,4 4 18,576,16.0,6,1.25,1200,2.0555555555555554,0,248,28,0,12,0,0,0,12,0,0,0.0,0.0,0.0,True,False
288,4 4 18,576,16.0,6,1.25,1400,2.0555555555555554,0,248,28,0,12,0,0,0,12,0,0,0.0,0.0,0.0,True,False
288,4 4 18,576,16.0,6,1.25,1600,2.0555555555555554,0,236,36,0,16,0,0,0,16,0,0,0.0,0.0,0.0,True,False
288,4 4 18,576,16.0,6,1.25,1800,2.0555555555555554,0,224,44,0,20,0,0,0,20,0,0,0.0,0.0,0.0,True,False
288,4 4 18,576,16.0,6,1.25,2000,2.0555555555555554,0,224,44,0,20,0,0,0,20,0,0,0.0,0.0,0.0,True,False
288,4 4 18,576,16.0,6,1.25,2200,2.0555555555555554,0,224,44,0,20,0,0,0,20,0,0,0.0,0.0,0.0,True,False
288,4 4 18,576,16.0,6,1.25,2400,2.0555555555555554,0,236,36,0,16,0,0,0,16,0,0,0.0,0.0,0.0,True,False
288,4 4 18,576,16.0,6,1.25,2600,2.0555555555555554,0,224,44,0,20,0,0,0,20,0,0,0.0,0.0,0.0,True,False
288,4 4 18,576,16.0,6,1.25,2800,2.0555555555555554,0,224,44,0,20,0,0,0,20,0,0,0.0,0.0,0.0,True,False
288,4 4 18,576,16.0,6,1.25,3000,2.0555555555555554,0,236,36,0,16,0,0,0,16,0,0,0.0,0.0,0.0,True,False
288,4 4 18,576,16.0,6,1.25,3200,2.0555555555555554,0,236,36,0,16,0,0,0,16,0,0,0.0,0.0,0.0,True,False
288,4 4 18,576,16.0,6,1.25,3400,2.0555555555555554,0,224,44,0,20,0,0,0,20,0,0,0.0,0.0,0.0,True,False
288,4 4 18,576,16.0,6,1.25,3600,2.0347222222222223,0,224,44,4,16,0,0,0,16,2,2,0.010416666666666666,6.0,0.0,True,False
288,4 4 18,576,16.0,6,1.25,3800,2.0347222222222223,0,224,44,4,16,0,0,0,16,2,2,0.010416666666666666,6.0,0.0,True,False
288,4 4 18,576,16.0,6,1.25,4000,2.0347222222222223,0,224,44,4,16,0,0,0,16,2,2,0.010416666666666666,6.0,0.0,True,False
288,4 4 18,576,16.0,6,1.25,4200,2.0347222222222223,0,224,44,4,16,0,0,0,16,2,2,0.010416666666666666,6.0,0.0,True,False
288,4 4 18,576,16.0,6,1.25,4400,2.0347222222222223,0,212,52,4,20,0,0,0,20,2,2,0.010416666666666666,6.0,0.0,True,False
288,4 4 18,576,16.0,6,1.25,4600,2.0347222222222223,0,212,52,4,20,0,0,0,20,2,2,0.010416666666666666,6.0,0.0,True,False
288,4 4 18,576,16.0,6,1.25,4800,2.013888888888889,0,212,52,8,16,0,0,0,16,2,4,0.020833333333333332,12.0,0.0,True,False
288,4 4 18,576,16.0,6,1.25,5000,2.013888888888889,0,212,52,8,16,0,0,0,16,2,4,0.020833333333333332,12.0,0.0,True,False
288,4 4 18,576,16.0,6,1.25,5200,2.013888888888889,0,212,52,8,16,0,0,0,16,2,4,0.020833333333333332,12.0,0.0,True,False
288,4 4 18,576,16.0,6,1.25,5400,2.013888888888889,0,212,52,8,16,0,0,0,16,2,4,0.020833333333333332,12.0,0.0,True,False
288,4 4 18,576,16.0,6,1.25,5600,2.013888888888889,0,212,52,8,16,0,0,0,16,2,4,0.020833333333333332,12.0,0.0,True,False
288,4 4 18,576,16.0,6,1.25,5800,2.013888888888889,0,212,52,8,16,0,0,0,16,2,4,0.020833333333333332,12.0,0.0,True,False
288,4 4 18,576,16.0,6,1.25,6000,2.013888888888889,0,188,68,8,24,0,0,0,24,2,4,0.020833333333333332,12.0,0.0,True,False
288,4 4 18,576,16.0,6,1.25,6200,2.013888888888889,0,188,68,8,24,0,0,0,24,2,4,0.020833333333333332,12.0,0.0,True,False
288,4 4 18,576,16.0,6,1.25,6400,2.013888888888889,0,188,68,8,24,0,0,0,24,2,4,0.020833333333333332,12.0,0.0,True,False
288,4 4 18,576,16.0,6,1.25,6600,2.013888888888889,0,188,68,8,24,0,0,0,24,2,4,0.020833333333333332,12.0,0.0,True,False
288,4 4 18,576,16.0,6,1.25,6800,1.9722222222222223,0,188,68,16,16,0,0,0,16,1,16,0.041666666666666664,24.0,0.0,True,False
288,4 4 18,576,16.0,6,1.25,7000,1.9722222222222223,0,188,68,16,16,0,0,0,16,1,16,0.041666666666666664,24.0,0.0,True,False
288,4 4 18,576,16.0,6,1.25,7200,1.9722222222222223,0,188,68,16,16,0,0,0,16,1,16,0.041666666666666664,24.0,0.0,True,False
288,4 4 18,576,16.0,6,1.25,7400,1.9722222222222223,0,188,68,16,16,0,0,0,16,1,16,0.041666666666666664,24.0,0.0,True,False
288,4 4 18,576,16.0,6,1.25,7600,1.9722222222222223,0,188,68,16,16,0,0,0,16,1,16,0.041666666666666664,24.0,0.0,True,False
288,4 4 18,576,16.0,6,1.25,7800,1.9722222222222223,0,188,68,16,16,0,0,0,16,1,16,0.041666666666666664,24.0,0.0,True,False
288,4 4 18,576,16.0,6,1.25,8000,1.9722222222222223,0,188,68,16,16,0,0,0,16,1,16,0.041666666666666664,24.0,0.0,True,False
288,4 4 18,576,16.0,6,1.25,8200,1.9722222222222223,0,188,68,16,16,0,0,0,16,1,16,0.041666666666666664,24.0,0.0,True,False
288,4 4 18,576,16.0,6,1.25,8400,1.9722222222222223,0,188,68,16,16,0,0,0,16,1,16,0.041666666666666664,24.0,0.0,True,False
288,4 4 18,576,16.0,6,1.25,8600,1.9861111111111112,0,184,64,20,20,0,0,0,20,2,18,0.034722222222222224,20.0,0.0,True,False
288,4 4 18,576,16.0,6,1.25,8800,1.9722222222222223,0,188,68,16,16,0,0,0,16,1,16,0.041666666666666664,24.0,0.0,True,False
288,4 4 18,576,16.0,6,1.25,9000,1.9722222222222223,0,176,76,16,20,0,0,0,20,1,16,0.041666666666666664,24.0,0.0,True,False
288,4 4 18,576,16.0,6,1.25,9200,1.9513888888888888,0,176,76,20,16,0,0,0,16,1,20,0.052083333333333336,30.0,0.0,True,False
288,4 4 18,576,16.0,6,1.25,9400,1.9513888888888888,0,176,76,20,16,0,0,0,16,1,20,0.052083333333333336,30.0,0.0,True,False
288,4 4 18,576,16.0,6,1.25,9600,1.9513888888888888,0,176,76,20,16,0,0,0,16,1,20,0.052083333333333336,30.0,0.0,True,False
288,4 4 18,576,16.0,6,1.25,9800,1.9513888888888888,0,176,76,20,16,0,0,0,16,1,20,0.052083333333333336,30.0,0.0,True,False
288,4 4 18,576,16.0,6,1.25,10000,1.9513888888888888,0,176,76,20,16,0,0,0,16,1,20,0.052083333333333336,30.0,0.0,True,False
288,4 4 18,576,16.0,6,1.25,10200,1.9513888888888888,0,176,76,20,16,0,0,0,16,1,20,0.052083333333333336,30.0,0.0,True,False
288,4 4 18,576,16.0,6,1.25,10400,1.9513888888888888,0,176,76,20,16,0,0,0,16,1,20,0.052083333333333336,30.0,0.0,True,False
288,4 4 18,576,16.0,6,1.25,10600,1.9513888888888888,0,164,84,20,20,0,0,0,20,1,20,0.052083333333333336,30.0,0.0,True,False
288,4 4 18,576,16.0,6,1.25,10800,1.9513888888888888,0,164,84,20,20,0,0,0,20,1,20,0.052083333333333336,30.0,0.0,True,False
288,4 4 18,576,16.0,6,1.25,11000,1.9513888888888888,0,164,84,20,20,0,0,0,20,1,20,0.052083333333333336,30.0,0.0,True,False
288,4 4 18,576,16.0,6,1.25,11200,1.9305555555555556,0,152,92,24,20,0,0,0,20,1,24,0.0625,36.0,0.0,True,False
288,4 4 18,576,16.0,6,1.25,11400,1.9305555555555556,0,128,108,24,28,0,0,0,28,1,24,0.0625,36.0,0.0,True,False
288,4 4 18,576,16.0,6,1.25,11600,1.9097222222222223,0,104,124,28,32,0,0,0,32,1,28,0.07291666666666667,42.0,0.0,True,False
288,4 4 18,576,16.0,6,1.25,11800,1.9097222222222223,0,116,116,28,28,0,0,0,28,1,28,0.07291666666666667,42.0,0.0,True,False
288,4 4 18,576,16.0,6,1.25,12000,1.8888888888888888,0,116,116,32,24,0,0,0,24,1,32,0.08333333333333333,48.0,0.0,True,False
288,4 4 18,576,16.0,6,1.25,12200,1.8888888888888888,0,116,116,32,24,0,0,0,24,1,32,0.08333333333333333,48.0,0.0,True,False
288,4 4 18,576,16.0,6,1.25,12400,1.9097222222222223,0,128,108,28,24,0,0,0,24,1,28,0.07291666666666667,42.0,0.0,True,False
288,4 4 18,576,16.0,6,1.25,12600,1.9097222222222223,0,128,108,28,24,0,0,0,24,1,28,0.07291666666666667,42.0,0.0,True,False
288,4 4 18,576,16.0,6,1.25,12800,1.8680555555555556,0,128,108,36,16,0,0,0,16,1,36,0.09375,54.0,0.0,True,False
288,4 4 18,576,16.0,6,1.25,13000,1.8680555555555556,0,128,108,36,16,0,0,0,16,1,36,0.09375,54.0,0.0,True,False
288,4 4 18,576,16.0,6,1.25,13200,1.8680555555555556,0,128,108,36,16,0,0,0,16,1,36,0.09375,54.0,0.0,True,False
288,4 4 18,576,16.0,6,1.25,13400,1.875,0,120,104,40,24,0,0,0,24,2,38,0.09027777777777778,52.0,0.0,True,False
288,4 4 18,576,16.0,6,1.25,13600,1.875,0,120,104,40,24,0,0,0,24,2,38,0.09027777777777778,52.0,0.0,True,False
288,4 4 18,576,16.0,6,1.25,13800,1.8541666666666667,0,96,120,44,28,0,0,0,28,2,42,0.10069444444444445,58.0,0.0,True,False
288,4 4 18,576,16.0,6,1.25,14000,1.8333333333333333,0,96,120,48,24,0,0,0,24,1,48,0.1111111111111111,64.0,0.0,True,False
288,4 4 18,576,16.0,6,1.25,14200,1.8333333333333333,0,96,120,48,24,0,0,0,24,1,48,0.1111111111111111,64.0,0.0,True,False
288,4 4 18,576,16.0,6,1.25,14400,1.8194444444444444,0,76,128,48,36,0,0,0,36,2,46,0.11805555555555555,68.0,0.0,True,False
288,4 4 18,576,16.0,6,1.25,14600,1.7291666666666667,0,52,144,52,40,0,0,0,40,5,32,0.16319444444444445,94.0,0.0,True,False
288,4 4 18,576,16.0,6,1.25,14800,1.6805555555555556,0,48,144,60,36,0,0,0,36,5,36,0.1875,108.0,0.0,True,False
288,4 4 18,576,16.0,6,1.25,15000,1.6736111111111112,0,48,148,60,32,0,0,0,32,9,36,0.1909722222222222,110.0,0.0,True,False
288,4 4 18,576,16.0,6,1.25,15200,1.6736111111111112,0,48,148,60,32,0,0,0,32,9,36,0.1909722222222222,110.0,0.0,True,False
288,4 4 18,576,16.0,6,1.25,15400,1.6388888888888888,0,48,144,68,28,0,0,0,28,4,36,0.20833333333333334,120.0,0.0,True,False
288,4 4 18,576,16.0,6,1.25,15600,1.6388888888888888,0,48,144,68,28,0,0,0,28,4,36,0.20833333333333334,120.0,0.0,True,False
288,4 4 18,576,16.0,6,1.25,15800,1.6388888888888888,0,48,144,68,28,0,0,0,28,4,36,0.20833333333333334,120.0,0.0,True,False
288,4 4 18,576,16.0,6,1.25,16000,1.5694444444444444,0,48,152,72,16,0,0,0,16,2,68,0.24305555555555555,140.0,0.0,True,False
288,4 4 18,576,16.0,6,1.25,16200,1.5416666666666667,0,48,160,68,12,0,0,0,12,3,64,0.2569444444444444,148.0,0.0,True,False
288,4 4 18,576,16.0,6,1.25,16400,1.5277777777777777,0,40,160,68,20,0,0,0,20,3,64,0.2638888888888889,152.0,0.0,True,False
288,4 4 18,576,16.0,6,1.25,16600,1.5277777777777777,0,40,160,68,20,0,0,0,20,3,64,0.2638888888888889,152.0,0.0,True,False
288,4 4 18,576,16.0,6,1.25,16800,1.5208333333333333,0,36,160,68,24,0,0,0,24,3,64,0.2673611111111111,154.0,0.0,True,False
288,4 4 18,576,16.0,6,1.25,17000,1.4861111111111112,0,32,168,64,24,0,0,0,24,3,60,0.2847222222222222,164.0,0.0,True,False
288,4 4 18,576,16.0,6,1.25,17200,1.4583333333333333,0,32,176,60,20,0,0,0,20,3,56,0.2986111111111111,172.0,0.0,True,False
288,4 4 18,576,16.0,6,1.25,17400,1.4444444444444444,0,28,180,60,20,0,0,0,20,6,44,0.3055555555555556,176.0,0.0,True,False
288,4 4 18,576,16.0,6,1.25,17600,1.4375,0,24,180,60,24,0,0,0,24,6,44,0.3090277777777778,178.0,0.0,True,False
288,4 4 18,576,16.0,6,1.25,17800,1.4097222222222223,0,24,188,56,20,0,0,0,20,7,44,0.3229166666666667,186.0,0.0,True,False
288,4 4 18,576,16.0,6,1.25,18000,1.4027777777777777,0,20,188,56,24,0,0,0,24,7,44,0.3263888888888889,188.0,0.0,True,False
288,4 4 18,576,16.0,6,1.25,18200,1.375,0,20,196,52,20,0,0,0,20,6,40,0.3402777777777778,196.0,0.0,True,False
288,4 4 18,576,16.0,6,1.25,18400,1.3472222222222223,0,20,204,48,16,0,0,0,16,6,36,0.3541666666666667,204.0,0.0,True,False
288,4 4 18,576,16.0,6,1.25,18600,1.3333333333333333,0,12,204,48,24,0,0,0,24,6,36,0.3611111111111111,208.0,0.0,True,False
288,4 4 18,576,16.0,6,1.25,18800,1.25,0,8,224,36,20,0,0,0,20,3,32,0.4027777777777778,232.0,0.0,True,False
288,4 4 18,576,16.0,6,1.25,19000,1.25,0,8,224,36,20,0,0,0,20,3,32,0.4027777777777778,232.0,0.0,True,False
288,4 4 18,576,16.0,6,1.25,19200,1.2222222222222223,0,8,232,32,16,0,0,0,16,3,28,0.4166666666666667,240.0,0.0,True,False
288,4 4 18,576,16.0,6,1.25,19400,1.2222222222222223,0,8,232,32,16,0,0,0,16,3,28,0.4166666666666667,240.0,0.0,True,False
288,4 4 18,576,16.0,6,1.25,19600,1.2152777777777777,0,4,232,32,20,0,0,0,20,3,28,0.4201388888888889,242.0,0.0,True,False
288,4 4 18,576,16.0,6,1.25,19800,1.1527777777777777,0,0,248,24,16,0,0,0,16,5,8,0.4513888888888889,260.0,0.0,True,False
288,4 4 18,576,16.0,6,1.25,20000,1.125,0,0,256,20,12,0,0,0,12,7,8,0.4652777777777778,268.0,0.0,True,False
288,4 4 18,576,16.0,6,1.25,20200,1.0486111111111112,0,0,276,8,4,0,0,0,4,4,2,0.5034722222222222,290.0,0.0,True,False
288,4 4 18,576,16.0,6,1.25,20400,1.0486111111111112,0,0,276,8,4,0,0,0,4,4,2,0.5034722222222222,290.0,0.0,True,False
288,4 4 18,576,16.0,6,1.25,20600,1.0486111111111112,0,0,276,8,4,0,0,0,4,4,2,0.5034722222222222,290.0,0.0,True,False
288,4 4 18,576,16.0,6,1.25,20800,1.0486111111111112,0,0,276,8,4,0,0,0,4,4,2,0.5034722222222222,290.0,0.0,True,False
288,4 4 18,576,16.0,6,1.25,21000,1.0486111111111112,0,0,276,8,4,0,0,0,4,4,2,0.5034722222222222,290.0,0.0,True,False
288,4 4 18,576,16.0,6,1.25,21200,1.0486111111111112,0,0,276,8,4,0,0,0,4,4,2,0.5034722222222222,290.0,0.0,True,False
288,4 4 18,576,16.0,6,1.25,21400,1.0486111111111112,0,0,276,8,4,0,0,0,4,4,2,0.5034722222222222,290.0,0.0,True,False
288,4 4 18,576,16.0,6,1.25,21600,1.0486111111111112,0,0,276,8,4,0,0,0,4,4,2,0.5034722222222222,290.0,0.0,True,False
288,4 4 18,576,16.0,6,1.25,21800,1.0486111111111112,0,0,276,8,4,0,0,0,4,4,2,0.5034722222222222,290.0,0.0,True,False
288,4 4 18,576,16.0,6,1.25,22000,1.0486111111111112,0,0,276,8,4,0,0,0,4,4,2,0.5034722222222222,290.0,0.0,True,False
288,4 4 18,576,16.0,6,1.25,22200,1.0486111111111112,0,0,276,8,4,0,0,0,4,4,2,0.5034722222222222,290.0,0.0,True,False
288,4 4 18,576,16.0,6,1.25,22400,1.0486111111111112,0,0,276,8,4,0,0,0,4,4,2,0.5034722222222222,290.0,0.0,True,False
288,4 4 18,576,16.0,6,1.25,22600,1.0,0,0,288,0,0,0,0,0,0,0,0,0.5277777777777778,304.0,0.0,True,False
288,4 4 18,576,16.0,6,1.25,22800,1.0,0,0,288,0,0,0,0,0,0,0,0,0.5277777777777778,304.0,0.0,True,False
288,4 4 18,576,16.0,6,1.25,23000,1.0486111111111112,0,0,276,8,4,0,0,0,4,4,2,0.5034722222222222,290.0,0.0,True,False
288,4 4 18,576,16.0,6,1.25,23200,1.0763888888888888,0,0,268,12,8,0,0,0,8,5,4,0.4895833333333333,282.0,0.0,True,False
288,4 4 18,576,16.0,6,1.25,23400,1.0486111111111112,0,0,276,8,4,0,0,0,4,4,2,0.5034722222222222,290.0,0.0,True,False
288,4 4 18,576,16.0,6,1.25,23600,1.0972222222222223,0,0,264,16,8,0,0,0,8,8,2,0.4791666666666667,276.0,0.0,True,False
288,4 4 18,576,16.0,6,1.25,23800,1.0763888888888888,0,0,268,12,8,0,0,0,8,3,8,0.4895833333333333,282.0,0.0,True,False
288,4 4 18,576,16.0,6,1.25,24000,1.0486111111111112,0,0,276,8,4,0,0,0,4,4,2,0.5034722222222222,290.0,0.0,True,False
288,4 4 18,576,16.0,6,1.25,24200,1.0972222222222223,0,0,264,16,8,0,0,0,8,6,4,0.4791666666666667,276.0,0.0,True,False
288,4 4 18,576,16.0,6,1.25,24400,1.0486111111111112,0,0,276,8,4,0,0,0,4,4,2,0.5034722222222222,290.0,0.0,True,False
288,4 4 18,576,16.0,6,1.25,24600,1.0,0,0,288,0,0,0,0,0,0,0,0,0.5277777777777778,304.0,0.0,True,False
288,4 4 18,576,16.0,6,1.25,24800,1.0,0,0,288,0,0,0,0,0,0,0,0,0.5277777777777778,304.0,0.0,True,False
288,4 4 18,576,16.0,6,1.25,25000,1.0,0,0,288,0,0,0,0,0,0,0,0,0.5277777777777778,304.0,0.0,True,False
288,4 4 18,576,16.0,6,1.25,25200,1.0486111111111112,0,0,276,8,4,0,0,0,4,4,2,0.5034722222222222,290.0,0.0,True,False
288,4 4 18,576,16.0,6,1.25,25400,1.0972222222222223,0,0,264,16,8,0,0,0,8,8,2,0.4791666666666667,276.0,0.0,True,False
288,4 4 18,576,16.0,6,1.25,25600,1.0486111111111112,0,0,276,8,4,0,0,0,4,4,2,0.5034722222222222,290.0,0.0,True,False
288,4 4 18,576,16.0,6,1.25,25800,1.0486111111111112,0,0,276,8,4,0,0,0,4,4,2,0.5034722222222222,290.0,0.0,True,False
288,4 4 18,576,16.0,6,1.25,26000,1.0,0,0,288,0,0,0,0,0,0,0,0,0.5277777777777778,304.0,0.0,True,False
288,4 4 18,576,16.0,6,1.25,26200,1.0,0,0,288,0,0,0,0,0,0,0,0,0.5277777777777778,304.0,0.0,True,False
288,4 4 18,576,16.0,6,1.25,26400,1.0,0,0,288,0,0,0,0,0,0,0,0,0.5277777777777778,304.0,0.0,True,False
288,4 4 18,576,16.0,6,1.25,26600,1.0,0,0,288,0,0,0,0,0,0,0,0,0.5277777777777778,304.0,0.0,True,False
288,4 4 18,576,16.0,6,1.25,26800,1.0,0,0,288,0,0,0,0,0,0,0,0,0.5277777777777778,304.0,0.0,True,False
288,4 4 18,576,16.0,6,1.25,27000,1.0,0,0,288,0,0,0,0,0,0,0,0,0.5277777777777778,304.0,0.0,True,False
288,4 4 18,576,16.0,6,1.25,27200,1.0486111111111112,0,0,276,8,4,0,0,0,4,4,2,0.5034722222222222,290.0,0.0,True,False
288,4 4 18,576,16.0,6,1.25,27400,1.0486111111111112,0,0,276,8,4,0,0,0,4,4,2,0.5034722222222222,290.0,0.0,True,False
288,4 4 18,576,16.0,6,1.25,27600,1.0,0,0,288,0,0,0,0,0,0,0,0,0.5277777777777778,304.0,0.0,True,False
288,4 4 18,576,16.0,6,1.25,27800,1.0486111111111112,0,0,276,8,4,0,0,0,4,4,2,0.5034722222222222,290.0,0.0,True,False
288,4 4 18,576,16.0,6,1.25,28000,1.0486111111111112,0,0,276,8,4,0,0,0,4,4,2,0.5034722222222222,290.0,0.0,True,False
288,4 4 18,576,16.0,6,1.25,28200,1.0,0,0,288,0,0,0,0,0,0,0,0,0.5277777777777778,304.0,0.0,True,False
288,4 4 18,576,16.0,6,1.25,28400,1.0,0,0,288,0,0,0,0,0,0,0,0,0.5277777777777778,304.0,0.0,True,False
288,4 4 18,576,16.0,6,1.25,28600,1.0486111111111112,0,0,276,8,4,0,0,0,4,4,2,0.5034722222222222,290.0,0.0,True,False
288,4 4 18,576,16.0,6,1.25,28800,1.0486111111111112,0,0,276,8,4,0,0,0,4,4,2,0.5034722222222222,290.0,0.0,True,False
288,4 4 18,576,16.0,6,1.25,29000,1.0486111111111112,0,0,276,8,4,0,0,0,4,4,2,0.5034722222222222,290.0,0.0,True,False
288,4 4 18,576,16.0,6,1.25,29200,1.0486111111111112,0,0,276,8,4,0,0,0,4,4,2,0.5034722222222222,290.0,0.0,True,False
288,4 4 18,576,16.0,6,1.25,29400,1.0763888888888888,0,0,268,12,8,0,0,0,8,5,4,0.4895833333333333,282.0,0.0,True,False
288,4 4 18,576,16.0,6,1.25,29600,1.125,0,0,256,20,12,0,0,0,12,7,6,0.4652777777777778,268.0,0.0,True,False
288,4 4 18,576,16.0,6,1.25,29800,1.125,0,0,256,20,12,0,0,0,12,7,6,0.4652777777777778,268.0,0.0,True,False
288,4 4 18,576,16.0,6,1.25,30000,1.0972222222222223,0,0,264,16,8,0,0,0,8,8,2,0.4791666666666667,276.0,0.0,True,False
288,4 4 18,576,16.0,6,1.25,30200,1.0972222222222223,0,0,264,16,8,0,0,0,8,8,2,0.4791666666666667,276.0,0.0,True,False
288,4 4 18,576,16.0,6,1.25,30400,1.0486111111111112,0,0,276,8,4,0,0,0,4,4,2,0.5034722222222222,290.0,0.0,True,False
288,4 4 18,576,16.0,6,1.25,30600,1.0486111111111112,0,0,276,8,4,0,0,0,4,4,2,0.5034722222222222,290.0,0.0,True,False
288,4 4 18,576,16.0,6,1.25,30800,1.0,0,0,288,0,0,0,0,0,0,0,0,0.5277777777777778,304.0,0.0,True,False
288,4 4 18,576,16.0,6,1.25,31000,1.0,0,0,288,0,0,0,0,0,0,0,0,0.5277777777777778,304.0,0.0,True,False
288,4 4 18,576,16.0,6,1.25,31200,1.0,0,0,288,0,0,0,0,0,0,0,0,0.5277777777777778,304.0,0.0,True,False
288,4 4 18,576,16.0,6,1.25,31400,1.0,0,0,288,0,0,0,0,0,0,0,0,0.5277777777777778,304.0,0.0,True,False
288,4 4 18,576,16.0,6,1.25,31600,1.0,0,0,288,0,0,0,0,0,0,0,0,0.5277777777777778,304.0,0.0,True,False
288,4 4 18,576,16.0,6,1.25,31800,1.0486111111111112,0,0,276,8,4,0,0,0,4,4,2,0.5034722222222222,290.0,0.0,True,False
288,4 4 18,576,16.0,6,1.25,32000,1.0,0,0,288,0,0,0,0,0,0,0,0,0.5277777777777778,304.0,0.0,True,False
288,4 4 18,576,16.0,6,1.25,32200,1.0,0,0,288,0,0,0,0,0,0,0,0,0.5277777777777778,304.0,0.0,True,False
288,4 4 18,576,16.0,6,1.25,32400,1.0,0,0,288,0,0,0,0,0,0,0,0,0.5277777777777778,304.0,0.0,True,False
288,4 4 18,576,16.0,6,1.25,32600,1.0486111111111112,0,0,276,8,4,0,0,0,4,4,2,0.5034722222222222,290.0,0.0,True,False
288,4 4 18,576,16.0,6,1.25,32800,1.0486111111111112,0,0,276,8,4,0,0,0,4,4,2,0.5034722222222222,290.0,0.0,True,False
288,4 4 18,576,16.0,6,1.25,33000,1.0486111111111112,0,0,276,8,4,0,0,0,4,4,2,0.5034722222222222,290.0,0.0,True,False
288,4 4 18,576,16.0,6,1.25,33200,1.0486111111111112,0,0,276,8,4,0,0,0,4,4,2,0.5034722222222222,290.0,0.0,True,False
288,4 4 18,576,16.0,6,1.25,33400,1.0486111111111112,0,0,276,8,4,0,0,0,4,4,2,0.5034722222222222,290.0,0.0,True,False
288,4 4 18,576,16.0,6,1.25,33600,1.0486111111111112,0,0,276,8,4,0,0,0,4,4,2,0.5034722222222222,290.0,0.0,True,False
288,4 4 18,576,16.0,6,1.25,33800,1.0972222222222223,0,0,264,16,8,0,0,0,8,7,4,0.4791666666666667,276.0,0.0,True,False
288,4 4 18,576,16.0,6,1.25,34000,1.0486111111111112,0,0,276,8,4,0,0,0,4,4,2,0.5034722222222222,290.0,0.0,True,False
288,4 4 18,576,16.0,6,1.25,34200,1.0486111111111112,0,0,276,8,4,0,0,0,4,4,2,0.5034722222222222,290.0,0.0,True,False
288,4 4 18,576,16.0,6,1.25,34400,1.0,0,0,288,0,0,0,0,0,0,0,0,0.5277777777777778,304.0,0.0,True,False
288,4 4 18,576,16.0,6,1.25,34600,1.0486111111111112,0,0,276,8,4,0,0,0,4,4,2,0.5034722222222222,290.0,0.0,True,False
288,4 4 18,576,16.0,6,1.25,34800,1.0972222222222223,0,0,264,16,8,0,0,0,8,8,2,0.4791666666666667,276.0,0.0,True,False
288,4 4 18,576,16.0,6,1.25,35000,1.0486111111111112,0,0,276,8,4,0,0,0,4,4,2,0.5034722222222222,290.0,0.0,True,False
288,4 4 18,576,16.0,6,1.25,35200,1.0,0,0,288,0,0,0,0,0,0,0,0,0.5277777777777778,304.0,0.0,True,False
288,4 4 18,576,16.0,6,1.25,35400,1.0486111111111112,0,0,276,8,4,0,0,0,4,4,2,0.5034722222222222,290.0,0.0,True,False
288,4 4 18,576,16.0,6,1.25,35600,1.0,0,0,288,0,0,0,0,0,0,0,0,0.5277777777777778,304.0,0.0,True,False
288,4 4 18,576,16.0,6,1.25,35800,1.0486111111111112,0,0,276,8,4,0,0,0,4,4,2,0.5034722222222222,290.0,0.0,True,False
288,4 4 18,576,16.0,6,1.25,36000,1.0486111111111112,0,0,276,8,4,0,0,0,4,4,2,0.5034722222222222,290.0,0.0,True,False
288,4 4 18,576,16.0,6,1.25,36200,1.0486111111111112,0,0,276,8,4,0,0,0,4,4,2,0.5034722222222222,290.0,0.0,True,False
288,4 4 18,576,16.0,6,1.25,36400,1.0,0,0,288,0,0,0,0,0,0,0,0,0.5277777777777778,304.0,0.0,True,False
288,4 4 18,576,16.0,6,1.25,36600,1.0,0,0,288,0,0,0,0,0,0,0,0,0.5277777777777778,304.0,0.0,True,False
288,4 4 18,576,16.0,6,1.25,36800,1.0,0,0,288,0,0,0,0,0,0,0,0,0.5277777777777778,304.0,0.0,True,False
288,4 4 18,576,16.0,6,1.25,37000,1.0486111111111112,0,0,276,8,4,0,0,0,4,4,2,0.5034722222222222,290.0,0.0,True,False
288,4 4 18,576,16.0,6,1.25,37200,1.0486111111111112,0,0,276,8,4,0,0,0,4,4,2,0.5034722222222222,290.0,0.0,True,False
288,4 4 18,576,16.0,6,1.25,37400,1.0972222222222223,0,0,264,16,8,0,0,0,8,8,2,0.4791666666666667,276.0,0.0,True,False
288,4 4 18,576,16.0,6,1.25,37600,1.0972222222222223,0,0,264,16,8,0,0,0,8,8,2,0.4791666666666667,276.0,0.0,True,False
288,4 4 18,576,16.0,6,1.25,37800,1.0972222222222223,0,0,264,16,8,0,0,0,8,8,2,0.4791666666666667,276.0,0.0,True,False
288,4 4 18,576,16.0,6,1.25,38000,1.0972222222222223,0,0,264,16,8,0,0,0,8,8,2,0.4791666666666667,276.0,0.0,True,False
288,4 4 18,576,16.0,6,1.25,38200,1.0486111111111112,0,0,276,8,4,0,0,0,4,4,2,0.5034722222222222,290.0,0.0,True,False
288,4 4 18,576,16.0,6,1.25,38400,1.0486111111111112,0,0,276,8,4,0,0,0,4,4,2,0.5034722222222222,290.0,0.0,True,False
288,4 4 18,576,16.0,6,1.25,38600,1.0486111111111112,0,0,276,8,4,0,0,0,4,4,2,0.5034722222222222,290.0,0.0,True,False
288,4 4 18,576,16.0,6,1.25,38800,1.0972222222222223,0,0,264,16,8,0,0,0,8,8,2,0.4791666666666667,276.0,0.0,True,False
288,4 4 18,576,16.0,6,1.25,39000,1.0972222222222223,0,0,264,16,8,0,0,0,8,8,2,0.4791666666666667,276.0,0.0,True,False
288,4 4 18,576,16.0,6,1.25,39200,1.0486111111111112,0,0,276,8,4,0,0,0,4,4,2,0.5034722222222222,290.0,0.0,True,False
288,4 4 18,576,16.0,6,1.25,39400,1.0486111111111112,0,0,276,8,4,0,0,0,4,4,2,0.5034722222222222,290.0,0.0,True,False
288,4 4 18,576,16.0,6,1.25,39600,1.0486111111111112,0,0,276,8,4,0,0,0,4,4,2,0.5034722222222222,290.0,0.0,True,False
288,4 4 18,576,16.0,6,1.25,39800,1.0486111111111112,0,0,276,8,4,0,0,0,4,4,2,0.5034722222222222,290.0,0.0,True,False
288,4 4 18,576,16.0,6,1.25,40000,1.0486111111111112,0,0,276,8,4,0,0,0,4,4,2,0.5034722222222222,290.0,0.0,True,False
288,4 4 18,576,16.0,6,1.25,40200,1.0486111111111112,0,0,276,8,4,0,0,0,4,4,2,0.5034722222222222,290.0,0.0,True,False
288,4 4 18,576,16.0,6,1.25,40400,1.0486111111111112,0,0,276,8,4,0,0,0,4,4,2,0.5034722222222222,290.0,0.0,True,False
288,4 4 18,576,16.0,6,1.25,40600,1.0,0,0,288,0,0,0,0,0,0,0,0,0.5277777777777778,304.0,0.0,True,False
288,4 4 18,576,16.0,6,1.25,40800,1.0972222222222223,0,0,264,16,8,0,0,0,8,8,2,0.4791666666666667,276.0,0.0,True,False
288,4 4 18,576,16.0,6,1.25,41000,1.0486111111111112,0,0,276,8,4,0,0,0,4,4,2,0.5034722222222222,290.0,0.0,True,False
288,4 4 18,576,16.0,6,1.25,41200,1.0486111111111112,0,0,276,8,4,0,0,0,4,4,2,0.5034722222222222,290.0,0.0,True,False
288,4 4 18,576,16.0,6,1.25,41400,1.0486111111111112,0,0,276,8,4,0,0,0,4,4,2,0.5034722222222222,290.0,0.0,True,False
288,4 4 18,576,16.0,6,1.25,41600,1.0,0,0,288,0,0,0,0,0,0,0,0,0.5277777777777778,304.0,0.0,True,False
288,4 4 18,576,16.0,6,1.25,41800,1.0,0,0,288,0,0,0,0,0,0,0,0,0.5277777777777778,304.0,0.0,True,False
288,4 4 18,576,16.0,6,1.25,42000,1.0,0,0,288,0,0,0,0,0,0,0,0,0.5277777777777778,304.0,0.0,True,False
288,4 4 18,576,16.0,6,1.25,42200,1.0,0,0,288,0,0,0,0,0,0,0,0,0.5277777777777778,304.0,0.0,True,False
288,4 4 18,576,16.0,6,1.25,42400,1.0,0,0,288,0,0,0,0,0,0,0,0,0.5277777777777778,304.0,0.0,True,False
288,4 4 18,576,16.0,6,1.25,42600,1.0,0,0,288,0,0,0,0,0,0,0,0,0.5277777777777778,304.0,0.0,True,False
288,4 4 18,576,16.0,6,1.25,42800,1.0486111111111112,0,0,276,8,4,0,0,0,4,4,2,0.5034722222222222,290.0,0.0,True,False
288,4 4 18,576,16.0,6,1.25,43000,1.0,0,0,288,0,0,0,0,0,0,0,0,0.5277777777777778,304.0,0.0,True,False
288,4 4 18,576,16.0,6,1.25,43200,1.0,0,0,288,0,0,0,0,0,0,0,0,0.5277777777777778,304.0,0.0,True,False
288,4 4 18,576,16.0,6,1.25,43400,1.0,0,0,288,0,0,0,0,0,0,0,0,0.5277777777777778,304.0,0.0,True,False
288,4 4 18,576,16.0,6,1.25,43600,1.0,0,0,288,0,0,0,0,0,0,0,0,0.5277777777777778,304.0,0.0,True,False
288,4 4 18,576,16.0,6,1.25,43800,1.0486111111111112,0,0,276,8,4,0,0,0,4,4,2,0.5034722222222222,290.0,0.0,True,False
288,4 4 18,576,16.0,6,1.25,44000,1.0,0,0,288,0,0,0,0,0,0,0,0,0.5277777777777778,304.0,0.0,True,False
288,4 4 18,576,16.0,6,1.25,44200,1.0486111111111112,0,0,276,8,4,0,0,0,4,4,2,0.5034722222222222,290.0,0.0,True,False
288,4 4 18,576,16.0,6,1.25,44400,1.0486111111111112,0,0,276,8,4,0,0,0,4,4,2,0.5034722222222222,290.0,0.0,True,False
288,4 4 18,576,16.0,6,1.25,44600,1.0486111111111112,0,0,276,8,4,0,0,0,4,4,2,0.5034722222222222,290.0,0.0,True,False
288,4 4 18,576,16.0,6,1.25,44800,1.0,0,0,288,0,0,0,0,0,0,0,0,0.5277777777777778,304.0,0.0,True,False
288,4 4 18,576,16.0,6,1.25,45000,1.0,0,0,288,0,0,0,0,0,0,0,0,0.5277777777777778,304.0,0.0,True,False
288,4 4 18,576,16.0,6,1.25,45200,1.0,0,0,288,0,0,0,0,0,0,0,0,0.5277777777777778,304.0,0.0,True,False
288,4 4 18,576,16.0,6,1.25,45400,1.0486111111111112,0,0,276,8,4,0,0,0,4,4,2,0.5034722222222222,290.0,0.0,True,False
288,4 4 18,576,16.0,6,1.25,45600,1.0486111111111112,0,0,276,8,4,0,0,0,4,4,2,0.5034722222222222,290.0,0.0,True,False
288,4 4 18,576,16.0,6,1.25,45800,1.0486111111111112,0,0,276,8,4,0,0,0,4,4,2,0.5034722222222222,290.0,0.0,True,False
288,4 4 18,576,16.0,6,1.25,46000,1.0486111111111112,0,0,276,8,4,0,0,0,4,4,2,0.5034722222222222,290.0,0.0,True,False
288,4 4 18,576,16.0,6,1.25,46200,1.0972222222222223,0,0,264,16,8,0,0,0,8,8,2,0.4791666666666667,276.0,0.0,True,False
288,4 4 18,576,16.0,6,1.25,46400,1.0,0,0,288,0,0,0,0,0,0,0,0,0.5277777777777778,304.0,0.0,True,False
288,4 4 18,576,16.0,6,1.25,46600,1.0,0,0,288,0,0,0,0,0,0,0,0,0.5277777777777778,304.0,0.0,True,False
288,4 4 18,576,16.0,6,1.25,46800,1.0,0,0,288,0,0,0,0,0,0,0,0,0.5277777777777778,304.0,0.0,True,False
288,4 4 18,576,16.0,6,1.25,47000,1.0,0,0,288,0,0,0,0,0,0,0,0,0.5277777777777778,304.0,0.0,True,False
288,4 4 18,576,16.0,6,1.25,47200,1.0,0,0,288,0,0,0,0,0,0,0,0,0.5277777777777778,304.0,0.0,True,False
288,4 4 18,576,16.0,6,1.25,47400,1.0,0,0,288,0,0,0,0,0,0,0,0,0.5277777777777778,304.0,0.0,True,False
288,4 4 18,576,16.0,6,1.25,47600,1.0,0,0,288,0,0,0,0,0,0,0,0,0.5277777777777778,304.0,0.0,True,False
288,4 4 18,576,16.0,6,1.25,47800,1.0,0,0,288,0,0,0,0,0,0,0,0,0.5277777777777778,304.0,0.0,True,False
288,4 4 18,576,16.0,6,1.25,48000,1.0,0,0,288,0,0,0,0,0,0,0,0,0.5277777777777778,304.0,0.0,True,False
288,4 4 18,576,16.0,6,1.25,48200,1.0,0,0,288,0,0,0,0,0,0,0,0,0.5277777777777778,304.0,0.0,True,False
288,4 4 18,576,16.0,6,1.25,48400,1.0,0,0,288,0,0,0,0,0,0,0,0,0.5277777777777778,304.0,0.0,True,False
288,4 4 18,576,16.0,6,1.25,48600,1.0486111111111112,0,0,276,8,4,0,0,0,4,4,2,0.5034722222222222,290.0,0.0,True,False
288,4 4 18,576,16.0,6,1.25,48800,1.0,0,0,288,0,0,0,0,0,0,0,0,0.5277777777777778,304.0,0.0,True,False
288,4 4 18,576,16.0,6,1.25,49000,1.0,0,0,288,0,0,0,0,0,0,0,0,0.5277777777777778,304.0,0.0,True,False
288,4 4 18,576,16.0,6,1.25,49200,1.0,0,0,288,0,0,0,0,0,0,0,0,0.5277777777777778,304.0,0.0,True,False
288,4 4 18,576,16.0,6,1.25,49400,1.0,0,0,288,0,0,0,0,0,0,0,0,0.5277777777777778,304.0,0.0,True,False
288,4 4 18,576,16.0,6,1.25,49600,1.0,0,0,288,0,0,0,0,0,0,0,0,0.5277777777777778,304.0,0.0,True,False
288,4 4 18,576,16.0,6,1.25,49800,1.0,0,0,288,0,0,0,0,0,0,0,0,0.5277777777777778,304.0,0.0,True,False
288,4 4 18,576,16.0,6,1.25,50000,1.0486111111111112,0,0,276,8,4,0,0,0,4,4,2,0.5034722222222222,290.0,0.0,True,False
288,4 4 18,576,16.0,6,1.25,50200,1.0972222222222223,0,0,264,16,8,0,0,0,8,7,4,0.4791666666666667,276.0,0.0,True,False
288,4 4 18,576,16.0,6,1.25,50400,1.0486111111111112,0,0,276,8,4,0,0,0,4,4,2,0.5034722222222222,290.0,0.0,True,False
288,4 4 18,576,16.0,6,1.25,50600,1.0486111111111112,0,0,276,8,4,0,0,0,4,4,2,0.5034722222222222,290.0,0.0,True,False
288,4 4 18,576,16.0,6,1.25,50800,1.0486111111111112,0,0,276,8,4,0,0,0,4,4,2,0.5034722222222222,290.0,0.0,True,False
288,4 4 18,576,16.0,6,1.25,51000,1.0486111111111112,0,0,276,8,4,0,0,0,4,4,2,0.5034722222222222,290.0,0.0,True,False
288,4 4 18,576,16.0,6,1.25,51200,1.0486111111111112,0,0,276,8,4,0,0,0,4,4,2,0.5034722222222222,290.0,0.0,True,False
288,4 4 18,576,16.0,6,1.25,51400,1.0,0,0,288,0,0,0,0,0,0,0,0,0.5277777777777778,304.0,0.0,True,False
288,4 4 18,576,16.0,6,1.25,51600,1.0,0,0,288,0,0,0,0,0,0,0,0,0.5277777777777778,304.0,0.0,True,False
288,4 4 18,576,16.0,6,1.25,51800,1.0,0,0,288,0,0,0,0,0,0,0,0,0.5277777777777778,304.0,0.0,True,False
288,4 4 18,576,16.0,6,1.25,52000,1.0,0,0,288,0,0,0,0,0,0,0,0,0.5277777777777778,304.0,0.0,True,False
288,4 4 18,576,16.0,6,1.25,52200,1.0,0,0,288,0,0,0,0,0,0,0,0,0.5277777777777778,304.0,0.0,True,False
288,4 4 18,576,16.0,6,1.25,52400,1.0486111111111112,0,0,276,8,4,0,0,0,4,4,2,0.5034722222222222,290.0,0.0,True,False
288,4 4 18,576,16.0,6,1.25,52600,1.0486111111111112,0,0,276,8,4,0,0,0,4,4,2,0.5034722222222222,290.0,0.0,True,False
288,4 4 18,576,16.0,6,1.25,52800,1.0486111111111112,0,0,276,8,4,0,0,0,4,4,2,0.5034722222222222,290.0,0.0,True,False
288,4 4 18,576,16.0,6,1.25,53000,1.0,0,0,288,0,0,0,0,0,0,0,0,0.5277777777777778,304.0,0.0,True,False
288,4 4 18,576,16.0,6,1.25,53200,1.0,0,0,288,0,0,0,0,0,0,0,0,0.5277777777777778,304.0,0.0,True,False
288,4 4 18,576,16.0,6,1.25,53400,1.0,0,0,288,0,0,0,0,0,0,0,0,0.5277777777777778,304.0,0.0,True,False
288,4 4 18,576,16.0,6,1.25,53600,1.0,0,0,288,0,0,0,0,0,0,0,0,0.5277777777777778,304.0,0.0,True,False
288,4 4 18,576,16.0,6,1.25,53800,1.0,0,0,288,0,0,0,0,0,0,0,0,0.5277777777777778,304.0,0.0,True,False
288,4 4 18,576,16.0,6,1.25,54000,1.0,0,0,288,0,0,0,0,0,0,0,0,0.5277777777777778,304.0,0.0,True,False
288,4 4 18,576,16.0,6,1.25,54200,1.0,0,0,288,0,0,0,0,0,0,0,0,0.5277777777777778,304.0,0.0,True,False
288,4 4 18,576,16.0,6,1.25,54400,1.0486111111111112,0,0,276,8,4,0,0,0,4,4,2,0.5034722222222222,290.0,0.0,True,False
288,4 4 18,576,16.0,6,1.25,54600,1.0486111111111112,0,0,276,8,4,0,0,0,4,4,2,0.5034722222222222,290.0,0.0,True,False
288,4 4 18,576,16.0,6,1.25,54800,1.0486111111111112,0,0,276,8,4,0,0,0,4,4,2,0.5034722222222222,290.0,0.0,True,False
288,4 4 18,576,16.0,6,1.25,55000,1.0486111111111112,0,0,276,8,4,0,0,0,4,4,2,0.5034722222222222,290.0,0.0,True,False
288,4 4 18,576,16.0,6,1.25,55200,1.0486111111111112,0,0,276,8,4,0,0,0,4,4,2,0.5034722222222222,290.0,0.0,True,False
288,4 4 18,576,16.0,6,1.25,55400,1.0486111111111112,0,0,276,8,4,0,0,0,4,4,2,0.5034722222222222,290.0,0.0,True,False
288,4 4 18,576,16.0,6,1.25,55600,1.0486111111111112,0,0,276,8,4,0,0,0,4,4,2,0.5034722222222222,290.0,0.0,True,False
288,4 4 18,576,16.0,6,1.25,55800,1.0,0,0,288,0,0,0,0,0,0,0,0,0.5277777777777778,304.0,0.0,True,False
288,4 4 18,576,16.0,6,1.25,56000,1.0,0,0,288,0,0,0,0,0,0,0,0,0.5277777777777778,304.0,0.0,True,False
288,4 4 18,576,16.0,6,1.25,56200,1.0,0,0,288,0,0,0,0,0,0,0,0,0.5277777777777778,304.0,0.0,True,False
288,4 4 18,576,16.0,6,1.25,56400,1.0,0,0,288,0,0,0,0,0,0,0,0,0.5277777777777778,304.0,0.0,True,False
288,4 4 18,576,16.0,6,1.25,56600,1.0,0,0,288,0,0,0,0,0,0,0,0,0.5277777777777778,304.0,0.0,True,False
288,4 4 18,576,16.0,6,1.25,56800,1.0,0,0,288,0,0,0,0,0,0,0,0,0.5277777777777778,304.0,0.0,True,False
288,4 4 18,576,16.0,6,1.25,57000,1.0,0,0,288,0,0,0,0,0,0,0,0,0.5277777777777778,304.0,0.0,True,False
288,4 4 18,576,16.0,6,1.25,57200,1.0,0,0,288,0,0,0,0,0,0,0,0,0.5277777777777778,304.0,0.0,True,False
288,4 4 18,576,16.0,6,1.25,57400,1.0,0,0,288,0,0,0,0,0,0,0,0,0.5277777777777778,304.0,0.0,True,False
288,4 4 18,576,16.0,6,1.25,57600,1.0,0,0,288,0,0,0,0,0,0,0,0,0.5277777777777778,304.0,0.0,True,False
288,4 4 18,576,16.0,6,1.25,57800,1.0486111111111112,0,0,276,8,4,0,0,0,4,4,2,0.5034722222222222,290.0,0.0,True,False
288,4 4 18,576,16.0,6,1.25,58000,1.0486111111111112,0,0,276,8,4,0,0,0,4,4,2,0.5034722222222222,290.0,0.0,True,False
288,4 4 18,576,16.0,6,1.25,58200,1.0486111111111112,0,0,276,8,4,0,0,0,4,4,2,0.5034722222222222,290.0,0.0,True,False
288,4 4 18,576,16.0,6,1.25,58400,1.0486111111111112,0,0,276,8,4,0,0,0,4,4,2,0.5034722222222222,290.0,0.0,True,False
288,4 4 18,576,16.0,6,1.25,58600,1.125,0,0,256,20,12,0,0,0,12,7,8,0.4652777777777778,268.0,0.0,True,False
288,4 4 18,576,16.0,6,1.25,58800,1.0972222222222223,0,0,264,16,8,0,0,0,8,8,2,0.4791666666666667,276.0,0.0,True,False
288,4 4 18,576,16.0,6,1.25,59000,1.0972222222222223,0,0,264,16,8,0,0,0,8,8,2,0.4791666666666667,276.0,0.0,True,False
288,4 4 18,576,16.0,6,1.25,59200,1.0486111111111112,0,0,276,8,4,0,0,0,4,4,2,0.5034722222222222,290.0,0.0,True,False
288,4 4 18,576,16.0,6,1.25,59400,1.0,0,0,288,0,0,0,0,0,0,0,0,0.5277777777777778,304.0,0.0,True,False
288,4 4 18,576,16.0,6,1.25,59600,1.0,0,0,288,0,0,0,0,0,0,0,0,0.5277777777777778,304.0,0.0,True,False
288,4 4 18,576,16.0,6,1.25,59800,1.0,0,0,288,0,0,0,0,0,0,0,0,0.5277777777777778,304.0,0.0,True,False
288,4 4 18,576,16.0,6,1.25,60000,1.0486111111111112,0,0,276,8,4,0,0,0,4,4,2,0.5034722222222222,290.0,0.0,True,False
288,4 4 18,576,16.0,6,1.25,60200,1.0,0,0,288,0,0,0,0,0,0,0,0,0.5277777777777778,304.0,0.0,True,False
288,4 4 18,576,16.0,6,1.25,60400,1.0,0,0,288,0,0,0,0,0,0,0,0,0.5277777777777778,304.0,0.0,True,False
288,4 4 18,576,16.0,6,1.25,60600,1.0,0,0,288,0,0,0,0,0,0,0,0,0.5277777777777778,304.0,0.0,True,False
288,4 4 18,576,16.0,6,1.25,60800,1.0,0,0,288,0,0,0,0,0,0,0,0,0.5277777777777778,304.0,0.0,True,False
288,4 4 18,576,16.0,6,1.25,61000,1.0,0,0,288,0,0,0,0,0,0,0,0,0.5277777777777778,304.0,0.0,True,False
288,4 4 18,576,16.0,6,1.25,61200,1.0,0,0,288,0,0,0,0,0,0,0,0,0.5277777777777778,304.0,0.0,True,False
288,4 4 18,576,16.0,6,1.25,61400,1.0486111111111112,0,0,276,8,4,0,0,0,4,4,2,0.5034722222222222,290.0,0.0,True,False
288,4 4 18,576,16.0,6,1.25,61600,1.0486111111111112,0,0,276,8,4,0,0,0,4,4,2,0.5034722222222222,290.0,0.0,True,False
288,4 4 18,576,16.0,6,1.25,61800,1.0486111111111112,0,0,276,8,4,0,0,0,4,4,2,0.5034722222222222,290.0,0.0,True,False
288,4 4 18,576,16.0,6,1.25,62000,1.0,0,0,288,0,0,0,0,0,0,0,0,0.5277777777777778,304.0,0.0,True,False
288,4 4 18,576,16.0,6,1.25,62200,1.0,0,0,288,0,0,0,0,0,0,0,0,0.5277777777777778,304.0,0.0,True,False
288,4 4 18,576,16.0,6,1.25,62400,1.0,0,0,288,0,0,0,0,0,0,0,0,0.5277777777777778,304.0,0.0,True,False
288,4 4 18,576,16.0,6,1.25,62600,1.0,0,0,288,0,0,0,0,0,0,0,0,0.5277777777777778,304.0,0.0,True,False
288,4 4 18,576,16.0,6,1.25,62800,1.0,0,0,288,0,0,0,0,0,0,0,0,0.5277777777777778,304.0,0.0,True,False
288,4 4 18,576,16.0,6,1.25,63000,1.0486111111111112,0,0,276,8,4,0,0,0,4,4,2,0.5034722222222222,290.0,0.0,True,False
288,4 4 18,576,16.0,6,1.25,63200,1.0486111111111112,0,0,276,8,4,0,0,0,4,4,2,0.5034722222222222,290.0,0.0,True,False
288,4 4 18,576,16.0,6,1.25,63400,1.0972222222222223,0,0,264,16,8,0,0,0,8,8,2,0.4791666666666667,276.0,0.0,True,False
288,4 4 18,576,16.0,6,1.25,63600,1.0972222222222223,0,0,264,16,8,0,0,0,8,8,2,0.4791666666666667,276.0,0.0,True,False
288,4 4 18,576,16.0,6,1.25,63800,1.0972222222222223,0,0,264,16,8,0,0,0,8,8,2,0.4791666666666667,276.0,0.0,True,False
288,4 4 18,576,16.0,6,1.25,64000,1.0486111111111112,0,0,276,8,4,0,0,0,4,4,2,0.5034722222222222,290.0,0.0,True,False
288,4 4 18,576,16.0,6,1.25,64200,1.0486111111111112,0,0,276,8,4,0,0,0,4,4,2,0.5034722222222222,290.0,0.0,True,False
288,4 4 18,576,16.0,6,1.25,64400,1.0486111111111112,0,0,276,8,4,0,0,0,4,4,2,0.5034722222222222,290.0,0.0,True,False
288,4 4 18,576,16.0,6,1.25,64600,1.0486111111111112,0,0,276,8,4,0,0,0,4,4,2,0.5034722222222222,290.0,0.0,True,False
288,4 4 18,576,16.0,6,1.25,64800,1.0486111111111112,0,0,276,8,4,0,0,0,4,4,2,0.5034722222222222,290.0,0.0,True,False
288,4 4 18,576,16.0,6,1.25,65000,1.0486111111111112,0,0,276,8,4,0,0,0,4,4,2,0.5034722222222222,290.0,0.0,True,False
288,4 4 18,576,16.0,6,1.25,65200,1.0972222222222223,0,0,264,16,8,0,0,0,8,8,2,0.4791666666666667,276.0,0.0,True,False
288,4 4 18,576,16.0,6,1.25,65400,1.0486111111111112,0,0,276,8,4,0,0,0,4,4,2,0.5034722222222222,290.0,0.0,True,False
288,4 4 18,576,16.0,6,1.25,65600,1.0486111111111112,0,0,276,8,4,0,0,0,4,4,2,0.5034722222222222,290.0,0.0,True,False
288,4 4 18,576,16.0,6,1.25,65800,1.0486111111111112,0,0,276,8,4,0,0,0,4,4,2,0.5034722222222222,290.0,0.0,True,False
288,4 4 18,576,16.0,6,1.25,66000,1.0486111111111112,0,0,276,8,4,0,0,0,4,4,2,0.5034722222222222,290.0,0.0,True,False
288,4 4 18,576,16.0,6,1.25,66200,1.0486111111111112,0,0,276,8,4,0,0,0,4,4,2,0.5034722222222222,290.0,0.0,True,False
288,4 4 18,576,16.0,6,1.25,66400,1.0486111111111112,0,0,276,8,4,0,0,0,4,4,2,0.5034722222222222,290.0,0.0,True,False
288,4 4 18,576,16.0,6,1.25,66600,1.0972222222222223,0,0,264,16,8,0,0,0,8,8,2,0.4791666666666667,276.0,0.0,True,False
288,4 4 18,576,16.0,6,1.25,66800,1.0972222222222223,0,0,264,16,8,0,0,0,8,8,2,0.4791666666666667,276.0,0.0,True,False
288,4 4 18,576,16.0,6,1.25,67000,1.0486111111111112,0,0,276,8,4,0,0,0,4,4,2,0.5034722222222222,290.0,0.0,True,False
288,4 4 18,576,16.0,6,1.25,67200,1.0486111111111112,0,0,276,8,4,0,0,0,4,4,2,0.5034722222222222,290.0,0.0,True,False
288,4 4 18,576,16.0,6,1.25,67400,1.0486111111111112,0,0,276,8,4,0,0,0,4,4,2,0.5034722222222222,290.0,0.0,True,False
288,4 4 18,576,16.0,6,1.25,67600,1.0486111111111112,0,0,276,8,4,0,0,0,4,4,2,0.5034722222222222,290.0,0.0,True,False
288,4 4 18,576,16.0,6,1.25,67800,1.0,0,0,288,0,0,0,0,0,0,0,0,0.5277777777777778,304.0,0.0,True,False
288,4 4 18,576,16.0,6,1.25,68000,1.0,0,0,288,0,0,0,0,0,0,0,0,0.5277777777777778,304.0,0.0,True,False
288,4 4 18,576,16.0,6,1.25,68200,1.0,0,0,288,0,0,0,0,0,0,0,0,0.5277777777777778,304.0,0.0,True,False
288,4 4 18,576,16.0,6,1.25,68400,1.0,0,0,288,0,0,0,0,0,0,0,0,0.5277777777777778,304.0,0.0,True,False
288,4 4 18,576,16.0,6,1.25,68600,1.0,0,0,288,0,0,0,0,0,0,0,0,0.5277777777777778,304.0,0.0,True,False
288,4 4 18,576,16.0,6,1.25,68800,1.0,0,0,288,0,0,0,0,0,0,0,0,0.5277777777777778,304.0,0.0,True,False
288,4 4 18,576,16.0,6,1.25,69000,1.0,0,0,288,0,0,0,0,0,0,0,0,0.5277777777777778,304.0,0.0,True,False
288,4 4 18,576,16.0,6,1.25,69200,1.0,0,0,288,0,0,0,0,0,0,0,0,0.5277777777777778,304.0,0.0,True,False
288,4 4 18,576,16.0,6,1.25,69400,1.0,0,0,288,0,0,0,0,0,0,0,0,0.5277777777777778,304.0,0.0,True,False
288,4 4 18,576,16.0,6,1.25,69600,1.0,0,0,288,0,0,0,0,0,0,0,0,0.5277777777777778,304.0,0.0,True,False
288,4 4 18,576,16.0,6,1.25,69800,1.0,0,0,288,0,0,0,0,0,0,0,0,0.5277777777777778,304.0,0.0,True,False
288,4 4 18,576,16.0,6,1.25,70000,1.0,0,0,288,0,0,0,0,0,0,0,0,0.5277777777777778,304.0,0.0,True,False
288,4 4 18,576,16.0,6,1.25,70200,1.0,0,0,288,0,0,0,0,0,0,0,0,0.5277777777777778,304.0,0.0,True,False
288,4 4 18,576,16.0,6,1.25,70400,1.0,0,0,288,0,0,0,0,0,0,0,0,0.5277777777777778,304.0,0.0,True,False
288,4 4 18,576,16.0,6,1.25,70600,1.0,0,0,288,0,0,0,0,0,0,0,0,0.5277777777777778,304.0,0.0,True,False
288,4 4 18,576,16.0,6,1.25,70800,1.0,0,0,288,0,0,0,0,0,0,0,0,0.5277777777777778,304.0,0.0,True,False
288,4 4 18,576,16.0,6,1.25,71000,1.0,0,0,288,0,0,0,0,0,0,0,0,0.5277777777777778,304.0,0.0,True,False
288,4 4 18,576,16.0,6,1.25,71200,1.0,0,0,288,0,0,0,0,0,0,0,0,0.5277777777777778,304.0,0.0,True,False
288,4 4 18,576,16.0,6,1.25,71400,1.0,0,0,288,0,0,0,0,0,0,0,0,0.5277777777777778,304.0,0.0,True,False
288,4 4 18,576,16.0,6,1.25,71600,1.0,0,0,288,0,0,0,0,0,0,0,0,0.5277777777777778,304.0,0.0,True,False
288,4 4 18,576,16.0,6,1.25,71800,1.0,0,0,288,0,0,0,0,0,0,0,0,0.5277777777777778,304.0,0.0,True,False
288,4 4 18,576,16.0,6,1.25,72000,1.0,0,0,288,0,0,0,0,0,0,0,0,0.5277777777777778,304.0,0.0,True,False
288,4 4 18,576,16.0,6,1.25,72200,1.0,0,0,288,0,0,0,0,0,0,0,0,0.5277777777777778,304.0,0.0,True,False
288,4 4 18,576,16.0,6,1.25,72400,1.0,0,0,288,0,0,0,0,0,0,0,0,0.5277777777777778,304.0,0.0,True,False
288,4 4 18,576,16.0,6,1.25,72600,1.0486111111111112,0,0,276,8,4,0,0,0,4,4,2,0.5034722222222222,290.0,0.0,True,False
288,4 4 18,576,16.0,6,1.25,72800,1.0486111111111112,0,0,276,8,4,0,0,0,4,4,2,0.5034722222222222,290.0,0.0,True,False
288,4 4 18,576,16.0,6,1.25,73000,1.0486111111111112,0,0,276,8,4,0,0,0,4,4,2,0.5034722222222222,290.0,0.0,True,False
288,4 4 18,576,16.0,6,1.25,73200,1.0486111111111112,0,0,276,8,4,0,0,0,4,4,2,0.5034722222222222,290.0,0.0,True,False
288,4 4 18,576,16.0,6,1.25,73400,1.0486111111111112,0,0,276,8,4,0,0,0,4,4,2,0.5034722222222222,290.0,0.0,True,False
288,4 4 18,576,16.0,6,1.25,73600,1.0972222222222223,0,0,264,16,8,0,0,0,8,8,2,0.4791666666666667,276.0,0.0,True,False
288,4 4 18,576,16.0,6,1.25,73800,1.125,0,0,256,20,12,0,0,0,12,9,4,0.4652777777777778,268.0,0.0,True,False
288,4 4 18,576,16.0,6,1.25,74000,1.125,0,0,256,20,12,0,0,0,12,9,4,0.4652777777777778,268.0,0.0,True,False
288,4 4 18,576,16.0,6,1.25,74200,1.125,0,0,256,20,12,0,0,0,12,9,4,0.4652777777777778,268.0,0.0,True,False
288,4 4 18,576,16.0,6,1.25,74400,1.125,0,0,256,20,12,0,0,0,12,8,4,0.4652777777777778,268.0,0.0,True,False
288,4 4 18,576,16.0,6,1.25,74600,1.0972222222222223,0,0,264,16,8,0,0,0,8,7,4,0.4791666666666667,276.0,0.0,True,False
288,4 4 18,576,16.0,6,1.25,74800,1.0486111111111112,0,0,276,8,4,0,0,0,4,4,2,0.5034722222222222,290.0,0.0,True,False
288,4 4 18,576,16.0,6,1.25,75000,1.0486111111111112,0,0,276,8,4,0,0,0,4,4,2,0.5034722222222222,290.0,0.0,True,False
288,4 4 18,576,16.0,6,1.25,75200,1.0486111111111112,0,0,276,8,4,0,0,0,4,4,2,0.5034722222222222,290.0,0.0,True,False
288,4 4 18,576,16.0,6,1.25,75400,1.0,0,0,288,0,0,0,0,0,0,0,0,0.5277777777777778,304.0,0.0,True,False
288,4 4 18,576,16.0,6,1.25,75600,1.0,0,0,288,0,0,0,0,0,0,0,0,0.5277777777777778,304.0,0.0,True,False
288,4 4 18,576,16.0,6,1.25,75800,1.0486111111111112,0,0,276,8,4,0,0,0,4,4,2,0.5034722222222222,290.0,0.0,True,False
288,4 4 18,576,16.0,6,1.25,76000,1.0486111111111112,0,0,276,8,4,0,0,0,4,4,2,0.5034722222222222,290.0,0.0,True,False
288,4 4 18,576,16.0,6,1.25,76200,1.0972222222222223,0,0,264,16,8,0,0,0,8,8,2,0.4791666666666667,276.0,0.0,True,False
288,4 4 18,576,16.0,6,1.25,76400,1.0972222222222223,0,0,264,16,8,0,0,0,8,8,2,0.4791666666666667,276.0,0.0,True,False
288,4 4 18,576,16.0,6,1.25,76600,1.0486111111111112,0,0,276,8,4,0,0,0,4,4,2,0.5034722222222222,290.0,0.0,True,False
288,4 4 18,576,16.0,6,1.25,76800,1.0486111111111112,0,0,276,8,4,0,0,0,4,4,2,0.5034722222222222,290.0,0.0,True,False
288,4 4 18,576,16.0,6,1.25,77000,1.0972222222222223,0,0,264,16,8,0,0,0,8,8,2,0.4791666666666667,276.0,0.0,True,False
288,4 4 18,576,16.0,6,1.25,77200,1.0972222222222223,0,0,264,16,8,0,0,0,8,7,4,0.4791666666666667,276.0,0.0,True,False
288,4 4 18,576,16.0,6,1.25,77400,1.0972222222222223,0,0,264,16,8,0,0,0,8,7,4,0.4791666666666667,276.0,0.0,True,False
288,4 4 18,576,16.0,6,1.25,77600,1.0486111111111112,0,0,276,8,4,0,0,0,4,4,2,0.5034722222222222,290.0,0.0,True,False
288,4 4 18,576,16.0,6,1.25,77800,1.0486111111111112,0,0,276,8,4,0,0,0,4,4,2,0.5034722222222222,290.0,0.0,True,False
288,4 4 18,576,16.0,6,1.25,78000,1.0486111111111112,0,0,276,8,4,0,0,0,4,4,2,0.5034722222222222,290.0,0.0,True,False
288,4 4 18,576,16.0,6,1.25,78200,1.0,0,0,288,0,0,0,0,0,0,0,0,0.5277777777777778,304.0,0.0,True,False
288,4 4 18,576,16.0,6,1.25,78400,1.0,0,0,288,0,0,0,0,0,0,0,0,0.5277777777777778,304.0,0.0,True,False
288,4 4 18,576,16.0,6,1.25,78600,1.0486111111111112,0,0,276,8,4,0,0,0,4,4,2,0.5034722222222222,290.0,0.0,True,False
288,4 4 18,576,16.0,6,1.25,78800,1.0486111111111112,0,0,276,8,4,0,0,0,4,4,2,0.5034722222222222,290.0,0.0,True,False
288,4 4 18,576,16.0,6,1.25,79000,1.0486111111111112,0,0,276,8,4,0,0,0,4,4,2,0.5034722222222222,290.0,0.0,True,False
288,4 4 18,576,16.0,6,1.25,79200,1.0486111111111112,0,0,276,8,4,0,0,0,4,4,2,0.5034722222222222,290.0,0.0,True,False
288,4 4 18,576,16.0,6,1.25,79400,1.0,0,0,288,0,0,0,0,0,0,0,0,0.5277777777777778,304.0,0.0,True,False
288,4 4 18,576,16.0,6,1.25,79600,1.0,0,0,288,0,0,0,0,0,0,0,0,0.5277777777777778,304.0,0.0,True,False
288,4 4 18,576,16.0,6,1.25,79800,1.0,0,0,288,0,0,0,0,0,0,0,0,0.5277777777777778,304.0,0.0,True,False
288,4 4 18,576,16.0,6,1.25,80000,1.0,0,0,288,0,0,0,0,0,0,0,0,0.5277777777777778,304.0,0.0,True,False
288,4 4 18,576,16.0,6,1.25,80200,1.0,0,0,288,0,0,0,0,0,0,0,0,0.5277777777777778,304.0,0.0,True,False
288,4 4 18,576,16.0,6,1.25,80400,1.0,0,0,288,0,0,0,0,0,0,0,0,0.5277777777777778,304.0,0.0,True,False
288,4 4 18,576,16.0,6,1.25,80600,1.0,0,0,288,0,0,0,0,0,0,0,0,0.5277777777777778,304.0,0.0,True,False
288,4 4 18,576,16.0,6,1.25,80800,1.0,0,0,288,0,0,0,0,0,0,0,0,0.5277777777777778,304.0,0.0,True,False
288,4 4 18,576,16.0,6,1.25,81000,1.0,0,0,288,0,0,0,0,0,0,0,0,0.5277777777777778,304.0,0.0,True,False
288,4 4 18,576,16.0,6,1.25,81200,1.0,0,0,288,0,0,0,0,0,0,0,0,0.5277777777777778,304.0,0.0,True,False
288,4 4 18,576,16.0,6,1.25,81400,1.0,0,0,288,0,0,0,0,0,0,0,0,0.5277777777777778,304.0,0.0,True,False
288,4 4 18,576,16.0,6,1.25,81600,1.0763888888888888,0,0,268,12,8,0,0,0,8,3,8,0.4895833333333333,282.0,0.0,True,False
288,4 4 18,576,16.0,6,1.25,81800,1.0763888888888888,0,0,268,12,8,0,0,0,8,3,8,0.4895833333333333,282.0,0.0,True,False
288,4 4 18,576,16.0,6,1.25,82000,1.0763888888888888,0,0,268,12,8,0,0,0,8,3,8,0.4895833333333333,282.0,0.0,True,False
288,4 4 18,576,16.0,6,1.25,82200,1.0486111111111112,0,0,276,8,4,0,0,0,4,4,2,0.5034722222222222,290.0,0.0,True,False
288,4 4 18,576,16.0,6,1.25,82400,1.0,0,0,288,0,0,0,0,0,0,0,0,0.5277777777777778,304.0,0.0,True,False
288,4 4 18,576,16.0,6,1.25,82600,1.0,0,0,288,0,0,0,0,0,0,0,0,0.5277777777777778,304.0,0.0,True,False
288,4 4 18,576,16.0,6,1.25,82800,1.0,0,0,288,0,0,0,0,0,0,0,0,0.5277777777777778,304.0,0.0,True,False
288,4 4 18,576,16.0,6,1.25,83000,1.0,0,0,288,0,0,0,0,0,0,0,0,0.5277777777777778,304.0,0.0,True,False
288,4 4 18,576,16.0,6,1.25,83200,1.0,0,0,288,0,0,0,0,0,0,0,0,0.5277777777777778,304.0,0.0,True,False
288,4 4 18,576,16.0,6,1.25,83400,1.0,0,0,288,0,0,0,0,0,0,0,0,0.5277777777777778,304.0,0.0,True,False
288,4 4 18,576,16.0,6,1.25,83600,1.0486111111111112,0,0,276,8,4,0,0,0,4,4,2,0.5034722222222222,290.0,0.0,True,False
288,4 4 18,576,16.0,6,1.25,83800,1.0486111111111112,0,0,276,8,4,0,0,0,4,4,2,0.5034722222222222,290.0,0.0,True,False
288,4 4 18,576,16.0,6,1.25,84000,1.0,0,0,288,0,0,0,0,0,0,0,0,0.5277777777777778,304.0,0.0,True,False
288,4 4 18,576,16.0,6,1.25,84200,1.0,0,0,288,0,0,0,0,0,0,0,0,0.5277777777777778,304.0,0.0,True,False
288,4 4 18,576,16.0,6,1.25,84400,1.0,0,0,288,0,0,0,0,0,0,0,0,0.5277777777777778,304.0,0.0,True,False
288,4 4 18,576,16.0,6,1.25,84600,1.0,0,0,288,0,0,0,0,0,0,0,0,0.5277777777777778,304.0,0.0,True,False
288,4 4 18,576,16.0,6,1.25,84800,1.0,0,0,288,0,0,0,0,0,0,0,0,0.5277777777777778,304.0,0.0,True,False
288,4 4 18,576,16.0,6,1.25,85000,1.0,0,0,288,0,0,0,0,0,0,0,0,0.5277777777777778,304.0,0.0,True,False
288,4 4 18,576,16.0,6,1.25,85200,1.0,0,0,288,0,0,0,0,0,0,0,0,0.5277777777777778,304.0,0.0,True,False
288,4 4 18,576,16.0,6,1.25,85400,1.0486111111111112,0,0,276,8,4,0,0,0,4,4,2,0.5034722222222222,290.0,0.0,True,False
288,4 4 18,576,16.0,6,1.25,85600,1.0486111111111112,0,0,276,8,4,0,0,0,4,4,2,0.5034722222222222,290.0,0.0,True,False
288,4 4 18,576,16.0,6,1.25,85800,1.0486111111111112,0,0,276,8,4,0,0,0,4,4,2,0.5034722222222222,290.0,0.0,True,False
288,4 4 18,576,16.0,6,1.25,86000,1.0486111111111112,0,0,276,8,4,0,0,0,4,4,2,0.5034722222222222,290.0,0.0,True,False
288,4 4 18,576,16.0,6,1.25,86200,1.0486111111111112,0,0,276,8,4,0,0,0,4,4,2,0.5034722222222222,290.0,0.0,True,False
288,4 4 18,576,16.0,6,1.25,86400,1.0763888888888888,0,0,268,12,8,0,0,0,8,3,8,0.4895833333333333,282.0,0.0,True,False
288,4 4 18,576,16.0,6,1.25,86600,1.0486111111111112,0,0,276,8,4,0,0,0,4,4,2,0.5034722222222222,290.0,0.0,True,False
288,4 4 18,576,16.0,6,1.25,86800,1.0486111111111112,0,0,276,8,4,0,0,0,4,4,2,0.5034722222222222,290.0,0.0,True,False
288,4 4 18,576,16.0,6,1.25,87000,1.0763888888888888,0,0,268,12,8,0,0,0,8,3,8,0.4895833333333333,282.0,0.0,True,False
288,4 4 18,576,16.0,6,1.25,87200,1.0763888888888888,0,0,268,12,8,0,0,0,8,3,8,0.4895833333333333,282.0,0.0,True,False
288,4 4 18,576,16.0,6,1.25,87400,1.0486111111111112,0,0,276,8,4,0,0,0,4,4,2,0.5034722222222222,290.0,0.0,True,False
288,4 4 18,576,16.0,6,1.25,87600,1.0486111111111112,0,0,276,8,4,0,0,0,4,4,2,0.5034722222222222,290.0,0.0,True,False
288,4 4 18,576,16.0,6,1.25,87800,1.0486111111111112,0,0,276,8,4,0,0,0,4,4,2,0.5034722222222222,290.0,0.0,True,False
288,4 4 18,576,16.0,6,1.25,88000,1.0486111111111112,0,0,276,8,4,0,0,0,4,4,2,0.5034722222222222,290.0,0.0,True,False
288,4 4 18,576,16.0,6,1.25,88200,1.0486111111111112,0,0,276,8,4,0,0,0,4,4,2,0.5034722222222222,290.0,0.0,True,False
288,4 4 18,576,16.0,6,1.25,88400,1.0486111111111112,0,0,276,8,4,0,0,0,4,4,2,0.5034722222222222,290.0,0.0,True,False
288,4 4 18,576,16.0,6,1.25,88600,1.0486111111111112,0,0,276,8,4,0,0,0,4,4,2,0.5034722222222222,290.0,0.0,True,False
288,4 4 18,576,16.0,6,1.25,88800,1.0486111111111112,0,0,276,8,4,0,0,0,4,4,2,0.5034722222222222,290.0,0.0,True,False
288,4 4 18,576,16.0,6,1.25,89000,1.0,0,0,288,0,0,0,0,0,0,0,0,0.5277777777777778,304.0,0.0,True,False
288,4 4 18,576,16.0,6,1.25,89200,1.0,0,0,288,0,0,0,0,0,0,0,0,0.5277777777777778,304.0,0.0,True,False
288,4 4 18,576,16.0,6,1.25,89400,1.0,0,0,288,0,0,0,0,0,0,0,0,0.5277777777777778,304.0,0.0,True,False
288,4 4 18,576,16.0,6,1.25,89600,1.0,0,0,288,0,0,0,0,0,0,0,0,0.5277777777777778,304.0,0.0,True,False
288,4 4 18,576,16.0,6,1.25,89800,1.0,0,0,288,0,0,0,0,0,0,0,0,0.5277777777777778,304.0,0.0,True,False
288,4 4 18,576,16.0,6,1.25,90000,1.0,0,0,288,0,0,0,0,0,0,0,0,0.5277777777777778,304.0,0.0,True,False
288,4 4 18,576,16.0,6,1.25,90200,1.0486111111111112,0,0,276,8,4,0,0,0,4,4,2,0.5034722222222222,290.0,0.0,True,False
288,4 4 18,576,16.0,6,1.25,90400,1.0486111111111112,0,0,276,8,4,0,0,0,4,4,2,0.5034722222222222,290.0,0.0,True,False
288,4 4 18,576,16.0,6,1.25,90600,1.0486111111111112,0,0,276,8,4,0,0,0,4,4,2,0.5034722222222222,290.0,0.0,True,False
288,4 4 18,576,16.0,6,1.25,90800,1.0,0,0,288,0,0,0,0,0,0,0,0,0.5277777777777778,304.0,0.0,True,False
288,4 4 18,576,16.0,6,1.25,91000,1.0,0,0,288,0,0,0,0,0,0,0,0,0.5277777777777778,304.0,0.0,True,False
288,4 4 18,576,16.0,6,1.25,91200,1.0,0,0,288,0,0,0,0,0,0,0,0,0.5277777777777778,304.0,0.0,True,False
288,4 4 18,576,16.0,6,1.25,91400,1.0,0,0,288,0,0,0,0,0,0,0,0,0.5277777777777778,304.0,0.0,True,False
288,4 4 18,576,16.0,6,1.25,91600,1.0,0,0,288,0,0,0,0,0,0,0,0,0.5277777777777778,304.0,0.0,True,False
288,4 4 18,576,16.0,6,1.25,91800,1.0486111111111112,0,0,276,8,4,0,0,0,4,4,2,0.5034722222222222,290.0,0.0,True,False
288,4 4 18,576,16.0,6,1.25,92000,1.0486111111111112,0,0,276,8,4,0,0,0,4,4,2,0.5034722222222222,290.0,0.0,True,False
288,4 4 18,576,16.0,6,1.25,92200,1.0486111111111112,0,0,276,8,4,0,0,0,4,4,2,0.5034722222222222,290.0,0.0,True,False
288,4 4 18,576,16.0,6,1.25,92400,1.0486111111111112,0,0,276,8,4,0,0,0,4,4,2,0.5034722222222222,290.0,0.0,True,False
288,4 4 18,576,16.0,6,1.25,92600,1.0486111111111112,0,0,276,8,4,0,0,0,4,4,2,0.5034722222222222,290.0,0.0,True,False
288,4 4 18,576,16.0,6,1.25,92800,1.0972222222222223,0,0,264,16,8,0,0,0,8,4,6,0.4791666666666667,276.0,0.0,True,False
288,4 4 18,576,16.0,6,1.25,93000,1.0972222222222223,0,0,264,16,8,0,0,0,8,4,6,0.4791666666666667,276.0,0.0,True,False
288,4 4 18,576,16.0,6,1.25,93200,1.0972222222222223,0,0,264,16,8,0,0,0,8,4,6,0.4791666666666667,276.0,0.0,True,False
288,4 4 18,576,16.0,6,1.25,93400,1.0972222222222223,0,0,264,16,8,0,0,0,8,4,6,0.4791666666666667,276.0,0.0,True,False
288,4 4 18,576,16.0,6,1.25,93600,1.0972222222222223,0,0,264,16,8,0,0,0,8,4,6,0.4791666666666667,276.0,0.0,True,False
288,4 4 18,576,16.0,6,1.25,93800,1.0,0,0,288,0,0,0,0,0,0,0,0,0.5277777777777778,304.0,0.0,True,False
288,4 4 18,576,16.0,6,1.25,94000,1.0,0,0,288,0,0,0,0,0,0,0,0,0.5277777777777778,304.0,0.0,True,False
288,4 4 18,576,16.0,6,1.25,94200,1.0,0,0,288,0,0,0,0,0,0,0,0,0.5277777777777778,304.0,0.0,True,False
288,4 4 18,576,16.0,6,1.25,94400,1.0,0,0,288,0,0,0,0,0,0,0,0,0.5277777777777778,304.0,0.0,True,False
288,4 4 18,576,16.0,6,1.25,94600,1.0,0,0,288,0,0,0,0,0,0,0,0,0.5277777777777778,304.0,0.0,True,False
288,4 4 18,576,16.0,6,1.25,94800,1.0,0,0,288,0,0,0,0,0,0,0,0,0.5277777777777778,304.0,0.0,True,False
288,4 4 18,576,16.0,6,1.25,95000,1.0,0,0,288,0,0,0,0,0,0,0,0,0.5277777777777778,304.0,0.0,True,False
288,4 4 18,576,16.0,6,1.25,95200,1.0,0,0,288,0,0,0,0,0,0,0,0,0.5277777777777778,304.0,0.0,True,False
288,4 4 18,576,16.0,6,1.25,95400,1.0,0,0,288,0,0,0,0,0,0,0,0,0.5277777777777778,304.0,0.0,True,False
288,4 4 18,576,16.0,6,1.25,95600,1.0,0,0,288,0,0,0,0,0,0,0,0,0.5277777777777778,304.0,0.0,True,False
288,4 4 18,576,16.0,6,1.25,95800,1.0,0,0,288,0,0,0,0,0,0,0,0,0.5277777777777778,304.0,0.0,True,False
288,4 4 18,576,16.0,6,1.25,96000,1.0486111111111112,0,0,276,8,4,0,0,0,4,4,2,0.5034722222222222,290.0,0.0,True,False
288,4 4 18,576,16.0,6,1.25,96200,1.0,0,0,288,0,0,0,0,0,0,0,0,0.5277777777777778,304.0,0.0,True,False
288,4 4 18,576,16.0,6,1.25,96400,1.0,0,0,288,0,0,0,0,0,0,0,0,0.5277777777777778,304.0,0.0,True,False
288,4 4 18,576,16.0,6,1.25,96600,1.0,0,0,288,0,0,0,0,0,0,0,0,0.5277777777777778,304.0,0.0,True,False
288,4 4 18,576,16.0,6,1.25,96800,1.0,0,0,288,0,0,0,0,0,0,0,0,0.5277777777777778,304.0,0.0,True,False
288,4 4 18,576,16.0,6,1.25,97000,1.0,0,0,288,0,0,0,0,0,0,0,0,0.5277777777777778,304.0,0.0,True,False
288,4 4 18,576,16.0,6,1.25,97200,1.0,0,0,288,0,0,0,0,0,0,0,0,0.5277777777777778,304.0,0.0,True,False
288,4 4 18,576,16.0,6,1.25,97400,1.0,0,0,288,0,0,0,0,0,0,0,0,0.5277777777777778,304.0,0.0,True,False
288,4 4 18,576,16.0,6,1.25,97600,1.0,0,0,288,0,0,0,0,0,0,0,0,0.5277777777777778,304.0,0.0,True,False
288,4 4 18,576,16.0,6,1.25,97800,1.0,0,0,288,0,0,0,0,0,0,0,0,0.5277777777777778,304.0,0.0,True,False
288,4 4 18,576,16.0,6,1.25,98000,1.0,0,0,288,0,0,0,0,0,0,0,0,0.5277777777777778,304.0,0.0,True,False
288,4 4 18,576,16.0,6,1.25,98200,1.0,0,0,288,0,0,0,0,0,0,0,0,0.5277777777777778,304.0,0.0,True,False
288,4 4 18,576,16.0,6,1.25,98400,1.0,0,0,288,0,0,0,0,0,0,0,0,0.5277777777777778,304.0,0.0,True,False
288,4 4 18,576,16.0,6,1.25,98600,1.0,0,0,288,0,0,0,0,0,0,0,0,0.5277777777777778,304.0,0.0,True,False
288,4 4 18,576,16.0,6,1.25,98800,1.0,0,0,288,0,0,0,0,0,0,0,0,0.5277777777777778,304.0,0.0,True,False
288,4 4 18,576,16.0,6,1.25,99000,1.0,0,0,288,0,0,0,0,0,0,0,0,0.5277777777777778,304.0,0.0,True,False
288,4 4 18,576,16.0,6,1.25,99200,1.0486111111111112,0,0,276,8,4,0,0,0,4,4,2,0.5034722222222222,290.0,0.0,True,False
288,4 4 18,576,16.0,6,1.25,99400,1.0486111111111112,0,0,276,8,4,0,0,0,4,4,2,0.5034722222222222,290.0,0.0,True,False
288,4 4 18,576,16.0,6,1.25,99600,1.0,0,0,288,0,0,0,0,0,0,0,0,0.5277777777777778,304.0,0.0,True,False
288,4 4 18,576,16.0,6,1.25,99800,1.0486111111111112,0,0,276,8,4,0,0,0,4,4,2,0.5034722222222222,290.0,0.0,True,False
288,4 4 18,576,16.0,6,1.25,100000,1.0486111111111112,0,0,276,8,4,0,0,0,4,4,2,0.5034722222222222,290.0,0.0,True,True
288,4 4 18,576,16.0,7,1.25,0,2.0,0,288,0,0,0,0,0,0,0,0,0,0.027777777777777776,16.0,0.0,False,False
288,4 4 18,576,16.0,7,1.25,200,2.0555555555555554,0,272,12,0,4,0,0,0,4,0,0,0.0,0.0,0.0,True,False
288,4 4 18,576,16.0,7,1.25,400,2.0416666666666665,0,256,24,4,0,4,0,0,4,2,2,0.006944444444444444,4.0,0.0,True,False
288,4 4 18,576,16.0,7,1.25,600,2.0277777777777777,0,240,36,4,4,4,0,0,8,2,2,0.013888888888888888,8.0,0.0,True,False
288,4 4 18,576,16.0,7,1.25,800,2.0277777777777777,0,240,36,4,4,4,0,0,8,2,2,0.013888888888888888,8.0,0.0,True,False
288,4 4 18,576,16.0,7,1.25,1000,2.0277777777777777,0,240,36,4,4,4,0,0,8,2,2,0.013888888888888888,8.0,0.0,True,False
288,4 4 18,576,16.0,7,1.25,1200,2.0277777777777777,0,240,36,4,4,4,0,0,8,2,2,0.013888888888888888,8.0,0.0,True,False
288,4 4 18,576,16.0,7,1.25,1400,2.0277777777777777,0,240,36,4,4,4,0,0,8,2,2,0.013888888888888888,8.0,0.0,True,False
288,4 4 18,576,16.0,7,1.25,1600,2.0277777777777777,0,240,36,4,4,4,0,0,8,2,2,0.013888888888888888,8.0,0.0,True,False
288,4 4 18,576,16.0,7,1.25,1800,2.0277777777777777,0,240,36,4,4,4,0,0,8,2,2,0.013888888888888888,8.0,0.0,True,False
288,4 4 18,576,16.0,7,1.25,2000,2.0277777777777777,0,240,36,4,4,4,0,0,8,2,2,0.013888888888888888,8.0,0.0,True,False
288,4 4 18,576,16.0,7,1.25,2200,2.0277777777777777,0,240,36,4,4,4,0,0,8,2,2,0.013888888888888888,8.0,0.0,True,False
288,4 4 18,576,16.0,7,1.25,2400,2.013888888888889,0,224,48,4,8,4,0,0,12,2,2,0.020833333333333332,12.0,0.0,True,False
288,4 4 18,576,16.0,7,1.25,2600,2.013888888888889,0,224,48,4,8,4,0,0,12,2,2,0.020833333333333332,12.0,0.0,True,False
288,4 4 18,576,16.0,7,1.25,2800,2.013888888888889,0,224,48,4,8,4,0,0,12,2,2,0.020833333333333332,12.0,0.0,True,False
288,4 4 18,576,16.0,7,1.25,3000,2.013888888888889,0,224,48,4,8,4,0,0,12,2,2,0.020833333333333332,12.0,0.0,True,False
288,4 4 18,576,16.0,7,1.25,3200,2.013888888888889,0,224,48,4,8,4,0,0,12,2,2,0.020833333333333332,12.0,0.0,True,False
288,4 4 18,576,16.0,7,1.25,3400,2.0,0,208,60,4,12,4,0,0,16,2,2,0.027777777777777776,16.0,0.0,True,False
288,4 4 18,576,16.0,7,1.25,3600,2.0,0,208,60,4,12,4,0,0,16,2,2,0.027777777777777776,16.0,0.0,True,False
288,4 4 18,576,16.0,7,1.25,3800,2.0,0,208,60,4,12,4,0,0,16,2,2,0.027777777777777776,16.0,0.0,True,False
288,4 4 18,576,16.0,7,1.25,4000,2.0,0,208,60,4,12,4,0,0,16,2,2,0.027777777777777776,16.0,0.0,True,False
288,4 4 18,576,16.0,7,1.25,4200,2.0,0,208,60,4,12,4,0,0,16,2,2,0.027777777777777776,16.0,0.0,True,False
288,4 4 18,576,16.0,7,1.25,4400,2.0,0,208,60,4,12,4,0,0,16,2,2,0.027777777777777776,16.0,0.0,True,False
288,4 4 18,576,16.0,7,1.25,4600,1.9861111111111112,0,192,72,4,16,4,0,0,20,2,2,0.034722222222222224,20.0,0.0,True,False
288,4 4 18,576,16.0,7,1.25,4800,1.9861111111111112,0,192,72,4,16,4,0,0,20,2,2,0.034722222222222224,20.0,0.0,True,False
288,4 4 18,576,16.0,7,1.25,5000,1.9861111111111112,0,192,72,4,16,4,0,0,20,2,2,0.034722222222222224,20.0,0.0,True,False
288,4 4 18,576,16.0,7,1.25,5200,1.9861111111111112,0,192,72,4,16,4,0,0,20,2,2,0.034722222222222224,20.0,0.0,True,False
288,4 4 18,576,16.0,7,1.25,5400,1.9861111111111112,0,192,72,4,16,4,0,0,20,2,2,0.034722222222222224,20.0,0.0,True,False
288,4 4 18,576,16.0,7,1.25,5600,1.9861111111111112,0,192,72,4,16,4,0,0,20,2,2,0.034722222222222224,20.0,0.0,True,False
288,4 4 18,576,16.0,7,1.25,5800,1.9861111111111112,0,192,72,4,16,4,0,0,20,2,2,0.034722222222222224,20.0,0.0,True,False
288,4 4 18,576,16.0,7,1.25,6000,1.9861111111111112,0,192,72,4,16,4,0,0,20,2,2,0.034722222222222224,20.0,0.0,True,False
288,4 4 18,576,16.0,7,1.25,6200,1.9722222222222223,0,176,84,4,20,4,0,0,24,2,2,0.041666666666666664,24.0,0.0,True,False
288,4 4 18,576,16.0,7,1.25,6400,1.9583333333333333,0,160,96,4,24,4,0,0,28,2,2,0.04861111111111111,28.0,0.0,True,False
288,4 4 18,576,16.0,7,1.25,6600,1.9583333333333333,0,160,96,4,24,4,0,0,28,2,2,0.04861111111111111,28.0,0.0,True,False
288,4 4 18,576,16.0,7,1.25,6800,1.9548611111111112,0,150,100,6,32,0,0,0,32,3,2,0.050347222222222224,29.0,0.0,True,False
288,4 4 18,576,16.0,7,1.25,7000,1.9513888888888888,0,140,104,12,32,0,0,0,32,6,2,0.052083333333333336,30.0,0.0,True,False
288,4 4 18,576,16.0,7,1.25,7200,1.9513888888888888,0,140,104,12,32,0,0,0,32,6,2,0.052083333333333336,30.0,0.0,True,False
288,4 4 18,576,16.0,7,1.25,7400,1.9513888888888888,0,140,104,12,32,0,0,0,32,6,2,0.052083333333333336,30.0,0.0,True,False
288,4 4 18,576,16.0,7,1.25,7600,1.9513888888888888,0,140,104,12,32,0,0,0,32,6,2,0.052083333333333336,30.0,0.0,True,False
288,4 4 18,576,16.0,7,1.25,7800,1.9513888888888888,0,140,104,12,32,0,0,0,32,6,2,0.052083333333333336,30.0,0.0,True,False
288,4 4 18,576,16.0,7,1.25,8000,1.9513888888888888,0,140,104,12,32,0,0,0,32,6,2,0.052083333333333336,30.0,0.0,True,False
288,4 4 18,576,16.0,7,1.25,8200,1.9513888888888888,0,140,104,12,32,0,0,0,32,6,2,0.052083333333333336,30.0,0.0,True,False
288,4 4 18,576,16.0,7,1.25,8400,1.9513888888888888,0,140,104,12,32,0,0,0,32,6,2,0.052083333333333336,30.0,0.0,True,False
288,4 4 18,576,16.0,7,1.25,8600,1.9513888888888888,0,140,104,12,32,0,0,0,32,6,2,0.052083333333333336,30.0,0.0,True,False
288,4 4 18,576,16.0,7,1.25,8800,1.9513888888888888,0,140,104,12,32,0,0,0,32,6,2,0.052083333333333336,30.0,0.0,True,False
288,4 4 18,576,16.0,7,1.25,9000,1.9513888888888888,0,140,104,12,32,0,0,0,32,6,2,0.052083333333333336,30.0,0.0,True,False
288,4 4 18,576,16.0,7,1.25,9200,1.9513888888888888,0,140,104,12,32,0,0,0,32,6,2,0.052083333333333336,30.0,0.0,True,False
288,4 4 18,576,16.0,7,1.25,9400,1.9513888888888888,0,140,104,12,32,0,0,0,32,6,2,0.052083333333333336,30.0,0.0,True,False
288,4 4 18,576,16.0,7,1.25,9600,1.9513888888888888,0,140,104,12,32,0,0,0,32,6,2,0.052083333333333336,30.0,0.0,True,False
288,4 4 18,576,16.0,7,1.25,9800,1.9513888888888888,0,140,104,12,32,0,0,0,32,6,2,0.052083333333333336,30.0,0.0,True,False
288,4 4 18,576,16.0,7,1.25,10000,1.9513888888888888,0,140,104,12,32,0,0,0,32,6,2,0.052083333333333336,30.0,0.0,True,False
288,4 4 18,576,16.0,7,1.25,10200,1.9513888888888888,0,140,104,12,32,0,0,0,32,6,2,0.052083333333333336,30.0,0.0,True,False
288,4 4 18,576,16.0,7,1.25,10400,1.9513888888888888,0,140,104,12,32,0,0,0,32,6,2,0.052083333333333336,30.0,0.0,True,False
288,4 4 18,576,16.0,7,1.25,10600,1.9513888888888888,0,140,104,12,32,0,0,0,32,6,2,0.052083333333333336,30.0,0.0,True,False
288,4 4 18,576,16.0,7,1.25,10800,1.9513888888888888,0,140,104,12,32,0,0,0,32,6,2,0.052083333333333336,30.0,0.0,True,False
288,4 4 18,576,16.0,7,1.25,11000,1.9513888888888888,0,140,104,12,32,0,0,0,32,6,2,0.052083333333333336,30.0,0.0,True,False
288,4 4 18,576,16.0,7,1.25,11200,1.9513888888888888,0,140,104,12,32,0,0,0,32,6,2,0.052083333333333336,30.0,0.0,True,False
288,4 4 18,576,16.0,7,1.25,11400,1.9513888888888888,0,140,104,12,32,0,0,0,32,6,2,0.052083333333333336,30.0,0.0,True,False
288,4 4 18,576,16.0,7,1.25,11600,1.9513888888888888,0,140,104,12,32,0,0,0,32,6,2,0.052083333333333336,30.0,0.0,True,False
288,4 4 18,576,16.0,7,1.25,11800,1.9513888888888888,0,140,104,12,32,0,0,0,32,6,2,0.052083333333333336,30.0,0.0,True,False
288,4 4 18,576,16.0,7,1.25,12000,1.9513888888888888,0,140,104,12,32,0,0,0,32,6,2,0.052083333333333336,30.0,0.0,True,False
288,4 4 18,576,16.0,7,1.25,12200,1.9513888888888888,0,140,104,12,32,0,0,0,32,6,2,0.052083333333333336,30.0,0.0,True,False
288,4 4 18,576,16.0,7,1.25,12400,1.9513888888888888,0,140,104,12,32,0,0,0,32,6,2,0.052083333333333336,30.0,0.0,True,False
288,4 4 18,576,16.0,7,1.25,12600,1.9513888888888888,0,140,104,12,32,0,0,0,32,6,2,0.052083333333333336,30.0,0.0,True,False
288,4 4 18,576,16.0,7,1.25,12800,1.9513888888888888,0,140,104,12,32,0,0,0,32,6,2,0.052083333333333336,30.0,0.0,True,False
288,4 4 18,576,16.0,7,1.25,13000,1.9513888888888888,0,140,104,12,32,0,0,0,32,6,2,0.052083333333333336,30.0,0.0,True,False
288,4 4 18,576,16.0,7,1.25,13200,1.9513888888888888,0,140,104,12,32,0,0,0,32,6,2,0.052083333333333336,30.0,0.0,True,False
288,4 4 18,576,16.0,7,1.25,13400,1.9513888888888888,0,140,104,12,32,0,0,0,32,6,2,0.052083333333333336,30.0,0.0,True,False
288,4 4 18,576,16.0,7,1.25,13600,1.9513888888888888,0,140,104,12,32,0,0,0,32,6,2,0.052083333333333336,30.0,0.0,True,False
288,4 4 18,576,16.0,7,1.25,13800,1.9513888888888888,0,140,104,12,32,0,0,0,32,6,2,0.052083333333333336,30.0,0.0,True,False
288,4 4 18,576,16.0,7,1.25,14000,1.9513888888888888,0,140,104,12,32,0,0,0,32,6,2,0.052083333333333336,30.0,0.0,True,False
288,4 4 18,576,16.0,7,1.25,14200,1.9513888888888888,0,140,104,12,32,0,0,0,32,6,2,0.052083333333333336,30.0,0.0,True,False
288,4 4 18,576,16.0,7,1.25,14400,1.9513888888888888,0,140,104,12,32,0,0,0,32,6,2,0.052083333333333336,30.0,0.0,True,False
288,4 4 18,576,16.0,7,1.25,14600,1.9513888888888888,0,140,104,12,32,0,0,0,32,6,2,0.052083333333333336,30.0,0.0,True,False
288,4 4 18,576,16.0,7,1.25,14800,1.9513888888888888,0,140,104,12,32,0,0,0,32,6,2,0.052083333333333336,30.0,0.0,True,False
288,4 4 18,576,16.0,7,1.25,15000,1.9513888888888888,0,140,104,12,32,0,0,0,32,6,2,0.052083333333333336,30.0,0.0,True,False
288,4 4 18,576,16.0,7,1.25,15200,1.9513888888888888,0,140,104,12,32,0,0,0,32,6,2,0.052083333333333336,30.0,0.0,True,False
288,4 4 18,576,16.0,7,1.25,15400,1.9513888888888888,0,140,104,12,32,0,0,0,32,6,2,0.052083333333333336,30.0,0.0,True,False
288,4 4 18,576,16.0,7,1.25,15600,1.9513888888888888,0,140,104,12,32,0,0,0,32,6,2,0.052083333333333336,30.0,0.0,True,False
288,4 4 18,576,16.0,7,1.25,15800,1.9513888888888888,0,140,104,12,32,0,0,0,32,6,2,0.052083333333333336,30.0,0.0,True,False
288,4 4 18,576,16.0,7,1.25,16000,1.9513888888888888,0,140,104,12,32,0,0,0,32,6,2,0.052083333333333336,30.0,0.0,True,False
288,4 4 18,576,16.0,7,1.25,16200,1.9513888888888888,0,140,104,12,32,0,0,0,32,6,2,0.052083333333333336,30.0,0.0,True,False
288,4 4 18,576,16.0,7,1.25,16400,1.9513888888888888,0,140,104,12,32,0,0,0,32,6,2,0.052083333333333336,30.0,0.0,True,False
288,4 4 18,576,16.0,7,1.25,16600,1.9513888888888888,0,140,104,12,32,0,0,0,32,6,2,0.052083333333333336,30.0,0.0,True,False
288,4 4 18,576,16.0,7,1.25,16800,1.9513888888888888,0,140,104,12,32,0,0,0,32,6,2,0.052083333333333336,30.0,0.0,True,False
288,4 4 18,576,16.0,7,1.25,17000,1.9513888888888888,0,140,104,12,32,0,0,0,32,6,2,0.052083333333333336,30.0,0.0,True,False
288,4 4 18,576,16.0,7,1.25,17200,1.9513888888888888,0,140,104,12,32,0,0,0,32,6,2,0.052083333333333336,30.0,0.0,True,False
288,4 4 18,576,16.0,7,1.25,17400,1.9513888888888888,0,140,104,12,32,0,0,0,32,6,2,0.052083333333333336,30.0,0.0,True,False
288,4 4 18,576,16.0,7,1.25,17600,1.9513888888888888,0,140,104,12,32,0,0,0,32,6,2,0.052083333333333336,30.0,0.0,True,False
288,4 4 18,576,16.0,7,1.25,17800,1.9513888888888888,0,140,104,12,32,0,0,0,32,6,2,0.052083333333333336,30.0,0.0,True,False
288,4 4 18,576,16.0,7,1.25,18000,1.9513888888888888,0,140,104,12,32,0,0,0,32,6,2,0.052083333333333336,30.0,0.0,True,False
288,4 4 18,576,16.0,7,1.25,18200,1.9513888888888888,0,140,104,12,32,0,0,0,32,6,2,0.052083333333333336,30.0,0.0,True,False
288,4 4 18,576,16.0,7,1.25,18400,1.9513888888888888,0,140,104,12,32,0,0,0,32,6,2,0.052083333333333336,30.0,0.0,True,False
288,4 4 18,576,16.0,7,1.25,18600,1.9513888888888888,0,140,104,12,32,0,0,0,32,6,2,0.052083333333333336,30.0,0.0,True,False
288,4 4 18,576,16.0,7,1.25,18800,1.9513888888888888,0,140,104,12,32,0,0,0,32,6,2,0.052083333333333336,30.0,0.0,True,False
288,4 4 18,576,16.0,7,1.25,19000,1.9513888888888888,0,140,104,12,32,0,0,0,32,6,2,0.052083333333333336,30.0,0.0,True,False
288,4 4 18,576,16.0,7,1.25,19200,1.9513888888888888,0,140,104,12,32,0,0,0,32,6,2,0.052083333333333336,30.0,0.0,True,False
288,4 4 18,576,16.0,7,1.25,19400,1.9513888888888888,0,140,104,12,32,0,0,0,32,6,2,0.052083333333333336,30.0,0.0,True,False
288,4 4 18,576,16.0,7,1.25,19600,1.9513888888888888,0,140,104,12,32,0,0,0,32,6,2,0.052083333333333336,30.0,0.0,True,False
288,4 4 18,576,16.0,7,1.25,19800,1.9513888888888888,0,140,104,12,32,0,0,0,32,6,2,0.052083333333333336,30.0,0.0,True,False
288,4 4 18,576,16.0,7,1.25,20000,1.9513888888888888,0,140,104,12,32,0,0,0,32,6,2,0.052083333333333336,30.0,0.0,True,False
288,4 4 18,576,16.0,7,1.25,20200,1.9513888888888888,0,140,104,12,32,0,0,0,32,6,2,0.052083333333333336,30.0,0.0,True,False
288,4 4 18,576,16.0,7,1.25,20400,1.9513888888888888,0,140,104,12,32,0,0,0,32,6,2,0.052083333333333336,30.0,0.0,True,False
288,4 4 18,576,16.0,7,1.25,20600,1.9513888888888888,0,140,104,12,32,0,0,0,32,6,2,0.052083333333333336,30.0,0.0,True,False
288,4 4 18,576,16.0,7,1.25,20800,1.9513888888888888,0,140,104,12,32,0,0,0,32,6,2,0.052083333333333336,30.0,0.0,True,False
288,4 4 18,576,16.0,7,1.25,21000,1.9513888888888888,0,140,104,12,32,0,0,0,32,6,2,0.052083333333333336,30.0,0.0,True,False
288,4 4 18,576,16.0,7,1.25,21200,1.9513888888888888,0,140,104,12,32,0,0,0,32,6,2,0.052083333333333336,30.0,0.0,True,False
288,4 4 18,576,16.0,7,1.25,21400,1.9513888888888888,0,140,104,12,32,0,0,0,32,6,2,0.052083333333333336,30.0,0.0,True,False
288,4 4 18,576,16.0,7,1.25,21600,1.9513888888888888,0,140,104,12,32,0,0,0,32,6,2,0.052083333333333336,30.0,0.0,True,False
288,4 4 18,576,16.0,7,1.25,21800,1.9513888888888888,0,140,104,12,32,0,0,0,32,6,2,0.052083333333333336,30.0,0.0,True,False
288,4 4 18,576,16.0,7,1.25,22000,1.9513888888888888,0,140,104,12,32,0,0,0,32,6,2,0.052083333333333336,30.0,0.0,True,False
288,4 4 18,576,16.0,7,1.25,22200,1.9513888888888888,0,140,104,12,32,0,0,0,32,6,2,0.052083333333333336,30.0,0.0,True,False
288,4 4 18,576,16.0,7,1.25,22400,1.9513888888888888,0,140,104,12,32,0,0,0,32,6,2,0.052083333333333336,30.0,0.0,True,False
288,4 4 18,576,16.0,7,1.25,22600,1.9513888888888888,0,140,104,12,32,0,0,0,32,6,2,0.052083333333333336,30.0,0.0,True,False
288,4 4 18,576,16.0,7,1.25,22800,1.9513888888888888,0,140,104,12,32,0,0,0,32,6,2,0.052083333333333336,30.0,0.0,True,False
288,4 4 18,576,16.0,7,1.25,23000,1.9513888888888888,0,140,104,12,32,0,0,0,32,6,2,0.052083333333333336,30.0,0.0,True,False
288,4 4 18,576,16.0,7,1.25,23200,1.9513888888888888,0,140,104,12,32,0,0,0,32,6,2,0.052083333333333336,30.0,0.0,True,False
288,4 4 18,576,16.0,7,1.25,23400,1.9513888888888888,0,140,104,12,32,0,0,0,32,6,2,0.052083333333333336,30.0,0.0,True,False
288,4 4 18,576,16.0,7,1.25,23600,1.9513888888888888,0,140,104,12,32,0,0,0,32,6,2,0.052083333333333336,30.0,0.0,True,False
288,4 4 18,576,16.0,7,1.25,23800,1.9513888888888888,0,140,104,12,32,0,0,0,32,6,2,0.052083333333333336,30.0,0.0,True,False
288,4 4 18,576,16.0,7,1.25,24000,1.9513888888888888,0,140,104,12,32,0,0,0,32,6,2,0.052083333333333336,30.0,0.0,True,False
288,4 4 18,576,16.0,7,1.25,24200,1.9513888888888888,0,140,104,12,32,0,0,0,32,6,2,0.052083333333333336,30.0,0.0,True,False
288,4 4 18,576,16.0,7,1.25,24400,1.9513888888888888,0,140,104,12,32,0,0,0,32,6,2,0.052083333333333336,30.0,0.0,True,False
288,4 4 18,576,16.0,7,1.25,24600,1.9513888888888888,0,140,104,12,32,0,0,0,32,6,2,0.052083333333333336,30.0,0.0,True,False
288,4 4 18,576,16.0,7,1.25,24800,1.9513888888888888,0,140,104,12,32,0,0,0,32,6,2,0.052083333333333336,30.0,0.0,True,False
288,4 4 18,576,16.0,7,1.25,25000,1.9513888888888888,0,140,104,12,32,0,0,0,32,6,2,0.052083333333333336,30.0,0.0,True,False
288,4 4 18,576,16.0,7,1.25,25200,1.9513888888888888,0,140,104,12,32,0,0,0,32,6,2,0.052083333333333336,30.0,0.0,True,False
288,4 4 18,576,16.0,7,1.25,25400,1.9513888888888888,0,140,104,12,32,0,0,0,32,6,2,0.052083333333333336,30.0,0.0,True,False
288,4 4 18,576,16.0,7,1.25,25600,1.9513888888888888,0,140,104,12,32,0,0,0,32,6,2,0.052083333333333336,30.0,0.0,True,False
288,4 4 18,576,16.0,7,1.25,25800,1.9513888888888888,0,140,104,12,32,0,0,0,32,6,2,0.052083333333333336,30.0,0.0,True,False
288,4 4 18,576,16.0,7,1.25,26000,1.9513888888888888,0,140,104,12,32,0,0,0,32,6,2,0.052083333333333336,30.0,0.0,True,False
288,4 4 18,576,16.0,7,1.25,26200,1.9513888888888888,0,140,104,12,32,0,0,0,32,6,2,0.052083333333333336,30.0,0.0,True,False
288,4 4 18,576,16.0,7,1.25,26400,1.9513888888888888,0,140,104,12,32,0,0,0,32,6,2,0.052083333333333336,30.0,0.0,True,False
288,4 4 18,576,16.0,7,1.25,26600,1.9513888888888888,0,140,104,12,32,0,0,0,32,6,2,0.052083333333333336,30.0,0.0,True,False
288,4 4 18,576,16.0,7,1.25,26800,1.9513888888888888,0,140,104,12,32,0,0,0,32,6,2,0.052083333333333336,30.0,0.0,True,False
288,4 4 18,576,16.0,7,1.25,27000,1.9513888888888888,0,140,104,12,32,0,0,0,32,6,2,0.052083333333333336,30.0,0.0,True,False
288,4 4 18,576,16.0,7,1.25,27200,1.9513888888888888,0,140,104,12,32,0,0,0,32,6,2,0.052083333333333336,30.0,0.0,True,False
288,4 4 18,576,16.0,7,1.25,27400,1.9513888888888888,0,140,104,12,32,0,0,0,32,6,2,0.052083333333333336,30.0,0.0,True,False
288,4 4 18,576,16.0,7,1.25,27600,1.9513888888888888,0,140,104,12,32,0,0,0,32,6,2,0.052083333333333336,30.0,0.0,True,False
288,4 4 18,576,16.0,7,1.25,27800,1.9513888888888888,0,140,104,12,32,0,0,0,32,6,2,0.052083333333333336,30.0,0.0,True,False
288,4 4 18,576,16.0,7,1.25,28000,1.9513888888888888,0,140,104,12,32,0,0,0,32,6,2,0.052083333333333336,30.0,0.0,True,False
288,4 4 18,576,16.0,7,1.25,28200,1.9513888888888888,0,140,104,12,32,0,0,0,32,6,2,0.052083333333333336,30.0,0.0,True,False
288,4 4 18,576,16.0,7,1.25,28400,1.9513888888888888,0,140,104,12,32,0,0,0,32,6,2,0.052083333333333336,30.0,0.0,True,False
288,4 4 18,576,16.0,7,1.25,28600,1.9513888888888888,0,140,104,12,32,0,0,0,32,6,2,0.052083333333333336,30.0,0.0,True,False
288,4 4 18,576,16.0,7,1.25,28800,1.9513888888888888,0,140,104,12,32,0,0,0,32,6,2,0.052083333333333336,30.0,0.0,True,False
288,4 4 18,576,16.0,7,1.25,29000,1.9513888888888888,0,140,104,12,32,0,0,0,32,6,2,0.052083333333333336,30.0,0.0,True,False
288,4 4 18,576,16.0,7,1.25,29200,1.9513888888888888,0,140,104,12,32,0,0,0,32,6,2,0.052083333333333336,30.0,0.0,True,False
288,4 4 18,576,16.0,7,1.25,29400,1.9513888888888888,0,140,104,12,32,0,0,0,32,6,2,0.052083333333333336,30.0,0.0,True,False
288,4 4 18,576,16.0,7,1.25,29600,1.9513888888888888,0,140,104,12,32,0,0,0,32,6,2,0.052083333333333336,30.0,0.0,True,False
288,4 4 18,576,16.0,7,1.25,29800,1.9513888888888888,0,140,104,12,32,0,0,0,32,6,2,0.052083333333333336,30.0,0.0,True,False
288,4 4 18,576,16.0,7,1.25,30000,1.9513888888888888,0,140,104,12,32,0,0,0,32,6,2,0.052083333333333336,30.0,0.0,True,False
288,4 4 18,576,16.0,7,1.25,30200,1.9513888888888888,0,140,104,12,32,0,0,0,32,6,2,0.052083333333333336,30.0,0.0,True,False
288,4 4 18,576,16.0,7,1.25,30400,1.9513888888888888,0,140,104,12,32,0,0,0,32,6,2,0.052083333333333336,30.0,0.0,True,False
288,4 4 18,576,16.0,7,1.25,30600,1.9513888888888888,0,140,104,12,32,0,0,0,32,6,2,0.052083333333333336,30.0,0.0,True,False
288,4 4 18,576,16.0,7,1.25,30800,1.9513888888888888,0,140,104,12,32,0,0,0,32,6,2,0.052083333333333336,30.0,0.0,True,False
288,4 4 18,576,16.0,7,1.25,31000,1.9513888888888888,0,140,104,12,32,0,0,0,32,6,2,0.052083333333333336,30.0,0.0,True,False
288,4 4 18,576,16.0,7,1.25,31200,1.9548611111111112,0,150,100,6,32,0,0,0,32,3,2,0.050347222222222224,29.0,0.0,True,False
288,4 4 18,576,16.0,7,1.25,31400,1.9548611111111112,0,150,100,6,32,0,0,0,32,3,2,0.050347222222222224,29.0,0.0,True,False
288,4 4 18,576,16.0,7,1.25,31600,1.9548611111111112,0,150,100,6,32,0,0,0,32,3,2,0.050347222222222224,29.0,0.0,True,False
288,4 4 18,576,16.0,7,1.25,31800,1.9548611111111112,0,150,100,6,32,0,0,0,32,3,2,0.050347222222222224,29.0,0.0,True,False
288,4 4 18,576,16.0,7,1.25,32000,1.9548611111111112,0,150,100,6,32,0,0,0,32,3,2,0.050347222222222224,29.0,0.0,True,False
288,4 4 18,576,16.0,7,1.25,32200,1.9548611111111112,0,150,100,6,32,0,0,0,32,3,2,0.050347222222222224,29.0,0.0,True,False
288,4 4 18,576,16.0,7,1.25,32400,1.9513888888888888,0,140,104,12,32,0,0,0,32,6,2,0.052083333333333336,30.0,0.0,True,False
288,4 4 18,576,16.0,7,1.25,32600,1.9513888888888888,0,140,104,12,32,0,0,0,32,6,2,0.052083333333333336,30.0,0.0,True,False
288,4 4 18,576,16.0,7,1.25,32800,1.9513888888888888,0,140,104,12,32,0,0,0,32,6,2,0.052083333333333336,30.0,0.0,True,False
288,4 4 18,576,16.0,7,1.25,33000,1.9513888888888888,0,140,104,12,32,0,0,0,32,6,2,0.052083333333333336,30.0,0.0,True,False
288,4 4 18,576,16.0,7,1.25,33200,1.9513888888888888,0,140,104,12,32,0,0,0,32,6,2,0.052083333333333336,30.0,0.0,True,False
288,4 4 18,576,16.0,7,1.25,33400,1.9513888888888888,0,140,104,12,32,0,0,0,32,6,2,0.052083333333333336,30.0,0.0,True,False
288,4 4 18,576,16.0,7,1.25,33600,1.9513888888888888,0,140,104,12,32,0,0,0,32,6,2,0.052083333333333336,30.0,0.0,True,False
288,4 4 18,576,16.0,7,1.25,33800,1.9513888888888888,0,140,104,12,32,0,0,0,32,6,2,0.052083333333333336,30.0,0.0,True,False
288,4 4 18,576,16.0,7,1.25,34000,1.9513888888888888,0,140,104,12,32,0,0,0,32,6,2,0.052083333333333336,30.0,0.0,True,False
288,4 4 18,576,16.0,7,1.25,34200,1.9513888888888888,0,140,104,12,32,0,0,0,32,6,2,0.052083333333333336,30.0,0.0,True,False
288,4 4 18,576,16.0,7,1.25,34400,1.9513888888888888,0,140,104,12,32,0,0,0,32,6,2,0.052083333333333336,30.0,0.0,True,False
288,4 4 18,576,16.0,7,1.25,34600,1.9513888888888888,0,140,104,12,32,0,0,0,32,6,2,0.052083333333333336,30.0,0.0,True,False
288,4 4 18,576,16.0,7,1.25,34800,1.9513888888888888,0,140,104,12,32,0,0,0,32,6,2,0.052083333333333336,30.0,0.0,True,False
288,4 4 18,576,16.0,7,1.25,35000,1.9513888888888888,0,140,104,12,32,0,0,0,32,6,2,0.052083333333333336,30.0,0.0,True,False
288,4 4 18,576,16.0,7,1.25,35200,1.9513888888888888,0,140,104,12,32,0,0,0,32,6,2,0.052083333333333336,30.0,0.0,True,False
288,4 4 18,576,16.0,7,1.25,35400,1.9513888888888888,0,140,104,12,32,0,0,0,32,6,2,0.052083333333333336,30.0,0.0,True,False
288,4 4 18,576,16.0,7,1.25,35600,1.9513888888888888,0,140,104,12,32,0,0,0,32,6,2,0.052083333333333336,30.0,0.0,True,False
288,4 4 18,576,16.0,7,1.25,35800,1.9513888888888888,0,140,104,12,32,0,0,0,32,6,2,0.052083333333333336,30.0,0.0,True,False
288,4 4 18,576,16.0,7,1.25,36000,1.9513888888888888,0,140,104,12,32,0,0,0,32,6,2,0.052083333333333336,30.0,0.0,True,False
288,4 4 18,576,16.0,7,1.25,36200,1.9513888888888888,0,140,104,12,32,0,0,0,32,6,2,0.052083333333333336,30.0,0.0,True,False
288,4 4 18,576,16.0,7,1.25,36400,1.9513888888888888,0,140,104,12,32,0,0,0,32,6,2,0.052083333333333336,30.0,0.0,True,False
288,4 4 18,576,16.0,7,1.25,36600,1.9513888888888888,0,140,104,12,32,0,0,0,32,6,2,0.052083333333333336,30.0,0.0,True,False
288,4 4 18,576,16.0,7,1.25,36800,1.9513888888888888,0,140,104,12,32,0,0,0,32,6,2,0.052083333333333336,30.0,0.0,True,False
288,4 4 18,576,16.0,7,1.25,37000,1.9513888888888888,0,140,104,12,32,0,0,0,32,6,2,0.052083333333333336,30.0,0.0,True,False
288,4 4 18,576,16.0,7,1.25,37200,1.9513888888888888,0,140,104,12,32,0,0,0,32,6,2,0.052083333333333336,30.0,0.0,True,False
288,4 4 18,576,16.0,7,1.25,37400,1.9513888888888888,0,140,104,12,32,0,0,0,32,6,2,0.052083333333333336,30.0,0.0,True,False
288,4 4 18,576,16.0,7,1.25,37600,1.9513888888888888,0,140,104,12,32,0,0,0,32,6,2,0.052083333333333336,30.0,0.0,True,False
288,4 4 18,576,16.0,7,1.25,37800,1.9513888888888888,0,140,104,12,32,0,0,0,32,6,2,0.052083333333333336,30.0,0.0,True,False
288,4 4 18,576,16.0,7,1.25,38000,1.9513888888888888,0,140,104,12,32,0,0,0,32,6,2,0.052083333333333336,30.0,0.0,True,False
288,4 4 18,576,16.0,7,1.25,38200,1.9513888888888888,0,140,104,12,32,0,0,0,32,6,2,0.052083333333333336,30.0,0.0,True,False
288,4 4 18,576,16.0,7,1.25,38400,1.9513888888888888,0,140,104,12,32,0,0,0,32,6,2,0.052083333333333336,30.0,0.0,True,False
288,4 4 18,576,16.0,7,1.25,38600,1.9513888888888888,0,140,104,12,32,0,0,0,32,6,2,0.052083333333333336,30.0,0.0,True,False
288,4 4 18,576,16.0,7,1.25,38800,1.9513888888888888,0,140,104,12,32,0,0,0,32,6,2,0.052083333333333336,30.0,0.0,True,False
288,4 4 18,576,16.0,7,1.25,39000,1.9513888888888888,0,140,104,12,32,0,0,0,32,6,2,0.052083333333333336,30.0,0.0,True,False
288,4 4 18,576,16.0,7,1.25,39200,1.9513888888888888,0,140,104,12,32,0,0,0,32,6,2,0.052083333333333336,30.0,0.0,True,False
288,4 4 18,576,16.0,7,1.25,39400,1.9513888888888888,0,140,104,12,32,0,0,0,32,6,2,0.052083333333333336,30.0,0.0,True,False
288,4 4 18,576,16.0,7,1.25,39600,1.9513888888888888,0,140,104,12,32,0,0,0,32,6,2,0.052083333333333336,30.0,0.0,True,False
288,4 4 18,576,16.0,7,1.25,39800,1.9513888888888888,0,140,104,12,32,0,0,0,32,6,2,0.052083333333333336,30.0,0.0,True,False
288,4 4 18,576,16.0,7,1.25,40000,1.9513888888888888,0,140,104,12,32,0,0,0,32,6,2,0.052083333333333336,30.0,0.0,True,False
288,4 4 18,576,16.0,7,1.25,40200,1.9513888888888888,0,140,104,12,32,0,0,0,32,6,2,0.052083333333333336,30.0,0.0,True,False
288,4 4 18,576,16.0,7,1.25,40400,1.9513888888888888,0,140,104,12,32,0,0,0,32,6,2,0.052083333333333336,30.0,0.0,True,False
288,4 4 18,576,16.0,7,1.25,40600,1.9513888888888888,0,140,104,12,32,0,0,0,32,6,2,0.052083333333333336,30.0,0.0,True,False
288,4 4 18,576,16.0,7,1.25,40800,1.9513888888888888,0,140,104,12,32,0,0,0,32,6,2,0.052083333333333336,30.0,0.0,True,False
288,4 4 18,576,16.0,7,1.25,41000,1.9513888888888888,0,140,104,12,32,0,0,0,32,6,2,0.052083333333333336,30.0,0.0,True,False
288,4 4 18,576,16.0,7,1.25,41200,1.9513888888888888,0,140,104,12,32,0,0,0,32,6,2,0.052083333333333336,30.0,0.0,True,False
288,4 4 18,576,16.0,7,1.25,41400,1.9513888888888888,0,140,104,12,32,0,0,0,32,6,2,0.052083333333333336,30.0,0.0,True,False
288,4 4 18,576,16.0,7,1.25,41600,1.9513888888888888,0,140,104,12,32,0,0,0,32,6,2,0.052083333333333336,30.0,0.0,True,False
288,4 4 18,576,16.0,7,1.25,41800,1.9513888888888888,0,140,104,12,32,0,0,0,32,6,2,0.052083333333333336,30.0,0.0,True,False
288,4 4 18,576,16.0,7,1.25,42000,1.9513888888888888,0,140,104,12,32,0,0,0,32,6,2,0.052083333333333336,30.0,0.0,True,False
288,4 4 18,576,16.0,7,1.25,42200,1.9513888888888888,0,140,104,12,32,0,0,0,32,6,2,0.052083333333333336,30.0,0.0,True,False
288,4 4 18,576,16.0,7,1.25,42400,1.9513888888888888,0,140,104,12,32,0,0,0,32,6,2,0.052083333333333336,30.0,0.0,True,False
288,4 4 18,576,16.0,7,1.25,42600,1.9513888888888888,0,140,104,12,32,0,0,0,32,6,2,0.052083333333333336,30.0,0.0,True,False
288,4 4 18,576,16.0,7,1.25,42800,1.9513888888888888,0,140,104,12,32,0,0,0,32,6,2,0.052083333333333336,30.0,0.0,True,False
288,4 4 18,576,16.0,7,1.25,43000,1.9513888888888888,0,140,104,12,32,0,0,0,32,6,2,0.052083333333333336,30.0,0.0,True,False
288,4 4 18,576,16.0,7,1.25,43200,1.9513888888888888,0,140,104,12,32,0,0,0,32,6,2,0.052083333333333336,30.0,0.0,True,False
288,4 4 18,576,16.0,7,1.25,43400,1.9513888888888888,0,140,104,12,32,0,0,0,32,6,2,0.052083333333333336,30.0,0.0,True,False
288,4 4 18,576,16.0,7,1.25,43600,1.9513888888888888,0,140,104,12,32,0,0,0,32,6,2,0.052083333333333336,30.0,0.0,True,False
288,4 4 18,576,16.0,7,1.25,43800,1.9513888888888888,0,140,104,12,32,0,0,0,32,6,2,0.052083333333333336,30.0,0.0,True,False
288,4 4 18,576,16.0,7,1.25,44000,1.9513888888888888,0,140,104,12,32,0,0,0,32,6,2,0.052083333333333336,30.0,0.0,True,False
288,4 4 18,576,16.0,7,1.25,44200,1.9513888888888888,0,140,104,12,32,0,0,0,32,6,2,0.052083333333333336,30.0,0.0,True,False
288,4 4 18,576,16.0,7,1.25,44400,1.9513888888888888,0,140,104,12,32,0,0,0,32,6,2,0.052083333333333336,30.0,0.0,True,False
288,4 4 18,576,16.0,7,1.25,44600,1.9513888888888888,0,140,104,12,32,0,0,0,32,6,2,0.052083333333333336,30.0,0.0,True,False
288,4 4 18,576,16.0,7,1.25,44800,1.9513888888888888,0,140,104,12,32,0,0,0,32,6,2,0.052083333333333336,30.0,0.0,True,False
288,4 4 18,576,16.0,7,1.25,45000,1.9513888888888888,0,140,104,12,32,0,0,0,32,6,2,0.052083333333333336,30.0,0.0,True,False
288,4 4 18,576,16.0,7,1.25,45200,1.9513888888888888,0,140,104,12,32,0,0,0,32,6,2,0.052083333333333336,30.0,0.0,True,False
288,4 4 18,576,16.0,7,1.25,45400,1.9513888888888888,0,140,104,12,32,0,0,0,32,6,2,0.052083333333333336,30.0,0.0,True,False
288,4 4 18,576,16.0,7,1.25,45600,1.9513888888888888,0,140,104,12,32,0,0,0,32,6,2,0.052083333333333336,30.0,0.0,True,False
288,4 4 18,576,16.0,7,1.25,45800,1.9513888888888888,0,140,104,12,32,0,0,0,32,6,2,0.052083333333333336,30.0,0.0,True,False
288,4 4 18,576,16.0,7,1.25,46000,1.9513888888888888,0,140,104,12,32,0,0,0,32,6,2,0.052083333333333336,30.0,0.0,True,False
288,4 4 18,576,16.0,7,1.25,46200,1.9513888888888888,0,140,104,12,32,0,0,0,32,6,2,0.052083333333333336,30.0,0.0,True,False
288,4 4 18,576,16.0,7,1.25,46400,1.9513888888888888,0,140,104,12,32,0,0,0,32,6,2,0.052083333333333336,30.0,0.0,True,False
288,4 4 18,576,16.0,7,1.25,46600,1.9548611111111112,0,150,100,6,32,0,0,0,32,3,2,0.050347222222222224,29.0,0.0,True,False
288,4 4 18,576,16.0,7,1.25,46800,1.9513888888888888,0,140,104,12,32,0,0,0,32,6,2,0.052083333333333336,30.0,0.0,True,False
288,4 4 18,576,16.0,7,1.25,47000,1.9513888888888888,0,140,104,12,32,0,0,0,32,6,2,0.052083333333333336,30.0,0.0,True,False
288,4 4 18,576,16.0,7,1.25,47200,1.9513888888888888,0,140,104,12,32,0,0,0,32,6,2,0.052083333333333336,30.0,0.0,True,False
288,4 4 18,576,16.0,7,1.25,47400,1.9513888888888888,0,140,104,12,32,0,0,0,32,6,2,0.052083333333333336,30.0,0.0,True,False
288,4 4 18,576,16.0,7,1.25,47600,1.9513888888888888,0,140,104,12,32,0,0,0,32,6,2,0.052083333333333336,30.0,0.0,True,False
288,4 4 18,576,16.0,7,1.25,47800,1.9513888888888888,0,140,104,12,32,0,0,0,32,6,2,0.052083333333333336,30.0,0.0,True,False
288,4 4 18,576,16.0,7,1.25,48000,1.9513888888888888,0,140,104,12,32,0,0,0,32,6,2,0.052083333333333336,30.0,0.0,True,False
288,4 4 18,576,16.0,7,1.25,48200,1.9513888888888888,0,140,104,12,32,0,0,0,32,6,2,0.052083333333333336,30.0,0.0,True,False
288,4 4 18,576,16.0,7,1.25,48400,1.9513888888888888,0,140,104,12,32,0,0,0,32,6,2,0.052083333333333336,30.0,0.0,True,False
288,4 4 18,576,16.0,7,1.25,48600,1.9513888888888888,0,140,104,12,32,0,0,0,32,6,2,0.052083333333333336,30.0,0.0,True,False
288,4 4 18,576,16.0,7,1.25,48800,1.9513888888888888,0,140,104,12,32,0,0,0,32,6,2,0.052083333333333336,30.0,0.0,True,False
288,4 4 18,576,16.0,7,1.25,49000,1.9513888888888888,0,140,104,12,32,0,0,0,32,6,2,0.052083333333333336,30.0,0.0,True,False
288,4 4 18,576,16.0,7,1.25,49200,1.9513888888888888,0,140,104,12,32,0,0,0,32,6,2,0.052083333333333336,30.0,0.0,True,False
288,4 4 18,576,16.0,7,1.25,49400,1.9513888888888888,0,140,104,12,32,0,0,0,32,6,2,0.052083333333333336,30.0,0.0,True,False
288,4 4 18,576,16.0,7,1.25,49600,1.9513888888888888,0,140,104,12,32,0,0,0,32,6,2,0.052083333333333336,30.0,0.0,True,False
288,4 4 18,576,16.0,7,1.25,49800,1.9513888888888888,0,140,104,12,32,0,0,0,32,6,2,0.052083333333333336,30.0,0.0,True,False
288,4 4 18,576,16.0,7,1.25,50000,1.9513888888888888,0,140,104,12,32,0,0,0,32,6,2,0.052083333333333336,30.0,0.0,True,False
288,4 4 18,576,16.0,7,1.25,50200,1.9513888888888888,0,140,104,12,32,0,0,0,32,6,2,0.052083333333333336,30.0,0.0,True,False
288,4 4 18,576,16.0,7,1.25,50400,1.9548611111111112,0,150,100,6,32,0,0,0,32,3,2,0.050347222222222224,29.0,0.0,True,False
288,4 4 18,576,16.0,7,1.25,50600,1.9548611111111112,0,150,100,6,32,0,0,0,32,3,2,0.050347222222222224,29.0,0.0,True,False
288,4 4 18,576,16.0,7,1.25,50800,1.9548611111111112,0,150,100,6,32,0,0,0,32,3,2,0.050347222222222224,29.0,0.0,True,False
288,4 4 18,576,16.0,7,1.25,51000,1.9548611111111112,0,150,100,6,32,0,0,0,32,3,2,0.050347222222222224,29.0,0.0,True,False
288,4 4 18,576,16.0,7,1.25,51200,1.9548611111111112,0,150,100,6,32,0,0,0,32,3,2,0.050347222222222224,29.0,0.0,True,False
288,4 4 18,576,16.0,7,1.25,51400,1.9513888888888888,0,140,104,12,32,0,0,0,32,6,2,0.052083333333333336,30.0,0.0,True,False
288,4 4 18,576,16.0,7,1.25,51600,1.9513888888888888,0,140,104,12,32,0,0,0,32,6,2,0.052083333333333336,30.0,0.0,True,False
288,4 4 18,576,16.0,7,1.25,51800,1.9513888888888888,0,140,104,12,32,0,0,0,32,6,2,0.052083333333333336,30.0,0.0,True,False
288,4 4 18,576,16.0,7,1.25,52000,1.9513888888888888,0,140,104,12,32,0,0,0,32,6,2,0.052083333333333336,30.0,0.0,True,False
288,4 4 18,576,16.0,7,1.25,52200,1.9513888888888888,0,140,104,12,32,0,0,0,32,6,2,0.052083333333333336,30.0,0.0,True,False
288,4 4 18,576,16.0,7,1.25,52400,1.9513888888888888,0,140,104,12,32,0,0,0,32,6,2,0.052083333333333336,30.0,0.0,True,False
288,4 4 18,576,16.0,7,1.25,52600,1.9513888888888888,0,140,104,12,32,0,0,0,32,6,2,0.052083333333333336,30.0,0.0,True,False
288,4 4 18,576,16.0,7,1.25,52800,1.9513888888888888,0,140,104,12,32,0,0,0,32,6,2,0.052083333333333336,30.0,0.0,True,False
288,4 4 18,576,16.0,7,1.25,53000,1.9513888888888888,0,140,104,12,32,0,0,0,32,6,2,0.052083333333333336,30.0,0.0,True,False
288,4 4 18,576,16.0,7,1.25,53200,1.9513888888888888,0,140,104,12,32,0,0,0,32,6,2,0.052083333333333336,30.0,0.0,True,False
288,4 4 18,576,16.0,7,1.25,53400,1.9513888888888888,0,140,104,12,32,0,0,0,32,6,2,0.052083333333333336,30.0,0.0,True,False
288,4 4 18,576,16.0,7,1.25,53600,1.9513888888888888,0,140,104,12,32,0,0,0,32,6,2,0.052083333333333336,30.0,0.0,True,False
288,4 4 18,576,16.0,7,1.25,53800,1.9513888888888888,0,140,104,12,32,0,0,0,32,6,2,0.052083333333333336,30.0,0.0,True,False
288,4 4 18,576,16.0,7,1.25,54000,1.9513888888888888,0,140,104,12,32,0,0,0,32,6,2,0.052083333333333336,30.0,0.0,True,False
288,4 4 18,576,16.0,7,1.25,54200,1.9513888888888888,0,140,104,12,32,0,0,0,32,6,2,0.052083333333333336,30.0,0.0,True,False
288,4 4 18,576,16.0,7,1.25,54400,1.9513888888888888,0,140,104,12,32,0,0,0,32,6,2,0.052083333333333336,30.0,0.0,True,False
288,4 4 18,576,16.0,7,1.25,54600,1.9513888888888888,0,140,104,12,32,0,0,0,32,6,2,0.052083333333333336,30.0,0.0,True,False
288,4 4 18,576,16.0,7,1.25,54800,1.9513888888888888,0,140,104,12,32,0,0,0,32,6,2,0.052083333333333336,30.0,0.0,True,False
288,4 4 18,576,16.0,7,1.25,55000,1.9513888888888888,0,140,104,12,32,0,0,0,32,6,2,0.052083333333333336,30.0,0.0,True,False
288,4 4 18,576,16.0,7,1.25,55200,1.9513888888888888,0,140,104,12,32,0,0,0,32,6,2,0.052083333333333336,30.0,0.0,True,False
288,4 4 18,576,16.0,7,1.25,55400,1.9513888888888888,0,140,104,12,32,0,0,0,32,6,2,0.052083333333333336,30.0,0.0,True,False
288,4 4 18,576,16.0,7,1.25,55600,1.9513888888888888,0,140,104,12,32,0,0,0,32,6,2,0.052083333333333336,30.0,0.0,True,False
288,4 4 18,576,16.0,7,1.25,55800,1.9513888888888888,0,140,104,12,32,0,0,0,32,6,2,0.052083333333333336,30.0,0.0,True,False
288,4 4 18,576,16.0,7,1.25,56000,1.9513888888888888,0,140,104,12,32,0,0,0,32,6,2,0.052083333333333336,30.0,0.0,True,False
288,4 4 18,576,16.0,7,1.25,56200,1.9513888888888888,0,140,104,12,32,0,0,0,32,6,2,0.052083333333333336,30.0,0.0,True,False
288,4 4 18,576,16.0,7,1.25,56400,1.9513888888888888,0,140,104,12,32,0,0,0,32,6,2,0.052083333333333336,30.0,0.0,True,False
288,4 4 18,576,16.0,7,1.25,56600,1.9513888888888888,0,140,104,12,32,0,0,0,32,6,2,0.052083333333333336,30.0,0.0,True,False
288,4 4 18,576,16.0,7,1.25,56800,1.9513888888888888,0,140,104,12,32,0,0,0,32,6,2,0.052083333333333336,30.0,0.0,True,False
288,4 4 18,576,16.0,7,1.25,57000,1.9513888888888888,0,140,104,12,32,0,0,0,32,6,2,0.052083333333333336,30.0,0.0,True,False
288,4 4 18,576,16.0,7,1.25,57200,1.9513888888888888,0,140,104,12,32,0,0,0,32,6,2,0.052083333333333336,30.0,0.0,True,False
288,4 4 18,576,16.0,7,1.25,57400,1.9513888888888888,0,140,104,12,32,0,0,0,32,6,2,0.052083333333333336,30.0,0.0,True,False
288,4 4 18,576,16.0,7,1.25,57600,1.9513888888888888,0,140,104,12,32,0,0,0,32,6,2,0.052083333333333336,30.0,0.0,True,False
288,4 4 18,576,16.0,7,1.25,57800,1.9513888888888888,0,140,104,12,32,0,0,0,32,6,2,0.052083333333333336,30.0,0.0,True,False
288,4 4 18,576,16.0,7,1.25,58000,1.9513888888888888,0,140,104,12,32,0,0,0,32,6,2,0.052083333333333336,30.0,0.0,True,False
288,4 4 18,576,16.0,7,1.25,58200,1.9513888888888888,0,140,104,12,32,0,0,0,32,6,2,0.052083333333333336,30.0,0.0,True,False
288,4 4 18,576,16.0,7,1.25,58400,1.9513888888888888,0,140,104,12,32,0,0,0,32,6,2,0.052083333333333336,30.0,0.0,True,False
288,4 4 18,576,16.0,7,1.25,58600,1.9513888888888888,0,140,104,12,32,0,0,0,32,6,2,0.052083333333333336,30.0,0.0,True,False
288,4 4 18,576,16.0,7,1.25,58800,1.9513888888888888,0,140,104,12,32,0,0,0,32,6,2,0.052083333333333336,30.0,0.0,True,False
288,4 4 18,576,16.0,7,1.25,59000,1.9513888888888888,0,140,104,12,32,0,0,0,32,6,2,0.052083333333333336,30.0,0.0,True,False
288,4 4 18,576,16.0,7,1.25,59200,1.9513888888888888,0,140,104,12,32,0,0,0,32,6,2,0.052083333333333336,30.0,0.0,True,False
288,4 4 18,576,16.0,7,1.25,59400,1.9513888888888888,0,140,104,12,32,0,0,0,32,6,2,0.052083333333333336,30.0,0.0,True,False
288,4 4 18,576,16.0,7,1.25,59600,1.9513888888888888,0,140,104,12,32,0,0,0,32,6,2,0.052083333333333336,30.0,0.0,True,False
288,4 4 18,576,16.0,7,1.25,59800,1.9513888888888888,0,140,104,12,32,0,0,0,32,6,2,0.052083333333333336,30.0,0.0,True,False
288,4 4 18,576,16.0,7,1.25,60000,1.9513888888888888,0,140,104,12,32,0,0,0,32,6,2,0.052083333333333336,30.0,0.0,True,False
288,4 4 18,576,16.0,7,1.25,60200,1.9513888888888888,0,140,104,12,32,0,0,0,32,6,2,0.052083333333333336,30.0,0.0,True,False
288,4 4 18,576,16.0,7,1.25,60400,1.9513888888888888,0,140,104,12,32,0,0,0,32,6,2,0.052083333333333336,30.0,0.0,True,False
288,4 4 18,576,16.0,7,1.25,60600,1.9513888888888888,0,140,104,12,32,0,0,0,32,6,2,0.052083333333333336,30.0,0.0,True,False
288,4 4 18,576,16.0,7,1.25,60800,1.9513888888888888,0,140,104,12,32,0,0,0,32,6,2,0.052083333333333336,30.0,0.0,True,False
288,4 4 18,576,16.0,7,1.25,61000,1.9513888888888888,0,140,104,12,32,0,0,0,32,6,2,0.052083333333333336,30.0,0.0,True,False
288,4 4 18,576,16.0,7,1.25,61200,1.9513888888888888,0,140,104,12,32,0,0,0,32,6,2,0.052083333333333336,30.0,0.0,True,False
288,4 4 18,576,16.0,7,1.25,61400,1.9513888888888888,0,140,104,12,32,0,0,0,32,6,2,0.052083333333333336,30.0,0.0,True,False
288,4 4 18,576,16.0,7,1.25,61600,1.9513888888888888,0,140,104,12,32,0,0,0,32,6,2,0.052083333333333336,30.0,0.0,True,False
288,4 4 18,576,16.0,7,1.25,61800,1.9513888888888888,0,140,104,12,32,0,0,0,32,6,2,0.052083333333333336,30.0,0.0,True,False
288,4 4 18,576,16.0,7,1.25,62000,1.9513888888888888,0,140,104,12,32,0,0,0,32,6,2,0.052083333333333336,30.0,0.0,True,False
288,4 4 18,576,16.0,7,1.25,62200,1.9513888888888888,0,140,104,12,32,0,0,0,32,6,2,0.052083333333333336,30.0,0.0,True,False
288,4 4 18,576,16.0,7,1.25,62400,1.9513888888888888,0,140,104,12,32,0,0,0,32,6,2,0.052083333333333336,30.0,0.0,True,False
288,4 4 18,576,16.0,7,1.25,62600,1.9513888888888888,0,140,104,12,32,0,0,0,32,6,2,0.052083333333333336,30.0,0.0,True,False
288,4 4 18,576,16.0,7,1.25,62800,1.9513888888888888,0,140,104,12,32,0,0,0,32,6,2,0.052083333333333336,30.0,0.0,True,False
288,4 4 18,576,16.0,7,1.25,63000,1.9513888888888888,0,140,104,12,32,0,0,0,32,6,2,0.052083333333333336,30.0,0.0,True,False
288,4 4 18,576,16.0,7,1.25,63200,1.9513888888888888,0,140,104,12,32,0,0,0,32,6,2,0.052083333333333336,30.0,0.0,True,False
288,4 4 18,576,16.0,7,1.25,63400,1.9513888888888888,0,140,104,12,32,0,0,0,32,6,2,0.052083333333333336,30.0,0.0,True,False
288,4 4 18,576,16.0,7,1.25,63600,1.9513888888888888,0,140,104,12,32,0,0,0,32,6,2,0.052083333333333336,30.0,0.0,True,False
288,4 4 18,576,16.0,7,1.25,63800,1.9513888888888888,0,140,104,12,32,0,0,0,32,6,2,0.052083333333333336,30.0,0.0,True,False
288,4 4 18,576,16.0,7,1.25,64000,1.9513888888888888,0,140,104,12,32,0,0,0,32,6,2,0.052083333333333336,30.0,0.0,True,False
288,4 4 18,576,16.0,7,1.25,64200,1.9513888888888888,0,140,104,12,32,0,0,0,32,6,2,0.052083333333333336,30.0,0.0,True,False
288,4 4 18,576,16.0,7,1.25,64400,1.9513888888888888,0,140,104,12,32,0,0,0,32,6,2,0.052083333333333336,30.0,0.0,True,False
288,4 4 18,576,16.0,7,1.25,64600,1.9513888888888888,0,140,104,12,32,0,0,0,32,6,2,0.052083333333333336,30.0,0.0,True,False
288,4 4 18,576,16.0,7,1.25,64800,1.9513888888888888,0,140,104,12,32,0,0,0,32,6,2,0.052083333333333336,30.0,0.0,True,False
288,4 4 18,576,16.0,7,1.25,65000,1.9513888888888888,0,140,104,12,32,0,0,0,32,6,2,0.052083333333333336,30.0,0.0,True,False
288,4 4 18,576,16.0,7,1.25,65200,1.9513888888888888,0,140,104,12,32,0,0,0,32,6,2,0.052083333333333336,30.0,0.0,True,False
288,4 4 18,576,16.0,7,1.25,65400,1.9513888888888888,0,140,104,12,32,0,0,0,32,6,2,0.052083333333333336,30.0,0.0,True,False
288,4 4 18,576,16.0,7,1.25,65600,1.9513888888888888,0,140,104,12,32,0,0,0,32,6,2,0.052083333333333336,30.0,0.0,True,False
288,4 4 18,576,16.0,7,1.25,65800,1.9513888888888888,0,140,104,12,32,0,0,0,32,6,2,0.052083333333333336,30.0,0.0,True,False
288,4 4 18,576,16.0,7,1.25,66000,1.9513888888888888,0,140,104,12,32,0,0,0,32,6,2,0.052083333333333336,30.0,0.0,True,False
288,4 4 18,576,16.0,7,1.25,66200,1.9513888888888888,0,140,104,12,32,0,0,0,32,6,2,0.052083333333333336,30.0,0.0,True,False
288,4 4 18,576,16.0,7,1.25,66400,1.9513888888888888,0,140,104,12,32,0,0,0,32,6,2,0.052083333333333336,30.0,0.0,True,False
288,4 4 18,576,16.0,7,1.25,66600,1.9513888888888888,0,140,104,12,32,0,0,0,32,6,2,0.052083333333333336,30.0,0.0,True,False
288,4 4 18,576,16.0,7,1.25,66800,1.9513888888888888,0,140,104,12,32,0,0,0,32,6,2,0.052083333333333336,30.0,0.0,True,False
288,4 4 18,576,16.0,7,1.25,67000,1.9513888888888888,0,140,104,12,32,0,0,0,32,6,2,0.052083333333333336,30.0,0.0,True,False
288,4 4 18,576,16.0,7,1.25,67200,1.9513888888888888,0,140,104,12,32,0,0,0,32,6,2,0.052083333333333336,30.0,0.0,True,False
288,4 4 18,576,16.0,7,1.25,67400,1.9513888888888888,0,140,104,12,32,0,0,0,32,6,2,0.052083333333333336,30.0,0.0,True,False
288,4 4 18,576,16.0,7,1.25,67600,1.9513888888888888,0,140,104,12,32,0,0,0,32,6,2,0.052083333333333336,30.0,0.0,True,False
288,4 4 18,576,16.0,7,1.25,67800,1.9513888888888888,0,140,104,12,32,0,0,0,32,6,2,0.052083333333333336,30.0,0.0,True,False
288,4 4 18,576,16.0,7,1.25,68000,1.9513888888888888,0,140,104,12,32,0,0,0,32,6,2,0.052083333333333336,30.0,0.0,True,False
288,4 4 18,576,16.0,7,1.25,68200,1.9513888888888888,0,140,104,12,32,0,0,0,32,6,2,0.052083333333333336,30.0,0.0,True,False
288,4 4 18,576,16.0,7,1.25,68400,1.9513888888888888,0,140,104,12,32,0,0,0,32,6,2,0.052083333333333336,30.0,0.0,True,False
288,4 4 18,576,16.0,7,1.25,68600,1.9513888888888888,0,140,104,12,32,0,0,0,32,6,2,0.052083333333333336,30.0,0.0,True,False
288,4 4 18,576,16.0,7,1.25,68800,1.9513888888888888,0,140,104,12,32,0,0,0,32,6,2,0.052083333333333336,30.0,0.0,True,False
288,4 4 18,576,16.0,7,1.25,69000,1.9513888888888888,0,140,104,12,32,0,0,0,32,6,2,0.052083333333333336,30.0,0.0,True,False
288,4 4 18,576,16.0,7,1.25,69200,1.9513888888888888,0,140,104,12,32,0,0,0,32,6,2,0.052083333333333336,30.0,0.0,True,False
288,4 4 18,576,16.0,7,1.25,69400,1.9513888888888888,0,140,104,12,32,0,0,0,32,6,2,0.052083333333333336,30.0,0.0,True,False
288,4 4 18,576,16.0,7,1.25,69600,1.9513888888888888,0,140,104,12,32,0,0,0,32,6,2,0.052083333333333336,30.0,0.0,True,False
288,4 4 18,576,16.0,7,1.25,69800,1.9513888888888888,0,140,104,12,32,0,0,0,32,6,2,0.052083333333333336,30.0,0.0,True,False
288,4 4 18,576,16.0,7,1.25,70000,1.9513888888888888,0,140,104,12,32,0,0,0,32,6,2,0.052083333333333336,30.0,0.0,True,False
288,4 4 18,576,16.0,7,1.25,70200,1.9513888888888888,0,140,104,12,32,0,0,0,32,6,2,0.052083333333333336,30.0,0.0,True,False
288,4 4 18,576,16.0,7,1.25,70400,1.9513888888888888,0,140,104,12,32,0,0,0,32,6,2,0.052083333333333336,30.0,0.0,True,False
288,4 4 18,576,16.0,7,1.25,70600,1.9513888888888888,0,140,104,12,32,0,0,0,32,6,2,0.052083333333333336,30.0,0.0,True,False
288,4 4 18,576,16.0,7,1.25,70800,1.9513888888888888,0,140,104,12,32,0,0,0,32,6,2,0.052083333333333336,30.0,0.0,True,False
288,4 4 18,576,16.0,7,1.25,71000,1.9513888888888888,0,140,104,12,32,0,0,0,32,6,2,0.052083333333333336,30.0,0.0,True,False
288,4 4 18,576,16.0,7,1.25,71200,1.9513888888888888,0,140,104,12,32,0,0,0,32,6,2,0.052083333333333336,30.0,0.0,True,False
288,4 4 18,576,16.0,7,1.25,71400,1.9513888888888888,0,140,104,12,32,0,0,0,32,6,2,0.052083333333333336,30.0,0.0,True,False
288,4 4 18,576,16.0,7,1.25,71600,1.9513888888888888,0,140,104,12,32,0,0,0,32,6,2,0.052083333333333336,30.0,0.0,True,False
288,4 4 18,576,16.0,7,1.25,71800,1.9513888888888888,0,140,104,12,32,0,0,0,32,6,2,0.052083333333333336,30.0,0.0,True,False
288,4 4 18,576,16.0,7,1.25,72000,1.9513888888888888,0,140,104,12,32,0,0,0,32,6,2,0.052083333333333336,30.0,0.0,True,False
288,4 4 18,576,16.0,7,1.25,72200,1.9513888888888888,0,140,104,12,32,0,0,0,32,6,2,0.052083333333333336,30.0,0.0,True,False
288,4 4 18,576,16.0,7,1.25,72400,1.9513888888888888,0,140,104,12,32,0,0,0,32,6,2,0.052083333333333336,30.0,0.0,True,False
288,4 4 18,576,16.0,7,1.25,72600,1.9513888888888888,0,140,104,12,32,0,0,0,32,6,2,0.052083333333333336,30.0,0.0,True,False
288,4 4 18,576,16.0,7,1.25,72800,1.9513888888888888,0,140,104,12,32,0,0,0,32,6,2,0.052083333333333336,30.0,0.0,True,False
288,4 4 18,576,16.0,7,1.25,73000,1.9513888888888888,0,140,104,12,32,0,0,0,32,6,2,0.052083333333333336,30.0,0.0,True,False
288,4 4 18,576,16.0,7,1.25,73200,1.9513888888888888,0,140,104,12,32,0,0,0,32,6,2,0.052083333333333336,30.0,0.0,True,False
288,4 4 18,576,16.0,7,1.25,73400,1.9513888888888888,0,140,104,12,32,0,0,0,32,6,2,0.052083333333333336,30.0,0.0,True,False
288,4 4 18,576,16.0,7,1.25,73600,1.9513888888888888,0,140,104,12,32,0,0,0,32,6,2,0.052083333333333336,30.0,0.0,True,False
288,4 4 18,576,16.0,7,1.25,73800,1.9513888888888888,0,140,104,12,32,0,0,0,32,6,2,0.052083333333333336,30.0,0.0,True,False
288,4 4 18,576,16.0,7,1.25,74000,1.9513888888888888,0,140,104,12,32,0,0,0,32,6,2,0.052083333333333336,30.0,0.0,True,False
288,4 4 18,576,16.0,7,1.25,74200,1.9513888888888888,0,140,104,12,32,0,0,0,32,6,2,0.052083333333333336,30.0,0.0,True,False
288,4 4 18,576,16.0,7,1.25,74400,1.9513888888888888,0,140,104,12,32,0,0,0,32,6,2,0.052083333333333336,30.0,0.0,True,False
288,4 4 18,576,16.0,7,1.25,74600,1.9513888888888888,0,140,104,12,32,0,0,0,32,6,2,0.052083333333333336,30.0,0.0,True,False
288,4 4 18,576,16.0,7,1.25,74800,1.9513888888888888,0,140,104,12,32,0,0,0,32,6,2,0.052083333333333336,30.0,0.0,True,False
288,4 4 18,576,16.0,7,1.25,75000,1.9513888888888888,0,140,104,12,32,0,0,0,32,6,2,0.052083333333333336,30.0,0.0,True,False
288,4 4 18,576,16.0,7,1.25,75200,1.9513888888888888,0,140,104,12,32,0,0,0,32,6,2,0.052083333333333336,30.0,0.0,True,False
288,4 4 18,576,16.0,7,1.25,75400,1.9513888888888888,0,140,104,12,32,0,0,0,32,6,2,0.052083333333333336,30.0,0.0,True,False
288,4 4 18,576,16.0,7,1.25,75600,1.9513888888888888,0,140,104,12,32,0,0,0,32,6,2,0.052083333333333336,30.0,0.0,True,False
288,4 4 18,576,16.0,7,1.25,75800,1.9513888888888888,0,140,104,12,32,0,0,0,32,6,2,0.052083333333333336,30.0,0.0,True,False
288,4 4 18,576,16.0,7,1.25,76000,1.9513888888888888,0,140,104,12,32,0,0,0,32,6,2,0.052083333333333336,30.0,0.0,True,False
288,4 4 18,576,16.0,7,1.25,76200,1.9513888888888888,0,140,104,12,32,0,0,0,32,6,2,0.052083333333333336,30.0,0.0,True,False
288,4 4 18,576,16.0,7,1.25,76400,1.9513888888888888,0,140,104,12,32,0,0,0,32,6,2,0.052083333333333336,30.0,0.0,True,False
288,4 4 18,576,16.0,7,1.25,76600,1.9513888888888888,0,140,104,12,32,0,0,0,32,6,2,0.052083333333333336,30.0,0.0,True,False
288,4 4 18,576,16.0,7,1.25,76800,1.9513888888888888,0,140,104,12,32,0,0,0,32,6,2,0.052083333333333336,30.0,0.0,True,False
288,4 4 18,576,16.0,7,1.25,77000,1.9513888888888888,0,140,104,12,32,0,0,0,32,6,2,0.052083333333333336,30.0,0.0,True,False
288,4 4 18,576,16.0,7,1.25,77200,1.9513888888888888,0,140,104,12,32,0,0,0,32,6,2,0.052083333333333336,30.0,0.0,True,False
288,4 4 18,576,16.0,7,1.25,77400,1.9513888888888888,0,140,104,12,32,0,0,0,32,6,2,0.052083333333333336,30.0,0.0,True,False
288,4 4 18,576,16.0,7,1.25,77600,1.9513888888888888,0,140,104,12,32,0,0,0,32,6,2,0.052083333333333336,30.0,0.0,True,False
288,4 4 18,576,16.0,7,1.25,77800,1.9513888888888888,0,140,104,12,32,0,0,0,32,6,2,0.052083333333333336,30.0,0.0,True,False
288,4 4 18,576,16.0,7,1.25,78000,1.9513888888888888,0,140,104,12,32,0,0,0,32,6,2,0.052083333333333336,30.0,0.0,True,False
288,4 4 18,576,16.0,7,1.25,78200,1.9513888888888888,0,140,104,12,32,0,0,0,32,6,2,0.052083333333333336,30.0,0.0,True,False
288,4 4 18,576,16.0,7,1.25,78400,1.9513888888888888,0,140,104,12,32,0,0,0,32,6,2,0.052083333333333336,30.0,0.0,True,False
288,4 4 18,576,16.0,7,1.25,78600,1.9513888888888888,0,140,104,12,32,0,0,0,32,6,2,0.052083333333333336,30.0,0.0,True,False
288,4 4 18,576,16.0,7,1.25,78800,1.9513888888888888,0,140,104,12,32,0,0,0,32,6,2,0.052083333333333336,30.0,0.0,True,False
288,4 4 18,576,16.0,7,1.25,79000,1.9513888888888888,0,140,104,12,32,0,0,0,32,6,2,0.052083333333333336,30.0,0.0,True,False
288,4 4 18,576,16.0,7,1.25,79200,1.9513888888888888,0,140,104,12,32,0,0,0,32,6,2,0.052083333333333336,30.0,0.0,True,False
288,4 4 18,576,16.0,7,1.25,79400,1.9513888888888888,0,140,104,12,32,0,0,0,32,6,2,0.052083333333333336,30.0,0.0,True,False
288,4 4 18,576,16.0,7,1.25,79600,1.9513888888888888,0,140,104,12,32,0,0,0,32,6,2,0.052083333333333336,30.0,0.0,True,False
288,4 4 18,576,16.0,7,1.25,79800,1.9513888888888888,0,140,104,12,32,0,0,0,32,6,2,0.052083333333333336,30.0,0.0,True,False
288,4 4 18,576,16.0,7,1.25,80000,1.9548611111111112,0,150,100,6,32,0,0,0,32,3,2,0.050347222222222224,29.0,0.0,True,False
288,4 4 18,576,16.0,7,1.25,80200,1.9548611111111112,0,150,100,6,32,0,0,0,32,3,2,0.050347222222222224,29.0,0.0,True,False
288,4 4 18,576,16.0,7,1.25,80400,1.9548611111111112,0,150,100,6,32,0,0,0,32,3,2,0.050347222222222224,29.0,0.0,True,False
288,4 4 18,576,16.0,7,1.25,80600,1.9548611111111112,0,150,100,6,32,0,0,0,32,3,2,0.050347222222222224,29.0,0.0,True,False
288,4 4 18,576,16.0,7,1.25,80800,1.9548611111111112,0,150,100,6,32,0,0,0,32,3,2,0.050347222222222224,29.0,0.0,True,False
288,4 4 18,576,16.0,7,1.25,81000,1.9548611111111112,0,150,100,6,32,0,0,0,32,3,2,0.050347222222222224,29.0,0.0,True,False
288,4 4 18,576,16.0,7,1.25,81200,1.9548611111111112,0,150,100,6,32,0,0,0,32,3,2,0.050347222222222224,29.0,0.0,True,False
288,4 4 18,576,16.0,7,1.25,81400,1.9513888888888888,0,140,104,12,32,0,0,0,32,6,2,0.052083333333333336,30.0,0.0,True,False
288,4 4 18,576,16.0,7,1.25,81600,1.9513888888888888,0,140,104,12,32,0,0,0,32,6,2,0.052083333333333336,30.0,0.0,True,False
288,4 4 18,576,16.0,7,1.25,81800,1.9513888888888888,0,140,104,12,32,0,0,0,32,6,2,0.052083333333333336,30.0,0.0,True,False
288,4 4 18,576,16.0,7,1.25,82000,1.9513888888888888,0,140,104,12,32,0,0,0,32,6,2,0.052083333333333336,30.0,0.0,True,False
288,4 4 18,576,16.0,7,1.25,82200,1.9513888888888888,0,140,104,12,32,0,0,0,32,6,2,0.052083333333333336,30.0,0.0,True,False
288,4 4 18,576,16.0,7,1.25,82400,1.9513888888888888,0,140,104,12,32,0,0,0,32,6,2,0.052083333333333336,30.0,0.0,True,False
288,4 4 18,576,16.0,7,1.25,82600,1.9513888888888888,0,140,104,12,32,0,0,0,32,6,2,0.052083333333333336,30.0,0.0,True,False
288,4 4 18,576,16.0,7,1.25,82800,1.9513888888888888,0,140,104,12,32,0,0,0,32,6,2,0.052083333333333336,30.0,0.0,True,False
288,4 4 18,576,16.0,7,1.25,83000,1.9513888888888888,0,140,104,12,32,0,0,0,32,6,2,0.052083333333333336,30.0,0.0,True,False
288,4 4 18,576,16.0,7,1.25,83200,1.9513888888888888,0,140,104,12,32,0,0,0,32,6,2,0.052083333333333336,30.0,0.0,True,False
288,4 4 18,576,16.0,7,1.25,83400,1.9513888888888888,0,140,104,12,32,0,0,0,32,6,2,0.052083333333333336,30.0,0.0,True,False
288,4 4 18,576,16.0,7,1.25,83600,1.9513888888888888,0,140,104,12,32,0,0,0,32,6,2,0.052083333333333336,30.0,0.0,True,False
288,4 4 18,576,16.0,7,1.25,83800,1.9513888888888888,0,140,104,12,32,0,0,0,32,6,2,0.052083333333333336,30.0,0.0,True,False
288,4 4 18,576,16.0,7,1.25,84000,1.9513888888888888,0,140,104,12,32,0,0,0,32,6,2,0.052083333333333336,30.0,0.0,True,False
288,4 4 18,576,16.0,7,1.25,84200,1.9513888888888888,0,140,104,12,32,0,0,0,32,6,2,0.052083333333333336,30.0,0.0,True,False
288,4 4 18,576,16.0,7,1.25,84400,1.9513888888888888,0,140,104,12,32,0,0,0,32,6,2,0.052083333333333336,30.0,0.0,True,False
288,4 4 18,576,16.0,7,1.25,84600,1.9513888888888888,0,140,104,12,32,0,0,0,32,6,2,0.052083333333333336,30.0,0.0,True,False
288,4 4 18,576,16.0,7,1.25,84800,1.9513888888888888,0,140,104,12,32,0,0,0,32,6,2,0.052083333333333336,30.0,0.0,True,False
288,4 4 18,576,16.0,7,1.25,85000,1.9513888888888888,0,140,104,12,32,0,0,0,32,6,2,0.052083333333333336,30.0,0.0,True,False
288,4 4 18,576,16.0,7,1.25,85200,1.9513888888888888,0,140,104,12,32,0,0,0,32,6,2,0.052083333333333336,30.0,0.0,True,False
288,4 4 18,576,16.0,7,1.25,85400,1.9513888888888888,0,140,104,12,32,0,0,0,32,6,2,0.052083333333333336,30.0,0.0,True,False
288,4 4 18,576,16.0,7,1.25,85600,1.9513888888888888,0,140,104,12,32,0,0,0,32,6,2,0.052083333333333336,30.0,0.0,True,False
288,4 4 18,576,16.0,7,1.25,85800,1.9513888888888888,0,140,104,12,32,0,0,0,32,6,2,0.052083333333333336,30.0,0.0,True,False
288,4 4 18,576,16.0,7,1.25,86000,1.9513888888888888,0,140,104,12,32,0,0,0,32,6,2,0.052083333333333336,30.0,0.0,True,False
288,4 4 18,576,16.0,7,1.25,86200,1.9513888888888888,0,140,104,12,32,0,0,0,32,6,2,0.052083333333333336,30.0,0.0,True,False
288,4 4 18,576,16.0,7,1.25,86400,1.9513888888888888,0,140,104,12,32,0,0,0,32,6,2,0.052083333333333336,30.0,0.0,True,False
288,4 4 18,576,16.0,7,1.25,86600,1.9513888888888888,0,140,104,12,32,0,0,0,32,6,2,0.052083333333333336,30.0,0.0,True,False
288,4 4 18,576,16.0,7,1.25,86800,1.9513888888888888,0,140,104,12,32,0,0,0,32,6,2,0.052083333333333336,30.0,0.0,True,False
288,4 4 18,576,16.0,7,1.25,87000,1.9513888888888888,0,140,104,12,32,0,0,0,32,6,2,0.052083333333333336,30.0,0.0,True,False
288,4 4 18,576,16.0,7,1.25,87200,1.9513888888888888,0,140,104,12,32,0,0,0,32,6,2,0.052083333333333336,30.0,0.0,True,False
288,4 4 18,576,16.0,7,1.25,87400,1.9513888888888888,0,140,104,12,32,0,0,0,32,6,2,0.052083333333333336,30.0,0.0,True,False
288,4 4 18,576,16.0,7,1.25,87600,1.9513888888888888,0,140,104,12,32,0,0,0,32,6,2,0.052083333333333336,30.0,0.0,True,False
288,4 4 18,576,16.0,7,1.25,87800,1.9513888888888888,0,140,104,12,32,0,0,0,32,6,2,0.052083333333333336,30.0,0.0,True,False
288,4 4 18,576,16.0,7,1.25,88000,1.9513888888888888,0,140,104,12,32,0,0,0,32,6,2,0.052083333333333336,30.0,0.0,True,False
288,4 4 18,576,16.0,7,1.25,88200,1.9513888888888888,0,140,104,12,32,0,0,0,32,6,2,0.052083333333333336,30.0,0.0,True,False
288,4 4 18,576,16.0,7,1.25,88400,1.9513888888888888,0,140,104,12,32,0,0,0,32,6,2,0.052083333333333336,30.0,0.0,True,False
288,4 4 18,576,16.0,7,1.25,88600,1.9513888888888888,0,140,104,12,32,0,0,0,32,6,2,0.052083333333333336,30.0,0.0,True,False
288,4 4 18,576,16.0,7,1.25,88800,1.9513888888888888,0,140,104,12,32,0,0,0,32,6,2,0.052083333333333336,30.0,0.0,True,False
288,4 4 18,576,16.0,7,1.25,89000,1.9513888888888888,0,140,104,12,32,0,0,0,32,6,2,0.052083333333333336,30.0,0.0,True,False
288,4 4 18,576,16.0,7,1.25,89200,1.9513888888888888,0,140,104,12,32,0,0,0,32,6,2,0.052083333333333336,30.0,0.0,True,False
288,4 4 18,576,16.0,7,1.25,89400,1.9513888888888888,0,140,104,12,32,0,0,0,32,6,2,0.052083333333333336,30.0,0.0,True,False
288,4 4 18,576,16.0,7,1.25,89600,1.9513888888888888,0,140,104,12,32,0,0,0,32,6,2,0.052083333333333336,30.0,0.0,True,False
288,4 4 18,576,16.0,7,1.25,89800,1.9513888888888888,0,140,104,12,32,0,0,0,32,6,2,0.052083333333333336,30.0,0.0,True,False
288,4 4 18,576,16.0,7,1.25,90000,1.9513888888888888,0,140,104,12,32,0,0,0,32,6,2,0.052083333333333336,30.0,0.0,True,False
288,4 4 18,576,16.0,7,1.25,90200,1.9513888888888888,0,140,104,12,32,0,0,0,32,6,2,0.052083333333333336,30.0,0.0,True,False
288,4 4 18,576,16.0,7,1.25,90400,1.9513888888888888,0,140,104,12,32,0,0,0,32,6,2,0.052083333333333336,30.0,0.0,True,False
288,4 4 18,576,16.0,7,1.25,90600,1.9513888888888888,0,140,104,12,32,0,0,0,32,6,2,0.052083333333333336,30.0,0.0,True,False
288,4 4 18,576,16.0,7,1.25,90800,1.9513888888888888,0,140,104,12,32,0,0,0,32,6,2,0.052083333333333336,30.0,0.0,True,False
288,4 4 18,576,16.0,7,1.25,91000,1.9513888888888888,0,140,104,12,32,0,0,0,32,6,2,0.052083333333333336,30.0,0.0,True,False
288,4 4 18,576,16.0,7,1.25,91200,1.9513888888888888,0,140,104,12,32,0,0,0,32,6,2,0.052083333333333336,30.0,0.0,True,False
288,4 4 18,576,16.0,7,1.25,91400,1.9513888888888888,0,140,104,12,32,0,0,0,32,6,2,0.052083333333333336,30.0,0.0,True,False
288,4 4 18,576,16.0,7,1.25,91600,1.9513888888888888,0,140,104,12,32,0,0,0,32,6,2,0.052083333333333336,30.0,0.0,True,False
288,4 4 18,576,16.0,7,1.25,91800,1.9513888888888888,0,140,104,12,32,0,0,0,32,6,2,0.052083333333333336,30.0,0.0,True,False
288,4 4 18,576,16.0,7,1.25,92000,1.9513888888888888,0,140,104,12,32,0,0,0,32,6,2,0.052083333333333336,30.0,0.0,True,False
288,4 4 18,576,16.0,7,1.25,92200,1.9513888888888888,0,140,104,12,32,0,0,0,32,6,2,0.052083333333333336,30.0,0.0,True,False
288,4 4 18,576,16.0,7,1.25,92400,1.9513888888888888,0,140,104,12,32,0,0,0,32,6,2,0.052083333333333336,30.0,0.0,True,False
288,4 4 18,576,16.0,7,1.25,92600,1.9513888888888888,0,140,104,12,32,0,0,0,32,6,2,0.052083333333333336,30.0,0.0,True,False
288,4 4 18,576,16.0,7,1.25,92800,1.9513888888888888,0,140,104,12,32,0,0,0,32,6,2,0.052083333333333336,30.0,0.0,True,False
288,4 4 18,576,16.0,7,1.25,93000,1.9513888888888888,0,140,104,12,32,0,0,0,32,6,2,0.052083333333333336,30.0,0.0,True,False
288,4 4 18,576,16.0,7,1.25,93200,1.9513888888888888,0,140,104,12,32,0,0,0,32,6,2,0.052083333333333336,30.0,0.0,True,False
288,4 4 18,576,16.0,7,1.25,93400,1.9513888888888888,0,140,104,12,32,0,0,0,32,6,2,0.052083333333333336,30.0,0.0,True,False
288,4 4 18,576,16.0,7,1.25,93600,1.9513888888888888,0,140,104,12,32,0,0,0,32,6,2,0.052083333333333336,30.0,0.0,True,False
288,4 4 18,576,16.0,7,1.25,93800,1.9513888888888888,0,140,104,12,32,0,0,0,32,6,2,0.052083333333333336,30.0,0.0,True,False
288,4 4 18,576,16.0,7,1.25,94000,1.9513888888888888,0,140,104,12,32,0,0,0,32,6,2,0.052083333333333336,30.0,0.0,True,False
288,4 4 18,576,16.0,7,1.25,94200,1.9513888888888888,0,140,104,12,32,0,0,0,32,6,2,0.052083333333333336,30.0,0.0,True,False
288,4 4 18,576,16.0,7,1.25,94400,1.9513888888888888,0,140,104,12,32,0,0,0,32,6,2,0.052083333333333336,30.0,0.0,True,False
288,4 4 18,576,16.0,7,1.25,94600,1.9513888888888888,0,140,104,12,32,0,0,0,32,6,2,0.052083333333333336,30.0,0.0,True,False
288,4 4 18,576,16.0,7,1.25,94800,1.9513888888888888,0,140,104,12,32,0,0,0,32,6,2,0.052083333333333336,30.0,0.0,True,False
288,4 4 18,576,16.0,7,1.25,95000,1.9513888888888888,0,140,104,12,32,0,0,0,32,6,2,0.052083333333333336,30.0,0.0,True,False
288,4 4 18,576,16.0,7,1.25,95200,1.9513888888888888,0,140,104,12,32,0,0,0,32,6,2,0.052083333333333336,30.0,0.0,True,False
288,4 4 18,576,16.0,7,1.25,95400,1.9513888888888888,0,140,104,12,32,0,0,0,32,6,2,0.052083333333333336,30.0,0.0,True,False
288,4 4 18,576,16.0,7,1.25,95600,1.9513888888888888,0,140,104,12,32,0,0,0,32,6,2,0.052083333333333336,30.0,0.0,True,False
288,4 4 18,576,16.0,7,1.25,95800,1.9513888888888888,0,140,104,12,32,0,0,0,32,6,2,0.052083333333333336,30.0,0.0,True,False
288,4 4 18,576,16.0,7,1.25,96000,1.9513888888888888,0,140,104,12,32,0,0,0,32,6,2,0.052083333333333336,30.0,0.0,True,False
288,4 4 18,576,16.0,7,1.25,96200,1.9513888888888888,0,140,104,12,32,0,0,0,32,6,2,0.052083333333333336,30.0,0.0,True,False
288,4 4 18,576,16.0,7,1.25,96400,1.9513888888888888,0,140,104,12,32,0,0,0,32,6,2,0.052083333333333336,30.0,0.0,True,False
288,4 4 18,576,16.0,7,1.25,96600,1.9513888888888888,0,140,104,12,32,0,0,0,32,6,2,0.052083333333333336,30.0,0.0,True,False
288,4 4 18,576,16.0,7,1.25,96800,1.9513888888888888,0,140,104,12,32,0,0,0,32,6,2,0.052083333333333336,30.0,0.0,True,False
288,4 4 18,576,16.0,7,1.25,97000,1.9513888888888888,0,140,104,12,32,0,0,0,32,6,2,0.052083333333333336,30.0,0.0,True,False
288,4 4 18,576,16.0,7,1.25,97200,1.9513888888888888,0,140,104,12,32,0,0,0,32,6,2,0.052083333333333336,30.0,0.0,True,False
288,4 4 18,576,16.0,7,1.25,97400,1.9513888888888888,0,140,104,12,32,0,0,0,32,6,2,0.052083333333333336,30.0,0.0,True,False
288,4 4 18,576,16.0,7,1.25,97600,1.9513888888888888,0,140,104,12,32,0,0,0,32,6,2,0.052083333333333336,30.0,0.0,True,False
288,4 4 18,576,16.0,7,1.25,97800,1.9513888888888888,0,140,104,12,32,0,0,0,32,6,2,0.052083333333333336,30.0,0.0,True,False
288,4 4 18,576,16.0,7,1.25,98000,1.9513888888888888,0,140,104,12,32,0,0,0,32,6,2,0.052083333333333336,30.0,0.0,True,False
288,4 4 18,576,16.0,7,1.25,98200,1.9513888888888888,0,140,104,12,32,0,0,0,32,6,2,0.052083333333333336,30.0,0.0,True,False
288,4 4 18,576,16.0,7,1.25,98400,1.9513888888888888,0,140,104,12,32,0,0,0,32,6,2,0.052083333333333336,30.0,0.0,True,False
288,4 4 18,576,16.0,7,1.25,98600,1.9513888888888888,0,140,104,12,32,0,0,0,32,6,2,0.052083333333333336,30.0,0.0,True,False
288,4 4 18,576,16.0,7,1.25,98800,1.9513888888888888,0,140,104,12,32,0,0,0,32,6,2,0.052083333333333336,30.0,0.0,True,False
288,4 4 18,576,16.0,7,1.25,99000,1.9513888888888888,0,140,104,12,32,0,0,0,32,6,2,0.052083333333333336,30.0,0.0,True,False
288,4 4 18,576,16.0,7,1.25,99200,1.9513888888888888,0,140,104,12,32,0,0,0,32,6,2,0.052083333333333336,30.0,0.0,True,False
288,4 4 18,576,16.0,7,1.25,99400,1.9513888888888888,0,140,104,12,32,0,0,0,32,6,2,0.052083333333333336,30.0,0.0,True,False
288,4 4 18,576,16.0,7,1.25,99600,1.9513888888888888,0,140,104,12,32,0,0,0,32,6,2,0.052083333333333336,30.0,0.0,True,False
288,4 4 18,576,16.0,7,1.25,99800,1.9513888888888888,0,140,104,12,32,0,0,0,32,6,2,0.052083333333333336,30.0,0.0,True,False
288,4 4 18,576,16.0,7,1.25,100000,1.9513888888888888,0,140,104,12,32,0,0,0,32,6,2,0.052083333333333336,30.0,0.0,True,True
288,4 4 18,576,16.0,8,1.25,0,2.0,0,288,0,0,0,0,0,0,0,0,0,0.027777777777777776,16.0,0.0,False,False
288,4 4 18,576,16.0,8,1.25,200,2.0555555555555554,0,272,12,0,4,0,0,0,4,0,0,0.0,0.0,0.0,True,False
288,4 4 18,576,16.0,8,1.25,400,2.0277777777777777,0,240,36,4,4,4,0,0,8,2,2,0.013888888888888888,8.0,0.0,True,False
288,4 4 18,576,16.0,8,1.25,600,2.0277777777777777,0,240,36,4,4,4,0,0,8,2,2,0.013888888888888888,8.0,0.0,True,False
288,4 4 18,576,16.0,8,1.25,800,2.0277777777777777,0,240,36,4,4,4,0,0,8,2,2,0.013888888888888888,8.0,0.0,True,False
288,4 4 18,576,16.0,8,1.25,1000,2.013888888888889,0,224,48,4,8,4,0,0,12,2,2,0.020833333333333332,12.0,0.0,True,False
288,4 4 18,576,16.0,8,1.25,1200,2.013888888888889,0,224,48,4,8,4,0,0,12,2,2,0.020833333333333332,12.0,0.0,True,False
288,4 4 18,576,16.0,8,1.25,1400,2.013888888888889,0,224,48,4,8,4,0,0,12,2,2,0.020833333333333332,12.0,0.0,True,False
288,4 4 18,576,16.0,8,1.25,1600,2.013888888888889,0,224,48,4,8,4,0,0,12,2,2,0.020833333333333332,12.0,0.0,True,False
288,4 4 18,576,16.0,8,1.25,1800,2.0,0,208,60,4,12,4,0,0,16,2,2,0.027777777777777776,16.0,0.0,True,False
288,4 4 18,576,16.0,8,1.25,2000,2.0,0,208,60,4,12,4,0,0,16,2,2,0.027777777777777776,16.0,0.0,True,False
288,4 4 18,576,16.0,8,1.25,2200,2.0,0,208,60,4,12,4,0,0,16,2,2,0.027777777777777776,16.0,0.0,True,False
288,4 4 18,576,16.0,8,1.25,2400,2.0,0,208,60,4,12,4,0,0,16,2,2,0.027777777777777776,16.0,0.0,True,False
288,4 4 18,576,16.0,8,1.25,2600,2.0,0,208,60,4,12,4,0,0,16,2,2,0.027777777777777776,16.0,0.0,True,False
288,4 4 18,576,16.0,8,1.25,2800,1.9861111111111112,0,192,72,4,16,4,0,0,20,2,2,0.034722222222222224,20.0,0.0,True,False
288,4 4 18,576,16.0,8,1.25,3000,1.9861111111111112,0,192,72,4,16,4,0,0,20,2,2,0.034722222222222224,20.0,0.0,True,False
288,4 4 18,576,16.0,8,1.25,3200,1.9861111111111112,0,192,72,4,16,4,0,0,20,2,2,0.034722222222222224,20.0,0.0,True,False
288,4 4 18,576,16.0,8,1.25,3400,1.9861111111111112,0,192,72,4,16,4,0,0,20,2,2,0.034722222222222224,20.0,0.0,True,False
288,4 4 18,576,16.0,8,1.25,3600,1.9861111111111112,0,192,72,4,16,4,0,0,20,2,2,0.034722222222222224,20.0,0.0,True,False
288,4 4 18,576,16.0,8,1.25,3800,1.9861111111111112,0,192,72,4,16,4,0,0,20,2,2,0.034722222222222224,20.0,0.0,True,False
288,4 4 18,576,16.0,8,1.25,4000,1.9861111111111112,0,192,72,4,16,4,0,0,20,2,2,0.034722222222222224,20.0,0.0,True,False
288,4 4 18,576,16.0,8,1.25,4200,1.9861111111111112,0,192,72,4,16,4,0,0,20,2,2,0.034722222222222224,20.0,0.0,True,False
288,4 4 18,576,16.0,8,1.25,4400,1.9861111111111112,0,192,72,4,16,4,0,0,20,2,2,0.034722222222222224,20.0,0.0,True,False
288,4 4 18,576,16.0,8,1.25,4600,1.9861111111111112,0,192,72,4,16,4,0,0,20,2,2,0.034722222222222224,20.0,0.0,True,False
288,4 4 18,576,16.0,8,1.25,4800,1.9722222222222223,0,176,84,4,20,4,0,0,24,2,2,0.041666666666666664,24.0,0.0,True,False
288,4 4 18,576,16.0,8,1.25,5000,1.9722222222222223,0,176,84,4,20,4,0,0,24,2,2,0.041666666666666664,24.0,0.0,True,False
288,4 4 18,576,16.0,8,1.25,5200,1.9722222222222223,0,176,84,4,20,4,0,0,24,2,2,0.041666666666666664,24.0,0.0,True,False
288,4 4 18,576,16.0,8,1.25,5400,1.9722222222222223,0,176,84,4,20,4,0,0,24,2,2,0.041666666666666664,24.0,0.0,True,False
288,4 4 18,576,16.0,8,1.25,5600,1.9722222222222223,0,176,84,4,20,4,0,0,24,2,2,0.041666666666666664,24.0,0.0,True,False
288,4 4 18,576,16.0,8,1.25,5800,1.9722222222222223,0,176,84,4,20,4,0,0,24,2,2,0.041666666666666664,24.0,0.0,True,False
288,4 4 18,576,16.0,8,1.25,6000,1.9722222222222223,0,176,84,4,20,4,0,0,24,2,2,0.041666666666666664,24.0,0.0,True,False
288,4 4 18,576,16.0,8,1.25,6200,1.9722222222222223,0,176,84,4,20,4,0,0,24,2,2,0.041666666666666664,24.0,0.0,True,False
288,4 4 18,576,16.0,8,1.25,6400,1.9722222222222223,0,176,84,4,20,4,0,0,24,2,2,0.041666666666666664,24.0,0.0,True,False
288,4 4 18,576,16.0,8,1.25,6600,1.9583333333333333,0,160,96,4,24,4,0,0,28,2,2,0.04861111111111111,28.0,0.0,True,False
288,4 4 18,576,16.0,8,1.25,6800,1.9548611111111112,0,150,100,6,32,0,0,0,32,3,2,0.050347222222222224,29.0,0.0,True,False
288,4 4 18,576,16.0,8,1.25,7000,1.9513888888888888,0,140,104,12,32,0,0,0,32,6,2,0.052083333333333336,30.0,0.0,True,False
288,4 4 18,576,16.0,8,1.25,7200,1.9513888888888888,0,140,104,12,32,0,0,0,32,6,2,0.052083333333333336,30.0,0.0,True,False
288,4 4 18,576,16.0,8,1.25,7400,1.9513888888888888,0,140,104,12,32,0,0,0,32,6,2,0.052083333333333336,30.0,0.0,True,False
288,4 4 18,576,16.0,8,1.25,7600,1.9513888888888888,0,140,104,12,32,0,0,0,32,6,2,0.052083333333333336,30.0,0.0,True,False
288,4 4 18,576,16.0,8,1.25,7800,1.9513888888888888,0,140,104,12,32,0,0,0,32,6,2,0.052083333333333336,30.0,0.0,True,False
288,4 4 18,576,16.0,8,1.25,8000,1.9513888888888888,0,140,104,12,32,0,0,0,32,6,2,0.052083333333333336,30.0,0.0,True,False
288,4 4 18,576,16.0,8,1.25,8200,1.9513888888888888,0,140,104,12,32,0,0,0,32,6,2,0.052083333333333336,30.0,0.0,True,False
288,4 4 18,576,16.0,8,1.25,8400,1.9513888888888888,0,140,104,12,32,0,0,0,32,6,2,0.052083333333333336,30.0,0.0,True,False
288,4 4 18,576,16.0,8,1.25,8600,1.9513888888888888,0,140,104,12,32,0,0,0,32,6,2,0.052083333333333336,30.0,0.0,True,False
288,4 4 18,576,16.0,8,1.25,8800,1.9513888888888888,0,140,104,12,32,0,0,0,32,6,2,0.052083333333333336,30.0,0.0,True,False
288,4 4 18,576,16.0,8,1.25,9000,1.9513888888888888,0,140,104,12,32,0,0,0,32,6,2,0.052083333333333336,30.0,0.0,True,False
288,4 4 18,576,16.0,8,1.25,9200,1.9513888888888888,0,140,104,12,32,0,0,0,32,6,2,0.052083333333333336,30.0,0.0,True,False
288,4 4 18,576,16.0,8,1.25,9400,1.9513888888888888,0,140,104,12,32,0,0,0,32,6,2,0.052083333333333336,30.0,0.0,True,False
288,4 4 18,576,16.0,8,1.25,9600,1.9513888888888888,0,140,104,12,32,0,0,0,32,6,2,0.052083333333333336,30.0,0.0,True,False
288,4 4 18,576,16.0,8,1.25,9800,1.9513888888888888,0,140,104,12,32,0,0,0,32,6,2,0.052083333333333336,30.0,0.0,True,False
288,4 4 18,576,16.0,8,1.25,10000,1.9513888888888888,0,140,104,12,32,0,0,0,32,6,2,0.052083333333333336,30.0,0.0,True,False
288,4 4 18,576,16.0,8,1.25,10200,1.9513888888888888,0,140,104,12,32,0,0,0,32,6,2,0.052083333333333336,30.0,0.0,True,False
288,4 4 18,576,16.0,8,1.25,10400,1.9513888888888888,0,140,104,12,32,0,0,0,32,6,2,0.052083333333333336,30.0,0.0,True,False
288,4 4 18,576,16.0,8,1.25,10600,1.9513888888888888,0,140,104,12,32,0,0,0,32,6,2,0.052083333333333336,30.0,0.0,True,False
288,4 4 18,576,16.0,8,1.25,10800,1.9513888888888888,0,140,104,12,32,0,0,0,32,6,2,0.052083333333333336,30.0,0.0,True,False
288,4 4 18,576,16.0,8,1.25,11000,1.9513888888888888,0,140,104,12,32,0,0,0,32,6,2,0.052083333333333336,30.0,0.0,True,False
288,4 4 18,576,16.0,8,1.25,11200,1.9513888888888888,0,140,104,12,32,0,0,0,32,6,2,0.052083333333333336,30.0,0.0,True,False
288,4 4 18,576,16.0,8,1.25,11400,1.9513888888888888,0,140,104,12,32,0,0,0,32,6,2,0.052083333333333336,30.0,0.0,True,False
288,4 4 18,576,16.0,8,1.25,11600,1.9513888888888888,0,140,104,12,32,0,0,0,32,6,2,0.052083333333333336,30.0,0.0,True,False
288,4 4 18,576,16.0,8,1.25,11800,1.9513888888888888,0,140,104,12,32,0,0,0,32,6,2,0.052083333333333336,30.0,0.0,True,False
288,4 4 18,576,16.0,8,1.25,12000,1.9513888888888888,0,140,104,12,32,0,0,0,32,6,2,0.052083333333333336,30.0,0.0,True,False
288,4 4 18,576,16.0,8,1.25,12200,1.9513888888888888,0,140,104,12,32,0,0,0,32,6,2,0.052083333333333336,30.0,0.0,True,False
288,4 4 18,576,16.0,8,1.25,12400,1.9513888888888888,0,140,104,12,32,0,0,0,32,6,2,0.052083333333333336,30.0,0.0,True,False
288,4 4 18,576,16.0,8,1.25,12600,1.9513888888888888,0,140,104,12,32,0,0,0,32,6,2,0.052083333333333336,30.0,0.0,True,False
288,4 4 18,576,16.0,8,1.25,12800,1.9513888888888888,0,140,104,12,32,0,0,0,32,6,2,0.052083333333333336,30.0,0.0,True,False
288,4 4 18,576,16.0,8,1.25,13000,1.9513888888888888,0,140,104,12,32,0,0,0,32,6,2,0.052083333333333336,30.0,0.0,True,False
288,4 4 18,576,16.0,8,1.25,13200,1.9513888888888888,0,140,104,12,32,0,0,0,32,6,2,0.052083333333333336,30.0,0.0,True,False
288,4 4 18,576,16.0,8,1.25,13400,1.9513888888888888,0,140,104,12,32,0,0,0,32,6,2,0.052083333333333336,30.0,0.0,True,False
288,4 4 18,576,16.0,8,1.25,13600,1.9513888888888888,0,140,104,12,32,0,0,0,32,6,2,0.052083333333333336,30.0,0.0,True,False
288,4 4 18,576,16.0,8,1.25,13800,1.9513888888888888,0,140,104,12,32,0,0,0,32,6,2,0.052083333333333336,30.0,0.0,True,False
288,4 4 18,576,16.0,8,1.25,14000,1.9513888888888888,0,140,104,12,32,0,0,0,32,6,2,0.052083333333333336,30.0,0.0,True,False
288,4 4 18,576,16.0,8,1.25,14200,1.9513888888888888,0,140,104,12,32,0,0,0,32,6,2,0.052083333333333336,30.0,0.0,True,False
288,4 4 18,576,16.0,8,1.25,14400,1.9513888888888888,0,140,104,12,32,0,0,0,32,6,2,0.052083333333333336,30.0,0.0,True,False
288,4 4 18,576,16.0,8,1.25,14600,1.9513888888888888,0,140,104,12,32,0,0,0,32,6,2,0.052083333333333336,30.0,0.0,True,False
288,4 4 18,576,16.0,8,1.25,14800,1.9513888888888888,0,140,104,12,32,0,0,0,32,6,2,0.052083333333333336,30.0,0.0,True,False
288,4 4 18,576,16.0,8,1.25,15000,1.9513888888888888,0,140,104,12,32,0,0,0,32,6,2,0.052083333333333336,30.0,0.0,True,False
288,4 4 18,576,16.0,8,1.25,15200,1.9513888888888888,0,140,104,12,32,0,0,0,32,6,2,0.052083333333333336,30.0,0.0,True,False
288,4 4 18,576,16.0,8,1.25,15400,1.9513888888888888,0,140,104,12,32,0,0,0,32,6,2,0.052083333333333336,30.0,0.0,True,False
288,4 4 18,576,16.0,8,1.25,15600,1.9513888888888888,0,140,104,12,32,0,0,0,32,6,2,0.052083333333333336,30.0,0.0,True,False
288,4 4 18,576,16.0,8,1.25,15800,1.9513888888888888,0,140,104,12,32,0,0,0,32,6,2,0.052083333333333336,30.0,0.0,True,False
288,4 4 18,576,16.0,8,1.25,16000,1.9513888888888888,0,140,104,12,32,0,0,0,32,6,2,0.052083333333333336,30.0,0.0,True,False
288,4 4 18,576,16.0,8,1.25,16200,1.9513888888888888,0,140,104,12,32,0,0,0,32,6,2,0.052083333333333336,30.0,0.0,True,False
288,4 4 18,576,16.0,8,1.25,16400,1.9513888888888888,0,140,104,12,32,0,0,0,32,6,2,0.052083333333333336,30.0,0.0,True,False
288,4 4 18,576,16.0,8,1.25,16600,1.9513888888888888,0,140,104,12,32,0,0,0,32,6,2,0.052083333333333336,30.0,0.0,True,False
288,4 4 18,576,16.0,8,1.25,16800,1.9513888888888888,0,140,104,12,32,0,0,0,32,6,2,0.052083333333333336,30.0,0.0,True,False
288,4 4 18,576,16.0,8,1.25,17000,1.9513888888888888,0,140,104,12,32,0,0,0,32,6,2,0.052083333333333336,30.0,0.0,True,False
288,4 4 18,576,16.0,8,1.25,17200,1.9513888888888888,0,140,104,12,32,0,0,0,32,6,2,0.052083333333333336,30.0,0.0,True,False
288,4 4 18,576,16.0,8,1.25,17400,1.9513888888888888,0,140,104,12,32,0,0,0,32,6,2,0.052083333333333336,30.0,0.0,True,False
288,4 4 18,576,16.0,8,1.25,17600,1.9513888888888888,0,140,104,12,32,0,0,0,32,6,2,0.052083333333333336,30.0,0.0,True,False
288,4 4 18,576,16.0,8,1.25,17800,1.9513888888888888,0,140,104,12,32,0,0,0,32,6,2,0.052083333333333336,30.0,0.0,True,False
288,4 4 18,576,16.0,8,1.25,18000,1.9513888888888888,0,140,104,12,32,0,0,0,32,6,2,0.052083333333333336,30.0,0.0,True,False
288,4 4 18,576,16.0,8,1.25,18200,1.9513888888888888,0,140,104,12,32,0,0,0,32,6,2,0.052083333333333336,30.0,0.0,True,False
288,4 4 18,576,16.0,8,1.25,18400,1.9513888888888888,0,140,104,12,32,0,0,0,32,6,2,0.052083333333333336,30.0,0.0,True,False
288,4 4 18,576,16.0,8,1.25,18600,1.9513888888888888,0,140,104,12,32,0,0,0,32,6,2,0.052083333333333336,30.0,0.0,True,False
288,4 4 18,576,16.0,8,1.25,18800,1.9513888888888888,0,140,104,12,32,0,0,0,32,6,2,0.052083333333333336,30.0,0.0,True,False
288,4 4 18,576,16.0,8,1.25,19000,1.9513888888888888,0,140,104,12,32,0,0,0,32,6,2,0.052083333333333336,30.0,0.0,True,False
288,4 4 18,576,16.0,8,1.25,19200,1.9513888888888888,0,140,104,12,32,0,0,0,32,6,2,0.052083333333333336,30.0,0.0,True,False
288,4 4 18,576,16.0,8,1.25,19400,1.9513888888888888,0,140,104,12,32,0,0,0,32,6,2,0.052083333333333336,30.0,0.0,True,False
288,4 4 18,576,16.0,8,1.25,19600,1.9513888888888888,0,140,104,12,32,0,0,0,32,6,2,0.052083333333333336,30.0,0.0,True,False
288,4 4 18,576,16.0,8,1.25,19800,1.9513888888888888,0,140,104,12,32,0,0,0,32,6,2,0.052083333333333336,30.0,0.0,True,False
288,4 4 18,576,16.0,8,1.25,20000,1.9513888888888888,0,140,104,12,32,0,0,0,32,6,2,0.052083333333333336,30.0,0.0,True,False
288,4 4 18,576,16.0,8,1.25,20200,1.9513888888888888,0,140,104,12,32,0,0,0,32,6,2,0.052083333333333336,30.0,0.0,True,False
288,4 4 18,576,16.0,8,1.25,20400,1.9513888888888888,0,140,104,12,32,0,0,0,32,6,2,0.052083333333333336,30.0,0.0,True,False
288,4 4 18,576,16.0,8,1.25,20600,1.9513888888888888,0,140,104,12,32,0,0,0,32,6,2,0.052083333333333336,30.0,0.0,True,False
288,4 4 18,576,16.0,8,1.25,20800,1.9513888888888888,0,140,104,12,32,0,0,0,32,6,2,0.052083333333333336,30.0,0.0,True,False
288,4 4 18,576,16.0,8,1.25,21000,1.9513888888888888,0,140,104,12,32,0,0,0,32,6,2,0.052083333333333336,30.0,0.0,True,False
288,4 4 18,576,16.0,8,1.25,21200,1.9513888888888888,0,140,104,12,32,0,0,0,32,6,2,0.052083333333333336,30.0,0.0,True,False
288,4 4 18,576,16.0,8,1.25,21400,1.9513888888888888,0,140,104,12,32,0,0,0,32,6,2,0.052083333333333336,30.0,0.0,True,False
288,4 4 18,576,16.0,8,1.25,21600,1.9513888888888888,0,140,104,12,32,0,0,0,32,6,2,0.052083333333333336,30.0,0.0,True,False
288,4 4 18,576,16.0,8,1.25,21800,1.9513888888888888,0,140,104,12,32,0,0,0,32,6,2,0.052083333333333336,30.0,0.0,True,False
288,4 4 18,576,16.0,8,1.25,22000,1.9513888888888888,0,140,104,12,32,0,0,0,32,6,2,0.052083333333333336,30.0,0.0,True,False
288,4 4 18,576,16.0,8,1.25,22200,1.9513888888888888,0,140,104,12,32,0,0,0,32,6,2,0.052083333333333336,30.0,0.0,True,False
288,4 4 18,576,16.0,8,1.25,22400,1.9513888888888888,0,140,104,12,32,0,0,0,32,6,2,0.052083333333333336,30.0,0.0,True,False
288,4 4 18,576,16.0,8,1.25,22600,1.9513888888888888,0,140,104,12,32,0,0,0,32,6,2,0.052083333333333336,30.0,0.0,True,False
288,4 4 18,576,16.0,8,1.25,22800,1.9513888888888888,0,140,104,12,32,0,0,0,32,6,2,0.052083333333333336,30.0,0.0,True,False
288,4 4 18,576,16.0,8,1.25,23000,1.9513888888888888,0,140,104,12,32,0,0,0,32,6,2,0.052083333333333336,30.0,0.0,True,False
288,4 4 18,576,16.0,8,1.25,23200,1.9513888888888888,0,140,104,12,32,0,0,0,32,6,2,0.052083333333333336,30.0,0.0,True,False
288,4 4 18,576,16.0,8,1.25,23400,1.9513888888888888,0,140,104,12,32,0,0,0,32,6,2,0.052083333333333336,30.0,0.0,True,False
288,4 4 18,576,16.0,8,1.25,23600,1.9513888888888888,0,140,104,12,32,0,0,0,32,6,2,0.052083333333333336,30.0,0.0,True,False
288,4 4 18,576,16.0,8,1.25,23800,1.9513888888888888,0,140,104,12,32,0,0,0,32,6,2,0.052083333333333336,30.0,0.0,True,False
288,4 4 18,576,16.0,8,1.25,24000,1.9513888888888888,0,140,104,12,32,0,0,0,32,6,2,0.052083333333333336,30.0,0.0,True,False
288,4 4 18,576,16.0,8,1.25,24200,1.9513888888888888,0,140,104,12,32,0,0,0,32,6,2,0.052083333333333336,30.0,0.0,True,False
288,4 4 18,576,16.0,8,1.25,24400,1.9513888888888888,0,140,104,12,32,0,0,0,32,6,2,0.052083333333333336,30.0,0.0,True,False
288,4 4 18,576,16.0,8,1.25,24600,1.9513888888888888,0,140,104,12,32,0,0,0,32,6,2,0.052083333333333336,30.0,0.0,True,False
288,4 4 18,576,16.0,8,1.25,24800,1.9513888888888888,0,140,104,12,32,0,0,0,32,6,2,0.052083333333333336,30.0,0.0,True,False
288,4 4 18,576,16.0,8,1.25,25000,1.9513888888888888,0,140,104,12,32,0,0,0,32,6,2,0.052083333333333336,30.0,0.0,True,False
288,4 4 18,576,16.0,8,1.25,25200,1.9513888888888888,0,140,104,12,32,0,0,0,32,6,2,0.052083333333333336,30.0,0.0,True,False
288,4 4 18,576,16.0,8,1.25,25400,1.9513888888888888,0,140,104,12,32,0,0,0,32,6,2,0.052083333333333336,30.0,0.0,True,False
288,4 4 18,576,16.0,8,1.25,25600,1.9513888888888888,0,140,104,12,32,0,0,0,32,6,2,0.052083333333333336,30.0,0.0,True,False
288,4 4 18,576,16.0,8,1.25,25800,1.9513888888888888,0,140,104,12,32,0,0,0,32,6,2,0.052083333333333336,30.0,0.0,True,False
288,4 4 18,576,16.0,8,1.25,26000,1.9513888888888888,0,140,104,12,32,0,0,0,32,6,2,0.052083333333333336,30.0,0.0,True,False
288,4 4 18,576,16.0,8,1.25,26200,1.9513888888888888,0,140,104,12,32,0,0,0,32,6,2,0.052083333333333336,30.0,0.0,True,False
288,4 4 18,576,16.0,8,1.25,26400,1.9513888888888888,0,140,104,12,32,0,0,0,32,6,2,0.052083333333333336,30.0,0.0,True,False
288,4 4 18,576,16.0,8,1.25,26600,1.9513888888888888,0,140,104,12,32,0,0,0,32,6,2,0.052083333333333336,30.0,0.0,True,False
288,4 4 18,576,16.0,8,1.25,26800,1.9513888888888888,0,140,104,12,32,0,0,0,32,6,2,0.052083333333333336,30.0,0.0,True,False
288,4 4 18,576,16.0,8,1.25,27000,1.9513888888888888,0,140,104,12,32,0,0,0,32,6,2,0.052083333333333336,30.0,0.0,True,False
288,4 4 18,576,16.0,8,1.25,27200,1.9513888888888888,0,140,104,12,32,0,0,0,32,6,2,0.052083333333333336,30.0,0.0,True,False
288,4 4 18,576,16.0,8,1.25,27400,1.9513888888888888,0,140,104,12,32,0,0,0,32,6,2,0.052083333333333336,30.0,0.0,True,False
288,4 4 18,576,16.0,8,1.25,27600,1.9513888888888888,0,140,104,12,32,0,0,0,32,6,2,0.052083333333333336,30.0,0.0,True,False
288,4 4 18,576,16.0,8,1.25,27800,1.9513888888888888,0,140,104,12,32,0,0,0,32,6,2,0.052083333333333336,30.0,0.0,True,False
288,4 4 18,576,16.0,8,1.25,28000,1.9513888888888888,0,140,104,12,32,0,0,0,32,6,2,0.052083333333333336,30.0,0.0,True,False
288,4 4 18,576,16.0,8,1.25,28200,1.9513888888888888,0,140,104,12,32,0,0,0,32,6,2,0.052083333333333336,30.0,0.0,True,False
288,4 4 18,576,16.0,8,1.25,28400,1.9513888888888888,0,140,104,12,32,0,0,0,32,6,2,0.052083333333333336,30.0,0.0,True,False
288,4 4 18,576,16.0,8,1.25,28600,1.9513888888888888,0,140,104,12,32,0,0,0,32,6,2,0.052083333333333336,30.0,0.0,True,False
288,4 4 18,576,16.0,8,1.25,28800,1.9513888888888888,0,140,104,12,32,0,0,0,32,6,2,0.052083333333333336,30.0,0.0,True,False
288,4 4 18,576,16.0,8,1.25,29000,1.9513888888888888,0,140,104,12,32,0,0,0,32,6,2,0.052083333333333336,30.0,0.0,True,False
288,4 4 18,576,16.0,8,1.25,29200,1.9513888888888888,0,140,104,12,32,0,0,0,32,6,2,0.052083333333333336,30.0,0.0,True,False
288,4 4 18,576,16.0,8,1.25,29400,1.9513888888888888,0,140,104,12,32,0,0,0,32,6,2,0.052083333333333336,30.0,0.0,True,False
288,4 4 18,576,16.0,8,1.25,29600,1.9513888888888888,0,140,104,12,32,0,0,0,32,6,2,0.052083333333333336,30.0,0.0,True,False
288,4 4 18,576,16.0,8,1.25,29800,1.9513888888888888,0,140,104,12,32,0,0,0,32,6,2,0.052083333333333336,30.0,0.0,True,False
288,4 4 18,576,16.0,8,1.25,30000,1.9513888888888888,0,140,104,12,32,0,0,0,32,6,2,0.052083333333333336,30.0,0.0,True,False
288,4 4 18,576,16.0,8,1.25,30200,1.9513888888888888,0,140,104,12,32,0,0,0,32,6,2,0.052083333333333336,30.0,0.0,True,False
288,4 4 18,576,16.0,8,1.25,30400,1.9513888888888888,0,140,104,12,32,0,0,0,32,6,2,0.052083333333333336,30.0,0.0,True,False
288,4 4 18,576,16.0,8,1.25,30600,1.9513888888888888,0,140,104,12,32,0,0,0,32,6,2,0.052083333333333336,30.0,0.0,True,False
288,4 4 18,576,16.0,8,1.25,30800,1.9513888888888888,0,140,104,12,32,0,0,0,32,6,2,0.052083333333333336,30.0,0.0,True,False
288,4 4 18,576,16.0,8,1.25,31000,1.9513888888888888,0,140,104,12,32,0,0,0,32,6,2,0.052083333333333336,30.0,0.0,True,False
288,4 4 18,576,16.0,8,1.25,31200,1.9513888888888888,0,140,104,12,32,0,0,0,32,6,2,0.052083333333333336,30.0,0.0,True,False
288,4 4 18,576,16.0,8,1.25,31400,1.9513888888888888,0,140,104,12,32,0,0,0,32,6,2,0.052083333333333336,30.0,0.0,True,False
288,4 4 18,576,16.0,8,1.25,31600,1.9513888888888888,0,140,104,12,32,0,0,0,32,6,2,0.052083333333333336,30.0,0.0,True,False
288,4 4 18,576,16.0,8,1.25,31800,1.9513888888888888,0,140,104,12,32,0,0,0,32,6,2,0.052083333333333336,30.0,0.0,True,False
288,4 4 18,576,16.0,8,1.25,32000,1.9513888888888888,0,140,104,12,32,0,0,0,32,6,2,0.052083333333333336,30.0,0.0,True,False
288,4 4 18,576,16.0,8,1.25,32200,1.9513888888888888,0,140,104,12,32,0,0,0,32,6,2,0.052083333333333336,30.0,0.0,True,False
288,4 4 18,576,16.0,8,1.25,32400,1.9513888888888888,0,140,104,12,32,0,0,0,32,6,2,0.052083333333333336,30.0,0.0,True,False
288,4 4 18,576,16.0,8,1.25,32600,1.9513888888888888,0,140,104,12,32,0,0,0,32,6,2,0.052083333333333336,30.0,0.0,True,False
288,4 4 18,576,16.0,8,1.25,32800,1.9513888888888888,0,140,104,12,32,0,0,0,32,6,2,0.052083333333333336,30.0,0.0,True,False
288,4 4 18,576,16.0,8,1.25,33000,1.9513888888888888,0,140,104,12,32,0,0,0,32,6,2,0.052083333333333336,30.0,0.0,True,False
288,4 4 18,576,16.0,8,1.25,33200,1.9513888888888888,0,140,104,12,32,0,0,0,32,6,2,0.052083333333333336,30.0,0.0,True,False
288,4 4 18,576,16.0,8,1.25,33400,1.9513888888888888,0,140,104,12,32,0,0,0,32,6,2,0.052083333333333336,30.0,0.0,True,False
288,4 4 18,576,16.0,8,1.25,33600,1.9513888888888888,0,140,104,12,32,0,0,0,32,6,2,0.052083333333333336,30.0,0.0,True,False
288,4 4 18,576,16.0,8,1.25,33800,1.9513888888888888,0,140,104,12,32,0,0,0,32,6,2,0.052083333333333336,30.0,0.0,True,False
288,4 4 18,576,16.0,8,1.25,34000,1.9513888888888888,0,140,104,12,32,0,0,0,32,6,2,0.052083333333333336,30.0,0.0,True,False
288,4 4 18,576,16.0,8,1.25,34200,1.9513888888888888,0,140,104,12,32,0,0,0,32,6,2,0.052083333333333336,30.0,0.0,True,False
288,4 4 18,576,16.0,8,1.25,34400,1.9513888888888888,0,140,104,12,32,0,0,0,32,6,2,0.052083333333333336,30.0,0.0,True,False
288,4 4 18,576,16.0,8,1.25,34600,1.9513888888888888,0,140,104,12,32,0,0,0,32,6,2,0.052083333333333336,30.0,0.0,True,False
288,4 4 18,576,16.0,8,1.25,34800,1.9513888888888888,0,140,104,12,32,0,0,0,32,6,2,0.052083333333333336,30.0,0.0,True,False
288,4 4 18,576,16.0,8,1.25,35000,1.9513888888888888,0,140,104,12,32,0,0,0,32,6,2,0.052083333333333336,30.0,0.0,True,False
288,4 4 18,576,16.0,8,1.25,35200,1.9513888888888888,0,140,104,12,32,0,0,0,32,6,2,0.052083333333333336,30.0,0.0,True,False
288,4 4 18,576,16.0,8,1.25,35400,1.9513888888888888,0,140,104,12,32,0,0,0,32,6,2,0.052083333333333336,30.0,0.0,True,False
288,4 4 18,576,16.0,8,1.25,35600,1.9513888888888888,0,140,104,12,32,0,0,0,32,6,2,0.052083333333333336,30.0,0.0,True,False
288,4 4 18,576,16.0,8,1.25,35800,1.9513888888888888,0,140,104,12,32,0,0,0,32,6,2,0.052083333333333336,30.0,0.0,True,False
288,4 4 18,576,16.0,8,1.25,36000,1.9513888888888888,0,140,104,12,32,0,0,0,32,6,2,0.052083333333333336,30.0,0.0,True,False
288,4 4 18,576,16.0,8,1.25,36200,1.9513888888888888,0,140,104,12,32,0,0,0,32,6,2,0.052083333333333336,30.0,0.0,True,False
288,4 4 18,576,16.0,8,1.25,36400,1.9513888888888888,0,140,104,12,32,0,0,0,32,6,2,0.052083333333333336,30.0,0.0,True,False
288,4 4 18,576,16.0,8,1.25,36600,1.9513888888888888,0,140,104,12,32,0,0,0,32,6,2,0.052083333333333336,30.0,0.0,True,False
288,4 4 18,576,16.0,8,1.25,36800,1.9513888888888888,0,140,104,12,32,0,0,0,32,6,2,0.052083333333333336,30.0,0.0,True,False
288,4 4 18,576,16.0,8,1.25,37000,1.9513888888888888,0,140,104,12,32,0,0,0,32,6,2,0.052083333333333336,30.0,0.0,True,False
288,4 4 18,576,16.0,8,1.25,37200,1.9513888888888888,0,140,104,12,32,0,0,0,32,6,2,0.052083333333333336,30.0,0.0,True,False
288,4 4 18,576,16.0,8,1.25,37400,1.9513888888888888,0,140,104,12,32,0,0,0,32,6,2,0.052083333333333336,30.0,0.0,True,False
288,4 4 18,576,16.0,8,1.25,37600,1.9513888888888888,0,140,104,12,32,0,0,0,32,6,2,0.052083333333333336,30.0,0.0,True,False
288,4 4 18,576,16.0,8,1.25,37800,1.9513888888888888,0,140,104,12,32,0,0,0,32,6,2,0.052083333333333336,30.0,0.0,True,False
288,4 4 18,576,16.0,8,1.25,38000,1.9513888888888888,0,140,104,12,32,0,0,0,32,6,2,0.052083333333333336,30.0,0.0,True,False
288,4 4 18,576,16.0,8,1.25,38200,1.9513888888888888,0,140,104,12,32,0,0,0,32,6,2,0.052083333333333336,30.0,0.0,True,False
288,4 4 18,576,16.0,8,1.25,38400,1.9513888888888888,0,140,104,12,32,0,0,0,32,6,2,0.052083333333333336,30.0,0.0,True,False
288,4 4 18,576,16.0,8,1.25,38600,1.9513888888888888,0,140,104,12,32,0,0,0,32,6,2,0.052083333333333336,30.0,0.0,True,False
288,4 4 18,576,16.0,8,1.25,38800,1.9513888888888888,0,140,104,12,32,0,0,0,32,6,2,0.052083333333333336,30.0,0.0,True,False
288,4 4 18,576,16.0,8,1.25,39000,1.9513888888888888,0,140,104,12,32,0,0,0,32,6,2,0.052083333333333336,30.0,0.0,True,False
288,4 4 18,576,16.0,8,1.25,39200,1.9513888888888888,0,140,104,12,32,0,0,0,32,6,2,0.052083333333333336,30.0,0.0,True,False
288,4 4 18,576,16.0,8,1.25,39400,1.9513888888888888,0,140,104,12,32,0,0,0,32,6,2,0.052083333333333336,30.0,0.0,True,False
288,4 4 18,576,16.0,8,1.25,39600,1.9513888888888888,0,140,104,12,32,0,0,0,32,6,2,0.052083333333333336,30.0,0.0,True,False
288,4 4 18,576,16.0,8,1.25,39800,1.9513888888888888,0,140,104,12,32,0,0,0,32,6,2,0.052083333333333336,30.0,0.0,True,False
288,4 4 18,576,16.0,8,1.25,40000,1.9513888888888888,0,140,104,12,32,0,0,0,32,6,2,0.052083333333333336,30.0,0.0,True,False
288,4 4 18,576,16.0,8,1.25,40200,1.9513888888888888,0,140,104,12,32,0,0,0,32,6,2,0.052083333333333336,30.0,0.0,True,False
288,4 4 18,576,16.0,8,1.25,40400,1.9513888888888888,0,140,104,12,32,0,0,0,32,6,2,0.052083333333333336,30.0,0.0,True,False
288,4 4 18,576,16.0,8,1.25,40600,1.9513888888888888,0,140,104,12,32,0,0,0,32,6,2,0.052083333333333336,30.0,0.0,True,False
288,4 4 18,576,16.0,8,1.25,40800,1.9548611111111112,0,150,100,6,32,0,0,0,32,3,2,0.050347222222222224,29.0,0.0,True,False
288,4 4 18,576,16.0,8,1.25,41000,1.9548611111111112,0,150,100,6,32,0,0,0,32,3,2,0.050347222222222224,29.0,0.0,True,False
288,4 4 18,576,16.0,8,1.25,41200,1.9548611111111112,0,150,100,6,32,0,0,0,32,3,2,0.050347222222222224,29.0,0.0,True,False
288,4 4 18,576,16.0,8,1.25,41400,1.9548611111111112,0,150,100,6,32,0,0,0,32,3,2,0.050347222222222224,29.0,0.0,True,False
288,4 4 18,576,16.0,8,1.25,41600,1.9548611111111112,0,150,100,6,32,0,0,0,32,3,2,0.050347222222222224,29.0,0.0,True,False
288,4 4 18,576,16.0,8,1.25,41800,1.9513888888888888,0,140,104,12,32,0,0,0,32,6,2,0.052083333333333336,30.0,0.0,True,False
288,4 4 18,576,16.0,8,1.25,42000,1.9513888888888888,0,140,104,12,32,0,0,0,32,6,2,0.052083333333333336,30.0,0.0,True,False
288,4 4 18,576,16.0,8,1.25,42200,1.9513888888888888,0,140,104,12,32,0,0,0,32,6,2,0.052083333333333336,30.0,0.0,True,False
288,4 4 18,576,16.0,8,1.25,42400,1.9513888888888888,0,140,104,12,32,0,0,0,32,6,2,0.052083333333333336,30.0,0.0,True,False
288,4 4 18,576,16.0,8,1.25,42600,1.9513888888888888,0,140,104,12,32,0,0,0,32,6,2,0.052083333333333336,30.0,0.0,True,False
288,4 4 18,576,16.0,8,1.25,42800,1.9513888888888888,0,140,104,12,32,0,0,0,32,6,2,0.052083333333333336,30.0,0.0,True,False
288,4 4 18,576,16.0,8,1.25,43000,1.9513888888888888,0,140,104,12,32,0,0,0,32,6,2,0.052083333333333336,30.0,0.0,True,False
288,4 4 18,576,16.0,8,1.25,43200,1.9513888888888888,0,140,104,12,32,0,0,0,32,6,2,0.052083333333333336,30.0,0.0,True,False
288,4 4 18,576,16.0,8,1.25,43400,1.9513888888888888,0,140,104,12,32,0,0,0,32,6,2,0.052083333333333336,30.0,0.0,True,False
288,4 4 18,576,16.0,8,1.25,43600,1.9513888888888888,0,140,104,12,32,0,0,0,32,6,2,0.052083333333333336,30.0,0.0,True,False
288,4 4 18,576,16.0,8,1.25,43800,1.9513888888888888,0,140,104,12,32,0,0,0,32,6,2,0.052083333333333336,30.0,0.0,True,False
288,4 4 18,576,16.0,8,1.25,44000,1.9513888888888888,0,140,104,12,32,0,0,0,32,6,2,0.052083333333333336,30.0,0.0,True,False
288,4 4 18,576,16.0,8,1.25,44200,1.9513888888888888,0,140,104,12,32,0,0,0,32,6,2,0.052083333333333336,30.0,0.0,True,False
288,4 4 18,576,16.0,8,1.25,44400,1.9513888888888888,0,140,104,12,32,0,0,0,32,6,2,0.052083333333333336,30.0,0.0,True,False
288,4 4 18,576,16.0,8,1.25,44600,1.9513888888888888,0,140,104,12,32,0,0,0,32,6,2,0.052083333333333336,30.0,0.0,True,False
288,4 4 18,576,16.0,8,1.25,44800,1.9513888888888888,0,140,104,12,32,0,0,0,32,6,2,0.052083333333333336,30.0,0.0,True,False
288,4 4 18,576,16.0,8,1.25,45000,1.9513888888888888,0,140,104,12,32,0,0,0,32,6,2,0.052083333333333336,30.0,0.0,True,False
288,4 4 18,576,16.0,8,1.25,45200,1.9513888888888888,0,140,104,12,32,0,0,0,32,6,2,0.052083333333333336,30.0,0.0,True,False
288,4 4 18,576,16.0,8,1.25,45400,1.9513888888888888,0,140,104,12,32,0,0,0,32,6,2,0.052083333333333336,30.0,0.0,True,False
288,4 4 18,576,16.0,8,1.25,45600,1.9513888888888888,0,140,104,12,32,0,0,0,32,6,2,0.052083333333333336,30.0,0.0,True,False
288,4 4 18,576,16.0,8,1.25,45800,1.9513888888888888,0,140,104,12,32,0,0,0,32,6,2,0.052083333333333336,30.0,0.0,True,False
288,4 4 18,576,16.0,8,1.25,46000,1.9513888888888888,0,140,104,12,32,0,0,0,32,6,2,0.052083333333333336,30.0,0.0,True,False
288,4 4 18,576,16.0,8,1.25,46200,1.9513888888888888,0,140,104,12,32,0,0,0,32,6,2,0.052083333333333336,30.0,0.0,True,False
288,4 4 18,576,16.0,8,1.25,46400,1.9513888888888888,0,140,104,12,32,0,0,0,32,6,2,0.052083333333333336,30.0,0.0,True,False
288,4 4 18,576,16.0,8,1.25,46600,1.9513888888888888,0,140,104,12,32,0,0,0,32,6,2,0.052083333333333336,30.0,0.0,True,False
288,4 4 18,576,16.0,8,1.25,46800,1.9513888888888888,0,140,104,12,32,0,0,0,32,6,2,0.052083333333333336,30.0,0.0,True,False
288,4 4 18,576,16.0,8,1.25,47000,1.9513888888888888,0,140,104,12,32,0,0,0,32,6,2,0.052083333333333336,30.0,0.0,True,False
288,4 4 18,576,16.0,8,1.25,47200,1.9513888888888888,0,140,104,12,32,0,0,0,32,6,2,0.052083333333333336,30.0,0.0,True,False
288,4 4 18,576,16.0,8,1.25,47400,1.9513888888888888,0,140,104,12,32,0,0,0,32,6,2,0.052083333333333336,30.0,0.0,True,False
288,4 4 18,576,16.0,8,1.25,47600,1.9513888888888888,0,140,104,12,32,0,0,0,32,6,2,0.052083333333333336,30.0,0.0,True,False
288,4 4 18,576,16.0,8,1.25,47800,1.9513888888888888,0,140,104,12,32,0,0,0,32,6,2,0.052083333333333336,30.0,0.0,True,False
288,4 4 18,576,16.0,8,1.25,48000,1.9513888888888888,0,140,104,12,32,0,0,0,32,6,2,0.052083333333333336,30.0,0.0,True,False
288,4 4 18,576,16.0,8,1.25,48200,1.9513888888888888,0,140,104,12,32,0,0,0,32,6,2,0.052083333333333336,30.0,0.0,True,False
288,4 4 18,576,16.0,8,1.25,48400,1.9513888888888888,0,140,104,12,32,0,0,0,32,6,2,0.052083333333333336,30.0,0.0,True,False
288,4 4 18,576,16.0,8,1.25,48600,1.9513888888888888,0,140,104,12,32,0,0,0,32,6,2,0.052083333333333336,30.0,0.0,True,False
288,4 4 18,576,16.0,8,1.25,48800,1.9513888888888888,0,140,104,12,32,0,0,0,32,6,2,0.052083333333333336,30.0,0.0,True,False
288,4 4 18,576,16.0,8,1.25,49000,1.9513888888888888,0,140,104,12,32,0,0,0,32,6,2,0.052083333333333336,30.0,0.0,True,False
288,4 4 18,576,16.0,8,1.25,49200,1.9513888888888888,0,140,104,12,32,0,0,0,32,6,2,0.052083333333333336,30.0,0.0,True,False
288,4 4 18,576,16.0,8,1.25,49400,1.9513888888888888,0,140,104,12,32,0,0,0,32,6,2,0.052083333333333336,30.0,0.0,True,False
288,4 4 18,576,16.0,8,1.25,49600,1.9513888888888888,0,140,104,12,32,0,0,0,32,6,2,0.052083333333333336,30.0,0.0,True,False
288,4 4 18,576,16.0,8,1.25,49800,1.9513888888888888,0,140,104,12,32,0,0,0,32,6,2,0.052083333333333336,30.0,0.0,True,False
288,4 4 18,576,16.0,8,1.25,50000,1.9513888888888888,0,140,104,12,32,0,0,0,32,6,2,0.052083333333333336,30.0,0.0,True,False
288,4 4 18,576,16.0,8,1.25,50200,1.9513888888888888,0,140,104,12,32,0,0,0,32,6,2,0.052083333333333336,30.0,0.0,True,False
288,4 4 18,576,16.0,8,1.25,50400,1.9513888888888888,0,140,104,12,32,0,0,0,32,6,2,0.052083333333333336,30.0,0.0,True,False
288,4 4 18,576,16.0,8,1.25,50600,1.9513888888888888,0,140,104,12,32,0,0,0,32,6,2,0.052083333333333336,30.0,0.0,True,False
288,4 4 18,576,16.0,8,1.25,50800,1.9513888888888888,0,140,104,12,32,0,0,0,32,6,2,0.052083333333333336,30.0,0.0,True,False
288,4 4 18,576,16.0,8,1.25,51000,1.9513888888888888,0,140,104,12,32,0,0,0,32,6,2,0.052083333333333336,30.0,0.0,True,False
288,4 4 18,576,16.0,8,1.25,51200,1.9513888888888888,0,140,104,12,32,0,0,0,32,6,2,0.052083333333333336,30.0,0.0,True,False
288,4 4 18,576,16.0,8,1.25,51400,1.9513888888888888,0,140,104,12,32,0,0,0,32,6,2,0.052083333333333336,30.0,0.0,True,False
288,4 4 18,576,16.0,8,1.25,51600,1.9513888888888888,0,140,104,12,32,0,0,0,32,6,2,0.052083333333333336,30.0,0.0,True,False
288,4 4 18,576,16.0,8,1.25,51800,1.9513888888888888,0,140,104,12,32,0,0,0,32,6,2,0.052083333333333336,30.0,0.0,True,False
288,4 4 18,576,16.0,8,1.25,52000,1.9513888888888888,0,140,104,12,32,0,0,0,32,6,2,0.052083333333333336,30.0,0.0,True,False
288,4 4 18,576,16.0,8,1.25,52200,1.9513888888888888,0,140,104,12,32,0,0,0,32,6,2,0.052083333333333336,30.0,0.0,True,False
288,4 4 18,576,16.0,8,1.25,52400,1.9513888888888888,0,140,104,12,32,0,0,0,32,6,2,0.052083333333333336,30.0,0.0,True,False
288,4 4 18,576,16.0,8,1.25,52600,1.9513888888888888,0,140,104,12,32,0,0,0,32,6,2,0.052083333333333336,30.0,0.0,True,False
288,4 4 18,576,16.0,8,1.25,52800,1.9513888888888888,0,140,104,12,32,0,0,0,32,6,2,0.052083333333333336,30.0,0.0,True,False
288,4 4 18,576,16.0,8,1.25,53000,1.9513888888888888,0,140,104,12,32,0,0,0,32,6,2,0.052083333333333336,30.0,0.0,True,False
288,4 4 18,576,16.0,8,1.25,53200,1.9513888888888888,0,140,104,12,32,0,0,0,32,6,2,0.052083333333333336,30.0,0.0,True,False
288,4 4 18,576,16.0,8,1.25,53400,1.9513888888888888,0,140,104,12,32,0,0,0,32,6,2,0.052083333333333336,30.0,0.0,True,False
288,4 4 18,576,16.0,8,1.25,53600,1.9513888888888888,0,140,104,12,32,0,0,0,32,6,2,0.052083333333333336,30.0,0.0,True,False
288,4 4 18,576,16.0,8,1.25,53800,1.9513888888888888,0,140,104,12,32,0,0,0,32,6,2,0.052083333333333336,30.0,0.0,True,False
288,4 4 18,576,16.0,8,1.25,54000,1.9513888888888888,0,140,104,12,32,0,0,0,32,6,2,0.052083333333333336,30.0,0.0,True,False
288,4 4 18,576,16.0,8,1.25,54200,1.9513888888888888,0,140,104,12,32,0,0,0,32,6,2,0.052083333333333336,30.0,0.0,True,False
288,4 4 18,576,16.0,8,1.25,54400,1.9513888888888888,0,140,104,12,32,0,0,0,32,6,2,0.052083333333333336,30.0,0.0,True,False
288,4 4 18,576,16.0,8,1.25,54600,1.9513888888888888,0,140,104,12,32,0,0,0,32,6,2,0.052083333333333336,30.0,0.0,True,False
288,4 4 18,576,16.0,8,1.25,54800,1.9513888888888888,0,140,104,12,32,0,0,0,32,6,2,0.052083333333333336,30.0,0.0,True,False
288,4 4 18,576,16.0,8,1.25,55000,1.9513888888888888,0,140,104,12,32,0,0,0,32,6,2,0.052083333333333336,30.0,0.0,True,False
288,4 4 18,576,16.0,8,1.25,55200,1.9513888888888888,0,140,104,12,32,0,0,0,32,6,2,0.052083333333333336,30.0,0.0,True,False
288,4 4 18,576,16.0,8,1.25,55400,1.9513888888888888,0,140,104,12,32,0,0,0,32,6,2,0.052083333333333336,30.0,0.0,True,False
288,4 4 18,576,16.0,8,1.25,55600,1.9513888888888888,0,140,104,12,32,0,0,0,32,6,2,0.052083333333333336,30.0,0.0,True,False
288,4 4 18,576,16.0,8,1.25,55800,1.9513888888888888,0,140,104,12,32,0,0,0,32,6,2,0.052083333333333336,30.0,0.0,True,False
288,4 4 18,576,16.0,8,1.25,56000,1.9513888888888888,0,140,104,12,32,0,0,0,32,6,2,0.052083333333333336,30.0,0.0,True,False
288,4 4 18,576,16.0,8,1.25,56200,1.9513888888888888,0,140,104,12,32,0,0,0,32,6,2,0.052083333333333336,30.0,0.0,True,False
288,4 4 18,576,16.0,8,1.25,56400,1.9513888888888888,0,140,104,12,32,0,0,0,32,6,2,0.052083333333333336,30.0,0.0,True,False
288,4 4 18,576,16.0,8,1.25,56600,1.9513888888888888,0,140,104,12,32,0,0,0,32,6,2,0.052083333333333336,30.0,0.0,True,False
288,4 4 18,576,16.0,8,1.25,56800,1.9513888888888888,0,140,104,12,32,0,0,0,32,6,2,0.052083333333333336,30.0,0.0,True,False
288,4 4 18,576,16.0,8,1.25,57000,1.9513888888888888,0,140,104,12,32,0,0,0,32,6,2,0.052083333333333336,30.0,0.0,True,False
288,4 4 18,576,16.0,8,1.25,57200,1.9513888888888888,0,140,104,12,32,0,0,0,32,6,2,0.052083333333333336,30.0,0.0,True,False
288,4 4 18,576,16.0,8,1.25,57400,1.9513888888888888,0,140,104,12,32,0,0,0,32,6,2,0.052083333333333336,30.0,0.0,True,False
288,4 4 18,576,16.0,8,1.25,57600,1.9513888888888888,0,140,104,12,32,0,0,0,32,6,2,0.052083333333333336,30.0,0.0,True,False
288,4 4 18,576,16.0,8,1.25,57800,1.9513888888888888,0,140,104,12,32,0,0,0,32,6,2,0.052083333333333336,30.0,0.0,True,False
288,4 4 18,576,16.0,8,1.25,58000,1.9513888888888888,0,140,104,12,32,0,0,0,32,6,2,0.052083333333333336,30.0,0.0,True,False
288,4 4 18,576,16.0,8,1.25,58200,1.9513888888888888,0,140,104,12,32,0,0,0,32,6,2,0.052083333333333336,30.0,0.0,True,False
288,4 4 18,576,16.0,8,1.25,58400,1.9513888888888888,0,140,104,12,32,0,0,0,32,6,2,0.052083333333333336,30.0,0.0,True,False
288,4 4 18,576,16.0,8,1.25,58600,1.9513888888888888,0,140,104,12,32,0,0,0,32,6,2,0.052083333333333336,30.0,0.0,True,False
288,4 4 18,576,16.0,8,1.25,58800,1.9513888888888888,0,140,104,12,32,0,0,0,32,6,2,0.052083333333333336,30.0,0.0,True,False
288,4 4 18,576,16.0,8,1.25,59000,1.9513888888888888,0,140,104,12,32,0,0,0,32,6,2,0.052083333333333336,30.0,0.0,True,False
288,4 4 18,576,16.0,8,1.25,59200,1.9513888888888888,0,140,104,12,32,0,0,0,32,6,2,0.052083333333333336,30.0,0.0,True,False
288,4 4 18,576,16.0,8,1.25,59400,1.9513888888888888,0,140,104,12,32,0,0,0,32,6,2,0.052083333333333336,30.0,0.0,True,False
288,4 4 18,576,16.0,8,1.25,59600,1.9513888888888888,0,140,104,12,32,0,0,0,32,6,2,0.052083333333333336,30.0,0.0,True,False
288,4 4 18,576,16.0,8,1.25,59800,1.9513888888888888,0,140,104,12,32,0,0,0,32,6,2,0.052083333333333336,30.0,0.0,True,False
288,4 4 18,576,16.0,8,1.25,60000,1.9513888888888888,0,140,104,12,32,0,0,0,32,6,2,0.052083333333333336,30.0,0.0,True,False
288,4 4 18,576,16.0,8,1.25,60200,1.9513888888888888,0,140,104,12,32,0,0,0,32,6,2,0.052083333333333336,30.0,0.0,True,False
288,4 4 18,576,16.0,8,1.25,60400,1.9513888888888888,0,140,104,12,32,0,0,0,32,6,2,0.052083333333333336,30.0,0.0,True,False
288,4 4 18,576,16.0,8,1.25,60600,1.9513888888888888,0,140,104,12,32,0,0,0,32,6,2,0.052083333333333336,30.0,0.0,True,False
288,4 4 18,576,16.0,8,1.25,60800,1.9513888888888888,0,140,104,12,32,0,0,0,32,6,2,0.052083333333333336,30.0,0.0,True,False
288,4 4 18,576,16.0,8,1.25,61000,1.9513888888888888,0,140,104,12,32,0,0,0,32,6,2,0.052083333333333336,30.0,0.0,True,False
288,4 4 18,576,16.0,8,1.25,61200,1.9513888888888888,0,140,104,12,32,0,0,0,32,6,2,0.052083333333333336,30.0,0.0,True,False
288,4 4 18,576,16.0,8,1.25,61400,1.9513888888888888,0,140,104,12,32,0,0,0,32,6,2,0.052083333333333336,30.0,0.0,True,False
288,4 4 18,576,16.0,8,1.25,61600,1.9513888888888888,0,140,104,12,32,0,0,0,32,6,2,0.052083333333333336,30.0,0.0,True,False
288,4 4 18,576,16.0,8,1.25,61800,1.9513888888888888,0,140,104,12,32,0,0,0,32,6,2,0.052083333333333336,30.0,0.0,True,False
288,4 4 18,576,16.0,8,1.25,62000,1.9513888888888888,0,140,104,12,32,0,0,0,32,6,2,0.052083333333333336,30.0,0.0,True,False
288,4 4 18,576,16.0,8,1.25,62200,1.9513888888888888,0,140,104,12,32,0,0,0,32,6,2,0.052083333333333336,30.0,0.0,True,False
288,4 4 18,576,16.0,8,1.25,62400,1.9513888888888888,0,140,104,12,32,0,0,0,32,6,2,0.052083333333333336,30.0,0.0,True,False
288,4 4 18,576,16.0,8,1.25,62600,1.9513888888888888,0,140,104,12,32,0,0,0,32,6,2,0.052083333333333336,30.0,0.0,True,False
288,4 4 18,576,16.0,8,1.25,62800,1.9513888888888888,0,140,104,12,32,0,0,0,32,6,2,0.052083333333333336,30.0,0.0,True,False
288,4 4 18,576,16.0,8,1.25,63000,1.9513888888888888,0,140,104,12,32,0,0,0,32,6,2,0.052083333333333336,30.0,0.0,True,False
288,4 4 18,576,16.0,8,1.25,63200,1.9513888888888888,0,140,104,12,32,0,0,0,32,6,2,0.052083333333333336,30.0,0.0,True,False
288,4 4 18,576,16.0,8,1.25,63400,1.9513888888888888,0,140,104,12,32,0,0,0,32,6,2,0.052083333333333336,30.0,0.0,True,False
288,4 4 18,576,16.0,8,1.25,63600,1.9513888888888888,0,140,104,12,32,0,0,0,32,6,2,0.052083333333333336,30.0,0.0,True,False
288,4 4 18,576,16.0,8,1.25,63800,1.9513888888888888,0,140,104,12,32,0,0,0,32,6,2,0.052083333333333336,30.0,0.0,True,False
288,4 4 18,576,16.0,8,1.25,64000,1.9513888888888888,0,140,104,12,32,0,0,0,32,6,2,0.052083333333333336,30.0,0.0,True,False
288,4 4 18,576,16.0,8,1.25,64200,1.9513888888888888,0,140,104,12,32,0,0,0,32,6,2,0.052083333333333336,30.0,0.0,True,False
288,4 4 18,576,16.0,8,1.25,64400,1.9513888888888888,0,140,104,12,32,0,0,0,32,6,2,0.052083333333333336,30.0,0.0,True,False
288,4 4 18,576,16.0,8,1.25,64600,1.9513888888888888,0,140,104,12,32,0,0,0,32,6,2,0.052083333333333336,30.0,0.0,True,False
288,4 4 18,576,16.0,8,1.25,64800,1.9513888888888888,0,140,104,12,32,0,0,0,32,6,2,0.052083333333333336,30.0,0.0,True,False
288,4 4 18,576,16.0,8,1.25,65000,1.9513888888888888,0,140,104,12,32,0,0,0,32,6,2,0.052083333333333336,30.0,0.0,True,False
288,4 4 18,576,16.0,8,1.25,65200,1.9513888888888888,0,140,104,12,32,0,0,0,32,6,2,0.052083333333333336,30.0,0.0,True,False
288,4 4 18,576,16.0,8,1.25,65400,1.9513888888888888,0,140,104,12,32,0,0,0,32,6,2,0.052083333333333336,30.0,0.0,True,False
288,4 4 18,576,16.0,8,1.25,65600,1.9513888888888888,0,140,104,12,32,0,0,0,32,6,2,0.052083333333333336,30.0,0.0,True,False
288,4 4 18,576,16.0,8,1.25,65800,1.9513888888888888,0,140,104,12,32,0,0,0,32,6,2,0.052083333333333336,30.0,0.0,True,False
288,4 4 18,576,16.0,8,1.25,66000,1.9513888888888888,0,140,104,12,32,0,0,0,32,6,2,0.052083333333333336,30.0,0.0,True,False
288,4 4 18,576,16.0,8,1.25,66200,1.9513888888888888,0,140,104,12,32,0,0,0,32,6,2,0.052083333333333336,30.0,0.0,True,False
288,4 4 18,576,16.0,8,1.25,66400,1.9513888888888888,0,140,104,12,32,0,0,0,32,6,2,0.052083333333333336,30.0,0.0,True,False
288,4 4 18,576,16.0,8,1.25,66600,1.9513888888888888,0,140,104,12,32,0,0,0,32,6,2,0.052083333333333336,30.0,0.0,True,False
288,4 4 18,576,16.0,8,1.25,66800,1.9513888888888888,0,140,104,12,32,0,0,0,32,6,2,0.052083333333333336,30.0,0.0,True,False
288,4 4 18,576,16.0,8,1.25,67000,1.9513888888888888,0,140,104,12,32,0,0,0,32,6,2,0.052083333333333336,30.0,0.0,True,False
288,4 4 18,576,16.0,8,1.25,67200,1.9513888888888888,0,140,104,12,32,0,0,0,32,6,2,0.052083333333333336,30.0,0.0,True,False
288,4 4 18,576,16.0,8,1.25,67400,1.9513888888888888,0,140,104,12,32,0,0,0,32,6,2,0.052083333333333336,30.0,0.0,True,False
288,4 4 18,576,16.0,8,1.25,67600,1.9513888888888888,0,140,104,12,32,0,0,0,32,6,2,0.052083333333333336,30.0,0.0,True,False
288,4 4 18,576,16.0,8,1.25,67800,1.9513888888888888,0,140,104,12,32,0,0,0,32,6,2,0.052083333333333336,30.0,0.0,True,False
288,4 4 18,576,16.0,8,1.25,68000,1.9513888888888888,0,140,104,12,32,0,0,0,32,6,2,0.052083333333333336,30.0,0.0,True,False
288,4 4 18,576,16.0,8,1.25,68200,1.9513888888888888,0,140,104,12,32,0,0,0,32,6,2,0.052083333333333336,30.0,0.0,True,False
288,4 4 18,576,16.0,8,1.25,68400,1.9513888888888888,0,140,104,12,32,0,0,0,32,6,2,0.052083333333333336,30.0,0.0,True,False
288,4 4 18,576,16.0,8,1.25,68600,1.9513888888888888,0,140,104,12,32,0,0,0,32,6,2,0.052083333333333336,30.0,0.0,True,False
288,4 4 18,576,16.0,8,1.25,68800,1.9513888888888888,0,140,104,12,32,0,0,0,32,6,2,0.052083333333333336,30.0,0.0,True,False
288,4 4 18,576,16.0,8,1.25,69000,1.9513888888888888,0,140,104,12,32,0,0,0,32,6,2,0.052083333333333336,30.0,0.0,True,False
288,4 4 18,576,16.0,8,1.25,69200,1.9513888888888888,0,140,104,12,32,0,0,0,32,6,2,0.052083333333333336,30.0,0.0,True,False
288,4 4 18,576,16.0,8,1.25,69400,1.9548611111111112,0,150,100,6,32,0,0,0,32,3,2,0.050347222222222224,29.0,0.0,True,False
288,4 4 18,576,16.0,8,1.25,69600,1.9548611111111112,0,150,100,6,32,0,0,0,32,3,2,0.050347222222222224,29.0,0.0,True,False
288,4 4 18,576,16.0,8,1.25,69800,1.9548611111111112,0,150,100,6,32,0,0,0,32,3,2,0.050347222222222224,29.0,0.0,True,False
288,4 4 18,576,16.0,8,1.25,70000,1.9548611111111112,0,150,100,6,32,0,0,0,32,3,2,0.050347222222222224,29.0,0.0,True,False
288,4 4 18,576,16.0,8,1.25,70200,1.9548611111111112,0,150,100,6,32,0,0,0,32,3,2,0.050347222222222224,29.0,0.0,True,False
288,4 4 18,576,16.0,8,1.25,70400,1.9513888888888888,0,140,104,12,32,0,0,0,32,6,2,0.052083333333333336,30.0,0.0,True,False
288,4 4 18,576,16.0,8,1.25,70600,1.9513888888888888,0,140,104,12,32,0,0,0,32,6,2,0.052083333333333336,30.0,0.0,True,False
288,4 4 18,576,16.0,8,1.25,70800,1.9513888888888888,0,140,104,12,32,0,0,0,32,6,2,0.052083333333333336,30.0,0.0,True,False
288,4 4 18,576,16.0,8,1.25,71000,1.9513888888888888,0,140,104,12,32,0,0,0,32,6,2,0.052083333333333336,30.0,0.0,True,False
288,4 4 18,576,16.0,8,1.25,71200,1.9513888888888888,0,140,104,12,32,0,0,0,32,6,2,0.052083333333333336,30.0,0.0,True,False
288,4 4 18,576,16.0,8,1.25,71400,1.9513888888888888,0,140,104,12,32,0,0,0,32,6,2,0.052083333333333336,30.0,0.0,True,False
288,4 4 18,576,16.0,8,1.25,71600,1.9513888888888888,0,140,104,12,32,0,0,0,32,6,2,0.052083333333333336,30.0,0.0,True,False
288,4 4 18,576,16.0,8,1.25,71800,1.9513888888888888,0,140,104,12,32,0,0,0,32,6,2,0.052083333333333336,30.0,0.0,True,False
288,4 4 18,576,16.0,8,1.25,72000,1.9513888888888888,0,140,104,12,32,0,0,0,32,6,2,0.052083333333333336,30.0,0.0,True,False
288,4 4 18,576,16.0,8,1.25,72200,1.9513888888888888,0,140,104,12,32,0,0,0,32,6,2,0.052083333333333336,30.0,0.0,True,False
288,4 4 18,576,16.0,8,1.25,72400,1.9513888888888888,0,140,104,12,32,0,0,0,32,6,2,0.052083333333333336,30.0,0.0,True,False
288,4 4 18,576,16.0,8,1.25,72600,1.9513888888888888,0,140,104,12,32,0,0,0,32,6,2,0.052083333333333336,30.0,0.0,True,False
288,4 4 18,576,16.0,8,1.25,72800,1.9513888888888888,0,140,104,12,32,0,0,0,32,6,2,0.052083333333333336,30.0,0.0,True,False
288,4 4 18,576,16.0,8,1.25,73000,1.9513888888888888,0,140,104,12,32,0,0,0,32,6,2,0.052083333333333336,30.0,0.0,True,False
288,4 4 18,576,16.0,8,1.25,73200,1.9513888888888888,0,140,104,12,32,0,0,0,32,6,2,0.052083333333333336,30.0,0.0,True,False
288,4 4 18,576,16.0,8,1.25,73400,1.9513888888888888,0,140,104,12,32,0,0,0,32,6,2,0.052083333333333336,30.0,0.0,True,False
288,4 4 18,576,16.0,8,1.25,73600,1.9513888888888888,0,140,104,12,32,0,0,0,32,6,2,0.052083333333333336,30.0,0.0,True,False
288,4 4 18,576,16.0,8,1.25,73800,1.9513888888888888,0,140,104,12,32,0,0,0,32,6,2,0.052083333333333336,30.0,0.0,True,False
288,4 4 18,576,16.0,8,1.25,74000,1.9513888888888888,0,140,104,12,32,0,0,0,32,6,2,0.052083333333333336,30.0,0.0,True,False
288,4 4 18,576,16.0,8,1.25,74200,1.9513888888888888,0,140,104,12,32,0,0,0,32,6,2,0.052083333333333336,30.0,0.0,True,False
288,4 4 18,576,16.0,8,1.25,74400,1.9513888888888888,0,140,104,12,32,0,0,0,32,6,2,0.052083333333333336,30.0,0.0,True,False
288,4 4 18,576,16.0,8,1.25,74600,1.9513888888888888,0,140,104,12,32,0,0,0,32,6,2,0.052083333333333336,30.0,0.0,True,False
288,4 4 18,576,16.0,8,1.25,74800,1.9513888888888888,0,140,104,12,32,0,0,0,32,6,2,0.052083333333333336,30.0,0.0,True,False
288,4 4 18,576,16.0,8,1.25,75000,1.9513888888888888,0,140,104,12,32,0,0,0,32,6,2,0.052083333333333336,30.0,0.0,True,False
288,4 4 18,576,16.0,8,1.25,75200,1.9513888888888888,0,140,104,12,32,0,0,0,32,6,2,0.052083333333333336,30.0,0.0,True,False
288,4 4 18,576,16.0,8,1.25,75400,1.9513888888888888,0,140,104,12,32,0,0,0,32,6,2,0.052083333333333336,30.0,0.0,True,False
288,4 4 18,576,16.0,8,1.25,75600,1.9513888888888888,0,140,104,12,32,0,0,0,32,6,2,0.052083333333333336,30.0,0.0,True,False
288,4 4 18,576,16.0,8,1.25,75800,1.9513888888888888,0,140,104,12,32,0,0,0,32,6,2,0.052083333333333336,30.0,0.0,True,False
288,4 4 18,576,16.0,8,1.25,76000,1.9513888888888888,0,140,104,12,32,0,0,0,32,6,2,0.052083333333333336,30.0,0.0,True,False
288,4 4 18,576,16.0,8,1.25,76200,1.9513888888888888,0,140,104,12,32,0,0,0,32,6,2,0.052083333333333336,30.0,0.0,True,False
288,4 4 18,576,16.0,8,1.25,76400,1.9513888888888888,0,140,104,12,32,0,0,0,32,6,2,0.052083333333333336,30.0,0.0,True,False
288,4 4 18,576,16.0,8,1.25,76600,1.9513888888888888,0,140,104,12,32,0,0,0,32,6,2,0.052083333333333336,30.0,0.0,True,False
288,4 4 18,576,16.0,8,1.25,76800,1.9513888888888888,0,140,104,12,32,0,0,0,32,6,2,0.052083333333333336,30.0,0.0,True,False
288,4 4 18,576,16.0,8,1.25,77000,1.9513888888888888,0,140,104,12,32,0,0,0,32,6,2,0.052083333333333336,30.0,0.0,True,False
288,4 4 18,576,16.0,8,1.25,77200,1.9513888888888888,0,140,104,12,32,0,0,0,32,6,2,0.052083333333333336,30.0,0.0,True,False
288,4 4 18,576,16.0,8,1.25,77400,1.9513888888888888,0,140,104,12,32,0,0,0,32,6,2,0.052083333333333336,30.0,0.0,True,False
288,4 4 18,576,16.0,8,1.25,77600,1.9513888888888888,0,140,104,12,32,0,0,0,32,6,2,0.052083333333333336,30.0,0.0,True,False
288,4 4 18,576,16.0,8,1.25,77800,1.9513888888888888,0,140,104,12,32,0,0,0,32,6,2,0.052083333333333336,30.0,0.0,True,False
288,4 4 18,576,16.0,8,1.25,78000,1.9513888888888888,0,140,104,12,32,0,0,0,32,6,2,0.052083333333333336,30.0,0.0,True,False
288,4 4 18,576,16.0,8,1.25,78200,1.9513888888888888,0,140,104,12,32,0,0,0,32,6,2,0.052083333333333336,30.0,0.0,True,False
288,4 4 18,576,16.0,8,1.25,78400,1.9513888888888888,0,140,104,12,32,0,0,0,32,6,2,0.052083333333333336,30.0,0.0,True,False
288,4 4 18,576,16.0,8,1.25,78600,1.9513888888888888,0,140,104,12,32,0,0,0,32,6,2,0.052083333333333336,30.0,0.0,True,False
288,4 4 18,576,16.0,8,1.25,78800,1.9513888888888888,0,140,104,12,32,0,0,0,32,6,2,0.052083333333333336,30.0,0.0,True,False
288,4 4 18,576,16.0,8,1.25,79000,1.9513888888888888,0,140,104,12,32,0,0,0,32,6,2,0.052083333333333336,30.0,0.0,True,False
288,4 4 18,576,16.0,8,1.25,79200,1.9513888888888888,0,140,104,12,32,0,0,0,32,6,2,0.052083333333333336,30.0,0.0,True,False
288,4 4 18,576,16.0,8,1.25,79400,1.9513888888888888,0,140,104,12,32,0,0,0,32,6,2,0.052083333333333336,30.0,0.0,True,False
288,4 4 18,576,16.0,8,1.25,79600,1.9513888888888888,0,140,104,12,32,0,0,0,32,6,2,0.052083333333333336,30.0,0.0,True,False
288,4 4 18,576,16.0,8,1.25,79800,1.9513888888888888,0,140,104,12,32,0,0,0,32,6,2,0.052083333333333336,30.0,0.0,True,False
288,4 4 18,576,16.0,8,1.25,80000,1.9513888888888888,0,140,104,12,32,0,0,0,32,6,2,0.052083333333333336,30.0,0.0,True,False
288,4 4 18,576,16.0,8,1.25,80200,1.9513888888888888,0,140,104,12,32,0,0,0,32,6,2,0.052083333333333336,30.0,0.0,True,False
288,4 4 18,576,16.0,8,1.25,80400,1.9513888888888888,0,140,104,12,32,0,0,0,32,6,2,0.052083333333333336,30.0,0.0,True,False
288,4 4 18,576,16.0,8,1.25,80600,1.9513888888888888,0,140,104,12,32,0,0,0,32,6,2,0.052083333333333336,30.0,0.0,True,False
288,4 4 18,576,16.0,8,1.25,80800,1.9513888888888888,0,140,104,12,32,0,0,0,32,6,2,0.052083333333333336,30.0,0.0,True,False
288,4 4 18,576,16.0,8,1.25,81000,1.9513888888888888,0,140,104,12,32,0,0,0,32,6,2,0.052083333333333336,30.0,0.0,True,False
288,4 4 18,576,16.0,8,1.25,81200,1.9513888888888888,0,140,104,12,32,0,0,0,32,6,2,0.052083333333333336,30.0,0.0,True,False
288,4 4 18,576,16.0,8,1.25,81400,1.9513888888888888,0,140,104,12,32,0,0,0,32,6,2,0.052083333333333336,30.0,0.0,True,False
288,4 4 18,576,16.0,8,1.25,81600,1.9513888888888888,0,140,104,12,32,0,0,0,32,6,2,0.052083333333333336,30.0,0.0,True,False
288,4 4 18,576,16.0,8,1.25,81800,1.9513888888888888,0,140,104,12,32,0,0,0,32,6,2,0.052083333333333336,30.0,0.0,True,False
288,4 4 18,576,16.0,8,1.25,82000,1.9513888888888888,0,140,104,12,32,0,0,0,32,6,2,0.052083333333333336,30.0,0.0,True,False
288,4 4 18,576,16.0,8,1.25,82200,1.9513888888888888,0,140,104,12,32,0,0,0,32,6,2,0.052083333333333336,30.0,0.0,True,False
288,4 4 18,576,16.0,8,1.25,82400,1.9513888888888888,0,140,104,12,32,0,0,0,32,6,2,0.052083333333333336,30.0,0.0,True,False
288,4 4 18,576,16.0,8,1.25,82600,1.9513888888888888,0,140,104,12,32,0,0,0,32,6,2,0.052083333333333336,30.0,0.0,True,False
288,4 4 18,576,16.0,8,1.25,82800,1.9513888888888888,0,140,104,12,32,0,0,0,32,6,2,0.052083333333333336,30.0,0.0,True,False
288,4 4 18,576,16.0,8,1.25,83000,1.9513888888888888,0,140,104,12,32,0,0,0,32,6,2,0.052083333333333336,30.0,0.0,True,False
288,4 4 18,576,16.0,8,1.25,83200,1.9513888888888888,0,140,104,12,32,0,0,0,32,6,2,0.052083333333333336,30.0,0.0,True,False
288,4 4 18,576,16.0,8,1.25,83400,1.9513888888888888,0,140,104,12,32,0,0,0,32,6,2,0.052083333333333336,30.0,0.0,True,False
288,4 4 18,576,16.0,8,1.25,83600,1.9513888888888888,0,140,104,12,32,0,0,0,32,6,2,0.052083333333333336,30.0,0.0,True,False
288,4 4 18,576,16.0,8,1.25,83800,1.9513888888888888,0,140,104,12,32,0,0,0,32,6,2,0.052083333333333336,30.0,0.0,True,False
288,4 4 18,576,16.0,8,1.25,84000,1.9513888888888888,0,140,104,12,32,0,0,0,32,6,2,0.052083333333333336,30.0,0.0,True,False
288,4 4 18,576,16.0,8,1.25,84200,1.9513888888888888,0,140,104,12,32,0,0,0,32,6,2,0.052083333333333336,30.0,0.0,True,False
288,4 4 18,576,16.0,8,1.25,84400,1.9513888888888888,0,140,104,12,32,0,0,0,32,6,2,0.052083333333333336,30.0,0.0,True,False
288,4 4 18,576,16.0,8,1.25,84600,1.9513888888888888,0,140,104,12,32,0,0,0,32,6,2,0.052083333333333336,30.0,0.0,True,False
288,4 4 18,576,16.0,8,1.25,84800,1.9513888888888888,0,140,104,12,32,0,0,0,32,6,2,0.052083333333333336,30.0,0.0,True,False
288,4 4 18,576,16.0,8,1.25,85000,1.9513888888888888,0,140,104,12,32,0,0,0,32,6,2,0.052083333333333336,30.0,0.0,True,False
288,4 4 18,576,16.0,8,1.25,85200,1.9513888888888888,0,140,104,12,32,0,0,0,32,6,2,0.052083333333333336,30.0,0.0,True,False
288,4 4 18,576,16.0,8,1.25,85400,1.9513888888888888,0,140,104,12,32,0,0,0,32,6,2,0.052083333333333336,30.0,0.0,True,False
288,4 4 18,576,16.0,8,1.25,85600,1.9513888888888888,0,140,104,12,32,0,0,0,32,6,2,0.052083333333333336,30.0,0.0,True,False
288,4 4 18,576,16.0,8,1.25,85800,1.9513888888888888,0,140,104,12,32,0,0,0,32,6,2,0.052083333333333336,30.0,0.0,True,False
288,4 4 18,576,16.0,8,1.25,86000,1.9513888888888888,0,140,104,12,32,0,0,0,32,6,2,0.052083333333333336,30.0,0.0,True,False
288,4 4 18,576,16.0,8,1.25,86200,1.9513888888888888,0,140,104,12,32,0,0,0,32,6,2,0.052083333333333336,30.0,0.0,True,False
288,4 4 18,576,16.0,8,1.25,86400,1.9513888888888888,0,140,104,12,32,0,0,0,32,6,2,0.052083333333333336,30.0,0.0,True,False
288,4 4 18,576,16.0,8,1.25,86600,1.9513888888888888,0,140,104,12,32,0,0,0,32,6,2,0.052083333333333336,30.0,0.0,True,False
288,4 4 18,576,16.0,8,1.25,86800,1.9513888888888888,0,140,104,12,32,0,0,0,32,6,2,0.052083333333333336,30.0,0.0,True,False
288,4 4 18,576,16.0,8,1.25,87000,1.9513888888888888,0,140,104,12,32,0,0,0,32,6,2,0.052083333333333336,30.0,0.0,True,False
288,4 4 18,576,16.0,8,1.25,87200,1.9513888888888888,0,140,104,12,32,0,0,0,32,6,2,0.052083333333333336,30.0,0.0,True,False
288,4 4 18,576,16.0,8,1.25,87400,1.9513888888888888,0,140,104,12,32,0,0,0,32,6,2,0.052083333333333336,30.0,0.0,True,False
288,4 4 18,576,16.0,8,1.25,87600,1.9513888888888888,0,140,104,12,32,0,0,0,32,6,2,0.052083333333333336,30.0,0.0,True,False
288,4 4 18,576,16.0,8,1.25,87800,1.9513888888888888,0,140,104,12,32,0,0,0,32,6,2,0.052083333333333336,30.0,0.0,True,False
288,4 4 18,576,16.0,8,1.25,88000,1.9513888888888888,0,140,104,12,32,0,0,0,32,6,2,0.052083333333333336,30.0,0.0,True,False
288,4 4 18,576,16.0,8,1.25,88200,1.9513888888888888,0,140,104,12,32,0,0,0,32,6,2,0.052083333333333336,30.0,0.0,True,False
288,4 4 18,576,16.0,8,1.25,88400,1.9513888888888888,0,140,104,12,32,0,0,0,32,6,2,0.052083333333333336,30.0,0.0,True,False
288,4 4 18,576,16.0,8,1.25,88600,1.9513888888888888,0,140,104,12,32,0,0,0,32,6,2,0.052083333333333336,30.0,0.0,True,False
288,4 4 18,576,16.0,8,1.25,88800,1.9513888888888888,0,140,104,12,32,0,0,0,32,6,2,0.052083333333333336,30.0,0.0,True,False
288,4 4 18,576,16.0,8,1.25,89000,1.9513888888888888,0,140,104,12,32,0,0,0,32,6,2,0.052083333333333336,30.0,0.0,True,False
288,4 4 18,576,16.0,8,1.25,89200,1.9513888888888888,0,140,104,12,32,0,0,0,32,6,2,0.052083333333333336,30.0,0.0,True,False
288,4 4 18,576,16.0,8,1.25,89400,1.9513888888888888,0,140,104,12,32,0,0,0,32,6,2,0.052083333333333336,30.0,0.0,True,False
288,4 4 18,576,16.0,8,1.25,89600,1.9513888888888888,0,140,104,12,32,0,0,0,32,6,2,0.052083333333333336,30.0,0.0,True,False
288,4 4 18,576,16.0,8,1.25,89800,1.9513888888888888,0,140,104,12,32,0,0,0,32,6,2,0.052083333333333336,30.0,0.0,True,False
288,4 4 18,576,16.0,8,1.25,90000,1.9513888888888888,0,140,104,12,32,0,0,0,32,6,2,0.052083333333333336,30.0,0.0,True,False
288,4 4 18,576,16.0,8,1.25,90200,1.9513888888888888,0,140,104,12,32,0,0,0,32,6,2,0.052083333333333336,30.0,0.0,True,False
288,4 4 18,576,16.0,8,1.25,90400,1.9513888888888888,0,140,104,12,32,0,0,0,32,6,2,0.052083333333333336,30.0,0.0,True,False
288,4 4 18,576,16.0,8,1.25,90600,1.9513888888888888,0,140,104,12,32,0,0,0,32,6,2,0.052083333333333336,30.0,0.0,True,False
288,4 4 18,576,16.0,8,1.25,90800,1.9513888888888888,0,140,104,12,32,0,0,0,32,6,2,0.052083333333333336,30.0,0.0,True,False
288,4 4 18,576,16.0,8,1.25,91000,1.9513888888888888,0,140,104,12,32,0,0,0,32,6,2,0.052083333333333336,30.0,0.0,True,False
288,4 4 18,576,16.0,8,1.25,91200,1.9513888888888888,0,140,104,12,32,0,0,0,32,6,2,0.052083333333333336,30.0,0.0,True,False
288,4 4 18,576,16.0,8,1.25,91400,1.9513888888888888,0,140,104,12,32,0,0,0,32,6,2,0.052083333333333336,30.0,0.0,True,False
288,4 4 18,576,16.0,8,1.25,91600,1.9513888888888888,0,140,104,12,32,0,0,0,32,6,2,0.052083333333333336,30.0,0.0,True,False
288,4 4 18,576,16.0,8,1.25,91800,1.9513888888888888,0,140,104,12,32,0,0,0,32,6,2,0.052083333333333336,30.0,0.0,True,False
288,4 4 18,576,16.0,8,1.25,92000,1.9513888888888888,0,140,104,12,32,0,0,0,32,6,2,0.052083333333333336,30.0,0.0,True,False
288,4 4 18,576,16.0,8,1.25,92200,1.9513888888888888,0,140,104,12,32,0,0,0,32,6,2,0.052083333333333336,30.0,0.0,True,False
288,4 4 18,576,16.0,8,1.25,92400,1.9513888888888888,0,140,104,12,32,0,0,0,32,6,2,0.052083333333333336,30.0,0.0,True,False
288,4 4 18,576,16.0,8,1.25,92600,1.9513888888888888,0,140,104,12,32,0,0,0,32,6,2,0.052083333333333336,30.0,0.0,True,False
288,4 4 18,576,16.0,8,1.25,92800,1.9513888888888888,0,140,104,12,32,0,0,0,32,6,2,0.052083333333333336,30.0,0.0,True,False
288,4 4 18,576,16.0,8,1.25,93000,1.9513888888888888,0,140,104,12,32,0,0,0,32,6,2,0.052083333333333336,30.0,0.0,True,False
288,4 4 18,576,16.0,8,1.25,93200,1.9513888888888888,0,140,104,12,32,0,0,0,32,6,2,0.052083333333333336,30.0,0.0,True,False
288,4 4 18,576,16.0,8,1.25,93400,1.9513888888888888,0,140,104,12,32,0,0,0,32,6,2,0.052083333333333336,30.0,0.0,True,False
288,4 4 18,576,16.0,8,1.25,93600,1.9513888888888888,0,140,104,12,32,0,0,0,32,6,2,0.052083333333333336,30.0,0.0,True,False
288,4 4 18,576,16.0,8,1.25,93800,1.9513888888888888,0,140,104,12,32,0,0,0,32,6,2,0.052083333333333336,30.0,0.0,True,False
288,4 4 18,576,16.0,8,1.25,94000,1.9513888888888888,0,140,104,12,32,0,0,0,32,6,2,0.052083333333333336,30.0,0.0,True,False
288,4 4 18,576,16.0,8,1.25,94200,1.9513888888888888,0,140,104,12,32,0,0,0,32,6,2,0.052083333333333336,30.0,0.0,True,False
288,4 4 18,576,16.0,8,1.25,94400,1.9513888888888888,0,140,104,12,32,0,0,0,32,6,2,0.052083333333333336,30.0,0.0,True,False
288,4 4 18,576,16.0,8,1.25,94600,1.9513888888888888,0,140,104,12,32,0,0,0,32,6,2,0.052083333333333336,30.0,0.0,True,False
288,4 4 18,576,16.0,8,1.25,94800,1.9513888888888888,0,140,104,12,32,0,0,0,32,6,2,0.052083333333333336,30.0,0.0,True,False
288,4 4 18,576,16.0,8,1.25,95000,1.9513888888888888,0,140,104,12,32,0,0,0,32,6,2,0.052083333333333336,30.0,0.0,True,False
288,4 4 18,576,16.0,8,1.25,95200,1.9513888888888888,0,140,104,12,32,0,0,0,32,6,2,0.052083333333333336,30.0,0.0,True,False
288,4 4 18,576,16.0,8,1.25,95400,1.9513888888888888,0,140,104,12,32,0,0,0,32,6,2,0.052083333333333336,30.0,0.0,True,False
288,4 4 18,576,16.0,8,1.25,95600,1.9513888888888888,0,140,104,12,32,0,0,0,32,6,2,0.052083333333333336,30.0,0.0,True,False
288,4 4 18,576,16.0,8,1.25,95800,1.9513888888888888,0,140,104,12,32,0,0,0,32,6,2,0.052083333333333336,30.0,0.0,True,False
288,4 4 18,576,16.0,8,1.25,96000,1.9513888888888888,0,140,104,12,32,0,0,0,32,6,2,0.052083333333333336,30.0,0.0,True,False
288,4 4 18,576,16.0,8,1.25,96200,1.9513888888888888,0,140,104,12,32,0,0,0,32,6,2,0.052083333333333336,30.0,0.0,True,False
288,4 4 18,576,16.0,8,1.25,96400,1.9513888888888888,0,140,104,12,32,0,0,0,32,6,2,0.052083333333333336,30.0,0.0,True,False
288,4 4 18,576,16.0,8,1.25,96600,1.9513888888888888,0,140,104,12,32,0,0,0,32,6,2,0.052083333333333336,30.0,0.0,True,False
288,4 4 18,576,16.0,8,1.25,96800,1.9513888888888888,0,140,104,12,32,0,0,0,32,6,2,0.052083333333333336,30.0,0.0,True,False
288,4 4 18,576,16.0,8,1.25,97000,1.9513888888888888,0,140,104,12,32,0,0,0,32,6,2,0.052083333333333336,30.0,0.0,True,False
288,4 4 18,576,16.0,8,1.25,97200,1.9513888888888888,0,140,104,12,32,0,0,0,32,6,2,0.052083333333333336,30.0,0.0,True,False
288,4 4 18,576,16.0,8,1.25,97400,1.9513888888888888,0,140,104,12,32,0,0,0,32,6,2,0.052083333333333336,30.0,0.0,True,False
288,4 4 18,576,16.0,8,1.25,97600,1.9513888888888888,0,140,104,12,32,0,0,0,32,6,2,0.052083333333333336,30.0,0.0,True,False
288,4 4 18,576,16.0,8,1.25,97800,1.9513888888888888,0,140,104,12,32,0,0,0,32,6,2,0.052083333333333336,30.0,0.0,True,False
288,4 4 18,576,16.0,8,1.25,98000,1.9513888888888888,0,140,104,12,32,0,0,0,32,6,2,0.052083333333333336,30.0,0.0,True,False
288,4 4 18,576,16.0,8,1.25,98200,1.9513888888888888,0,140,104,12,32,0,0,0,32,6,2,0.052083333333333336,30.0,0.0,True,False
288,4 4 18,576,16.0,8,1.25,98400,1.9513888888888888,0,140,104,12,32,0,0,0,32,6,2,0.052083333333333336,30.0,0.0,True,False
288,4 4 18,576,16.0,8,1.25,98600,1.9513888888888888,0,140,104,12,32,0,0,0,32,6,2,0.052083333333333336,30.0,0.0,True,False
288,4 4 18,576,16.0,8,1.25,98800,1.9513888888888888,0,140,104,12,32,0,0,0,32,6,2,0.052083333333333336,30.0,0.0,True,False
288,4 4 18,576,16.0,8,1.25,99000,1.9513888888888888,0,140,104,12,32,0,0,0,32,6,2,0.052083333333333336,30.0,0.0,True,False
288,4 4 18,576,16.0,8,1.25,99200,1.9513888888888888,0,140,104,12,32,0,0,0,32,6,2,0.052083333333333336,30.0,0.0,True,False
288,4 4 18,576,16.0,8,1.25,99400,1.9513888888888888,0,140,104,12,32,0,0,0,32,6,2,0.052083333333333336,30.0,0.0,True,False
288,4 4 18,576,16.0,8,1.25,99600,1.9513888888888888,0,140,104,12,32,0,0,0,32,6,2,0.052083333333333336,30.0,0.0,True,False
288,4 4 18,576,16.0,8,1.25,99800,1.9513888888888888,0,140,104,12,32,0,0,0,32,6,2,0.052083333333333336,30.0,0.0,True,False
288,4 4 18,576,16.0,8,1.25,100000,1.9513888888888888,0,140,104,12,32,0,0,0,32,6,2,0.052083333333333336,30.0,0.0,True,True
288,4 4 18,576,16.0,9,1.25,0,2.0,0,288,0,0,0,0,0,0,0,0,0,0.027777777777777776,16.0,0.0,False,False
288,4 4 18,576,16.0,9,1.25,200,2.0555555555555554,0,272,12,0,4,0,0,0,4,0,0,0.0,0.0,0.0,True,False
288,4 4 18,576,16.0,9,1.25,400,2.0555555555555554,0,272,12,0,4,0,0,0,4,0,0,0.0,0.0,0.0,True,False
288,4 4 18,576,16.0,9,1.25,600,2.0555555555555554,0,272,12,0,4,0,0,0,4,0,0,0.0,0.0,0.0,True,False
288,4 4 18,576,16.0,9,1.25,800,2.0555555555555554,0,272,12,0,4,0,0,0,4,0,0,0.0,0.0,0.0,True,False
288,4 4 18,576,16.0,9,1.25,1000,2.0,0,288,0,0,0,0,0,0,0,0,0,0.027777777777777776,16.0,0.0,True,False
288,4 4 18,576,16.0,9,1.25,1200,2.0,0,288,0,0,0,0,0,0,0,0,0,0.027777777777777776,16.0,0.0,True,False
288,4 4 18,576,16.0,9,1.25,1400,2.0555555555555554,0,260,20,0,8,0,0,0,8,0,0,0.0,0.0,0.0,True,False
288,4 4 18,576,16.0,9,1.25,1600,2.0555555555555554,0,248,28,0,12,0,0,0,12,0,0,0.0,0.0,0.0,True,False
288,4 4 18,576,16.0,9,1.25,1800,2.0555555555555554,0,260,20,0,8,0,0,0,8,0,0,0.0,0.0,0.0,True,False
288,4 4 18,576,16.0,9,1.25,2000,2.0555555555555554,0,260,20,0,8,0,0,0,8,0,0,0.0,0.0,0.0,True,False
288,4 4 18,576,16.0,9,1.25,2200,2.0555555555555554,0,260,20,0,8,0,0,0,8,0,0,0.0,0.0,0.0,True,False
288,4 4 18,576,16.0,9,1.25,2400,2.0555555555555554,0,248,28,0,12,0,0,0,12,0,0,0.0,0.0,0.0,True,False
288,4 4 18,576,16.0,9,1.25,2600,2.0555555555555554,0,260,20,0,8,0,0,0,8,0,0,0.0,0.0,0.0,True,False
288,4 4 18,576,16.0,9,1.25,2800,2.0416666666666665,0,256,24,4,0,4,0,0,4,2,2,0.006944444444444444,4.0,0.0,True,False
288,4 4 18,576,16.0,9,1.25,3000,2.0277777777777777,0,240,36,4,4,4,0,0,8,2,2,0.013888888888888888,8.0,0.0,True,False
288,4 4 18,576,16.0,9,1.25,3200,2.013888888888889,0,224,48,4,8,4,0,0,12,2,2,0.020833333333333332,12.0,0.0,True,False
288,4 4 18,576,16.0,9,1.25,3400,2.013888888888889,0,224,48,4,8,4,0,0,12,2,2,0.020833333333333332,12.0,0.0,True,False
288,4 4 18,576,16.0,9,1.25,3600,2.013888888888889,0,224,48,4,8,4,0,0,12,2,2,0.020833333333333332,12.0,0.0,True,False
288,4 4 18,576,16.0,9,1.25,3800,1.9861111111111112,0,192,72,4,16,4,0,0,20,2,2,0.034722222222222224,20.0,0.0,True,False
288,4 4 18,576,16.0,9,1.25,4000,1.9722222222222223,0,176,84,4,20,4,0,0,24,2,2,0.041666666666666664,24.0,0.0,True,False
288,4 4 18,576,16.0,9,1.25,4200,1.9583333333333333,0,160,96,4,24,4,0,0,28,2,2,0.04861111111111111,28.0,0.0,True,False
288,4 4 18,576,16.0,9,1.25,4400,1.9583333333333333,0,160,96,4,24,4,0,0,28,2,2,0.04861111111111111,28.0,0.0,True,False
288,4 4 18,576,16.0,9,1.25,4600,1.9548611111111112,0,150,100,6,32,0,0,0,32,3,2,0.050347222222222224,29.0,0.0,True,False
288,4 4 18,576,16.0,9,1.25,4800,1.9513888888888888,0,140,104,12,32,0,0,0,32,6,2,0.052083333333333336,30.0,0.0,True,False
288,4 4 18,576,16.0,9,1.25,5000,1.9513888888888888,0,140,104,12,32,0,0,0,32,6,2,0.052083333333333336,30.0,0.0,True,False
288,4 4 18,576,16.0,9,1.25,5200,1.9513888888888888,0,140,104,12,32,0,0,0,32,6,2,0.052083333333333336,30.0,0.0,True,False
288,4 4 18,576,16.0,9,1.25,5400,1.9513888888888888,0,140,104,12,32,0,0,0,32,6,2,0.052083333333333336,30.0,0.0,True,False
288,4 4 18,576,16.0,9,1.25,5600,1.9513888888888888,0,140,104,12,32,0,0,0,32,6,2,0.052083333333333336,30.0,0.0,True,False
288,4 4 18,576,16.0,9,1.25,5800,1.9513888888888888,0,140,104,12,32,0,0,0,32,6,2,0.052083333333333336,30.0,0.0,True,False
288,4 4 18,576,16.0,9,1.25,6000,1.9513888888888888,0,140,104,12,32,0,0,0,32,6,2,0.052083333333333336,30.0,0.0,True,False
288,4 4 18,576,16.0,9,1.25,6200,1.9513888888888888,0,140,104,12,32,0,0,0,32,6,2,0.052083333333333336,30.0,0.0,True,False
288,4 4 18,576,16.0,9,1.25,6400,1.9513888888888888,0,140,104,12,32,0,0,0,32,6,2,0.052083333333333336,30.0,0.0,True,False
288,4 4 18,576,16.0,9,1.25,6600,1.9513888888888888,0,140,104,12,32,0,0,0,32,6,2,0.052083333333333336,30.0,0.0,True,False
288,4 4 18,576,16.0,9,1.25,6800,1.9513888888888888,0,140,104,12,32,0,0,0,32,6,2,0.052083333333333336,30.0,0.0,True,False
288,4 4 18,576,16.0,9,1.25,7000,1.9513888888888888,0,140,104,12,32,0,0,0,32,6,2,0.052083333333333336,30.0,0.0,True,False
288,4 4 18,576,16.0,9,1.25,7200,1.9513888888888888,0,140,104,12,32,0,0,0,32,6,2,0.052083333333333336,30.0,0.0,True,False
288,4 4 18,576,16.0,9,1.25,7400,1.9513888888888888,0,140,104,12,32,0,0,0,32,6,2,0.052083333333333336,30.0,0.0,True,False
288,4 4 18,576,16.0,9,1.25,7600,1.9513888888888888,0,140,104,12,32,0,0,0,32,6,2,0.052083333333333336,30.0,0.0,True,False
288,4 4 18,576,16.0,9,1.25,7800,1.9513888888888888,0,140,104,12,32,0,0,0,32,6,2,0.052083333333333336,30.0,0.0,True,False
288,4 4 18,576,16.0,9,1.25,8000,1.9513888888888888,0,140,104,12,32,0,0,0,32,6,2,0.052083333333333336,30.0,0.0,True,False
288,4 4 18,576,16.0,9,1.25,8200,1.9513888888888888,0,140,104,12,32,0,0,0,32,6,2,0.052083333333333336,30.0,0.0,True,False
288,4 4 18,576,16.0,9,1.25,8400,1.9513888888888888,0,140,104,12,32,0,0,0,32,6,2,0.052083333333333336,30.0,0.0,True,False
288,4 4 18,576,16.0,9,1.25,8600,1.9513888888888888,0,140,104,12,32,0,0,0,32,6,2,0.052083333333333336,30.0,0.0,True,False
288,4 4 18,576,16.0,9,1.25,8800,1.9513888888888888,0,140,104,12,32,0,0,0,32,6,2,0.052083333333333336,30.0,0.0,True,False
288,4 4 18,576,16.0,9,1.25,9000,1.9513888888888888,0,140,104,12,32,0,0,0,32,6,2,0.052083333333333336,30.0,0.0,True,False
288,4 4 18,576,16.0,9,1.25,9200,1.9513888888888888,0,140,104,12,32,0,0,0,32,6,2,0.052083333333333336,30.0,0.0,True,False
288,4 4 18,576,16.0,9,1.25,9400,1.9513888888888888,0,140,104,12,32,0,0,0,32,6,2,0.052083333333333336,30.0,0.0,True,False
288,4 4 18,576,16.0,9,1.25,9600,1.9513888888888888,0,140,104,12,32,0,0,0,32,6,2,0.052083333333333336,30.0,0.0,True,False
288,4 4 18,576,16.0,9,1.25,9800,1.9513888888888888,0,140,104,12,32,0,0,0,32,6,2,0.052083333333333336,30.0,0.0,True,False
288,4 4 18,576,16.0,9,1.25,10000,1.9513888888888888,0,140,104,12,32,0,0,0,32,6,2,0.052083333333333336,30.0,0.0,True,False
288,4 4 18,576,16.0,9,1.25,10200,1.9513888888888888,0,140,104,12,32,0,0,0,32,6,2,0.052083333333333336,30.0,0.0,True,False
288,4 4 18,576,16.0,9,1.25,10400,1.9513888888888888,0,140,104,12,32,0,0,0,32,6,2,0.052083333333333336,30.0,0.0,True,False
288,4 4 18,576,16.0,9,1.25,10600,1.9513888888888888,0,140,104,12,32,0,0,0,32,6,2,0.052083333333333336,30.0,0.0,True,False
288,4 4 18,576,16.0,9,1.25,10800,1.9513888888888888,0,140,104,12,32,0,0,0,32,6,2,0.052083333333333336,30.0,0.0,True,False
288,4 4 18,576,16.0,9,1.25,11000,1.9513888888888888,0,140,104,12,32,0,0,0,32,6,2,0.052083333333333336,30.0,0.0,True,False
288,4 4 18,576,16.0,9,1.25,11200,1.9513888888888888,0,140,104,12,32,0,0,0,32,6,2,0.052083333333333336,30.0,0.0,True,False
288,4 4 18,576,16.0,9,1.25,11400,1.9513888888888888,0,140,104,12,32,0,0,0,32,6,2,0.052083333333333336,30.0,0.0,True,False
288,4 4 18,576,16.0,9,1.25,11600,1.9513888888888888,0,140,104,12,32,0,0,0,32,6,2,0.052083333333333336,30.0,0.0,True,False
288,4 4 18,576,16.0,9,1.25,11800,1.9513888888888888,0,140,104,12,32,0,0,0,32,6,2,0.052083333333333336,30.0,0.0,True,False
288,4 4 18,576,16.0,9,1.25,12000,1.9513888888888888,0,140,104,12,32,0,0,0,32,6,2,0.052083333333333336,30.0,0.0,True,False
288,4 4 18,576,16.0,9,1.25,12200,1.9513888888888888,0,140,104,12,32,0,0,0,32,6,2,0.052083333333333336,30.0,0.0,True,False
288,4 4 18,576,16.0,9,1.25,12400,1.9513888888888888,0,140,104,12,32,0,0,0,32,6,2,0.052083333333333336,30.0,0.0,True,False
288,4 4 18,576,16.0,9,1.25,12600,1.9513888888888888,0,140,104,12,32,0,0,0,32,6,2,0.052083333333333336,30.0,0.0,True,False
288,4 4 18,576,16.0,9,1.25,12800,1.9513888888888888,0,140,104,12,32,0,0,0,32,6,2,0.052083333333333336,30.0,0.0,True,False
288,4 4 18,576,16.0,9,1.25,13000,1.9513888888888888,0,140,104,12,32,0,0,0,32,6,2,0.052083333333333336,30.0,0.0,True,False
288,4 4 18,576,16.0,9,1.25,13200,1.9513888888888888,0,140,104,12,32,0,0,0,32,6,2,0.052083333333333336,30.0,0.0,True,False
288,4 4 18,576,16.0,9,1.25,13400,1.9513888888888888,0,140,104,12,32,0,0,0,32,6,2,0.052083333333333336,30.0,0.0,True,False
288,4 4 18,576,16.0,9,1.25,13600,1.9513888888888888,0,140,104,12,32,0,0,0,32,6,2,0.052083333333333336,30.0,0.0,True,False
288,4 4 18,576,16.0,9,1.25,13800,1.9513888888888888,0,140,104,12,32,0,0,0,32,6,2,0.052083333333333336,30.0,0.0,True,False
288,4 4 18,576,16.0,9,1.25,14000,1.9513888888888888,0,140,104,12,32,0,0,0,32,6,2,0.052083333333333336,30.0,0.0,True,False
288,4 4 18,576,16.0,9,1.25,14200,1.9513888888888888,0,140,104,12,32,0,0,0,32,6,2,0.052083333333333336,30.0,0.0,True,False
288,4 4 18,576,16.0,9,1.25,14400,1.9513888888888888,0,140,104,12,32,0,0,0,32,6,2,0.052083333333333336,30.0,0.0,True,False
288,4 4 18,576,16.0,9,1.25,14600,1.9513888888888888,0,140,104,12,32,0,0,0,32,6,2,0.052083333333333336,30.0,0.0,True,False
288,4 4 18,576,16.0,9,1.25,14800,1.9513888888888888,0,140,104,12,32,0,0,0,32,6,2,0.052083333333333336,30.0,0.0,True,False
288,4 4 18,576,16.0,9,1.25,15000,1.9513888888888888,0,140,104,12,32,0,0,0,32,6,2,0.052083333333333336,30.0,0.0,True,False
288,4 4 18,576,16.0,9,1.25,15200,1.9513888888888888,0,140,104,12,32,0,0,0,32,6,2,0.052083333333333336,30.0,0.0,True,False
288,4 4 18,576,16.0,9,1.25,15400,1.9513888888888888,0,140,104,12,32,0,0,0,32,6,2,0.052083333333333336,30.0,0.0,True,False
288,4 4 18,576,16.0,9,1.25,15600,1.9513888888888888,0,140,104,12,32,0,0,0,32,6,2,0.052083333333333336,30.0,0.0,True,False
288,4 4 18,576,16.0,9,1.25,15800,1.9513888888888888,0,140,104,12,32,0,0,0,32,6,2,0.052083333333333336,30.0,0.0,True,False
288,4 4 18,576,16.0,9,1.25,16000,1.9513888888888888,0,140,104,12,32,0,0,0,32,6,2,0.052083333333333336,30.0,0.0,True,False
288,4 4 18,576,16.0,9,1.25,16200,1.9513888888888888,0,140,104,12,32,0,0,0,32,6,2,0.052083333333333336,30.0,0.0,True,False
288,4 4 18,576,16.0,9,1.25,16400,1.9513888888888888,0,140,104,12,32,0,0,0,32,6,2,0.052083333333333336,30.0,0.0,True,False
288,4 4 18,576,16.0,9,1.25,16600,1.9513888888888888,0,140,104,12,32,0,0,0,32,6,2,0.052083333333333336,30.0,0.0,True,False
288,4 4 18,576,16.0,9,1.25,16800,1.9513888888888888,0,140,104,12,32,0,0,0,32,6,2,0.052083333333333336,30.0,0.0,True,False
288,4 4 18,576,16.0,9,1.25,17000,1.9513888888888888,0,140,104,12,32,0,0,0,32,6,2,0.052083333333333336,30.0,0.0,True,False
288,4 4 18,576,16.0,9,1.25,17200,1.9513888888888888,0,140,104,12,32,0,0,0,32,6,2,0.052083333333333336,30.0,0.0,True,False
288,4 4 18,576,16.0,9,1.25,17400,1.9513888888888888,0,140,104,12,32,0,0,0,32,6,2,0.052083333333333336,30.0,0.0,True,False
288,4 4 18,576,16.0,9,1.25,17600,1.9513888888888888,0,140,104,12,32,0,0,0,32,6,2,0.052083333333333336,30.0,0.0,True,False
288,4 4 18,576,16.0,9,1.25,17800,1.9513888888888888,0,140,104,12,32,0,0,0,32,6,2,0.052083333333333336,30.0,0.0,True,False
288,4 4 18,576,16.0,9,1.25,18000,1.9513888888888888,0,140,104,12,32,0,0,0,32,6,2,0.052083333333333336,30.0,0.0,True,False
288,4 4 18,576,16.0,9,1.25,18200,1.9513888888888888,0,140,104,12,32,0,0,0,32,6,2,0.052083333333333336,30.0,0.0,True,False
288,4 4 18,576,16.0,9,1.25,18400,1.9513888888888888,0,140,104,12,32,0,0,0,32,6,2,0.052083333333333336,30.0,0.0,True,False
288,4 4 18,576,16.0,9,1.25,18600,1.9513888888888888,0,140,104,12,32,0,0,0,32,6,2,0.052083333333333336,30.0,0.0,True,False
288,4 4 18,576,16.0,9,1.25,18800,1.9513888888888888,0,140,104,12,32,0,0,0,32,6,2,0.052083333333333336,30.0,0.0,True,False
288,4 4 18,576,16.0,9,1.25,19000,1.9513888888888888,0,140,104,12,32,0,0,0,32,6,2,0.052083333333333336,30.0,0.0,True,False
288,4 4 18,576,16.0,9,1.25,19200,1.9513888888888888,0,140,104,12,32,0,0,0,32,6,2,0.052083333333333336,30.0,0.0,True,False
288,4 4 18,576,16.0,9,1.25,19400,1.9513888888888888,0,140,104,12,32,0,0,0,32,6,2,0.052083333333333336,30.0,0.0,True,False
288,4 4 18,576,16.0,9,1.25,19600,1.9513888888888888,0,140,104,12,32,0,0,0,32,6,2,0.052083333333333336,30.0,0.0,True,False
288,4 4 18,576,16.0,9,1.25,19800,1.9513888888888888,0,140,104,12,32,0,0,0,32,6,2,0.052083333333333336,30.0,0.0,True,False
288,4 4 18,576,16.0,9,1.25,20000,1.9513888888888888,0,140,104,12,32,0,0,0,32,6,2,0.052083333333333336,30.0,0.0,True,False
288,4 4 18,576,16.0,9,1.25,20200,1.9513888888888888,0,140,104,12,32,0,0,0,32,6,2,0.052083333333333336,30.0,0.0,True,False
288,4 4 18,576,16.0,9,1.25,20400,1.9513888888888888,0,140,104,12,32,0,0,0,32,6,2,0.052083333333333336,30.0,0.0,True,False
288,4 4 18,576,16.0,9,1.25,20600,1.9513888888888888,0,140,104,12,32,0,0,0,32,6,2,0.052083333333333336,30.0,0.0,True,False
288,4 4 18,576,16.0,9,1.25,20800,1.9513888888888888,0,140,104,12,32,0,0,0,32,6,2,0.052083333333333336,30.0,0.0,True,False
288,4 4 18,576,16.0,9,1.25,21000,1.9513888888888888,0,140,104,12,32,0,0,0,32,6,2,0.052083333333333336,30.0,0.0,True,False
288,4 4 18,576,16.0,9,1.25,21200,1.9513888888888888,0,140,104,12,32,0,0,0,32,6,2,0.052083333333333336,30.0,0.0,True,False
288,4 4 18,576,16.0,9,1.25,21400,1.9513888888888888,0,140,104,12,32,0,0,0,32,6,2,0.052083333333333336,30.0,0.0,True,False
288,4 4 18,576,16.0,9,1.25,21600,1.9548611111111112,0,150,100,6,32,0,0,0,32,3,2,0.050347222222222224,29.0,0.0,True,False
288,4 4 18,576,16.0,9,1.25,21800,1.9548611111111112,0,150,100,6,32,0,0,0,32,3,2,0.050347222222222224,29.0,0.0,True,False
288,4 4 18,576,16.0,9,1.25,22000,1.9548611111111112,0,150,100,6,32,0,0,0,32,3,2,0.050347222222222224,29.0,0.0,True,False
288,4 4 18,576,16.0,9,1.25,22200,1.9513888888888888,0,140,104,12,32,0,0,0,32,6,2,0.052083333333333336,30.0,0.0,True,False
288,4 4 18,576,16.0,9,1.25,22400,1.9513888888888888,0,140,104,12,32,0,0,0,32,6,2,0.052083333333333336,30.0,0.0,True,False
288,4 4 18,576,16.0,9,1.25,22600,1.9513888888888888,0,140,104,12,32,0,0,0,32,6,2,0.052083333333333336,30.0,0.0,True,False
288,4 4 18,576,16.0,9,1.25,22800,1.9513888888888888,0,140,104,12,32,0,0,0,32,6,2,0.052083333333333336,30.0,0.0,True,False
288,4 4 18,576,16.0,9,1.25,23000,1.9513888888888888,0,140,104,12,32,0,0,0,32,6,2,0.052083333333333336,30.0,0.0,True,False
288,4 4 18,576,16.0,9,1.25,23200,1.9513888888888888,0,140,104,12,32,0,0,0,32,6,2,0.052083333333333336,30.0,0.0,True,False
288,4 4 18,576,16.0,9,1.25,23400,1.9513888888888888,0,140,104,12,32,0,0,0,32,6,2,0.052083333333333336,30.0,0.0,True,False
288,4 4 18,576,16.0,9,1.25,23600,1.9513888888888888,0,140,104,12,32,0,0,0,32,6,2,0.052083333333333336,30.0,0.0,True,False
288,4 4 18,576,16.0,9,1.25,23800,1.9513888888888888,0,140,104,12,32,0,0,0,32,6,2,0.052083333333333336,30.0,0.0,True,False
288,4 4 18,576,16.0,9,1.25,24000,1.9513888888888888,0,140,104,12,32,0,0,0,32,6,2,0.052083333333333336,30.0,0.0,True,False
288,4 4 18,576,16.0,9,1.25,24200,1.9513888888888888,0,140,104,12,32,0,0,0,32,6,2,0.052083333333333336,30.0,0.0,True,False
288,4 4 18,576,16.0,9,1.25,24400,1.9513888888888888,0,140,104,12,32,0,0,0,32,6,2,0.052083333333333336,30.0,0.0,True,False
288,4 4 18,576,16.0,9,1.25,24600,1.9513888888888888,0,140,104,12,32,0,0,0,32,6,2,0.052083333333333336,30.0,0.0,True,False
288,4 4 18,576,16.0,9,1.25,24800,1.9513888888888888,0,140,104,12,32,0,0,0,32,6,2,0.052083333333333336,30.0,0.0,True,False
288,4 4 18,576,16.0,9,1.25,25000,1.9513888888888888,0,140,104,12,32,0,0,0,32,6,2,0.052083333333333336,30.0,0.0,True,False
288,4 4 18,576,16.0,9,1.25,25200,1.9513888888888888,0,140,104,12,32,0,0,0,32,6,2,0.052083333333333336,30.0,0.0,True,False
288,4 4 18,576,16.0,9,1.25,25400,1.9513888888888888,0,140,104,12,32,0,0,0,32,6,2,0.052083333333333336,30.0,0.0,True,False
288,4 4 18,576,16.0,9,1.25,25600,1.9513888888888888,0,140,104,12,32,0,0,0,32,6,2,0.052083333333333336,30.0,0.0,True,False
288,4 4 18,576,16.0,9,1.25,25800,1.9513888888888888,0,140,104,12,32,0,0,0,32,6,2,0.052083333333333336,30.0,0.0,True,False
288,4 4 18,576,16.0,9,1.25,26000,1.9513888888888888,0,140,104,12,32,0,0,0,32,6,2,0.052083333333333336,30.0,0.0,True,False
288,4 4 18,576,16.0,9,1.25,26200,1.9513888888888888,0,140,104,12,32,0,0,0,32,6,2,0.052083333333333336,30.0,0.0,True,False
288,4 4 18,576,16.0,9,1.25,26400,1.9513888888888888,0,140,104,12,32,0,0,0,32,6,2,0.052083333333333336,30.0,0.0,True,False
288,4 4 18,576,16.0,9,1.25,26600,1.9513888888888888,0,140,104,12,32,0,0,0,32,6,2,0.052083333333333336,30.0,0.0,True,False
288,4 4 18,576,16.0,9,1.25,26800,1.9513888888888888,0,140,104,12,32,0,0,0,32,6,2,0.052083333333333336,30.0,0.0,True,False
288,4 4 18,576,16.0,9,1.25,27000,1.9513888888888888,0,140,104,12,32,0,0,0,32,6,2,0.052083333333333336,30.0,0.0,True,False
288,4 4 18,576,16.0,9,1.25,27200,1.9513888888888888,0,140,104,12,32,0,0,0,32,6,2,0.052083333333333336,30.0,0.0,True,False
288,4 4 18,576,16.0,9,1.25,27400,1.9513888888888888,0,140,104,12,32,0,0,0,32,6,2,0.052083333333333336,30.0,0.0,True,False
288,4 4 18,576,16.0,9,1.25,27600,1.9513888888888888,0,140,104,12,32,0,0,0,32,6,2,0.052083333333333336,30.0,0.0,True,False
288,4 4 18,576,16.0,9,1.25,27800,1.9513888888888888,0,140,104,12,32,0,0,0,32,6,2,0.052083333333333336,30.0,0.0,True,False
288,4 4 18,576,16.0,9,1.25,28000,1.9513888888888888,0,140,104,12,32,0,0,0,32,6,2,0.052083333333333336,30.0,0.0,True,False
288,4 4 18,576,16.0,9,1.25,28200,1.9513888888888888,0,140,104,12,32,0,0,0,32,6,2,0.052083333333333336,30.0,0.0,True,False
288,4 4 18,576,16.0,9,1.25,28400,1.9513888888888888,0,140,104,12,32,0,0,0,32,6,2,0.052083333333333336,30.0,0.0,True,False
288,4 4 18,576,16.0,9,1.25,28600,1.9513888888888888,0,140,104,12,32,0,0,0,32,6,2,0.052083333333333336,30.0,0.0,True,False
288,4 4 18,576,16.0,9,1.25,28800,1.9513888888888888,0,140,104,12,32,0,0,0,32,6,2,0.052083333333333336,30.0,0.0,True,False
288,4 4 18,576,16.0,9,1.25,29000,1.9513888888888888,0,140,104,12,32,0,0,0,32,6,2,0.052083333333333336,30.0,0.0,True,False
288,4 4 18,576,16.0,9,1.25,29200,1.9513888888888888,0,140,104,12,32,0,0,0,32,6,2,0.052083333333333336,30.0,0.0,True,False
288,4 4 18,576,16.0,9,1.25,29400,1.9513888888888888,0,140,104,12,32,0,0,0,32,6,2,0.052083333333333336,30.0,0.0,True,False
288,4 4 18,576,16.0,9,1.25,29600,1.9513888888888888,0,140,104,12,32,0,0,0,32,6,2,0.052083333333333336,30.0,0.0,True,False
288,4 4 18,576,16.0,9,1.25,29800,1.9513888888888888,0,140,104,12,32,0,0,0,32,6,2,0.052083333333333336,30.0,0.0,True,False
288,4 4 18,576,16.0,9,1.25,30000,1.9513888888888888,0,140,104,12,32,0,0,0,32,6,2,0.052083333333333336,30.0,0.0,True,False
288,4 4 18,576,16.0,9,1.25,30200,1.9513888888888888,0,140,104,12,32,0,0,0,32,6,2,0.052083333333333336,30.0,0.0,True,False
288,4 4 18,576,16.0,9,1.25,30400,1.9513888888888888,0,140,104,12,32,0,0,0,32,6,2,0.052083333333333336,30.0,0.0,True,False
288,4 4 18,576,16.0,9,1.25,30600,1.9513888888888888,0,140,104,12,32,0,0,0,32,6,2,0.052083333333333336,30.0,0.0,True,False
288,4 4 18,576,16.0,9,1.25,30800,1.9513888888888888,0,140,104,12,32,0,0,0,32,6,2,0.052083333333333336,30.0,0.0,True,False
288,4 4 18,576,16.0,9,1.25,31000,1.9513888888888888,0,140,104,12,32,0,0,0,32,6,2,0.052083333333333336,30.0,0.0,True,False
288,4 4 18,576,16.0,9,1.25,31200,1.9513888888888888,0,140,104,12,32,0,0,0,32,6,2,0.052083333333333336,30.0,0.0,True,False
288,4 4 18,576,16.0,9,1.25,31400,1.9513888888888888,0,140,104,12,32,0,0,0,32,6,2,0.052083333333333336,30.0,0.0,True,False
288,4 4 18,576,16.0,9,1.25,31600,1.9513888888888888,0,140,104,12,32,0,0,0,32,6,2,0.052083333333333336,30.0,0.0,True,False
288,4 4 18,576,16.0,9,1.25,31800,1.9513888888888888,0,140,104,12,32,0,0,0,32,6,2,0.052083333333333336,30.0,0.0,True,False
288,4 4 18,576,16.0,9,1.25,32000,1.9513888888888888,0,140,104,12,32,0,0,0,32,6,2,0.052083333333333336,30.0,0.0,True,False
288,4 4 18,576,16.0,9,1.25,32200,1.9513888888888888,0,140,104,12,32,0,0,0,32,6,2,0.052083333333333336,30.0,0.0,True,False
288,4 4 18,576,16.0,9,1.25,32400,1.9513888888888888,0,140,104,12,32,0,0,0,32,6,2,0.052083333333333336,30.0,0.0,True,False
288,4 4 18,576,16.0,9,1.25,32600,1.9513888888888888,0,140,104,12,32,0,0,0,32,6,2,0.052083333333333336,30.0,0.0,True,False
288,4 4 18,576,16.0,9,1.25,32800,1.9513888888888888,0,140,104,12,32,0,0,0,32,6,2,0.052083333333333336,30.0,0.0,True,False
288,4 4 18,576,16.0,9,1.25,33000,1.9513888888888888,0,140,104,12,32,0,0,0,32,6,2,0.052083333333333336,30.0,0.0,True,False
288,4 4 18,576,16.0,9,1.25,33200,1.9513888888888888,0,140,104,12,32,0,0,0,32,6,2,0.052083333333333336,30.0,0.0,True,False
288,4 4 18,576,16.0,9,1.25,33400,1.9513888888888888,0,140,104,12,32,0,0,0,32,6,2,0.052083333333333336,30.0,0.0,True,False
288,4 4 18,576,16.0,9,1.25,33600,1.9513888888888888,0,140,104,12,32,0,0,0,32,6,2,0.052083333333333336,30.0,0.0,True,False
288,4 4 18,576,16.0,9,1.25,33800,1.9513888888888888,0,140,104,12,32,0,0,0,32,6,2,0.052083333333333336,30.0,0.0,True,False
288,4 4 18,576,16.0,9,1.25,34000,1.9513888888888888,0,140,104,12,32,0,0,0,32,6,2,0.052083333333333336,30.0,0.0,True,False
288,4 4 18,576,16.0,9,1.25,34200,1.9513888888888888,0,140,104,12,32,0,0,0,32,6,2,0.052083333333333336,30.0,0.0,True,False
288,4 4 18,576,16.0,9,1.25,34400,1.9513888888888888,0,140,104,12,32,0,0,0,32,6,2,0.052083333333333336,30.0,0.0,True,False
288,4 4 18,576,16.0,9,1.25,34600,1.9513888888888888,0,140,104,12,32,0,0,0,32,6,2,0.052083333333333336,30.0,0.0,True,False
288,4 4 18,576,16.0,9,1.25,34800,1.9513888888888888,0,140,104,12,32,0,0,0,32,6,2,0.052083333333333336,30.0,0.0,True,False
288,4 4 18,576,16.0,9,1.25,35000,1.9513888888888888,0,140,104,12,32,0,0,0,32,6,2,0.052083333333333336,30.0,0.0,True,False
288,4 4 18,576,16.0,9,1.25,35200,1.9513888888888888,0,140,104,12,32,0,0,0,32,6,2,0.052083333333333336,30.0,0.0,True,False
288,4 4 18,576,16.0,9,1.25,35400,1.9513888888888888,0,140,104,12,32,0,0,0,32,6,2,0.052083333333333336,30.0,0.0,True,False
288,4 4 18,576,16.0,9,1.25,35600,1.9513888888888888,0,140,104,12,32,0,0,0,32,6,2,0.052083333333333336,30.0,0.0,True,False
288,4 4 18,576,16.0,9,1.25,35800,1.9513888888888888,0,140,104,12,32,0,0,0,32,6,2,0.052083333333333336,30.0,0.0,True,False
288,4 4 18,576,16.0,9,1.25,36000,1.9513888888888888,0,140,104,12,32,0,0,0,32,6,2,0.052083333333333336,30.0,0.0,True,False
288,4 4 18,576,16.0,9,1.25,36200,1.9513888888888888,0,140,104,12,32,0,0,0,32,6,2,0.052083333333333336,30.0,0.0,True,False
288,4 4 18,576,16.0,9,1.25,36400,1.9513888888888888,0,140,104,12,32,0,0,0,32,6,2,0.052083333333333336,30.0,0.0,True,False
288,4 4 18,576,16.0,9,1.25,36600,1.9513888888888888,0,140,104,12,32,0,0,0,32,6,2,0.052083333333333336,30.0,0.0,True,False
288,4 4 18,576,16.0,9,1.25,36800,1.9513888888888888,0,140,104,12,32,0,0,0,32,6,2,0.052083333333333336,30.0,0.0,True,False
288,4 4 18,576,16.0,9,1.25,37000,1.9513888888888888,0,140,104,12,32,0,0,0,32,6,2,0.052083333333333336,30.0,0.0,True,False
288,4 4 18,576,16.0,9,1.25,37200,1.9513888888888888,0,140,104,12,32,0,0,0,32,6,2,0.052083333333333336,30.0,0.0,True,False
288,4 4 18,576,16.0,9,1.25,37400,1.9513888888888888,0,140,104,12,32,0,0,0,32,6,2,0.052083333333333336,30.0,0.0,True,False
288,4 4 18,576,16.0,9,1.25,37600,1.9513888888888888,0,140,104,12,32,0,0,0,32,6,2,0.052083333333333336,30.0,0.0,True,False
288,4 4 18,576,16.0,9,1.25,37800,1.9513888888888888,0,140,104,12,32,0,0,0,32,6,2,0.052083333333333336,30.0,0.0,True,False
288,4 4 18,576,16.0,9,1.25,38000,1.9513888888888888,0,140,104,12,32,0,0,0,32,6,2,0.052083333333333336,30.0,0.0,True,False
288,4 4 18,576,16.0,9,1.25,38200,1.9513888888888888,0,140,104,12,32,0,0,0,32,6,2,0.052083333333333336,30.0,0.0,True,False
288,4 4 18,576,16.0,9,1.25,38400,1.9513888888888888,0,140,104,12,32,0,0,0,32,6,2,0.052083333333333336,30.0,0.0,True,False
288,4 4 18,576,16.0,9,1.25,38600,1.9513888888888888,0,140,104,12,32,0,0,0,32,6,2,0.052083333333333336,30.0,0.0,True,False
288,4 4 18,576,16.0,9,1.25,38800,1.9513888888888888,0,140,104,12,32,0,0,0,32,6,2,0.052083333333333336,30.0,0.0,True,False
288,4 4 18,576,16.0,9,1.25,39000,1.9513888888888888,0,140,104,12,32,0,0,0,32,6,2,0.052083333333333336,30.0,0.0,True,False
288,4 4 18,576,16.0,9,1.25,39200,1.9513888888888888,0,140,104,12,32,0,0,0,32,6,2,0.052083333333333336,30.0,0.0,True,False
288,4 4 18,576,16.0,9,1.25,39400,1.9513888888888888,0,140,104,12,32,0,0,0,32,6,2,0.052083333333333336,30.0,0.0,True,False
288,4 4 18,576,16.0,9,1.25,39600,1.9513888888888888,0,140,104,12,32,0,0,0,32,6,2,0.052083333333333336,30.0,0.0,True,False
288,4 4 18,576,16.0,9,1.25,39800,1.9513888888888888,0,140,104,12,32,0,0,0,32,6,2,0.052083333333333336,30.0,0.0,True,False
288,4 4 18,576,16.0,9,1.25,40000,1.9513888888888888,0,140,104,12,32,0,0,0,32,6,2,0.052083333333333336,30.0,0.0,True,False
288,4 4 18,576,16.0,9,1.25,40200,1.9513888888888888,0,140,104,12,32,0,0,0,32,6,2,0.052083333333333336,30.0,0.0,True,False
288,4 4 18,576,16.0,9,1.25,40400,1.9513888888888888,0,140,104,12,32,0,0,0,32,6,2,0.052083333333333336,30.0,0.0,True,False
288,4 4 18,576,16.0,9,1.25,40600,1.9513888888888888,0,140,104,12,32,0,0,0,32,6,2,0.052083333333333336,30.0,0.0,True,False
288,4 4 18,576,16.0,9,1.25,40800,1.9513888888888888,0,140,104,12,32,0,0,0,32,6,2,0.052083333333333336,30.0,0.0,True,False
288,4 4 18,576,16.0,9,1.25,41000,1.9513888888888888,0,140,104,12,32,0,0,0,32,6,2,0.052083333333333336,30.0,0.0,True,False
288,4 4 18,576,16.0,9,1.25,41200,1.9513888888888888,0,140,104,12,32,0,0,0,32,6,2,0.052083333333333336,30.0,0.0,True,False
288,4 4 18,576,16.0,9,1.25,41400,1.9513888888888888,0,140,104,12,32,0,0,0,32,6,2,0.052083333333333336,30.0,0.0,True,False
288,4 4 18,576,16.0,9,1.25,41600,1.9513888888888888,0,140,104,12,32,0,0,0,32,6,2,0.052083333333333336,30.0,0.0,True,False
288,4 4 18,576,16.0,9,1.25,41800,1.9513888888888888,0,140,104,12,32,0,0,0,32,6,2,0.052083333333333336,30.0,0.0,True,False
288,4 4 18,576,16.0,9,1.25,42000,1.9513888888888888,0,140,104,12,32,0,0,0,32,6,2,0.052083333333333336,30.0,0.0,True,False
288,4 4 18,576,16.0,9,1.25,42200,1.9513888888888888,0,140,104,12,32,0,0,0,32,6,2,0.052083333333333336,30.0,0.0,True,False
288,4 4 18,576,16.0,9,1.25,42400,1.9513888888888888,0,140,104,12,32,0,0,0,32,6,2,0.052083333333333336,30.0,0.0,True,False
288,4 4 18,576,16.0,9,1.25,42600,1.9548611111111112,0,150,100,6,32,0,0,0,32,3,2,0.050347222222222224,29.0,0.0,True,False
288,4 4 18,576,16.0,9,1.25,42800,1.9548611111111112,0,150,100,6,32,0,0,0,32,3,2,0.050347222222222224,29.0,0.0,True,False
288,4 4 18,576,16.0,9,1.25,43000,1.9513888888888888,0,140,104,12,32,0,0,0,32,6,2,0.052083333333333336,30.0,0.0,True,False
288,4 4 18,576,16.0,9,1.25,43200,1.9513888888888888,0,140,104,12,32,0,0,0,32,6,2,0.052083333333333336,30.0,0.0,True,False
288,4 4 18,576,16.0,9,1.25,43400,1.9513888888888888,0,140,104,12,32,0,0,0,32,6,2,0.052083333333333336,30.0,0.0,True,False
288,4 4 18,576,16.0,9,1.25,43600,1.9513888888888888,0,140,104,12,32,0,0,0,32,6,2,0.052083333333333336,30.0,0.0,True,False
288,4 4 18,576,16.0,9,1.25,43800,1.9513888888888888,0,140,104,12,32,0,0,0,32,6,2,0.052083333333333336,30.0,0.0,True,False
288,4 4 18,576,16.0,9,1.25,44000,1.9513888888888888,0,140,104,12,32,0,0,0,32,6,2,0.052083333333333336,30.0,0.0,True,False
288,4 4 18,576,16.0,9,1.25,44200,1.9513888888888888,0,140,104,12,32,0,0,0,32,6,2,0.052083333333333336,30.0,0.0,True,False
288,4 4 18,576,16.0,9,1.25,44400,1.9513888888888888,0,140,104,12,32,0,0,0,32,6,2,0.052083333333333336,30.0,0.0,True,False
288,4 4 18,576,16.0,9,1.25,44600,1.9513888888888888,0,140,104,12,32,0,0,0,32,6,2,0.052083333333333336,30.0,0.0,True,False
288,4 4 18,576,16.0,9,1.25,44800,1.9513888888888888,0,140,104,12,32,0,0,0,32,6,2,0.052083333333333336,30.0,0.0,True,False
288,4 4 18,576,16.0,9,1.25,45000,1.9513888888888888,0,140,104,12,32,0,0,0,32,6,2,0.052083333333333336,30.0,0.0,True,False
288,4 4 18,576,16.0,9,1.25,45200,1.9513888888888888,0,140,104,12,32,0,0,0,32,6,2,0.052083333333333336,30.0,0.0,True,False
288,4 4 18,576,16.0,9,1.25,45400,1.9513888888888888,0,140,104,12,32,0,0,0,32,6,2,0.052083333333333336,30.0,0.0,True,False
288,4 4 18,576,16.0,9,1.25,45600,1.9513888888888888,0,140,104,12,32,0,0,0,32,6,2,0.052083333333333336,30.0,0.0,True,False
288,4 4 18,576,16.0,9,1.25,45800,1.9513888888888888,0,140,104,12,32,0,0,0,32,6,2,0.052083333333333336,30.0,0.0,True,False
288,4 4 18,576,16.0,9,1.25,46000,1.9513888888888888,0,140,104,12,32,0,0,0,32,6,2,0.052083333333333336,30.0,0.0,True,False
288,4 4 18,576,16.0,9,1.25,46200,1.9513888888888888,0,140,104,12,32,0,0,0,32,6,2,0.052083333333333336,30.0,0.0,True,False
288,4 4 18,576,16.0,9,1.25,46400,1.9513888888888888,0,140,104,12,32,0,0,0,32,6,2,0.052083333333333336,30.0,0.0,True,False
288,4 4 18,576,16.0,9,1.25,46600,1.9513888888888888,0,140,104,12,32,0,0,0,32,6,2,0.052083333333333336,30.0,0.0,True,False
288,4 4 18,576,16.0,9,1.25,46800,1.9513888888888888,0,140,104,12,32,0,0,0,32,6,2,0.052083333333333336,30.0,0.0,True,False
288,4 4 18,576,16.0,9,1.25,47000,1.9513888888888888,0,140,104,12,32,0,0,0,32,6,2,0.052083333333333336,30.0,0.0,True,False
288,4 4 18,576,16.0,9,1.25,47200,1.9513888888888888,0,140,104,12,32,0,0,0,32,6,2,0.052083333333333336,30.0,0.0,True,False
288,4 4 18,576,16.0,9,1.25,47400,1.9513888888888888,0,140,104,12,32,0,0,0,32,6,2,0.052083333333333336,30.0,0.0,True,False
288,4 4 18,576,16.0,9,1.25,47600,1.9513888888888888,0,140,104,12,32,0,0,0,32,6,2,0.052083333333333336,30.0,0.0,True,False
288,4 4 18,576,16.0,9,1.25,47800,1.9513888888888888,0,140,104,12,32,0,0,0,32,6,2,0.052083333333333336,30.0,0.0,True,False
288,4 4 18,576,16.0,9,1.25,48000,1.9513888888888888,0,140,104,12,32,0,0,0,32,6,2,0.052083333333333336,30.0,0.0,True,False
288,4 4 18,576,16.0,9,1.25,48200,1.9513888888888888,0,140,104,12,32,0,0,0,32,6,2,0.052083333333333336,30.0,0.0,True,False
288,4 4 18,576,16.0,9,1.25,48400,1.9513888888888888,0,140,104,12,32,0,0,0,32,6,2,0.052083333333333336,30.0,0.0,True,False
288,4 4 18,576,16.0,9,1.25,48600,1.9513888888888888,0,140,104,12,32,0,0,0,32,6,2,0.052083333333333336,30.0,0.0,True,False
288,4 4 18,576,16.0,9,1.25,48800,1.9513888888888888,0,140,104,12,32,0,0,0,32,6,2,0.052083333333333336,30.0,0.0,True,False
288,4 4 18,576,16.0,9,1.25,49000,1.9513888888888888,0,140,104,12,32,0,0,0,32,6,2,0.052083333333333336,30.0,0.0,True,False
288,4 4 18,576,16.0,9,1.25,49200,1.9513888888888888,0,140,104,12,32,0,0,0,32,6,2,0.052083333333333336,30.0,0.0,True,False
288,4 4 18,576,16.0,9,1.25,49400,1.9513888888888888,0,140,104,12,32,0,0,0,32,6,2,0.052083333333333336,30.0,0.0,True,False
288,4 4 18,576,16.0,9,1.25,49600,1.9513888888888888,0,140,104,12,32,0,0,0,32,6,2,0.052083333333333336,30.0,0.0,True,False
288,4 4 18,576,16.0,9,1.25,49800,1.9513888888888888,0,140,104,12,32,0,0,0,32,6,2,0.052083333333333336,30.0,0.0,True,False
288,4 4 18,576,16.0,9,1.25,50000,1.9513888888888888,0,140,104,12,32,0,0,0,32,6,2,0.052083333333333336,30.0,0.0,True,False
288,4 4 18,576,16.0,9,1.25,50200,1.9513888888888888,0,140,104,12,32,0,0,0,32,6,2,0.052083333333333336,30.0,0.0,True,False
288,4 4 18,576,16.0,9,1.25,50400,1.9513888888888888,0,140,104,12,32,0,0,0,32,6,2,0.052083333333333336,30.0,0.0,True,False
288,4 4 18,576,16.0,9,1.25,50600,1.9513888888888888,0,140,104,12,32,0,0,0,32,6,2,0.052083333333333336,30.0,0.0,True,False
288,4 4 18,576,16.0,9,1.25,50800,1.9513888888888888,0,140,104,12,32,0,0,0,32,6,2,0.052083333333333336,30.0,0.0,True,False
288,4 4 18,576,16.0,9,1.25,51000,1.9513888888888888,0,140,104,12,32,0,0,0,32,6,2,0.052083333333333336,30.0,0.0,True,False
288,4 4 18,576,16.0,9,1.25,51200,1.9513888888888888,0,140,104,12,32,0,0,0,32,6,2,0.052083333333333336,30.0,0.0,True,False
288,4 4 18,576,16.0,9,1.25,51400,1.9513888888888888,0,140,104,12,32,0,0,0,32,6,2,0.052083333333333336,30.0,0.0,True,False
288,4 4 18,576,16.0,9,1.25,51600,1.9513888888888888,0,140,104,12,32,0,0,0,32,6,2,0.052083333333333336,30.0,0.0,True,False
288,4 4 18,576,16.0,9,1.25,51800,1.9513888888888888,0,140,104,12,32,0,0,0,32,6,2,0.052083333333333336,30.0,0.0,True,False
288,4 4 18,576,16.0,9,1.25,52000,1.9513888888888888,0,140,104,12,32,0,0,0,32,6,2,0.052083333333333336,30.0,0.0,True,False
288,4 4 18,576,16.0,9,1.25,52200,1.9513888888888888,0,140,104,12,32,0,0,0,32,6,2,0.052083333333333336,30.0,0.0,True,False
288,4 4 18,576,16.0,9,1.25,52400,1.9513888888888888,0,140,104,12,32,0,0,0,32,6,2,0.052083333333333336,30.0,0.0,True,False
288,4 4 18,576,16.0,9,1.25,52600,1.9513888888888888,0,140,104,12,32,0,0,0,32,6,2,0.052083333333333336,30.0,0.0,True,False
288,4 4 18,576,16.0,9,1.25,52800,1.9513888888888888,0,140,104,12,32,0,0,0,32,6,2,0.052083333333333336,30.0,0.0,True,False
288,4 4 18,576,16.0,9,1.25,53000,1.9513888888888888,0,140,104,12,32,0,0,0,32,6,2,0.052083333333333336,30.0,0.0,True,False
288,4 4 18,576,16.0,9,1.25,53200,1.9513888888888888,0,140,104,12,32,0,0,0,32,6,2,0.052083333333333336,30.0,0.0,True,False
288,4 4 18,576,16.0,9,1.25,53400,1.9513888888888888,0,140,104,12,32,0,0,0,32,6,2,0.052083333333333336,30.0,0.0,True,False
288,4 4 18,576,16.0,9,1.25,53600,1.9513888888888888,0,140,104,12,32,0,0,0,32,6,2,0.052083333333333336,30.0,0.0,True,False
288,4 4 18,576,16.0,9,1.25,53800,1.9513888888888888,0,140,104,12,32,0,0,0,32,6,2,0.052083333333333336,30.0,0.0,True,False
288,4 4 18,576,16.0,9,1.25,54000,1.9513888888888888,0,140,104,12,32,0,0,0,32,6,2,0.052083333333333336,30.0,0.0,True,False
288,4 4 18,576,16.0,9,1.25,54200,1.9513888888888888,0,140,104,12,32,0,0,0,32,6,2,0.052083333333333336,30.0,0.0,True,False
288,4 4 18,576,16.0,9,1.25,54400,1.9513888888888888,0,140,104,12,32,0,0,0,32,6,2,0.052083333333333336,30.0,0.0,True,False
288,4 4 18,576,16.0,9,1.25,54600,1.9513888888888888,0,140,104,12,32,0,0,0,32,6,2,0.052083333333333336,30.0,0.0,True,False
288,4 4 18,576,16.0,9,1.25,54800,1.9513888888888888,0,140,104,12,32,0,0,0,32,6,2,0.052083333333333336,30.0,0.0,True,False
288,4 4 18,576,16.0,9,1.25,55000,1.9513888888888888,0,140,104,12,32,0,0,0,32,6,2,0.052083333333333336,30.0,0.0,True,False
288,4 4 18,576,16.0,9,1.25,55200,1.9513888888888888,0,140,104,12,32,0,0,0,32,6,2,0.052083333333333336,30.0,0.0,True,False
288,4 4 18,576,16.0,9,1.25,55400,1.9513888888888888,0,140,104,12,32,0,0,0,32,6,2,0.052083333333333336,30.0,0.0,True,False
288,4 4 18,576,16.0,9,1.25,55600,1.9513888888888888,0,140,104,12,32,0,0,0,32,6,2,0.052083333333333336,30.0,0.0,True,False
288,4 4 18,576,16.0,9,1.25,55800,1.9513888888888888,0,140,104,12,32,0,0,0,32,6,2,0.052083333333333336,30.0,0.0,True,False
288,4 4 18,576,16.0,9,1.25,56000,1.9513888888888888,0,140,104,12,32,0,0,0,32,6,2,0.052083333333333336,30.0,0.0,True,False
288,4 4 18,576,16.0,9,1.25,56200,1.9513888888888888,0,140,104,12,32,0,0,0,32,6,2,0.052083333333333336,30.0,0.0,True,False
288,4 4 18,576,16.0,9,1.25,56400,1.9513888888888888,0,140,104,12,32,0,0,0,32,6,2,0.052083333333333336,30.0,0.0,True,False
288,4 4 18,576,16.0,9,1.25,56600,1.9513888888888888,0,140,104,12,32,0,0,0,32,6,2,0.052083333333333336,30.0,0.0,True,False
288,4 4 18,576,16.0,9,1.25,56800,1.9513888888888888,0,140,104,12,32,0,0,0,32,6,2,0.052083333333333336,30.0,0.0,True,False
288,4 4 18,576,16.0,9,1.25,57000,1.9513888888888888,0,140,104,12,32,0,0,0,32,6,2,0.052083333333333336,30.0,0.0,True,False
288,4 4 18,576,16.0,9,1.25,57200,1.9513888888888888,0,140,104,12,32,0,0,0,32,6,2,0.052083333333333336,30.0,0.0,True,False
288,4 4 18,576,16.0,9,1.25,57400,1.9513888888888888,0,140,104,12,32,0,0,0,32,6,2,0.052083333333333336,30.0,0.0,True,False
288,4 4 18,576,16.0,9,1.25,57600,1.9513888888888888,0,140,104,12,32,0,0,0,32,6,2,0.052083333333333336,30.0,0.0,True,False
288,4 4 18,576,16.0,9,1.25,57800,1.9513888888888888,0,140,104,12,32,0,0,0,32,6,2,0.052083333333333336,30.0,0.0,True,False
288,4 4 18,576,16.0,9,1.25,58000,1.9513888888888888,0,140,104,12,32,0,0,0,32,6,2,0.052083333333333336,30.0,0.0,True,False
288,4 4 18,576,16.0,9,1.25,58200,1.9513888888888888,0,140,104,12,32,0,0,0,32,6,2,0.052083333333333336,30.0,0.0,True,False
288,4 4 18,576,16.0,9,1.25,58400,1.9513888888888888,0,140,104,12,32,0,0,0,32,6,2,0.052083333333333336,30.0,0.0,True,False
288,4 4 18,576,16.0,9,1.25,58600,1.9513888888888888,0,140,104,12,32,0,0,0,32,6,2,0.052083333333333336,30.0,0.0,True,False
288,4 4 18,576,16.0,9,1.25,58800,1.9513888888888888,0,140,104,12,32,0,0,0,32,6,2,0.052083333333333336,30.0,0.0,True,False
288,4 4 18,576,16.0,9,1.25,59000,1.9513888888888888,0,140,104,12,32,0,0,0,32,6,2,0.052083333333333336,30.0,0.0,True,False
288,4 4 18,576,16.0,9,1.25,59200,1.9513888888888888,0,140,104,12,32,0,0,0,32,6,2,0.052083333333333336,30.0,0.0,True,False
288,4 4 18,576,16.0,9,1.25,59400,1.9513888888888888,0,140,104,12,32,0,0,0,32,6,2,0.052083333333333336,30.0,0.0,True,False
288,4 4 18,576,16.0,9,1.25,59600,1.9513888888888888,0,140,104,12,32,0,0,0,32,6,2,0.052083333333333336,30.0,0.0,True,False
288,4 4 18,576,16.0,9,1.25,59800,1.9513888888888888,0,140,104,12,32,0,0,0,32,6,2,0.052083333333333336,30.0,0.0,True,False
288,4 4 18,576,16.0,9,1.25,60000,1.9548611111111112,0,150,100,6,32,0,0,0,32,3,2,0.050347222222222224,29.0,0.0,True,False
288,4 4 18,576,16.0,9,1.25,60200,1.9548611111111112,0,150,100,6,32,0,0,0,32,3,2,0.050347222222222224,29.0,0.0,True,False
288,4 4 18,576,16.0,9,1.25,60400,1.9548611111111112,0,150,100,6,32,0,0,0,32,3,2,0.050347222222222224,29.0,0.0,True,False
288,4 4 18,576,16.0,9,1.25,60600,1.9548611111111112,0,150,100,6,32,0,0,0,32,3,2,0.050347222222222224,29.0,0.0,True,False
288,4 4 18,576,16.0,9,1.25,60800,1.9548611111111112,0,150,100,6,32,0,0,0,32,3,2,0.050347222222222224,29.0,0.0,True,False
288,4 4 18,576,16.0,9,1.25,61000,1.9548611111111112,0,150,100,6,32,0,0,0,32,3,2,0.050347222222222224,29.0,0.0,True,False
288,4 4 18,576,16.0,9,1.25,61200,1.9548611111111112,0,150,100,6,32,0,0,0,32,3,2,0.050347222222222224,29.0,0.0,True,False
288,4 4 18,576,16.0,9,1.25,61400,1.9548611111111112,0,150,100,6,32,0,0,0,32,3,2,0.050347222222222224,29.0,0.0,True,False
288,4 4 18,576,16.0,9,1.25,61600,1.9513888888888888,0,140,104,12,32,0,0,0,32,6,2,0.052083333333333336,30.0,0.0,True,False
288,4 4 18,576,16.0,9,1.25,61800,1.9513888888888888,0,140,104,12,32,0,0,0,32,6,2,0.052083333333333336,30.0,0.0,True,False
288,4 4 18,576,16.0,9,1.25,62000,1.9513888888888888,0,140,104,12,32,0,0,0,32,6,2,0.052083333333333336,30.0,0.0,True,False
288,4 4 18,576,16.0,9,1.25,62200,1.9513888888888888,0,140,104,12,32,0,0,0,32,6,2,0.052083333333333336,30.0,0.0,True,False
288,4 4 18,576,16.0,9,1.25,62400,1.9513888888888888,0,140,104,12,32,0,0,0,32,6,2,0.052083333333333336,30.0,0.0,True,False
288,4 4 18,576,16.0,9,1.25,62600,1.9513888888888888,0,140,104,12,32,0,0,0,32,6,2,0.052083333333333336,30.0,0.0,True,False
288,4 4 18,576,16.0,9,1.25,62800,1.9513888888888888,0,140,104,12,32,0,0,0,32,6,2,0.052083333333333336,30.0,0.0,True,False
288,4 4 18,576,16.0,9,1.25,63000,1.9513888888888888,0,140,104,12,32,0,0,0,32,6,2,0.052083333333333336,30.0,0.0,True,False
288,4 4 18,576,16.0,9,1.25,63200,1.9513888888888888,0,140,104,12,32,0,0,0,32,6,2,0.052083333333333336,30.0,0.0,True,False
288,4 4 18,576,16.0,9,1.25,63400,1.9513888888888888,0,140,104,12,32,0,0,0,32,6,2,0.052083333333333336,30.0,0.0,True,False
288,4 4 18,576,16.0,9,1.25,63600,1.9513888888888888,0,140,104,12,32,0,0,0,32,6,2,0.052083333333333336,30.0,0.0,True,False
288,4 4 18,576,16.0,9,1.25,63800,1.9513888888888888,0,140,104,12,32,0,0,0,32,6,2,0.052083333333333336,30.0,0.0,True,False
288,4 4 18,576,16.0,9,1.25,64000,1.9513888888888888,0,140,104,12,32,0,0,0,32,6,2,0.052083333333333336,30.0,0.0,True,False
288,4 4 18,576,16.0,9,1.25,64200,1.9513888888888888,0,140,104,12,32,0,0,0,32,6,2,0.052083333333333336,30.0,0.0,True,False
288,4 4 18,576,16.0,9,1.25,64400,1.9513888888888888,0,140,104,12,32,0,0,0,32,6,2,0.052083333333333336,30.0,0.0,True,False
288,4 4 18,576,16.0,9,1.25,64600,1.9513888888888888,0,140,104,12,32,0,0,0,32,6,2,0.052083333333333336,30.0,0.0,True,False
288,4 4 18,576,16.0,9,1.25,64800,1.9513888888888888,0,140,104,12,32,0,0,0,32,6,2,0.052083333333333336,30.0,0.0,True,False
288,4 4 18,576,16.0,9,1.25,65000,1.9513888888888888,0,140,104,12,32,0,0,0,32,6,2,0.052083333333333336,30.0,0.0,True,False
288,4 4 18,576,16.0,9,1.25,65200,1.9513888888888888,0,140,104,12,32,0,0,0,32,6,2,0.052083333333333336,30.0,0.0,True,False
288,4 4 18,576,16.0,9,1.25,65400,1.9513888888888888,0,140,104,12,32,0,0,0,32,6,2,0.052083333333333336,30.0,0.0,True,False
288,4 4 18,576,16.0,9,1.25,65600,1.9513888888888888,0,140,104,12,32,0,0,0,32,6,2,0.052083333333333336,30.0,0.0,True,False
288,4 4 18,576,16.0,9,1.25,65800,1.9513888888888888,0,140,104,12,32,0,0,0,32,6,2,0.052083333333333336,30.0,0.0,True,False
288,4 4 18,576,16.0,9,1.25,66000,1.9513888888888888,0,140,104,12,32,0,0,0,32,6,2,0.052083333333333336,30.0,0.0,True,False
288,4 4 18,576,16.0,9,1.25,66200,1.9513888888888888,0,140,104,12,32,0,0,0,32,6,2,0.052083333333333336,30.0,0.0,True,False
288,4 4 18,576,16.0,9,1.25,66400,1.9513888888888888,0,140,104,12,32,0,0,0,32,6,2,0.052083333333333336,30.0,0.0,True,False
288,4 4 18,576,16.0,9,1.25,66600,1.9513888888888888,0,140,104,12,32,0,0,0,32,6,2,0.052083333333333336,30.0,0.0,True,False
288,4 4 18,576,16.0,9,1.25,66800,1.9513888888888888,0,140,104,12,32,0,0,0,32,6,2,0.052083333333333336,30.0,0.0,True,False
288,4 4 18,576,16.0,9,1.25,67000,1.9513888888888888,0,140,104,12,32,0,0,0,32,6,2,0.052083333333333336,30.0,0.0,True,False
288,4 4 18,576,16.0,9,1.25,67200,1.9513888888888888,0,140,104,12,32,0,0,0,32,6,2,0.052083333333333336,30.0,0.0,True,False
288,4 4 18,576,16.0,9,1.25,67400,1.9513888888888888,0,140,104,12,32,0,0,0,32,6,2,0.052083333333333336,30.0,0.0,True,False
288,4 4 18,576,16.0,9,1.25,67600,1.9513888888888888,0,140,104,12,32,0,0,0,32,6,2,0.052083333333333336,30.0,0.0,True,False
288,4 4 18,576,16.0,9,1.25,67800,1.9513888888888888,0,140,104,12,32,0,0,0,32,6,2,0.052083333333333336,30.0,0.0,True,False
288,4 4 18,576,16.0,9,1.25,68000,1.9513888888888888,0,140,104,12,32,0,0,0,32,6,2,0.052083333333333336,30.0,0.0,True,False
288,4 4 18,576,16.0,9,1.25,68200,1.9513888888888888,0,140,104,12,32,0,0,0,32,6,2,0.052083333333333336,30.0,0.0,True,False
288,4 4 18,576,16.0,9,1.25,68400,1.9513888888888888,0,140,104,12,32,0,0,0,32,6,2,0.052083333333333336,30.0,0.0,True,False
288,4 4 18,576,16.0,9,1.25,68600,1.9513888888888888,0,140,104,12,32,0,0,0,32,6,2,0.052083333333333336,30.0,0.0,True,False
288,4 4 18,576,16.0,9,1.25,68800,1.9513888888888888,0,140,104,12,32,0,0,0,32,6,2,0.052083333333333336,30.0,0.0,True,False
288,4 4 18,576,16.0,9,1.25,69000,1.9513888888888888,0,140,104,12,32,0,0,0,32,6,2,0.052083333333333336,30.0,0.0,True,False
288,4 4 18,576,16.0,9,1.25,69200,1.9513888888888888,0,140,104,12,32,0,0,0,32,6,2,0.052083333333333336,30.0,0.0,True,False
288,4 4 18,576,16.0,9,1.25,69400,1.9513888888888888,0,140,104,12,32,0,0,0,32,6,2,0.052083333333333336,30.0,0.0,True,False
288,4 4 18,576,16.0,9,1.25,69600,1.9513888888888888,0,140,104,12,32,0,0,0,32,6,2,0.052083333333333336,30.0,0.0,True,False
288,4 4 18,576,16.0,9,1.25,69800,1.9513888888888888,0,140,104,12,32,0,0,0,32,6,2,0.052083333333333336,30.0,0.0,True,False
288,4 4 18,576,16.0,9,1.25,70000,1.9513888888888888,0,140,104,12,32,0,0,0,32,6,2,0.052083333333333336,30.0,0.0,True,False
288,4 4 18,576,16.0,9,1.25,70200,1.9513888888888888,0,140,104,12,32,0,0,0,32,6,2,0.052083333333333336,30.0,0.0,True,False
288,4 4 18,576,16.0,9,1.25,70400,1.9513888888888888,0,140,104,12,32,0,0,0,32,6,2,0.052083333333333336,30.0,0.0,True,False
288,4 4 18,576,16.0,9,1.25,70600,1.9513888888888888,0,140,104,12,32,0,0,0,32,6,2,0.052083333333333336,30.0,0.0,True,False
288,4 4 18,576,16.0,9,1.25,70800,1.9513888888888888,0,140,104,12,32,0,0,0,32,6,2,0.052083333333333336,30.0,0.0,True,False
288,4 4 18,576,16.0,9,1.25,71000,1.9513888888888888,0,140,104,12,32,0,0,0,32,6,2,0.052083333333333336,30.0,0.0,True,False
288,4 4 18,576,16.0,9,1.25,71200,1.9513888888888888,0,140,104,12,32,0,0,0,32,6,2,0.052083333333333336,30.0,0.0,True,False
288,4 4 18,576,16.0,9,1.25,71400,1.9513888888888888,0,140,104,12,32,0,0,0,32,6,2,0.052083333333333336,30.0,0.0,True,False
288,4 4 18,576,16.0,9,1.25,71600,1.9513888888888888,0,140,104,12,32,0,0,0,32,6,2,0.052083333333333336,30.0,0.0,True,False
288,4 4 18,576,16.0,9,1.25,71800,1.9513888888888888,0,140,104,12,32,0,0,0,32,6,2,0.052083333333333336,30.0,0.0,True,False
288,4 4 18,576,16.0,9,1.25,72000,1.9513888888888888,0,140,104,12,32,0,0,0,32,6,2,0.052083333333333336,30.0,0.0,True,False
288,4 4 18,576,16.0,9,1.25,72200,1.9513888888888888,0,140,104,12,32,0,0,0,32,6,2,0.052083333333333336,30.0,0.0,True,False
288,4 4 18,576,16.0,9,1.25,72400,1.9513888888888888,0,140,104,12,32,0,0,0,32,6,2,0.052083333333333336,30.0,0.0,True,False
288,4 4 18,576,16.0,9,1.25,72600,1.9513888888888888,0,140,104,12,32,0,0,0,32,6,2,0.052083333333333336,30.0,0.0,True,False
288,4 4 18,576,16.0,9,1.25,72800,1.9513888888888888,0,140,104,12,32,0,0,0,32,6,2,0.052083333333333336,30.0,0.0,True,False
288,4 4 18,576,16.0,9,1.25,73000,1.9513888888888888,0,140,104,12,32,0,0,0,32,6,2,0.052083333333333336,30.0,0.0,True,False
288,4 4 18,576,16.0,9,1.25,73200,1.9513888888888888,0,140,104,12,32,0,0,0,32,6,2,0.052083333333333336,30.0,0.0,True,False
288,4 4 18,576,16.0,9,1.25,73400,1.9513888888888888,0,140,104,12,32,0,0,0,32,6,2,0.052083333333333336,30.0,0.0,True,False
288,4 4 18,576,16.0,9,1.25,73600,1.9513888888888888,0,140,104,12,32,0,0,0,32,6,2,0.052083333333333336,30.0,0.0,True,False
288,4 4 18,576,16.0,9,1.25,73800,1.9513888888888888,0,140,104,12,32,0,0,0,32,6,2,0.052083333333333336,30.0,0.0,True,False
288,4 4 18,576,16.0,9,1.25,74000,1.9513888888888888,0,140,104,12,32,0,0,0,32,6,2,0.052083333333333336,30.0,0.0,True,False
288,4 4 18,576,16.0,9,1.25,74200,1.9513888888888888,0,140,104,12,32,0,0,0,32,6,2,0.052083333333333336,30.0,0.0,True,False
288,4 4 18,576,16.0,9,1.25,74400,1.9513888888888888,0,140,104,12,32,0,0,0,32,6,2,0.052083333333333336,30.0,0.0,True,False
288,4 4 18,576,16.0,9,1.25,74600,1.9513888888888888,0,140,104,12,32,0,0,0,32,6,2,0.052083333333333336,30.0,0.0,True,False
288,4 4 18,576,16.0,9,1.25,74800,1.9513888888888888,0,140,104,12,32,0,0,0,32,6,2,0.052083333333333336,30.0,0.0,True,False
288,4 4 18,576,16.0,9,1.25,75000,1.9513888888888888,0,140,104,12,32,0,0,0,32,6,2,0.052083333333333336,30.0,0.0,True,False
288,4 4 18,576,16.0,9,1.25,75200,1.9513888888888888,0,140,104,12,32,0,0,0,32,6,2,0.052083333333333336,30.0,0.0,True,False
288,4 4 18,576,16.0,9,1.25,75400,1.9513888888888888,0,140,104,12,32,0,0,0,32,6,2,0.052083333333333336,30.0,0.0,True,False
288,4 4 18,576,16.0,9,1.25,75600,1.9513888888888888,0,140,104,12,32,0,0,0,32,6,2,0.052083333333333336,30.0,0.0,True,False
288,4 4 18,576,16.0,9,1.25,75800,1.9513888888888888,0,140,104,12,32,0,0,0,32,6,2,0.052083333333333336,30.0,0.0,True,False
288,4 4 18,576,16.0,9,1.25,76000,1.9513888888888888,0,140,104,12,32,0,0,0,32,6,2,0.052083333333333336,30.0,0.0,True,False
288,4 4 18,576,16.0,9,1.25,76200,1.9513888888888888,0,140,104,12,32,0,0,0,32,6,2,0.052083333333333336,30.0,0.0,True,False
288,4 4 18,576,16.0,9,1.25,76400,1.9513888888888888,0,140,104,12,32,0,0,0,32,6,2,0.052083333333333336,30.0,0.0,True,False
288,4 4 18,576,16.0,9,1.25,76600,1.9513888888888888,0,140,104,12,32,0,0,0,32,6,2,0.052083333333333336,30.0,0.0,True,False
288,4 4 18,576,16.0,9,1.25,76800,1.9513888888888888,0,140,104,12,32,0,0,0,32,6,2,0.052083333333333336,30.0,0.0,True,False
288,4 4 18,576,16.0,9,1.25,77000,1.9513888888888888,0,140,104,12,32,0,0,0,32,6,2,0.052083333333333336,30.0,0.0,True,False
288,4 4 18,576,16.0,9,1.25,77200,1.9513888888888888,0,140,104,12,32,0,0,0,32,6,2,0.052083333333333336,30.0,0.0,True,False
288,4 4 18,576,16.0,9,1.25,77400,1.9513888888888888,0,140,104,12,32,0,0,0,32,6,2,0.052083333333333336,30.0,0.0,True,False
288,4 4 18,576,16.0,9,1.25,77600,1.9513888888888888,0,140,104,12,32,0,0,0,32,6,2,0.052083333333333336,30.0,0.0,True,False
288,4 4 18,576,16.0,9,1.25,77800,1.9513888888888888,0,140,104,12,32,0,0,0,32,6,2,0.052083333333333336,30.0,0.0,True,False
288,4 4 18,576,16.0,9,1.25,78000,1.9513888888888888,0,140,104,12,32,0,0,0,32,6,2,0.052083333333333336,30.0,0.0,True,False
288,4 4 18,576,16.0,9,1.25,78200,1.9513888888888888,0,140,104,12,32,0,0,0,32,6,2,0.052083333333333336,30.0,0.0,True,False
288,4 4 18,576,16.0,9,1.25,78400,1.9513888888888888,0,140,104,12,32,0,0,0,32,6,2,0.052083333333333336,30.0,0.0,True,False
288,4 4 18,576,16.0,9,1.25,78600,1.9513888888888888,0,140,104,12,32,0,0,0,32,6,2,0.052083333333333336,30.0,0.0,True,False
288,4 4 18,576,16.0,9,1.25,78800,1.9513888888888888,0,140,104,12,32,0,0,0,32,6,2,0.052083333333333336,30.0,0.0,True,False
288,4 4 18,576,16.0,9,1.25,79000,1.9513888888888888,0,140,104,12,32,0,0,0,32,6,2,0.052083333333333336,30.0,0.0,True,False
288,4 4 18,576,16.0,9,1.25,79200,1.9513888888888888,0,140,104,12,32,0,0,0,32,6,2,0.052083333333333336,30.0,0.0,True,False
288,4 4 18,576,16.0,9,1.25,79400,1.9513888888888888,0,140,104,12,32,0,0,0,32,6,2,0.052083333333333336,30.0,0.0,True,False
288,4 4 18,576,16.0,9,1.25,79600,1.9513888888888888,0,140,104,12,32,0,0,0,32,6,2,0.052083333333333336,30.0,0.0,True,False
288,4 4 18,576,16.0,9,1.25,79800,1.9513888888888888,0,140,104,12,32,0,0,0,32,6,2,0.052083333333333336,30.0,0.0,True,False
288,4 4 18,576,16.0,9,1.25,80000,1.9513888888888888,0,140,104,12,32,0,0,0,32,6,2,0.052083333333333336,30.0,0.0,True,False
288,4 4 18,576,16.0,9,1.25,80200,1.9513888888888888,0,140,104,12,32,0,0,0,32,6,2,0.052083333333333336,30.0,0.0,True,False
288,4 4 18,576,16.0,9,1.25,80400,1.9513888888888888,0,140,104,12,32,0,0,0,32,6,2,0.052083333333333336,30.0,0.0,True,False
288,4 4 18,576,16.0,9,1.25,80600,1.9513888888888888,0,140,104,12,32,0,0,0,32,6,2,0.052083333333333336,30.0,0.0,True,False
288,4 4 18,576,16.0,9,1.25,80800,1.9513888888888888,0,140,104,12,32,0,0,0,32,6,2,0.052083333333333336,30.0,0.0,True,False
288,4 4 18,576,16.0,9,1.25,81000,1.9513888888888888,0,140,104,12,32,0,0,0,32,6,2,0.052083333333333336,30.0,0.0,True,False
288,4 4 18,576,16.0,9,1.25,81200,1.9513888888888888,0,140,104,12,32,0,0,0,32,6,2,0.052083333333333336,30.0,0.0,True,False
288,4 4 18,576,16.0,9,1.25,81400,1.9513888888888888,0,140,104,12,32,0,0,0,32,6,2,0.052083333333333336,30.0,0.0,True,False
288,4 4 18,576,16.0,9,1.25,81600,1.9513888888888888,0,140,104,12,32,0,0,0,32,6,2,0.052083333333333336,30.0,0.0,True,False
288,4 4 18,576,16.0,9,1.25,81800,1.9513888888888888,0,140,104,12,32,0,0,0,32,6,2,0.052083333333333336,30.0,0.0,True,False
288,4 4 18,576,16.0,9,1.25,82000,1.9513888888888888,0,140,104,12,32,0,0,0,32,6,2,0.052083333333333336,30.0,0.0,True,False
288,4 4 18,576,16.0,9,1.25,82200,1.9513888888888888,0,140,104,12,32,0,0,0,32,6,2,0.052083333333333336,30.0,0.0,True,False
288,4 4 18,576,16.0,9,1.25,82400,1.9513888888888888,0,140,104,12,32,0,0,0,32,6,2,0.052083333333333336,30.0,0.0,True,False
288,4 4 18,576,16.0,9,1.25,82600,1.9513888888888888,0,140,104,12,32,0,0,0,32,6,2,0.052083333333333336,30.0,0.0,True,False
288,4 4 18,576,16.0,9,1.25,82800,1.9513888888888888,0,140,104,12,32,0,0,0,32,6,2,0.052083333333333336,30.0,0.0,True,False
288,4 4 18,576,16.0,9,1.25,83000,1.9513888888888888,0,140,104,12,32,0,0,0,32,6,2,0.052083333333333336,30.0,0.0,True,False
288,4 4 18,576,16.0,9,1.25,83200,1.9513888888888888,0,140,104,12,32,0,0,0,32,6,2,0.052083333333333336,30.0,0.0,True,False
288,4 4 18,576,16.0,9,1.25,83400,1.9513888888888888,0,140,104,12,32,0,0,0,32,6,2,0.052083333333333336,30.0,0.0,True,False
288,4 4 18,576,16.0,9,1.25,83600,1.9548611111111112,0,150,100,6,32,0,0,0,32,3,2,0.050347222222222224,29.0,0.0,True,False
288,4 4 18,576,16.0,9,1.25,83800,1.9548611111111112,0,150,100,6,32,0,0,0,32,3,2,0.050347222222222224,29.0,0.0,True,False
288,4 4 18,576,16.0,9,1.25,84000,1.9548611111111112,0,150,100,6,32,0,0,0,32,3,2,0.050347222222222224,29.0,0.0,True,False
288,4 4 18,576,16.0,9,1.25,84200,1.9548611111111112,0,150,100,6,32,0,0,0,32,3,2,0.050347222222222224,29.0,0.0,True,False
288,4 4 18,576,16.0,9,1.25,84400,1.9548611111111112,0,150,100,6,32,0,0,0,32,3,2,0.050347222222222224,29.0,0.0,True,False
288,4 4 18,576,16.0,9,1.25,84600,1.9548611111111112,0,150,100,6,32,0,0,0,32,3,2,0.050347222222222224,29.0,0.0,True,False
288,4 4 18,576,16.0,9,1.25,84800,1.9513888888888888,0,140,104,12,32,0,0,0,32,6,2,0.052083333333333336,30.0,0.0,True,False
288,4 4 18,576,16.0,9,1.25,85000,1.9513888888888888,0,140,104,12,32,0,0,0,32,6,2,0.052083333333333336,30.0,0.0,True,False
288,4 4 18,576,16.0,9,1.25,85200,1.9513888888888888,0,140,104,12,32,0,0,0,32,6,2,0.052083333333333336,30.0,0.0,True,False
288,4 4 18,576,16.0,9,1.25,85400,1.9513888888888888,0,140,104,12,32,0,0,0,32,6,2,0.052083333333333336,30.0,0.0,True,False
288,4 4 18,576,16.0,9,1.25,85600,1.9513888888888888,0,140,104,12,32,0,0,0,32,6,2,0.052083333333333336,30.0,0.0,True,False
288,4 4 18,576,16.0,9,1.25,85800,1.9513888888888888,0,140,104,12,32,0,0,0,32,6,2,0.052083333333333336,30.0,0.0,True,False
288,4 4 18,576,16.0,9,1.25,86000,1.9513888888888888,0,140,104,12,32,0,0,0,32,6,2,0.052083333333333336,30.0,0.0,True,False
288,4 4 18,576,16.0,9,1.25,86200,1.9513888888888888,0,140,104,12,32,0,0,0,32,6,2,0.052083333333333336,30.0,0.0,True,False
288,4 4 18,576,16.0,9,1.25,86400,1.9513888888888888,0,140,104,12,32,0,0,0,32,6,2,0.052083333333333336,30.0,0.0,True,False
288,4 4 18,576,16.0,9,1.25,86600,1.9513888888888888,0,140,104,12,32,0,0,0,32,6,2,0.052083333333333336,30.0,0.0,True,False
288,4 4 18,576,16.0,9,1.25,86800,1.9513888888888888,0,140,104,12,32,0,0,0,32,6,2,0.052083333333333336,30.0,0.0,True,False
288,4 4 18,576,16.0,9,1.25,87000,1.9513888888888888,0,140,104,12,32,0,0,0,32,6,2,0.052083333333333336,30.0,0.0,True,False
288,4 4 18,576,16.0,9,1.25,87200,1.9513888888888888,0,140,104,12,32,0,0,0,32,6,2,0.052083333333333336,30.0,0.0,True,False
288,4 4 18,576,16.0,9,1.25,87400,1.9513888888888888,0,140,104,12,32,0,0,0,32,6,2,0.052083333333333336,30.0,0.0,True,False
288,4 4 18,576,16.0,9,1.25,87600,1.9513888888888888,0,140,104,12,32,0,0,0,32,6,2,0.052083333333333336,30.0,0.0,True,False
288,4 4 18,576,16.0,9,1.25,87800,1.9513888888888888,0,140,104,12,32,0,0,0,32,6,2,0.052083333333333336,30.0,0.0,True,False
288,4 4 18,576,16.0,9,1.25,88000,1.9513888888888888,0,140,104,12,32,0,0,0,32,6,2,0.052083333333333336,30.0,0.0,True,False
288,4 4 18,576,16.0,9,1.25,88200,1.9513888888888888,0,140,104,12,32,0,0,0,32,6,2,0.052083333333333336,30.0,0.0,True,False
288,4 4 18,576,16.0,9,1.25,88400,1.9513888888888888,0,140,104,12,32,0,0,0,32,6,2,0.052083333333333336,30.0,0.0,True,False
288,4 4 18,576,16.0,9,1.25,88600,1.9513888888888888,0,140,104,12,32,0,0,0,32,6,2,0.052083333333333336,30.0,0.0,True,False
288,4 4 18,576,16.0,9,1.25,88800,1.9513888888888888,0,140,104,12,32,0,0,0,32,6,2,0.052083333333333336,30.0,0.0,True,False
288,4 4 18,576,16.0,9,1.25,89000,1.9513888888888888,0,140,104,12,32,0,0,0,32,6,2,0.052083333333333336,30.0,0.0,True,False
288,4 4 18,576,16.0,9,1.25,89200,1.9513888888888888,0,140,104,12,32,0,0,0,32,6,2,0.052083333333333336,30.0,0.0,True,False
288,4 4 18,576,16.0,9,1.25,89400,1.9513888888888888,0,140,104,12,32,0,0,0,32,6,2,0.052083333333333336,30.0,0.0,True,False
288,4 4 18,576,16.0,9,1.25,89600,1.9513888888888888,0,140,104,12,32,0,0,0,32,6,2,0.052083333333333336,30.0,0.0,True,False
288,4 4 18,576,16.0,9,1.25,89800,1.9513888888888888,0,140,104,12,32,0,0,0,32,6,2,0.052083333333333336,30.0,0.0,True,False
288,4 4 18,576,16.0,9,1.25,90000,1.9513888888888888,0,140,104,12,32,0,0,0,32,6,2,0.052083333333333336,30.0,0.0,True,False
288,4 4 18,576,16.0,9,1.25,90200,1.9513888888888888,0,140,104,12,32,0,0,0,32,6,2,0.052083333333333336,30.0,0.0,True,False
288,4 4 18,576,16.0,9,1.25,90400,1.9513888888888888,0,140,104,12,32,0,0,0,32,6,2,0.052083333333333336,30.0,0.0,True,False
288,4 4 18,576,16.0,9,1.25,90600,1.9513888888888888,0,140,104,12,32,0,0,0,32,6,2,0.052083333333333336,30.0,0.0,True,False
288,4 4 18,576,16.0,9,1.25,90800,1.9513888888888888,0,140,104,12,32,0,0,0,32,6,2,0.052083333333333336,30.0,0.0,True,False
288,4 4 18,576,16.0,9,1.25,91000,1.9513888888888888,0,140,104,12,32,0,0,0,32,6,2,0.052083333333333336,30.0,0.0,True,False
288,4 4 18,576,16.0,9,1.25,91200,1.9513888888888888,0,140,104,12,32,0,0,0,32,6,2,0.052083333333333336,30.0,0.0,True,False
288,4 4 18,576,16.0,9,1.25,91400,1.9513888888888888,0,140,104,12,32,0,0,0,32,6,2,0.052083333333333336,30.0,0.0,True,False
288,4 4 18,576,16.0,9,1.25,91600,1.9513888888888888,0,140,104,12,32,0,0,0,32,6,2,0.052083333333333336,30.0,0.0,True,False
288,4 4 18,576,16.0,9,1.25,91800,1.9513888888888888,0,140,104,12,32,0,0,0,32,6,2,0.052083333333333336,30.0,0.0,True,False
288,4 4 18,576,16.0,9,1.25,92000,1.9513888888888888,0,140,104,12,32,0,0,0,32,6,2,0.052083333333333336,30.0,0.0,True,False
288,4 4 18,576,16.0,9,1.25,92200,1.9513888888888888,0,140,104,12,32,0,0,0,32,6,2,0.052083333333333336,30.0,0.0,True,False
288,4 4 18,576,16.0,9,1.25,92400,1.9513888888888888,0,140,104,12,32,0,0,0,32,6,2,0.052083333333333336,30.0,0.0,True,False
288,4 4 18,576,16.0,9,1.25,92600,1.9513888888888888,0,140,104,12,32,0,0,0,32,6,2,0.052083333333333336,30.0,0.0,True,False
288,4 4 18,576,16.0,9,1.25,92800,1.9513888888888888,0,140,104,12,32,0,0,0,32,6,2,0.052083333333333336,30.0,0.0,True,False
288,4 4 18,576,16.0,9,1.25,93000,1.9513888888888888,0,140,104,12,32,0,0,0,32,6,2,0.052083333333333336,30.0,0.0,True,False
288,4 4 18,576,16.0,9,1.25,93200,1.9513888888888888,0,140,104,12,32,0,0,0,32,6,2,0.052083333333333336,30.0,0.0,True,False
288,4 4 18,576,16.0,9,1.25,93400,1.9513888888888888,0,140,104,12,32,0,0,0,32,6,2,0.052083333333333336,30.0,0.0,True,False
288,4 4 18,576,16.0,9,1.25,93600,1.9513888888888888,0,140,104,12,32,0,0,0,32,6,2,0.052083333333333336,30.0,0.0,True,False
288,4 4 18,576,16.0,9,1.25,93800,1.9513888888888888,0,140,104,12,32,0,0,0,32,6,2,0.052083333333333336,30.0,0.0,True,False
288,4 4 18,576,16.0,9,1.25,94000,1.9513888888888888,0,140,104,12,32,0,0,0,32,6,2,0.052083333333333336,30.0,0.0,True,False
288,4 4 18,576,16.0,9,1.25,94200,1.9513888888888888,0,140,104,12,32,0,0,0,32,6,2,0.052083333333333336,30.0,0.0,True,False
288,4 4 18,576,16.0,9,1.25,94400,1.9513888888888888,0,140,104,12,32,0,0,0,32,6,2,0.052083333333333336,30.0,0.0,True,False
288,4 4 18,576,16.0,9,1.25,94600,1.9513888888888888,0,140,104,12,32,0,0,0,32,6,2,0.052083333333333336,30.0,0.0,True,False
288,4 4 18,576,16.0,9,1.25,94800,1.9513888888888888,0,140,104,12,32,0,0,0,32,6,2,0.052083333333333336,30.0,0.0,True,False
288,4 4 18,576,16.0,9,1.25,95000,1.9513888888888888,0,140,104,12,32,0,0,0,32,6,2,0.052083333333333336,30.0,0.0,True,False
288,4 4 18,576,16.0,9,1.25,95200,1.9513888888888888,0,140,104,12,32,0,0,0,32,6,2,0.052083333333333336,30.0,0.0,True,False
288,4 4 18,576,16.0,9,1.25,95400,1.9513888888888888,0,140,104,12,32,0,0,0,32,6,2,0.052083333333333336,30.0,0.0,True,False
288,4 4 18,576,16.0,9,1.25,95600,1.9513888888888888,0,140,104,12,32,0,0,0,32,6,2,0.052083333333333336,30.0,0.0,True,False
288,4 4 18,576,16.0,9,1.25,95800,1.9513888888888888,0,140,104,12,32,0,0,0,32,6,2,0.052083333333333336,30.0,0.0,True,False
288,4 4 18,576,16.0,9,1.25,96000,1.9513888888888888,0,140,104,12,32,0,0,0,32,6,2,0.052083333333333336,30.0,0.0,True,False
288,4 4 18,576,16.0,9,1.25,96200,1.9513888888888888,0,140,104,12,32,0,0,0,32,6,2,0.052083333333333336,30.0,0.0,True,False
288,4 4 18,576,16.0,9,1.25,96400,1.9513888888888888,0,140,104,12,32,0,0,0,32,6,2,0.052083333333333336,30.0,0.0,True,False
288,4 4 18,576,16.0,9,1.25,96600,1.9513888888888888,0,140,104,12,32,0,0,0,32,6,2,0.052083333333333336,30.0,0.0,True,False
288,4 4 18,576,16.0,9,1.25,96800,1.9513888888888888,0,140,104,12,32,0,0,0,32,6,2,0.052083333333333336,30.0,0.0,True,False
288,4 4 18,576,16.0,9,1.25,97000,1.9513888888888888,0,140,104,12,32,0,0,0,32,6,2,0.052083333333333336,30.0,0.0,True,False
288,4 4 18,576,16.0,9,1.25,97200,1.9513888888888888,0,140,104,12,32,0,0,0,32,6,2,0.052083333333333336,30.0,0.0,True,False
288,4 4 18,576,16.0,9,1.25,97400,1.9513888888888888,0,140,104,12,32,0,0,0,32,6,2,0.052083333333333336,30.0,0.0,True,False
288,4 4 18,576,16.0,9,1.25,97600,1.9513888888888888,0,140,104,12,32,0,0,0,32,6,2,0.052083333333333336,30.0,0.0,True,False
288,4 4 18,576,16.0,9,1.25,97800,1.9513888888888888,0,140,104,12,32,0,0,0,32,6,2,0.052083333333333336,30.0,0.0,True,False
288,4 4 18,576,16.0,9,1.25,98000,1.9513888888888888,0,140,104,12,32,0,0,0,32,6,2,0.052083333333333336,30.0,0.0,True,False
288,4 4 18,576,16.0,9,1.25,98200,1.9513888888888888,0,140,104,12,32,0,0,0,32,6,2,0.052083333333333336,30.0,0.0,True,False
288,4 4 18,576,16.0,9,1.25,98400,1.9548611111111112,0,150,100,6,32,0,0,0,32,3,2,0.050347222222222224,29.0,0.0,True,False
288,4 4 18,576,16.0,9,1.25,98600,1.9513888888888888,0,140,104,12,32,0,0,0,32,6,2,0.052083333333333336,30.0,0.0,True,False
288,4 4 18,576,16.0,9,1.25,98800,1.9513888888888888,0,140,104,12,32,0,0,0,32,6,2,0.052083333333333336,30.0,0.0,True,False
288,4 4 18,576,16.0,9,1.25,99000,1.9513888888888888,0,140,104,12,32,0,0,0,32,6,2,0.052083333333333336,30.0,0.0,True,False
288,4 4 18,576,16.0,9,1.25,99200,1.9513888888888888,0,140,104,12,32,0,0,0,32,6,2,0.052083333333333336,30.0,0.0,True,False
288,4 4 18,576,16.0,9,1.25,99400,1.9513888888888888,0,140,104,12,32,0,0,0,32,6,2,0.052083333333333336,30.0,0.0,True,False
288,4 4 18,576,16.0,9,1.25,99600,1.9513888888888888,0,140,104,12,32,0,0,0,32,6,2,0.052083333333333336,30.0,0.0,True,False
288,4 4 18,576,16.0,9,1.25,99800,1.9513888888888888,0,140,104,12,32,0,0,0,32,6,2,0.052083333333333336,30.0,0.0,True,False
288,4 4 18,576,16.0,9,1.25,100000,1.9513888888888888,0,140,104,12,32,0,0,0,32,6,2,0.052083333333333336,30.0,0.0,True,True
288,4 4 18,576,16.0,10,1.25,0,2.0,0,288,0,0,0,0,0,0,0,0,0,0.027777777777777776,16.0,0.0,False,False
288,4 4 18,576,16.0,10,1.25,200,2.0,0,288,0,0,0,0,0,0,0,0,0,0.027777777777777776,16.0,0.0,False,False
288,4 4 18,576,16.0,10,1.25,400,2.0555555555555554,0,272,12,0,4,0,0,0,4,0,0,0.0,0.0,0.0,True,False
288,4 4 18,576,16.0,10,1.25,600,2.0555555555555554,0,272,12,0,4,0,0,0,4,0,0,0.0,0.0,0.0,True,False
288,4 4 18,576,16.0,10,1.25,800,2.0555555555555554,0,272,12,0,4,0,0,0,4,0,0,0.0,0.0,0.0,True,False
288,4 4 18,576,16.0,10,1.25,1000,2.0416666666666665,0,256,24,4,0,4,0,0,4,2,2,0.006944444444444444,4.0,0.0,True,False
288,4 4 18,576,16.0,10,1.25,1200,2.0277777777777777,0,240,36,4,4,4,0,0,8,2,2,0.013888888888888888,8.0,0.0,True,False
288,4 4 18,576,16.0,10,1.25,1400,2.0277777777777777,0,240,36,4,4,4,0,0,8,2,2,0.013888888888888888,8.0,0.0,True,False
288,4 4 18,576,16.0,10,1.25,1600,2.0,0,208,60,4,12,4,0,0,16,2,2,0.027777777777777776,16.0,0.0,True,False
288,4 4 18,576,16.0,10,1.25,1800,2.0,0,208,60,4,12,4,0,0,16,2,2,0.027777777777777776,16.0,0.0,True,False
288,4 4 18,576,16.0,10,1.25,2000,2.0,0,208,60,4,12,4,0,0,16,2,2,0.027777777777777776,16.0,0.0,True,False
288,4 4 18,576,16.0,10,1.25,2200,1.9861111111111112,0,192,72,4,16,4,0,0,20,2,2,0.034722222222222224,20.0,0.0,True,False
288,4 4 18,576,16.0,10,1.25,2400,1.9861111111111112,0,192,72,4,16,4,0,0,20,2,2,0.034722222222222224,20.0,0.0,True,False
288,4 4 18,576,16.0,10,1.25,2600,1.9722222222222223,0,176,84,4,20,4,0,0,24,2,2,0.041666666666666664,24.0,0.0,True,False
288,4 4 18,576,16.0,10,1.25,2800,1.9722222222222223,0,176,84,4,20,4,0,0,24,2,2,0.041666666666666664,24.0,0.0,True,False
288,4 4 18,576,16.0,10,1.25,3000,1.9722222222222223,0,176,84,4,20,4,0,0,24,2,2,0.041666666666666664,24.0,0.0,True,False
288,4 4 18,576,16.0,10,1.25,3200,1.9583333333333333,0,160,96,4,24,4,0,0,28,2,2,0.04861111111111111,28.0,0.0,True,False
288,4 4 18,576,16.0,10,1.25,3400,1.9548611111111112,0,150,100,6,32,0,0,0,32,3,2,0.050347222222222224,29.0,0.0,True,False
288,4 4 18,576,16.0,10,1.25,3600,1.9513888888888888,0,140,104,12,32,0,0,0,32,6,2,0.052083333333333336,30.0,0.0,True,False
288,4 4 18,576,16.0,10,1.25,3800,1.9513888888888888,0,140,104,12,32,0,0,0,32,6,2,0.052083333333333336,30.0,0.0,True,False
288,4 4 18,576,16.0,10,1.25,4000,1.9513888888888888,0,140,104,12,32,0,0,0,32,6,2,0.052083333333333336,30.0,0.0,True,False
288,4 4 18,576,16.0,10,1.25,4200,1.9513888888888888,0,140,104,12,32,0,0,0,32,6,2,0.052083333333333336,30.0,0.0,True,False
288,4 4 18,576,16.0,10,1.25,4400,1.9513888888888888,0,140,104,12,32,0,0,0,32,6,2,0.052083333333333336,30.0,0.0,True,False
288,4 4 18,576,16.0,10,1.25,4600,1.9513888888888888,0,140,104,12,32,0,0,0,32,6,2,0.052083333333333336,30.0,0.0,True,False
288,4 4 18,576,16.0,10,1.25,4800,1.9513888888888888,0,140,104,12,32,0,0,0,32,6,2,0.052083333333333336,30.0,0.0,True,False
288,4 4 18,576,16.0,10,1.25,5000,1.9513888888888888,0,140,104,12,32,0,0,0,32,6,2,0.052083333333333336,30.0,0.0,True,False
288,4 4 18,576,16.0,10,1.25,5200,1.9513888888888888,0,140,104,12,32,0,0,0,32,6,2,0.052083333333333336,30.0,0.0,True,False
288,4 4 18,576,16.0,10,1.25,5400,1.9513888888888888,0,140,104,12,32,0,0,0,32,6,2,0.052083333333333336,30.0,0.0,True,False
288,4 4 18,576,16.0,10,1.25,5600,1.9513888888888888,0,140,104,12,32,0,0,0,32,6,2,0.052083333333333336,30.0,0.0,True,False
288,4 4 18,576,16.0,10,1.25,5800,1.9513888888888888,0,140,104,12,32,0,0,0,32,6,2,0.052083333333333336,30.0,0.0,True,False
288,4 4 18,576,16.0,10,1.25,6000,1.9513888888888888,0,140,104,12,32,0,0,0,32,6,2,0.052083333333333336,30.0,0.0,True,False
288,4 4 18,576,16.0,10,1.25,6200,1.9513888888888888,0,140,104,12,32,0,0,0,32,6,2,0.052083333333333336,30.0,0.0,True,False
288,4 4 18,576,16.0,10,1.25,6400,1.9513888888888888,0,140,104,12,32,0,0,0,32,6,2,0.052083333333333336,30.0,0.0,True,False
288,4 4 18,576,16.0,10,1.25,6600,1.9513888888888888,0,140,104,12,32,0,0,0,32,6,2,0.052083333333333336,30.0,0.0,True,False
288,4 4 18,576,16.0,10,1.25,6800,1.9513888888888888,0,140,104,12,32,0,0,0,32,6,2,0.052083333333333336,30.0,0.0,True,False
288,4 4 18,576,16.0,10,1.25,7000,1.9513888888888888,0,140,104,12,32,0,0,0,32,6,2,0.052083333333333336,30.0,0.0,True,False
288,4 4 18,576,16.0,10,1.25,7200,1.9513888888888888,0,140,104,12,32,0,0,0,32,6,2,0.052083333333333336,30.0,0.0,True,False
288,4 4 18,576,16.0,10,1.25,7400,1.9513888888888888,0,140,104,12,32,0,0,0,32,6,2,0.052083333333333336,30.0,0.0,True,False
288,4 4 18,576,16.0,10,1.25,7600,1.9513888888888888,0,140,104,12,32,0,0,0,32,6,2,0.052083333333333336,30.0,0.0,True,False
288,4 4 18,576,16.0,10,1.25,7800,1.9513888888888888,0,140,104,12,32,0,0,0,32,6,2,0.052083333333333336,30.0,0.0,True,False
288,4 4 18,576,16.0,10,1.25,8000,1.9513888888888888,0,140,104,12,32,0,0,0,32,6,2,0.052083333333333336,30.0,0.0,True,False
288,4 4 18,576,16.0,10,1.25,8200,1.9513888888888888,0,140,104,12,32,0,0,0,32,6,2,0.052083333333333336,30.0,0.0,True,False
288,4 4 18,576,16.0,10,1.25,8400,1.9513888888888888,0,140,104,12,32,0,0,0,32,6,2,0.052083333333333336,30.0,0.0,True,False
288,4 4 18,576,16.0,10,1.25,8600,1.9513888888888888,0,140,104,12,32,0,0,0,32,6,2,0.052083333333333336,30.0,0.0,True,False
288,4 4 18,576,16.0,10,1.25,8800,1.9513888888888888,0,140,104,12,32,0,0,0,32,6,2,0.052083333333333336,30.0,0.0,True,False
288,4 4 18,576,16.0,10,1.25,9000,1.9513888888888888,0,140,104,12,32,0,0,0,32,6,2,0.052083333333333336,30.0,0.0,True,False
288,4 4 18,576,16.0,10,1.25,9200,1.9513888888888888,0,140,104,12,32,0,0,0,32,6,2,0.052083333333333336,30.0,0.0,True,False
288,4 4 18,576,16.0,10,1.25,9400,1.9513888888888888,0,140,104,12,32,0,0,0,32,6,2,0.052083333333333336,30.0,0.0,True,False
288,4 4 18,576,16.0,10,1.25,9600,1.9513888888888888,0,140,104,12,32,0,0,0,32,6,2,0.052083333333333336,30.0,0.0,True,False
288,4 4 18,576,16.0,10,1.25,9800,1.9513888888888888,0,140,104,12,32,0,0,0,32,6,2,0.052083333333333336,30.0,0.0,True,False
288,4 4 18,576,16.0,10,1.25,10000,1.9513888888888888,0,140,104,12,32,0,0,0,32,6,2,0.052083333333333336,30.0,0.0,True,False
288,4 4 18,576,16.0,10,1.25,10200,1.9513888888888888,0,140,104,12,32,0,0,0,32,6,2,0.052083333333333336,30.0,0.0,True,False
288,4 4 18,576,16.0,10,1.25,10400,1.9513888888888888,0,140,104,12,32,0,0,0,32,6,2,0.052083333333333336,30.0,0.0,True,False
288,4 4 18,576,16.0,10,1.25,10600,1.9513888888888888,0,140,104,12,32,0,0,0,32,6,2,0.052083333333333336,30.0,0.0,True,False
288,4 4 18,576,16.0,10,1.25,10800,1.9513888888888888,0,140,104,12,32,0,0,0,32,6,2,0.052083333333333336,30.0,0.0,True,False
288,4 4 18,576,16.0,10,1.25,11000,1.9513888888888888,0,140,104,12,32,0,0,0,32,6,2,0.052083333333333336,30.0,0.0,True,False
288,4 4 18,576,16.0,10,1.25,11200,1.9513888888888888,0,140,104,12,32,0,0,0,32,6,2,0.052083333333333336,30.0,0.0,True,False
288,4 4 18,576,16.0,10,1.25,11400,1.9513888888888888,0,140,104,12,32,0,0,0,32,6,2,0.052083333333333336,30.0,0.0,True,False
288,4 4 18,576,16.0,10,1.25,11600,1.9513888888888888,0,140,104,12,32,0,0,0,32,6,2,0.052083333333333336,30.0,0.0,True,False
288,4 4 18,576,16.0,10,1.25,11800,1.9513888888888888,0,140,104,12,32,0,0,0,32,6,2,0.052083333333333336,30.0,0.0,True,False
288,4 4 18,576,16.0,10,1.25,12000,1.9513888888888888,0,140,104,12,32,0,0,0,32,6,2,0.052083333333333336,30.0,0.0,True,False
288,4 4 18,576,16.0,10,1.25,12200,1.9513888888888888,0,140,104,12,32,0,0,0,32,6,2,0.052083333333333336,30.0,0.0,True,False
288,4 4 18,576,16.0,10,1.25,12400,1.9513888888888888,0,140,104,12,32,0,0,0,32,6,2,0.052083333333333336,30.0,0.0,True,False
288,4 4 18,576,16.0,10,1.25,12600,1.9513888888888888,0,140,104,12,32,0,0,0,32,6,2,0.052083333333333336,30.0,0.0,True,False
288,4 4 18,576,16.0,10,1.25,12800,1.9513888888888888,0,140,104,12,32,0,0,0,32,6,2,0.052083333333333336,30.0,0.0,True,False
288,4 4 18,576,16.0,10,1.25,13000,1.9513888888888888,0,140,104,12,32,0,0,0,32,6,2,0.052083333333333336,30.0,0.0,True,False
288,4 4 18,576,16.0,10,1.25,13200,1.9513888888888888,0,140,104,12,32,0,0,0,32,6,2,0.052083333333333336,30.0,0.0,True,False
288,4 4 18,576,16.0,10,1.25,13400,1.9513888888888888,0,140,104,12,32,0,0,0,32,6,2,0.052083333333333336,30.0,0.0,True,False
288,4 4 18,576,16.0,10,1.25,13600,1.9513888888888888,0,140,104,12,32,0,0,0,32,6,2,0.052083333333333336,30.0,0.0,True,False
288,4 4 18,576,16.0,10,1.25,13800,1.9513888888888888,0,140,104,12,32,0,0,0,32,6,2,0.052083333333333336,30.0,0.0,True,False
288,4 4 18,576,16.0,10,1.25,14000,1.9513888888888888,0,140,104,12,32,0,0,0,32,6,2,0.052083333333333336,30.0,0.0,True,False
288,4 4 18,576,16.0,10,1.25,14200,1.9513888888888888,0,140,104,12,32,0,0,0,32,6,2,0.052083333333333336,30.0,0.0,True,False
288,4 4 18,576,16.0,10,1.25,14400,1.9513888888888888,0,140,104,12,32,0,0,0,32,6,2,0.052083333333333336,30.0,0.0,True,False
288,4 4 18,576,16.0,10,1.25,14600,1.9513888888888888,0,140,104,12,32,0,0,0,32,6,2,0.052083333333333336,30.0,0.0,True,False
288,4 4 18,576,16.0,10,1.25,14800,1.9513888888888888,0,140,104,12,32,0,0,0,32,6,2,0.052083333333333336,30.0,0.0,True,False
288,4 4 18,576,16.0,10,1.25,15000,1.9513888888888888,0,140,104,12,32,0,0,0,32,6,2,0.052083333333333336,30.0,0.0,True,False
288,4 4 18,576,16.0,10,1.25,15200,1.9513888888888888,0,140,104,12,32,0,0,0,32,6,2,0.052083333333333336,30.0,0.0,True,False
288,4 4 18,576,16.0,10,1.25,15400,1.9513888888888888,0,140,104,12,32,0,0,0,32,6,2,0.052083333333333336,30.0,0.0,True,False
288,4 4 18,576,16.0,10,1.25,15600,1.9513888888888888,0,140,104,12,32,0,0,0,32,6,2,0.052083333333333336,30.0,0.0,True,False
288,4 4 18,576,16.0,10,1.25,15800,1.9513888888888888,0,140,104,12,32,0,0,0,32,6,2,0.052083333333333336,30.0,0.0,True,False
288,4 4 18,576,16.0,10,1.25,16000,1.9513888888888888,0,140,104,12,32,0,0,0,32,6,2,0.052083333333333336,30.0,0.0,True,False
288,4 4 18,576,16.0,10,1.25,16200,1.9513888888888888,0,140,104,12,32,0,0,0,32,6,2,0.052083333333333336,30.0,0.0,True,False
288,4 4 18,576,16.0,10,1.25,16400,1.9513888888888888,0,140,104,12,32,0,0,0,32,6,2,0.052083333333333336,30.0,0.0,True,False
288,4 4 18,576,16.0,10,1.25,16600,1.9513888888888888,0,140,104,12,32,0,0,0,32,6,2,0.052083333333333336,30.0,0.0,True,False
288,4 4 18,576,16.0,10,1.25,16800,1.9513888888888888,0,140,104,12,32,0,0,0,32,6,2,0.052083333333333336,30.0,0.0,True,False
288,4 4 18,576,16.0,10,1.25,17000,1.9513888888888888,0,140,104,12,32,0,0,0,32,6,2,0.052083333333333336,30.0,0.0,True,False
288,4 4 18,576,16.0,10,1.25,17200,1.9513888888888888,0,140,104,12,32,0,0,0,32,6,2,0.052083333333333336,30.0,0.0,True,False
288,4 4 18,576,16.0,10,1.25,17400,1.9513888888888888,0,140,104,12,32,0,0,0,32,6,2,0.052083333333333336,30.0,0.0,True,False
288,4 4 18,576,16.0,10,1.25,17600,1.9513888888888888,0,140,104,12,32,0,0,0,32,6,2,0.052083333333333336,30.0,0.0,True,False
288,4 4 18,576,16.0,10,1.25,17800,1.9513888888888888,0,140,104,12,32,0,0,0,32,6,2,0.052083333333333336,30.0,0.0,True,False
288,4 4 18,576,16.0,10,1.25,18000,1.9513888888888888,0,140,104,12,32,0,0,0,32,6,2,0.052083333333333336,30.0,0.0,True,False
288,4 4 18,576,16.0,10,1.25,18200,1.9513888888888888,0,140,104,12,32,0,0,0,32,6,2,0.052083333333333336,30.0,0.0,True,False
288,4 4 18,576,16.0,10,1.25,18400,1.9513888888888888,0,140,104,12,32,0,0,0,32,6,2,0.052083333333333336,30.0,0.0,True,False
288,4 4 18,576,16.0,10,1.25,18600,1.9513888888888888,0,140,104,12,32,0,0,0,32,6,2,0.052083333333333336,30.0,0.0,True,False
288,4 4 18,576,16.0,10,1.25,18800,1.9513888888888888,0,140,104,12,32,0,0,0,32,6,2,0.052083333333333336,30.0,0.0,True,False
288,4 4 18,576,16.0,10,1.25,19000,1.9513888888888888,0,140,104,12,32,0,0,0,32,6,2,0.052083333333333336,30.0,0.0,True,False
288,4 4 18,576,16.0,10,1.25,19200,1.9513888888888888,0,140,104,12,32,0,0,0,32,6,2,0.052083333333333336,30.0,0.0,True,False
288,4 4 18,576,16.0,10,1.25,19400,1.9513888888888888,0,140,104,12,32,0,0,0,32,6,2,0.052083333333333336,30.0,0.0,True,False
288,4 4 18,576,16.0,10,1.25,19600,1.9513888888888888,0,140,104,12,32,0,0,0,32,6,2,0.052083333333333336,30.0,0.0,True,False
288,4 4 18,576,16.0,10,1.25,19800,1.9513888888888888,0,140,104,12,32,0,0,0,32,6,2,0.052083333333333336,30.0,0.0,True,False
288,4 4 18,576,16.0,10,1.25,20000,1.9513888888888888,0,140,104,12,32,0,0,0,32,6,2,0.052083333333333336,30.0,0.0,True,False
288,4 4 18,576,16.0,10,1.25,20200,1.9513888888888888,0,140,104,12,32,0,0,0,32,6,2,0.052083333333333336,30.0,0.0,True,False
288,4 4 18,576,16.0,10,1.25,20400,1.9513888888888888,0,140,104,12,32,0,0,0,32,6,2,0.052083333333333336,30.0,0.0,True,False
288,4 4 18,576,16.0,10,1.25,20600,1.9513888888888888,0,140,104,12,32,0,0,0,32,6,2,0.052083333333333336,30.0,0.0,True,False
288,4 4 18,576,16.0,10,1.25,20800,1.9513888888888888,0,140,104,12,32,0,0,0,32,6,2,0.052083333333333336,30.0,0.0,True,False
288,4 4 18,576,16.0,10,1.25,21000,1.9513888888888888,0,140,104,12,32,0,0,0,32,6,2,0.052083333333333336,30.0,0.0,True,False
288,4 4 18,576,16.0,10,1.25,21200,1.9513888888888888,0,140,104,12,32,0,0,0,32,6,2,0.052083333333333336,30.0,0.0,True,False
288,4 4 18,576,16.0,10,1.25,21400,1.9513888888888888,0,140,104,12,32,0,0,0,32,6,2,0.052083333333333336,30.0,0.0,True,False
288,4 4 18,576,16.0,10,1.25,21600,1.9513888888888888,0,140,104,12,32,0,0,0,32,6,2,0.052083333333333336,30.0,0.0,True,False
288,4 4 18,576,16.0,10,1.25,21800,1.9513888888888888,0,140,104,12,32,0,0,0,32,6,2,0.052083333333333336,30.0,0.0,True,False
288,4 4 18,576,16.0,10,1.25,22000,1.9513888888888888,0,140,104,12,32,0,0,0,32,6,2,0.052083333333333336,30.0,0.0,True,False
288,4 4 18,576,16.0,10,1.25,22200,1.9513888888888888,0,140,104,12,32,0,0,0,32,6,2,0.052083333333333336,30.0,0.0,True,False
288,4 4 18,576,16.0,10,1.25,22400,1.9513888888888888,0,140,104,12,32,0,0,0,32,6,2,0.052083333333333336,30.0,0.0,True,False
288,4 4 18,576,16.0,10,1.25,22600,1.9513888888888888,0,140,104,12,32,0,0,0,32,6,2,0.052083333333333336,30.0,0.0,True,False
288,4 4 18,576,16.0,10,1.25,22800,1.9513888888888888,0,140,104,12,32,0,0,0,32,6,2,0.052083333333333336,30.0,0.0,True,False
288,4 4 18,576,16.0,10,1.25,23000,1.9513888888888888,0,140,104,12,32,0,0,0,32,6,2,0.052083333333333336,30.0,0.0,True,False
288,4 4 18,576,16.0,10,1.25,23200,1.9513888888888888,0,140,104,12,32,0,0,0,32,6,2,0.052083333333333336,30.0,0.0,True,False
288,4 4 18,576,16.0,10,1.25,23400,1.9513888888888888,0,140,104,12,32,0,0,0,32,6,2,0.052083333333333336,30.0,0.0,True,False
288,4 4 18,576,16.0,10,1.25,23600,1.9513888888888888,0,140,104,12,32,0,0,0,32,6,2,0.052083333333333336,30.0,0.0,True,False
288,4 4 18,576,16.0,10,1.25,23800,1.9513888888888888,0,140,104,12,32,0,0,0,32,6,2,0.052083333333333336,30.0,0.0,True,False
288,4 4 18,576,16.0,10,1.25,24000,1.9513888888888888,0,140,104,12,32,0,0,0,32,6,2,0.052083333333333336,30.0,0.0,True,False
288,4 4 18,576,16.0,10,1.25,24200,1.9513888888888888,0,140,104,12,32,0,0,0,32,6,2,0.052083333333333336,30.0,0.0,True,False
288,4 4 18,576,16.0,10,1.25,24400,1.9513888888888888,0,140,104,12,32,0,0,0,32,6,2,0.052083333333333336,30.0,0.0,True,False
288,4 4 18,576,16.0,10,1.25,24600,1.9513888888888888,0,140,104,12,32,0,0,0,32,6,2,0.052083333333333336,30.0,0.0,True,False
288,4 4 18,576,16.0,10,1.25,24800,1.9513888888888888,0,140,104,12,32,0,0,0,32,6,2,0.052083333333333336,30.0,0.0,True,False
288,4 4 18,576,16.0,10,1.25,25000,1.9513888888888888,0,140,104,12,32,0,0,0,32,6,2,0.052083333333333336,30.0,0.0,True,False
288,4 4 18,576,16.0,10,1.25,25200,1.9513888888888888,0,140,104,12,32,0,0,0,32,6,2,0.052083333333333336,30.0,0.0,True,False
288,4 4 18,576,16.0,10,1.25,25400,1.9513888888888888,0,140,104,12,32,0,0,0,32,6,2,0.052083333333333336,30.0,0.0,True,False
288,4 4 18,576,16.0,10,1.25,25600,1.9548611111111112,0,150,100,6,32,0,0,0,32,3,2,0.050347222222222224,29.0,0.0,True,False
288,4 4 18,576,16.0,10,1.25,25800,1.9513888888888888,0,140,104,12,32,0,0,0,32,6,2,0.052083333333333336,30.0,0.0,True,False
288,4 4 18,576,16.0,10,1.25,26000,1.9513888888888888,0,140,104,12,32,0,0,0,32,6,2,0.052083333333333336,30.0,0.0,True,False
288,4 4 18,576,16.0,10,1.25,26200,1.9513888888888888,0,140,104,12,32,0,0,0,32,6,2,0.052083333333333336,30.0,0.0,True,False
288,4 4 18,576,16.0,10,1.25,26400,1.9513888888888888,0,140,104,12,32,0,0,0,32,6,2,0.052083333333333336,30.0,0.0,True,False
288,4 4 18,576,16.0,10,1.25,26600,1.9513888888888888,0,140,104,12,32,0,0,0,32,6,2,0.052083333333333336,30.0,0.0,True,False
288,4 4 18,576,16.0,10,1.25,26800,1.9513888888888888,0,140,104,12,32,0,0,0,32,6,2,0.052083333333333336,30.0,0.0,True,False
288,4 4 18,576,16.0,10,1.25,27000,1.9513888888888888,0,140,104,12,32,0,0,0,32,6,2,0.052083333333333336,30.0,0.0,True,False
288,4 4 18,576,16.0,10,1.25,27200,1.9513888888888888,0,140,104,12,32,0,0,0,32,6,2,0.052083333333333336,30.0,0.0,True,False
288,4 4 18,576,16.0,10,1.25,27400,1.9513888888888888,0,140,104,12,32,0,0,0,32,6,2,0.052083333333333336,30.0,0.0,True,False
288,4 4 18,576,16.0,10,1.25,27600,1.9513888888888888,0,140,104,12,32,0,0,0,32,6,2,0.052083333333333336,30.0,0.0,True,False
288,4 4 18,576,16.0,10,1.25,27800,1.9513888888888888,0,140,104,12,32,0,0,0,32,6,2,0.052083333333333336,30.0,0.0,True,False
288,4 4 18,576,16.0,10,1.25,28000,1.9513888888888888,0,140,104,12,32,0,0,0,32,6,2,0.052083333333333336,30.0,0.0,True,False
288,4 4 18,576,16.0,10,1.25,28200,1.9513888888888888,0,140,104,12,32,0,0,0,32,6,2,0.052083333333333336,30.0,0.0,True,False
288,4 4 18,576,16.0,10,1.25,28400,1.9513888888888888,0,140,104,12,32,0,0,0,32,6,2,0.052083333333333336,30.0,0.0,True,False
288,4 4 18,576,16.0,10,1.25,28600,1.9513888888888888,0,140,104,12,32,0,0,0,32,6,2,0.052083333333333336,30.0,0.0,True,False
288,4 4 18,576,16.0,10,1.25,28800,1.9513888888888888,0,140,104,12,32,0,0,0,32,6,2,0.052083333333333336,30.0,0.0,True,False
288,4 4 18,576,16.0,10,1.25,29000,1.9513888888888888,0,140,104,12,32,0,0,0,32,6,2,0.052083333333333336,30.0,0.0,True,False
288,4 4 18,576,16.0,10,1.25,29200,1.9513888888888888,0,140,104,12,32,0,0,0,32,6,2,0.052083333333333336,30.0,0.0,True,False
288,4 4 18,576,16.0,10,1.25,29400,1.9513888888888888,0,140,104,12,32,0,0,0,32,6,2,0.052083333333333336,30.0,0.0,True,False
288,4 4 18,576,16.0,10,1.25,29600,1.9513888888888888,0,140,104,12,32,0,0,0,32,6,2,0.052083333333333336,30.0,0.0,True,False
288,4 4 18,576,16.0,10,1.25,29800,1.9513888888888888,0,140,104,12,32,0,0,0,32,6,2,0.052083333333333336,30.0,0.0,True,False
288,4 4 18,576,16.0,10,1.25,30000,1.9513888888888888,0,140,104,12,32,0,0,0,32,6,2,0.052083333333333336,30.0,0.0,True,False
288,4 4 18,576,16.0,10,1.25,30200,1.9513888888888888,0,140,104,12,32,0,0,0,32,6,2,0.052083333333333336,30.0,0.0,True,False
288,4 4 18,576,16.0,10,1.25,30400,1.9513888888888888,0,140,104,12,32,0,0,0,32,6,2,0.052083333333333336,30.0,0.0,True,False
288,4 4 18,576,16.0,10,1.25,30600,1.9513888888888888,0,140,104,12,32,0,0,0,32,6,2,0.052083333333333336,30.0,0.0,True,False
288,4 4 18,576,16.0,10,1.25,30800,1.9513888888888888,0,140,104,12,32,0,0,0,32,6,2,0.052083333333333336,30.0,0.0,True,False
288,4 4 18,576,16.0,10,1.25,31000,1.9513888888888888,0,140,104,12,32,0,0,0,32,6,2,0.052083333333333336,30.0,0.0,True,False
288,4 4 18,576,16.0,10,1.25,31200,1.9513888888888888,0,140,104,12,32,0,0,0,32,6,2,0.052083333333333336,30.0,0.0,True,False
288,4 4 18,576,16.0,10,1.25,31400,1.9513888888888888,0,140,104,12,32,0,0,0,32,6,2,0.052083333333333336,30.0,0.0,True,False
288,4 4 18,576,16.0,10,1.25,31600,1.9513888888888888,0,140,104,12,32,0,0,0,32,6,2,0.052083333333333336,30.0,0.0,True,False
288,4 4 18,576,16.0,10,1.25,31800,1.9513888888888888,0,140,104,12,32,0,0,0,32,6,2,0.052083333333333336,30.0,0.0,True,False
288,4 4 18,576,16.0,10,1.25,32000,1.9513888888888888,0,140,104,12,32,0,0,0,32,6,2,0.052083333333333336,30.0,0.0,True,False
288,4 4 18,576,16.0,10,1.25,32200,1.9513888888888888,0,140,104,12,32,0,0,0,32,6,2,0.052083333333333336,30.0,0.0,True,False
288,4 4 18,576,16.0,10,1.25,32400,1.9513888888888888,0,140,104,12,32,0,0,0,32,6,2,0.052083333333333336,30.0,0.0,True,False
288,4 4 18,576,16.0,10,1.25,32600,1.9513888888888888,0,140,104,12,32,0,0,0,32,6,2,0.052083333333333336,30.0,0.0,True,False
288,4 4 18,576,16.0,10,1.25,32800,1.9513888888888888,0,140,104,12,32,0,0,0,32,6,2,0.052083333333333336,30.0,0.0,True,False
288,4 4 18,576,16.0,10,1.25,33000,1.9513888888888888,0,140,104,12,32,0,0,0,32,6,2,0.052083333333333336,30.0,0.0,True,False
288,4 4 18,576,16.0,10,1.25,33200,1.9513888888888888,0,140,104,12,32,0,0,0,32,6,2,0.052083333333333336,30.0,0.0,True,False
288,4 4 18,576,16.0,10,1.25,33400,1.9513888888888888,0,140,104,12,32,0,0,0,32,6,2,0.052083333333333336,30.0,0.0,True,False
288,4 4 18,576,16.0,10,1.25,33600,1.9513888888888888,0,140,104,12,32,0,0,0,32,6,2,0.052083333333333336,30.0,0.0,True,False
288,4 4 18,576,16.0,10,1.25,33800,1.9513888888888888,0,140,104,12,32,0,0,0,32,6,2,0.052083333333333336,30.0,0.0,True,False
288,4 4 18,576,16.0,10,1.25,34000,1.9513888888888888,0,140,104,12,32,0,0,0,32,6,2,0.052083333333333336,30.0,0.0,True,False
288,4 4 18,576,16.0,10,1.25,34200,1.9513888888888888,0,140,104,12,32,0,0,0,32,6,2,0.052083333333333336,30.0,0.0,True,False
288,4 4 18,576,16.0,10,1.25,34400,1.9513888888888888,0,140,104,12,32,0,0,0,32,6,2,0.052083333333333336,30.0,0.0,True,False
288,4 4 18,576,16.0,10,1.25,34600,1.9513888888888888,0,140,104,12,32,0,0,0,32,6,2,0.052083333333333336,30.0,0.0,True,False
288,4 4 18,576,16.0,10,1.25,34800,1.9513888888888888,0,140,104,12,32,0,0,0,32,6,2,0.052083333333333336,30.0,0.0,True,False
288,4 4 18,576,16.0,10,1.25,35000,1.9513888888888888,0,140,104,12,32,0,0,0,32,6,2,0.052083333333333336,30.0,0.0,True,False
288,4 4 18,576,16.0,10,1.25,35200,1.9513888888888888,0,140,104,12,32,0,0,0,32,6,2,0.052083333333333336,30.0,0.0,True,False
288,4 4 18,576,16.0,10,1.25,35400,1.9513888888888888,0,140,104,12,32,0,0,0,32,6,2,0.052083333333333336,30.0,0.0,True,False
288,4 4 18,576,16.0,10,1.25,35600,1.9513888888888888,0,140,104,12,32,0,0,0,32,6,2,0.052083333333333336,30.0,0.0,True,False
288,4 4 18,576,16.0,10,1.25,35800,1.9513888888888888,0,140,104,12,32,0,0,0,32,6,2,0.052083333333333336,30.0,0.0,True,False
288,4 4 18,576,16.0,10,1.25,36000,1.9513888888888888,0,140,104,12,32,0,0,0,32,6,2,0.052083333333333336,30.0,0.0,True,False
288,4 4 18,576,16.0,10,1.25,36200,1.9513888888888888,0,140,104,12,32,0,0,0,32,6,2,0.052083333333333336,30.0,0.0,True,False
288,4 4 18,576,16.0,10,1.25,36400,1.9513888888888888,0,140,104,12,32,0,0,0,32,6,2,0.052083333333333336,30.0,0.0,True,False
288,4 4 18,576,16.0,10,1.25,36600,1.9513888888888888,0,140,104,12,32,0,0,0,32,6,2,0.052083333333333336,30.0,0.0,True,False
288,4 4 18,576,16.0,10,1.25,36800,1.9513888888888888,0,140,104,12,32,0,0,0,32,6,2,0.052083333333333336,30.0,0.0,True,False
288,4 4 18,576,16.0,10,1.25,37000,1.9513888888888888,0,140,104,12,32,0,0,0,32,6,2,0.052083333333333336,30.0,0.0,True,False
288,4 4 18,576,16.0,10,1.25,37200,1.9513888888888888,0,140,104,12,32,0,0,0,32,6,2,0.052083333333333336,30.0,0.0,True,False
288,4 4 18,576,16.0,10,1.25,37400,1.9513888888888888,0,140,104,12,32,0,0,0,32,6,2,0.052083333333333336,30.0,0.0,True,False
288,4 4 18,576,16.0,10,1.25,37600,1.9513888888888888,0,140,104,12,32,0,0,0,32,6,2,0.052083333333333336,30.0,0.0,True,False
288,4 4 18,576,16.0,10,1.25,37800,1.9513888888888888,0,140,104,12,32,0,0,0,32,6,2,0.052083333333333336,30.0,0.0,True,False
288,4 4 18,576,16.0,10,1.25,38000,1.9513888888888888,0,140,104,12,32,0,0,0,32,6,2,0.052083333333333336,30.0,0.0,True,False
288,4 4 18,576,16.0,10,1.25,38200,1.9513888888888888,0,140,104,12,32,0,0,0,32,6,2,0.052083333333333336,30.0,0.0,True,False
288,4 4 18,576,16.0,10,1.25,38400,1.9513888888888888,0,140,104,12,32,0,0,0,32,6,2,0.052083333333333336,30.0,0.0,True,False
288,4 4 18,576,16.0,10,1.25,38600,1.9513888888888888,0,140,104,12,32,0,0,0,32,6,2,0.052083333333333336,30.0,0.0,True,False
288,4 4 18,576,16.0,10,1.25,38800,1.9513888888888888,0,140,104,12,32,0,0,0,32,6,2,0.052083333333333336,30.0,0.0,True,False
288,4 4 18,576,16.0,10,1.25,39000,1.9513888888888888,0,140,104,12,32,0,0,0,32,6,2,0.052083333333333336,30.0,0.0,True,False
288,4 4 18,576,16.0,10,1.25,39200,1.9513888888888888,0,140,104,12,32,0,0,0,32,6,2,0.052083333333333336,30.0,0.0,True,False
288,4 4 18,576,16.0,10,1.25,39400,1.9513888888888888,0,140,104,12,32,0,0,0,32,6,2,0.052083333333333336,30.0,0.0,True,False
288,4 4 18,576,16.0,10,1.25,39600,1.9513888888888888,0,140,104,12,32,0,0,0,32,6,2,0.052083333333333336,30.0,0.0,True,False
288,4 4 18,576,16.0,10,1.25,39800,1.9513888888888888,0,140,104,12,32,0,0,0,32,6,2,0.052083333333333336,30.0,0.0,True,False
288,4 4 18,576,16.0,10,1.25,40000,1.9513888888888888,0,140,104,12,32,0,0,0,32,6,2,0.052083333333333336,30.0,0.0,True,False
288,4 4 18,576,16.0,10,1.25,40200,1.9513888888888888,0,140,104,12,32,0,0,0,32,6,2,0.052083333333333336,30.0,0.0,True,False
288,4 4 18,576,16.0,10,1.25,40400,1.9513888888888888,0,140,104,12,32,0,0,0,32,6,2,0.052083333333333336,30.0,0.0,True,False
288,4 4 18,576,16.0,10,1.25,40600,1.9513888888888888,0,140,104,12,32,0,0,0,32,6,2,0.052083333333333336,30.0,0.0,True,False
288,4 4 18,576,16.0,10,1.25,40800,1.9513888888888888,0,140,104,12,32,0,0,0,32,6,2,0.052083333333333336,30.0,0.0,True,False
288,4 4 18,576,16.0,10,1.25,41000,1.9513888888888888,0,140,104,12,32,0,0,0,32,6,2,0.052083333333333336,30.0,0.0,True,False
288,4 4 18,576,16.0,10,1.25,41200,1.9513888888888888,0,140,104,12,32,0,0,0,32,6,2,0.052083333333333336,30.0,0.0,True,False
288,4 4 18,576,16.0,10,1.25,41400,1.9513888888888888,0,140,104,12,32,0,0,0,32,6,2,0.052083333333333336,30.0,0.0,True,False
288,4 4 18,576,16.0,10,1.25,41600,1.9513888888888888,0,140,104,12,32,0,0,0,32,6,2,0.052083333333333336,30.0,0.0,True,False
288,4 4 18,576,16.0,10,1.25,41800,1.9513888888888888,0,140,104,12,32,0,0,0,32,6,2,0.052083333333333336,30.0,0.0,True,False
288,4 4 18,576,16.0,10,1.25,42000,1.9513888888888888,0,140,104,12,32,0,0,0,32,6,2,0.052083333333333336,30.0,0.0,True,False
288,4 4 18,576,16.0,10,1.25,42200,1.9513888888888888,0,140,104,12,32,0,0,0,32,6,2,0.052083333333333336,30.0,0.0,True,False
288,4 4 18,576,16.0,10,1.25,42400,1.9513888888888888,0,140,104,12,32,0,0,0,32,6,2,0.052083333333333336,30.0,0.0,True,False
288,4 4 18,576,16.0,10,1.25,42600,1.9513888888888888,0,140,104,12,32,0,0,0,32,6,2,0.052083333333333336,30.0,0.0,True,False
288,4 4 18,576,16.0,10,1.25,42800,1.9513888888888888,0,140,104,12,32,0,0,0,32,6,2,0.052083333333333336,30.0,0.0,True,False
288,4 4 18,576,16.0,10,1.25,43000,1.9513888888888888,0,140,104,12,32,0,0,0,32,6,2,0.052083333333333336,30.0,0.0,True,False
288,4 4 18,576,16.0,10,1.25,43200,1.9513888888888888,0,140,104,12,32,0,0,0,32,6,2,0.052083333333333336,30.0,0.0,True,False
288,4 4 18,576,16.0,10,1.25,43400,1.9513888888888888,0,140,104,12,32,0,0,0,32,6,2,0.052083333333333336,30.0,0.0,True,False
288,4 4 18,576,16.0,10,1.25,43600,1.9513888888888888,0,140,104,12,32,0,0,0,32,6,2,0.052083333333333336,30.0,0.0,True,False
288,4 4 18,576,16.0,10,1.25,43800,1.9513888888888888,0,140,104,12,32,0,0,0,32,6,2,0.052083333333333336,30.0,0.0,True,False
288,4 4 18,576,16.0,10,1.25,44000,1.9513888888888888,0,140,104,12,32,0,0,0,32,6,2,0.052083333333333336,30.0,0.0,True,False
288,4 4 18,576,16.0,10,1.25,44200,1.9513888888888888,0,140,104,12,32,0,0,0,32,6,2,0.052083333333333336,30.0,0.0,True,False
288,4 4 18,576,16.0,10,1.25,44400,1.9513888888888888,0,140,104,12,32,0,0,0,32,6,2,0.052083333333333336,30.0,0.0,True,False
288,4 4 18,576,16.0,10,1.25,44600,1.9513888888888888,0,140,104,12,32,0,0,0,32,6,2,0.052083333333333336,30.0,0.0,True,False
288,4 4 18,576,16.0,10,1.25,44800,1.9513888888888888,0,140,104,12,32,0,0,0,32,6,2,0.052083333333333336,30.0,0.0,True,False
288,4 4 18,576,16.0,10,1.25,45000,1.9513888888888888,0,140,104,12,32,0,0,0,32,6,2,0.052083333333333336,30.0,0.0,True,False
288,4 4 18,576,16.0,10,1.25,45200,1.9513888888888888,0,140,104,12,32,0,0,0,32,6,2,0.052083333333333336,30.0,0.0,True,False
288,4 4 18,576,16.0,10,1.25,45400,1.9513888888888888,0,140,104,12,32,0,0,0,32,6,2,0.052083333333333336,30.0,0.0,True,False
288,4 4 18,576,16.0,10,1.25,45600,1.9513888888888888,0,140,104,12,32,0,0,0,32,6,2,0.052083333333333336,30.0,0.0,True,False
288,4 4 18,576,16.0,10,1.25,45800,1.9513888888888888,0,140,104,12,32,0,0,0,32,6,2,0.052083333333333336,30.0,0.0,True,False
288,4 4 18,576,16.0,10,1.25,46000,1.9513888888888888,0,140,104,12,32,0,0,0,32,6,2,0.052083333333333336,30.0,0.0,True,False
288,4 4 18,576,16.0,10,1.25,46200,1.9513888888888888,0,140,104,12,32,0,0,0,32,6,2,0.052083333333333336,30.0,0.0,True,False
288,4 4 18,576,16.0,10,1.25,46400,1.9513888888888888,0,140,104,12,32,0,0,0,32,6,2,0.052083333333333336,30.0,0.0,True,False
288,4 4 18,576,16.0,10,1.25,46600,1.9513888888888888,0,140,104,12,32,0,0,0,32,6,2,0.052083333333333336,30.0,0.0,True,False
288,4 4 18,576,16.0,10,1.25,46800,1.9513888888888888,0,140,104,12,32,0,0,0,32,6,2,0.052083333333333336,30.0,0.0,True,False
288,4 4 18,576,16.0,10,1.25,47000,1.9513888888888888,0,140,104,12,32,0,0,0,32,6,2,0.052083333333333336,30.0,0.0,True,False
288,4 4 18,576,16.0,10,1.25,47200,1.9513888888888888,0,140,104,12,32,0,0,0,32,6,2,0.052083333333333336,30.0,0.0,True,False
288,4 4 18,576,16.0,10,1.25,47400,1.9513888888888888,0,140,104,12,32,0,0,0,32,6,2,0.052083333333333336,30.0,0.0,True,False
288,4 4 18,576,16.0,10,1.25,47600,1.9548611111111112,0,150,100,6,32,0,0,0,32,3,2,0.050347222222222224,29.0,0.0,True,False
288,4 4 18,576,16.0,10,1.25,47800,1.9548611111111112,0,150,100,6,32,0,0,0,32,3,2,0.050347222222222224,29.0,0.0,True,False
288,4 4 18,576,16.0,10,1.25,48000,1.9548611111111112,0,150,100,6,32,0,0,0,32,3,2,0.050347222222222224,29.0,0.0,True,False
288,4 4 18,576,16.0,10,1.25,48200,1.9513888888888888,0,140,104,12,32,0,0,0,32,6,2,0.052083333333333336,30.0,0.0,True,False
288,4 4 18,576,16.0,10,1.25,48400,1.9513888888888888,0,140,104,12,32,0,0,0,32,6,2,0.052083333333333336,30.0,0.0,True,False
288,4 4 18,576,16.0,10,1.25,48600,1.9513888888888888,0,140,104,12,32,0,0,0,32,6,2,0.052083333333333336,30.0,0.0,True,False
288,4 4 18,576,16.0,10,1.25,48800,1.9513888888888888,0,140,104,12,32,0,0,0,32,6,2,0.052083333333333336,30.0,0.0,True,False
288,4 4 18,576,16.0,10,1.25,49000,1.9513888888888888,0,140,104,12,32,0,0,0,32,6,2,0.052083333333333336,30.0,0.0,True,False
288,4 4 18,576,16.0,10,1.25,49200,1.9513888888888888,0,140,104,12,32,0,0,0,32,6,2,0.052083333333333336,30.0,0.0,True,False
288,4 4 18,576,16.0,10,1.25,49400,1.9513888888888888,0,140,104,12,32,0,0,0,32,6,2,0.052083333333333336,30.0,0.0,True,False
288,4 4 18,576,16.0,10,1.25,49600,1.9513888888888888,0,140,104,12,32,0,0,0,32,6,2,0.052083333333333336,30.0,0.0,True,False
288,4 4 18,576,16.0,10,1.25,49800,1.9513888888888888,0,140,104,12,32,0,0,0,32,6,2,0.052083333333333336,30.0,0.0,True,False
288,4 4 18,576,16.0,10,1.25,50000,1.9513888888888888,0,140,104,12,32,0,0,0,32,6,2,0.052083333333333336,30.0,0.0,True,False
288,4 4 18,576,16.0,10,1.25,50200,1.9513888888888888,0,140,104,12,32,0,0,0,32,6,2,0.052083333333333336,30.0,0.0,True,False
288,4 4 18,576,16.0,10,1.25,50400,1.9513888888888888,0,140,104,12,32,0,0,0,32,6,2,0.052083333333333336,30.0,0.0,True,False
288,4 4 18,576,16.0,10,1.25,50600,1.9513888888888888,0,140,104,12,32,0,0,0,32,6,2,0.052083333333333336,30.0,0.0,True,False
288,4 4 18,576,16.0,10,1.25,50800,1.9513888888888888,0,140,104,12,32,0,0,0,32,6,2,0.052083333333333336,30.0,0.0,True,False
288,4 4 18,576,16.0,10,1.25,51000,1.9513888888888888,0,140,104,12,32,0,0,0,32,6,2,0.052083333333333336,30.0,0.0,True,False
288,4 4 18,576,16.0,10,1.25,51200,1.9513888888888888,0,140,104,12,32,0,0,0,32,6,2,0.052083333333333336,30.0,0.0,True,False
288,4 4 18,576,16.0,10,1.25,51400,1.9513888888888888,0,140,104,12,32,0,0,0,32,6,2,0.052083333333333336,30.0,0.0,True,False
288,4 4 18,576,16.0,10,1.25,51600,1.9513888888888888,0,140,104,12,32,0,0,0,32,6,2,0.052083333333333336,30.0,0.0,True,False
288,4 4 18,576,16.0,10,1.25,51800,1.9513888888888888,0,140,104,12,32,0,0,0,32,6,2,0.052083333333333336,30.0,0.0,True,False
288,4 4 18,576,16.0,10,1.25,52000,1.9513888888888888,0,140,104,12,32,0,0,0,32,6,2,0.052083333333333336,30.0,0.0,True,False
288,4 4 18,576,16.0,10,1.25,52200,1.9548611111111112,0,150,100,6,32,0,0,0,32,3,2,0.050347222222222224,29.0,0.0,True,False
288,4 4 18,576,16.0,10,1.25,52400,1.9548611111111112,0,150,100,6,32,0,0,0,32,3,2,0.050347222222222224,29.0,0.0,True,False
288,4 4 18,576,16.0,10,1.25,52600,1.9548611111111112,0,150,100,6,32,0,0,0,32,3,2,0.050347222222222224,29.0,0.0,True,False
288,4 4 18,576,16.0,10,1.25,52800,1.9548611111111112,0,150,100,6,32,0,0,0,32,3,2,0.050347222222222224,29.0,0.0,True,False
288,4 4 18,576,16.0,10,1.25,53000,1.9548611111111112,0,150,100,6,32,0,0,0,32,3,2,0.050347222222222224,29.0,0.0,True,False
288,4 4 18,576,16.0,10,1.25,53200,1.9513888888888888,0,140,104,12,32,0,0,0,32,6,2,0.052083333333333336,30.0,0.0,True,False
288,4 4 18,576,16.0,10,1.25,53400,1.9513888888888888,0,140,104,12,32,0,0,0,32,6,2,0.052083333333333336,30.0,0.0,True,False
288,4 4 18,576,16.0,10,1.25,53600,1.9513888888888888,0,140,104,12,32,0,0,0,32,6,2,0.052083333333333336,30.0,0.0,True,False
288,4 4 18,576,16.0,10,1.25,53800,1.9513888888888888,0,140,104,12,32,0,0,0,32,6,2,0.052083333333333336,30.0,0.0,True,False
288,4 4 18,576,16.0,10,1.25,54000,1.9513888888888888,0,140,104,12,32,0,0,0,32,6,2,0.052083333333333336,30.0,0.0,True,False
288,4 4 18,576,16.0,10,1.25,54200,1.9513888888888888,0,140,104,12,32,0,0,0,32,6,2,0.052083333333333336,30.0,0.0,True,False
288,4 4 18,576,16.0,10,1.25,54400,1.9513888888888888,0,140,104,12,32,0,0,0,32,6,2,0.052083333333333336,30.0,0.0,True,False
288,4 4 18,576,16.0,10,1.25,54600,1.9513888888888888,0,140,104,12,32,0,0,0,32,6,2,0.052083333333333336,30.0,0.0,True,False
288,4 4 18,576,16.0,10,1.25,54800,1.9513888888888888,0,140,104,12,32,0,0,0,32,6,2,0.052083333333333336,30.0,0.0,True,False
288,4 4 18,576,16.0,10,1.25,55000,1.9513888888888888,0,140,104,12,32,0,0,0,32,6,2,0.052083333333333336,30.0,0.0,True,False
288,4 4 18,576,16.0,10,1.25,55200,1.9513888888888888,0,140,104,12,32,0,0,0,32,6,2,0.052083333333333336,30.0,0.0,True,False
288,4 4 18,576,16.0,10,1.25,55400,1.9513888888888888,0,140,104,12,32,0,0,0,32,6,2,0.052083333333333336,30.0,0.0,True,False
288,4 4 18,576,16.0,10,1.25,55600,1.9513888888888888,0,140,104,12,32,0,0,0,32,6,2,0.052083333333333336,30.0,0.0,True,False
288,4 4 18,576,16.0,10,1.25,55800,1.9513888888888888,0,140,104,12,32,0,0,0,32,6,2,0.052083333333333336,30.0,0.0,True,False
288,4 4 18,576,16.0,10,1.25,56000,1.9513888888888888,0,140,104,12,32,0,0,0,32,6,2,0.052083333333333336,30.0,0.0,True,False
288,4 4 18,576,16.0,10,1.25,56200,1.9513888888888888,0,140,104,12,32,0,0,0,32,6,2,0.052083333333333336,30.0,0.0,True,False
288,4 4 18,576,16.0,10,1.25,56400,1.9513888888888888,0,140,104,12,32,0,0,0,32,6,2,0.052083333333333336,30.0,0.0,True,False
288,4 4 18,576,16.0,10,1.25,56600,1.9513888888888888,0,140,104,12,32,0,0,0,32,6,2,0.052083333333333336,30.0,0.0,True,False
288,4 4 18,576,16.0,10,1.25,56800,1.9513888888888888,0,140,104,12,32,0,0,0,32,6,2,0.052083333333333336,30.0,0.0,True,False
288,4 4 18,576,16.0,10,1.25,57000,1.9513888888888888,0,140,104,12,32,0,0,0,32,6,2,0.052083333333333336,30.0,0.0,True,False
288,4 4 18,576,16.0,10,1.25,57200,1.9513888888888888,0,140,104,12,32,0,0,0,32,6,2,0.052083333333333336,30.0,0.0,True,False
288,4 4 18,576,16.0,10,1.25,57400,1.9513888888888888,0,140,104,12,32,0,0,0,32,6,2,0.052083333333333336,30.0,0.0,True,False
288,4 4 18,576,16.0,10,1.25,57600,1.9513888888888888,0,140,104,12,32,0,0,0,32,6,2,0.052083333333333336,30.0,0.0,True,False
288,4 4 18,576,16.0,10,1.25,57800,1.9513888888888888,0,140,104,12,32,0,0,0,32,6,2,0.052083333333333336,30.0,0.0,True,False
288,4 4 18,576,16.0,10,1.25,58000,1.9513888888888888,0,140,104,12,32,0,0,0,32,6,2,0.052083333333333336,30.0,0.0,True,False
288,4 4 18,576,16.0,10,1.25,58200,1.9513888888888888,0,140,104,12,32,0,0,0,32,6,2,0.052083333333333336,30.0,0.0,True,False
288,4 4 18,576,16.0,10,1.25,58400,1.9513888888888888,0,140,104,12,32,0,0,0,32,6,2,0.052083333333333336,30.0,0.0,True,False
288,4 4 18,576,16.0,10,1.25,58600,1.9513888888888888,0,140,104,12,32,0,0,0,32,6,2,0.052083333333333336,30.0,0.0,True,False
288,4 4 18,576,16.0,10,1.25,58800,1.9513888888888888,0,140,104,12,32,0,0,0,32,6,2,0.052083333333333336,30.0,0.0,True,False
288,4 4 18,576,16.0,10,1.25,59000,1.9513888888888888,0,140,104,12,32,0,0,0,32,6,2,0.052083333333333336,30.0,0.0,True,False
288,4 4 18,576,16.0,10,1.25,59200,1.9513888888888888,0,140,104,12,32,0,0,0,32,6,2,0.052083333333333336,30.0,0.0,True,False
288,4 4 18,576,16.0,10,1.25,59400,1.9513888888888888,0,140,104,12,32,0,0,0,32,6,2,0.052083333333333336,30.0,0.0,True,False
288,4 4 18,576,16.0,10,1.25,59600,1.9513888888888888,0,140,104,12,32,0,0,0,32,6,2,0.052083333333333336,30.0,0.0,True,False
288,4 4 18,576,16.0,10,1.25,59800,1.9513888888888888,0,140,104,12,32,0,0,0,32,6,2,0.052083333333333336,30.0,0.0,True,False
288,4 4 18,576,16.0,10,1.25,60000,1.9513888888888888,0,140,104,12,32,0,0,0,32,6,2,0.052083333333333336,30.0,0.0,True,False
288,4 4 18,576,16.0,10,1.25,60200,1.9513888888888888,0,140,104,12,32,0,0,0,32,6,2,0.052083333333333336,30.0,0.0,True,False
288,4 4 18,576,16.0,10,1.25,60400,1.9513888888888888,0,140,104,12,32,0,0,0,32,6,2,0.052083333333333336,30.0,0.0,True,False
288,4 4 18,576,16.0,10,1.25,60600,1.9513888888888888,0,140,104,12,32,0,0,0,32,6,2,0.052083333333333336,30.0,0.0,True,False
288,4 4 18,576,16.0,10,1.25,60800,1.9513888888888888,0,140,104,12,32,0,0,0,32,6,2,0.052083333333333336,30.0,0.0,True,False
288,4 4 18,576,16.0,10,1.25,61000,1.9513888888888888,0,140,104,12,32,0,0,0,32,6,2,0.052083333333333336,30.0,0.0,True,False
288,4 4 18,576,16.0,10,1.25,61200,1.9513888888888888,0,140,104,12,32,0,0,0,32,6,2,0.052083333333333336,30.0,0.0,True,False
288,4 4 18,576,16.0,10,1.25,61400,1.9513888888888888,0,140,104,12,32,0,0,0,32,6,2,0.052083333333333336,30.0,0.0,True,False
288,4 4 18,576,16.0,10,1.25,61600,1.9513888888888888,0,140,104,12,32,0,0,0,32,6,2,0.052083333333333336,30.0,0.0,True,False
288,4 4 18,576,16.0,10,1.25,61800,1.9513888888888888,0,140,104,12,32,0,0,0,32,6,2,0.052083333333333336,30.0,0.0,True,False
288,4 4 18,576,16.0,10,1.25,62000,1.9513888888888888,0,140,104,12,32,0,0,0,32,6,2,0.052083333333333336,30.0,0.0,True,False
288,4 4 18,576,16.0,10,1.25,62200,1.9513888888888888,0,140,104,12,32,0,0,0,32,6,2,0.052083333333333336,30.0,0.0,True,False
288,4 4 18,576,16.0,10,1.25,62400,1.9513888888888888,0,140,104,12,32,0,0,0,32,6,2,0.052083333333333336,30.0,0.0,True,False
288,4 4 18,576,16.0,10,1.25,62600,1.9513888888888888,0,140,104,12,32,0,0,0,32,6,2,0.052083333333333336,30.0,0.0,True,False
288,4 4 18,576,16.0,10,1.25,62800,1.9513888888888888,0,140,104,12,32,0,0,0,32,6,2,0.052083333333333336,30.0,0.0,True,False
288,4 4 18,576,16.0,10,1.25,63000,1.9513888888888888,0,140,104,12,32,0,0,0,32,6,2,0.052083333333333336,30.0,0.0,True,False
288,4 4 18,576,16.0,10,1.25,63200,1.9513888888888888,0,140,104,12,32,0,0,0,32,6,2,0.052083333333333336,30.0,0.0,True,False
288,4 4 18,576,16.0,10,1.25,63400,1.9513888888888888,0,140,104,12,32,0,0,0,32,6,2,0.052083333333333336,30.0,0.0,True,False
288,4 4 18,576,16.0,10,1.25,63600,1.9513888888888888,0,140,104,12,32,0,0,0,32,6,2,0.052083333333333336,30.0,0.0,True,False
288,4 4 18,576,16.0,10,1.25,63800,1.9513888888888888,0,140,104,12,32,0,0,0,32,6,2,0.052083333333333336,30.0,0.0,True,False
288,4 4 18,576,16.0,10,1.25,64000,1.9513888888888888,0,140,104,12,32,0,0,0,32,6,2,0.052083333333333336,30.0,0.0,True,False
288,4 4 18,576,16.0,10,1.25,64200,1.9513888888888888,0,140,104,12,32,0,0,0,32,6,2,0.052083333333333336,30.0,0.0,True,False
288,4 4 18,576,16.0,10,1.25,64400,1.9513888888888888,0,140,104,12,32,0,0,0,32,6,2,0.052083333333333336,30.0,0.0,True,False
288,4 4 18,576,16.0,10,1.25,64600,1.9513888888888888,0,140,104,12,32,0,0,0,32,6,2,0.052083333333333336,30.0,0.0,True,False
288,4 4 18,576,16.0,10,1.25,64800,1.9513888888888888,0,140,104,12,32,0,0,0,32,6,2,0.052083333333333336,30.0,0.0,True,False
288,4 4 18,576,16.0,10,1.25,65000,1.9513888888888888,0,140,104,12,32,0,0,0,32,6,2,0.052083333333333336,30.0,0.0,True,False
288,4 4 18,576,16.0,10,1.25,65200,1.9513888888888888,0,140,104,12,32,0,0,0,32,6,2,0.052083333333333336,30.0,0.0,True,False
288,4 4 18,576,16.0,10,1.25,65400,1.9513888888888888,0,140,104,12,32,0,0,0,32,6,2,0.052083333333333336,30.0,0.0,True,False
288,4 4 18,576,16.0,10,1.25,65600,1.9513888888888888,0,140,104,12,32,0,0,0,32,6,2,0.052083333333333336,30.0,0.0,True,False
288,4 4 18,576,16.0,10,1.25,65800,1.9513888888888888,0,140,104,12,32,0,0,0,32,6,2,0.052083333333333336,30.0,0.0,True,False
288,4 4 18,576,16.0,10,1.25,66000,1.9513888888888888,0,140,104,12,32,0,0,0,32,6,2,0.052083333333333336,30.0,0.0,True,False
288,4 4 18,576,16.0,10,1.25,66200,1.9513888888888888,0,140,104,12,32,0,0,0,32,6,2,0.052083333333333336,30.0,0.0,True,False
288,4 4 18,576,16.0,10,1.25,66400,1.9513888888888888,0,140,104,12,32,0,0,0,32,6,2,0.052083333333333336,30.0,0.0,True,False
288,4 4 18,576,16.0,10,1.25,66600,1.9513888888888888,0,140,104,12,32,0,0,0,32,6,2,0.052083333333333336,30.0,0.0,True,False
288,4 4 18,576,16.0,10,1.25,66800,1.9513888888888888,0,140,104,12,32,0,0,0,32,6,2,0.052083333333333336,30.0,0.0,True,False
288,4 4 18,576,16.0,10,1.25,67000,1.9513888888888888,0,140,104,12,32,0,0,0,32,6,2,0.052083333333333336,30.0,0.0,True,False
288,4 4 18,576,16.0,10,1.25,67200,1.9513888888888888,0,140,104,12,32,0,0,0,32,6,2,0.052083333333333336,30.0,0.0,True,False
288,4 4 18,576,16.0,10,1.25,67400,1.9513888888888888,0,140,104,12,32,0,0,0,32,6,2,0.052083333333333336,30.0,0.0,True,False
288,4 4 18,576,16.0,10,1.25,67600,1.9513888888888888,0,140,104,12,32,0,0,0,32,6,2,0.052083333333333336,30.0,0.0,True,False
288,4 4 18,576,16.0,10,1.25,67800,1.9513888888888888,0,140,104,12,32,0,0,0,32,6,2,0.052083333333333336,30.0,0.0,True,False
288,4 4 18,576,16.0,10,1.25,68000,1.9513888888888888,0,140,104,12,32,0,0,0,32,6,2,0.052083333333333336,30.0,0.0,True,False
288,4 4 18,576,16.0,10,1.25,68200,1.9513888888888888,0,140,104,12,32,0,0,0,32,6,2,0.052083333333333336,30.0,0.0,True,False
288,4 4 18,576,16.0,10,1.25,68400,1.9513888888888888,0,140,104,12,32,0,0,0,32,6,2,0.052083333333333336,30.0,0.0,True,False
288,4 4 18,576,16.0,10,1.25,68600,1.9513888888888888,0,140,104,12,32,0,0,0,32,6,2,0.052083333333333336,30.0,0.0,True,False
288,4 4 18,576,16.0,10,1.25,68800,1.9548611111111112,0,150,100,6,32,0,0,0,32,3,2,0.050347222222222224,29.0,0.0,True,False
288,4 4 18,576,16.0,10,1.25,69000,1.9513888888888888,0,140,104,12,32,0,0,0,32,6,2,0.052083333333333336,30.0,0.0,True,False
288,4 4 18,576,16.0,10,1.25,69200,1.9513888888888888,0,140,104,12,32,0,0,0,32,6,2,0.052083333333333336,30.0,0.0,True,False
288,4 4 18,576,16.0,10,1.25,69400,1.9513888888888888,0,140,104,12,32,0,0,0,32,6,2,0.052083333333333336,30.0,0.0,True,False
288,4 4 18,576,16.0,10,1.25,69600,1.9513888888888888,0,140,104,12,32,0,0,0,32,6,2,0.052083333333333336,30.0,0.0,True,False
288,4 4 18,576,16.0,10,1.25,69800,1.9513888888888888,0,140,104,12,32,0,0,0,32,6,2,0.052083333333333336,30.0,0.0,True,False
288,4 4 18,576,16.0,10,1.25,70000,1.9513888888888888,0,140,104,12,32,0,0,0,32,6,2,0.052083333333333336,30.0,0.0,True,False
288,4 4 18,576,16.0,10,1.25,70200,1.9513888888888888,0,140,104,12,32,0,0,0,32,6,2,0.052083333333333336,30.0,0.0,True,False
288,4 4 18,576,16.0,10,1.25,70400,1.9513888888888888,0,140,104,12,32,0,0,0,32,6,2,0.052083333333333336,30.0,0.0,True,False
288,4 4 18,576,16.0,10,1.25,70600,1.9513888888888888,0,140,104,12,32,0,0,0,32,6,2,0.052083333333333336,30.0,0.0,True,False
288,4 4 18,576,16.0,10,1.25,70800,1.9513888888888888,0,140,104,12,32,0,0,0,32,6,2,0.052083333333333336,30.0,0.0,True,False
288,4 4 18,576,16.0,10,1.25,71000,1.9513888888888888,0,140,104,12,32,0,0,0,32,6,2,0.052083333333333336,30.0,0.0,True,False
288,4 4 18,576,16.0,10,1.25,71200,1.9513888888888888,0,140,104,12,32,0,0,0,32,6,2,0.052083333333333336,30.0,0.0,True,False
288,4 4 18,576,16.0,10,1.25,71400,1.9513888888888888,0,140,104,12,32,0,0,0,32,6,2,0.052083333333333336,30.0,0.0,True,False
288,4 4 18,576,16.0,10,1.25,71600,1.9513888888888888,0,140,104,12,32,0,0,0,32,6,2,0.052083333333333336,30.0,0.0,True,False
288,4 4 18,576,16.0,10,1.25,71800,1.9513888888888888,0,140,104,12,32,0,0,0,32,6,2,0.052083333333333336,30.0,0.0,True,False
288,4 4 18,576,16.0,10,1.25,72000,1.9513888888888888,0,140,104,12,32,0,0,0,32,6,2,0.052083333333333336,30.0,0.0,True,False
288,4 4 18,576,16.0,10,1.25,72200,1.9513888888888888,0,140,104,12,32,0,0,0,32,6,2,0.052083333333333336,30.0,0.0,True,False
288,4 4 18,576,16.0,10,1.25,72400,1.9513888888888888,0,140,104,12,32,0,0,0,32,6,2,0.052083333333333336,30.0,0.0,True,False
288,4 4 18,576,16.0,10,1.25,72600,1.9513888888888888,0,140,104,12,32,0,0,0,32,6,2,0.052083333333333336,30.0,0.0,True,False
288,4 4 18,576,16.0,10,1.25,72800,1.9513888888888888,0,140,104,12,32,0,0,0,32,6,2,0.052083333333333336,30.0,0.0,True,False
288,4 4 18,576,16.0,10,1.25,73000,1.9513888888888888,0,140,104,12,32,0,0,0,32,6,2,0.052083333333333336,30.0,0.0,True,False
288,4 4 18,576,16.0,10,1.25,73200,1.9513888888888888,0,140,104,12,32,0,0,0,32,6,2,0.052083333333333336,30.0,0.0,True,False
288,4 4 18,576,16.0,10,1.25,73400,1.9513888888888888,0,140,104,12,32,0,0,0,32,6,2,0.052083333333333336,30.0,0.0,True,False
288,4 4 18,576,16.0,10,1.25,73600,1.9513888888888888,0,140,104,12,32,0,0,0,32,6,2,0.052083333333333336,30.0,0.0,True,False
288,4 4 18,576,16.0,10,1.25,73800,1.9513888888888888,0,140,104,12,32,0,0,0,32,6,2,0.052083333333333336,30.0,0.0,True,False
288,4 4 18,576,16.0,10,1.25,74000,1.9513888888888888,0,140,104,12,32,0,0,0,32,6,2,0.052083333333333336,30.0,0.0,True,False
288,4 4 18,576,16.0,10,1.25,74200,1.9513888888888888,0,140,104,12,32,0,0,0,32,6,2,0.052083333333333336,30.0,0.0,True,False
288,4 4 18,576,16.0,10,1.25,74400,1.9513888888888888,0,140,104,12,32,0,0,0,32,6,2,0.052083333333333336,30.0,0.0,True,False
288,4 4 18,576,16.0,10,1.25,74600,1.9513888888888888,0,140,104,12,32,0,0,0,32,6,2,0.052083333333333336,30.0,0.0,True,False
288,4 4 18,576,16.0,10,1.25,74800,1.9513888888888888,0,140,104,12,32,0,0,0,32,6,2,0.052083333333333336,30.0,0.0,True,False
288,4 4 18,576,16.0,10,1.25,75000,1.9513888888888888,0,140,104,12,32,0,0,0,32,6,2,0.052083333333333336,30.0,0.0,True,False
288,4 4 18,576,16.0,10,1.25,75200,1.9513888888888888,0,140,104,12,32,0,0,0,32,6,2,0.052083333333333336,30.0,0.0,True,False
288,4 4 18,576,16.0,10,1.25,75400,1.9513888888888888,0,140,104,12,32,0,0,0,32,6,2,0.052083333333333336,30.0,0.0,True,False
288,4 4 18,576,16.0,10,1.25,75600,1.9513888888888888,0,140,104,12,32,0,0,0,32,6,2,0.052083333333333336,30.0,0.0,True,False
288,4 4 18,576,16.0,10,1.25,75800,1.9513888888888888,0,140,104,12,32,0,0,0,32,6,2,0.052083333333333336,30.0,0.0,True,False
288,4 4 18,576,16.0,10,1.25,76000,1.9513888888888888,0,140,104,12,32,0,0,0,32,6,2,0.052083333333333336,30.0,0.0,True,False
288,4 4 18,576,16.0,10,1.25,76200,1.9513888888888888,0,140,104,12,32,0,0,0,32,6,2,0.052083333333333336,30.0,0.0,True,False
288,4 4 18,576,16.0,10,1.25,76400,1.9513888888888888,0,140,104,12,32,0,0,0,32,6,2,0.052083333333333336,30.0,0.0,True,False
288,4 4 18,576,16.0,10,1.25,76600,1.9513888888888888,0,140,104,12,32,0,0,0,32,6,2,0.052083333333333336,30.0,0.0,True,False
288,4 4 18,576,16.0,10,1.25,76800,1.9513888888888888,0,140,104,12,32,0,0,0,32,6,2,0.052083333333333336,30.0,0.0,True,False
288,4 4 18,576,16.0,10,1.25,77000,1.9513888888888888,0,140,104,12,32,0,0,0,32,6,2,0.052083333333333336,30.0,0.0,True,False
288,4 4 18,576,16.0,10,1.25,77200,1.9513888888888888,0,140,104,12,32,0,0,0,32,6,2,0.052083333333333336,30.0,0.0,True,False
288,4 4 18,576,16.0,10,1.25,77400,1.9513888888888888,0,140,104,12,32,0,0,0,32,6,2,0.052083333333333336,30.0,0.0,True,False
288,4 4 18,576,16.0,10,1.25,77600,1.9513888888888888,0,140,104,12,32,0,0,0,32,6,2,0.052083333333333336,30.0,0.0,True,False
288,4 4 18,576,16.0,10,1.25,77800,1.9513888888888888,0,140,104,12,32,0,0,0,32,6,2,0.052083333333333336,30.0,0.0,True,False
288,4 4 18,576,16.0,10,1.25,78000,1.9513888888888888,0,140,104,12,32,0,0,0,32,6,2,0.052083333333333336,30.0,0.0,True,False
288,4 4 18,576,16.0,10,1.25,78200,1.9513888888888888,0,140,104,12,32,0,0,0,32,6,2,0.052083333333333336,30.0,0.0,True,False
288,4 4 18,576,16.0,10,1.25,78400,1.9513888888888888,0,140,104,12,32,0,0,0,32,6,2,0.052083333333333336,30.0,0.0,True,False
288,4 4 18,576,16.0,10,1.25,78600,1.9513888888888888,0,140,104,12,32,0,0,0,32,6,2,0.052083333333333336,30.0,0.0,True,False
288,4 4 18,576,16.0,10,1.25,78800,1.9513888888888888,0,140,104,12,32,0,0,0,32,6,2,0.052083333333333336,30.0,0.0,True,False
288,4 4 18,576,16.0,10,1.25,79000,1.9513888888888888,0,140,104,12,32,0,0,0,32,6,2,0.052083333333333336,30.0,0.0,True,False
288,4 4 18,576,16.0,10,1.25,79200,1.9513888888888888,0,140,104,12,32,0,0,0,32,6,2,0.052083333333333336,30.0,0.0,True,False
288,4 4 18,576,16.0,10,1.25,79400,1.9513888888888888,0,140,104,12,32,0,0,0,32,6,2,0.052083333333333336,30.0,0.0,True,False
288,4 4 18,576,16.0,10,1.25,79600,1.9513888888888888,0,140,104,12,32,0,0,0,32,6,2,0.052083333333333336,30.0,0.0,True,False
288,4 4 18,576,16.0,10,1.25,79800,1.9513888888888888,0,140,104,12,32,0,0,0,32,6,2,0.052083333333333336,30.0,0.0,True,False
288,4 4 18,576,16.0,10,1.25,80000,1.9513888888888888,0,140,104,12,32,0,0,0,32,6,2,0.052083333333333336,30.0,0.0,True,False
288,4 4 18,576,16.0,10,1.25,80200,1.9513888888888888,0,140,104,12,32,0,0,0,32,6,2,0.052083333333333336,30.0,0.0,True,False
288,4 4 18,576,16.0,10,1.25,80400,1.9513888888888888,0,140,104,12,32,0,0,0,32,6,2,0.052083333333333336,30.0,0.0,True,False
288,4 4 18,576,16.0,10,1.25,80600,1.9513888888888888,0,140,104,12,32,0,0,0,32,6,2,0.052083333333333336,30.0,0.0,True,False
288,4 4 18,576,16.0,10,1.25,80800,1.9513888888888888,0,140,104,12,32,0,0,0,32,6,2,0.052083333333333336,30.0,0.0,True,False
288,4 4 18,576,16.0,10,1.25,81000,1.9513888888888888,0,140,104,12,32,0,0,0,32,6,2,0.052083333333333336,30.0,0.0,True,False
288,4 4 18,576,16.0,10,1.25,81200,1.9513888888888888,0,140,104,12,32,0,0,0,32,6,2,0.052083333333333336,30.0,0.0,True,False
288,4 4 18,576,16.0,10,1.25,81400,1.9513888888888888,0,140,104,12,32,0,0,0,32,6,2,0.052083333333333336,30.0,0.0,True,False
288,4 4 18,576,16.0,10,1.25,81600,1.9513888888888888,0,140,104,12,32,0,0,0,32,6,2,0.052083333333333336,30.0,0.0,True,False
288,4 4 18,576,16.0,10,1.25,81800,1.9513888888888888,0,140,104,12,32,0,0,0,32,6,2,0.052083333333333336,30.0,0.0,True,False
288,4 4 18,576,16.0,10,1.25,82000,1.9513888888888888,0,140,104,12,32,0,0,0,32,6,2,0.052083333333333336,30.0,0.0,True,False
288,4 4 18,576,16.0,10,1.25,82200,1.9513888888888888,0,140,104,12,32,0,0,0,32,6,2,0.052083333333333336,30.0,0.0,True,False
288,4 4 18,576,16.0,10,1.25,82400,1.9513888888888888,0,140,104,12,32,0,0,0,32,6,2,0.052083333333333336,30.0,0.0,True,False
288,4 4 18,576,16.0,10,1.25,82600,1.9513888888888888,0,140,104,12,32,0,0,0,32,6,2,0.052083333333333336,30.0,0.0,True,False
288,4 4 18,576,16.0,10,1.25,82800,1.9513888888888888,0,140,104,12,32,0,0,0,32,6,2,0.052083333333333336,30.0,0.0,True,False
288,4 4 18,576,16.0,10,1.25,83000,1.9513888888888888,0,140,104,12,32,0,0,0,32,6,2,0.052083333333333336,30.0,0.0,True,False
288,4 4 18,576,16.0,10,1.25,83200,1.9513888888888888,0,140,104,12,32,0,0,0,32,6,2,0.052083333333333336,30.0,0.0,True,False
288,4 4 18,576,16.0,10,1.25,83400,1.9513888888888888,0,140,104,12,32,0,0,0,32,6,2,0.052083333333333336,30.0,0.0,True,False
288,4 4 18,576,16.0,10,1.25,83600,1.9513888888888888,0,140,104,12,32,0,0,0,32,6,2,0.052083333333333336,30.0,0.0,True,False
288,4 4 18,576,16.0,10,1.25,83800,1.9513888888888888,0,140,104,12,32,0,0,0,32,6,2,0.052083333333333336,30.0,0.0,True,False
288,4 4 18,576,16.0,10,1.25,84000,1.9513888888888888,0,140,104,12,32,0,0,0,32,6,2,0.052083333333333336,30.0,0.0,True,False
288,4 4 18,576,16.0,10,1.25,84200,1.9513888888888888,0,140,104,12,32,0,0,0,32,6,2,0.052083333333333336,30.0,0.0,True,False
288,4 4 18,576,16.0,10,1.25,84400,1.9513888888888888,0,140,104,12,32,0,0,0,32,6,2,0.052083333333333336,30.0,0.0,True,False
288,4 4 18,576,16.0,10,1.25,84600,1.9513888888888888,0,140,104,12,32,0,0,0,32,6,2,0.052083333333333336,30.0,0.0,True,False
288,4 4 18,576,16.0,10,1.25,84800,1.9513888888888888,0,140,104,12,32,0,0,0,32,6,2,0.052083333333333336,30.0,0.0,True,False
288,4 4 18,576,16.0,10,1.25,85000,1.9513888888888888,0,140,104,12,32,0,0,0,32,6,2,0.052083333333333336,30.0,0.0,True,False
288,4 4 18,576,16.0,10,1.25,85200,1.9513888888888888,0,140,104,12,32,0,0,0,32,6,2,0.052083333333333336,30.0,0.0,True,False
288,4 4 18,576,16.0,10,1.25,85400,1.9513888888888888,0,140,104,12,32,0,0,0,32,6,2,0.052083333333333336,30.0,0.0,True,False
288,4 4 18,576,16.0,10,1.25,85600,1.9513888888888888,0,140,104,12,32,0,0,0,32,6,2,0.052083333333333336,30.0,0.0,True,False
288,4 4 18,576,16.0,10,1.25,85800,1.9513888888888888,0,140,104,12,32,0,0,0,32,6,2,0.052083333333333336,30.0,0.0,True,False
288,4 4 18,576,16.0,10,1.25,86000,1.9513888888888888,0,140,104,12,32,0,0,0,32,6,2,0.052083333333333336,30.0,0.0,True,False
288,4 4 18,576,16.0,10,1.25,86200,1.9513888888888888,0,140,104,12,32,0,0,0,32,6,2,0.052083333333333336,30.0,0.0,True,False
288,4 4 18,576,16.0,10,1.25,86400,1.9513888888888888,0,140,104,12,32,0,0,0,32,6,2,0.052083333333333336,30.0,0.0,True,False
288,4 4 18,576,16.0,10,1.25,86600,1.9513888888888888,0,140,104,12,32,0,0,0,32,6,2,0.052083333333333336,30.0,0.0,True,False
288,4 4 18,576,16.0,10,1.25,86800,1.9513888888888888,0,140,104,12,32,0,0,0,32,6,2,0.052083333333333336,30.0,0.0,True,False
288,4 4 18,576,16.0,10,1.25,87000,1.9513888888888888,0,140,104,12,32,0,0,0,32,6,2,0.052083333333333336,30.0,0.0,True,False
288,4 4 18,576,16.0,10,1.25,87200,1.9513888888888888,0,140,104,12,32,0,0,0,32,6,2,0.052083333333333336,30.0,0.0,True,False
288,4 4 18,576,16.0,10,1.25,87400,1.9513888888888888,0,140,104,12,32,0,0,0,32,6,2,0.052083333333333336,30.0,0.0,True,False
288,4 4 18,576,16.0,10,1.25,87600,1.9513888888888888,0,140,104,12,32,0,0,0,32,6,2,0.052083333333333336,30.0,0.0,True,False
288,4 4 18,576,16.0,10,1.25,87800,1.9513888888888888,0,140,104,12,32,0,0,0,32,6,2,0.052083333333333336,30.0,0.0,True,False
288,4 4 18,576,16.0,10,1.25,88000,1.9513888888888888,0,140,104,12,32,0,0,0,32,6,2,0.052083333333333336,30.0,0.0,True,False
288,4 4 18,576,16.0,10,1.25,88200,1.9513888888888888,0,140,104,12,32,0,0,0,32,6,2,0.052083333333333336,30.0,0.0,True,False
288,4 4 18,576,16.0,10,1.25,88400,1.9513888888888888,0,140,104,12,32,0,0,0,32,6,2,0.052083333333333336,30.0,0.0,True,False
288,4 4 18,576,16.0,10,1.25,88600,1.9513888888888888,0,140,104,12,32,0,0,0,32,6,2,0.052083333333333336,30.0,0.0,True,False
288,4 4 18,576,16.0,10,1.25,88800,1.9513888888888888,0,140,104,12,32,0,0,0,32,6,2,0.052083333333333336,30.0,0.0,True,False
288,4 4 18,576,16.0,10,1.25,89000,1.9513888888888888,0,140,104,12,32,0,0,0,32,6,2,0.052083333333333336,30.0,0.0,True,False
288,4 4 18,576,16.0,10,1.25,89200,1.9513888888888888,0,140,104,12,32,0,0,0,32,6,2,0.052083333333333336,30.0,0.0,True,False
288,4 4 18,576,16.0,10,1.25,89400,1.9513888888888888,0,140,104,12,32,0,0,0,32,6,2,0.052083333333333336,30.0,0.0,True,False
288,4 4 18,576,16.0,10,1.25,89600,1.9513888888888888,0,140,104,12,32,0,0,0,32,6,2,0.052083333333333336,30.0,0.0,True,False
288,4 4 18,576,16.0,10,1.25,89800,1.9513888888888888,0,140,104,12,32,0,0,0,32,6,2,0.052083333333333336,30.0,0.0,True,False
288,4 4 18,576,16.0,10,1.25,90000,1.9513888888888888,0,140,104,12,32,0,0,0,32,6,2,0.052083333333333336,30.0,0.0,True,False
288,4 4 18,576,16.0,10,1.25,90200,1.9513888888888888,0,140,104,12,32,0,0,0,32,6,2,0.052083333333333336,30.0,0.0,True,False
288,4 4 18,576,16.0,10,1.25,90400,1.9548611111111112,0,150,100,6,32,0,0,0,32,3,2,0.050347222222222224,29.0,0.0,True,False
288,4 4 18,576,16.0,10,1.25,90600,1.9513888888888888,0,140,104,12,32,0,0,0,32,6,2,0.052083333333333336,30.0,0.0,True,False
288,4 4 18,576,16.0,10,1.25,90800,1.9513888888888888,0,140,104,12,32,0,0,0,32,6,2,0.052083333333333336,30.0,0.0,True,False
288,4 4 18,576,16.0,10,1.25,91000,1.9513888888888888,0,140,104,12,32,0,0,0,32,6,2,0.052083333333333336,30.0,0.0,True,False
288,4 4 18,576,16.0,10,1.25,91200,1.9513888888888888,0,140,104,12,32,0,0,0,32,6,2,0.052083333333333336,30.0,0.0,True,False
288,4 4 18,576,16.0,10,1.25,91400,1.9513888888888888,0,140,104,12,32,0,0,0,32,6,2,0.052083333333333336,30.0,0.0,True,False
288,4 4 18,576,16.0,10,1.25,91600,1.9513888888888888,0,140,104,12,32,0,0,0,32,6,2,0.052083333333333336,30.0,0.0,True,False
288,4 4 18,576,16.0,10,1.25,91800,1.9513888888888888,0,140,104,12,32,0,0,0,32,6,2,0.052083333333333336,30.0,0.0,True,False
288,4 4 18,576,16.0,10,1.25,92000,1.9513888888888888,0,140,104,12,32,0,0,0,32,6,2,0.052083333333333336,30.0,0.0,True,False
288,4 4 18,576,16.0,10,1.25,92200,1.9513888888888888,0,140,104,12,32,0,0,0,32,6,2,0.052083333333333336,30.0,0.0,True,False
288,4 4 18,576,16.0,10,1.25,92400,1.9513888888888888,0,140,104,12,32,0,0,0,32,6,2,0.052083333333333336,30.0,0.0,True,False
288,4 4 18,576,16.0,10,1.25,92600,1.9513888888888888,0,140,104,12,32,0,0,0,32,6,2,0.052083333333333336,30.0,0.0,True,False
288,4 4 18,576,16.0,10,1.25,92800,1.9513888888888888,0,140,104,12,32,0,0,0,32,6,2,0.052083333333333336,30.0,0.0,True,False
288,4 4 18,576,16.0,10,1.25,93000,1.9513888888888888,0,140,104,12,32,0,0,0,32,6,2,0.052083333333333336,30.0,0.0,True,False
288,4 4 18,576,16.0,10,1.25,93200,1.9513888888888888,0,140,104,12,32,0,0,0,32,6,2,0.052083333333333336,30.0,0.0,True,False
288,4 4 18,576,16.0,10,1.25,93400,1.9513888888888888,0,140,104,12,32,0,0,0,32,6,2,0.052083333333333336,30.0,0.0,True,False
288,4 4 18,576,16.0,10,1.25,93600,1.9513888888888888,0,140,104,12,32,0,0,0,32,6,2,0.052083333333333336,30.0,0.0,True,False
288,4 4 18,576,16.0,10,1.25,93800,1.9513888888888888,0,140,104,12,32,0,0,0,32,6,2,0.052083333333333336,30.0,0.0,True,False
288,4 4 18,576,16.0,10,1.25,94000,1.9513888888888888,0,140,104,12,32,0,0,0,32,6,2,0.052083333333333336,30.0,0.0,True,False
288,4 4 18,576,16.0,10,1.25,94200,1.9513888888888888,0,140,104,12,32,0,0,0,32,6,2,0.052083333333333336,30.0,0.0,True,False
288,4 4 18,576,16.0,10,1.25,94400,1.9513888888888888,0,140,104,12,32,0,0,0,32,6,2,0.052083333333333336,30.0,0.0,True,False
288,4 4 18,576,16.0,10,1.25,94600,1.9513888888888888,0,140,104,12,32,0,0,0,32,6,2,0.052083333333333336,30.0,0.0,True,False
288,4 4 18,576,16.0,10,1.25,94800,1.9513888888888888,0,140,104,12,32,0,0,0,32,6,2,0.052083333333333336,30.0,0.0,True,False
288,4 4 18,576,16.0,10,1.25,95000,1.9513888888888888,0,140,104,12,32,0,0,0,32,6,2,0.052083333333333336,30.0,0.0,True,False
288,4 4 18,576,16.0,10,1.25,95200,1.9513888888888888,0,140,104,12,32,0,0,0,32,6,2,0.052083333333333336,30.0,0.0,True,False
288,4 4 18,576,16.0,10,1.25,95400,1.9513888888888888,0,140,104,12,32,0,0,0,32,6,2,0.052083333333333336,30.0,0.0,True,False
288,4 4 18,576,16.0,10,1.25,95600,1.9513888888888888,0,140,104,12,32,0,0,0,32,6,2,0.052083333333333336,30.0,0.0,True,False
288,4 4 18,576,16.0,10,1.25,95800,1.9513888888888888,0,140,104,12,32,0,0,0,32,6,2,0.052083333333333336,30.0,0.0,True,False
288,4 4 18,576,16.0,10,1.25,96000,1.9513888888888888,0,140,104,12,32,0,0,0,32,6,2,0.052083333333333336,30.0,0.0,True,False
288,4 4 18,576,16.0,10,1.25,96200,1.9513888888888888,0,140,104,12,32,0,0,0,32,6,2,0.052083333333333336,30.0,0.0,True,False
288,4 4 18,576,16.0,10,1.25,96400,1.9513888888888888,0,140,104,12,32,0,0,0,32,6,2,0.052083333333333336,30.0,0.0,True,False
288,4 4 18,576,16.0,10,1.25,96600,1.9513888888888888,0,140,104,12,32,0,0,0,32,6,2,0.052083333333333336,30.0,0.0,True,False
288,4 4 18,576,16.0,10,1.25,96800,1.9513888888888888,0,140,104,12,32,0,0,0,32,6,2,0.052083333333333336,30.0,0.0,True,False
288,4 4 18,576,16.0,10,1.25,97000,1.9513888888888888,0,140,104,12,32,0,0,0,32,6,2,0.052083333333333336,30.0,0.0,True,False
288,4 4 18,576,16.0,10,1.25,97200,1.9513888888888888,0,140,104,12,32,0,0,0,32,6,2,0.052083333333333336,30.0,0.0,True,False
288,4 4 18,576,16.0,10,1.25,97400,1.9513888888888888,0,140,104,12,32,0,0,0,32,6,2,0.052083333333333336,30.0,0.0,True,False
288,4 4 18,576,16.0,10,1.25,97600,1.9513888888888888,0,140,104,12,32,0,0,0,32,6,2,0.052083333333333336,30.0,0.0,True,False
288,4 4 18,576,16.0,10,1.25,97800,1.9513888888888888,0,140,104,12,32,0,0,0,32,6,2,0.052083333333333336,30.0,0.0,True,False
288,4 4 18,576,16.0,10,1.25,98000,1.9513888888888888,0,140,104,12,32,0,0,0,32,6,2,0.052083333333333336,30.0,0.0,True,False
288,4 4 18,576,16.0,10,1.25,98200,1.9513888888888888,0,140,104,12,32,0,0,0,32,6,2,0.052083333333333336,30.0,0.0,True,False
288,4 4 18,576,16.0,10,1.25,98400,1.9513888888888888,0,140,104,12,32,0,0,0,32,6,2,0.052083333333333336,30.0,0.0,True,False
288,4 4 18,576,16.0,10,1.25,98600,1.9513888888888888,0,140,104,12,32,0,0,0,32,6,2,0.052083333333333336,30.0,0.0,True,False
288,4 4 18,576,16.0,10,1.25,98800,1.9513888888888888,0,140,104,12,32,0,0,0,32,6,2,0.052083333333333336,30.0,0.0,True,False
288,4 4 18,576,16.0,10,1.25,99000,1.9513888888888888,0,140,104,12,32,0,0,0,32,6,2,0.052083333333333336,30.0,0.0,True,False
288,4 4 18,576,16.0,10,1.25,99200,1.9513888888888888,0,140,104,12,32,0,0,0,32,6,2,0.052083333333333336,30.0,0.0,True,False
288,4 4 18,576,16.0,10,1.25,99400,1.9513888888888888,0,140,104,12,32,0,0,0,32,6,2,0.052083333333333336,30.0,0.0,True,False
288,4 4 18,576,16.0,10,1.25,99600,1.9513888888888888,0,140,104,12,32,0,0,0,32,6,2,0.052083333333333336,30.0,0.0,True,False
288,4 4 18,576,16.0,10,1.25,99800,1.9513888888888888,0,140,104,12,32,0,0,0,32,6,2,0.052083333333333336,30.0,0.0,True,False
288,4 4 18,576,16.0,10,1.25,100000,1.9513888888888888,0,140,104,12,32,0,0,0,32,6,2,0.052083333333333336,30.0,0.0,True,True
288,4 4 18,576,16.0,11,1.25,0,2.0,0,288,0,0,0,0,0,0,0,0,0,0.027777777777777776,16.0,0.0,False,False
288,4 4 18,576,16.0,11,1.25,200,2.0,0,288,0,0,0,0,0,0,0,0,0,0.027777777777777776,16.0,0.0,False,False
288,4 4 18,576,16.0,11,1.25,400,2.0,0,288,0,0,0,0,0,0,0,0,0,0.027777777777777776,16.0,0.0,False,False
288,4 4 18,576,16.0,11,1.25,600,2.0555555555555554,0,272,12,0,4,0,0,0,4,0,0,0.0,0.0,0.0,True,False
288,4 4 18,576,16.0,11,1.25,800,2.0555555555555554,0,260,20,0,8,0,0,0,8,0,0,0.0,0.0,0.0,True,False
288,4 4 18,576,16.0,11,1.25,1000,2.0555555555555554,0,248,28,0,12,0,0,0,12,0,0,0.0,0.0,0.0,True,False
288,4 4 18,576,16.0,11,1.25,1200,2.0555555555555554,0,260,20,0,8,0,0,0,8,0,0,0.0,0.0,0.0,True,False
288,4 4 18,576,16.0,11,1.25,1400,2.0555555555555554,0,272,12,0,4,0,0,0,4,0,0,0.0,0.0,0.0,True,False
288,4 4 18,576,16.0,11,1.25,1600,2.0555555555555554,0,272,12,0,4,0,0,0,4,0,0,0.0,0.0,0.0,True,False
288,4 4 18,576,16.0,11,1.25,1800,2.0416666666666665,0,256,24,4,0,4,0,0,4,2,2,0.006944444444444444,4.0,0.0,True,False
288,4 4 18,576,16.0,11,1.25,2000,2.0416666666666665,0,256,24,4,0,4,0,0,4,2,2,0.006944444444444444,4.0,0.0,True,False
288,4 4 18,576,16.0,11,1.25,2200,2.0416666666666665,0,256,24,4,0,4,0,0,4,2,2,0.006944444444444444,4.0,0.0,True,False
288,4 4 18,576,16.0,11,1.25,2400,2.0416666666666665,0,256,24,4,0,4,0,0,4,2,2,0.006944444444444444,4.0,0.0,True,False
288,4 4 18,576,16.0,11,1.25,2600,2.0416666666666665,0,256,24,4,0,4,0,0,4,2,2,0.006944444444444444,4.0,0.0,True,False
288,4 4 18,576,16.0,11,1.25,2800,2.0416666666666665,0,256,24,4,0,4,0,0,4,2,2,0.006944444444444444,4.0,0.0,True,False
288,4 4 18,576,16.0,11,1.25,3000,2.0416666666666665,0,256,24,4,0,4,0,0,4,2,2,0.006944444444444444,4.0,0.0,True,False
288,4 4 18,576,16.0,11,1.25,3200,2.0416666666666665,0,256,24,4,0,4,0,0,4,2,2,0.006944444444444444,4.0,0.0,True,False
288,4 4 18,576,16.0,11,1.25,3400,2.0416666666666665,0,256,24,4,0,4,0,0,4,2,2,0.006944444444444444,4.0,0.0,True,False
288,4 4 18,576,16.0,11,1.25,3600,2.0277777777777777,0,240,36,4,4,4,0,0,8,2,2,0.013888888888888888,8.0,0.0,True,False
288,4 4 18,576,16.0,11,1.25,3800,2.013888888888889,0,224,48,4,8,4,0,0,12,2,2,0.020833333333333332,12.0,0.0,True,False
288,4 4 18,576,16.0,11,1.25,4000,2.0,0,208,60,4,12,4,0,0,16,2,2,0.027777777777777776,16.0,0.0,True,False
288,4 4 18,576,16.0,11,1.25,4200,1.9861111111111112,0,192,72,4,16,4,0,0,20,2,2,0.034722222222222224,20.0,0.0,True,False
288,4 4 18,576,16.0,11,1.25,4400,1.9861111111111112,0,192,72,4,16,4,0,0,20,2,2,0.034722222222222224,20.0,0.0,True,False
288,4 4 18,576,16.0,11,1.25,4600,1.9861111111111112,0,192,72,4,16,4,0,0,20,2,2,0.034722222222222224,20.0,0.0,True,False
288,4 4 18,576,16.0,11,1.25,4800,1.9861111111111112,0,192,72,4,16,4,0,0,20,2,2,0.034722222222222224,20.0,0.0,True,False
288,4 4 18,576,16.0,11,1.25,5000,1.9861111111111112,0,192,72,4,16,4,0,0,20,2,2,0.034722222222222224,20.0,0.0,True,False
288,4 4 18,576,16.0,11,1.25,5200,1.9861111111111112,0,192,72,4,16,4,0,0,20,2,2,0.034722222222222224,20.0,0.0,True,False
288,4 4 18,576,16.0,11,1.25,5400,1.9861111111111112,0,192,72,4,16,4,0,0,20,2,2,0.034722222222222224,20.0,0.0,True,False
288,4 4 18,576,16.0,11,1.25,5600,1.9722222222222223,0,176,84,4,20,4,0,0,24,2,2,0.041666666666666664,24.0,0.0,True,False
288,4 4 18,576,16.0,11,1.25,5800,1.9548611111111112,0,150,100,6,32,0,0,0,32,3,2,0.050347222222222224,29.0,0.0,True,False
288,4 4 18,576,16.0,11,1.25,6000,1.9513888888888888,0,140,104,12,32,0,0,0,32,6,2,0.052083333333333336,30.0,0.0,True,False
288,4 4 18,576,16.0,11,1.25,6200,1.9513888888888888,0,140,104,12,32,0,0,0,32,6,2,0.052083333333333336,30.0,0.0,True,False
288,4 4 18,576,16.0,11,1.25,6400,1.9513888888888888,0,140,104,12,32,0,0,0,32,6,2,0.052083333333333336,30.0,0.0,True,False
288,4 4 18,576,16.0,11,1.25,6600,1.9513888888888888,0,140,104,12,32,0,0,0,32,6,2,0.052083333333333336,30.0,0.0,True,False
288,4 4 18,576,16.0,11,1.25,6800,1.9513888888888888,0,140,104,12,32,0,0,0,32,6,2,0.052083333333333336,30.0,0.0,True,False
288,4 4 18,576,16.0,11,1.25,7000,1.9513888888888888,0,140,104,12,32,0,0,0,32,6,2,0.052083333333333336,30.0,0.0,True,False
288,4 4 18,576,16.0,11,1.25,7200,1.9513888888888888,0,140,104,12,32,0,0,0,32,6,2,0.052083333333333336,30.0,0.0,True,False
288,4 4 18,576,16.0,11,1.25,7400,1.9513888888888888,0,140,104,12,32,0,0,0,32,6,2,0.052083333333333336,30.0,0.0,True,False
288,4 4 18,576,16.0,11,1.25,7600,1.9513888888888888,0,140,104,12,32,0,0,0,32,6,2,0.052083333333333336,30.0,0.0,True,False
288,4 4 18,576,16.0,11,1.25,7800,1.9513888888888888,0,140,104,12,32,0,0,0,32,6,2,0.052083333333333336,30.0,0.0,True,False
288,4 4 18,576,16.0,11,1.25,8000,1.9513888888888888,0,140,104,12,32,0,0,0,32,6,2,0.052083333333333336,30.0,0.0,True,False
288,4 4 18,576,16.0,11,1.25,8200,1.9513888888888888,0,140,104,12,32,0,0,0,32,6,2,0.052083333333333336,30.0,0.0,True,False
288,4 4 18,576,16.0,11,1.25,8400,1.9513888888888888,0,140,104,12,32,0,0,0,32,6,2,0.052083333333333336,30.0,0.0,True,False
288,4 4 18,576,16.0,11,1.25,8600,1.9513888888888888,0,140,104,12,32,0,0,0,32,6,2,0.052083333333333336,30.0,0.0,True,False
288,4 4 18,576,16.0,11,1.25,8800,1.9513888888888888,0,140,104,12,32,0,0,0,32,6,2,0.052083333333333336,30.0,0.0,True,False
288,4 4 18,576,16.0,11,1.25,9000,1.9513888888888888,0,140,104,12,32,0,0,0,32,6,2,0.052083333333333336,30.0,0.0,True,False
288,4 4 18,576,16.0,11,1.25,9200,1.9513888888888888,0,140,104,12,32,0,0,0,32,6,2,0.052083333333333336,30.0,0.0,True,False
288,4 4 18,576,16.0,11,1.25,9400,1.9513888888888888,0,140,104,12,32,0,0,0,32,6,2,0.052083333333333336,30.0,0.0,True,False
288,4 4 18,576,16.0,11,1.25,9600,1.9513888888888888,0,140,104,12,32,0,0,0,32,6,2,0.052083333333333336,30.0,0.0,True,False
288,4 4 18,576,16.0,11,1.25,9800,1.9513888888888888,0,140,104,12,32,0,0,0,32,6,2,0.052083333333333336,30.0,0.0,True,False
288,4 4 18,576,16.0,11,1.25,10000,1.9513888888888888,0,140,104,12,32,0,0,0,32,6,2,0.052083333333333336,30.0,0.0,True,False
288,4 4 18,576,16.0,11,1.25,10200,1.9513888888888888,0,140,104,12,32,0,0,0,32,6,2,0.052083333333333336,30.0,0.0,True,False
288,4 4 18,576,16.0,11,1.25,10400,1.9513888888888888,0,140,104,12,32,0,0,0,32,6,2,0.052083333333333336,30.0,0.0,True,False
288,4 4 18,576,16.0,11,1.25,10600,1.9513888888888888,0,140,104,12,32,0,0,0,32,6,2,0.052083333333333336,30.0,0.0,True,False
288,4 4 18,576,16.0,11,1.25,10800,1.9513888888888888,0,140,104,12,32,0,0,0,32,6,2,0.052083333333333336,30.0,0.0,True,False
288,4 4 18,576,16.0,11,1.25,11000,1.9513888888888888,0,140,104,12,32,0,0,0,32,6,2,0.052083333333333336,30.0,0.0,True,False
288,4 4 18,576,16.0,11,1.25,11200,1.9513888888888888,0,140,104,12,32,0,0,0,32,6,2,0.052083333333333336,30.0,0.0,True,False
288,4 4 18,576,16.0,11,1.25,11400,1.9513888888888888,0,140,104,12,32,0,0,0,32,6,2,0.052083333333333336,30.0,0.0,True,False
288,4 4 18,576,16.0,11,1.25,11600,1.9513888888888888,0,140,104,12,32,0,0,0,32,6,2,0.052083333333333336,30.0,0.0,True,False
288,4 4 18,576,16.0,11,1.25,11800,1.9513888888888888,0,140,104,12,32,0,0,0,32,6,2,0.052083333333333336,30.0,0.0,True,False
288,4 4 18,576,16.0,11,1.25,12000,1.9513888888888888,0,140,104,12,32,0,0,0,32,6,2,0.052083333333333336,30.0,0.0,True,False
288,4 4 18,576,16.0,11,1.25,12200,1.9513888888888888,0,140,104,12,32,0,0,0,32,6,2,0.052083333333333336,30.0,0.0,True,False
288,4 4 18,576,16.0,11,1.25,12400,1.9513888888888888,0,140,104,12,32,0,0,0,32,6,2,0.052083333333333336,30.0,0.0,True,False
288,4 4 18,576,16.0,11,1.25,12600,1.9513888888888888,0,140,104,12,32,0,0,0,32,6,2,0.052083333333333336,30.0,0.0,True,False
288,4 4 18,576,16.0,11,1.25,12800,1.9513888888888888,0,140,104,12,32,0,0,0,32,6,2,0.052083333333333336,30.0,0.0,True,False
288,4 4 18,576,16.0,11,1.25,13000,1.9513888888888888,0,140,104,12,32,0,0,0,32,6,2,0.052083333333333336,30.0,0.0,True,False
288,4 4 18,576,16.0,11,1.25,13200,1.9513888888888888,0,140,104,12,32,0,0,0,32,6,2,0.052083333333333336,30.0,0.0,True,False
288,4 4 18,576,16.0,11,1.25,13400,1.9513888888888888,0,140,104,12,32,0,0,0,32,6,2,0.052083333333333336,30.0,0.0,True,False
288,4 4 18,576,16.0,11,1.25,13600,1.9513888888888888,0,140,104,12,32,0,0,0,32,6,2,0.052083333333333336,30.0,0.0,True,False
288,4 4 18,576,16.0,11,1.25,13800,1.9513888888888888,0,140,104,12,32,0,0,0,32,6,2,0.052083333333333336,30.0,0.0,True,False
288,4 4 18,576,16.0,11,1.25,14000,1.9513888888888888,0,140,104,12,32,0,0,0,32,6,2,0.052083333333333336,30.0,0.0,True,False
288,4 4 18,576,16.0,11,1.25,14200,1.9513888888888888,0,140,104,12,32,0,0,0,32,6,2,0.052083333333333336,30.0,0.0,True,False
288,4 4 18,576,16.0,11,1.25,14400,1.9513888888888888,0,140,104,12,32,0,0,0,32,6,2,0.052083333333333336,30.0,0.0,True,False
288,4 4 18,576,16.0,11,1.25,14600,1.9513888888888888,0,140,104,12,32,0,0,0,32,6,2,0.052083333333333336,30.0,0.0,True,False
288,4 4 18,576,16.0,11,1.25,14800,1.9513888888888888,0,140,104,12,32,0,0,0,32,6,2,0.052083333333333336,30.0,0.0,True,False
288,4 4 18,576,16.0,11,1.25,15000,1.9513888888888888,0,140,104,12,32,0,0,0,32,6,2,0.052083333333333336,30.0,0.0,True,False
288,4 4 18,576,16.0,11,1.25,15200,1.9513888888888888,0,140,104,12,32,0,0,0,32,6,2,0.052083333333333336,30.0,0.0,True,False
288,4 4 18,576,16.0,11,1.25,15400,1.9513888888888888,0,140,104,12,32,0,0,0,32,6,2,0.052083333333333336,30.0,0.0,True,False
288,4 4 18,576,16.0,11,1.25,15600,1.9513888888888888,0,140,104,12,32,0,0,0,32,6,2,0.052083333333333336,30.0,0.0,True,False
288,4 4 18,576,16.0,11,1.25,15800,1.9513888888888888,0,140,104,12,32,0,0,0,32,6,2,0.052083333333333336,30.0,0.0,True,False
288,4 4 18,576,16.0,11,1.25,16000,1.9513888888888888,0,140,104,12,32,0,0,0,32,6,2,0.052083333333333336,30.0,0.0,True,False
288,4 4 18,576,16.0,11,1.25,16200,1.9513888888888888,0,140,104,12,32,0,0,0,32,6,2,0.052083333333333336,30.0,0.0,True,False
288,4 4 18,576,16.0,11,1.25,16400,1.9513888888888888,0,140,104,12,32,0,0,0,32,6,2,0.052083333333333336,30.0,0.0,True,False
288,4 4 18,576,16.0,11,1.25,16600,1.9513888888888888,0,140,104,12,32,0,0,0,32,6,2,0.052083333333333336,30.0,0.0,True,False
288,4 4 18,576,16.0,11,1.25,16800,1.9513888888888888,0,140,104,12,32,0,0,0,32,6,2,0.052083333333333336,30.0,0.0,True,False
288,4 4 18,576,16.0,11,1.25,17000,1.9513888888888888,0,140,104,12,32,0,0,0,32,6,2,0.052083333333333336,30.0,0.0,True,False
288,4 4 18,576,16.0,11,1.25,17200,1.9513888888888888,0,140,104,12,32,0,0,0,32,6,2,0.052083333333333336,30.0,0.0,True,False
288,4 4 18,576,16.0,11,1.25,17400,1.9513888888888888,0,140,104,12,32,0,0,0,32,6,2,0.052083333333333336,30.0,0.0,True,False
288,4 4 18,576,16.0,11,1.25,17600,1.9513888888888888,0,140,104,12,32,0,0,0,32,6,2,0.052083333333333336,30.0,0.0,True,False
288,4 4 18,576,16.0,11,1.25,17800,1.9513888888888888,0,140,104,12,32,0,0,0,32,6,2,0.052083333333333336,30.0,0.0,True,False
288,4 4 18,576,16.0,11,1.25,18000,1.9513888888888888,0,140,104,12,32,0,0,0,32,6,2,0.052083333333333336,30.0,0.0,True,False
288,4 4 18,576,16.0,11,1.25,18200,1.9513888888888888,0,140,104,12,32,0,0,0,32,6,2,0.052083333333333336,30.0,0.0,True,False
288,4 4 18,576,16.0,11,1.25,18400,1.9513888888888888,0,140,104,12,32,0,0,0,32,6,2,0.052083333333333336,30.0,0.0,True,False
288,4 4 18,576,16.0,11,1.25,18600,1.9513888888888888,0,140,104,12,32,0,0,0,32,6,2,0.052083333333333336,30.0,0.0,True,False
288,4 4 18,576,16.0,11,1.25,18800,1.9513888888888888,0,140,104,12,32,0,0,0,32,6,2,0.052083333333333336,30.0,0.0,True,False
288,4 4 18,576,16.0,11,1.25,19000,1.9513888888888888,0,140,104,12,32,0,0,0,32,6,2,0.052083333333333336,30.0,0.0,True,False
288,4 4 18,576,16.0,11,1.25,19200,1.9513888888888888,0,140,104,12,32,0,0,0,32,6,2,0.052083333333333336,30.0,0.0,True,False
288,4 4 18,576,16.0,11,1.25,19400,1.9513888888888888,0,140,104,12,32,0,0,0,32,6,2,0.052083333333333336,30.0,0.0,True,False
288,4 4 18,576,16.0,11,1.25,19600,1.9513888888888888,0,140,104,12,32,0,0,0,32,6,2,0.052083333333333336,30.0,0.0,True,False
288,4 4 18,576,16.0,11,1.25,19800,1.9513888888888888,0,140,104,12,32,0,0,0,32,6,2,0.052083333333333336,30.0,0.0,True,False
288,4 4 18,576,16.0,11,1.25,20000,1.9513888888888888,0,140,104,12,32,0,0,0,32,6,2,0.052083333333333336,30.0,0.0,True,False
288,4 4 18,576,16.0,11,1.25,20200,1.9513888888888888,0,140,104,12,32,0,0,0,32,6,2,0.052083333333333336,30.0,0.0,True,False
288,4 4 18,576,16.0,11,1.25,20400,1.9513888888888888,0,140,104,12,32,0,0,0,32,6,2,0.052083333333333336,30.0,0.0,True,False
288,4 4 18,576,16.0,11,1.25,20600,1.9513888888888888,0,140,104,12,32,0,0,0,32,6,2,0.052083333333333336,30.0,0.0,True,False
288,4 4 18,576,16.0,11,1.25,20800,1.9513888888888888,0,140,104,12,32,0,0,0,32,6,2,0.052083333333333336,30.0,0.0,True,False
288,4 4 18,576,16.0,11,1.25,21000,1.9513888888888888,0,140,104,12,32,0,0,0,32,6,2,0.052083333333333336,30.0,0.0,True,False
288,4 4 18,576,16.0,11,1.25,21200,1.9513888888888888,0,140,104,12,32,0,0,0,32,6,2,0.052083333333333336,30.0,0.0,True,False
288,4 4 18,576,16.0,11,1.25,21400,1.9513888888888888,0,140,104,12,32,0,0,0,32,6,2,0.052083333333333336,30.0,0.0,True,False
288,4 4 18,576,16.0,11,1.25,21600,1.9513888888888888,0,140,104,12,32,0,0,0,32,6,2,0.052083333333333336,30.0,0.0,True,False
288,4 4 18,576,16.0,11,1.25,21800,1.9513888888888888,0,140,104,12,32,0,0,0,32,6,2,0.052083333333333336,30.0,0.0,True,False
288,4 4 18,576,16.0,11,1.25,22000,1.9513888888888888,0,140,104,12,32,0,0,0,32,6,2,0.052083333333333336,30.0,0.0,True,False
288,4 4 18,576,16.0,11,1.25,22200,1.9513888888888888,0,140,104,12,32,0,0,0,32,6,2,0.052083333333333336,30.0,0.0,True,False
288,4 4 18,576,16.0,11,1.25,22400,1.9513888888888888,0,140,104,12,32,0,0,0,32,6,2,0.052083333333333336,30.0,0.0,True,False
288,4 4 18,576,16.0,11,1.25,22600,1.9513888888888888,0,140,104,12,32,0,0,0,32,6,2,0.052083333333333336,30.0,0.0,True,False
288,4 4 18,576,16.0,11,1.25,22800,1.9513888888888888,0,140,104,12,32,0,0,0,32,6,2,0.052083333333333336,30.0,0.0,True,False
288,4 4 18,576,16.0,11,1.25,23000,1.9513888888888888,0,140,104,12,32,0,0,0,32,6,2,0.052083333333333336,30.0,0.0,True,False
288,4 4 18,576,16.0,11,1.25,23200,1.9513888888888888,0,140,104,12,32,0,0,0,32,6,2,0.052083333333333336,30.0,0.0,True,False
288,4 4 18,576,16.0,11,1.25,23400,1.9513888888888888,0,140,104,12,32,0,0,0,32,6,2,0.052083333333333336,30.0,0.0,True,False
288,4 4 18,576,16.0,11,1.25,23600,1.9513888888888888,0,140,104,12,32,0,0,0,32,6,2,0.052083333333333336,30.0,0.0,True,False
288,4 4 18,576,16.0,11,1.25,23800,1.9513888888888888,0,140,104,12,32,0,0,0,32,6,2,0.052083333333333336,30.0,0.0,True,False
288,4 4 18,576,16.0,11,1.25,24000,1.9513888888888888,0,140,104,12,32,0,0,0,32,6,2,0.052083333333333336,30.0,0.0,True,False
288,4 4 18,576,16.0,11,1.25,24200,1.9513888888888888,0,140,104,12,32,0,0,0,32,6,2,0.052083333333333336,30.0,0.0,True,False
288,4 4 18,576,16.0,11,1.25,24400,1.9513888888888888,0,140,104,12,32,0,0,0,32,6,2,0.052083333333333336,30.0,0.0,True,False
288,4 4 18,576,16.0,11,1.25,24600,1.9513888888888888,0,140,104,12,32,0,0,0,32,6,2,0.052083333333333336,30.0,0.0,True,False
288,4 4 18,576,16.0,11,1.25,24800,1.9513888888888888,0,140,104,12,32,0,0,0,32,6,2,0.052083333333333336,30.0,0.0,True,False
288,4 4 18,576,16.0,11,1.25,25000,1.9513888888888888,0,140,104,12,32,0,0,0,32,6,2,0.052083333333333336,30.0,0.0,True,False
288,4 4 18,576,16.0,11,1.25,25200,1.9513888888888888,0,140,104,12,32,0,0,0,32,6,2,0.052083333333333336,30.0,0.0,True,False
288,4 4 18,576,16.0,11,1.25,25400,1.9513888888888888,0,140,104,12,32,0,0,0,32,6,2,0.052083333333333336,30.0,0.0,True,False
288,4 4 18,576,16.0,11,1.25,25600,1.9513888888888888,0,140,104,12,32,0,0,0,32,6,2,0.052083333333333336,30.0,0.0,True,False
288,4 4 18,576,16.0,11,1.25,25800,1.9513888888888888,0,140,104,12,32,0,0,0,32,6,2,0.052083333333333336,30.0,0.0,True,False
288,4 4 18,576,16.0,11,1.25,26000,1.9513888888888888,0,140,104,12,32,0,0,0,32,6,2,0.052083333333333336,30.0,0.0,True,False
288,4 4 18,576,16.0,11,1.25,26200,1.9513888888888888,0,140,104,12,32,0,0,0,32,6,2,0.052083333333333336,30.0,0.0,True,False
288,4 4 18,576,16.0,11,1.25,26400,1.9513888888888888,0,140,104,12,32,0,0,0,32,6,2,0.052083333333333336,30.0,0.0,True,False
288,4 4 18,576,16.0,11,1.25,26600,1.9513888888888888,0,140,104,12,32,0,0,0,32,6,2,0.052083333333333336,30.0,0.0,True,False
288,4 4 18,576,16.0,11,1.25,26800,1.9513888888888888,0,140,104,12,32,0,0,0,32,6,2,0.052083333333333336,30.0,0.0,True,False
288,4 4 18,576,16.0,11,1.25,27000,1.9513888888888888,0,140,104,12,32,0,0,0,32,6,2,0.052083333333333336,30.0,0.0,True,False
288,4 4 18,576,16.0,11,1.25,27200,1.9513888888888888,0,140,104,12,32,0,0,0,32,6,2,0.052083333333333336,30.0,0.0,True,False
288,4 4 18,576,16.0,11,1.25,27400,1.9548611111111112,0,150,100,6,32,0,0,0,32,3,2,0.050347222222222224,29.0,0.0,True,False
288,4 4 18,576,16.0,11,1.25,27600,1.9548611111111112,0,150,100,6,32,0,0,0,32,3,2,0.050347222222222224,29.0,0.0,True,False
288,4 4 18,576,16.0,11,1.25,27800,1.9548611111111112,0,150,100,6,32,0,0,0,32,3,2,0.050347222222222224,29.0,0.0,True,False
288,4 4 18,576,16.0,11,1.25,28000,1.9548611111111112,0,150,100,6,32,0,0,0,32,3,2,0.050347222222222224,29.0,0.0,True,False
288,4 4 18,576,16.0,11,1.25,28200,1.9548611111111112,0,150,100,6,32,0,0,0,32,3,2,0.050347222222222224,29.0,0.0,True,False
288,4 4 18,576,16.0,11,1.25,28400,1.9548611111111112,0,150,100,6,32,0,0,0,32,3,2,0.050347222222222224,29.0,0.0,True,False
288,4 4 18,576,16.0,11,1.25,28600,1.9548611111111112,0,150,100,6,32,0,0,0,32,3,2,0.050347222222222224,29.0,0.0,True,False
288,4 4 18,576,16.0,11,1.25,28800,1.9548611111111112,0,150,100,6,32,0,0,0,32,3,2,0.050347222222222224,29.0,0.0,True,False
288,4 4 18,576,16.0,11,1.25,29000,1.9513888888888888,0,140,104,12,32,0,0,0,32,6,2,0.052083333333333336,30.0,0.0,True,False
288,4 4 18,576,16.0,11,1.25,29200,1.9513888888888888,0,140,104,12,32,0,0,0,32,6,2,0.052083333333333336,30.0,0.0,True,False
288,4 4 18,576,16.0,11,1.25,29400,1.9513888888888888,0,140,104,12,32,0,0,0,32,6,2,0.052083333333333336,30.0,0.0,True,False
288,4 4 18,576,16.0,11,1.25,29600,1.9513888888888888,0,140,104,12,32,0,0,0,32,6,2,0.052083333333333336,30.0,0.0,True,False
288,4 4 18,576,16.0,11,1.25,29800,1.9513888888888888,0,140,104,12,32,0,0,0,32,6,2,0.052083333333333336,30.0,0.0,True,False
288,4 4 18,576,16.0,11,1.25,30000,1.9513888888888888,0,140,104,12,32,0,0,0,32,6,2,0.052083333333333336,30.0,0.0,True,False
288,4 4 18,576,16.0,11,1.25,30200,1.9513888888888888,0,140,104,12,32,0,0,0,32,6,2,0.052083333333333336,30.0,0.0,True,False
288,4 4 18,576,16.0,11,1.25,30400,1.9513888888888888,0,140,104,12,32,0,0,0,32,6,2,0.052083333333333336,30.0,0.0,True,False
288,4 4 18,576,16.0,11,1.25,30600,1.9513888888888888,0,140,104,12,32,0,0,0,32,6,2,0.052083333333333336,30.0,0.0,True,False
288,4 4 18,576,16.0,11,1.25,30800,1.9513888888888888,0,140,104,12,32,0,0,0,32,6,2,0.052083333333333336,30.0,0.0,True,False
288,4 4 18,576,16.0,11,1.25,31000,1.9513888888888888,0,140,104,12,32,0,0,0,32,6,2,0.052083333333333336,30.0,0.0,True,False
288,4 4 18,576,16.0,11,1.25,31200,1.9513888888888888,0,140,104,12,32,0,0,0,32,6,2,0.052083333333333336,30.0,0.0,True,False
288,4 4 18,576,16.0,11,1.25,31400,1.9513888888888888,0,140,104,12,32,0,0,0,32,6,2,0.052083333333333336,30.0,0.0,True,False
288,4 4 18,576,16.0,11,1.25,31600,1.9513888888888888,0,140,104,12,32,0,0,0,32,6,2,0.052083333333333336,30.0,0.0,True,False
288,4 4 18,576,16.0,11,1.25,31800,1.9513888888888888,0,140,104,12,32,0,0,0,32,6,2,0.052083333333333336,30.0,0.0,True,False
288,4 4 18,576,16.0,11,1.25,32000,1.9513888888888888,0,140,104,12,32,0,0,0,32,6,2,0.052083333333333336,30.0,0.0,True,False
288,4 4 18,576,16.0,11,1.25,32200,1.9513888888888888,0,140,104,12,32,0,0,0,32,6,2,0.052083333333333336,30.0,0.0,True,False
288,4 4 18,576,16.0,11,1.25,32400,1.9513888888888888,0,140,104,12,32,0,0,0,32,6,2,0.052083333333333336,30.0,0.0,True,False
288,4 4 18,576,16.0,11,1.25,32600,1.9513888888888888,0,140,104,12,32,0,0,0,32,6,2,0.052083333333333336,30.0,0.0,True,False
288,4 4 18,576,16.0,11,1.25,32800,1.9513888888888888,0,140,104,12,32,0,0,0,32,6,2,0.052083333333333336,30.0,0.0,True,False
288,4 4 18,576,16.0,11,1.25,33000,1.9513888888888888,0,140,104,12,32,0,0,0,32,6,2,0.052083333333333336,30.0,0.0,True,False
288,4 4 18,576,16.0,11,1.25,33200,1.9513888888888888,0,140,104,12,32,0,0,0,32,6,2,0.052083333333333336,30.0,0.0,True,False
288,4 4 18,576,16.0,11,1.25,33400,1.9513888888888888,0,140,104,12,32,0,0,0,32,6,2,0.052083333333333336,30.0,0.0,True,False
288,4 4 18,576,16.0,11,1.25,33600,1.9513888888888888,0,140,104,12,32,0,0,0,32,6,2,0.052083333333333336,30.0,0.0,True,False
288,4 4 18,576,16.0,11,1.25,33800,1.9513888888888888,0,140,104,12,32,0,0,0,32,6,2,0.052083333333333336,30.0,0.0,True,False
288,4 4 18,576,16.0,11,1.25,34000,1.9513888888888888,0,140,104,12,32,0,0,0,32,6,2,0.052083333333333336,30.0,0.0,True,False
288,4 4 18,576,16.0,11,1.25,34200,1.9513888888888888,0,140,104,12,32,0,0,0,32,6,2,0.052083333333333336,30.0,0.0,True,False
288,4 4 18,576,16.0,11,1.25,34400,1.9513888888888888,0,140,104,12,32,0,0,0,32,6,2,0.052083333333333336,30.0,0.0,True,False
288,4 4 18,576,16.0,11,1.25,34600,1.9513888888888888,0,140,104,12,32,0,0,0,32,6,2,0.052083333333333336,30.0,0.0,True,False
288,4 4 18,576,16.0,11,1.25,34800,1.9513888888888888,0,140,104,12,32,0,0,0,32,6,2,0.052083333333333336,30.0,0.0,True,False
288,4 4 18,576,16.0,11,1.25,35000,1.9513888888888888,0,140,104,12,32,0,0,0,32,6,2,0.052083333333333336,30.0,0.0,True,False
288,4 4 18,576,16.0,11,1.25,35200,1.9513888888888888,0,140,104,12,32,0,0,0,32,6,2,0.052083333333333336,30.0,0.0,True,False
288,4 4 18,576,16.0,11,1.25,35400,1.9513888888888888,0,140,104,12,32,0,0,0,32,6,2,0.052083333333333336,30.0,0.0,True,False
288,4 4 18,576,16.0,11,1.25,35600,1.9513888888888888,0,140,104,12,32,0,0,0,32,6,2,0.052083333333333336,30.0,0.0,True,False
288,4 4 18,576,16.0,11,1.25,35800,1.9513888888888888,0,140,104,12,32,0,0,0,32,6,2,0.052083333333333336,30.0,0.0,True,False
288,4 4 18,576,16.0,11,1.25,36000,1.9513888888888888,0,140,104,12,32,0,0,0,32,6,2,0.052083333333333336,30.0,0.0,True,False
288,4 4 18,576,16.0,11,1.25,36200,1.9513888888888888,0,140,104,12,32,0,0,0,32,6,2,0.052083333333333336,30.0,0.0,True,False
288,4 4 18,576,16.0,11,1.25,36400,1.9513888888888888,0,140,104,12,32,0,0,0,32,6,2,0.052083333333333336,30.0,0.0,True,False
288,4 4 18,576,16.0,11,1.25,36600,1.9513888888888888,0,140,104,12,32,0,0,0,32,6,2,0.052083333333333336,30.0,0.0,True,False
288,4 4 18,576,16.0,11,1.25,36800,1.9513888888888888,0,140,104,12,32,0,0,0,32,6,2,0.052083333333333336,30.0,0.0,True,False
288,4 4 18,576,16.0,11,1.25,37000,1.9513888888888888,0,140,104,12,32,0,0,0,32,6,2,0.052083333333333336,30.0,0.0,True,False
288,4 4 18,576,16.0,11,1.25,37200,1.9513888888888888,0,140,104,12,32,0,0,0,32,6,2,0.052083333333333336,30.0,0.0,True,False
288,4 4 18,576,16.0,11,1.25,37400,1.9513888888888888,0,140,104,12,32,0,0,0,32,6,2,0.052083333333333336,30.0,0.0,True,False
288,4 4 18,576,16.0,11,1.25,37600,1.9513888888888888,0,140,104,12,32,0,0,0,32,6,2,0.052083333333333336,30.0,0.0,True,False
288,4 4 18,576,16.0,11,1.25,37800,1.9513888888888888,0,140,104,12,32,0,0,0,32,6,2,0.052083333333333336,30.0,0.0,True,False
288,4 4 18,576,16.0,11,1.25,38000,1.9513888888888888,0,140,104,12,32,0,0,0,32,6,2,0.052083333333333336,30.0,0.0,True,False
288,4 4 18,576,16.0,11,1.25,38200,1.9513888888888888,0,140,104,12,32,0,0,0,32,6,2,0.052083333333333336,30.0,0.0,True,False
288,4 4 18,576,16.0,11,1.25,38400,1.9513888888888888,0,140,104,12,32,0,0,0,32,6,2,0.052083333333333336,30.0,0.0,True,False
288,4 4 18,576,16.0,11,1.25,38600,1.9513888888888888,0,140,104,12,32,0,0,0,32,6,2,0.052083333333333336,30.0,0.0,True,False
288,4 4 18,576,16.0,11,1.25,38800,1.9513888888888888,0,140,104,12,32,0,0,0,32,6,2,0.052083333333333336,30.0,0.0,True,False
288,4 4 18,576,16.0,11,1.25,39000,1.9513888888888888,0,140,104,12,32,0,0,0,32,6,2,0.052083333333333336,30.0,0.0,True,False
288,4 4 18,576,16.0,11,1.25,39200,1.9513888888888888,0,140,104,12,32,0,0,0,32,6,2,0.052083333333333336,30.0,0.0,True,False
288,4 4 18,576,16.0,11,1.25,39400,1.9513888888888888,0,140,104,12,32,0,0,0,32,6,2,0.052083333333333336,30.0,0.0,True,False
288,4 4 18,576,16.0,11,1.25,39600,1.9513888888888888,0,140,104,12,32,0,0,0,32,6,2,0.052083333333333336,30.0,0.0,True,False
288,4 4 18,576,16.0,11,1.25,39800,1.9513888888888888,0,140,104,12,32,0,0,0,32,6,2,0.052083333333333336,30.0,0.0,True,False
288,4 4 18,576,16.0,11,1.25,40000,1.9513888888888888,0,140,104,12,32,0,0,0,32,6,2,0.052083333333333336,30.0,0.0,True,False
288,4 4 18,576,16.0,11,1.25,40200,1.9513888888888888,0,140,104,12,32,0,0,0,32,6,2,0.052083333333333336,30.0,0.0,True,False
288,4 4 18,576,16.0,11,1.25,40400,1.9513888888888888,0,140,104,12,32,0,0,0,32,6,2,0.052083333333333336,30.0,0.0,True,False
288,4 4 18,576,16.0,11,1.25,40600,1.9513888888888888,0,140,104,12,32,0,0,0,32,6,2,0.052083333333333336,30.0,0.0,True,False
288,4 4 18,576,16.0,11,1.25,40800,1.9513888888888888,0,140,104,12,32,0,0,0,32,6,2,0.052083333333333336,30.0,0.0,True,False
288,4 4 18,576,16.0,11,1.25,41000,1.9513888888888888,0,140,104,12,32,0,0,0,32,6,2,0.052083333333333336,30.0,0.0,True,False
288,4 4 18,576,16.0,11,1.25,41200,1.9513888888888888,0,140,104,12,32,0,0,0,32,6,2,0.052083333333333336,30.0,0.0,True,False
288,4 4 18,576,16.0,11,1.25,41400,1.9513888888888888,0,140,104,12,32,0,0,0,32,6,2,0.052083333333333336,30.0,0.0,True,False
288,4 4 18,576,16.0,11,1.25,41600,1.9513888888888888,0,140,104,12,32,0,0,0,32,6,2,0.052083333333333336,30.0,0.0,True,False
288,4 4 18,576,16.0,11,1.25,41800,1.9513888888888888,0,140,104,12,32,0,0,0,32,6,2,0.052083333333333336,30.0,0.0,True,False
288,4 4 18,576,16.0,11,1.25,42000,1.9513888888888888,0,140,104,12,32,0,0,0,32,6,2,0.052083333333333336,30.0,0.0,True,False
288,4 4 18,576,16.0,11,1.25,42200,1.9513888888888888,0,140,104,12,32,0,0,0,32,6,2,0.052083333333333336,30.0,0.0,True,False
288,4 4 18,576,16.0,11,1.25,42400,1.9513888888888888,0,140,104,12,32,0,0,0,32,6,2,0.052083333333333336,30.0,0.0,True,False
288,4 4 18,576,16.0,11,1.25,42600,1.9513888888888888,0,140,104,12,32,0,0,0,32,6,2,0.052083333333333336,30.0,0.0,True,False
288,4 4 18,576,16.0,11,1.25,42800,1.9548611111111112,0,150,100,6,32,0,0,0,32,3,2,0.050347222222222224,29.0,0.0,True,False
288,4 4 18,576,16.0,11,1.25,43000,1.9513888888888888,0,140,104,12,32,0,0,0,32,6,2,0.052083333333333336,30.0,0.0,True,False
288,4 4 18,576,16.0,11,1.25,43200,1.9513888888888888,0,140,104,12,32,0,0,0,32,6,2,0.052083333333333336,30.0,0.0,True,False
288,4 4 18,576,16.0,11,1.25,43400,1.9513888888888888,0,140,104,12,32,0,0,0,32,6,2,0.052083333333333336,30.0,0.0,True,False
288,4 4 18,576,16.0,11,1.25,43600,1.9513888888888888,0,140,104,12,32,0,0,0,32,6,2,0.052083333333333336,30.0,0.0,True,False
288,4 4 18,576,16.0,11,1.25,43800,1.9513888888888888,0,140,104,12,32,0,0,0,32,6,2,0.052083333333333336,30.0,0.0,True,False
288,4 4 18,576,16.0,11,1.25,44000,1.9513888888888888,0,140,104,12,32,0,0,0,32,6,2,0.052083333333333336,30.0,0.0,True,False
288,4 4 18,576,16.0,11,1.25,44200,1.9513888888888888,0,140,104,12,32,0,0,0,32,6,2,0.052083333333333336,30.0,0.0,True,False
288,4 4 18,576,16.0,11,1.25,44400,1.9513888888888888,0,140,104,12,32,0,0,0,32,6,2,0.052083333333333336,30.0,0.0,True,False
288,4 4 18,576,16.0,11,1.25,44600,1.9513888888888888,0,140,104,12,32,0,0,0,32,6,2,0.052083333333333336,30.0,0.0,True,False
288,4 4 18,576,16.0,11,1.25,44800,1.9548611111111112,0,150,100,6,32,0,0,0,32,3,2,0.050347222222222224,29.0,0.0,True,False
288,4 4 18,576,16.0,11,1.25,45000,1.9548611111111112,0,150,100,6,32,0,0,0,32,3,2,0.050347222222222224,29.0,0.0,True,False
288,4 4 18,576,16.0,11,1.25,45200,1.9548611111111112,0,150,100,6,32,0,0,0,32,3,2,0.050347222222222224,29.0,0.0,True,False
288,4 4 18,576,16.0,11,1.25,45400,1.9548611111111112,0,150,100,6,32,0,0,0,32,3,2,0.050347222222222224,29.0,0.0,True,False
288,4 4 18,576,16.0,11,1.25,45600,1.9618055555555556,0,146,102,8,30,2,0,0,32,4,2,0.046875,27.0,0.0,True,False
288,4 4 18,576,16.0,11,1.25,45800,1.9618055555555556,0,146,102,8,30,2,0,0,32,4,2,0.046875,27.0,0.0,True,False
288,4 4 18,576,16.0,11,1.25,46000,1.9548611111111112,0,150,100,6,32,0,0,0,32,3,2,0.050347222222222224,29.0,0.0,True,False
288,4 4 18,576,16.0,11,1.25,46200,1.9618055555555556,0,146,102,8,30,2,0,0,32,4,2,0.046875,27.0,0.0,True,False
288,4 4 18,576,16.0,11,1.25,46400,1.9513888888888888,0,140,104,12,32,0,0,0,32,6,2,0.052083333333333336,30.0,0.0,True,False
288,4 4 18,576,16.0,11,1.25,46600,1.9513888888888888,0,140,104,12,32,0,0,0,32,6,2,0.052083333333333336,30.0,0.0,True,False
288,4 4 18,576,16.0,11,1.25,46800,1.9513888888888888,0,140,104,12,32,0,0,0,32,6,2,0.052083333333333336,30.0,0.0,True,False
288,4 4 18,576,16.0,11,1.25,47000,1.9513888888888888,0,140,104,12,32,0,0,0,32,6,2,0.052083333333333336,30.0,0.0,True,False
288,4 4 18,576,16.0,11,1.25,47200,1.9513888888888888,0,140,104,12,32,0,0,0,32,6,2,0.052083333333333336,30.0,0.0,True,False
288,4 4 18,576,16.0,11,1.25,47400,1.9513888888888888,0,140,104,12,32,0,0,0,32,6,2,0.052083333333333336,30.0,0.0,True,False
288,4 4 18,576,16.0,11,1.25,47600,1.9513888888888888,0,140,104,12,32,0,0,0,32,6,2,0.052083333333333336,30.0,0.0,True,False
288,4 4 18,576,16.0,11,1.25,47800,1.9513888888888888,0,140,104,12,32,0,0,0,32,6,2,0.052083333333333336,30.0,0.0,True,False
288,4 4 18,576,16.0,11,1.25,48000,1.9513888888888888,0,140,104,12,32,0,0,0,32,6,2,0.052083333333333336,30.0,0.0,True,False
288,4 4 18,576,16.0,11,1.25,48200,1.9513888888888888,0,140,104,12,32,0,0,0,32,6,2,0.052083333333333336,30.0,0.0,True,False
288,4 4 18,576,16.0,11,1.25,48400,1.9513888888888888,0,140,104,12,32,0,0,0,32,6,2,0.052083333333333336,30.0,0.0,True,False
288,4 4 18,576,16.0,11,1.25,48600,1.9513888888888888,0,140,104,12,32,0,0,0,32,6,2,0.052083333333333336,30.0,0.0,True,False
288,4 4 18,576,16.0,11,1.25,48800,1.9513888888888888,0,140,104,12,32,0,0,0,32,6,2,0.052083333333333336,30.0,0.0,True,False
288,4 4 18,576,16.0,11,1.25,49000,1.9513888888888888,0,140,104,12,32,0,0,0,32,6,2,0.052083333333333336,30.0,0.0,True,False
288,4 4 18,576,16.0,11,1.25,49200,1.9513888888888888,0,140,104,12,32,0,0,0,32,6,2,0.052083333333333336,30.0,0.0,True,False
288,4 4 18,576,16.0,11,1.25,49400,1.9513888888888888,0,140,104,12,32,0,0,0,32,6,2,0.052083333333333336,30.0,0.0,True,False
288,4 4 18,576,16.0,11,1.25,49600,1.9513888888888888,0,140,104,12,32,0,0,0,32,6,2,0.052083333333333336,30.0,0.0,True,False
288,4 4 18,576,16.0,11,1.25,49800,1.9513888888888888,0,140,104,12,32,0,0,0,32,6,2,0.052083333333333336,30.0,0.0,True,False
288,4 4 18,576,16.0,11,1.25,50000,1.9513888888888888,0,140,104,12,32,0,0,0,32,6,2,0.052083333333333336,30.0,0.0,True,False
288,4 4 18,576,16.0,11,1.25,50200,1.9513888888888888,0,140,104,12,32,0,0,0,32,6,2,0.052083333333333336,30.0,0.0,True,False
288,4 4 18,576,16.0,11,1.25,50400,1.9548611111111112,0,150,100,6,32,0,0,0,32,3,2,0.050347222222222224,29.0,0.0,True,False
288,4 4 18,576,16.0,11,1.25,50600,1.9548611111111112,0,150,100,6,32,0,0,0,32,3,2,0.050347222222222224,29.0,0.0,True,False
288,4 4 18,576,16.0,11,1.25,50800,1.9513888888888888,0,140,104,12,32,0,0,0,32,6,2,0.052083333333333336,30.0,0.0,True,False
288,4 4 18,576,16.0,11,1.25,51000,1.9513888888888888,0,140,104,12,32,0,0,0,32,6,2,0.052083333333333336,30.0,0.0,True,False
288,4 4 18,576,16.0,11,1.25,51200,1.9513888888888888,0,140,104,12,32,0,0,0,32,6,2,0.052083333333333336,30.0,0.0,True,False
288,4 4 18,576,16.0,11,1.25,51400,1.9513888888888888,0,140,104,12,32,0,0,0,32,6,2,0.052083333333333336,30.0,0.0,True,False
288,4 4 18,576,16.0,11,1.25,51600,1.9513888888888888,0,140,104,12,32,0,0,0,32,6,2,0.052083333333333336,30.0,0.0,True,False
288,4 4 18,576,16.0,11,1.25,51800,1.9513888888888888,0,140,104,12,32,0,0,0,32,6,2,0.052083333333333336,30.0,0.0,True,False
288,4 4 18,576,16.0,11,1.25,52000,1.9513888888888888,0,140,104,12,32,0,0,0,32,6,2,0.052083333333333336,30.0,0.0,True,False
288,4 4 18,576,16.0,11,1.25,52200,1.9513888888888888,0,140,104,12,32,0,0,0,32,6,2,0.052083333333333336,30.0,0.0,True,False
288,4 4 18,576,16.0,11,1.25,52400,1.9513888888888888,0,140,104,12,32,0,0,0,32,6,2,0.052083333333333336,30.0,0.0,True,False
288,4 4 18,576,16.0,11,1.25,52600,1.9513888888888888,0,140,104,12,32,0,0,0,32,6,2,0.052083333333333336,30.0,0.0,True,False
288,4 4 18,576,16.0,11,1.25,52800,1.9513888888888888,0,140,104,12,32,0,0,0,32,6,2,0.052083333333333336,30.0,0.0,True,False
288,4 4 18,576,16.0,11,1.25,53000,1.9513888888888888,0,140,104,12,32,0,0,0,32,6,2,0.052083333333333336,30.0,0.0,True,False
288,4 4 18,576,16.0,11,1.25,53200,1.9513888888888888,0,140,104,12,32,0,0,0,32,6,2,0.052083333333333336,30.0,0.0,True,False
288,4 4 18,576,16.0,11,1.25,53400,1.9513888888888888,0,140,104,12,32,0,0,0,32,6,2,0.052083333333333336,30.0,0.0,True,False
288,4 4 18,576,16.0,11,1.25,53600,1.9513888888888888,0,140,104,12,32,0,0,0,32,6,2,0.052083333333333336,30.0,0.0,True,False
288,4 4 18,576,16.0,11,1.25,53800,1.9513888888888888,0,140,104,12,32,0,0,0,32,6,2,0.052083333333333336,30.0,0.0,True,False
288,4 4 18,576,16.0,11,1.25,54000,1.9513888888888888,0,140,104,12,32,0,0,0,32,6,2,0.052083333333333336,30.0,0.0,True,False
288,4 4 18,576,16.0,11,1.25,54200,1.9513888888888888,0,140,104,12,32,0,0,0,32,6,2,0.052083333333333336,30.0,0.0,True,False
288,4 4 18,576,16.0,11,1.25,54400,1.9513888888888888,0,140,104,12,32,0,0,0,32,6,2,0.052083333333333336,30.0,0.0,True,False
288,4 4 18,576,16.0,11,1.25,54600,1.9513888888888888,0,140,104,12,32,0,0,0,32,6,2,0.052083333333333336,30.0,0.0,True,False
288,4 4 18,576,16.0,11,1.25,54800,1.9513888888888888,0,140,104,12,32,0,0,0,32,6,2,0.052083333333333336,30.0,0.0,True,False
288,4 4 18,576,16.0,11,1.25,55000,1.9548611111111112,0,150,100,6,32,0,0,0,32,3,2,0.050347222222222224,29.0,0.0,True,False
288,4 4 18,576,16.0,11,1.25,55200,1.9548611111111112,0,150,100,6,32,0,0,0,32,3,2,0.050347222222222224,29.0,0.0,True,False
288,4 4 18,576,16.0,11,1.25,55400,1.9548611111111112,0,150,100,6,32,0,0,0,32,3,2,0.050347222222222224,29.0,0.0,True,False
288,4 4 18,576,16.0,11,1.25,55600,1.9548611111111112,0,150,100,6,32,0,0,0,32,3,2,0.050347222222222224,29.0,0.0,True,False
288,4 4 18,576,16.0,11,1.25,55800,1.9548611111111112,0,150,100,6,32,0,0,0,32,3,2,0.050347222222222224,29.0,0.0,True,False
288,4 4 18,576,16.0,11,1.25,56000,1.9548611111111112,0,150,100,6,32,0,0,0,32,3,2,0.050347222222222224,29.0,0.0,True,False
288,4 4 18,576,16.0,11,1.25,56200,1.9548611111111112,0,150,100,6,32,0,0,0,32,3,2,0.050347222222222224,29.0,0.0,True,False
288,4 4 18,576,16.0,11,1.25,56400,1.9548611111111112,0,150,100,6,32,0,0,0,32,3,2,0.050347222222222224,29.0,0.0,True,False
288,4 4 18,576,16.0,11,1.25,56600,1.9513888888888888,0,140,104,12,32,0,0,0,32,6,2,0.052083333333333336,30.0,0.0,True,False
288,4 4 18,576,16.0,11,1.25,56800,1.9513888888888888,0,140,104,12,32,0,0,0,32,6,2,0.052083333333333336,30.0,0.0,True,False
288,4 4 18,576,16.0,11,1.25,57000,1.9513888888888888,0,140,104,12,32,0,0,0,32,6,2,0.052083333333333336,30.0,0.0,True,False
288,4 4 18,576,16.0,11,1.25,57200,1.9513888888888888,0,140,104,12,32,0,0,0,32,6,2,0.052083333333333336,30.0,0.0,True,False
288,4 4 18,576,16.0,11,1.25,57400,1.9513888888888888,0,140,104,12,32,0,0,0,32,6,2,0.052083333333333336,30.0,0.0,True,False
288,4 4 18,576,16.0,11,1.25,57600,1.9513888888888888,0,140,104,12,32,0,0,0,32,6,2,0.052083333333333336,30.0,0.0,True,False
288,4 4 18,576,16.0,11,1.25,57800,1.9513888888888888,0,140,104,12,32,0,0,0,32,6,2,0.052083333333333336,30.0,0.0,True,False
288,4 4 18,576,16.0,11,1.25,58000,1.9513888888888888,0,140,104,12,32,0,0,0,32,6,2,0.052083333333333336,30.0,0.0,True,False
288,4 4 18,576,16.0,11,1.25,58200,1.9513888888888888,0,140,104,12,32,0,0,0,32,6,2,0.052083333333333336,30.0,0.0,True,False
288,4 4 18,576,16.0,11,1.25,58400,1.9513888888888888,0,140,104,12,32,0,0,0,32,6,2,0.052083333333333336,30.0,0.0,True,False
288,4 4 18,576,16.0,11,1.25,58600,1.9513888888888888,0,140,104,12,32,0,0,0,32,6,2,0.052083333333333336,30.0,0.0,True,False
288,4 4 18,576,16.0,11,1.25,58800,1.9548611111111112,0,150,100,6,32,0,0,0,32,3,2,0.050347222222222224,29.0,0.0,True,False
288,4 4 18,576,16.0,11,1.25,59000,1.9548611111111112,0,150,100,6,32,0,0,0,32,3,2,0.050347222222222224,29.0,0.0,True,False
288,4 4 18,576,16.0,11,1.25,59200,1.9548611111111112,0,150,100,6,32,0,0,0,32,3,2,0.050347222222222224,29.0,0.0,True,False
288,4 4 18,576,16.0,11,1.25,59400,1.9513888888888888,0,140,104,12,32,0,0,0,32,6,2,0.052083333333333336,30.0,0.0,True,False
288,4 4 18,576,16.0,11,1.25,59600,1.9513888888888888,0,140,104,12,32,0,0,0,32,6,2,0.052083333333333336,30.0,0.0,True,False
288,4 4 18,576,16.0,11,1.25,59800,1.9513888888888888,0,140,104,12,32,0,0,0,32,6,2,0.052083333333333336,30.0,0.0,True,False
288,4 4 18,576,16.0,11,1.25,60000,1.9513888888888888,0,140,104,12,32,0,0,0,32,6,2,0.052083333333333336,30.0,0.0,True,False
288,4 4 18,576,16.0,11,1.25,60200,1.9513888888888888,0,140,104,12,32,0,0,0,32,6,2,0.052083333333333336,30.0,0.0,True,False
288,4 4 18,576,16.0,11,1.25,60400,1.9513888888888888,0,140,104,12,32,0,0,0,32,6,2,0.052083333333333336,30.0,0.0,True,False
288,4 4 18,576,16.0,11,1.25,60600,1.9513888888888888,0,140,104,12,32,0,0,0,32,6,2,0.052083333333333336,30.0,0.0,True,False
288,4 4 18,576,16.0,11,1.25,60800,1.9513888888888888,0,140,104,12,32,0,0,0,32,6,2,0.052083333333333336,30.0,0.0,True,False
288,4 4 18,576,16.0,11,1.25,61000,1.9513888888888888,0,140,104,12,32,0,0,0,32,6,2,0.052083333333333336,30.0,0.0,True,False
288,4 4 18,576,16.0,11,1.25,61200,1.9513888888888888,0,140,104,12,32,0,0,0,32,6,2,0.052083333333333336,30.0,0.0,True,False
288,4 4 18,576,16.0,11,1.25,61400,1.9513888888888888,0,140,104,12,32,0,0,0,32,6,2,0.052083333333333336,30.0,0.0,True,False
288,4 4 18,576,16.0,11,1.25,61600,1.9513888888888888,0,140,104,12,32,0,0,0,32,6,2,0.052083333333333336,30.0,0.0,True,False
288,4 4 18,576,16.0,11,1.25,61800,1.9513888888888888,0,140,104,12,32,0,0,0,32,6,2,0.052083333333333336,30.0,0.0,True,False
288,4 4 18,576,16.0,11,1.25,62000,1.9513888888888888,0,140,104,12,32,0,0,0,32,6,2,0.052083333333333336,30.0,0.0,True,False
288,4 4 18,576,16.0,11,1.25,62200,1.9513888888888888,0,140,104,12,32,0,0,0,32,6,2,0.052083333333333336,30.0,0.0,True,False
288,4 4 18,576,16.0,11,1.25,62400,1.9513888888888888,0,140,104,12,32,0,0,0,32,6,2,0.052083333333333336,30.0,0.0,True,False
288,4 4 18,576,16.0,11,1.25,62600,1.9513888888888888,0,140,104,12,32,0,0,0,32,6,2,0.052083333333333336,30.0,0.0,True,False
288,4 4 18,576,16.0,11,1.25,62800,1.9513888888888888,0,140,104,12,32,0,0,0,32,6,2,0.052083333333333336,30.0,0.0,True,False
288,4 4 18,576,16.0,11,1.25,63000,1.9513888888888888,0,140,104,12,32,0,0,0,32,6,2,0.052083333333333336,30.0,0.0,True,False
288,4 4 18,576,16.0,11,1.25,63200,1.9513888888888888,0,140,104,12,32,0,0,0,32,6,2,0.052083333333333336,30.0,0.0,True,False
288,4 4 18,576,16.0,11,1.25,63400,1.9513888888888888,0,140,104,12,32,0,0,0,32,6,2,0.052083333333333336,30.0,0.0,True,False
288,4 4 18,576,16.0,11,1.25,63600,1.9513888888888888,0,140,104,12,32,0,0,0,32,6,2,0.052083333333333336,30.0,0.0,True,False
288,4 4 18,576,16.0,11,1.25,63800,1.9513888888888888,0,140,104,12,32,0,0,0,32,6,2,0.052083333333333336,30.0,0.0,True,False
288,4 4 18,576,16.0,11,1.25,64000,1.9513888888888888,0,140,104,12,32,0,0,0,32,6,2,0.052083333333333336,30.0,0.0,True,False
288,4 4 18,576,16.0,11,1.25,64200,1.9513888888888888,0,140,104,12,32,0,0,0,32,6,2,0.052083333333333336,30.0,0.0,True,False
288,4 4 18,576,16.0,11,1.25,64400,1.9513888888888888,0,140,104,12,32,0,0,0,32,6,2,0.052083333333333336,30.0,0.0,True,False
288,4 4 18,576,16.0,11,1.25,64600,1.9513888888888888,0,140,104,12,32,0,0,0,32,6,2,0.052083333333333336,30.0,0.0,True,False
288,4 4 18,576,16.0,11,1.25,64800,1.9513888888888888,0,140,104,12,32,0,0,0,32,6,2,0.052083333333333336,30.0,0.0,True,False
288,4 4 18,576,16.0,11,1.25,65000,1.9513888888888888,0,140,104,12,32,0,0,0,32,6,2,0.052083333333333336,30.0,0.0,True,False
288,4 4 18,576,16.0,11,1.25,65200,1.9513888888888888,0,140,104,12,32,0,0,0,32,6,2,0.052083333333333336,30.0,0.0,True,False
288,4 4 18,576,16.0,11,1.25,65400,1.9513888888888888,0,140,104,12,32,0,0,0,32,6,2,0.052083333333333336,30.0,0.0,True,False
288,4 4 18,576,16.0,11,1.25,65600,1.9513888888888888,0,140,104,12,32,0,0,0,32,6,2,0.052083333333333336,30.0,0.0,True,False
288,4 4 18,576,16.0,11,1.25,65800,1.9513888888888888,0,140,104,12,32,0,0,0,32,6,2,0.052083333333333336,30.0,0.0,True,False
288,4 4 18,576,16.0,11,1.25,66000,1.9513888888888888,0,140,104,12,32,0,0,0,32,6,2,0.052083333333333336,30.0,0.0,True,False
288,4 4 18,576,16.0,11,1.25,66200,1.9513888888888888,0,140,104,12,32,0,0,0,32,6,2,0.052083333333333336,30.0,0.0,True,False
288,4 4 18,576,16.0,11,1.25,66400,1.9513888888888888,0,140,104,12,32,0,0,0,32,6,2,0.052083333333333336,30.0,0.0,True,False
288,4 4 18,576,16.0,11,1.25,66600,1.9513888888888888,0,140,104,12,32,0,0,0,32,6,2,0.052083333333333336,30.0,0.0,True,False
288,4 4 18,576,16.0,11,1.25,66800,1.9513888888888888,0,140,104,12,32,0,0,0,32,6,2,0.052083333333333336,30.0,0.0,True,False
288,4 4 18,576,16.0,11,1.25,67000,1.9513888888888888,0,140,104,12,32,0,0,0,32,6,2,0.052083333333333336,30.0,0.0,True,False
288,4 4 18,576,16.0,11,1.25,67200,1.9513888888888888,0,140,104,12,32,0,0,0,32,6,2,0.052083333333333336,30.0,0.0,True,False
288,4 4 18,576,16.0,11,1.25,67400,1.9513888888888888,0,140,104,12,32,0,0,0,32,6,2,0.052083333333333336,30.0,0.0,True,False
288,4 4 18,576,16.0,11,1.25,67600,1.9513888888888888,0,140,104,12,32,0,0,0,32,6,2,0.052083333333333336,30.0,0.0,True,False
288,4 4 18,576,16.0,11,1.25,67800,1.9513888888888888,0,140,104,12,32,0,0,0,32,6,2,0.052083333333333336,30.0,0.0,True,False
288,4 4 18,576,16.0,11,1.25,68000,1.9513888888888888,0,140,104,12,32,0,0,0,32,6,2,0.052083333333333336,30.0,0.0,True,False
288,4 4 18,576,16.0,11,1.25,68200,1.9513888888888888,0,140,104,12,32,0,0,0,32,6,2,0.052083333333333336,30.0,0.0,True,False
288,4 4 18,576,16.0,11,1.25,68400,1.9513888888888888,0,140,104,12,32,0,0,0,32,6,2,0.052083333333333336,30.0,0.0,True,False
288,4 4 18,576,16.0,11,1.25,68600,1.9513888888888888,0,140,104,12,32,0,0,0,32,6,2,0.052083333333333336,30.0,0.0,True,False
288,4 4 18,576,16.0,11,1.25,68800,1.9513888888888888,0,140,104,12,32,0,0,0,32,6,2,0.052083333333333336,30.0,0.0,True,False
288,4 4 18,576,16.0,11,1.25,69000,1.9513888888888888,0,140,104,12,32,0,0,0,32,6,2,0.052083333333333336,30.0,0.0,True,False
288,4 4 18,576,16.0,11,1.25,69200,1.9513888888888888,0,140,104,12,32,0,0,0,32,6,2,0.052083333333333336,30.0,0.0,True,False
288,4 4 18,576,16.0,11,1.25,69400,1.9513888888888888,0,140,104,12,32,0,0,0,32,6,2,0.052083333333333336,30.0,0.0,True,False
288,4 4 18,576,16.0,11,1.25,69600,1.9513888888888888,0,140,104,12,32,0,0,0,32,6,2,0.052083333333333336,30.0,0.0,True,False
288,4 4 18,576,16.0,11,1.25,69800,1.9513888888888888,0,140,104,12,32,0,0,0,32,6,2,0.052083333333333336,30.0,0.0,True,False
288,4 4 18,576,16.0,11,1.25,70000,1.9513888888888888,0,140,104,12,32,0,0,0,32,6,2,0.052083333333333336,30.0,0.0,True,False
288,4 4 18,576,16.0,11,1.25,70200,1.9513888888888888,0,140,104,12,32,0,0,0,32,6,2,0.052083333333333336,30.0,0.0,True,False
288,4 4 18,576,16.0,11,1.25,70400,1.9513888888888888,0,140,104,12,32,0,0,0,32,6,2,0.052083333333333336,30.0,0.0,True,False
288,4 4 18,576,16.0,11,1.25,70600,1.9513888888888888,0,140,104,12,32,0,0,0,32,6,2,0.052083333333333336,30.0,0.0,True,False
288,4 4 18,576,16.0,11,1.25,70800,1.9513888888888888,0,140,104,12,32,0,0,0,32,6,2,0.052083333333333336,30.0,0.0,True,False
288,4 4 18,576,16.0,11,1.25,71000,1.9513888888888888,0,140,104,12,32,0,0,0,32,6,2,0.052083333333333336,30.0,0.0,True,False
288,4 4 18,576,16.0,11,1.25,71200,1.9513888888888888,0,140,104,12,32,0,0,0,32,6,2,0.052083333333333336,30.0,0.0,True,False
288,4 4 18,576,16.0,11,1.25,71400,1.9513888888888888,0,140,104,12,32,0,0,0,32,6,2,0.052083333333333336,30.0,0.0,True,False
288,4 4 18,576,16.0,11,1.25,71600,1.9513888888888888,0,140,104,12,32,0,0,0,32,6,2,0.052083333333333336,30.0,0.0,True,False
288,4 4 18,576,16.0,11,1.25,71800,1.9513888888888888,0,140,104,12,32,0,0,0,32,6,2,0.052083333333333336,30.0,0.0,True,False
288,4 4 18,576,16.0,11,1.25,72000,1.9513888888888888,0,140,104,12,32,0,0,0,32,6,2,0.052083333333333336,30.0,0.0,True,False
288,4 4 18,576,16.0,11,1.25,72200,1.9513888888888888,0,140,104,12,32,0,0,0,32,6,2,0.052083333333333336,30.0,0.0,True,False
288,4 4 18,576,16.0,11,1.25,72400,1.9513888888888888,0,140,104,12,32,0,0,0,32,6,2,0.052083333333333336,30.0,0.0,True,False
288,4 4 18,576,16.0,11,1.25,72600,1.9513888888888888,0,140,104,12,32,0,0,0,32,6,2,0.052083333333333336,30.0,0.0,True,False
288,4 4 18,576,16.0,11,1.25,72800,1.9513888888888888,0,140,104,12,32,0,0,0,32,6,2,0.052083333333333336,30.0,0.0,True,False
288,4 4 18,576,16.0,11,1.25,73000,1.9513888888888888,0,140,104,12,32,0,0,0,32,6,2,0.052083333333333336,30.0,0.0,True,False
288,4 4 18,576,16.0,11,1.25,73200,1.9513888888888888,0,140,104,12,32,0,0,0,32,6,2,0.052083333333333336,30.0,0.0,True,False
288,4 4 18,576,16.0,11,1.25,73400,1.9513888888888888,0,140,104,12,32,0,0,0,32,6,2,0.052083333333333336,30.0,0.0,True,False
288,4 4 18,576,16.0,11,1.25,73600,1.9513888888888888,0,140,104,12,32,0,0,0,32,6,2,0.052083333333333336,30.0,0.0,True,False
288,4 4 18,576,16.0,11,1.25,73800,1.9513888888888888,0,140,104,12,32,0,0,0,32,6,2,0.052083333333333336,30.0,0.0,True,False
288,4 4 18,576,16.0,11,1.25,74000,1.9513888888888888,0,140,104,12,32,0,0,0,32,6,2,0.052083333333333336,30.0,0.0,True,False
288,4 4 18,576,16.0,11,1.25,74200,1.9513888888888888,0,140,104,12,32,0,0,0,32,6,2,0.052083333333333336,30.0,0.0,True,False
288,4 4 18,576,16.0,11,1.25,74400,1.9513888888888888,0,140,104,12,32,0,0,0,32,6,2,0.052083333333333336,30.0,0.0,True,False
288,4 4 18,576,16.0,11,1.25,74600,1.9513888888888888,0,140,104,12,32,0,0,0,32,6,2,0.052083333333333336,30.0,0.0,True,False
288,4 4 18,576,16.0,11,1.25,74800,1.9513888888888888,0,140,104,12,32,0,0,0,32,6,2,0.052083333333333336,30.0,0.0,True,False
288,4 4 18,576,16.0,11,1.25,75000,1.9513888888888888,0,140,104,12,32,0,0,0,32,6,2,0.052083333333333336,30.0,0.0,True,False
288,4 4 18,576,16.0,11,1.25,75200,1.9513888888888888,0,140,104,12,32,0,0,0,32,6,2,0.052083333333333336,30.0,0.0,True,False
288,4 4 18,576,16.0,11,1.25,75400,1.9513888888888888,0,140,104,12,32,0,0,0,32,6,2,0.052083333333333336,30.0,0.0,True,False
288,4 4 18,576,16.0,11,1.25,75600,1.9548611111111112,0,150,100,6,32,0,0,0,32,3,2,0.050347222222222224,29.0,0.0,True,False
288,4 4 18,576,16.0,11,1.25,75800,1.9548611111111112,0,150,100,6,32,0,0,0,32,3,2,0.050347222222222224,29.0,0.0,True,False
288,4 4 18,576,16.0,11,1.25,76000,1.9548611111111112,0,150,100,6,32,0,0,0,32,3,2,0.050347222222222224,29.0,0.0,True,False
288,4 4 18,576,16.0,11,1.25,76200,1.9513888888888888,0,140,104,12,32,0,0,0,32,6,2,0.052083333333333336,30.0,0.0,True,False
288,4 4 18,576,16.0,11,1.25,76400,1.9513888888888888,0,140,104,12,32,0,0,0,32,6,2,0.052083333333333336,30.0,0.0,True,False
288,4 4 18,576,16.0,11,1.25,76600,1.9513888888888888,0,140,104,12,32,0,0,0,32,6,2,0.052083333333333336,30.0,0.0,True,False
288,4 4 18,576,16.0,11,1.25,76800,1.9513888888888888,0,140,104,12,32,0,0,0,32,6,2,0.052083333333333336,30.0,0.0,True,False
288,4 4 18,576,16.0,11,1.25,77000,1.9513888888888888,0,140,104,12,32,0,0,0,32,6,2,0.052083333333333336,30.0,0.0,True,False
288,4 4 18,576,16.0,11,1.25,77200,1.9513888888888888,0,140,104,12,32,0,0,0,32,6,2,0.052083333333333336,30.0,0.0,True,False
288,4 4 18,576,16.0,11,1.25,77400,1.9513888888888888,0,140,104,12,32,0,0,0,32,6,2,0.052083333333333336,30.0,0.0,True,False
288,4 4 18,576,16.0,11,1.25,77600,1.9513888888888888,0,140,104,12,32,0,0,0,32,6,2,0.052083333333333336,30.0,0.0,True,False
288,4 4 18,576,16.0,11,1.25,77800,1.9513888888888888,0,140,104,12,32,0,0,0,32,6,2,0.052083333333333336,30.0,0.0,True,False
288,4 4 18,576,16.0,11,1.25,78000,1.9513888888888888,0,140,104,12,32,0,0,0,32,6,2,0.052083333333333336,30.0,0.0,True,False
288,4 4 18,576,16.0,11,1.25,78200,1.9513888888888888,0,140,104,12,32,0,0,0,32,6,2,0.052083333333333336,30.0,0.0,True,False
288,4 4 18,576,16.0,11,1.25,78400,1.9513888888888888,0,140,104,12,32,0,0,0,32,6,2,0.052083333333333336,30.0,0.0,True,False
288,4 4 18,576,16.0,11,1.25,78600,1.9513888888888888,0,140,104,12,32,0,0,0,32,6,2,0.052083333333333336,30.0,0.0,True,False
288,4 4 18,576,16.0,11,1.25,78800,1.9513888888888888,0,140,104,12,32,0,0,0,32,6,2,0.052083333333333336,30.0,0.0,True,False
288,4 4 18,576,16.0,11,1.25,79000,1.9513888888888888,0,140,104,12,32,0,0,0,32,6,2,0.052083333333333336,30.0,0.0,True,False
288,4 4 18,576,16.0,11,1.25,79200,1.9513888888888888,0,140,104,12,32,0,0,0,32,6,2,0.052083333333333336,30.0,0.0,True,False
288,4 4 18,576,16.0,11,1.25,79400,1.9513888888888888,0,140,104,12,32,0,0,0,32,6,2,0.052083333333333336,30.0,0.0,True,False
288,4 4 18,576,16.0,11,1.25,79600,1.9513888888888888,0,140,104,12,32,0,0,0,32,6,2,0.052083333333333336,30.0,0.0,True,False
288,4 4 18,576,16.0,11,1.25,79800,1.9513888888888888,0,140,104,12,32,0,0,0,32,6,2,0.052083333333333336,30.0,0.0,True,False
288,4 4 18,576,16.0,11,1.25,80000,1.9513888888888888,0,140,104,12,32,0,0,0,32,6,2,0.052083333333333336,30.0,0.0,True,False
288,4 4 18,576,16.0,11,1.25,80200,1.9513888888888888,0,140,104,12,32,0,0,0,32,6,2,0.052083333333333336,30.0,0.0,True,False
288,4 4 18,576,16.0,11,1.25,80400,1.9513888888888888,0,140,104,12,32,0,0,0,32,6,2,0.052083333333333336,30.0,0.0,True,False
288,4 4 18,576,16.0,11,1.25,80600,1.9513888888888888,0,140,104,12,32,0,0,0,32,6,2,0.052083333333333336,30.0,0.0,True,False
288,4 4 18,576,16.0,11,1.25,80800,1.9513888888888888,0,140,104,12,32,0,0,0,32,6,2,0.052083333333333336,30.0,0.0,True,False
288,4 4 18,576,16.0,11,1.25,81000,1.9513888888888888,0,140,104,12,32,0,0,0,32,6,2,0.052083333333333336,30.0,0.0,True,False
288,4 4 18,576,16.0,11,1.25,81200,1.9513888888888888,0,140,104,12,32,0,0,0,32,6,2,0.052083333333333336,30.0,0.0,True,False
288,4 4 18,576,16.0,11,1.25,81400,1.9513888888888888,0,140,104,12,32,0,0,0,32,6,2,0.052083333333333336,30.0,0.0,True,False
288,4 4 18,576,16.0,11,1.25,81600,1.9513888888888888,0,140,104,12,32,0,0,0,32,6,2,0.052083333333333336,30.0,0.0,True,False
288,4 4 18,576,16.0,11,1.25,81800,1.9513888888888888,0,140,104,12,32,0,0,0,32,6,2,0.052083333333333336,30.0,0.0,True,False
288,4 4 18,576,16.0,11,1.25,82000,1.9513888888888888,0,140,104,12,32,0,0,0,32,6,2,0.052083333333333336,30.0,0.0,True,False
288,4 4 18,576,16.0,11,1.25,82200,1.9513888888888888,0,140,104,12,32,0,0,0,32,6,2,0.052083333333333336,30.0,0.0,True,False
288,4 4 18,576,16.0,11,1.25,82400,1.9513888888888888,0,140,104,12,32,0,0,0,32,6,2,0.052083333333333336,30.0,0.0,True,False
288,4 4 18,576,16.0,11,1.25,82600,1.9513888888888888,0,140,104,12,32,0,0,0,32,6,2,0.052083333333333336,30.0,0.0,True,False
288,4 4 18,576,16.0,11,1.25,82800,1.9513888888888888,0,140,104,12,32,0,0,0,32,6,2,0.052083333333333336,30.0,0.0,True,False
288,4 4 18,576,16.0,11,1.25,83000,1.9513888888888888,0,140,104,12,32,0,0,0,32,6,2,0.052083333333333336,30.0,0.0,True,False
288,4 4 18,576,16.0,11,1.25,83200,1.9513888888888888,0,140,104,12,32,0,0,0,32,6,2,0.052083333333333336,30.0,0.0,True,False
288,4 4 18,576,16.0,11,1.25,83400,1.9513888888888888,0,140,104,12,32,0,0,0,32,6,2,0.052083333333333336,30.0,0.0,True,False
288,4 4 18,576,16.0,11,1.25,83600,1.9513888888888888,0,140,104,12,32,0,0,0,32,6,2,0.052083333333333336,30.0,0.0,True,False
288,4 4 18,576,16.0,11,1.25,83800,1.9513888888888888,0,140,104,12,32,0,0,0,32,6,2,0.052083333333333336,30.0,0.0,True,False
288,4 4 18,576,16.0,11,1.25,84000,1.9513888888888888,0,140,104,12,32,0,0,0,32,6,2,0.052083333333333336,30.0,0.0,True,False
288,4 4 18,576,16.0,11,1.25,84200,1.9513888888888888,0,140,104,12,32,0,0,0,32,6,2,0.052083333333333336,30.0,0.0,True,False
288,4 4 18,576,16.0,11,1.25,84400,1.9513888888888888,0,140,104,12,32,0,0,0,32,6,2,0.052083333333333336,30.0,0.0,True,False
288,4 4 18,576,16.0,11,1.25,84600,1.9513888888888888,0,140,104,12,32,0,0,0,32,6,2,0.052083333333333336,30.0,0.0,True,False
288,4 4 18,576,16.0,11,1.25,84800,1.9513888888888888,0,140,104,12,32,0,0,0,32,6,2,0.052083333333333336,30.0,0.0,True,False
288,4 4 18,576,16.0,11,1.25,85000,1.9513888888888888,0,140,104,12,32,0,0,0,32,6,2,0.052083333333333336,30.0,0.0,True,False
288,4 4 18,576,16.0,11,1.25,85200,1.9513888888888888,0,140,104,12,32,0,0,0,32,6,2,0.052083333333333336,30.0,0.0,True,False
288,4 4 18,576,16.0,11,1.25,85400,1.9513888888888888,0,140,104,12,32,0,0,0,32,6,2,0.052083333333333336,30.0,0.0,True,False
288,4 4 18,576,16.0,11,1.25,85600,1.9513888888888888,0,140,104,12,32,0,0,0,32,6,2,0.052083333333333336,30.0,0.0,True,False
288,4 4 18,576,16.0,11,1.25,85800,1.9513888888888888,0,140,104,12,32,0,0,0,32,6,2,0.052083333333333336,30.0,0.0,True,False
288,4 4 18,576,16.0,11,1.25,86000,1.9513888888888888,0,140,104,12,32,0,0,0,32,6,2,0.052083333333333336,30.0,0.0,True,False
288,4 4 18,576,16.0,11,1.25,86200,1.9513888888888888,0,140,104,12,32,0,0,0,32,6,2,0.052083333333333336,30.0,0.0,True,False
288,4 4 18,576,16.0,11,1.25,86400,1.9513888888888888,0,140,104,12,32,0,0,0,32,6,2,0.052083333333333336,30.0,0.0,True,False
288,4 4 18,576,16.0,11,1.25,86600,1.9513888888888888,0,140,104,12,32,0,0,0,32,6,2,0.052083333333333336,30.0,0.0,True,False
288,4 4 18,576,16.0,11,1.25,86800,1.9513888888888888,0,140,104,12,32,0,0,0,32,6,2,0.052083333333333336,30.0,0.0,True,False
288,4 4 18,576,16.0,11,1.25,87000,1.9513888888888888,0,140,104,12,32,0,0,0,32,6,2,0.052083333333333336,30.0,0.0,True,False
288,4 4 18,576,16.0,11,1.25,87200,1.9513888888888888,0,140,104,12,32,0,0,0,32,6,2,0.052083333333333336,30.0,0.0,True,False
288,4 4 18,576,16.0,11,1.25,87400,1.9513888888888888,0,140,104,12,32,0,0,0,32,6,2,0.052083333333333336,30.0,0.0,True,False
288,4 4 18,576,16.0,11,1.25,87600,1.9513888888888888,0,140,104,12,32,0,0,0,32,6,2,0.052083333333333336,30.0,0.0,True,False
288,4 4 18,576,16.0,11,1.25,87800,1.9513888888888888,0,140,104,12,32,0,0,0,32,6,2,0.052083333333333336,30.0,0.0,True,False
288,4 4 18,576,16.0,11,1.25,88000,1.9513888888888888,0,140,104,12,32,0,0,0,32,6,2,0.052083333333333336,30.0,0.0,True,False
288,4 4 18,576,16.0,11,1.25,88200,1.9513888888888888,0,140,104,12,32,0,0,0,32,6,2,0.052083333333333336,30.0,0.0,True,False
288,4 4 18,576,16.0,11,1.25,88400,1.9513888888888888,0,140,104,12,32,0,0,0,32,6,2,0.052083333333333336,30.0,0.0,True,False
288,4 4 18,576,16.0,11,1.25,88600,1.9513888888888888,0,140,104,12,32,0,0,0,32,6,2,0.052083333333333336,30.0,0.0,True,False
288,4 4 18,576,16.0,11,1.25,88800,1.9513888888888888,0,140,104,12,32,0,0,0,32,6,2,0.052083333333333336,30.0,0.0,True,False
288,4 4 18,576,16.0,11,1.25,89000,1.9513888888888888,0,140,104,12,32,0,0,0,32,6,2,0.052083333333333336,30.0,0.0,True,False
288,4 4 18,576,16.0,11,1.25,89200,1.9513888888888888,0,140,104,12,32,0,0,0,32,6,2,0.052083333333333336,30.0,0.0,True,False
288,4 4 18,576,16.0,11,1.25,89400,1.9513888888888888,0,140,104,12,32,0,0,0,32,6,2,0.052083333333333336,30.0,0.0,True,False
288,4 4 18,576,16.0,11,1.25,89600,1.9513888888888888,0,140,104,12,32,0,0,0,32,6,2,0.052083333333333336,30.0,0.0,True,False
288,4 4 18,576,16.0,11,1.25,89800,1.9513888888888888,0,140,104,12,32,0,0,0,32,6,2,0.052083333333333336,30.0,0.0,True,False
288,4 4 18,576,16.0,11,1.25,90000,1.9513888888888888,0,140,104,12,32,0,0,0,32,6,2,0.052083333333333336,30.0,0.0,True,False
288,4 4 18,576,16.0,11,1.25,90200,1.9513888888888888,0,140,104,12,32,0,0,0,32,6,2,0.052083333333333336,30.0,0.0,True,False
288,4 4 18,576,16.0,11,1.25,90400,1.9513888888888888,0,140,104,12,32,0,0,0,32,6,2,0.052083333333333336,30.0,0.0,True,False
288,4 4 18,576,16.0,11,1.25,90600,1.9513888888888888,0,140,104,12,32,0,0,0,32,6,2,0.052083333333333336,30.0,0.0,True,False
288,4 4 18,576,16.0,11,1.25,90800,1.9513888888888888,0,140,104,12,32,0,0,0,32,6,2,0.052083333333333336,30.0,0.0,True,False
288,4 4 18,576,16.0,11,1.25,91000,1.9513888888888888,0,140,104,12,32,0,0,0,32,6,2,0.052083333333333336,30.0,0.0,True,False
288,4 4 18,576,16.0,11,1.25,91200,1.9513888888888888,0,140,104,12,32,0,0,0,32,6,2,0.052083333333333336,30.0,0.0,True,False
288,4 4 18,576,16.0,11,1.25,91400,1.9513888888888888,0,140,104,12,32,0,0,0,32,6,2,0.052083333333333336,30.0,0.0,True,False
288,4 4 18,576,16.0,11,1.25,91600,1.9513888888888888,0,140,104,12,32,0,0,0,32,6,2,0.052083333333333336,30.0,0.0,True,False
288,4 4 18,576,16.0,11,1.25,91800,1.9513888888888888,0,140,104,12,32,0,0,0,32,6,2,0.052083333333333336,30.0,0.0,True,False
288,4 4 18,576,16.0,11,1.25,92000,1.9513888888888888,0,140,104,12,32,0,0,0,32,6,2,0.052083333333333336,30.0,0.0,True,False
288,4 4 18,576,16.0,11,1.25,92200,1.9513888888888888,0,140,104,12,32,0,0,0,32,6,2,0.052083333333333336,30.0,0.0,True,False
288,4 4 18,576,16.0,11,1.25,92400,1.9513888888888888,0,140,104,12,32,0,0,0,32,6,2,0.052083333333333336,30.0,0.0,True,False
288,4 4 18,576,16.0,11,1.25,92600,1.9513888888888888,0,140,104,12,32,0,0,0,32,6,2,0.052083333333333336,30.0,0.0,True,False
288,4 4 18,576,16.0,11,1.25,92800,1.9513888888888888,0,140,104,12,32,0,0,0,32,6,2,0.052083333333333336,30.0,0.0,True,False
288,4 4 18,576,16.0,11,1.25,93000,1.9513888888888888,0,140,104,12,32,0,0,0,32,6,2,0.052083333333333336,30.0,0.0,True,False
288,4 4 18,576,16.0,11,1.25,93200,1.9513888888888888,0,140,104,12,32,0,0,0,32,6,2,0.052083333333333336,30.0,0.0,True,False
288,4 4 18,576,16.0,11,1.25,93400,1.9513888888888888,0,140,104,12,32,0,0,0,32,6,2,0.052083333333333336,30.0,0.0,True,False
288,4 4 18,576,16.0,11,1.25,93600,1.9548611111111112,0,150,100,6,32,0,0,0,32,3,2,0.050347222222222224,29.0,0.0,True,False
288,4 4 18,576,16.0,11,1.25,93800,1.9513888888888888,0,140,104,12,32,0,0,0,32,6,2,0.052083333333333336,30.0,0.0,True,False
288,4 4 18,576,16.0,11,1.25,94000,1.9513888888888888,0,140,104,12,32,0,0,0,32,6,2,0.052083333333333336,30.0,0.0,True,False
288,4 4 18,576,16.0,11,1.25,94200,1.9513888888888888,0,140,104,12,32,0,0,0,32,6,2,0.052083333333333336,30.0,0.0,True,False
288,4 4 18,576,16.0,11,1.25,94400,1.9513888888888888,0,140,104,12,32,0,0,0,32,6,2,0.052083333333333336,30.0,0.0,True,False
288,4 4 18,576,16.0,11,1.25,94600,1.9513888888888888,0,140,104,12,32,0,0,0,32,6,2,0.052083333333333336,30.0,0.0,True,False
288,4 4 18,576,16.0,11,1.25,94800,1.9513888888888888,0,140,104,12,32,0,0,0,32,6,2,0.052083333333333336,30.0,0.0,True,False
288,4 4 18,576,16.0,11,1.25,95000,1.9513888888888888,0,140,104,12,32,0,0,0,32,6,2,0.052083333333333336,30.0,0.0,True,False
288,4 4 18,576,16.0,11,1.25,95200,1.9513888888888888,0,140,104,12,32,0,0,0,32,6,2,0.052083333333333336,30.0,0.0,True,False
288,4 4 18,576,16.0,11,1.25,95400,1.9513888888888888,0,140,104,12,32,0,0,0,32,6,2,0.052083333333333336,30.0,0.0,True,False
288,4 4 18,576,16.0,11,1.25,95600,1.9513888888888888,0,140,104,12,32,0,0,0,32,6,2,0.052083333333333336,30.0,0.0,True,False
288,4 4 18,576,16.0,11,1.25,95800,1.9513888888888888,0,140,104,12,32,0,0,0,32,6,2,0.052083333333333336,30.0,0.0,True,False
288,4 4 18,576,16.0,11,1.25,96000,1.9513888888888888,0,140,104,12,32,0,0,0,32,6,2,0.052083333333333336,30.0,0.0,True,False
288,4 4 18,576,16.0,11,1.25,96200,1.9513888888888888,0,140,104,12,32,0,0,0,32,6,2,0.052083333333333336,30.0,0.0,True,False
288,4 4 18,576,16.0,11,1.25,96400,1.9513888888888888,0,140,104,12,32,0,0,0,32,6,2,0.052083333333333336,30.0,0.0,True,False
288,4 4 18,576,16.0,11,1.25,96600,1.9513888888888888,0,140,104,12,32,0,0,0,32,6,2,0.052083333333333336,30.0,0.0,True,False
288,4 4 18,576,16.0,11,1.25,96800,1.9513888888888888,0,140,104,12,32,0,0,0,32,6,2,0.052083333333333336,30.0,0.0,True,False
288,4 4 18,576,16.0,11,1.25,97000,1.9513888888888888,0,140,104,12,32,0,0,0,32,6,2,0.052083333333333336,30.0,0.0,True,False
288,4 4 18,576,16.0,11,1.25,97200,1.9513888888888888,0,140,104,12,32,0,0,0,32,6,2,0.052083333333333336,30.0,0.0,True,False
288,4 4 18,576,16.0,11,1.25,97400,1.9513888888888888,0,140,104,12,32,0,0,0,32,6,2,0.052083333333333336,30.0,0.0,True,False
288,4 4 18,576,16.0,11,1.25,97600,1.9513888888888888,0,140,104,12,32,0,0,0,32,6,2,0.052083333333333336,30.0,0.0,True,False
288,4 4 18,576,16.0,11,1.25,97800,1.9513888888888888,0,140,104,12,32,0,0,0,32,6,2,0.052083333333333336,30.0,0.0,True,False
288,4 4 18,576,16.0,11,1.25,98000,1.9513888888888888,0,140,104,12,32,0,0,0,32,6,2,0.052083333333333336,30.0,0.0,True,False
288,4 4 18,576,16.0,11,1.25,98200,1.9513888888888888,0,140,104,12,32,0,0,0,32,6,2,0.052083333333333336,30.0,0.0,True,False
288,4 4 18,576,16.0,11,1.25,98400,1.9513888888888888,0,140,104,12,32,0,0,0,32,6,2,0.052083333333333336,30.0,0.0,True,False
288,4 4 18,576,16.0,11,1.25,98600,1.9513888888888888,0,140,104,12,32,0,0,0,32,6,2,0.052083333333333336,30.0,0.0,True,False
288,4 4 18,576,16.0,11,1.25,98800,1.9513888888888888,0,140,104,12,32,0,0,0,32,6,2,0.052083333333333336,30.0,0.0,True,False
288,4 4 18,576,16.0,11,1.25,99000,1.9513888888888888,0,140,104,12,32,0,0,0,32,6,2,0.052083333333333336,30.0,0.0,True,False
288,4 4 18,576,16.0,11,1.25,99200,1.9513888888888888,0,140,104,12,32,0,0,0,32,6,2,0.052083333333333336,30.0,0.0,True,False
288,4 4 18,576,16.0,11,1.25,99400,1.9513888888888888,0,140,104,12,32,0,0,0,32,6,2,0.052083333333333336,30.0,0.0,True,False
288,4 4 18,576,16.0,11,1.25,99600,1.9513888888888888,0,140,104,12,32,0,0,0,32,6,2,0.052083333333333336,30.0,0.0,True,False
288,4 4 18,576,16.0,11,1.25,99800,1.9513888888888888,0,140,104,12,32,0,0,0,32,6,2,0.052083333333333336,30.0,0.0,True,False
288,4 4 18,576,16.0,11,1.25,100000,1.9513888888888888,0,140,104,12,32,0,0,0,32,6,2,0.052083333333333336,30.0,0.0,True,True
