N,dims,C,spark,replica,lam,local_heat,sweep,h_per_vertex,d0,d1,d2,d3,d4,d5,d6,d7,melted,pieces_flat,largest_flat,bath_T,total,drift,left,final
288,4 4 18,48,16.0,0,1.25,False,0,2.0,0,288,0,0,0,0,0,0,0,0,0,0.3333333333333333,16.0,0.0,False,False
288,4 4 18,48,16.0,0,1.25,False,500,2.0555555555555554,0,272,12,0,4,0,0,0,4,0,0,0.0,0.0,0.0,True,False
288,4 4 18,48,16.0,0,1.25,False,1000,2.0277777777777777,0,240,36,4,4,4,0,0,8,2,2,0.16666666666666666,8.0,0.0,True,False
288,4 4 18,48,16.0,0,1.25,False,1500,2.013888888888889,0,224,48,4,8,4,0,0,12,2,2,0.25,12.0,0.0,True,False
288,4 4 18,48,16.0,0,1.25,False,2000,2.013888888888889,0,224,48,4,8,4,0,0,12,2,2,0.25,12.0,0.0,True,False
288,4 4 18,48,16.0,0,1.25,False,2500,2.0277777777777777,0,240,36,4,4,4,0,0,8,2,2,0.16666666666666666,8.0,0.0,True,False
288,4 4 18,48,16.0,0,1.25,False,3000,2.013888888888889,0,224,48,4,8,4,0,0,12,2,2,0.25,12.0,0.0,True,False
288,4 4 18,48,16.0,0,1.25,False,3500,1.9861111111111112,0,192,72,4,16,4,0,0,20,2,2,0.4166666666666667,20.0,0.0,True,False
288,4 4 18,48,16.0,0,1.25,False,4000,1.9722222222222223,0,176,84,4,20,4,0,0,24,2,2,0.5,24.0,0.0,True,False
288,4 4 18,48,16.0,0,1.25,False,4500,1.9548611111111112,0,150,100,6,32,0,0,0,32,3,2,0.6041666666666666,29.0,0.0,True,False
288,4 4 18,48,16.0,0,1.25,False,5000,1.9548611111111112,0,150,100,6,32,0,0,0,32,3,2,0.6041666666666666,29.0,0.0,True,False
288,4 4 18,48,16.0,0,1.25,False,5500,1.9548611111111112,0,150,100,6,32,0,0,0,32,3,2,0.6041666666666666,29.0,0.0,True,False
288,4 4 18,48,16.0,0,1.25,False,6000,1.9548611111111112,0,150,100,6,32,0,0,0,32,3,2,0.6041666666666666,29.0,0.0,True,False
288,4 4 18,48,16.0,0,1.25,False,6500,1.9548611111111112,0,150,100,6,32,0,0,0,32,3,2,0.6041666666666666,29.0,0.0,True,False
288,4 4 18,48,16.0,0,1.25,False,7000,1.9548611111111112,0,150,100,6,32,0,0,0,32,3,2,0.6041666666666666,29.0,0.0,True,False
288,4 4 18,48,16.0,0,1.25,False,7500,1.9513888888888888,0,140,104,12,32,0,0,0,32,6,2,0.625,30.0,0.0,True,False
288,4 4 18,48,16.0,0,1.25,False,8000,1.9513888888888888,0,140,104,12,32,0,0,0,32,6,2,0.625,30.0,0.0,True,False
288,4 4 18,48,16.0,0,1.25,False,8500,1.9513888888888888,0,140,104,12,32,0,0,0,32,6,2,0.625,30.0,0.0,True,False
288,4 4 18,48,16.0,0,1.25,False,9000,1.9513888888888888,0,140,104,12,32,0,0,0,32,6,2,0.625,30.0,0.0,True,False
288,4 4 18,48,16.0,0,1.25,False,9500,1.9513888888888888,0,140,104,12,32,0,0,0,32,6,2,0.625,30.0,0.0,True,False
288,4 4 18,48,16.0,0,1.25,False,10000,1.9513888888888888,0,140,104,12,32,0,0,0,32,6,2,0.625,30.0,0.0,True,False
288,4 4 18,48,16.0,0,1.25,False,10500,1.9548611111111112,0,150,100,6,32,0,0,0,32,3,2,0.6041666666666666,29.0,0.0,True,False
288,4 4 18,48,16.0,0,1.25,False,11000,1.9548611111111112,0,150,100,6,32,0,0,0,32,3,2,0.6041666666666666,29.0,0.0,True,False
288,4 4 18,48,16.0,0,1.25,False,11500,1.9513888888888888,0,140,104,12,32,0,0,0,32,6,2,0.625,30.0,0.0,True,False
288,4 4 18,48,16.0,0,1.25,False,12000,1.9513888888888888,0,140,104,12,32,0,0,0,32,6,2,0.625,30.0,0.0,True,False
288,4 4 18,48,16.0,0,1.25,False,12500,1.9513888888888888,0,140,104,12,32,0,0,0,32,6,2,0.625,30.0,0.0,True,False
288,4 4 18,48,16.0,0,1.25,False,13000,1.9548611111111112,0,150,100,6,32,0,0,0,32,3,2,0.6041666666666666,29.0,0.0,True,False
288,4 4 18,48,16.0,0,1.25,False,13500,1.9548611111111112,0,150,100,6,32,0,0,0,32,3,2,0.6041666666666666,29.0,0.0,True,False
288,4 4 18,48,16.0,0,1.25,False,14000,1.9548611111111112,0,150,100,6,32,0,0,0,32,3,2,0.6041666666666666,29.0,0.0,True,False
288,4 4 18,48,16.0,0,1.25,False,14500,1.9513888888888888,0,140,104,12,32,0,0,0,32,6,2,0.625,30.0,0.0,True,False
288,4 4 18,48,16.0,0,1.25,False,15000,1.9548611111111112,0,150,100,6,32,0,0,0,32,3,2,0.6041666666666666,29.0,0.0,True,False
288,4 4 18,48,16.0,0,1.25,False,15500,1.9618055555555556,0,146,102,8,30,2,0,0,32,4,2,0.5625,27.0,0.0,True,False
288,4 4 18,48,16.0,0,1.25,False,16000,1.9166666666666667,0,140,104,12,32,0,0,0,32,6,3,0.8333333333333334,40.0,0.0,True,False
288,4 4 18,48,16.0,0,1.25,False,16500,1.9166666666666667,0,124,104,20,40,0,0,0,40,5,8,0.8333333333333334,40.0,0.0,True,False
288,4 4 18,48,16.0,0,1.25,False,17000,1.9166666666666667,0,132,104,16,36,0,0,0,36,5,6,0.8333333333333334,40.0,0.0,True,False
288,4 4 18,48,16.0,0,1.25,False,17500,1.9166666666666667,0,140,104,12,32,0,0,0,32,8,2,0.8333333333333334,40.0,0.0,True,False
288,4 4 18,48,16.0,0,1.25,False,18000,1.9027777777777777,0,128,108,20,28,4,0,0,32,6,6,0.9166666666666666,44.0,0.0,True,False
288,4 4 18,48,16.0,0,1.25,False,18500,1.8888888888888888,0,116,112,24,32,4,0,0,36,6,8,1.0,48.0,0.0,True,False
288,4 4 18,48,16.0,0,1.25,False,19000,1.8888888888888888,0,116,112,24,32,4,0,0,36,6,8,1.0,48.0,0.0,True,False
288,4 4 18,48,16.0,0,1.25,False,19500,1.9236111111111112,0,108,112,28,36,4,0,0,40,6,10,0.7916666666666666,38.0,0.0,True,False
288,4 4 18,48,16.0,0,1.25,False,20000,1.8888888888888888,0,116,112,24,32,4,0,0,36,6,8,1.0,48.0,0.0,True,False
288,4 4 18,48,16.0,0,1.25,False,20500,1.875,0,104,116,28,36,4,0,0,40,5,11,1.0833333333333333,52.0,0.0,True,False
288,4 4 18,48,16.0,0,1.25,False,21000,1.875,0,104,116,28,36,4,0,0,40,5,11,1.0833333333333333,52.0,0.0,True,False
288,4 4 18,48,16.0,0,1.25,False,21500,1.875,0,104,116,28,36,4,0,0,40,5,11,1.0833333333333333,52.0,0.0,True,False
288,4 4 18,48,16.0,0,1.25,False,22000,1.875,0,104,116,28,36,4,0,0,40,5,11,1.0833333333333333,52.0,0.0,True,False
288,4 4 18,48,16.0,0,1.25,False,22500,1.875,0,104,116,28,36,4,0,0,40,5,11,1.0833333333333333,52.0,0.0,True,False
288,4 4 18,48,16.0,0,1.25,False,23000,1.875,0,104,116,28,36,4,0,0,40,5,11,1.0833333333333333,52.0,0.0,True,False
288,4 4 18,48,16.0,0,1.25,False,23500,1.875,0,104,116,28,36,4,0,0,40,5,11,1.0833333333333333,52.0,0.0,True,False
288,4 4 18,48,16.0,0,1.25,False,24000,1.875,0,104,116,28,36,4,0,0,40,5,11,1.0833333333333333,52.0,0.0,True,False
288,4 4 18,48,16.0,0,1.25,False,24500,1.9097222222222223,0,96,116,32,40,4,0,0,44,7,12,0.875,42.0,0.0,True,False
288,4 4 18,48,16.0,0,1.25,False,25000,1.9097222222222223,0,96,116,32,40,4,0,0,44,7,12,0.875,42.0,0.0,True,False
288,4 4 18,48,16.0,0,1.25,False,25500,1.875,0,104,116,28,36,4,0,0,40,5,11,1.0833333333333333,52.0,0.0,True,False
288,4 4 18,48,16.0,0,1.25,False,26000,1.875,0,104,116,28,36,4,0,0,40,5,11,1.0833333333333333,52.0,0.0,True,False
288,4 4 18,48,16.0,0,1.25,False,26500,1.875,0,104,116,28,36,4,0,0,40,5,11,1.0833333333333333,52.0,0.0,True,False
288,4 4 18,48,16.0,0,1.25,False,27000,1.875,0,104,116,28,36,4,0,0,40,5,11,1.0833333333333333,52.0,0.0,True,False
288,4 4 18,48,16.0,0,1.25,False,27500,1.875,0,104,116,28,36,4,0,0,40,5,11,1.0833333333333333,52.0,0.0,True,False
288,4 4 18,48,16.0,0,1.25,False,28000,1.875,0,104,116,28,36,4,0,0,40,5,11,1.0833333333333333,52.0,0.0,True,False
288,4 4 18,48,16.0,0,1.25,False,28500,1.875,0,104,116,28,36,4,0,0,40,5,11,1.0833333333333333,52.0,0.0,True,False
288,4 4 18,48,16.0,0,1.25,False,29000,1.875,0,104,116,28,36,4,0,0,40,5,11,1.0833333333333333,52.0,0.0,True,False
288,4 4 18,48,16.0,0,1.25,False,29500,1.875,0,104,116,28,36,4,0,0,40,5,11,1.0833333333333333,52.0,0.0,True,False
288,4 4 18,48,16.0,0,1.25,False,30000,1.875,0,104,116,28,36,4,0,0,40,5,11,1.0833333333333333,52.0,0.0,True,False
288,4 4 18,48,16.0,0,1.25,False,30500,1.875,0,104,116,28,36,4,0,0,40,5,11,1.0833333333333333,52.0,0.0,True,False
288,4 4 18,48,16.0,0,1.25,False,31000,1.875,0,104,116,28,36,4,0,0,40,5,11,1.0833333333333333,52.0,0.0,True,False
288,4 4 18,48,16.0,0,1.25,False,31500,1.875,0,104,116,28,36,4,0,0,40,5,11,1.0833333333333333,52.0,0.0,True,False
288,4 4 18,48,16.0,0,1.25,False,32000,1.875,0,104,116,28,36,4,0,0,40,5,11,1.0833333333333333,52.0,0.0,True,False
288,4 4 18,48,16.0,0,1.25,False,32500,1.875,0,104,116,28,36,4,0,0,40,5,11,1.0833333333333333,52.0,0.0,True,False
288,4 4 18,48,16.0,0,1.25,False,33000,1.875,0,104,116,28,36,4,0,0,40,5,11,1.0833333333333333,52.0,0.0,True,False
288,4 4 18,48,16.0,0,1.25,False,33500,1.875,0,104,116,28,36,4,0,0,40,5,11,1.0833333333333333,52.0,0.0,True,False
288,4 4 18,48,16.0,0,1.25,False,34000,1.875,0,104,116,28,36,4,0,0,40,5,11,1.0833333333333333,52.0,0.0,True,False
288,4 4 18,48,16.0,0,1.25,False,34500,1.875,0,104,116,28,36,4,0,0,40,5,11,1.0833333333333333,52.0,0.0,True,False
288,4 4 18,48,16.0,0,1.25,False,35000,1.875,0,104,116,28,36,4,0,0,40,5,11,1.0833333333333333,52.0,0.0,True,False
288,4 4 18,48,16.0,0,1.25,False,35500,1.875,0,104,116,28,36,4,0,0,40,5,11,1.0833333333333333,52.0,0.0,True,False
288,4 4 18,48,16.0,0,1.25,False,36000,1.875,0,104,116,28,36,4,0,0,40,5,11,1.0833333333333333,52.0,0.0,True,False
288,4 4 18,48,16.0,0,1.25,False,36500,1.9027777777777777,0,128,108,20,28,4,0,0,32,6,6,0.9166666666666666,44.0,0.0,True,False
288,4 4 18,48,16.0,0,1.25,False,37000,1.9027777777777777,0,128,108,20,28,4,0,0,32,6,6,0.9166666666666666,44.0,0.0,True,False
288,4 4 18,48,16.0,0,1.25,False,37500,1.9027777777777777,0,128,108,20,28,4,0,0,32,6,6,0.9166666666666666,44.0,0.0,True,False
288,4 4 18,48,16.0,0,1.25,False,38000,1.875,0,104,116,28,36,4,0,0,40,5,11,1.0833333333333333,52.0,0.0,True,False
288,4 4 18,48,16.0,0,1.25,False,38500,1.875,0,104,116,28,36,4,0,0,40,5,11,1.0833333333333333,52.0,0.0,True,False
288,4 4 18,48,16.0,0,1.25,False,39000,1.9097222222222223,0,94,120,30,40,4,0,0,44,7,11,0.875,42.0,0.0,True,False
288,4 4 18,48,16.0,0,1.25,False,39500,1.9097222222222223,0,94,120,30,40,4,0,0,44,7,11,0.875,42.0,0.0,True,False
288,4 4 18,48,16.0,0,1.25,False,40000,1.875,0,104,116,28,36,4,0,0,40,5,11,1.0833333333333333,52.0,0.0,True,False
288,4 4 18,48,16.0,0,1.25,False,40500,1.8888888888888888,0,116,112,24,32,4,0,0,36,6,8,1.0,48.0,0.0,True,False
288,4 4 18,48,16.0,0,1.25,False,41000,1.9097222222222223,0,95,118,31,40,4,0,0,44,6,12,0.875,42.0,0.0,True,False
288,4 4 18,48,16.0,0,1.25,False,41500,1.875,0,104,116,28,36,4,0,0,40,5,11,1.0833333333333333,52.0,0.0,True,False
288,4 4 18,48,16.0,0,1.25,False,42000,1.875,0,104,116,28,36,4,0,0,40,5,11,1.0833333333333333,52.0,0.0,True,False
288,4 4 18,48,16.0,0,1.25,False,42500,1.8888888888888888,0,116,112,24,32,4,0,0,36,6,8,1.0,48.0,0.0,True,False
288,4 4 18,48,16.0,0,1.25,False,43000,1.8888888888888888,0,116,112,24,32,4,0,0,36,6,8,1.0,48.0,0.0,True,False
288,4 4 18,48,16.0,0,1.25,False,43500,1.9236111111111112,0,106,116,26,36,4,0,0,40,8,8,0.7916666666666666,38.0,0.0,True,False
288,4 4 18,48,16.0,0,1.25,False,44000,1.875,0,104,116,28,36,4,0,0,40,5,11,1.0833333333333333,52.0,0.0,True,False
288,4 4 18,48,16.0,0,1.25,False,44500,1.875,0,104,116,28,36,4,0,0,40,5,11,1.0833333333333333,52.0,0.0,True,False
288,4 4 18,48,16.0,0,1.25,False,45000,1.875,0,104,116,28,36,4,0,0,40,5,11,1.0833333333333333,52.0,0.0,True,False
288,4 4 18,48,16.0,0,1.25,False,45500,1.875,0,104,116,28,36,4,0,0,40,5,11,1.0833333333333333,52.0,0.0,True,False
288,4 4 18,48,16.0,0,1.25,False,46000,1.875,0,104,116,28,36,4,0,0,40,5,11,1.0833333333333333,52.0,0.0,True,False
288,4 4 18,48,16.0,0,1.25,False,46500,1.875,0,104,116,28,36,4,0,0,40,5,11,1.0833333333333333,52.0,0.0,True,False
288,4 4 18,48,16.0,0,1.25,False,47000,1.875,0,104,116,28,36,4,0,0,40,5,11,1.0833333333333333,52.0,0.0,True,False
288,4 4 18,48,16.0,0,1.25,False,47500,1.875,0,104,116,28,36,4,0,0,40,5,11,1.0833333333333333,52.0,0.0,True,False
288,4 4 18,48,16.0,0,1.25,False,48000,1.875,0,104,116,28,36,4,0,0,40,5,11,1.0833333333333333,52.0,0.0,True,False
288,4 4 18,48,16.0,0,1.25,False,48500,1.875,0,104,116,28,36,4,0,0,40,5,11,1.0833333333333333,52.0,0.0,True,False
288,4 4 18,48,16.0,0,1.25,False,49000,1.875,0,104,116,28,36,4,0,0,40,5,11,1.0833333333333333,52.0,0.0,True,False
288,4 4 18,48,16.0,0,1.25,False,49500,1.875,0,104,116,28,36,4,0,0,40,5,11,1.0833333333333333,52.0,0.0,True,False
288,4 4 18,48,16.0,0,1.25,False,50000,1.875,0,104,116,28,36,4,0,0,40,5,11,1.0833333333333333,52.0,0.0,True,False
288,4 4 18,48,16.0,0,1.25,False,50500,1.875,0,104,116,28,36,4,0,0,40,5,11,1.0833333333333333,52.0,0.0,True,False
288,4 4 18,48,16.0,0,1.25,False,51000,1.875,0,104,116,28,36,4,0,0,40,5,11,1.0833333333333333,52.0,0.0,True,False
288,4 4 18,48,16.0,0,1.25,False,51500,1.875,0,104,116,28,36,4,0,0,40,5,11,1.0833333333333333,52.0,0.0,True,False
288,4 4 18,48,16.0,0,1.25,False,52000,1.875,0,104,116,28,36,4,0,0,40,5,11,1.0833333333333333,52.0,0.0,True,False
288,4 4 18,48,16.0,0,1.25,False,52500,1.875,0,104,116,28,36,4,0,0,40,5,11,1.0833333333333333,52.0,0.0,True,False
288,4 4 18,48,16.0,0,1.25,False,53000,1.875,0,104,116,28,36,4,0,0,40,5,11,1.0833333333333333,52.0,0.0,True,False
288,4 4 18,48,16.0,0,1.25,False,53500,1.875,0,104,116,28,36,4,0,0,40,5,11,1.0833333333333333,52.0,0.0,True,False
288,4 4 18,48,16.0,0,1.25,False,54000,1.875,0,104,116,28,36,4,0,0,40,5,11,1.0833333333333333,52.0,0.0,True,False
288,4 4 18,48,16.0,0,1.25,False,54500,1.875,0,104,116,28,36,4,0,0,40,5,11,1.0833333333333333,52.0,0.0,True,False
288,4 4 18,48,16.0,0,1.25,False,55000,1.8888888888888888,0,116,112,24,32,4,0,0,36,6,8,1.0,48.0,0.0,True,False
288,4 4 18,48,16.0,0,1.25,False,55500,1.8888888888888888,0,116,112,24,32,4,0,0,36,6,8,1.0,48.0,0.0,True,False
288,4 4 18,48,16.0,0,1.25,False,56000,1.8888888888888888,0,116,112,24,32,4,0,0,36,6,8,1.0,48.0,0.0,True,False
288,4 4 18,48,16.0,0,1.25,False,56500,1.8888888888888888,0,116,112,24,32,4,0,0,36,6,8,1.0,48.0,0.0,True,False
288,4 4 18,48,16.0,0,1.25,False,57000,1.8888888888888888,0,116,112,24,32,4,0,0,36,6,8,1.0,48.0,0.0,True,False
288,4 4 18,48,16.0,0,1.25,False,57500,1.875,0,104,116,28,36,4,0,0,40,5,11,1.0833333333333333,52.0,0.0,True,False
288,4 4 18,48,16.0,0,1.25,False,58000,1.875,0,104,116,28,36,4,0,0,40,5,11,1.0833333333333333,52.0,0.0,True,False
288,4 4 18,48,16.0,0,1.25,False,58500,1.875,0,104,116,28,36,4,0,0,40,5,11,1.0833333333333333,52.0,0.0,True,False
288,4 4 18,48,16.0,0,1.25,False,59000,1.875,0,104,116,28,36,4,0,0,40,5,11,1.0833333333333333,52.0,0.0,True,False
288,4 4 18,48,16.0,0,1.25,False,59500,1.875,0,104,116,28,36,4,0,0,40,5,11,1.0833333333333333,52.0,0.0,True,False
288,4 4 18,48,16.0,0,1.25,False,60000,1.875,0,104,116,28,36,4,0,0,40,5,11,1.0833333333333333,52.0,0.0,True,False
288,4 4 18,48,16.0,0,1.25,False,60500,1.875,0,104,116,28,36,4,0,0,40,5,11,1.0833333333333333,52.0,0.0,True,False
288,4 4 18,48,16.0,0,1.25,False,61000,1.875,0,104,116,28,36,4,0,0,40,5,11,1.0833333333333333,52.0,0.0,True,False
288,4 4 18,48,16.0,0,1.25,False,61500,1.875,0,104,116,28,36,4,0,0,40,5,11,1.0833333333333333,52.0,0.0,True,False
288,4 4 18,48,16.0,0,1.25,False,62000,1.875,0,104,116,28,36,4,0,0,40,5,11,1.0833333333333333,52.0,0.0,True,False
288,4 4 18,48,16.0,0,1.25,False,62500,1.875,0,104,116,28,36,4,0,0,40,5,11,1.0833333333333333,52.0,0.0,True,False
288,4 4 18,48,16.0,0,1.25,False,63000,1.875,0,104,116,28,36,4,0,0,40,5,11,1.0833333333333333,52.0,0.0,True,False
288,4 4 18,48,16.0,0,1.25,False,63500,1.875,0,104,116,28,36,4,0,0,40,5,11,1.0833333333333333,52.0,0.0,True,False
288,4 4 18,48,16.0,0,1.25,False,64000,1.875,0,104,116,28,36,4,0,0,40,5,11,1.0833333333333333,52.0,0.0,True,False
288,4 4 18,48,16.0,0,1.25,False,64500,1.875,0,104,116,28,36,4,0,0,40,5,11,1.0833333333333333,52.0,0.0,True,False
288,4 4 18,48,16.0,0,1.25,False,65000,1.875,0,104,116,28,36,4,0,0,40,5,11,1.0833333333333333,52.0,0.0,True,False
288,4 4 18,48,16.0,0,1.25,False,65500,1.875,0,104,116,28,36,4,0,0,40,5,11,1.0833333333333333,52.0,0.0,True,False
288,4 4 18,48,16.0,0,1.25,False,66000,1.875,0,104,116,28,36,4,0,0,40,5,11,1.0833333333333333,52.0,0.0,True,False
288,4 4 18,48,16.0,0,1.25,False,66500,1.875,0,104,116,28,36,4,0,0,40,5,11,1.0833333333333333,52.0,0.0,True,False
288,4 4 18,48,16.0,0,1.25,False,67000,1.875,0,104,116,28,36,4,0,0,40,5,11,1.0833333333333333,52.0,0.0,True,False
288,4 4 18,48,16.0,0,1.25,False,67500,1.875,0,104,116,28,36,4,0,0,40,5,11,1.0833333333333333,52.0,0.0,True,False
288,4 4 18,48,16.0,0,1.25,False,68000,1.875,0,104,116,28,36,4,0,0,40,5,11,1.0833333333333333,52.0,0.0,True,False
288,4 4 18,48,16.0,0,1.25,False,68500,1.875,0,104,116,28,36,4,0,0,40,5,11,1.0833333333333333,52.0,0.0,True,False
288,4 4 18,48,16.0,0,1.25,False,69000,1.9097222222222223,0,92,124,28,40,4,0,0,44,5,11,0.875,42.0,0.0,True,False
288,4 4 18,48,16.0,0,1.25,False,69500,1.875,0,104,116,28,36,4,0,0,40,5,11,1.0833333333333333,52.0,0.0,True,False
288,4 4 18,48,16.0,0,1.25,False,70000,1.875,0,104,116,28,36,4,0,0,40,5,11,1.0833333333333333,52.0,0.0,True,False
288,4 4 18,48,16.0,0,1.25,False,70500,1.875,0,104,116,28,36,4,0,0,40,5,11,1.0833333333333333,52.0,0.0,True,False
288,4 4 18,48,16.0,0,1.25,False,71000,1.875,0,104,116,28,36,4,0,0,40,5,11,1.0833333333333333,52.0,0.0,True,False
288,4 4 18,48,16.0,0,1.25,False,71500,1.875,0,104,116,28,36,4,0,0,40,5,11,1.0833333333333333,52.0,0.0,True,False
288,4 4 18,48,16.0,0,1.25,False,72000,1.875,0,104,116,28,36,4,0,0,40,5,11,1.0833333333333333,52.0,0.0,True,False
288,4 4 18,48,16.0,0,1.25,False,72500,1.875,0,104,116,28,36,4,0,0,40,5,11,1.0833333333333333,52.0,0.0,True,False
288,4 4 18,48,16.0,0,1.25,False,73000,1.875,0,104,116,28,36,4,0,0,40,5,11,1.0833333333333333,52.0,0.0,True,False
288,4 4 18,48,16.0,0,1.25,False,73500,1.875,0,104,116,28,36,4,0,0,40,5,11,1.0833333333333333,52.0,0.0,True,False
288,4 4 18,48,16.0,0,1.25,False,74000,1.875,0,104,116,28,36,4,0,0,40,5,11,1.0833333333333333,52.0,0.0,True,False
288,4 4 18,48,16.0,0,1.25,False,74500,1.875,0,104,116,28,36,4,0,0,40,5,11,1.0833333333333333,52.0,0.0,True,False
288,4 4 18,48,16.0,0,1.25,False,75000,1.875,0,104,116,28,36,4,0,0,40,5,11,1.0833333333333333,52.0,0.0,True,False
288,4 4 18,48,16.0,0,1.25,False,75500,1.875,0,104,116,28,36,4,0,0,40,5,11,1.0833333333333333,52.0,0.0,True,False
288,4 4 18,48,16.0,0,1.25,False,76000,1.875,0,104,116,28,36,4,0,0,40,5,11,1.0833333333333333,52.0,0.0,True,False
288,4 4 18,48,16.0,0,1.25,False,76500,1.8888888888888888,0,116,112,24,32,4,0,0,36,6,8,1.0,48.0,0.0,True,False
288,4 4 18,48,16.0,0,1.25,False,77000,1.875,0,104,116,28,36,4,0,0,40,5,11,1.0833333333333333,52.0,0.0,True,False
288,4 4 18,48,16.0,0,1.25,False,77500,1.875,0,104,116,28,36,4,0,0,40,5,11,1.0833333333333333,52.0,0.0,True,False
288,4 4 18,48,16.0,0,1.25,False,78000,1.875,0,104,116,28,36,4,0,0,40,5,11,1.0833333333333333,52.0,0.0,True,False
288,4 4 18,48,16.0,0,1.25,False,78500,1.875,0,104,116,28,36,4,0,0,40,5,11,1.0833333333333333,52.0,0.0,True,False
288,4 4 18,48,16.0,0,1.25,False,79000,1.875,0,104,116,28,36,4,0,0,40,5,11,1.0833333333333333,52.0,0.0,True,False
288,4 4 18,48,16.0,0,1.25,False,79500,1.875,0,104,116,28,36,4,0,0,40,5,11,1.0833333333333333,52.0,0.0,True,False
288,4 4 18,48,16.0,0,1.25,False,80000,1.9027777777777777,0,128,108,20,28,4,0,0,32,6,6,0.9166666666666666,44.0,0.0,True,False
288,4 4 18,48,16.0,0,1.25,False,80500,1.8888888888888888,0,116,112,24,32,4,0,0,36,6,8,1.0,48.0,0.0,True,False
288,4 4 18,48,16.0,0,1.25,False,81000,1.8888888888888888,0,116,112,24,32,4,0,0,36,6,8,1.0,48.0,0.0,True,False
288,4 4 18,48,16.0,0,1.25,False,81500,1.8888888888888888,0,116,112,24,32,4,0,0,36,6,8,1.0,48.0,0.0,True,False
288,4 4 18,48,16.0,0,1.25,False,82000,1.875,0,104,116,28,36,4,0,0,40,5,11,1.0833333333333333,52.0,0.0,True,False
288,4 4 18,48,16.0,0,1.25,False,82500,1.875,0,104,116,28,36,4,0,0,40,5,11,1.0833333333333333,52.0,0.0,True,False
288,4 4 18,48,16.0,0,1.25,False,83000,1.875,0,104,116,28,36,4,0,0,40,5,11,1.0833333333333333,52.0,0.0,True,False
288,4 4 18,48,16.0,0,1.25,False,83500,1.875,0,104,116,28,36,4,0,0,40,5,11,1.0833333333333333,52.0,0.0,True,False
288,4 4 18,48,16.0,0,1.25,False,84000,1.875,0,104,116,28,36,4,0,0,40,5,11,1.0833333333333333,52.0,0.0,True,False
288,4 4 18,48,16.0,0,1.25,False,84500,1.875,0,104,116,28,36,4,0,0,40,5,11,1.0833333333333333,52.0,0.0,True,False
288,4 4 18,48,16.0,0,1.25,False,85000,1.9131944444444444,0,94,118,31,41,3,1,0,45,6,13,0.8541666666666666,41.0,0.0,True,False
288,4 4 18,48,16.0,0,1.25,False,85500,1.875,0,104,116,28,36,4,0,0,40,5,11,1.0833333333333333,52.0,0.0,True,False
288,4 4 18,48,16.0,0,1.25,False,86000,1.875,0,104,116,28,36,4,0,0,40,5,11,1.0833333333333333,52.0,0.0,True,False
288,4 4 18,48,16.0,0,1.25,False,86500,1.875,0,104,116,28,36,4,0,0,40,5,11,1.0833333333333333,52.0,0.0,True,False
288,4 4 18,48,16.0,0,1.25,False,87000,1.875,0,104,116,28,36,4,0,0,40,5,11,1.0833333333333333,52.0,0.0,True,False
288,4 4 18,48,16.0,0,1.25,False,87500,1.875,0,104,116,28,36,4,0,0,40,5,11,1.0833333333333333,52.0,0.0,True,False
288,4 4 18,48,16.0,0,1.25,False,88000,1.875,0,104,116,28,36,4,0,0,40,5,11,1.0833333333333333,52.0,0.0,True,False
288,4 4 18,48,16.0,0,1.25,False,88500,1.875,0,104,116,28,36,4,0,0,40,5,11,1.0833333333333333,52.0,0.0,True,False
288,4 4 18,48,16.0,0,1.25,False,89000,1.875,0,104,116,28,36,4,0,0,40,5,11,1.0833333333333333,52.0,0.0,True,False
288,4 4 18,48,16.0,0,1.25,False,89500,1.875,0,104,116,28,36,4,0,0,40,5,11,1.0833333333333333,52.0,0.0,True,False
288,4 4 18,48,16.0,0,1.25,False,90000,1.875,0,104,116,28,36,4,0,0,40,5,11,1.0833333333333333,52.0,0.0,True,False
288,4 4 18,48,16.0,0,1.25,False,90500,1.875,0,104,116,28,36,4,0,0,40,5,11,1.0833333333333333,52.0,0.0,True,False
288,4 4 18,48,16.0,0,1.25,False,91000,1.875,0,104,116,28,36,4,0,0,40,5,11,1.0833333333333333,52.0,0.0,True,False
288,4 4 18,48,16.0,0,1.25,False,91500,1.875,0,104,116,28,36,4,0,0,40,5,11,1.0833333333333333,52.0,0.0,True,False
288,4 4 18,48,16.0,0,1.25,False,92000,1.875,0,104,116,28,36,4,0,0,40,5,11,1.0833333333333333,52.0,0.0,True,False
288,4 4 18,48,16.0,0,1.25,False,92500,1.875,0,104,116,28,36,4,0,0,40,5,11,1.0833333333333333,52.0,0.0,True,False
288,4 4 18,48,16.0,0,1.25,False,93000,1.875,0,104,116,28,36,4,0,0,40,5,11,1.0833333333333333,52.0,0.0,True,False
288,4 4 18,48,16.0,0,1.25,False,93500,1.875,0,104,116,28,36,4,0,0,40,5,11,1.0833333333333333,52.0,0.0,True,False
288,4 4 18,48,16.0,0,1.25,False,94000,1.875,0,104,116,28,36,4,0,0,40,5,11,1.0833333333333333,52.0,0.0,True,False
288,4 4 18,48,16.0,0,1.25,False,94500,1.875,0,104,116,28,36,4,0,0,40,5,11,1.0833333333333333,52.0,0.0,True,False
288,4 4 18,48,16.0,0,1.25,False,95000,1.875,0,104,116,28,36,4,0,0,40,5,11,1.0833333333333333,52.0,0.0,True,False
288,4 4 18,48,16.0,0,1.25,False,95500,1.875,0,104,116,28,36,4,0,0,40,5,11,1.0833333333333333,52.0,0.0,True,False
288,4 4 18,48,16.0,0,1.25,False,96000,1.875,0,104,116,28,36,4,0,0,40,5,11,1.0833333333333333,52.0,0.0,True,False
288,4 4 18,48,16.0,0,1.25,False,96500,1.875,0,104,116,28,36,4,0,0,40,5,11,1.0833333333333333,52.0,0.0,True,False
288,4 4 18,48,16.0,0,1.25,False,97000,1.875,0,104,116,28,36,4,0,0,40,5,11,1.0833333333333333,52.0,0.0,True,False
288,4 4 18,48,16.0,0,1.25,False,97500,1.875,0,104,116,28,36,4,0,0,40,5,11,1.0833333333333333,52.0,0.0,True,False
288,4 4 18,48,16.0,0,1.25,False,98000,1.875,0,104,116,28,36,4,0,0,40,5,11,1.0833333333333333,52.0,0.0,True,False
288,4 4 18,48,16.0,0,1.25,False,98500,1.875,0,104,116,28,36,4,0,0,40,5,11,1.0833333333333333,52.0,0.0,True,False
288,4 4 18,48,16.0,0,1.25,False,99000,1.875,0,104,116,28,36,4,0,0,40,5,11,1.0833333333333333,52.0,0.0,True,False
288,4 4 18,48,16.0,0,1.25,False,99500,1.875,0,104,116,28,36,4,0,0,40,5,11,1.0833333333333333,52.0,0.0,True,False
288,4 4 18,48,16.0,0,1.25,False,100000,1.875,0,104,116,28,36,4,0,0,40,5,11,1.0833333333333333,52.0,0.0,True,False
288,4 4 18,48,16.0,0,1.25,False,100500,1.8888888888888888,0,116,112,24,32,4,0,0,36,6,8,1.0,48.0,0.0,True,False
288,4 4 18,48,16.0,0,1.25,False,101000,1.875,0,104,116,28,36,4,0,0,40,5,11,1.0833333333333333,52.0,0.0,True,False
288,4 4 18,48,16.0,0,1.25,False,101500,1.875,0,104,116,28,36,4,0,0,40,5,11,1.0833333333333333,52.0,0.0,True,False
288,4 4 18,48,16.0,0,1.25,False,102000,1.8888888888888888,0,116,112,24,32,4,0,0,36,6,8,1.0,48.0,0.0,True,False
288,4 4 18,48,16.0,0,1.25,False,102500,1.8888888888888888,0,116,112,24,32,4,0,0,36,6,8,1.0,48.0,0.0,True,False
288,4 4 18,48,16.0,0,1.25,False,103000,1.875,0,104,116,28,36,4,0,0,40,5,11,1.0833333333333333,52.0,0.0,True,False
288,4 4 18,48,16.0,0,1.25,False,103500,1.875,0,104,116,28,36,4,0,0,40,5,11,1.0833333333333333,52.0,0.0,True,False
288,4 4 18,48,16.0,0,1.25,False,104000,1.8888888888888888,0,116,112,24,32,4,0,0,36,6,8,1.0,48.0,0.0,True,False
288,4 4 18,48,16.0,0,1.25,False,104500,1.8888888888888888,0,116,112,24,32,4,0,0,36,6,8,1.0,48.0,0.0,True,False
288,4 4 18,48,16.0,0,1.25,False,105000,1.875,0,104,116,28,36,4,0,0,40,5,11,1.0833333333333333,52.0,0.0,True,False
288,4 4 18,48,16.0,0,1.25,False,105500,1.875,0,104,116,28,36,4,0,0,40,5,11,1.0833333333333333,52.0,0.0,True,False
288,4 4 18,48,16.0,0,1.25,False,106000,1.875,0,104,116,28,36,4,0,0,40,5,11,1.0833333333333333,52.0,0.0,True,False
288,4 4 18,48,16.0,0,1.25,False,106500,1.875,0,104,116,28,36,4,0,0,40,5,11,1.0833333333333333,52.0,0.0,True,False
288,4 4 18,48,16.0,0,1.25,False,107000,1.875,0,104,116,28,36,4,0,0,40,5,11,1.0833333333333333,52.0,0.0,True,False
288,4 4 18,48,16.0,0,1.25,False,107500,1.875,0,104,116,28,36,4,0,0,40,5,11,1.0833333333333333,52.0,0.0,True,False
288,4 4 18,48,16.0,0,1.25,False,108000,1.875,0,104,116,28,36,4,0,0,40,5,11,1.0833333333333333,52.0,0.0,True,False
288,4 4 18,48,16.0,0,1.25,False,108500,1.875,0,104,116,28,36,4,0,0,40,5,11,1.0833333333333333,52.0,0.0,True,False
288,4 4 18,48,16.0,0,1.25,False,109000,1.875,0,104,116,28,36,4,0,0,40,5,11,1.0833333333333333,52.0,0.0,True,False
288,4 4 18,48,16.0,0,1.25,False,109500,1.875,0,104,116,28,36,4,0,0,40,5,11,1.0833333333333333,52.0,0.0,True,False
288,4 4 18,48,16.0,0,1.25,False,110000,1.875,0,104,116,28,36,4,0,0,40,5,11,1.0833333333333333,52.0,0.0,True,False
288,4 4 18,48,16.0,0,1.25,False,110500,1.875,0,104,116,28,36,4,0,0,40,5,11,1.0833333333333333,52.0,0.0,True,False
288,4 4 18,48,16.0,0,1.25,False,111000,1.875,0,104,116,28,36,4,0,0,40,5,11,1.0833333333333333,52.0,0.0,True,False
288,4 4 18,48,16.0,0,1.25,False,111500,1.875,0,104,116,28,36,4,0,0,40,5,11,1.0833333333333333,52.0,0.0,True,False
288,4 4 18,48,16.0,0,1.25,False,112000,1.875,0,104,116,28,36,4,0,0,40,5,11,1.0833333333333333,52.0,0.0,True,False
288,4 4 18,48,16.0,0,1.25,False,112500,1.875,0,104,116,28,36,4,0,0,40,5,11,1.0833333333333333,52.0,0.0,True,False
288,4 4 18,48,16.0,0,1.25,False,113000,1.8888888888888888,0,116,112,24,32,4,0,0,36,6,8,1.0,48.0,0.0,True,False
288,4 4 18,48,16.0,0,1.25,False,113500,1.8888888888888888,0,116,112,24,32,4,0,0,36,6,8,1.0,48.0,0.0,True,False
288,4 4 18,48,16.0,0,1.25,False,114000,1.875,0,104,116,28,36,4,0,0,40,5,11,1.0833333333333333,52.0,0.0,True,False
288,4 4 18,48,16.0,0,1.25,False,114500,1.8888888888888888,0,116,112,24,32,4,0,0,36,6,8,1.0,48.0,0.0,True,False
288,4 4 18,48,16.0,0,1.25,False,115000,1.8888888888888888,0,116,112,24,32,4,0,0,36,6,8,1.0,48.0,0.0,True,False
288,4 4 18,48,16.0,0,1.25,False,115500,1.9027777777777777,0,128,108,20,28,4,0,0,32,6,6,0.9166666666666666,44.0,0.0,True,False
288,4 4 18,48,16.0,0,1.25,False,116000,1.9027777777777777,0,128,108,20,28,4,0,0,32,6,6,0.9166666666666666,44.0,0.0,True,False
288,4 4 18,48,16.0,0,1.25,False,116500,1.875,0,104,116,28,36,4,0,0,40,5,11,1.0833333333333333,52.0,0.0,True,False
288,4 4 18,48,16.0,0,1.25,False,117000,1.875,0,104,116,28,36,4,0,0,40,5,11,1.0833333333333333,52.0,0.0,True,False
288,4 4 18,48,16.0,0,1.25,False,117500,1.875,0,104,116,28,36,4,0,0,40,5,11,1.0833333333333333,52.0,0.0,True,False
288,4 4 18,48,16.0,0,1.25,False,118000,1.875,0,104,116,28,36,4,0,0,40,5,11,1.0833333333333333,52.0,0.0,True,False
288,4 4 18,48,16.0,0,1.25,False,118500,1.875,0,104,116,28,36,4,0,0,40,5,11,1.0833333333333333,52.0,0.0,True,False
288,4 4 18,48,16.0,0,1.25,False,119000,1.875,0,104,116,28,36,4,0,0,40,5,11,1.0833333333333333,52.0,0.0,True,False
288,4 4 18,48,16.0,0,1.25,False,119500,1.8888888888888888,0,116,112,24,32,4,0,0,36,6,8,1.0,48.0,0.0,True,False
288,4 4 18,48,16.0,0,1.25,False,120000,1.8888888888888888,0,116,112,24,32,4,0,0,36,6,8,1.0,48.0,0.0,True,False
288,4 4 18,48,16.0,0,1.25,False,120500,1.9027777777777777,0,128,108,20,28,4,0,0,32,6,6,0.9166666666666666,44.0,0.0,True,False
288,4 4 18,48,16.0,0,1.25,False,121000,1.8888888888888888,0,116,112,24,32,4,0,0,36,6,8,1.0,48.0,0.0,True,False
288,4 4 18,48,16.0,0,1.25,False,121500,1.8888888888888888,0,116,112,24,32,4,0,0,36,6,8,1.0,48.0,0.0,True,False
288,4 4 18,48,16.0,0,1.25,False,122000,1.875,0,104,116,28,36,4,0,0,40,5,11,1.0833333333333333,52.0,0.0,True,False
288,4 4 18,48,16.0,0,1.25,False,122500,1.8888888888888888,0,116,112,24,32,4,0,0,36,6,8,1.0,48.0,0.0,True,False
288,4 4 18,48,16.0,0,1.25,False,123000,1.875,0,104,116,28,36,4,0,0,40,5,11,1.0833333333333333,52.0,0.0,True,False
288,4 4 18,48,16.0,0,1.25,False,123500,1.875,0,104,116,28,36,4,0,0,40,5,11,1.0833333333333333,52.0,0.0,True,False
288,4 4 18,48,16.0,0,1.25,False,124000,1.875,0,104,116,28,36,4,0,0,40,5,11,1.0833333333333333,52.0,0.0,True,False
288,4 4 18,48,16.0,0,1.25,False,124500,1.875,0,104,116,28,36,4,0,0,40,5,11,1.0833333333333333,52.0,0.0,True,False
288,4 4 18,48,16.0,0,1.25,False,125000,1.875,0,104,116,28,36,4,0,0,40,5,11,1.0833333333333333,52.0,0.0,True,False
288,4 4 18,48,16.0,0,1.25,False,125500,1.875,0,104,116,28,36,4,0,0,40,5,11,1.0833333333333333,52.0,0.0,True,False
288,4 4 18,48,16.0,0,1.25,False,126000,1.875,0,104,116,28,36,4,0,0,40,5,11,1.0833333333333333,52.0,0.0,True,False
288,4 4 18,48,16.0,0,1.25,False,126500,1.875,0,104,116,28,36,4,0,0,40,5,11,1.0833333333333333,52.0,0.0,True,False
288,4 4 18,48,16.0,0,1.25,False,127000,1.875,0,104,116,28,36,4,0,0,40,5,11,1.0833333333333333,52.0,0.0,True,False
288,4 4 18,48,16.0,0,1.25,False,127500,1.875,0,104,116,28,36,4,0,0,40,5,11,1.0833333333333333,52.0,0.0,True,False
288,4 4 18,48,16.0,0,1.25,False,128000,1.875,0,104,116,28,36,4,0,0,40,5,11,1.0833333333333333,52.0,0.0,True,False
288,4 4 18,48,16.0,0,1.25,False,128500,1.875,0,104,116,28,36,4,0,0,40,5,11,1.0833333333333333,52.0,0.0,True,False
288,4 4 18,48,16.0,0,1.25,False,129000,1.875,0,104,116,28,36,4,0,0,40,5,11,1.0833333333333333,52.0,0.0,True,False
288,4 4 18,48,16.0,0,1.25,False,129500,1.875,0,104,116,28,36,4,0,0,40,5,11,1.0833333333333333,52.0,0.0,True,False
288,4 4 18,48,16.0,0,1.25,False,130000,1.875,0,104,116,28,36,4,0,0,40,5,11,1.0833333333333333,52.0,0.0,True,False
288,4 4 18,48,16.0,0,1.25,False,130500,1.875,0,104,116,28,36,4,0,0,40,5,11,1.0833333333333333,52.0,0.0,True,False
288,4 4 18,48,16.0,0,1.25,False,131000,1.875,0,104,116,28,36,4,0,0,40,5,11,1.0833333333333333,52.0,0.0,True,False
288,4 4 18,48,16.0,0,1.25,False,131500,1.875,0,104,116,28,36,4,0,0,40,5,11,1.0833333333333333,52.0,0.0,True,False
288,4 4 18,48,16.0,0,1.25,False,132000,1.875,0,104,116,28,36,4,0,0,40,5,11,1.0833333333333333,52.0,0.0,True,False
288,4 4 18,48,16.0,0,1.25,False,132500,1.875,0,104,116,28,36,4,0,0,40,5,11,1.0833333333333333,52.0,0.0,True,False
288,4 4 18,48,16.0,0,1.25,False,133000,1.875,0,104,116,28,36,4,0,0,40,5,11,1.0833333333333333,52.0,0.0,True,False
288,4 4 18,48,16.0,0,1.25,False,133500,1.875,0,104,116,28,36,4,0,0,40,5,11,1.0833333333333333,52.0,0.0,True,False
288,4 4 18,48,16.0,0,1.25,False,134000,1.875,0,104,116,28,36,4,0,0,40,5,11,1.0833333333333333,52.0,0.0,True,False
288,4 4 18,48,16.0,0,1.25,False,134500,1.875,0,104,116,28,36,4,0,0,40,5,11,1.0833333333333333,52.0,0.0,True,False
288,4 4 18,48,16.0,0,1.25,False,135000,1.875,0,104,116,28,36,4,0,0,40,5,11,1.0833333333333333,52.0,0.0,True,False
288,4 4 18,48,16.0,0,1.25,False,135500,1.875,0,104,116,28,36,4,0,0,40,5,11,1.0833333333333333,52.0,0.0,True,False
288,4 4 18,48,16.0,0,1.25,False,136000,1.875,0,104,116,28,36,4,0,0,40,5,11,1.0833333333333333,52.0,0.0,True,False
288,4 4 18,48,16.0,0,1.25,False,136500,1.875,0,104,116,28,36,4,0,0,40,5,11,1.0833333333333333,52.0,0.0,True,False
288,4 4 18,48,16.0,0,1.25,False,137000,1.875,0,104,116,28,36,4,0,0,40,5,11,1.0833333333333333,52.0,0.0,True,False
288,4 4 18,48,16.0,0,1.25,False,137500,1.875,0,104,116,28,36,4,0,0,40,5,11,1.0833333333333333,52.0,0.0,True,False
288,4 4 18,48,16.0,0,1.25,False,138000,1.875,0,104,116,28,36,4,0,0,40,5,11,1.0833333333333333,52.0,0.0,True,False
288,4 4 18,48,16.0,0,1.25,False,138500,1.875,0,104,116,28,36,4,0,0,40,5,11,1.0833333333333333,52.0,0.0,True,False
288,4 4 18,48,16.0,0,1.25,False,139000,1.875,0,104,116,28,36,4,0,0,40,5,11,1.0833333333333333,52.0,0.0,True,False
288,4 4 18,48,16.0,0,1.25,False,139500,1.875,0,104,116,28,36,4,0,0,40,5,11,1.0833333333333333,52.0,0.0,True,False
288,4 4 18,48,16.0,0,1.25,False,140000,1.875,0,104,116,28,36,4,0,0,40,5,11,1.0833333333333333,52.0,0.0,True,False
288,4 4 18,48,16.0,0,1.25,False,140500,1.875,0,104,116,28,36,4,0,0,40,5,11,1.0833333333333333,52.0,0.0,True,False
288,4 4 18,48,16.0,0,1.25,False,141000,1.8888888888888888,0,116,112,24,32,4,0,0,36,6,8,1.0,48.0,0.0,True,False
288,4 4 18,48,16.0,0,1.25,False,141500,1.8888888888888888,0,116,112,24,32,4,0,0,36,6,8,1.0,48.0,0.0,True,False
288,4 4 18,48,16.0,0,1.25,False,142000,1.8888888888888888,0,116,112,24,32,4,0,0,36,6,8,1.0,48.0,0.0,True,False
288,4 4 18,48,16.0,0,1.25,False,142500,1.8888888888888888,0,116,112,24,32,4,0,0,36,6,8,1.0,48.0,0.0,True,False
288,4 4 18,48,16.0,0,1.25,False,143000,1.8888888888888888,0,116,112,24,32,4,0,0,36,6,8,1.0,48.0,0.0,True,False
288,4 4 18,48,16.0,0,1.25,False,143500,1.8888888888888888,0,116,112,24,32,4,0,0,36,6,8,1.0,48.0,0.0,True,False
288,4 4 18,48,16.0,0,1.25,False,144000,1.8888888888888888,0,116,112,24,32,4,0,0,36,6,8,1.0,48.0,0.0,True,False
288,4 4 18,48,16.0,0,1.25,False,144500,1.875,0,104,116,28,36,4,0,0,40,5,11,1.0833333333333333,52.0,0.0,True,False
288,4 4 18,48,16.0,0,1.25,False,145000,1.8888888888888888,0,116,112,24,32,4,0,0,36,6,8,1.0,48.0,0.0,True,False
288,4 4 18,48,16.0,0,1.25,False,145500,1.875,0,104,116,28,36,4,0,0,40,5,11,1.0833333333333333,52.0,0.0,True,False
288,4 4 18,48,16.0,0,1.25,False,146000,1.875,0,104,116,28,36,4,0,0,40,5,11,1.0833333333333333,52.0,0.0,True,False
288,4 4 18,48,16.0,0,1.25,False,146500,1.875,0,104,116,28,36,4,0,0,40,5,11,1.0833333333333333,52.0,0.0,True,False
288,4 4 18,48,16.0,0,1.25,False,147000,1.875,0,104,116,28,36,4,0,0,40,5,11,1.0833333333333333,52.0,0.0,True,False
288,4 4 18,48,16.0,0,1.25,False,147500,1.875,0,104,116,28,36,4,0,0,40,5,11,1.0833333333333333,52.0,0.0,True,False
288,4 4 18,48,16.0,0,1.25,False,148000,1.875,0,104,116,28,36,4,0,0,40,5,11,1.0833333333333333,52.0,0.0,True,False
288,4 4 18,48,16.0,0,1.25,False,148500,1.875,0,104,116,28,36,4,0,0,40,5,11,1.0833333333333333,52.0,0.0,True,False
288,4 4 18,48,16.0,0,1.25,False,149000,1.875,0,104,116,28,36,4,0,0,40,5,11,1.0833333333333333,52.0,0.0,True,False
288,4 4 18,48,16.0,0,1.25,False,149500,1.875,0,104,116,28,36,4,0,0,40,5,11,1.0833333333333333,52.0,0.0,True,False
288,4 4 18,48,16.0,0,1.25,False,150000,1.875,0,104,116,28,36,4,0,0,40,5,11,1.0833333333333333,52.0,0.0,True,False
288,4 4 18,48,16.0,0,1.25,False,150500,1.875,0,104,116,28,36,4,0,0,40,5,11,1.0833333333333333,52.0,0.0,True,False
288,4 4 18,48,16.0,0,1.25,False,151000,1.875,0,104,116,28,36,4,0,0,40,5,11,1.0833333333333333,52.0,0.0,True,False
288,4 4 18,48,16.0,0,1.25,False,151500,1.875,0,104,116,28,36,4,0,0,40,5,11,1.0833333333333333,52.0,0.0,True,False
288,4 4 18,48,16.0,0,1.25,False,152000,1.875,0,104,116,28,36,4,0,0,40,5,11,1.0833333333333333,52.0,0.0,True,False
288,4 4 18,48,16.0,0,1.25,False,152500,1.875,0,104,116,28,36,4,0,0,40,5,11,1.0833333333333333,52.0,0.0,True,False
288,4 4 18,48,16.0,0,1.25,False,153000,1.875,0,104,116,28,36,4,0,0,40,5,11,1.0833333333333333,52.0,0.0,True,False
288,4 4 18,48,16.0,0,1.25,False,153500,1.875,0,104,116,28,36,4,0,0,40,5,11,1.0833333333333333,52.0,0.0,True,False
288,4 4 18,48,16.0,0,1.25,False,154000,1.8888888888888888,0,116,112,24,32,4,0,0,36,6,8,1.0,48.0,0.0,True,False
288,4 4 18,48,16.0,0,1.25,False,154500,1.8888888888888888,0,116,112,24,32,4,0,0,36,6,8,1.0,48.0,0.0,True,False
288,4 4 18,48,16.0,0,1.25,False,155000,1.875,0,104,116,28,36,4,0,0,40,5,11,1.0833333333333333,52.0,0.0,True,False
288,4 4 18,48,16.0,0,1.25,False,155500,1.875,0,104,116,28,36,4,0,0,40,5,11,1.0833333333333333,52.0,0.0,True,False
288,4 4 18,48,16.0,0,1.25,False,156000,1.875,0,104,116,28,36,4,0,0,40,5,11,1.0833333333333333,52.0,0.0,True,False
288,4 4 18,48,16.0,0,1.25,False,156500,1.875,0,104,116,28,36,4,0,0,40,5,11,1.0833333333333333,52.0,0.0,True,False
288,4 4 18,48,16.0,0,1.25,False,157000,1.875,0,104,116,28,36,4,0,0,40,5,11,1.0833333333333333,52.0,0.0,True,False
288,4 4 18,48,16.0,0,1.25,False,157500,1.875,0,104,116,28,36,4,0,0,40,5,11,1.0833333333333333,52.0,0.0,True,False
288,4 4 18,48,16.0,0,1.25,False,158000,1.875,0,104,116,28,36,4,0,0,40,5,11,1.0833333333333333,52.0,0.0,True,False
288,4 4 18,48,16.0,0,1.25,False,158500,1.875,0,104,116,28,36,4,0,0,40,5,11,1.0833333333333333,52.0,0.0,True,False
288,4 4 18,48,16.0,0,1.25,False,159000,1.875,0,104,116,28,36,4,0,0,40,5,11,1.0833333333333333,52.0,0.0,True,False
288,4 4 18,48,16.0,0,1.25,False,159500,1.875,0,104,116,28,36,4,0,0,40,5,11,1.0833333333333333,52.0,0.0,True,False
288,4 4 18,48,16.0,0,1.25,False,160000,1.875,0,104,116,28,36,4,0,0,40,5,11,1.0833333333333333,52.0,0.0,True,False
288,4 4 18,48,16.0,0,1.25,False,160500,1.875,0,104,116,28,36,4,0,0,40,5,11,1.0833333333333333,52.0,0.0,True,False
288,4 4 18,48,16.0,0,1.25,False,161000,1.875,0,104,116,28,36,4,0,0,40,5,11,1.0833333333333333,52.0,0.0,True,False
288,4 4 18,48,16.0,0,1.25,False,161500,1.875,0,104,116,28,36,4,0,0,40,5,11,1.0833333333333333,52.0,0.0,True,False
288,4 4 18,48,16.0,0,1.25,False,162000,1.875,0,104,116,28,36,4,0,0,40,5,11,1.0833333333333333,52.0,0.0,True,False
288,4 4 18,48,16.0,0,1.25,False,162500,1.875,0,104,116,28,36,4,0,0,40,5,11,1.0833333333333333,52.0,0.0,True,False
288,4 4 18,48,16.0,0,1.25,False,163000,1.875,0,104,116,28,36,4,0,0,40,5,11,1.0833333333333333,52.0,0.0,True,False
288,4 4 18,48,16.0,0,1.25,False,163500,1.875,0,104,116,28,36,4,0,0,40,5,11,1.0833333333333333,52.0,0.0,True,False
288,4 4 18,48,16.0,0,1.25,False,164000,1.875,0,104,116,28,36,4,0,0,40,5,11,1.0833333333333333,52.0,0.0,True,False
288,4 4 18,48,16.0,0,1.25,False,164500,1.875,0,104,116,28,36,4,0,0,40,5,11,1.0833333333333333,52.0,0.0,True,False
288,4 4 18,48,16.0,0,1.25,False,165000,1.875,0,104,116,28,36,4,0,0,40,5,11,1.0833333333333333,52.0,0.0,True,False
288,4 4 18,48,16.0,0,1.25,False,165500,1.875,0,104,116,28,36,4,0,0,40,5,11,1.0833333333333333,52.0,0.0,True,False
288,4 4 18,48,16.0,0,1.25,False,166000,1.875,0,104,116,28,36,4,0,0,40,5,11,1.0833333333333333,52.0,0.0,True,False
288,4 4 18,48,16.0,0,1.25,False,166500,1.8888888888888888,0,116,112,24,32,4,0,0,36,6,8,1.0,48.0,0.0,True,False
288,4 4 18,48,16.0,0,1.25,False,167000,1.8888888888888888,0,116,112,24,32,4,0,0,36,6,8,1.0,48.0,0.0,True,False
288,4 4 18,48,16.0,0,1.25,False,167500,1.875,0,104,116,28,36,4,0,0,40,5,11,1.0833333333333333,52.0,0.0,True,False
288,4 4 18,48,16.0,0,1.25,False,168000,1.875,0,104,116,28,36,4,0,0,40,5,11,1.0833333333333333,52.0,0.0,True,False
288,4 4 18,48,16.0,0,1.25,False,168500,1.875,0,104,116,28,36,4,0,0,40,5,11,1.0833333333333333,52.0,0.0,True,False
288,4 4 18,48,16.0,0,1.25,False,169000,1.875,0,104,116,28,36,4,0,0,40,5,11,1.0833333333333333,52.0,0.0,True,False
288,4 4 18,48,16.0,0,1.25,False,169500,1.875,0,104,116,28,36,4,0,0,40,5,11,1.0833333333333333,52.0,0.0,True,False
288,4 4 18,48,16.0,0,1.25,False,170000,1.875,0,104,116,28,36,4,0,0,40,5,11,1.0833333333333333,52.0,0.0,True,False
288,4 4 18,48,16.0,0,1.25,False,170500,1.875,0,104,116,28,36,4,0,0,40,5,11,1.0833333333333333,52.0,0.0,True,False
288,4 4 18,48,16.0,0,1.25,False,171000,1.875,0,104,116,28,36,4,0,0,40,5,11,1.0833333333333333,52.0,0.0,True,False
288,4 4 18,48,16.0,0,1.25,False,171500,1.875,0,104,116,28,36,4,0,0,40,5,11,1.0833333333333333,52.0,0.0,True,False
288,4 4 18,48,16.0,0,1.25,False,172000,1.875,0,104,116,28,36,4,0,0,40,5,11,1.0833333333333333,52.0,0.0,True,False
288,4 4 18,48,16.0,0,1.25,False,172500,1.875,0,104,116,28,36,4,0,0,40,5,11,1.0833333333333333,52.0,0.0,True,False
288,4 4 18,48,16.0,0,1.25,False,173000,1.8888888888888888,0,116,112,24,32,4,0,0,36,6,8,1.0,48.0,0.0,True,False
288,4 4 18,48,16.0,0,1.25,False,173500,1.8888888888888888,0,116,112,24,32,4,0,0,36,6,8,1.0,48.0,0.0,True,False
288,4 4 18,48,16.0,0,1.25,False,174000,1.8888888888888888,0,116,112,24,32,4,0,0,36,6,8,1.0,48.0,0.0,True,False
288,4 4 18,48,16.0,0,1.25,False,174500,1.8888888888888888,0,116,112,24,32,4,0,0,36,6,8,1.0,48.0,0.0,True,False
288,4 4 18,48,16.0,0,1.25,False,175000,1.8888888888888888,0,116,112,24,32,4,0,0,36,6,8,1.0,48.0,0.0,True,False
288,4 4 18,48,16.0,0,1.25,False,175500,1.875,0,104,116,28,36,4,0,0,40,5,11,1.0833333333333333,52.0,0.0,True,False
288,4 4 18,48,16.0,0,1.25,False,176000,1.875,0,104,116,28,36,4,0,0,40,5,11,1.0833333333333333,52.0,0.0,True,False
288,4 4 18,48,16.0,0,1.25,False,176500,1.875,0,104,116,28,36,4,0,0,40,5,11,1.0833333333333333,52.0,0.0,True,False
288,4 4 18,48,16.0,0,1.25,False,177000,1.8888888888888888,0,116,112,24,32,4,0,0,36,6,8,1.0,48.0,0.0,True,False
288,4 4 18,48,16.0,0,1.25,False,177500,1.875,0,104,116,28,36,4,0,0,40,5,11,1.0833333333333333,52.0,0.0,True,False
288,4 4 18,48,16.0,0,1.25,False,178000,1.875,0,104,116,28,36,4,0,0,40,5,11,1.0833333333333333,52.0,0.0,True,False
288,4 4 18,48,16.0,0,1.25,False,178500,1.875,0,104,116,28,36,4,0,0,40,5,11,1.0833333333333333,52.0,0.0,True,False
288,4 4 18,48,16.0,0,1.25,False,179000,1.875,0,104,116,28,36,4,0,0,40,5,11,1.0833333333333333,52.0,0.0,True,False
288,4 4 18,48,16.0,0,1.25,False,179500,1.875,0,104,116,28,36,4,0,0,40,5,11,1.0833333333333333,52.0,0.0,True,False
288,4 4 18,48,16.0,0,1.25,False,180000,1.875,0,104,116,28,36,4,0,0,40,5,11,1.0833333333333333,52.0,0.0,True,False
288,4 4 18,48,16.0,0,1.25,False,180500,1.8888888888888888,0,116,112,24,32,4,0,0,36,6,8,1.0,48.0,0.0,True,False
288,4 4 18,48,16.0,0,1.25,False,181000,1.8888888888888888,0,116,112,24,32,4,0,0,36,6,8,1.0,48.0,0.0,True,False
288,4 4 18,48,16.0,0,1.25,False,181500,1.875,0,104,116,28,36,4,0,0,40,5,11,1.0833333333333333,52.0,0.0,True,False
288,4 4 18,48,16.0,0,1.25,False,182000,1.875,0,104,116,28,36,4,0,0,40,5,11,1.0833333333333333,52.0,0.0,True,False
288,4 4 18,48,16.0,0,1.25,False,182500,1.875,0,104,116,28,36,4,0,0,40,5,11,1.0833333333333333,52.0,0.0,True,False
288,4 4 18,48,16.0,0,1.25,False,183000,1.875,0,104,116,28,36,4,0,0,40,5,11,1.0833333333333333,52.0,0.0,True,False
288,4 4 18,48,16.0,0,1.25,False,183500,1.8888888888888888,0,116,112,24,32,4,0,0,36,6,8,1.0,48.0,0.0,True,False
288,4 4 18,48,16.0,0,1.25,False,184000,1.8888888888888888,0,116,112,24,32,4,0,0,36,6,8,1.0,48.0,0.0,True,False
288,4 4 18,48,16.0,0,1.25,False,184500,1.8888888888888888,0,116,112,24,32,4,0,0,36,6,8,1.0,48.0,0.0,True,False
288,4 4 18,48,16.0,0,1.25,False,185000,1.8888888888888888,0,116,112,24,32,4,0,0,36,6,8,1.0,48.0,0.0,True,False
288,4 4 18,48,16.0,0,1.25,False,185500,1.875,0,104,116,28,36,4,0,0,40,5,11,1.0833333333333333,52.0,0.0,True,False
288,4 4 18,48,16.0,0,1.25,False,186000,1.875,0,104,116,28,36,4,0,0,40,5,11,1.0833333333333333,52.0,0.0,True,False
288,4 4 18,48,16.0,0,1.25,False,186500,1.875,0,104,116,28,36,4,0,0,40,5,11,1.0833333333333333,52.0,0.0,True,False
288,4 4 18,48,16.0,0,1.25,False,187000,1.875,0,104,116,28,36,4,0,0,40,5,11,1.0833333333333333,52.0,0.0,True,False
288,4 4 18,48,16.0,0,1.25,False,187500,1.875,0,104,116,28,36,4,0,0,40,5,11,1.0833333333333333,52.0,0.0,True,False
288,4 4 18,48,16.0,0,1.25,False,188000,1.875,0,104,116,28,36,4,0,0,40,5,11,1.0833333333333333,52.0,0.0,True,False
288,4 4 18,48,16.0,0,1.25,False,188500,1.875,0,104,116,28,36,4,0,0,40,5,11,1.0833333333333333,52.0,0.0,True,False
288,4 4 18,48,16.0,0,1.25,False,189000,1.875,0,104,116,28,36,4,0,0,40,5,11,1.0833333333333333,52.0,0.0,True,False
288,4 4 18,48,16.0,0,1.25,False,189500,1.875,0,104,116,28,36,4,0,0,40,5,11,1.0833333333333333,52.0,0.0,True,False
288,4 4 18,48,16.0,0,1.25,False,190000,1.875,0,104,116,28,36,4,0,0,40,5,11,1.0833333333333333,52.0,0.0,True,False
288,4 4 18,48,16.0,0,1.25,False,190500,1.875,0,104,116,28,36,4,0,0,40,5,11,1.0833333333333333,52.0,0.0,True,False
288,4 4 18,48,16.0,0,1.25,False,191000,1.875,0,104,116,28,36,4,0,0,40,5,11,1.0833333333333333,52.0,0.0,True,False
288,4 4 18,48,16.0,0,1.25,False,191500,1.875,0,104,116,28,36,4,0,0,40,5,11,1.0833333333333333,52.0,0.0,True,False
288,4 4 18,48,16.0,0,1.25,False,192000,1.875,0,104,116,28,36,4,0,0,40,5,11,1.0833333333333333,52.0,0.0,True,False
288,4 4 18,48,16.0,0,1.25,False,192500,1.875,0,104,116,28,36,4,0,0,40,5,11,1.0833333333333333,52.0,0.0,True,False
288,4 4 18,48,16.0,0,1.25,False,193000,1.875,0,104,116,28,36,4,0,0,40,5,11,1.0833333333333333,52.0,0.0,True,False
288,4 4 18,48,16.0,0,1.25,False,193500,1.875,0,104,116,28,36,4,0,0,40,5,11,1.0833333333333333,52.0,0.0,True,False
288,4 4 18,48,16.0,0,1.25,False,194000,1.875,0,104,116,28,36,4,0,0,40,5,11,1.0833333333333333,52.0,0.0,True,False
288,4 4 18,48,16.0,0,1.25,False,194500,1.875,0,104,116,28,36,4,0,0,40,5,11,1.0833333333333333,52.0,0.0,True,False
288,4 4 18,48,16.0,0,1.25,False,195000,1.875,0,104,116,28,36,4,0,0,40,5,11,1.0833333333333333,52.0,0.0,True,False
288,4 4 18,48,16.0,0,1.25,False,195500,1.875,0,104,116,28,36,4,0,0,40,5,11,1.0833333333333333,52.0,0.0,True,False
288,4 4 18,48,16.0,0,1.25,False,196000,1.875,0,104,116,28,36,4,0,0,40,5,11,1.0833333333333333,52.0,0.0,True,False
288,4 4 18,48,16.0,0,1.25,False,196500,1.875,0,104,116,28,36,4,0,0,40,5,11,1.0833333333333333,52.0,0.0,True,False
288,4 4 18,48,16.0,0,1.25,False,197000,1.875,0,104,116,28,36,4,0,0,40,5,11,1.0833333333333333,52.0,0.0,True,False
288,4 4 18,48,16.0,0,1.25,False,197500,1.875,0,104,116,28,36,4,0,0,40,5,11,1.0833333333333333,52.0,0.0,True,False
288,4 4 18,48,16.0,0,1.25,False,198000,1.875,0,104,116,28,36,4,0,0,40,5,11,1.0833333333333333,52.0,0.0,True,False
288,4 4 18,48,16.0,0,1.25,False,198500,1.875,0,104,116,28,36,4,0,0,40,5,11,1.0833333333333333,52.0,0.0,True,False
288,4 4 18,48,16.0,0,1.25,False,199000,1.8888888888888888,0,116,112,24,32,4,0,0,36,6,8,1.0,48.0,0.0,True,False
288,4 4 18,48,16.0,0,1.25,False,199500,1.875,0,104,116,28,36,4,0,0,40,5,11,1.0833333333333333,52.0,0.0,True,False
288,4 4 18,48,16.0,0,1.25,False,200000,1.875,0,104,116,28,36,4,0,0,40,5,11,1.0833333333333333,52.0,0.0,True,False
288,4 4 18,48,16.0,0,1.25,False,200500,1.875,0,104,116,28,36,4,0,0,40,5,11,1.0833333333333333,52.0,0.0,True,False
288,4 4 18,48,16.0,0,1.25,False,201000,1.875,0,104,116,28,36,4,0,0,40,5,11,1.0833333333333333,52.0,0.0,True,False
288,4 4 18,48,16.0,0,1.25,False,201500,1.8888888888888888,0,116,112,24,32,4,0,0,36,6,8,1.0,48.0,0.0,True,False
288,4 4 18,48,16.0,0,1.25,False,202000,1.875,0,104,116,28,36,4,0,0,40,5,11,1.0833333333333333,52.0,0.0,True,False
288,4 4 18,48,16.0,0,1.25,False,202500,1.875,0,104,116,28,36,4,0,0,40,5,11,1.0833333333333333,52.0,0.0,True,False
288,4 4 18,48,16.0,0,1.25,False,203000,1.875,0,104,116,28,36,4,0,0,40,5,11,1.0833333333333333,52.0,0.0,True,False
288,4 4 18,48,16.0,0,1.25,False,203500,1.8888888888888888,0,116,112,24,32,4,0,0,36,6,8,1.0,48.0,0.0,True,False
288,4 4 18,48,16.0,0,1.25,False,204000,1.875,0,104,116,28,36,4,0,0,40,5,11,1.0833333333333333,52.0,0.0,True,False
288,4 4 18,48,16.0,0,1.25,False,204500,1.8888888888888888,0,116,112,24,32,4,0,0,36,6,8,1.0,48.0,0.0,True,False
288,4 4 18,48,16.0,0,1.25,False,205000,1.8888888888888888,0,116,112,24,32,4,0,0,36,6,8,1.0,48.0,0.0,True,False
288,4 4 18,48,16.0,0,1.25,False,205500,1.875,0,104,116,28,36,4,0,0,40,5,11,1.0833333333333333,52.0,0.0,True,False
288,4 4 18,48,16.0,0,1.25,False,206000,1.875,0,104,116,28,36,4,0,0,40,5,11,1.0833333333333333,52.0,0.0,True,False
288,4 4 18,48,16.0,0,1.25,False,206500,1.875,0,104,116,28,36,4,0,0,40,5,11,1.0833333333333333,52.0,0.0,True,False
288,4 4 18,48,16.0,0,1.25,False,207000,1.875,0,104,116,28,36,4,0,0,40,5,11,1.0833333333333333,52.0,0.0,True,False
288,4 4 18,48,16.0,0,1.25,False,207500,1.875,0,104,116,28,36,4,0,0,40,5,11,1.0833333333333333,52.0,0.0,True,False
288,4 4 18,48,16.0,0,1.25,False,208000,1.875,0,104,116,28,36,4,0,0,40,5,11,1.0833333333333333,52.0,0.0,True,False
288,4 4 18,48,16.0,0,1.25,False,208500,1.875,0,104,116,28,36,4,0,0,40,5,11,1.0833333333333333,52.0,0.0,True,False
288,4 4 18,48,16.0,0,1.25,False,209000,1.875,0,104,116,28,36,4,0,0,40,5,11,1.0833333333333333,52.0,0.0,True,False
288,4 4 18,48,16.0,0,1.25,False,209500,1.875,0,104,116,28,36,4,0,0,40,5,11,1.0833333333333333,52.0,0.0,True,False
288,4 4 18,48,16.0,0,1.25,False,210000,1.875,0,104,116,28,36,4,0,0,40,5,11,1.0833333333333333,52.0,0.0,True,False
288,4 4 18,48,16.0,0,1.25,False,210500,1.875,0,104,116,28,36,4,0,0,40,5,11,1.0833333333333333,52.0,0.0,True,False
288,4 4 18,48,16.0,0,1.25,False,211000,1.875,0,104,116,28,36,4,0,0,40,5,11,1.0833333333333333,52.0,0.0,True,False
288,4 4 18,48,16.0,0,1.25,False,211500,1.8888888888888888,0,116,112,24,32,4,0,0,36,6,8,1.0,48.0,0.0,True,False
288,4 4 18,48,16.0,0,1.25,False,212000,1.9027777777777777,0,128,108,20,28,4,0,0,32,6,6,0.9166666666666666,44.0,0.0,True,False
288,4 4 18,48,16.0,0,1.25,False,212500,1.8888888888888888,0,116,112,24,32,4,0,0,36,6,8,1.0,48.0,0.0,True,False
288,4 4 18,48,16.0,0,1.25,False,213000,1.8888888888888888,0,116,112,24,32,4,0,0,36,6,8,1.0,48.0,0.0,True,False
288,4 4 18,48,16.0,0,1.25,False,213500,1.8888888888888888,0,116,112,24,32,4,0,0,36,6,8,1.0,48.0,0.0,True,False
288,4 4 18,48,16.0,0,1.25,False,214000,1.8888888888888888,0,116,112,24,32,4,0,0,36,6,8,1.0,48.0,0.0,True,False
288,4 4 18,48,16.0,0,1.25,False,214500,1.875,0,104,116,28,36,4,0,0,40,5,11,1.0833333333333333,52.0,0.0,True,False
288,4 4 18,48,16.0,0,1.25,False,215000,1.875,0,104,116,28,36,4,0,0,40,5,11,1.0833333333333333,52.0,0.0,True,False
288,4 4 18,48,16.0,0,1.25,False,215500,1.875,0,104,116,28,36,4,0,0,40,5,11,1.0833333333333333,52.0,0.0,True,False
288,4 4 18,48,16.0,0,1.25,False,216000,1.875,0,104,116,28,36,4,0,0,40,5,11,1.0833333333333333,52.0,0.0,True,False
288,4 4 18,48,16.0,0,1.25,False,216500,1.875,0,104,116,28,36,4,0,0,40,5,11,1.0833333333333333,52.0,0.0,True,False
288,4 4 18,48,16.0,0,1.25,False,217000,1.875,0,104,116,28,36,4,0,0,40,5,11,1.0833333333333333,52.0,0.0,True,False
288,4 4 18,48,16.0,0,1.25,False,217500,1.8888888888888888,0,116,112,24,32,4,0,0,36,6,8,1.0,48.0,0.0,True,False
288,4 4 18,48,16.0,0,1.25,False,218000,1.9236111111111112,0,106,116,26,36,4,0,0,40,8,8,0.7916666666666666,38.0,0.0,True,False
288,4 4 18,48,16.0,0,1.25,False,218500,1.9236111111111112,0,106,116,26,36,4,0,0,40,8,8,0.7916666666666666,38.0,0.0,True,False
288,4 4 18,48,16.0,0,1.25,False,219000,1.8888888888888888,0,116,112,24,32,4,0,0,36,6,8,1.0,48.0,0.0,True,False
288,4 4 18,48,16.0,0,1.25,False,219500,1.8888888888888888,0,116,112,24,32,4,0,0,36,6,8,1.0,48.0,0.0,True,False
288,4 4 18,48,16.0,0,1.25,False,220000,1.8888888888888888,0,116,112,24,32,4,0,0,36,6,8,1.0,48.0,0.0,True,False
288,4 4 18,48,16.0,0,1.25,False,220500,1.875,0,104,116,28,36,4,0,0,40,5,11,1.0833333333333333,52.0,0.0,True,False
288,4 4 18,48,16.0,0,1.25,False,221000,1.875,0,104,116,28,36,4,0,0,40,5,11,1.0833333333333333,52.0,0.0,True,False
288,4 4 18,48,16.0,0,1.25,False,221500,1.875,0,104,116,28,36,4,0,0,40,5,11,1.0833333333333333,52.0,0.0,True,False
288,4 4 18,48,16.0,0,1.25,False,222000,1.875,0,104,116,28,36,4,0,0,40,5,11,1.0833333333333333,52.0,0.0,True,False
288,4 4 18,48,16.0,0,1.25,False,222500,1.875,0,104,116,28,36,4,0,0,40,5,11,1.0833333333333333,52.0,0.0,True,False
288,4 4 18,48,16.0,0,1.25,False,223000,1.875,0,104,116,28,36,4,0,0,40,5,11,1.0833333333333333,52.0,0.0,True,False
288,4 4 18,48,16.0,0,1.25,False,223500,1.9097222222222223,0,96,116,32,40,4,0,0,44,8,11,0.875,42.0,0.0,True,False
288,4 4 18,48,16.0,0,1.25,False,224000,1.875,0,104,116,28,36,4,0,0,40,5,11,1.0833333333333333,52.0,0.0,True,False
288,4 4 18,48,16.0,0,1.25,False,224500,1.8888888888888888,0,116,112,24,32,4,0,0,36,6,8,1.0,48.0,0.0,True,False
288,4 4 18,48,16.0,0,1.25,False,225000,1.8888888888888888,0,116,112,24,32,4,0,0,36,6,8,1.0,48.0,0.0,True,False
288,4 4 18,48,16.0,0,1.25,False,225500,1.9097222222222223,0,96,116,32,40,4,0,0,44,7,12,0.875,42.0,0.0,True,False
288,4 4 18,48,16.0,0,1.25,False,226000,1.875,0,104,116,28,36,4,0,0,40,5,11,1.0833333333333333,52.0,0.0,True,False
288,4 4 18,48,16.0,0,1.25,False,226500,1.9097222222222223,0,94,120,30,40,4,0,0,44,7,11,0.875,42.0,0.0,True,False
288,4 4 18,48,16.0,0,1.25,False,227000,1.9097222222222223,0,94,120,30,40,4,0,0,44,7,11,0.875,42.0,0.0,True,False
288,4 4 18,48,16.0,0,1.25,False,227500,1.875,0,104,116,28,36,4,0,0,40,5,11,1.0833333333333333,52.0,0.0,True,False
288,4 4 18,48,16.0,0,1.25,False,228000,1.875,0,104,116,28,36,4,0,0,40,5,11,1.0833333333333333,52.0,0.0,True,False
288,4 4 18,48,16.0,0,1.25,False,228500,1.875,0,104,116,28,36,4,0,0,40,5,11,1.0833333333333333,52.0,0.0,True,False
288,4 4 18,48,16.0,0,1.25,False,229000,1.875,0,104,116,28,36,4,0,0,40,5,11,1.0833333333333333,52.0,0.0,True,False
288,4 4 18,48,16.0,0,1.25,False,229500,1.875,0,104,116,28,36,4,0,0,40,5,11,1.0833333333333333,52.0,0.0,True,False
288,4 4 18,48,16.0,0,1.25,False,230000,1.875,0,104,116,28,36,4,0,0,40,5,11,1.0833333333333333,52.0,0.0,True,False
288,4 4 18,48,16.0,0,1.25,False,230500,1.875,0,104,116,28,36,4,0,0,40,5,11,1.0833333333333333,52.0,0.0,True,False
288,4 4 18,48,16.0,0,1.25,False,231000,1.875,0,104,116,28,36,4,0,0,40,5,11,1.0833333333333333,52.0,0.0,True,False
288,4 4 18,48,16.0,0,1.25,False,231500,1.875,0,104,116,28,36,4,0,0,40,5,11,1.0833333333333333,52.0,0.0,True,False
288,4 4 18,48,16.0,0,1.25,False,232000,1.875,0,104,116,28,36,4,0,0,40,5,11,1.0833333333333333,52.0,0.0,True,False
288,4 4 18,48,16.0,0,1.25,False,232500,1.875,0,104,116,28,36,4,0,0,40,5,11,1.0833333333333333,52.0,0.0,True,False
288,4 4 18,48,16.0,0,1.25,False,233000,1.875,0,104,116,28,36,4,0,0,40,5,11,1.0833333333333333,52.0,0.0,True,False
288,4 4 18,48,16.0,0,1.25,False,233500,1.875,0,104,116,28,36,4,0,0,40,5,11,1.0833333333333333,52.0,0.0,True,False
288,4 4 18,48,16.0,0,1.25,False,234000,1.9097222222222223,0,92,124,28,40,4,0,0,44,5,11,0.875,42.0,0.0,True,False
288,4 4 18,48,16.0,0,1.25,False,234500,1.9305555555555556,0,92,120,32,40,4,0,0,44,7,11,0.75,36.0,0.0,True,False
288,4 4 18,48,16.0,0,1.25,False,235000,1.875,0,104,116,28,36,4,0,0,40,5,11,1.0833333333333333,52.0,0.0,True,False
288,4 4 18,48,16.0,0,1.25,False,235500,1.875,0,104,116,28,36,4,0,0,40,5,11,1.0833333333333333,52.0,0.0,True,False
288,4 4 18,48,16.0,0,1.25,False,236000,1.9305555555555556,0,92,120,32,40,4,0,0,44,9,11,0.75,36.0,0.0,True,False
288,4 4 18,48,16.0,0,1.25,False,236500,1.9305555555555556,0,84,120,36,44,4,0,0,48,7,11,0.75,36.0,0.0,True,False
288,4 4 18,48,16.0,0,1.25,False,237000,1.9305555555555556,0,76,120,40,48,4,0,0,52,6,11,0.75,36.0,0.0,True,False
288,4 4 18,48,16.0,0,1.25,False,237500,1.9305555555555556,0,68,120,44,52,4,0,0,56,6,11,0.75,36.0,0.0,True,False
288,4 4 18,48,16.0,0,1.25,False,238000,1.9305555555555556,0,76,120,40,48,4,0,0,52,6,11,0.75,36.0,0.0,True,False
288,4 4 18,48,16.0,0,1.25,False,238500,1.9305555555555556,0,92,120,32,40,4,0,0,44,9,11,0.75,36.0,0.0,True,False
288,4 4 18,48,16.0,0,1.25,False,239000,1.9166666666666667,0,80,124,40,36,8,0,0,44,7,11,0.8333333333333334,40.0,0.0,True,False
288,4 4 18,48,16.0,0,1.25,False,239500,1.9166666666666667,0,80,124,40,36,8,0,0,44,7,11,0.8333333333333334,40.0,0.0,True,False
288,4 4 18,48,16.0,0,1.25,False,240000,1.9027777777777777,0,68,128,44,40,8,0,0,48,6,11,0.9166666666666666,44.0,0.0,True,False
288,4 4 18,48,16.0,0,1.25,False,240500,1.9027777777777777,0,68,128,44,40,8,0,0,48,6,11,0.9166666666666666,44.0,0.0,True,False
288,4 4 18,48,16.0,0,1.25,False,241000,1.9027777777777777,0,68,128,44,40,8,0,0,48,6,11,0.9166666666666666,44.0,0.0,True,False
288,4 4 18,48,16.0,0,1.25,False,241500,1.9027777777777777,0,68,128,44,40,8,0,0,48,6,11,0.9166666666666666,44.0,0.0,True,False
288,4 4 18,48,16.0,0,1.25,False,242000,1.9027777777777777,0,68,128,44,40,8,0,0,48,6,11,0.9166666666666666,44.0,0.0,True,False
288,4 4 18,48,16.0,0,1.25,False,242500,1.9027777777777777,0,68,128,44,40,8,0,0,48,6,11,0.9166666666666666,44.0,0.0,True,False
288,4 4 18,48,16.0,0,1.25,False,243000,1.9027777777777777,0,68,128,44,40,8,0,0,48,6,11,0.9166666666666666,44.0,0.0,True,False
288,4 4 18,48,16.0,0,1.25,False,243500,1.9166666666666667,0,80,124,40,36,8,0,0,44,7,11,0.8333333333333334,40.0,0.0,True,False
288,4 4 18,48,16.0,0,1.25,False,244000,1.9027777777777777,0,68,128,44,40,8,0,0,48,6,11,0.9166666666666666,44.0,0.0,True,False
288,4 4 18,48,16.0,0,1.25,False,244500,1.9027777777777777,0,68,128,44,40,8,0,0,48,6,11,0.9166666666666666,44.0,0.0,True,False
288,4 4 18,48,16.0,0,1.25,False,245000,1.9166666666666667,0,80,124,40,36,8,0,0,44,7,11,0.8333333333333334,40.0,0.0,True,False
288,4 4 18,48,16.0,0,1.25,False,245500,1.9027777777777777,0,68,128,44,40,8,0,0,48,6,11,0.9166666666666666,44.0,0.0,True,False
288,4 4 18,48,16.0,0,1.25,False,246000,1.9027777777777777,0,68,128,44,40,8,0,0,48,6,11,0.9166666666666666,44.0,0.0,True,False
288,4 4 18,48,16.0,0,1.25,False,246500,1.9027777777777777,0,68,128,44,40,8,0,0,48,6,11,0.9166666666666666,44.0,0.0,True,False
288,4 4 18,48,16.0,0,1.25,False,247000,1.9027777777777777,0,68,128,44,40,8,0,0,48,6,11,0.9166666666666666,44.0,0.0,True,False
288,4 4 18,48,16.0,0,1.25,False,247500,1.9027777777777777,0,68,128,44,40,8,0,0,48,6,11,0.9166666666666666,44.0,0.0,True,False
288,4 4 18,48,16.0,0,1.25,False,248000,1.9027777777777777,0,68,128,44,40,8,0,0,48,6,11,0.9166666666666666,44.0,0.0,True,False
288,4 4 18,48,16.0,0,1.25,False,248500,1.9027777777777777,0,68,128,44,40,8,0,0,48,6,11,0.9166666666666666,44.0,0.0,True,False
288,4 4 18,48,16.0,0,1.25,False,249000,1.9027777777777777,0,68,128,44,40,8,0,0,48,6,11,0.9166666666666666,44.0,0.0,True,False
288,4 4 18,48,16.0,0,1.25,False,249500,1.9027777777777777,0,68,128,44,40,8,0,0,48,6,11,0.9166666666666666,44.0,0.0,True,False
288,4 4 18,48,16.0,0,1.25,False,250000,1.9027777777777777,0,68,128,44,40,8,0,0,48,6,11,0.9166666666666666,44.0,0.0,True,False
288,4 4 18,48,16.0,0,1.25,False,250500,1.9027777777777777,0,68,128,44,40,8,0,0,48,6,11,0.9166666666666666,44.0,0.0,True,False
288,4 4 18,48,16.0,0,1.25,False,251000,1.9166666666666667,0,80,124,40,36,8,0,0,44,8,8,0.8333333333333334,40.0,0.0,True,False
288,4 4 18,48,16.0,0,1.25,False,251500,1.9027777777777777,0,68,128,44,40,8,0,0,48,6,11,0.9166666666666666,44.0,0.0,True,False
288,4 4 18,48,16.0,0,1.25,False,252000,1.9166666666666667,0,80,124,40,36,8,0,0,44,7,11,0.8333333333333334,40.0,0.0,True,False
288,4 4 18,48,16.0,0,1.25,False,252500,1.9027777777777777,0,68,128,44,40,8,0,0,48,6,11,0.9166666666666666,44.0,0.0,True,False
288,4 4 18,48,16.0,0,1.25,False,253000,1.9027777777777777,0,68,128,44,40,8,0,0,48,6,11,0.9166666666666666,44.0,0.0,True,False
288,4 4 18,48,16.0,0,1.25,False,253500,1.9027777777777777,0,68,128,44,40,8,0,0,48,6,11,0.9166666666666666,44.0,0.0,True,False
288,4 4 18,48,16.0,0,1.25,False,254000,1.9166666666666667,0,80,124,40,36,8,0,0,44,8,8,0.8333333333333334,40.0,0.0,True,False
288,4 4 18,48,16.0,0,1.25,False,254500,1.9027777777777777,0,68,128,44,40,8,0,0,48,6,11,0.9166666666666666,44.0,0.0,True,False
288,4 4 18,48,16.0,0,1.25,False,255000,1.9027777777777777,0,68,128,44,40,8,0,0,48,6,11,0.9166666666666666,44.0,0.0,True,False
288,4 4 18,48,16.0,0,1.25,False,255500,1.9027777777777777,0,68,128,44,40,8,0,0,48,6,11,0.9166666666666666,44.0,0.0,True,False
288,4 4 18,48,16.0,0,1.25,False,256000,1.9166666666666667,0,80,124,40,36,8,0,0,44,7,11,0.8333333333333334,40.0,0.0,True,False
288,4 4 18,48,16.0,0,1.25,False,256500,1.9027777777777777,0,68,128,44,40,8,0,0,48,6,11,0.9166666666666666,44.0,0.0,True,False
288,4 4 18,48,16.0,0,1.25,False,257000,1.9027777777777777,0,68,128,44,40,8,0,0,48,6,11,0.9166666666666666,44.0,0.0,True,False
288,4 4 18,48,16.0,0,1.25,False,257500,1.9166666666666667,0,80,124,40,36,8,0,0,44,7,11,0.8333333333333334,40.0,0.0,True,False
288,4 4 18,48,16.0,0,1.25,False,258000,1.9166666666666667,0,80,124,40,36,8,0,0,44,7,11,0.8333333333333334,40.0,0.0,True,False
288,4 4 18,48,16.0,0,1.25,False,258500,1.9027777777777777,0,68,128,44,40,8,0,0,48,6,11,0.9166666666666666,44.0,0.0,True,False
288,4 4 18,48,16.0,0,1.25,False,259000,1.9027777777777777,0,68,128,44,40,8,0,0,48,6,11,0.9166666666666666,44.0,0.0,True,False
288,4 4 18,48,16.0,0,1.25,False,259500,1.9027777777777777,0,68,128,44,40,8,0,0,48,6,11,0.9166666666666666,44.0,0.0,True,False
288,4 4 18,48,16.0,0,1.25,False,260000,1.9166666666666667,0,80,124,40,36,8,0,0,44,8,8,0.8333333333333334,40.0,0.0,True,False
288,4 4 18,48,16.0,0,1.25,False,260500,1.9027777777777777,0,68,128,44,40,8,0,0,48,6,11,0.9166666666666666,44.0,0.0,True,False
288,4 4 18,48,16.0,0,1.25,False,261000,1.9027777777777777,0,68,128,44,40,8,0,0,48,6,11,0.9166666666666666,44.0,0.0,True,False
288,4 4 18,48,16.0,0,1.25,False,261500,1.9027777777777777,0,68,128,44,40,8,0,0,48,6,11,0.9166666666666666,44.0,0.0,True,False
288,4 4 18,48,16.0,0,1.25,False,262000,1.9027777777777777,0,68,128,44,40,8,0,0,48,6,11,0.9166666666666666,44.0,0.0,True,False
288,4 4 18,48,16.0,0,1.25,False,262500,1.9027777777777777,0,68,128,44,40,8,0,0,48,6,11,0.9166666666666666,44.0,0.0,True,False
288,4 4 18,48,16.0,0,1.25,False,263000,1.9166666666666667,0,80,124,40,36,8,0,0,44,8,8,0.8333333333333334,40.0,0.0,True,False
288,4 4 18,48,16.0,0,1.25,False,263500,1.9305555555555556,0,92,120,32,40,4,0,0,44,9,11,0.75,36.0,0.0,True,False
288,4 4 18,48,16.0,0,1.25,False,264000,1.9375,0,84,132,28,36,8,0,0,44,5,11,0.7083333333333334,34.0,0.0,True,False
288,4 4 18,48,16.0,0,1.25,False,264500,1.875,0,104,116,28,36,4,0,0,40,5,11,1.0833333333333333,52.0,0.0,True,False
288,4 4 18,48,16.0,0,1.25,False,265000,1.9305555555555556,0,92,120,32,40,4,0,0,44,7,11,0.75,36.0,0.0,True,False
288,4 4 18,48,16.0,0,1.25,False,265500,1.875,0,104,116,28,36,4,0,0,40,5,11,1.0833333333333333,52.0,0.0,True,False
288,4 4 18,48,16.0,0,1.25,False,266000,1.9305555555555556,0,85,118,37,44,4,0,0,48,5,12,0.75,36.0,0.0,True,False
288,4 4 18,48,16.0,0,1.25,False,266500,1.9305555555555556,0,85,118,37,44,4,0,0,48,5,12,0.75,36.0,0.0,True,False
288,4 4 18,48,16.0,0,1.25,False,267000,1.9305555555555556,0,77,118,41,48,4,0,0,52,5,16,0.75,36.0,0.0,True,False
288,4 4 18,48,16.0,0,1.25,False,267500,1.9305555555555556,0,77,118,41,48,4,0,0,52,5,16,0.75,36.0,0.0,True,False
288,4 4 18,48,16.0,0,1.25,False,268000,1.9305555555555556,0,77,118,41,48,4,0,0,52,5,16,0.75,36.0,0.0,True,False
288,4 4 18,48,16.0,0,1.25,False,268500,1.9305555555555556,0,85,118,37,44,4,0,0,48,5,12,0.75,36.0,0.0,True,False
288,4 4 18,48,16.0,0,1.25,False,269000,1.9305555555555556,0,85,118,37,44,4,0,0,48,5,12,0.75,36.0,0.0,True,False
288,4 4 18,48,16.0,0,1.25,False,269500,1.9444444444444444,0,104,116,28,36,4,0,0,40,6,8,0.6666666666666666,32.0,0.0,True,False
288,4 4 18,48,16.0,0,1.25,False,270000,1.9305555555555556,0,94,116,38,32,8,0,0,40,9,12,0.75,36.0,0.0,True,False
288,4 4 18,48,16.0,0,1.25,False,270500,1.9305555555555556,0,94,116,38,32,8,0,0,40,9,12,0.75,36.0,0.0,True,False
288,4 4 18,48,16.0,0,1.25,False,271000,1.9305555555555556,0,94,116,38,32,8,0,0,40,9,12,0.75,36.0,0.0,True,False
288,4 4 18,48,16.0,0,1.25,False,271500,1.9305555555555556,0,94,116,38,32,8,0,0,40,9,12,0.75,36.0,0.0,True,False
288,4 4 18,48,16.0,0,1.25,False,272000,1.9305555555555556,0,94,116,38,32,8,0,0,40,9,12,0.75,36.0,0.0,True,False
288,4 4 18,48,16.0,0,1.25,False,272500,1.9305555555555556,0,94,116,38,32,8,0,0,40,9,12,0.75,36.0,0.0,True,False
288,4 4 18,48,16.0,0,1.25,False,273000,1.9305555555555556,0,94,116,38,32,8,0,0,40,9,12,0.75,36.0,0.0,True,False
288,4 4 18,48,16.0,0,1.25,False,273500,1.9305555555555556,0,94,116,38,32,8,0,0,40,9,12,0.75,36.0,0.0,True,False
288,4 4 18,48,16.0,0,1.25,False,274000,1.9305555555555556,0,94,116,38,32,8,0,0,40,9,12,0.75,36.0,0.0,True,False
288,4 4 18,48,16.0,0,1.25,False,274500,1.9305555555555556,0,94,116,38,32,8,0,0,40,9,12,0.75,36.0,0.0,True,False
288,4 4 18,48,16.0,0,1.25,False,275000,1.9305555555555556,0,94,116,38,32,8,0,0,40,9,12,0.75,36.0,0.0,True,False
288,4 4 18,48,16.0,0,1.25,False,275500,1.9305555555555556,0,94,116,38,32,8,0,0,40,9,12,0.75,36.0,0.0,True,False
288,4 4 18,48,16.0,0,1.25,False,276000,1.9305555555555556,0,94,116,38,32,8,0,0,40,9,12,0.75,36.0,0.0,True,False
288,4 4 18,48,16.0,0,1.25,False,276500,1.9305555555555556,0,94,116,38,32,8,0,0,40,9,12,0.75,36.0,0.0,True,False
288,4 4 18,48,16.0,0,1.25,False,277000,1.9305555555555556,0,94,116,38,32,8,0,0,40,9,12,0.75,36.0,0.0,True,False
288,4 4 18,48,16.0,0,1.25,False,277500,1.9305555555555556,0,94,116,38,32,8,0,0,40,9,12,0.75,36.0,0.0,True,False
288,4 4 18,48,16.0,0,1.25,False,278000,1.9305555555555556,0,94,116,38,32,8,0,0,40,9,12,0.75,36.0,0.0,True,False
288,4 4 18,48,16.0,0,1.25,False,278500,1.9305555555555556,0,94,116,38,32,8,0,0,40,9,12,0.75,36.0,0.0,True,False
288,4 4 18,48,16.0,0,1.25,False,279000,1.9305555555555556,0,94,116,38,32,8,0,0,40,9,12,0.75,36.0,0.0,True,False
288,4 4 18,48,16.0,0,1.25,False,279500,1.9305555555555556,0,94,116,38,32,8,0,0,40,9,12,0.75,36.0,0.0,True,False
288,4 4 18,48,16.0,0,1.25,False,280000,1.9305555555555556,0,94,116,38,32,8,0,0,40,9,12,0.75,36.0,0.0,True,False
288,4 4 18,48,16.0,0,1.25,False,280500,1.9305555555555556,0,94,116,38,32,8,0,0,40,9,12,0.75,36.0,0.0,True,False
288,4 4 18,48,16.0,0,1.25,False,281000,1.9305555555555556,0,94,116,38,32,8,0,0,40,9,12,0.75,36.0,0.0,True,False
288,4 4 18,48,16.0,0,1.25,False,281500,1.9305555555555556,0,94,116,38,32,8,0,0,40,9,12,0.75,36.0,0.0,True,False
288,4 4 18,48,16.0,0,1.25,False,282000,1.9305555555555556,0,94,116,38,32,8,0,0,40,9,12,0.75,36.0,0.0,True,False
288,4 4 18,48,16.0,0,1.25,False,282500,1.9305555555555556,0,94,116,38,32,8,0,0,40,9,12,0.75,36.0,0.0,True,False
288,4 4 18,48,16.0,0,1.25,False,283000,1.9305555555555556,0,94,116,38,32,8,0,0,40,9,12,0.75,36.0,0.0,True,False
288,4 4 18,48,16.0,0,1.25,False,283500,1.9305555555555556,0,94,116,38,32,8,0,0,40,9,12,0.75,36.0,0.0,True,False
288,4 4 18,48,16.0,0,1.25,False,284000,1.9305555555555556,0,94,116,38,32,8,0,0,40,9,12,0.75,36.0,0.0,True,False
288,4 4 18,48,16.0,0,1.25,False,284500,1.9305555555555556,0,94,116,38,32,8,0,0,40,9,12,0.75,36.0,0.0,True,False
288,4 4 18,48,16.0,0,1.25,False,285000,1.9305555555555556,0,94,116,38,32,8,0,0,40,9,12,0.75,36.0,0.0,True,False
288,4 4 18,48,16.0,0,1.25,False,285500,1.9305555555555556,0,94,116,38,32,8,0,0,40,9,12,0.75,36.0,0.0,True,False
288,4 4 18,48,16.0,0,1.25,False,286000,1.9305555555555556,0,94,116,38,32,8,0,0,40,9,12,0.75,36.0,0.0,True,False
288,4 4 18,48,16.0,0,1.25,False,286500,1.9305555555555556,0,94,116,38,32,8,0,0,40,9,16,0.75,36.0,0.0,True,False
288,4 4 18,48,16.0,0,1.25,False,287000,1.9305555555555556,0,94,116,38,32,8,0,0,40,9,16,0.75,36.0,0.0,True,False
288,4 4 18,48,16.0,0,1.25,False,287500,1.9305555555555556,0,94,116,38,32,8,0,0,40,9,16,0.75,36.0,0.0,True,False
288,4 4 18,48,16.0,0,1.25,False,288000,1.9305555555555556,0,94,116,38,32,8,0,0,40,9,16,0.75,36.0,0.0,True,False
288,4 4 18,48,16.0,0,1.25,False,288500,1.9305555555555556,0,94,116,38,32,8,0,0,40,9,16,0.75,36.0,0.0,True,False
288,4 4 18,48,16.0,0,1.25,False,289000,1.9305555555555556,0,94,116,38,32,8,0,0,40,9,16,0.75,36.0,0.0,True,False
288,4 4 18,48,16.0,0,1.25,False,289500,1.9305555555555556,0,94,116,38,32,8,0,0,40,9,16,0.75,36.0,0.0,True,False
288,4 4 18,48,16.0,0,1.25,False,290000,1.9305555555555556,0,94,116,38,32,8,0,0,40,9,16,0.75,36.0,0.0,True,False
288,4 4 18,48,16.0,0,1.25,False,290500,1.9444444444444444,0,104,116,28,36,4,0,0,40,9,16,0.6666666666666666,32.0,0.0,True,False
288,4 4 18,48,16.0,0,1.25,False,291000,1.9444444444444444,0,104,116,28,36,4,0,0,40,9,16,0.6666666666666666,32.0,0.0,True,False
288,4 4 18,48,16.0,0,1.25,False,291500,1.9444444444444444,0,114,114,22,34,4,0,0,38,7,10,0.6666666666666666,32.0,0.0,True,False
288,4 4 18,48,16.0,0,1.25,False,292000,1.9444444444444444,0,104,116,28,36,4,0,0,40,9,16,0.6666666666666666,32.0,0.0,True,False
288,4 4 18,48,16.0,0,1.25,False,292500,1.9444444444444444,0,96,116,32,40,4,0,0,44,7,16,0.6666666666666666,32.0,0.0,True,False
288,4 4 18,48,16.0,0,1.25,False,293000,1.9027777777777777,0,128,108,20,28,4,0,0,32,5,12,0.9166666666666666,44.0,0.0,True,False
288,4 4 18,48,16.0,0,1.25,False,293500,1.9027777777777777,0,128,108,20,28,4,0,0,32,5,12,0.9166666666666666,44.0,0.0,True,False
288,4 4 18,48,16.0,0,1.25,False,294000,1.9305555555555556,0,90,124,30,40,4,0,0,44,7,20,0.75,36.0,0.0,True,False
288,4 4 18,48,16.0,0,1.25,False,294500,1.875,0,104,116,28,36,4,0,0,40,5,20,1.0833333333333333,52.0,0.0,True,False
288,4 4 18,48,16.0,0,1.25,False,295000,1.9305555555555556,0,93,118,33,40,4,0,0,44,10,20,0.75,36.0,0.0,True,False
288,4 4 18,48,16.0,0,1.25,False,295500,1.9305555555555556,0,85,118,37,44,4,0,0,48,8,20,0.75,36.0,0.0,True,False
288,4 4 18,48,16.0,0,1.25,False,296000,1.9305555555555556,0,92,120,32,40,4,0,0,44,7,20,0.75,36.0,0.0,True,False
288,4 4 18,48,16.0,0,1.25,False,296500,1.9166666666666667,0,80,124,36,44,4,0,0,48,7,24,0.8333333333333334,40.0,0.0,True,False
288,4 4 18,48,16.0,0,1.25,False,297000,1.8472222222222223,0,80,124,36,44,4,0,0,48,5,28,1.25,60.0,0.0,True,False
288,4 4 18,48,16.0,0,1.25,False,297500,1.8472222222222223,0,80,124,36,44,4,0,0,48,5,28,1.25,60.0,0.0,True,False
288,4 4 18,48,16.0,0,1.25,False,298000,1.9027777777777777,0,60,128,44,52,4,0,0,56,4,28,0.9166666666666666,44.0,0.0,True,False
288,4 4 18,48,16.0,0,1.25,False,298500,1.9027777777777777,0,52,128,48,56,4,0,0,60,4,28,0.9166666666666666,44.0,0.0,True,False
288,4 4 18,48,16.0,0,1.25,False,299000,1.8888888888888888,0,56,132,44,52,4,0,0,56,5,32,1.0,48.0,0.0,True,False
288,4 4 18,48,16.0,0,1.25,False,299500,1.90625,0,50,128,50,56,4,0,0,60,5,32,0.8958333333333334,43.0,0.0,True,False
288,4 4 18,48,16.0,0,1.25,False,300000,1.9027777777777777,0,68,128,40,48,4,0,0,52,5,28,0.9166666666666666,44.0,0.0,True,True
288,4 4 18,48,16.0,1,1.25,False,0,2.0,0,288,0,0,0,0,0,0,0,0,0,0.3333333333333333,16.0,0.0,False,False
288,4 4 18,48,16.0,1,1.25,False,500,2.0416666666666665,0,256,24,4,0,4,0,0,4,2,2,0.08333333333333333,4.0,0.0,True,False
288,4 4 18,48,16.0,1,1.25,False,1000,2.0416666666666665,0,256,24,4,0,4,0,0,4,2,2,0.08333333333333333,4.0,0.0,True,False
288,4 4 18,48,16.0,1,1.25,False,1500,2.0277777777777777,0,240,36,4,4,4,0,0,8,2,2,0.16666666666666666,8.0,0.0,True,False
288,4 4 18,48,16.0,1,1.25,False,2000,2.013888888888889,0,224,48,4,8,4,0,0,12,2,2,0.25,12.0,0.0,True,False
288,4 4 18,48,16.0,1,1.25,False,2500,2.013888888888889,0,224,48,4,8,4,0,0,12,2,2,0.25,12.0,0.0,True,False
288,4 4 18,48,16.0,1,1.25,False,3000,2.0,0,208,60,4,12,4,0,0,16,2,2,0.3333333333333333,16.0,0.0,True,False
288,4 4 18,48,16.0,1,1.25,False,3500,2.0,0,208,60,4,12,4,0,0,16,2,2,0.3333333333333333,16.0,0.0,True,False
288,4 4 18,48,16.0,1,1.25,False,4000,2.0,0,208,60,4,12,4,0,0,16,2,2,0.3333333333333333,16.0,0.0,True,False
288,4 4 18,48,16.0,1,1.25,False,4500,1.9861111111111112,0,192,72,4,16,4,0,0,20,2,2,0.4166666666666667,20.0,0.0,True,False
288,4 4 18,48,16.0,1,1.25,False,5000,1.9583333333333333,0,160,96,4,24,4,0,0,28,2,2,0.5833333333333334,28.0,0.0,True,False
288,4 4 18,48,16.0,1,1.25,False,5500,1.9548611111111112,0,150,100,6,32,0,0,0,32,3,2,0.6041666666666666,29.0,0.0,True,False
288,4 4 18,48,16.0,1,1.25,False,6000,1.9548611111111112,0,150,100,6,32,0,0,0,32,3,2,0.6041666666666666,29.0,0.0,True,False
288,4 4 18,48,16.0,1,1.25,False,6500,1.9513888888888888,0,140,104,12,32,0,0,0,32,6,2,0.625,30.0,0.0,True,False
288,4 4 18,48,16.0,1,1.25,False,7000,1.9548611111111112,0,150,100,6,32,0,0,0,32,3,2,0.6041666666666666,29.0,0.0,True,False
288,4 4 18,48,16.0,1,1.25,False,7500,1.9548611111111112,0,150,100,6,32,0,0,0,32,3,2,0.6041666666666666,29.0,0.0,True,False
288,4 4 18,48,16.0,1,1.25,False,8000,1.9513888888888888,0,140,104,12,32,0,0,0,32,6,2,0.625,30.0,0.0,True,False
288,4 4 18,48,16.0,1,1.25,False,8500,1.9548611111111112,0,150,100,6,32,0,0,0,32,3,2,0.6041666666666666,29.0,0.0,True,False
288,4 4 18,48,16.0,1,1.25,False,9000,1.9513888888888888,0,140,104,12,32,0,0,0,32,6,2,0.625,30.0,0.0,True,False
288,4 4 18,48,16.0,1,1.25,False,9500,1.9513888888888888,0,140,104,12,32,0,0,0,32,6,2,0.625,30.0,0.0,True,False
288,4 4 18,48,16.0,1,1.25,False,10000,1.9513888888888888,0,140,104,12,32,0,0,0,32,6,2,0.625,30.0,0.0,True,False
288,4 4 18,48,16.0,1,1.25,False,10500,1.9548611111111112,0,150,100,6,32,0,0,0,32,3,2,0.6041666666666666,29.0,0.0,True,False
288,4 4 18,48,16.0,1,1.25,False,11000,1.9548611111111112,0,150,100,6,32,0,0,0,32,3,2,0.6041666666666666,29.0,0.0,True,False
288,4 4 18,48,16.0,1,1.25,False,11500,1.9548611111111112,0,150,100,6,32,0,0,0,32,3,2,0.6041666666666666,29.0,0.0,True,False
288,4 4 18,48,16.0,1,1.25,False,12000,1.9513888888888888,0,140,104,12,32,0,0,0,32,6,2,0.625,30.0,0.0,True,False
288,4 4 18,48,16.0,1,1.25,False,12500,1.9618055555555556,0,132,114,10,28,2,2,0,32,4,3,0.5625,27.0,0.0,True,False
288,4 4 18,48,16.0,1,1.25,False,13000,1.8611111111111112,0,152,100,8,28,0,0,0,28,4,2,1.1666666666666667,56.0,0.0,True,False
288,4 4 18,48,16.0,1,1.25,False,13500,1.9097222222222223,0,124,112,16,32,4,0,0,36,7,4,0.875,42.0,0.0,True,False
288,4 4 18,48,16.0,1,1.25,False,14000,1.9097222222222223,0,124,112,16,32,4,0,0,36,7,4,0.875,42.0,0.0,True,False
288,4 4 18,48,16.0,1,1.25,False,14500,1.9097222222222223,0,124,112,16,32,4,0,0,36,7,4,0.875,42.0,0.0,True,False
288,4 4 18,48,16.0,1,1.25,False,15000,1.9097222222222223,0,124,112,16,32,4,0,0,36,7,4,0.875,42.0,0.0,True,False
288,4 4 18,48,16.0,1,1.25,False,15500,1.9097222222222223,0,124,112,16,32,4,0,0,36,7,4,0.875,42.0,0.0,True,False
288,4 4 18,48,16.0,1,1.25,False,16000,1.9097222222222223,0,124,112,16,32,4,0,0,36,7,4,0.875,42.0,0.0,True,False
288,4 4 18,48,16.0,1,1.25,False,16500,1.9097222222222223,0,124,112,16,32,4,0,0,36,7,4,0.875,42.0,0.0,True,False
288,4 4 18,48,16.0,1,1.25,False,17000,1.9444444444444444,0,108,112,24,40,4,0,0,44,6,8,0.6666666666666666,32.0,0.0,True,False
288,4 4 18,48,16.0,1,1.25,False,17500,1.9444444444444444,0,116,112,20,36,4,0,0,40,9,4,0.6666666666666666,32.0,0.0,True,False
288,4 4 18,48,16.0,1,1.25,False,18000,1.9097222222222223,0,124,112,16,32,4,0,0,36,7,4,0.875,42.0,0.0,True,False
288,4 4 18,48,16.0,1,1.25,False,18500,1.9097222222222223,0,124,112,16,32,4,0,0,36,7,4,0.875,42.0,0.0,True,False
288,4 4 18,48,16.0,1,1.25,False,19000,1.9097222222222223,0,124,112,16,32,4,0,0,36,7,4,0.875,42.0,0.0,True,False
288,4 4 18,48,16.0,1,1.25,False,19500,1.9444444444444444,0,114,116,18,36,4,0,0,40,9,4,0.6666666666666666,32.0,0.0,True,False
288,4 4 18,48,16.0,1,1.25,False,20000,1.9444444444444444,0,114,116,18,36,4,0,0,40,9,4,0.6666666666666666,32.0,0.0,True,False
288,4 4 18,48,16.0,1,1.25,False,20500,1.9444444444444444,0,114,116,18,36,4,0,0,40,9,4,0.6666666666666666,32.0,0.0,True,False
288,4 4 18,48,16.0,1,1.25,False,21000,1.9097222222222223,0,124,112,16,32,4,0,0,36,7,4,0.875,42.0,0.0,True,False
288,4 4 18,48,16.0,1,1.25,False,21500,1.9097222222222223,0,124,112,16,32,4,0,0,36,7,4,0.875,42.0,0.0,True,False
288,4 4 18,48,16.0,1,1.25,False,22000,1.9097222222222223,0,124,112,16,32,4,0,0,36,7,4,0.875,42.0,0.0,True,False
288,4 4 18,48,16.0,1,1.25,False,22500,1.9097222222222223,0,124,112,16,32,4,0,0,36,7,4,0.875,42.0,0.0,True,False
288,4 4 18,48,16.0,1,1.25,False,23000,1.9097222222222223,0,124,112,16,32,4,0,0,36,7,4,0.875,42.0,0.0,True,False
288,4 4 18,48,16.0,1,1.25,False,23500,1.9097222222222223,0,124,112,16,32,4,0,0,36,7,4,0.875,42.0,0.0,True,False
288,4 4 18,48,16.0,1,1.25,False,24000,1.9097222222222223,0,124,112,16,32,4,0,0,36,7,4,0.875,42.0,0.0,True,False
288,4 4 18,48,16.0,1,1.25,False,24500,1.9097222222222223,0,124,112,16,32,4,0,0,36,7,4,0.875,42.0,0.0,True,False
288,4 4 18,48,16.0,1,1.25,False,25000,1.9097222222222223,0,124,112,16,32,4,0,0,36,7,4,0.875,42.0,0.0,True,False
288,4 4 18,48,16.0,1,1.25,False,25500,1.9097222222222223,0,124,112,16,32,4,0,0,36,7,4,0.875,42.0,0.0,True,False
288,4 4 18,48,16.0,1,1.25,False,26000,1.9097222222222223,0,124,112,16,32,4,0,0,36,7,4,0.875,42.0,0.0,True,False
288,4 4 18,48,16.0,1,1.25,False,26500,1.9097222222222223,0,124,112,16,32,4,0,0,36,7,4,0.875,42.0,0.0,True,False
288,4 4 18,48,16.0,1,1.25,False,27000,1.9444444444444444,0,114,116,18,36,4,0,0,40,9,4,0.6666666666666666,32.0,0.0,True,False
288,4 4 18,48,16.0,1,1.25,False,27500,1.9444444444444444,0,114,116,18,36,4,0,0,40,9,4,0.6666666666666666,32.0,0.0,True,False
288,4 4 18,48,16.0,1,1.25,False,28000,1.9444444444444444,0,114,116,18,36,4,0,0,40,9,4,0.6666666666666666,32.0,0.0,True,False
288,4 4 18,48,16.0,1,1.25,False,28500,1.9444444444444444,0,114,116,18,36,4,0,0,40,9,4,0.6666666666666666,32.0,0.0,True,False
288,4 4 18,48,16.0,1,1.25,False,29000,1.9444444444444444,0,114,116,18,36,4,0,0,40,9,4,0.6666666666666666,32.0,0.0,True,False
288,4 4 18,48,16.0,1,1.25,False,29500,1.9444444444444444,0,114,116,18,36,4,0,0,40,9,4,0.6666666666666666,32.0,0.0,True,False
288,4 4 18,48,16.0,1,1.25,False,30000,1.9444444444444444,0,114,116,18,36,4,0,0,40,9,4,0.6666666666666666,32.0,0.0,True,False
288,4 4 18,48,16.0,1,1.25,False,30500,1.9444444444444444,0,114,116,18,36,4,0,0,40,9,4,0.6666666666666666,32.0,0.0,True,False
288,4 4 18,48,16.0,1,1.25,False,31000,1.9444444444444444,0,114,116,18,36,4,0,0,40,9,4,0.6666666666666666,32.0,0.0,True,False
288,4 4 18,48,16.0,1,1.25,False,31500,1.9444444444444444,0,114,116,18,36,4,0,0,40,9,4,0.6666666666666666,32.0,0.0,True,False
288,4 4 18,48,16.0,1,1.25,False,32000,1.9444444444444444,0,114,116,18,36,4,0,0,40,9,4,0.6666666666666666,32.0,0.0,True,False
288,4 4 18,48,16.0,1,1.25,False,32500,1.9097222222222223,0,124,112,16,32,4,0,0,36,7,4,0.875,42.0,0.0,True,False
288,4 4 18,48,16.0,1,1.25,False,33000,1.9097222222222223,0,124,112,16,32,4,0,0,36,7,4,0.875,42.0,0.0,True,False
288,4 4 18,48,16.0,1,1.25,False,33500,1.9097222222222223,0,124,112,16,32,4,0,0,36,7,4,0.875,42.0,0.0,True,False
288,4 4 18,48,16.0,1,1.25,False,34000,1.9097222222222223,0,124,112,16,32,4,0,0,36,7,4,0.875,42.0,0.0,True,False
288,4 4 18,48,16.0,1,1.25,False,34500,1.9097222222222223,0,124,112,16,32,4,0,0,36,7,4,0.875,42.0,0.0,True,False
288,4 4 18,48,16.0,1,1.25,False,35000,1.9097222222222223,0,124,112,16,32,4,0,0,36,7,4,0.875,42.0,0.0,True,False
288,4 4 18,48,16.0,1,1.25,False,35500,1.9236111111111112,0,136,108,12,28,4,0,0,32,8,2,0.7916666666666666,38.0,0.0,True,False
288,4 4 18,48,16.0,1,1.25,False,36000,1.9097222222222223,0,124,112,16,32,4,0,0,36,7,4,0.875,42.0,0.0,True,False
288,4 4 18,48,16.0,1,1.25,False,36500,1.9097222222222223,0,124,112,16,32,4,0,0,36,7,4,0.875,42.0,0.0,True,False
288,4 4 18,48,16.0,1,1.25,False,37000,1.9097222222222223,0,124,112,16,32,4,0,0,36,7,4,0.875,42.0,0.0,True,False
288,4 4 18,48,16.0,1,1.25,False,37500,1.9444444444444444,0,114,116,18,36,4,0,0,40,9,4,0.6666666666666666,32.0,0.0,True,False
288,4 4 18,48,16.0,1,1.25,False,38000,1.9444444444444444,0,114,116,18,36,4,0,0,40,9,4,0.6666666666666666,32.0,0.0,True,False
288,4 4 18,48,16.0,1,1.25,False,38500,1.9097222222222223,0,124,112,16,32,4,0,0,36,7,4,0.875,42.0,0.0,True,False
288,4 4 18,48,16.0,1,1.25,False,39000,1.9097222222222223,0,124,112,16,32,4,0,0,36,7,4,0.875,42.0,0.0,True,False
288,4 4 18,48,16.0,1,1.25,False,39500,1.9097222222222223,0,124,112,16,32,4,0,0,36,7,4,0.875,42.0,0.0,True,False
288,4 4 18,48,16.0,1,1.25,False,40000,1.9097222222222223,0,124,112,16,32,4,0,0,36,7,4,0.875,42.0,0.0,True,False
288,4 4 18,48,16.0,1,1.25,False,40500,1.9097222222222223,0,124,112,16,32,4,0,0,36,7,4,0.875,42.0,0.0,True,False
288,4 4 18,48,16.0,1,1.25,False,41000,1.9097222222222223,0,124,112,16,32,4,0,0,36,7,4,0.875,42.0,0.0,True,False
288,4 4 18,48,16.0,1,1.25,False,41500,1.8611111111111112,0,152,100,8,28,0,0,0,28,4,2,1.1666666666666667,56.0,0.0,True,False
288,4 4 18,48,16.0,1,1.25,False,42000,1.9166666666666667,0,140,104,12,32,0,0,0,32,6,3,0.8333333333333334,40.0,0.0,True,False
288,4 4 18,48,16.0,1,1.25,False,42500,1.9166666666666667,0,138,108,10,32,0,0,0,32,6,2,0.8333333333333334,40.0,0.0,True,False
288,4 4 18,48,16.0,1,1.25,False,43000,1.9166666666666667,0,138,108,10,32,0,0,0,32,6,2,0.8333333333333334,40.0,0.0,True,False
288,4 4 18,48,16.0,1,1.25,False,43500,1.9166666666666667,0,138,108,10,32,0,0,0,32,6,2,0.8333333333333334,40.0,0.0,True,False
288,4 4 18,48,16.0,1,1.25,False,44000,1.9166666666666667,0,140,104,12,32,0,0,0,32,6,4,0.8333333333333334,40.0,0.0,True,False
288,4 4 18,48,16.0,1,1.25,False,44500,1.9027777777777777,0,128,108,20,28,4,0,0,32,5,6,0.9166666666666666,44.0,0.0,True,False
288,4 4 18,48,16.0,1,1.25,False,45000,1.8888888888888888,0,116,112,24,32,4,0,0,36,5,8,1.0,48.0,0.0,True,False
288,4 4 18,48,16.0,1,1.25,False,45500,1.875,0,104,116,28,36,4,0,0,40,5,10,1.0833333333333333,52.0,0.0,True,False
288,4 4 18,48,16.0,1,1.25,False,46000,1.8333333333333333,0,68,128,40,48,4,0,0,52,5,16,1.3333333333333333,64.0,0.0,True,False
288,4 4 18,48,16.0,1,1.25,False,46500,1.8333333333333333,0,68,128,40,48,4,0,0,52,5,16,1.3333333333333333,64.0,0.0,True,False
288,4 4 18,48,16.0,1,1.25,False,47000,1.8333333333333333,0,68,128,40,48,4,0,0,52,5,16,1.3333333333333333,64.0,0.0,True,False
288,4 4 18,48,16.0,1,1.25,False,47500,1.8333333333333333,0,68,128,40,48,4,0,0,52,5,16,1.3333333333333333,64.0,0.0,True,False
288,4 4 18,48,16.0,1,1.25,False,48000,1.8194444444444444,0,56,132,44,52,4,0,0,56,4,20,1.4166666666666667,68.0,0.0,True,False
288,4 4 18,48,16.0,1,1.25,False,48500,1.7222222222222223,0,52,128,52,56,0,0,0,56,4,20,2.0,96.0,0.0,True,False
288,4 4 18,48,16.0,1,1.25,False,49000,1.8055555555555556,0,47,128,51,62,0,0,0,62,5,19,1.5,72.0,0.0,True,False
288,4 4 18,48,16.0,1,1.25,False,49500,1.7222222222222223,0,52,128,52,56,0,0,0,56,4,20,2.0,96.0,0.0,True,False
288,4 4 18,48,16.0,1,1.25,False,50000,1.7881944444444444,0,47,126,55,60,0,0,0,60,5,21,1.6041666666666667,77.0,0.0,True,False
288,4 4 18,48,16.0,1,1.25,False,50500,1.7881944444444444,0,47,126,55,60,0,0,0,60,5,21,1.6041666666666667,77.0,0.0,True,False
288,4 4 18,48,16.0,1,1.25,False,51000,1.7222222222222223,0,52,128,52,56,0,0,0,56,4,20,2.0,96.0,0.0,True,False
288,4 4 18,48,16.0,1,1.25,False,51500,1.7222222222222223,0,52,128,52,56,0,0,0,56,4,20,2.0,96.0,0.0,True,False
288,4 4 18,48,16.0,1,1.25,False,52000,1.7777777777777777,0,42,128,58,60,0,0,0,60,4,50,1.6666666666666667,80.0,0.0,True,False
288,4 4 18,48,16.0,1,1.25,False,52500,1.7777777777777777,0,42,128,58,60,0,0,0,60,4,50,1.6666666666666667,80.0,0.0,True,False
288,4 4 18,48,16.0,1,1.25,False,53000,1.7222222222222223,0,52,128,52,56,0,0,0,56,4,20,2.0,96.0,0.0,True,False
288,4 4 18,48,16.0,1,1.25,False,53500,1.7881944444444444,0,47,126,55,60,0,0,0,60,5,21,1.6041666666666667,77.0,0.0,True,False
288,4 4 18,48,16.0,1,1.25,False,54000,1.7222222222222223,0,52,128,52,56,0,0,0,56,4,20,2.0,96.0,0.0,True,False
288,4 4 18,48,16.0,1,1.25,False,54500,1.7777777777777777,0,42,128,58,60,0,0,0,60,4,50,1.6666666666666667,80.0,0.0,True,False
288,4 4 18,48,16.0,1,1.25,False,55000,1.7777777777777777,0,42,128,58,60,0,0,0,60,4,50,1.6666666666666667,80.0,0.0,True,False
288,4 4 18,48,16.0,1,1.25,False,55500,1.7777777777777777,0,42,128,58,60,0,0,0,60,4,50,1.6666666666666667,80.0,0.0,True,False
288,4 4 18,48,16.0,1,1.25,False,56000,1.7222222222222223,0,52,128,52,56,0,0,0,56,4,20,2.0,96.0,0.0,True,False
288,4 4 18,48,16.0,1,1.25,False,56500,1.7222222222222223,0,52,128,52,56,0,0,0,56,4,20,2.0,96.0,0.0,True,False
288,4 4 18,48,16.0,1,1.25,False,57000,1.7222222222222223,0,52,128,52,56,0,0,0,56,4,20,2.0,96.0,0.0,True,False
288,4 4 18,48,16.0,1,1.25,False,57500,1.7222222222222223,0,52,128,52,56,0,0,0,56,4,20,2.0,96.0,0.0,True,False
288,4 4 18,48,16.0,1,1.25,False,58000,1.7222222222222223,0,52,128,52,56,0,0,0,56,4,20,2.0,96.0,0.0,True,False
288,4 4 18,48,16.0,1,1.25,False,58500,1.7222222222222223,0,52,128,52,56,0,0,0,56,4,20,2.0,96.0,0.0,True,False
288,4 4 18,48,16.0,1,1.25,False,59000,1.7222222222222223,0,52,128,52,56,0,0,0,56,4,20,2.0,96.0,0.0,True,False
288,4 4 18,48,16.0,1,1.25,False,59500,1.7222222222222223,0,52,128,52,56,0,0,0,56,4,20,2.0,96.0,0.0,True,False
288,4 4 18,48,16.0,1,1.25,False,60000,1.7222222222222223,0,52,128,52,56,0,0,0,56,4,20,2.0,96.0,0.0,True,False
288,4 4 18,48,16.0,1,1.25,False,60500,1.7222222222222223,0,52,128,52,56,0,0,0,56,4,20,2.0,96.0,0.0,True,False
288,4 4 18,48,16.0,1,1.25,False,61000,1.7222222222222223,0,52,128,52,56,0,0,0,56,4,20,2.0,96.0,0.0,True,False
288,4 4 18,48,16.0,1,1.25,False,61500,1.7222222222222223,0,52,128,52,56,0,0,0,56,4,20,2.0,96.0,0.0,True,False
288,4 4 18,48,16.0,1,1.25,False,62000,1.7222222222222223,0,52,128,52,56,0,0,0,56,4,20,2.0,96.0,0.0,True,False
288,4 4 18,48,16.0,1,1.25,False,62500,1.7222222222222223,0,52,128,52,56,0,0,0,56,4,20,2.0,96.0,0.0,True,False
288,4 4 18,48,16.0,1,1.25,False,63000,1.7222222222222223,0,52,128,52,56,0,0,0,56,4,20,2.0,96.0,0.0,True,False
288,4 4 18,48,16.0,1,1.25,False,63500,1.7222222222222223,0,52,128,52,56,0,0,0,56,4,20,2.0,96.0,0.0,True,False
288,4 4 18,48,16.0,1,1.25,False,64000,1.7222222222222223,0,52,128,52,56,0,0,0,56,4,20,2.0,96.0,0.0,True,False
288,4 4 18,48,16.0,1,1.25,False,64500,1.7222222222222223,0,52,128,52,56,0,0,0,56,4,20,2.0,96.0,0.0,True,False
288,4 4 18,48,16.0,1,1.25,False,65000,1.7222222222222223,0,52,128,52,56,0,0,0,56,4,20,2.0,96.0,0.0,True,False
288,4 4 18,48,16.0,1,1.25,False,65500,1.7222222222222223,0,52,128,52,56,0,0,0,56,4,20,2.0,96.0,0.0,True,False
288,4 4 18,48,16.0,1,1.25,False,66000,1.7222222222222223,0,52,128,52,56,0,0,0,56,4,20,2.0,96.0,0.0,True,False
288,4 4 18,48,16.0,1,1.25,False,66500,1.7222222222222223,0,52,128,52,56,0,0,0,56,4,20,2.0,96.0,0.0,True,False
288,4 4 18,48,16.0,1,1.25,False,67000,1.7222222222222223,0,52,128,52,56,0,0,0,56,4,20,2.0,96.0,0.0,True,False
288,4 4 18,48,16.0,1,1.25,False,67500,1.7777777777777777,0,42,128,58,60,0,0,0,60,4,50,1.6666666666666667,80.0,0.0,True,False
288,4 4 18,48,16.0,1,1.25,False,68000,1.7222222222222223,0,52,128,52,56,0,0,0,56,4,20,2.0,96.0,0.0,True,False
288,4 4 18,48,16.0,1,1.25,False,68500,1.7222222222222223,0,52,128,52,56,0,0,0,56,4,20,2.0,96.0,0.0,True,False
288,4 4 18,48,16.0,1,1.25,False,69000,1.7222222222222223,0,52,128,52,56,0,0,0,56,4,20,2.0,96.0,0.0,True,False
288,4 4 18,48,16.0,1,1.25,False,69500,1.7222222222222223,0,52,128,52,56,0,0,0,56,4,20,2.0,96.0,0.0,True,False
288,4 4 18,48,16.0,1,1.25,False,70000,1.7222222222222223,0,52,128,52,56,0,0,0,56,4,20,2.0,96.0,0.0,True,False
288,4 4 18,48,16.0,1,1.25,False,70500,1.7222222222222223,0,52,128,52,56,0,0,0,56,4,20,2.0,96.0,0.0,True,False
288,4 4 18,48,16.0,1,1.25,False,71000,1.7222222222222223,0,52,128,52,56,0,0,0,56,4,20,2.0,96.0,0.0,True,False
288,4 4 18,48,16.0,1,1.25,False,71500,1.7222222222222223,0,52,128,52,56,0,0,0,56,4,20,2.0,96.0,0.0,True,False
288,4 4 18,48,16.0,1,1.25,False,72000,1.7222222222222223,0,52,128,52,56,0,0,0,56,4,20,2.0,96.0,0.0,True,False
288,4 4 18,48,16.0,1,1.25,False,72500,1.7222222222222223,0,52,128,52,56,0,0,0,56,4,20,2.0,96.0,0.0,True,False
288,4 4 18,48,16.0,1,1.25,False,73000,1.7222222222222223,0,52,128,52,56,0,0,0,56,4,20,2.0,96.0,0.0,True,False
288,4 4 18,48,16.0,1,1.25,False,73500,1.7222222222222223,0,52,128,52,56,0,0,0,56,4,20,2.0,96.0,0.0,True,False
288,4 4 18,48,16.0,1,1.25,False,74000,1.7222222222222223,0,52,128,52,56,0,0,0,56,4,20,2.0,96.0,0.0,True,False
288,4 4 18,48,16.0,1,1.25,False,74500,1.7222222222222223,0,52,128,52,56,0,0,0,56,4,20,2.0,96.0,0.0,True,False
288,4 4 18,48,16.0,1,1.25,False,75000,1.7222222222222223,0,52,128,52,56,0,0,0,56,4,20,2.0,96.0,0.0,True,False
288,4 4 18,48,16.0,1,1.25,False,75500,1.7222222222222223,0,52,128,52,56,0,0,0,56,4,20,2.0,96.0,0.0,True,False
288,4 4 18,48,16.0,1,1.25,False,76000,1.7222222222222223,0,52,128,52,56,0,0,0,56,4,20,2.0,96.0,0.0,True,False
288,4 4 18,48,16.0,1,1.25,False,76500,1.7222222222222223,0,52,128,52,56,0,0,0,56,4,20,2.0,96.0,0.0,True,False
288,4 4 18,48,16.0,1,1.25,False,77000,1.7222222222222223,0,52,128,52,56,0,0,0,56,4,20,2.0,96.0,0.0,True,False
288,4 4 18,48,16.0,1,1.25,False,77500,1.7222222222222223,0,52,128,52,56,0,0,0,56,4,20,2.0,96.0,0.0,True,False
288,4 4 18,48,16.0,1,1.25,False,78000,1.7222222222222223,0,52,128,52,56,0,0,0,56,4,20,2.0,96.0,0.0,True,False
288,4 4 18,48,16.0,1,1.25,False,78500,1.7222222222222223,0,52,128,52,56,0,0,0,56,4,20,2.0,96.0,0.0,True,False
288,4 4 18,48,16.0,1,1.25,False,79000,1.7222222222222223,0,52,128,52,56,0,0,0,56,4,20,2.0,96.0,0.0,True,False
288,4 4 18,48,16.0,1,1.25,False,79500,1.7222222222222223,0,52,128,52,56,0,0,0,56,4,20,2.0,96.0,0.0,True,False
288,4 4 18,48,16.0,1,1.25,False,80000,1.7222222222222223,0,52,128,52,56,0,0,0,56,4,20,2.0,96.0,0.0,True,False
288,4 4 18,48,16.0,1,1.25,False,80500,1.7222222222222223,0,52,128,52,56,0,0,0,56,4,20,2.0,96.0,0.0,True,False
288,4 4 18,48,16.0,1,1.25,False,81000,1.7222222222222223,0,52,128,52,56,0,0,0,56,4,20,2.0,96.0,0.0,True,False
288,4 4 18,48,16.0,1,1.25,False,81500,1.7222222222222223,0,52,128,52,56,0,0,0,56,4,20,2.0,96.0,0.0,True,False
288,4 4 18,48,16.0,1,1.25,False,82000,1.7222222222222223,0,52,128,52,56,0,0,0,56,4,20,2.0,96.0,0.0,True,False
288,4 4 18,48,16.0,1,1.25,False,82500,1.7222222222222223,0,52,128,52,56,0,0,0,56,4,20,2.0,96.0,0.0,True,False
288,4 4 18,48,16.0,1,1.25,False,83000,1.7222222222222223,0,52,128,52,56,0,0,0,56,4,20,2.0,96.0,0.0,True,False
288,4 4 18,48,16.0,1,1.25,False,83500,1.7222222222222223,0,52,128,52,56,0,0,0,56,4,20,2.0,96.0,0.0,True,False
288,4 4 18,48,16.0,1,1.25,False,84000,1.7222222222222223,0,52,128,52,56,0,0,0,56,4,20,2.0,96.0,0.0,True,False
288,4 4 18,48,16.0,1,1.25,False,84500,1.7222222222222223,0,52,128,52,56,0,0,0,56,4,20,2.0,96.0,0.0,True,False
288,4 4 18,48,16.0,1,1.25,False,85000,1.7222222222222223,0,52,128,52,56,0,0,0,56,4,20,2.0,96.0,0.0,True,False
288,4 4 18,48,16.0,1,1.25,False,85500,1.7222222222222223,0,52,128,52,56,0,0,0,56,4,20,2.0,96.0,0.0,True,False
288,4 4 18,48,16.0,1,1.25,False,86000,1.7222222222222223,0,52,128,52,56,0,0,0,56,4,20,2.0,96.0,0.0,True,False
288,4 4 18,48,16.0,1,1.25,False,86500,1.7222222222222223,0,52,128,52,56,0,0,0,56,4,20,2.0,96.0,0.0,True,False
288,4 4 18,48,16.0,1,1.25,False,87000,1.7222222222222223,0,52,128,52,56,0,0,0,56,4,20,2.0,96.0,0.0,True,False
288,4 4 18,48,16.0,1,1.25,False,87500,1.7222222222222223,0,52,128,52,56,0,0,0,56,4,20,2.0,96.0,0.0,True,False
288,4 4 18,48,16.0,1,1.25,False,88000,1.7222222222222223,0,52,128,52,56,0,0,0,56,4,20,2.0,96.0,0.0,True,False
288,4 4 18,48,16.0,1,1.25,False,88500,1.7222222222222223,0,52,128,52,56,0,0,0,56,4,20,2.0,96.0,0.0,True,False
288,4 4 18,48,16.0,1,1.25,False,89000,1.7222222222222223,0,52,128,52,56,0,0,0,56,4,20,2.0,96.0,0.0,True,False
288,4 4 18,48,16.0,1,1.25,False,89500,1.7222222222222223,0,52,128,52,56,0,0,0,56,4,20,2.0,96.0,0.0,True,False
288,4 4 18,48,16.0,1,1.25,False,90000,1.7222222222222223,0,52,128,52,56,0,0,0,56,4,20,2.0,96.0,0.0,True,False
288,4 4 18,48,16.0,1,1.25,False,90500,1.7222222222222223,0,52,128,52,56,0,0,0,56,4,20,2.0,96.0,0.0,True,False
288,4 4 18,48,16.0,1,1.25,False,91000,1.7222222222222223,0,52,128,52,56,0,0,0,56,4,20,2.0,96.0,0.0,True,False
288,4 4 18,48,16.0,1,1.25,False,91500,1.7222222222222223,0,52,128,52,56,0,0,0,56,4,20,2.0,96.0,0.0,True,False
288,4 4 18,48,16.0,1,1.25,False,92000,1.7222222222222223,0,52,128,52,56,0,0,0,56,4,20,2.0,96.0,0.0,True,False
288,4 4 18,48,16.0,1,1.25,False,92500,1.7222222222222223,0,52,128,52,56,0,0,0,56,4,20,2.0,96.0,0.0,True,False
288,4 4 18,48,16.0,1,1.25,False,93000,1.7222222222222223,0,52,128,52,56,0,0,0,56,4,20,2.0,96.0,0.0,True,False
288,4 4 18,48,16.0,1,1.25,False,93500,1.7222222222222223,0,52,128,52,56,0,0,0,56,4,20,2.0,96.0,0.0,True,False
288,4 4 18,48,16.0,1,1.25,False,94000,1.7222222222222223,0,52,128,52,56,0,0,0,56,4,20,2.0,96.0,0.0,True,False
288,4 4 18,48,16.0,1,1.25,False,94500,1.7222222222222223,0,52,128,52,56,0,0,0,56,4,20,2.0,96.0,0.0,True,False
288,4 4 18,48,16.0,1,1.25,False,95000,1.7222222222222223,0,52,128,52,56,0,0,0,56,4,20,2.0,96.0,0.0,True,False
288,4 4 18,48,16.0,1,1.25,False,95500,1.7222222222222223,0,52,128,52,56,0,0,0,56,4,20,2.0,96.0,0.0,True,False
288,4 4 18,48,16.0,1,1.25,False,96000,1.7222222222222223,0,52,128,52,56,0,0,0,56,4,20,2.0,96.0,0.0,True,False
288,4 4 18,48,16.0,1,1.25,False,96500,1.7222222222222223,0,52,128,52,56,0,0,0,56,4,20,2.0,96.0,0.0,True,False
288,4 4 18,48,16.0,1,1.25,False,97000,1.7222222222222223,0,52,128,52,56,0,0,0,56,4,20,2.0,96.0,0.0,True,False
288,4 4 18,48,16.0,1,1.25,False,97500,1.7222222222222223,0,52,128,52,56,0,0,0,56,4,20,2.0,96.0,0.0,True,False
288,4 4 18,48,16.0,1,1.25,False,98000,1.7222222222222223,0,52,128,52,56,0,0,0,56,4,20,2.0,96.0,0.0,True,False
288,4 4 18,48,16.0,1,1.25,False,98500,1.7222222222222223,0,52,128,52,56,0,0,0,56,4,20,2.0,96.0,0.0,True,False
288,4 4 18,48,16.0,1,1.25,False,99000,1.7222222222222223,0,52,128,52,56,0,0,0,56,4,20,2.0,96.0,0.0,True,False
288,4 4 18,48,16.0,1,1.25,False,99500,1.7222222222222223,0,52,128,52,56,0,0,0,56,4,20,2.0,96.0,0.0,True,False
288,4 4 18,48,16.0,1,1.25,False,100000,1.7222222222222223,0,52,128,52,56,0,0,0,56,4,20,2.0,96.0,0.0,True,False
288,4 4 18,48,16.0,1,1.25,False,100500,1.7222222222222223,0,52,128,52,56,0,0,0,56,4,20,2.0,96.0,0.0,True,False
288,4 4 18,48,16.0,1,1.25,False,101000,1.7222222222222223,0,52,128,52,56,0,0,0,56,4,20,2.0,96.0,0.0,True,False
288,4 4 18,48,16.0,1,1.25,False,101500,1.7222222222222223,0,52,128,52,56,0,0,0,56,4,20,2.0,96.0,0.0,True,False
288,4 4 18,48,16.0,1,1.25,False,102000,1.7222222222222223,0,52,128,52,56,0,0,0,56,4,20,2.0,96.0,0.0,True,False
288,4 4 18,48,16.0,1,1.25,False,102500,1.7222222222222223,0,52,128,52,56,0,0,0,56,4,20,2.0,96.0,0.0,True,False
288,4 4 18,48,16.0,1,1.25,False,103000,1.7222222222222223,0,52,128,52,56,0,0,0,56,4,20,2.0,96.0,0.0,True,False
288,4 4 18,48,16.0,1,1.25,False,103500,1.7222222222222223,0,52,128,52,56,0,0,0,56,4,20,2.0,96.0,0.0,True,False
288,4 4 18,48,16.0,1,1.25,False,104000,1.7222222222222223,0,52,128,52,56,0,0,0,56,4,20,2.0,96.0,0.0,True,False
288,4 4 18,48,16.0,1,1.25,False,104500,1.7222222222222223,0,52,128,52,56,0,0,0,56,4,20,2.0,96.0,0.0,True,False
288,4 4 18,48,16.0,1,1.25,False,105000,1.7222222222222223,0,52,128,52,56,0,0,0,56,4,20,2.0,96.0,0.0,True,False
288,4 4 18,48,16.0,1,1.25,False,105500,1.7222222222222223,0,52,128,52,56,0,0,0,56,4,20,2.0,96.0,0.0,True,False
288,4 4 18,48,16.0,1,1.25,False,106000,1.7222222222222223,0,52,128,52,56,0,0,0,56,4,20,2.0,96.0,0.0,True,False
288,4 4 18,48,16.0,1,1.25,False,106500,1.7222222222222223,0,52,128,52,56,0,0,0,56,4,20,2.0,96.0,0.0,True,False
288,4 4 18,48,16.0,1,1.25,False,107000,1.7222222222222223,0,52,128,52,56,0,0,0,56,4,20,2.0,96.0,0.0,True,False
288,4 4 18,48,16.0,1,1.25,False,107500,1.7222222222222223,0,52,128,52,56,0,0,0,56,4,20,2.0,96.0,0.0,True,False
288,4 4 18,48,16.0,1,1.25,False,108000,1.7222222222222223,0,52,128,52,56,0,0,0,56,4,20,2.0,96.0,0.0,True,False
288,4 4 18,48,16.0,1,1.25,False,108500,1.7222222222222223,0,52,128,52,56,0,0,0,56,4,20,2.0,96.0,0.0,True,False
288,4 4 18,48,16.0,1,1.25,False,109000,1.7222222222222223,0,52,128,52,56,0,0,0,56,4,20,2.0,96.0,0.0,True,False
288,4 4 18,48,16.0,1,1.25,False,109500,1.7222222222222223,0,52,128,52,56,0,0,0,56,4,20,2.0,96.0,0.0,True,False
288,4 4 18,48,16.0,1,1.25,False,110000,1.7777777777777777,0,42,128,58,60,0,0,0,60,4,50,1.6666666666666667,80.0,0.0,True,False
288,4 4 18,48,16.0,1,1.25,False,110500,1.7222222222222223,0,52,128,52,56,0,0,0,56,4,20,2.0,96.0,0.0,True,False
288,4 4 18,48,16.0,1,1.25,False,111000,1.7222222222222223,0,52,128,52,56,0,0,0,56,4,20,2.0,96.0,0.0,True,False
288,4 4 18,48,16.0,1,1.25,False,111500,1.7222222222222223,0,52,128,52,56,0,0,0,56,4,20,2.0,96.0,0.0,True,False
288,4 4 18,48,16.0,1,1.25,False,112000,1.7222222222222223,0,52,128,52,56,0,0,0,56,4,20,2.0,96.0,0.0,True,False
288,4 4 18,48,16.0,1,1.25,False,112500,1.7222222222222223,0,52,128,52,56,0,0,0,56,4,20,2.0,96.0,0.0,True,False
288,4 4 18,48,16.0,1,1.25,False,113000,1.7222222222222223,0,52,128,52,56,0,0,0,56,4,20,2.0,96.0,0.0,True,False
288,4 4 18,48,16.0,1,1.25,False,113500,1.7222222222222223,0,52,128,52,56,0,0,0,56,4,20,2.0,96.0,0.0,True,False
288,4 4 18,48,16.0,1,1.25,False,114000,1.7222222222222223,0,52,128,52,56,0,0,0,56,4,20,2.0,96.0,0.0,True,False
288,4 4 18,48,16.0,1,1.25,False,114500,1.7222222222222223,0,52,128,52,56,0,0,0,56,4,20,2.0,96.0,0.0,True,False
288,4 4 18,48,16.0,1,1.25,False,115000,1.7222222222222223,0,52,128,52,56,0,0,0,56,4,20,2.0,96.0,0.0,True,False
288,4 4 18,48,16.0,1,1.25,False,115500,1.7222222222222223,0,52,128,52,56,0,0,0,56,4,20,2.0,96.0,0.0,True,False
288,4 4 18,48,16.0,1,1.25,False,116000,1.7222222222222223,0,52,128,52,56,0,0,0,56,4,20,2.0,96.0,0.0,True,False
288,4 4 18,48,16.0,1,1.25,False,116500,1.7222222222222223,0,52,128,52,56,0,0,0,56,4,20,2.0,96.0,0.0,True,False
288,4 4 18,48,16.0,1,1.25,False,117000,1.7222222222222223,0,52,128,52,56,0,0,0,56,4,20,2.0,96.0,0.0,True,False
288,4 4 18,48,16.0,1,1.25,False,117500,1.7222222222222223,0,52,128,52,56,0,0,0,56,4,20,2.0,96.0,0.0,True,False
288,4 4 18,48,16.0,1,1.25,False,118000,1.7222222222222223,0,52,128,52,56,0,0,0,56,4,20,2.0,96.0,0.0,True,False
288,4 4 18,48,16.0,1,1.25,False,118500,1.7222222222222223,0,52,128,52,56,0,0,0,56,4,20,2.0,96.0,0.0,True,False
288,4 4 18,48,16.0,1,1.25,False,119000,1.7222222222222223,0,52,128,52,56,0,0,0,56,4,20,2.0,96.0,0.0,True,False
288,4 4 18,48,16.0,1,1.25,False,119500,1.7222222222222223,0,52,128,52,56,0,0,0,56,4,20,2.0,96.0,0.0,True,False
288,4 4 18,48,16.0,1,1.25,False,120000,1.7222222222222223,0,52,128,52,56,0,0,0,56,4,20,2.0,96.0,0.0,True,False
288,4 4 18,48,16.0,1,1.25,False,120500,1.7222222222222223,0,52,128,52,56,0,0,0,56,4,20,2.0,96.0,0.0,True,False
288,4 4 18,48,16.0,1,1.25,False,121000,1.7222222222222223,0,52,128,52,56,0,0,0,56,4,20,2.0,96.0,0.0,True,False
288,4 4 18,48,16.0,1,1.25,False,121500,1.7222222222222223,0,52,128,52,56,0,0,0,56,4,20,2.0,96.0,0.0,True,False
288,4 4 18,48,16.0,1,1.25,False,122000,1.7222222222222223,0,52,128,52,56,0,0,0,56,4,20,2.0,96.0,0.0,True,False
288,4 4 18,48,16.0,1,1.25,False,122500,1.7222222222222223,0,52,128,52,56,0,0,0,56,4,20,2.0,96.0,0.0,True,False
288,4 4 18,48,16.0,1,1.25,False,123000,1.7222222222222223,0,52,128,52,56,0,0,0,56,4,20,2.0,96.0,0.0,True,False
288,4 4 18,48,16.0,1,1.25,False,123500,1.7222222222222223,0,52,128,52,56,0,0,0,56,4,20,2.0,96.0,0.0,True,False
288,4 4 18,48,16.0,1,1.25,False,124000,1.7222222222222223,0,52,128,52,56,0,0,0,56,4,20,2.0,96.0,0.0,True,False
288,4 4 18,48,16.0,1,1.25,False,124500,1.7222222222222223,0,52,128,52,56,0,0,0,56,4,20,2.0,96.0,0.0,True,False
288,4 4 18,48,16.0,1,1.25,False,125000,1.7222222222222223,0,52,128,52,56,0,0,0,56,4,20,2.0,96.0,0.0,True,False
288,4 4 18,48,16.0,1,1.25,False,125500,1.7222222222222223,0,52,128,52,56,0,0,0,56,4,20,2.0,96.0,0.0,True,False
288,4 4 18,48,16.0,1,1.25,False,126000,1.7222222222222223,0,52,128,52,56,0,0,0,56,4,20,2.0,96.0,0.0,True,False
288,4 4 18,48,16.0,1,1.25,False,126500,1.7222222222222223,0,52,128,52,56,0,0,0,56,4,20,2.0,96.0,0.0,True,False
288,4 4 18,48,16.0,1,1.25,False,127000,1.7222222222222223,0,52,128,52,56,0,0,0,56,4,20,2.0,96.0,0.0,True,False
288,4 4 18,48,16.0,1,1.25,False,127500,1.7222222222222223,0,52,128,52,56,0,0,0,56,4,20,2.0,96.0,0.0,True,False
288,4 4 18,48,16.0,1,1.25,False,128000,1.7222222222222223,0,52,128,52,56,0,0,0,56,4,20,2.0,96.0,0.0,True,False
288,4 4 18,48,16.0,1,1.25,False,128500,1.7222222222222223,0,52,128,52,56,0,0,0,56,4,20,2.0,96.0,0.0,True,False
288,4 4 18,48,16.0,1,1.25,False,129000,1.7222222222222223,0,52,128,52,56,0,0,0,56,4,20,2.0,96.0,0.0,True,False
288,4 4 18,48,16.0,1,1.25,False,129500,1.7222222222222223,0,52,128,52,56,0,0,0,56,4,20,2.0,96.0,0.0,True,False
288,4 4 18,48,16.0,1,1.25,False,130000,1.7222222222222223,0,52,128,52,56,0,0,0,56,4,20,2.0,96.0,0.0,True,False
288,4 4 18,48,16.0,1,1.25,False,130500,1.7222222222222223,0,52,128,52,56,0,0,0,56,4,20,2.0,96.0,0.0,True,False
288,4 4 18,48,16.0,1,1.25,False,131000,1.7222222222222223,0,52,128,52,56,0,0,0,56,4,20,2.0,96.0,0.0,True,False
288,4 4 18,48,16.0,1,1.25,False,131500,1.7222222222222223,0,52,128,52,56,0,0,0,56,4,20,2.0,96.0,0.0,True,False
288,4 4 18,48,16.0,1,1.25,False,132000,1.7222222222222223,0,52,128,52,56,0,0,0,56,4,20,2.0,96.0,0.0,True,False
288,4 4 18,48,16.0,1,1.25,False,132500,1.7222222222222223,0,52,128,52,56,0,0,0,56,4,20,2.0,96.0,0.0,True,False
288,4 4 18,48,16.0,1,1.25,False,133000,1.7222222222222223,0,52,128,52,56,0,0,0,56,4,20,2.0,96.0,0.0,True,False
288,4 4 18,48,16.0,1,1.25,False,133500,1.7777777777777777,0,42,128,58,60,0,0,0,60,4,50,1.6666666666666667,80.0,0.0,True,False
288,4 4 18,48,16.0,1,1.25,False,134000,1.7222222222222223,0,52,128,52,56,0,0,0,56,4,20,2.0,96.0,0.0,True,False
288,4 4 18,48,16.0,1,1.25,False,134500,1.7222222222222223,0,52,128,52,56,0,0,0,56,4,20,2.0,96.0,0.0,True,False
288,4 4 18,48,16.0,1,1.25,False,135000,1.7222222222222223,0,52,128,52,56,0,0,0,56,4,20,2.0,96.0,0.0,True,False
288,4 4 18,48,16.0,1,1.25,False,135500,1.7777777777777777,0,42,128,58,60,0,0,0,60,4,50,1.6666666666666667,80.0,0.0,True,False
288,4 4 18,48,16.0,1,1.25,False,136000,1.7777777777777777,0,42,128,58,60,0,0,0,60,4,50,1.6666666666666667,80.0,0.0,True,False
288,4 4 18,48,16.0,1,1.25,False,136500,1.7777777777777777,0,42,128,58,60,0,0,0,60,4,50,1.6666666666666667,80.0,0.0,True,False
288,4 4 18,48,16.0,1,1.25,False,137000,1.7777777777777777,0,42,128,58,60,0,0,0,60,4,50,1.6666666666666667,80.0,0.0,True,False
288,4 4 18,48,16.0,1,1.25,False,137500,1.7222222222222223,0,52,128,52,56,0,0,0,56,4,20,2.0,96.0,0.0,True,False
288,4 4 18,48,16.0,1,1.25,False,138000,1.7222222222222223,0,52,128,52,56,0,0,0,56,4,20,2.0,96.0,0.0,True,False
288,4 4 18,48,16.0,1,1.25,False,138500,1.7222222222222223,0,52,128,52,56,0,0,0,56,4,20,2.0,96.0,0.0,True,False
288,4 4 18,48,16.0,1,1.25,False,139000,1.7222222222222223,0,52,128,52,56,0,0,0,56,4,20,2.0,96.0,0.0,True,False
288,4 4 18,48,16.0,1,1.25,False,139500,1.7222222222222223,0,52,128,52,56,0,0,0,56,4,20,2.0,96.0,0.0,True,False
288,4 4 18,48,16.0,1,1.25,False,140000,1.7222222222222223,0,52,128,52,56,0,0,0,56,4,20,2.0,96.0,0.0,True,False
288,4 4 18,48,16.0,1,1.25,False,140500,1.7222222222222223,0,52,128,52,56,0,0,0,56,4,20,2.0,96.0,0.0,True,False
288,4 4 18,48,16.0,1,1.25,False,141000,1.7777777777777777,0,42,128,58,60,0,0,0,60,4,50,1.6666666666666667,80.0,0.0,True,False
288,4 4 18,48,16.0,1,1.25,False,141500,1.7222222222222223,0,52,128,52,56,0,0,0,56,4,20,2.0,96.0,0.0,True,False
288,4 4 18,48,16.0,1,1.25,False,142000,1.7777777777777777,0,42,128,58,60,0,0,0,60,4,50,1.6666666666666667,80.0,0.0,True,False
288,4 4 18,48,16.0,1,1.25,False,142500,1.7777777777777777,0,42,128,58,60,0,0,0,60,4,50,1.6666666666666667,80.0,0.0,True,False
288,4 4 18,48,16.0,1,1.25,False,143000,1.7777777777777777,0,42,128,58,60,0,0,0,60,4,50,1.6666666666666667,80.0,0.0,True,False
288,4 4 18,48,16.0,1,1.25,False,143500,1.7777777777777777,0,42,128,58,60,0,0,0,60,4,50,1.6666666666666667,80.0,0.0,True,False
288,4 4 18,48,16.0,1,1.25,False,144000,1.7777777777777777,0,42,128,58,60,0,0,0,60,4,50,1.6666666666666667,80.0,0.0,True,False
288,4 4 18,48,16.0,1,1.25,False,144500,1.7777777777777777,0,42,128,58,60,0,0,0,60,4,50,1.6666666666666667,80.0,0.0,True,False
288,4 4 18,48,16.0,1,1.25,False,145000,1.7777777777777777,0,42,128,58,60,0,0,0,60,4,50,1.6666666666666667,80.0,0.0,True,False
288,4 4 18,48,16.0,1,1.25,False,145500,1.7222222222222223,0,52,128,52,56,0,0,0,56,4,20,2.0,96.0,0.0,True,False
288,4 4 18,48,16.0,1,1.25,False,146000,1.7222222222222223,0,52,128,52,56,0,0,0,56,4,20,2.0,96.0,0.0,True,False
288,4 4 18,48,16.0,1,1.25,False,146500,1.7222222222222223,0,52,128,52,56,0,0,0,56,4,20,2.0,96.0,0.0,True,False
288,4 4 18,48,16.0,1,1.25,False,147000,1.7222222222222223,0,52,128,52,56,0,0,0,56,4,20,2.0,96.0,0.0,True,False
288,4 4 18,48,16.0,1,1.25,False,147500,1.7777777777777777,0,42,128,58,60,0,0,0,60,4,50,1.6666666666666667,80.0,0.0,True,False
288,4 4 18,48,16.0,1,1.25,False,148000,1.7222222222222223,0,52,128,52,56,0,0,0,56,4,20,2.0,96.0,0.0,True,False
288,4 4 18,48,16.0,1,1.25,False,148500,1.7222222222222223,0,52,128,52,56,0,0,0,56,4,20,2.0,96.0,0.0,True,False
288,4 4 18,48,16.0,1,1.25,False,149000,1.7777777777777777,0,42,128,58,60,0,0,0,60,4,50,1.6666666666666667,80.0,0.0,True,False
288,4 4 18,48,16.0,1,1.25,False,149500,1.7777777777777777,0,42,128,58,60,0,0,0,60,4,50,1.6666666666666667,80.0,0.0,True,False
288,4 4 18,48,16.0,1,1.25,False,150000,1.7222222222222223,0,52,128,52,56,0,0,0,56,4,20,2.0,96.0,0.0,True,False
288,4 4 18,48,16.0,1,1.25,False,150500,1.7222222222222223,0,52,128,52,56,0,0,0,56,4,20,2.0,96.0,0.0,True,False
288,4 4 18,48,16.0,1,1.25,False,151000,1.7777777777777777,0,42,128,58,60,0,0,0,60,4,50,1.6666666666666667,80.0,0.0,True,False
288,4 4 18,48,16.0,1,1.25,False,151500,1.7222222222222223,0,52,128,52,56,0,0,0,56,4,20,2.0,96.0,0.0,True,False
288,4 4 18,48,16.0,1,1.25,False,152000,1.7881944444444444,0,47,126,55,60,0,0,0,60,5,21,1.6041666666666667,77.0,0.0,True,False
288,4 4 18,48,16.0,1,1.25,False,152500,1.7881944444444444,0,47,126,55,60,0,0,0,60,5,21,1.6041666666666667,77.0,0.0,True,False
288,4 4 18,48,16.0,1,1.25,False,153000,1.7222222222222223,0,52,128,52,56,0,0,0,56,4,20,2.0,96.0,0.0,True,False
288,4 4 18,48,16.0,1,1.25,False,153500,1.8020833333333333,0,47,127,57,57,0,0,0,57,2,51,1.5208333333333333,73.0,0.0,True,False
288,4 4 18,48,16.0,1,1.25,False,154000,1.7222222222222223,0,52,128,52,56,0,0,0,56,4,20,2.0,96.0,0.0,True,False
288,4 4 18,48,16.0,1,1.25,False,154500,1.7222222222222223,0,52,128,52,56,0,0,0,56,4,20,2.0,96.0,0.0,True,False
288,4 4 18,48,16.0,1,1.25,False,155000,1.7222222222222223,0,52,128,52,56,0,0,0,56,4,20,2.0,96.0,0.0,True,False
288,4 4 18,48,16.0,1,1.25,False,155500,1.7881944444444444,0,47,126,55,60,0,0,0,60,5,21,1.6041666666666667,77.0,0.0,True,False
288,4 4 18,48,16.0,1,1.25,False,156000,1.7881944444444444,0,47,126,55,60,0,0,0,60,5,21,1.6041666666666667,77.0,0.0,True,False
288,4 4 18,48,16.0,1,1.25,False,156500,1.7222222222222223,0,52,128,52,56,0,0,0,56,4,20,2.0,96.0,0.0,True,False
288,4 4 18,48,16.0,1,1.25,False,157000,1.7222222222222223,0,52,128,52,56,0,0,0,56,4,20,2.0,96.0,0.0,True,False
288,4 4 18,48,16.0,1,1.25,False,157500,1.7222222222222223,0,52,128,52,56,0,0,0,56,4,20,2.0,96.0,0.0,True,False
288,4 4 18,48,16.0,1,1.25,False,158000,1.7222222222222223,0,52,128,52,56,0,0,0,56,4,20,2.0,96.0,0.0,True,False
288,4 4 18,48,16.0,1,1.25,False,158500,1.7222222222222223,0,52,128,52,56,0,0,0,56,4,20,2.0,96.0,0.0,True,False
288,4 4 18,48,16.0,1,1.25,False,159000,1.7222222222222223,0,52,128,52,56,0,0,0,56,4,20,2.0,96.0,0.0,True,False
288,4 4 18,48,16.0,1,1.25,False,159500,1.7222222222222223,0,52,128,52,56,0,0,0,56,4,20,2.0,96.0,0.0,True,False
288,4 4 18,48,16.0,1,1.25,False,160000,1.7222222222222223,0,52,128,52,56,0,0,0,56,4,20,2.0,96.0,0.0,True,False
288,4 4 18,48,16.0,1,1.25,False,160500,1.7222222222222223,0,52,128,52,56,0,0,0,56,4,20,2.0,96.0,0.0,True,False
288,4 4 18,48,16.0,1,1.25,False,161000,1.7222222222222223,0,52,128,52,56,0,0,0,56,4,20,2.0,96.0,0.0,True,False
288,4 4 18,48,16.0,1,1.25,False,161500,1.7222222222222223,0,52,128,52,56,0,0,0,56,4,20,2.0,96.0,0.0,True,False
288,4 4 18,48,16.0,1,1.25,False,162000,1.7222222222222223,0,52,128,52,56,0,0,0,56,4,20,2.0,96.0,0.0,True,False
288,4 4 18,48,16.0,1,1.25,False,162500,1.7881944444444444,0,47,126,55,60,0,0,0,60,5,21,1.6041666666666667,77.0,0.0,True,False
288,4 4 18,48,16.0,1,1.25,False,163000,1.7881944444444444,0,47,126,55,60,0,0,0,60,5,21,1.6041666666666667,77.0,0.0,True,False
288,4 4 18,48,16.0,1,1.25,False,163500,1.7881944444444444,0,47,126,55,60,0,0,0,60,5,21,1.6041666666666667,77.0,0.0,True,False
288,4 4 18,48,16.0,1,1.25,False,164000,1.7881944444444444,0,47,126,55,60,0,0,0,60,5,21,1.6041666666666667,77.0,0.0,True,False
288,4 4 18,48,16.0,1,1.25,False,164500,1.7881944444444444,0,47,126,55,60,0,0,0,60,5,21,1.6041666666666667,77.0,0.0,True,False
288,4 4 18,48,16.0,1,1.25,False,165000,1.7222222222222223,0,52,128,52,56,0,0,0,56,4,20,2.0,96.0,0.0,True,False
288,4 4 18,48,16.0,1,1.25,False,165500,1.7222222222222223,0,52,128,52,56,0,0,0,56,4,20,2.0,96.0,0.0,True,False
288,4 4 18,48,16.0,1,1.25,False,166000,1.7222222222222223,0,52,128,52,56,0,0,0,56,4,20,2.0,96.0,0.0,True,False
288,4 4 18,48,16.0,1,1.25,False,166500,1.7222222222222223,0,52,128,52,56,0,0,0,56,4,20,2.0,96.0,0.0,True,False
288,4 4 18,48,16.0,1,1.25,False,167000,1.7222222222222223,0,52,128,52,56,0,0,0,56,4,20,2.0,96.0,0.0,True,False
288,4 4 18,48,16.0,1,1.25,False,167500,1.7222222222222223,0,52,128,52,56,0,0,0,56,4,20,2.0,96.0,0.0,True,False
288,4 4 18,48,16.0,1,1.25,False,168000,1.7222222222222223,0,52,128,52,56,0,0,0,56,4,20,2.0,96.0,0.0,True,False
288,4 4 18,48,16.0,1,1.25,False,168500,1.7222222222222223,0,52,128,52,56,0,0,0,56,4,20,2.0,96.0,0.0,True,False
288,4 4 18,48,16.0,1,1.25,False,169000,1.7222222222222223,0,52,128,52,56,0,0,0,56,4,20,2.0,96.0,0.0,True,False
288,4 4 18,48,16.0,1,1.25,False,169500,1.7222222222222223,0,52,128,52,56,0,0,0,56,4,20,2.0,96.0,0.0,True,False
288,4 4 18,48,16.0,1,1.25,False,170000,1.7222222222222223,0,52,128,52,56,0,0,0,56,4,20,2.0,96.0,0.0,True,False
288,4 4 18,48,16.0,1,1.25,False,170500,1.7881944444444444,0,47,126,55,60,0,0,0,60,5,21,1.6041666666666667,77.0,0.0,True,False
288,4 4 18,48,16.0,1,1.25,False,171000,1.7222222222222223,0,52,128,52,56,0,0,0,56,4,20,2.0,96.0,0.0,True,False
288,4 4 18,48,16.0,1,1.25,False,171500,1.7222222222222223,0,52,128,52,56,0,0,0,56,4,20,2.0,96.0,0.0,True,False
288,4 4 18,48,16.0,1,1.25,False,172000,1.7222222222222223,0,52,128,52,56,0,0,0,56,4,20,2.0,96.0,0.0,True,False
288,4 4 18,48,16.0,1,1.25,False,172500,1.7777777777777777,0,42,128,58,60,0,0,0,60,4,50,1.6666666666666667,80.0,0.0,True,False
288,4 4 18,48,16.0,1,1.25,False,173000,1.7222222222222223,0,52,128,52,56,0,0,0,56,4,20,2.0,96.0,0.0,True,False
288,4 4 18,48,16.0,1,1.25,False,173500,1.7222222222222223,0,52,128,52,56,0,0,0,56,4,20,2.0,96.0,0.0,True,False
288,4 4 18,48,16.0,1,1.25,False,174000,1.7222222222222223,0,52,128,52,56,0,0,0,56,4,20,2.0,96.0,0.0,True,False
288,4 4 18,48,16.0,1,1.25,False,174500,1.7222222222222223,0,52,128,52,56,0,0,0,56,4,20,2.0,96.0,0.0,True,False
288,4 4 18,48,16.0,1,1.25,False,175000,1.7222222222222223,0,52,128,52,56,0,0,0,56,4,20,2.0,96.0,0.0,True,False
288,4 4 18,48,16.0,1,1.25,False,175500,1.7222222222222223,0,52,128,52,56,0,0,0,56,4,20,2.0,96.0,0.0,True,False
288,4 4 18,48,16.0,1,1.25,False,176000,1.7777777777777777,0,42,128,58,60,0,0,0,60,4,50,1.6666666666666667,80.0,0.0,True,False
288,4 4 18,48,16.0,1,1.25,False,176500,1.7777777777777777,0,42,128,58,60,0,0,0,60,4,50,1.6666666666666667,80.0,0.0,True,False
288,4 4 18,48,16.0,1,1.25,False,177000,1.7777777777777777,0,42,128,58,60,0,0,0,60,4,50,1.6666666666666667,80.0,0.0,True,False
288,4 4 18,48,16.0,1,1.25,False,177500,1.7777777777777777,0,42,128,58,60,0,0,0,60,4,50,1.6666666666666667,80.0,0.0,True,False
288,4 4 18,48,16.0,1,1.25,False,178000,1.7222222222222223,0,52,128,52,56,0,0,0,56,4,20,2.0,96.0,0.0,True,False
288,4 4 18,48,16.0,1,1.25,False,178500,1.7222222222222223,0,52,128,52,56,0,0,0,56,4,20,2.0,96.0,0.0,True,False
288,4 4 18,48,16.0,1,1.25,False,179000,1.7222222222222223,0,52,128,52,56,0,0,0,56,4,20,2.0,96.0,0.0,True,False
288,4 4 18,48,16.0,1,1.25,False,179500,1.7222222222222223,0,52,128,52,56,0,0,0,56,4,20,2.0,96.0,0.0,True,False
288,4 4 18,48,16.0,1,1.25,False,180000,1.7222222222222223,0,52,128,52,56,0,0,0,56,4,20,2.0,96.0,0.0,True,False
288,4 4 18,48,16.0,1,1.25,False,180500,1.7222222222222223,0,52,128,52,56,0,0,0,56,4,20,2.0,96.0,0.0,True,False
288,4 4 18,48,16.0,1,1.25,False,181000,1.7777777777777777,0,42,128,58,60,0,0,0,60,4,50,1.6666666666666667,80.0,0.0,True,False
288,4 4 18,48,16.0,1,1.25,False,181500,1.7222222222222223,0,52,128,52,56,0,0,0,56,4,20,2.0,96.0,0.0,True,False
288,4 4 18,48,16.0,1,1.25,False,182000,1.7222222222222223,0,52,128,52,56,0,0,0,56,4,20,2.0,96.0,0.0,True,False
288,4 4 18,48,16.0,1,1.25,False,182500,1.7222222222222223,0,52,128,52,56,0,0,0,56,4,20,2.0,96.0,0.0,True,False
288,4 4 18,48,16.0,1,1.25,False,183000,1.7222222222222223,0,52,128,52,56,0,0,0,56,4,20,2.0,96.0,0.0,True,False
288,4 4 18,48,16.0,1,1.25,False,183500,1.7881944444444444,0,47,126,55,60,0,0,0,60,5,21,1.6041666666666667,77.0,0.0,True,False
288,4 4 18,48,16.0,1,1.25,False,184000,1.7881944444444444,0,47,126,55,60,0,0,0,60,5,21,1.6041666666666667,77.0,0.0,True,False
288,4 4 18,48,16.0,1,1.25,False,184500,1.7222222222222223,0,52,128,52,56,0,0,0,56,4,20,2.0,96.0,0.0,True,False
288,4 4 18,48,16.0,1,1.25,False,185000,1.7222222222222223,0,52,128,52,56,0,0,0,56,4,20,2.0,96.0,0.0,True,False
288,4 4 18,48,16.0,1,1.25,False,185500,1.7222222222222223,0,52,128,52,56,0,0,0,56,4,20,2.0,96.0,0.0,True,False
288,4 4 18,48,16.0,1,1.25,False,186000,1.7222222222222223,0,52,128,52,56,0,0,0,56,4,20,2.0,96.0,0.0,True,False
288,4 4 18,48,16.0,1,1.25,False,186500,1.7222222222222223,0,52,128,52,56,0,0,0,56,4,20,2.0,96.0,0.0,True,False
288,4 4 18,48,16.0,1,1.25,False,187000,1.7222222222222223,0,52,128,52,56,0,0,0,56,4,20,2.0,96.0,0.0,True,False
288,4 4 18,48,16.0,1,1.25,False,187500,1.7222222222222223,0,52,128,52,56,0,0,0,56,4,20,2.0,96.0,0.0,True,False
288,4 4 18,48,16.0,1,1.25,False,188000,1.7222222222222223,0,52,128,52,56,0,0,0,56,4,20,2.0,96.0,0.0,True,False
288,4 4 18,48,16.0,1,1.25,False,188500,1.7222222222222223,0,52,128,52,56,0,0,0,56,4,20,2.0,96.0,0.0,True,False
288,4 4 18,48,16.0,1,1.25,False,189000,1.7222222222222223,0,52,128,52,56,0,0,0,56,4,20,2.0,96.0,0.0,True,False
288,4 4 18,48,16.0,1,1.25,False,189500,1.7881944444444444,0,47,126,55,60,0,0,0,60,5,21,1.6041666666666667,77.0,0.0,True,False
288,4 4 18,48,16.0,1,1.25,False,190000,1.7222222222222223,0,52,128,52,56,0,0,0,56,4,20,2.0,96.0,0.0,True,False
288,4 4 18,48,16.0,1,1.25,False,190500,1.7222222222222223,0,52,128,52,56,0,0,0,56,4,20,2.0,96.0,0.0,True,False
288,4 4 18,48,16.0,1,1.25,False,191000,1.7881944444444444,0,47,126,55,60,0,0,0,60,5,21,1.6041666666666667,77.0,0.0,True,False
288,4 4 18,48,16.0,1,1.25,False,191500,1.7881944444444444,0,47,126,55,60,0,0,0,60,5,21,1.6041666666666667,77.0,0.0,True,False
288,4 4 18,48,16.0,1,1.25,False,192000,1.7222222222222223,0,52,128,52,56,0,0,0,56,4,20,2.0,96.0,0.0,True,False
288,4 4 18,48,16.0,1,1.25,False,192500,1.7777777777777777,0,42,128,58,60,0,0,0,60,4,50,1.6666666666666667,80.0,0.0,True,False
288,4 4 18,48,16.0,1,1.25,False,193000,1.7777777777777777,0,42,128,58,60,0,0,0,60,4,50,1.6666666666666667,80.0,0.0,True,False
288,4 4 18,48,16.0,1,1.25,False,193500,1.7777777777777777,0,42,128,58,60,0,0,0,60,4,50,1.6666666666666667,80.0,0.0,True,False
288,4 4 18,48,16.0,1,1.25,False,194000,1.7222222222222223,0,52,128,52,56,0,0,0,56,4,20,2.0,96.0,0.0,True,False
288,4 4 18,48,16.0,1,1.25,False,194500,1.7222222222222223,0,52,128,52,56,0,0,0,56,4,20,2.0,96.0,0.0,True,False
288,4 4 18,48,16.0,1,1.25,False,195000,1.7222222222222223,0,52,128,52,56,0,0,0,56,4,20,2.0,96.0,0.0,True,False
288,4 4 18,48,16.0,1,1.25,False,195500,1.7222222222222223,0,52,128,52,56,0,0,0,56,4,20,2.0,96.0,0.0,True,False
288,4 4 18,48,16.0,1,1.25,False,196000,1.7222222222222223,0,52,128,52,56,0,0,0,56,4,20,2.0,96.0,0.0,True,False
288,4 4 18,48,16.0,1,1.25,False,196500,1.7222222222222223,0,52,128,52,56,0,0,0,56,4,20,2.0,96.0,0.0,True,False
288,4 4 18,48,16.0,1,1.25,False,197000,1.7222222222222223,0,52,128,52,56,0,0,0,56,4,20,2.0,96.0,0.0,True,False
288,4 4 18,48,16.0,1,1.25,False,197500,1.7222222222222223,0,52,128,52,56,0,0,0,56,4,20,2.0,96.0,0.0,True,False
288,4 4 18,48,16.0,1,1.25,False,198000,1.7222222222222223,0,52,128,52,56,0,0,0,56,4,20,2.0,96.0,0.0,True,False
288,4 4 18,48,16.0,1,1.25,False,198500,1.7777777777777777,0,42,128,58,60,0,0,0,60,4,50,1.6666666666666667,80.0,0.0,True,False
288,4 4 18,48,16.0,1,1.25,False,199000,1.7222222222222223,0,52,128,52,56,0,0,0,56,4,20,2.0,96.0,0.0,True,False
288,4 4 18,48,16.0,1,1.25,False,199500,1.7222222222222223,0,52,128,52,56,0,0,0,56,4,20,2.0,96.0,0.0,True,False
288,4 4 18,48,16.0,1,1.25,False,200000,1.7222222222222223,0,52,128,52,56,0,0,0,56,4,20,2.0,96.0,0.0,True,False
288,4 4 18,48,16.0,1,1.25,False,200500,1.7222222222222223,0,52,128,52,56,0,0,0,56,4,20,2.0,96.0,0.0,True,False
288,4 4 18,48,16.0,1,1.25,False,201000,1.7222222222222223,0,52,128,52,56,0,0,0,56,4,20,2.0,96.0,0.0,True,False
288,4 4 18,48,16.0,1,1.25,False,201500,1.7222222222222223,0,52,128,52,56,0,0,0,56,4,20,2.0,96.0,0.0,True,False
288,4 4 18,48,16.0,1,1.25,False,202000,1.7222222222222223,0,52,128,52,56,0,0,0,56,4,20,2.0,96.0,0.0,True,False
288,4 4 18,48,16.0,1,1.25,False,202500,1.7222222222222223,0,52,128,52,56,0,0,0,56,4,20,2.0,96.0,0.0,True,False
288,4 4 18,48,16.0,1,1.25,False,203000,1.7222222222222223,0,52,128,52,56,0,0,0,56,4,20,2.0,96.0,0.0,True,False
288,4 4 18,48,16.0,1,1.25,False,203500,1.7222222222222223,0,52,128,52,56,0,0,0,56,4,20,2.0,96.0,0.0,True,False
288,4 4 18,48,16.0,1,1.25,False,204000,1.7222222222222223,0,52,128,52,56,0,0,0,56,4,20,2.0,96.0,0.0,True,False
288,4 4 18,48,16.0,1,1.25,False,204500,1.7222222222222223,0,52,128,52,56,0,0,0,56,4,20,2.0,96.0,0.0,True,False
288,4 4 18,48,16.0,1,1.25,False,205000,1.7222222222222223,0,52,128,52,56,0,0,0,56,4,20,2.0,96.0,0.0,True,False
288,4 4 18,48,16.0,1,1.25,False,205500,1.7222222222222223,0,52,128,52,56,0,0,0,56,4,20,2.0,96.0,0.0,True,False
288,4 4 18,48,16.0,1,1.25,False,206000,1.7222222222222223,0,52,128,52,56,0,0,0,56,4,20,2.0,96.0,0.0,True,False
288,4 4 18,48,16.0,1,1.25,False,206500,1.7222222222222223,0,52,128,52,56,0,0,0,56,4,20,2.0,96.0,0.0,True,False
288,4 4 18,48,16.0,1,1.25,False,207000,1.7222222222222223,0,52,128,52,56,0,0,0,56,4,20,2.0,96.0,0.0,True,False
288,4 4 18,48,16.0,1,1.25,False,207500,1.7777777777777777,0,42,128,58,60,0,0,0,60,4,50,1.6666666666666667,80.0,0.0,True,False
288,4 4 18,48,16.0,1,1.25,False,208000,1.7777777777777777,0,42,128,58,60,0,0,0,60,4,50,1.6666666666666667,80.0,0.0,True,False
288,4 4 18,48,16.0,1,1.25,False,208500,1.7222222222222223,0,52,128,52,56,0,0,0,56,4,20,2.0,96.0,0.0,True,False
288,4 4 18,48,16.0,1,1.25,False,209000,1.7777777777777777,0,42,128,58,60,0,0,0,60,4,50,1.6666666666666667,80.0,0.0,True,False
288,4 4 18,48,16.0,1,1.25,False,209500,1.7777777777777777,0,42,128,58,60,0,0,0,60,4,50,1.6666666666666667,80.0,0.0,True,False
288,4 4 18,48,16.0,1,1.25,False,210000,1.7222222222222223,0,52,128,52,56,0,0,0,56,4,20,2.0,96.0,0.0,True,False
288,4 4 18,48,16.0,1,1.25,False,210500,1.7222222222222223,0,52,128,52,56,0,0,0,56,4,20,2.0,96.0,0.0,True,False
288,4 4 18,48,16.0,1,1.25,False,211000,1.7777777777777777,0,42,128,58,60,0,0,0,60,4,50,1.6666666666666667,80.0,0.0,True,False
288,4 4 18,48,16.0,1,1.25,False,211500,1.7777777777777777,0,42,128,58,60,0,0,0,60,4,50,1.6666666666666667,80.0,0.0,True,False
288,4 4 18,48,16.0,1,1.25,False,212000,1.7222222222222223,0,52,128,52,56,0,0,0,56,4,20,2.0,96.0,0.0,True,False
288,4 4 18,48,16.0,1,1.25,False,212500,1.7222222222222223,0,52,128,52,56,0,0,0,56,4,20,2.0,96.0,0.0,True,False
288,4 4 18,48,16.0,1,1.25,False,213000,1.7222222222222223,0,52,128,52,56,0,0,0,56,4,20,2.0,96.0,0.0,True,False
288,4 4 18,48,16.0,1,1.25,False,213500,1.7881944444444444,0,47,126,55,60,0,0,0,60,5,21,1.6041666666666667,77.0,0.0,True,False
288,4 4 18,48,16.0,1,1.25,False,214000,1.7222222222222223,0,52,128,52,56,0,0,0,56,4,20,2.0,96.0,0.0,True,False
288,4 4 18,48,16.0,1,1.25,False,214500,1.8020833333333333,0,47,127,57,57,0,0,0,57,2,51,1.5208333333333333,73.0,0.0,True,False
288,4 4 18,48,16.0,1,1.25,False,215000,1.7222222222222223,0,52,128,52,56,0,0,0,56,4,20,2.0,96.0,0.0,True,False
288,4 4 18,48,16.0,1,1.25,False,215500,1.7222222222222223,0,52,128,52,56,0,0,0,56,4,20,2.0,96.0,0.0,True,False
288,4 4 18,48,16.0,1,1.25,False,216000,1.7222222222222223,0,52,128,52,56,0,0,0,56,4,20,2.0,96.0,0.0,True,False
288,4 4 18,48,16.0,1,1.25,False,216500,1.7222222222222223,0,52,128,52,56,0,0,0,56,4,20,2.0,96.0,0.0,True,False
288,4 4 18,48,16.0,1,1.25,False,217000,1.7222222222222223,0,52,128,52,56,0,0,0,56,4,20,2.0,96.0,0.0,True,False
288,4 4 18,48,16.0,1,1.25,False,217500,1.7777777777777777,0,42,128,58,60,0,0,0,60,4,50,1.6666666666666667,80.0,0.0,True,False
288,4 4 18,48,16.0,1,1.25,False,218000,1.7777777777777777,0,42,128,58,60,0,0,0,60,4,50,1.6666666666666667,80.0,0.0,True,False
288,4 4 18,48,16.0,1,1.25,False,218500,1.7777777777777777,0,42,128,58,60,0,0,0,60,4,50,1.6666666666666667,80.0,0.0,True,False
288,4 4 18,48,16.0,1,1.25,False,219000,1.7777777777777777,0,42,128,58,60,0,0,0,60,4,50,1.6666666666666667,80.0,0.0,True,False
288,4 4 18,48,16.0,1,1.25,False,219500,1.7777777777777777,0,42,128,58,60,0,0,0,60,4,50,1.6666666666666667,80.0,0.0,True,False
288,4 4 18,48,16.0,1,1.25,False,220000,1.7777777777777777,0,42,128,58,60,0,0,0,60,4,50,1.6666666666666667,80.0,0.0,True,False
288,4 4 18,48,16.0,1,1.25,False,220500,1.7777777777777777,0,42,128,58,60,0,0,0,60,4,50,1.6666666666666667,80.0,0.0,True,False
288,4 4 18,48,16.0,1,1.25,False,221000,1.7777777777777777,0,42,128,58,60,0,0,0,60,4,50,1.6666666666666667,80.0,0.0,True,False
288,4 4 18,48,16.0,1,1.25,False,221500,1.7777777777777777,0,42,128,58,60,0,0,0,60,4,50,1.6666666666666667,80.0,0.0,True,False
288,4 4 18,48,16.0,1,1.25,False,222000,1.7222222222222223,0,52,128,52,56,0,0,0,56,4,20,2.0,96.0,0.0,True,False
288,4 4 18,48,16.0,1,1.25,False,222500,1.7222222222222223,0,52,128,52,56,0,0,0,56,4,20,2.0,96.0,0.0,True,False
288,4 4 18,48,16.0,1,1.25,False,223000,1.7777777777777777,0,42,128,58,60,0,0,0,60,4,50,1.6666666666666667,80.0,0.0,True,False
288,4 4 18,48,16.0,1,1.25,False,223500,1.7777777777777777,0,42,128,58,60,0,0,0,60,4,50,1.6666666666666667,80.0,0.0,True,False
288,4 4 18,48,16.0,1,1.25,False,224000,1.7777777777777777,0,42,128,58,60,0,0,0,60,4,50,1.6666666666666667,80.0,0.0,True,False
288,4 4 18,48,16.0,1,1.25,False,224500,1.7777777777777777,0,42,128,58,60,0,0,0,60,4,50,1.6666666666666667,80.0,0.0,True,False
288,4 4 18,48,16.0,1,1.25,False,225000,1.7222222222222223,0,52,128,52,56,0,0,0,56,4,20,2.0,96.0,0.0,True,False
288,4 4 18,48,16.0,1,1.25,False,225500,1.7222222222222223,0,52,128,52,56,0,0,0,56,4,20,2.0,96.0,0.0,True,False
288,4 4 18,48,16.0,1,1.25,False,226000,1.7222222222222223,0,52,128,52,56,0,0,0,56,4,20,2.0,96.0,0.0,True,False
288,4 4 18,48,16.0,1,1.25,False,226500,1.7777777777777777,0,42,128,58,60,0,0,0,60,4,50,1.6666666666666667,80.0,0.0,True,False
288,4 4 18,48,16.0,1,1.25,False,227000,1.7222222222222223,0,52,128,52,56,0,0,0,56,4,20,2.0,96.0,0.0,True,False
288,4 4 18,48,16.0,1,1.25,False,227500,1.7222222222222223,0,52,128,52,56,0,0,0,56,4,20,2.0,96.0,0.0,True,False
288,4 4 18,48,16.0,1,1.25,False,228000,1.7222222222222223,0,52,128,52,56,0,0,0,56,4,20,2.0,96.0,0.0,True,False
288,4 4 18,48,16.0,1,1.25,False,228500,1.7777777777777777,0,42,128,58,60,0,0,0,60,4,50,1.6666666666666667,80.0,0.0,True,False
288,4 4 18,48,16.0,1,1.25,False,229000,1.7222222222222223,0,52,128,52,56,0,0,0,56,4,20,2.0,96.0,0.0,True,False
288,4 4 18,48,16.0,1,1.25,False,229500,1.7222222222222223,0,52,128,52,56,0,0,0,56,4,20,2.0,96.0,0.0,True,False
288,4 4 18,48,16.0,1,1.25,False,230000,1.7222222222222223,0,52,128,52,56,0,0,0,56,4,20,2.0,96.0,0.0,True,False
288,4 4 18,48,16.0,1,1.25,False,230500,1.7222222222222223,0,52,128,52,56,0,0,0,56,4,20,2.0,96.0,0.0,True,False
288,4 4 18,48,16.0,1,1.25,False,231000,1.7222222222222223,0,52,128,52,56,0,0,0,56,4,20,2.0,96.0,0.0,True,False
288,4 4 18,48,16.0,1,1.25,False,231500,1.7222222222222223,0,52,128,52,56,0,0,0,56,4,20,2.0,96.0,0.0,True,False
288,4 4 18,48,16.0,1,1.25,False,232000,1.7222222222222223,0,52,128,52,56,0,0,0,56,4,20,2.0,96.0,0.0,True,False
288,4 4 18,48,16.0,1,1.25,False,232500,1.7222222222222223,0,52,128,52,56,0,0,0,56,4,20,2.0,96.0,0.0,True,False
288,4 4 18,48,16.0,1,1.25,False,233000,1.7777777777777777,0,42,128,58,60,0,0,0,60,4,50,1.6666666666666667,80.0,0.0,True,False
288,4 4 18,48,16.0,1,1.25,False,233500,1.7222222222222223,0,52,128,52,56,0,0,0,56,4,20,2.0,96.0,0.0,True,False
288,4 4 18,48,16.0,1,1.25,False,234000,1.7222222222222223,0,52,128,52,56,0,0,0,56,4,20,2.0,96.0,0.0,True,False
288,4 4 18,48,16.0,1,1.25,False,234500,1.7222222222222223,0,52,128,52,56,0,0,0,56,4,20,2.0,96.0,0.0,True,False
288,4 4 18,48,16.0,1,1.25,False,235000,1.7222222222222223,0,52,128,52,56,0,0,0,56,4,20,2.0,96.0,0.0,True,False
288,4 4 18,48,16.0,1,1.25,False,235500,1.7222222222222223,0,52,128,52,56,0,0,0,56,4,20,2.0,96.0,0.0,True,False
288,4 4 18,48,16.0,1,1.25,False,236000,1.7222222222222223,0,52,128,52,56,0,0,0,56,4,20,2.0,96.0,0.0,True,False
288,4 4 18,48,16.0,1,1.25,False,236500,1.7222222222222223,0,52,128,52,56,0,0,0,56,4,20,2.0,96.0,0.0,True,False
288,4 4 18,48,16.0,1,1.25,False,237000,1.7222222222222223,0,52,128,52,56,0,0,0,56,4,20,2.0,96.0,0.0,True,False
288,4 4 18,48,16.0,1,1.25,False,237500,1.7222222222222223,0,52,128,52,56,0,0,0,56,4,20,2.0,96.0,0.0,True,False
288,4 4 18,48,16.0,1,1.25,False,238000,1.7222222222222223,0,52,128,52,56,0,0,0,56,4,20,2.0,96.0,0.0,True,False
288,4 4 18,48,16.0,1,1.25,False,238500,1.7222222222222223,0,52,128,52,56,0,0,0,56,4,20,2.0,96.0,0.0,True,False
288,4 4 18,48,16.0,1,1.25,False,239000,1.7222222222222223,0,52,128,52,56,0,0,0,56,4,20,2.0,96.0,0.0,True,False
288,4 4 18,48,16.0,1,1.25,False,239500,1.7222222222222223,0,52,128,52,56,0,0,0,56,4,20,2.0,96.0,0.0,True,False
288,4 4 18,48,16.0,1,1.25,False,240000,1.7222222222222223,0,52,128,52,56,0,0,0,56,4,20,2.0,96.0,0.0,True,False
288,4 4 18,48,16.0,1,1.25,False,240500,1.7777777777777777,0,42,128,58,60,0,0,0,60,4,50,1.6666666666666667,80.0,0.0,True,False
288,4 4 18,48,16.0,1,1.25,False,241000,1.7222222222222223,0,52,128,52,56,0,0,0,56,4,20,2.0,96.0,0.0,True,False
288,4 4 18,48,16.0,1,1.25,False,241500,1.7222222222222223,0,52,128,52,56,0,0,0,56,4,20,2.0,96.0,0.0,True,False
288,4 4 18,48,16.0,1,1.25,False,242000,1.7222222222222223,0,52,128,52,56,0,0,0,56,4,20,2.0,96.0,0.0,True,False
288,4 4 18,48,16.0,1,1.25,False,242500,1.7222222222222223,0,52,128,52,56,0,0,0,56,4,20,2.0,96.0,0.0,True,False
288,4 4 18,48,16.0,1,1.25,False,243000,1.7222222222222223,0,52,128,52,56,0,0,0,56,4,20,2.0,96.0,0.0,True,False
288,4 4 18,48,16.0,1,1.25,False,243500,1.7222222222222223,0,52,128,52,56,0,0,0,56,4,20,2.0,96.0,0.0,True,False
288,4 4 18,48,16.0,1,1.25,False,244000,1.7222222222222223,0,52,128,52,56,0,0,0,56,4,20,2.0,96.0,0.0,True,False
288,4 4 18,48,16.0,1,1.25,False,244500,1.7222222222222223,0,52,128,52,56,0,0,0,56,4,20,2.0,96.0,0.0,True,False
288,4 4 18,48,16.0,1,1.25,False,245000,1.7222222222222223,0,52,128,52,56,0,0,0,56,4,20,2.0,96.0,0.0,True,False
288,4 4 18,48,16.0,1,1.25,False,245500,1.7222222222222223,0,52,128,52,56,0,0,0,56,4,20,2.0,96.0,0.0,True,False
288,4 4 18,48,16.0,1,1.25,False,246000,1.7222222222222223,0,52,128,52,56,0,0,0,56,4,20,2.0,96.0,0.0,True,False
288,4 4 18,48,16.0,1,1.25,False,246500,1.7222222222222223,0,52,128,52,56,0,0,0,56,4,20,2.0,96.0,0.0,True,False
288,4 4 18,48,16.0,1,1.25,False,247000,1.7222222222222223,0,52,128,52,56,0,0,0,56,4,20,2.0,96.0,0.0,True,False
288,4 4 18,48,16.0,1,1.25,False,247500,1.7222222222222223,0,52,128,52,56,0,0,0,56,4,20,2.0,96.0,0.0,True,False
288,4 4 18,48,16.0,1,1.25,False,248000,1.7222222222222223,0,52,128,52,56,0,0,0,56,4,20,2.0,96.0,0.0,True,False
288,4 4 18,48,16.0,1,1.25,False,248500,1.7222222222222223,0,52,128,52,56,0,0,0,56,4,20,2.0,96.0,0.0,True,False
288,4 4 18,48,16.0,1,1.25,False,249000,1.7222222222222223,0,52,128,52,56,0,0,0,56,4,20,2.0,96.0,0.0,True,False
288,4 4 18,48,16.0,1,1.25,False,249500,1.7222222222222223,0,52,128,52,56,0,0,0,56,4,20,2.0,96.0,0.0,True,False
288,4 4 18,48,16.0,1,1.25,False,250000,1.7777777777777777,0,42,128,58,60,0,0,0,60,4,50,1.6666666666666667,80.0,0.0,True,False
288,4 4 18,48,16.0,1,1.25,False,250500,1.7777777777777777,0,42,128,58,60,0,0,0,60,4,50,1.6666666666666667,80.0,0.0,True,False
288,4 4 18,48,16.0,1,1.25,False,251000,1.7777777777777777,0,42,128,58,60,0,0,0,60,4,50,1.6666666666666667,80.0,0.0,True,False
288,4 4 18,48,16.0,1,1.25,False,251500,1.7777777777777777,0,42,128,58,60,0,0,0,60,4,50,1.6666666666666667,80.0,0.0,True,False
288,4 4 18,48,16.0,1,1.25,False,252000,1.8020833333333333,0,48,127,55,57,1,0,0,58,3,48,1.5208333333333333,73.0,0.0,True,False
288,4 4 18,48,16.0,1,1.25,False,252500,1.8020833333333333,0,48,127,55,57,1,0,0,58,3,48,1.5208333333333333,73.0,0.0,True,False
288,4 4 18,48,16.0,1,1.25,False,253000,1.8020833333333333,0,47,127,57,57,0,0,0,57,2,51,1.5208333333333333,73.0,0.0,True,False
288,4 4 18,48,16.0,1,1.25,False,253500,1.8020833333333333,0,47,127,57,57,0,0,0,57,2,51,1.5208333333333333,73.0,0.0,True,False
288,4 4 18,48,16.0,1,1.25,False,254000,1.8020833333333333,0,47,127,57,57,0,0,0,57,2,51,1.5208333333333333,73.0,0.0,True,False
288,4 4 18,48,16.0,1,1.25,False,254500,1.8020833333333333,0,47,127,57,57,0,0,0,57,2,51,1.5208333333333333,73.0,0.0,True,False
288,4 4 18,48,16.0,1,1.25,False,255000,1.7222222222222223,0,52,128,52,56,0,0,0,56,4,20,2.0,96.0,0.0,True,False
288,4 4 18,48,16.0,1,1.25,False,255500,1.7777777777777777,0,42,128,58,60,0,0,0,60,4,50,1.6666666666666667,80.0,0.0,True,False
288,4 4 18,48,16.0,1,1.25,False,256000,1.7777777777777777,0,42,128,58,60,0,0,0,60,4,50,1.6666666666666667,80.0,0.0,True,False
288,4 4 18,48,16.0,1,1.25,False,256500,1.7222222222222223,0,52,128,52,56,0,0,0,56,4,20,2.0,96.0,0.0,True,False
288,4 4 18,48,16.0,1,1.25,False,257000,1.7222222222222223,0,52,128,52,56,0,0,0,56,4,20,2.0,96.0,0.0,True,False
288,4 4 18,48,16.0,1,1.25,False,257500,1.7222222222222223,0,52,128,52,56,0,0,0,56,4,20,2.0,96.0,0.0,True,False
288,4 4 18,48,16.0,1,1.25,False,258000,1.7222222222222223,0,52,128,52,56,0,0,0,56,4,20,2.0,96.0,0.0,True,False
288,4 4 18,48,16.0,1,1.25,False,258500,1.7222222222222223,0,52,128,52,56,0,0,0,56,4,20,2.0,96.0,0.0,True,False
288,4 4 18,48,16.0,1,1.25,False,259000,1.7222222222222223,0,52,128,52,56,0,0,0,56,4,20,2.0,96.0,0.0,True,False
288,4 4 18,48,16.0,1,1.25,False,259500,1.7222222222222223,0,52,128,52,56,0,0,0,56,4,20,2.0,96.0,0.0,True,False
288,4 4 18,48,16.0,1,1.25,False,260000,1.7222222222222223,0,52,128,52,56,0,0,0,56,4,20,2.0,96.0,0.0,True,False
288,4 4 18,48,16.0,1,1.25,False,260500,1.7222222222222223,0,52,128,52,56,0,0,0,56,4,20,2.0,96.0,0.0,True,False
288,4 4 18,48,16.0,1,1.25,False,261000,1.7777777777777777,0,42,128,58,60,0,0,0,60,4,50,1.6666666666666667,80.0,0.0,True,False
288,4 4 18,48,16.0,1,1.25,False,261500,1.7222222222222223,0,52,128,52,56,0,0,0,56,4,20,2.0,96.0,0.0,True,False
288,4 4 18,48,16.0,1,1.25,False,262000,1.7222222222222223,0,52,128,52,56,0,0,0,56,4,20,2.0,96.0,0.0,True,False
288,4 4 18,48,16.0,1,1.25,False,262500,1.7222222222222223,0,52,128,52,56,0,0,0,56,4,20,2.0,96.0,0.0,True,False
288,4 4 18,48,16.0,1,1.25,False,263000,1.7777777777777777,0,42,128,58,60,0,0,0,60,4,50,1.6666666666666667,80.0,0.0,True,False
288,4 4 18,48,16.0,1,1.25,False,263500,1.7777777777777777,0,42,128,58,60,0,0,0,60,4,50,1.6666666666666667,80.0,0.0,True,False
288,4 4 18,48,16.0,1,1.25,False,264000,1.7777777777777777,0,42,128,58,60,0,0,0,60,4,50,1.6666666666666667,80.0,0.0,True,False
288,4 4 18,48,16.0,1,1.25,False,264500,1.7777777777777777,0,42,128,58,60,0,0,0,60,4,50,1.6666666666666667,80.0,0.0,True,False
288,4 4 18,48,16.0,1,1.25,False,265000,1.7222222222222223,0,52,128,52,56,0,0,0,56,4,20,2.0,96.0,0.0,True,False
288,4 4 18,48,16.0,1,1.25,False,265500,1.7222222222222223,0,52,128,52,56,0,0,0,56,4,20,2.0,96.0,0.0,True,False
288,4 4 18,48,16.0,1,1.25,False,266000,1.7222222222222223,0,52,128,52,56,0,0,0,56,4,20,2.0,96.0,0.0,True,False
288,4 4 18,48,16.0,1,1.25,False,266500,1.7222222222222223,0,52,128,52,56,0,0,0,56,4,20,2.0,96.0,0.0,True,False
288,4 4 18,48,16.0,1,1.25,False,267000,1.7222222222222223,0,52,128,52,56,0,0,0,56,4,20,2.0,96.0,0.0,True,False
288,4 4 18,48,16.0,1,1.25,False,267500,1.7222222222222223,0,52,128,52,56,0,0,0,56,4,20,2.0,96.0,0.0,True,False
288,4 4 18,48,16.0,1,1.25,False,268000,1.7222222222222223,0,52,128,52,56,0,0,0,56,4,20,2.0,96.0,0.0,True,False
288,4 4 18,48,16.0,1,1.25,False,268500,1.7222222222222223,0,52,128,52,56,0,0,0,56,4,20,2.0,96.0,0.0,True,False
288,4 4 18,48,16.0,1,1.25,False,269000,1.7222222222222223,0,52,128,52,56,0,0,0,56,4,20,2.0,96.0,0.0,True,False
288,4 4 18,48,16.0,1,1.25,False,269500,1.7222222222222223,0,52,128,52,56,0,0,0,56,4,20,2.0,96.0,0.0,True,False
288,4 4 18,48,16.0,1,1.25,False,270000,1.7222222222222223,0,52,128,52,56,0,0,0,56,4,20,2.0,96.0,0.0,True,False
288,4 4 18,48,16.0,1,1.25,False,270500,1.7222222222222223,0,52,128,52,56,0,0,0,56,4,20,2.0,96.0,0.0,True,False
288,4 4 18,48,16.0,1,1.25,False,271000,1.7222222222222223,0,52,128,52,56,0,0,0,56,4,20,2.0,96.0,0.0,True,False
288,4 4 18,48,16.0,1,1.25,False,271500,1.7222222222222223,0,52,128,52,56,0,0,0,56,4,20,2.0,96.0,0.0,True,False
288,4 4 18,48,16.0,1,1.25,False,272000,1.7222222222222223,0,52,128,52,56,0,0,0,56,4,20,2.0,96.0,0.0,True,False
288,4 4 18,48,16.0,1,1.25,False,272500,1.7222222222222223,0,52,128,52,56,0,0,0,56,4,20,2.0,96.0,0.0,True,False
288,4 4 18,48,16.0,1,1.25,False,273000,1.7222222222222223,0,52,128,52,56,0,0,0,56,4,20,2.0,96.0,0.0,True,False
288,4 4 18,48,16.0,1,1.25,False,273500,1.7222222222222223,0,52,128,52,56,0,0,0,56,4,20,2.0,96.0,0.0,True,False
288,4 4 18,48,16.0,1,1.25,False,274000,1.7222222222222223,0,52,128,52,56,0,0,0,56,4,20,2.0,96.0,0.0,True,False
288,4 4 18,48,16.0,1,1.25,False,274500,1.7222222222222223,0,52,128,52,56,0,0,0,56,4,20,2.0,96.0,0.0,True,False
288,4 4 18,48,16.0,1,1.25,False,275000,1.7222222222222223,0,52,128,52,56,0,0,0,56,4,20,2.0,96.0,0.0,True,False
288,4 4 18,48,16.0,1,1.25,False,275500,1.7222222222222223,0,52,128,52,56,0,0,0,56,4,20,2.0,96.0,0.0,True,False
288,4 4 18,48,16.0,1,1.25,False,276000,1.7222222222222223,0,52,128,52,56,0,0,0,56,4,20,2.0,96.0,0.0,True,False
288,4 4 18,48,16.0,1,1.25,False,276500,1.7777777777777777,0,42,128,58,60,0,0,0,60,4,50,1.6666666666666667,80.0,0.0,True,False
288,4 4 18,48,16.0,1,1.25,False,277000,1.7777777777777777,0,42,128,58,60,0,0,0,60,4,50,1.6666666666666667,80.0,0.0,True,False
288,4 4 18,48,16.0,1,1.25,False,277500,1.7777777777777777,0,42,128,58,60,0,0,0,60,4,50,1.6666666666666667,80.0,0.0,True,False
288,4 4 18,48,16.0,1,1.25,False,278000,1.7222222222222223,0,52,128,52,56,0,0,0,56,4,20,2.0,96.0,0.0,True,False
288,4 4 18,48,16.0,1,1.25,False,278500,1.7222222222222223,0,52,128,52,56,0,0,0,56,4,20,2.0,96.0,0.0,True,False
288,4 4 18,48,16.0,1,1.25,False,279000,1.7222222222222223,0,52,128,52,56,0,0,0,56,4,20,2.0,96.0,0.0,True,False
288,4 4 18,48,16.0,1,1.25,False,279500,1.7222222222222223,0,52,128,52,56,0,0,0,56,4,20,2.0,96.0,0.0,True,False
288,4 4 18,48,16.0,1,1.25,False,280000,1.7222222222222223,0,52,128,52,56,0,0,0,56,4,20,2.0,96.0,0.0,True,False
288,4 4 18,48,16.0,1,1.25,False,280500,1.7222222222222223,0,52,128,52,56,0,0,0,56,4,20,2.0,96.0,0.0,True,False
288,4 4 18,48,16.0,1,1.25,False,281000,1.7222222222222223,0,52,128,52,56,0,0,0,56,4,20,2.0,96.0,0.0,True,False
288,4 4 18,48,16.0,1,1.25,False,281500,1.7222222222222223,0,52,128,52,56,0,0,0,56,4,20,2.0,96.0,0.0,True,False
288,4 4 18,48,16.0,1,1.25,False,282000,1.7222222222222223,0,52,128,52,56,0,0,0,56,4,20,2.0,96.0,0.0,True,False
288,4 4 18,48,16.0,1,1.25,False,282500,1.7222222222222223,0,52,128,52,56,0,0,0,56,4,20,2.0,96.0,0.0,True,False
288,4 4 18,48,16.0,1,1.25,False,283000,1.7222222222222223,0,52,128,52,56,0,0,0,56,4,20,2.0,96.0,0.0,True,False
288,4 4 18,48,16.0,1,1.25,False,283500,1.7222222222222223,0,52,128,52,56,0,0,0,56,4,20,2.0,96.0,0.0,True,False
288,4 4 18,48,16.0,1,1.25,False,284000,1.7777777777777777,0,42,128,58,60,0,0,0,60,4,50,1.6666666666666667,80.0,0.0,True,False
288,4 4 18,48,16.0,1,1.25,False,284500,1.7222222222222223,0,52,128,52,56,0,0,0,56,4,20,2.0,96.0,0.0,True,False
288,4 4 18,48,16.0,1,1.25,False,285000,1.7222222222222223,0,52,128,52,56,0,0,0,56,4,20,2.0,96.0,0.0,True,False
288,4 4 18,48,16.0,1,1.25,False,285500,1.7222222222222223,0,52,128,52,56,0,0,0,56,4,20,2.0,96.0,0.0,True,False
288,4 4 18,48,16.0,1,1.25,False,286000,1.7777777777777777,0,42,128,58,60,0,0,0,60,4,50,1.6666666666666667,80.0,0.0,True,False
288,4 4 18,48,16.0,1,1.25,False,286500,1.7777777777777777,0,42,128,58,60,0,0,0,60,4,50,1.6666666666666667,80.0,0.0,True,False
288,4 4 18,48,16.0,1,1.25,False,287000,1.7222222222222223,0,52,128,52,56,0,0,0,56,4,20,2.0,96.0,0.0,True,False
288,4 4 18,48,16.0,1,1.25,False,287500,1.7777777777777777,0,42,128,58,60,0,0,0,60,4,50,1.6666666666666667,80.0,0.0,True,False
288,4 4 18,48,16.0,1,1.25,False,288000,1.7222222222222223,0,52,128,52,56,0,0,0,56,4,20,2.0,96.0,0.0,True,False
288,4 4 18,48,16.0,1,1.25,False,288500,1.7222222222222223,0,52,128,52,56,0,0,0,56,4,20,2.0,96.0,0.0,True,False
288,4 4 18,48,16.0,1,1.25,False,289000,1.7222222222222223,0,52,128,52,56,0,0,0,56,4,20,2.0,96.0,0.0,True,False
288,4 4 18,48,16.0,1,1.25,False,289500,1.7222222222222223,0,52,128,52,56,0,0,0,56,4,20,2.0,96.0,0.0,True,False
288,4 4 18,48,16.0,1,1.25,False,290000,1.7222222222222223,0,52,128,52,56,0,0,0,56,4,20,2.0,96.0,0.0,True,False
288,4 4 18,48,16.0,1,1.25,False,290500,1.7222222222222223,0,52,128,52,56,0,0,0,56,4,20,2.0,96.0,0.0,True,False
288,4 4 18,48,16.0,1,1.25,False,291000,1.7777777777777777,0,42,128,58,60,0,0,0,60,4,50,1.6666666666666667,80.0,0.0,True,False
288,4 4 18,48,16.0,1,1.25,False,291500,1.7777777777777777,0,42,128,58,60,0,0,0,60,4,50,1.6666666666666667,80.0,0.0,True,False
288,4 4 18,48,16.0,1,1.25,False,292000,1.7222222222222223,0,52,128,52,56,0,0,0,56,4,20,2.0,96.0,0.0,True,False
288,4 4 18,48,16.0,1,1.25,False,292500,1.7222222222222223,0,52,128,52,56,0,0,0,56,4,20,2.0,96.0,0.0,True,False
288,4 4 18,48,16.0,1,1.25,False,293000,1.7222222222222223,0,52,128,52,56,0,0,0,56,4,20,2.0,96.0,0.0,True,False
288,4 4 18,48,16.0,1,1.25,False,293500,1.7222222222222223,0,52,128,52,56,0,0,0,56,4,20,2.0,96.0,0.0,True,False
288,4 4 18,48,16.0,1,1.25,False,294000,1.7222222222222223,0,52,128,52,56,0,0,0,56,4,20,2.0,96.0,0.0,True,False
288,4 4 18,48,16.0,1,1.25,False,294500,1.7222222222222223,0,52,128,52,56,0,0,0,56,4,20,2.0,96.0,0.0,True,False
288,4 4 18,48,16.0,1,1.25,False,295000,1.7222222222222223,0,52,128,52,56,0,0,0,56,4,20,2.0,96.0,0.0,True,False
288,4 4 18,48,16.0,1,1.25,False,295500,1.7222222222222223,0,52,128,52,56,0,0,0,56,4,20,2.0,96.0,0.0,True,False
288,4 4 18,48,16.0,1,1.25,False,296000,1.7222222222222223,0,52,128,52,56,0,0,0,56,4,20,2.0,96.0,0.0,True,False
288,4 4 18,48,16.0,1,1.25,False,296500,1.7777777777777777,0,42,128,58,60,0,0,0,60,4,50,1.6666666666666667,80.0,0.0,True,False
288,4 4 18,48,16.0,1,1.25,False,297000,1.7222222222222223,0,52,128,52,56,0,0,0,56,4,20,2.0,96.0,0.0,True,False
288,4 4 18,48,16.0,1,1.25,False,297500,1.7777777777777777,0,42,128,58,60,0,0,0,60,4,50,1.6666666666666667,80.0,0.0,True,False
288,4 4 18,48,16.0,1,1.25,False,298000,1.7222222222222223,0,52,128,52,56,0,0,0,56,4,20,2.0,96.0,0.0,True,False
288,4 4 18,48,16.0,1,1.25,False,298500,1.7222222222222223,0,52,128,52,56,0,0,0,56,4,20,2.0,96.0,0.0,True,False
288,4 4 18,48,16.0,1,1.25,False,299000,1.7222222222222223,0,52,128,52,56,0,0,0,56,4,20,2.0,96.0,0.0,True,False
288,4 4 18,48,16.0,1,1.25,False,299500,1.7222222222222223,0,52,128,52,56,0,0,0,56,4,20,2.0,96.0,0.0,True,False
288,4 4 18,48,16.0,1,1.25,False,300000,1.7222222222222223,0,52,128,52,56,0,0,0,56,4,20,2.0,96.0,0.0,True,True
288,4 4 18,48,16.0,2,1.25,False,0,2.0,0,288,0,0,0,0,0,0,0,0,0,0.3333333333333333,16.0,0.0,False,False
288,4 4 18,48,16.0,2,1.25,False,500,2.0555555555555554,0,236,36,0,16,0,0,0,16,0,0,0.0,0.0,0.0,True,False
288,4 4 18,48,16.0,2,1.25,False,1000,2.0555555555555554,0,272,12,0,4,0,0,0,4,0,0,0.0,0.0,0.0,True,False
288,4 4 18,48,16.0,2,1.25,False,1500,2.0555555555555554,0,272,12,0,4,0,0,0,4,0,0,0.0,0.0,0.0,True,False
288,4 4 18,48,16.0,2,1.25,False,2000,2.0,0,288,0,0,0,0,0,0,0,0,0,0.3333333333333333,16.0,0.0,True,False
288,4 4 18,48,16.0,2,1.25,False,2500,2.0555555555555554,0,260,20,0,8,0,0,0,8,0,0,0.0,0.0,0.0,True,False
288,4 4 18,48,16.0,2,1.25,False,3000,2.0555555555555554,0,236,36,0,16,0,0,0,16,0,0,0.0,0.0,0.0,True,False
288,4 4 18,48,16.0,2,1.25,False,3500,2.0555555555555554,0,236,36,0,16,0,0,0,16,0,0,0.0,0.0,0.0,True,False
288,4 4 18,48,16.0,2,1.25,False,4000,2.0555555555555554,0,224,44,0,20,0,0,0,20,0,0,0.0,0.0,0.0,True,False
288,4 4 18,48,16.0,2,1.25,False,4500,2.0347222222222223,0,212,52,4,20,0,0,0,20,2,2,0.125,6.0,0.0,True,False
288,4 4 18,48,16.0,2,1.25,False,5000,2.013888888888889,0,212,52,8,16,0,0,0,16,2,4,0.25,12.0,0.0,True,False
288,4 4 18,48,16.0,2,1.25,False,5500,2.013888888888889,0,188,68,8,24,0,0,0,24,2,4,0.25,12.0,0.0,True,False
288,4 4 18,48,16.0,2,1.25,False,6000,1.9930555555555556,0,164,84,12,28,0,0,0,28,1,12,0.375,18.0,0.0,True,False
288,4 4 18,48,16.0,2,1.25,False,6500,1.9722222222222223,0,140,100,16,32,0,0,0,32,1,16,0.5,24.0,0.0,True,False
288,4 4 18,48,16.0,2,1.25,False,7000,1.9097222222222223,0,128,108,28,24,0,0,0,24,1,28,0.875,42.0,0.0,True,False
288,4 4 18,48,16.0,2,1.25,False,7500,1.8472222222222223,0,104,112,44,28,0,0,0,28,1,44,1.25,60.0,0.0,True,False
288,4 4 18,48,16.0,2,1.25,False,8000,1.8472222222222223,0,96,112,48,32,0,0,0,32,5,24,1.25,60.0,0.0,True,False
288,4 4 18,48,16.0,2,1.25,False,8500,1.8263888888888888,0,72,128,52,36,0,0,0,36,4,24,1.375,66.0,0.0,True,False
288,4 4 18,48,16.0,2,1.25,False,9000,1.7430555555555556,0,52,136,52,48,0,0,0,48,5,26,1.875,90.0,0.0,True,False
288,4 4 18,48,16.0,2,1.25,False,9500,1.6875,0,40,160,44,44,0,0,0,44,6,26,2.2083333333333335,106.0,0.0,True,False
288,4 4 18,48,16.0,2,1.25,False,10000,1.7152777777777777,0,44,156,48,40,0,0,0,40,6,30,2.0416666666666665,98.0,0.0,True,False
288,4 4 18,48,16.0,2,1.25,False,10500,1.7430555555555556,0,44,148,52,44,0,0,0,44,6,30,1.875,90.0,0.0,True,False
288,4 4 18,48,16.0,2,1.25,False,11000,1.7291666666666667,0,48,152,48,40,0,0,0,40,5,28,1.9583333333333333,94.0,0.0,True,False
288,4 4 18,48,16.0,2,1.25,False,11500,1.7361111111111112,0,48,144,56,40,0,0,0,40,3,28,1.9166666666666667,92.0,0.0,True,False
288,4 4 18,48,16.0,2,1.25,False,12000,1.7326388888888888,0,40,144,64,40,0,0,0,40,3,36,1.9375,93.0,0.0,True,False
288,4 4 18,48,16.0,2,1.25,False,12500,1.7534722222222223,0,28,136,72,52,0,0,0,52,4,48,1.8125,87.0,0.0,True,False
288,4 4 18,48,16.0,2,1.25,False,13000,1.6215277777777777,0,16,144,84,44,0,0,0,44,2,80,2.6041666666666665,125.0,0.0,True,False
288,4 4 18,48,16.0,2,1.25,False,13500,1.5833333333333333,0,24,156,80,28,0,0,0,28,4,74,2.8333333333333335,136.0,0.0,True,False
288,4 4 18,48,16.0,2,1.25,False,14000,1.6041666666666667,0,24,152,84,28,0,0,0,28,8,70,2.7083333333333335,130.0,0.0,True,False
288,4 4 18,48,16.0,2,1.25,False,14500,1.6388888888888888,0,32,160,64,32,0,0,0,32,8,30,2.5,120.0,0.0,True,False
288,4 4 18,48,16.0,2,1.25,False,15000,1.5833333333333333,0,28,172,56,32,0,0,0,32,5,30,2.8333333333333335,136.0,0.0,True,False
288,4 4 18,48,16.0,2,1.25,False,15500,1.5347222222222223,0,24,172,64,28,0,0,0,28,4,58,3.125,150.0,0.0,True,False
288,4 4 18,48,16.0,2,1.25,False,16000,1.4166666666666667,0,16,184,60,28,0,0,0,28,3,56,3.8333333333333335,184.0,0.0,True,False
288,4 4 18,48,16.0,2,1.25,False,16500,1.4791666666666667,0,12,168,72,36,0,0,0,36,7,60,3.4583333333333335,166.0,0.0,True,False
288,4 4 18,48,16.0,2,1.25,False,17000,1.5798611111111112,0,11,158,80,38,1,0,0,39,7,68,2.8541666666666665,137.0,0.0,True,False
288,4 4 18,48,16.0,2,1.25,False,17500,1.5138888888888888,0,16,160,76,36,0,0,0,36,11,56,3.25,156.0,0.0,True,False
288,4 4 18,48,16.0,2,1.25,False,18000,1.6006944444444444,0,16,160,78,32,2,0,0,34,11,58,2.7291666666666665,131.0,0.0,True,False
288,4 4 18,48,16.0,2,1.25,False,18500,1.5,0,8,160,76,44,0,0,0,44,11,56,3.3333333333333335,160.0,0.0,True,False
288,4 4 18,48,16.0,2,1.25,False,19000,1.5694444444444444,0,4,164,80,40,0,0,0,40,12,58,2.9166666666666665,140.0,0.0,True,False
288,4 4 18,48,16.0,2,1.25,False,19500,1.4930555555555556,0,8,172,80,28,0,0,0,28,6,70,3.375,162.0,0.0,True,False
288,4 4 18,48,16.0,2,1.25,False,20000,1.4722222222222223,0,0,176,60,52,0,0,0,52,7,48,3.5,168.0,0.0,True,False
288,4 4 18,48,16.0,2,1.25,False,20500,1.4895833333333333,0,12,174,68,34,0,0,0,34,12,44,3.3958333333333335,163.0,0.0,True,False
288,4 4 18,48,16.0,2,1.25,False,21000,1.4791666666666667,0,8,172,76,32,0,0,0,32,8,44,3.4583333333333335,166.0,0.0,True,False
288,4 4 18,48,16.0,2,1.25,False,21500,1.4861111111111112,0,12,174,72,30,0,0,0,30,10,52,3.4166666666666665,164.0,0.0,True,False
288,4 4 18,48,16.0,2,1.25,False,22000,1.4791666666666667,0,8,180,60,40,0,0,0,40,11,34,3.4583333333333335,166.0,0.0,True,False
288,4 4 18,48,16.0,2,1.25,False,22500,1.5173611111111112,0,6,166,90,26,0,0,0,26,12,66,3.2291666666666665,155.0,0.0,True,False
288,4 4 18,48,16.0,2,1.25,False,23000,1.5,0,10,193,65,19,1,0,0,20,11,42,3.3333333333333335,160.0,0.0,True,False
288,4 4 18,48,16.0,2,1.25,False,23500,1.4201388888888888,0,2,188,70,28,0,0,0,28,10,50,3.8125,183.0,0.0,True,False
288,4 4 18,48,16.0,2,1.25,False,24000,1.3611111111111112,0,0,204,52,32,0,0,0,32,10,34,4.166666666666667,200.0,0.0,True,False
288,4 4 18,48,16.0,2,1.25,False,24500,1.3888888888888888,0,0,196,56,36,0,0,0,36,14,30,4.0,192.0,0.0,True,False
288,4 4 18,48,16.0,2,1.25,False,25000,1.4583333333333333,0,0,174,80,34,0,0,0,34,12,58,3.5833333333333335,172.0,0.0,True,False
288,4 4 18,48,16.0,2,1.25,False,25500,1.5,0,0,162,96,30,0,0,0,30,4,70,3.3333333333333335,160.0,0.0,True,False
288,4 4 18,48,16.0,2,1.25,False,26000,1.4131944444444444,0,0,196,68,24,0,0,0,24,7,56,3.8541666666666665,185.0,0.0,True,False
288,4 4 18,48,16.0,2,1.25,False,26500,1.3854166666666667,0,0,206,60,22,0,0,0,22,9,30,4.020833333333333,193.0,0.0,True,False
288,4 4 18,48,16.0,2,1.25,False,27000,1.3993055555555556,0,0,190,76,22,0,0,0,22,10,44,3.9375,189.0,0.0,True,False
288,4 4 18,48,16.0,2,1.25,False,27500,1.4722222222222223,0,2,172,82,32,0,0,0,32,7,64,3.5,168.0,0.0,True,False
288,4 4 18,48,16.0,2,1.25,False,28000,1.3402777777777777,0,4,200,52,32,0,0,0,32,4,46,4.291666666666667,206.0,0.0,True,False
288,4 4 18,48,16.0,2,1.25,False,28500,1.4444444444444444,0,8,176,68,36,0,0,0,36,10,38,3.6666666666666665,176.0,0.0,True,False
288,4 4 18,48,16.0,2,1.25,False,29000,1.3402777777777777,0,4,200,52,32,0,0,0,32,6,32,4.291666666666667,206.0,0.0,True,False
288,4 4 18,48,16.0,2,1.25,False,29500,1.3541666666666667,0,4,200,56,28,0,0,0,28,15,28,4.208333333333333,202.0,0.0,True,False
288,4 4 18,48,16.0,2,1.25,False,30000,1.4305555555555556,0,8,188,60,32,0,0,0,32,14,28,3.75,180.0,0.0,True,False
288,4 4 18,48,16.0,2,1.25,False,30500,1.3611111111111112,0,0,204,52,32,0,0,0,32,11,28,4.166666666666667,200.0,0.0,True,False
288,4 4 18,48,16.0,2,1.25,False,31000,1.3263888888888888,0,0,204,52,32,0,0,0,32,8,24,4.375,210.0,0.0,True,False
288,4 4 18,48,16.0,2,1.25,False,31500,1.4166666666666667,0,4,188,68,28,0,0,0,28,16,24,3.8333333333333335,184.0,0.0,True,False
288,4 4 18,48,16.0,2,1.25,False,32000,1.4375,0,0,180,72,36,0,0,0,36,14,24,3.7083333333333335,178.0,0.0,True,False
288,4 4 18,48,16.0,2,1.25,False,32500,1.3472222222222223,0,0,200,56,32,0,0,0,32,16,12,4.25,204.0,0.0,True,False
288,4 4 18,48,16.0,2,1.25,False,33000,1.2916666666666667,0,0,216,48,24,0,0,0,24,17,8,4.583333333333333,220.0,0.0,True,False
288,4 4 18,48,16.0,2,1.25,False,33500,1.2708333333333333,0,0,220,44,24,0,0,0,24,19,8,4.708333333333333,226.0,0.0,True,False
288,4 4 18,48,16.0,2,1.25,False,34000,1.2430555555555556,0,0,228,40,20,0,0,0,20,20,2,4.875,234.0,0.0,True,False
288,4 4 18,48,16.0,2,1.25,False,34500,1.4305555555555556,0,0,188,64,36,0,0,0,36,20,10,3.75,180.0,0.0,True,False
288,4 4 18,48,16.0,2,1.25,False,35000,1.34375,0,0,227,46,15,0,0,0,15,14,16,4.270833333333333,205.0,0.0,True,False
288,4 4 18,48,16.0,2,1.25,False,35500,1.4409722222222223,0,0,198,52,38,0,0,0,38,13,16,3.6875,177.0,0.0,True,False
288,4 4 18,48,16.0,2,1.25,False,36000,1.40625,0,0,206,58,22,2,0,0,24,13,26,3.8958333333333335,187.0,0.0,True,False
288,4 4 18,48,16.0,2,1.25,False,36500,1.3854166666666667,0,0,214,44,30,0,0,0,30,15,12,4.020833333333333,193.0,0.0,True,False
288,4 4 18,48,16.0,2,1.25,False,37000,1.3298611111111112,0,0,218,40,30,0,0,0,30,13,8,4.354166666666667,209.0,0.0,True,False
288,4 4 18,48,16.0,2,1.25,False,37500,1.2777777777777777,0,0,228,40,20,0,0,0,20,12,14,4.666666666666667,224.0,0.0,True,False
288,4 4 18,48,16.0,2,1.25,False,38000,1.2777777777777777,0,0,216,44,28,0,0,0,28,15,14,4.666666666666667,224.0,0.0,True,False
288,4 4 18,48,16.0,2,1.25,False,38500,1.375,0,0,208,52,24,4,0,0,28,20,8,4.083333333333333,196.0,0.0,True,False
288,4 4 18,48,16.0,2,1.25,False,39000,1.2222222222222223,0,0,232,36,20,0,0,0,20,17,4,5.0,240.0,0.0,True,False
288,4 4 18,48,16.0,2,1.25,False,39500,1.2222222222222223,0,0,232,36,20,0,0,0,20,11,10,5.0,240.0,0.0,True,False
288,4 4 18,48,16.0,2,1.25,False,40000,1.3298611111111112,0,0,212,52,24,0,0,0,24,12,20,4.354166666666667,209.0,0.0,True,False
288,4 4 18,48,16.0,2,1.25,False,40500,1.2743055555555556,0,2,243,28,15,0,0,0,15,7,11,4.6875,225.0,0.0,True,False
288,4 4 18,48,16.0,2,1.25,False,41000,1.5138888888888888,0,0,189,70,25,4,0,0,29,15,32,3.25,156.0,0.0,True,False
288,4 4 18,48,16.0,2,1.25,False,41500,1.4652777777777777,0,0,197,70,17,4,0,0,21,13,43,3.5416666666666665,170.0,0.0,True,False
288,4 4 18,48,16.0,2,1.25,False,42000,1.5451388888888888,0,1,200,66,20,1,0,0,21,17,32,3.0625,147.0,0.0,True,False
288,4 4 18,48,16.0,2,1.25,False,42500,1.6423611111111112,0,0,201,59,26,0,1,1,28,14,16,2.4791666666666665,119.0,0.0,True,False
288,4 4 18,48,16.0,2,1.25,False,43000,1.40625,0,0,227,40,17,2,2,0,21,14,10,3.8958333333333335,187.0,0.0,True,False
288,4 4 18,48,16.0,2,1.25,False,43500,1.4652777777777777,0,0,192,60,32,4,0,0,36,16,22,3.5416666666666665,170.0,0.0,True,False
288,4 4 18,48,16.0,2,1.25,False,44000,1.3680555555555556,0,2,227,34,23,2,0,0,25,12,14,4.125,198.0,0.0,True,False
288,4 4 18,48,16.0,2,1.25,False,44500,1.3854166666666667,0,0,210,52,26,0,0,0,26,18,16,4.020833333333333,193.0,0.0,True,False
288,4 4 18,48,16.0,2,1.25,False,45000,1.4027777777777777,0,0,192,68,28,0,0,0,28,16,26,3.9166666666666665,188.0,0.0,True,False
288,4 4 18,48,16.0,2,1.25,False,45500,1.4305555555555556,0,0,188,64,36,0,0,0,36,18,10,3.75,180.0,0.0,True,False
288,4 4 18,48,16.0,2,1.25,False,46000,1.375,0,1,217,47,23,0,0,0,23,18,9,4.083333333333333,196.0,0.0,True,False
288,4 4 18,48,16.0,2,1.25,False,46500,1.4618055555555556,0,1,202,57,28,0,0,0,28,20,16,3.5625,171.0,0.0,True,False
288,4 4 18,48,16.0,2,1.25,False,47000,1.3611111111111112,0,0,212,56,20,0,0,0,20,20,18,4.166666666666667,200.0,0.0,True,False
288,4 4 18,48,16.0,2,1.25,False,47500,1.4201388888888888,0,0,211,50,27,0,0,0,27,17,9,3.8125,183.0,0.0,True,False
288,4 4 18,48,16.0,2,1.25,False,48000,1.3923611111111112,0,1,219,43,25,0,0,0,25,15,15,3.9791666666666665,191.0,0.0,True,False
288,4 4 18,48,16.0,2,1.25,False,48500,1.4236111111111112,0,1,213,59,15,0,0,0,15,10,27,3.7916666666666665,182.0,0.0,True,False
288,4 4 18,48,16.0,2,1.25,False,49000,1.3020833333333333,0,0,222,44,22,0,0,0,22,11,14,4.520833333333333,217.0,0.0,True,False
288,4 4 18,48,16.0,2,1.25,False,49500,1.2291666666666667,0,0,228,36,24,0,0,0,24,12,10,4.958333333333333,238.0,0.0,True,False
288,4 4 18,48,16.0,2,1.25,False,50000,1.2222222222222223,0,0,232,36,20,0,0,0,20,15,8,5.0,240.0,0.0,True,False
288,4 4 18,48,16.0,2,1.25,False,50500,1.4965277777777777,0,0,207,52,27,2,0,0,29,13,12,3.3541666666666665,161.0,0.0,True,False
288,4 4 18,48,16.0,2,1.25,False,51000,1.4409722222222223,0,0,202,64,22,0,0,0,22,19,22,3.6875,177.0,0.0,True,False
288,4 4 18,48,16.0,2,1.25,False,51500,1.4479166666666667,0,0,204,52,32,0,0,0,32,16,8,3.6458333333333335,175.0,0.0,True,False
288,4 4 18,48,16.0,2,1.25,False,52000,1.4097222222222223,0,0,220,44,24,0,0,0,24,17,6,3.875,186.0,0.0,True,False
288,4 4 18,48,16.0,2,1.25,False,52500,1.3055555555555556,0,0,237,31,19,1,0,0,20,12,8,4.5,216.0,0.0,True,False
288,4 4 18,48,16.0,2,1.25,False,53000,1.3680555555555556,0,0,212,52,20,4,0,0,24,22,6,4.125,198.0,0.0,True,False
288,4 4 18,48,16.0,2,1.25,False,53500,1.3194444444444444,0,0,224,44,16,4,0,0,20,20,4,4.416666666666667,212.0,0.0,True,False
288,4 4 18,48,16.0,2,1.25,False,54000,1.4479166666666667,0,0,190,60,38,0,0,0,38,12,19,3.6458333333333335,175.0,0.0,True,False
288,4 4 18,48,16.0,2,1.25,False,54500,1.4201388888888888,0,0,200,56,28,4,0,0,32,14,14,3.8125,183.0,0.0,True,False
288,4 4 18,48,16.0,2,1.25,False,55000,1.3263888888888888,0,0,204,52,32,0,0,0,32,18,12,4.375,210.0,0.0,True,False
288,4 4 18,48,16.0,2,1.25,False,55500,1.4444444444444444,0,0,196,76,12,4,0,0,16,11,28,3.6666666666666665,176.0,0.0,True,False
288,4 4 18,48,16.0,2,1.25,False,56000,1.4444444444444444,0,0,188,72,24,4,0,0,28,13,32,3.6666666666666665,176.0,0.0,True,False
288,4 4 18,48,16.0,2,1.25,False,56500,1.5208333333333333,0,0,196,66,24,2,0,0,26,16,35,3.2083333333333335,154.0,0.0,True,False
288,4 4 18,48,16.0,2,1.25,False,57000,1.5416666666666667,0,0,194,65,28,1,0,0,29,19,12,3.0833333333333335,148.0,0.0,True,False
288,4 4 18,48,16.0,2,1.25,False,57500,1.3263888888888888,0,0,208,64,16,0,0,0,16,12,26,4.375,210.0,0.0,True,False
288,4 4 18,48,16.0,2,1.25,False,58000,1.3055555555555556,0,0,216,52,20,0,0,0,20,20,12,4.5,216.0,0.0,True,False
288,4 4 18,48,16.0,2,1.25,False,58500,1.3194444444444444,0,0,208,52,28,0,0,0,28,22,4,4.416666666666667,212.0,0.0,True,False
288,4 4 18,48,16.0,2,1.25,False,59000,1.4131944444444444,0,0,206,48,34,0,0,0,34,13,12,3.8541666666666665,185.0,0.0,True,False
288,4 4 18,48,16.0,2,1.25,False,59500,1.2361111111111112,0,0,232,40,16,0,0,0,16,8,18,4.916666666666667,236.0,0.0,True,False
288,4 4 18,48,16.0,2,1.25,False,60000,1.2951388888888888,0,0,218,40,30,0,0,0,30,14,10,4.5625,219.0,0.0,True,False
288,4 4 18,48,16.0,2,1.25,False,60500,1.3402777777777777,0,0,216,52,20,0,0,0,20,12,20,4.291666666666667,206.0,0.0,True,False
288,4 4 18,48,16.0,2,1.25,False,61000,1.3229166666666667,0,0,222,40,26,0,0,0,26,15,8,4.395833333333333,211.0,0.0,True,False
288,4 4 18,48,16.0,2,1.25,False,61500,1.2013888888888888,0,0,236,32,20,0,0,0,20,12,10,5.125,246.0,0.0,True,False
288,4 4 18,48,16.0,2,1.25,False,62000,1.3506944444444444,0,0,214,44,30,0,0,0,30,13,8,4.229166666666667,203.0,0.0,True,False
288,4 4 18,48,16.0,2,1.25,False,62500,1.2708333333333333,0,0,235,36,15,2,0,0,17,10,13,4.708333333333333,226.0,0.0,True,False
288,4 4 18,48,16.0,2,1.25,False,63000,1.4305555555555556,0,0,199,64,23,2,0,0,25,18,13,3.75,180.0,0.0,True,False
288,4 4 18,48,16.0,2,1.25,False,63500,1.2708333333333333,0,0,235,36,15,2,0,0,17,10,13,4.708333333333333,226.0,0.0,True,False
288,4 4 18,48,16.0,2,1.25,False,64000,1.3298611111111112,0,0,215,48,23,2,0,0,25,18,15,4.354166666666667,209.0,0.0,True,False
288,4 4 18,48,16.0,2,1.25,False,64500,1.375,0,0,212,40,36,0,0,0,36,9,14,4.083333333333333,196.0,0.0,True,False
288,4 4 18,48,16.0,2,1.25,False,65000,1.2430555555555556,0,0,228,40,20,0,0,0,20,20,2,4.875,234.0,0.0,True,False
288,4 4 18,48,16.0,2,1.25,False,65500,1.3784722222222223,0,0,206,48,34,0,0,0,34,15,10,4.0625,195.0,0.0,True,False
288,4 4 18,48,16.0,2,1.25,False,66000,1.2222222222222223,0,0,232,36,20,0,0,0,20,15,4,5.0,240.0,0.0,True,False
288,4 4 18,48,16.0,2,1.25,False,66500,1.3472222222222223,0,0,200,56,32,0,0,0,32,21,8,4.25,204.0,0.0,True,False
288,4 4 18,48,16.0,2,1.25,False,67000,1.2430555555555556,0,0,228,40,20,0,0,0,20,20,2,4.875,234.0,0.0,True,False
288,4 4 18,48,16.0,2,1.25,False,67500,1.25,0,0,224,40,24,0,0,0,24,13,12,4.833333333333333,232.0,0.0,True,False
288,4 4 18,48,16.0,2,1.25,False,68000,1.2708333333333333,0,0,220,44,24,0,0,0,24,16,14,4.708333333333333,226.0,0.0,True,False
288,4 4 18,48,16.0,2,1.25,False,68500,1.46875,0,0,210,56,22,0,0,0,22,15,29,3.5208333333333335,169.0,0.0,True,False
288,4 4 18,48,16.0,2,1.25,False,69000,1.3333333333333333,0,1,239,31,17,0,0,0,17,13,6,4.333333333333333,208.0,0.0,True,False
288,4 4 18,48,16.0,2,1.25,False,69500,1.4027777777777777,0,0,246,24,16,0,2,0,18,12,4,3.9166666666666665,188.0,0.0,True,False
288,4 4 18,48,16.0,2,1.25,False,70000,1.3298611111111112,0,0,257,24,5,2,0,0,7,4,18,4.354166666666667,209.0,0.0,True,False
288,4 4 18,48,16.0,2,1.25,False,70500,1.3229166666666667,0,1,250,23,12,2,0,0,14,6,12,4.395833333333333,211.0,0.0,True,False
288,4 4 18,48,16.0,2,1.25,False,71000,1.3645833333333333,0,1,244,28,12,3,0,0,15,11,10,4.145833333333333,199.0,0.0,True,False
288,4 4 18,48,16.0,2,1.25,False,71500,1.3159722222222223,0,1,254,23,8,2,0,0,10,8,10,4.4375,213.0,0.0,True,False
288,4 4 18,48,16.0,2,1.25,False,72000,1.4722222222222223,0,1,224,43,18,2,0,0,20,11,16,3.5,168.0,0.0,True,False
288,4 4 18,48,16.0,2,1.25,False,72500,1.3993055555555556,0,2,244,22,20,0,0,0,20,6,10,3.9375,189.0,0.0,True,False
288,4 4 18,48,16.0,2,1.25,False,73000,1.4027777777777777,0,0,224,44,20,0,0,0,20,18,6,3.9166666666666665,188.0,0.0,True,False
288,4 4 18,48,16.0,2,1.25,False,73500,1.4027777777777777,0,0,226,40,22,0,0,0,22,14,8,3.9166666666666665,188.0,0.0,True,False
288,4 4 18,48,16.0,2,1.25,False,74000,1.3888888888888888,0,0,235,38,15,0,0,0,15,9,14,4.0,192.0,0.0,True,False
288,4 4 18,48,16.0,2,1.25,False,74500,1.4375,0,0,213,46,29,0,0,0,29,11,16,3.7083333333333335,178.0,0.0,True,False
288,4 4 18,48,16.0,2,1.25,False,75000,1.3680555555555556,0,0,224,44,20,0,0,0,20,17,10,4.125,198.0,0.0,True,False
288,4 4 18,48,16.0,2,1.25,False,75500,1.3993055555555556,0,1,212,49,26,0,0,0,26,19,11,3.9375,189.0,0.0,True,False
288,4 4 18,48,16.0,2,1.25,False,76000,1.3298611111111112,0,0,235,46,7,0,0,0,7,8,16,4.354166666666667,209.0,0.0,True,False
288,4 4 18,48,16.0,2,1.25,False,76500,1.2222222222222223,0,0,232,36,20,0,0,0,20,17,4,5.0,240.0,0.0,True,False
288,4 4 18,48,16.0,2,1.25,False,77000,1.2222222222222223,0,0,248,28,8,4,0,0,12,10,6,5.0,240.0,0.0,True,False
288,4 4 18,48,16.0,2,1.25,False,77500,1.3055555555555556,0,0,240,30,13,4,1,0,18,11,8,4.5,216.0,0.0,True,False
288,4 4 18,48,16.0,2,1.25,False,78000,1.3472222222222223,0,0,216,48,20,4,0,0,24,16,12,4.25,204.0,0.0,True,False
288,4 4 18,48,16.0,2,1.25,False,78500,1.3472222222222223,0,0,216,48,20,4,0,0,24,17,12,4.25,204.0,0.0,True,False
288,4 4 18,48,16.0,2,1.25,False,79000,1.5138888888888888,0,0,184,60,40,4,0,0,44,14,20,3.25,156.0,0.0,True,False
288,4 4 18,48,16.0,2,1.25,False,79500,1.3645833333333333,0,0,236,27,23,1,1,0,25,8,9,4.145833333333333,199.0,0.0,True,False
288,4 4 18,48,16.0,2,1.25,False,80000,1.4583333333333333,0,1,226,35,25,0,1,0,26,11,12,3.5833333333333335,172.0,0.0,True,False
288,4 4 18,48,16.0,2,1.25,False,80500,1.4652777777777777,0,0,216,52,16,4,0,0,20,13,14,3.5416666666666665,170.0,0.0,True,False
288,4 4 18,48,16.0,2,1.25,False,81000,1.4409722222222223,0,1,227,38,18,1,3,0,22,11,8,3.6875,177.0,0.0,True,False
288,4 4 18,48,16.0,2,1.25,False,81500,1.4513888888888888,0,0,218,48,17,2,3,0,22,15,12,3.625,174.0,0.0,True,False
288,4 4 18,48,16.0,2,1.25,False,82000,1.2881944444444444,0,0,250,28,6,4,0,0,10,13,6,4.604166666666667,221.0,0.0,True,False
288,4 4 18,48,16.0,2,1.25,False,82500,1.3958333333333333,0,0,232,40,12,4,0,0,16,9,8,3.9583333333333335,190.0,0.0,True,False
288,4 4 18,48,16.0,2,1.25,False,83000,1.4097222222222223,0,0,236,36,12,4,0,0,16,10,8,3.875,186.0,0.0,True,False
288,4 4 18,48,16.0,2,1.25,False,83500,1.2708333333333333,0,0,236,36,12,4,0,0,16,18,2,4.708333333333333,226.0,0.0,True,False
288,4 4 18,48,16.0,2,1.25,False,84000,1.2604166666666667,0,0,243,30,15,0,0,0,15,15,4,4.770833333333333,229.0,0.0,True,False
288,4 4 18,48,16.0,2,1.25,False,84500,1.3368055555555556,0,0,223,42,23,0,0,0,23,11,7,4.3125,207.0,0.0,True,False
288,4 4 18,48,16.0,2,1.25,False,85000,1.3506944444444444,0,0,223,46,19,0,0,0,19,16,17,4.229166666666667,203.0,0.0,True,False
288,4 4 18,48,16.0,2,1.25,False,85500,1.25,0,0,224,40,24,0,0,0,24,18,4,4.833333333333333,232.0,0.0,True,False
288,4 4 18,48,16.0,2,1.25,False,86000,1.2569444444444444,0,0,236,28,24,0,0,0,24,12,4,4.791666666666667,230.0,0.0,True,False
288,4 4 18,48,16.0,2,1.25,False,86500,1.3333333333333333,0,0,212,48,28,0,0,0,28,13,14,4.333333333333333,208.0,0.0,True,False
288,4 4 18,48,16.0,2,1.25,False,87000,1.3229166666666667,0,0,218,48,22,0,0,0,22,16,12,4.395833333333333,211.0,0.0,True,False
288,4 4 18,48,16.0,2,1.25,False,87500,1.3541666666666667,0,0,196,56,36,0,0,0,36,10,10,4.208333333333333,202.0,0.0,True,False
288,4 4 18,48,16.0,2,1.25,False,88000,1.3263888888888888,0,0,204,52,32,0,0,0,32,12,10,4.375,210.0,0.0,True,False
288,4 4 18,48,16.0,2,1.25,False,88500,1.3680555555555556,0,0,200,52,36,0,0,0,36,14,10,4.125,198.0,0.0,True,False
288,4 4 18,48,16.0,2,1.25,False,89000,1.2222222222222223,0,0,232,36,20,0,0,0,20,15,8,5.0,240.0,0.0,True,False
288,4 4 18,48,16.0,2,1.25,False,89500,1.2986111111111112,0,0,212,48,28,0,0,0,28,16,10,4.541666666666667,218.0,0.0,True,False
288,4 4 18,48,16.0,2,1.25,False,90000,1.2847222222222223,0,0,224,40,24,0,0,0,24,15,8,4.625,222.0,0.0,True,False
288,4 4 18,48,16.0,2,1.25,False,90500,1.2083333333333333,0,0,248,20,20,0,0,0,20,8,6,5.083333333333333,244.0,0.0,True,False
288,4 4 18,48,16.0,2,1.25,False,91000,1.2256944444444444,0,0,242,32,14,0,0,0,14,10,14,4.979166666666667,239.0,0.0,True,False
288,4 4 18,48,16.0,2,1.25,False,91500,1.25,0,0,224,40,24,0,0,0,24,16,8,4.833333333333333,232.0,0.0,True,False
288,4 4 18,48,16.0,2,1.25,False,92000,1.2847222222222223,0,0,224,40,24,0,0,0,24,18,4,4.625,222.0,0.0,True,False
288,4 4 18,48,16.0,2,1.25,False,92500,1.2881944444444444,0,0,235,34,19,0,0,0,19,10,16,4.604166666666667,221.0,0.0,True,False
288,4 4 18,48,16.0,2,1.25,False,93000,1.2951388888888888,0,2,238,34,14,0,0,0,14,12,12,4.5625,219.0,0.0,True,False
288,4 4 18,48,16.0,2,1.25,False,93500,1.2777777777777777,0,0,245,27,15,1,0,0,16,15,3,4.666666666666667,224.0,0.0,True,False
288,4 4 18,48,16.0,2,1.25,False,94000,1.2881944444444444,0,0,236,33,18,1,0,0,19,11,14,4.604166666666667,221.0,0.0,True,False
288,4 4 18,48,16.0,2,1.25,False,94500,1.3402777777777777,0,0,228,34,20,6,0,0,26,9,12,4.291666666666667,206.0,0.0,True,False
288,4 4 18,48,16.0,2,1.25,False,95000,1.3333333333333333,0,0,229,39,16,3,1,0,20,19,4,4.333333333333333,208.0,0.0,True,False
288,4 4 18,48,16.0,2,1.25,False,95500,1.40625,0,0,235,38,15,0,0,0,15,8,13,3.8958333333333335,187.0,0.0,True,False
288,4 4 18,48,16.0,2,1.25,False,96000,1.3958333333333333,0,0,219,46,19,4,0,0,23,10,27,3.9583333333333335,190.0,0.0,True,False
288,4 4 18,48,16.0,2,1.25,False,96500,1.2777777777777777,0,0,232,36,16,4,0,0,20,13,8,4.666666666666667,224.0,0.0,True,False
288,4 4 18,48,16.0,2,1.25,False,97000,1.2361111111111112,0,0,252,22,12,2,0,0,14,9,7,4.916666666666667,236.0,0.0,True,False
288,4 4 18,48,16.0,2,1.25,False,97500,1.2395833333333333,0,0,246,28,14,0,0,0,14,12,6,4.895833333333333,235.0,0.0,True,False
288,4 4 18,48,16.0,2,1.25,False,98000,1.2951388888888888,0,0,238,40,10,0,0,0,10,12,16,4.5625,219.0,0.0,True,False
288,4 4 18,48,16.0,2,1.25,False,98500,1.1805555555555556,0,0,248,32,8,0,0,0,8,9,16,5.25,252.0,0.0,True,False
288,4 4 18,48,16.0,2,1.25,False,99000,1.2604166666666667,0,0,242,32,14,0,0,0,14,15,6,4.770833333333333,229.0,0.0,True,False
288,4 4 18,48,16.0,2,1.25,False,99500,1.2604166666666667,0,0,242,32,14,0,0,0,14,14,8,4.770833333333333,229.0,0.0,True,False
288,4 4 18,48,16.0,2,1.25,False,100000,1.3159722222222223,0,0,226,40,22,0,0,0,22,20,6,4.4375,213.0,0.0,True,False
288,4 4 18,48,16.0,2,1.25,False,100500,1.3194444444444444,0,0,225,42,17,4,0,0,21,14,9,4.416666666666667,212.0,0.0,True,False
288,4 4 18,48,16.0,2,1.25,False,101000,1.3333333333333333,0,0,228,40,16,4,0,0,20,14,6,4.333333333333333,208.0,0.0,True,False
288,4 4 18,48,16.0,2,1.25,False,101500,1.2222222222222223,0,0,232,36,20,0,0,0,20,14,8,5.0,240.0,0.0,True,False
288,4 4 18,48,16.0,2,1.25,False,102000,1.2222222222222223,0,0,248,28,8,4,0,0,12,14,2,5.0,240.0,0.0,True,False
288,4 4 18,48,16.0,2,1.25,False,102500,1.3819444444444444,0,0,192,72,24,0,0,0,24,16,32,4.041666666666667,194.0,0.0,True,False
288,4 4 18,48,16.0,2,1.25,False,103000,1.2083333333333333,0,0,244,28,16,0,0,0,16,12,4,5.083333333333333,244.0,0.0,True,False
288,4 4 18,48,16.0,2,1.25,False,103500,1.2708333333333333,0,0,220,44,24,0,0,0,24,20,4,4.708333333333333,226.0,0.0,True,False
288,4 4 18,48,16.0,2,1.25,False,104000,1.3680555555555556,0,0,204,64,20,0,0,0,20,11,16,4.125,198.0,0.0,True,False
288,4 4 18,48,16.0,2,1.25,False,104500,1.2569444444444444,0,0,228,44,16,0,0,0,16,15,16,4.791666666666667,230.0,0.0,True,False
288,4 4 18,48,16.0,2,1.25,False,105000,1.2777777777777777,0,0,216,44,28,0,0,0,28,15,14,4.666666666666667,224.0,0.0,True,False
288,4 4 18,48,16.0,2,1.25,False,105500,1.2534722222222223,0,0,234,36,18,0,0,0,18,12,12,4.8125,231.0,0.0,True,False
288,4 4 18,48,16.0,2,1.25,False,106000,1.0486111111111112,0,0,276,8,4,0,0,0,4,4,2,6.041666666666667,290.0,0.0,True,False
288,4 4 18,48,16.0,2,1.25,False,106500,1.2569444444444444,0,0,228,44,16,0,0,0,16,11,16,4.791666666666667,230.0,0.0,True,False
288,4 4 18,48,16.0,2,1.25,False,107000,1.2777777777777777,0,0,216,44,28,0,0,0,28,13,12,4.666666666666667,224.0,0.0,True,False
288,4 4 18,48,16.0,2,1.25,False,107500,1.3263888888888888,0,0,204,52,32,0,0,0,32,13,12,4.375,210.0,0.0,True,False
288,4 4 18,48,16.0,2,1.25,False,108000,1.2986111111111112,0,0,212,48,28,0,0,0,28,18,8,4.541666666666667,218.0,0.0,True,False
288,4 4 18,48,16.0,2,1.25,False,108500,1.2430555555555556,0,0,228,40,20,0,0,0,20,15,8,4.875,234.0,0.0,True,False
288,4 4 18,48,16.0,2,1.25,False,109000,1.2916666666666667,0,0,216,48,24,0,0,0,24,16,8,4.583333333333333,220.0,0.0,True,False
288,4 4 18,48,16.0,2,1.25,False,109500,1.2430555555555556,0,0,228,40,20,0,0,0,20,17,8,4.875,234.0,0.0,True,False
288,4 4 18,48,16.0,2,1.25,False,110000,1.2430555555555556,0,0,228,40,20,0,0,0,20,20,2,4.875,234.0,0.0,True,False
288,4 4 18,48,16.0,2,1.25,False,110500,1.2256944444444444,0,0,242,32,14,0,0,0,14,9,12,4.979166666666667,239.0,0.0,True,False
288,4 4 18,48,16.0,2,1.25,False,111000,1.3506944444444444,0,0,210,52,26,0,0,0,26,16,16,4.229166666666667,203.0,0.0,True,False
288,4 4 18,48,16.0,2,1.25,False,111500,1.2743055555555556,0,0,230,40,18,0,0,0,18,14,14,4.6875,225.0,0.0,True,False
288,4 4 18,48,16.0,2,1.25,False,112000,1.3958333333333333,0,0,188,84,16,0,0,0,16,15,32,3.9583333333333335,190.0,0.0,True,False
288,4 4 18,48,16.0,2,1.25,False,112500,1.3506944444444444,0,0,208,56,24,0,0,0,24,19,12,4.229166666666667,203.0,0.0,True,False
288,4 4 18,48,16.0,2,1.25,False,113000,1.4097222222222223,0,0,192,60,36,0,0,0,36,19,8,3.875,186.0,0.0,True,False
288,4 4 18,48,16.0,2,1.25,False,113500,1.1736111111111112,0,0,244,28,16,0,0,0,16,9,8,5.291666666666667,254.0,0.0,True,False
288,4 4 18,48,16.0,2,1.25,False,114000,1.2708333333333333,0,0,220,44,24,0,0,0,24,16,8,4.708333333333333,226.0,0.0,True,False
288,4 4 18,48,16.0,2,1.25,False,114500,1.2986111111111112,0,0,212,48,28,0,0,0,28,16,10,4.541666666666667,218.0,0.0,True,False
288,4 4 18,48,16.0,2,1.25,False,115000,1.3472222222222223,0,0,200,56,32,0,0,0,32,20,12,4.25,204.0,0.0,True,False
288,4 4 18,48,16.0,2,1.25,False,115500,1.2708333333333333,0,0,220,44,24,0,0,0,24,21,4,4.708333333333333,226.0,0.0,True,False
288,4 4 18,48,16.0,2,1.25,False,116000,1.3263888888888888,0,0,204,52,32,0,0,0,32,17,10,4.375,210.0,0.0,True,False
288,4 4 18,48,16.0,2,1.25,False,116500,1.25,0,0,224,40,24,0,0,0,24,18,4,4.833333333333333,232.0,0.0,True,False
288,4 4 18,48,16.0,2,1.25,False,117000,1.1458333333333333,0,0,252,24,12,0,0,0,12,12,2,5.458333333333333,262.0,0.0,True,False
288,4 4 18,48,16.0,2,1.25,False,117500,1.3541666666666667,0,0,208,52,28,0,0,0,28,17,10,4.208333333333333,202.0,0.0,True,False
288,4 4 18,48,16.0,2,1.25,False,118000,1.2569444444444444,0,0,232,36,20,0,0,0,20,17,4,4.791666666666667,230.0,0.0,True,False
288,4 4 18,48,16.0,2,1.25,False,118500,1.1944444444444444,0,0,240,32,16,0,0,0,16,15,4,5.166666666666667,248.0,0.0,True,False
288,4 4 18,48,16.0,2,1.25,False,119000,1.2222222222222223,0,0,232,36,20,0,0,0,20,17,4,5.0,240.0,0.0,True,False
288,4 4 18,48,16.0,2,1.25,False,119500,1.4236111111111112,0,0,184,60,44,0,0,0,44,10,18,3.7916666666666665,182.0,0.0,True,False
288,4 4 18,48,16.0,2,1.25,False,120000,1.3506944444444444,0,0,214,44,30,0,0,0,30,15,6,4.229166666666667,203.0,0.0,True,False
288,4 4 18,48,16.0,2,1.25,False,120500,1.4826388888888888,0,0,203,54,31,0,0,0,31,19,8,3.4375,165.0,0.0,True,False
288,4 4 18,48,16.0,2,1.25,False,121000,1.4166666666666667,0,0,212,52,24,0,0,0,24,16,10,3.8333333333333335,184.0,0.0,True,False
288,4 4 18,48,16.0,2,1.25,False,121500,1.3159722222222223,0,0,214,44,30,0,0,0,30,13,14,4.4375,213.0,0.0,True,False
288,4 4 18,48,16.0,2,1.25,False,122000,1.2013888888888888,0,0,236,32,20,0,0,0,20,11,12,5.125,246.0,0.0,True,False
288,4 4 18,48,16.0,2,1.25,False,122500,1.2986111111111112,0,0,212,48,28,0,0,0,28,18,8,4.541666666666667,218.0,0.0,True,False
288,4 4 18,48,16.0,2,1.25,False,123000,1.2986111111111112,0,0,212,48,28,0,0,0,28,22,4,4.541666666666667,218.0,0.0,True,False
288,4 4 18,48,16.0,2,1.25,False,123500,1.3854166666666667,0,0,211,50,27,0,0,0,27,21,8,4.020833333333333,193.0,0.0,True,False
288,4 4 18,48,16.0,2,1.25,False,124000,1.3680555555555556,0,0,200,52,36,0,0,0,36,14,14,4.125,198.0,0.0,True,False
288,4 4 18,48,16.0,2,1.25,False,124500,1.3402777777777777,0,0,208,48,32,0,0,0,32,13,12,4.291666666666667,206.0,0.0,True,False
288,4 4 18,48,16.0,2,1.25,False,125000,1.2083333333333333,0,0,244,28,16,0,0,0,16,12,4,5.083333333333333,244.0,0.0,True,False
288,4 4 18,48,16.0,2,1.25,False,125500,1.2881944444444444,0,0,235,34,19,0,0,0,19,12,9,4.604166666666667,221.0,0.0,True,False
288,4 4 18,48,16.0,2,1.25,False,126000,1.2465277777777777,0,0,250,32,6,0,0,0,6,7,16,4.854166666666667,233.0,0.0,True,False
288,4 4 18,48,16.0,2,1.25,False,126500,1.1631944444444444,0,0,266,16,6,0,0,0,6,7,6,5.354166666666667,257.0,0.0,True,False
288,4 4 18,48,16.0,2,1.25,False,127000,1.3159722222222223,0,0,227,39,21,1,0,0,22,9,12,4.4375,213.0,0.0,True,False
288,4 4 18,48,16.0,2,1.25,False,127500,1.3055555555555556,0,0,236,32,20,0,0,0,20,14,6,4.5,216.0,0.0,True,False
288,4 4 18,48,16.0,2,1.25,False,128000,1.3472222222222223,0,0,216,48,20,4,0,0,24,16,8,4.25,204.0,0.0,True,False
288,4 4 18,48,16.0,2,1.25,False,128500,1.2222222222222223,0,0,224,52,12,0,0,0,12,11,32,5.0,240.0,0.0,True,False
288,4 4 18,48,16.0,2,1.25,False,129000,1.2291666666666667,0,0,216,60,12,0,0,0,12,11,40,4.958333333333333,238.0,0.0,True,False
288,4 4 18,48,16.0,2,1.25,False,129500,1.3125,0,0,188,80,20,0,0,0,20,13,50,4.458333333333333,214.0,0.0,True,False
288,4 4 18,48,16.0,2,1.25,False,130000,1.3125,0,0,188,80,20,0,0,0,20,13,50,4.458333333333333,214.0,0.0,True,False
288,4 4 18,48,16.0,2,1.25,False,130500,1.2361111111111112,0,0,208,68,12,0,0,0,12,11,48,4.916666666666667,236.0,0.0,True,False
288,4 4 18,48,16.0,2,1.25,False,131000,1.3472222222222223,0,0,172,92,24,0,0,0,24,15,58,4.25,204.0,0.0,True,False
288,4 4 18,48,16.0,2,1.25,False,131500,1.3715277777777777,0,0,164,100,24,0,0,0,24,18,66,4.104166666666667,197.0,0.0,True,False
288,4 4 18,48,16.0,2,1.25,False,132000,1.2222222222222223,0,0,204,72,12,0,0,0,12,8,58,5.0,240.0,0.0,True,False
288,4 4 18,48,16.0,2,1.25,False,132500,1.3888888888888888,0,0,180,88,20,0,0,0,20,12,56,4.0,192.0,0.0,True,False
288,4 4 18,48,16.0,2,1.25,False,133000,1.3333333333333333,0,0,200,72,16,0,0,0,16,15,34,4.333333333333333,208.0,0.0,True,False
288,4 4 18,48,16.0,2,1.25,False,133500,1.2916666666666667,0,0,212,56,20,0,0,0,20,14,24,4.583333333333333,220.0,0.0,True,False
288,4 4 18,48,16.0,2,1.25,False,134000,1.3125,0,0,208,60,20,0,0,0,20,19,24,4.458333333333333,214.0,0.0,True,False
288,4 4 18,48,16.0,2,1.25,False,134500,1.2847222222222223,0,0,220,48,20,0,0,0,20,15,18,4.625,222.0,0.0,True,False
288,4 4 18,48,16.0,2,1.25,False,135000,1.2569444444444444,0,0,232,36,20,0,0,0,20,12,10,4.791666666666667,230.0,0.0,True,False
288,4 4 18,48,16.0,2,1.25,False,135500,1.3333333333333333,0,0,212,48,28,0,0,0,28,14,10,4.333333333333333,208.0,0.0,True,False
288,4 4 18,48,16.0,2,1.25,False,136000,1.3472222222222223,0,0,200,56,32,0,0,0,32,22,8,4.25,204.0,0.0,True,False
288,4 4 18,48,16.0,2,1.25,False,136500,1.2222222222222223,0,0,224,52,12,0,0,0,12,9,36,5.0,240.0,0.0,True,False
288,4 4 18,48,16.0,2,1.25,False,137000,1.4097222222222223,0,0,200,66,20,2,0,0,22,9,32,3.875,186.0,0.0,True,False
288,4 4 18,48,16.0,2,1.25,False,137500,1.4826388888888888,0,1,203,51,33,0,0,0,33,15,10,3.4375,165.0,0.0,True,False
288,4 4 18,48,16.0,2,1.25,False,138000,1.5416666666666667,0,0,204,47,35,1,1,0,37,19,6,3.0833333333333335,148.0,0.0,True,False
288,4 4 18,48,16.0,2,1.25,False,138500,1.3923611111111112,0,2,226,46,14,0,0,0,14,4,22,3.9791666666666665,191.0,0.0,True,False
288,4 4 18,48,16.0,2,1.25,False,139000,1.3923611111111112,0,0,222,44,18,4,0,0,22,12,14,3.9791666666666665,191.0,0.0,True,False
288,4 4 18,48,16.0,2,1.25,False,139500,1.3506944444444444,0,0,226,44,14,4,0,0,18,11,24,4.229166666666667,203.0,0.0,True,False
288,4 4 18,48,16.0,2,1.25,False,140000,1.3541666666666667,0,0,228,36,20,4,0,0,24,16,4,4.208333333333333,202.0,0.0,True,False
288,4 4 18,48,16.0,2,1.25,False,140500,1.3888888888888888,0,0,220,48,20,0,0,0,20,14,16,4.0,192.0,0.0,True,False
288,4 4 18,48,16.0,2,1.25,False,141000,1.4548611111111112,0,0,213,47,27,1,0,0,28,14,20,3.6041666666666665,173.0,0.0,True,False
288,4 4 18,48,16.0,2,1.25,False,141500,1.3680555555555556,0,0,204,64,20,0,0,0,20,15,16,4.125,198.0,0.0,True,False
288,4 4 18,48,16.0,2,1.25,False,142000,1.25,0,0,224,40,24,0,0,0,24,16,8,4.833333333333333,232.0,0.0,True,False
288,4 4 18,48,16.0,2,1.25,False,142500,1.2986111111111112,0,0,212,48,28,0,0,0,28,17,8,4.541666666666667,218.0,0.0,True,False
288,4 4 18,48,16.0,2,1.25,False,143000,1.2222222222222223,0,0,232,36,20,0,0,0,20,14,8,5.0,240.0,0.0,True,False
288,4 4 18,48,16.0,2,1.25,False,143500,1.3541666666666667,0,0,204,60,24,0,0,0,24,16,16,4.208333333333333,202.0,0.0,True,False
288,4 4 18,48,16.0,2,1.25,False,144000,1.3402777777777777,0,0,224,38,24,2,0,0,26,14,8,4.291666666666667,206.0,0.0,True,False
288,4 4 18,48,16.0,2,1.25,False,144500,1.3125,0,0,232,34,20,2,0,0,22,13,8,4.458333333333333,214.0,0.0,True,False
288,4 4 18,48,16.0,2,1.25,False,145000,1.3854166666666667,0,0,227,40,19,2,0,0,21,10,14,4.020833333333333,193.0,0.0,True,False
288,4 4 18,48,16.0,2,1.25,False,145500,1.4201388888888888,0,0,229,36,21,2,0,0,23,13,7,3.8125,183.0,0.0,True,False
288,4 4 18,48,16.0,2,1.25,False,146000,1.3784722222222223,0,0,233,35,19,1,0,0,20,15,7,4.0625,195.0,0.0,True,False
288,4 4 18,48,16.0,2,1.25,False,146500,1.4756944444444444,0,0,208,53,26,1,0,0,27,22,10,3.4791666666666665,167.0,0.0,True,False
288,4 4 18,48,16.0,2,1.25,False,147000,1.4513888888888888,0,0,229,39,19,1,0,0,20,21,3,3.625,174.0,0.0,True,False
288,4 4 18,48,16.0,2,1.25,False,147500,1.4444444444444444,0,0,208,68,12,0,0,0,12,12,40,3.6666666666666665,176.0,0.0,True,False
288,4 4 18,48,16.0,2,1.25,False,148000,1.3055555555555556,0,0,244,36,8,0,0,0,8,5,16,4.5,216.0,0.0,True,False
288,4 4 18,48,16.0,2,1.25,False,148500,1.3854166666666667,0,0,211,51,25,1,0,0,26,15,12,4.020833333333333,193.0,0.0,True,False
288,4 4 18,48,16.0,2,1.25,False,149000,1.3055555555555556,0,0,236,36,12,4,0,0,16,13,12,4.5,216.0,0.0,True,False
288,4 4 18,48,16.0,2,1.25,False,149500,1.2465277777777777,0,1,253,24,9,1,0,0,10,7,13,4.854166666666667,233.0,0.0,True,False
288,4 4 18,48,16.0,2,1.25,False,150000,1.3888888888888888,0,0,225,38,25,0,0,0,25,13,13,4.0,192.0,0.0,True,False
288,4 4 18,48,16.0,2,1.25,False,150500,1.2291666666666667,0,1,252,25,10,0,0,0,10,8,12,4.958333333333333,238.0,0.0,True,False
288,4 4 18,48,16.0,2,1.25,False,151000,1.4201388888888888,0,2,222,46,14,4,0,0,18,16,10,3.8125,183.0,0.0,True,False
288,4 4 18,48,16.0,2,1.25,False,151500,1.4444444444444444,0,0,216,52,20,0,0,0,20,10,22,3.6666666666666665,176.0,0.0,True,False
288,4 4 18,48,16.0,2,1.25,False,152000,1.4166666666666667,0,0,200,60,24,4,0,0,28,15,8,3.8333333333333335,184.0,0.0,True,False
288,4 4 18,48,16.0,2,1.25,False,152500,1.4583333333333333,0,0,225,39,23,1,0,0,24,13,9,3.5833333333333335,172.0,0.0,True,False
288,4 4 18,48,16.0,2,1.25,False,153000,1.3923611111111112,0,0,235,34,19,0,0,0,19,10,19,3.9791666666666665,191.0,0.0,True,False
288,4 4 18,48,16.0,2,1.25,False,153500,1.4583333333333333,0,0,227,38,20,2,1,0,23,10,12,3.5833333333333335,172.0,0.0,True,False
288,4 4 18,48,16.0,2,1.25,False,154000,1.4375,0,0,225,42,21,0,0,0,21,16,6,3.7083333333333335,178.0,0.0,True,False
288,4 4 18,48,16.0,2,1.25,False,154500,1.4791666666666667,0,1,217,47,23,0,0,0,23,16,14,3.4583333333333335,166.0,0.0,True,False
288,4 4 18,48,16.0,2,1.25,False,155000,1.3090277777777777,0,0,231,38,19,0,0,0,19,16,6,4.479166666666667,215.0,0.0,True,False
288,4 4 18,48,16.0,2,1.25,False,155500,1.3020833333333333,0,1,235,35,17,0,0,0,17,12,12,4.520833333333333,217.0,0.0,True,False
288,4 4 18,48,16.0,2,1.25,False,156000,1.3541666666666667,0,0,204,60,24,0,0,0,24,20,16,4.208333333333333,202.0,0.0,True,False
288,4 4 18,48,16.0,2,1.25,False,156500,1.3263888888888888,0,0,204,52,32,0,0,0,32,17,16,4.375,210.0,0.0,True,False
288,4 4 18,48,16.0,2,1.25,False,157000,1.3854166666666667,0,0,211,50,27,0,0,0,27,19,7,4.020833333333333,193.0,0.0,True,False
288,4 4 18,48,16.0,2,1.25,False,157500,1.2604166666666667,0,0,242,32,14,0,0,0,14,13,6,4.770833333333333,229.0,0.0,True,False
288,4 4 18,48,16.0,2,1.25,False,158000,1.2604166666666667,0,0,242,32,14,0,0,0,14,14,8,4.770833333333333,229.0,0.0,True,False
288,4 4 18,48,16.0,2,1.25,False,158500,1.2916666666666667,0,0,245,30,13,0,0,0,13,12,9,4.583333333333333,220.0,0.0,True,False
288,4 4 18,48,16.0,2,1.25,False,159000,1.4409722222222223,0,0,224,41,22,1,0,0,23,14,11,3.6875,177.0,0.0,True,False
288,4 4 18,48,16.0,2,1.25,False,159500,1.3923611111111112,0,0,236,33,18,1,0,0,19,14,7,3.9791666666666665,191.0,0.0,True,False
288,4 4 18,48,16.0,2,1.25,False,160000,1.4375,0,0,230,35,20,3,0,0,23,17,5,3.7083333333333335,178.0,0.0,True,False
288,4 4 18,48,16.0,2,1.25,False,160500,1.4930555555555556,0,0,206,56,26,0,0,0,26,17,14,3.375,162.0,0.0,True,False
288,4 4 18,48,16.0,2,1.25,False,161000,1.3472222222222223,0,0,228,40,20,0,0,0,20,15,6,4.25,204.0,0.0,True,False
288,4 4 18,48,16.0,2,1.25,False,161500,1.3194444444444444,0,0,224,44,16,4,0,0,20,19,4,4.416666666666667,212.0,0.0,True,False
288,4 4 18,48,16.0,2,1.25,False,162000,1.3506944444444444,0,0,226,44,14,4,0,0,18,13,20,4.229166666666667,203.0,0.0,True,False
288,4 4 18,48,16.0,2,1.25,False,162500,1.3020833333333333,0,1,234,37,16,0,0,0,16,11,12,4.520833333333333,217.0,0.0,True,False
288,4 4 18,48,16.0,2,1.25,False,163000,1.4548611111111112,0,0,211,52,23,2,0,0,25,11,14,3.6041666666666665,173.0,0.0,True,False
288,4 4 18,48,16.0,2,1.25,False,163500,1.3854166666666667,0,0,206,60,22,0,0,0,22,9,32,4.020833333333333,193.0,0.0,True,False
288,4 4 18,48,16.0,2,1.25,False,164000,1.2743055555555556,0,0,230,40,18,0,0,0,18,8,16,4.6875,225.0,0.0,True,False
288,4 4 18,48,16.0,2,1.25,False,164500,1.0972222222222223,0,0,264,16,8,0,0,0,8,8,2,5.75,276.0,0.0,True,False
288,4 4 18,48,16.0,2,1.25,False,165000,1.2291666666666667,0,0,228,36,24,0,0,0,24,15,4,4.958333333333333,238.0,0.0,True,False
288,4 4 18,48,16.0,2,1.25,False,165500,1.1527777777777777,0,0,248,24,16,0,0,0,16,8,8,5.416666666666667,260.0,0.0,True,False
288,4 4 18,48,16.0,2,1.25,False,166000,1.2777777777777777,0,0,216,44,28,0,0,0,28,15,10,4.666666666666667,224.0,0.0,True,False
288,4 4 18,48,16.0,2,1.25,False,166500,1.3055555555555556,0,0,220,44,24,0,0,0,24,17,10,4.5,216.0,0.0,True,False
288,4 4 18,48,16.0,2,1.25,False,167000,1.28125,0,0,224,44,20,0,0,0,20,12,12,4.645833333333333,223.0,0.0,True,False
288,4 4 18,48,16.0,2,1.25,False,167500,1.25,0,0,224,40,24,0,0,0,24,16,8,4.833333333333333,232.0,0.0,True,False
288,4 4 18,48,16.0,2,1.25,False,168000,1.2569444444444444,0,0,208,64,16,0,0,0,16,6,48,4.791666666666667,230.0,0.0,True,False
288,4 4 18,48,16.0,2,1.25,False,168500,1.3576388888888888,0,0,204,56,28,0,0,0,28,14,20,4.1875,201.0,0.0,True,False
288,4 4 18,48,16.0,2,1.25,False,169000,1.1944444444444444,0,0,240,32,16,0,0,0,16,12,6,5.166666666666667,248.0,0.0,True,False
288,4 4 18,48,16.0,2,1.25,False,169500,1.2638888888888888,0,0,232,48,8,0,0,0,8,8,16,4.75,228.0,0.0,True,False
288,4 4 18,48,16.0,2,1.25,False,170000,1.1944444444444444,0,0,240,32,16,0,0,0,16,14,4,5.166666666666667,248.0,0.0,True,False
288,4 4 18,48,16.0,2,1.25,False,170500,1.1458333333333333,0,0,252,24,12,0,0,0,12,11,4,5.458333333333333,262.0,0.0,True,False
288,4 4 18,48,16.0,2,1.25,False,171000,1.3958333333333333,0,0,204,52,32,0,0,0,32,11,16,3.9583333333333335,190.0,0.0,True,False
288,4 4 18,48,16.0,2,1.25,False,171500,1.3298611111111112,0,0,214,48,26,0,0,0,26,11,14,4.354166666666667,209.0,0.0,True,False
288,4 4 18,48,16.0,2,1.25,False,172000,1.3506944444444444,0,0,210,52,26,0,0,0,26,13,26,4.229166666666667,203.0,0.0,True,False
288,4 4 18,48,16.0,2,1.25,False,172500,1.3402777777777777,0,0,208,48,32,0,0,0,32,17,6,4.291666666666667,206.0,0.0,True,False
288,4 4 18,48,16.0,2,1.25,False,173000,1.2222222222222223,0,0,232,36,20,0,0,0,20,17,4,5.0,240.0,0.0,True,False
288,4 4 18,48,16.0,2,1.25,False,173500,1.2847222222222223,0,0,212,44,32,0,0,0,32,8,18,4.625,222.0,0.0,True,False
288,4 4 18,48,16.0,2,1.25,False,174000,1.2777777777777777,0,0,216,44,28,0,0,0,28,16,12,4.666666666666667,224.0,0.0,True,False
288,4 4 18,48,16.0,2,1.25,False,174500,1.3055555555555556,0,0,208,48,32,0,0,0,32,13,12,4.5,216.0,0.0,True,False
288,4 4 18,48,16.0,2,1.25,False,175000,1.1736111111111112,0,0,244,28,16,0,0,0,16,10,8,5.291666666666667,254.0,0.0,True,False
288,4 4 18,48,16.0,2,1.25,False,175500,1.3888888888888888,0,0,192,64,32,0,0,0,32,15,16,4.0,192.0,0.0,True,False
288,4 4 18,48,16.0,2,1.25,False,176000,1.3819444444444444,0,0,200,56,32,0,0,0,32,21,12,4.041666666666667,194.0,0.0,True,False
288,4 4 18,48,16.0,2,1.25,False,176500,1.3368055555555556,0,0,223,43,21,1,0,0,22,16,14,4.3125,207.0,0.0,True,False
288,4 4 18,48,16.0,2,1.25,False,177000,1.3541666666666667,0,0,224,40,24,0,0,0,24,15,8,4.208333333333333,202.0,0.0,True,False
288,4 4 18,48,16.0,2,1.25,False,177500,1.1944444444444444,0,0,240,32,16,0,0,0,16,16,2,5.166666666666667,248.0,0.0,True,False
288,4 4 18,48,16.0,2,1.25,False,178000,1.2118055555555556,0,0,254,24,10,0,0,0,10,9,6,5.0625,243.0,0.0,True,False
288,4 4 18,48,16.0,2,1.25,False,178500,1.3576388888888888,0,0,218,48,22,0,0,0,22,18,8,4.1875,201.0,0.0,True,False
288,4 4 18,48,16.0,2,1.25,False,179000,1.40625,0,0,235,38,15,0,0,0,15,15,8,3.8958333333333335,187.0,0.0,True,False
288,4 4 18,48,16.0,2,1.25,False,179500,1.4027777777777777,0,0,225,42,21,0,0,0,21,18,6,3.9166666666666665,188.0,0.0,True,False
288,4 4 18,48,16.0,2,1.25,False,180000,1.4236111111111112,0,0,220,48,20,0,0,0,20,19,9,3.7916666666666665,182.0,0.0,True,False
288,4 4 18,48,16.0,2,1.25,False,180500,1.4236111111111112,0,0,221,46,21,0,0,0,21,18,8,3.7916666666666665,182.0,0.0,True,False
288,4 4 18,48,16.0,2,1.25,False,181000,1.4201388888888888,0,0,212,48,28,0,0,0,28,15,10,3.8125,183.0,0.0,True,False
288,4 4 18,48,16.0,2,1.25,False,181500,1.3506944444444444,0,0,226,44,14,4,0,0,18,16,12,4.229166666666667,203.0,0.0,True,False
288,4 4 18,48,16.0,2,1.25,False,182000,1.2708333333333333,0,0,236,36,12,4,0,0,16,11,8,4.708333333333333,226.0,0.0,True,False
288,4 4 18,48,16.0,2,1.25,False,182500,1.3854166666666667,0,0,224,48,12,4,0,0,16,11,28,4.020833333333333,193.0,0.0,True,False
288,4 4 18,48,16.0,2,1.25,False,183000,1.375,0,0,223,41,21,3,0,0,24,17,11,4.083333333333333,196.0,0.0,True,False
288,4 4 18,48,16.0,2,1.25,False,183500,1.2604166666666667,0,0,245,27,15,1,0,0,16,10,11,4.770833333333333,229.0,0.0,True,False
288,4 4 18,48,16.0,2,1.25,False,184000,1.3368055555555556,0,0,223,43,21,1,0,0,22,17,11,4.3125,207.0,0.0,True,False
288,4 4 18,48,16.0,2,1.25,False,184500,1.3611111111111112,0,0,216,48,24,0,0,0,24,19,6,4.166666666666667,200.0,0.0,True,False
288,4 4 18,48,16.0,2,1.25,False,185000,1.3333333333333333,0,0,224,48,12,4,0,0,16,17,12,4.333333333333333,208.0,0.0,True,False
288,4 4 18,48,16.0,2,1.25,False,185500,1.2013888888888888,0,0,252,24,8,4,0,0,12,9,8,5.125,246.0,0.0,True,False
288,4 4 18,48,16.0,2,1.25,False,186000,1.2986111111111112,0,0,240,32,16,0,0,0,16,13,4,4.541666666666667,218.0,0.0,True,False
288,4 4 18,48,16.0,2,1.25,False,186500,1.3194444444444444,0,0,240,32,12,4,0,0,16,13,8,4.416666666666667,212.0,0.0,True,False
288,4 4 18,48,16.0,2,1.25,False,187000,1.2430555555555556,0,0,260,20,4,4,0,0,8,10,2,4.875,234.0,0.0,True,False
288,4 4 18,48,16.0,2,1.25,False,187500,1.3680555555555556,0,0,240,34,12,2,0,0,14,13,8,4.125,198.0,0.0,True,False
288,4 4 18,48,16.0,2,1.25,False,188000,1.3645833333333333,0,0,243,30,15,0,0,0,15,11,8,4.145833333333333,199.0,0.0,True,False
288,4 4 18,48,16.0,2,1.25,False,188500,1.4131944444444444,0,0,232,36,20,0,0,0,20,16,6,3.8541666666666665,185.0,0.0,True,False
288,4 4 18,48,16.0,2,1.25,False,189000,1.4097222222222223,0,0,212,44,28,4,0,0,32,13,10,3.875,186.0,0.0,True,False
288,4 4 18,48,16.0,2,1.25,False,189500,1.3854166666666667,0,0,218,40,26,4,0,0,30,9,12,4.020833333333333,193.0,0.0,True,False
288,4 4 18,48,16.0,2,1.25,False,190000,1.4131944444444444,0,0,210,44,30,4,0,0,34,10,12,3.8541666666666665,185.0,0.0,True,False
288,4 4 18,48,16.0,2,1.25,False,190500,1.375,0,0,200,64,24,0,0,0,24,13,30,4.083333333333333,196.0,0.0,True,False
288,4 4 18,48,16.0,2,1.25,False,191000,1.2847222222222223,0,0,224,40,24,0,0,0,24,14,4,4.625,222.0,0.0,True,False
288,4 4 18,48,16.0,2,1.25,False,191500,1.3819444444444444,0,0,204,48,36,0,0,0,36,19,4,4.041666666666667,194.0,0.0,True,False
288,4 4 18,48,16.0,2,1.25,False,192000,1.4131944444444444,0,0,198,64,26,0,0,0,26,12,20,3.8541666666666665,185.0,0.0,True,False
288,4 4 18,48,16.0,2,1.25,False,192500,1.3333333333333333,0,0,208,56,24,0,0,0,24,15,16,4.333333333333333,208.0,0.0,True,False
288,4 4 18,48,16.0,2,1.25,False,193000,1.2638888888888888,0,0,232,48,8,0,0,0,8,10,16,4.75,228.0,0.0,True,False
288,4 4 18,48,16.0,2,1.25,False,193500,1.1805555555555556,0,0,248,32,8,0,0,0,8,9,16,5.25,252.0,0.0,True,False
288,4 4 18,48,16.0,2,1.25,False,194000,1.2673611111111112,0,0,234,40,14,0,0,0,14,7,24,4.729166666666667,227.0,0.0,True,False
288,4 4 18,48,16.0,2,1.25,False,194500,1.4375,0,0,188,76,24,0,0,0,24,14,40,3.7083333333333335,178.0,0.0,True,False
288,4 4 18,48,16.0,2,1.25,False,195000,1.3506944444444444,0,0,210,52,26,0,0,0,26,14,14,4.229166666666667,203.0,0.0,True,False
288,4 4 18,48,16.0,2,1.25,False,195500,1.2222222222222223,0,0,232,36,20,0,0,0,20,17,4,5.0,240.0,0.0,True,False
288,4 4 18,48,16.0,2,1.25,False,196000,1.3958333333333333,0,0,204,52,32,0,0,0,32,20,8,3.9583333333333335,190.0,0.0,True,False
288,4 4 18,48,16.0,2,1.25,False,196500,1.2916666666666667,0,0,212,56,20,0,0,0,20,14,28,4.583333333333333,220.0,0.0,True,False
288,4 4 18,48,16.0,2,1.25,False,197000,1.25,0,0,224,40,24,0,0,0,24,17,4,4.833333333333333,232.0,0.0,True,False
288,4 4 18,48,16.0,2,1.25,False,197500,1.2430555555555556,0,0,228,40,20,0,0,0,20,20,2,4.875,234.0,0.0,True,False
288,4 4 18,48,16.0,2,1.25,False,198000,1.1944444444444444,0,0,240,32,16,0,0,0,16,16,2,5.166666666666667,248.0,0.0,True,False
288,4 4 18,48,16.0,2,1.25,False,198500,1.0763888888888888,0,0,268,12,8,0,0,0,8,5,4,5.875,282.0,0.0,True,False
288,4 4 18,48,16.0,2,1.25,False,199000,1.25,0,0,224,40,24,0,0,0,24,14,10,4.833333333333333,232.0,0.0,True,False
288,4 4 18,48,16.0,2,1.25,False,199500,1.3194444444444444,0,0,204,60,24,0,0,0,24,15,26,4.416666666666667,212.0,0.0,True,False
288,4 4 18,48,16.0,2,1.25,False,200000,1.4270833333333333,0,0,194,56,38,0,0,0,38,16,14,3.7708333333333335,181.0,0.0,True,False
288,4 4 18,48,16.0,2,1.25,False,200500,1.2222222222222223,0,0,232,36,20,0,0,0,20,13,6,5.0,240.0,0.0,True,False
288,4 4 18,48,16.0,2,1.25,False,201000,1.3993055555555556,0,0,218,44,22,4,0,0,26,12,10,3.9375,189.0,0.0,True,False
288,4 4 18,48,16.0,2,1.25,False,201500,1.34375,0,0,234,35,17,1,1,0,19,12,11,4.270833333333333,205.0,0.0,True,False
288,4 4 18,48,16.0,2,1.25,False,202000,1.3715277777777777,0,1,218,49,20,0,0,0,20,12,27,4.104166666666667,197.0,0.0,True,False
288,4 4 18,48,16.0,2,1.25,False,202500,1.375,0,0,221,42,25,0,0,0,25,16,10,4.083333333333333,196.0,0.0,True,False
288,4 4 18,48,16.0,2,1.25,False,203000,1.3576388888888888,0,0,220,45,22,1,0,0,23,16,14,4.1875,201.0,0.0,True,False
288,4 4 18,48,16.0,2,1.25,False,203500,1.4201388888888888,0,0,212,50,25,0,1,0,26,17,8,3.8125,183.0,0.0,True,False
288,4 4 18,48,16.0,2,1.25,False,204000,1.4756944444444444,0,0,208,59,15,5,1,0,21,7,45,3.4791666666666665,167.0,0.0,True,False
288,4 4 18,48,16.0,2,1.25,False,204500,1.4097222222222223,0,0,204,56,28,0,0,0,28,13,22,3.875,186.0,0.0,True,False
288,4 4 18,48,16.0,2,1.25,False,205000,1.4097222222222223,0,0,196,72,20,0,0,0,20,12,26,3.875,186.0,0.0,True,False
288,4 4 18,48,16.0,2,1.25,False,205500,1.3402777777777777,0,0,204,56,28,0,0,0,28,20,10,4.291666666666667,206.0,0.0,True,False
288,4 4 18,48,16.0,2,1.25,False,206000,1.3263888888888888,0,0,220,40,28,0,0,0,28,18,4,4.375,210.0,0.0,True,False
288,4 4 18,48,16.0,2,1.25,False,206500,1.3576388888888888,0,0,210,44,34,0,0,0,34,12,16,4.1875,201.0,0.0,True,False
288,4 4 18,48,16.0,2,1.25,False,207000,1.1805555555555556,0,0,240,28,20,0,0,0,20,7,16,5.25,252.0,0.0,True,False
288,4 4 18,48,16.0,2,1.25,False,207500,1.3125,0,1,243,29,13,2,0,0,15,11,11,4.458333333333333,214.0,0.0,True,False
288,4 4 18,48,16.0,2,1.25,False,208000,1.4375,0,1,211,49,25,2,0,0,27,5,33,3.7083333333333335,178.0,0.0,True,False
288,4 4 18,48,16.0,2,1.25,False,208500,1.2083333333333333,0,0,244,28,16,0,0,0,16,11,8,5.083333333333333,244.0,0.0,True,False
288,4 4 18,48,16.0,2,1.25,False,209000,1.3402777777777777,0,0,214,56,18,0,0,0,18,9,28,4.291666666666667,206.0,0.0,True,False
288,4 4 18,48,16.0,2,1.25,False,209500,1.2534722222222223,0,0,234,36,18,0,0,0,18,10,16,4.8125,231.0,0.0,True,False
288,4 4 18,48,16.0,2,1.25,False,210000,1.2708333333333333,0,0,236,32,20,0,0,0,20,10,12,4.708333333333333,226.0,0.0,True,False
288,4 4 18,48,16.0,2,1.25,False,210500,1.4548611111111112,0,0,200,54,32,2,0,0,34,11,26,3.6041666666666665,173.0,0.0,True,False
288,4 4 18,48,16.0,2,1.25,False,211000,1.1736111111111112,0,0,259,20,7,2,0,0,9,5,11,5.291666666666667,254.0,0.0,True,False
288,4 4 18,48,16.0,2,1.25,False,211500,1.3194444444444444,0,0,223,44,19,2,0,0,21,15,11,4.416666666666667,212.0,0.0,True,False
288,4 4 18,48,16.0,2,1.25,False,212000,1.4618055555555556,0,0,191,64,31,2,0,0,33,22,15,3.5625,171.0,0.0,True,False
288,4 4 18,48,16.0,2,1.25,False,212500,1.3333333333333333,0,0,212,48,28,0,0,0,28,20,8,4.333333333333333,208.0,0.0,True,False
288,4 4 18,48,16.0,2,1.25,False,213000,1.4375,0,0,184,64,40,0,0,0,40,15,12,3.7083333333333335,178.0,0.0,True,False
288,4 4 18,48,16.0,2,1.25,False,213500,1.4444444444444444,0,0,193,61,31,3,0,0,34,22,13,3.6666666666666665,176.0,0.0,True,False
288,4 4 18,48,16.0,2,1.25,False,214000,1.3958333333333333,0,0,198,68,18,4,0,0,22,14,32,3.9583333333333335,190.0,0.0,True,False
288,4 4 18,48,16.0,2,1.25,False,214500,1.3645833333333333,0,0,214,48,26,0,0,0,26,18,8,4.145833333333333,199.0,0.0,True,False
288,4 4 18,48,16.0,2,1.25,False,215000,1.2881944444444444,0,0,235,34,19,0,0,0,19,12,11,4.604166666666667,221.0,0.0,True,False
288,4 4 18,48,16.0,2,1.25,False,215500,1.3611111111111112,0,0,204,52,32,0,0,0,32,15,12,4.166666666666667,200.0,0.0,True,False
288,4 4 18,48,16.0,2,1.25,False,216000,1.3645833333333333,0,0,214,48,26,0,0,0,26,12,12,4.145833333333333,199.0,0.0,True,False
288,4 4 18,48,16.0,2,1.25,False,216500,1.3402777777777777,0,0,222,40,26,0,0,0,26,17,8,4.291666666666667,206.0,0.0,True,False
288,4 4 18,48,16.0,2,1.25,False,217000,1.3402777777777777,0,0,196,72,20,0,0,0,20,14,44,4.291666666666667,206.0,0.0,True,False
288,4 4 18,48,16.0,2,1.25,False,217500,1.3090277777777777,0,0,214,52,22,0,0,0,22,15,24,4.479166666666667,215.0,0.0,True,False
288,4 4 18,48,16.0,2,1.25,False,218000,1.1631944444444444,0,0,254,20,14,0,0,0,14,10,2,5.354166666666667,257.0,0.0,True,False
288,4 4 18,48,16.0,2,1.25,False,218500,1.3055555555555556,0,0,220,44,24,0,0,0,24,12,14,4.5,216.0,0.0,True,False
288,4 4 18,48,16.0,2,1.25,False,219000,1.2986111111111112,0,0,228,36,24,0,0,0,24,11,10,4.541666666666667,218.0,0.0,True,False
288,4 4 18,48,16.0,2,1.25,False,219500,1.2847222222222223,0,0,220,48,20,0,0,0,20,8,18,4.625,222.0,0.0,True,False
288,4 4 18,48,16.0,2,1.25,False,220000,1.3541666666666667,0,0,228,36,20,4,0,0,24,12,10,4.208333333333333,202.0,0.0,True,False
288,4 4 18,48,16.0,2,1.25,False,220500,1.2777777777777777,0,0,232,36,16,4,0,0,20,10,14,4.666666666666667,224.0,0.0,True,False
288,4 4 18,48,16.0,2,1.25,False,221000,1.3576388888888888,0,1,218,45,24,0,0,0,24,11,20,4.1875,201.0,0.0,True,False
288,4 4 18,48,16.0,2,1.25,False,221500,1.2951388888888888,0,0,230,36,22,0,0,0,22,7,12,4.5625,219.0,0.0,True,False
288,4 4 18,48,16.0,2,1.25,False,222000,1.4548611111111112,0,0,200,56,28,4,0,0,32,10,18,3.6041666666666665,173.0,0.0,True,False
288,4 4 18,48,16.0,2,1.25,False,222500,1.2881944444444444,0,0,234,36,18,0,0,0,18,14,8,4.604166666666667,221.0,0.0,True,False
288,4 4 18,48,16.0,2,1.25,False,223000,1.3541666666666667,0,0,222,44,22,0,0,0,22,12,16,4.208333333333333,202.0,0.0,True,False
288,4 4 18,48,16.0,2,1.25,False,223500,1.40625,0,1,224,38,24,1,0,0,25,14,9,3.8958333333333335,187.0,0.0,True,False
288,4 4 18,48,16.0,2,1.25,False,224000,1.3923611111111112,0,0,235,35,17,1,0,0,18,13,6,3.9791666666666665,191.0,0.0,True,False
288,4 4 18,48,16.0,2,1.25,False,224500,1.5381944444444444,0,1,212,50,24,1,0,0,25,19,7,3.1041666666666665,149.0,0.0,True,False
288,4 4 18,48,16.0,2,1.25,False,225000,1.4409722222222223,0,1,238,30,18,1,0,0,19,10,8,3.6875,177.0,0.0,True,False
288,4 4 18,48,16.0,2,1.25,False,225500,1.5243055555555556,0,0,210,52,26,0,0,0,26,19,12,3.1875,153.0,0.0,True,False
288,4 4 18,48,16.0,2,1.25,False,226000,1.4513888888888888,0,0,214,49,24,1,0,0,25,18,16,3.625,174.0,0.0,True,False
288,4 4 18,48,16.0,2,1.25,False,226500,1.4583333333333333,0,0,222,45,20,1,0,0,21,18,12,3.5833333333333335,172.0,0.0,True,False
288,4 4 18,48,16.0,2,1.25,False,227000,1.4513888888888888,0,1,226,41,20,0,0,0,20,17,11,3.625,174.0,0.0,True,False
288,4 4 18,48,16.0,2,1.25,False,227500,1.5243055555555556,0,1,208,55,22,2,0,0,24,11,18,3.1875,153.0,0.0,True,False
288,4 4 18,48,16.0,2,1.25,False,228000,1.4722222222222223,0,0,227,40,19,2,0,0,21,14,9,3.5,168.0,0.0,True,False
288,4 4 18,48,16.0,2,1.25,False,228500,1.3958333333333333,0,0,246,29,12,1,0,0,13,6,17,3.9583333333333335,190.0,0.0,True,False
288,4 4 18,48,16.0,2,1.25,False,229000,1.4270833333333333,0,0,233,39,15,1,0,0,16,11,20,3.7708333333333335,181.0,0.0,True,False
288,4 4 18,48,16.0,2,1.25,False,229500,1.3819444444444444,0,0,240,36,12,0,0,0,12,9,20,4.041666666666667,194.0,0.0,True,False
288,4 4 18,48,16.0,2,1.25,False,230000,1.4479166666666667,0,0,217,47,23,1,0,0,24,14,15,3.6458333333333335,175.0,0.0,True,False
288,4 4 18,48,16.0,2,1.25,False,230500,1.4201388888888888,0,0,213,47,27,1,0,0,28,17,10,3.8125,183.0,0.0,True,False
288,4 4 18,48,16.0,2,1.25,False,231000,1.4583333333333333,0,0,210,49,28,1,0,0,29,10,13,3.5833333333333335,172.0,0.0,True,False
288,4 4 18,48,16.0,2,1.25,False,231500,1.4618055555555556,0,1,218,45,24,0,0,0,24,13,22,3.5625,171.0,0.0,True,False
288,4 4 18,48,16.0,2,1.25,False,232000,1.4236111111111112,0,1,221,43,23,0,0,0,23,11,17,3.7916666666666665,182.0,0.0,True,False
288,4 4 18,48,16.0,2,1.25,False,232500,1.5034722222222223,0,0,189,60,37,2,0,0,39,13,24,3.3125,159.0,0.0,True,False
288,4 4 18,48,16.0,2,1.25,False,233000,1.4930555555555556,0,0,197,56,33,2,0,0,35,15,10,3.375,162.0,0.0,True,False
288,4 4 18,48,16.0,2,1.25,False,233500,1.4236111111111112,0,0,208,52,28,0,0,0,28,22,4,3.7916666666666665,182.0,0.0,True,False
288,4 4 18,48,16.0,2,1.25,False,234000,1.5243055555555556,0,0,204,49,30,5,0,0,35,15,10,3.1875,153.0,0.0,True,False
288,4 4 18,48,16.0,2,1.25,False,234500,1.4791666666666667,0,0,209,51,23,5,0,0,28,12,13,3.4583333333333335,166.0,0.0,True,False
288,4 4 18,48,16.0,2,1.25,False,235000,1.4166666666666667,0,0,214,53,16,5,0,0,21,14,16,3.8333333333333335,184.0,0.0,True,False
288,4 4 18,48,16.0,2,1.25,False,235500,1.4201388888888888,0,0,226,44,14,4,0,0,18,14,16,3.8125,183.0,0.0,True,False
288,4 4 18,48,16.0,2,1.25,False,236000,1.4340277777777777,0,0,210,58,18,2,0,0,20,13,16,3.7291666666666665,179.0,0.0,True,False
288,4 4 18,48,16.0,2,1.25,False,236500,1.40625,0,0,234,40,14,0,0,0,14,13,17,3.8958333333333335,187.0,0.0,True,False
288,4 4 18,48,16.0,2,1.25,False,237000,1.3611111111111112,0,0,235,35,15,1,2,0,18,12,14,4.166666666666667,200.0,0.0,True,False
288,4 4 18,48,16.0,2,1.25,False,237500,1.4375,0,0,215,47,23,1,2,0,26,15,14,3.7083333333333335,178.0,0.0,True,False
288,4 4 18,48,16.0,2,1.25,False,238000,1.4444444444444444,0,0,220,44,24,0,0,0,24,12,16,3.6666666666666665,176.0,0.0,True,False
288,4 4 18,48,16.0,2,1.25,False,238500,1.3333333333333333,0,0,228,36,24,0,0,0,24,11,12,4.333333333333333,208.0,0.0,True,False
288,4 4 18,48,16.0,2,1.25,False,239000,1.3680555555555556,0,1,224,43,18,2,0,0,20,17,11,4.125,198.0,0.0,True,False
288,4 4 18,48,16.0,2,1.25,False,239500,1.3194444444444444,0,0,224,44,16,4,0,0,20,18,6,4.416666666666667,212.0,0.0,True,False
288,4 4 18,48,16.0,2,1.25,False,240000,1.3819444444444444,0,0,216,46,24,2,0,0,26,20,6,4.041666666666667,194.0,0.0,True,False
288,4 4 18,48,16.0,2,1.25,False,240500,1.4201388888888888,0,0,216,41,30,1,0,0,31,11,16,3.8125,183.0,0.0,True,False
288,4 4 18,48,16.0,2,1.25,False,241000,1.3888888888888888,0,0,204,64,16,4,0,0,20,16,32,4.0,192.0,0.0,True,False
288,4 4 18,48,16.0,2,1.25,False,241500,1.3715277777777777,0,0,226,36,26,0,0,0,26,14,6,4.104166666666667,197.0,0.0,True,False
288,4 4 18,48,16.0,2,1.25,False,242000,1.2395833333333333,0,0,246,28,14,0,0,0,14,12,6,4.895833333333333,235.0,0.0,True,False
288,4 4 18,48,16.0,2,1.25,False,242500,1.4236111111111112,0,0,204,60,24,0,0,0,24,17,22,3.7916666666666665,182.0,0.0,True,False
288,4 4 18,48,16.0,2,1.25,False,243000,1.3159722222222223,0,0,226,40,22,0,0,0,22,12,10,4.4375,213.0,0.0,True,False
288,4 4 18,48,16.0,2,1.25,False,243500,1.2118055555555556,0,0,254,24,10,0,0,0,10,11,6,5.0625,243.0,0.0,True,False
288,4 4 18,48,16.0,2,1.25,False,244000,1.4513888888888888,0,0,210,56,22,0,0,0,22,10,21,3.625,174.0,0.0,True,False
288,4 4 18,48,16.0,2,1.25,False,244500,1.4756944444444444,0,0,204,61,22,1,0,0,23,7,30,3.4791666666666665,167.0,0.0,True,False
288,4 4 18,48,16.0,2,1.25,False,245000,1.2881944444444444,0,0,236,33,18,1,0,0,19,6,15,4.604166666666667,221.0,0.0,True,False
288,4 4 18,48,16.0,2,1.25,False,245500,1.2395833333333333,0,0,247,26,15,0,0,0,15,8,8,4.895833333333333,235.0,0.0,True,False
288,4 4 18,48,16.0,2,1.25,False,246000,1.3159722222222223,0,0,226,40,22,0,0,0,22,13,8,4.4375,213.0,0.0,True,False
288,4 4 18,48,16.0,2,1.25,False,246500,1.3159722222222223,0,0,226,40,22,0,0,0,22,9,14,4.4375,213.0,0.0,True,False
288,4 4 18,48,16.0,2,1.25,False,247000,1.3715277777777777,0,0,223,43,21,1,0,0,22,15,11,4.104166666666667,197.0,0.0,True,False
288,4 4 18,48,16.0,2,1.25,False,247500,1.4583333333333333,0,0,222,45,20,1,0,0,21,15,14,3.5833333333333335,172.0,0.0,True,False
288,4 4 18,48,16.0,2,1.25,False,248000,1.3888888888888888,0,0,221,46,21,0,0,0,21,16,14,4.0,192.0,0.0,True,False
288,4 4 18,48,16.0,2,1.25,False,248500,1.1736111111111112,0,0,244,28,16,0,0,0,16,12,4,5.291666666666667,254.0,0.0,True,False
288,4 4 18,48,16.0,2,1.25,False,249000,1.4270833333333333,0,0,210,64,14,0,0,0,14,13,22,3.7708333333333335,181.0,0.0,True,False
288,4 4 18,48,16.0,2,1.25,False,249500,1.2604166666666667,0,0,242,32,14,0,0,0,14,14,8,4.770833333333333,229.0,0.0,True,False
288,4 4 18,48,16.0,2,1.25,False,250000,1.3263888888888888,0,0,212,56,20,0,0,0,20,15,24,4.375,210.0,0.0,True,False
288,4 4 18,48,16.0,2,1.25,False,250500,1.3888888888888888,0,0,204,60,24,0,0,0,24,14,20,4.0,192.0,0.0,True,False
288,4 4 18,48,16.0,2,1.25,False,251000,1.4756944444444444,0,0,198,53,36,1,0,0,37,11,14,3.4791666666666665,167.0,0.0,True,False
288,4 4 18,48,16.0,2,1.25,False,251500,1.3576388888888888,0,0,252,24,8,4,0,0,12,8,12,4.1875,201.0,0.0,True,False
288,4 4 18,48,16.0,2,1.25,False,252000,1.6006944444444444,0,0,193,62,29,4,0,0,33,25,12,2.7291666666666665,131.0,0.0,True,False
288,4 4 18,48,16.0,2,1.25,False,252500,1.4548611111111112,0,0,226,44,14,4,0,0,18,15,11,3.6041666666666665,173.0,0.0,True,False
288,4 4 18,48,16.0,2,1.25,False,253000,1.5069444444444444,0,0,213,50,21,4,0,0,25,18,7,3.2916666666666665,158.0,0.0,True,False
288,4 4 18,48,16.0,2,1.25,False,253500,1.5416666666666667,0,0,216,50,18,0,2,2,22,20,8,3.0833333333333335,148.0,0.0,True,False
288,4 4 18,48,16.0,2,1.25,False,254000,1.3611111111111112,0,0,232,44,8,0,4,0,12,6,22,4.166666666666667,200.0,0.0,True,False
288,4 4 18,48,16.0,2,1.25,False,254500,1.3576388888888888,0,0,218,48,22,0,0,0,22,10,22,4.1875,201.0,0.0,True,False
288,4 4 18,48,16.0,2,1.25,False,255000,1.3645833333333333,0,0,218,44,22,4,0,0,26,19,8,4.145833333333333,199.0,0.0,True,False
288,4 4 18,48,16.0,2,1.25,False,255500,1.2118055555555556,0,0,255,22,11,0,0,0,11,10,4,5.0625,243.0,0.0,True,False
288,4 4 18,48,16.0,2,1.25,False,256000,1.1458333333333333,0,0,252,24,12,0,0,0,12,12,2,5.458333333333333,262.0,0.0,True,False
288,4 4 18,48,16.0,2,1.25,False,256500,1.3472222222222223,0,0,216,48,20,4,0,0,24,18,8,4.25,204.0,0.0,True,False
288,4 4 18,48,16.0,2,1.25,False,257000,1.3888888888888888,0,0,204,64,16,4,0,0,20,19,28,4.0,192.0,0.0,True,False
288,4 4 18,48,16.0,2,1.25,False,257500,1.3472222222222223,0,0,208,64,12,4,0,0,16,12,42,4.25,204.0,0.0,True,False
288,4 4 18,48,16.0,2,1.25,False,258000,1.4791666666666667,0,0,188,68,32,0,0,0,32,15,22,3.4583333333333335,166.0,0.0,True,False
288,4 4 18,48,16.0,2,1.25,False,258500,1.375,0,0,212,60,16,0,0,0,16,15,32,4.083333333333333,196.0,0.0,True,False
288,4 4 18,48,16.0,2,1.25,False,259000,1.2361111111111112,0,0,236,32,20,0,0,0,20,10,12,4.916666666666667,236.0,0.0,True,False
288,4 4 18,48,16.0,2,1.25,False,259500,1.2569444444444444,0,0,228,44,16,0,0,0,16,8,28,4.791666666666667,230.0,0.0,True,False
288,4 4 18,48,16.0,2,1.25,False,260000,1.2569444444444444,0,0,220,40,28,0,0,0,28,8,18,4.791666666666667,230.0,0.0,True,False
288,4 4 18,48,16.0,2,1.25,False,260500,1.2881944444444444,0,0,222,40,26,0,0,0,26,10,8,4.604166666666667,221.0,0.0,True,False
288,4 4 18,48,16.0,2,1.25,False,261000,1.3506944444444444,0,0,202,48,38,0,0,0,38,12,12,4.229166666666667,203.0,0.0,True,False
288,4 4 18,48,16.0,2,1.25,False,261500,1.25,0,0,224,40,24,0,0,0,24,10,8,4.833333333333333,232.0,0.0,True,False
288,4 4 18,48,16.0,2,1.25,False,262000,1.2777777777777777,0,0,228,40,20,0,0,0,20,20,2,4.666666666666667,224.0,0.0,True,False
288,4 4 18,48,16.0,2,1.25,False,262500,1.3541666666666667,0,0,204,60,24,0,0,0,24,11,28,4.208333333333333,202.0,0.0,True,False
288,4 4 18,48,16.0,2,1.25,False,263000,1.25,0,0,224,40,24,0,0,0,24,14,12,4.833333333333333,232.0,0.0,True,False
288,4 4 18,48,16.0,2,1.25,False,263500,1.2013888888888888,0,0,236,32,20,0,0,0,20,11,12,5.125,246.0,0.0,True,False
288,4 4 18,48,16.0,2,1.25,False,264000,1.3194444444444444,0,0,208,52,28,0,0,0,28,20,10,4.416666666666667,212.0,0.0,True,False
288,4 4 18,48,16.0,2,1.25,False,264500,1.25,0,0,224,40,24,0,0,0,24,13,14,4.833333333333333,232.0,0.0,True,False
288,4 4 18,48,16.0,2,1.25,False,265000,1.2916666666666667,0,0,228,44,16,0,0,0,16,14,16,4.583333333333333,220.0,0.0,True,False
288,4 4 18,48,16.0,2,1.25,False,265500,1.2569444444444444,0,0,228,44,16,0,0,0,16,10,22,4.791666666666667,230.0,0.0,True,False
288,4 4 18,48,16.0,2,1.25,False,266000,1.34375,0,0,210,60,18,0,0,0,18,13,24,4.270833333333333,205.0,0.0,True,False
288,4 4 18,48,16.0,2,1.25,False,266500,1.3090277777777777,0,0,218,44,26,0,0,0,26,7,12,4.479166666666667,215.0,0.0,True,False
288,4 4 18,48,16.0,2,1.25,False,267000,1.34375,0,0,218,44,26,0,0,0,26,20,4,4.270833333333333,205.0,0.0,True,False
288,4 4 18,48,16.0,2,1.25,False,267500,1.2222222222222223,0,0,232,36,20,0,0,0,20,10,14,5.0,240.0,0.0,True,False
288,4 4 18,48,16.0,2,1.25,False,268000,1.2222222222222223,0,0,232,36,20,0,0,0,20,10,14,5.0,240.0,0.0,True,False
288,4 4 18,48,16.0,2,1.25,False,268500,1.2847222222222223,0,0,236,36,16,0,0,0,16,13,12,4.625,222.0,0.0,True,False
288,4 4 18,48,16.0,2,1.25,False,269000,1.4479166666666667,0,0,204,52,32,0,0,0,32,17,8,3.6458333333333335,175.0,0.0,True,False
288,4 4 18,48,16.0,2,1.25,False,269500,1.2986111111111112,0,0,216,60,12,0,0,0,12,9,28,4.541666666666667,218.0,0.0,True,False
288,4 4 18,48,16.0,2,1.25,False,270000,1.5104166666666667,0,0,206,60,18,4,0,0,22,13,16,3.2708333333333335,157.0,0.0,True,False
288,4 4 18,48,16.0,2,1.25,False,270500,1.3333333333333333,0,0,224,48,12,4,0,0,16,13,18,4.333333333333333,208.0,0.0,True,False
288,4 4 18,48,16.0,2,1.25,False,271000,1.4027777777777777,0,0,228,41,14,5,0,0,19,18,6,3.9166666666666665,188.0,0.0,True,False
288,4 4 18,48,16.0,2,1.25,False,271500,1.5,0,0,224,37,22,5,0,0,27,17,4,3.3333333333333335,160.0,0.0,True,False
288,4 4 18,48,16.0,2,1.25,False,272000,1.4305555555555556,0,0,205,51,31,1,0,0,32,15,14,3.75,180.0,0.0,True,False
288,4 4 18,48,16.0,2,1.25,False,272500,1.34375,0,0,214,52,22,0,0,0,22,13,24,4.270833333333333,205.0,0.0,True,False
288,4 4 18,48,16.0,2,1.25,False,273000,1.3159722222222223,0,0,229,35,23,1,0,0,24,11,8,4.4375,213.0,0.0,True,False
288,4 4 18,48,16.0,2,1.25,False,273500,1.3159722222222223,0,0,228,37,22,1,0,0,23,10,12,4.4375,213.0,0.0,True,False
288,4 4 18,48,16.0,2,1.25,False,274000,1.4236111111111112,0,0,208,54,24,2,0,0,26,12,26,3.7916666666666665,182.0,0.0,True,False
288,4 4 18,48,16.0,2,1.25,False,274500,1.4305555555555556,0,0,212,58,16,2,0,0,18,7,24,3.75,180.0,0.0,True,False
288,4 4 18,48,16.0,2,1.25,False,275000,1.4097222222222223,0,0,215,55,17,1,0,0,18,15,12,3.875,186.0,0.0,True,False
288,4 4 18,48,16.0,2,1.25,False,275500,1.4236111111111112,0,0,226,42,14,6,0,0,20,19,8,3.7916666666666665,182.0,0.0,True,False
288,4 4 18,48,16.0,2,1.25,False,276000,1.5763888888888888,0,0,217,46,19,4,2,0,25,13,20,2.875,138.0,0.0,True,False
288,4 4 18,48,16.0,2,1.25,False,276500,1.5902777777777777,0,0,201,58,25,4,0,0,29,10,40,2.7916666666666665,134.0,0.0,True,False
288,4 4 18,48,16.0,2,1.25,False,277000,1.4340277777777777,0,0,227,43,17,1,0,0,18,14,16,3.7291666666666665,179.0,0.0,True,False
288,4 4 18,48,16.0,2,1.25,False,277500,1.2604166666666667,0,0,244,29,14,1,0,0,15,11,6,4.770833333333333,229.0,0.0,True,False
288,4 4 18,48,16.0,2,1.25,False,278000,1.3819444444444444,0,0,225,46,17,0,0,0,17,8,22,4.041666666666667,194.0,0.0,True,False
288,4 4 18,48,16.0,2,1.25,False,278500,1.3368055555555556,0,0,223,42,23,0,0,0,23,12,11,4.3125,207.0,0.0,True,False
288,4 4 18,48,16.0,2,1.25,False,279000,1.2881944444444444,0,0,234,36,18,0,0,0,18,12,6,4.604166666666667,221.0,0.0,True,False
288,4 4 18,48,16.0,2,1.25,False,279500,1.3402777777777777,0,0,232,40,16,0,0,0,16,10,12,4.291666666666667,206.0,0.0,True,False
288,4 4 18,48,16.0,2,1.25,False,280000,1.4513888888888888,0,0,217,44,26,0,1,0,27,12,16,3.625,174.0,0.0,True,False
288,4 4 18,48,16.0,2,1.25,False,280500,1.5555555555555556,0,0,217,44,25,2,0,0,27,11,10,3.0,144.0,0.0,True,False
288,4 4 18,48,16.0,2,1.25,False,281000,1.5069444444444444,0,0,214,45,28,1,0,0,29,14,10,3.2916666666666665,158.0,0.0,True,False
288,4 4 18,48,16.0,2,1.25,False,281500,1.5208333333333333,0,0,214,51,20,3,0,0,23,11,12,3.2083333333333335,154.0,0.0,True,False
288,4 4 18,48,16.0,2,1.25,False,282000,1.5381944444444444,0,0,199,60,27,2,0,0,29,16,15,3.1041666666666665,149.0,0.0,True,False
288,4 4 18,48,16.0,2,1.25,False,282500,1.5069444444444444,0,0,195,63,29,1,0,0,30,7,41,3.2916666666666665,158.0,0.0,True,False
288,4 4 18,48,16.0,2,1.25,False,283000,1.5694444444444444,0,0,199,63,25,1,0,0,26,8,32,2.9166666666666665,140.0,0.0,True,False
288,4 4 18,48,16.0,2,1.25,False,283500,1.4722222222222223,0,0,214,49,20,5,0,0,25,8,35,3.5,168.0,0.0,True,False
288,4 4 18,48,16.0,2,1.25,False,284000,1.5659722222222223,0,0,211,48,24,4,1,0,29,10,32,2.9375,141.0,0.0,True,False
288,4 4 18,48,16.0,2,1.25,False,284500,1.4375,0,0,231,34,20,2,1,0,23,8,23,3.7083333333333335,178.0,0.0,True,False
288,4 4 18,48,16.0,2,1.25,False,285000,1.4861111111111112,0,0,194,70,22,2,0,0,24,14,34,3.4166666666666665,164.0,0.0,True,False
288,4 4 18,48,16.0,2,1.25,False,285500,1.3368055555555556,0,0,222,45,20,1,0,0,21,15,12,4.3125,207.0,0.0,True,False
288,4 4 18,48,16.0,2,1.25,False,286000,1.4444444444444444,0,0,209,48,29,2,0,0,31,10,17,3.6666666666666665,176.0,0.0,True,False
288,4 4 18,48,16.0,2,1.25,False,286500,1.3645833333333333,0,0,233,32,21,2,0,0,23,6,22,4.145833333333333,199.0,0.0,True,False
288,4 4 18,48,16.0,2,1.25,False,287000,1.5173611111111112,0,0,191,60,35,2,0,0,37,13,14,3.2291666666666665,155.0,0.0,True,False
288,4 4 18,48,16.0,2,1.25,False,287500,1.3784722222222223,0,0,233,36,17,2,0,0,19,13,9,4.0625,195.0,0.0,True,False
288,4 4 18,48,16.0,2,1.25,False,288000,1.3958333333333333,0,0,220,42,24,2,0,0,26,19,9,3.9583333333333335,190.0,0.0,True,False
288,4 4 18,48,16.0,2,1.25,False,288500,1.34375,0,0,219,42,27,0,0,0,27,8,18,4.270833333333333,205.0,0.0,True,False
288,4 4 18,48,16.0,2,1.25,False,289000,1.4340277777777777,0,0,206,64,18,0,0,0,18,12,38,3.7291666666666665,179.0,0.0,True,False
288,4 4 18,48,16.0,2,1.25,False,289500,1.3854166666666667,0,0,213,48,26,0,1,0,27,14,14,4.020833333333333,193.0,0.0,True,False
288,4 4 18,48,16.0,2,1.25,False,290000,1.4131944444444444,0,0,204,54,29,0,1,0,30,16,16,3.8541666666666665,185.0,0.0,True,False
288,4 4 18,48,16.0,2,1.25,False,290500,1.4930555555555556,0,1,210,49,24,4,0,0,28,20,7,3.375,162.0,0.0,True,False
288,4 4 18,48,16.0,2,1.25,False,291000,1.4166666666666667,0,0,228,44,12,4,0,0,16,12,16,3.8333333333333335,184.0,0.0,True,False
288,4 4 18,48,16.0,2,1.25,False,291500,1.3819444444444444,0,0,234,32,20,0,2,0,22,20,2,4.041666666666667,194.0,0.0,True,False
288,4 4 18,48,16.0,2,1.25,False,292000,1.3055555555555556,0,0,232,44,8,4,0,0,12,14,18,4.5,216.0,0.0,True,False
288,4 4 18,48,16.0,2,1.25,False,292500,1.3993055555555556,0,0,218,44,22,4,0,0,26,19,4,3.9375,189.0,0.0,True,False
288,4 4 18,48,16.0,2,1.25,False,293000,1.4270833333333333,0,0,216,52,20,0,0,0,20,13,20,3.7708333333333335,181.0,0.0,True,False
288,4 4 18,48,16.0,2,1.25,False,293500,1.3958333333333333,0,0,205,54,25,4,0,0,29,16,11,3.9583333333333335,190.0,0.0,True,False
288,4 4 18,48,16.0,2,1.25,False,294000,1.3993055555555556,0,0,219,43,22,3,1,0,26,21,4,3.9375,189.0,0.0,True,False
288,4 4 18,48,16.0,2,1.25,False,294500,1.3125,0,0,216,44,28,0,0,0,28,16,8,4.458333333333333,214.0,0.0,True,False
288,4 4 18,48,16.0,2,1.25,False,295000,1.3333333333333333,0,0,212,48,28,0,0,0,28,17,8,4.333333333333333,208.0,0.0,True,False
288,4 4 18,48,16.0,2,1.25,False,295500,1.3888888888888888,0,0,196,56,36,0,0,0,36,19,14,4.0,192.0,0.0,True,False
288,4 4 18,48,16.0,2,1.25,False,296000,1.4270833333333333,0,0,210,46,30,2,0,0,32,14,12,3.7708333333333335,181.0,0.0,True,False
288,4 4 18,48,16.0,2,1.25,False,296500,1.3541666666666667,0,0,224,42,20,2,0,0,22,17,8,4.208333333333333,202.0,0.0,True,False
288,4 4 18,48,16.0,2,1.25,False,297000,1.2291666666666667,0,0,256,21,10,1,0,0,11,9,4,4.958333333333333,238.0,0.0,True,False
288,4 4 18,48,16.0,2,1.25,False,297500,1.3298611111111112,0,0,234,32,18,4,0,0,22,13,6,4.354166666666667,209.0,0.0,True,False
288,4 4 18,48,16.0,2,1.25,False,298000,1.2777777777777777,0,0,224,48,16,0,0,0,16,12,12,4.666666666666667,224.0,0.0,True,False
288,4 4 18,48,16.0,2,1.25,False,298500,1.3472222222222223,0,0,225,48,13,2,0,0,15,9,25,4.25,204.0,0.0,True,False
288,4 4 18,48,16.0,2,1.25,False,299000,1.3993055555555556,0,0,214,50,22,2,0,0,24,9,32,3.9375,189.0,0.0,True,False
288,4 4 18,48,16.0,2,1.25,False,299500,1.3784722222222223,0,0,211,58,19,0,0,0,19,12,38,4.0625,195.0,0.0,True,False
288,4 4 18,48,16.0,2,1.25,False,300000,1.3993055555555556,0,0,215,46,27,0,0,0,27,14,8,3.9375,189.0,0.0,True,True
288,4 4 18,48,16.0,3,1.25,False,0,2.0,0,288,0,0,0,0,0,0,0,0,0,0.3333333333333333,16.0,0.0,False,False
288,4 4 18,48,16.0,3,1.25,False,500,2.0555555555555554,0,272,12,0,4,0,0,0,4,0,0,0.0,0.0,0.0,True,False
288,4 4 18,48,16.0,3,1.25,False,1000,2.0555555555555554,0,236,36,0,16,0,0,0,16,0,0,0.0,0.0,0.0,True,False
288,4 4 18,48,16.0,3,1.25,False,1500,2.0347222222222223,0,200,60,4,24,0,0,0,24,2,2,0.125,6.0,0.0,True,False
288,4 4 18,48,16.0,3,1.25,False,2000,1.9930555555555556,0,200,60,12,16,0,0,0,16,1,12,0.375,18.0,0.0,True,False
288,4 4 18,48,16.0,3,1.25,False,2500,1.9930555555555556,0,200,60,12,16,0,0,0,16,1,12,0.375,18.0,0.0,True,False
288,4 4 18,48,16.0,3,1.25,False,3000,1.9930555555555556,0,200,60,12,16,0,0,0,16,1,12,0.375,18.0,0.0,True,False
288,4 4 18,48,16.0,3,1.25,False,3500,1.9722222222222223,0,188,68,16,16,0,0,0,16,1,16,0.5,24.0,0.0,True,False
288,4 4 18,48,16.0,3,1.25,False,4000,1.9861111111111112,0,184,64,20,20,0,0,0,20,2,18,0.4166666666666667,20.0,0.0,True,False
288,4 4 18,48,16.0,3,1.25,False,4500,1.9722222222222223,0,164,84,16,24,0,0,0,24,1,16,0.5,24.0,0.0,True,False
288,4 4 18,48,16.0,3,1.25,False,5000,1.9305555555555556,0,164,84,24,16,0,0,0,16,1,24,0.75,36.0,0.0,True,False
288,4 4 18,48,16.0,3,1.25,False,5500,1.9305555555555556,0,116,116,24,32,0,0,0,32,1,24,0.75,36.0,0.0,True,False
288,4 4 18,48,16.0,3,1.25,False,6000,1.9305555555555556,0,116,116,24,32,0,0,0,32,1,24,0.75,36.0,0.0,True,False
288,4 4 18,48,16.0,3,1.25,False,6500,1.9027777777777777,0,100,120,36,32,0,0,0,32,1,36,0.9166666666666666,44.0,0.0,True,False
288,4 4 18,48,16.0,3,1.25,False,7000,1.8958333333333333,0,84,128,36,40,0,0,0,40,1,36,0.9583333333333334,46.0,0.0,True,False
288,4 4 18,48,16.0,3,1.25,False,7500,1.8680555555555556,0,80,128,40,40,0,0,0,40,4,34,1.125,54.0,0.0,True,False
288,4 4 18,48,16.0,3,1.25,False,8000,1.8680555555555556,0,68,136,40,44,0,0,0,44,4,34,1.125,54.0,0.0,True,False
288,4 4 18,48,16.0,3,1.25,False,8500,1.8125,0,60,136,48,44,0,0,0,44,2,46,1.4583333333333333,70.0,0.0,True,False
288,4 4 18,48,16.0,3,1.25,False,9000,1.7013888888888888,0,52,152,48,36,0,0,0,36,3,28,2.125,102.0,0.0,True,False
288,4 4 18,48,16.0,3,1.25,False,9500,1.6875,0,42,140,78,28,0,0,0,28,3,44,2.2083333333333335,106.0,0.0,True,False
288,4 4 18,48,16.0,3,1.25,False,10000,1.6180555555555556,0,40,148,68,32,0,0,0,32,3,44,2.625,126.0,0.0,True,False
288,4 4 18,48,16.0,3,1.25,False,10500,1.5902777777777777,0,36,144,80,28,0,0,0,28,2,76,2.7916666666666665,134.0,0.0,True,False
288,4 4 18,48,16.0,3,1.25,False,11000,1.7222222222222223,0,40,130,84,34,0,0,0,34,3,80,2.0,96.0,0.0,True,False
288,4 4 18,48,16.0,3,1.25,False,11500,1.7013888888888888,0,36,128,84,40,0,0,0,40,5,68,2.125,102.0,0.0,True,False
288,4 4 18,48,16.0,3,1.25,False,12000,1.5833333333333333,0,20,140,84,44,0,0,0,44,2,80,2.8333333333333335,136.0,0.0,True,False
288,4 4 18,48,16.0,3,1.25,False,12500,1.5416666666666667,0,12,148,80,48,0,0,0,48,3,76,3.0833333333333335,148.0,0.0,True,False
288,4 4 18,48,16.0,3,1.25,False,13000,1.5347222222222223,0,8,148,80,52,0,0,0,52,3,76,3.125,150.0,0.0,True,False
288,4 4 18,48,16.0,3,1.25,False,13500,1.6423611111111112,0,12,148,84,44,0,0,0,44,6,48,2.4791666666666665,119.0,0.0,True,False
288,4 4 18,48,16.0,3,1.25,False,14000,1.5729166666666667,0,4,168,68,48,0,0,0,48,10,24,2.8958333333333335,139.0,0.0,True,False
288,4 4 18,48,16.0,3,1.25,False,14500,1.5520833333333333,0,4,172,64,48,0,0,0,48,7,38,3.0208333333333335,145.0,0.0,True,False
288,4 4 18,48,16.0,3,1.25,False,15000,1.4756944444444444,0,0,178,72,38,0,0,0,38,7,24,3.4791666666666665,167.0,0.0,True,False
288,4 4 18,48,16.0,3,1.25,False,15500,1.4756944444444444,0,2,180,62,44,0,0,0,44,9,24,3.4791666666666665,167.0,0.0,True,False
288,4 4 18,48,16.0,3,1.25,False,16000,1.4201388888888888,0,2,196,54,36,0,0,0,36,10,20,3.8125,183.0,0.0,True,False
288,4 4 18,48,16.0,3,1.25,False,16500,1.4305555555555556,0,0,192,56,40,0,0,0,40,12,18,3.75,180.0,0.0,True,False
288,4 4 18,48,16.0,3,1.25,False,17000,1.5034722222222223,0,0,174,68,46,0,0,0,46,14,18,3.3125,159.0,0.0,True,False
288,4 4 18,48,16.0,3,1.25,False,17500,1.5277777777777777,0,0,168,72,48,0,0,0,48,12,18,3.1666666666666665,152.0,0.0,True,False
288,4 4 18,48,16.0,3,1.25,False,18000,1.4479166666666667,0,0,186,68,34,0,0,0,34,12,26,3.6458333333333335,175.0,0.0,True,False
288,4 4 18,48,16.0,3,1.25,False,18500,1.4305555555555556,0,0,188,64,36,0,0,0,36,14,20,3.75,180.0,0.0,True,False
288,4 4 18,48,16.0,3,1.25,False,19000,1.4201388888888888,0,0,194,64,30,0,0,0,30,11,26,3.8125,183.0,0.0,True,False
288,4 4 18,48,16.0,3,1.25,False,19500,1.3958333333333333,0,0,198,64,26,0,0,0,26,8,36,3.9583333333333335,190.0,0.0,True,False
288,4 4 18,48,16.0,3,1.25,False,20000,1.4097222222222223,0,0,186,72,30,0,0,0,30,12,34,3.875,186.0,0.0,True,False
288,4 4 18,48,16.0,3,1.25,False,20500,1.4305555555555556,0,0,184,72,32,0,0,0,32,12,36,3.75,180.0,0.0,True,False
288,4 4 18,48,16.0,3,1.25,False,21000,1.4097222222222223,0,0,192,60,36,0,0,0,36,14,20,3.875,186.0,0.0,True,False
288,4 4 18,48,16.0,3,1.25,False,21500,1.4791666666666667,0,0,170,84,34,0,0,0,34,11,50,3.4583333333333335,166.0,0.0,True,False
288,4 4 18,48,16.0,3,1.25,False,22000,1.5416666666666667,0,4,154,92,38,0,0,0,38,8,56,3.0833333333333335,148.0,0.0,True,False
288,4 4 18,48,16.0,3,1.25,False,22500,1.5173611111111112,0,0,156,88,44,0,0,0,44,9,50,3.2291666666666665,155.0,0.0,True,False
288,4 4 18,48,16.0,3,1.25,False,23000,1.5138888888888888,0,0,164,76,48,0,0,0,48,10,36,3.25,156.0,0.0,True,False
288,4 4 18,48,16.0,3,1.25,False,23500,1.4583333333333333,0,0,176,76,36,0,0,0,36,9,40,3.5833333333333335,172.0,0.0,True,False
288,4 4 18,48,16.0,3,1.25,False,24000,1.3611111111111112,0,4,196,56,32,0,0,0,32,6,32,4.166666666666667,200.0,0.0,True,False
288,4 4 18,48,16.0,3,1.25,False,24500,1.5347222222222223,0,12,172,60,44,0,0,0,44,15,18,3.125,150.0,0.0,True,False
288,4 4 18,48,16.0,3,1.25,False,25000,1.4375,0,4,186,68,30,0,0,0,30,10,32,3.7083333333333335,178.0,0.0,True,False
288,4 4 18,48,16.0,3,1.25,False,25500,1.4375,0,4,186,68,30,0,0,0,30,10,32,3.7083333333333335,178.0,0.0,True,False
288,4 4 18,48,16.0,3,1.25,False,26000,1.4479166666666667,0,4,194,60,30,0,0,0,30,9,22,3.6458333333333335,175.0,0.0,True,False
288,4 4 18,48,16.0,3,1.25,False,26500,1.4895833333333333,0,4,186,68,30,0,0,0,30,11,22,3.3958333333333335,163.0,0.0,True,False
288,4 4 18,48,16.0,3,1.25,False,27000,1.5694444444444444,0,7,190,60,30,1,0,0,31,8,29,2.9166666666666665,140.0,0.0,True,False
288,4 4 18,48,16.0,3,1.25,False,27500,1.5625,0,4,180,76,28,0,0,0,28,6,28,2.9583333333333335,142.0,0.0,True,False
288,4 4 18,48,16.0,3,1.25,False,28000,1.6076388888888888,0,4,172,81,30,1,0,0,31,5,55,2.6875,129.0,0.0,True,False
288,4 4 18,48,16.0,3,1.25,False,28500,1.5069444444444444,0,0,180,72,36,0,0,0,36,8,26,3.2916666666666665,158.0,0.0,True,False
288,4 4 18,48,16.0,3,1.25,False,29000,1.4583333333333333,0,0,192,64,32,0,0,0,32,6,40,3.5833333333333335,172.0,0.0,True,False
288,4 4 18,48,16.0,3,1.25,False,29500,1.4340277777777777,0,0,186,64,38,0,0,0,38,7,38,3.7291666666666665,179.0,0.0,True,False
288,4 4 18,48,16.0,3,1.25,False,30000,1.4409722222222223,0,0,182,64,42,0,0,0,42,13,20,3.6875,177.0,0.0,True,False
288,4 4 18,48,16.0,3,1.25,False,30500,1.4895833333333333,0,0,170,72,46,0,0,0,46,15,22,3.3958333333333335,163.0,0.0,True,False
288,4 4 18,48,16.0,3,1.25,False,31000,1.4236111111111112,0,0,180,68,40,0,0,0,40,13,28,3.7916666666666665,182.0,0.0,True,False
288,4 4 18,48,16.0,3,1.25,False,31500,1.3958333333333333,0,0,188,64,36,0,0,0,36,18,16,3.9583333333333335,190.0,0.0,True,False
288,4 4 18,48,16.0,3,1.25,False,32000,1.3541666666666667,0,0,196,56,36,0,0,0,36,8,20,4.208333333333333,202.0,0.0,True,False
288,4 4 18,48,16.0,3,1.25,False,32500,1.3958333333333333,0,8,188,60,32,0,0,0,32,9,24,3.9583333333333335,190.0,0.0,True,False
288,4 4 18,48,16.0,3,1.25,False,33000,1.40625,0,6,200,50,32,0,0,0,32,6,24,3.8958333333333335,187.0,0.0,True,False
288,4 4 18,48,16.0,3,1.25,False,33500,1.46875,0,2,184,62,40,0,0,0,40,14,20,3.5208333333333335,169.0,0.0,True,False
288,4 4 18,48,16.0,3,1.25,False,34000,1.4097222222222223,0,4,184,64,36,0,0,0,36,12,22,3.875,186.0,0.0,True,False
288,4 4 18,48,16.0,3,1.25,False,34500,1.4166666666666667,0,8,184,64,32,0,0,0,32,14,24,3.8333333333333335,184.0,0.0,True,False
288,4 4 18,48,16.0,3,1.25,False,35000,1.4305555555555556,0,0,176,68,44,0,0,0,44,9,24,3.75,180.0,0.0,True,False
288,4 4 18,48,16.0,3,1.25,False,35500,1.3263888888888888,0,0,204,52,32,0,0,0,32,10,20,4.375,210.0,0.0,True,False
288,4 4 18,48,16.0,3,1.25,False,36000,1.4097222222222223,0,0,192,60,36,0,0,0,36,12,18,3.875,186.0,0.0,True,False
288,4 4 18,48,16.0,3,1.25,False,36500,1.3888888888888888,0,0,196,56,36,0,0,0,36,13,16,4.0,192.0,0.0,True,False
288,4 4 18,48,16.0,3,1.25,False,37000,1.5590277777777777,0,0,172,68,48,0,0,0,48,12,22,2.9791666666666665,143.0,0.0,True,False
288,4 4 18,48,16.0,3,1.25,False,37500,1.4340277777777777,0,0,188,60,40,0,0,0,40,9,22,3.7291666666666665,179.0,0.0,True,False
288,4 4 18,48,16.0,3,1.25,False,38000,1.5416666666666667,0,4,176,68,40,0,0,0,40,13,22,3.0833333333333335,148.0,0.0,True,False
288,4 4 18,48,16.0,3,1.25,False,38500,1.6006944444444444,0,2,176,66,44,0,0,0,44,14,22,2.7291666666666665,131.0,0.0,True,False
288,4 4 18,48,16.0,3,1.25,False,39000,1.5243055555555556,0,0,164,84,40,0,0,0,40,8,50,3.1875,153.0,0.0,True,False
288,4 4 18,48,16.0,3,1.25,False,39500,1.3541666666666667,0,0,196,56,36,0,0,0,36,10,24,4.208333333333333,202.0,0.0,True,False
288,4 4 18,48,16.0,3,1.25,False,40000,1.3472222222222223,0,0,200,56,32,0,0,0,32,10,18,4.25,204.0,0.0,True,False
288,4 4 18,48,16.0,3,1.25,False,40500,1.2986111111111112,0,0,212,48,28,0,0,0,28,10,16,4.541666666666667,218.0,0.0,True,False
288,4 4 18,48,16.0,3,1.25,False,41000,1.4305555555555556,0,0,184,72,32,0,0,0,32,11,36,3.75,180.0,0.0,True,False
288,4 4 18,48,16.0,3,1.25,False,41500,1.4444444444444444,0,4,180,72,32,0,0,0,32,7,20,3.6666666666666665,176.0,0.0,True,False
288,4 4 18,48,16.0,3,1.25,False,42000,1.3472222222222223,0,0,200,56,32,0,0,0,32,13,16,4.25,204.0,0.0,True,False
288,4 4 18,48,16.0,3,1.25,False,42500,1.3472222222222223,0,0,200,56,32,0,0,0,32,14,16,4.25,204.0,0.0,True,False
288,4 4 18,48,16.0,3,1.25,False,43000,1.3819444444444444,0,0,188,60,40,0,0,0,40,10,26,4.041666666666667,194.0,0.0,True,False
288,4 4 18,48,16.0,3,1.25,False,43500,1.4027777777777777,0,0,184,64,40,0,0,0,40,15,20,3.9166666666666665,188.0,0.0,True,False
288,4 4 18,48,16.0,3,1.25,False,44000,1.3333333333333333,0,0,208,56,24,0,0,0,24,6,18,4.333333333333333,208.0,0.0,True,False
288,4 4 18,48,16.0,3,1.25,False,44500,1.3333333333333333,0,0,208,56,24,0,0,0,24,6,18,4.333333333333333,208.0,0.0,True,False
288,4 4 18,48,16.0,3,1.25,False,45000,1.3472222222222223,0,0,200,56,32,0,0,0,32,12,16,4.25,204.0,0.0,True,False
288,4 4 18,48,16.0,3,1.25,False,45500,1.4236111111111112,0,0,180,68,40,0,0,0,40,15,20,3.7916666666666665,182.0,0.0,True,False
288,4 4 18,48,16.0,3,1.25,False,46000,1.4027777777777777,0,0,184,64,40,0,0,0,40,11,24,3.9166666666666665,188.0,0.0,True,False
288,4 4 18,48,16.0,3,1.25,False,46500,1.5416666666666667,0,8,152,84,44,0,0,0,44,8,46,3.0833333333333335,148.0,0.0,True,False
288,4 4 18,48,16.0,3,1.25,False,47000,1.5833333333333333,0,20,150,84,34,0,0,0,34,7,46,2.8333333333333335,136.0,0.0,True,False
288,4 4 18,48,16.0,3,1.25,False,47500,1.5486111111111112,0,8,148,84,48,0,0,0,48,8,42,3.0416666666666665,146.0,0.0,True,False
288,4 4 18,48,16.0,3,1.25,False,48000,1.4444444444444444,0,8,176,68,36,0,0,0,36,10,36,3.6666666666666665,176.0,0.0,True,False
288,4 4 18,48,16.0,3,1.25,False,48500,1.4722222222222223,0,4,176,68,40,0,0,0,40,9,36,3.5,168.0,0.0,True,False
288,4 4 18,48,16.0,3,1.25,False,49000,1.4791666666666667,0,0,152,100,36,0,0,0,36,10,54,3.4583333333333335,166.0,0.0,True,False
288,4 4 18,48,16.0,3,1.25,False,49500,1.4027777777777777,0,0,194,64,30,0,0,0,30,9,28,3.9166666666666665,188.0,0.0,True,False
288,4 4 18,48,16.0,3,1.25,False,50000,1.4513888888888888,0,0,182,72,34,0,0,0,34,10,28,3.625,174.0,0.0,True,False
288,4 4 18,48,16.0,3,1.25,False,50500,1.4201388888888888,0,0,196,60,32,0,0,0,32,8,28,3.8125,183.0,0.0,True,False
288,4 4 18,48,16.0,3,1.25,False,51000,1.3958333333333333,0,0,184,72,32,0,0,0,32,6,44,3.9583333333333335,190.0,0.0,True,False
288,4 4 18,48,16.0,3,1.25,False,51500,1.4826388888888888,0,0,186,69,32,1,0,0,33,10,35,3.4375,165.0,0.0,True,False
288,4 4 18,48,16.0,3,1.25,False,52000,1.5277777777777777,0,0,196,60,28,4,0,0,32,7,34,3.1666666666666665,152.0,0.0,True,False
288,4 4 18,48,16.0,3,1.25,False,52500,1.4340277777777777,0,0,198,61,28,1,0,0,29,7,35,3.7291666666666665,179.0,0.0,True,False
288,4 4 18,48,16.0,3,1.25,False,53000,1.5694444444444444,0,0,168,86,32,2,0,0,34,10,40,2.9166666666666665,140.0,0.0,True,False
288,4 4 18,48,16.0,3,1.25,False,53500,1.4895833333333333,0,0,152,108,28,0,0,0,28,8,66,3.3958333333333335,163.0,0.0,True,False
288,4 4 18,48,16.0,3,1.25,False,54000,1.3888888888888888,0,0,164,100,24,0,0,0,24,11,66,4.0,192.0,0.0,True,False
288,4 4 18,48,16.0,3,1.25,False,54500,1.4722222222222223,0,0,172,91,22,3,0,0,25,12,52,3.5,168.0,0.0,True,False
288,4 4 18,48,16.0,3,1.25,False,55000,1.5,0,0,164,95,26,3,0,0,29,13,52,3.3333333333333335,160.0,0.0,True,False
288,4 4 18,48,16.0,3,1.25,False,55500,1.4166666666666667,0,0,176,84,28,0,0,0,28,13,42,3.8333333333333335,184.0,0.0,True,False
288,4 4 18,48,16.0,3,1.25,False,56000,1.375,0,0,202,60,26,0,0,0,26,10,28,4.083333333333333,196.0,0.0,True,False
288,4 4 18,48,16.0,3,1.25,False,56500,1.5,0,0,170,80,38,0,0,0,38,14,32,3.3333333333333335,160.0,0.0,True,False
288,4 4 18,48,16.0,3,1.25,False,57000,1.4895833333333333,0,0,176,80,32,0,0,0,32,8,52,3.3958333333333335,163.0,0.0,True,False
288,4 4 18,48,16.0,3,1.25,False,57500,1.4652777777777777,0,0,166,88,34,0,0,0,34,11,48,3.5416666666666665,170.0,0.0,True,False
288,4 4 18,48,16.0,3,1.25,False,58000,1.40625,0,0,192,64,32,0,0,0,32,8,30,3.8958333333333335,187.0,0.0,True,False
288,4 4 18,48,16.0,3,1.25,False,58500,1.3958333333333333,0,0,202,56,30,0,0,0,30,7,24,3.9583333333333335,190.0,0.0,True,False
288,4 4 18,48,16.0,3,1.25,False,59000,1.3541666666666667,0,0,196,56,36,0,0,0,36,10,18,4.208333333333333,202.0,0.0,True,False
288,4 4 18,48,16.0,3,1.25,False,59500,1.3472222222222223,0,0,200,56,32,0,0,0,32,12,16,4.25,204.0,0.0,True,False
288,4 4 18,48,16.0,3,1.25,False,60000,1.4756944444444444,0,0,178,72,38,0,0,0,38,10,28,3.4791666666666665,167.0,0.0,True,False
288,4 4 18,48,16.0,3,1.25,False,60500,1.4791666666666667,0,0,193,59,35,1,0,0,36,13,20,3.4583333333333335,166.0,0.0,True,False
288,4 4 18,48,16.0,3,1.25,False,61000,1.4965277777777777,0,0,196,52,40,0,0,0,40,14,14,3.3541666666666665,161.0,0.0,True,False
288,4 4 18,48,16.0,3,1.25,False,61500,1.3645833333333333,0,0,202,52,34,0,0,0,34,9,18,4.145833333333333,199.0,0.0,True,False
288,4 4 18,48,16.0,3,1.25,False,62000,1.3645833333333333,0,0,202,52,34,0,0,0,34,9,18,4.145833333333333,199.0,0.0,True,False
288,4 4 18,48,16.0,3,1.25,False,62500,1.4652777777777777,0,0,192,60,33,2,1,0,36,11,22,3.5416666666666665,170.0,0.0,True,False
288,4 4 18,48,16.0,3,1.25,False,63000,1.4479166666666667,0,0,190,60,38,0,0,0,38,9,24,3.6458333333333335,175.0,0.0,True,False
288,4 4 18,48,16.0,3,1.25,False,63500,1.3993055555555556,0,4,206,52,26,0,0,0,26,9,20,3.9375,189.0,0.0,True,False
288,4 4 18,48,16.0,3,1.25,False,64000,1.4583333333333333,0,0,196,58,32,2,0,0,34,9,20,3.5833333333333335,172.0,0.0,True,False
288,4 4 18,48,16.0,3,1.25,False,64500,1.3923611111111112,0,0,206,52,30,0,0,0,30,9,24,3.9791666666666665,191.0,0.0,True,False
288,4 4 18,48,16.0,3,1.25,False,65000,1.3923611111111112,0,0,206,52,30,0,0,0,30,9,24,3.9791666666666665,191.0,0.0,True,False
288,4 4 18,48,16.0,3,1.25,False,65500,1.4097222222222223,0,0,192,60,36,0,0,0,36,11,24,3.875,186.0,0.0,True,False
288,4 4 18,48,16.0,3,1.25,False,66000,1.46875,0,0,202,57,25,3,1,0,29,10,25,3.5208333333333335,169.0,0.0,True,False
288,4 4 18,48,16.0,3,1.25,False,66500,1.4479166666666667,0,2,198,58,30,0,0,0,30,8,18,3.6458333333333335,175.0,0.0,True,False
288,4 4 18,48,16.0,3,1.25,False,67000,1.4236111111111112,0,0,212,46,29,0,1,0,30,11,15,3.7916666666666665,182.0,0.0,True,False
288,4 4 18,48,16.0,3,1.25,False,67500,1.5451388888888888,0,1,191,63,33,0,0,0,33,8,32,3.0625,147.0,0.0,True,False
288,4 4 18,48,16.0,3,1.25,False,68000,1.5173611111111112,0,1,199,59,29,0,0,0,29,8,32,3.2291666666666665,155.0,0.0,True,False
288,4 4 18,48,16.0,3,1.25,False,68500,1.5347222222222223,0,0,192,58,37,0,1,0,38,17,15,3.125,150.0,0.0,True,False
288,4 4 18,48,16.0,3,1.25,False,69000,1.5347222222222223,0,0,192,58,37,0,1,0,38,13,15,3.125,150.0,0.0,True,False
288,4 4 18,48,16.0,3,1.25,False,69500,1.4895833333333333,0,0,183,66,39,0,0,0,39,8,23,3.3958333333333335,163.0,0.0,True,False
288,4 4 18,48,16.0,3,1.25,False,70000,1.4618055555555556,0,0,191,62,35,0,0,0,35,8,16,3.5625,171.0,0.0,True,False
288,4 4 18,48,16.0,3,1.25,False,70500,1.53125,0,0,175,74,39,0,0,0,39,9,26,3.1458333333333335,151.0,0.0,True,False
288,4 4 18,48,16.0,3,1.25,False,71000,1.5173611111111112,0,0,191,58,39,0,0,0,39,6,31,3.2291666666666665,155.0,0.0,True,False
288,4 4 18,48,16.0,3,1.25,False,71500,1.5,0,0,188,64,36,0,0,0,36,8,24,3.3333333333333335,160.0,0.0,True,False
288,4 4 18,48,16.0,3,1.25,False,72000,1.5208333333333333,0,4,188,68,28,0,0,0,28,10,26,3.2083333333333335,154.0,0.0,True,False
288,4 4 18,48,16.0,3,1.25,False,72500,1.5104166666666667,0,1,179,67,41,0,0,0,41,9,20,3.2708333333333335,157.0,0.0,True,False
288,4 4 18,48,16.0,3,1.25,False,73000,1.46875,0,0,187,62,39,0,0,0,39,12,20,3.5208333333333335,169.0,0.0,True,False
288,4 4 18,48,16.0,3,1.25,False,73500,1.3333333333333333,0,4,204,52,28,0,0,0,28,10,20,4.333333333333333,208.0,0.0,True,False
288,4 4 18,48,16.0,3,1.25,False,74000,1.4895833333333333,0,0,183,67,37,1,0,0,38,10,33,3.3958333333333335,163.0,0.0,True,False
288,4 4 18,48,16.0,3,1.25,False,74500,1.4409722222222223,0,0,195,59,33,1,0,0,34,7,33,3.6875,177.0,0.0,True,False
288,4 4 18,48,16.0,3,1.25,False,75000,1.4895833333333333,0,0,183,67,37,1,0,0,38,8,33,3.3958333333333335,163.0,0.0,True,False
288,4 4 18,48,16.0,3,1.25,False,75500,1.4722222222222223,0,0,196,60,32,0,0,0,32,6,28,3.5,168.0,0.0,True,False
288,4 4 18,48,16.0,3,1.25,False,76000,1.4444444444444444,0,0,207,51,29,1,0,0,30,10,16,3.6666666666666665,176.0,0.0,True,False
288,4 4 18,48,16.0,3,1.25,False,76500,1.4131944444444444,0,0,204,53,30,1,0,0,31,9,16,3.8541666666666665,185.0,0.0,True,False
288,4 4 18,48,16.0,3,1.25,False,77000,1.4791666666666667,0,0,180,66,40,2,0,0,42,10,18,3.4583333333333335,166.0,0.0,True,False
288,4 4 18,48,16.0,3,1.25,False,77500,1.5034722222222223,0,4,178,69,36,1,0,0,37,8,30,3.3125,159.0,0.0,True,False
288,4 4 18,48,16.0,3,1.25,False,78000,1.5208333333333333,0,0,177,66,41,4,0,0,45,12,26,3.2083333333333335,154.0,0.0,True,False
288,4 4 18,48,16.0,3,1.25,False,78500,1.4791666666666667,0,0,182,64,38,4,0,0,42,13,20,3.4583333333333335,166.0,0.0,True,False
288,4 4 18,48,16.0,3,1.25,False,79000,1.5277777777777777,0,0,196,59,30,3,0,0,33,11,21,3.1666666666666665,152.0,0.0,True,False
288,4 4 18,48,16.0,3,1.25,False,79500,1.5069444444444444,0,0,186,60,42,0,0,0,42,11,18,3.2916666666666665,158.0,0.0,True,False
288,4 4 18,48,16.0,3,1.25,False,80000,1.3472222222222223,0,0,200,56,32,0,0,0,32,11,18,4.25,204.0,0.0,True,False
288,4 4 18,48,16.0,3,1.25,False,80500,1.3263888888888888,0,0,204,52,32,0,0,0,32,7,20,4.375,210.0,0.0,True,False
288,4 4 18,48,16.0,3,1.25,False,81000,1.3819444444444444,0,0,188,60,40,0,0,0,40,9,22,4.041666666666667,194.0,0.0,True,False
288,4 4 18,48,16.0,3,1.25,False,81500,1.4513888888888888,0,8,172,68,40,0,0,0,40,10,26,3.625,174.0,0.0,True,False
288,4 4 18,48,16.0,3,1.25,False,82000,1.4305555555555556,0,2,180,74,32,0,0,0,32,9,34,3.75,180.0,0.0,True,False
288,4 4 18,48,16.0,3,1.25,False,82500,1.4513888888888888,0,0,182,72,34,0,0,0,34,12,30,3.625,174.0,0.0,True,False
288,4 4 18,48,16.0,3,1.25,False,83000,1.4097222222222223,0,0,186,72,30,0,0,0,30,9,38,3.875,186.0,0.0,True,False
288,4 4 18,48,16.0,3,1.25,False,83500,1.4027777777777777,0,0,188,76,24,0,0,0,24,6,48,3.9166666666666665,188.0,0.0,True,False
288,4 4 18,48,16.0,3,1.25,False,84000,1.4166666666666667,0,0,180,76,32,0,0,0,32,10,40,3.8333333333333335,184.0,0.0,True,False
288,4 4 18,48,16.0,3,1.25,False,84500,1.4583333333333333,0,0,192,64,32,0,0,0,32,6,36,3.5833333333333335,172.0,0.0,True,False
288,4 4 18,48,16.0,3,1.25,False,85000,1.4097222222222223,0,4,201,52,29,2,0,0,31,7,22,3.875,186.0,0.0,True,False
288,4 4 18,48,16.0,3,1.25,False,85500,1.4479166666666667,0,0,206,51,29,1,1,0,31,13,16,3.6458333333333335,175.0,0.0,True,False
288,4 4 18,48,16.0,3,1.25,False,86000,1.5,0,0,203,55,29,1,0,0,30,8,27,3.3333333333333335,160.0,0.0,True,False
288,4 4 18,48,16.0,3,1.25,False,86500,1.4375,0,0,212,49,26,1,0,0,27,8,21,3.7083333333333335,178.0,0.0,True,False
288,4 4 18,48,16.0,3,1.25,False,87000,1.5034722222222223,0,1,207,59,21,0,0,0,21,8,30,3.3125,159.0,0.0,True,False
288,4 4 18,48,16.0,3,1.25,False,87500,1.4965277777777777,0,1,204,57,22,4,0,0,26,10,22,3.3541666666666665,161.0,0.0,True,False
288,4 4 18,48,16.0,3,1.25,False,88000,1.4965277777777777,0,1,204,57,22,4,0,0,26,10,22,3.3541666666666665,161.0,0.0,True,False
288,4 4 18,48,16.0,3,1.25,False,88500,1.5381944444444444,0,1,202,52,31,1,1,0,33,11,18,3.1041666666666665,149.0,0.0,True,False
288,4 4 18,48,16.0,3,1.25,False,89000,1.5798611111111112,0,1,196,55,34,2,0,0,36,11,24,2.8541666666666665,137.0,0.0,True,False
288,4 4 18,48,16.0,3,1.25,False,89500,1.5381944444444444,0,4,207,51,25,1,0,0,26,7,26,3.1041666666666665,149.0,0.0,True,False
288,4 4 18,48,16.0,3,1.25,False,90000,1.6006944444444444,0,1,195,55,34,2,1,0,37,11,24,2.7291666666666665,131.0,0.0,True,False
288,4 4 18,48,16.0,3,1.25,False,90500,1.5972222222222223,0,5,174,67,40,2,0,0,42,12,26,2.75,132.0,0.0,True,False
288,4 4 18,48,16.0,3,1.25,False,91000,1.6354166666666667,0,2,177,67,40,1,1,0,42,10,30,2.5208333333333335,121.0,0.0,True,False
288,4 4 18,48,16.0,3,1.25,False,91500,1.5416666666666667,0,1,184,63,39,0,1,0,40,10,28,3.0833333333333335,148.0,0.0,True,False
288,4 4 18,48,16.0,3,1.25,False,92000,1.5416666666666667,0,1,184,63,39,0,1,0,40,10,28,3.0833333333333335,148.0,0.0,True,False
288,4 4 18,48,16.0,3,1.25,False,92500,1.65625,0,5,173,79,31,0,0,0,31,9,45,2.3958333333333335,115.0,0.0,True,False
288,4 4 18,48,16.0,3,1.25,False,93000,1.5104166666666667,0,5,178,77,28,0,0,0,28,11,41,3.2708333333333335,157.0,0.0,True,False
288,4 4 18,48,16.0,3,1.25,False,93500,1.4895833333333333,0,3,179,66,39,1,0,0,40,6,30,3.3958333333333335,163.0,0.0,True,False
288,4 4 18,48,16.0,3,1.25,False,94000,1.4652777777777777,0,8,184,68,28,0,0,0,28,9,26,3.5416666666666665,170.0,0.0,True,False
288,4 4 18,48,16.0,3,1.25,False,94500,1.4375,0,8,192,64,24,0,0,0,24,5,32,3.7083333333333335,178.0,0.0,True,False
288,4 4 18,48,16.0,3,1.25,False,95000,1.4583333333333333,0,4,186,64,34,0,0,0,34,6,26,3.5833333333333335,172.0,0.0,True,False
288,4 4 18,48,16.0,3,1.25,False,95500,1.3958333333333333,0,0,202,56,30,0,0,0,30,10,20,3.9583333333333335,190.0,0.0,True,False
288,4 4 18,48,16.0,3,1.25,False,96000,1.3263888888888888,0,0,204,52,32,0,0,0,32,9,20,4.375,210.0,0.0,True,False
288,4 4 18,48,16.0,3,1.25,False,96500,1.4166666666666667,0,0,188,60,40,0,0,0,40,11,20,3.8333333333333335,184.0,0.0,True,False
288,4 4 18,48,16.0,3,1.25,False,97000,1.3159722222222223,0,0,214,44,30,0,0,0,30,8,16,4.4375,213.0,0.0,True,False
288,4 4 18,48,16.0,3,1.25,False,97500,1.375,0,0,192,60,36,0,0,0,36,11,22,4.083333333333333,196.0,0.0,True,False
288,4 4 18,48,16.0,3,1.25,False,98000,1.375,0,0,192,60,36,0,0,0,36,12,22,4.083333333333333,196.0,0.0,True,False
288,4 4 18,48,16.0,3,1.25,False,98500,1.4513888888888888,0,0,172,72,44,0,0,0,44,13,22,3.625,174.0,0.0,True,False
288,4 4 18,48,16.0,3,1.25,False,99000,1.375,0,0,206,52,30,0,0,0,30,7,22,4.083333333333333,196.0,0.0,True,False
288,4 4 18,48,16.0,3,1.25,False,99500,1.4513888888888888,0,0,186,64,38,0,0,0,38,12,22,3.625,174.0,0.0,True,False
288,4 4 18,48,16.0,3,1.25,False,100000,1.3402777777777777,0,0,208,48,32,0,0,0,32,10,18,4.291666666666667,206.0,0.0,True,False
288,4 4 18,48,16.0,3,1.25,False,100500,1.3402777777777777,0,4,200,52,32,0,0,0,32,8,20,4.291666666666667,206.0,0.0,True,False
288,4 4 18,48,16.0,3,1.25,False,101000,1.3055555555555556,0,0,208,48,32,0,0,0,32,8,20,4.5,216.0,0.0,True,False
288,4 4 18,48,16.0,3,1.25,False,101500,1.3576388888888888,0,0,210,44,34,0,0,0,34,8,16,4.1875,201.0,0.0,True,False
288,4 4 18,48,16.0,3,1.25,False,102000,1.3854166666666667,0,0,202,48,38,0,0,0,38,8,16,4.020833333333333,193.0,0.0,True,False
288,4 4 18,48,16.0,3,1.25,False,102500,1.3194444444444444,0,4,214,48,22,0,0,0,22,6,24,4.416666666666667,212.0,0.0,True,False
288,4 4 18,48,16.0,3,1.25,False,103000,1.3472222222222223,0,4,206,52,26,0,0,0,26,6,28,4.25,204.0,0.0,True,False
288,4 4 18,48,16.0,3,1.25,False,103500,1.3645833333333333,0,4,206,52,26,0,0,0,26,5,30,4.145833333333333,199.0,0.0,True,False
288,4 4 18,48,16.0,3,1.25,False,104000,1.3854166666666667,0,0,198,56,34,0,0,0,34,7,28,4.020833333333333,193.0,0.0,True,False
288,4 4 18,48,16.0,3,1.25,False,104500,1.3055555555555556,0,0,208,48,32,0,0,0,32,7,20,4.5,216.0,0.0,True,False
288,4 4 18,48,16.0,3,1.25,False,105000,1.3402777777777777,0,4,200,52,32,0,0,0,32,8,20,4.291666666666667,206.0,0.0,True,False
288,4 4 18,48,16.0,3,1.25,False,105500,1.3333333333333333,0,0,200,52,36,0,0,0,36,7,26,4.333333333333333,208.0,0.0,True,False
288,4 4 18,48,16.0,3,1.25,False,106000,1.3541666666666667,0,0,196,56,36,0,0,0,36,12,20,4.208333333333333,202.0,0.0,True,False
288,4 4 18,48,16.0,3,1.25,False,106500,1.4583333333333333,0,0,168,72,48,0,0,0,48,9,38,3.5833333333333335,172.0,0.0,True,False
288,4 4 18,48,16.0,3,1.25,False,107000,1.3819444444444444,0,0,188,60,40,0,0,0,40,10,24,4.041666666666667,194.0,0.0,True,False
288,4 4 18,48,16.0,3,1.25,False,107500,1.3819444444444444,0,0,188,60,40,0,0,0,40,10,24,4.041666666666667,194.0,0.0,True,False
288,4 4 18,48,16.0,3,1.25,False,108000,1.4236111111111112,0,4,186,64,34,0,0,0,34,8,26,3.7916666666666665,182.0,0.0,True,False
288,4 4 18,48,16.0,3,1.25,False,108500,1.4791666666666667,0,4,170,72,42,0,0,0,42,11,28,3.4583333333333335,166.0,0.0,True,False
288,4 4 18,48,16.0,3,1.25,False,109000,1.46875,0,4,178,68,38,0,0,0,38,9,24,3.5208333333333335,169.0,0.0,True,False
288,4 4 18,48,16.0,3,1.25,False,109500,1.4270833333333333,0,0,190,64,34,0,0,0,34,10,32,3.7708333333333335,181.0,0.0,True,False
288,4 4 18,48,16.0,3,1.25,False,110000,1.375,0,0,192,60,36,0,0,0,36,8,22,4.083333333333333,196.0,0.0,True,False
288,4 4 18,48,16.0,3,1.25,False,110500,1.3958333333333333,0,0,188,64,36,0,0,0,36,13,20,3.9583333333333335,190.0,0.0,True,False
288,4 4 18,48,16.0,3,1.25,False,111000,1.3472222222222223,0,0,200,56,32,0,0,0,32,11,16,4.25,204.0,0.0,True,False
288,4 4 18,48,16.0,3,1.25,False,111500,1.2986111111111112,0,0,212,48,28,0,0,0,28,10,16,4.541666666666667,218.0,0.0,True,False
288,4 4 18,48,16.0,3,1.25,False,112000,1.3680555555555556,0,0,210,52,26,0,0,0,26,10,20,4.125,198.0,0.0,True,False
288,4 4 18,48,16.0,3,1.25,False,112500,1.4444444444444444,0,4,188,56,40,0,0,0,40,10,18,3.6666666666666665,176.0,0.0,True,False
288,4 4 18,48,16.0,3,1.25,False,113000,1.5277777777777777,0,0,172,64,52,0,0,0,52,9,20,3.1666666666666665,152.0,0.0,True,False
288,4 4 18,48,16.0,3,1.25,False,113500,1.4305555555555556,0,0,176,68,44,0,0,0,44,9,24,3.75,180.0,0.0,True,False
288,4 4 18,48,16.0,3,1.25,False,114000,1.5173611111111112,0,0,178,64,46,0,0,0,46,14,22,3.2291666666666665,155.0,0.0,True,False
288,4 4 18,48,16.0,3,1.25,False,114500,1.3923611111111112,0,0,194,56,38,0,0,0,38,13,18,3.9791666666666665,191.0,0.0,True,False
288,4 4 18,48,16.0,3,1.25,False,115000,1.4548611111111112,0,0,182,68,38,0,0,0,38,13,18,3.6041666666666665,173.0,0.0,True,False
288,4 4 18,48,16.0,3,1.25,False,115500,1.4548611111111112,0,0,182,68,38,0,0,0,38,11,18,3.6041666666666665,173.0,0.0,True,False
288,4 4 18,48,16.0,3,1.25,False,116000,1.4409722222222223,0,0,182,64,42,0,0,0,42,13,18,3.6875,177.0,0.0,True,False
288,4 4 18,48,16.0,3,1.25,False,116500,1.5347222222222223,0,0,180,60,48,0,0,0,48,14,18,3.125,150.0,0.0,True,False
288,4 4 18,48,16.0,3,1.25,False,117000,1.2777777777777777,0,0,216,44,28,0,0,0,28,7,18,4.666666666666667,224.0,0.0,True,False
288,4 4 18,48,16.0,3,1.25,False,117500,1.4895833333333333,0,0,183,66,39,0,0,0,39,13,24,3.3958333333333335,163.0,0.0,True,False
288,4 4 18,48,16.0,3,1.25,False,118000,1.4236111111111112,0,0,200,48,40,0,0,0,40,12,16,3.7916666666666665,182.0,0.0,True,False
288,4 4 18,48,16.0,3,1.25,False,118500,1.4722222222222223,0,0,188,56,44,0,0,0,44,15,16,3.5,168.0,0.0,True,False
288,4 4 18,48,16.0,3,1.25,False,119000,1.3993055555555556,0,0,202,52,34,0,0,0,34,6,20,3.9375,189.0,0.0,True,False
288,4 4 18,48,16.0,3,1.25,False,119500,1.40625,0,0,194,60,34,0,0,0,34,8,22,3.8958333333333335,187.0,0.0,True,False
288,4 4 18,48,16.0,3,1.25,False,120000,1.4479166666666667,0,8,186,64,30,0,0,0,30,5,28,3.6458333333333335,175.0,0.0,True,False
288,4 4 18,48,16.0,3,1.25,False,120500,1.4166666666666667,0,4,180,64,40,0,0,0,40,6,30,3.8333333333333335,184.0,0.0,True,False
288,4 4 18,48,16.0,3,1.25,False,121000,1.3958333333333333,0,4,184,60,40,0,0,0,40,6,26,3.9583333333333335,190.0,0.0,True,False
288,4 4 18,48,16.0,3,1.25,False,121500,1.3854166666666667,0,0,198,56,34,0,0,0,34,7,18,4.020833333333333,193.0,0.0,True,False
288,4 4 18,48,16.0,3,1.25,False,122000,1.4027777777777777,0,0,184,64,40,0,0,0,40,10,24,3.9166666666666665,188.0,0.0,True,False
288,4 4 18,48,16.0,3,1.25,False,122500,1.3263888888888888,0,0,204,52,32,0,0,0,32,11,18,4.375,210.0,0.0,True,False
288,4 4 18,48,16.0,3,1.25,False,123000,1.4722222222222223,0,0,180,72,36,0,0,0,36,9,26,3.5,168.0,0.0,True,False
288,4 4 18,48,16.0,3,1.25,False,123500,1.4305555555555556,0,0,176,68,44,0,0,0,44,12,26,3.75,180.0,0.0,True,False
288,4 4 18,48,16.0,3,1.25,False,124000,1.3645833333333333,0,0,202,52,34,0,0,0,34,12,16,4.145833333333333,199.0,0.0,True,False
288,4 4 18,48,16.0,3,1.25,False,124500,1.3472222222222223,0,0,200,56,32,0,0,0,32,10,18,4.25,204.0,0.0,True,False
288,4 4 18,48,16.0,3,1.25,False,125000,1.2986111111111112,0,0,212,48,28,0,0,0,28,10,16,4.541666666666667,218.0,0.0,True,False
288,4 4 18,48,16.0,3,1.25,False,125500,1.3472222222222223,0,0,200,56,32,0,0,0,32,9,22,4.25,204.0,0.0,True,False
288,4 4 18,48,16.0,3,1.25,False,126000,1.3993055555555556,0,0,198,60,30,0,0,0,30,5,36,3.9375,189.0,0.0,True,False
288,4 4 18,48,16.0,3,1.25,False,126500,1.3645833333333333,0,0,202,52,34,0,0,0,34,8,22,4.145833333333333,199.0,0.0,True,False
288,4 4 18,48,16.0,3,1.25,False,127000,1.4305555555555556,0,0,192,56,40,0,0,0,40,7,20,3.75,180.0,0.0,True,False
288,4 4 18,48,16.0,3,1.25,False,127500,1.4409722222222223,0,4,186,64,34,0,0,0,34,11,18,3.6875,177.0,0.0,True,False
288,4 4 18,48,16.0,3,1.25,False,128000,1.5034722222222223,0,6,192,54,36,0,0,0,36,10,20,3.3125,159.0,0.0,True,False
288,4 4 18,48,16.0,3,1.25,False,128500,1.46875,0,4,178,68,38,0,0,0,38,5,28,3.5208333333333335,169.0,0.0,True,False
288,4 4 18,48,16.0,3,1.25,False,129000,1.40625,0,0,194,60,34,0,0,0,34,6,26,3.8958333333333335,187.0,0.0,True,False
288,4 4 18,48,16.0,3,1.25,False,129500,1.5625,0,0,183,64,40,0,1,0,41,16,20,2.9583333333333335,142.0,0.0,True,False
288,4 4 18,48,16.0,3,1.25,False,130000,1.5034722222222223,0,4,195,56,31,2,0,0,33,9,22,3.3125,159.0,0.0,True,False
288,4 4 18,48,16.0,3,1.25,False,130500,1.5,0,0,189,64,33,2,0,0,35,5,27,3.3333333333333335,160.0,0.0,True,False
288,4 4 18,48,16.0,3,1.25,False,131000,1.5034722222222223,0,0,191,56,39,2,0,0,41,7,22,3.3125,159.0,0.0,True,False
288,4 4 18,48,16.0,3,1.25,False,131500,1.4375,0,0,192,68,28,0,0,0,28,12,24,3.7083333333333335,178.0,0.0,True,False
288,4 4 18,48,16.0,3,1.25,False,132000,1.3402777777777777,0,0,216,52,20,0,0,0,20,7,24,4.291666666666667,206.0,0.0,True,False
288,4 4 18,48,16.0,3,1.25,False,132500,1.4166666666666667,0,0,200,56,32,0,0,0,32,15,18,3.8333333333333335,184.0,0.0,True,False
288,4 4 18,48,16.0,3,1.25,False,133000,1.3611111111111112,0,0,212,56,20,0,0,0,20,7,26,4.166666666666667,200.0,0.0,True,False
288,4 4 18,48,16.0,3,1.25,False,133500,1.4756944444444444,0,0,190,68,30,0,0,0,30,11,22,3.4791666666666665,167.0,0.0,True,False
288,4 4 18,48,16.0,3,1.25,False,134000,1.4722222222222223,0,0,194,64,30,0,0,0,30,11,26,3.5,168.0,0.0,True,False
288,4 4 18,48,16.0,3,1.25,False,134500,1.3958333333333333,0,0,204,52,32,0,0,0,32,10,18,3.9583333333333335,190.0,0.0,True,False
288,4 4 18,48,16.0,3,1.25,False,135000,1.4930555555555556,0,0,204,61,22,1,0,0,23,11,24,3.375,162.0,0.0,True,False
288,4 4 18,48,16.0,3,1.25,False,135500,1.4791666666666667,0,0,208,49,30,1,0,0,31,12,20,3.4583333333333335,166.0,0.0,True,False
288,4 4 18,48,16.0,3,1.25,False,136000,1.3125,0,0,224,48,16,0,0,0,16,6,24,4.458333333333333,214.0,0.0,True,False
288,4 4 18,48,16.0,3,1.25,False,136500,1.3125,0,0,224,48,16,0,0,0,16,6,24,4.458333333333333,214.0,0.0,True,False
288,4 4 18,48,16.0,3,1.25,False,137000,1.4270833333333333,0,0,215,54,19,0,0,0,19,7,25,3.7708333333333335,181.0,0.0,True,False
288,4 4 18,48,16.0,3,1.25,False,137500,1.3194444444444444,0,0,224,40,24,0,0,0,24,10,16,4.416666666666667,212.0,0.0,True,False
288,4 4 18,48,16.0,3,1.25,False,138000,1.4340277777777777,0,0,215,46,27,0,0,0,27,11,22,3.7291666666666665,179.0,0.0,True,False
288,4 4 18,48,16.0,3,1.25,False,138500,1.4965277777777777,0,0,194,56,38,0,0,0,38,15,21,3.3541666666666665,161.0,0.0,True,False
288,4 4 18,48,16.0,3,1.25,False,139000,1.4409722222222223,0,0,210,49,28,1,0,0,29,8,20,3.6875,177.0,0.0,True,False
288,4 4 18,48,16.0,3,1.25,False,139500,1.4618055555555556,0,0,206,53,28,1,0,0,29,12,17,3.5625,171.0,0.0,True,False
288,4 4 18,48,16.0,3,1.25,False,140000,1.4131944444444444,0,0,218,45,24,1,0,0,25,8,17,3.8541666666666665,185.0,0.0,True,False
288,4 4 18,48,16.0,3,1.25,False,140500,1.4409722222222223,0,0,210,49,28,1,0,0,29,9,18,3.6875,177.0,0.0,True,False
288,4 4 18,48,16.0,3,1.25,False,141000,1.4131944444444444,0,0,218,45,24,1,0,0,25,8,17,3.8541666666666665,185.0,0.0,True,False
288,4 4 18,48,16.0,3,1.25,False,141500,1.3854166666666667,0,0,214,44,30,0,0,0,30,12,14,4.020833333333333,193.0,0.0,True,False
288,4 4 18,48,16.0,3,1.25,False,142000,1.4618055555555556,0,0,194,56,38,0,0,0,38,16,14,3.5625,171.0,0.0,True,False
288,4 4 18,48,16.0,3,1.25,False,142500,1.40625,0,0,206,56,26,0,0,0,26,9,24,3.8958333333333335,187.0,0.0,True,False
288,4 4 18,48,16.0,3,1.25,False,143000,1.3680555555555556,0,0,212,48,28,0,0,0,28,13,16,4.125,198.0,0.0,True,False
288,4 4 18,48,16.0,3,1.25,False,143500,1.4236111111111112,0,0,196,56,36,0,0,0,36,14,20,3.7916666666666665,182.0,0.0,True,False
288,4 4 18,48,16.0,3,1.25,False,144000,1.4236111111111112,0,0,196,56,36,0,0,0,36,12,20,3.7916666666666665,182.0,0.0,True,False
288,4 4 18,48,16.0,3,1.25,False,144500,1.3472222222222223,0,0,216,44,28,0,0,0,28,9,16,4.25,204.0,0.0,True,False
288,4 4 18,48,16.0,3,1.25,False,145000,1.4166666666666667,0,0,214,48,26,0,0,0,26,9,20,3.8333333333333335,184.0,0.0,True,False
288,4 4 18,48,16.0,3,1.25,False,145500,1.4236111111111112,0,0,196,56,36,0,0,0,36,13,20,3.7916666666666665,182.0,0.0,True,False
288,4 4 18,48,16.0,3,1.25,False,146000,1.4236111111111112,0,0,196,56,36,0,0,0,36,14,22,3.7916666666666665,182.0,0.0,True,False
288,4 4 18,48,16.0,3,1.25,False,146500,1.4861111111111112,0,4,180,64,40,0,0,0,40,12,28,3.4166666666666665,164.0,0.0,True,False
288,4 4 18,48,16.0,3,1.25,False,147000,1.4131944444444444,0,4,200,68,16,0,0,0,16,6,36,3.8541666666666665,185.0,0.0,True,False
288,4 4 18,48,16.0,3,1.25,False,147500,1.40625,0,4,208,60,16,0,0,0,16,6,28,3.8958333333333335,187.0,0.0,True,False
288,4 4 18,48,16.0,3,1.25,False,148000,1.3715277777777777,0,0,202,64,22,0,0,0,22,7,38,4.104166666666667,197.0,0.0,True,False
288,4 4 18,48,16.0,3,1.25,False,148500,1.4791666666666667,0,0,174,76,38,0,0,0,38,11,34,3.4583333333333335,166.0,0.0,True,False
288,4 4 18,48,16.0,3,1.25,False,149000,1.3958333333333333,0,0,180,80,28,0,0,0,28,9,44,3.9583333333333335,190.0,0.0,True,False
288,4 4 18,48,16.0,3,1.25,False,149500,1.3888888888888888,0,0,188,72,28,0,0,0,28,8,38,4.0,192.0,0.0,True,False
288,4 4 18,48,16.0,3,1.25,False,150000,1.3888888888888888,0,0,188,72,28,0,0,0,28,8,38,4.0,192.0,0.0,True,False
288,4 4 18,48,16.0,3,1.25,False,150500,1.4166666666666667,0,0,176,84,28,0,0,0,28,9,46,3.8333333333333335,184.0,0.0,True,False
288,4 4 18,48,16.0,3,1.25,False,151000,1.4236111111111112,0,0,172,84,32,0,0,0,32,8,42,3.7916666666666665,182.0,0.0,True,False
288,4 4 18,48,16.0,3,1.25,False,151500,1.4409722222222223,0,0,174,80,34,0,0,0,34,10,42,3.6875,177.0,0.0,True,False
288,4 4 18,48,16.0,3,1.25,False,152000,1.4027777777777777,0,4,180,80,24,0,0,0,24,8,42,3.9166666666666665,188.0,0.0,True,False
288,4 4 18,48,16.0,3,1.25,False,152500,1.4513888888888888,0,0,182,72,34,0,0,0,34,8,32,3.625,174.0,0.0,True,False
288,4 4 18,48,16.0,3,1.25,False,153000,1.4409722222222223,0,0,186,76,26,0,0,0,26,9,40,3.6875,177.0,0.0,True,False
288,4 4 18,48,16.0,3,1.25,False,153500,1.3923611111111112,0,0,198,68,22,0,0,0,22,7,36,3.9791666666666665,191.0,0.0,True,False
288,4 4 18,48,16.0,3,1.25,False,154000,1.4305555555555556,0,0,192,56,40,0,0,0,40,10,18,3.75,180.0,0.0,True,False
288,4 4 18,48,16.0,3,1.25,False,154500,1.3784722222222223,0,0,202,56,30,0,0,0,30,8,18,4.0625,195.0,0.0,True,False
288,4 4 18,48,16.0,3,1.25,False,155000,1.3819444444444444,0,0,204,48,36,0,0,0,36,11,16,4.041666666666667,194.0,0.0,True,False
288,4 4 18,48,16.0,3,1.25,False,155500,1.25,0,0,224,40,24,0,0,0,24,6,16,4.833333333333333,232.0,0.0,True,False
288,4 4 18,48,16.0,3,1.25,False,156000,1.375,0,0,192,60,36,0,0,0,36,10,24,4.083333333333333,196.0,0.0,True,False
288,4 4 18,48,16.0,3,1.25,False,156500,1.3541666666666667,0,0,196,56,36,0,0,0,36,8,18,4.208333333333333,202.0,0.0,True,False
288,4 4 18,48,16.0,3,1.25,False,157000,1.3541666666666667,0,0,196,56,36,0,0,0,36,8,18,4.208333333333333,202.0,0.0,True,False
288,4 4 18,48,16.0,3,1.25,False,157500,1.4027777777777777,0,0,184,64,40,0,0,0,40,9,24,3.9166666666666665,188.0,0.0,True,False
288,4 4 18,48,16.0,3,1.25,False,158000,1.4097222222222223,0,0,196,52,40,0,0,0,40,11,18,3.875,186.0,0.0,True,False
288,4 4 18,48,16.0,3,1.25,False,158500,1.4756944444444444,0,0,186,56,46,0,0,0,46,11,22,3.4791666666666665,167.0,0.0,True,False
288,4 4 18,48,16.0,3,1.25,False,159000,1.3263888888888888,0,0,204,52,32,0,0,0,32,8,22,4.375,210.0,0.0,True,False
288,4 4 18,48,16.0,3,1.25,False,159500,1.3263888888888888,0,0,204,52,32,0,0,0,32,5,28,4.375,210.0,0.0,True,False
288,4 4 18,48,16.0,3,1.25,False,160000,1.3263888888888888,0,0,204,52,32,0,0,0,32,5,28,4.375,210.0,0.0,True,False
288,4 4 18,48,16.0,3,1.25,False,160500,1.375,0,0,192,60,36,0,0,0,36,9,28,4.083333333333333,196.0,0.0,True,False
288,4 4 18,48,16.0,3,1.25,False,161000,1.375,0,0,192,60,36,0,0,0,36,11,18,4.083333333333333,196.0,0.0,True,False
288,4 4 18,48,16.0,3,1.25,False,161500,1.3472222222222223,0,0,200,56,32,0,0,0,32,13,18,4.25,204.0,0.0,True,False
288,4 4 18,48,16.0,3,1.25,False,162000,1.3611111111111112,0,0,192,56,40,0,0,0,40,9,20,4.166666666666667,200.0,0.0,True,False
288,4 4 18,48,16.0,3,1.25,False,162500,1.2986111111111112,0,0,212,48,28,0,0,0,28,10,16,4.541666666666667,218.0,0.0,True,False
288,4 4 18,48,16.0,3,1.25,False,163000,1.2847222222222223,0,4,216,44,24,0,0,0,24,6,20,4.625,222.0,0.0,True,False
288,4 4 18,48,16.0,3,1.25,False,163500,1.3680555555555556,0,0,200,52,36,0,0,0,36,9,20,4.125,198.0,0.0,True,False
288,4 4 18,48,16.0,3,1.25,False,164000,1.2777777777777777,0,0,216,44,28,0,0,0,28,6,20,4.666666666666667,224.0,0.0,True,False
288,4 4 18,48,16.0,3,1.25,False,164500,1.2986111111111112,0,0,212,48,28,0,0,0,28,8,18,4.541666666666667,218.0,0.0,True,False
288,4 4 18,48,16.0,3,1.25,False,165000,1.25,0,0,224,40,24,0,0,0,24,6,16,4.833333333333333,232.0,0.0,True,False
288,4 4 18,48,16.0,3,1.25,False,165500,1.3923611111111112,0,2,204,50,32,0,0,0,32,10,18,3.9791666666666665,191.0,0.0,True,False
288,4 4 18,48,16.0,3,1.25,False,166000,1.2847222222222223,0,4,216,44,24,0,0,0,24,6,20,4.625,222.0,0.0,True,False
288,4 4 18,48,16.0,3,1.25,False,166500,1.375,0,0,192,60,36,0,0,0,36,10,24,4.083333333333333,196.0,0.0,True,False
288,4 4 18,48,16.0,3,1.25,False,167000,1.3263888888888888,0,0,204,52,32,0,0,0,32,8,22,4.375,210.0,0.0,True,False
288,4 4 18,48,16.0,3,1.25,False,167500,1.3541666666666667,0,0,196,56,36,0,0,0,36,8,22,4.208333333333333,202.0,0.0,True,False
288,4 4 18,48,16.0,3,1.25,False,168000,1.4166666666666667,0,0,176,84,28,0,0,0,28,10,46,3.8333333333333335,184.0,0.0,True,False
288,4 4 18,48,16.0,3,1.25,False,168500,1.4305555555555556,0,0,194,72,22,0,0,0,22,9,36,3.75,180.0,0.0,True,False
288,4 4 18,48,16.0,3,1.25,False,169000,1.4861111111111112,0,0,174,88,26,0,0,0,26,13,44,3.4166666666666665,164.0,0.0,True,False
288,4 4 18,48,16.0,3,1.25,False,169500,1.4722222222222223,0,0,170,92,26,0,0,0,26,10,52,3.5,168.0,0.0,True,False
288,4 4 18,48,16.0,3,1.25,False,170000,1.4409722222222223,0,0,176,76,36,0,0,0,36,8,44,3.6875,177.0,0.0,True,False
288,4 4 18,48,16.0,3,1.25,False,170500,1.4166666666666667,0,0,180,76,32,0,0,0,32,10,36,3.8333333333333335,184.0,0.0,True,False
288,4 4 18,48,16.0,3,1.25,False,171000,1.3611111111111112,0,0,204,52,32,0,0,0,32,10,18,4.166666666666667,200.0,0.0,True,False
288,4 4 18,48,16.0,3,1.25,False,171500,1.34375,0,0,206,48,34,0,0,0,34,8,18,4.270833333333333,205.0,0.0,True,False
288,4 4 18,48,16.0,3,1.25,False,172000,1.3611111111111112,0,0,200,60,28,0,0,0,28,6,34,4.166666666666667,200.0,0.0,True,False
288,4 4 18,48,16.0,3,1.25,False,172500,1.3541666666666667,0,0,196,56,36,0,0,0,36,9,20,4.208333333333333,202.0,0.0,True,False
288,4 4 18,48,16.0,3,1.25,False,173000,1.3541666666666667,0,0,196,56,36,0,0,0,36,9,24,4.208333333333333,202.0,0.0,True,False
288,4 4 18,48,16.0,3,1.25,False,173500,1.4305555555555556,0,0,176,68,44,0,0,0,44,6,26,3.75,180.0,0.0,True,False
288,4 4 18,48,16.0,3,1.25,False,174000,1.3541666666666667,0,0,196,56,36,0,0,0,36,8,18,4.208333333333333,202.0,0.0,True,False
288,4 4 18,48,16.0,3,1.25,False,174500,1.4131944444444444,0,0,190,60,38,0,0,0,38,15,16,3.8541666666666665,185.0,0.0,True,False
288,4 4 18,48,16.0,3,1.25,False,175000,1.4756944444444444,0,0,182,64,42,0,0,0,42,12,20,3.4791666666666665,167.0,0.0,True,False
288,4 4 18,48,16.0,3,1.25,False,175500,1.3576388888888888,0,0,204,56,28,0,0,0,28,7,30,4.1875,201.0,0.0,True,False
288,4 4 18,48,16.0,3,1.25,False,176000,1.3576388888888888,0,0,204,56,28,0,0,0,28,7,30,4.1875,201.0,0.0,True,False
288,4 4 18,48,16.0,3,1.25,False,176500,1.3263888888888888,0,0,204,52,32,0,0,0,32,10,18,4.375,210.0,0.0,True,False
288,4 4 18,48,16.0,3,1.25,False,177000,1.4027777777777777,0,0,194,64,30,0,0,0,30,9,28,3.9166666666666665,188.0,0.0,True,False
288,4 4 18,48,16.0,3,1.25,False,177500,1.3888888888888888,0,0,192,64,32,0,0,0,32,11,20,4.0,192.0,0.0,True,False
288,4 4 18,48,16.0,3,1.25,False,178000,1.4027777777777777,0,0,184,64,40,0,0,0,40,8,26,3.9166666666666665,188.0,0.0,True,False
288,4 4 18,48,16.0,3,1.25,False,178500,1.3541666666666667,0,0,196,56,36,0,0,0,36,7,22,4.208333333333333,202.0,0.0,True,False
288,4 4 18,48,16.0,3,1.25,False,179000,1.4097222222222223,0,0,180,64,44,0,0,0,44,7,26,3.875,186.0,0.0,True,False
288,4 4 18,48,16.0,3,1.25,False,179500,1.3541666666666667,0,0,196,56,36,0,0,0,36,11,20,4.208333333333333,202.0,0.0,True,False
288,4 4 18,48,16.0,3,1.25,False,180000,1.3819444444444444,0,0,188,60,40,0,0,0,40,12,20,4.041666666666667,194.0,0.0,True,False
288,4 4 18,48,16.0,3,1.25,False,180500,1.4027777777777777,0,0,184,64,40,0,0,0,40,13,20,3.9166666666666665,188.0,0.0,True,False
288,4 4 18,48,16.0,3,1.25,False,181000,1.4166666666666667,0,0,184,68,36,0,0,0,36,8,30,3.8333333333333335,184.0,0.0,True,False
288,4 4 18,48,16.0,3,1.25,False,181500,1.5243055555555556,0,0,172,68,48,0,0,0,48,8,28,3.1875,153.0,0.0,True,False
288,4 4 18,48,16.0,3,1.25,False,182000,1.4479166666666667,0,0,192,56,40,0,0,0,40,6,26,3.6458333333333335,175.0,0.0,True,False
288,4 4 18,48,16.0,3,1.25,False,182500,1.4097222222222223,0,0,192,60,36,0,0,0,36,13,16,3.875,186.0,0.0,True,False
288,4 4 18,48,16.0,3,1.25,False,183000,1.3576388888888888,0,0,210,44,34,0,0,0,34,7,20,4.1875,201.0,0.0,True,False
288,4 4 18,48,16.0,3,1.25,False,183500,1.3888888888888888,0,0,192,64,32,0,0,0,32,6,36,4.0,192.0,0.0,True,False
288,4 4 18,48,16.0,3,1.25,False,184000,1.46875,0,0,182,72,34,0,0,0,34,7,44,3.5208333333333335,169.0,0.0,True,False
288,4 4 18,48,16.0,3,1.25,False,184500,1.4409722222222223,0,0,190,68,30,0,0,0,30,9,38,3.6875,177.0,0.0,True,False
288,4 4 18,48,16.0,3,1.25,False,185000,1.5277777777777777,0,0,182,64,42,0,0,0,42,10,20,3.1666666666666665,152.0,0.0,True,False
288,4 4 18,48,16.0,3,1.25,False,185500,1.4340277777777777,0,0,200,56,32,0,0,0,32,8,20,3.7291666666666665,179.0,0.0,True,False
288,4 4 18,48,16.0,3,1.25,False,186000,1.5347222222222223,0,0,174,72,42,0,0,0,42,11,22,3.125,150.0,0.0,True,False
288,4 4 18,48,16.0,3,1.25,False,186500,1.4861111111111112,0,0,182,72,34,0,0,0,34,10,34,3.4166666666666665,164.0,0.0,True,False
288,4 4 18,48,16.0,3,1.25,False,187000,1.5902777777777777,0,1,190,57,36,4,0,0,40,13,16,2.7916666666666665,134.0,0.0,True,False
288,4 4 18,48,16.0,3,1.25,False,187500,1.4201388888888888,0,0,216,45,23,3,1,0,27,8,17,3.8125,183.0,0.0,True,False
288,4 4 18,48,16.0,3,1.25,False,188000,1.5034722222222223,0,0,193,57,33,3,2,0,38,9,22,3.3125,159.0,0.0,True,False
288,4 4 18,48,16.0,3,1.25,False,188500,1.6006944444444444,0,1,180,66,37,3,1,0,41,11,26,2.7291666666666665,131.0,0.0,True,False
288,4 4 18,48,16.0,3,1.25,False,189000,1.5104166666666667,0,4,191,58,32,2,1,0,35,9,26,3.2708333333333335,157.0,0.0,True,False
288,4 4 18,48,16.0,3,1.25,False,189500,1.4965277777777777,0,0,196,54,36,2,0,0,38,10,22,3.3541666666666665,161.0,0.0,True,False
288,4 4 18,48,16.0,3,1.25,False,190000,1.4895833333333333,0,0,190,58,35,4,1,0,40,9,22,3.3958333333333335,163.0,0.0,True,False
288,4 4 18,48,16.0,3,1.25,False,190500,1.4583333333333333,0,0,184,64,36,4,0,0,40,9,32,3.5833333333333335,172.0,0.0,True,False
288,4 4 18,48,16.0,3,1.25,False,191000,1.4236111111111112,0,0,196,60,28,4,0,0,32,12,16,3.7916666666666665,182.0,0.0,True,False
288,4 4 18,48,16.0,3,1.25,False,191500,1.4236111111111112,0,0,196,60,28,4,0,0,32,10,18,3.7916666666666665,182.0,0.0,True,False
288,4 4 18,48,16.0,3,1.25,False,192000,1.4861111111111112,0,0,184,72,28,4,0,0,32,8,44,3.4166666666666665,164.0,0.0,True,False
288,4 4 18,48,16.0,3,1.25,False,192500,1.5173611111111112,0,0,190,61,36,1,0,0,37,10,22,3.2291666666666665,155.0,0.0,True,False
288,4 4 18,48,16.0,3,1.25,False,193000,1.6319444444444444,0,0,171,69,45,3,0,0,48,12,26,2.5416666666666665,122.0,0.0,True,False
288,4 4 18,48,16.0,3,1.25,False,193500,1.5347222222222223,0,0,178,65,44,1,0,0,45,13,20,3.125,150.0,0.0,True,False
288,4 4 18,48,16.0,3,1.25,False,194000,1.40625,0,0,198,52,38,0,0,0,38,12,18,3.8958333333333335,187.0,0.0,True,False
288,4 4 18,48,16.0,3,1.25,False,194500,1.5590277777777777,0,0,174,67,45,1,1,0,47,12,30,2.9791666666666665,143.0,0.0,True,False
288,4 4 18,48,16.0,3,1.25,False,195000,1.4409722222222223,0,0,197,56,34,0,1,0,35,7,27,3.6875,177.0,0.0,True,False
288,4 4 18,48,16.0,3,1.25,False,195500,1.4965277777777777,0,4,186,62,35,0,1,0,36,10,27,3.3541666666666665,161.0,0.0,True,False
288,4 4 18,48,16.0,3,1.25,False,196000,1.375,0,0,192,60,36,0,0,0,36,9,20,4.083333333333333,196.0,0.0,True,False
288,4 4 18,48,16.0,3,1.25,False,196500,1.5451388888888888,0,6,180,72,28,2,0,0,30,6,37,3.0625,147.0,0.0,True,False
288,4 4 18,48,16.0,3,1.25,False,197000,1.5034722222222223,0,0,172,72,44,0,0,0,44,9,30,3.3125,159.0,0.0,True,False
288,4 4 18,48,16.0,3,1.25,False,197500,1.4444444444444444,0,4,184,64,36,0,0,0,36,14,26,3.6666666666666665,176.0,0.0,True,False
288,4 4 18,48,16.0,3,1.25,False,198000,1.5381944444444444,0,3,180,68,36,1,0,0,37,8,32,3.1041666666666665,149.0,0.0,True,False
288,4 4 18,48,16.0,3,1.25,False,198500,1.4618055555555556,0,3,186,64,34,1,0,0,35,11,28,3.5625,171.0,0.0,True,False
288,4 4 18,48,16.0,3,1.25,False,199000,1.4861111111111112,0,2,180,70,36,0,0,0,36,12,30,3.4166666666666665,164.0,0.0,True,False
288,4 4 18,48,16.0,3,1.25,False,199500,1.5243055555555556,0,0,168,76,44,0,0,0,44,12,32,3.1875,153.0,0.0,True,False
288,4 4 18,48,16.0,3,1.25,False,200000,1.3611111111111112,0,0,204,52,32,0,0,0,32,13,16,4.166666666666667,200.0,0.0,True,False
288,4 4 18,48,16.0,3,1.25,False,200500,1.2986111111111112,0,0,212,48,28,0,0,0,28,7,18,4.541666666666667,218.0,0.0,True,False
288,4 4 18,48,16.0,3,1.25,False,201000,1.3472222222222223,0,0,200,56,32,0,0,0,32,11,18,4.25,204.0,0.0,True,False
288,4 4 18,48,16.0,3,1.25,False,201500,1.4305555555555556,0,0,176,68,44,0,0,0,44,10,20,3.75,180.0,0.0,True,False
288,4 4 18,48,16.0,3,1.25,False,202000,1.4027777777777777,0,0,184,64,40,0,0,0,40,9,20,3.9166666666666665,188.0,0.0,True,False
288,4 4 18,48,16.0,3,1.25,False,202500,1.3611111111111112,0,0,192,56,40,0,0,0,40,9,18,4.166666666666667,200.0,0.0,True,False
288,4 4 18,48,16.0,3,1.25,False,203000,1.4513888888888888,0,0,172,72,44,0,0,0,44,11,22,3.625,174.0,0.0,True,False
288,4 4 18,48,16.0,3,1.25,False,203500,1.3472222222222223,0,0,200,56,32,0,0,0,32,10,18,4.25,204.0,0.0,True,False
288,4 4 18,48,16.0,3,1.25,False,204000,1.4097222222222223,0,0,184,76,28,0,0,0,28,10,38,3.875,186.0,0.0,True,False
288,4 4 18,48,16.0,3,1.25,False,204500,1.4479166666666667,0,0,164,92,32,0,0,0,32,9,58,3.6458333333333335,175.0,0.0,True,False
288,4 4 18,48,16.0,3,1.25,False,205000,1.375,0,0,180,84,24,0,0,0,24,7,58,4.083333333333333,196.0,0.0,True,False
288,4 4 18,48,16.0,3,1.25,False,205500,1.4305555555555556,0,0,182,76,30,0,0,0,30,7,46,3.75,180.0,0.0,True,False
288,4 4 18,48,16.0,3,1.25,False,206000,1.5694444444444444,0,0,142,96,50,0,0,0,50,5,52,2.9166666666666665,140.0,0.0,True,False
288,4 4 18,48,16.0,3,1.25,False,206500,1.46875,0,0,168,80,40,0,0,0,40,10,40,3.5208333333333335,169.0,0.0,True,False
288,4 4 18,48,16.0,3,1.25,False,207000,1.2986111111111112,0,0,212,48,28,0,0,0,28,8,18,4.541666666666667,218.0,0.0,True,False
288,4 4 18,48,16.0,3,1.25,False,207500,1.4583333333333333,0,0,180,68,40,0,0,0,40,16,20,3.5833333333333335,172.0,0.0,True,False
288,4 4 18,48,16.0,3,1.25,False,208000,1.4236111111111112,0,0,180,68,40,0,0,0,40,10,22,3.7916666666666665,182.0,0.0,True,False
288,4 4 18,48,16.0,3,1.25,False,208500,1.4027777777777777,0,0,184,64,40,0,0,0,40,12,20,3.9166666666666665,188.0,0.0,True,False
288,4 4 18,48,16.0,3,1.25,False,209000,1.2986111111111112,0,0,212,48,28,0,0,0,28,10,16,4.541666666666667,218.0,0.0,True,False
288,4 4 18,48,16.0,3,1.25,False,209500,1.3958333333333333,0,0,188,64,36,0,0,0,36,10,20,3.9583333333333335,190.0,0.0,True,False
288,4 4 18,48,16.0,3,1.25,False,210000,1.3472222222222223,0,0,200,56,32,0,0,0,32,9,20,4.25,204.0,0.0,True,False
288,4 4 18,48,16.0,3,1.25,False,210500,1.3611111111111112,0,0,200,60,28,0,0,0,28,7,18,4.166666666666667,200.0,0.0,True,False
288,4 4 18,48,16.0,3,1.25,False,211000,1.3472222222222223,0,0,200,56,32,0,0,0,32,11,16,4.25,204.0,0.0,True,False
288,4 4 18,48,16.0,3,1.25,False,211500,1.3958333333333333,0,0,192,56,40,0,0,0,40,7,28,3.9583333333333335,190.0,0.0,True,False
288,4 4 18,48,16.0,3,1.25,False,212000,1.4965277777777777,0,4,188,56,40,0,0,0,40,14,16,3.3541666666666665,161.0,0.0,True,False
288,4 4 18,48,16.0,3,1.25,False,212500,1.5034722222222223,0,0,182,72,34,0,0,0,34,10,32,3.3125,159.0,0.0,True,False
288,4 4 18,48,16.0,3,1.25,False,213000,1.4340277777777777,0,0,204,68,16,0,0,0,16,8,40,3.7291666666666665,179.0,0.0,True,False
288,4 4 18,48,16.0,3,1.25,False,213500,1.3541666666666667,0,0,216,56,16,0,0,0,16,5,32,4.208333333333333,202.0,0.0,True,False
288,4 4 18,48,16.0,3,1.25,False,214000,1.4305555555555556,0,0,214,52,22,0,0,0,22,10,16,3.75,180.0,0.0,True,False
288,4 4 18,48,16.0,3,1.25,False,214500,1.3680555555555556,0,0,222,48,18,0,0,0,18,5,26,4.125,198.0,0.0,True,False
288,4 4 18,48,16.0,3,1.25,False,215000,1.4444444444444444,0,0,202,60,26,0,0,0,26,10,28,3.6666666666666665,176.0,0.0,True,False
288,4 4 18,48,16.0,3,1.25,False,215500,1.4722222222222223,0,0,172,68,48,0,0,0,48,11,24,3.5,168.0,0.0,True,False
288,4 4 18,48,16.0,3,1.25,False,216000,1.4479166666666667,0,0,191,59,37,1,0,0,38,7,32,3.6458333333333335,175.0,0.0,True,False
288,4 4 18,48,16.0,3,1.25,False,216500,1.2777777777777777,0,0,216,44,28,0,0,0,28,7,18,4.666666666666667,224.0,0.0,True,False
288,4 4 18,48,16.0,3,1.25,False,217000,1.5,0,0,176,68,44,0,0,0,44,12,30,3.3333333333333335,160.0,0.0,True,False
288,4 4 18,48,16.0,3,1.25,False,217500,1.4409722222222223,0,2,192,58,36,0,0,0,36,11,20,3.6875,177.0,0.0,True,False
288,4 4 18,48,16.0,3,1.25,False,218000,1.5381944444444444,0,1,183,69,33,2,0,0,35,10,50,3.1041666666666665,149.0,0.0,True,False
288,4 4 18,48,16.0,3,1.25,False,218500,1.4340277777777777,0,0,188,62,36,2,0,0,38,12,22,3.7291666666666665,179.0,0.0,True,False
288,4 4 18,48,16.0,3,1.25,False,219000,1.4236111111111112,0,0,196,60,28,4,0,0,32,15,16,3.7916666666666665,182.0,0.0,True,False
288,4 4 18,48,16.0,3,1.25,False,219500,1.4513888888888888,0,0,189,60,37,2,0,0,39,9,24,3.625,174.0,0.0,True,False
288,4 4 18,48,16.0,3,1.25,False,220000,1.5069444444444444,0,0,181,72,33,2,0,0,35,9,36,3.2916666666666665,158.0,0.0,True,False
288,4 4 18,48,16.0,3,1.25,False,220500,1.5069444444444444,0,0,180,72,36,0,0,0,36,11,20,3.2916666666666665,158.0,0.0,True,False
288,4 4 18,48,16.0,3,1.25,False,221000,1.3888888888888888,0,0,192,64,32,0,0,0,32,6,32,4.0,192.0,0.0,True,False
288,4 4 18,48,16.0,3,1.25,False,221500,1.5104166666666667,0,0,182,64,42,0,0,0,42,12,22,3.2708333333333335,157.0,0.0,True,False
288,4 4 18,48,16.0,3,1.25,False,222000,1.4131944444444444,0,0,184,72,32,0,0,0,32,8,40,3.8541666666666665,185.0,0.0,True,False
288,4 4 18,48,16.0,3,1.25,False,222500,1.4097222222222223,0,0,202,60,26,0,0,0,26,7,22,3.875,186.0,0.0,True,False
288,4 4 18,48,16.0,3,1.25,False,223000,1.4201388888888888,0,0,180,72,36,0,0,0,36,7,40,3.8125,183.0,0.0,True,False
288,4 4 18,48,16.0,3,1.25,False,223500,1.3541666666666667,0,0,196,56,36,0,0,0,36,8,24,4.208333333333333,202.0,0.0,True,False
288,4 4 18,48,16.0,3,1.25,False,224000,1.4791666666666667,0,0,193,59,35,1,0,0,36,11,24,3.4583333333333335,166.0,0.0,True,False
288,4 4 18,48,16.0,3,1.25,False,224500,1.4583333333333333,0,0,197,55,35,1,0,0,36,8,24,3.5833333333333335,172.0,0.0,True,False
288,4 4 18,48,16.0,3,1.25,False,225000,1.3263888888888888,0,0,204,52,32,0,0,0,32,10,18,4.375,210.0,0.0,True,False
288,4 4 18,48,16.0,3,1.25,False,225500,1.3923611111111112,0,0,209,48,29,2,0,0,31,5,24,3.9791666666666665,191.0,0.0,True,False
288,4 4 18,48,16.0,3,1.25,False,226000,1.4027777777777777,0,0,201,52,33,2,0,0,35,7,22,3.9166666666666665,188.0,0.0,True,False
288,4 4 18,48,16.0,3,1.25,False,226500,1.3333333333333333,0,0,200,52,36,0,0,0,36,7,40,4.333333333333333,208.0,0.0,True,False
288,4 4 18,48,16.0,3,1.25,False,227000,1.3680555555555556,0,4,200,60,24,0,0,0,24,7,20,4.125,198.0,0.0,True,False
288,4 4 18,48,16.0,3,1.25,False,227500,1.4027777777777777,0,0,184,64,40,0,0,0,40,11,20,3.9166666666666665,188.0,0.0,True,False
288,4 4 18,48,16.0,3,1.25,False,228000,1.3680555555555556,0,4,202,56,26,0,0,0,26,9,26,4.125,198.0,0.0,True,False
288,4 4 18,48,16.0,3,1.25,False,228500,1.4097222222222223,0,4,184,64,36,0,0,0,36,12,26,3.875,186.0,0.0,True,False
288,4 4 18,48,16.0,3,1.25,False,229000,1.3888888888888888,0,0,184,60,44,0,0,0,44,7,40,4.0,192.0,0.0,True,False
288,4 4 18,48,16.0,3,1.25,False,229500,1.3888888888888888,0,4,188,60,36,0,0,0,36,8,44,4.0,192.0,0.0,True,False
288,4 4 18,48,16.0,3,1.25,False,230000,1.3541666666666667,0,12,200,52,24,0,0,0,24,7,40,4.208333333333333,202.0,0.0,True,False
288,4 4 18,48,16.0,3,1.25,False,230500,1.3680555555555556,0,4,192,56,36,0,0,0,36,6,40,4.125,198.0,0.0,True,False
288,4 4 18,48,16.0,3,1.25,False,231000,1.4236111111111112,0,0,172,84,32,0,0,0,32,7,66,3.7916666666666665,182.0,0.0,True,False
288,4 4 18,48,16.0,3,1.25,False,231500,1.5069444444444444,0,2,168,90,28,0,0,0,28,8,62,3.2916666666666665,158.0,0.0,True,False
288,4 4 18,48,16.0,3,1.25,False,232000,1.4166666666666667,0,2,172,86,28,0,0,0,28,6,70,3.8333333333333335,184.0,0.0,True,False
288,4 4 18,48,16.0,3,1.25,False,232500,1.46875,0,0,154,108,26,0,0,0,26,11,82,3.5208333333333335,169.0,0.0,True,False
288,4 4 18,48,16.0,3,1.25,False,233000,1.46875,0,0,154,108,26,0,0,0,26,8,80,3.5208333333333335,169.0,0.0,True,False
288,4 4 18,48,16.0,3,1.25,False,233500,1.4097222222222223,0,0,164,96,28,0,0,0,28,9,78,3.875,186.0,0.0,True,False
288,4 4 18,48,16.0,3,1.25,False,234000,1.4861111111111112,0,0,144,108,36,0,0,0,36,10,78,3.4166666666666665,164.0,0.0,True,False
288,4 4 18,48,16.0,3,1.25,False,234500,1.4340277777777777,0,0,158,100,30,0,0,0,30,6,82,3.7291666666666665,179.0,0.0,True,False
288,4 4 18,48,16.0,3,1.25,False,235000,1.34375,0,0,186,88,14,0,0,0,14,4,82,4.270833333333333,205.0,0.0,True,False
288,4 4 18,48,16.0,3,1.25,False,235500,1.3819444444444444,0,0,172,92,24,0,0,0,24,7,80,4.041666666666667,194.0,0.0,True,False
288,4 4 18,48,16.0,3,1.25,False,236000,1.4305555555555556,0,2,172,90,24,0,0,0,24,11,68,3.75,180.0,0.0,True,False
288,4 4 18,48,16.0,3,1.25,False,236500,1.4201388888888888,0,0,172,88,28,0,0,0,28,11,68,3.8125,183.0,0.0,True,False
288,4 4 18,48,16.0,3,1.25,False,237000,1.4791666666666667,0,2,164,90,32,0,0,0,32,10,72,3.4583333333333335,166.0,0.0,True,False
288,4 4 18,48,16.0,3,1.25,False,237500,1.4756944444444444,0,0,152,104,32,0,0,0,32,11,74,3.4791666666666665,167.0,0.0,True,False
288,4 4 18,48,16.0,3,1.25,False,238000,1.46875,0,0,156,104,28,0,0,0,28,12,74,3.5208333333333335,169.0,0.0,True,False
288,4 4 18,48,16.0,3,1.25,False,238500,1.3888888888888888,0,0,160,108,20,0,0,0,20,9,92,4.0,192.0,0.0,True,False
288,4 4 18,48,16.0,3,1.25,False,239000,1.4479166666666667,0,0,160,100,28,0,0,0,28,7,88,3.6458333333333335,175.0,0.0,True,False
288,4 4 18,48,16.0,3,1.25,False,239500,1.4270833333333333,0,0,164,96,28,0,0,0,28,6,80,3.7708333333333335,181.0,0.0,True,False
288,4 4 18,48,16.0,3,1.25,False,240000,1.5104166666666667,0,0,152,104,32,0,0,0,32,8,88,3.2708333333333335,157.0,0.0,True,False
288,4 4 18,48,16.0,3,1.25,False,240500,1.4826388888888888,0,0,144,112,32,0,0,0,32,9,96,3.4375,165.0,0.0,True,False
288,4 4 18,48,16.0,3,1.25,False,241000,1.4583333333333333,0,0,152,104,32,0,0,0,32,8,90,3.5833333333333335,172.0,0.0,True,False
288,4 4 18,48,16.0,3,1.25,False,241500,1.4340277777777777,0,0,172,92,24,0,0,0,24,7,80,3.7291666666666665,179.0,0.0,True,False
288,4 4 18,48,16.0,3,1.25,False,242000,1.4027777777777777,0,0,168,96,24,0,0,0,24,3,92,3.9166666666666665,188.0,0.0,True,False
288,4 4 18,48,16.0,3,1.25,False,242500,1.4097222222222223,0,0,164,96,28,0,0,0,28,7,84,3.875,186.0,0.0,True,False
288,4 4 18,48,16.0,3,1.25,False,243000,1.4375,0,0,152,108,28,0,0,0,28,10,88,3.7083333333333335,178.0,0.0,True,False
288,4 4 18,48,16.0,3,1.25,False,243500,1.4236111111111112,0,2,154,114,18,0,0,0,18,6,104,3.7916666666666665,182.0,0.0,True,False
288,4 4 18,48,16.0,3,1.25,False,244000,1.5,0,0,150,120,18,0,0,0,18,8,102,3.3333333333333335,160.0,0.0,True,False
288,4 4 18,48,16.0,3,1.25,False,244500,1.3819444444444444,0,0,160,116,12,0,0,0,12,7,104,4.041666666666667,194.0,0.0,True,False
288,4 4 18,48,16.0,3,1.25,False,245000,1.4444444444444444,0,0,140,124,24,0,0,0,24,8,106,3.6666666666666665,176.0,0.0,True,False
288,4 4 18,48,16.0,3,1.25,False,245500,1.3333333333333333,0,0,148,116,24,0,0,0,24,7,88,4.333333333333333,208.0,0.0,True,False
288,4 4 18,48,16.0,3,1.25,False,246000,1.3229166666666667,0,0,160,104,24,0,0,0,24,4,86,4.395833333333333,211.0,0.0,True,False
288,4 4 18,48,16.0,3,1.25,False,246500,1.46875,0,0,156,106,25,0,1,0,26,10,74,3.5208333333333335,169.0,0.0,True,False
288,4 4 18,48,16.0,3,1.25,False,247000,1.3541666666666667,0,0,164,100,24,0,0,0,24,8,78,4.208333333333333,202.0,0.0,True,False
288,4 4 18,48,16.0,3,1.25,False,247500,1.5208333333333333,0,0,162,95,28,3,0,0,31,7,73,3.2083333333333335,154.0,0.0,True,False
288,4 4 18,48,16.0,3,1.25,False,248000,1.3784722222222223,0,0,216,52,16,4,0,0,20,17,18,4.0625,195.0,0.0,True,False
288,4 4 18,48,16.0,3,1.25,False,248500,1.3263888888888888,0,0,220,40,28,0,0,0,28,17,6,4.375,210.0,0.0,True,False
288,4 4 18,48,16.0,3,1.25,False,249000,1.2777777777777777,0,0,216,44,28,0,0,0,28,15,8,4.666666666666667,224.0,0.0,True,False
288,4 4 18,48,16.0,3,1.25,False,249500,1.1458333333333333,0,0,252,24,12,0,0,0,12,12,2,5.458333333333333,262.0,0.0,True,False
288,4 4 18,48,16.0,3,1.25,False,250000,1.25,0,0,224,40,24,0,0,0,24,14,4,4.833333333333333,232.0,0.0,True,False
288,4 4 18,48,16.0,3,1.25,False,250500,1.2708333333333333,0,0,220,44,24,0,0,0,24,15,6,4.708333333333333,226.0,0.0,True,False
288,4 4 18,48,16.0,3,1.25,False,251000,1.3888888888888888,0,0,202,64,22,0,0,0,22,11,44,4.0,192.0,0.0,True,False
288,4 4 18,48,16.0,3,1.25,False,251500,1.3993055555555556,0,0,203,50,35,0,0,0,35,9,18,3.9375,189.0,0.0,True,False
288,4 4 18,48,16.0,3,1.25,False,252000,1.3368055555555556,0,0,243,25,17,3,0,0,20,8,10,4.3125,207.0,0.0,True,False
288,4 4 18,48,16.0,3,1.25,False,252500,1.3541666666666667,0,0,224,40,24,0,0,0,24,11,10,4.208333333333333,202.0,0.0,True,False
288,4 4 18,48,16.0,3,1.25,False,253000,1.5243055555555556,0,0,200,56,28,4,0,0,32,18,6,3.1875,153.0,0.0,True,False
288,4 4 18,48,16.0,3,1.25,False,253500,1.5069444444444444,0,0,204,65,18,1,0,0,19,10,37,3.2916666666666665,158.0,0.0,True,False
288,4 4 18,48,16.0,3,1.25,False,254000,1.5208333333333333,0,1,198,59,29,0,1,0,30,13,12,3.2083333333333335,154.0,0.0,True,False
288,4 4 18,48,16.0,3,1.25,False,254500,1.4513888888888888,0,0,227,43,17,1,0,0,18,17,15,3.625,174.0,0.0,True,False
288,4 4 18,48,16.0,3,1.25,False,255000,1.4166666666666667,0,0,232,36,16,4,0,0,20,10,10,3.8333333333333335,184.0,0.0,True,False
288,4 4 18,48,16.0,3,1.25,False,255500,1.3472222222222223,0,0,244,32,8,4,0,0,12,10,8,4.25,204.0,0.0,True,False
288,4 4 18,48,16.0,3,1.25,False,256000,1.34375,0,0,246,29,12,1,0,0,13,12,6,4.270833333333333,205.0,0.0,True,False
288,4 4 18,48,16.0,3,1.25,False,256500,1.4409722222222223,0,0,210,48,30,0,0,0,30,12,16,3.6875,177.0,0.0,True,False
288,4 4 18,48,16.0,3,1.25,False,257000,1.4409722222222223,0,0,198,58,26,6,0,0,32,19,14,3.6875,177.0,0.0,True,False
288,4 4 18,48,16.0,3,1.25,False,257500,1.4409722222222223,0,0,198,58,26,6,0,0,32,21,8,3.6875,177.0,0.0,True,False
288,4 4 18,48,16.0,3,1.25,False,258000,1.4131944444444444,0,0,206,52,26,4,0,0,30,23,4,3.8541666666666665,185.0,0.0,True,False
288,4 4 18,48,16.0,3,1.25,False,258500,1.3090277777777777,0,0,230,40,18,0,0,0,18,17,9,4.479166666666667,215.0,0.0,True,False
288,4 4 18,48,16.0,3,1.25,False,259000,1.3368055555555556,0,0,223,42,23,0,0,0,23,14,8,4.3125,207.0,0.0,True,False
288,4 4 18,48,16.0,3,1.25,False,259500,1.3819444444444444,0,0,212,52,24,0,0,0,24,20,14,4.041666666666667,194.0,0.0,True,False
288,4 4 18,48,16.0,3,1.25,False,260000,1.3263888888888888,0,1,228,41,18,0,0,0,18,15,14,4.375,210.0,0.0,True,False
288,4 4 18,48,16.0,3,1.25,False,260500,1.3333333333333333,0,0,224,44,20,0,0,0,20,10,16,4.333333333333333,208.0,0.0,True,False
288,4 4 18,48,16.0,3,1.25,False,261000,1.3402777777777777,0,0,216,52,20,0,0,0,20,10,24,4.291666666666667,206.0,0.0,True,False
288,4 4 18,48,16.0,3,1.25,False,261500,1.3576388888888888,0,0,220,46,21,0,1,0,22,19,7,4.1875,201.0,0.0,True,False
288,4 4 18,48,16.0,3,1.25,False,262000,1.2534722222222223,0,0,234,36,18,0,0,0,18,10,12,4.8125,231.0,0.0,True,False
288,4 4 18,48,16.0,3,1.25,False,262500,1.4027777777777777,0,0,192,68,28,0,0,0,28,19,16,3.9166666666666665,188.0,0.0,True,False
288,4 4 18,48,16.0,3,1.25,False,263000,1.4097222222222223,0,0,188,68,32,0,0,0,32,20,16,3.875,186.0,0.0,True,False
288,4 4 18,48,16.0,3,1.25,False,263500,1.3680555555555556,0,0,192,68,28,0,0,0,28,13,28,4.125,198.0,0.0,True,False
288,4 4 18,48,16.0,3,1.25,False,264000,1.375,0,0,192,60,36,0,0,0,36,21,10,4.083333333333333,196.0,0.0,True,False
288,4 4 18,48,16.0,3,1.25,False,264500,1.2430555555555556,0,0,228,40,20,0,0,0,20,17,4,4.875,234.0,0.0,True,False
288,4 4 18,48,16.0,3,1.25,False,265000,1.3333333333333333,0,0,224,48,12,4,0,0,16,11,26,4.333333333333333,208.0,0.0,True,False
288,4 4 18,48,16.0,3,1.25,False,265500,1.2777777777777777,0,0,224,48,16,0,0,0,16,14,22,4.666666666666667,224.0,0.0,True,False
288,4 4 18,48,16.0,3,1.25,False,266000,1.2916666666666667,0,0,216,48,24,0,0,0,24,22,4,4.583333333333333,220.0,0.0,True,False
288,4 4 18,48,16.0,3,1.25,False,266500,1.2083333333333333,0,0,232,32,24,0,0,0,24,6,14,5.083333333333333,244.0,0.0,True,False
288,4 4 18,48,16.0,3,1.25,False,267000,1.2777777777777777,0,0,216,44,28,0,0,0,28,12,12,4.666666666666667,224.0,0.0,True,False
288,4 4 18,48,16.0,3,1.25,False,267500,1.2708333333333333,0,0,220,44,24,0,0,0,24,15,8,4.708333333333333,226.0,0.0,True,False
288,4 4 18,48,16.0,3,1.25,False,268000,1.2777777777777777,0,0,216,44,28,0,0,0,28,12,8,4.666666666666667,224.0,0.0,True,False
288,4 4 18,48,16.0,3,1.25,False,268500,1.2430555555555556,0,0,228,40,20,0,0,0,20,19,4,4.875,234.0,0.0,True,False
288,4 4 18,48,16.0,3,1.25,False,269000,1.2430555555555556,0,0,228,40,20,0,0,0,20,20,2,4.875,234.0,0.0,True,False
288,4 4 18,48,16.0,3,1.25,False,269500,1.1944444444444444,0,0,240,32,16,0,0,0,16,16,2,5.166666666666667,248.0,0.0,True,False
288,4 4 18,48,16.0,3,1.25,False,270000,1.2361111111111112,0,0,232,40,16,0,0,0,16,12,12,4.916666666666667,236.0,0.0,True,False
288,4 4 18,48,16.0,3,1.25,False,270500,1.125,0,0,256,20,12,0,0,0,12,4,10,5.583333333333333,268.0,0.0,True,False
288,4 4 18,48,16.0,3,1.25,False,271000,1.25,0,0,239,32,15,2,0,0,17,7,15,4.833333333333333,232.0,0.0,True,False
288,4 4 18,48,16.0,3,1.25,False,271500,1.4305555555555556,0,0,203,56,27,2,0,0,29,13,23,3.75,180.0,0.0,True,False
288,4 4 18,48,16.0,3,1.25,False,272000,1.4791666666666667,0,0,191,64,31,2,0,0,33,16,21,3.4583333333333335,166.0,0.0,True,False
288,4 4 18,48,16.0,3,1.25,False,272500,1.3819444444444444,0,0,217,43,27,1,0,0,28,11,8,4.041666666666667,194.0,0.0,True,False
288,4 4 18,48,16.0,3,1.25,False,273000,1.3541666666666667,0,0,227,39,17,5,0,0,22,14,7,4.208333333333333,202.0,0.0,True,False
288,4 4 18,48,16.0,3,1.25,False,273500,1.3194444444444444,0,0,216,56,16,0,0,0,16,15,28,4.416666666666667,212.0,0.0,True,False
288,4 4 18,48,16.0,3,1.25,False,274000,1.0972222222222223,0,0,264,16,8,0,0,0,8,8,2,5.75,276.0,0.0,True,False
288,4 4 18,48,16.0,3,1.25,False,274500,1.2395833333333333,0,0,246,28,14,0,0,0,14,7,11,4.895833333333333,235.0,0.0,True,False
288,4 4 18,48,16.0,3,1.25,False,275000,1.3854166666666667,0,0,192,68,28,0,0,0,28,12,36,4.020833333333333,193.0,0.0,True,False
288,4 4 18,48,16.0,3,1.25,False,275500,1.3055555555555556,0,0,230,44,14,0,0,0,14,11,24,4.5,216.0,0.0,True,False
288,4 4 18,48,16.0,3,1.25,False,276000,1.3402777777777777,0,0,200,64,24,0,0,0,24,17,26,4.291666666666667,206.0,0.0,True,False
288,4 4 18,48,16.0,3,1.25,False,276500,1.1458333333333333,0,0,252,24,12,0,0,0,12,12,2,5.458333333333333,262.0,0.0,True,False
288,4 4 18,48,16.0,3,1.25,False,277000,1.1458333333333333,0,0,252,24,12,0,0,0,12,12,2,5.458333333333333,262.0,0.0,True,False
288,4 4 18,48,16.0,3,1.25,False,277500,1.2326388888888888,0,0,238,32,18,0,0,0,18,8,12,4.9375,237.0,0.0,True,False
288,4 4 18,48,16.0,3,1.25,False,278000,1.3194444444444444,0,0,220,48,20,0,0,0,20,5,36,4.416666666666667,212.0,0.0,True,False
288,4 4 18,48,16.0,3,1.25,False,278500,1.375,0,0,220,44,24,0,0,0,24,12,16,4.083333333333333,196.0,0.0,True,False
288,4 4 18,48,16.0,3,1.25,False,279000,1.2430555555555556,0,0,228,40,20,0,0,0,20,15,8,4.875,234.0,0.0,True,False
288,4 4 18,48,16.0,3,1.25,False,279500,1.3333333333333333,0,0,212,48,28,0,0,0,28,14,8,4.333333333333333,208.0,0.0,True,False
288,4 4 18,48,16.0,3,1.25,False,280000,1.2222222222222223,0,0,232,36,20,0,0,0,20,10,8,5.0,240.0,0.0,True,False
288,4 4 18,48,16.0,3,1.25,False,280500,1.2777777777777777,0,0,216,44,28,0,0,0,28,16,8,4.666666666666667,224.0,0.0,True,False
288,4 4 18,48,16.0,3,1.25,False,281000,1.2986111111111112,0,0,212,48,28,0,0,0,28,12,14,4.541666666666667,218.0,0.0,True,False
288,4 4 18,48,16.0,3,1.25,False,281500,1.2916666666666667,0,0,216,48,24,0,0,0,24,16,6,4.583333333333333,220.0,0.0,True,False
288,4 4 18,48,16.0,3,1.25,False,282000,1.2430555555555556,0,0,228,40,20,0,0,0,20,15,6,4.875,234.0,0.0,True,False
288,4 4 18,48,16.0,3,1.25,False,282500,1.2777777777777777,0,0,224,48,16,0,0,0,16,11,20,4.666666666666667,224.0,0.0,True,False
288,4 4 18,48,16.0,3,1.25,False,283000,1.28125,0,0,226,40,22,0,0,0,22,11,12,4.645833333333333,223.0,0.0,True,False
288,4 4 18,48,16.0,3,1.25,False,283500,1.2291666666666667,0,0,228,36,24,0,0,0,24,11,10,4.958333333333333,238.0,0.0,True,False
288,4 4 18,48,16.0,3,1.25,False,284000,1.2743055555555556,0,0,234,32,22,0,0,0,22,7,12,4.6875,225.0,0.0,True,False
288,4 4 18,48,16.0,3,1.25,False,284500,1.2777777777777777,0,0,245,26,17,0,0,0,17,9,11,4.666666666666667,224.0,0.0,True,False
288,4 4 18,48,16.0,3,1.25,False,285000,1.1631944444444444,0,0,267,14,7,0,0,0,7,6,6,5.354166666666667,257.0,0.0,True,False
288,4 4 18,48,16.0,3,1.25,False,285500,1.3020833333333333,0,0,238,36,10,4,0,0,14,8,20,4.520833333333333,217.0,0.0,True,False
288,4 4 18,48,16.0,3,1.25,False,286000,1.3472222222222223,0,0,217,46,21,4,0,0,25,15,6,4.25,204.0,0.0,True,False
288,4 4 18,48,16.0,3,1.25,False,286500,1.25,0,0,240,32,12,4,0,0,16,13,8,4.833333333333333,232.0,0.0,True,False
288,4 4 18,48,16.0,3,1.25,False,287000,1.2222222222222223,0,0,248,28,8,4,0,0,12,13,4,5.0,240.0,0.0,True,False
288,4 4 18,48,16.0,3,1.25,False,287500,1.3541666666666667,0,0,212,48,24,4,0,0,28,13,18,4.208333333333333,202.0,0.0,True,False
288,4 4 18,48,16.0,3,1.25,False,288000,1.4166666666666667,0,0,220,38,28,2,0,0,30,10,8,3.8333333333333335,184.0,0.0,True,False
288,4 4 18,48,16.0,3,1.25,False,288500,1.3020833333333333,0,0,240,29,18,1,0,0,19,9,12,4.520833333333333,217.0,0.0,True,False
288,4 4 18,48,16.0,3,1.25,False,289000,1.2222222222222223,0,0,248,28,8,4,0,0,12,14,2,5.0,240.0,0.0,True,False
288,4 4 18,48,16.0,3,1.25,False,289500,1.25,0,0,240,32,12,4,0,0,16,10,14,4.833333333333333,232.0,0.0,True,False
288,4 4 18,48,16.0,3,1.25,False,290000,1.2361111111111112,0,0,224,36,28,0,0,0,28,10,10,4.916666666666667,236.0,0.0,True,False
288,4 4 18,48,16.0,3,1.25,False,290500,1.2465277777777777,0,0,230,32,26,0,0,0,26,11,10,4.854166666666667,233.0,0.0,True,False
288,4 4 18,48,16.0,3,1.25,False,291000,1.2395833333333333,0,0,234,32,22,0,0,0,22,14,4,4.895833333333333,235.0,0.0,True,False
288,4 4 18,48,16.0,3,1.25,False,291500,1.2638888888888888,0,0,224,44,20,0,0,0,20,9,16,4.75,228.0,0.0,True,False
288,4 4 18,48,16.0,3,1.25,False,292000,1.1944444444444444,0,0,240,32,16,0,0,0,16,15,4,5.166666666666667,248.0,0.0,True,False
288,4 4 18,48,16.0,3,1.25,False,292500,1.1944444444444444,0,0,240,32,16,0,0,0,16,15,4,5.166666666666667,248.0,0.0,True,False
288,4 4 18,48,16.0,3,1.25,False,293000,1.2222222222222223,0,0,232,36,20,0,0,0,20,15,8,5.0,240.0,0.0,True,False
288,4 4 18,48,16.0,3,1.25,False,293500,1.125,0,0,256,20,12,0,0,0,12,9,4,5.583333333333333,268.0,0.0,True,False
288,4 4 18,48,16.0,3,1.25,False,294000,1.2430555555555556,0,0,228,40,20,0,0,0,20,19,4,4.875,234.0,0.0,True,False
288,4 4 18,48,16.0,3,1.25,False,294500,1.2777777777777777,0,0,216,44,28,0,0,0,28,15,8,4.666666666666667,224.0,0.0,True,False
288,4 4 18,48,16.0,3,1.25,False,295000,1.2430555555555556,0,0,228,40,20,0,0,0,20,17,4,4.875,234.0,0.0,True,False
288,4 4 18,48,16.0,3,1.25,False,295500,1.1458333333333333,0,0,252,24,12,0,0,0,12,9,4,5.458333333333333,262.0,0.0,True,False
288,4 4 18,48,16.0,3,1.25,False,296000,1.2847222222222223,0,0,252,24,12,0,0,0,12,5,14,4.625,222.0,0.0,True,False
288,4 4 18,48,16.0,3,1.25,False,296500,1.2430555555555556,0,0,257,22,9,0,0,0,9,6,11,4.875,234.0,0.0,True,False
288,4 4 18,48,16.0,3,1.25,False,297000,1.2569444444444444,0,0,232,36,20,0,0,0,20,12,10,4.791666666666667,230.0,0.0,True,False
288,4 4 18,48,16.0,3,1.25,False,297500,1.2083333333333333,0,0,244,28,16,0,0,0,16,10,10,5.083333333333333,244.0,0.0,True,False
288,4 4 18,48,16.0,3,1.25,False,298000,1.1597222222222223,0,0,256,20,12,0,0,0,12,9,4,5.375,258.0,0.0,True,False
288,4 4 18,48,16.0,3,1.25,False,298500,1.1840277777777777,0,0,250,24,14,0,0,0,14,3,12,5.229166666666667,251.0,0.0,True,False
288,4 4 18,48,16.0,3,1.25,False,299000,1.2048611111111112,0,0,246,28,14,0,0,0,14,7,12,5.104166666666667,245.0,0.0,True,False
288,4 4 18,48,16.0,3,1.25,False,299500,1.1736111111111112,0,0,244,28,16,0,0,0,16,13,4,5.291666666666667,254.0,0.0,True,False
288,4 4 18,48,16.0,3,1.25,False,300000,1.2395833333333333,0,0,234,32,22,0,0,0,22,13,4,4.895833333333333,235.0,0.0,True,True
288,4 4 18,48,16.0,4,1.25,False,0,2.0,0,288,0,0,0,0,0,0,0,0,0,0.3333333333333333,16.0,0.0,False,False
288,4 4 18,48,16.0,4,1.25,False,500,2.0277777777777777,0,240,36,4,4,4,0,0,8,2,2,0.16666666666666666,8.0,0.0,True,False
288,4 4 18,48,16.0,4,1.25,False,1000,2.013888888888889,0,224,48,4,8,4,0,0,12,2,2,0.25,12.0,0.0,True,False
288,4 4 18,48,16.0,4,1.25,False,1500,2.0,0,208,60,4,12,4,0,0,16,2,2,0.3333333333333333,16.0,0.0,True,False
288,4 4 18,48,16.0,4,1.25,False,2000,1.9861111111111112,0,192,72,4,16,4,0,0,20,2,2,0.4166666666666667,20.0,0.0,True,False
288,4 4 18,48,16.0,4,1.25,False,2500,1.9861111111111112,0,192,72,4,16,4,0,0,20,2,2,0.4166666666666667,20.0,0.0,True,False
288,4 4 18,48,16.0,4,1.25,False,3000,1.9722222222222223,0,176,84,4,20,4,0,0,24,2,2,0.5,24.0,0.0,True,False
288,4 4 18,48,16.0,4,1.25,False,3500,1.9236111111111112,0,136,108,12,28,4,0,0,32,8,2,0.7916666666666666,38.0,0.0,True,False
288,4 4 18,48,16.0,4,1.25,False,4000,1.9236111111111112,0,136,108,12,28,4,0,0,32,8,2,0.7916666666666666,38.0,0.0,True,False
288,4 4 18,48,16.0,4,1.25,False,4500,1.9236111111111112,0,136,108,12,28,4,0,0,32,8,2,0.7916666666666666,38.0,0.0,True,False
288,4 4 18,48,16.0,4,1.25,False,5000,1.9444444444444444,0,116,112,20,36,4,0,0,40,6,10,0.6666666666666666,32.0,0.0,True,False
288,4 4 18,48,16.0,4,1.25,False,5500,1.9097222222222223,0,124,112,16,32,4,0,0,36,8,2,0.875,42.0,0.0,True,False
288,4 4 18,48,16.0,4,1.25,False,6000,1.9097222222222223,0,124,112,16,32,4,0,0,36,8,2,0.875,42.0,0.0,True,False
288,4 4 18,48,16.0,4,1.25,False,6500,1.9097222222222223,0,124,112,16,32,4,0,0,36,8,2,0.875,42.0,0.0,True,False
288,4 4 18,48,16.0,4,1.25,False,7000,1.9097222222222223,0,124,112,16,32,4,0,0,36,8,2,0.875,42.0,0.0,True,False
288,4 4 18,48,16.0,4,1.25,False,7500,1.9652777777777777,0,112,116,20,36,4,0,0,40,12,2,0.5416666666666666,26.0,0.0,True,False
288,4 4 18,48,16.0,4,1.25,False,8000,1.8958333333333333,0,112,116,20,36,4,0,0,40,6,8,0.9583333333333334,46.0,0.0,True,False
288,4 4 18,48,16.0,4,1.25,False,8500,1.9513888888888888,0,100,120,24,40,4,0,0,44,10,8,0.625,30.0,0.0,True,False
288,4 4 18,48,16.0,4,1.25,False,9000,1.9375,0,88,124,32,36,8,0,0,44,8,8,0.7083333333333334,34.0,0.0,True,False
288,4 4 18,48,16.0,4,1.25,False,9500,1.9236111111111112,0,77,126,37,40,8,0,0,48,9,8,0.7916666666666666,38.0,0.0,True,False
288,4 4 18,48,16.0,4,1.25,False,10000,1.9236111111111112,0,77,126,37,40,8,0,0,48,9,8,0.7916666666666666,38.0,0.0,True,False
288,4 4 18,48,16.0,4,1.25,False,10500,1.9236111111111112,0,77,126,37,40,8,0,0,48,9,8,0.7916666666666666,38.0,0.0,True,False
288,4 4 18,48,16.0,4,1.25,False,11000,1.9236111111111112,0,77,126,37,40,8,0,0,48,8,11,0.7916666666666666,38.0,0.0,True,False
288,4 4 18,48,16.0,4,1.25,False,11500,1.9236111111111112,0,77,126,37,40,8,0,0,48,8,11,0.7916666666666666,38.0,0.0,True,False
288,4 4 18,48,16.0,4,1.25,False,12000,1.9236111111111112,0,77,126,37,40,8,0,0,48,8,11,0.7916666666666666,38.0,0.0,True,False
288,4 4 18,48,16.0,4,1.25,False,12500,1.9236111111111112,0,77,126,37,40,8,0,0,48,8,11,0.7916666666666666,38.0,0.0,True,False
288,4 4 18,48,16.0,4,1.25,False,13000,1.875,0,104,116,28,36,4,0,0,40,5,11,1.0833333333333333,52.0,0.0,True,False
288,4 4 18,48,16.0,4,1.25,False,13500,1.9305555555555556,0,76,120,40,48,4,0,0,52,7,11,0.75,36.0,0.0,True,False
288,4 4 18,48,16.0,4,1.25,False,14000,1.9305555555555556,0,84,120,36,44,4,0,0,48,7,11,0.75,36.0,0.0,True,False
288,4 4 18,48,16.0,4,1.25,False,14500,1.9305555555555556,0,68,120,44,52,4,0,0,56,5,13,0.75,36.0,0.0,True,False
288,4 4 18,48,16.0,4,1.25,False,15000,1.9305555555555556,0,84,120,36,44,4,0,0,48,7,11,0.75,36.0,0.0,True,False
288,4 4 18,48,16.0,4,1.25,False,15500,1.9444444444444444,0,76,124,36,48,4,0,0,52,7,11,0.6666666666666666,32.0,0.0,True,False
288,4 4 18,48,16.0,4,1.25,False,16000,1.9305555555555556,0,76,120,40,48,4,0,0,52,5,13,0.75,36.0,0.0,True,False
288,4 4 18,48,16.0,4,1.25,False,16500,1.9305555555555556,0,76,120,40,48,4,0,0,52,5,13,0.75,36.0,0.0,True,False
288,4 4 18,48,16.0,4,1.25,False,17000,1.9305555555555556,0,68,120,44,52,4,0,0,56,5,13,0.75,36.0,0.0,True,False
288,4 4 18,48,16.0,4,1.25,False,17500,1.9305555555555556,0,60,120,48,56,4,0,0,60,5,13,0.75,36.0,0.0,True,False
288,4 4 18,48,16.0,4,1.25,False,18000,1.9305555555555556,0,68,120,44,52,4,0,0,56,5,13,0.75,36.0,0.0,True,False
288,4 4 18,48,16.0,4,1.25,False,18500,1.9305555555555556,0,60,120,48,56,4,0,0,60,7,11,0.75,36.0,0.0,True,False
288,4 4 18,48,16.0,4,1.25,False,19000,1.9305555555555556,0,60,120,48,56,4,0,0,60,7,11,0.75,36.0,0.0,True,False
288,4 4 18,48,16.0,4,1.25,False,19500,1.9305555555555556,0,68,120,44,52,4,0,0,56,7,11,0.75,36.0,0.0,True,False
288,4 4 18,48,16.0,4,1.25,False,20000,1.9305555555555556,0,44,120,56,64,4,0,0,68,4,19,0.75,36.0,0.0,True,False
288,4 4 18,48,16.0,4,1.25,False,20500,1.9305555555555556,0,44,120,56,64,4,0,0,68,4,19,0.75,36.0,0.0,True,False
288,4 4 18,48,16.0,4,1.25,False,21000,1.9305555555555556,0,44,120,56,64,4,0,0,68,4,19,0.75,36.0,0.0,True,False
288,4 4 18,48,16.0,4,1.25,False,21500,1.9305555555555556,0,52,120,52,60,4,0,0,64,6,15,0.75,36.0,0.0,True,False
288,4 4 18,48,16.0,4,1.25,False,22000,1.9305555555555556,0,60,120,48,56,4,0,0,60,6,13,0.75,36.0,0.0,True,False
288,4 4 18,48,16.0,4,1.25,False,22500,1.9444444444444444,0,80,116,40,48,4,0,0,52,8,8,0.6666666666666666,32.0,0.0,True,False
288,4 4 18,48,16.0,4,1.25,False,23000,1.9305555555555556,0,52,120,52,60,4,0,0,64,6,15,0.75,36.0,0.0,True,False
288,4 4 18,48,16.0,4,1.25,False,23500,1.9305555555555556,0,68,120,44,52,4,0,0,56,7,11,0.75,36.0,0.0,True,False
288,4 4 18,48,16.0,4,1.25,False,24000,1.9305555555555556,0,52,120,52,60,4,0,0,64,6,15,0.75,36.0,0.0,True,False
288,4 4 18,48,16.0,4,1.25,False,24500,1.9305555555555556,0,76,120,40,48,4,0,0,52,7,11,0.75,36.0,0.0,True,False
288,4 4 18,48,16.0,4,1.25,False,25000,1.9305555555555556,0,68,120,44,52,4,0,0,56,6,11,0.75,36.0,0.0,True,False
288,4 4 18,48,16.0,4,1.25,False,25500,1.9305555555555556,0,76,120,40,48,4,0,0,52,7,11,0.75,36.0,0.0,True,False
288,4 4 18,48,16.0,4,1.25,False,26000,1.9305555555555556,0,68,120,44,52,4,0,0,56,6,11,0.75,36.0,0.0,True,False
288,4 4 18,48,16.0,4,1.25,False,26500,1.9305555555555556,0,76,120,40,48,4,0,0,52,6,11,0.75,36.0,0.0,True,False
288,4 4 18,48,16.0,4,1.25,False,27000,1.9513888888888888,0,72,124,42,44,6,0,0,50,5,17,0.625,30.0,0.0,True,False
288,4 4 18,48,16.0,4,1.25,False,27500,1.9513888888888888,0,72,124,42,44,6,0,0,50,5,17,0.625,30.0,0.0,True,False
288,4 4 18,48,16.0,4,1.25,False,28000,1.9513888888888888,0,72,124,42,44,6,0,0,50,5,17,0.625,30.0,0.0,True,False
288,4 4 18,48,16.0,4,1.25,False,28500,1.9305555555555556,0,76,120,40,48,4,0,0,52,6,11,0.75,36.0,0.0,True,False
288,4 4 18,48,16.0,4,1.25,False,29000,1.9305555555555556,0,76,120,40,48,4,0,0,52,6,11,0.75,36.0,0.0,True,False
288,4 4 18,48,16.0,4,1.25,False,29500,1.9305555555555556,0,84,120,36,44,4,0,0,48,6,11,0.75,36.0,0.0,True,False
288,4 4 18,48,16.0,4,1.25,False,30000,1.9305555555555556,0,76,120,40,48,4,0,0,52,7,11,0.75,36.0,0.0,True,False
288,4 4 18,48,16.0,4,1.25,False,30500,1.9305555555555556,0,85,118,37,44,4,0,0,48,6,11,0.75,36.0,0.0,True,False
288,4 4 18,48,16.0,4,1.25,False,31000,1.9305555555555556,0,93,118,33,40,4,0,0,44,8,11,0.75,36.0,0.0,True,False
288,4 4 18,48,16.0,4,1.25,False,31500,1.9305555555555556,0,92,120,32,40,4,0,0,44,9,11,0.75,36.0,0.0,True,False
288,4 4 18,48,16.0,4,1.25,False,32000,1.9166666666666667,0,80,124,40,36,8,0,0,44,6,11,0.8333333333333334,40.0,0.0,True,False
288,4 4 18,48,16.0,4,1.25,False,32500,1.9166666666666667,0,80,124,40,36,8,0,0,44,6,11,0.8333333333333334,40.0,0.0,True,False
288,4 4 18,48,16.0,4,1.25,False,33000,1.9166666666666667,0,80,124,40,36,8,0,0,44,6,11,0.8333333333333334,40.0,0.0,True,False
288,4 4 18,48,16.0,4,1.25,False,33500,1.9166666666666667,0,80,124,40,36,8,0,0,44,6,11,0.8333333333333334,40.0,0.0,True,False
288,4 4 18,48,16.0,4,1.25,False,34000,1.9166666666666667,0,80,124,40,36,8,0,0,44,6,11,0.8333333333333334,40.0,0.0,True,False
288,4 4 18,48,16.0,4,1.25,False,34500,1.9166666666666667,0,80,124,40,36,8,0,0,44,6,11,0.8333333333333334,40.0,0.0,True,False
288,4 4 18,48,16.0,4,1.25,False,35000,1.9166666666666667,0,80,124,40,36,8,0,0,44,6,11,0.8333333333333334,40.0,0.0,True,False
288,4 4 18,48,16.0,4,1.25,False,35500,1.9166666666666667,0,80,124,40,36,8,0,0,44,6,11,0.8333333333333334,40.0,0.0,True,False
288,4 4 18,48,16.0,4,1.25,False,36000,1.9305555555555556,0,92,120,36,32,8,0,0,40,7,8,0.75,36.0,0.0,True,False
288,4 4 18,48,16.0,4,1.25,False,36500,1.9305555555555556,0,92,120,36,32,8,0,0,40,7,8,0.75,36.0,0.0,True,False
288,4 4 18,48,16.0,4,1.25,False,37000,1.9305555555555556,0,92,120,36,32,8,0,0,40,7,8,0.75,36.0,0.0,True,False
288,4 4 18,48,16.0,4,1.25,False,37500,1.9305555555555556,0,92,120,32,40,4,0,0,44,9,11,0.75,36.0,0.0,True,False
288,4 4 18,48,16.0,4,1.25,False,38000,1.9166666666666667,0,80,124,40,36,8,0,0,44,5,20,0.8333333333333334,40.0,0.0,True,False
288,4 4 18,48,16.0,4,1.25,False,38500,1.9166666666666667,0,80,124,40,36,8,0,0,44,5,20,0.8333333333333334,40.0,0.0,True,False
288,4 4 18,48,16.0,4,1.25,False,39000,1.9166666666666667,0,80,124,40,36,8,0,0,44,5,20,0.8333333333333334,40.0,0.0,True,False
288,4 4 18,48,16.0,4,1.25,False,39500,1.9166666666666667,0,80,124,40,36,8,0,0,44,5,20,0.8333333333333334,40.0,0.0,True,False
288,4 4 18,48,16.0,4,1.25,False,40000,1.9166666666666667,0,80,124,40,36,8,0,0,44,5,20,0.8333333333333334,40.0,0.0,True,False
288,4 4 18,48,16.0,4,1.25,False,40500,1.9166666666666667,0,80,124,40,36,8,0,0,44,5,20,0.8333333333333334,40.0,0.0,True,False
288,4 4 18,48,16.0,4,1.25,False,41000,1.9166666666666667,0,80,124,40,36,8,0,0,44,5,20,0.8333333333333334,40.0,0.0,True,False
288,4 4 18,48,16.0,4,1.25,False,41500,1.9166666666666667,0,80,124,40,36,8,0,0,44,5,20,0.8333333333333334,40.0,0.0,True,False
288,4 4 18,48,16.0,4,1.25,False,42000,1.9166666666666667,0,80,124,40,36,8,0,0,44,5,20,0.8333333333333334,40.0,0.0,True,False
288,4 4 18,48,16.0,4,1.25,False,42500,1.9166666666666667,0,80,124,40,36,8,0,0,44,5,20,0.8333333333333334,40.0,0.0,True,False
288,4 4 18,48,16.0,4,1.25,False,43000,1.9166666666666667,0,80,124,40,36,8,0,0,44,5,20,0.8333333333333334,40.0,0.0,True,False
288,4 4 18,48,16.0,4,1.25,False,43500,1.9166666666666667,0,80,124,40,36,8,0,0,44,5,20,0.8333333333333334,40.0,0.0,True,False
288,4 4 18,48,16.0,4,1.25,False,44000,1.9166666666666667,0,80,124,40,36,8,0,0,44,5,20,0.8333333333333334,40.0,0.0,True,False
288,4 4 18,48,16.0,4,1.25,False,44500,1.9166666666666667,0,80,124,40,36,8,0,0,44,5,20,0.8333333333333334,40.0,0.0,True,False
288,4 4 18,48,16.0,4,1.25,False,45000,1.9166666666666667,0,80,124,40,36,8,0,0,44,5,20,0.8333333333333334,40.0,0.0,True,False
288,4 4 18,48,16.0,4,1.25,False,45500,1.9166666666666667,0,80,124,40,36,8,0,0,44,5,20,0.8333333333333334,40.0,0.0,True,False
288,4 4 18,48,16.0,4,1.25,False,46000,1.9305555555555556,0,92,120,32,40,4,0,0,44,9,11,0.75,36.0,0.0,True,False
288,4 4 18,48,16.0,4,1.25,False,46500,1.9166666666666667,0,80,124,40,36,8,0,0,44,5,20,0.8333333333333334,40.0,0.0,True,False
288,4 4 18,48,16.0,4,1.25,False,47000,1.9166666666666667,0,80,124,40,36,8,0,0,44,5,20,0.8333333333333334,40.0,0.0,True,False
288,4 4 18,48,16.0,4,1.25,False,47500,1.9166666666666667,0,80,124,40,36,8,0,0,44,5,20,0.8333333333333334,40.0,0.0,True,False
288,4 4 18,48,16.0,4,1.25,False,48000,1.9305555555555556,0,92,120,36,32,8,0,0,40,7,8,0.75,36.0,0.0,True,False
288,4 4 18,48,16.0,4,1.25,False,48500,1.9166666666666667,0,80,124,40,36,8,0,0,44,5,20,0.8333333333333334,40.0,0.0,True,False
288,4 4 18,48,16.0,4,1.25,False,49000,1.9166666666666667,0,80,124,40,36,8,0,0,44,5,20,0.8333333333333334,40.0,0.0,True,False
288,4 4 18,48,16.0,4,1.25,False,49500,1.9166666666666667,0,80,124,40,36,8,0,0,44,5,20,0.8333333333333334,40.0,0.0,True,False
288,4 4 18,48,16.0,4,1.25,False,50000,1.9166666666666667,0,80,124,40,36,8,0,0,44,5,20,0.8333333333333334,40.0,0.0,True,False
288,4 4 18,48,16.0,4,1.25,False,50500,1.9166666666666667,0,80,124,40,36,8,0,0,44,5,20,0.8333333333333334,40.0,0.0,True,False
288,4 4 18,48,16.0,4,1.25,False,51000,1.9166666666666667,0,80,124,40,36,8,0,0,44,5,20,0.8333333333333334,40.0,0.0,True,False
288,4 4 18,48,16.0,4,1.25,False,51500,1.9166666666666667,0,80,124,40,36,8,0,0,44,5,20,0.8333333333333334,40.0,0.0,True,False
288,4 4 18,48,16.0,4,1.25,False,52000,1.9305555555555556,0,92,120,36,32,8,0,0,40,7,8,0.75,36.0,0.0,True,False
288,4 4 18,48,16.0,4,1.25,False,52500,1.9305555555555556,0,92,120,36,32,8,0,0,40,7,8,0.75,36.0,0.0,True,False
288,4 4 18,48,16.0,4,1.25,False,53000,1.9166666666666667,0,80,124,40,36,8,0,0,44,5,20,0.8333333333333334,40.0,0.0,True,False
288,4 4 18,48,16.0,4,1.25,False,53500,1.9166666666666667,0,80,124,40,36,8,0,0,44,5,20,0.8333333333333334,40.0,0.0,True,False
288,4 4 18,48,16.0,4,1.25,False,54000,1.9166666666666667,0,80,124,40,36,8,0,0,44,5,20,0.8333333333333334,40.0,0.0,True,False
288,4 4 18,48,16.0,4,1.25,False,54500,1.9166666666666667,0,80,124,40,36,8,0,0,44,5,20,0.8333333333333334,40.0,0.0,True,False
288,4 4 18,48,16.0,4,1.25,False,55000,1.9166666666666667,0,80,124,40,36,8,0,0,44,5,20,0.8333333333333334,40.0,0.0,True,False
288,4 4 18,48,16.0,4,1.25,False,55500,1.9166666666666667,0,80,124,40,36,8,0,0,44,5,20,0.8333333333333334,40.0,0.0,True,False
288,4 4 18,48,16.0,4,1.25,False,56000,1.9305555555555556,0,92,120,36,32,8,0,0,40,7,8,0.75,36.0,0.0,True,False
288,4 4 18,48,16.0,4,1.25,False,56500,1.9166666666666667,0,80,124,40,36,8,0,0,44,5,20,0.8333333333333334,40.0,0.0,True,False
288,4 4 18,48,16.0,4,1.25,False,57000,1.9166666666666667,0,80,124,40,36,8,0,0,44,5,20,0.8333333333333334,40.0,0.0,True,False
288,4 4 18,48,16.0,4,1.25,False,57500,1.9166666666666667,0,80,124,40,36,8,0,0,44,5,20,0.8333333333333334,40.0,0.0,True,False
288,4 4 18,48,16.0,4,1.25,False,58000,1.9166666666666667,0,80,124,40,36,8,0,0,44,5,20,0.8333333333333334,40.0,0.0,True,False
288,4 4 18,48,16.0,4,1.25,False,58500,1.9166666666666667,0,80,124,40,36,8,0,0,44,5,20,0.8333333333333334,40.0,0.0,True,False
288,4 4 18,48,16.0,4,1.25,False,59000,1.9166666666666667,0,80,124,40,36,8,0,0,44,5,20,0.8333333333333334,40.0,0.0,True,False
288,4 4 18,48,16.0,4,1.25,False,59500,1.875,0,104,116,28,36,4,0,0,40,5,11,1.0833333333333333,52.0,0.0,True,False
288,4 4 18,48,16.0,4,1.25,False,60000,1.9305555555555556,0,92,120,32,40,4,0,0,44,8,11,0.75,36.0,0.0,True,False
288,4 4 18,48,16.0,4,1.25,False,60500,1.875,0,104,116,28,36,4,0,0,40,5,11,1.0833333333333333,52.0,0.0,True,False
288,4 4 18,48,16.0,4,1.25,False,61000,1.875,0,104,116,28,36,4,0,0,40,5,11,1.0833333333333333,52.0,0.0,True,False
288,4 4 18,48,16.0,4,1.25,False,61500,1.9305555555555556,0,93,118,33,40,4,0,0,44,8,11,0.75,36.0,0.0,True,False
288,4 4 18,48,16.0,4,1.25,False,62000,1.875,0,104,116,28,36,4,0,0,40,5,11,1.0833333333333333,52.0,0.0,True,False
288,4 4 18,48,16.0,4,1.25,False,62500,1.875,0,104,116,28,36,4,0,0,40,5,11,1.0833333333333333,52.0,0.0,True,False
288,4 4 18,48,16.0,4,1.25,False,63000,1.9305555555555556,0,90,124,30,40,4,0,0,44,6,11,0.75,36.0,0.0,True,False
288,4 4 18,48,16.0,4,1.25,False,63500,1.9305555555555556,0,90,124,30,40,4,0,0,44,6,11,0.75,36.0,0.0,True,False
288,4 4 18,48,16.0,4,1.25,False,64000,1.9513888888888888,0,89,122,33,40,4,0,0,44,8,11,0.625,30.0,0.0,True,False
288,4 4 18,48,16.0,4,1.25,False,64500,1.9652777777777777,0,99,122,27,36,4,0,0,40,8,8,0.5416666666666666,26.0,0.0,True,False
288,4 4 18,48,16.0,4,1.25,False,65000,1.9305555555555556,0,90,124,30,40,4,0,0,44,6,11,0.75,36.0,0.0,True,False
288,4 4 18,48,16.0,4,1.25,False,65500,1.875,0,104,116,28,36,4,0,0,40,5,11,1.0833333333333333,52.0,0.0,True,False
288,4 4 18,48,16.0,4,1.25,False,66000,1.9305555555555556,0,84,120,36,44,4,0,0,48,7,11,0.75,36.0,0.0,True,False
288,4 4 18,48,16.0,4,1.25,False,66500,1.875,0,104,116,28,36,4,0,0,40,5,11,1.0833333333333333,52.0,0.0,True,False
288,4 4 18,48,16.0,4,1.25,False,67000,1.875,0,104,116,28,36,4,0,0,40,5,11,1.0833333333333333,52.0,0.0,True,False
288,4 4 18,48,16.0,4,1.25,False,67500,1.875,0,104,116,28,36,4,0,0,40,5,11,1.0833333333333333,52.0,0.0,True,False
288,4 4 18,48,16.0,4,1.25,False,68000,1.9305555555555556,0,92,120,32,40,4,0,0,44,9,11,0.75,36.0,0.0,True,False
288,4 4 18,48,16.0,4,1.25,False,68500,1.9305555555555556,0,92,120,36,32,8,0,0,40,7,8,0.75,36.0,0.0,True,False
288,4 4 18,48,16.0,4,1.25,False,69000,1.9305555555555556,0,92,120,36,32,8,0,0,40,7,8,0.75,36.0,0.0,True,False
288,4 4 18,48,16.0,4,1.25,False,69500,1.9305555555555556,0,92,120,36,32,8,0,0,40,7,8,0.75,36.0,0.0,True,False
288,4 4 18,48,16.0,4,1.25,False,70000,1.9305555555555556,0,92,120,36,32,8,0,0,40,7,8,0.75,36.0,0.0,True,False
288,4 4 18,48,16.0,4,1.25,False,70500,1.9166666666666667,0,80,124,40,36,8,0,0,44,6,11,0.8333333333333334,40.0,0.0,True,False
288,4 4 18,48,16.0,4,1.25,False,71000,1.9305555555555556,0,84,120,36,44,4,0,0,48,7,11,0.75,36.0,0.0,True,False
288,4 4 18,48,16.0,4,1.25,False,71500,1.9027777777777777,0,68,128,44,40,8,0,0,48,6,11,0.9166666666666666,44.0,0.0,True,False
288,4 4 18,48,16.0,4,1.25,False,72000,1.9027777777777777,0,68,128,44,40,8,0,0,48,6,11,0.9166666666666666,44.0,0.0,True,False
288,4 4 18,48,16.0,4,1.25,False,72500,1.9027777777777777,0,68,128,44,40,8,0,0,48,6,11,0.9166666666666666,44.0,0.0,True,False
288,4 4 18,48,16.0,4,1.25,False,73000,1.9027777777777777,0,68,128,44,40,8,0,0,48,6,11,0.9166666666666666,44.0,0.0,True,False
288,4 4 18,48,16.0,4,1.25,False,73500,1.9027777777777777,0,68,128,44,40,8,0,0,48,6,11,0.9166666666666666,44.0,0.0,True,False
288,4 4 18,48,16.0,4,1.25,False,74000,1.9027777777777777,0,68,128,44,40,8,0,0,48,6,11,0.9166666666666666,44.0,0.0,True,False
288,4 4 18,48,16.0,4,1.25,False,74500,1.9027777777777777,0,68,128,44,40,8,0,0,48,6,11,0.9166666666666666,44.0,0.0,True,False
288,4 4 18,48,16.0,4,1.25,False,75000,1.9027777777777777,0,68,128,44,40,8,0,0,48,6,11,0.9166666666666666,44.0,0.0,True,False
288,4 4 18,48,16.0,4,1.25,False,75500,1.9027777777777777,0,68,128,44,40,8,0,0,48,6,11,0.9166666666666666,44.0,0.0,True,False
288,4 4 18,48,16.0,4,1.25,False,76000,1.9027777777777777,0,68,128,44,40,8,0,0,48,6,11,0.9166666666666666,44.0,0.0,True,False
288,4 4 18,48,16.0,4,1.25,False,76500,1.9027777777777777,0,68,128,44,40,8,0,0,48,6,11,0.9166666666666666,44.0,0.0,True,False
288,4 4 18,48,16.0,4,1.25,False,77000,1.9027777777777777,0,68,128,44,40,8,0,0,48,6,11,0.9166666666666666,44.0,0.0,True,False
288,4 4 18,48,16.0,4,1.25,False,77500,1.9027777777777777,0,68,128,44,40,8,0,0,48,6,11,0.9166666666666666,44.0,0.0,True,False
288,4 4 18,48,16.0,4,1.25,False,78000,1.9027777777777777,0,68,128,44,40,8,0,0,48,6,11,0.9166666666666666,44.0,0.0,True,False
288,4 4 18,48,16.0,4,1.25,False,78500,1.9027777777777777,0,68,128,44,40,8,0,0,48,6,11,0.9166666666666666,44.0,0.0,True,False
288,4 4 18,48,16.0,4,1.25,False,79000,1.9027777777777777,0,68,128,44,40,8,0,0,48,6,11,0.9166666666666666,44.0,0.0,True,False
288,4 4 18,48,16.0,4,1.25,False,79500,1.9027777777777777,0,68,128,44,40,8,0,0,48,6,11,0.9166666666666666,44.0,0.0,True,False
288,4 4 18,48,16.0,4,1.25,False,80000,1.9027777777777777,0,68,128,44,40,8,0,0,48,6,11,0.9166666666666666,44.0,0.0,True,False
288,4 4 18,48,16.0,4,1.25,False,80500,1.9027777777777777,0,68,128,44,40,8,0,0,48,6,11,0.9166666666666666,44.0,0.0,True,False
288,4 4 18,48,16.0,4,1.25,False,81000,1.9027777777777777,0,68,128,44,40,8,0,0,48,6,11,0.9166666666666666,44.0,0.0,True,False
288,4 4 18,48,16.0,4,1.25,False,81500,1.9027777777777777,0,68,128,44,40,8,0,0,48,6,11,0.9166666666666666,44.0,0.0,True,False
288,4 4 18,48,16.0,4,1.25,False,82000,1.9027777777777777,0,68,128,44,40,8,0,0,48,6,11,0.9166666666666666,44.0,0.0,True,False
288,4 4 18,48,16.0,4,1.25,False,82500,1.9166666666666667,0,80,124,40,36,8,0,0,44,7,11,0.8333333333333334,40.0,0.0,True,False
288,4 4 18,48,16.0,4,1.25,False,83000,1.9166666666666667,0,80,124,40,36,8,0,0,44,7,11,0.8333333333333334,40.0,0.0,True,False
288,4 4 18,48,16.0,4,1.25,False,83500,1.9305555555555556,0,68,120,44,52,4,0,0,56,7,11,0.75,36.0,0.0,True,False
288,4 4 18,48,16.0,4,1.25,False,84000,1.9305555555555556,0,84,120,36,44,4,0,0,48,7,11,0.75,36.0,0.0,True,False
288,4 4 18,48,16.0,4,1.25,False,84500,1.9305555555555556,0,84,120,36,44,4,0,0,48,7,11,0.75,36.0,0.0,True,False
288,4 4 18,48,16.0,4,1.25,False,85000,1.9305555555555556,0,84,120,36,44,4,0,0,48,7,11,0.75,36.0,0.0,True,False
288,4 4 18,48,16.0,4,1.25,False,85500,1.9166666666666667,0,80,124,40,36,8,0,0,44,7,11,0.8333333333333334,40.0,0.0,True,False
288,4 4 18,48,16.0,4,1.25,False,86000,1.9166666666666667,0,80,124,40,36,8,0,0,44,7,11,0.8333333333333334,40.0,0.0,True,False
288,4 4 18,48,16.0,4,1.25,False,86500,1.9166666666666667,0,80,124,40,36,8,0,0,44,7,11,0.8333333333333334,40.0,0.0,True,False
288,4 4 18,48,16.0,4,1.25,False,87000,1.9166666666666667,0,80,124,40,36,8,0,0,44,7,11,0.8333333333333334,40.0,0.0,True,False
288,4 4 18,48,16.0,4,1.25,False,87500,1.9166666666666667,0,80,124,40,36,8,0,0,44,7,11,0.8333333333333334,40.0,0.0,True,False
288,4 4 18,48,16.0,4,1.25,False,88000,1.9027777777777777,0,70,124,46,40,8,0,0,48,6,13,0.9166666666666666,44.0,0.0,True,False
288,4 4 18,48,16.0,4,1.25,False,88500,1.9027777777777777,0,70,124,46,40,8,0,0,48,6,13,0.9166666666666666,44.0,0.0,True,False
288,4 4 18,48,16.0,4,1.25,False,89000,1.9027777777777777,0,70,124,46,40,8,0,0,48,6,13,0.9166666666666666,44.0,0.0,True,False
288,4 4 18,48,16.0,4,1.25,False,89500,1.9027777777777777,0,70,124,46,40,8,0,0,48,6,13,0.9166666666666666,44.0,0.0,True,False
288,4 4 18,48,16.0,4,1.25,False,90000,1.9027777777777777,0,70,124,46,40,8,0,0,48,6,13,0.9166666666666666,44.0,0.0,True,False
288,4 4 18,48,16.0,4,1.25,False,90500,1.9166666666666667,0,80,124,40,36,8,0,0,44,7,9,0.8333333333333334,40.0,0.0,True,False
288,4 4 18,48,16.0,4,1.25,False,91000,1.9166666666666667,0,80,124,40,36,8,0,0,44,7,9,0.8333333333333334,40.0,0.0,True,False
288,4 4 18,48,16.0,4,1.25,False,91500,1.9027777777777777,0,70,124,46,40,8,0,0,48,6,13,0.9166666666666666,44.0,0.0,True,False
288,4 4 18,48,16.0,4,1.25,False,92000,1.9027777777777777,0,70,124,46,40,8,0,0,48,6,13,0.9166666666666666,44.0,0.0,True,False
288,4 4 18,48,16.0,4,1.25,False,92500,1.9027777777777777,0,70,124,46,40,8,0,0,48,6,13,0.9166666666666666,44.0,0.0,True,False
288,4 4 18,48,16.0,4,1.25,False,93000,1.9027777777777777,0,70,124,46,40,8,0,0,48,6,13,0.9166666666666666,44.0,0.0,True,False
288,4 4 18,48,16.0,4,1.25,False,93500,1.9027777777777777,0,70,124,46,40,8,0,0,48,6,13,0.9166666666666666,44.0,0.0,True,False
288,4 4 18,48,16.0,4,1.25,False,94000,1.9027777777777777,0,70,124,46,40,8,0,0,48,6,13,0.9166666666666666,44.0,0.0,True,False
288,4 4 18,48,16.0,4,1.25,False,94500,1.9027777777777777,0,70,124,46,40,8,0,0,48,6,13,0.9166666666666666,44.0,0.0,True,False
288,4 4 18,48,16.0,4,1.25,False,95000,1.9027777777777777,0,70,124,46,40,8,0,0,48,6,13,0.9166666666666666,44.0,0.0,True,False
288,4 4 18,48,16.0,4,1.25,False,95500,1.9027777777777777,0,70,124,46,40,8,0,0,48,6,13,0.9166666666666666,44.0,0.0,True,False
288,4 4 18,48,16.0,4,1.25,False,96000,1.9027777777777777,0,70,124,46,40,8,0,0,48,6,13,0.9166666666666666,44.0,0.0,True,False
288,4 4 18,48,16.0,4,1.25,False,96500,1.9027777777777777,0,70,124,46,40,8,0,0,48,6,13,0.9166666666666666,44.0,0.0,True,False
288,4 4 18,48,16.0,4,1.25,False,97000,1.9027777777777777,0,70,124,46,40,8,0,0,48,6,13,0.9166666666666666,44.0,0.0,True,False
288,4 4 18,48,16.0,4,1.25,False,97500,1.9027777777777777,0,70,124,46,40,8,0,0,48,6,13,0.9166666666666666,44.0,0.0,True,False
288,4 4 18,48,16.0,4,1.25,False,98000,1.9027777777777777,0,70,124,46,40,8,0,0,48,6,13,0.9166666666666666,44.0,0.0,True,False
288,4 4 18,48,16.0,4,1.25,False,98500,1.9027777777777777,0,70,124,46,40,8,0,0,48,6,13,0.9166666666666666,44.0,0.0,True,False
288,4 4 18,48,16.0,4,1.25,False,99000,1.9166666666666667,0,80,124,40,36,8,0,0,44,7,11,0.8333333333333334,40.0,0.0,True,False
288,4 4 18,48,16.0,4,1.25,False,99500,1.9166666666666667,0,80,124,40,36,8,0,0,44,7,11,0.8333333333333334,40.0,0.0,True,False
288,4 4 18,48,16.0,4,1.25,False,100000,1.9166666666666667,0,80,124,40,36,8,0,0,44,7,11,0.8333333333333334,40.0,0.0,True,False
288,4 4 18,48,16.0,4,1.25,False,100500,1.9027777777777777,0,70,124,46,40,8,0,0,48,6,13,0.9166666666666666,44.0,0.0,True,False
288,4 4 18,48,16.0,4,1.25,False,101000,1.9027777777777777,0,70,124,46,40,8,0,0,48,6,13,0.9166666666666666,44.0,0.0,True,False
288,4 4 18,48,16.0,4,1.25,False,101500,1.9027777777777777,0,70,124,46,40,8,0,0,48,6,13,0.9166666666666666,44.0,0.0,True,False
288,4 4 18,48,16.0,4,1.25,False,102000,1.9027777777777777,0,70,124,46,40,8,0,0,48,6,13,0.9166666666666666,44.0,0.0,True,False
288,4 4 18,48,16.0,4,1.25,False,102500,1.9166666666666667,0,80,124,40,36,8,0,0,44,7,9,0.8333333333333334,40.0,0.0,True,False
288,4 4 18,48,16.0,4,1.25,False,103000,1.9166666666666667,0,80,124,40,36,8,0,0,44,7,9,0.8333333333333334,40.0,0.0,True,False
288,4 4 18,48,16.0,4,1.25,False,103500,1.9027777777777777,0,70,124,46,40,8,0,0,48,6,13,0.9166666666666666,44.0,0.0,True,False
288,4 4 18,48,16.0,4,1.25,False,104000,1.9027777777777777,0,70,124,46,40,8,0,0,48,6,13,0.9166666666666666,44.0,0.0,True,False
288,4 4 18,48,16.0,4,1.25,False,104500,1.9027777777777777,0,70,124,46,40,8,0,0,48,6,13,0.9166666666666666,44.0,0.0,True,False
288,4 4 18,48,16.0,4,1.25,False,105000,1.9166666666666667,0,80,124,40,36,8,0,0,44,7,11,0.8333333333333334,40.0,0.0,True,False
288,4 4 18,48,16.0,4,1.25,False,105500,1.9027777777777777,0,70,124,46,40,8,0,0,48,6,13,0.9166666666666666,44.0,0.0,True,False
288,4 4 18,48,16.0,4,1.25,False,106000,1.9375,0,62,124,50,44,8,0,0,52,8,13,0.7083333333333334,34.0,0.0,True,False
288,4 4 18,48,16.0,4,1.25,False,106500,1.9375,0,62,124,50,44,8,0,0,52,8,13,0.7083333333333334,34.0,0.0,True,False
288,4 4 18,48,16.0,4,1.25,False,107000,1.9375,0,62,124,50,44,8,0,0,52,8,13,0.7083333333333334,34.0,0.0,True,False
288,4 4 18,48,16.0,4,1.25,False,107500,1.9375,0,62,124,50,44,8,0,0,52,8,13,0.7083333333333334,34.0,0.0,True,False
288,4 4 18,48,16.0,4,1.25,False,108000,1.9027777777777777,0,70,124,46,40,8,0,0,48,6,13,0.9166666666666666,44.0,0.0,True,False
288,4 4 18,48,16.0,4,1.25,False,108500,1.9027777777777777,0,70,124,46,40,8,0,0,48,6,13,0.9166666666666666,44.0,0.0,True,False
288,4 4 18,48,16.0,4,1.25,False,109000,1.9027777777777777,0,70,124,46,40,8,0,0,48,6,13,0.9166666666666666,44.0,0.0,True,False
288,4 4 18,48,16.0,4,1.25,False,109500,1.9027777777777777,0,70,124,46,40,8,0,0,48,6,13,0.9166666666666666,44.0,0.0,True,False
288,4 4 18,48,16.0,4,1.25,False,110000,1.9027777777777777,0,70,124,46,40,8,0,0,48,6,13,0.9166666666666666,44.0,0.0,True,False
288,4 4 18,48,16.0,4,1.25,False,110500,1.9027777777777777,0,70,124,46,40,8,0,0,48,6,13,0.9166666666666666,44.0,0.0,True,False
288,4 4 18,48,16.0,4,1.25,False,111000,1.9027777777777777,0,70,124,46,40,8,0,0,48,6,13,0.9166666666666666,44.0,0.0,True,False
288,4 4 18,48,16.0,4,1.25,False,111500,1.9166666666666667,0,80,124,40,36,8,0,0,44,7,9,0.8333333333333334,40.0,0.0,True,False
288,4 4 18,48,16.0,4,1.25,False,112000,1.9305555555555556,0,92,120,36,32,8,0,0,40,7,9,0.75,36.0,0.0,True,False
288,4 4 18,48,16.0,4,1.25,False,112500,1.9027777777777777,0,70,124,46,40,8,0,0,48,6,13,0.9166666666666666,44.0,0.0,True,False
288,4 4 18,48,16.0,4,1.25,False,113000,1.9027777777777777,0,70,124,46,40,8,0,0,48,6,13,0.9166666666666666,44.0,0.0,True,False
288,4 4 18,48,16.0,4,1.25,False,113500,1.9027777777777777,0,70,124,46,40,8,0,0,48,6,13,0.9166666666666666,44.0,0.0,True,False
288,4 4 18,48,16.0,4,1.25,False,114000,1.9027777777777777,0,70,124,46,40,8,0,0,48,6,13,0.9166666666666666,44.0,0.0,True,False
288,4 4 18,48,16.0,4,1.25,False,114500,1.9027777777777777,0,70,124,46,40,8,0,0,48,6,13,0.9166666666666666,44.0,0.0,True,False
288,4 4 18,48,16.0,4,1.25,False,115000,1.9027777777777777,0,70,124,46,40,8,0,0,48,6,13,0.9166666666666666,44.0,0.0,True,False
288,4 4 18,48,16.0,4,1.25,False,115500,1.9166666666666667,0,80,124,40,36,8,0,0,44,7,11,0.8333333333333334,40.0,0.0,True,False
288,4 4 18,48,16.0,4,1.25,False,116000,1.9027777777777777,0,70,124,46,40,8,0,0,48,6,13,0.9166666666666666,44.0,0.0,True,False
288,4 4 18,48,16.0,4,1.25,False,116500,1.9027777777777777,0,70,124,46,40,8,0,0,48,6,13,0.9166666666666666,44.0,0.0,True,False
288,4 4 18,48,16.0,4,1.25,False,117000,1.9027777777777777,0,70,124,46,40,8,0,0,48,6,13,0.9166666666666666,44.0,0.0,True,False
288,4 4 18,48,16.0,4,1.25,False,117500,1.9027777777777777,0,70,124,46,40,8,0,0,48,6,13,0.9166666666666666,44.0,0.0,True,False
288,4 4 18,48,16.0,4,1.25,False,118000,1.9027777777777777,0,70,124,46,40,8,0,0,48,6,13,0.9166666666666666,44.0,0.0,True,False
288,4 4 18,48,16.0,4,1.25,False,118500,1.9027777777777777,0,70,124,46,40,8,0,0,48,6,13,0.9166666666666666,44.0,0.0,True,False
288,4 4 18,48,16.0,4,1.25,False,119000,1.9027777777777777,0,70,124,46,40,8,0,0,48,6,13,0.9166666666666666,44.0,0.0,True,False
288,4 4 18,48,16.0,4,1.25,False,119500,1.9027777777777777,0,70,124,46,40,8,0,0,48,6,13,0.9166666666666666,44.0,0.0,True,False
288,4 4 18,48,16.0,4,1.25,False,120000,1.9027777777777777,0,70,124,46,40,8,0,0,48,6,13,0.9166666666666666,44.0,0.0,True,False
288,4 4 18,48,16.0,4,1.25,False,120500,1.9027777777777777,0,70,124,46,40,8,0,0,48,6,13,0.9166666666666666,44.0,0.0,True,False
288,4 4 18,48,16.0,4,1.25,False,121000,1.9027777777777777,0,70,124,46,40,8,0,0,48,6,13,0.9166666666666666,44.0,0.0,True,False
288,4 4 18,48,16.0,4,1.25,False,121500,1.9027777777777777,0,70,124,46,40,8,0,0,48,6,13,0.9166666666666666,44.0,0.0,True,False
288,4 4 18,48,16.0,4,1.25,False,122000,1.9027777777777777,0,70,124,46,40,8,0,0,48,6,13,0.9166666666666666,44.0,0.0,True,False
288,4 4 18,48,16.0,4,1.25,False,122500,1.9027777777777777,0,70,124,46,40,8,0,0,48,6,13,0.9166666666666666,44.0,0.0,True,False
288,4 4 18,48,16.0,4,1.25,False,123000,1.9027777777777777,0,70,124,46,40,8,0,0,48,6,13,0.9166666666666666,44.0,0.0,True,False
288,4 4 18,48,16.0,4,1.25,False,123500,1.9027777777777777,0,70,124,46,40,8,0,0,48,6,13,0.9166666666666666,44.0,0.0,True,False
288,4 4 18,48,16.0,4,1.25,False,124000,1.9027777777777777,0,70,124,46,40,8,0,0,48,6,13,0.9166666666666666,44.0,0.0,True,False
288,4 4 18,48,16.0,4,1.25,False,124500,1.9027777777777777,0,70,124,46,40,8,0,0,48,6,13,0.9166666666666666,44.0,0.0,True,False
288,4 4 18,48,16.0,4,1.25,False,125000,1.9027777777777777,0,70,124,46,40,8,0,0,48,6,13,0.9166666666666666,44.0,0.0,True,False
288,4 4 18,48,16.0,4,1.25,False,125500,1.9027777777777777,0,70,124,46,40,8,0,0,48,6,13,0.9166666666666666,44.0,0.0,True,False
288,4 4 18,48,16.0,4,1.25,False,126000,1.9027777777777777,0,70,124,46,40,8,0,0,48,6,13,0.9166666666666666,44.0,0.0,True,False
288,4 4 18,48,16.0,4,1.25,False,126500,1.9027777777777777,0,70,124,46,40,8,0,0,48,6,13,0.9166666666666666,44.0,0.0,True,False
288,4 4 18,48,16.0,4,1.25,False,127000,1.9027777777777777,0,70,124,46,40,8,0,0,48,6,13,0.9166666666666666,44.0,0.0,True,False
288,4 4 18,48,16.0,4,1.25,False,127500,1.9305555555555556,0,92,120,36,32,8,0,0,40,8,8,0.75,36.0,0.0,True,False
288,4 4 18,48,16.0,4,1.25,False,128000,1.9166666666666667,0,80,124,40,36,8,0,0,44,7,9,0.8333333333333334,40.0,0.0,True,False
288,4 4 18,48,16.0,4,1.25,False,128500,1.9027777777777777,0,70,124,46,40,8,0,0,48,6,13,0.9166666666666666,44.0,0.0,True,False
288,4 4 18,48,16.0,4,1.25,False,129000,1.9027777777777777,0,70,124,46,40,8,0,0,48,6,13,0.9166666666666666,44.0,0.0,True,False
288,4 4 18,48,16.0,4,1.25,False,129500,1.9027777777777777,0,70,124,46,40,8,0,0,48,6,13,0.9166666666666666,44.0,0.0,True,False
288,4 4 18,48,16.0,4,1.25,False,130000,1.9027777777777777,0,70,124,46,40,8,0,0,48,6,13,0.9166666666666666,44.0,0.0,True,False
288,4 4 18,48,16.0,4,1.25,False,130500,1.9166666666666667,0,80,124,40,36,8,0,0,44,7,11,0.8333333333333334,40.0,0.0,True,False
288,4 4 18,48,16.0,4,1.25,False,131000,1.9305555555555556,0,92,120,32,40,4,0,0,44,9,11,0.75,36.0,0.0,True,False
288,4 4 18,48,16.0,4,1.25,False,131500,1.9305555555555556,0,76,120,40,48,4,0,0,52,7,11,0.75,36.0,0.0,True,False
288,4 4 18,48,16.0,4,1.25,False,132000,1.875,0,104,116,28,36,4,0,0,40,5,11,1.0833333333333333,52.0,0.0,True,False
288,4 4 18,48,16.0,4,1.25,False,132500,1.875,0,104,116,28,36,4,0,0,40,5,11,1.0833333333333333,52.0,0.0,True,False
288,4 4 18,48,16.0,4,1.25,False,133000,1.9305555555555556,0,104,116,26,36,6,0,0,42,6,10,0.75,36.0,0.0,True,False
288,4 4 18,48,16.0,4,1.25,False,133500,1.9305555555555556,0,104,116,26,36,6,0,0,42,6,10,0.75,36.0,0.0,True,False
288,4 4 18,48,16.0,4,1.25,False,134000,1.875,0,104,116,28,36,4,0,0,40,5,11,1.0833333333333333,52.0,0.0,True,False
288,4 4 18,48,16.0,4,1.25,False,134500,1.9305555555555556,0,86,116,38,44,4,0,0,48,6,13,0.75,36.0,0.0,True,False
288,4 4 18,48,16.0,4,1.25,False,135000,1.9305555555555556,0,86,116,38,44,4,0,0,48,6,13,0.75,36.0,0.0,True,False
288,4 4 18,48,16.0,4,1.25,False,135500,1.875,0,104,116,28,36,4,0,0,40,5,11,1.0833333333333333,52.0,0.0,True,False
288,4 4 18,48,16.0,4,1.25,False,136000,1.875,0,104,116,28,36,4,0,0,40,5,11,1.0833333333333333,52.0,0.0,True,False
288,4 4 18,48,16.0,4,1.25,False,136500,1.9305555555555556,0,92,120,32,40,4,0,0,44,9,11,0.75,36.0,0.0,True,False
288,4 4 18,48,16.0,4,1.25,False,137000,1.9027777777777777,0,68,128,44,40,8,0,0,48,7,11,0.9166666666666666,44.0,0.0,True,False
288,4 4 18,48,16.0,4,1.25,False,137500,1.9027777777777777,0,68,128,44,40,8,0,0,48,7,11,0.9166666666666666,44.0,0.0,True,False
288,4 4 18,48,16.0,4,1.25,False,138000,1.9027777777777777,0,68,128,44,40,8,0,0,48,7,11,0.9166666666666666,44.0,0.0,True,False
288,4 4 18,48,16.0,4,1.25,False,138500,1.9027777777777777,0,68,128,44,40,8,0,0,48,7,11,0.9166666666666666,44.0,0.0,True,False
288,4 4 18,48,16.0,4,1.25,False,139000,1.9027777777777777,0,68,128,44,40,8,0,0,48,7,11,0.9166666666666666,44.0,0.0,True,False
288,4 4 18,48,16.0,4,1.25,False,139500,1.9027777777777777,0,68,128,44,40,8,0,0,48,7,11,0.9166666666666666,44.0,0.0,True,False
288,4 4 18,48,16.0,4,1.25,False,140000,1.8888888888888888,0,58,128,50,44,8,0,0,52,6,14,1.0,48.0,0.0,True,False
288,4 4 18,48,16.0,4,1.25,False,140500,1.8888888888888888,0,58,128,50,44,8,0,0,52,6,14,1.0,48.0,0.0,True,False
288,4 4 18,48,16.0,4,1.25,False,141000,1.9027777777777777,0,68,128,44,40,8,0,0,48,7,11,0.9166666666666666,44.0,0.0,True,False
288,4 4 18,48,16.0,4,1.25,False,141500,1.9027777777777777,0,68,128,44,40,8,0,0,48,7,11,0.9166666666666666,44.0,0.0,True,False
288,4 4 18,48,16.0,4,1.25,False,142000,1.8888888888888888,0,58,128,50,44,8,0,0,52,6,14,1.0,48.0,0.0,True,False
288,4 4 18,48,16.0,4,1.25,False,142500,1.8888888888888888,0,58,128,50,44,8,0,0,52,6,14,1.0,48.0,0.0,True,False
288,4 4 18,48,16.0,4,1.25,False,143000,1.8888888888888888,0,58,128,50,44,8,0,0,52,6,14,1.0,48.0,0.0,True,False
288,4 4 18,48,16.0,4,1.25,False,143500,1.9027777777777777,0,68,128,44,40,8,0,0,48,7,11,0.9166666666666666,44.0,0.0,True,False
288,4 4 18,48,16.0,4,1.25,False,144000,1.8888888888888888,0,58,128,50,44,8,0,0,52,6,14,1.0,48.0,0.0,True,False
288,4 4 18,48,16.0,4,1.25,False,144500,1.8888888888888888,0,58,128,50,44,8,0,0,52,6,14,1.0,48.0,0.0,True,False
288,4 4 18,48,16.0,4,1.25,False,145000,1.8888888888888888,0,58,128,50,44,8,0,0,52,6,14,1.0,48.0,0.0,True,False
288,4 4 18,48,16.0,4,1.25,False,145500,1.9027777777777777,0,68,128,44,40,8,0,0,48,7,11,0.9166666666666666,44.0,0.0,True,False
288,4 4 18,48,16.0,4,1.25,False,146000,1.8888888888888888,0,58,128,50,44,8,0,0,52,6,14,1.0,48.0,0.0,True,False
288,4 4 18,48,16.0,4,1.25,False,146500,1.8888888888888888,0,58,128,50,44,8,0,0,52,6,14,1.0,48.0,0.0,True,False
288,4 4 18,48,16.0,4,1.25,False,147000,1.8888888888888888,0,58,128,50,44,8,0,0,52,6,14,1.0,48.0,0.0,True,False
288,4 4 18,48,16.0,4,1.25,False,147500,1.8888888888888888,0,58,128,50,44,8,0,0,52,6,14,1.0,48.0,0.0,True,False
288,4 4 18,48,16.0,4,1.25,False,148000,1.8888888888888888,0,58,128,50,44,8,0,0,52,6,14,1.0,48.0,0.0,True,False
288,4 4 18,48,16.0,4,1.25,False,148500,1.8888888888888888,0,58,128,50,44,8,0,0,52,8,14,1.0,48.0,0.0,True,False
288,4 4 18,48,16.0,4,1.25,False,149000,1.8888888888888888,0,58,128,50,44,8,0,0,52,8,14,1.0,48.0,0.0,True,False
288,4 4 18,48,16.0,4,1.25,False,149500,1.8888888888888888,0,58,128,50,44,8,0,0,52,8,14,1.0,48.0,0.0,True,False
288,4 4 18,48,16.0,4,1.25,False,150000,1.8888888888888888,0,58,128,50,44,8,0,0,52,8,14,1.0,48.0,0.0,True,False
288,4 4 18,48,16.0,4,1.25,False,150500,1.8888888888888888,0,58,128,50,44,8,0,0,52,8,14,1.0,48.0,0.0,True,False
288,4 4 18,48,16.0,4,1.25,False,151000,1.8888888888888888,0,58,128,50,44,8,0,0,52,8,14,1.0,48.0,0.0,True,False
288,4 4 18,48,16.0,4,1.25,False,151500,1.8888888888888888,0,58,128,50,44,8,0,0,52,8,14,1.0,48.0,0.0,True,False
288,4 4 18,48,16.0,4,1.25,False,152000,1.8888888888888888,0,58,128,50,44,8,0,0,52,8,14,1.0,48.0,0.0,True,False
288,4 4 18,48,16.0,4,1.25,False,152500,1.8888888888888888,0,58,128,50,44,8,0,0,52,8,14,1.0,48.0,0.0,True,False
288,4 4 18,48,16.0,4,1.25,False,153000,1.8888888888888888,0,58,128,50,44,8,0,0,52,8,14,1.0,48.0,0.0,True,False
288,4 4 18,48,16.0,4,1.25,False,153500,1.9027777777777777,0,68,128,44,40,8,0,0,48,7,12,0.9166666666666666,44.0,0.0,True,False
288,4 4 18,48,16.0,4,1.25,False,154000,1.8888888888888888,0,58,128,50,44,8,0,0,52,8,14,1.0,48.0,0.0,True,False
288,4 4 18,48,16.0,4,1.25,False,154500,1.8888888888888888,0,58,128,50,44,8,0,0,52,8,14,1.0,48.0,0.0,True,False
288,4 4 18,48,16.0,4,1.25,False,155000,1.8888888888888888,0,58,128,50,44,8,0,0,52,8,14,1.0,48.0,0.0,True,False
288,4 4 18,48,16.0,4,1.25,False,155500,1.8888888888888888,0,58,128,50,44,8,0,0,52,8,14,1.0,48.0,0.0,True,False
288,4 4 18,48,16.0,4,1.25,False,156000,1.8888888888888888,0,58,128,50,44,8,0,0,52,8,14,1.0,48.0,0.0,True,False
288,4 4 18,48,16.0,4,1.25,False,156500,1.8888888888888888,0,58,128,50,44,8,0,0,52,8,14,1.0,48.0,0.0,True,False
288,4 4 18,48,16.0,4,1.25,False,157000,1.8888888888888888,0,58,128,50,44,8,0,0,52,8,14,1.0,48.0,0.0,True,False
288,4 4 18,48,16.0,4,1.25,False,157500,1.8888888888888888,0,58,128,50,44,8,0,0,52,8,14,1.0,48.0,0.0,True,False
288,4 4 18,48,16.0,4,1.25,False,158000,1.8888888888888888,0,58,128,50,44,8,0,0,52,8,14,1.0,48.0,0.0,True,False
288,4 4 18,48,16.0,4,1.25,False,158500,1.8888888888888888,0,58,128,50,44,8,0,0,52,8,14,1.0,48.0,0.0,True,False
288,4 4 18,48,16.0,4,1.25,False,159000,1.8888888888888888,0,58,128,50,44,8,0,0,52,8,14,1.0,48.0,0.0,True,False
288,4 4 18,48,16.0,4,1.25,False,159500,1.8888888888888888,0,58,128,50,44,8,0,0,52,8,14,1.0,48.0,0.0,True,False
288,4 4 18,48,16.0,4,1.25,False,160000,1.8888888888888888,0,58,128,50,44,8,0,0,52,8,14,1.0,48.0,0.0,True,False
288,4 4 18,48,16.0,4,1.25,False,160500,1.8888888888888888,0,58,128,50,44,8,0,0,52,8,14,1.0,48.0,0.0,True,False
288,4 4 18,48,16.0,4,1.25,False,161000,1.8888888888888888,0,58,128,50,44,8,0,0,52,8,14,1.0,48.0,0.0,True,False
288,4 4 18,48,16.0,4,1.25,False,161500,1.8888888888888888,0,58,128,50,44,8,0,0,52,8,14,1.0,48.0,0.0,True,False
288,4 4 18,48,16.0,4,1.25,False,162000,1.8888888888888888,0,58,128,50,44,8,0,0,52,8,14,1.0,48.0,0.0,True,False
288,4 4 18,48,16.0,4,1.25,False,162500,1.8888888888888888,0,58,128,50,44,8,0,0,52,8,14,1.0,48.0,0.0,True,False
288,4 4 18,48,16.0,4,1.25,False,163000,1.8888888888888888,0,58,128,50,44,8,0,0,52,8,14,1.0,48.0,0.0,True,False
288,4 4 18,48,16.0,4,1.25,False,163500,1.8888888888888888,0,58,128,50,44,8,0,0,52,8,14,1.0,48.0,0.0,True,False
288,4 4 18,48,16.0,4,1.25,False,164000,1.8888888888888888,0,58,128,50,44,8,0,0,52,8,14,1.0,48.0,0.0,True,False
288,4 4 18,48,16.0,4,1.25,False,164500,1.8888888888888888,0,58,128,50,44,8,0,0,52,8,14,1.0,48.0,0.0,True,False
288,4 4 18,48,16.0,4,1.25,False,165000,1.8888888888888888,0,58,128,50,44,8,0,0,52,8,14,1.0,48.0,0.0,True,False
288,4 4 18,48,16.0,4,1.25,False,165500,1.8888888888888888,0,58,128,50,44,8,0,0,52,8,14,1.0,48.0,0.0,True,False
288,4 4 18,48,16.0,4,1.25,False,166000,1.8888888888888888,0,58,128,50,44,8,0,0,52,8,14,1.0,48.0,0.0,True,False
288,4 4 18,48,16.0,4,1.25,False,166500,1.9166666666666667,0,80,124,40,36,8,0,0,44,7,12,0.8333333333333334,40.0,0.0,True,False
288,4 4 18,48,16.0,4,1.25,False,167000,1.8888888888888888,0,58,128,50,44,8,0,0,52,8,14,1.0,48.0,0.0,True,False
288,4 4 18,48,16.0,4,1.25,False,167500,1.8888888888888888,0,58,128,50,44,8,0,0,52,8,14,1.0,48.0,0.0,True,False
288,4 4 18,48,16.0,4,1.25,False,168000,1.8888888888888888,0,58,128,50,44,8,0,0,52,8,14,1.0,48.0,0.0,True,False
288,4 4 18,48,16.0,4,1.25,False,168500,1.8888888888888888,0,58,128,50,44,8,0,0,52,8,14,1.0,48.0,0.0,True,False
288,4 4 18,48,16.0,4,1.25,False,169000,1.9027777777777777,0,68,128,44,40,8,0,0,48,6,14,0.9166666666666666,44.0,0.0,True,False
288,4 4 18,48,16.0,4,1.25,False,169500,1.8888888888888888,0,58,128,50,44,8,0,0,52,8,14,1.0,48.0,0.0,True,False
288,4 4 18,48,16.0,4,1.25,False,170000,1.8888888888888888,0,58,128,50,44,8,0,0,52,8,14,1.0,48.0,0.0,True,False
288,4 4 18,48,16.0,4,1.25,False,170500,1.8888888888888888,0,58,128,50,44,8,0,0,52,8,14,1.0,48.0,0.0,True,False
288,4 4 18,48,16.0,4,1.25,False,171000,1.8888888888888888,0,58,128,50,44,8,0,0,52,8,14,1.0,48.0,0.0,True,False
288,4 4 18,48,16.0,4,1.25,False,171500,1.8888888888888888,0,58,128,50,44,8,0,0,52,8,14,1.0,48.0,0.0,True,False
288,4 4 18,48,16.0,4,1.25,False,172000,1.8888888888888888,0,58,128,50,44,8,0,0,52,8,14,1.0,48.0,0.0,True,False
288,4 4 18,48,16.0,4,1.25,False,172500,1.8888888888888888,0,58,128,50,44,8,0,0,52,8,14,1.0,48.0,0.0,True,False
288,4 4 18,48,16.0,4,1.25,False,173000,1.8888888888888888,0,58,128,50,44,8,0,0,52,8,14,1.0,48.0,0.0,True,False
288,4 4 18,48,16.0,4,1.25,False,173500,1.8888888888888888,0,58,128,50,44,8,0,0,52,8,14,1.0,48.0,0.0,True,False
288,4 4 18,48,16.0,4,1.25,False,174000,1.8888888888888888,0,58,128,50,44,8,0,0,52,8,14,1.0,48.0,0.0,True,False
288,4 4 18,48,16.0,4,1.25,False,174500,1.8888888888888888,0,58,128,50,44,8,0,0,52,8,14,1.0,48.0,0.0,True,False
288,4 4 18,48,16.0,4,1.25,False,175000,1.8888888888888888,0,58,128,50,44,8,0,0,52,8,14,1.0,48.0,0.0,True,False
288,4 4 18,48,16.0,4,1.25,False,175500,1.8888888888888888,0,58,128,50,44,8,0,0,52,8,14,1.0,48.0,0.0,True,False
288,4 4 18,48,16.0,4,1.25,False,176000,1.8888888888888888,0,58,128,50,44,8,0,0,52,8,14,1.0,48.0,0.0,True,False
288,4 4 18,48,16.0,4,1.25,False,176500,1.8888888888888888,0,58,128,50,44,8,0,0,52,8,14,1.0,48.0,0.0,True,False
288,4 4 18,48,16.0,4,1.25,False,177000,1.8888888888888888,0,58,128,50,44,8,0,0,52,8,14,1.0,48.0,0.0,True,False
288,4 4 18,48,16.0,4,1.25,False,177500,1.8888888888888888,0,58,128,50,44,8,0,0,52,8,14,1.0,48.0,0.0,True,False
288,4 4 18,48,16.0,4,1.25,False,178000,1.8888888888888888,0,58,128,50,44,8,0,0,52,8,14,1.0,48.0,0.0,True,False
288,4 4 18,48,16.0,4,1.25,False,178500,1.8888888888888888,0,58,128,50,44,8,0,0,52,8,14,1.0,48.0,0.0,True,False
288,4 4 18,48,16.0,4,1.25,False,179000,1.8888888888888888,0,58,128,50,44,8,0,0,52,8,14,1.0,48.0,0.0,True,False
288,4 4 18,48,16.0,4,1.25,False,179500,1.8888888888888888,0,58,128,50,44,8,0,0,52,8,14,1.0,48.0,0.0,True,False
288,4 4 18,48,16.0,4,1.25,False,180000,1.8888888888888888,0,58,128,50,44,8,0,0,52,8,14,1.0,48.0,0.0,True,False
288,4 4 18,48,16.0,4,1.25,False,180500,1.9027777777777777,0,68,128,44,40,8,0,0,48,6,14,0.9166666666666666,44.0,0.0,True,False
288,4 4 18,48,16.0,4,1.25,False,181000,1.9166666666666667,0,80,124,36,44,4,0,0,48,8,14,0.8333333333333334,40.0,0.0,True,False
288,4 4 18,48,16.0,4,1.25,False,181500,1.9166666666666667,0,73,122,41,48,4,0,0,52,7,14,0.8333333333333334,40.0,0.0,True,False
288,4 4 18,48,16.0,4,1.25,False,182000,1.9166666666666667,0,72,124,40,48,4,0,0,52,6,14,0.8333333333333334,40.0,0.0,True,False
288,4 4 18,48,16.0,4,1.25,False,182500,1.8888888888888888,0,58,128,50,44,8,0,0,52,8,14,1.0,48.0,0.0,True,False
288,4 4 18,48,16.0,4,1.25,False,183000,1.8888888888888888,0,58,128,50,44,8,0,0,52,8,14,1.0,48.0,0.0,True,False
288,4 4 18,48,16.0,4,1.25,False,183500,1.8888888888888888,0,58,128,50,44,8,0,0,52,8,14,1.0,48.0,0.0,True,False
288,4 4 18,48,16.0,4,1.25,False,184000,1.8888888888888888,0,58,128,50,44,8,0,0,52,8,14,1.0,48.0,0.0,True,False
288,4 4 18,48,16.0,4,1.25,False,184500,1.8888888888888888,0,58,128,50,44,8,0,0,52,8,14,1.0,48.0,0.0,True,False
288,4 4 18,48,16.0,4,1.25,False,185000,1.8888888888888888,0,58,128,50,44,8,0,0,52,8,14,1.0,48.0,0.0,True,False
288,4 4 18,48,16.0,4,1.25,False,185500,1.9027777777777777,0,68,128,44,40,8,0,0,48,7,12,0.9166666666666666,44.0,0.0,True,False
288,4 4 18,48,16.0,4,1.25,False,186000,1.8888888888888888,0,58,128,50,44,8,0,0,52,6,14,1.0,48.0,0.0,True,False
288,4 4 18,48,16.0,4,1.25,False,186500,1.8888888888888888,0,58,128,50,44,8,0,0,52,8,14,1.0,48.0,0.0,True,False
288,4 4 18,48,16.0,4,1.25,False,187000,1.8888888888888888,0,58,128,50,44,8,0,0,52,8,14,1.0,48.0,0.0,True,False
288,4 4 18,48,16.0,4,1.25,False,187500,1.8888888888888888,0,58,128,50,44,8,0,0,52,8,14,1.0,48.0,0.0,True,False
288,4 4 18,48,16.0,4,1.25,False,188000,1.8888888888888888,0,58,128,50,44,8,0,0,52,8,14,1.0,48.0,0.0,True,False
288,4 4 18,48,16.0,4,1.25,False,188500,1.8888888888888888,0,58,128,50,44,8,0,0,52,8,14,1.0,48.0,0.0,True,False
288,4 4 18,48,16.0,4,1.25,False,189000,1.8888888888888888,0,58,128,50,44,8,0,0,52,8,14,1.0,48.0,0.0,True,False
288,4 4 18,48,16.0,4,1.25,False,189500,1.8888888888888888,0,58,128,50,44,8,0,0,52,8,14,1.0,48.0,0.0,True,False
288,4 4 18,48,16.0,4,1.25,False,190000,1.8888888888888888,0,58,128,50,44,8,0,0,52,8,14,1.0,48.0,0.0,True,False
288,4 4 18,48,16.0,4,1.25,False,190500,1.8888888888888888,0,58,128,50,44,8,0,0,52,8,14,1.0,48.0,0.0,True,False
288,4 4 18,48,16.0,4,1.25,False,191000,1.8888888888888888,0,58,128,50,44,8,0,0,52,8,14,1.0,48.0,0.0,True,False
288,4 4 18,48,16.0,4,1.25,False,191500,1.8888888888888888,0,58,128,50,44,8,0,0,52,8,14,1.0,48.0,0.0,True,False
288,4 4 18,48,16.0,4,1.25,False,192000,1.8888888888888888,0,58,128,50,44,8,0,0,52,8,14,1.0,48.0,0.0,True,False
288,4 4 18,48,16.0,4,1.25,False,192500,1.8888888888888888,0,58,128,50,44,8,0,0,52,8,14,1.0,48.0,0.0,True,False
288,4 4 18,48,16.0,4,1.25,False,193000,1.8888888888888888,0,58,128,50,44,8,0,0,52,8,14,1.0,48.0,0.0,True,False
288,4 4 18,48,16.0,4,1.25,False,193500,1.8888888888888888,0,58,128,50,44,8,0,0,52,8,14,1.0,48.0,0.0,True,False
288,4 4 18,48,16.0,4,1.25,False,194000,1.9027777777777777,0,68,128,40,48,4,0,0,52,8,14,0.9166666666666666,44.0,0.0,True,False
288,4 4 18,48,16.0,4,1.25,False,194500,1.8472222222222223,0,80,124,36,44,4,0,0,48,4,14,1.25,60.0,0.0,True,False
288,4 4 18,48,16.0,4,1.25,False,195000,1.8333333333333333,0,68,128,40,48,4,0,0,52,4,14,1.3333333333333333,64.0,0.0,True,False
288,4 4 18,48,16.0,4,1.25,False,195500,1.8194444444444444,0,56,132,44,52,4,0,0,56,4,14,1.4166666666666667,68.0,0.0,True,False
288,4 4 18,48,16.0,4,1.25,False,196000,1.8159722222222223,0,50,128,50,60,0,0,0,60,5,14,1.4375,69.0,0.0,True,False
288,4 4 18,48,16.0,4,1.25,False,196500,1.8333333333333333,0,52,128,50,52,6,0,0,58,4,14,1.3333333333333333,64.0,0.0,True,False
288,4 4 18,48,16.0,4,1.25,False,197000,1.8194444444444444,0,48,132,50,52,6,0,0,58,4,14,1.4166666666666667,68.0,0.0,True,False
288,4 4 18,48,16.0,4,1.25,False,197500,1.8194444444444444,0,48,132,50,52,6,0,0,58,4,14,1.4166666666666667,68.0,0.0,True,False
288,4 4 18,48,16.0,4,1.25,False,198000,1.8194444444444444,0,48,132,50,52,6,0,0,58,4,14,1.4166666666666667,68.0,0.0,True,False
288,4 4 18,48,16.0,4,1.25,False,198500,1.875,0,38,132,56,56,6,0,0,62,7,26,1.0833333333333333,52.0,0.0,True,False
288,4 4 18,48,16.0,4,1.25,False,199000,1.8194444444444444,0,48,132,50,52,6,0,0,58,4,14,1.4166666666666667,68.0,0.0,True,False
288,4 4 18,48,16.0,4,1.25,False,199500,1.8194444444444444,0,48,132,50,52,6,0,0,58,4,14,1.4166666666666667,68.0,0.0,True,False
288,4 4 18,48,16.0,4,1.25,False,200000,1.8194444444444444,0,48,132,50,52,6,0,0,58,4,14,1.4166666666666667,68.0,0.0,True,False
288,4 4 18,48,16.0,4,1.25,False,200500,1.8194444444444444,0,48,132,50,52,6,0,0,58,4,14,1.4166666666666667,68.0,0.0,True,False
288,4 4 18,48,16.0,4,1.25,False,201000,1.8333333333333333,0,52,128,50,52,6,0,0,58,4,14,1.3333333333333333,64.0,0.0,True,False
288,4 4 18,48,16.0,4,1.25,False,201500,1.8611111111111112,0,39,119,69,61,0,0,0,61,6,40,1.1666666666666667,56.0,0.0,True,False
288,4 4 18,48,16.0,4,1.25,False,202000,1.8055555555555556,0,48,120,64,56,0,0,0,56,4,24,1.5,72.0,0.0,True,False
288,4 4 18,48,16.0,4,1.25,False,202500,1.7222222222222223,0,52,128,52,56,0,0,0,56,4,14,2.0,96.0,0.0,True,False
288,4 4 18,48,16.0,4,1.25,False,203000,1.8055555555555556,0,48,125,54,61,0,0,0,61,6,14,1.5,72.0,0.0,True,False
288,4 4 18,48,16.0,4,1.25,False,203500,1.8055555555555556,0,48,125,54,61,0,0,0,61,6,14,1.5,72.0,0.0,True,False
288,4 4 18,48,16.0,4,1.25,False,204000,1.8055555555555556,0,48,125,54,61,0,0,0,61,6,14,1.5,72.0,0.0,True,False
288,4 4 18,48,16.0,4,1.25,False,204500,1.8020833333333333,0,48,127,55,57,1,0,0,58,4,28,1.5208333333333333,73.0,0.0,True,False
288,4 4 18,48,16.0,4,1.25,False,205000,1.7222222222222223,0,52,128,52,56,0,0,0,56,4,14,2.0,96.0,0.0,True,False
288,4 4 18,48,16.0,4,1.25,False,205500,1.7222222222222223,0,52,128,52,56,0,0,0,56,4,14,2.0,96.0,0.0,True,False
288,4 4 18,48,16.0,4,1.25,False,206000,1.7777777777777777,0,42,128,58,60,0,0,0,60,7,28,1.6666666666666667,80.0,0.0,True,False
288,4 4 18,48,16.0,4,1.25,False,206500,1.8333333333333333,0,32,128,64,64,0,0,0,64,10,42,1.3333333333333333,64.0,0.0,True,False
288,4 4 18,48,16.0,4,1.25,False,207000,1.7777777777777777,0,42,128,58,60,0,0,0,60,7,28,1.6666666666666667,80.0,0.0,True,False
288,4 4 18,48,16.0,4,1.25,False,207500,1.7777777777777777,0,42,128,58,60,0,0,0,60,7,28,1.6666666666666667,80.0,0.0,True,False
288,4 4 18,48,16.0,4,1.25,False,208000,1.7222222222222223,0,52,128,52,56,0,0,0,56,4,14,2.0,96.0,0.0,True,False
288,4 4 18,48,16.0,4,1.25,False,208500,1.7222222222222223,0,52,128,52,56,0,0,0,56,4,14,2.0,96.0,0.0,True,False
288,4 4 18,48,16.0,4,1.25,False,209000,1.7777777777777777,0,42,128,58,60,0,0,0,60,7,28,1.6666666666666667,80.0,0.0,True,False
288,4 4 18,48,16.0,4,1.25,False,209500,1.8333333333333333,0,32,128,64,64,0,0,0,64,10,28,1.3333333333333333,64.0,0.0,True,False
288,4 4 18,48,16.0,4,1.25,False,210000,1.7222222222222223,0,52,128,52,56,0,0,0,56,4,14,2.0,96.0,0.0,True,False
288,4 4 18,48,16.0,4,1.25,False,210500,1.7222222222222223,0,52,128,52,56,0,0,0,56,4,14,2.0,96.0,0.0,True,False
288,4 4 18,48,16.0,4,1.25,False,211000,1.7222222222222223,0,52,128,52,56,0,0,0,56,4,14,2.0,96.0,0.0,True,False
288,4 4 18,48,16.0,4,1.25,False,211500,1.7777777777777777,0,42,128,58,60,0,0,0,60,7,28,1.6666666666666667,80.0,0.0,True,False
288,4 4 18,48,16.0,4,1.25,False,212000,1.8263888888888888,0,47,124,57,58,2,0,0,60,6,16,1.375,66.0,0.0,True,False
288,4 4 18,48,16.0,4,1.25,False,212500,1.8263888888888888,0,40,122,62,62,2,0,0,64,5,34,1.375,66.0,0.0,True,False
288,4 4 18,48,16.0,4,1.25,False,213000,1.8263888888888888,0,47,124,57,58,2,0,0,60,6,16,1.375,66.0,0.0,True,False
288,4 4 18,48,16.0,4,1.25,False,213500,1.7777777777777777,0,42,128,58,60,0,0,0,60,7,28,1.6666666666666667,80.0,0.0,True,False
288,4 4 18,48,16.0,4,1.25,False,214000,1.7222222222222223,0,52,128,52,56,0,0,0,56,4,14,2.0,96.0,0.0,True,False
288,4 4 18,48,16.0,4,1.25,False,214500,1.7222222222222223,0,52,128,52,56,0,0,0,56,4,14,2.0,96.0,0.0,True,False
288,4 4 18,48,16.0,4,1.25,False,215000,1.7222222222222223,0,52,128,52,56,0,0,0,56,4,14,2.0,96.0,0.0,True,False
288,4 4 18,48,16.0,4,1.25,False,215500,1.7222222222222223,0,52,128,52,56,0,0,0,56,4,14,2.0,96.0,0.0,True,False
288,4 4 18,48,16.0,4,1.25,False,216000,1.7222222222222223,0,52,128,52,56,0,0,0,56,4,14,2.0,96.0,0.0,True,False
288,4 4 18,48,16.0,4,1.25,False,216500,1.7222222222222223,0,52,128,52,56,0,0,0,56,4,14,2.0,96.0,0.0,True,False
288,4 4 18,48,16.0,4,1.25,False,217000,1.7222222222222223,0,52,128,52,56,0,0,0,56,4,14,2.0,96.0,0.0,True,False
288,4 4 18,48,16.0,4,1.25,False,217500,1.7222222222222223,0,52,128,52,56,0,0,0,56,4,14,2.0,96.0,0.0,True,False
288,4 4 18,48,16.0,4,1.25,False,218000,1.7222222222222223,0,52,128,52,56,0,0,0,56,4,14,2.0,96.0,0.0,True,False
288,4 4 18,48,16.0,4,1.25,False,218500,1.7222222222222223,0,52,128,52,56,0,0,0,56,4,14,2.0,96.0,0.0,True,False
288,4 4 18,48,16.0,4,1.25,False,219000,1.7222222222222223,0,52,128,52,56,0,0,0,56,4,14,2.0,96.0,0.0,True,False
288,4 4 18,48,16.0,4,1.25,False,219500,1.7222222222222223,0,52,128,52,56,0,0,0,56,4,14,2.0,96.0,0.0,True,False
288,4 4 18,48,16.0,4,1.25,False,220000,1.7222222222222223,0,52,128,52,56,0,0,0,56,4,14,2.0,96.0,0.0,True,False
288,4 4 18,48,16.0,4,1.25,False,220500,1.7222222222222223,0,52,128,52,56,0,0,0,56,4,14,2.0,96.0,0.0,True,False
288,4 4 18,48,16.0,4,1.25,False,221000,1.7222222222222223,0,52,128,52,56,0,0,0,56,4,14,2.0,96.0,0.0,True,False
288,4 4 18,48,16.0,4,1.25,False,221500,1.7777777777777777,0,42,128,58,60,0,0,0,60,7,28,1.6666666666666667,80.0,0.0,True,False
288,4 4 18,48,16.0,4,1.25,False,222000,1.7777777777777777,0,42,128,58,60,0,0,0,60,7,28,1.6666666666666667,80.0,0.0,True,False
288,4 4 18,48,16.0,4,1.25,False,222500,1.7777777777777777,0,42,128,58,60,0,0,0,60,7,28,1.6666666666666667,80.0,0.0,True,False
288,4 4 18,48,16.0,4,1.25,False,223000,1.7222222222222223,0,52,128,52,56,0,0,0,56,4,14,2.0,96.0,0.0,True,False
288,4 4 18,48,16.0,4,1.25,False,223500,1.7222222222222223,0,52,128,52,56,0,0,0,56,4,14,2.0,96.0,0.0,True,False
288,4 4 18,48,16.0,4,1.25,False,224000,1.7222222222222223,0,52,128,52,56,0,0,0,56,4,14,2.0,96.0,0.0,True,False
288,4 4 18,48,16.0,4,1.25,False,224500,1.7222222222222223,0,52,128,52,56,0,0,0,56,4,14,2.0,96.0,0.0,True,False
288,4 4 18,48,16.0,4,1.25,False,225000,1.7222222222222223,0,52,128,52,56,0,0,0,56,4,14,2.0,96.0,0.0,True,False
288,4 4 18,48,16.0,4,1.25,False,225500,1.7777777777777777,0,42,128,58,60,0,0,0,60,7,28,1.6666666666666667,80.0,0.0,True,False
288,4 4 18,48,16.0,4,1.25,False,226000,1.7222222222222223,0,52,128,52,56,0,0,0,56,4,14,2.0,96.0,0.0,True,False
288,4 4 18,48,16.0,4,1.25,False,226500,1.7222222222222223,0,52,128,52,56,0,0,0,56,4,14,2.0,96.0,0.0,True,False
288,4 4 18,48,16.0,4,1.25,False,227000,1.7222222222222223,0,52,128,52,56,0,0,0,56,4,14,2.0,96.0,0.0,True,False
288,4 4 18,48,16.0,4,1.25,False,227500,1.7777777777777777,0,42,128,58,60,0,0,0,60,7,28,1.6666666666666667,80.0,0.0,True,False
288,4 4 18,48,16.0,4,1.25,False,228000,1.7222222222222223,0,52,128,52,56,0,0,0,56,4,14,2.0,96.0,0.0,True,False
288,4 4 18,48,16.0,4,1.25,False,228500,1.7222222222222223,0,52,128,52,56,0,0,0,56,4,14,2.0,96.0,0.0,True,False
288,4 4 18,48,16.0,4,1.25,False,229000,1.7222222222222223,0,52,128,52,56,0,0,0,56,4,14,2.0,96.0,0.0,True,False
288,4 4 18,48,16.0,4,1.25,False,229500,1.7222222222222223,0,52,128,52,56,0,0,0,56,4,14,2.0,96.0,0.0,True,False
288,4 4 18,48,16.0,4,1.25,False,230000,1.7222222222222223,0,52,128,52,56,0,0,0,56,4,14,2.0,96.0,0.0,True,False
288,4 4 18,48,16.0,4,1.25,False,230500,1.7222222222222223,0,52,128,52,56,0,0,0,56,4,14,2.0,96.0,0.0,True,False
288,4 4 18,48,16.0,4,1.25,False,231000,1.7222222222222223,0,52,128,52,56,0,0,0,56,4,14,2.0,96.0,0.0,True,False
288,4 4 18,48,16.0,4,1.25,False,231500,1.7222222222222223,0,52,128,52,56,0,0,0,56,4,14,2.0,96.0,0.0,True,False
288,4 4 18,48,16.0,4,1.25,False,232000,1.7222222222222223,0,52,128,52,56,0,0,0,56,4,14,2.0,96.0,0.0,True,False
288,4 4 18,48,16.0,4,1.25,False,232500,1.7222222222222223,0,52,128,52,56,0,0,0,56,4,14,2.0,96.0,0.0,True,False
288,4 4 18,48,16.0,4,1.25,False,233000,1.7222222222222223,0,52,128,52,56,0,0,0,56,4,14,2.0,96.0,0.0,True,False
288,4 4 18,48,16.0,4,1.25,False,233500,1.7222222222222223,0,52,128,52,56,0,0,0,56,4,14,2.0,96.0,0.0,True,False
288,4 4 18,48,16.0,4,1.25,False,234000,1.7222222222222223,0,52,128,52,56,0,0,0,56,4,14,2.0,96.0,0.0,True,False
288,4 4 18,48,16.0,4,1.25,False,234500,1.7222222222222223,0,52,128,52,56,0,0,0,56,4,14,2.0,96.0,0.0,True,False
288,4 4 18,48,16.0,4,1.25,False,235000,1.7222222222222223,0,52,128,52,56,0,0,0,56,4,14,2.0,96.0,0.0,True,False
288,4 4 18,48,16.0,4,1.25,False,235500,1.7222222222222223,0,52,128,52,56,0,0,0,56,4,14,2.0,96.0,0.0,True,False
288,4 4 18,48,16.0,4,1.25,False,236000,1.7222222222222223,0,52,128,52,56,0,0,0,56,4,14,2.0,96.0,0.0,True,False
288,4 4 18,48,16.0,4,1.25,False,236500,1.7222222222222223,0,52,128,52,56,0,0,0,56,4,14,2.0,96.0,0.0,True,False
288,4 4 18,48,16.0,4,1.25,False,237000,1.7222222222222223,0,52,128,52,56,0,0,0,56,4,14,2.0,96.0,0.0,True,False
288,4 4 18,48,16.0,4,1.25,False,237500,1.7222222222222223,0,52,128,52,56,0,0,0,56,4,14,2.0,96.0,0.0,True,False
288,4 4 18,48,16.0,4,1.25,False,238000,1.7222222222222223,0,52,128,52,56,0,0,0,56,4,14,2.0,96.0,0.0,True,False
288,4 4 18,48,16.0,4,1.25,False,238500,1.7222222222222223,0,52,128,52,56,0,0,0,56,4,14,2.0,96.0,0.0,True,False
288,4 4 18,48,16.0,4,1.25,False,239000,1.7222222222222223,0,52,128,52,56,0,0,0,56,4,14,2.0,96.0,0.0,True,False
288,4 4 18,48,16.0,4,1.25,False,239500,1.7222222222222223,0,52,128,52,56,0,0,0,56,4,14,2.0,96.0,0.0,True,False
288,4 4 18,48,16.0,4,1.25,False,240000,1.7222222222222223,0,52,128,52,56,0,0,0,56,4,14,2.0,96.0,0.0,True,False
288,4 4 18,48,16.0,4,1.25,False,240500,1.7222222222222223,0,52,128,52,56,0,0,0,56,4,14,2.0,96.0,0.0,True,False
288,4 4 18,48,16.0,4,1.25,False,241000,1.7222222222222223,0,52,128,52,56,0,0,0,56,4,14,2.0,96.0,0.0,True,False
288,4 4 18,48,16.0,4,1.25,False,241500,1.7222222222222223,0,52,128,52,56,0,0,0,56,4,14,2.0,96.0,0.0,True,False
288,4 4 18,48,16.0,4,1.25,False,242000,1.7222222222222223,0,52,128,52,56,0,0,0,56,4,14,2.0,96.0,0.0,True,False
288,4 4 18,48,16.0,4,1.25,False,242500,1.7222222222222223,0,52,128,52,56,0,0,0,56,4,14,2.0,96.0,0.0,True,False
288,4 4 18,48,16.0,4,1.25,False,243000,1.7222222222222223,0,52,128,52,56,0,0,0,56,4,14,2.0,96.0,0.0,True,False
288,4 4 18,48,16.0,4,1.25,False,243500,1.7222222222222223,0,52,128,52,56,0,0,0,56,4,14,2.0,96.0,0.0,True,False
288,4 4 18,48,16.0,4,1.25,False,244000,1.7777777777777777,0,42,128,58,60,0,0,0,60,7,28,1.6666666666666667,80.0,0.0,True,False
288,4 4 18,48,16.0,4,1.25,False,244500,1.7222222222222223,0,52,128,52,56,0,0,0,56,4,14,2.0,96.0,0.0,True,False
288,4 4 18,48,16.0,4,1.25,False,245000,1.7222222222222223,0,52,128,52,56,0,0,0,56,4,14,2.0,96.0,0.0,True,False
288,4 4 18,48,16.0,4,1.25,False,245500,1.7222222222222223,0,52,128,52,56,0,0,0,56,4,14,2.0,96.0,0.0,True,False
288,4 4 18,48,16.0,4,1.25,False,246000,1.7222222222222223,0,52,128,52,56,0,0,0,56,4,14,2.0,96.0,0.0,True,False
288,4 4 18,48,16.0,4,1.25,False,246500,1.7222222222222223,0,52,128,52,56,0,0,0,56,4,14,2.0,96.0,0.0,True,False
288,4 4 18,48,16.0,4,1.25,False,247000,1.7222222222222223,0,52,128,52,56,0,0,0,56,4,14,2.0,96.0,0.0,True,False
288,4 4 18,48,16.0,4,1.25,False,247500,1.7222222222222223,0,52,128,52,56,0,0,0,56,4,14,2.0,96.0,0.0,True,False
288,4 4 18,48,16.0,4,1.25,False,248000,1.7777777777777777,0,42,128,58,60,0,0,0,60,7,28,1.6666666666666667,80.0,0.0,True,False
288,4 4 18,48,16.0,4,1.25,False,248500,1.7777777777777777,0,42,128,58,60,0,0,0,60,7,28,1.6666666666666667,80.0,0.0,True,False
288,4 4 18,48,16.0,4,1.25,False,249000,1.7777777777777777,0,42,128,58,60,0,0,0,60,7,28,1.6666666666666667,80.0,0.0,True,False
288,4 4 18,48,16.0,4,1.25,False,249500,1.7222222222222223,0,52,128,52,56,0,0,0,56,4,14,2.0,96.0,0.0,True,False
288,4 4 18,48,16.0,4,1.25,False,250000,1.7222222222222223,0,52,128,52,56,0,0,0,56,4,14,2.0,96.0,0.0,True,False
288,4 4 18,48,16.0,4,1.25,False,250500,1.7222222222222223,0,52,128,52,56,0,0,0,56,4,14,2.0,96.0,0.0,True,False
288,4 4 18,48,16.0,4,1.25,False,251000,1.7222222222222223,0,52,128,52,56,0,0,0,56,4,14,2.0,96.0,0.0,True,False
288,4 4 18,48,16.0,4,1.25,False,251500,1.7222222222222223,0,52,128,52,56,0,0,0,56,4,14,2.0,96.0,0.0,True,False
288,4 4 18,48,16.0,4,1.25,False,252000,1.7222222222222223,0,52,128,52,56,0,0,0,56,4,14,2.0,96.0,0.0,True,False
288,4 4 18,48,16.0,4,1.25,False,252500,1.7222222222222223,0,52,128,52,56,0,0,0,56,4,14,2.0,96.0,0.0,True,False
288,4 4 18,48,16.0,4,1.25,False,253000,1.7222222222222223,0,52,128,52,56,0,0,0,56,4,14,2.0,96.0,0.0,True,False
288,4 4 18,48,16.0,4,1.25,False,253500,1.7222222222222223,0,52,128,52,56,0,0,0,56,4,14,2.0,96.0,0.0,True,False
288,4 4 18,48,16.0,4,1.25,False,254000,1.7222222222222223,0,52,128,52,56,0,0,0,56,4,14,2.0,96.0,0.0,True,False
288,4 4 18,48,16.0,4,1.25,False,254500,1.7222222222222223,0,52,128,52,56,0,0,0,56,4,14,2.0,96.0,0.0,True,False
288,4 4 18,48,16.0,4,1.25,False,255000,1.7222222222222223,0,52,128,52,56,0,0,0,56,4,14,2.0,96.0,0.0,True,False
288,4 4 18,48,16.0,4,1.25,False,255500,1.7222222222222223,0,52,128,52,56,0,0,0,56,4,14,2.0,96.0,0.0,True,False
288,4 4 18,48,16.0,4,1.25,False,256000,1.7222222222222223,0,52,128,52,56,0,0,0,56,4,14,2.0,96.0,0.0,True,False
288,4 4 18,48,16.0,4,1.25,False,256500,1.7222222222222223,0,52,128,52,56,0,0,0,56,4,14,2.0,96.0,0.0,True,False
288,4 4 18,48,16.0,4,1.25,False,257000,1.7222222222222223,0,52,128,52,56,0,0,0,56,4,14,2.0,96.0,0.0,True,False
288,4 4 18,48,16.0,4,1.25,False,257500,1.7222222222222223,0,52,128,52,56,0,0,0,56,4,14,2.0,96.0,0.0,True,False
288,4 4 18,48,16.0,4,1.25,False,258000,1.7222222222222223,0,52,128,52,56,0,0,0,56,4,14,2.0,96.0,0.0,True,False
288,4 4 18,48,16.0,4,1.25,False,258500,1.7222222222222223,0,52,128,52,56,0,0,0,56,4,14,2.0,96.0,0.0,True,False
288,4 4 18,48,16.0,4,1.25,False,259000,1.7222222222222223,0,52,128,52,56,0,0,0,56,4,14,2.0,96.0,0.0,True,False
288,4 4 18,48,16.0,4,1.25,False,259500,1.7222222222222223,0,52,128,52,56,0,0,0,56,4,14,2.0,96.0,0.0,True,False
288,4 4 18,48,16.0,4,1.25,False,260000,1.7222222222222223,0,52,128,52,56,0,0,0,56,4,14,2.0,96.0,0.0,True,False
288,4 4 18,48,16.0,4,1.25,False,260500,1.7222222222222223,0,52,128,52,56,0,0,0,56,4,14,2.0,96.0,0.0,True,False
288,4 4 18,48,16.0,4,1.25,False,261000,1.7222222222222223,0,52,128,52,56,0,0,0,56,4,14,2.0,96.0,0.0,True,False
288,4 4 18,48,16.0,4,1.25,False,261500,1.7222222222222223,0,52,128,52,56,0,0,0,56,4,14,2.0,96.0,0.0,True,False
288,4 4 18,48,16.0,4,1.25,False,262000,1.7222222222222223,0,52,128,52,56,0,0,0,56,4,14,2.0,96.0,0.0,True,False
288,4 4 18,48,16.0,4,1.25,False,262500,1.7222222222222223,0,52,128,52,56,0,0,0,56,4,14,2.0,96.0,0.0,True,False
288,4 4 18,48,16.0,4,1.25,False,263000,1.7222222222222223,0,52,128,52,56,0,0,0,56,4,14,2.0,96.0,0.0,True,False
288,4 4 18,48,16.0,4,1.25,False,263500,1.7222222222222223,0,52,128,52,56,0,0,0,56,4,14,2.0,96.0,0.0,True,False
288,4 4 18,48,16.0,4,1.25,False,264000,1.7222222222222223,0,52,128,52,56,0,0,0,56,4,14,2.0,96.0,0.0,True,False
288,4 4 18,48,16.0,4,1.25,False,264500,1.7777777777777777,0,42,128,58,60,0,0,0,60,7,28,1.6666666666666667,80.0,0.0,True,False
288,4 4 18,48,16.0,4,1.25,False,265000,1.7777777777777777,0,42,128,58,60,0,0,0,60,7,28,1.6666666666666667,80.0,0.0,True,False
288,4 4 18,48,16.0,4,1.25,False,265500,1.7777777777777777,0,42,128,58,60,0,0,0,60,7,28,1.6666666666666667,80.0,0.0,True,False
288,4 4 18,48,16.0,4,1.25,False,266000,1.7777777777777777,0,42,128,58,60,0,0,0,60,7,28,1.6666666666666667,80.0,0.0,True,False
288,4 4 18,48,16.0,4,1.25,False,266500,1.7777777777777777,0,42,128,58,60,0,0,0,60,7,28,1.6666666666666667,80.0,0.0,True,False
288,4 4 18,48,16.0,4,1.25,False,267000,1.7777777777777777,0,42,128,58,60,0,0,0,60,7,28,1.6666666666666667,80.0,0.0,True,False
288,4 4 18,48,16.0,4,1.25,False,267500,1.7777777777777777,0,42,128,58,60,0,0,0,60,7,28,1.6666666666666667,80.0,0.0,True,False
288,4 4 18,48,16.0,4,1.25,False,268000,1.7777777777777777,0,42,128,58,60,0,0,0,60,7,28,1.6666666666666667,80.0,0.0,True,False
288,4 4 18,48,16.0,4,1.25,False,268500,1.7777777777777777,0,42,128,58,60,0,0,0,60,7,28,1.6666666666666667,80.0,0.0,True,False
288,4 4 18,48,16.0,4,1.25,False,269000,1.7222222222222223,0,52,128,52,56,0,0,0,56,4,14,2.0,96.0,0.0,True,False
288,4 4 18,48,16.0,4,1.25,False,269500,1.7222222222222223,0,52,128,52,56,0,0,0,56,4,14,2.0,96.0,0.0,True,False
288,4 4 18,48,16.0,4,1.25,False,270000,1.7222222222222223,0,52,128,52,56,0,0,0,56,4,14,2.0,96.0,0.0,True,False
288,4 4 18,48,16.0,4,1.25,False,270500,1.7222222222222223,0,52,128,52,56,0,0,0,56,4,14,2.0,96.0,0.0,True,False
288,4 4 18,48,16.0,4,1.25,False,271000,1.7222222222222223,0,52,128,52,56,0,0,0,56,4,14,2.0,96.0,0.0,True,False
288,4 4 18,48,16.0,4,1.25,False,271500,1.7222222222222223,0,52,128,52,56,0,0,0,56,4,14,2.0,96.0,0.0,True,False
288,4 4 18,48,16.0,4,1.25,False,272000,1.7222222222222223,0,52,128,52,56,0,0,0,56,4,14,2.0,96.0,0.0,True,False
288,4 4 18,48,16.0,4,1.25,False,272500,1.7222222222222223,0,52,128,52,56,0,0,0,56,4,14,2.0,96.0,0.0,True,False
288,4 4 18,48,16.0,4,1.25,False,273000,1.7222222222222223,0,52,128,52,56,0,0,0,56,4,14,2.0,96.0,0.0,True,False
288,4 4 18,48,16.0,4,1.25,False,273500,1.7222222222222223,0,52,128,52,56,0,0,0,56,4,14,2.0,96.0,0.0,True,False
288,4 4 18,48,16.0,4,1.25,False,274000,1.7222222222222223,0,52,128,52,56,0,0,0,56,4,14,2.0,96.0,0.0,True,False
288,4 4 18,48,16.0,4,1.25,False,274500,1.7777777777777777,0,42,128,58,60,0,0,0,60,7,28,1.6666666666666667,80.0,0.0,True,False
288,4 4 18,48,16.0,4,1.25,False,275000,1.7222222222222223,0,52,128,52,56,0,0,0,56,4,14,2.0,96.0,0.0,True,False
288,4 4 18,48,16.0,4,1.25,False,275500,1.7222222222222223,0,52,128,52,56,0,0,0,56,4,14,2.0,96.0,0.0,True,False
288,4 4 18,48,16.0,4,1.25,False,276000,1.7222222222222223,0,52,128,52,56,0,0,0,56,4,14,2.0,96.0,0.0,True,False
288,4 4 18,48,16.0,4,1.25,False,276500,1.7222222222222223,0,52,128,52,56,0,0,0,56,4,14,2.0,96.0,0.0,True,False
288,4 4 18,48,16.0,4,1.25,False,277000,1.7222222222222223,0,52,128,52,56,0,0,0,56,4,14,2.0,96.0,0.0,True,False
288,4 4 18,48,16.0,4,1.25,False,277500,1.7222222222222223,0,52,128,52,56,0,0,0,56,4,14,2.0,96.0,0.0,True,False
288,4 4 18,48,16.0,4,1.25,False,278000,1.7222222222222223,0,52,128,52,56,0,0,0,56,4,14,2.0,96.0,0.0,True,False
288,4 4 18,48,16.0,4,1.25,False,278500,1.7777777777777777,0,42,128,58,60,0,0,0,60,7,28,1.6666666666666667,80.0,0.0,True,False
288,4 4 18,48,16.0,4,1.25,False,279000,1.7777777777777777,0,42,128,58,60,0,0,0,60,7,28,1.6666666666666667,80.0,0.0,True,False
288,4 4 18,48,16.0,4,1.25,False,279500,1.7777777777777777,0,42,128,58,60,0,0,0,60,7,28,1.6666666666666667,80.0,0.0,True,False
288,4 4 18,48,16.0,4,1.25,False,280000,1.7222222222222223,0,52,128,52,56,0,0,0,56,4,14,2.0,96.0,0.0,True,False
288,4 4 18,48,16.0,4,1.25,False,280500,1.7222222222222223,0,52,128,52,56,0,0,0,56,4,14,2.0,96.0,0.0,True,False
288,4 4 18,48,16.0,4,1.25,False,281000,1.7222222222222223,0,52,128,52,56,0,0,0,56,4,14,2.0,96.0,0.0,True,False
288,4 4 18,48,16.0,4,1.25,False,281500,1.7222222222222223,0,52,128,52,56,0,0,0,56,4,14,2.0,96.0,0.0,True,False
288,4 4 18,48,16.0,4,1.25,False,282000,1.7222222222222223,0,52,128,52,56,0,0,0,56,4,14,2.0,96.0,0.0,True,False
288,4 4 18,48,16.0,4,1.25,False,282500,1.7222222222222223,0,52,128,52,56,0,0,0,56,4,14,2.0,96.0,0.0,True,False
288,4 4 18,48,16.0,4,1.25,False,283000,1.7222222222222223,0,52,128,52,56,0,0,0,56,4,14,2.0,96.0,0.0,True,False
288,4 4 18,48,16.0,4,1.25,False,283500,1.7222222222222223,0,52,128,52,56,0,0,0,56,4,14,2.0,96.0,0.0,True,False
288,4 4 18,48,16.0,4,1.25,False,284000,1.7222222222222223,0,52,128,52,56,0,0,0,56,4,14,2.0,96.0,0.0,True,False
288,4 4 18,48,16.0,4,1.25,False,284500,1.7222222222222223,0,52,128,52,56,0,0,0,56,4,14,2.0,96.0,0.0,True,False
288,4 4 18,48,16.0,4,1.25,False,285000,1.7222222222222223,0,52,128,52,56,0,0,0,56,4,14,2.0,96.0,0.0,True,False
288,4 4 18,48,16.0,4,1.25,False,285500,1.7222222222222223,0,52,128,52,56,0,0,0,56,4,14,2.0,96.0,0.0,True,False
288,4 4 18,48,16.0,4,1.25,False,286000,1.7222222222222223,0,52,128,52,56,0,0,0,56,4,14,2.0,96.0,0.0,True,False
288,4 4 18,48,16.0,4,1.25,False,286500,1.7222222222222223,0,52,128,52,56,0,0,0,56,4,14,2.0,96.0,0.0,True,False
288,4 4 18,48,16.0,4,1.25,False,287000,1.7777777777777777,0,42,128,58,60,0,0,0,60,7,28,1.6666666666666667,80.0,0.0,True,False
288,4 4 18,48,16.0,4,1.25,False,287500,1.7777777777777777,0,42,128,58,60,0,0,0,60,7,28,1.6666666666666667,80.0,0.0,True,False
288,4 4 18,48,16.0,4,1.25,False,288000,1.7777777777777777,0,42,128,58,60,0,0,0,60,7,28,1.6666666666666667,80.0,0.0,True,False
288,4 4 18,48,16.0,4,1.25,False,288500,1.7777777777777777,0,42,128,58,60,0,0,0,60,7,28,1.6666666666666667,80.0,0.0,True,False
288,4 4 18,48,16.0,4,1.25,False,289000,1.7222222222222223,0,52,128,52,56,0,0,0,56,4,14,2.0,96.0,0.0,True,False
288,4 4 18,48,16.0,4,1.25,False,289500,1.7222222222222223,0,52,128,52,56,0,0,0,56,4,14,2.0,96.0,0.0,True,False
288,4 4 18,48,16.0,4,1.25,False,290000,1.7222222222222223,0,52,128,52,56,0,0,0,56,4,14,2.0,96.0,0.0,True,False
288,4 4 18,48,16.0,4,1.25,False,290500,1.7222222222222223,0,52,128,52,56,0,0,0,56,4,14,2.0,96.0,0.0,True,False
288,4 4 18,48,16.0,4,1.25,False,291000,1.7222222222222223,0,52,128,52,56,0,0,0,56,4,14,2.0,96.0,0.0,True,False
288,4 4 18,48,16.0,4,1.25,False,291500,1.7222222222222223,0,52,128,52,56,0,0,0,56,4,14,2.0,96.0,0.0,True,False
288,4 4 18,48,16.0,4,1.25,False,292000,1.7222222222222223,0,52,128,52,56,0,0,0,56,4,14,2.0,96.0,0.0,True,False
288,4 4 18,48,16.0,4,1.25,False,292500,1.7777777777777777,0,42,128,58,60,0,0,0,60,7,28,1.6666666666666667,80.0,0.0,True,False
288,4 4 18,48,16.0,4,1.25,False,293000,1.7222222222222223,0,52,128,52,56,0,0,0,56,4,14,2.0,96.0,0.0,True,False
288,4 4 18,48,16.0,4,1.25,False,293500,1.7222222222222223,0,52,128,52,56,0,0,0,56,4,14,2.0,96.0,0.0,True,False
288,4 4 18,48,16.0,4,1.25,False,294000,1.7222222222222223,0,52,128,52,56,0,0,0,56,4,14,2.0,96.0,0.0,True,False
288,4 4 18,48,16.0,4,1.25,False,294500,1.7222222222222223,0,52,128,52,56,0,0,0,56,4,14,2.0,96.0,0.0,True,False
288,4 4 18,48,16.0,4,1.25,False,295000,1.7222222222222223,0,52,128,52,56,0,0,0,56,4,14,2.0,96.0,0.0,True,False
288,4 4 18,48,16.0,4,1.25,False,295500,1.7222222222222223,0,52,128,52,56,0,0,0,56,4,14,2.0,96.0,0.0,True,False
288,4 4 18,48,16.0,4,1.25,False,296000,1.7222222222222223,0,52,128,52,56,0,0,0,56,4,14,2.0,96.0,0.0,True,False
288,4 4 18,48,16.0,4,1.25,False,296500,1.7222222222222223,0,52,128,52,56,0,0,0,56,4,14,2.0,96.0,0.0,True,False
288,4 4 18,48,16.0,4,1.25,False,297000,1.7222222222222223,0,52,128,52,56,0,0,0,56,4,14,2.0,96.0,0.0,True,False
288,4 4 18,48,16.0,4,1.25,False,297500,1.7222222222222223,0,52,128,52,56,0,0,0,56,4,14,2.0,96.0,0.0,True,False
288,4 4 18,48,16.0,4,1.25,False,298000,1.7222222222222223,0,52,128,52,56,0,0,0,56,4,14,2.0,96.0,0.0,True,False
288,4 4 18,48,16.0,4,1.25,False,298500,1.7222222222222223,0,52,128,52,56,0,0,0,56,4,14,2.0,96.0,0.0,True,False
288,4 4 18,48,16.0,4,1.25,False,299000,1.7222222222222223,0,52,128,52,56,0,0,0,56,4,14,2.0,96.0,0.0,True,False
288,4 4 18,48,16.0,4,1.25,False,299500,1.7222222222222223,0,52,128,52,56,0,0,0,56,4,14,2.0,96.0,0.0,True,False
288,4 4 18,48,16.0,4,1.25,False,300000,1.7222222222222223,0,52,128,52,56,0,0,0,56,4,14,2.0,96.0,0.0,True,True
288,4 4 18,48,16.0,5,1.25,False,0,2.0,0,288,0,0,0,0,0,0,0,0,0,0.3333333333333333,16.0,0.0,False,False
288,4 4 18,48,16.0,5,1.25,False,500,2.0555555555555554,0,260,20,0,8,0,0,0,8,0,0,0.0,0.0,0.0,True,False
288,4 4 18,48,16.0,5,1.25,False,1000,2.0555555555555554,0,272,12,0,4,0,0,0,4,0,0,0.0,0.0,0.0,True,False
288,4 4 18,48,16.0,5,1.25,False,1500,2.0416666666666665,0,256,24,4,0,4,0,0,4,2,2,0.08333333333333333,4.0,0.0,True,False
288,4 4 18,48,16.0,5,1.25,False,2000,2.013888888888889,0,224,48,4,8,4,0,0,12,2,2,0.25,12.0,0.0,True,False
288,4 4 18,48,16.0,5,1.25,False,2500,2.013888888888889,0,224,48,4,8,4,0,0,12,2,2,0.25,12.0,0.0,True,False
288,4 4 18,48,16.0,5,1.25,False,3000,2.0,0,208,60,4,12,4,0,0,16,2,2,0.3333333333333333,16.0,0.0,True,False
288,4 4 18,48,16.0,5,1.25,False,3500,2.0,0,208,60,4,12,4,0,0,16,2,2,0.3333333333333333,16.0,0.0,True,False
288,4 4 18,48,16.0,5,1.25,False,4000,1.9861111111111112,0,192,72,4,16,4,0,0,20,2,2,0.4166666666666667,20.0,0.0,True,False
288,4 4 18,48,16.0,5,1.25,False,4500,1.9722222222222223,0,176,84,4,20,4,0,0,24,2,2,0.5,24.0,0.0,True,False
288,4 4 18,48,16.0,5,1.25,False,5000,1.9722222222222223,0,176,84,4,20,4,0,0,24,2,2,0.5,24.0,0.0,True,False
288,4 4 18,48,16.0,5,1.25,False,5500,1.9583333333333333,0,160,96,4,24,4,0,0,28,2,2,0.5833333333333334,28.0,0.0,True,False
288,4 4 18,48,16.0,5,1.25,False,6000,1.9444444444444444,0,142,104,14,28,0,0,0,28,4,8,0.6666666666666666,32.0,0.0,True,False
288,4 4 18,48,16.0,5,1.25,False,6500,1.9444444444444444,0,143,102,15,28,0,0,0,28,4,9,0.6666666666666666,32.0,0.0,True,False
288,4 4 18,48,16.0,5,1.25,False,7000,1.9444444444444444,0,143,102,15,28,0,0,0,28,4,9,0.6666666666666666,32.0,0.0,True,False
288,4 4 18,48,16.0,5,1.25,False,7500,1.9444444444444444,0,143,102,15,28,0,0,0,28,4,9,0.6666666666666666,32.0,0.0,True,False
288,4 4 18,48,16.0,5,1.25,False,8000,1.9444444444444444,0,143,102,15,28,0,0,0,28,4,9,0.6666666666666666,32.0,0.0,True,False
288,4 4 18,48,16.0,5,1.25,False,8500,1.9444444444444444,0,143,102,15,28,0,0,0,28,4,9,0.6666666666666666,32.0,0.0,True,False
288,4 4 18,48,16.0,5,1.25,False,9000,1.9444444444444444,0,142,104,14,28,0,0,0,28,4,8,0.6666666666666666,32.0,0.0,True,False
288,4 4 18,48,16.0,5,1.25,False,9500,1.9444444444444444,0,142,104,14,28,0,0,0,28,4,8,0.6666666666666666,32.0,0.0,True,False
288,4 4 18,48,16.0,5,1.25,False,10000,1.9444444444444444,0,142,104,14,28,0,0,0,28,4,8,0.6666666666666666,32.0,0.0,True,False
288,4 4 18,48,16.0,5,1.25,False,10500,1.9444444444444444,0,142,104,14,28,0,0,0,28,4,8,0.6666666666666666,32.0,0.0,True,False
288,4 4 18,48,16.0,5,1.25,False,11000,1.9444444444444444,0,143,102,15,28,0,0,0,28,4,9,0.6666666666666666,32.0,0.0,True,False
288,4 4 18,48,16.0,5,1.25,False,11500,1.9444444444444444,0,143,102,15,28,0,0,0,28,4,9,0.6666666666666666,32.0,0.0,True,False
288,4 4 18,48,16.0,5,1.25,False,12000,1.9236111111111112,0,136,108,12,28,4,0,0,32,8,2,0.7916666666666666,38.0,0.0,True,False
288,4 4 18,48,16.0,5,1.25,False,12500,1.9236111111111112,0,136,108,12,28,4,0,0,32,8,2,0.7916666666666666,38.0,0.0,True,False
288,4 4 18,48,16.0,5,1.25,False,13000,1.8611111111111112,0,152,100,8,28,0,0,0,28,4,2,1.1666666666666667,56.0,0.0,True,False
288,4 4 18,48,16.0,5,1.25,False,13500,1.9166666666666667,0,140,104,12,32,0,0,0,32,6,3,0.8333333333333334,40.0,0.0,True,False
288,4 4 18,48,16.0,5,1.25,False,14000,1.9236111111111112,0,136,108,12,28,4,0,0,32,6,3,0.7916666666666666,38.0,0.0,True,False
288,4 4 18,48,16.0,5,1.25,False,14500,1.8611111111111112,0,152,100,8,28,0,0,0,28,4,2,1.1666666666666667,56.0,0.0,True,False
288,4 4 18,48,16.0,5,1.25,False,15000,1.9097222222222223,0,124,112,16,32,4,0,0,36,7,4,0.875,42.0,0.0,True,False
288,4 4 18,48,16.0,5,1.25,False,15500,1.9097222222222223,0,124,112,16,32,4,0,0,36,7,4,0.875,42.0,0.0,True,False
288,4 4 18,48,16.0,5,1.25,False,16000,1.9097222222222223,0,124,112,16,32,4,0,0,36,7,4,0.875,42.0,0.0,True,False
288,4 4 18,48,16.0,5,1.25,False,16500,1.9097222222222223,0,124,112,16,32,4,0,0,36,7,4,0.875,42.0,0.0,True,False
288,4 4 18,48,16.0,5,1.25,False,17000,1.9097222222222223,0,124,112,16,32,4,0,0,36,7,4,0.875,42.0,0.0,True,False
288,4 4 18,48,16.0,5,1.25,False,17500,1.9097222222222223,0,124,112,16,32,4,0,0,36,7,4,0.875,42.0,0.0,True,False
288,4 4 18,48,16.0,5,1.25,False,18000,1.9097222222222223,0,124,112,16,32,4,0,0,36,7,4,0.875,42.0,0.0,True,False
288,4 4 18,48,16.0,5,1.25,False,18500,1.9097222222222223,0,124,112,16,32,4,0,0,36,7,4,0.875,42.0,0.0,True,False
288,4 4 18,48,16.0,5,1.25,False,19000,1.9097222222222223,0,124,112,16,32,4,0,0,36,7,4,0.875,42.0,0.0,True,False
288,4 4 18,48,16.0,5,1.25,False,19500,1.9097222222222223,0,124,112,16,32,4,0,0,36,7,4,0.875,42.0,0.0,True,False
288,4 4 18,48,16.0,5,1.25,False,20000,1.9097222222222223,0,124,112,16,32,4,0,0,36,7,4,0.875,42.0,0.0,True,False
288,4 4 18,48,16.0,5,1.25,False,20500,1.9097222222222223,0,124,112,16,32,4,0,0,36,7,4,0.875,42.0,0.0,True,False
288,4 4 18,48,16.0,5,1.25,False,21000,1.9236111111111112,0,136,108,12,28,4,0,0,32,8,2,0.7916666666666666,38.0,0.0,True,False
288,4 4 18,48,16.0,5,1.25,False,21500,1.9097222222222223,0,124,112,16,32,4,0,0,36,7,4,0.875,42.0,0.0,True,False
288,4 4 18,48,16.0,5,1.25,False,22000,1.9097222222222223,0,124,112,16,32,4,0,0,36,7,4,0.875,42.0,0.0,True,False
288,4 4 18,48,16.0,5,1.25,False,22500,1.9097222222222223,0,124,112,16,32,4,0,0,36,7,4,0.875,42.0,0.0,True,False
288,4 4 18,48,16.0,5,1.25,False,23000,1.9097222222222223,0,124,112,16,32,4,0,0,36,7,4,0.875,42.0,0.0,True,False
288,4 4 18,48,16.0,5,1.25,False,23500,1.9097222222222223,0,124,112,16,32,4,0,0,36,7,4,0.875,42.0,0.0,True,False
288,4 4 18,48,16.0,5,1.25,False,24000,1.9097222222222223,0,124,112,16,32,4,0,0,36,7,4,0.875,42.0,0.0,True,False
288,4 4 18,48,16.0,5,1.25,False,24500,1.9236111111111112,0,136,108,12,28,4,0,0,32,8,2,0.7916666666666666,38.0,0.0,True,False
288,4 4 18,48,16.0,5,1.25,False,25000,1.9236111111111112,0,136,108,12,28,4,0,0,32,8,2,0.7916666666666666,38.0,0.0,True,False
288,4 4 18,48,16.0,5,1.25,False,25500,1.9097222222222223,0,124,112,16,32,4,0,0,36,6,6,0.875,42.0,0.0,True,False
288,4 4 18,48,16.0,5,1.25,False,26000,1.8819444444444444,0,100,120,24,40,4,0,0,44,6,6,1.0416666666666667,50.0,0.0,True,False
288,4 4 18,48,16.0,5,1.25,False,26500,1.8819444444444444,0,100,120,24,40,4,0,0,44,6,6,1.0416666666666667,50.0,0.0,True,False
288,4 4 18,48,16.0,5,1.25,False,27000,1.8541666666666667,0,76,128,32,48,4,0,0,52,4,14,1.2083333333333333,58.0,0.0,True,False
288,4 4 18,48,16.0,5,1.25,False,27500,1.8541666666666667,0,76,128,32,48,4,0,0,52,4,14,1.2083333333333333,58.0,0.0,True,False
288,4 4 18,48,16.0,5,1.25,False,28000,1.8402777777777777,0,64,132,36,52,4,0,0,56,4,14,1.2916666666666667,62.0,0.0,True,False
288,4 4 18,48,16.0,5,1.25,False,28500,1.8402777777777777,0,64,132,36,52,4,0,0,56,4,14,1.2916666666666667,62.0,0.0,True,False
288,4 4 18,48,16.0,5,1.25,False,29000,1.75,0,56,132,40,60,0,0,0,60,4,14,1.8333333333333333,88.0,0.0,True,False
288,4 4 18,48,16.0,5,1.25,False,29500,1.8541666666666667,0,50,134,42,54,8,0,0,62,3,22,1.2083333333333333,58.0,0.0,True,False
288,4 4 18,48,16.0,5,1.25,False,30000,1.8541666666666667,0,50,134,42,54,8,0,0,62,3,22,1.2083333333333333,58.0,0.0,True,False
288,4 4 18,48,16.0,5,1.25,False,30500,1.75,0,56,132,40,60,0,0,0,60,4,14,1.8333333333333333,88.0,0.0,True,False
288,4 4 18,48,16.0,5,1.25,False,31000,1.8506944444444444,0,53,125,48,61,1,0,0,62,4,27,1.2291666666666667,59.0,0.0,True,False
288,4 4 18,48,16.0,5,1.25,False,31500,1.8506944444444444,0,53,125,48,61,1,0,0,62,4,27,1.2291666666666667,59.0,0.0,True,False
288,4 4 18,48,16.0,5,1.25,False,32000,1.8506944444444444,0,52,132,40,60,4,0,0,64,3,20,1.2291666666666667,59.0,0.0,True,False
288,4 4 18,48,16.0,5,1.25,False,32500,1.8506944444444444,0,52,130,42,62,2,0,0,64,6,16,1.2291666666666667,59.0,0.0,True,False
288,4 4 18,48,16.0,5,1.25,False,33000,1.8541666666666667,0,49,133,42,62,1,1,0,64,3,23,1.2083333333333333,58.0,0.0,True,False
288,4 4 18,48,16.0,5,1.25,False,33500,1.8645833333333333,0,46,130,48,59,4,1,0,64,9,17,1.1458333333333333,55.0,0.0,True,False
288,4 4 18,48,16.0,5,1.25,False,34000,1.8506944444444444,0,51,128,48,60,1,0,0,61,4,22,1.2291666666666667,59.0,0.0,True,False
288,4 4 18,48,16.0,5,1.25,False,34500,1.8506944444444444,0,51,128,48,60,1,0,0,61,4,22,1.2291666666666667,59.0,0.0,True,False
288,4 4 18,48,16.0,5,1.25,False,35000,1.75,0,56,132,40,60,0,0,0,60,4,14,1.8333333333333333,88.0,0.0,True,False
288,4 4 18,48,16.0,5,1.25,False,35500,1.8402777777777777,0,48,132,42,64,2,0,0,66,3,22,1.2916666666666667,62.0,0.0,True,False
288,4 4 18,48,16.0,5,1.25,False,36000,1.8506944444444444,0,52,132,40,60,4,0,0,64,3,20,1.2291666666666667,59.0,0.0,True,False
288,4 4 18,48,16.0,5,1.25,False,36500,1.75,0,56,132,40,60,0,0,0,60,4,14,1.8333333333333333,88.0,0.0,True,False
288,4 4 18,48,16.0,5,1.25,False,37000,1.8368055555555556,0,50,130,46,58,4,0,0,62,4,18,1.3125,63.0,0.0,True,False
288,4 4 18,48,16.0,5,1.25,False,37500,1.8368055555555556,0,50,130,46,58,4,0,0,62,4,18,1.3125,63.0,0.0,True,False
288,4 4 18,48,16.0,5,1.25,False,38000,1.8368055555555556,0,50,130,46,58,4,0,0,62,4,18,1.3125,63.0,0.0,True,False
288,4 4 18,48,16.0,5,1.25,False,38500,1.75,0,56,132,40,60,0,0,0,60,4,14,1.8333333333333333,88.0,0.0,True,False
288,4 4 18,48,16.0,5,1.25,False,39000,1.8298611111111112,0,52,131,43,61,1,0,0,62,4,22,1.3541666666666667,65.0,0.0,True,False
288,4 4 18,48,16.0,5,1.25,False,39500,1.8298611111111112,0,52,131,43,61,1,0,0,62,4,22,1.3541666666666667,65.0,0.0,True,False
288,4 4 18,48,16.0,5,1.25,False,40000,1.75,0,56,132,40,60,0,0,0,60,4,14,1.8333333333333333,88.0,0.0,True,False
288,4 4 18,48,16.0,5,1.25,False,40500,1.8055555555555556,0,46,132,46,64,0,0,0,64,7,22,1.5,72.0,0.0,True,False
288,4 4 18,48,16.0,5,1.25,False,41000,1.75,0,56,132,40,60,0,0,0,60,4,14,1.8333333333333333,88.0,0.0,True,False
288,4 4 18,48,16.0,5,1.25,False,41500,1.75,0,56,132,40,60,0,0,0,60,4,14,1.8333333333333333,88.0,0.0,True,False
288,4 4 18,48,16.0,5,1.25,False,42000,1.75,0,56,132,40,60,0,0,0,60,4,14,1.8333333333333333,88.0,0.0,True,False
288,4 4 18,48,16.0,5,1.25,False,42500,1.75,0,56,132,40,60,0,0,0,60,4,14,1.8333333333333333,88.0,0.0,True,False
288,4 4 18,48,16.0,5,1.25,False,43000,1.75,0,56,132,40,60,0,0,0,60,4,14,1.8333333333333333,88.0,0.0,True,False
288,4 4 18,48,16.0,5,1.25,False,43500,1.75,0,56,132,40,60,0,0,0,60,4,14,1.8333333333333333,88.0,0.0,True,False
288,4 4 18,48,16.0,5,1.25,False,44000,1.75,0,56,132,40,60,0,0,0,60,4,14,1.8333333333333333,88.0,0.0,True,False
288,4 4 18,48,16.0,5,1.25,False,44500,1.75,0,56,132,40,60,0,0,0,60,4,14,1.8333333333333333,88.0,0.0,True,False
288,4 4 18,48,16.0,5,1.25,False,45000,1.75,0,56,132,40,60,0,0,0,60,4,14,1.8333333333333333,88.0,0.0,True,False
288,4 4 18,48,16.0,5,1.25,False,45500,1.75,0,56,132,40,60,0,0,0,60,4,14,1.8333333333333333,88.0,0.0,True,False
288,4 4 18,48,16.0,5,1.25,False,46000,1.75,0,56,132,40,60,0,0,0,60,4,14,1.8333333333333333,88.0,0.0,True,False
288,4 4 18,48,16.0,5,1.25,False,46500,1.75,0,56,132,40,60,0,0,0,60,4,14,1.8333333333333333,88.0,0.0,True,False
288,4 4 18,48,16.0,5,1.25,False,47000,1.75,0,56,132,40,60,0,0,0,60,4,14,1.8333333333333333,88.0,0.0,True,False
288,4 4 18,48,16.0,5,1.25,False,47500,1.75,0,56,132,40,60,0,0,0,60,4,14,1.8333333333333333,88.0,0.0,True,False
288,4 4 18,48,16.0,5,1.25,False,48000,1.75,0,56,132,40,60,0,0,0,60,4,14,1.8333333333333333,88.0,0.0,True,False
288,4 4 18,48,16.0,5,1.25,False,48500,1.75,0,56,132,40,60,0,0,0,60,4,14,1.8333333333333333,88.0,0.0,True,False
288,4 4 18,48,16.0,5,1.25,False,49000,1.8055555555555556,0,46,132,46,64,0,0,0,64,7,22,1.5,72.0,0.0,True,False
288,4 4 18,48,16.0,5,1.25,False,49500,1.8055555555555556,0,46,132,46,64,0,0,0,64,7,22,1.5,72.0,0.0,True,False
288,4 4 18,48,16.0,5,1.25,False,50000,1.8055555555555556,0,46,132,46,64,0,0,0,64,7,22,1.5,72.0,0.0,True,False
288,4 4 18,48,16.0,5,1.25,False,50500,1.75,0,56,132,40,60,0,0,0,60,4,14,1.8333333333333333,88.0,0.0,True,False
288,4 4 18,48,16.0,5,1.25,False,51000,1.75,0,56,132,40,60,0,0,0,60,4,14,1.8333333333333333,88.0,0.0,True,False
288,4 4 18,48,16.0,5,1.25,False,51500,1.75,0,56,132,40,60,0,0,0,60,4,14,1.8333333333333333,88.0,0.0,True,False
288,4 4 18,48,16.0,5,1.25,False,52000,1.75,0,56,132,40,60,0,0,0,60,4,14,1.8333333333333333,88.0,0.0,True,False
288,4 4 18,48,16.0,5,1.25,False,52500,1.75,0,56,132,40,60,0,0,0,60,4,14,1.8333333333333333,88.0,0.0,True,False
288,4 4 18,48,16.0,5,1.25,False,53000,1.75,0,56,132,40,60,0,0,0,60,4,14,1.8333333333333333,88.0,0.0,True,False
288,4 4 18,48,16.0,5,1.25,False,53500,1.75,0,56,132,40,60,0,0,0,60,4,14,1.8333333333333333,88.0,0.0,True,False
288,4 4 18,48,16.0,5,1.25,False,54000,1.75,0,56,132,40,60,0,0,0,60,4,14,1.8333333333333333,88.0,0.0,True,False
288,4 4 18,48,16.0,5,1.25,False,54500,1.75,0,56,132,40,60,0,0,0,60,4,14,1.8333333333333333,88.0,0.0,True,False
288,4 4 18,48,16.0,5,1.25,False,55000,1.75,0,56,132,40,60,0,0,0,60,4,14,1.8333333333333333,88.0,0.0,True,False
288,4 4 18,48,16.0,5,1.25,False,55500,1.75,0,56,132,40,60,0,0,0,60,4,14,1.8333333333333333,88.0,0.0,True,False
288,4 4 18,48,16.0,5,1.25,False,56000,1.75,0,56,132,40,60,0,0,0,60,4,14,1.8333333333333333,88.0,0.0,True,False
288,4 4 18,48,16.0,5,1.25,False,56500,1.75,0,56,132,40,60,0,0,0,60,4,14,1.8333333333333333,88.0,0.0,True,False
288,4 4 18,48,16.0,5,1.25,False,57000,1.75,0,56,132,40,60,0,0,0,60,4,14,1.8333333333333333,88.0,0.0,True,False
288,4 4 18,48,16.0,5,1.25,False,57500,1.75,0,56,132,40,60,0,0,0,60,4,14,1.8333333333333333,88.0,0.0,True,False
288,4 4 18,48,16.0,5,1.25,False,58000,1.75,0,56,132,40,60,0,0,0,60,4,14,1.8333333333333333,88.0,0.0,True,False
288,4 4 18,48,16.0,5,1.25,False,58500,1.75,0,56,132,40,60,0,0,0,60,4,14,1.8333333333333333,88.0,0.0,True,False
288,4 4 18,48,16.0,5,1.25,False,59000,1.75,0,56,132,40,60,0,0,0,60,4,14,1.8333333333333333,88.0,0.0,True,False
288,4 4 18,48,16.0,5,1.25,False,59500,1.75,0,56,132,40,60,0,0,0,60,4,14,1.8333333333333333,88.0,0.0,True,False
288,4 4 18,48,16.0,5,1.25,False,60000,1.75,0,56,132,40,60,0,0,0,60,4,14,1.8333333333333333,88.0,0.0,True,False
288,4 4 18,48,16.0,5,1.25,False,60500,1.75,0,56,132,40,60,0,0,0,60,4,14,1.8333333333333333,88.0,0.0,True,False
288,4 4 18,48,16.0,5,1.25,False,61000,1.75,0,56,132,40,60,0,0,0,60,4,14,1.8333333333333333,88.0,0.0,True,False
288,4 4 18,48,16.0,5,1.25,False,61500,1.75,0,56,132,40,60,0,0,0,60,4,14,1.8333333333333333,88.0,0.0,True,False
288,4 4 18,48,16.0,5,1.25,False,62000,1.75,0,56,132,40,60,0,0,0,60,4,14,1.8333333333333333,88.0,0.0,True,False
288,4 4 18,48,16.0,5,1.25,False,62500,1.75,0,56,132,40,60,0,0,0,60,4,14,1.8333333333333333,88.0,0.0,True,False
288,4 4 18,48,16.0,5,1.25,False,63000,1.75,0,56,132,40,60,0,0,0,60,4,14,1.8333333333333333,88.0,0.0,True,False
288,4 4 18,48,16.0,5,1.25,False,63500,1.75,0,56,132,40,60,0,0,0,60,4,14,1.8333333333333333,88.0,0.0,True,False
288,4 4 18,48,16.0,5,1.25,False,64000,1.75,0,56,132,40,60,0,0,0,60,4,14,1.8333333333333333,88.0,0.0,True,False
288,4 4 18,48,16.0,5,1.25,False,64500,1.75,0,56,132,40,60,0,0,0,60,4,14,1.8333333333333333,88.0,0.0,True,False
288,4 4 18,48,16.0,5,1.25,False,65000,1.75,0,56,132,40,60,0,0,0,60,4,14,1.8333333333333333,88.0,0.0,True,False
288,4 4 18,48,16.0,5,1.25,False,65500,1.75,0,56,132,40,60,0,0,0,60,4,14,1.8333333333333333,88.0,0.0,True,False
288,4 4 18,48,16.0,5,1.25,False,66000,1.75,0,56,132,40,60,0,0,0,60,4,14,1.8333333333333333,88.0,0.0,True,False
288,4 4 18,48,16.0,5,1.25,False,66500,1.75,0,56,132,40,60,0,0,0,60,4,14,1.8333333333333333,88.0,0.0,True,False
288,4 4 18,48,16.0,5,1.25,False,67000,1.75,0,56,132,40,60,0,0,0,60,4,14,1.8333333333333333,88.0,0.0,True,False
288,4 4 18,48,16.0,5,1.25,False,67500,1.75,0,56,132,40,60,0,0,0,60,4,14,1.8333333333333333,88.0,0.0,True,False
288,4 4 18,48,16.0,5,1.25,False,68000,1.75,0,56,132,40,60,0,0,0,60,4,14,1.8333333333333333,88.0,0.0,True,False
288,4 4 18,48,16.0,5,1.25,False,68500,1.75,0,56,132,40,60,0,0,0,60,4,14,1.8333333333333333,88.0,0.0,True,False
288,4 4 18,48,16.0,5,1.25,False,69000,1.8055555555555556,0,46,132,46,64,0,0,0,64,7,22,1.5,72.0,0.0,True,False
288,4 4 18,48,16.0,5,1.25,False,69500,1.8055555555555556,0,46,132,46,64,0,0,0,64,7,22,1.5,72.0,0.0,True,False
288,4 4 18,48,16.0,5,1.25,False,70000,1.75,0,56,132,40,60,0,0,0,60,4,14,1.8333333333333333,88.0,0.0,True,False
288,4 4 18,48,16.0,5,1.25,False,70500,1.75,0,56,132,40,60,0,0,0,60,4,14,1.8333333333333333,88.0,0.0,True,False
288,4 4 18,48,16.0,5,1.25,False,71000,1.8055555555555556,0,46,132,46,64,0,0,0,64,7,22,1.5,72.0,0.0,True,False
288,4 4 18,48,16.0,5,1.25,False,71500,1.75,0,56,132,40,60,0,0,0,60,4,14,1.8333333333333333,88.0,0.0,True,False
288,4 4 18,48,16.0,5,1.25,False,72000,1.75,0,56,132,40,60,0,0,0,60,4,14,1.8333333333333333,88.0,0.0,True,False
288,4 4 18,48,16.0,5,1.25,False,72500,1.8055555555555556,0,46,132,46,64,0,0,0,64,7,22,1.5,72.0,0.0,True,False
288,4 4 18,48,16.0,5,1.25,False,73000,1.75,0,56,132,40,60,0,0,0,60,4,14,1.8333333333333333,88.0,0.0,True,False
288,4 4 18,48,16.0,5,1.25,False,73500,1.75,0,56,132,40,60,0,0,0,60,4,14,1.8333333333333333,88.0,0.0,True,False
288,4 4 18,48,16.0,5,1.25,False,74000,1.75,0,56,132,40,60,0,0,0,60,4,14,1.8333333333333333,88.0,0.0,True,False
288,4 4 18,48,16.0,5,1.25,False,74500,1.75,0,56,132,40,60,0,0,0,60,4,14,1.8333333333333333,88.0,0.0,True,False
288,4 4 18,48,16.0,5,1.25,False,75000,1.75,0,56,132,40,60,0,0,0,60,4,14,1.8333333333333333,88.0,0.0,True,False
288,4 4 18,48,16.0,5,1.25,False,75500,1.75,0,56,132,40,60,0,0,0,60,4,14,1.8333333333333333,88.0,0.0,True,False
288,4 4 18,48,16.0,5,1.25,False,76000,1.75,0,56,132,40,60,0,0,0,60,4,14,1.8333333333333333,88.0,0.0,True,False
288,4 4 18,48,16.0,5,1.25,False,76500,1.75,0,56,132,40,60,0,0,0,60,4,14,1.8333333333333333,88.0,0.0,True,False
288,4 4 18,48,16.0,5,1.25,False,77000,1.8055555555555556,0,46,132,46,64,0,0,0,64,7,22,1.5,72.0,0.0,True,False
288,4 4 18,48,16.0,5,1.25,False,77500,1.75,0,56,132,40,60,0,0,0,60,4,14,1.8333333333333333,88.0,0.0,True,False
288,4 4 18,48,16.0,5,1.25,False,78000,1.75,0,56,132,40,60,0,0,0,60,4,14,1.8333333333333333,88.0,0.0,True,False
288,4 4 18,48,16.0,5,1.25,False,78500,1.75,0,56,132,40,60,0,0,0,60,4,14,1.8333333333333333,88.0,0.0,True,False
288,4 4 18,48,16.0,5,1.25,False,79000,1.75,0,56,132,40,60,0,0,0,60,4,14,1.8333333333333333,88.0,0.0,True,False
288,4 4 18,48,16.0,5,1.25,False,79500,1.75,0,56,132,40,60,0,0,0,60,4,14,1.8333333333333333,88.0,0.0,True,False
288,4 4 18,48,16.0,5,1.25,False,80000,1.75,0,56,132,40,60,0,0,0,60,4,14,1.8333333333333333,88.0,0.0,True,False
288,4 4 18,48,16.0,5,1.25,False,80500,1.75,0,56,132,40,60,0,0,0,60,4,14,1.8333333333333333,88.0,0.0,True,False
288,4 4 18,48,16.0,5,1.25,False,81000,1.75,0,56,132,40,60,0,0,0,60,4,14,1.8333333333333333,88.0,0.0,True,False
288,4 4 18,48,16.0,5,1.25,False,81500,1.75,0,56,132,40,60,0,0,0,60,4,14,1.8333333333333333,88.0,0.0,True,False
288,4 4 18,48,16.0,5,1.25,False,82000,1.75,0,56,132,40,60,0,0,0,60,4,14,1.8333333333333333,88.0,0.0,True,False
288,4 4 18,48,16.0,5,1.25,False,82500,1.8055555555555556,0,46,132,46,64,0,0,0,64,7,22,1.5,72.0,0.0,True,False
288,4 4 18,48,16.0,5,1.25,False,83000,1.8055555555555556,0,46,132,46,64,0,0,0,64,7,22,1.5,72.0,0.0,True,False
288,4 4 18,48,16.0,5,1.25,False,83500,1.8055555555555556,0,46,132,46,64,0,0,0,64,7,22,1.5,72.0,0.0,True,False
288,4 4 18,48,16.0,5,1.25,False,84000,1.75,0,56,132,40,60,0,0,0,60,4,14,1.8333333333333333,88.0,0.0,True,False
288,4 4 18,48,16.0,5,1.25,False,84500,1.75,0,56,132,40,60,0,0,0,60,4,14,1.8333333333333333,88.0,0.0,True,False
288,4 4 18,48,16.0,5,1.25,False,85000,1.75,0,56,132,40,60,0,0,0,60,4,14,1.8333333333333333,88.0,0.0,True,False
288,4 4 18,48,16.0,5,1.25,False,85500,1.75,0,56,132,40,60,0,0,0,60,4,14,1.8333333333333333,88.0,0.0,True,False
288,4 4 18,48,16.0,5,1.25,False,86000,1.75,0,56,132,40,60,0,0,0,60,4,14,1.8333333333333333,88.0,0.0,True,False
288,4 4 18,48,16.0,5,1.25,False,86500,1.75,0,56,132,40,60,0,0,0,60,4,14,1.8333333333333333,88.0,0.0,True,False
288,4 4 18,48,16.0,5,1.25,False,87000,1.75,0,56,132,40,60,0,0,0,60,4,14,1.8333333333333333,88.0,0.0,True,False
288,4 4 18,48,16.0,5,1.25,False,87500,1.75,0,56,132,40,60,0,0,0,60,4,14,1.8333333333333333,88.0,0.0,True,False
288,4 4 18,48,16.0,5,1.25,False,88000,1.75,0,56,132,40,60,0,0,0,60,4,14,1.8333333333333333,88.0,0.0,True,False
288,4 4 18,48,16.0,5,1.25,False,88500,1.75,0,56,132,40,60,0,0,0,60,4,14,1.8333333333333333,88.0,0.0,True,False
288,4 4 18,48,16.0,5,1.25,False,89000,1.75,0,56,132,40,60,0,0,0,60,4,14,1.8333333333333333,88.0,0.0,True,False
288,4 4 18,48,16.0,5,1.25,False,89500,1.75,0,56,132,40,60,0,0,0,60,4,14,1.8333333333333333,88.0,0.0,True,False
288,4 4 18,48,16.0,5,1.25,False,90000,1.75,0,56,132,40,60,0,0,0,60,4,14,1.8333333333333333,88.0,0.0,True,False
288,4 4 18,48,16.0,5,1.25,False,90500,1.75,0,56,132,40,60,0,0,0,60,4,14,1.8333333333333333,88.0,0.0,True,False
288,4 4 18,48,16.0,5,1.25,False,91000,1.75,0,56,132,40,60,0,0,0,60,4,14,1.8333333333333333,88.0,0.0,True,False
288,4 4 18,48,16.0,5,1.25,False,91500,1.75,0,56,132,40,60,0,0,0,60,4,14,1.8333333333333333,88.0,0.0,True,False
288,4 4 18,48,16.0,5,1.25,False,92000,1.75,0,56,132,40,60,0,0,0,60,4,14,1.8333333333333333,88.0,0.0,True,False
288,4 4 18,48,16.0,5,1.25,False,92500,1.75,0,56,132,40,60,0,0,0,60,4,14,1.8333333333333333,88.0,0.0,True,False
288,4 4 18,48,16.0,5,1.25,False,93000,1.75,0,56,132,40,60,0,0,0,60,4,14,1.8333333333333333,88.0,0.0,True,False
288,4 4 18,48,16.0,5,1.25,False,93500,1.75,0,56,132,40,60,0,0,0,60,4,14,1.8333333333333333,88.0,0.0,True,False
288,4 4 18,48,16.0,5,1.25,False,94000,1.75,0,56,132,40,60,0,0,0,60,4,14,1.8333333333333333,88.0,0.0,True,False
288,4 4 18,48,16.0,5,1.25,False,94500,1.75,0,56,132,40,60,0,0,0,60,4,14,1.8333333333333333,88.0,0.0,True,False
288,4 4 18,48,16.0,5,1.25,False,95000,1.75,0,56,132,40,60,0,0,0,60,4,14,1.8333333333333333,88.0,0.0,True,False
288,4 4 18,48,16.0,5,1.25,False,95500,1.75,0,56,132,40,60,0,0,0,60,4,14,1.8333333333333333,88.0,0.0,True,False
288,4 4 18,48,16.0,5,1.25,False,96000,1.8055555555555556,0,46,132,46,64,0,0,0,64,7,22,1.5,72.0,0.0,True,False
288,4 4 18,48,16.0,5,1.25,False,96500,1.8055555555555556,0,46,132,46,64,0,0,0,64,7,22,1.5,72.0,0.0,True,False
288,4 4 18,48,16.0,5,1.25,False,97000,1.75,0,56,132,40,60,0,0,0,60,4,14,1.8333333333333333,88.0,0.0,True,False
288,4 4 18,48,16.0,5,1.25,False,97500,1.75,0,56,132,40,60,0,0,0,60,4,14,1.8333333333333333,88.0,0.0,True,False
288,4 4 18,48,16.0,5,1.25,False,98000,1.75,0,56,132,40,60,0,0,0,60,4,14,1.8333333333333333,88.0,0.0,True,False
288,4 4 18,48,16.0,5,1.25,False,98500,1.75,0,56,132,40,60,0,0,0,60,4,14,1.8333333333333333,88.0,0.0,True,False
288,4 4 18,48,16.0,5,1.25,False,99000,1.75,0,56,132,40,60,0,0,0,60,4,14,1.8333333333333333,88.0,0.0,True,False
288,4 4 18,48,16.0,5,1.25,False,99500,1.75,0,56,132,40,60,0,0,0,60,4,14,1.8333333333333333,88.0,0.0,True,False
288,4 4 18,48,16.0,5,1.25,False,100000,1.75,0,56,132,40,60,0,0,0,60,4,14,1.8333333333333333,88.0,0.0,True,False
288,4 4 18,48,16.0,5,1.25,False,100500,1.75,0,56,132,40,60,0,0,0,60,4,14,1.8333333333333333,88.0,0.0,True,False
288,4 4 18,48,16.0,5,1.25,False,101000,1.75,0,56,132,40,60,0,0,0,60,4,14,1.8333333333333333,88.0,0.0,True,False
288,4 4 18,48,16.0,5,1.25,False,101500,1.75,0,56,132,40,60,0,0,0,60,4,14,1.8333333333333333,88.0,0.0,True,False
288,4 4 18,48,16.0,5,1.25,False,102000,1.75,0,56,132,40,60,0,0,0,60,4,14,1.8333333333333333,88.0,0.0,True,False
288,4 4 18,48,16.0,5,1.25,False,102500,1.75,0,56,132,40,60,0,0,0,60,4,14,1.8333333333333333,88.0,0.0,True,False
288,4 4 18,48,16.0,5,1.25,False,103000,1.75,0,56,132,40,60,0,0,0,60,4,14,1.8333333333333333,88.0,0.0,True,False
288,4 4 18,48,16.0,5,1.25,False,103500,1.75,0,56,132,40,60,0,0,0,60,4,14,1.8333333333333333,88.0,0.0,True,False
288,4 4 18,48,16.0,5,1.25,False,104000,1.75,0,56,132,40,60,0,0,0,60,4,14,1.8333333333333333,88.0,0.0,True,False
288,4 4 18,48,16.0,5,1.25,False,104500,1.75,0,56,132,40,60,0,0,0,60,4,14,1.8333333333333333,88.0,0.0,True,False
288,4 4 18,48,16.0,5,1.25,False,105000,1.75,0,56,132,40,60,0,0,0,60,4,14,1.8333333333333333,88.0,0.0,True,False
288,4 4 18,48,16.0,5,1.25,False,105500,1.75,0,56,132,40,60,0,0,0,60,4,14,1.8333333333333333,88.0,0.0,True,False
288,4 4 18,48,16.0,5,1.25,False,106000,1.75,0,56,132,40,60,0,0,0,60,4,14,1.8333333333333333,88.0,0.0,True,False
288,4 4 18,48,16.0,5,1.25,False,106500,1.75,0,56,132,40,60,0,0,0,60,4,14,1.8333333333333333,88.0,0.0,True,False
288,4 4 18,48,16.0,5,1.25,False,107000,1.75,0,56,132,40,60,0,0,0,60,4,14,1.8333333333333333,88.0,0.0,True,False
288,4 4 18,48,16.0,5,1.25,False,107500,1.75,0,56,132,40,60,0,0,0,60,4,14,1.8333333333333333,88.0,0.0,True,False
288,4 4 18,48,16.0,5,1.25,False,108000,1.75,0,56,132,40,60,0,0,0,60,4,14,1.8333333333333333,88.0,0.0,True,False
288,4 4 18,48,16.0,5,1.25,False,108500,1.75,0,56,132,40,60,0,0,0,60,4,14,1.8333333333333333,88.0,0.0,True,False
288,4 4 18,48,16.0,5,1.25,False,109000,1.75,0,56,132,40,60,0,0,0,60,4,14,1.8333333333333333,88.0,0.0,True,False
288,4 4 18,48,16.0,5,1.25,False,109500,1.75,0,56,132,40,60,0,0,0,60,4,14,1.8333333333333333,88.0,0.0,True,False
288,4 4 18,48,16.0,5,1.25,False,110000,1.75,0,56,132,40,60,0,0,0,60,4,14,1.8333333333333333,88.0,0.0,True,False
288,4 4 18,48,16.0,5,1.25,False,110500,1.75,0,56,132,40,60,0,0,0,60,4,14,1.8333333333333333,88.0,0.0,True,False
288,4 4 18,48,16.0,5,1.25,False,111000,1.75,0,56,132,40,60,0,0,0,60,4,14,1.8333333333333333,88.0,0.0,True,False
288,4 4 18,48,16.0,5,1.25,False,111500,1.75,0,56,132,40,60,0,0,0,60,4,14,1.8333333333333333,88.0,0.0,True,False
288,4 4 18,48,16.0,5,1.25,False,112000,1.75,0,56,132,40,60,0,0,0,60,4,14,1.8333333333333333,88.0,0.0,True,False
288,4 4 18,48,16.0,5,1.25,False,112500,1.75,0,56,132,40,60,0,0,0,60,4,14,1.8333333333333333,88.0,0.0,True,False
288,4 4 18,48,16.0,5,1.25,False,113000,1.75,0,56,132,40,60,0,0,0,60,4,14,1.8333333333333333,88.0,0.0,True,False
288,4 4 18,48,16.0,5,1.25,False,113500,1.75,0,56,132,40,60,0,0,0,60,4,14,1.8333333333333333,88.0,0.0,True,False
288,4 4 18,48,16.0,5,1.25,False,114000,1.8055555555555556,0,46,132,46,64,0,0,0,64,7,22,1.5,72.0,0.0,True,False
288,4 4 18,48,16.0,5,1.25,False,114500,1.75,0,56,132,40,60,0,0,0,60,4,14,1.8333333333333333,88.0,0.0,True,False
288,4 4 18,48,16.0,5,1.25,False,115000,1.75,0,56,132,40,60,0,0,0,60,4,14,1.8333333333333333,88.0,0.0,True,False
288,4 4 18,48,16.0,5,1.25,False,115500,1.75,0,56,132,40,60,0,0,0,60,4,14,1.8333333333333333,88.0,0.0,True,False
288,4 4 18,48,16.0,5,1.25,False,116000,1.75,0,56,132,40,60,0,0,0,60,4,14,1.8333333333333333,88.0,0.0,True,False
288,4 4 18,48,16.0,5,1.25,False,116500,1.75,0,56,132,40,60,0,0,0,60,4,14,1.8333333333333333,88.0,0.0,True,False
288,4 4 18,48,16.0,5,1.25,False,117000,1.75,0,56,132,40,60,0,0,0,60,4,14,1.8333333333333333,88.0,0.0,True,False
288,4 4 18,48,16.0,5,1.25,False,117500,1.75,0,56,132,40,60,0,0,0,60,4,14,1.8333333333333333,88.0,0.0,True,False
288,4 4 18,48,16.0,5,1.25,False,118000,1.75,0,56,132,40,60,0,0,0,60,4,14,1.8333333333333333,88.0,0.0,True,False
288,4 4 18,48,16.0,5,1.25,False,118500,1.75,0,56,132,40,60,0,0,0,60,4,14,1.8333333333333333,88.0,0.0,True,False
288,4 4 18,48,16.0,5,1.25,False,119000,1.75,0,56,132,40,60,0,0,0,60,4,14,1.8333333333333333,88.0,0.0,True,False
288,4 4 18,48,16.0,5,1.25,False,119500,1.75,0,56,132,40,60,0,0,0,60,4,14,1.8333333333333333,88.0,0.0,True,False
288,4 4 18,48,16.0,5,1.25,False,120000,1.8055555555555556,0,46,132,46,64,0,0,0,64,7,22,1.5,72.0,0.0,True,False
288,4 4 18,48,16.0,5,1.25,False,120500,1.75,0,56,132,40,60,0,0,0,60,4,14,1.8333333333333333,88.0,0.0,True,False
288,4 4 18,48,16.0,5,1.25,False,121000,1.75,0,56,132,40,60,0,0,0,60,4,14,1.8333333333333333,88.0,0.0,True,False
288,4 4 18,48,16.0,5,1.25,False,121500,1.75,0,56,132,40,60,0,0,0,60,4,14,1.8333333333333333,88.0,0.0,True,False
288,4 4 18,48,16.0,5,1.25,False,122000,1.75,0,56,132,40,60,0,0,0,60,4,14,1.8333333333333333,88.0,0.0,True,False
288,4 4 18,48,16.0,5,1.25,False,122500,1.75,0,56,132,40,60,0,0,0,60,4,14,1.8333333333333333,88.0,0.0,True,False
288,4 4 18,48,16.0,5,1.25,False,123000,1.75,0,56,132,40,60,0,0,0,60,4,14,1.8333333333333333,88.0,0.0,True,False
288,4 4 18,48,16.0,5,1.25,False,123500,1.75,0,56,132,40,60,0,0,0,60,4,14,1.8333333333333333,88.0,0.0,True,False
288,4 4 18,48,16.0,5,1.25,False,124000,1.75,0,56,132,40,60,0,0,0,60,4,14,1.8333333333333333,88.0,0.0,True,False
288,4 4 18,48,16.0,5,1.25,False,124500,1.75,0,56,132,40,60,0,0,0,60,4,14,1.8333333333333333,88.0,0.0,True,False
288,4 4 18,48,16.0,5,1.25,False,125000,1.75,0,56,132,40,60,0,0,0,60,4,14,1.8333333333333333,88.0,0.0,True,False
288,4 4 18,48,16.0,5,1.25,False,125500,1.75,0,56,132,40,60,0,0,0,60,4,14,1.8333333333333333,88.0,0.0,True,False
288,4 4 18,48,16.0,5,1.25,False,126000,1.75,0,56,132,40,60,0,0,0,60,4,14,1.8333333333333333,88.0,0.0,True,False
288,4 4 18,48,16.0,5,1.25,False,126500,1.75,0,56,132,40,60,0,0,0,60,4,14,1.8333333333333333,88.0,0.0,True,False
288,4 4 18,48,16.0,5,1.25,False,127000,1.75,0,56,132,40,60,0,0,0,60,4,14,1.8333333333333333,88.0,0.0,True,False
288,4 4 18,48,16.0,5,1.25,False,127500,1.75,0,56,132,40,60,0,0,0,60,4,14,1.8333333333333333,88.0,0.0,True,False
288,4 4 18,48,16.0,5,1.25,False,128000,1.75,0,56,132,40,60,0,0,0,60,4,14,1.8333333333333333,88.0,0.0,True,False
288,4 4 18,48,16.0,5,1.25,False,128500,1.75,0,56,132,40,60,0,0,0,60,4,14,1.8333333333333333,88.0,0.0,True,False
288,4 4 18,48,16.0,5,1.25,False,129000,1.75,0,56,132,40,60,0,0,0,60,4,14,1.8333333333333333,88.0,0.0,True,False
288,4 4 18,48,16.0,5,1.25,False,129500,1.75,0,56,132,40,60,0,0,0,60,4,14,1.8333333333333333,88.0,0.0,True,False
288,4 4 18,48,16.0,5,1.25,False,130000,1.75,0,56,132,40,60,0,0,0,60,4,14,1.8333333333333333,88.0,0.0,True,False
288,4 4 18,48,16.0,5,1.25,False,130500,1.75,0,56,132,40,60,0,0,0,60,4,14,1.8333333333333333,88.0,0.0,True,False
288,4 4 18,48,16.0,5,1.25,False,131000,1.75,0,56,132,40,60,0,0,0,60,4,14,1.8333333333333333,88.0,0.0,True,False
288,4 4 18,48,16.0,5,1.25,False,131500,1.75,0,56,132,40,60,0,0,0,60,4,14,1.8333333333333333,88.0,0.0,True,False
288,4 4 18,48,16.0,5,1.25,False,132000,1.75,0,56,132,40,60,0,0,0,60,4,14,1.8333333333333333,88.0,0.0,True,False
288,4 4 18,48,16.0,5,1.25,False,132500,1.75,0,56,132,40,60,0,0,0,60,4,14,1.8333333333333333,88.0,0.0,True,False
288,4 4 18,48,16.0,5,1.25,False,133000,1.75,0,56,132,40,60,0,0,0,60,4,14,1.8333333333333333,88.0,0.0,True,False
288,4 4 18,48,16.0,5,1.25,False,133500,1.75,0,56,132,40,60,0,0,0,60,4,14,1.8333333333333333,88.0,0.0,True,False
288,4 4 18,48,16.0,5,1.25,False,134000,1.75,0,56,132,40,60,0,0,0,60,4,14,1.8333333333333333,88.0,0.0,True,False
288,4 4 18,48,16.0,5,1.25,False,134500,1.75,0,56,132,40,60,0,0,0,60,4,14,1.8333333333333333,88.0,0.0,True,False
288,4 4 18,48,16.0,5,1.25,False,135000,1.75,0,56,132,40,60,0,0,0,60,4,14,1.8333333333333333,88.0,0.0,True,False
288,4 4 18,48,16.0,5,1.25,False,135500,1.75,0,56,132,40,60,0,0,0,60,4,14,1.8333333333333333,88.0,0.0,True,False
288,4 4 18,48,16.0,5,1.25,False,136000,1.75,0,56,132,40,60,0,0,0,60,4,14,1.8333333333333333,88.0,0.0,True,False
288,4 4 18,48,16.0,5,1.25,False,136500,1.75,0,56,132,40,60,0,0,0,60,4,14,1.8333333333333333,88.0,0.0,True,False
288,4 4 18,48,16.0,5,1.25,False,137000,1.75,0,56,132,40,60,0,0,0,60,4,14,1.8333333333333333,88.0,0.0,True,False
288,4 4 18,48,16.0,5,1.25,False,137500,1.75,0,56,132,40,60,0,0,0,60,4,14,1.8333333333333333,88.0,0.0,True,False
288,4 4 18,48,16.0,5,1.25,False,138000,1.75,0,56,132,40,60,0,0,0,60,4,14,1.8333333333333333,88.0,0.0,True,False
288,4 4 18,48,16.0,5,1.25,False,138500,1.75,0,56,132,40,60,0,0,0,60,4,14,1.8333333333333333,88.0,0.0,True,False
288,4 4 18,48,16.0,5,1.25,False,139000,1.75,0,56,132,40,60,0,0,0,60,4,14,1.8333333333333333,88.0,0.0,True,False
288,4 4 18,48,16.0,5,1.25,False,139500,1.8298611111111112,0,52,129,46,61,0,0,0,61,3,26,1.3541666666666667,65.0,0.0,True,False
288,4 4 18,48,16.0,5,1.25,False,140000,1.8298611111111112,0,52,129,46,61,0,0,0,61,3,26,1.3541666666666667,65.0,0.0,True,False
288,4 4 18,48,16.0,5,1.25,False,140500,1.8298611111111112,0,52,129,46,61,0,0,0,61,3,26,1.3541666666666667,65.0,0.0,True,False
288,4 4 18,48,16.0,5,1.25,False,141000,1.75,0,56,132,40,60,0,0,0,60,4,14,1.8333333333333333,88.0,0.0,True,False
288,4 4 18,48,16.0,5,1.25,False,141500,1.75,0,56,132,40,60,0,0,0,60,4,14,1.8333333333333333,88.0,0.0,True,False
288,4 4 18,48,16.0,5,1.25,False,142000,1.8298611111111112,0,52,129,46,61,0,0,0,61,3,26,1.3541666666666667,65.0,0.0,True,False
288,4 4 18,48,16.0,5,1.25,False,142500,1.8298611111111112,0,52,129,46,61,0,0,0,61,3,26,1.3541666666666667,65.0,0.0,True,False
288,4 4 18,48,16.0,5,1.25,False,143000,1.8298611111111112,0,52,129,46,61,0,0,0,61,3,26,1.3541666666666667,65.0,0.0,True,False
288,4 4 18,48,16.0,5,1.25,False,143500,1.8298611111111112,0,52,129,46,61,0,0,0,61,3,26,1.3541666666666667,65.0,0.0,True,False
288,4 4 18,48,16.0,5,1.25,False,144000,1.75,0,56,132,40,60,0,0,0,60,4,14,1.8333333333333333,88.0,0.0,True,False
288,4 4 18,48,16.0,5,1.25,False,144500,1.75,0,56,132,40,60,0,0,0,60,4,14,1.8333333333333333,88.0,0.0,True,False
288,4 4 18,48,16.0,5,1.25,False,145000,1.8368055555555556,0,48,132,44,64,0,0,0,64,3,24,1.3125,63.0,0.0,True,False
288,4 4 18,48,16.0,5,1.25,False,145500,1.75,0,56,132,40,60,0,0,0,60,4,14,1.8333333333333333,88.0,0.0,True,False
288,4 4 18,48,16.0,5,1.25,False,146000,1.8298611111111112,0,52,129,46,61,0,0,0,61,3,26,1.3541666666666667,65.0,0.0,True,False
288,4 4 18,48,16.0,5,1.25,False,146500,1.75,0,56,132,40,60,0,0,0,60,4,14,1.8333333333333333,88.0,0.0,True,False
288,4 4 18,48,16.0,5,1.25,False,147000,1.75,0,56,132,40,60,0,0,0,60,4,14,1.8333333333333333,88.0,0.0,True,False
288,4 4 18,48,16.0,5,1.25,False,147500,1.75,0,56,132,40,60,0,0,0,60,4,14,1.8333333333333333,88.0,0.0,True,False
288,4 4 18,48,16.0,5,1.25,False,148000,1.75,0,56,132,40,60,0,0,0,60,4,14,1.8333333333333333,88.0,0.0,True,False
288,4 4 18,48,16.0,5,1.25,False,148500,1.75,0,56,132,40,60,0,0,0,60,4,14,1.8333333333333333,88.0,0.0,True,False
288,4 4 18,48,16.0,5,1.25,False,149000,1.75,0,56,132,40,60,0,0,0,60,4,14,1.8333333333333333,88.0,0.0,True,False
288,4 4 18,48,16.0,5,1.25,False,149500,1.75,0,56,132,40,60,0,0,0,60,4,14,1.8333333333333333,88.0,0.0,True,False
288,4 4 18,48,16.0,5,1.25,False,150000,1.75,0,56,132,40,60,0,0,0,60,4,14,1.8333333333333333,88.0,0.0,True,False
288,4 4 18,48,16.0,5,1.25,False,150500,1.75,0,56,132,40,60,0,0,0,60,4,14,1.8333333333333333,88.0,0.0,True,False
288,4 4 18,48,16.0,5,1.25,False,151000,1.75,0,56,132,40,60,0,0,0,60,4,14,1.8333333333333333,88.0,0.0,True,False
288,4 4 18,48,16.0,5,1.25,False,151500,1.75,0,56,132,40,60,0,0,0,60,4,14,1.8333333333333333,88.0,0.0,True,False
288,4 4 18,48,16.0,5,1.25,False,152000,1.75,0,56,132,40,60,0,0,0,60,4,14,1.8333333333333333,88.0,0.0,True,False
288,4 4 18,48,16.0,5,1.25,False,152500,1.75,0,56,132,40,60,0,0,0,60,4,14,1.8333333333333333,88.0,0.0,True,False
288,4 4 18,48,16.0,5,1.25,False,153000,1.75,0,56,132,40,60,0,0,0,60,4,14,1.8333333333333333,88.0,0.0,True,False
288,4 4 18,48,16.0,5,1.25,False,153500,1.75,0,56,132,40,60,0,0,0,60,4,14,1.8333333333333333,88.0,0.0,True,False
288,4 4 18,48,16.0,5,1.25,False,154000,1.75,0,56,132,40,60,0,0,0,60,4,14,1.8333333333333333,88.0,0.0,True,False
288,4 4 18,48,16.0,5,1.25,False,154500,1.75,0,56,132,40,60,0,0,0,60,4,14,1.8333333333333333,88.0,0.0,True,False
288,4 4 18,48,16.0,5,1.25,False,155000,1.75,0,56,132,40,60,0,0,0,60,4,14,1.8333333333333333,88.0,0.0,True,False
288,4 4 18,48,16.0,5,1.25,False,155500,1.75,0,56,132,40,60,0,0,0,60,4,14,1.8333333333333333,88.0,0.0,True,False
288,4 4 18,48,16.0,5,1.25,False,156000,1.75,0,56,132,40,60,0,0,0,60,4,14,1.8333333333333333,88.0,0.0,True,False
288,4 4 18,48,16.0,5,1.25,False,156500,1.75,0,56,132,40,60,0,0,0,60,4,14,1.8333333333333333,88.0,0.0,True,False
288,4 4 18,48,16.0,5,1.25,False,157000,1.8055555555555556,0,46,132,46,64,0,0,0,64,7,22,1.5,72.0,0.0,True,False
288,4 4 18,48,16.0,5,1.25,False,157500,1.8055555555555556,0,46,132,46,64,0,0,0,64,7,22,1.5,72.0,0.0,True,False
288,4 4 18,48,16.0,5,1.25,False,158000,1.75,0,56,132,40,60,0,0,0,60,4,14,1.8333333333333333,88.0,0.0,True,False
288,4 4 18,48,16.0,5,1.25,False,158500,1.75,0,56,132,40,60,0,0,0,60,4,14,1.8333333333333333,88.0,0.0,True,False
288,4 4 18,48,16.0,5,1.25,False,159000,1.75,0,56,132,40,60,0,0,0,60,4,14,1.8333333333333333,88.0,0.0,True,False
288,4 4 18,48,16.0,5,1.25,False,159500,1.75,0,56,132,40,60,0,0,0,60,4,14,1.8333333333333333,88.0,0.0,True,False
288,4 4 18,48,16.0,5,1.25,False,160000,1.75,0,56,132,40,60,0,0,0,60,4,14,1.8333333333333333,88.0,0.0,True,False
288,4 4 18,48,16.0,5,1.25,False,160500,1.75,0,56,132,40,60,0,0,0,60,4,14,1.8333333333333333,88.0,0.0,True,False
288,4 4 18,48,16.0,5,1.25,False,161000,1.75,0,56,132,40,60,0,0,0,60,4,14,1.8333333333333333,88.0,0.0,True,False
288,4 4 18,48,16.0,5,1.25,False,161500,1.8055555555555556,0,46,132,46,64,0,0,0,64,7,22,1.5,72.0,0.0,True,False
288,4 4 18,48,16.0,5,1.25,False,162000,1.8055555555555556,0,46,132,46,64,0,0,0,64,7,22,1.5,72.0,0.0,True,False
288,4 4 18,48,16.0,5,1.25,False,162500,1.75,0,56,132,40,60,0,0,0,60,4,14,1.8333333333333333,88.0,0.0,True,False
288,4 4 18,48,16.0,5,1.25,False,163000,1.75,0,56,132,40,60,0,0,0,60,4,14,1.8333333333333333,88.0,0.0,True,False
288,4 4 18,48,16.0,5,1.25,False,163500,1.75,0,56,132,40,60,0,0,0,60,4,14,1.8333333333333333,88.0,0.0,True,False
288,4 4 18,48,16.0,5,1.25,False,164000,1.75,0,56,132,40,60,0,0,0,60,4,14,1.8333333333333333,88.0,0.0,True,False
288,4 4 18,48,16.0,5,1.25,False,164500,1.75,0,56,132,40,60,0,0,0,60,4,14,1.8333333333333333,88.0,0.0,True,False
288,4 4 18,48,16.0,5,1.25,False,165000,1.75,0,56,132,40,60,0,0,0,60,4,14,1.8333333333333333,88.0,0.0,True,False
288,4 4 18,48,16.0,5,1.25,False,165500,1.75,0,56,132,40,60,0,0,0,60,4,14,1.8333333333333333,88.0,0.0,True,False
288,4 4 18,48,16.0,5,1.25,False,166000,1.75,0,56,132,40,60,0,0,0,60,4,14,1.8333333333333333,88.0,0.0,True,False
288,4 4 18,48,16.0,5,1.25,False,166500,1.75,0,56,132,40,60,0,0,0,60,4,14,1.8333333333333333,88.0,0.0,True,False
288,4 4 18,48,16.0,5,1.25,False,167000,1.75,0,56,132,40,60,0,0,0,60,4,14,1.8333333333333333,88.0,0.0,True,False
288,4 4 18,48,16.0,5,1.25,False,167500,1.75,0,56,132,40,60,0,0,0,60,4,14,1.8333333333333333,88.0,0.0,True,False
288,4 4 18,48,16.0,5,1.25,False,168000,1.75,0,56,132,40,60,0,0,0,60,4,14,1.8333333333333333,88.0,0.0,True,False
288,4 4 18,48,16.0,5,1.25,False,168500,1.75,0,56,132,40,60,0,0,0,60,4,14,1.8333333333333333,88.0,0.0,True,False
288,4 4 18,48,16.0,5,1.25,False,169000,1.75,0,56,132,40,60,0,0,0,60,4,14,1.8333333333333333,88.0,0.0,True,False
288,4 4 18,48,16.0,5,1.25,False,169500,1.75,0,56,132,40,60,0,0,0,60,4,14,1.8333333333333333,88.0,0.0,True,False
288,4 4 18,48,16.0,5,1.25,False,170000,1.75,0,56,132,40,60,0,0,0,60,4,14,1.8333333333333333,88.0,0.0,True,False
288,4 4 18,48,16.0,5,1.25,False,170500,1.75,0,56,132,40,60,0,0,0,60,4,14,1.8333333333333333,88.0,0.0,True,False
288,4 4 18,48,16.0,5,1.25,False,171000,1.75,0,56,132,40,60,0,0,0,60,4,14,1.8333333333333333,88.0,0.0,True,False
288,4 4 18,48,16.0,5,1.25,False,171500,1.75,0,56,132,40,60,0,0,0,60,4,14,1.8333333333333333,88.0,0.0,True,False
288,4 4 18,48,16.0,5,1.25,False,172000,1.8055555555555556,0,46,132,46,64,0,0,0,64,7,22,1.5,72.0,0.0,True,False
288,4 4 18,48,16.0,5,1.25,False,172500,1.75,0,56,132,40,60,0,0,0,60,4,14,1.8333333333333333,88.0,0.0,True,False
288,4 4 18,48,16.0,5,1.25,False,173000,1.75,0,56,132,40,60,0,0,0,60,4,14,1.8333333333333333,88.0,0.0,True,False
288,4 4 18,48,16.0,5,1.25,False,173500,1.75,0,56,132,40,60,0,0,0,60,4,14,1.8333333333333333,88.0,0.0,True,False
288,4 4 18,48,16.0,5,1.25,False,174000,1.75,0,56,132,40,60,0,0,0,60,4,14,1.8333333333333333,88.0,0.0,True,False
288,4 4 18,48,16.0,5,1.25,False,174500,1.75,0,56,132,40,60,0,0,0,60,4,14,1.8333333333333333,88.0,0.0,True,False
288,4 4 18,48,16.0,5,1.25,False,175000,1.75,0,56,132,40,60,0,0,0,60,4,14,1.8333333333333333,88.0,0.0,True,False
288,4 4 18,48,16.0,5,1.25,False,175500,1.75,0,56,132,40,60,0,0,0,60,4,14,1.8333333333333333,88.0,0.0,True,False
288,4 4 18,48,16.0,5,1.25,False,176000,1.75,0,56,132,40,60,0,0,0,60,4,14,1.8333333333333333,88.0,0.0,True,False
288,4 4 18,48,16.0,5,1.25,False,176500,1.75,0,56,132,40,60,0,0,0,60,4,14,1.8333333333333333,88.0,0.0,True,False
288,4 4 18,48,16.0,5,1.25,False,177000,1.75,0,56,132,40,60,0,0,0,60,4,14,1.8333333333333333,88.0,0.0,True,False
288,4 4 18,48,16.0,5,1.25,False,177500,1.75,0,56,132,40,60,0,0,0,60,4,14,1.8333333333333333,88.0,0.0,True,False
288,4 4 18,48,16.0,5,1.25,False,178000,1.75,0,56,132,40,60,0,0,0,60,4,14,1.8333333333333333,88.0,0.0,True,False
288,4 4 18,48,16.0,5,1.25,False,178500,1.75,0,56,132,40,60,0,0,0,60,4,14,1.8333333333333333,88.0,0.0,True,False
288,4 4 18,48,16.0,5,1.25,False,179000,1.75,0,56,132,40,60,0,0,0,60,4,14,1.8333333333333333,88.0,0.0,True,False
288,4 4 18,48,16.0,5,1.25,False,179500,1.75,0,56,132,40,60,0,0,0,60,4,14,1.8333333333333333,88.0,0.0,True,False
288,4 4 18,48,16.0,5,1.25,False,180000,1.75,0,56,132,40,60,0,0,0,60,4,14,1.8333333333333333,88.0,0.0,True,False
288,4 4 18,48,16.0,5,1.25,False,180500,1.75,0,56,132,40,60,0,0,0,60,4,14,1.8333333333333333,88.0,0.0,True,False
288,4 4 18,48,16.0,5,1.25,False,181000,1.75,0,56,132,40,60,0,0,0,60,4,14,1.8333333333333333,88.0,0.0,True,False
288,4 4 18,48,16.0,5,1.25,False,181500,1.75,0,56,132,40,60,0,0,0,60,4,14,1.8333333333333333,88.0,0.0,True,False
288,4 4 18,48,16.0,5,1.25,False,182000,1.75,0,56,132,40,60,0,0,0,60,4,14,1.8333333333333333,88.0,0.0,True,False
288,4 4 18,48,16.0,5,1.25,False,182500,1.75,0,56,132,40,60,0,0,0,60,4,14,1.8333333333333333,88.0,0.0,True,False
288,4 4 18,48,16.0,5,1.25,False,183000,1.75,0,56,132,40,60,0,0,0,60,4,14,1.8333333333333333,88.0,0.0,True,False
288,4 4 18,48,16.0,5,1.25,False,183500,1.75,0,56,132,40,60,0,0,0,60,4,14,1.8333333333333333,88.0,0.0,True,False
288,4 4 18,48,16.0,5,1.25,False,184000,1.75,0,56,132,40,60,0,0,0,60,4,14,1.8333333333333333,88.0,0.0,True,False
288,4 4 18,48,16.0,5,1.25,False,184500,1.75,0,56,132,40,60,0,0,0,60,4,14,1.8333333333333333,88.0,0.0,True,False
288,4 4 18,48,16.0,5,1.25,False,185000,1.75,0,56,132,40,60,0,0,0,60,4,14,1.8333333333333333,88.0,0.0,True,False
288,4 4 18,48,16.0,5,1.25,False,185500,1.75,0,56,132,40,60,0,0,0,60,4,14,1.8333333333333333,88.0,0.0,True,False
288,4 4 18,48,16.0,5,1.25,False,186000,1.75,0,56,132,40,60,0,0,0,60,4,14,1.8333333333333333,88.0,0.0,True,False
288,4 4 18,48,16.0,5,1.25,False,186500,1.75,0,56,132,40,60,0,0,0,60,4,14,1.8333333333333333,88.0,0.0,True,False
288,4 4 18,48,16.0,5,1.25,False,187000,1.75,0,56,132,40,60,0,0,0,60,4,14,1.8333333333333333,88.0,0.0,True,False
288,4 4 18,48,16.0,5,1.25,False,187500,1.75,0,56,132,40,60,0,0,0,60,4,14,1.8333333333333333,88.0,0.0,True,False
288,4 4 18,48,16.0,5,1.25,False,188000,1.75,0,56,132,40,60,0,0,0,60,4,14,1.8333333333333333,88.0,0.0,True,False
288,4 4 18,48,16.0,5,1.25,False,188500,1.75,0,56,132,40,60,0,0,0,60,4,14,1.8333333333333333,88.0,0.0,True,False
288,4 4 18,48,16.0,5,1.25,False,189000,1.75,0,56,132,40,60,0,0,0,60,4,14,1.8333333333333333,88.0,0.0,True,False
288,4 4 18,48,16.0,5,1.25,False,189500,1.75,0,56,132,40,60,0,0,0,60,4,14,1.8333333333333333,88.0,0.0,True,False
288,4 4 18,48,16.0,5,1.25,False,190000,1.75,0,56,132,40,60,0,0,0,60,4,14,1.8333333333333333,88.0,0.0,True,False
288,4 4 18,48,16.0,5,1.25,False,190500,1.75,0,56,132,40,60,0,0,0,60,4,14,1.8333333333333333,88.0,0.0,True,False
288,4 4 18,48,16.0,5,1.25,False,191000,1.75,0,56,132,40,60,0,0,0,60,4,14,1.8333333333333333,88.0,0.0,True,False
288,4 4 18,48,16.0,5,1.25,False,191500,1.75,0,56,132,40,60,0,0,0,60,4,14,1.8333333333333333,88.0,0.0,True,False
288,4 4 18,48,16.0,5,1.25,False,192000,1.75,0,56,132,40,60,0,0,0,60,4,14,1.8333333333333333,88.0,0.0,True,False
288,4 4 18,48,16.0,5,1.25,False,192500,1.75,0,56,132,40,60,0,0,0,60,4,14,1.8333333333333333,88.0,0.0,True,False
288,4 4 18,48,16.0,5,1.25,False,193000,1.75,0,56,132,40,60,0,0,0,60,4,14,1.8333333333333333,88.0,0.0,True,False
288,4 4 18,48,16.0,5,1.25,False,193500,1.75,0,56,132,40,60,0,0,0,60,4,14,1.8333333333333333,88.0,0.0,True,False
288,4 4 18,48,16.0,5,1.25,False,194000,1.75,0,56,132,40,60,0,0,0,60,4,14,1.8333333333333333,88.0,0.0,True,False
288,4 4 18,48,16.0,5,1.25,False,194500,1.8055555555555556,0,46,132,46,64,0,0,0,64,7,22,1.5,72.0,0.0,True,False
288,4 4 18,48,16.0,5,1.25,False,195000,1.8055555555555556,0,46,132,46,64,0,0,0,64,7,22,1.5,72.0,0.0,True,False
288,4 4 18,48,16.0,5,1.25,False,195500,1.75,0,56,132,40,60,0,0,0,60,4,14,1.8333333333333333,88.0,0.0,True,False
288,4 4 18,48,16.0,5,1.25,False,196000,1.75,0,56,132,40,60,0,0,0,60,4,14,1.8333333333333333,88.0,0.0,True,False
288,4 4 18,48,16.0,5,1.25,False,196500,1.75,0,56,132,40,60,0,0,0,60,4,14,1.8333333333333333,88.0,0.0,True,False
288,4 4 18,48,16.0,5,1.25,False,197000,1.75,0,56,132,40,60,0,0,0,60,4,14,1.8333333333333333,88.0,0.0,True,False
288,4 4 18,48,16.0,5,1.25,False,197500,1.75,0,56,132,40,60,0,0,0,60,4,14,1.8333333333333333,88.0,0.0,True,False
288,4 4 18,48,16.0,5,1.25,False,198000,1.75,0,56,132,40,60,0,0,0,60,4,14,1.8333333333333333,88.0,0.0,True,False
288,4 4 18,48,16.0,5,1.25,False,198500,1.75,0,56,132,40,60,0,0,0,60,4,14,1.8333333333333333,88.0,0.0,True,False
288,4 4 18,48,16.0,5,1.25,False,199000,1.75,0,56,132,40,60,0,0,0,60,4,14,1.8333333333333333,88.0,0.0,True,False
288,4 4 18,48,16.0,5,1.25,False,199500,1.75,0,56,132,40,60,0,0,0,60,4,14,1.8333333333333333,88.0,0.0,True,False
288,4 4 18,48,16.0,5,1.25,False,200000,1.75,0,56,132,40,60,0,0,0,60,4,14,1.8333333333333333,88.0,0.0,True,False
288,4 4 18,48,16.0,5,1.25,False,200500,1.75,0,56,132,40,60,0,0,0,60,4,14,1.8333333333333333,88.0,0.0,True,False
288,4 4 18,48,16.0,5,1.25,False,201000,1.75,0,56,132,40,60,0,0,0,60,4,14,1.8333333333333333,88.0,0.0,True,False
288,4 4 18,48,16.0,5,1.25,False,201500,1.75,0,56,132,40,60,0,0,0,60,4,14,1.8333333333333333,88.0,0.0,True,False
288,4 4 18,48,16.0,5,1.25,False,202000,1.75,0,56,132,40,60,0,0,0,60,4,14,1.8333333333333333,88.0,0.0,True,False
288,4 4 18,48,16.0,5,1.25,False,202500,1.75,0,56,132,40,60,0,0,0,60,4,14,1.8333333333333333,88.0,0.0,True,False
288,4 4 18,48,16.0,5,1.25,False,203000,1.75,0,56,132,40,60,0,0,0,60,4,14,1.8333333333333333,88.0,0.0,True,False
288,4 4 18,48,16.0,5,1.25,False,203500,1.75,0,56,132,40,60,0,0,0,60,4,14,1.8333333333333333,88.0,0.0,True,False
288,4 4 18,48,16.0,5,1.25,False,204000,1.75,0,56,132,40,60,0,0,0,60,4,14,1.8333333333333333,88.0,0.0,True,False
288,4 4 18,48,16.0,5,1.25,False,204500,1.75,0,56,132,40,60,0,0,0,60,4,14,1.8333333333333333,88.0,0.0,True,False
288,4 4 18,48,16.0,5,1.25,False,205000,1.75,0,56,132,40,60,0,0,0,60,4,14,1.8333333333333333,88.0,0.0,True,False
288,4 4 18,48,16.0,5,1.25,False,205500,1.75,0,56,132,40,60,0,0,0,60,4,14,1.8333333333333333,88.0,0.0,True,False
288,4 4 18,48,16.0,5,1.25,False,206000,1.75,0,56,132,40,60,0,0,0,60,4,14,1.8333333333333333,88.0,0.0,True,False
288,4 4 18,48,16.0,5,1.25,False,206500,1.75,0,56,132,40,60,0,0,0,60,4,14,1.8333333333333333,88.0,0.0,True,False
288,4 4 18,48,16.0,5,1.25,False,207000,1.75,0,56,132,40,60,0,0,0,60,4,14,1.8333333333333333,88.0,0.0,True,False
288,4 4 18,48,16.0,5,1.25,False,207500,1.75,0,56,132,40,60,0,0,0,60,4,14,1.8333333333333333,88.0,0.0,True,False
288,4 4 18,48,16.0,5,1.25,False,208000,1.75,0,56,132,40,60,0,0,0,60,4,14,1.8333333333333333,88.0,0.0,True,False
288,4 4 18,48,16.0,5,1.25,False,208500,1.75,0,56,132,40,60,0,0,0,60,4,14,1.8333333333333333,88.0,0.0,True,False
288,4 4 18,48,16.0,5,1.25,False,209000,1.75,0,56,132,40,60,0,0,0,60,4,14,1.8333333333333333,88.0,0.0,True,False
288,4 4 18,48,16.0,5,1.25,False,209500,1.75,0,56,132,40,60,0,0,0,60,4,14,1.8333333333333333,88.0,0.0,True,False
288,4 4 18,48,16.0,5,1.25,False,210000,1.75,0,56,132,40,60,0,0,0,60,4,14,1.8333333333333333,88.0,0.0,True,False
288,4 4 18,48,16.0,5,1.25,False,210500,1.75,0,56,132,40,60,0,0,0,60,4,14,1.8333333333333333,88.0,0.0,True,False
288,4 4 18,48,16.0,5,1.25,False,211000,1.75,0,56,132,40,60,0,0,0,60,4,14,1.8333333333333333,88.0,0.0,True,False
288,4 4 18,48,16.0,5,1.25,False,211500,1.75,0,56,132,40,60,0,0,0,60,4,14,1.8333333333333333,88.0,0.0,True,False
288,4 4 18,48,16.0,5,1.25,False,212000,1.75,0,56,132,40,60,0,0,0,60,4,14,1.8333333333333333,88.0,0.0,True,False
288,4 4 18,48,16.0,5,1.25,False,212500,1.75,0,56,132,40,60,0,0,0,60,4,14,1.8333333333333333,88.0,0.0,True,False
288,4 4 18,48,16.0,5,1.25,False,213000,1.75,0,56,132,40,60,0,0,0,60,4,14,1.8333333333333333,88.0,0.0,True,False
288,4 4 18,48,16.0,5,1.25,False,213500,1.75,0,56,132,40,60,0,0,0,60,4,14,1.8333333333333333,88.0,0.0,True,False
288,4 4 18,48,16.0,5,1.25,False,214000,1.75,0,56,132,40,60,0,0,0,60,4,14,1.8333333333333333,88.0,0.0,True,False
288,4 4 18,48,16.0,5,1.25,False,214500,1.75,0,56,132,40,60,0,0,0,60,4,14,1.8333333333333333,88.0,0.0,True,False
288,4 4 18,48,16.0,5,1.25,False,215000,1.75,0,56,132,40,60,0,0,0,60,4,14,1.8333333333333333,88.0,0.0,True,False
288,4 4 18,48,16.0,5,1.25,False,215500,1.75,0,56,132,40,60,0,0,0,60,4,14,1.8333333333333333,88.0,0.0,True,False
288,4 4 18,48,16.0,5,1.25,False,216000,1.75,0,56,132,40,60,0,0,0,60,4,14,1.8333333333333333,88.0,0.0,True,False
288,4 4 18,48,16.0,5,1.25,False,216500,1.75,0,56,132,40,60,0,0,0,60,4,14,1.8333333333333333,88.0,0.0,True,False
288,4 4 18,48,16.0,5,1.25,False,217000,1.75,0,56,132,40,60,0,0,0,60,4,14,1.8333333333333333,88.0,0.0,True,False
288,4 4 18,48,16.0,5,1.25,False,217500,1.75,0,56,132,40,60,0,0,0,60,4,14,1.8333333333333333,88.0,0.0,True,False
288,4 4 18,48,16.0,5,1.25,False,218000,1.75,0,56,132,40,60,0,0,0,60,4,14,1.8333333333333333,88.0,0.0,True,False
288,4 4 18,48,16.0,5,1.25,False,218500,1.75,0,56,132,40,60,0,0,0,60,4,14,1.8333333333333333,88.0,0.0,True,False
288,4 4 18,48,16.0,5,1.25,False,219000,1.75,0,56,132,40,60,0,0,0,60,4,14,1.8333333333333333,88.0,0.0,True,False
288,4 4 18,48,16.0,5,1.25,False,219500,1.75,0,56,132,40,60,0,0,0,60,4,14,1.8333333333333333,88.0,0.0,True,False
288,4 4 18,48,16.0,5,1.25,False,220000,1.75,0,56,132,40,60,0,0,0,60,4,14,1.8333333333333333,88.0,0.0,True,False
288,4 4 18,48,16.0,5,1.25,False,220500,1.8055555555555556,0,46,132,46,64,0,0,0,64,7,22,1.5,72.0,0.0,True,False
288,4 4 18,48,16.0,5,1.25,False,221000,1.8055555555555556,0,46,132,46,64,0,0,0,64,7,22,1.5,72.0,0.0,True,False
288,4 4 18,48,16.0,5,1.25,False,221500,1.75,0,56,132,40,60,0,0,0,60,4,14,1.8333333333333333,88.0,0.0,True,False
288,4 4 18,48,16.0,5,1.25,False,222000,1.75,0,56,132,40,60,0,0,0,60,4,14,1.8333333333333333,88.0,0.0,True,False
288,4 4 18,48,16.0,5,1.25,False,222500,1.75,0,56,132,40,60,0,0,0,60,4,14,1.8333333333333333,88.0,0.0,True,False
288,4 4 18,48,16.0,5,1.25,False,223000,1.75,0,56,132,40,60,0,0,0,60,4,14,1.8333333333333333,88.0,0.0,True,False
288,4 4 18,48,16.0,5,1.25,False,223500,1.75,0,56,132,40,60,0,0,0,60,4,14,1.8333333333333333,88.0,0.0,True,False
288,4 4 18,48,16.0,5,1.25,False,224000,1.75,0,56,132,40,60,0,0,0,60,4,14,1.8333333333333333,88.0,0.0,True,False
288,4 4 18,48,16.0,5,1.25,False,224500,1.75,0,56,132,40,60,0,0,0,60,4,14,1.8333333333333333,88.0,0.0,True,False
288,4 4 18,48,16.0,5,1.25,False,225000,1.75,0,56,132,40,60,0,0,0,60,4,14,1.8333333333333333,88.0,0.0,True,False
288,4 4 18,48,16.0,5,1.25,False,225500,1.75,0,56,132,40,60,0,0,0,60,4,14,1.8333333333333333,88.0,0.0,True,False
288,4 4 18,48,16.0,5,1.25,False,226000,1.75,0,56,132,40,60,0,0,0,60,4,14,1.8333333333333333,88.0,0.0,True,False
288,4 4 18,48,16.0,5,1.25,False,226500,1.75,0,56,132,40,60,0,0,0,60,4,14,1.8333333333333333,88.0,0.0,True,False
288,4 4 18,48,16.0,5,1.25,False,227000,1.75,0,56,132,40,60,0,0,0,60,4,14,1.8333333333333333,88.0,0.0,True,False
288,4 4 18,48,16.0,5,1.25,False,227500,1.75,0,56,132,40,60,0,0,0,60,4,14,1.8333333333333333,88.0,0.0,True,False
288,4 4 18,48,16.0,5,1.25,False,228000,1.75,0,56,132,40,60,0,0,0,60,4,14,1.8333333333333333,88.0,0.0,True,False
288,4 4 18,48,16.0,5,1.25,False,228500,1.75,0,56,132,40,60,0,0,0,60,4,14,1.8333333333333333,88.0,0.0,True,False
288,4 4 18,48,16.0,5,1.25,False,229000,1.75,0,56,132,40,60,0,0,0,60,4,14,1.8333333333333333,88.0,0.0,True,False
288,4 4 18,48,16.0,5,1.25,False,229500,1.75,0,56,132,40,60,0,0,0,60,4,14,1.8333333333333333,88.0,0.0,True,False
288,4 4 18,48,16.0,5,1.25,False,230000,1.75,0,56,132,40,60,0,0,0,60,4,14,1.8333333333333333,88.0,0.0,True,False
288,4 4 18,48,16.0,5,1.25,False,230500,1.75,0,56,132,40,60,0,0,0,60,4,14,1.8333333333333333,88.0,0.0,True,False
288,4 4 18,48,16.0,5,1.25,False,231000,1.75,0,56,132,40,60,0,0,0,60,4,14,1.8333333333333333,88.0,0.0,True,False
288,4 4 18,48,16.0,5,1.25,False,231500,1.75,0,56,132,40,60,0,0,0,60,4,14,1.8333333333333333,88.0,0.0,True,False
288,4 4 18,48,16.0,5,1.25,False,232000,1.75,0,56,132,40,60,0,0,0,60,4,14,1.8333333333333333,88.0,0.0,True,False
288,4 4 18,48,16.0,5,1.25,False,232500,1.75,0,56,132,40,60,0,0,0,60,4,14,1.8333333333333333,88.0,0.0,True,False
288,4 4 18,48,16.0,5,1.25,False,233000,1.75,0,56,132,40,60,0,0,0,60,4,14,1.8333333333333333,88.0,0.0,True,False
288,4 4 18,48,16.0,5,1.25,False,233500,1.75,0,56,132,40,60,0,0,0,60,4,14,1.8333333333333333,88.0,0.0,True,False
288,4 4 18,48,16.0,5,1.25,False,234000,1.75,0,56,132,40,60,0,0,0,60,4,14,1.8333333333333333,88.0,0.0,True,False
288,4 4 18,48,16.0,5,1.25,False,234500,1.75,0,56,132,40,60,0,0,0,60,4,14,1.8333333333333333,88.0,0.0,True,False
288,4 4 18,48,16.0,5,1.25,False,235000,1.75,0,56,132,40,60,0,0,0,60,4,14,1.8333333333333333,88.0,0.0,True,False
288,4 4 18,48,16.0,5,1.25,False,235500,1.75,0,56,132,40,60,0,0,0,60,4,14,1.8333333333333333,88.0,0.0,True,False
288,4 4 18,48,16.0,5,1.25,False,236000,1.75,0,56,132,40,60,0,0,0,60,4,14,1.8333333333333333,88.0,0.0,True,False
288,4 4 18,48,16.0,5,1.25,False,236500,1.75,0,56,132,40,60,0,0,0,60,4,14,1.8333333333333333,88.0,0.0,True,False
288,4 4 18,48,16.0,5,1.25,False,237000,1.75,0,56,132,40,60,0,0,0,60,4,14,1.8333333333333333,88.0,0.0,True,False
288,4 4 18,48,16.0,5,1.25,False,237500,1.75,0,56,132,40,60,0,0,0,60,4,14,1.8333333333333333,88.0,0.0,True,False
288,4 4 18,48,16.0,5,1.25,False,238000,1.75,0,56,132,40,60,0,0,0,60,4,14,1.8333333333333333,88.0,0.0,True,False
288,4 4 18,48,16.0,5,1.25,False,238500,1.75,0,56,132,40,60,0,0,0,60,4,14,1.8333333333333333,88.0,0.0,True,False
288,4 4 18,48,16.0,5,1.25,False,239000,1.75,0,56,132,40,60,0,0,0,60,4,14,1.8333333333333333,88.0,0.0,True,False
288,4 4 18,48,16.0,5,1.25,False,239500,1.75,0,56,132,40,60,0,0,0,60,4,14,1.8333333333333333,88.0,0.0,True,False
288,4 4 18,48,16.0,5,1.25,False,240000,1.75,0,56,132,40,60,0,0,0,60,4,14,1.8333333333333333,88.0,0.0,True,False
288,4 4 18,48,16.0,5,1.25,False,240500,1.75,0,56,132,40,60,0,0,0,60,4,14,1.8333333333333333,88.0,0.0,True,False
288,4 4 18,48,16.0,5,1.25,False,241000,1.75,0,56,132,40,60,0,0,0,60,4,14,1.8333333333333333,88.0,0.0,True,False
288,4 4 18,48,16.0,5,1.25,False,241500,1.75,0,56,132,40,60,0,0,0,60,4,14,1.8333333333333333,88.0,0.0,True,False
288,4 4 18,48,16.0,5,1.25,False,242000,1.75,0,56,132,40,60,0,0,0,60,4,14,1.8333333333333333,88.0,0.0,True,False
288,4 4 18,48,16.0,5,1.25,False,242500,1.75,0,56,132,40,60,0,0,0,60,4,14,1.8333333333333333,88.0,0.0,True,False
288,4 4 18,48,16.0,5,1.25,False,243000,1.75,0,56,132,40,60,0,0,0,60,4,14,1.8333333333333333,88.0,0.0,True,False
288,4 4 18,48,16.0,5,1.25,False,243500,1.75,0,56,132,40,60,0,0,0,60,4,14,1.8333333333333333,88.0,0.0,True,False
288,4 4 18,48,16.0,5,1.25,False,244000,1.75,0,56,132,40,60,0,0,0,60,4,14,1.8333333333333333,88.0,0.0,True,False
288,4 4 18,48,16.0,5,1.25,False,244500,1.75,0,56,132,40,60,0,0,0,60,4,14,1.8333333333333333,88.0,0.0,True,False
288,4 4 18,48,16.0,5,1.25,False,245000,1.75,0,56,132,40,60,0,0,0,60,4,14,1.8333333333333333,88.0,0.0,True,False
288,4 4 18,48,16.0,5,1.25,False,245500,1.75,0,56,132,40,60,0,0,0,60,4,14,1.8333333333333333,88.0,0.0,True,False
288,4 4 18,48,16.0,5,1.25,False,246000,1.75,0,56,132,40,60,0,0,0,60,4,14,1.8333333333333333,88.0,0.0,True,False
288,4 4 18,48,16.0,5,1.25,False,246500,1.75,0,56,132,40,60,0,0,0,60,4,14,1.8333333333333333,88.0,0.0,True,False
288,4 4 18,48,16.0,5,1.25,False,247000,1.75,0,56,132,40,60,0,0,0,60,4,14,1.8333333333333333,88.0,0.0,True,False
288,4 4 18,48,16.0,5,1.25,False,247500,1.75,0,56,132,40,60,0,0,0,60,4,14,1.8333333333333333,88.0,0.0,True,False
288,4 4 18,48,16.0,5,1.25,False,248000,1.75,0,56,132,40,60,0,0,0,60,4,14,1.8333333333333333,88.0,0.0,True,False
288,4 4 18,48,16.0,5,1.25,False,248500,1.75,0,56,132,40,60,0,0,0,60,4,14,1.8333333333333333,88.0,0.0,True,False
288,4 4 18,48,16.0,5,1.25,False,249000,1.75,0,56,132,40,60,0,0,0,60,4,14,1.8333333333333333,88.0,0.0,True,False
288,4 4 18,48,16.0,5,1.25,False,249500,1.75,0,56,132,40,60,0,0,0,60,4,14,1.8333333333333333,88.0,0.0,True,False
288,4 4 18,48,16.0,5,1.25,False,250000,1.75,0,56,132,40,60,0,0,0,60,4,14,1.8333333333333333,88.0,0.0,True,False
288,4 4 18,48,16.0,5,1.25,False,250500,1.75,0,56,132,40,60,0,0,0,60,4,14,1.8333333333333333,88.0,0.0,True,False
288,4 4 18,48,16.0,5,1.25,False,251000,1.75,0,56,132,40,60,0,0,0,60,4,14,1.8333333333333333,88.0,0.0,True,False
288,4 4 18,48,16.0,5,1.25,False,251500,1.75,0,56,132,40,60,0,0,0,60,4,14,1.8333333333333333,88.0,0.0,True,False
288,4 4 18,48,16.0,5,1.25,False,252000,1.75,0,56,132,40,60,0,0,0,60,4,14,1.8333333333333333,88.0,0.0,True,False
288,4 4 18,48,16.0,5,1.25,False,252500,1.75,0,56,132,40,60,0,0,0,60,4,14,1.8333333333333333,88.0,0.0,True,False
288,4 4 18,48,16.0,5,1.25,False,253000,1.75,0,56,132,40,60,0,0,0,60,4,14,1.8333333333333333,88.0,0.0,True,False
288,4 4 18,48,16.0,5,1.25,False,253500,1.75,0,56,132,40,60,0,0,0,60,4,14,1.8333333333333333,88.0,0.0,True,False
288,4 4 18,48,16.0,5,1.25,False,254000,1.75,0,56,132,40,60,0,0,0,60,4,14,1.8333333333333333,88.0,0.0,True,False
288,4 4 18,48,16.0,5,1.25,False,254500,1.75,0,56,132,40,60,0,0,0,60,4,14,1.8333333333333333,88.0,0.0,True,False
288,4 4 18,48,16.0,5,1.25,False,255000,1.75,0,56,132,40,60,0,0,0,60,4,14,1.8333333333333333,88.0,0.0,True,False
288,4 4 18,48,16.0,5,1.25,False,255500,1.75,0,56,132,40,60,0,0,0,60,4,14,1.8333333333333333,88.0,0.0,True,False
288,4 4 18,48,16.0,5,1.25,False,256000,1.75,0,56,132,40,60,0,0,0,60,4,14,1.8333333333333333,88.0,0.0,True,False
288,4 4 18,48,16.0,5,1.25,False,256500,1.75,0,56,132,40,60,0,0,0,60,4,14,1.8333333333333333,88.0,0.0,True,False
288,4 4 18,48,16.0,5,1.25,False,257000,1.75,0,56,132,40,60,0,0,0,60,4,14,1.8333333333333333,88.0,0.0,True,False
288,4 4 18,48,16.0,5,1.25,False,257500,1.8055555555555556,0,46,132,46,64,0,0,0,64,7,22,1.5,72.0,0.0,True,False
288,4 4 18,48,16.0,5,1.25,False,258000,1.75,0,56,132,40,60,0,0,0,60,4,14,1.8333333333333333,88.0,0.0,True,False
288,4 4 18,48,16.0,5,1.25,False,258500,1.8055555555555556,0,46,132,46,64,0,0,0,64,7,22,1.5,72.0,0.0,True,False
288,4 4 18,48,16.0,5,1.25,False,259000,1.75,0,56,132,40,60,0,0,0,60,4,14,1.8333333333333333,88.0,0.0,True,False
288,4 4 18,48,16.0,5,1.25,False,259500,1.75,0,56,132,40,60,0,0,0,60,4,14,1.8333333333333333,88.0,0.0,True,False
288,4 4 18,48,16.0,5,1.25,False,260000,1.75,0,56,132,40,60,0,0,0,60,4,14,1.8333333333333333,88.0,0.0,True,False
288,4 4 18,48,16.0,5,1.25,False,260500,1.75,0,56,132,40,60,0,0,0,60,4,14,1.8333333333333333,88.0,0.0,True,False
288,4 4 18,48,16.0,5,1.25,False,261000,1.75,0,56,132,40,60,0,0,0,60,4,14,1.8333333333333333,88.0,0.0,True,False
288,4 4 18,48,16.0,5,1.25,False,261500,1.75,0,56,132,40,60,0,0,0,60,4,14,1.8333333333333333,88.0,0.0,True,False
288,4 4 18,48,16.0,5,1.25,False,262000,1.75,0,56,132,40,60,0,0,0,60,4,14,1.8333333333333333,88.0,0.0,True,False
288,4 4 18,48,16.0,5,1.25,False,262500,1.75,0,56,132,40,60,0,0,0,60,4,14,1.8333333333333333,88.0,0.0,True,False
288,4 4 18,48,16.0,5,1.25,False,263000,1.75,0,56,132,40,60,0,0,0,60,4,14,1.8333333333333333,88.0,0.0,True,False
288,4 4 18,48,16.0,5,1.25,False,263500,1.75,0,56,132,40,60,0,0,0,60,4,14,1.8333333333333333,88.0,0.0,True,False
288,4 4 18,48,16.0,5,1.25,False,264000,1.75,0,56,132,40,60,0,0,0,60,4,14,1.8333333333333333,88.0,0.0,True,False
288,4 4 18,48,16.0,5,1.25,False,264500,1.75,0,56,132,40,60,0,0,0,60,4,14,1.8333333333333333,88.0,0.0,True,False
288,4 4 18,48,16.0,5,1.25,False,265000,1.75,0,56,132,40,60,0,0,0,60,4,14,1.8333333333333333,88.0,0.0,True,False
288,4 4 18,48,16.0,5,1.25,False,265500,1.75,0,56,132,40,60,0,0,0,60,4,14,1.8333333333333333,88.0,0.0,True,False
288,4 4 18,48,16.0,5,1.25,False,266000,1.75,0,56,132,40,60,0,0,0,60,4,14,1.8333333333333333,88.0,0.0,True,False
288,4 4 18,48,16.0,5,1.25,False,266500,1.75,0,56,132,40,60,0,0,0,60,4,14,1.8333333333333333,88.0,0.0,True,False
288,4 4 18,48,16.0,5,1.25,False,267000,1.75,0,56,132,40,60,0,0,0,60,4,14,1.8333333333333333,88.0,0.0,True,False
288,4 4 18,48,16.0,5,1.25,False,267500,1.75,0,56,132,40,60,0,0,0,60,4,14,1.8333333333333333,88.0,0.0,True,False
288,4 4 18,48,16.0,5,1.25,False,268000,1.75,0,56,132,40,60,0,0,0,60,4,14,1.8333333333333333,88.0,0.0,True,False
288,4 4 18,48,16.0,5,1.25,False,268500,1.75,0,56,132,40,60,0,0,0,60,4,14,1.8333333333333333,88.0,0.0,True,False
288,4 4 18,48,16.0,5,1.25,False,269000,1.75,0,56,132,40,60,0,0,0,60,4,14,1.8333333333333333,88.0,0.0,True,False
288,4 4 18,48,16.0,5,1.25,False,269500,1.75,0,56,132,40,60,0,0,0,60,4,14,1.8333333333333333,88.0,0.0,True,False
288,4 4 18,48,16.0,5,1.25,False,270000,1.75,0,56,132,40,60,0,0,0,60,4,14,1.8333333333333333,88.0,0.0,True,False
288,4 4 18,48,16.0,5,1.25,False,270500,1.75,0,56,132,40,60,0,0,0,60,4,14,1.8333333333333333,88.0,0.0,True,False
288,4 4 18,48,16.0,5,1.25,False,271000,1.75,0,56,132,40,60,0,0,0,60,4,14,1.8333333333333333,88.0,0.0,True,False
288,4 4 18,48,16.0,5,1.25,False,271500,1.75,0,56,132,40,60,0,0,0,60,4,14,1.8333333333333333,88.0,0.0,True,False
288,4 4 18,48,16.0,5,1.25,False,272000,1.75,0,56,132,40,60,0,0,0,60,4,14,1.8333333333333333,88.0,0.0,True,False
288,4 4 18,48,16.0,5,1.25,False,272500,1.75,0,56,132,40,60,0,0,0,60,4,14,1.8333333333333333,88.0,0.0,True,False
288,4 4 18,48,16.0,5,1.25,False,273000,1.75,0,56,132,40,60,0,0,0,60,4,14,1.8333333333333333,88.0,0.0,True,False
288,4 4 18,48,16.0,5,1.25,False,273500,1.75,0,56,132,40,60,0,0,0,60,4,14,1.8333333333333333,88.0,0.0,True,False
288,4 4 18,48,16.0,5,1.25,False,274000,1.75,0,56,132,40,60,0,0,0,60,4,14,1.8333333333333333,88.0,0.0,True,False
288,4 4 18,48,16.0,5,1.25,False,274500,1.75,0,56,132,40,60,0,0,0,60,4,14,1.8333333333333333,88.0,0.0,True,False
288,4 4 18,48,16.0,5,1.25,False,275000,1.75,0,56,132,40,60,0,0,0,60,4,14,1.8333333333333333,88.0,0.0,True,False
288,4 4 18,48,16.0,5,1.25,False,275500,1.75,0,56,132,40,60,0,0,0,60,4,14,1.8333333333333333,88.0,0.0,True,False
288,4 4 18,48,16.0,5,1.25,False,276000,1.75,0,56,132,40,60,0,0,0,60,4,14,1.8333333333333333,88.0,0.0,True,False
288,4 4 18,48,16.0,5,1.25,False,276500,1.75,0,56,132,40,60,0,0,0,60,4,14,1.8333333333333333,88.0,0.0,True,False
288,4 4 18,48,16.0,5,1.25,False,277000,1.75,0,56,132,40,60,0,0,0,60,4,14,1.8333333333333333,88.0,0.0,True,False
288,4 4 18,48,16.0,5,1.25,False,277500,1.75,0,56,132,40,60,0,0,0,60,4,14,1.8333333333333333,88.0,0.0,True,False
288,4 4 18,48,16.0,5,1.25,False,278000,1.75,0,56,132,40,60,0,0,0,60,4,14,1.8333333333333333,88.0,0.0,True,False
288,4 4 18,48,16.0,5,1.25,False,278500,1.75,0,56,132,40,60,0,0,0,60,4,14,1.8333333333333333,88.0,0.0,True,False
288,4 4 18,48,16.0,5,1.25,False,279000,1.75,0,56,132,40,60,0,0,0,60,4,14,1.8333333333333333,88.0,0.0,True,False
288,4 4 18,48,16.0,5,1.25,False,279500,1.75,0,56,132,40,60,0,0,0,60,4,14,1.8333333333333333,88.0,0.0,True,False
288,4 4 18,48,16.0,5,1.25,False,280000,1.75,0,56,132,40,60,0,0,0,60,4,14,1.8333333333333333,88.0,0.0,True,False
288,4 4 18,48,16.0,5,1.25,False,280500,1.75,0,56,132,40,60,0,0,0,60,4,14,1.8333333333333333,88.0,0.0,True,False
288,4 4 18,48,16.0,5,1.25,False,281000,1.75,0,56,132,40,60,0,0,0,60,4,14,1.8333333333333333,88.0,0.0,True,False
288,4 4 18,48,16.0,5,1.25,False,281500,1.75,0,56,132,40,60,0,0,0,60,4,14,1.8333333333333333,88.0,0.0,True,False
288,4 4 18,48,16.0,5,1.25,False,282000,1.75,0,56,132,40,60,0,0,0,60,4,14,1.8333333333333333,88.0,0.0,True,False
288,4 4 18,48,16.0,5,1.25,False,282500,1.75,0,56,132,40,60,0,0,0,60,4,14,1.8333333333333333,88.0,0.0,True,False
288,4 4 18,48,16.0,5,1.25,False,283000,1.75,0,56,132,40,60,0,0,0,60,4,14,1.8333333333333333,88.0,0.0,True,False
288,4 4 18,48,16.0,5,1.25,False,283500,1.75,0,56,132,40,60,0,0,0,60,4,14,1.8333333333333333,88.0,0.0,True,False
288,4 4 18,48,16.0,5,1.25,False,284000,1.75,0,56,132,40,60,0,0,0,60,4,14,1.8333333333333333,88.0,0.0,True,False
288,4 4 18,48,16.0,5,1.25,False,284500,1.75,0,56,132,40,60,0,0,0,60,4,14,1.8333333333333333,88.0,0.0,True,False
288,4 4 18,48,16.0,5,1.25,False,285000,1.75,0,56,132,40,60,0,0,0,60,4,14,1.8333333333333333,88.0,0.0,True,False
288,4 4 18,48,16.0,5,1.25,False,285500,1.75,0,56,132,40,60,0,0,0,60,4,14,1.8333333333333333,88.0,0.0,True,False
288,4 4 18,48,16.0,5,1.25,False,286000,1.75,0,56,132,40,60,0,0,0,60,4,14,1.8333333333333333,88.0,0.0,True,False
288,4 4 18,48,16.0,5,1.25,False,286500,1.75,0,56,132,40,60,0,0,0,60,4,14,1.8333333333333333,88.0,0.0,True,False
288,4 4 18,48,16.0,5,1.25,False,287000,1.8055555555555556,0,46,132,46,64,0,0,0,64,7,22,1.5,72.0,0.0,True,False
288,4 4 18,48,16.0,5,1.25,False,287500,1.8055555555555556,0,46,132,46,64,0,0,0,64,7,22,1.5,72.0,0.0,True,False
288,4 4 18,48,16.0,5,1.25,False,288000,1.75,0,56,132,40,60,0,0,0,60,4,14,1.8333333333333333,88.0,0.0,True,False
288,4 4 18,48,16.0,5,1.25,False,288500,1.8055555555555556,0,46,132,46,64,0,0,0,64,7,22,1.5,72.0,0.0,True,False
288,4 4 18,48,16.0,5,1.25,False,289000,1.75,0,56,132,40,60,0,0,0,60,4,14,1.8333333333333333,88.0,0.0,True,False
288,4 4 18,48,16.0,5,1.25,False,289500,1.75,0,56,132,40,60,0,0,0,60,4,14,1.8333333333333333,88.0,0.0,True,False
288,4 4 18,48,16.0,5,1.25,False,290000,1.75,0,56,132,40,60,0,0,0,60,4,14,1.8333333333333333,88.0,0.0,True,False
288,4 4 18,48,16.0,5,1.25,False,290500,1.75,0,56,132,40,60,0,0,0,60,4,14,1.8333333333333333,88.0,0.0,True,False
288,4 4 18,48,16.0,5,1.25,False,291000,1.75,0,56,132,40,60,0,0,0,60,4,14,1.8333333333333333,88.0,0.0,True,False
288,4 4 18,48,16.0,5,1.25,False,291500,1.8055555555555556,0,46,132,46,64,0,0,0,64,7,22,1.5,72.0,0.0,True,False
288,4 4 18,48,16.0,5,1.25,False,292000,1.75,0,56,132,40,60,0,0,0,60,4,14,1.8333333333333333,88.0,0.0,True,False
288,4 4 18,48,16.0,5,1.25,False,292500,1.75,0,56,132,40,60,0,0,0,60,4,14,1.8333333333333333,88.0,0.0,True,False
288,4 4 18,48,16.0,5,1.25,False,293000,1.75,0,56,132,40,60,0,0,0,60,4,14,1.8333333333333333,88.0,0.0,True,False
288,4 4 18,48,16.0,5,1.25,False,293500,1.75,0,56,132,40,60,0,0,0,60,4,14,1.8333333333333333,88.0,0.0,True,False
288,4 4 18,48,16.0,5,1.25,False,294000,1.75,0,56,132,40,60,0,0,0,60,4,14,1.8333333333333333,88.0,0.0,True,False
288,4 4 18,48,16.0,5,1.25,False,294500,1.75,0,56,132,40,60,0,0,0,60,4,14,1.8333333333333333,88.0,0.0,True,False
288,4 4 18,48,16.0,5,1.25,False,295000,1.75,0,56,132,40,60,0,0,0,60,4,14,1.8333333333333333,88.0,0.0,True,False
288,4 4 18,48,16.0,5,1.25,False,295500,1.75,0,56,132,40,60,0,0,0,60,4,14,1.8333333333333333,88.0,0.0,True,False
288,4 4 18,48,16.0,5,1.25,False,296000,1.75,0,56,132,40,60,0,0,0,60,4,14,1.8333333333333333,88.0,0.0,True,False
288,4 4 18,48,16.0,5,1.25,False,296500,1.75,0,56,132,40,60,0,0,0,60,4,14,1.8333333333333333,88.0,0.0,True,False
288,4 4 18,48,16.0,5,1.25,False,297000,1.75,0,56,132,40,60,0,0,0,60,4,14,1.8333333333333333,88.0,0.0,True,False
288,4 4 18,48,16.0,5,1.25,False,297500,1.75,0,56,132,40,60,0,0,0,60,4,14,1.8333333333333333,88.0,0.0,True,False
288,4 4 18,48,16.0,5,1.25,False,298000,1.75,0,56,132,40,60,0,0,0,60,4,14,1.8333333333333333,88.0,0.0,True,False
288,4 4 18,48,16.0,5,1.25,False,298500,1.8055555555555556,0,46,132,46,64,0,0,0,64,7,22,1.5,72.0,0.0,True,False
288,4 4 18,48,16.0,5,1.25,False,299000,1.8055555555555556,0,46,132,46,64,0,0,0,64,7,22,1.5,72.0,0.0,True,False
288,4 4 18,48,16.0,5,1.25,False,299500,1.8055555555555556,0,46,132,46,64,0,0,0,64,7,22,1.5,72.0,0.0,True,False
288,4 4 18,48,16.0,5,1.25,False,300000,1.8055555555555556,0,46,132,46,64,0,0,0,64,7,22,1.5,72.0,0.0,True,True
288,4 4 18,48,16.0,6,1.25,False,0,2.0,0,288,0,0,0,0,0,0,0,0,0,0.3333333333333333,16.0,0.0,False,False
288,4 4 18,48,16.0,6,1.25,False,500,2.0555555555555554,0,260,20,0,8,0,0,0,8,0,0,0.0,0.0,0.0,True,False
288,4 4 18,48,16.0,6,1.25,False,1000,2.0555555555555554,0,248,28,0,12,0,0,0,12,0,0,0.0,0.0,0.0,True,False
288,4 4 18,48,16.0,6,1.25,False,1500,2.0555555555555554,0,260,20,0,8,0,0,0,8,0,0,0.0,0.0,0.0,True,False
288,4 4 18,48,16.0,6,1.25,False,2000,2.0555555555555554,0,212,52,0,24,0,0,0,24,0,0,0.0,0.0,0.0,True,False
288,4 4 18,48,16.0,6,1.25,False,2500,2.0555555555555554,0,188,68,0,32,0,0,0,32,0,0,0.0,0.0,0.0,True,False
288,4 4 18,48,16.0,6,1.25,False,3000,2.0555555555555554,0,200,60,0,28,0,0,0,28,0,0,0.0,0.0,0.0,True,False
288,4 4 18,48,16.0,6,1.25,False,3500,2.0347222222222223,0,200,60,4,24,0,0,0,24,2,2,0.125,6.0,0.0,True,False
288,4 4 18,48,16.0,6,1.25,False,4000,2.0347222222222223,0,164,84,4,36,0,0,0,36,2,2,0.125,6.0,0.0,True,False
288,4 4 18,48,16.0,6,1.25,False,4500,1.9722222222222223,0,152,92,16,28,0,0,0,28,1,16,0.5,24.0,0.0,True,False
288,4 4 18,48,16.0,6,1.25,False,5000,1.9722222222222223,0,104,124,16,44,0,0,0,44,1,16,0.5,24.0,0.0,True,False
288,4 4 18,48,16.0,6,1.25,False,5500,1.9166666666666667,0,84,128,32,44,0,0,0,44,7,16,0.8333333333333334,40.0,0.0,True,False
288,4 4 18,48,16.0,6,1.25,False,6000,1.7986111111111112,0,62,132,66,28,0,0,0,28,4,38,1.5416666666666667,74.0,0.0,True,False
288,4 4 18,48,16.0,6,1.25,False,6500,1.7777777777777777,0,42,144,66,36,0,0,0,36,4,34,1.6666666666666667,80.0,0.0,True,False
288,4 4 18,48,16.0,6,1.25,False,7000,1.7916666666666667,0,50,132,70,36,0,0,0,36,4,34,1.5833333333333333,76.0,0.0,True,False
288,4 4 18,48,16.0,6,1.25,False,7500,1.8194444444444444,0,38,140,78,32,0,0,0,32,6,41,1.4166666666666667,68.0,0.0,True,False
288,4 4 18,48,16.0,6,1.25,False,8000,1.7256944444444444,0,40,144,72,32,0,0,0,32,3,40,1.9791666666666667,95.0,0.0,True,False
288,4 4 18,48,16.0,6,1.25,False,8500,1.7743055555555556,0,22,134,91,40,1,0,0,41,5,79,1.6875,81.0,0.0,True,False
288,4 4 18,48,16.0,6,1.25,False,9000,1.7152777777777777,0,22,154,79,32,1,0,0,33,6,67,2.0416666666666665,98.0,0.0,True,False
288,4 4 18,48,16.0,6,1.25,False,9500,1.6458333333333333,0,6,162,72,46,2,0,0,48,4,66,2.4583333333333335,118.0,0.0,True,False
288,4 4 18,48,16.0,6,1.25,False,10000,1.5902777777777777,0,18,154,94,22,0,0,0,22,3,90,2.7916666666666665,134.0,0.0,True,False
288,4 4 18,48,16.0,6,1.25,False,10500,1.6180555555555556,0,20,166,72,30,0,0,0,30,3,68,2.625,126.0,0.0,True,False
288,4 4 18,48,16.0,6,1.25,False,11000,1.5625,0,16,172,76,24,0,0,0,24,2,74,2.9583333333333335,142.0,0.0,True,False
288,4 4 18,48,16.0,6,1.25,False,11500,1.5451388888888888,0,6,178,74,30,0,0,0,30,2,72,3.0625,147.0,0.0,True,False
288,4 4 18,48,16.0,6,1.25,False,12000,1.4791666666666667,0,0,184,56,48,0,0,0,48,8,18,3.4583333333333335,166.0,0.0,True,False
288,4 4 18,48,16.0,6,1.25,False,12500,1.4131944444444444,0,3,199,54,31,1,0,0,32,5,30,3.8541666666666665,185.0,0.0,True,False
288,4 4 18,48,16.0,6,1.25,False,13000,1.5,0,2,178,78,30,0,0,0,30,5,40,3.3333333333333335,160.0,0.0,True,False
288,4 4 18,48,16.0,6,1.25,False,13500,1.4513888888888888,0,8,172,68,40,0,0,0,40,7,30,3.625,174.0,0.0,True,False
288,4 4 18,48,16.0,6,1.25,False,14000,1.375,0,8,192,56,32,0,0,0,32,7,44,4.083333333333333,196.0,0.0,True,False
288,4 4 18,48,16.0,6,1.25,False,14500,1.3819444444444444,0,4,192,60,32,0,0,0,32,12,20,4.041666666666667,194.0,0.0,True,False
288,4 4 18,48,16.0,6,1.25,False,15000,1.4375,0,4,176,68,40,0,0,0,40,11,24,3.7083333333333335,178.0,0.0,True,False
288,4 4 18,48,16.0,6,1.25,False,15500,1.4305555555555556,0,0,176,68,44,0,0,0,44,11,24,3.75,180.0,0.0,True,False
288,4 4 18,48,16.0,6,1.25,False,16000,1.3263888888888888,0,0,204,52,32,0,0,0,32,10,20,4.375,210.0,0.0,True,False
288,4 4 18,48,16.0,6,1.25,False,16500,1.4236111111111112,0,0,180,68,40,0,0,0,40,13,20,3.7916666666666665,182.0,0.0,True,False
288,4 4 18,48,16.0,6,1.25,False,17000,1.3645833333333333,0,0,202,52,34,0,0,0,34,11,16,4.145833333333333,199.0,0.0,True,False
288,4 4 18,48,16.0,6,1.25,False,17500,1.4201388888888888,0,0,198,56,34,0,0,0,34,7,21,3.8125,183.0,0.0,True,False
288,4 4 18,48,16.0,6,1.25,False,18000,1.3888888888888888,0,4,188,60,36,0,0,0,36,7,48,4.0,192.0,0.0,True,False
288,4 4 18,48,16.0,6,1.25,False,18500,1.5694444444444444,0,0,160,84,40,4,0,0,44,12,32,2.9166666666666665,140.0,0.0,True,False
288,4 4 18,48,16.0,6,1.25,False,19000,1.5034722222222223,0,0,178,65,41,3,1,0,45,8,44,3.3125,159.0,0.0,True,False
288,4 4 18,48,16.0,6,1.25,False,19500,1.4652777777777777,0,4,196,56,32,0,0,0,32,11,36,3.5416666666666665,170.0,0.0,True,False
288,4 4 18,48,16.0,6,1.25,False,20000,1.4930555555555556,0,4,189,58,37,0,0,0,37,8,41,3.375,162.0,0.0,True,False
288,4 4 18,48,16.0,6,1.25,False,20500,1.5138888888888888,0,4,185,62,37,0,0,0,37,9,43,3.25,156.0,0.0,True,False
288,4 4 18,48,16.0,6,1.25,False,21000,1.5138888888888888,0,4,185,62,37,0,0,0,37,9,43,3.25,156.0,0.0,True,False
288,4 4 18,48,16.0,6,1.25,False,21500,1.375,0,0,192,60,36,0,0,0,36,14,16,4.083333333333333,196.0,0.0,True,False
288,4 4 18,48,16.0,6,1.25,False,22000,1.375,0,0,192,60,36,0,0,0,36,14,20,4.083333333333333,196.0,0.0,True,False
288,4 4 18,48,16.0,6,1.25,False,22500,1.2986111111111112,0,0,212,48,28,0,0,0,28,9,16,4.541666666666667,218.0,0.0,True,False
288,4 4 18,48,16.0,6,1.25,False,23000,1.4340277777777777,0,0,186,64,38,0,0,0,38,9,36,3.7291666666666665,179.0,0.0,True,False
288,4 4 18,48,16.0,6,1.25,False,23500,1.4027777777777777,0,0,184,64,40,0,0,0,40,14,36,3.9166666666666665,188.0,0.0,True,False
288,4 4 18,48,16.0,6,1.25,False,24000,1.4444444444444444,0,4,180,72,32,0,0,0,32,11,36,3.6666666666666665,176.0,0.0,True,False
288,4 4 18,48,16.0,6,1.25,False,24500,1.4027777777777777,0,12,188,60,28,0,0,0,28,14,32,3.9166666666666665,188.0,0.0,True,False
288,4 4 18,48,16.0,6,1.25,False,25000,1.5173611111111112,0,8,170,76,34,0,0,0,34,14,40,3.2291666666666665,155.0,0.0,True,False
288,4 4 18,48,16.0,6,1.25,False,25500,1.4444444444444444,0,1,184,74,28,1,0,0,29,11,27,3.6666666666666665,176.0,0.0,True,False
288,4 4 18,48,16.0,6,1.25,False,26000,1.3402777777777777,0,0,192,80,16,0,0,0,16,12,44,4.291666666666667,206.0,0.0,True,False
288,4 4 18,48,16.0,6,1.25,False,26500,1.4236111111111112,0,0,192,64,32,0,0,0,32,12,42,3.7916666666666665,182.0,0.0,True,False
288,4 4 18,48,16.0,6,1.25,False,27000,1.3680555555555556,0,0,202,68,18,0,0,0,18,12,42,4.125,198.0,0.0,True,False
288,4 4 18,48,16.0,6,1.25,False,27500,1.2430555555555556,0,0,236,44,8,0,0,0,8,8,30,4.875,234.0,0.0,True,False
288,4 4 18,48,16.0,6,1.25,False,28000,1.3819444444444444,0,0,211,56,19,2,0,0,21,11,36,4.041666666666667,194.0,0.0,True,False
288,4 4 18,48,16.0,6,1.25,False,28500,1.5173611111111112,0,0,202,58,26,2,0,0,28,10,30,3.2291666666666665,155.0,0.0,True,False
288,4 4 18,48,16.0,6,1.25,False,29000,1.4479166666666667,0,0,215,54,15,4,0,0,19,12,22,3.6458333333333335,175.0,0.0,True,False
288,4 4 18,48,16.0,6,1.25,False,29500,1.4756944444444444,0,0,219,51,17,1,0,0,18,8,26,3.4791666666666665,167.0,0.0,True,False
288,4 4 18,48,16.0,6,1.25,False,30000,1.4722222222222223,0,1,226,40,18,3,0,0,21,10,15,3.5,168.0,0.0,True,False
288,4 4 18,48,16.0,6,1.25,False,30500,1.4548611111111112,0,1,226,40,18,3,0,0,21,12,11,3.6041666666666665,173.0,0.0,True,False
288,4 4 18,48,16.0,6,1.25,False,31000,1.4201388888888888,0,0,231,35,18,3,1,0,22,14,11,3.8125,183.0,0.0,True,False
288,4 4 18,48,16.0,6,1.25,False,31500,1.46875,0,0,220,41,23,3,1,0,27,11,23,3.5208333333333335,169.0,0.0,True,False
288,4 4 18,48,16.0,6,1.25,False,32000,1.4236111111111112,0,0,212,47,26,3,0,0,29,17,16,3.7916666666666665,182.0,0.0,True,False
288,4 4 18,48,16.0,6,1.25,False,32500,1.4027777777777777,0,0,216,43,26,3,0,0,29,12,16,3.9166666666666665,188.0,0.0,True,False
288,4 4 18,48,16.0,6,1.25,False,33000,1.3194444444444444,0,0,240,31,14,3,0,0,17,9,9,4.416666666666667,212.0,0.0,True,False
288,4 4 18,48,16.0,6,1.25,False,33500,1.3472222222222223,0,0,232,35,18,3,0,0,21,12,9,4.25,204.0,0.0,True,False
288,4 4 18,48,16.0,6,1.25,False,34000,1.4236111111111112,0,0,212,47,26,3,0,0,29,12,15,3.7916666666666665,182.0,0.0,True,False
288,4 4 18,48,16.0,6,1.25,False,34500,1.4201388888888888,0,0,222,49,16,1,0,0,17,12,16,3.8125,183.0,0.0,True,False
288,4 4 18,48,16.0,6,1.25,False,35000,1.2986111111111112,0,0,238,36,14,0,0,0,14,12,16,4.541666666666667,218.0,0.0,True,False
288,4 4 18,48,16.0,6,1.25,False,35500,1.3958333333333333,0,0,214,52,22,0,0,0,22,14,16,3.9583333333333335,190.0,0.0,True,False
288,4 4 18,48,16.0,6,1.25,False,36000,1.4375,0,0,228,41,14,5,0,0,19,15,15,3.7083333333333335,178.0,0.0,True,False
288,4 4 18,48,16.0,6,1.25,False,36500,1.40625,0,0,222,49,13,3,1,0,17,12,16,3.8958333333333335,187.0,0.0,True,False
288,4 4 18,48,16.0,6,1.25,False,37000,1.3993055555555556,0,0,214,52,18,4,0,0,22,18,12,3.9375,189.0,0.0,True,False
288,4 4 18,48,16.0,6,1.25,False,37500,1.2986111111111112,0,0,228,40,16,4,0,0,20,15,8,4.541666666666667,218.0,0.0,True,False
288,4 4 18,48,16.0,6,1.25,False,38000,1.3784722222222223,0,0,214,52,22,0,0,0,22,16,12,4.0625,195.0,0.0,True,False
288,4 4 18,48,16.0,6,1.25,False,38500,1.3194444444444444,0,0,224,44,16,4,0,0,20,20,4,4.416666666666667,212.0,0.0,True,False
288,4 4 18,48,16.0,6,1.25,False,39000,1.4236111111111112,0,0,197,58,29,4,0,0,33,19,14,3.7916666666666665,182.0,0.0,True,False
288,4 4 18,48,16.0,6,1.25,False,39500,1.4409722222222223,0,0,198,57,28,5,0,0,33,14,15,3.6875,177.0,0.0,True,False
288,4 4 18,48,16.0,6,1.25,False,40000,1.3541666666666667,0,0,220,52,12,4,0,0,16,10,16,4.208333333333333,202.0,0.0,True,False
288,4 4 18,48,16.0,6,1.25,False,40500,1.3472222222222223,0,0,217,46,21,4,0,0,25,11,10,4.25,204.0,0.0,True,False
288,4 4 18,48,16.0,6,1.25,False,41000,1.4097222222222223,0,0,205,58,21,4,0,0,25,11,22,3.875,186.0,0.0,True,False
288,4 4 18,48,16.0,6,1.25,False,41500,1.3263888888888888,0,0,228,48,8,4,0,0,12,10,24,4.375,210.0,0.0,True,False
288,4 4 18,48,16.0,6,1.25,False,42000,1.3576388888888888,0,0,219,46,23,0,0,0,23,18,11,4.1875,201.0,0.0,True,False
288,4 4 18,48,16.0,6,1.25,False,42500,1.3680555555555556,0,0,252,30,4,2,0,0,6,5,16,4.125,198.0,0.0,True,False
288,4 4 18,48,16.0,6,1.25,False,43000,1.5138888888888888,0,1,210,61,16,0,0,0,16,11,18,3.25,156.0,0.0,True,False
288,4 4 18,48,16.0,6,1.25,False,43500,1.3125,0,2,242,26,18,0,0,0,18,9,11,4.458333333333333,214.0,0.0,True,False
288,4 4 18,48,16.0,6,1.25,False,44000,1.3541666666666667,0,0,224,40,24,0,0,0,24,12,14,4.208333333333333,202.0,0.0,True,False
288,4 4 18,48,16.0,6,1.25,False,44500,1.4201388888888888,0,0,215,45,26,1,1,0,28,14,14,3.8125,183.0,0.0,True,False
288,4 4 18,48,16.0,6,1.25,False,45000,1.375,0,0,220,44,24,0,0,0,24,15,8,4.083333333333333,196.0,0.0,True,False
288,4 4 18,48,16.0,6,1.25,False,45500,1.3611111111111112,0,0,220,42,24,2,0,0,26,13,14,4.166666666666667,200.0,0.0,True,False
288,4 4 18,48,16.0,6,1.25,False,46000,1.3090277777777777,0,0,230,40,18,0,0,0,18,19,6,4.479166666666667,215.0,0.0,True,False
288,4 4 18,48,16.0,6,1.25,False,46500,1.4444444444444444,0,0,205,57,23,3,0,0,26,17,21,3.6666666666666665,176.0,0.0,True,False
288,4 4 18,48,16.0,6,1.25,False,47000,1.3159722222222223,0,0,227,39,21,1,0,0,22,11,14,4.4375,213.0,0.0,True,False
288,4 4 18,48,16.0,6,1.25,False,47500,1.3090277777777777,0,0,231,39,17,1,0,0,18,14,12,4.479166666666667,215.0,0.0,True,False
288,4 4 18,48,16.0,6,1.25,False,48000,1.3680555555555556,0,0,224,44,20,0,0,0,20,13,14,4.125,198.0,0.0,True,False
288,4 4 18,48,16.0,6,1.25,False,48500,1.3993055555555556,0,0,226,44,18,0,0,0,18,11,16,3.9375,189.0,0.0,True,False
288,4 4 18,48,16.0,6,1.25,False,49000,1.2743055555555556,0,0,258,24,6,0,0,0,6,5,16,4.6875,225.0,0.0,True,False
288,4 4 18,48,16.0,6,1.25,False,49500,1.2916666666666667,0,0,246,29,12,1,0,0,13,12,8,4.583333333333333,220.0,0.0,True,False
288,4 4 18,48,16.0,6,1.25,False,50000,1.1458333333333333,0,0,280,8,0,0,0,0,0,1,8,5.458333333333333,262.0,0.0,True,False
288,4 4 18,48,16.0,6,1.25,False,50500,1.4930555555555556,0,0,209,54,21,4,0,0,25,19,9,3.375,162.0,0.0,True,False
288,4 4 18,48,16.0,6,1.25,False,51000,1.3368055555555556,0,0,238,36,10,4,0,0,14,17,6,4.3125,207.0,0.0,True,False
288,4 4 18,48,16.0,6,1.25,False,51500,1.6006944444444444,0,0,192,64,28,4,0,0,32,19,14,2.7291666666666665,131.0,0.0,True,False
288,4 4 18,48,16.0,6,1.25,False,52000,1.4444444444444444,0,0,218,52,14,4,0,0,18,19,14,3.6666666666666665,176.0,0.0,True,False
288,4 4 18,48,16.0,6,1.25,False,52500,1.4409722222222223,0,0,222,44,22,0,0,0,22,10,21,3.6875,177.0,0.0,True,False
288,4 4 18,48,16.0,6,1.25,False,53000,1.4305555555555556,0,0,219,42,27,0,0,0,27,12,14,3.75,180.0,0.0,True,False
288,4 4 18,48,16.0,6,1.25,False,53500,1.4131944444444444,0,0,218,45,24,1,0,0,25,17,11,3.8541666666666665,185.0,0.0,True,False
288,4 4 18,48,16.0,6,1.25,False,54000,1.3888888888888888,0,1,222,43,20,2,0,0,22,15,14,4.0,192.0,0.0,True,False
288,4 4 18,48,16.0,6,1.25,False,54500,1.4930555555555556,0,1,194,59,32,2,0,0,34,15,14,3.375,162.0,0.0,True,False
288,4 4 18,48,16.0,6,1.25,False,55000,1.4548611111111112,0,2,195,56,35,0,0,0,35,16,15,3.6041666666666665,173.0,0.0,True,False
288,4 4 18,48,16.0,6,1.25,False,55500,1.5034722222222223,0,0,208,42,37,0,1,0,38,10,12,3.3125,159.0,0.0,True,False
288,4 4 18,48,16.0,6,1.25,False,56000,1.5104166666666667,0,0,186,76,26,0,0,0,26,14,38,3.2708333333333335,157.0,0.0,True,False
288,4 4 18,48,16.0,6,1.25,False,56500,1.3333333333333333,0,0,222,54,8,2,2,0,12,8,18,4.333333333333333,208.0,0.0,True,False
288,4 4 18,48,16.0,6,1.25,False,57000,1.3229166666666667,0,0,234,44,6,0,4,0,10,10,16,4.395833333333333,211.0,0.0,True,False
288,4 4 18,48,16.0,6,1.25,False,57500,1.34375,0,0,232,42,10,2,2,0,14,11,23,4.270833333333333,205.0,0.0,True,False
288,4 4 18,48,16.0,6,1.25,False,58000,1.4201388888888888,0,0,223,50,11,4,0,0,15,9,18,3.8125,183.0,0.0,True,False
288,4 4 18,48,16.0,6,1.25,False,58500,1.3888888888888888,0,0,222,49,12,5,0,0,17,13,20,4.0,192.0,0.0,True,False
288,4 4 18,48,16.0,6,1.25,False,59000,1.2881944444444444,0,0,234,36,18,0,0,0,18,14,6,4.604166666666667,221.0,0.0,True,False
288,4 4 18,48,16.0,6,1.25,False,59500,1.3784722222222223,0,0,234,35,16,3,0,0,19,14,6,4.0625,195.0,0.0,True,False
288,4 4 18,48,16.0,6,1.25,False,60000,1.28125,0,0,241,30,17,0,0,0,17,9,17,4.645833333333333,223.0,0.0,True,False
288,4 4 18,48,16.0,6,1.25,False,60500,1.5,0,0,204,53,30,1,0,0,31,18,17,3.3333333333333335,160.0,0.0,True,False
288,4 4 18,48,16.0,6,1.25,False,61000,1.2986111111111112,0,0,228,36,24,0,0,0,24,14,10,4.541666666666667,218.0,0.0,True,False
288,4 4 18,48,16.0,6,1.25,False,61500,1.2916666666666667,0,0,216,48,24,0,0,0,24,14,12,4.583333333333333,220.0,0.0,True,False
288,4 4 18,48,16.0,6,1.25,False,62000,1.3368055555555556,0,0,224,40,24,0,0,0,24,17,9,4.3125,207.0,0.0,True,False
288,4 4 18,48,16.0,6,1.25,False,62500,1.34375,0,0,227,46,15,0,0,0,15,11,16,4.270833333333333,205.0,0.0,True,False
288,4 4 18,48,16.0,6,1.25,False,63000,1.3854166666666667,0,0,212,49,26,1,0,0,27,17,12,4.020833333333333,193.0,0.0,True,False
288,4 4 18,48,16.0,6,1.25,False,63500,1.4270833333333333,0,0,222,41,24,1,0,0,25,16,9,3.7708333333333335,181.0,0.0,True,False
288,4 4 18,48,16.0,6,1.25,False,64000,1.3611111111111112,0,0,228,44,16,0,0,0,16,8,24,4.166666666666667,200.0,0.0,True,False
288,4 4 18,48,16.0,6,1.25,False,64500,1.2673611111111112,0,0,255,22,8,2,1,0,11,10,4,4.729166666666667,227.0,0.0,True,False
288,4 4 18,48,16.0,6,1.25,False,65000,1.4166666666666667,0,0,232,37,15,3,1,0,19,10,12,3.8333333333333335,184.0,0.0,True,False
288,4 4 18,48,16.0,6,1.25,False,65500,1.4409722222222223,0,0,227,40,17,2,2,0,21,7,17,3.6875,177.0,0.0,True,False
288,4 4 18,48,16.0,6,1.25,False,66000,1.5590277777777777,0,0,223,51,11,1,2,0,14,9,20,2.9791666666666665,143.0,0.0,True,False
288,4 4 18,48,16.0,6,1.25,False,66500,1.5277777777777777,0,0,222,44,22,0,0,0,22,11,24,3.1666666666666665,152.0,0.0,True,False
288,4 4 18,48,16.0,6,1.25,False,67000,1.4652777777777777,0,0,227,47,13,1,0,0,14,7,31,3.5416666666666665,170.0,0.0,True,False
288,4 4 18,48,16.0,6,1.25,False,67500,1.4479166666666667,0,0,221,41,23,3,0,0,26,14,11,3.6458333333333335,175.0,0.0,True,False
288,4 4 18,48,16.0,6,1.25,False,68000,1.3680555555555556,0,0,256,20,12,0,0,0,12,9,4,4.125,198.0,0.0,True,False
288,4 4 18,48,16.0,6,1.25,False,68500,1.3784722222222223,0,0,236,32,16,4,0,0,20,15,4,4.0625,195.0,0.0,True,False
288,4 4 18,48,16.0,6,1.25,False,69000,1.4409722222222223,0,0,212,50,20,6,0,0,26,17,6,3.6875,177.0,0.0,True,False
288,4 4 18,48,16.0,6,1.25,False,69500,1.3263888888888888,0,0,220,44,20,4,0,0,24,15,12,4.375,210.0,0.0,True,False
288,4 4 18,48,16.0,6,1.25,False,70000,1.4826388888888888,0,0,207,49,29,3,0,0,32,7,29,3.4375,165.0,0.0,True,False
288,4 4 18,48,16.0,6,1.25,False,70500,1.2951388888888888,0,0,238,40,10,0,0,0,10,12,16,4.5625,219.0,0.0,True,False
288,4 4 18,48,16.0,6,1.25,False,71000,1.3229166666666667,0,0,231,42,15,0,0,0,15,10,16,4.395833333333333,211.0,0.0,True,False
288,4 4 18,48,16.0,6,1.25,False,71500,1.4444444444444444,0,0,205,54,29,0,0,0,29,11,14,3.6666666666666665,176.0,0.0,True,False
288,4 4 18,48,16.0,6,1.25,False,72000,1.40625,0,1,209,47,31,0,0,0,31,14,12,3.8958333333333335,187.0,0.0,True,False
288,4 4 18,48,16.0,6,1.25,False,72500,1.3125,0,0,224,48,16,0,0,0,16,9,16,4.458333333333333,214.0,0.0,True,False
288,4 4 18,48,16.0,6,1.25,False,73000,1.2777777777777777,0,0,228,40,20,0,0,0,20,10,14,4.666666666666667,224.0,0.0,True,False
288,4 4 18,48,16.0,6,1.25,False,73500,1.2569444444444444,0,0,232,36,20,0,0,0,20,7,14,4.791666666666667,230.0,0.0,True,False
288,4 4 18,48,16.0,6,1.25,False,74000,1.3298611111111112,0,0,214,48,26,0,0,0,26,14,14,4.354166666666667,209.0,0.0,True,False
288,4 4 18,48,16.0,6,1.25,False,74500,1.3854166666666667,0,0,202,48,38,0,0,0,38,16,10,4.020833333333333,193.0,0.0,True,False
288,4 4 18,48,16.0,6,1.25,False,75000,1.2638888888888888,0,0,228,36,24,0,0,0,24,11,12,4.75,228.0,0.0,True,False
288,4 4 18,48,16.0,6,1.25,False,75500,1.3402777777777777,0,0,220,44,24,0,0,0,24,12,22,4.291666666666667,206.0,0.0,True,False
288,4 4 18,48,16.0,6,1.25,False,76000,1.3229166666666667,0,0,232,42,13,0,1,0,14,10,16,4.395833333333333,211.0,0.0,True,False
288,4 4 18,48,16.0,6,1.25,False,76500,1.3541666666666667,0,0,220,52,12,4,0,0,16,17,16,4.208333333333333,202.0,0.0,True,False
288,4 4 18,48,16.0,6,1.25,False,77000,1.4236111111111112,0,0,222,44,22,0,0,0,22,20,8,3.7916666666666665,182.0,0.0,True,False
288,4 4 18,48,16.0,6,1.25,False,77500,1.3645833333333333,0,0,230,40,14,4,0,0,18,13,10,4.145833333333333,199.0,0.0,True,False
288,4 4 18,48,16.0,6,1.25,False,78000,1.3541666666666667,0,0,241,30,13,4,0,0,17,12,8,4.208333333333333,202.0,0.0,True,False
288,4 4 18,48,16.0,6,1.25,False,78500,1.5451388888888888,0,2,207,51,26,1,1,0,28,15,22,3.0625,147.0,0.0,True,False
288,4 4 18,48,16.0,6,1.25,False,79000,1.5555555555555556,0,2,202,52,27,4,1,0,32,17,12,3.0,144.0,0.0,True,False
288,4 4 18,48,16.0,6,1.25,False,79500,1.5034722222222223,0,0,190,61,33,3,1,0,37,20,10,3.3125,159.0,0.0,True,False
288,4 4 18,48,16.0,6,1.25,False,80000,1.3958333333333333,0,1,232,35,18,2,0,0,20,10,16,3.9583333333333335,190.0,0.0,True,False
288,4 4 18,48,16.0,6,1.25,False,80500,1.1458333333333333,0,0,252,24,12,0,0,0,12,12,2,5.458333333333333,262.0,0.0,True,False
288,4 4 18,48,16.0,6,1.25,False,81000,1.34375,0,0,222,40,22,4,0,0,26,14,12,4.270833333333333,205.0,0.0,True,False
288,4 4 18,48,16.0,6,1.25,False,81500,1.3958333333333333,0,0,204,56,24,4,0,0,28,18,10,3.9583333333333335,190.0,0.0,True,False
288,4 4 18,48,16.0,6,1.25,False,82000,1.2430555555555556,0,0,228,40,20,0,0,0,20,15,8,4.875,234.0,0.0,True,False
288,4 4 18,48,16.0,6,1.25,False,82500,1.2222222222222223,0,0,232,36,20,0,0,0,20,11,8,5.0,240.0,0.0,True,False
288,4 4 18,48,16.0,6,1.25,False,83000,1.3055555555555556,0,0,216,52,20,0,0,0,20,16,12,4.5,216.0,0.0,True,False
288,4 4 18,48,16.0,6,1.25,False,83500,1.2638888888888888,0,0,220,52,16,0,0,0,16,14,24,4.75,228.0,0.0,True,False
288,4 4 18,48,16.0,6,1.25,False,84000,1.2430555555555556,0,0,228,40,20,0,0,0,20,19,4,4.875,234.0,0.0,True,False
288,4 4 18,48,16.0,6,1.25,False,84500,1.1944444444444444,0,0,240,32,16,0,0,0,16,13,4,5.166666666666667,248.0,0.0,True,False
288,4 4 18,48,16.0,6,1.25,False,85000,1.3125,0,0,212,52,24,0,0,0,24,13,16,4.458333333333333,214.0,0.0,True,False
288,4 4 18,48,16.0,6,1.25,False,85500,1.25,0,0,224,40,24,0,0,0,24,11,10,4.833333333333333,232.0,0.0,True,False
288,4 4 18,48,16.0,6,1.25,False,86000,1.2222222222222223,0,0,232,36,20,0,0,0,20,15,8,5.0,240.0,0.0,True,False
288,4 4 18,48,16.0,6,1.25,False,86500,1.2222222222222223,0,0,232,36,20,0,0,0,20,12,8,5.0,240.0,0.0,True,False
288,4 4 18,48,16.0,6,1.25,False,87000,1.2430555555555556,0,0,228,40,20,0,0,0,20,16,8,4.875,234.0,0.0,True,False
288,4 4 18,48,16.0,6,1.25,False,87500,1.1944444444444444,0,0,240,32,16,0,0,0,16,14,4,5.166666666666667,248.0,0.0,True,False
288,4 4 18,48,16.0,6,1.25,False,88000,1.1805555555555556,0,0,248,32,8,0,0,0,8,9,16,5.25,252.0,0.0,True,False
288,4 4 18,48,16.0,6,1.25,False,88500,1.1736111111111112,0,0,244,28,16,0,0,0,16,11,8,5.291666666666667,254.0,0.0,True,False
288,4 4 18,48,16.0,6,1.25,False,89000,1.1805555555555556,0,0,248,32,8,0,0,0,8,7,16,5.25,252.0,0.0,True,False
288,4 4 18,48,16.0,6,1.25,False,89500,1.1319444444444444,0,0,260,24,4,0,0,0,4,5,16,5.541666666666667,266.0,0.0,True,False
288,4 4 18,48,16.0,6,1.25,False,90000,1.3125,0,0,212,52,24,0,0,0,24,13,18,4.458333333333333,214.0,0.0,True,False
288,4 4 18,48,16.0,6,1.25,False,90500,1.2777777777777777,0,0,216,44,28,0,0,0,28,11,12,4.666666666666667,224.0,0.0,True,False
288,4 4 18,48,16.0,6,1.25,False,91000,1.3090277777777777,0,0,231,38,19,0,0,0,19,12,17,4.479166666666667,215.0,0.0,True,False
288,4 4 18,48,16.0,6,1.25,False,91500,1.4305555555555556,0,0,217,46,25,0,0,0,25,18,8,3.75,180.0,0.0,True,False
288,4 4 18,48,16.0,6,1.25,False,92000,1.2673611111111112,0,0,238,32,18,0,0,0,18,16,6,4.729166666666667,227.0,0.0,True,False
288,4 4 18,48,16.0,6,1.25,False,92500,1.3576388888888888,0,0,219,46,23,0,0,0,23,18,7,4.1875,201.0,0.0,True,False
288,4 4 18,48,16.0,6,1.25,False,93000,1.4722222222222223,0,0,205,64,17,2,0,0,19,8,26,3.5,168.0,0.0,True,False
288,4 4 18,48,16.0,6,1.25,False,93500,1.4270833333333333,0,0,210,64,14,0,0,0,14,7,40,3.7708333333333335,181.0,0.0,True,False
288,4 4 18,48,16.0,6,1.25,False,94000,1.2847222222222223,0,0,228,32,28,0,0,0,28,10,12,4.625,222.0,0.0,True,False
288,4 4 18,48,16.0,6,1.25,False,94500,1.5104166666666667,0,3,192,59,30,4,0,0,34,15,26,3.2708333333333335,157.0,0.0,True,False
288,4 4 18,48,16.0,6,1.25,False,95000,1.5173611111111112,0,1,204,52,29,1,1,0,31,13,27,3.2291666666666665,155.0,0.0,True,False
288,4 4 18,48,16.0,6,1.25,False,95500,1.3506944444444444,0,0,210,55,20,3,0,0,23,3,49,4.229166666666667,203.0,0.0,True,False
288,4 4 18,48,16.0,6,1.25,False,96000,1.3472222222222223,0,0,205,67,15,1,0,0,16,11,47,4.25,204.0,0.0,True,False
288,4 4 18,48,16.0,6,1.25,False,96500,1.3402777777777777,0,0,196,76,12,4,0,0,16,11,54,4.291666666666667,206.0,0.0,True,False
288,4 4 18,48,16.0,6,1.25,False,97000,1.3715277777777777,0,0,198,73,16,1,0,0,17,10,56,4.104166666666667,197.0,0.0,True,False
288,4 4 18,48,16.0,6,1.25,False,97500,1.5173611111111112,0,0,184,74,28,2,0,0,30,16,38,3.2291666666666665,155.0,0.0,True,False
288,4 4 18,48,16.0,6,1.25,False,98000,1.5173611111111112,0,0,182,79,24,3,0,0,27,15,52,3.2291666666666665,155.0,0.0,True,False
288,4 4 18,48,16.0,6,1.25,False,98500,1.5173611111111112,0,0,187,68,31,2,0,0,33,10,34,3.2291666666666665,155.0,0.0,True,False
288,4 4 18,48,16.0,6,1.25,False,99000,1.4201388888888888,0,0,208,58,20,2,0,0,22,11,38,3.8125,183.0,0.0,True,False
288,4 4 18,48,16.0,6,1.25,False,99500,1.5243055555555556,0,2,193,62,29,2,0,0,31,13,29,3.1875,153.0,0.0,True,False
288,4 4 18,48,16.0,6,1.25,False,100000,1.40625,0,4,220,38,24,2,0,0,26,13,14,3.8958333333333335,187.0,0.0,True,False
288,4 4 18,48,16.0,6,1.25,False,100500,1.4930555555555556,0,4,202,54,26,2,0,0,28,15,22,3.375,162.0,0.0,True,False
288,4 4 18,48,16.0,6,1.25,False,101000,1.4375,0,0,214,46,26,2,0,0,28,14,10,3.7083333333333335,178.0,0.0,True,False
288,4 4 18,48,16.0,6,1.25,False,101500,1.4236111111111112,0,0,208,52,28,0,0,0,28,21,8,3.7916666666666665,182.0,0.0,True,False
288,4 4 18,48,16.0,6,1.25,False,102000,1.5138888888888888,0,0,190,64,34,0,0,0,34,15,20,3.25,156.0,0.0,True,False
288,4 4 18,48,16.0,6,1.25,False,102500,1.3888888888888888,0,0,220,48,20,0,0,0,20,10,18,4.0,192.0,0.0,True,False
288,4 4 18,48,16.0,6,1.25,False,103000,1.3402777777777777,0,0,224,42,18,2,2,0,22,15,12,4.291666666666667,206.0,0.0,True,False
288,4 4 18,48,16.0,6,1.25,False,103500,1.2673611111111112,0,0,242,30,10,6,0,0,16,12,8,4.729166666666667,227.0,0.0,True,False
288,4 4 18,48,16.0,6,1.25,False,104000,1.25,0,0,240,32,12,4,0,0,16,15,4,4.833333333333333,232.0,0.0,True,False
288,4 4 18,48,16.0,6,1.25,False,104500,1.2291666666666667,0,0,240,32,16,0,0,0,16,13,8,4.958333333333333,238.0,0.0,True,False
288,4 4 18,48,16.0,6,1.25,False,105000,1.2013888888888888,0,0,236,32,20,0,0,0,20,11,12,5.125,246.0,0.0,True,False
288,4 4 18,48,16.0,6,1.25,False,105500,1.2083333333333333,0,0,244,28,16,0,0,0,16,9,10,5.083333333333333,244.0,0.0,True,False
288,4 4 18,48,16.0,6,1.25,False,106000,1.3020833333333333,0,0,236,38,12,2,0,0,14,9,16,4.520833333333333,217.0,0.0,True,False
288,4 4 18,48,16.0,6,1.25,False,106500,1.2673611111111112,0,0,226,36,26,0,0,0,26,12,8,4.729166666666667,227.0,0.0,True,False
288,4 4 18,48,16.0,6,1.25,False,107000,1.1631944444444444,0,0,254,20,14,0,0,0,14,10,2,5.354166666666667,257.0,0.0,True,False
288,4 4 18,48,16.0,6,1.25,False,107500,1.3055555555555556,0,0,208,48,32,0,0,0,32,16,16,4.5,216.0,0.0,True,False
288,4 4 18,48,16.0,6,1.25,False,108000,1.1527777777777777,0,0,248,24,16,0,0,0,16,6,8,5.416666666666667,260.0,0.0,True,False
288,4 4 18,48,16.0,6,1.25,False,108500,1.2430555555555556,0,0,228,40,20,0,0,0,20,18,4,4.875,234.0,0.0,True,False
288,4 4 18,48,16.0,6,1.25,False,109000,1.2708333333333333,0,0,220,44,24,0,0,0,24,21,4,4.708333333333333,226.0,0.0,True,False
288,4 4 18,48,16.0,6,1.25,False,109500,1.3506944444444444,0,0,210,52,26,0,0,0,26,13,18,4.229166666666667,203.0,0.0,True,False
288,4 4 18,48,16.0,6,1.25,False,110000,1.3263888888888888,0,0,204,52,32,0,0,0,32,14,8,4.375,210.0,0.0,True,False
288,4 4 18,48,16.0,6,1.25,False,110500,1.2569444444444444,0,0,228,44,16,0,0,0,16,10,20,4.791666666666667,230.0,0.0,True,False
288,4 4 18,48,16.0,6,1.25,False,111000,1.4270833333333333,0,0,198,68,22,0,0,0,22,10,34,3.7708333333333335,181.0,0.0,True,False
288,4 4 18,48,16.0,6,1.25,False,111500,1.3888888888888888,0,0,223,44,19,2,0,0,21,14,14,4.0,192.0,0.0,True,False
288,4 4 18,48,16.0,6,1.25,False,112000,1.4097222222222223,0,0,202,64,18,4,0,0,22,11,30,3.875,186.0,0.0,True,False
288,4 4 18,48,16.0,6,1.25,False,112500,1.4201388888888888,0,0,194,68,22,4,0,0,26,15,30,3.8125,183.0,0.0,True,False
288,4 4 18,48,16.0,6,1.25,False,113000,1.2847222222222223,0,0,224,40,24,0,0,0,24,14,8,4.625,222.0,0.0,True,False
288,4 4 18,48,16.0,6,1.25,False,113500,1.4791666666666667,0,0,193,61,31,3,0,0,34,14,33,3.4583333333333335,166.0,0.0,True,False
288,4 4 18,48,16.0,6,1.25,False,114000,1.4131944444444444,0,0,207,49,29,3,0,0,32,14,12,3.8541666666666665,185.0,0.0,True,False
288,4 4 18,48,16.0,6,1.25,False,114500,1.3194444444444444,0,0,225,41,19,3,0,0,22,14,11,4.416666666666667,212.0,0.0,True,False
288,4 4 18,48,16.0,6,1.25,False,115000,1.3194444444444444,0,0,208,52,28,0,0,0,28,19,8,4.416666666666667,212.0,0.0,True,False
288,4 4 18,48,16.0,6,1.25,False,115500,1.3368055555555556,0,0,223,42,23,0,0,0,23,12,11,4.3125,207.0,0.0,True,False
288,4 4 18,48,16.0,6,1.25,False,116000,1.3090277777777777,0,0,232,38,17,0,1,0,18,14,14,4.479166666666667,215.0,0.0,True,False
288,4 4 18,48,16.0,6,1.25,False,116500,1.3194444444444444,0,0,224,44,16,4,0,0,20,16,6,4.416666666666667,212.0,0.0,True,False
288,4 4 18,48,16.0,6,1.25,False,117000,1.4131944444444444,0,0,205,53,28,1,1,0,30,16,16,3.8541666666666665,185.0,0.0,True,False
288,4 4 18,48,16.0,6,1.25,False,117500,1.5347222222222223,0,0,179,66,40,2,1,0,43,16,26,3.125,150.0,0.0,True,False
288,4 4 18,48,16.0,6,1.25,False,118000,1.4097222222222223,0,0,202,60,26,0,0,0,26,14,22,3.875,186.0,0.0,True,False
288,4 4 18,48,16.0,6,1.25,False,118500,1.2986111111111112,0,0,212,48,28,0,0,0,28,17,8,4.541666666666667,218.0,0.0,True,False
288,4 4 18,48,16.0,6,1.25,False,119000,1.3472222222222223,0,0,200,56,32,0,0,0,32,18,10,4.25,204.0,0.0,True,False
288,4 4 18,48,16.0,6,1.25,False,119500,1.2777777777777777,0,0,216,44,28,0,0,0,28,14,14,4.666666666666667,224.0,0.0,True,False
288,4 4 18,48,16.0,6,1.25,False,120000,1.1736111111111112,0,0,244,28,16,0,0,0,16,11,8,5.291666666666667,254.0,0.0,True,False
288,4 4 18,48,16.0,6,1.25,False,120500,1.2222222222222223,0,0,232,36,20,0,0,0,20,12,6,5.0,240.0,0.0,True,False
288,4 4 18,48,16.0,6,1.25,False,121000,1.25,0,0,224,40,24,0,0,0,24,13,10,4.833333333333333,232.0,0.0,True,False
288,4 4 18,48,16.0,6,1.25,False,121500,1.1944444444444444,0,0,240,32,16,0,0,0,16,15,4,5.166666666666667,248.0,0.0,True,False
288,4 4 18,48,16.0,6,1.25,False,122000,1.1458333333333333,0,0,252,24,12,0,0,0,12,11,4,5.458333333333333,262.0,0.0,True,False
288,4 4 18,48,16.0,6,1.25,False,122500,1.2916666666666667,0,0,216,48,24,0,0,0,24,12,8,4.583333333333333,220.0,0.0,True,False
288,4 4 18,48,16.0,6,1.25,False,123000,1.2777777777777777,0,0,224,48,16,0,0,0,16,13,24,4.666666666666667,224.0,0.0,True,False
288,4 4 18,48,16.0,6,1.25,False,123500,1.0972222222222223,0,0,264,16,8,0,0,0,8,5,8,5.75,276.0,0.0,True,False
288,4 4 18,48,16.0,6,1.25,False,124000,1.2430555555555556,0,0,228,40,20,0,0,0,20,16,6,4.875,234.0,0.0,True,False
288,4 4 18,48,16.0,6,1.25,False,124500,1.2916666666666667,0,0,216,48,24,0,0,0,24,18,8,4.583333333333333,220.0,0.0,True,False
288,4 4 18,48,16.0,6,1.25,False,125000,1.2534722222222223,0,0,234,36,18,0,0,0,18,11,14,4.8125,231.0,0.0,True,False
288,4 4 18,48,16.0,6,1.25,False,125500,1.2222222222222223,0,0,232,36,20,0,0,0,20,16,4,5.0,240.0,0.0,True,False
288,4 4 18,48,16.0,6,1.25,False,126000,1.3229166666666667,0,0,218,48,22,0,0,0,22,12,22,4.395833333333333,211.0,0.0,True,False
288,4 4 18,48,16.0,6,1.25,False,126500,1.2743055555555556,0,1,242,33,12,0,0,0,12,10,16,4.6875,225.0,0.0,True,False
288,4 4 18,48,16.0,6,1.25,False,127000,1.2951388888888888,0,2,240,30,16,0,0,0,16,13,7,4.5625,219.0,0.0,True,False
288,4 4 18,48,16.0,6,1.25,False,127500,1.5451388888888888,0,0,195,60,31,2,0,0,33,18,16,3.0625,147.0,0.0,True,False
288,4 4 18,48,16.0,6,1.25,False,128000,1.5034722222222223,0,0,219,40,27,2,0,0,29,16,8,3.3125,159.0,0.0,True,False
288,4 4 18,48,16.0,6,1.25,False,128500,1.34375,0,0,233,36,18,0,1,0,19,14,10,4.270833333333333,205.0,0.0,True,False
288,4 4 18,48,16.0,6,1.25,False,129000,1.5486111111111112,0,0,191,64,31,2,0,0,33,13,28,3.0416666666666665,146.0,0.0,True,False
288,4 4 18,48,16.0,6,1.25,False,129500,1.2673611111111112,0,0,239,31,17,1,0,0,18,9,8,4.729166666666667,227.0,0.0,True,False
288,4 4 18,48,16.0,6,1.25,False,130000,1.3645833333333333,0,0,212,52,24,0,0,0,24,15,20,4.145833333333333,199.0,0.0,True,False
288,4 4 18,48,16.0,6,1.25,False,130500,1.2847222222222223,0,0,224,40,24,0,0,0,24,15,12,4.625,222.0,0.0,True,False
288,4 4 18,48,16.0,6,1.25,False,131000,1.3159722222222223,0,0,226,40,22,0,0,0,22,15,10,4.4375,213.0,0.0,True,False
288,4 4 18,48,16.0,6,1.25,False,131500,1.34375,0,0,218,44,26,0,0,0,26,18,8,4.270833333333333,205.0,0.0,True,False
288,4 4 18,48,16.0,6,1.25,False,132000,1.5104166666666667,0,0,194,60,34,0,0,0,34,18,12,3.2708333333333335,157.0,0.0,True,False
288,4 4 18,48,16.0,6,1.25,False,132500,1.3159722222222223,0,0,226,40,22,0,0,0,22,11,10,4.4375,213.0,0.0,True,False
288,4 4 18,48,16.0,6,1.25,False,133000,1.3680555555555556,0,0,222,48,18,0,0,0,18,16,12,4.125,198.0,0.0,True,False
288,4 4 18,48,16.0,6,1.25,False,133500,1.1944444444444444,0,0,240,32,16,0,0,0,16,16,2,5.166666666666667,248.0,0.0,True,False
288,4 4 18,48,16.0,6,1.25,False,134000,1.3333333333333333,0,0,212,48,28,0,0,0,28,19,10,4.333333333333333,208.0,0.0,True,False
288,4 4 18,48,16.0,6,1.25,False,134500,1.3263888888888888,0,0,216,48,24,0,0,0,24,23,4,4.375,210.0,0.0,True,False
288,4 4 18,48,16.0,6,1.25,False,135000,1.2986111111111112,0,0,212,48,28,0,0,0,28,20,4,4.541666666666667,218.0,0.0,True,False
288,4 4 18,48,16.0,6,1.25,False,135500,1.3958333333333333,0,0,216,48,24,0,0,0,24,12,20,3.9583333333333335,190.0,0.0,True,False
288,4 4 18,48,16.0,6,1.25,False,136000,1.3055555555555556,0,0,220,44,24,0,0,0,24,16,12,4.5,216.0,0.0,True,False
288,4 4 18,48,16.0,6,1.25,False,136500,1.2708333333333333,0,0,220,44,24,0,0,0,24,17,4,4.708333333333333,226.0,0.0,True,False
288,4 4 18,48,16.0,6,1.25,False,137000,1.375,0,0,220,44,24,0,0,0,24,16,10,4.083333333333333,196.0,0.0,True,False
288,4 4 18,48,16.0,6,1.25,False,137500,1.2604166666666667,0,0,243,30,15,0,0,0,15,12,6,4.770833333333333,229.0,0.0,True,False
288,4 4 18,48,16.0,6,1.25,False,138000,1.3923611111111112,0,0,222,44,18,4,0,0,22,13,12,3.9791666666666665,191.0,0.0,True,False
288,4 4 18,48,16.0,6,1.25,False,138500,1.4305555555555556,0,0,216,48,24,0,0,0,24,11,21,3.75,180.0,0.0,True,False
288,4 4 18,48,16.0,6,1.25,False,139000,1.4479166666666667,0,0,214,53,20,1,0,0,21,11,22,3.6458333333333335,175.0,0.0,True,False
288,4 4 18,48,16.0,6,1.25,False,139500,1.4375,0,0,214,46,26,2,0,0,28,18,8,3.7083333333333335,178.0,0.0,True,False
288,4 4 18,48,16.0,6,1.25,False,140000,1.4895833333333333,0,0,212,50,24,2,0,0,26,11,26,3.3958333333333335,163.0,0.0,True,False
288,4 4 18,48,16.0,6,1.25,False,140500,1.1805555555555556,0,0,240,28,20,0,0,0,20,8,12,5.25,252.0,0.0,True,False
288,4 4 18,48,16.0,6,1.25,False,141000,1.25,0,0,224,40,24,0,0,0,24,18,4,4.833333333333333,232.0,0.0,True,False
288,4 4 18,48,16.0,6,1.25,False,141500,1.2986111111111112,0,0,228,36,24,0,0,0,24,11,8,4.541666666666667,218.0,0.0,True,False
288,4 4 18,48,16.0,6,1.25,False,142000,1.34375,0,0,228,44,16,0,0,0,16,10,18,4.270833333333333,205.0,0.0,True,False
288,4 4 18,48,16.0,6,1.25,False,142500,1.3576388888888888,0,0,226,36,22,4,0,0,26,15,6,4.1875,201.0,0.0,True,False
288,4 4 18,48,16.0,6,1.25,False,143000,1.4097222222222223,0,0,210,46,30,2,0,0,32,11,12,3.875,186.0,0.0,True,False
288,4 4 18,48,16.0,6,1.25,False,143500,1.3506944444444444,0,0,228,36,24,0,0,0,24,14,8,4.229166666666667,203.0,0.0,True,False
288,4 4 18,48,16.0,6,1.25,False,144000,1.4097222222222223,0,0,220,44,24,0,0,0,24,11,14,3.875,186.0,0.0,True,False
288,4 4 18,48,16.0,6,1.25,False,144500,1.3611111111111112,0,0,224,52,12,0,0,0,12,11,24,4.166666666666667,200.0,0.0,True,False
288,4 4 18,48,16.0,6,1.25,False,145000,1.3229166666666667,0,0,232,40,16,0,0,0,16,10,19,4.395833333333333,211.0,0.0,True,False
288,4 4 18,48,16.0,6,1.25,False,145500,1.3090277777777777,0,0,235,33,17,3,0,0,20,10,11,4.479166666666667,215.0,0.0,True,False
288,4 4 18,48,16.0,6,1.25,False,146000,1.3159722222222223,0,0,214,44,30,0,0,0,30,15,8,4.4375,213.0,0.0,True,False
288,4 4 18,48,16.0,6,1.25,False,146500,1.3263888888888888,0,0,204,52,32,0,0,0,32,13,14,4.375,210.0,0.0,True,False
288,4 4 18,48,16.0,6,1.25,False,147000,1.2222222222222223,0,0,232,36,20,0,0,0,20,15,8,5.0,240.0,0.0,True,False
288,4 4 18,48,16.0,6,1.25,False,147500,1.125,0,0,256,20,12,0,0,0,12,7,8,5.583333333333333,268.0,0.0,True,False
288,4 4 18,48,16.0,6,1.25,False,148000,1.28125,0,0,204,64,20,0,0,0,20,9,46,4.645833333333333,223.0,0.0,True,False
288,4 4 18,48,16.0,6,1.25,False,148500,1.2777777777777777,0,0,184,88,16,0,0,0,16,11,66,4.666666666666667,224.0,0.0,True,False
288,4 4 18,48,16.0,6,1.25,False,149000,1.3125,0,0,176,104,8,0,0,0,8,5,82,4.458333333333333,214.0,0.0,True,False
288,4 4 18,48,16.0,6,1.25,False,149500,1.3645833333333333,0,0,180,96,12,0,0,0,12,5,74,4.145833333333333,199.0,0.0,True,False
288,4 4 18,48,16.0,6,1.25,False,150000,1.3298611111111112,0,0,206,64,18,0,0,0,18,7,34,4.354166666666667,209.0,0.0,True,False
288,4 4 18,48,16.0,6,1.25,False,150500,1.25,0,0,224,40,24,0,0,0,24,15,8,4.833333333333333,232.0,0.0,True,False
288,4 4 18,48,16.0,6,1.25,False,151000,1.2777777777777777,0,0,216,44,28,0,0,0,28,14,16,4.666666666666667,224.0,0.0,True,False
288,4 4 18,48,16.0,6,1.25,False,151500,1.3020833333333333,0,0,222,44,22,0,0,0,22,12,12,4.520833333333333,217.0,0.0,True,False
288,4 4 18,48,16.0,6,1.25,False,152000,1.3472222222222223,0,0,220,36,32,0,0,0,32,9,8,4.25,204.0,0.0,True,False
288,4 4 18,48,16.0,6,1.25,False,152500,1.375,0,0,222,41,24,1,0,0,25,9,15,4.083333333333333,196.0,0.0,True,False
288,4 4 18,48,16.0,6,1.25,False,153000,1.3402777777777777,0,0,220,44,24,0,0,0,24,11,14,4.291666666666667,206.0,0.0,True,False
288,4 4 18,48,16.0,6,1.25,False,153500,1.4097222222222223,0,1,204,53,30,0,0,0,30,15,12,3.875,186.0,0.0,True,False
288,4 4 18,48,16.0,6,1.25,False,154000,1.2777777777777777,0,1,240,33,14,0,0,0,14,13,10,4.666666666666667,224.0,0.0,True,False
288,4 4 18,48,16.0,6,1.25,False,154500,1.3090277777777777,0,2,238,38,10,0,0,0,10,5,16,4.479166666666667,215.0,0.0,True,False
288,4 4 18,48,16.0,6,1.25,False,155000,1.3576388888888888,0,0,226,52,10,0,0,0,10,9,16,4.1875,201.0,0.0,True,False
288,4 4 18,48,16.0,6,1.25,False,155500,1.3715277777777777,0,0,226,36,26,0,0,0,26,15,8,4.104166666666667,197.0,0.0,True,False
288,4 4 18,48,16.0,6,1.25,False,156000,1.3159722222222223,0,0,227,38,23,0,0,0,23,11,12,4.4375,213.0,0.0,True,False
288,4 4 18,48,16.0,6,1.25,False,156500,1.3090277777777777,0,0,230,40,18,0,0,0,18,18,6,4.479166666666667,215.0,0.0,True,False
288,4 4 18,48,16.0,6,1.25,False,157000,1.2569444444444444,0,0,232,36,20,0,0,0,20,14,8,4.791666666666667,230.0,0.0,True,False
288,4 4 18,48,16.0,6,1.25,False,157500,1.2222222222222223,0,0,232,36,20,0,0,0,20,17,4,5.0,240.0,0.0,True,False
288,4 4 18,48,16.0,6,1.25,False,158000,1.3611111111111112,0,0,216,48,24,0,0,0,24,15,14,4.166666666666667,200.0,0.0,True,False
288,4 4 18,48,16.0,6,1.25,False,158500,1.3506944444444444,0,0,222,48,18,0,0,0,18,7,30,4.229166666666667,203.0,0.0,True,False
288,4 4 18,48,16.0,6,1.25,False,159000,1.2638888888888888,0,0,224,44,20,0,0,0,20,12,12,4.75,228.0,0.0,True,False
288,4 4 18,48,16.0,6,1.25,False,159500,1.2743055555555556,0,0,230,40,18,0,0,0,18,13,14,4.6875,225.0,0.0,True,False
288,4 4 18,48,16.0,6,1.25,False,160000,1.4270833333333333,0,0,190,64,34,0,0,0,34,12,24,3.7708333333333335,181.0,0.0,True,False
288,4 4 18,48,16.0,6,1.25,False,160500,1.25,0,0,224,40,24,0,0,0,24,9,10,4.833333333333333,232.0,0.0,True,False
288,4 4 18,48,16.0,6,1.25,False,161000,1.3194444444444444,0,0,224,44,16,4,0,0,20,20,4,4.416666666666667,212.0,0.0,True,False
288,4 4 18,48,16.0,6,1.25,False,161500,1.3263888888888888,0,0,204,52,32,0,0,0,32,13,12,4.375,210.0,0.0,True,False
288,4 4 18,48,16.0,6,1.25,False,162000,1.2986111111111112,0,0,212,48,28,0,0,0,28,15,10,4.541666666666667,218.0,0.0,True,False
288,4 4 18,48,16.0,6,1.25,False,162500,1.375,0,0,208,48,32,0,0,0,32,18,8,4.083333333333333,196.0,0.0,True,False
288,4 4 18,48,16.0,6,1.25,False,163000,1.2569444444444444,0,0,228,44,16,0,0,0,16,10,18,4.791666666666667,230.0,0.0,True,False
288,4 4 18,48,16.0,6,1.25,False,163500,1.0972222222222223,0,0,264,16,8,0,0,0,8,4,6,5.75,276.0,0.0,True,False
288,4 4 18,48,16.0,6,1.25,False,164000,1.2708333333333333,0,0,220,44,24,0,0,0,24,17,4,4.708333333333333,226.0,0.0,True,False
288,4 4 18,48,16.0,6,1.25,False,164500,1.3402777777777777,0,0,208,48,32,0,0,0,32,14,8,4.291666666666667,206.0,0.0,True,False
288,4 4 18,48,16.0,6,1.25,False,165000,1.4479166666666667,0,0,224,35,26,3,0,0,29,9,11,3.6458333333333335,175.0,0.0,True,False
288,4 4 18,48,16.0,6,1.25,False,165500,1.4236111111111112,0,0,214,43,28,3,0,0,31,14,8,3.7916666666666665,182.0,0.0,True,False
288,4 4 18,48,16.0,6,1.25,False,166000,1.4236111111111112,0,0,225,39,23,1,0,0,24,10,19,3.7916666666666665,182.0,0.0,True,False
288,4 4 18,48,16.0,6,1.25,False,166500,1.3854166666666667,0,0,212,49,26,1,0,0,27,18,8,4.020833333333333,193.0,0.0,True,False
288,4 4 18,48,16.0,6,1.25,False,167000,1.3506944444444444,0,0,226,44,14,4,0,0,18,13,12,4.229166666666667,203.0,0.0,True,False
288,4 4 18,48,16.0,6,1.25,False,167500,1.4583333333333333,0,0,212,48,24,4,0,0,28,14,10,3.5833333333333335,172.0,0.0,True,False
288,4 4 18,48,16.0,6,1.25,False,168000,1.375,0,0,224,38,24,2,0,0,26,14,10,4.083333333333333,196.0,0.0,True,False
288,4 4 18,48,16.0,6,1.25,False,168500,1.3333333333333333,0,0,212,48,28,0,0,0,28,20,6,4.333333333333333,208.0,0.0,True,False
288,4 4 18,48,16.0,6,1.25,False,169000,1.2951388888888888,0,0,218,40,30,0,0,0,30,15,4,4.5625,219.0,0.0,True,False
288,4 4 18,48,16.0,6,1.25,False,169500,1.2986111111111112,0,0,220,52,16,0,0,0,16,12,16,4.541666666666667,218.0,0.0,True,False
288,4 4 18,48,16.0,6,1.25,False,170000,1.2986111111111112,0,0,212,48,28,0,0,0,28,14,8,4.541666666666667,218.0,0.0,True,False
288,4 4 18,48,16.0,6,1.25,False,170500,1.3263888888888888,0,0,216,48,24,0,0,0,24,9,16,4.375,210.0,0.0,True,False
288,4 4 18,48,16.0,6,1.25,False,171000,1.3472222222222223,0,1,229,35,23,0,0,0,23,10,13,4.25,204.0,0.0,True,False
288,4 4 18,48,16.0,6,1.25,False,171500,1.3854166666666667,0,0,229,35,23,1,0,0,24,15,7,4.020833333333333,193.0,0.0,True,False
288,4 4 18,48,16.0,6,1.25,False,172000,1.5104166666666667,0,0,210,50,26,2,0,0,28,10,21,3.2708333333333335,157.0,0.0,True,False
288,4 4 18,48,16.0,6,1.25,False,172500,1.3854166666666667,0,0,238,36,14,0,0,0,14,11,16,4.020833333333333,193.0,0.0,True,False
288,4 4 18,48,16.0,6,1.25,False,173000,1.4583333333333333,0,0,209,50,29,0,0,0,29,11,28,3.5833333333333335,172.0,0.0,True,False
288,4 4 18,48,16.0,6,1.25,False,173500,1.3645833333333333,0,0,231,34,23,0,0,0,23,10,17,4.145833333333333,199.0,0.0,True,False
288,4 4 18,48,16.0,6,1.25,False,174000,1.3298611111111112,0,0,228,40,20,0,0,0,20,18,4,4.354166666666667,209.0,0.0,True,False
288,4 4 18,48,16.0,6,1.25,False,174500,1.2291666666666667,0,0,240,32,16,0,0,0,16,16,2,4.958333333333333,238.0,0.0,True,False
288,4 4 18,48,16.0,6,1.25,False,175000,1.3576388888888888,0,0,226,35,24,3,0,0,27,7,15,4.1875,201.0,0.0,True,False
288,4 4 18,48,16.0,6,1.25,False,175500,1.3888888888888888,0,0,204,64,16,4,0,0,20,11,30,4.0,192.0,0.0,True,False
288,4 4 18,48,16.0,6,1.25,False,176000,1.4444444444444444,0,0,204,61,19,3,1,0,23,16,12,3.6666666666666665,176.0,0.0,True,False
288,4 4 18,48,16.0,6,1.25,False,176500,1.4965277777777777,0,0,196,58,28,6,0,0,34,19,8,3.3541666666666665,161.0,0.0,True,False
288,4 4 18,48,16.0,6,1.25,False,177000,1.4340277777777777,0,0,215,50,19,4,0,0,23,17,9,3.7291666666666665,179.0,0.0,True,False
288,4 4 18,48,16.0,6,1.25,False,177500,1.5520833333333333,0,1,212,53,22,0,0,0,22,18,22,3.0208333333333335,145.0,0.0,True,False
288,4 4 18,48,16.0,6,1.25,False,178000,1.46875,0,0,220,45,14,9,0,0,23,15,14,3.5208333333333335,169.0,0.0,True,False
288,4 4 18,48,16.0,6,1.25,False,178500,1.4791666666666667,0,0,208,54,20,6,0,0,26,17,11,3.4583333333333335,166.0,0.0,True,False
288,4 4 18,48,16.0,6,1.25,False,179000,1.3854166666666667,0,0,237,38,13,0,0,0,13,10,15,4.020833333333333,193.0,0.0,True,False
288,4 4 18,48,16.0,6,1.25,False,179500,1.4340277777777777,0,0,215,50,19,4,0,0,23,22,6,3.7291666666666665,179.0,0.0,True,False
288,4 4 18,48,16.0,6,1.25,False,180000,1.3854166666666667,0,0,228,42,13,4,1,0,18,16,11,4.020833333333333,193.0,0.0,True,False
288,4 4 18,48,16.0,6,1.25,False,180500,1.4097222222222223,0,0,221,46,17,4,0,0,21,15,20,3.875,186.0,0.0,True,False
288,4 4 18,48,16.0,6,1.25,False,181000,1.4027777777777777,0,0,224,44,20,0,0,0,20,16,8,3.9166666666666665,188.0,0.0,True,False
288,4 4 18,48,16.0,6,1.25,False,181500,1.2118055555555556,0,0,254,24,10,0,0,0,10,8,11,5.0625,243.0,0.0,True,False
288,4 4 18,48,16.0,6,1.25,False,182000,1.2291666666666667,0,0,257,19,11,1,0,0,12,11,3,4.958333333333333,238.0,0.0,True,False
288,4 4 18,48,16.0,6,1.25,False,182500,1.3541666666666667,0,0,208,52,28,0,0,0,28,19,10,4.208333333333333,202.0,0.0,True,False
288,4 4 18,48,16.0,6,1.25,False,183000,1.4166666666666667,0,0,216,48,20,4,0,0,24,20,10,3.8333333333333335,184.0,0.0,True,False
288,4 4 18,48,16.0,6,1.25,False,183500,1.5243055555555556,0,0,199,58,27,4,0,0,31,18,21,3.1875,153.0,0.0,True,False
288,4 4 18,48,16.0,6,1.25,False,184000,1.4965277777777777,0,0,206,56,22,4,0,0,26,20,11,3.3541666666666665,161.0,0.0,True,False
288,4 4 18,48,16.0,6,1.25,False,184500,1.40625,0,1,218,49,20,0,0,0,20,13,14,3.8958333333333335,187.0,0.0,True,False
288,4 4 18,48,16.0,6,1.25,False,185000,1.4097222222222223,0,1,220,41,26,0,0,0,26,14,14,3.875,186.0,0.0,True,False
288,4 4 18,48,16.0,6,1.25,False,185500,1.4097222222222223,0,0,216,57,11,3,1,0,15,12,26,3.875,186.0,0.0,True,False
288,4 4 18,48,16.0,6,1.25,False,186000,1.4305555555555556,0,0,209,66,9,4,0,0,13,13,24,3.75,180.0,0.0,True,False
288,4 4 18,48,16.0,6,1.25,False,186500,1.5,0,1,202,53,32,0,0,0,32,12,16,3.3333333333333335,160.0,0.0,True,False
288,4 4 18,48,16.0,6,1.25,False,187000,1.2395833333333333,0,0,247,26,15,0,0,0,15,11,6,4.895833333333333,235.0,0.0,True,False
288,4 4 18,48,16.0,6,1.25,False,187500,1.2951388888888888,0,0,238,40,10,0,0,0,10,12,16,4.5625,219.0,0.0,True,False
288,4 4 18,48,16.0,6,1.25,False,188000,1.3888888888888888,0,0,220,48,20,0,0,0,20,17,14,4.0,192.0,0.0,True,False
288,4 4 18,48,16.0,6,1.25,False,188500,1.5034722222222223,0,1,210,53,24,0,0,0,24,15,14,3.3125,159.0,0.0,True,False
288,4 4 18,48,16.0,6,1.25,False,189000,1.4166666666666667,0,1,225,43,19,0,0,0,19,15,10,3.8333333333333335,184.0,0.0,True,False
288,4 4 18,48,16.0,6,1.25,False,189500,1.2118055555555556,0,0,255,22,11,0,0,0,11,9,8,5.0625,243.0,0.0,True,False
288,4 4 18,48,16.0,6,1.25,False,190000,1.4131944444444444,0,0,204,54,28,2,0,0,30,12,20,3.8541666666666665,185.0,0.0,True,False
288,4 4 18,48,16.0,6,1.25,False,190500,1.2395833333333333,0,0,234,32,22,0,0,0,22,10,14,4.895833333333333,235.0,0.0,True,False
288,4 4 18,48,16.0,6,1.25,False,191000,1.3333333333333333,0,0,224,44,20,0,0,0,20,13,20,4.333333333333333,208.0,0.0,True,False
288,4 4 18,48,16.0,6,1.25,False,191500,1.2777777777777777,0,0,216,44,28,0,0,0,28,12,8,4.666666666666667,224.0,0.0,True,False
288,4 4 18,48,16.0,6,1.25,False,192000,1.2430555555555556,0,0,228,40,20,0,0,0,20,20,2,4.875,234.0,0.0,True,False
288,4 4 18,48,16.0,6,1.25,False,192500,1.3055555555555556,0,0,216,52,20,0,0,0,20,13,16,4.5,216.0,0.0,True,False
288,4 4 18,48,16.0,6,1.25,False,193000,1.2916666666666667,0,0,216,48,24,0,0,0,24,20,4,4.583333333333333,220.0,0.0,True,False
288,4 4 18,48,16.0,6,1.25,False,193500,1.3611111111111112,0,0,220,44,20,4,0,0,24,13,10,4.166666666666667,200.0,0.0,True,False
288,4 4 18,48,16.0,6,1.25,False,194000,1.4375,0,0,213,46,29,0,0,0,29,12,10,3.7083333333333335,178.0,0.0,True,False
288,4 4 18,48,16.0,6,1.25,False,194500,1.3576388888888888,0,0,234,36,18,0,0,0,18,16,9,4.1875,201.0,0.0,True,False
288,4 4 18,48,16.0,6,1.25,False,195000,1.3993055555555556,0,0,215,47,25,1,0,0,26,11,20,3.9375,189.0,0.0,True,False
288,4 4 18,48,16.0,6,1.25,False,195500,1.4340277777777777,0,0,231,34,23,0,0,0,23,12,10,3.7291666666666665,179.0,0.0,True,False
288,4 4 18,48,16.0,6,1.25,False,196000,1.4131944444444444,0,1,231,35,21,0,0,0,21,12,13,3.8541666666666665,185.0,0.0,True,False
288,4 4 18,48,16.0,6,1.25,False,196500,1.3576388888888888,0,0,246,32,10,0,0,0,10,9,14,4.1875,201.0,0.0,True,False
288,4 4 18,48,16.0,6,1.25,False,197000,1.3819444444444444,0,0,221,38,25,4,0,0,29,11,8,4.041666666666667,194.0,0.0,True,False
288,4 4 18,48,16.0,6,1.25,False,197500,1.4479166666666667,0,0,215,50,23,0,0,0,23,7,21,3.6458333333333335,175.0,0.0,True,False
288,4 4 18,48,16.0,6,1.25,False,198000,1.4270833333333333,0,0,219,49,18,1,1,0,20,14,16,3.7708333333333335,181.0,0.0,True,False
288,4 4 18,48,16.0,6,1.25,False,198500,1.4791666666666667,0,0,210,50,23,4,1,0,28,14,12,3.4583333333333335,166.0,0.0,True,False
288,4 4 18,48,16.0,6,1.25,False,199000,1.4895833333333333,0,0,224,45,18,1,0,0,19,11,16,3.3958333333333335,163.0,0.0,True,False
288,4 4 18,48,16.0,6,1.25,False,199500,1.5347222222222223,0,0,201,63,19,5,0,0,24,14,18,3.125,150.0,0.0,True,False
288,4 4 18,48,16.0,6,1.25,False,200000,1.4479166666666667,0,0,214,56,14,4,0,0,18,17,16,3.6458333333333335,175.0,0.0,True,False
288,4 4 18,48,16.0,6,1.25,False,200500,1.3888888888888888,0,0,205,62,17,4,0,0,21,16,26,4.0,192.0,0.0,True,False
288,4 4 18,48,16.0,6,1.25,False,201000,1.3854166666666667,0,0,206,60,22,0,0,0,22,13,30,4.020833333333333,193.0,0.0,True,False
288,4 4 18,48,16.0,6,1.25,False,201500,1.3993055555555556,0,0,209,59,19,1,0,0,20,9,39,3.9375,189.0,0.0,True,False
288,4 4 18,48,16.0,6,1.25,False,202000,1.375,0,0,221,43,23,1,0,0,24,9,19,4.083333333333333,196.0,0.0,True,False
288,4 4 18,48,16.0,6,1.25,False,202500,1.2708333333333333,0,0,220,44,24,0,0,0,24,13,10,4.708333333333333,226.0,0.0,True,False
288,4 4 18,48,16.0,6,1.25,False,203000,1.4201388888888888,0,0,198,56,34,0,0,0,34,19,10,3.8125,183.0,0.0,True,False
288,4 4 18,48,16.0,6,1.25,False,203500,1.3090277777777777,0,0,218,44,26,0,0,0,26,17,6,4.479166666666667,215.0,0.0,True,False
288,4 4 18,48,16.0,6,1.25,False,204000,1.3611111111111112,0,0,204,52,32,0,0,0,32,16,10,4.166666666666667,200.0,0.0,True,False
288,4 4 18,48,16.0,6,1.25,False,204500,1.2777777777777777,0,0,232,32,24,0,0,0,24,16,2,4.666666666666667,224.0,0.0,True,False
288,4 4 18,48,16.0,6,1.25,False,205000,1.2777777777777777,0,0,224,48,16,0,0,0,16,16,16,4.666666666666667,224.0,0.0,True,False
288,4 4 18,48,16.0,6,1.25,False,205500,1.25,0,0,224,40,24,0,0,0,24,14,8,4.833333333333333,232.0,0.0,True,False
288,4 4 18,48,16.0,6,1.25,False,206000,1.3055555555555556,0,0,216,52,20,0,0,0,20,13,16,4.5,216.0,0.0,True,False
288,4 4 18,48,16.0,6,1.25,False,206500,1.2881944444444444,0,0,234,36,18,0,0,0,18,7,22,4.604166666666667,221.0,0.0,True,False
288,4 4 18,48,16.0,6,1.25,False,207000,1.3020833333333333,0,0,226,36,26,0,0,0,26,16,4,4.520833333333333,217.0,0.0,True,False
288,4 4 18,48,16.0,6,1.25,False,207500,1.3506944444444444,0,0,210,52,26,0,0,0,26,16,12,4.229166666666667,203.0,0.0,True,False
288,4 4 18,48,16.0,6,1.25,False,208000,1.4618055555555556,0,0,186,72,30,0,0,0,30,15,30,3.5625,171.0,0.0,True,False
288,4 4 18,48,16.0,6,1.25,False,208500,1.3611111111111112,0,0,200,60,28,0,0,0,28,11,30,4.166666666666667,200.0,0.0,True,False
288,4 4 18,48,16.0,6,1.25,False,209000,1.3125,0,0,216,44,28,0,0,0,28,6,16,4.458333333333333,214.0,0.0,True,False
288,4 4 18,48,16.0,6,1.25,False,209500,1.4513888888888888,0,0,206,44,38,0,0,0,38,14,16,3.625,174.0,0.0,True,False
288,4 4 18,48,16.0,6,1.25,False,210000,1.3784722222222223,0,0,214,52,22,0,0,0,22,16,12,4.0625,195.0,0.0,True,False
288,4 4 18,48,16.0,6,1.25,False,210500,1.3506944444444444,0,1,222,45,20,0,0,0,20,18,10,4.229166666666667,203.0,0.0,True,False
288,4 4 18,48,16.0,6,1.25,False,211000,1.1944444444444444,0,0,240,32,16,0,0,0,16,13,4,5.166666666666667,248.0,0.0,True,False
288,4 4 18,48,16.0,6,1.25,False,211500,1.1458333333333333,0,0,252,24,12,0,0,0,12,12,2,5.458333333333333,262.0,0.0,True,False
288,4 4 18,48,16.0,6,1.25,False,212000,1.3159722222222223,0,0,226,40,22,0,0,0,22,8,12,4.4375,213.0,0.0,True,False
288,4 4 18,48,16.0,6,1.25,False,212500,1.3611111111111112,0,0,204,52,32,0,0,0,32,17,8,4.166666666666667,200.0,0.0,True,False
288,4 4 18,48,16.0,6,1.25,False,213000,1.3125,0,0,232,32,24,0,0,0,24,11,10,4.458333333333333,214.0,0.0,True,False
288,4 4 18,48,16.0,6,1.25,False,213500,1.1597222222222223,0,0,256,20,12,0,0,0,12,7,6,5.375,258.0,0.0,True,False
288,4 4 18,48,16.0,6,1.25,False,214000,1.3854166666666667,0,0,198,56,34,0,0,0,34,10,26,4.020833333333333,193.0,0.0,True,False
288,4 4 18,48,16.0,6,1.25,False,214500,1.3611111111111112,0,0,200,60,28,0,0,0,28,14,26,4.166666666666667,200.0,0.0,True,False
288,4 4 18,48,16.0,6,1.25,False,215000,1.2916666666666667,0,0,216,48,24,0,0,0,24,19,8,4.583333333333333,220.0,0.0,True,False
288,4 4 18,48,16.0,6,1.25,False,215500,1.2847222222222223,0,0,224,40,24,0,0,0,24,12,18,4.625,222.0,0.0,True,False
288,4 4 18,48,16.0,6,1.25,False,216000,1.3611111111111112,0,0,204,52,32,0,0,0,32,15,18,4.166666666666667,200.0,0.0,True,False
288,4 4 18,48,16.0,6,1.25,False,216500,1.2430555555555556,0,0,228,40,20,0,0,0,20,18,4,4.875,234.0,0.0,True,False
288,4 4 18,48,16.0,6,1.25,False,217000,1.2430555555555556,0,0,228,40,20,0,0,0,20,20,2,4.875,234.0,0.0,True,False
288,4 4 18,48,16.0,6,1.25,False,217500,1.2916666666666667,0,0,216,48,24,0,0,0,24,19,8,4.583333333333333,220.0,0.0,True,False
288,4 4 18,48,16.0,6,1.25,False,218000,1.3055555555555556,0,0,220,44,24,0,0,0,24,18,6,4.5,216.0,0.0,True,False
288,4 4 18,48,16.0,6,1.25,False,218500,1.3194444444444444,0,0,218,52,18,0,0,0,18,8,24,4.416666666666667,212.0,0.0,True,False
288,4 4 18,48,16.0,6,1.25,False,219000,1.28125,0,0,226,40,22,0,0,0,22,12,14,4.645833333333333,223.0,0.0,True,False
288,4 4 18,48,16.0,6,1.25,False,219500,1.3229166666666667,0,0,200,64,24,0,0,0,24,14,32,4.395833333333333,211.0,0.0,True,False
288,4 4 18,48,16.0,6,1.25,False,220000,1.2083333333333333,0,0,240,36,12,0,0,0,12,13,12,5.083333333333333,244.0,0.0,True,False
288,4 4 18,48,16.0,6,1.25,False,220500,1.2916666666666667,0,0,216,48,24,0,0,0,24,23,4,4.583333333333333,220.0,0.0,True,False
288,4 4 18,48,16.0,6,1.25,False,221000,1.3888888888888888,0,0,196,56,36,0,0,0,36,12,12,4.0,192.0,0.0,True,False
288,4 4 18,48,16.0,6,1.25,False,221500,1.4131944444444444,0,0,224,53,10,1,0,0,11,9,24,3.8541666666666665,185.0,0.0,True,False
288,4 4 18,48,16.0,6,1.25,False,222000,1.4722222222222223,0,0,215,48,19,6,0,0,25,13,19,3.5,168.0,0.0,True,False
288,4 4 18,48,16.0,6,1.25,False,222500,1.3819444444444444,0,0,216,46,24,2,0,0,26,18,13,4.041666666666667,194.0,0.0,True,False
288,4 4 18,48,16.0,6,1.25,False,223000,1.3680555555555556,0,0,196,60,32,0,0,0,32,20,14,4.125,198.0,0.0,True,False
288,4 4 18,48,16.0,6,1.25,False,223500,1.2430555555555556,0,0,228,40,20,0,0,0,20,19,4,4.875,234.0,0.0,True,False
288,4 4 18,48,16.0,6,1.25,False,224000,1.40625,0,2,219,44,23,0,0,0,23,14,10,3.8958333333333335,187.0,0.0,True,False
288,4 4 18,48,16.0,6,1.25,False,224500,1.4548611111111112,0,2,211,44,31,0,0,0,31,15,8,3.6041666666666665,173.0,0.0,True,False
288,4 4 18,48,16.0,6,1.25,False,225000,1.3611111111111112,0,0,232,38,16,2,0,0,18,11,14,4.166666666666667,200.0,0.0,True,False
288,4 4 18,48,16.0,6,1.25,False,225500,1.3645833333333333,0,0,216,45,26,1,0,0,27,14,18,4.145833333333333,199.0,0.0,True,False
288,4 4 18,48,16.0,6,1.25,False,226000,1.3472222222222223,0,0,200,56,32,0,0,0,32,19,8,4.25,204.0,0.0,True,False
288,4 4 18,48,16.0,6,1.25,False,226500,1.28125,0,0,234,44,10,0,0,0,10,7,33,4.645833333333333,223.0,0.0,True,False
288,4 4 18,48,16.0,6,1.25,False,227000,1.2604166666666667,0,0,242,32,14,0,0,0,14,12,11,4.770833333333333,229.0,0.0,True,False
288,4 4 18,48,16.0,6,1.25,False,227500,1.3472222222222223,0,0,232,40,8,8,0,0,16,19,4,4.25,204.0,0.0,True,False
288,4 4 18,48,16.0,6,1.25,False,228000,1.4583333333333333,0,0,202,68,14,4,0,0,18,17,32,3.5833333333333335,172.0,0.0,True,False
288,4 4 18,48,16.0,6,1.25,False,228500,1.3888888888888888,0,1,232,41,14,0,0,0,14,7,22,4.0,192.0,0.0,True,False
288,4 4 18,48,16.0,6,1.25,False,229000,1.5277777777777777,0,0,188,74,25,0,1,0,26,11,38,3.1666666666666665,152.0,0.0,True,False
288,4 4 18,48,16.0,6,1.25,False,229500,1.4826388888888888,0,0,214,54,18,2,0,0,20,13,30,3.4375,165.0,0.0,True,False
288,4 4 18,48,16.0,6,1.25,False,230000,1.4861111111111112,0,2,182,86,18,0,0,0,18,10,44,3.4166666666666665,164.0,0.0,True,False
288,4 4 18,48,16.0,6,1.25,False,230500,1.4340277777777777,0,0,192,76,16,4,0,0,20,14,32,3.7291666666666665,179.0,0.0,True,False
288,4 4 18,48,16.0,6,1.25,False,231000,1.4409722222222223,0,0,160,108,20,0,0,0,20,16,40,3.6875,177.0,0.0,True,False
288,4 4 18,48,16.0,6,1.25,False,231500,1.4409722222222223,0,0,144,120,24,0,0,0,24,11,48,3.6875,177.0,0.0,True,False
288,4 4 18,48,16.0,6,1.25,False,232000,1.2916666666666667,0,0,192,76,20,0,0,0,20,12,50,4.583333333333333,220.0,0.0,True,False
288,4 4 18,48,16.0,6,1.25,False,232500,1.2916666666666667,0,0,192,76,20,0,0,0,20,11,56,4.583333333333333,220.0,0.0,True,False
288,4 4 18,48,16.0,6,1.25,False,233000,1.3506944444444444,0,0,202,68,18,0,0,0,18,11,48,4.229166666666667,203.0,0.0,True,False
288,4 4 18,48,16.0,6,1.25,False,233500,1.3854166666666667,0,0,198,56,34,0,0,0,34,12,14,4.020833333333333,193.0,0.0,True,False
288,4 4 18,48,16.0,6,1.25,False,234000,1.2951388888888888,0,0,218,40,30,0,0,0,30,14,12,4.5625,219.0,0.0,True,False
288,4 4 18,48,16.0,6,1.25,False,234500,1.2222222222222223,0,0,232,36,20,0,0,0,20,14,4,5.0,240.0,0.0,True,False
288,4 4 18,48,16.0,6,1.25,False,235000,1.1736111111111112,0,0,244,28,16,0,0,0,16,11,4,5.291666666666667,254.0,0.0,True,False
288,4 4 18,48,16.0,6,1.25,False,235500,1.1736111111111112,0,0,244,28,16,0,0,0,16,10,8,5.291666666666667,254.0,0.0,True,False
288,4 4 18,48,16.0,6,1.25,False,236000,1.2291666666666667,0,0,228,36,24,0,0,0,24,9,12,4.958333333333333,238.0,0.0,True,False
288,4 4 18,48,16.0,6,1.25,False,236500,1.2569444444444444,0,0,220,40,28,0,0,0,28,9,14,4.791666666666667,230.0,0.0,True,False
288,4 4 18,48,16.0,6,1.25,False,237000,1.2291666666666667,0,0,228,36,24,0,0,0,24,7,20,4.958333333333333,238.0,0.0,True,False
288,4 4 18,48,16.0,6,1.25,False,237500,1.3680555555555556,0,0,212,48,28,0,0,0,28,12,14,4.125,198.0,0.0,True,False
288,4 4 18,48,16.0,6,1.25,False,238000,1.25,0,0,224,40,24,0,0,0,24,12,10,4.833333333333333,232.0,0.0,True,False
288,4 4 18,48,16.0,6,1.25,False,238500,1.2777777777777777,0,0,216,44,28,0,0,0,28,13,10,4.666666666666667,224.0,0.0,True,False
288,4 4 18,48,16.0,6,1.25,False,239000,1.3368055555555556,0,0,222,44,22,0,0,0,22,8,22,4.3125,207.0,0.0,True,False
288,4 4 18,48,16.0,6,1.25,False,239500,1.1944444444444444,0,0,240,32,16,0,0,0,16,15,4,5.166666666666667,248.0,0.0,True,False
288,4 4 18,48,16.0,6,1.25,False,240000,1.3020833333333333,0,0,235,38,15,0,0,0,15,12,17,4.520833333333333,217.0,0.0,True,False
288,4 4 18,48,16.0,6,1.25,False,240500,1.3020833333333333,0,1,234,37,16,0,0,0,16,14,10,4.520833333333333,217.0,0.0,True,False
288,4 4 18,48,16.0,6,1.25,False,241000,1.3611111111111112,0,0,232,36,20,0,0,0,20,15,8,4.166666666666667,200.0,0.0,True,False
288,4 4 18,48,16.0,6,1.25,False,241500,1.3645833333333333,0,0,231,35,21,1,0,0,22,14,8,4.145833333333333,199.0,0.0,True,False
288,4 4 18,48,16.0,6,1.25,False,242000,1.4305555555555556,0,0,204,53,30,1,0,0,31,18,10,3.75,180.0,0.0,True,False
288,4 4 18,48,16.0,6,1.25,False,242500,1.4027777777777777,0,0,220,53,14,1,0,0,15,8,20,3.9166666666666665,188.0,0.0,True,False
288,4 4 18,48,16.0,6,1.25,False,243000,1.2916666666666667,0,0,212,56,20,0,0,0,20,11,26,4.583333333333333,220.0,0.0,True,False
288,4 4 18,48,16.0,6,1.25,False,243500,1.4513888888888888,0,0,180,76,32,0,0,0,32,17,16,3.625,174.0,0.0,True,False
288,4 4 18,48,16.0,6,1.25,False,244000,1.3298611111111112,0,0,214,48,26,0,0,0,26,13,14,4.354166666666667,209.0,0.0,True,False
288,4 4 18,48,16.0,6,1.25,False,244500,1.4201388888888888,0,0,202,48,38,0,0,0,38,13,8,3.8125,183.0,0.0,True,False
288,4 4 18,48,16.0,6,1.25,False,245000,1.3333333333333333,0,0,216,40,32,0,0,0,32,15,8,4.333333333333333,208.0,0.0,True,False
288,4 4 18,48,16.0,6,1.25,False,245500,1.2986111111111112,0,0,212,48,28,0,0,0,28,12,14,4.541666666666667,218.0,0.0,True,False
288,4 4 18,48,16.0,6,1.25,False,246000,1.1458333333333333,0,0,252,24,12,0,0,0,12,11,4,5.458333333333333,262.0,0.0,True,False
288,4 4 18,48,16.0,6,1.25,False,246500,1.2291666666666667,0,0,228,36,24,0,0,0,24,10,12,4.958333333333333,238.0,0.0,True,False
288,4 4 18,48,16.0,6,1.25,False,247000,1.2777777777777777,0,0,228,40,20,0,0,0,20,15,6,4.666666666666667,224.0,0.0,True,False
288,4 4 18,48,16.0,6,1.25,False,247500,1.1944444444444444,0,0,240,32,16,0,0,0,16,16,2,5.166666666666667,248.0,0.0,True,False
288,4 4 18,48,16.0,6,1.25,False,248000,1.2291666666666667,0,0,240,32,16,0,0,0,16,15,4,4.958333333333333,238.0,0.0,True,False
288,4 4 18,48,16.0,6,1.25,False,248500,1.2222222222222223,0,0,232,36,20,0,0,0,20,11,10,5.0,240.0,0.0,True,False
288,4 4 18,48,16.0,6,1.25,False,249000,1.3645833333333333,0,0,192,72,24,0,0,0,24,19,36,4.145833333333333,199.0,0.0,True,False
288,4 4 18,48,16.0,6,1.25,False,249500,1.5381944444444444,0,0,200,64,16,8,0,0,24,20,20,3.1041666666666665,149.0,0.0,True,False
288,4 4 18,48,16.0,6,1.25,False,250000,1.4340277777777777,0,2,226,40,18,2,0,0,20,13,14,3.7291666666666665,179.0,0.0,True,False
288,4 4 18,48,16.0,6,1.25,False,250500,1.3923611111111112,0,1,231,39,17,0,0,0,17,14,12,3.9791666666666665,191.0,0.0,True,False
288,4 4 18,48,16.0,6,1.25,False,251000,1.4236111111111112,0,1,204,57,26,0,0,0,26,17,18,3.7916666666666665,182.0,0.0,True,False
288,4 4 18,48,16.0,6,1.25,False,251500,1.3923611111111112,0,0,207,50,31,0,0,0,31,16,9,3.9791666666666665,191.0,0.0,True,False
288,4 4 18,48,16.0,6,1.25,False,252000,1.3506944444444444,0,1,225,40,21,1,0,0,22,11,13,4.229166666666667,203.0,0.0,True,False
288,4 4 18,48,16.0,6,1.25,False,252500,1.3229166666666667,0,2,230,38,18,0,0,0,18,12,10,4.395833333333333,211.0,0.0,True,False
288,4 4 18,48,16.0,6,1.25,False,253000,1.4375,0,1,208,55,22,2,0,0,24,17,10,3.7083333333333335,178.0,0.0,True,False
288,4 4 18,48,16.0,6,1.25,False,253500,1.3090277777777777,0,0,231,38,19,0,0,0,19,18,6,4.479166666666667,215.0,0.0,True,False
288,4 4 18,48,16.0,6,1.25,False,254000,1.2118055555555556,0,0,255,23,9,1,0,0,10,9,9,5.0625,243.0,0.0,True,False
288,4 4 18,48,16.0,6,1.25,False,254500,1.2604166666666667,0,0,242,32,14,0,0,0,14,15,6,4.770833333333333,229.0,0.0,True,False
288,4 4 18,48,16.0,6,1.25,False,255000,1.4652777777777777,0,0,206,50,31,0,1,0,32,16,14,3.5416666666666665,170.0,0.0,True,False
288,4 4 18,48,16.0,6,1.25,False,255500,1.3611111111111112,0,0,204,52,32,0,0,0,32,19,14,4.166666666666667,200.0,0.0,True,False
288,4 4 18,48,16.0,6,1.25,False,256000,1.4375,0,0,200,54,32,2,0,0,34,21,11,3.7083333333333335,178.0,0.0,True,False
288,4 4 18,48,16.0,6,1.25,False,256500,1.2881944444444444,0,0,235,34,19,0,0,0,19,10,16,4.604166666666667,221.0,0.0,True,False
288,4 4 18,48,16.0,6,1.25,False,257000,1.3402777777777777,0,0,208,48,32,0,0,0,32,15,10,4.291666666666667,206.0,0.0,True,False
288,4 4 18,48,16.0,6,1.25,False,257500,1.2951388888888888,0,0,234,28,26,0,0,0,26,9,10,4.5625,219.0,0.0,True,False
288,4 4 18,48,16.0,6,1.25,False,258000,1.3055555555555556,0,0,208,48,32,0,0,0,32,13,16,4.5,216.0,0.0,True,False
288,4 4 18,48,16.0,6,1.25,False,258500,1.2569444444444444,0,0,220,40,28,0,0,0,28,9,16,4.791666666666667,230.0,0.0,True,False
288,4 4 18,48,16.0,6,1.25,False,259000,1.1736111111111112,0,0,244,28,16,0,0,0,16,11,8,5.291666666666667,254.0,0.0,True,False
288,4 4 18,48,16.0,6,1.25,False,259500,1.2361111111111112,0,0,232,40,16,0,0,0,16,11,16,4.916666666666667,236.0,0.0,True,False
288,4 4 18,48,16.0,6,1.25,False,260000,1.3958333333333333,0,0,184,72,32,0,0,0,32,14,32,3.9583333333333335,190.0,0.0,True,False
288,4 4 18,48,16.0,6,1.25,False,260500,1.2777777777777777,0,0,216,44,28,0,0,0,28,12,14,4.666666666666667,224.0,0.0,True,False
288,4 4 18,48,16.0,6,1.25,False,261000,1.1736111111111112,0,0,244,28,16,0,0,0,16,11,8,5.291666666666667,254.0,0.0,True,False
288,4 4 18,48,16.0,6,1.25,False,261500,1.3333333333333333,0,0,208,56,24,0,0,0,24,19,12,4.333333333333333,208.0,0.0,True,False
288,4 4 18,48,16.0,6,1.25,False,262000,1.3263888888888888,0,0,204,52,32,0,0,0,32,17,8,4.375,210.0,0.0,True,False
288,4 4 18,48,16.0,6,1.25,False,262500,1.2777777777777777,0,0,216,44,28,0,0,0,28,13,16,4.666666666666667,224.0,0.0,True,False
288,4 4 18,48,16.0,6,1.25,False,263000,1.1736111111111112,0,0,244,28,16,0,0,0,16,9,8,5.291666666666667,254.0,0.0,True,False
288,4 4 18,48,16.0,6,1.25,False,263500,1.2291666666666667,0,0,228,36,24,0,0,0,24,10,10,4.958333333333333,238.0,0.0,True,False
288,4 4 18,48,16.0,6,1.25,False,264000,1.25,0,0,224,40,24,0,0,0,24,13,8,4.833333333333333,232.0,0.0,True,False
288,4 4 18,48,16.0,6,1.25,False,264500,1.25,0,0,224,40,24,0,0,0,24,13,14,4.833333333333333,232.0,0.0,True,False
288,4 4 18,48,16.0,6,1.25,False,265000,1.2222222222222223,0,0,232,36,20,0,0,0,20,15,8,5.0,240.0,0.0,True,False
288,4 4 18,48,16.0,6,1.25,False,265500,1.3298611111111112,0,0,226,44,18,0,0,0,18,10,16,4.354166666666667,209.0,0.0,True,False
288,4 4 18,48,16.0,6,1.25,False,266000,1.2916666666666667,0,0,236,28,24,0,0,0,24,9,10,4.583333333333333,220.0,0.0,True,False
288,4 4 18,48,16.0,6,1.25,False,266500,1.1805555555555556,0,0,248,32,8,0,0,0,8,8,18,5.25,252.0,0.0,True,False
288,4 4 18,48,16.0,6,1.25,False,267000,1.2013888888888888,0,0,236,32,20,0,0,0,20,11,10,5.125,246.0,0.0,True,False
288,4 4 18,48,16.0,6,1.25,False,267500,1.1527777777777777,0,0,248,24,16,0,0,0,16,8,10,5.416666666666667,260.0,0.0,True,False
288,4 4 18,48,16.0,6,1.25,False,268000,1.0972222222222223,0,0,264,16,8,0,0,0,8,8,2,5.75,276.0,0.0,True,False
288,4 4 18,48,16.0,6,1.25,False,268500,1.2916666666666667,0,0,228,44,16,0,0,0,16,10,20,4.583333333333333,220.0,0.0,True,False
288,4 4 18,48,16.0,6,1.25,False,269000,1.1319444444444444,0,0,260,24,4,0,0,0,4,5,16,5.541666666666667,266.0,0.0,True,False
288,4 4 18,48,16.0,6,1.25,False,269500,1.125,0,0,256,20,12,0,0,0,12,9,4,5.583333333333333,268.0,0.0,True,False
288,4 4 18,48,16.0,6,1.25,False,270000,1.125,0,0,256,20,12,0,0,0,12,9,4,5.583333333333333,268.0,0.0,True,False
288,4 4 18,48,16.0,6,1.25,False,270500,1.2430555555555556,0,0,228,40,20,0,0,0,20,16,6,4.875,234.0,0.0,True,False
288,4 4 18,48,16.0,6,1.25,False,271000,1.25,0,0,224,40,24,0,0,0,24,15,8,4.833333333333333,232.0,0.0,True,False
288,4 4 18,48,16.0,6,1.25,False,271500,1.3194444444444444,0,0,208,52,28,0,0,0,28,21,6,4.416666666666667,212.0,0.0,True,False
288,4 4 18,48,16.0,6,1.25,False,272000,1.2777777777777777,0,0,216,44,28,0,0,0,28,9,16,4.666666666666667,224.0,0.0,True,False
288,4 4 18,48,16.0,6,1.25,False,272500,1.25,0,0,224,40,24,0,0,0,24,11,8,4.833333333333333,232.0,0.0,True,False
288,4 4 18,48,16.0,6,1.25,False,273000,1.3055555555555556,0,0,208,48,32,0,0,0,32,13,14,4.5,216.0,0.0,True,False
288,4 4 18,48,16.0,6,1.25,False,273500,1.2291666666666667,0,0,228,36,24,0,0,0,24,13,12,4.958333333333333,238.0,0.0,True,False
288,4 4 18,48,16.0,6,1.25,False,274000,1.2708333333333333,0,0,236,32,20,0,0,0,20,8,18,4.708333333333333,226.0,0.0,True,False
288,4 4 18,48,16.0,6,1.25,False,274500,1.4131944444444444,0,0,202,56,30,0,0,0,30,10,30,3.8541666666666665,185.0,0.0,True,False
288,4 4 18,48,16.0,6,1.25,False,275000,1.2361111111111112,0,0,236,32,20,0,0,0,20,13,4,4.916666666666667,236.0,0.0,True,False
288,4 4 18,48,16.0,6,1.25,False,275500,1.2708333333333333,0,0,220,44,24,0,0,0,24,16,10,4.708333333333333,226.0,0.0,True,False
288,4 4 18,48,16.0,6,1.25,False,276000,1.1944444444444444,0,0,240,32,16,0,0,0,16,16,2,5.166666666666667,248.0,0.0,True,False
288,4 4 18,48,16.0,6,1.25,False,276500,1.3055555555555556,0,0,220,44,24,0,0,0,24,20,4,4.5,216.0,0.0,True,False
288,4 4 18,48,16.0,6,1.25,False,277000,1.3645833333333333,0,0,215,46,27,0,0,0,27,19,8,4.145833333333333,199.0,0.0,True,False
288,4 4 18,48,16.0,6,1.25,False,277500,1.2291666666666667,0,0,268,16,4,0,0,0,4,6,6,4.958333333333333,238.0,0.0,True,False
288,4 4 18,48,16.0,6,1.25,False,278000,1.3611111111111112,0,2,240,34,12,0,0,0,12,10,10,4.166666666666667,200.0,0.0,True,False
288,4 4 18,48,16.0,6,1.25,False,278500,1.4166666666666667,0,1,225,43,19,0,0,0,19,13,13,3.8333333333333335,184.0,0.0,True,False
288,4 4 18,48,16.0,6,1.25,False,279000,1.3402777777777777,0,0,204,56,28,0,0,0,28,22,8,4.291666666666667,206.0,0.0,True,False
288,4 4 18,48,16.0,6,1.25,False,279500,1.2708333333333333,0,0,220,44,24,0,0,0,24,17,8,4.708333333333333,226.0,0.0,True,False
288,4 4 18,48,16.0,6,1.25,False,280000,1.25,0,0,224,40,24,0,0,0,24,14,8,4.833333333333333,232.0,0.0,True,False
288,4 4 18,48,16.0,6,1.25,False,280500,1.2013888888888888,0,0,236,32,20,0,0,0,20,10,8,5.125,246.0,0.0,True,False
288,4 4 18,48,16.0,6,1.25,False,281000,1.2430555555555556,0,0,228,40,20,0,0,0,20,17,6,4.875,234.0,0.0,True,False
288,4 4 18,48,16.0,6,1.25,False,281500,1.2395833333333333,0,0,246,28,14,0,0,0,14,12,6,4.895833333333333,235.0,0.0,True,False
288,4 4 18,48,16.0,6,1.25,False,282000,1.3020833333333333,0,0,222,44,22,0,0,0,22,14,12,4.520833333333333,217.0,0.0,True,False
288,4 4 18,48,16.0,6,1.25,False,282500,1.2604166666666667,0,0,230,36,22,0,0,0,22,18,2,4.770833333333333,229.0,0.0,True,False
288,4 4 18,48,16.0,6,1.25,False,283000,1.2395833333333333,0,0,246,28,14,0,0,0,14,10,8,4.895833333333333,235.0,0.0,True,False
288,4 4 18,48,16.0,6,1.25,False,283500,1.3611111111111112,0,0,237,30,18,2,1,0,21,13,6,4.166666666666667,200.0,0.0,True,False
288,4 4 18,48,16.0,6,1.25,False,284000,1.4097222222222223,0,0,225,38,22,2,1,0,25,13,9,3.875,186.0,0.0,True,False
288,4 4 18,48,16.0,6,1.25,False,284500,1.3611111111111112,0,0,234,34,18,2,0,0,20,8,20,4.166666666666667,200.0,0.0,True,False
288,4 4 18,48,16.0,6,1.25,False,285000,1.4166666666666667,0,0,200,56,32,0,0,0,32,14,14,3.8333333333333335,184.0,0.0,True,False
288,4 4 18,48,16.0,6,1.25,False,285500,1.4270833333333333,0,0,194,56,38,0,0,0,38,19,6,3.7708333333333335,181.0,0.0,True,False
288,4 4 18,48,16.0,6,1.25,False,286000,1.3194444444444444,0,0,208,52,28,0,0,0,28,16,8,4.416666666666667,212.0,0.0,True,False
288,4 4 18,48,16.0,6,1.25,False,286500,1.2777777777777777,0,0,216,44,28,0,0,0,28,11,14,4.666666666666667,224.0,0.0,True,False
288,4 4 18,48,16.0,6,1.25,False,287000,1.2708333333333333,0,0,220,44,24,0,0,0,24,16,8,4.708333333333333,226.0,0.0,True,False
288,4 4 18,48,16.0,6,1.25,False,287500,1.3888888888888888,0,0,192,64,32,0,0,0,32,16,8,4.0,192.0,0.0,True,False
288,4 4 18,48,16.0,6,1.25,False,288000,1.2604166666666667,0,0,230,36,22,0,0,0,22,13,6,4.770833333333333,229.0,0.0,True,False
288,4 4 18,48,16.0,6,1.25,False,288500,1.25,0,0,224,40,24,0,0,0,24,16,8,4.833333333333333,232.0,0.0,True,False
288,4 4 18,48,16.0,6,1.25,False,289000,1.25,0,0,224,40,24,0,0,0,24,14,6,4.833333333333333,232.0,0.0,True,False
288,4 4 18,48,16.0,6,1.25,False,289500,1.2847222222222223,0,0,224,40,24,0,0,0,24,15,4,4.625,222.0,0.0,True,False
288,4 4 18,48,16.0,6,1.25,False,290000,1.0972222222222223,0,0,264,16,8,0,0,0,8,8,2,5.75,276.0,0.0,True,False
288,4 4 18,48,16.0,6,1.25,False,290500,1.2986111111111112,0,0,212,48,28,0,0,0,28,15,10,4.541666666666667,218.0,0.0,True,False
288,4 4 18,48,16.0,6,1.25,False,291000,1.2916666666666667,0,0,212,56,20,0,0,0,20,12,32,4.583333333333333,220.0,0.0,True,False
288,4 4 18,48,16.0,6,1.25,False,291500,1.3472222222222223,0,0,200,56,32,0,0,0,32,18,10,4.25,204.0,0.0,True,False
288,4 4 18,48,16.0,6,1.25,False,292000,1.2430555555555556,0,0,228,40,20,0,0,0,20,18,4,4.875,234.0,0.0,True,False
288,4 4 18,48,16.0,6,1.25,False,292500,1.2013888888888888,0,0,236,32,20,0,0,0,20,9,14,5.125,246.0,0.0,True,False
288,4 4 18,48,16.0,6,1.25,False,293000,1.2777777777777777,0,0,224,48,16,0,0,0,16,10,16,4.666666666666667,224.0,0.0,True,False
288,4 4 18,48,16.0,6,1.25,False,293500,1.2847222222222223,0,0,220,48,20,0,0,0,20,8,16,4.625,222.0,0.0,True,False
288,4 4 18,48,16.0,6,1.25,False,294000,1.2777777777777777,0,0,216,44,28,0,0,0,28,11,10,4.666666666666667,224.0,0.0,True,False
288,4 4 18,48,16.0,6,1.25,False,294500,1.3680555555555556,0,0,204,64,20,0,0,0,20,17,26,4.125,198.0,0.0,True,False
288,4 4 18,48,16.0,6,1.25,False,295000,1.3055555555555556,0,0,216,52,20,0,0,0,20,16,16,4.5,216.0,0.0,True,False
288,4 4 18,48,16.0,6,1.25,False,295500,1.3333333333333333,0,0,200,52,36,0,0,0,36,9,16,4.333333333333333,208.0,0.0,True,False
288,4 4 18,48,16.0,6,1.25,False,296000,1.3472222222222223,0,0,200,56,32,0,0,0,32,14,10,4.25,204.0,0.0,True,False
288,4 4 18,48,16.0,6,1.25,False,296500,1.3263888888888888,0,0,204,52,32,0,0,0,32,14,10,4.375,210.0,0.0,True,False
288,4 4 18,48,16.0,6,1.25,False,297000,1.1805555555555556,0,0,240,28,20,0,0,0,20,7,10,5.25,252.0,0.0,True,False
288,4 4 18,48,16.0,6,1.25,False,297500,1.4444444444444444,0,0,186,72,30,0,0,0,30,12,32,3.6666666666666665,176.0,0.0,True,False
288,4 4 18,48,16.0,6,1.25,False,298000,1.3888888888888888,0,0,148,112,28,0,0,0,28,9,86,4.0,192.0,0.0,True,False
288,4 4 18,48,16.0,6,1.25,False,298500,1.3611111111111112,0,0,168,104,16,0,0,0,16,7,76,4.166666666666667,200.0,0.0,True,False
288,4 4 18,48,16.0,6,1.25,False,299000,1.4270833333333333,0,0,160,104,24,0,0,0,24,10,64,3.7708333333333335,181.0,0.0,True,False
288,4 4 18,48,16.0,6,1.25,False,299500,1.2916666666666667,0,0,204,72,12,0,0,0,12,12,40,4.583333333333333,220.0,0.0,True,False
288,4 4 18,48,16.0,6,1.25,False,300000,1.3819444444444444,0,0,194,68,26,0,0,0,26,9,52,4.041666666666667,194.0,0.0,True,True
288,4 4 18,48,16.0,7,1.25,False,0,2.0,0,288,0,0,0,0,0,0,0,0,0,0.3333333333333333,16.0,0.0,False,False
288,4 4 18,48,16.0,7,1.25,False,500,2.013888888888889,0,224,48,4,8,4,0,0,12,2,2,0.25,12.0,0.0,True,False
288,4 4 18,48,16.0,7,1.25,False,1000,2.013888888888889,0,224,48,4,8,4,0,0,12,2,2,0.25,12.0,0.0,True,False
288,4 4 18,48,16.0,7,1.25,False,1500,2.0,0,208,60,4,12,4,0,0,16,2,2,0.3333333333333333,16.0,0.0,True,False
288,4 4 18,48,16.0,7,1.25,False,2000,2.0,0,208,60,4,12,4,0,0,16,2,2,0.3333333333333333,16.0,0.0,True,False
288,4 4 18,48,16.0,7,1.25,False,2500,1.9722222222222223,0,176,84,4,20,4,0,0,24,2,2,0.5,24.0,0.0,True,False
288,4 4 18,48,16.0,7,1.25,False,3000,1.9583333333333333,0,160,96,4,24,4,0,0,28,2,2,0.5833333333333334,28.0,0.0,True,False
288,4 4 18,48,16.0,7,1.25,False,3500,1.9513888888888888,0,140,104,12,32,0,0,0,32,6,2,0.625,30.0,0.0,True,False
288,4 4 18,48,16.0,7,1.25,False,4000,1.9513888888888888,0,140,104,12,32,0,0,0,32,6,2,0.625,30.0,0.0,True,False
288,4 4 18,48,16.0,7,1.25,False,4500,1.9513888888888888,0,140,104,12,32,0,0,0,32,6,2,0.625,30.0,0.0,True,False
288,4 4 18,48,16.0,7,1.25,False,5000,1.9513888888888888,0,140,104,12,32,0,0,0,32,6,2,0.625,30.0,0.0,True,False
288,4 4 18,48,16.0,7,1.25,False,5500,1.9513888888888888,0,140,104,12,32,0,0,0,32,6,2,0.625,30.0,0.0,True,False
288,4 4 18,48,16.0,7,1.25,False,6000,1.9513888888888888,0,140,104,12,32,0,0,0,32,6,2,0.625,30.0,0.0,True,False
288,4 4 18,48,16.0,7,1.25,False,6500,1.9513888888888888,0,140,104,12,32,0,0,0,32,6,2,0.625,30.0,0.0,True,False
288,4 4 18,48,16.0,7,1.25,False,7000,1.9513888888888888,0,140,104,12,32,0,0,0,32,6,2,0.625,30.0,0.0,True,False
288,4 4 18,48,16.0,7,1.25,False,7500,1.9513888888888888,0,140,104,12,32,0,0,0,32,6,2,0.625,30.0,0.0,True,False
288,4 4 18,48,16.0,7,1.25,False,8000,1.9513888888888888,0,140,104,12,32,0,0,0,32,6,2,0.625,30.0,0.0,True,False
288,4 4 18,48,16.0,7,1.25,False,8500,1.9548611111111112,0,150,100,6,32,0,0,0,32,3,2,0.6041666666666666,29.0,0.0,True,False
288,4 4 18,48,16.0,7,1.25,False,9000,1.9618055555555556,0,134,110,12,28,2,2,0,32,6,4,0.5625,27.0,0.0,True,False
288,4 4 18,48,16.0,7,1.25,False,9500,1.9444444444444444,0,144,100,16,28,0,0,0,28,5,8,0.6666666666666666,32.0,0.0,True,False
288,4 4 18,48,16.0,7,1.25,False,10000,1.8611111111111112,0,152,100,8,28,0,0,0,28,4,2,1.1666666666666667,56.0,0.0,True,False
288,4 4 18,48,16.0,7,1.25,False,10500,1.9097222222222223,0,124,112,16,32,4,0,0,36,8,2,0.875,42.0,0.0,True,False
288,4 4 18,48,16.0,7,1.25,False,11000,1.8819444444444444,0,100,120,24,40,4,0,0,44,6,8,1.0416666666666667,50.0,0.0,True,False
288,4 4 18,48,16.0,7,1.25,False,11500,1.8958333333333333,0,112,116,20,36,4,0,0,40,6,8,0.9583333333333334,46.0,0.0,True,False
288,4 4 18,48,16.0,7,1.25,False,12000,1.8819444444444444,0,100,120,24,40,4,0,0,44,6,8,1.0416666666666667,50.0,0.0,True,False
288,4 4 18,48,16.0,7,1.25,False,12500,1.8680555555555556,0,88,124,28,44,4,0,0,48,4,12,1.125,54.0,0.0,True,False
288,4 4 18,48,16.0,7,1.25,False,13000,1.8680555555555556,0,88,124,28,44,4,0,0,48,4,12,1.125,54.0,0.0,True,False
288,4 4 18,48,16.0,7,1.25,False,13500,1.8680555555555556,0,88,124,28,44,4,0,0,48,4,12,1.125,54.0,0.0,True,False
288,4 4 18,48,16.0,7,1.25,False,14000,1.8402777777777777,0,64,132,36,52,4,0,0,56,4,12,1.2916666666666667,62.0,0.0,True,False
288,4 4 18,48,16.0,7,1.25,False,14500,1.8402777777777777,0,64,132,36,52,4,0,0,56,4,12,1.2916666666666667,62.0,0.0,True,False
288,4 4 18,48,16.0,7,1.25,False,15000,1.75,0,56,132,40,60,0,0,0,60,4,12,1.8333333333333333,88.0,0.0,True,False
288,4 4 18,48,16.0,7,1.25,False,15500,1.8333333333333333,0,52,129,42,65,0,0,0,65,7,13,1.3333333333333333,64.0,0.0,True,False
288,4 4 18,48,16.0,7,1.25,False,16000,1.75,0,56,132,40,60,0,0,0,60,4,12,1.8333333333333333,88.0,0.0,True,False
288,4 4 18,48,16.0,7,1.25,False,16500,1.75,0,56,132,40,60,0,0,0,60,4,12,1.8333333333333333,88.0,0.0,True,False
288,4 4 18,48,16.0,7,1.25,False,17000,1.8298611111111112,0,52,132,42,60,2,0,0,62,6,12,1.3541666666666667,65.0,0.0,True,False
288,4 4 18,48,16.0,7,1.25,False,17500,1.8368055555555556,0,50,130,46,58,4,0,0,62,4,14,1.3125,63.0,0.0,True,False
288,4 4 18,48,16.0,7,1.25,False,18000,1.8298611111111112,0,52,132,42,60,2,0,0,62,6,12,1.3541666666666667,65.0,0.0,True,False
288,4 4 18,48,16.0,7,1.25,False,18500,1.8298611111111112,0,52,132,42,60,2,0,0,62,6,12,1.3541666666666667,65.0,0.0,True,False
288,4 4 18,48,16.0,7,1.25,False,19000,1.8229166666666667,0,48,128,50,60,2,0,0,62,3,30,1.3958333333333333,67.0,0.0,True,False
288,4 4 18,48,16.0,7,1.25,False,19500,1.8229166666666667,0,48,128,50,60,2,0,0,62,3,30,1.3958333333333333,67.0,0.0,True,False
288,4 4 18,48,16.0,7,1.25,False,20000,1.8229166666666667,0,48,128,50,60,2,0,0,62,3,30,1.3958333333333333,67.0,0.0,True,False
288,4 4 18,48,16.0,7,1.25,False,20500,1.8368055555555556,0,50,130,46,58,4,0,0,62,4,18,1.3125,63.0,0.0,True,False
288,4 4 18,48,16.0,7,1.25,False,21000,1.8229166666666667,0,48,128,50,60,2,0,0,62,3,30,1.3958333333333333,67.0,0.0,True,False
288,4 4 18,48,16.0,7,1.25,False,21500,1.8229166666666667,0,48,128,50,60,2,0,0,62,3,30,1.3958333333333333,67.0,0.0,True,False
288,4 4 18,48,16.0,7,1.25,False,22000,1.8229166666666667,0,48,128,50,60,2,0,0,62,3,30,1.3958333333333333,67.0,0.0,True,False
288,4 4 18,48,16.0,7,1.25,False,22500,1.8229166666666667,0,48,128,50,60,2,0,0,62,3,30,1.3958333333333333,67.0,0.0,True,False
288,4 4 18,48,16.0,7,1.25,False,23000,1.8368055555555556,0,50,130,46,58,4,0,0,62,4,14,1.3125,63.0,0.0,True,False
288,4 4 18,48,16.0,7,1.25,False,23500,1.8368055555555556,0,50,130,46,58,4,0,0,62,4,14,1.3125,63.0,0.0,True,False
288,4 4 18,48,16.0,7,1.25,False,24000,1.8368055555555556,0,50,130,46,58,4,0,0,62,4,14,1.3125,63.0,0.0,True,False
288,4 4 18,48,16.0,7,1.25,False,24500,1.8229166666666667,0,48,128,50,60,2,0,0,62,3,30,1.3958333333333333,67.0,0.0,True,False
288,4 4 18,48,16.0,7,1.25,False,25000,1.8229166666666667,0,48,128,50,60,2,0,0,62,3,30,1.3958333333333333,67.0,0.0,True,False
288,4 4 18,48,16.0,7,1.25,False,25500,1.8229166666666667,0,48,128,50,60,2,0,0,62,3,30,1.3958333333333333,67.0,0.0,True,False
288,4 4 18,48,16.0,7,1.25,False,26000,1.8229166666666667,0,48,128,50,60,2,0,0,62,3,30,1.3958333333333333,67.0,0.0,True,False
288,4 4 18,48,16.0,7,1.25,False,26500,1.8229166666666667,0,48,128,50,60,2,0,0,62,3,30,1.3958333333333333,67.0,0.0,True,False
288,4 4 18,48,16.0,7,1.25,False,27000,1.8229166666666667,0,48,128,50,60,2,0,0,62,3,30,1.3958333333333333,67.0,0.0,True,False
288,4 4 18,48,16.0,7,1.25,False,27500,1.8229166666666667,0,48,128,50,60,2,0,0,62,3,30,1.3958333333333333,67.0,0.0,True,False
288,4 4 18,48,16.0,7,1.25,False,28000,1.8368055555555556,0,50,130,46,58,4,0,0,62,4,14,1.3125,63.0,0.0,True,False
288,4 4 18,48,16.0,7,1.25,False,28500,1.84375,0,48,128,48,60,4,0,0,64,4,14,1.2708333333333333,61.0,0.0,True,False
288,4 4 18,48,16.0,7,1.25,False,29000,1.84375,0,48,128,48,60,4,0,0,64,4,14,1.2708333333333333,61.0,0.0,True,False
288,4 4 18,48,16.0,7,1.25,False,29500,1.8229166666666667,0,48,128,50,60,2,0,0,62,3,30,1.3958333333333333,67.0,0.0,True,False
288,4 4 18,48,16.0,7,1.25,False,30000,1.75,0,56,132,40,60,0,0,0,60,4,12,1.8333333333333333,88.0,0.0,True,False
288,4 4 18,48,16.0,7,1.25,False,30500,1.8298611111111112,0,52,132,42,60,2,0,0,62,6,12,1.3541666666666667,65.0,0.0,True,False
288,4 4 18,48,16.0,7,1.25,False,31000,1.8368055555555556,0,50,130,46,58,4,0,0,62,4,16,1.3125,63.0,0.0,True,False
288,4 4 18,48,16.0,7,1.25,False,31500,1.8368055555555556,0,50,130,46,58,4,0,0,62,4,16,1.3125,63.0,0.0,True,False
288,4 4 18,48,16.0,7,1.25,False,32000,1.8368055555555556,0,50,130,46,58,4,0,0,62,4,14,1.3125,63.0,0.0,True,False
288,4 4 18,48,16.0,7,1.25,False,32500,1.8368055555555556,0,50,130,46,58,4,0,0,62,4,14,1.3125,63.0,0.0,True,False
288,4 4 18,48,16.0,7,1.25,False,33000,1.75,0,56,132,40,60,0,0,0,60,4,12,1.8333333333333333,88.0,0.0,True,False
288,4 4 18,48,16.0,7,1.25,False,33500,1.75,0,56,132,40,60,0,0,0,60,4,12,1.8333333333333333,88.0,0.0,True,False
288,4 4 18,48,16.0,7,1.25,False,34000,1.75,0,56,132,40,60,0,0,0,60,4,12,1.8333333333333333,88.0,0.0,True,False
288,4 4 18,48,16.0,7,1.25,False,34500,1.75,0,56,132,40,60,0,0,0,60,4,12,1.8333333333333333,88.0,0.0,True,False
288,4 4 18,48,16.0,7,1.25,False,35000,1.8298611111111112,0,52,129,46,61,0,0,0,61,3,26,1.3541666666666667,65.0,0.0,True,False
288,4 4 18,48,16.0,7,1.25,False,35500,1.8298611111111112,0,52,129,46,61,0,0,0,61,3,26,1.3541666666666667,65.0,0.0,True,False
288,4 4 18,48,16.0,7,1.25,False,36000,1.8298611111111112,0,52,132,42,60,2,0,0,62,6,12,1.3541666666666667,65.0,0.0,True,False
288,4 4 18,48,16.0,7,1.25,False,36500,1.75,0,56,132,40,60,0,0,0,60,4,12,1.8333333333333333,88.0,0.0,True,False
288,4 4 18,48,16.0,7,1.25,False,37000,1.75,0,56,132,40,60,0,0,0,60,4,12,1.8333333333333333,88.0,0.0,True,False
288,4 4 18,48,16.0,7,1.25,False,37500,1.8055555555555556,0,46,132,46,64,0,0,0,64,7,22,1.5,72.0,0.0,True,False
288,4 4 18,48,16.0,7,1.25,False,38000,1.8055555555555556,0,46,132,46,64,0,0,0,64,7,22,1.5,72.0,0.0,True,False
288,4 4 18,48,16.0,7,1.25,False,38500,1.8055555555555556,0,46,132,46,64,0,0,0,64,7,22,1.5,72.0,0.0,True,False
288,4 4 18,48,16.0,7,1.25,False,39000,1.8055555555555556,0,46,132,46,64,0,0,0,64,7,22,1.5,72.0,0.0,True,False
288,4 4 18,48,16.0,7,1.25,False,39500,1.75,0,56,132,40,60,0,0,0,60,4,12,1.8333333333333333,88.0,0.0,True,False
288,4 4 18,48,16.0,7,1.25,False,40000,1.75,0,56,132,40,60,0,0,0,60,4,12,1.8333333333333333,88.0,0.0,True,False
288,4 4 18,48,16.0,7,1.25,False,40500,1.75,0,56,132,40,60,0,0,0,60,4,12,1.8333333333333333,88.0,0.0,True,False
288,4 4 18,48,16.0,7,1.25,False,41000,1.75,0,56,132,40,60,0,0,0,60,4,12,1.8333333333333333,88.0,0.0,True,False
288,4 4 18,48,16.0,7,1.25,False,41500,1.75,0,56,132,40,60,0,0,0,60,4,12,1.8333333333333333,88.0,0.0,True,False
288,4 4 18,48,16.0,7,1.25,False,42000,1.75,0,56,132,40,60,0,0,0,60,4,12,1.8333333333333333,88.0,0.0,True,False
288,4 4 18,48,16.0,7,1.25,False,42500,1.75,0,56,132,40,60,0,0,0,60,4,12,1.8333333333333333,88.0,0.0,True,False
288,4 4 18,48,16.0,7,1.25,False,43000,1.75,0,56,132,40,60,0,0,0,60,4,12,1.8333333333333333,88.0,0.0,True,False
288,4 4 18,48,16.0,7,1.25,False,43500,1.75,0,56,132,40,60,0,0,0,60,4,12,1.8333333333333333,88.0,0.0,True,False
288,4 4 18,48,16.0,7,1.25,False,44000,1.75,0,56,132,40,60,0,0,0,60,4,12,1.8333333333333333,88.0,0.0,True,False
288,4 4 18,48,16.0,7,1.25,False,44500,1.75,0,56,132,40,60,0,0,0,60,4,12,1.8333333333333333,88.0,0.0,True,False
288,4 4 18,48,16.0,7,1.25,False,45000,1.75,0,56,132,40,60,0,0,0,60,4,12,1.8333333333333333,88.0,0.0,True,False
288,4 4 18,48,16.0,7,1.25,False,45500,1.75,0,56,132,40,60,0,0,0,60,4,12,1.8333333333333333,88.0,0.0,True,False
288,4 4 18,48,16.0,7,1.25,False,46000,1.75,0,56,132,40,60,0,0,0,60,4,12,1.8333333333333333,88.0,0.0,True,False
288,4 4 18,48,16.0,7,1.25,False,46500,1.75,0,56,132,40,60,0,0,0,60,4,12,1.8333333333333333,88.0,0.0,True,False
288,4 4 18,48,16.0,7,1.25,False,47000,1.75,0,56,132,40,60,0,0,0,60,4,12,1.8333333333333333,88.0,0.0,True,False
288,4 4 18,48,16.0,7,1.25,False,47500,1.75,0,56,132,40,60,0,0,0,60,4,12,1.8333333333333333,88.0,0.0,True,False
288,4 4 18,48,16.0,7,1.25,False,48000,1.75,0,56,132,40,60,0,0,0,60,4,12,1.8333333333333333,88.0,0.0,True,False
288,4 4 18,48,16.0,7,1.25,False,48500,1.75,0,56,132,40,60,0,0,0,60,4,12,1.8333333333333333,88.0,0.0,True,False
288,4 4 18,48,16.0,7,1.25,False,49000,1.75,0,56,132,40,60,0,0,0,60,4,12,1.8333333333333333,88.0,0.0,True,False
288,4 4 18,48,16.0,7,1.25,False,49500,1.75,0,56,132,40,60,0,0,0,60,4,12,1.8333333333333333,88.0,0.0,True,False
288,4 4 18,48,16.0,7,1.25,False,50000,1.75,0,56,132,40,60,0,0,0,60,4,12,1.8333333333333333,88.0,0.0,True,False
288,4 4 18,48,16.0,7,1.25,False,50500,1.75,0,56,132,40,60,0,0,0,60,4,12,1.8333333333333333,88.0,0.0,True,False
288,4 4 18,48,16.0,7,1.25,False,51000,1.75,0,56,132,40,60,0,0,0,60,4,12,1.8333333333333333,88.0,0.0,True,False
288,4 4 18,48,16.0,7,1.25,False,51500,1.75,0,56,132,40,60,0,0,0,60,4,12,1.8333333333333333,88.0,0.0,True,False
288,4 4 18,48,16.0,7,1.25,False,52000,1.75,0,56,132,40,60,0,0,0,60,4,12,1.8333333333333333,88.0,0.0,True,False
288,4 4 18,48,16.0,7,1.25,False,52500,1.75,0,56,132,40,60,0,0,0,60,4,12,1.8333333333333333,88.0,0.0,True,False
288,4 4 18,48,16.0,7,1.25,False,53000,1.75,0,56,132,40,60,0,0,0,60,4,12,1.8333333333333333,88.0,0.0,True,False
288,4 4 18,48,16.0,7,1.25,False,53500,1.75,0,56,132,40,60,0,0,0,60,4,12,1.8333333333333333,88.0,0.0,True,False
288,4 4 18,48,16.0,7,1.25,False,54000,1.75,0,56,132,40,60,0,0,0,60,4,12,1.8333333333333333,88.0,0.0,True,False
288,4 4 18,48,16.0,7,1.25,False,54500,1.75,0,56,132,40,60,0,0,0,60,4,12,1.8333333333333333,88.0,0.0,True,False
288,4 4 18,48,16.0,7,1.25,False,55000,1.75,0,56,132,40,60,0,0,0,60,4,12,1.8333333333333333,88.0,0.0,True,False
288,4 4 18,48,16.0,7,1.25,False,55500,1.75,0,56,132,40,60,0,0,0,60,4,12,1.8333333333333333,88.0,0.0,True,False
288,4 4 18,48,16.0,7,1.25,False,56000,1.75,0,56,132,40,60,0,0,0,60,4,12,1.8333333333333333,88.0,0.0,True,False
288,4 4 18,48,16.0,7,1.25,False,56500,1.75,0,56,132,40,60,0,0,0,60,4,12,1.8333333333333333,88.0,0.0,True,False
288,4 4 18,48,16.0,7,1.25,False,57000,1.75,0,56,132,40,60,0,0,0,60,4,12,1.8333333333333333,88.0,0.0,True,False
288,4 4 18,48,16.0,7,1.25,False,57500,1.75,0,56,132,40,60,0,0,0,60,4,12,1.8333333333333333,88.0,0.0,True,False
288,4 4 18,48,16.0,7,1.25,False,58000,1.75,0,56,132,40,60,0,0,0,60,4,12,1.8333333333333333,88.0,0.0,True,False
288,4 4 18,48,16.0,7,1.25,False,58500,1.75,0,56,132,40,60,0,0,0,60,4,12,1.8333333333333333,88.0,0.0,True,False
288,4 4 18,48,16.0,7,1.25,False,59000,1.75,0,56,132,40,60,0,0,0,60,4,12,1.8333333333333333,88.0,0.0,True,False
288,4 4 18,48,16.0,7,1.25,False,59500,1.75,0,56,132,40,60,0,0,0,60,4,12,1.8333333333333333,88.0,0.0,True,False
288,4 4 18,48,16.0,7,1.25,False,60000,1.75,0,56,132,40,60,0,0,0,60,4,12,1.8333333333333333,88.0,0.0,True,False
288,4 4 18,48,16.0,7,1.25,False,60500,1.75,0,56,132,40,60,0,0,0,60,4,12,1.8333333333333333,88.0,0.0,True,False
288,4 4 18,48,16.0,7,1.25,False,61000,1.75,0,56,132,40,60,0,0,0,60,4,12,1.8333333333333333,88.0,0.0,True,False
288,4 4 18,48,16.0,7,1.25,False,61500,1.75,0,56,132,40,60,0,0,0,60,4,12,1.8333333333333333,88.0,0.0,True,False
288,4 4 18,48,16.0,7,1.25,False,62000,1.75,0,56,132,40,60,0,0,0,60,4,12,1.8333333333333333,88.0,0.0,True,False
288,4 4 18,48,16.0,7,1.25,False,62500,1.75,0,56,132,40,60,0,0,0,60,4,12,1.8333333333333333,88.0,0.0,True,False
288,4 4 18,48,16.0,7,1.25,False,63000,1.75,0,56,132,40,60,0,0,0,60,4,12,1.8333333333333333,88.0,0.0,True,False
288,4 4 18,48,16.0,7,1.25,False,63500,1.75,0,56,132,40,60,0,0,0,60,4,12,1.8333333333333333,88.0,0.0,True,False
288,4 4 18,48,16.0,7,1.25,False,64000,1.75,0,56,132,40,60,0,0,0,60,4,12,1.8333333333333333,88.0,0.0,True,False
288,4 4 18,48,16.0,7,1.25,False,64500,1.75,0,56,132,40,60,0,0,0,60,4,12,1.8333333333333333,88.0,0.0,True,False
288,4 4 18,48,16.0,7,1.25,False,65000,1.75,0,56,132,40,60,0,0,0,60,4,12,1.8333333333333333,88.0,0.0,True,False
288,4 4 18,48,16.0,7,1.25,False,65500,1.75,0,56,132,40,60,0,0,0,60,4,12,1.8333333333333333,88.0,0.0,True,False
288,4 4 18,48,16.0,7,1.25,False,66000,1.8055555555555556,0,46,132,46,64,0,0,0,64,7,22,1.5,72.0,0.0,True,False
288,4 4 18,48,16.0,7,1.25,False,66500,1.75,0,56,132,40,60,0,0,0,60,4,12,1.8333333333333333,88.0,0.0,True,False
288,4 4 18,48,16.0,7,1.25,False,67000,1.75,0,56,132,40,60,0,0,0,60,4,12,1.8333333333333333,88.0,0.0,True,False
288,4 4 18,48,16.0,7,1.25,False,67500,1.75,0,56,132,40,60,0,0,0,60,4,12,1.8333333333333333,88.0,0.0,True,False
288,4 4 18,48,16.0,7,1.25,False,68000,1.75,0,56,132,40,60,0,0,0,60,4,12,1.8333333333333333,88.0,0.0,True,False
288,4 4 18,48,16.0,7,1.25,False,68500,1.75,0,56,132,40,60,0,0,0,60,4,12,1.8333333333333333,88.0,0.0,True,False
288,4 4 18,48,16.0,7,1.25,False,69000,1.75,0,56,132,40,60,0,0,0,60,4,12,1.8333333333333333,88.0,0.0,True,False
288,4 4 18,48,16.0,7,1.25,False,69500,1.75,0,56,132,40,60,0,0,0,60,4,12,1.8333333333333333,88.0,0.0,True,False
288,4 4 18,48,16.0,7,1.25,False,70000,1.75,0,56,132,40,60,0,0,0,60,4,12,1.8333333333333333,88.0,0.0,True,False
288,4 4 18,48,16.0,7,1.25,False,70500,1.75,0,56,132,40,60,0,0,0,60,4,12,1.8333333333333333,88.0,0.0,True,False
288,4 4 18,48,16.0,7,1.25,False,71000,1.75,0,56,132,40,60,0,0,0,60,4,12,1.8333333333333333,88.0,0.0,True,False
288,4 4 18,48,16.0,7,1.25,False,71500,1.75,0,56,132,40,60,0,0,0,60,4,12,1.8333333333333333,88.0,0.0,True,False
288,4 4 18,48,16.0,7,1.25,False,72000,1.75,0,56,132,40,60,0,0,0,60,4,12,1.8333333333333333,88.0,0.0,True,False
288,4 4 18,48,16.0,7,1.25,False,72500,1.75,0,56,132,40,60,0,0,0,60,4,12,1.8333333333333333,88.0,0.0,True,False
288,4 4 18,48,16.0,7,1.25,False,73000,1.75,0,56,132,40,60,0,0,0,60,4,12,1.8333333333333333,88.0,0.0,True,False
288,4 4 18,48,16.0,7,1.25,False,73500,1.75,0,56,132,40,60,0,0,0,60,4,12,1.8333333333333333,88.0,0.0,True,False
288,4 4 18,48,16.0,7,1.25,False,74000,1.75,0,56,132,40,60,0,0,0,60,4,12,1.8333333333333333,88.0,0.0,True,False
288,4 4 18,48,16.0,7,1.25,False,74500,1.75,0,56,132,40,60,0,0,0,60,4,12,1.8333333333333333,88.0,0.0,True,False
288,4 4 18,48,16.0,7,1.25,False,75000,1.75,0,56,132,40,60,0,0,0,60,4,12,1.8333333333333333,88.0,0.0,True,False
288,4 4 18,48,16.0,7,1.25,False,75500,1.75,0,56,132,40,60,0,0,0,60,4,12,1.8333333333333333,88.0,0.0,True,False
288,4 4 18,48,16.0,7,1.25,False,76000,1.75,0,56,132,40,60,0,0,0,60,4,12,1.8333333333333333,88.0,0.0,True,False
288,4 4 18,48,16.0,7,1.25,False,76500,1.75,0,56,132,40,60,0,0,0,60,4,12,1.8333333333333333,88.0,0.0,True,False
288,4 4 18,48,16.0,7,1.25,False,77000,1.75,0,56,132,40,60,0,0,0,60,4,12,1.8333333333333333,88.0,0.0,True,False
288,4 4 18,48,16.0,7,1.25,False,77500,1.75,0,56,132,40,60,0,0,0,60,4,12,1.8333333333333333,88.0,0.0,True,False
288,4 4 18,48,16.0,7,1.25,False,78000,1.75,0,56,132,40,60,0,0,0,60,4,12,1.8333333333333333,88.0,0.0,True,False
288,4 4 18,48,16.0,7,1.25,False,78500,1.75,0,56,132,40,60,0,0,0,60,4,12,1.8333333333333333,88.0,0.0,True,False
288,4 4 18,48,16.0,7,1.25,False,79000,1.75,0,56,132,40,60,0,0,0,60,4,12,1.8333333333333333,88.0,0.0,True,False
288,4 4 18,48,16.0,7,1.25,False,79500,1.75,0,56,132,40,60,0,0,0,60,4,12,1.8333333333333333,88.0,0.0,True,False
288,4 4 18,48,16.0,7,1.25,False,80000,1.75,0,56,132,40,60,0,0,0,60,4,12,1.8333333333333333,88.0,0.0,True,False
288,4 4 18,48,16.0,7,1.25,False,80500,1.8055555555555556,0,46,132,46,64,0,0,0,64,7,22,1.5,72.0,0.0,True,False
288,4 4 18,48,16.0,7,1.25,False,81000,1.75,0,56,132,40,60,0,0,0,60,4,12,1.8333333333333333,88.0,0.0,True,False
288,4 4 18,48,16.0,7,1.25,False,81500,1.75,0,56,132,40,60,0,0,0,60,4,12,1.8333333333333333,88.0,0.0,True,False
288,4 4 18,48,16.0,7,1.25,False,82000,1.75,0,56,132,40,60,0,0,0,60,4,12,1.8333333333333333,88.0,0.0,True,False
288,4 4 18,48,16.0,7,1.25,False,82500,1.8055555555555556,0,46,132,46,64,0,0,0,64,7,22,1.5,72.0,0.0,True,False
288,4 4 18,48,16.0,7,1.25,False,83000,1.8055555555555556,0,46,132,46,64,0,0,0,64,7,22,1.5,72.0,0.0,True,False
288,4 4 18,48,16.0,7,1.25,False,83500,1.75,0,56,132,40,60,0,0,0,60,4,12,1.8333333333333333,88.0,0.0,True,False
288,4 4 18,48,16.0,7,1.25,False,84000,1.75,0,56,132,40,60,0,0,0,60,4,12,1.8333333333333333,88.0,0.0,True,False
288,4 4 18,48,16.0,7,1.25,False,84500,1.8055555555555556,0,46,132,46,64,0,0,0,64,7,22,1.5,72.0,0.0,True,False
288,4 4 18,48,16.0,7,1.25,False,85000,1.75,0,56,132,40,60,0,0,0,60,4,12,1.8333333333333333,88.0,0.0,True,False
288,4 4 18,48,16.0,7,1.25,False,85500,1.75,0,56,132,40,60,0,0,0,60,4,12,1.8333333333333333,88.0,0.0,True,False
288,4 4 18,48,16.0,7,1.25,False,86000,1.75,0,56,132,40,60,0,0,0,60,4,12,1.8333333333333333,88.0,0.0,True,False
288,4 4 18,48,16.0,7,1.25,False,86500,1.75,0,56,132,40,60,0,0,0,60,4,12,1.8333333333333333,88.0,0.0,True,False
288,4 4 18,48,16.0,7,1.25,False,87000,1.75,0,56,132,40,60,0,0,0,60,4,12,1.8333333333333333,88.0,0.0,True,False
288,4 4 18,48,16.0,7,1.25,False,87500,1.75,0,56,132,40,60,0,0,0,60,4,12,1.8333333333333333,88.0,0.0,True,False
288,4 4 18,48,16.0,7,1.25,False,88000,1.75,0,56,132,40,60,0,0,0,60,4,12,1.8333333333333333,88.0,0.0,True,False
288,4 4 18,48,16.0,7,1.25,False,88500,1.75,0,56,132,40,60,0,0,0,60,4,12,1.8333333333333333,88.0,0.0,True,False
288,4 4 18,48,16.0,7,1.25,False,89000,1.75,0,56,132,40,60,0,0,0,60,4,12,1.8333333333333333,88.0,0.0,True,False
288,4 4 18,48,16.0,7,1.25,False,89500,1.75,0,56,132,40,60,0,0,0,60,4,12,1.8333333333333333,88.0,0.0,True,False
288,4 4 18,48,16.0,7,1.25,False,90000,1.75,0,56,132,40,60,0,0,0,60,4,12,1.8333333333333333,88.0,0.0,True,False
288,4 4 18,48,16.0,7,1.25,False,90500,1.75,0,56,132,40,60,0,0,0,60,4,12,1.8333333333333333,88.0,0.0,True,False
288,4 4 18,48,16.0,7,1.25,False,91000,1.75,0,56,132,40,60,0,0,0,60,4,12,1.8333333333333333,88.0,0.0,True,False
288,4 4 18,48,16.0,7,1.25,False,91500,1.75,0,56,132,40,60,0,0,0,60,4,12,1.8333333333333333,88.0,0.0,True,False
288,4 4 18,48,16.0,7,1.25,False,92000,1.8055555555555556,0,46,132,46,64,0,0,0,64,7,22,1.5,72.0,0.0,True,False
288,4 4 18,48,16.0,7,1.25,False,92500,1.8055555555555556,0,46,132,46,64,0,0,0,64,7,22,1.5,72.0,0.0,True,False
288,4 4 18,48,16.0,7,1.25,False,93000,1.8055555555555556,0,46,132,46,64,0,0,0,64,7,22,1.5,72.0,0.0,True,False
288,4 4 18,48,16.0,7,1.25,False,93500,1.8055555555555556,0,46,132,46,64,0,0,0,64,7,22,1.5,72.0,0.0,True,False
288,4 4 18,48,16.0,7,1.25,False,94000,1.75,0,56,132,40,60,0,0,0,60,4,12,1.8333333333333333,88.0,0.0,True,False
288,4 4 18,48,16.0,7,1.25,False,94500,1.75,0,56,132,40,60,0,0,0,60,4,12,1.8333333333333333,88.0,0.0,True,False
288,4 4 18,48,16.0,7,1.25,False,95000,1.75,0,56,132,40,60,0,0,0,60,4,12,1.8333333333333333,88.0,0.0,True,False
288,4 4 18,48,16.0,7,1.25,False,95500,1.75,0,56,132,40,60,0,0,0,60,4,12,1.8333333333333333,88.0,0.0,True,False
288,4 4 18,48,16.0,7,1.25,False,96000,1.8055555555555556,0,46,132,46,64,0,0,0,64,7,22,1.5,72.0,0.0,True,False
288,4 4 18,48,16.0,7,1.25,False,96500,1.75,0,56,132,40,60,0,0,0,60,4,12,1.8333333333333333,88.0,0.0,True,False
288,4 4 18,48,16.0,7,1.25,False,97000,1.75,0,56,132,40,60,0,0,0,60,4,12,1.8333333333333333,88.0,0.0,True,False
288,4 4 18,48,16.0,7,1.25,False,97500,1.75,0,56,132,40,60,0,0,0,60,4,12,1.8333333333333333,88.0,0.0,True,False
288,4 4 18,48,16.0,7,1.25,False,98000,1.75,0,56,132,40,60,0,0,0,60,4,12,1.8333333333333333,88.0,0.0,True,False
288,4 4 18,48,16.0,7,1.25,False,98500,1.75,0,56,132,40,60,0,0,0,60,4,12,1.8333333333333333,88.0,0.0,True,False
288,4 4 18,48,16.0,7,1.25,False,99000,1.75,0,56,132,40,60,0,0,0,60,4,12,1.8333333333333333,88.0,0.0,True,False
288,4 4 18,48,16.0,7,1.25,False,99500,1.75,0,56,132,40,60,0,0,0,60,4,12,1.8333333333333333,88.0,0.0,True,False
288,4 4 18,48,16.0,7,1.25,False,100000,1.75,0,56,132,40,60,0,0,0,60,4,12,1.8333333333333333,88.0,0.0,True,False
288,4 4 18,48,16.0,7,1.25,False,100500,1.75,0,56,132,40,60,0,0,0,60,4,12,1.8333333333333333,88.0,0.0,True,False
288,4 4 18,48,16.0,7,1.25,False,101000,1.75,0,56,132,40,60,0,0,0,60,4,12,1.8333333333333333,88.0,0.0,True,False
288,4 4 18,48,16.0,7,1.25,False,101500,1.75,0,56,132,40,60,0,0,0,60,4,12,1.8333333333333333,88.0,0.0,True,False
288,4 4 18,48,16.0,7,1.25,False,102000,1.75,0,56,132,40,60,0,0,0,60,4,12,1.8333333333333333,88.0,0.0,True,False
288,4 4 18,48,16.0,7,1.25,False,102500,1.75,0,56,132,40,60,0,0,0,60,4,12,1.8333333333333333,88.0,0.0,True,False
288,4 4 18,48,16.0,7,1.25,False,103000,1.75,0,56,132,40,60,0,0,0,60,4,12,1.8333333333333333,88.0,0.0,True,False
288,4 4 18,48,16.0,7,1.25,False,103500,1.75,0,56,132,40,60,0,0,0,60,4,12,1.8333333333333333,88.0,0.0,True,False
288,4 4 18,48,16.0,7,1.25,False,104000,1.75,0,56,132,40,60,0,0,0,60,4,12,1.8333333333333333,88.0,0.0,True,False
288,4 4 18,48,16.0,7,1.25,False,104500,1.75,0,56,132,40,60,0,0,0,60,4,12,1.8333333333333333,88.0,0.0,True,False
288,4 4 18,48,16.0,7,1.25,False,105000,1.75,0,56,132,40,60,0,0,0,60,4,12,1.8333333333333333,88.0,0.0,True,False
288,4 4 18,48,16.0,7,1.25,False,105500,1.75,0,56,132,40,60,0,0,0,60,4,12,1.8333333333333333,88.0,0.0,True,False
288,4 4 18,48,16.0,7,1.25,False,106000,1.75,0,56,132,40,60,0,0,0,60,4,12,1.8333333333333333,88.0,0.0,True,False
288,4 4 18,48,16.0,7,1.25,False,106500,1.75,0,56,132,40,60,0,0,0,60,4,12,1.8333333333333333,88.0,0.0,True,False
288,4 4 18,48,16.0,7,1.25,False,107000,1.75,0,56,132,40,60,0,0,0,60,4,12,1.8333333333333333,88.0,0.0,True,False
288,4 4 18,48,16.0,7,1.25,False,107500,1.75,0,56,132,40,60,0,0,0,60,4,12,1.8333333333333333,88.0,0.0,True,False
288,4 4 18,48,16.0,7,1.25,False,108000,1.75,0,56,132,40,60,0,0,0,60,4,12,1.8333333333333333,88.0,0.0,True,False
288,4 4 18,48,16.0,7,1.25,False,108500,1.75,0,56,132,40,60,0,0,0,60,4,12,1.8333333333333333,88.0,0.0,True,False
288,4 4 18,48,16.0,7,1.25,False,109000,1.75,0,56,132,40,60,0,0,0,60,4,12,1.8333333333333333,88.0,0.0,True,False
288,4 4 18,48,16.0,7,1.25,False,109500,1.75,0,56,132,40,60,0,0,0,60,4,12,1.8333333333333333,88.0,0.0,True,False
288,4 4 18,48,16.0,7,1.25,False,110000,1.75,0,56,132,40,60,0,0,0,60,4,12,1.8333333333333333,88.0,0.0,True,False
288,4 4 18,48,16.0,7,1.25,False,110500,1.75,0,56,132,40,60,0,0,0,60,4,12,1.8333333333333333,88.0,0.0,True,False
288,4 4 18,48,16.0,7,1.25,False,111000,1.75,0,56,132,40,60,0,0,0,60,4,12,1.8333333333333333,88.0,0.0,True,False
288,4 4 18,48,16.0,7,1.25,False,111500,1.75,0,56,132,40,60,0,0,0,60,4,12,1.8333333333333333,88.0,0.0,True,False
288,4 4 18,48,16.0,7,1.25,False,112000,1.75,0,56,132,40,60,0,0,0,60,4,12,1.8333333333333333,88.0,0.0,True,False
288,4 4 18,48,16.0,7,1.25,False,112500,1.75,0,56,132,40,60,0,0,0,60,4,12,1.8333333333333333,88.0,0.0,True,False
288,4 4 18,48,16.0,7,1.25,False,113000,1.75,0,56,132,40,60,0,0,0,60,4,12,1.8333333333333333,88.0,0.0,True,False
288,4 4 18,48,16.0,7,1.25,False,113500,1.75,0,56,132,40,60,0,0,0,60,4,12,1.8333333333333333,88.0,0.0,True,False
288,4 4 18,48,16.0,7,1.25,False,114000,1.75,0,56,132,40,60,0,0,0,60,4,12,1.8333333333333333,88.0,0.0,True,False
288,4 4 18,48,16.0,7,1.25,False,114500,1.75,0,56,132,40,60,0,0,0,60,4,12,1.8333333333333333,88.0,0.0,True,False
288,4 4 18,48,16.0,7,1.25,False,115000,1.75,0,56,132,40,60,0,0,0,60,4,12,1.8333333333333333,88.0,0.0,True,False
288,4 4 18,48,16.0,7,1.25,False,115500,1.75,0,56,132,40,60,0,0,0,60,4,12,1.8333333333333333,88.0,0.0,True,False
288,4 4 18,48,16.0,7,1.25,False,116000,1.75,0,56,132,40,60,0,0,0,60,4,12,1.8333333333333333,88.0,0.0,True,False
288,4 4 18,48,16.0,7,1.25,False,116500,1.75,0,56,132,40,60,0,0,0,60,4,12,1.8333333333333333,88.0,0.0,True,False
288,4 4 18,48,16.0,7,1.25,False,117000,1.75,0,56,132,40,60,0,0,0,60,4,12,1.8333333333333333,88.0,0.0,True,False
288,4 4 18,48,16.0,7,1.25,False,117500,1.75,0,56,132,40,60,0,0,0,60,4,12,1.8333333333333333,88.0,0.0,True,False
288,4 4 18,48,16.0,7,1.25,False,118000,1.75,0,56,132,40,60,0,0,0,60,4,12,1.8333333333333333,88.0,0.0,True,False
288,4 4 18,48,16.0,7,1.25,False,118500,1.75,0,56,132,40,60,0,0,0,60,4,12,1.8333333333333333,88.0,0.0,True,False
288,4 4 18,48,16.0,7,1.25,False,119000,1.75,0,56,132,40,60,0,0,0,60,4,12,1.8333333333333333,88.0,0.0,True,False
288,4 4 18,48,16.0,7,1.25,False,119500,1.75,0,56,132,40,60,0,0,0,60,4,12,1.8333333333333333,88.0,0.0,True,False
288,4 4 18,48,16.0,7,1.25,False,120000,1.75,0,56,132,40,60,0,0,0,60,4,12,1.8333333333333333,88.0,0.0,True,False
288,4 4 18,48,16.0,7,1.25,False,120500,1.75,0,56,132,40,60,0,0,0,60,4,12,1.8333333333333333,88.0,0.0,True,False
288,4 4 18,48,16.0,7,1.25,False,121000,1.75,0,56,132,40,60,0,0,0,60,4,12,1.8333333333333333,88.0,0.0,True,False
288,4 4 18,48,16.0,7,1.25,False,121500,1.75,0,56,132,40,60,0,0,0,60,4,12,1.8333333333333333,88.0,0.0,True,False
288,4 4 18,48,16.0,7,1.25,False,122000,1.75,0,56,132,40,60,0,0,0,60,4,12,1.8333333333333333,88.0,0.0,True,False
288,4 4 18,48,16.0,7,1.25,False,122500,1.75,0,56,132,40,60,0,0,0,60,4,12,1.8333333333333333,88.0,0.0,True,False
288,4 4 18,48,16.0,7,1.25,False,123000,1.75,0,56,132,40,60,0,0,0,60,4,12,1.8333333333333333,88.0,0.0,True,False
288,4 4 18,48,16.0,7,1.25,False,123500,1.75,0,56,132,40,60,0,0,0,60,4,12,1.8333333333333333,88.0,0.0,True,False
288,4 4 18,48,16.0,7,1.25,False,124000,1.75,0,56,132,40,60,0,0,0,60,4,12,1.8333333333333333,88.0,0.0,True,False
288,4 4 18,48,16.0,7,1.25,False,124500,1.75,0,56,132,40,60,0,0,0,60,4,12,1.8333333333333333,88.0,0.0,True,False
288,4 4 18,48,16.0,7,1.25,False,125000,1.75,0,56,132,40,60,0,0,0,60,4,12,1.8333333333333333,88.0,0.0,True,False
288,4 4 18,48,16.0,7,1.25,False,125500,1.75,0,56,132,40,60,0,0,0,60,4,12,1.8333333333333333,88.0,0.0,True,False
288,4 4 18,48,16.0,7,1.25,False,126000,1.75,0,56,132,40,60,0,0,0,60,4,12,1.8333333333333333,88.0,0.0,True,False
288,4 4 18,48,16.0,7,1.25,False,126500,1.75,0,56,132,40,60,0,0,0,60,4,12,1.8333333333333333,88.0,0.0,True,False
288,4 4 18,48,16.0,7,1.25,False,127000,1.75,0,56,132,40,60,0,0,0,60,4,12,1.8333333333333333,88.0,0.0,True,False
288,4 4 18,48,16.0,7,1.25,False,127500,1.75,0,56,132,40,60,0,0,0,60,4,12,1.8333333333333333,88.0,0.0,True,False
288,4 4 18,48,16.0,7,1.25,False,128000,1.75,0,56,132,40,60,0,0,0,60,4,12,1.8333333333333333,88.0,0.0,True,False
288,4 4 18,48,16.0,7,1.25,False,128500,1.75,0,56,132,40,60,0,0,0,60,4,12,1.8333333333333333,88.0,0.0,True,False
288,4 4 18,48,16.0,7,1.25,False,129000,1.75,0,56,132,40,60,0,0,0,60,4,12,1.8333333333333333,88.0,0.0,True,False
288,4 4 18,48,16.0,7,1.25,False,129500,1.75,0,56,132,40,60,0,0,0,60,4,12,1.8333333333333333,88.0,0.0,True,False
288,4 4 18,48,16.0,7,1.25,False,130000,1.75,0,56,132,40,60,0,0,0,60,4,12,1.8333333333333333,88.0,0.0,True,False
288,4 4 18,48,16.0,7,1.25,False,130500,1.75,0,56,132,40,60,0,0,0,60,4,12,1.8333333333333333,88.0,0.0,True,False
288,4 4 18,48,16.0,7,1.25,False,131000,1.75,0,56,132,40,60,0,0,0,60,4,12,1.8333333333333333,88.0,0.0,True,False
288,4 4 18,48,16.0,7,1.25,False,131500,1.75,0,56,132,40,60,0,0,0,60,4,12,1.8333333333333333,88.0,0.0,True,False
288,4 4 18,48,16.0,7,1.25,False,132000,1.75,0,56,132,40,60,0,0,0,60,4,12,1.8333333333333333,88.0,0.0,True,False
288,4 4 18,48,16.0,7,1.25,False,132500,1.75,0,56,132,40,60,0,0,0,60,4,12,1.8333333333333333,88.0,0.0,True,False
288,4 4 18,48,16.0,7,1.25,False,133000,1.75,0,56,132,40,60,0,0,0,60,4,12,1.8333333333333333,88.0,0.0,True,False
288,4 4 18,48,16.0,7,1.25,False,133500,1.75,0,56,132,40,60,0,0,0,60,4,12,1.8333333333333333,88.0,0.0,True,False
288,4 4 18,48,16.0,7,1.25,False,134000,1.8055555555555556,0,46,132,46,64,0,0,0,64,7,22,1.5,72.0,0.0,True,False
288,4 4 18,48,16.0,7,1.25,False,134500,1.75,0,56,132,40,60,0,0,0,60,4,12,1.8333333333333333,88.0,0.0,True,False
288,4 4 18,48,16.0,7,1.25,False,135000,1.75,0,56,132,40,60,0,0,0,60,4,12,1.8333333333333333,88.0,0.0,True,False
288,4 4 18,48,16.0,7,1.25,False,135500,1.75,0,56,132,40,60,0,0,0,60,4,12,1.8333333333333333,88.0,0.0,True,False
288,4 4 18,48,16.0,7,1.25,False,136000,1.75,0,56,132,40,60,0,0,0,60,4,12,1.8333333333333333,88.0,0.0,True,False
288,4 4 18,48,16.0,7,1.25,False,136500,1.75,0,56,132,40,60,0,0,0,60,4,12,1.8333333333333333,88.0,0.0,True,False
288,4 4 18,48,16.0,7,1.25,False,137000,1.75,0,56,132,40,60,0,0,0,60,4,12,1.8333333333333333,88.0,0.0,True,False
288,4 4 18,48,16.0,7,1.25,False,137500,1.75,0,56,132,40,60,0,0,0,60,4,12,1.8333333333333333,88.0,0.0,True,False
288,4 4 18,48,16.0,7,1.25,False,138000,1.75,0,56,132,40,60,0,0,0,60,4,12,1.8333333333333333,88.0,0.0,True,False
288,4 4 18,48,16.0,7,1.25,False,138500,1.75,0,56,132,40,60,0,0,0,60,4,12,1.8333333333333333,88.0,0.0,True,False
288,4 4 18,48,16.0,7,1.25,False,139000,1.75,0,56,132,40,60,0,0,0,60,4,12,1.8333333333333333,88.0,0.0,True,False
288,4 4 18,48,16.0,7,1.25,False,139500,1.75,0,56,132,40,60,0,0,0,60,4,12,1.8333333333333333,88.0,0.0,True,False
288,4 4 18,48,16.0,7,1.25,False,140000,1.75,0,56,132,40,60,0,0,0,60,4,12,1.8333333333333333,88.0,0.0,True,False
288,4 4 18,48,16.0,7,1.25,False,140500,1.75,0,56,132,40,60,0,0,0,60,4,12,1.8333333333333333,88.0,0.0,True,False
288,4 4 18,48,16.0,7,1.25,False,141000,1.75,0,56,132,40,60,0,0,0,60,4,12,1.8333333333333333,88.0,0.0,True,False
288,4 4 18,48,16.0,7,1.25,False,141500,1.75,0,56,132,40,60,0,0,0,60,4,12,1.8333333333333333,88.0,0.0,True,False
288,4 4 18,48,16.0,7,1.25,False,142000,1.75,0,56,132,40,60,0,0,0,60,4,12,1.8333333333333333,88.0,0.0,True,False
288,4 4 18,48,16.0,7,1.25,False,142500,1.75,0,56,132,40,60,0,0,0,60,4,12,1.8333333333333333,88.0,0.0,True,False
288,4 4 18,48,16.0,7,1.25,False,143000,1.75,0,56,132,40,60,0,0,0,60,4,12,1.8333333333333333,88.0,0.0,True,False
288,4 4 18,48,16.0,7,1.25,False,143500,1.75,0,56,132,40,60,0,0,0,60,4,12,1.8333333333333333,88.0,0.0,True,False
288,4 4 18,48,16.0,7,1.25,False,144000,1.75,0,56,132,40,60,0,0,0,60,4,12,1.8333333333333333,88.0,0.0,True,False
288,4 4 18,48,16.0,7,1.25,False,144500,1.75,0,56,132,40,60,0,0,0,60,4,12,1.8333333333333333,88.0,0.0,True,False
288,4 4 18,48,16.0,7,1.25,False,145000,1.75,0,56,132,40,60,0,0,0,60,4,12,1.8333333333333333,88.0,0.0,True,False
288,4 4 18,48,16.0,7,1.25,False,145500,1.75,0,56,132,40,60,0,0,0,60,4,12,1.8333333333333333,88.0,0.0,True,False
288,4 4 18,48,16.0,7,1.25,False,146000,1.75,0,56,132,40,60,0,0,0,60,4,12,1.8333333333333333,88.0,0.0,True,False
288,4 4 18,48,16.0,7,1.25,False,146500,1.75,0,56,132,40,60,0,0,0,60,4,12,1.8333333333333333,88.0,0.0,True,False
288,4 4 18,48,16.0,7,1.25,False,147000,1.75,0,56,132,40,60,0,0,0,60,4,12,1.8333333333333333,88.0,0.0,True,False
288,4 4 18,48,16.0,7,1.25,False,147500,1.75,0,56,132,40,60,0,0,0,60,4,12,1.8333333333333333,88.0,0.0,True,False
288,4 4 18,48,16.0,7,1.25,False,148000,1.75,0,56,132,40,60,0,0,0,60,4,12,1.8333333333333333,88.0,0.0,True,False
288,4 4 18,48,16.0,7,1.25,False,148500,1.75,0,56,132,40,60,0,0,0,60,4,12,1.8333333333333333,88.0,0.0,True,False
288,4 4 18,48,16.0,7,1.25,False,149000,1.75,0,56,132,40,60,0,0,0,60,4,12,1.8333333333333333,88.0,0.0,True,False
288,4 4 18,48,16.0,7,1.25,False,149500,1.75,0,56,132,40,60,0,0,0,60,4,12,1.8333333333333333,88.0,0.0,True,False
288,4 4 18,48,16.0,7,1.25,False,150000,1.75,0,56,132,40,60,0,0,0,60,4,12,1.8333333333333333,88.0,0.0,True,False
288,4 4 18,48,16.0,7,1.25,False,150500,1.75,0,56,132,40,60,0,0,0,60,4,12,1.8333333333333333,88.0,0.0,True,False
288,4 4 18,48,16.0,7,1.25,False,151000,1.75,0,56,132,40,60,0,0,0,60,4,12,1.8333333333333333,88.0,0.0,True,False
288,4 4 18,48,16.0,7,1.25,False,151500,1.75,0,56,132,40,60,0,0,0,60,4,12,1.8333333333333333,88.0,0.0,True,False
288,4 4 18,48,16.0,7,1.25,False,152000,1.75,0,56,132,40,60,0,0,0,60,4,12,1.8333333333333333,88.0,0.0,True,False
288,4 4 18,48,16.0,7,1.25,False,152500,1.75,0,56,132,40,60,0,0,0,60,4,12,1.8333333333333333,88.0,0.0,True,False
288,4 4 18,48,16.0,7,1.25,False,153000,1.75,0,56,132,40,60,0,0,0,60,4,12,1.8333333333333333,88.0,0.0,True,False
288,4 4 18,48,16.0,7,1.25,False,153500,1.75,0,56,132,40,60,0,0,0,60,4,12,1.8333333333333333,88.0,0.0,True,False
288,4 4 18,48,16.0,7,1.25,False,154000,1.75,0,56,132,40,60,0,0,0,60,4,12,1.8333333333333333,88.0,0.0,True,False
288,4 4 18,48,16.0,7,1.25,False,154500,1.75,0,56,132,40,60,0,0,0,60,4,12,1.8333333333333333,88.0,0.0,True,False
288,4 4 18,48,16.0,7,1.25,False,155000,1.75,0,56,132,40,60,0,0,0,60,4,12,1.8333333333333333,88.0,0.0,True,False
288,4 4 18,48,16.0,7,1.25,False,155500,1.8055555555555556,0,46,132,46,64,0,0,0,64,7,22,1.5,72.0,0.0,True,False
288,4 4 18,48,16.0,7,1.25,False,156000,1.75,0,56,132,40,60,0,0,0,60,4,12,1.8333333333333333,88.0,0.0,True,False
288,4 4 18,48,16.0,7,1.25,False,156500,1.75,0,56,132,40,60,0,0,0,60,4,12,1.8333333333333333,88.0,0.0,True,False
288,4 4 18,48,16.0,7,1.25,False,157000,1.75,0,56,132,40,60,0,0,0,60,4,12,1.8333333333333333,88.0,0.0,True,False
288,4 4 18,48,16.0,7,1.25,False,157500,1.75,0,56,132,40,60,0,0,0,60,4,12,1.8333333333333333,88.0,0.0,True,False
288,4 4 18,48,16.0,7,1.25,False,158000,1.75,0,56,132,40,60,0,0,0,60,4,12,1.8333333333333333,88.0,0.0,True,False
288,4 4 18,48,16.0,7,1.25,False,158500,1.75,0,56,132,40,60,0,0,0,60,4,12,1.8333333333333333,88.0,0.0,True,False
288,4 4 18,48,16.0,7,1.25,False,159000,1.75,0,56,132,40,60,0,0,0,60,4,12,1.8333333333333333,88.0,0.0,True,False
288,4 4 18,48,16.0,7,1.25,False,159500,1.75,0,56,132,40,60,0,0,0,60,4,12,1.8333333333333333,88.0,0.0,True,False
288,4 4 18,48,16.0,7,1.25,False,160000,1.75,0,56,132,40,60,0,0,0,60,4,12,1.8333333333333333,88.0,0.0,True,False
288,4 4 18,48,16.0,7,1.25,False,160500,1.75,0,56,132,40,60,0,0,0,60,4,12,1.8333333333333333,88.0,0.0,True,False
288,4 4 18,48,16.0,7,1.25,False,161000,1.75,0,56,132,40,60,0,0,0,60,4,12,1.8333333333333333,88.0,0.0,True,False
288,4 4 18,48,16.0,7,1.25,False,161500,1.75,0,56,132,40,60,0,0,0,60,4,12,1.8333333333333333,88.0,0.0,True,False
288,4 4 18,48,16.0,7,1.25,False,162000,1.75,0,56,132,40,60,0,0,0,60,4,12,1.8333333333333333,88.0,0.0,True,False
288,4 4 18,48,16.0,7,1.25,False,162500,1.75,0,56,132,40,60,0,0,0,60,4,12,1.8333333333333333,88.0,0.0,True,False
288,4 4 18,48,16.0,7,1.25,False,163000,1.75,0,56,132,40,60,0,0,0,60,4,12,1.8333333333333333,88.0,0.0,True,False
288,4 4 18,48,16.0,7,1.25,False,163500,1.75,0,56,132,40,60,0,0,0,60,4,12,1.8333333333333333,88.0,0.0,True,False
288,4 4 18,48,16.0,7,1.25,False,164000,1.75,0,56,132,40,60,0,0,0,60,4,12,1.8333333333333333,88.0,0.0,True,False
288,4 4 18,48,16.0,7,1.25,False,164500,1.75,0,56,132,40,60,0,0,0,60,4,12,1.8333333333333333,88.0,0.0,True,False
288,4 4 18,48,16.0,7,1.25,False,165000,1.75,0,56,132,40,60,0,0,0,60,4,12,1.8333333333333333,88.0,0.0,True,False
288,4 4 18,48,16.0,7,1.25,False,165500,1.75,0,56,132,40,60,0,0,0,60,4,12,1.8333333333333333,88.0,0.0,True,False
288,4 4 18,48,16.0,7,1.25,False,166000,1.75,0,56,132,40,60,0,0,0,60,4,12,1.8333333333333333,88.0,0.0,True,False
288,4 4 18,48,16.0,7,1.25,False,166500,1.75,0,56,132,40,60,0,0,0,60,4,12,1.8333333333333333,88.0,0.0,True,False
288,4 4 18,48,16.0,7,1.25,False,167000,1.75,0,56,132,40,60,0,0,0,60,4,12,1.8333333333333333,88.0,0.0,True,False
288,4 4 18,48,16.0,7,1.25,False,167500,1.75,0,56,132,40,60,0,0,0,60,4,12,1.8333333333333333,88.0,0.0,True,False
288,4 4 18,48,16.0,7,1.25,False,168000,1.75,0,56,132,40,60,0,0,0,60,4,12,1.8333333333333333,88.0,0.0,True,False
288,4 4 18,48,16.0,7,1.25,False,168500,1.75,0,56,132,40,60,0,0,0,60,4,12,1.8333333333333333,88.0,0.0,True,False
288,4 4 18,48,16.0,7,1.25,False,169000,1.75,0,56,132,40,60,0,0,0,60,4,12,1.8333333333333333,88.0,0.0,True,False
288,4 4 18,48,16.0,7,1.25,False,169500,1.75,0,56,132,40,60,0,0,0,60,4,12,1.8333333333333333,88.0,0.0,True,False
288,4 4 18,48,16.0,7,1.25,False,170000,1.75,0,56,132,40,60,0,0,0,60,4,12,1.8333333333333333,88.0,0.0,True,False
288,4 4 18,48,16.0,7,1.25,False,170500,1.8055555555555556,0,46,132,46,64,0,0,0,64,7,22,1.5,72.0,0.0,True,False
288,4 4 18,48,16.0,7,1.25,False,171000,1.75,0,56,132,40,60,0,0,0,60,4,12,1.8333333333333333,88.0,0.0,True,False
288,4 4 18,48,16.0,7,1.25,False,171500,1.75,0,56,132,40,60,0,0,0,60,4,12,1.8333333333333333,88.0,0.0,True,False
288,4 4 18,48,16.0,7,1.25,False,172000,1.75,0,56,132,40,60,0,0,0,60,4,12,1.8333333333333333,88.0,0.0,True,False
288,4 4 18,48,16.0,7,1.25,False,172500,1.75,0,56,132,40,60,0,0,0,60,4,12,1.8333333333333333,88.0,0.0,True,False
288,4 4 18,48,16.0,7,1.25,False,173000,1.75,0,56,132,40,60,0,0,0,60,4,12,1.8333333333333333,88.0,0.0,True,False
288,4 4 18,48,16.0,7,1.25,False,173500,1.75,0,56,132,40,60,0,0,0,60,4,12,1.8333333333333333,88.0,0.0,True,False
288,4 4 18,48,16.0,7,1.25,False,174000,1.75,0,56,132,40,60,0,0,0,60,4,12,1.8333333333333333,88.0,0.0,True,False
288,4 4 18,48,16.0,7,1.25,False,174500,1.75,0,56,132,40,60,0,0,0,60,4,12,1.8333333333333333,88.0,0.0,True,False
288,4 4 18,48,16.0,7,1.25,False,175000,1.75,0,56,132,40,60,0,0,0,60,4,12,1.8333333333333333,88.0,0.0,True,False
288,4 4 18,48,16.0,7,1.25,False,175500,1.75,0,56,132,40,60,0,0,0,60,4,12,1.8333333333333333,88.0,0.0,True,False
288,4 4 18,48,16.0,7,1.25,False,176000,1.75,0,56,132,40,60,0,0,0,60,4,12,1.8333333333333333,88.0,0.0,True,False
288,4 4 18,48,16.0,7,1.25,False,176500,1.75,0,56,132,40,60,0,0,0,60,4,12,1.8333333333333333,88.0,0.0,True,False
288,4 4 18,48,16.0,7,1.25,False,177000,1.75,0,56,132,40,60,0,0,0,60,4,12,1.8333333333333333,88.0,0.0,True,False
288,4 4 18,48,16.0,7,1.25,False,177500,1.75,0,56,132,40,60,0,0,0,60,4,12,1.8333333333333333,88.0,0.0,True,False
288,4 4 18,48,16.0,7,1.25,False,178000,1.75,0,56,132,40,60,0,0,0,60,4,12,1.8333333333333333,88.0,0.0,True,False
288,4 4 18,48,16.0,7,1.25,False,178500,1.75,0,56,132,40,60,0,0,0,60,4,12,1.8333333333333333,88.0,0.0,True,False
288,4 4 18,48,16.0,7,1.25,False,179000,1.75,0,56,132,40,60,0,0,0,60,4,12,1.8333333333333333,88.0,0.0,True,False
288,4 4 18,48,16.0,7,1.25,False,179500,1.75,0,56,132,40,60,0,0,0,60,4,12,1.8333333333333333,88.0,0.0,True,False
288,4 4 18,48,16.0,7,1.25,False,180000,1.75,0,56,132,40,60,0,0,0,60,4,12,1.8333333333333333,88.0,0.0,True,False
288,4 4 18,48,16.0,7,1.25,False,180500,1.75,0,56,132,40,60,0,0,0,60,4,12,1.8333333333333333,88.0,0.0,True,False
288,4 4 18,48,16.0,7,1.25,False,181000,1.75,0,56,132,40,60,0,0,0,60,4,12,1.8333333333333333,88.0,0.0,True,False
288,4 4 18,48,16.0,7,1.25,False,181500,1.75,0,56,132,40,60,0,0,0,60,4,12,1.8333333333333333,88.0,0.0,True,False
288,4 4 18,48,16.0,7,1.25,False,182000,1.75,0,56,132,40,60,0,0,0,60,4,12,1.8333333333333333,88.0,0.0,True,False
288,4 4 18,48,16.0,7,1.25,False,182500,1.75,0,56,132,40,60,0,0,0,60,4,12,1.8333333333333333,88.0,0.0,True,False
288,4 4 18,48,16.0,7,1.25,False,183000,1.75,0,56,132,40,60,0,0,0,60,4,12,1.8333333333333333,88.0,0.0,True,False
288,4 4 18,48,16.0,7,1.25,False,183500,1.75,0,56,132,40,60,0,0,0,60,4,12,1.8333333333333333,88.0,0.0,True,False
288,4 4 18,48,16.0,7,1.25,False,184000,1.75,0,56,132,40,60,0,0,0,60,4,12,1.8333333333333333,88.0,0.0,True,False
288,4 4 18,48,16.0,7,1.25,False,184500,1.75,0,56,132,40,60,0,0,0,60,4,12,1.8333333333333333,88.0,0.0,True,False
288,4 4 18,48,16.0,7,1.25,False,185000,1.75,0,56,132,40,60,0,0,0,60,4,12,1.8333333333333333,88.0,0.0,True,False
288,4 4 18,48,16.0,7,1.25,False,185500,1.75,0,56,132,40,60,0,0,0,60,4,12,1.8333333333333333,88.0,0.0,True,False
288,4 4 18,48,16.0,7,1.25,False,186000,1.75,0,56,132,40,60,0,0,0,60,4,12,1.8333333333333333,88.0,0.0,True,False
288,4 4 18,48,16.0,7,1.25,False,186500,1.8055555555555556,0,46,132,46,64,0,0,0,64,7,22,1.5,72.0,0.0,True,False
288,4 4 18,48,16.0,7,1.25,False,187000,1.8055555555555556,0,46,132,46,64,0,0,0,64,7,22,1.5,72.0,0.0,True,False
288,4 4 18,48,16.0,7,1.25,False,187500,1.75,0,56,132,40,60,0,0,0,60,4,12,1.8333333333333333,88.0,0.0,True,False
288,4 4 18,48,16.0,7,1.25,False,188000,1.75,0,56,132,40,60,0,0,0,60,4,12,1.8333333333333333,88.0,0.0,True,False
288,4 4 18,48,16.0,7,1.25,False,188500,1.75,0,56,132,40,60,0,0,0,60,4,12,1.8333333333333333,88.0,0.0,True,False
288,4 4 18,48,16.0,7,1.25,False,189000,1.75,0,56,132,40,60,0,0,0,60,4,12,1.8333333333333333,88.0,0.0,True,False
288,4 4 18,48,16.0,7,1.25,False,189500,1.75,0,56,132,40,60,0,0,0,60,4,12,1.8333333333333333,88.0,0.0,True,False
288,4 4 18,48,16.0,7,1.25,False,190000,1.75,0,56,132,40,60,0,0,0,60,4,12,1.8333333333333333,88.0,0.0,True,False
288,4 4 18,48,16.0,7,1.25,False,190500,1.75,0,56,132,40,60,0,0,0,60,4,12,1.8333333333333333,88.0,0.0,True,False
288,4 4 18,48,16.0,7,1.25,False,191000,1.75,0,56,132,40,60,0,0,0,60,4,12,1.8333333333333333,88.0,0.0,True,False
288,4 4 18,48,16.0,7,1.25,False,191500,1.75,0,56,132,40,60,0,0,0,60,4,12,1.8333333333333333,88.0,0.0,True,False
288,4 4 18,48,16.0,7,1.25,False,192000,1.75,0,56,132,40,60,0,0,0,60,4,12,1.8333333333333333,88.0,0.0,True,False
288,4 4 18,48,16.0,7,1.25,False,192500,1.75,0,56,132,40,60,0,0,0,60,4,12,1.8333333333333333,88.0,0.0,True,False
288,4 4 18,48,16.0,7,1.25,False,193000,1.75,0,56,132,40,60,0,0,0,60,4,12,1.8333333333333333,88.0,0.0,True,False
288,4 4 18,48,16.0,7,1.25,False,193500,1.75,0,56,132,40,60,0,0,0,60,4,12,1.8333333333333333,88.0,0.0,True,False
288,4 4 18,48,16.0,7,1.25,False,194000,1.75,0,56,132,40,60,0,0,0,60,4,12,1.8333333333333333,88.0,0.0,True,False
288,4 4 18,48,16.0,7,1.25,False,194500,1.75,0,56,132,40,60,0,0,0,60,4,12,1.8333333333333333,88.0,0.0,True,False
288,4 4 18,48,16.0,7,1.25,False,195000,1.75,0,56,132,40,60,0,0,0,60,4,12,1.8333333333333333,88.0,0.0,True,False
288,4 4 18,48,16.0,7,1.25,False,195500,1.75,0,56,132,40,60,0,0,0,60,4,12,1.8333333333333333,88.0,0.0,True,False
288,4 4 18,48,16.0,7,1.25,False,196000,1.75,0,56,132,40,60,0,0,0,60,4,12,1.8333333333333333,88.0,0.0,True,False
288,4 4 18,48,16.0,7,1.25,False,196500,1.75,0,56,132,40,60,0,0,0,60,4,12,1.8333333333333333,88.0,0.0,True,False
288,4 4 18,48,16.0,7,1.25,False,197000,1.75,0,56,132,40,60,0,0,0,60,4,12,1.8333333333333333,88.0,0.0,True,False
288,4 4 18,48,16.0,7,1.25,False,197500,1.75,0,56,132,40,60,0,0,0,60,4,12,1.8333333333333333,88.0,0.0,True,False
288,4 4 18,48,16.0,7,1.25,False,198000,1.75,0,56,132,40,60,0,0,0,60,4,12,1.8333333333333333,88.0,0.0,True,False
288,4 4 18,48,16.0,7,1.25,False,198500,1.75,0,56,132,40,60,0,0,0,60,4,12,1.8333333333333333,88.0,0.0,True,False
288,4 4 18,48,16.0,7,1.25,False,199000,1.75,0,56,132,40,60,0,0,0,60,4,12,1.8333333333333333,88.0,0.0,True,False
288,4 4 18,48,16.0,7,1.25,False,199500,1.75,0,56,132,40,60,0,0,0,60,4,12,1.8333333333333333,88.0,0.0,True,False
288,4 4 18,48,16.0,7,1.25,False,200000,1.75,0,56,132,40,60,0,0,0,60,4,12,1.8333333333333333,88.0,0.0,True,False
288,4 4 18,48,16.0,7,1.25,False,200500,1.75,0,56,132,40,60,0,0,0,60,4,12,1.8333333333333333,88.0,0.0,True,False
288,4 4 18,48,16.0,7,1.25,False,201000,1.75,0,56,132,40,60,0,0,0,60,4,12,1.8333333333333333,88.0,0.0,True,False
288,4 4 18,48,16.0,7,1.25,False,201500,1.75,0,56,132,40,60,0,0,0,60,4,12,1.8333333333333333,88.0,0.0,True,False
288,4 4 18,48,16.0,7,1.25,False,202000,1.75,0,56,132,40,60,0,0,0,60,4,12,1.8333333333333333,88.0,0.0,True,False
288,4 4 18,48,16.0,7,1.25,False,202500,1.75,0,56,132,40,60,0,0,0,60,4,12,1.8333333333333333,88.0,0.0,True,False
288,4 4 18,48,16.0,7,1.25,False,203000,1.75,0,56,132,40,60,0,0,0,60,4,12,1.8333333333333333,88.0,0.0,True,False
288,4 4 18,48,16.0,7,1.25,False,203500,1.75,0,56,132,40,60,0,0,0,60,4,12,1.8333333333333333,88.0,0.0,True,False
288,4 4 18,48,16.0,7,1.25,False,204000,1.75,0,56,132,40,60,0,0,0,60,4,12,1.8333333333333333,88.0,0.0,True,False
288,4 4 18,48,16.0,7,1.25,False,204500,1.75,0,56,132,40,60,0,0,0,60,4,12,1.8333333333333333,88.0,0.0,True,False
288,4 4 18,48,16.0,7,1.25,False,205000,1.75,0,56,132,40,60,0,0,0,60,4,12,1.8333333333333333,88.0,0.0,True,False
288,4 4 18,48,16.0,7,1.25,False,205500,1.75,0,56,132,40,60,0,0,0,60,4,12,1.8333333333333333,88.0,0.0,True,False
288,4 4 18,48,16.0,7,1.25,False,206000,1.75,0,56,132,40,60,0,0,0,60,4,12,1.8333333333333333,88.0,0.0,True,False
288,4 4 18,48,16.0,7,1.25,False,206500,1.75,0,56,132,40,60,0,0,0,60,4,12,1.8333333333333333,88.0,0.0,True,False
288,4 4 18,48,16.0,7,1.25,False,207000,1.75,0,56,132,40,60,0,0,0,60,4,12,1.8333333333333333,88.0,0.0,True,False
288,4 4 18,48,16.0,7,1.25,False,207500,1.75,0,56,132,40,60,0,0,0,60,4,12,1.8333333333333333,88.0,0.0,True,False
288,4 4 18,48,16.0,7,1.25,False,208000,1.75,0,56,132,40,60,0,0,0,60,4,12,1.8333333333333333,88.0,0.0,True,False
288,4 4 18,48,16.0,7,1.25,False,208500,1.75,0,56,132,40,60,0,0,0,60,4,12,1.8333333333333333,88.0,0.0,True,False
288,4 4 18,48,16.0,7,1.25,False,209000,1.75,0,56,132,40,60,0,0,0,60,4,12,1.8333333333333333,88.0,0.0,True,False
288,4 4 18,48,16.0,7,1.25,False,209500,1.75,0,56,132,40,60,0,0,0,60,4,12,1.8333333333333333,88.0,0.0,True,False
288,4 4 18,48,16.0,7,1.25,False,210000,1.75,0,56,132,40,60,0,0,0,60,4,12,1.8333333333333333,88.0,0.0,True,False
288,4 4 18,48,16.0,7,1.25,False,210500,1.75,0,56,132,40,60,0,0,0,60,4,12,1.8333333333333333,88.0,0.0,True,False
288,4 4 18,48,16.0,7,1.25,False,211000,1.75,0,56,132,40,60,0,0,0,60,4,12,1.8333333333333333,88.0,0.0,True,False
288,4 4 18,48,16.0,7,1.25,False,211500,1.75,0,56,132,40,60,0,0,0,60,4,12,1.8333333333333333,88.0,0.0,True,False
288,4 4 18,48,16.0,7,1.25,False,212000,1.75,0,56,132,40,60,0,0,0,60,4,12,1.8333333333333333,88.0,0.0,True,False
288,4 4 18,48,16.0,7,1.25,False,212500,1.75,0,56,132,40,60,0,0,0,60,4,12,1.8333333333333333,88.0,0.0,True,False
288,4 4 18,48,16.0,7,1.25,False,213000,1.75,0,56,132,40,60,0,0,0,60,4,12,1.8333333333333333,88.0,0.0,True,False
288,4 4 18,48,16.0,7,1.25,False,213500,1.75,0,56,132,40,60,0,0,0,60,4,12,1.8333333333333333,88.0,0.0,True,False
288,4 4 18,48,16.0,7,1.25,False,214000,1.75,0,56,132,40,60,0,0,0,60,4,12,1.8333333333333333,88.0,0.0,True,False
288,4 4 18,48,16.0,7,1.25,False,214500,1.75,0,56,132,40,60,0,0,0,60,4,12,1.8333333333333333,88.0,0.0,True,False
288,4 4 18,48,16.0,7,1.25,False,215000,1.75,0,56,132,40,60,0,0,0,60,4,12,1.8333333333333333,88.0,0.0,True,False
288,4 4 18,48,16.0,7,1.25,False,215500,1.75,0,56,132,40,60,0,0,0,60,4,12,1.8333333333333333,88.0,0.0,True,False
288,4 4 18,48,16.0,7,1.25,False,216000,1.75,0,56,132,40,60,0,0,0,60,4,12,1.8333333333333333,88.0,0.0,True,False
288,4 4 18,48,16.0,7,1.25,False,216500,1.75,0,56,132,40,60,0,0,0,60,4,12,1.8333333333333333,88.0,0.0,True,False
288,4 4 18,48,16.0,7,1.25,False,217000,1.75,0,56,132,40,60,0,0,0,60,4,12,1.8333333333333333,88.0,0.0,True,False
288,4 4 18,48,16.0,7,1.25,False,217500,1.75,0,56,132,40,60,0,0,0,60,4,12,1.8333333333333333,88.0,0.0,True,False
288,4 4 18,48,16.0,7,1.25,False,218000,1.75,0,56,132,40,60,0,0,0,60,4,12,1.8333333333333333,88.0,0.0,True,False
288,4 4 18,48,16.0,7,1.25,False,218500,1.75,0,56,132,40,60,0,0,0,60,4,12,1.8333333333333333,88.0,0.0,True,False
288,4 4 18,48,16.0,7,1.25,False,219000,1.75,0,56,132,40,60,0,0,0,60,4,12,1.8333333333333333,88.0,0.0,True,False
288,4 4 18,48,16.0,7,1.25,False,219500,1.75,0,56,132,40,60,0,0,0,60,4,12,1.8333333333333333,88.0,0.0,True,False
288,4 4 18,48,16.0,7,1.25,False,220000,1.75,0,56,132,40,60,0,0,0,60,4,12,1.8333333333333333,88.0,0.0,True,False
288,4 4 18,48,16.0,7,1.25,False,220500,1.75,0,56,132,40,60,0,0,0,60,4,12,1.8333333333333333,88.0,0.0,True,False
288,4 4 18,48,16.0,7,1.25,False,221000,1.75,0,56,132,40,60,0,0,0,60,4,12,1.8333333333333333,88.0,0.0,True,False
288,4 4 18,48,16.0,7,1.25,False,221500,1.75,0,56,132,40,60,0,0,0,60,4,12,1.8333333333333333,88.0,0.0,True,False
288,4 4 18,48,16.0,7,1.25,False,222000,1.75,0,56,132,40,60,0,0,0,60,4,12,1.8333333333333333,88.0,0.0,True,False
288,4 4 18,48,16.0,7,1.25,False,222500,1.75,0,56,132,40,60,0,0,0,60,4,12,1.8333333333333333,88.0,0.0,True,False
288,4 4 18,48,16.0,7,1.25,False,223000,1.75,0,56,132,40,60,0,0,0,60,4,12,1.8333333333333333,88.0,0.0,True,False
288,4 4 18,48,16.0,7,1.25,False,223500,1.8055555555555556,0,46,132,46,64,0,0,0,64,7,22,1.5,72.0,0.0,True,False
288,4 4 18,48,16.0,7,1.25,False,224000,1.75,0,56,132,40,60,0,0,0,60,4,12,1.8333333333333333,88.0,0.0,True,False
288,4 4 18,48,16.0,7,1.25,False,224500,1.75,0,56,132,40,60,0,0,0,60,4,12,1.8333333333333333,88.0,0.0,True,False
288,4 4 18,48,16.0,7,1.25,False,225000,1.75,0,56,132,40,60,0,0,0,60,4,12,1.8333333333333333,88.0,0.0,True,False
288,4 4 18,48,16.0,7,1.25,False,225500,1.75,0,56,132,40,60,0,0,0,60,4,12,1.8333333333333333,88.0,0.0,True,False
288,4 4 18,48,16.0,7,1.25,False,226000,1.75,0,56,132,40,60,0,0,0,60,4,12,1.8333333333333333,88.0,0.0,True,False
288,4 4 18,48,16.0,7,1.25,False,226500,1.75,0,56,132,40,60,0,0,0,60,4,12,1.8333333333333333,88.0,0.0,True,False
288,4 4 18,48,16.0,7,1.25,False,227000,1.75,0,56,132,40,60,0,0,0,60,4,12,1.8333333333333333,88.0,0.0,True,False
288,4 4 18,48,16.0,7,1.25,False,227500,1.75,0,56,132,40,60,0,0,0,60,4,12,1.8333333333333333,88.0,0.0,True,False
288,4 4 18,48,16.0,7,1.25,False,228000,1.75,0,56,132,40,60,0,0,0,60,4,12,1.8333333333333333,88.0,0.0,True,False
288,4 4 18,48,16.0,7,1.25,False,228500,1.75,0,56,132,40,60,0,0,0,60,4,12,1.8333333333333333,88.0,0.0,True,False
288,4 4 18,48,16.0,7,1.25,False,229000,1.75,0,56,132,40,60,0,0,0,60,4,12,1.8333333333333333,88.0,0.0,True,False
288,4 4 18,48,16.0,7,1.25,False,229500,1.75,0,56,132,40,60,0,0,0,60,4,12,1.8333333333333333,88.0,0.0,True,False
288,4 4 18,48,16.0,7,1.25,False,230000,1.75,0,56,132,40,60,0,0,0,60,4,12,1.8333333333333333,88.0,0.0,True,False
288,4 4 18,48,16.0,7,1.25,False,230500,1.75,0,56,132,40,60,0,0,0,60,4,12,1.8333333333333333,88.0,0.0,True,False
288,4 4 18,48,16.0,7,1.25,False,231000,1.75,0,56,132,40,60,0,0,0,60,4,12,1.8333333333333333,88.0,0.0,True,False
288,4 4 18,48,16.0,7,1.25,False,231500,1.75,0,56,132,40,60,0,0,0,60,4,12,1.8333333333333333,88.0,0.0,True,False
288,4 4 18,48,16.0,7,1.25,False,232000,1.75,0,56,132,40,60,0,0,0,60,4,12,1.8333333333333333,88.0,0.0,True,False
288,4 4 18,48,16.0,7,1.25,False,232500,1.75,0,56,132,40,60,0,0,0,60,4,12,1.8333333333333333,88.0,0.0,True,False
288,4 4 18,48,16.0,7,1.25,False,233000,1.75,0,56,132,40,60,0,0,0,60,4,12,1.8333333333333333,88.0,0.0,True,False
288,4 4 18,48,16.0,7,1.25,False,233500,1.75,0,56,132,40,60,0,0,0,60,4,12,1.8333333333333333,88.0,0.0,True,False
288,4 4 18,48,16.0,7,1.25,False,234000,1.75,0,56,132,40,60,0,0,0,60,4,12,1.8333333333333333,88.0,0.0,True,False
288,4 4 18,48,16.0,7,1.25,False,234500,1.75,0,56,132,40,60,0,0,0,60,4,12,1.8333333333333333,88.0,0.0,True,False
288,4 4 18,48,16.0,7,1.25,False,235000,1.75,0,56,132,40,60,0,0,0,60,4,12,1.8333333333333333,88.0,0.0,True,False
288,4 4 18,48,16.0,7,1.25,False,235500,1.75,0,56,132,40,60,0,0,0,60,4,12,1.8333333333333333,88.0,0.0,True,False
288,4 4 18,48,16.0,7,1.25,False,236000,1.75,0,56,132,40,60,0,0,0,60,4,12,1.8333333333333333,88.0,0.0,True,False
288,4 4 18,48,16.0,7,1.25,False,236500,1.75,0,56,132,40,60,0,0,0,60,4,12,1.8333333333333333,88.0,0.0,True,False
288,4 4 18,48,16.0,7,1.25,False,237000,1.75,0,56,132,40,60,0,0,0,60,4,12,1.8333333333333333,88.0,0.0,True,False
288,4 4 18,48,16.0,7,1.25,False,237500,1.75,0,56,132,40,60,0,0,0,60,4,12,1.8333333333333333,88.0,0.0,True,False
288,4 4 18,48,16.0,7,1.25,False,238000,1.8055555555555556,0,46,132,46,64,0,0,0,64,7,22,1.5,72.0,0.0,True,False
288,4 4 18,48,16.0,7,1.25,False,238500,1.75,0,56,132,40,60,0,0,0,60,4,12,1.8333333333333333,88.0,0.0,True,False
288,4 4 18,48,16.0,7,1.25,False,239000,1.75,0,56,132,40,60,0,0,0,60,4,12,1.8333333333333333,88.0,0.0,True,False
288,4 4 18,48,16.0,7,1.25,False,239500,1.75,0,56,132,40,60,0,0,0,60,4,12,1.8333333333333333,88.0,0.0,True,False
288,4 4 18,48,16.0,7,1.25,False,240000,1.75,0,56,132,40,60,0,0,0,60,4,12,1.8333333333333333,88.0,0.0,True,False
288,4 4 18,48,16.0,7,1.25,False,240500,1.75,0,56,132,40,60,0,0,0,60,4,12,1.8333333333333333,88.0,0.0,True,False
288,4 4 18,48,16.0,7,1.25,False,241000,1.75,0,56,132,40,60,0,0,0,60,4,12,1.8333333333333333,88.0,0.0,True,False
288,4 4 18,48,16.0,7,1.25,False,241500,1.75,0,56,132,40,60,0,0,0,60,4,12,1.8333333333333333,88.0,0.0,True,False
288,4 4 18,48,16.0,7,1.25,False,242000,1.75,0,56,132,40,60,0,0,0,60,4,12,1.8333333333333333,88.0,0.0,True,False
288,4 4 18,48,16.0,7,1.25,False,242500,1.75,0,56,132,40,60,0,0,0,60,4,12,1.8333333333333333,88.0,0.0,True,False
288,4 4 18,48,16.0,7,1.25,False,243000,1.75,0,56,132,40,60,0,0,0,60,4,12,1.8333333333333333,88.0,0.0,True,False
288,4 4 18,48,16.0,7,1.25,False,243500,1.75,0,56,132,40,60,0,0,0,60,4,12,1.8333333333333333,88.0,0.0,True,False
288,4 4 18,48,16.0,7,1.25,False,244000,1.75,0,56,132,40,60,0,0,0,60,4,12,1.8333333333333333,88.0,0.0,True,False
288,4 4 18,48,16.0,7,1.25,False,244500,1.75,0,56,132,40,60,0,0,0,60,4,12,1.8333333333333333,88.0,0.0,True,False
288,4 4 18,48,16.0,7,1.25,False,245000,1.75,0,56,132,40,60,0,0,0,60,4,12,1.8333333333333333,88.0,0.0,True,False
288,4 4 18,48,16.0,7,1.25,False,245500,1.75,0,56,132,40,60,0,0,0,60,4,12,1.8333333333333333,88.0,0.0,True,False
288,4 4 18,48,16.0,7,1.25,False,246000,1.75,0,56,132,40,60,0,0,0,60,4,12,1.8333333333333333,88.0,0.0,True,False
288,4 4 18,48,16.0,7,1.25,False,246500,1.75,0,56,132,40,60,0,0,0,60,4,12,1.8333333333333333,88.0,0.0,True,False
288,4 4 18,48,16.0,7,1.25,False,247000,1.75,0,56,132,40,60,0,0,0,60,4,12,1.8333333333333333,88.0,0.0,True,False
288,4 4 18,48,16.0,7,1.25,False,247500,1.75,0,56,132,40,60,0,0,0,60,4,12,1.8333333333333333,88.0,0.0,True,False
288,4 4 18,48,16.0,7,1.25,False,248000,1.75,0,56,132,40,60,0,0,0,60,4,12,1.8333333333333333,88.0,0.0,True,False
288,4 4 18,48,16.0,7,1.25,False,248500,1.75,0,56,132,40,60,0,0,0,60,4,12,1.8333333333333333,88.0,0.0,True,False
288,4 4 18,48,16.0,7,1.25,False,249000,1.75,0,56,132,40,60,0,0,0,60,4,12,1.8333333333333333,88.0,0.0,True,False
288,4 4 18,48,16.0,7,1.25,False,249500,1.75,0,56,132,40,60,0,0,0,60,4,12,1.8333333333333333,88.0,0.0,True,False
288,4 4 18,48,16.0,7,1.25,False,250000,1.75,0,56,132,40,60,0,0,0,60,4,12,1.8333333333333333,88.0,0.0,True,False
288,4 4 18,48,16.0,7,1.25,False,250500,1.75,0,56,132,40,60,0,0,0,60,4,12,1.8333333333333333,88.0,0.0,True,False
288,4 4 18,48,16.0,7,1.25,False,251000,1.75,0,56,132,40,60,0,0,0,60,4,12,1.8333333333333333,88.0,0.0,True,False
288,4 4 18,48,16.0,7,1.25,False,251500,1.75,0,56,132,40,60,0,0,0,60,4,12,1.8333333333333333,88.0,0.0,True,False
288,4 4 18,48,16.0,7,1.25,False,252000,1.75,0,56,132,40,60,0,0,0,60,4,12,1.8333333333333333,88.0,0.0,True,False
288,4 4 18,48,16.0,7,1.25,False,252500,1.75,0,56,132,40,60,0,0,0,60,4,12,1.8333333333333333,88.0,0.0,True,False
288,4 4 18,48,16.0,7,1.25,False,253000,1.75,0,56,132,40,60,0,0,0,60,4,12,1.8333333333333333,88.0,0.0,True,False
288,4 4 18,48,16.0,7,1.25,False,253500,1.75,0,56,132,40,60,0,0,0,60,4,12,1.8333333333333333,88.0,0.0,True,False
288,4 4 18,48,16.0,7,1.25,False,254000,1.75,0,56,132,40,60,0,0,0,60,4,12,1.8333333333333333,88.0,0.0,True,False
288,4 4 18,48,16.0,7,1.25,False,254500,1.75,0,56,132,40,60,0,0,0,60,4,12,1.8333333333333333,88.0,0.0,True,False
288,4 4 18,48,16.0,7,1.25,False,255000,1.75,0,56,132,40,60,0,0,0,60,4,12,1.8333333333333333,88.0,0.0,True,False
288,4 4 18,48,16.0,7,1.25,False,255500,1.75,0,56,132,40,60,0,0,0,60,4,12,1.8333333333333333,88.0,0.0,True,False
288,4 4 18,48,16.0,7,1.25,False,256000,1.75,0,56,132,40,60,0,0,0,60,4,12,1.8333333333333333,88.0,0.0,True,False
288,4 4 18,48,16.0,7,1.25,False,256500,1.75,0,56,132,40,60,0,0,0,60,4,12,1.8333333333333333,88.0,0.0,True,False
288,4 4 18,48,16.0,7,1.25,False,257000,1.75,0,56,132,40,60,0,0,0,60,4,12,1.8333333333333333,88.0,0.0,True,False
288,4 4 18,48,16.0,7,1.25,False,257500,1.75,0,56,132,40,60,0,0,0,60,4,12,1.8333333333333333,88.0,0.0,True,False
288,4 4 18,48,16.0,7,1.25,False,258000,1.75,0,56,132,40,60,0,0,0,60,4,12,1.8333333333333333,88.0,0.0,True,False
288,4 4 18,48,16.0,7,1.25,False,258500,1.75,0,56,132,40,60,0,0,0,60,4,12,1.8333333333333333,88.0,0.0,True,False
288,4 4 18,48,16.0,7,1.25,False,259000,1.8055555555555556,0,46,132,46,64,0,0,0,64,7,22,1.5,72.0,0.0,True,False
288,4 4 18,48,16.0,7,1.25,False,259500,1.75,0,56,132,40,60,0,0,0,60,4,12,1.8333333333333333,88.0,0.0,True,False
288,4 4 18,48,16.0,7,1.25,False,260000,1.75,0,56,132,40,60,0,0,0,60,4,12,1.8333333333333333,88.0,0.0,True,False
288,4 4 18,48,16.0,7,1.25,False,260500,1.75,0,56,132,40,60,0,0,0,60,4,12,1.8333333333333333,88.0,0.0,True,False
288,4 4 18,48,16.0,7,1.25,False,261000,1.75,0,56,132,40,60,0,0,0,60,4,12,1.8333333333333333,88.0,0.0,True,False
288,4 4 18,48,16.0,7,1.25,False,261500,1.75,0,56,132,40,60,0,0,0,60,4,12,1.8333333333333333,88.0,0.0,True,False
288,4 4 18,48,16.0,7,1.25,False,262000,1.75,0,56,132,40,60,0,0,0,60,4,12,1.8333333333333333,88.0,0.0,True,False
288,4 4 18,48,16.0,7,1.25,False,262500,1.75,0,56,132,40,60,0,0,0,60,4,12,1.8333333333333333,88.0,0.0,True,False
288,4 4 18,48,16.0,7,1.25,False,263000,1.75,0,56,132,40,60,0,0,0,60,4,12,1.8333333333333333,88.0,0.0,True,False
288,4 4 18,48,16.0,7,1.25,False,263500,1.8055555555555556,0,46,132,46,64,0,0,0,64,7,22,1.5,72.0,0.0,True,False
288,4 4 18,48,16.0,7,1.25,False,264000,1.8055555555555556,0,46,132,46,64,0,0,0,64,7,22,1.5,72.0,0.0,True,False
288,4 4 18,48,16.0,7,1.25,False,264500,1.75,0,56,132,40,60,0,0,0,60,4,12,1.8333333333333333,88.0,0.0,True,False
288,4 4 18,48,16.0,7,1.25,False,265000,1.75,0,56,132,40,60,0,0,0,60,4,12,1.8333333333333333,88.0,0.0,True,False
288,4 4 18,48,16.0,7,1.25,False,265500,1.75,0,56,132,40,60,0,0,0,60,4,12,1.8333333333333333,88.0,0.0,True,False
288,4 4 18,48,16.0,7,1.25,False,266000,1.75,0,56,132,40,60,0,0,0,60,4,12,1.8333333333333333,88.0,0.0,True,False
288,4 4 18,48,16.0,7,1.25,False,266500,1.75,0,56,132,40,60,0,0,0,60,4,12,1.8333333333333333,88.0,0.0,True,False
288,4 4 18,48,16.0,7,1.25,False,267000,1.75,0,56,132,40,60,0,0,0,60,4,12,1.8333333333333333,88.0,0.0,True,False
288,4 4 18,48,16.0,7,1.25,False,267500,1.75,0,56,132,40,60,0,0,0,60,4,12,1.8333333333333333,88.0,0.0,True,False
288,4 4 18,48,16.0,7,1.25,False,268000,1.75,0,56,132,40,60,0,0,0,60,4,12,1.8333333333333333,88.0,0.0,True,False
288,4 4 18,48,16.0,7,1.25,False,268500,1.75,0,56,132,40,60,0,0,0,60,4,12,1.8333333333333333,88.0,0.0,True,False
288,4 4 18,48,16.0,7,1.25,False,269000,1.75,0,56,132,40,60,0,0,0,60,4,12,1.8333333333333333,88.0,0.0,True,False
288,4 4 18,48,16.0,7,1.25,False,269500,1.75,0,56,132,40,60,0,0,0,60,4,12,1.8333333333333333,88.0,0.0,True,False
288,4 4 18,48,16.0,7,1.25,False,270000,1.75,0,56,132,40,60,0,0,0,60,4,12,1.8333333333333333,88.0,0.0,True,False
288,4 4 18,48,16.0,7,1.25,False,270500,1.75,0,56,132,40,60,0,0,0,60,4,12,1.8333333333333333,88.0,0.0,True,False
288,4 4 18,48,16.0,7,1.25,False,271000,1.75,0,56,132,40,60,0,0,0,60,4,12,1.8333333333333333,88.0,0.0,True,False
288,4 4 18,48,16.0,7,1.25,False,271500,1.75,0,56,132,40,60,0,0,0,60,4,12,1.8333333333333333,88.0,0.0,True,False
288,4 4 18,48,16.0,7,1.25,False,272000,1.75,0,56,132,40,60,0,0,0,60,4,12,1.8333333333333333,88.0,0.0,True,False
288,4 4 18,48,16.0,7,1.25,False,272500,1.75,0,56,132,40,60,0,0,0,60,4,12,1.8333333333333333,88.0,0.0,True,False
288,4 4 18,48,16.0,7,1.25,False,273000,1.75,0,56,132,40,60,0,0,0,60,4,12,1.8333333333333333,88.0,0.0,True,False
288,4 4 18,48,16.0,7,1.25,False,273500,1.75,0,56,132,40,60,0,0,0,60,4,12,1.8333333333333333,88.0,0.0,True,False
288,4 4 18,48,16.0,7,1.25,False,274000,1.75,0,56,132,40,60,0,0,0,60,4,12,1.8333333333333333,88.0,0.0,True,False
288,4 4 18,48,16.0,7,1.25,False,274500,1.75,0,56,132,40,60,0,0,0,60,4,12,1.8333333333333333,88.0,0.0,True,False
288,4 4 18,48,16.0,7,1.25,False,275000,1.75,0,56,132,40,60,0,0,0,60,4,12,1.8333333333333333,88.0,0.0,True,False
288,4 4 18,48,16.0,7,1.25,False,275500,1.75,0,56,132,40,60,0,0,0,60,4,12,1.8333333333333333,88.0,0.0,True,False
288,4 4 18,48,16.0,7,1.25,False,276000,1.75,0,56,132,40,60,0,0,0,60,4,12,1.8333333333333333,88.0,0.0,True,False
288,4 4 18,48,16.0,7,1.25,False,276500,1.75,0,56,132,40,60,0,0,0,60,4,12,1.8333333333333333,88.0,0.0,True,False
288,4 4 18,48,16.0,7,1.25,False,277000,1.75,0,56,132,40,60,0,0,0,60,4,12,1.8333333333333333,88.0,0.0,True,False
288,4 4 18,48,16.0,7,1.25,False,277500,1.75,0,56,132,40,60,0,0,0,60,4,12,1.8333333333333333,88.0,0.0,True,False
288,4 4 18,48,16.0,7,1.25,False,278000,1.75,0,56,132,40,60,0,0,0,60,4,12,1.8333333333333333,88.0,0.0,True,False
288,4 4 18,48,16.0,7,1.25,False,278500,1.75,0,56,132,40,60,0,0,0,60,4,12,1.8333333333333333,88.0,0.0,True,False
288,4 4 18,48,16.0,7,1.25,False,279000,1.75,0,56,132,40,60,0,0,0,60,4,12,1.8333333333333333,88.0,0.0,True,False
288,4 4 18,48,16.0,7,1.25,False,279500,1.75,0,56,132,40,60,0,0,0,60,4,12,1.8333333333333333,88.0,0.0,True,False
288,4 4 18,48,16.0,7,1.25,False,280000,1.75,0,56,132,40,60,0,0,0,60,4,12,1.8333333333333333,88.0,0.0,True,False
288,4 4 18,48,16.0,7,1.25,False,280500,1.75,0,56,132,40,60,0,0,0,60,4,12,1.8333333333333333,88.0,0.0,True,False
288,4 4 18,48,16.0,7,1.25,False,281000,1.75,0,56,132,40,60,0,0,0,60,4,12,1.8333333333333333,88.0,0.0,True,False
288,4 4 18,48,16.0,7,1.25,False,281500,1.75,0,56,132,40,60,0,0,0,60,4,12,1.8333333333333333,88.0,0.0,True,False
288,4 4 18,48,16.0,7,1.25,False,282000,1.75,0,56,132,40,60,0,0,0,60,4,12,1.8333333333333333,88.0,0.0,True,False
288,4 4 18,48,16.0,7,1.25,False,282500,1.75,0,56,132,40,60,0,0,0,60,4,12,1.8333333333333333,88.0,0.0,True,False
288,4 4 18,48,16.0,7,1.25,False,283000,1.75,0,56,132,40,60,0,0,0,60,4,12,1.8333333333333333,88.0,0.0,True,False
288,4 4 18,48,16.0,7,1.25,False,283500,1.75,0,56,132,40,60,0,0,0,60,4,12,1.8333333333333333,88.0,0.0,True,False
288,4 4 18,48,16.0,7,1.25,False,284000,1.75,0,56,132,40,60,0,0,0,60,4,12,1.8333333333333333,88.0,0.0,True,False
288,4 4 18,48,16.0,7,1.25,False,284500,1.75,0,56,132,40,60,0,0,0,60,4,12,1.8333333333333333,88.0,0.0,True,False
288,4 4 18,48,16.0,7,1.25,False,285000,1.8055555555555556,0,46,132,46,64,0,0,0,64,7,22,1.5,72.0,0.0,True,False
288,4 4 18,48,16.0,7,1.25,False,285500,1.75,0,56,132,40,60,0,0,0,60,4,12,1.8333333333333333,88.0,0.0,True,False
288,4 4 18,48,16.0,7,1.25,False,286000,1.75,0,56,132,40,60,0,0,0,60,4,12,1.8333333333333333,88.0,0.0,True,False
288,4 4 18,48,16.0,7,1.25,False,286500,1.75,0,56,132,40,60,0,0,0,60,4,12,1.8333333333333333,88.0,0.0,True,False
288,4 4 18,48,16.0,7,1.25,False,287000,1.8055555555555556,0,46,132,46,64,0,0,0,64,7,22,1.5,72.0,0.0,True,False
288,4 4 18,48,16.0,7,1.25,False,287500,1.75,0,56,132,40,60,0,0,0,60,4,12,1.8333333333333333,88.0,0.0,True,False
288,4 4 18,48,16.0,7,1.25,False,288000,1.75,0,56,132,40,60,0,0,0,60,4,12,1.8333333333333333,88.0,0.0,True,False
288,4 4 18,48,16.0,7,1.25,False,288500,1.75,0,56,132,40,60,0,0,0,60,4,12,1.8333333333333333,88.0,0.0,True,False
288,4 4 18,48,16.0,7,1.25,False,289000,1.75,0,56,132,40,60,0,0,0,60,4,12,1.8333333333333333,88.0,0.0,True,False
288,4 4 18,48,16.0,7,1.25,False,289500,1.75,0,56,132,40,60,0,0,0,60,4,12,1.8333333333333333,88.0,0.0,True,False
288,4 4 18,48,16.0,7,1.25,False,290000,1.75,0,56,132,40,60,0,0,0,60,4,12,1.8333333333333333,88.0,0.0,True,False
288,4 4 18,48,16.0,7,1.25,False,290500,1.75,0,56,132,40,60,0,0,0,60,4,12,1.8333333333333333,88.0,0.0,True,False
288,4 4 18,48,16.0,7,1.25,False,291000,1.75,0,56,132,40,60,0,0,0,60,4,12,1.8333333333333333,88.0,0.0,True,False
288,4 4 18,48,16.0,7,1.25,False,291500,1.8055555555555556,0,46,132,46,64,0,0,0,64,7,22,1.5,72.0,0.0,True,False
288,4 4 18,48,16.0,7,1.25,False,292000,1.8055555555555556,0,46,132,46,64,0,0,0,64,7,22,1.5,72.0,0.0,True,False
288,4 4 18,48,16.0,7,1.25,False,292500,1.75,0,56,132,40,60,0,0,0,60,4,12,1.8333333333333333,88.0,0.0,True,False
288,4 4 18,48,16.0,7,1.25,False,293000,1.75,0,56,132,40,60,0,0,0,60,4,12,1.8333333333333333,88.0,0.0,True,False
288,4 4 18,48,16.0,7,1.25,False,293500,1.75,0,56,132,40,60,0,0,0,60,4,12,1.8333333333333333,88.0,0.0,True,False
288,4 4 18,48,16.0,7,1.25,False,294000,1.75,0,56,132,40,60,0,0,0,60,4,12,1.8333333333333333,88.0,0.0,True,False
288,4 4 18,48,16.0,7,1.25,False,294500,1.75,0,56,132,40,60,0,0,0,60,4,12,1.8333333333333333,88.0,0.0,True,False
288,4 4 18,48,16.0,7,1.25,False,295000,1.75,0,56,132,40,60,0,0,0,60,4,12,1.8333333333333333,88.0,0.0,True,False
288,4 4 18,48,16.0,7,1.25,False,295500,1.8055555555555556,0,46,132,46,64,0,0,0,64,7,22,1.5,72.0,0.0,True,False
288,4 4 18,48,16.0,7,1.25,False,296000,1.8055555555555556,0,46,132,46,64,0,0,0,64,7,22,1.5,72.0,0.0,True,False
288,4 4 18,48,16.0,7,1.25,False,296500,1.8055555555555556,0,46,132,46,64,0,0,0,64,7,22,1.5,72.0,0.0,True,False
288,4 4 18,48,16.0,7,1.25,False,297000,1.8055555555555556,0,46,132,46,64,0,0,0,64,7,22,1.5,72.0,0.0,True,False
288,4 4 18,48,16.0,7,1.25,False,297500,1.75,0,56,132,40,60,0,0,0,60,4,12,1.8333333333333333,88.0,0.0,True,False
288,4 4 18,48,16.0,7,1.25,False,298000,1.75,0,56,132,40,60,0,0,0,60,4,12,1.8333333333333333,88.0,0.0,True,False
288,4 4 18,48,16.0,7,1.25,False,298500,1.75,0,56,132,40,60,0,0,0,60,4,12,1.8333333333333333,88.0,0.0,True,False
288,4 4 18,48,16.0,7,1.25,False,299000,1.75,0,56,132,40,60,0,0,0,60,4,12,1.8333333333333333,88.0,0.0,True,False
288,4 4 18,48,16.0,7,1.25,False,299500,1.75,0,56,132,40,60,0,0,0,60,4,12,1.8333333333333333,88.0,0.0,True,False
288,4 4 18,48,16.0,7,1.25,False,300000,1.75,0,56,132,40,60,0,0,0,60,4,12,1.8333333333333333,88.0,0.0,True,True
288,4 4 18,48,16.0,8,1.25,False,0,2.0,0,288,0,0,0,0,0,0,0,0,0,0.3333333333333333,16.0,0.0,False,False
288,4 4 18,48,16.0,8,1.25,False,500,2.0555555555555554,0,272,12,0,4,0,0,0,4,0,0,0.0,0.0,0.0,True,False
288,4 4 18,48,16.0,8,1.25,False,1000,2.0416666666666665,0,256,24,4,0,4,0,0,4,2,2,0.08333333333333333,4.0,0.0,True,False
288,4 4 18,48,16.0,8,1.25,False,1500,2.0416666666666665,0,256,24,4,0,4,0,0,4,2,2,0.08333333333333333,4.0,0.0,True,False
288,4 4 18,48,16.0,8,1.25,False,2000,2.0416666666666665,0,256,24,4,0,4,0,0,4,2,2,0.08333333333333333,4.0,0.0,True,False
288,4 4 18,48,16.0,8,1.25,False,2500,2.0416666666666665,0,256,24,4,0,4,0,0,4,2,2,0.08333333333333333,4.0,0.0,True,False
288,4 4 18,48,16.0,8,1.25,False,3000,2.0277777777777777,0,240,36,4,4,4,0,0,8,2,2,0.16666666666666666,8.0,0.0,True,False
288,4 4 18,48,16.0,8,1.25,False,3500,2.0277777777777777,0,240,36,4,4,4,0,0,8,2,2,0.16666666666666666,8.0,0.0,True,False
288,4 4 18,48,16.0,8,1.25,False,4000,2.013888888888889,0,224,48,4,8,4,0,0,12,2,2,0.25,12.0,0.0,True,False
288,4 4 18,48,16.0,8,1.25,False,4500,1.9861111111111112,0,192,72,4,16,4,0,0,20,2,2,0.4166666666666667,20.0,0.0,True,False
288,4 4 18,48,16.0,8,1.25,False,5000,1.9722222222222223,0,176,84,4,20,4,0,0,24,2,2,0.5,24.0,0.0,True,False
288,4 4 18,48,16.0,8,1.25,False,5500,1.9722222222222223,0,176,84,4,20,4,0,0,24,2,2,0.5,24.0,0.0,True,False
288,4 4 18,48,16.0,8,1.25,False,6000,1.9722222222222223,0,176,84,4,20,4,0,0,24,2,2,0.5,24.0,0.0,True,False
288,4 4 18,48,16.0,8,1.25,False,6500,1.9548611111111112,0,137,107,11,33,0,0,0,33,7,3,0.6041666666666666,29.0,0.0,True,False
288,4 4 18,48,16.0,8,1.25,False,7000,1.9409722222222223,0,142,108,10,28,0,0,0,28,3,6,0.6875,33.0,0.0,True,False
288,4 4 18,48,16.0,8,1.25,False,7500,1.9409722222222223,0,145,103,11,29,0,0,0,29,5,5,0.6875,33.0,0.0,True,False
288,4 4 18,48,16.0,8,1.25,False,8000,1.9236111111111112,0,136,108,12,28,4,0,0,32,6,3,0.7916666666666666,38.0,0.0,True,False
288,4 4 18,48,16.0,8,1.25,False,8500,1.9166666666666667,0,140,104,12,32,0,0,0,32,8,2,0.8333333333333334,40.0,0.0,True,False
288,4 4 18,48,16.0,8,1.25,False,9000,1.9166666666666667,0,140,104,12,32,0,0,0,32,8,2,0.8333333333333334,40.0,0.0,True,False
288,4 4 18,48,16.0,8,1.25,False,9500,1.8888888888888888,0,116,112,24,32,4,0,0,36,5,10,1.0,48.0,0.0,True,False
288,4 4 18,48,16.0,8,1.25,False,10000,1.8888888888888888,0,116,112,24,32,4,0,0,36,5,10,1.0,48.0,0.0,True,False
288,4 4 18,48,16.0,8,1.25,False,10500,1.875,0,104,116,28,36,4,0,0,40,5,10,1.0833333333333333,52.0,0.0,True,False
288,4 4 18,48,16.0,8,1.25,False,11000,1.875,0,104,116,28,36,4,0,0,40,5,10,1.0833333333333333,52.0,0.0,True,False
288,4 4 18,48,16.0,8,1.25,False,11500,1.8611111111111112,0,92,120,32,40,4,0,0,44,5,12,1.1666666666666667,56.0,0.0,True,False
288,4 4 18,48,16.0,8,1.25,False,12000,1.8472222222222223,0,80,124,36,44,4,0,0,48,4,16,1.25,60.0,0.0,True,False
288,4 4 18,48,16.0,8,1.25,False,12500,1.8055555555555556,0,48,120,64,56,0,0,0,56,3,38,1.5,72.0,0.0,True,False
288,4 4 18,48,16.0,8,1.25,False,13000,1.7222222222222223,0,52,128,52,56,0,0,0,56,4,16,2.0,96.0,0.0,True,False
288,4 4 18,48,16.0,8,1.25,False,13500,1.7222222222222223,0,52,128,52,56,0,0,0,56,4,16,2.0,96.0,0.0,True,False
288,4 4 18,48,16.0,8,1.25,False,14000,1.8020833333333333,0,48,127,55,57,1,0,0,58,4,28,1.5208333333333333,73.0,0.0,True,False
288,4 4 18,48,16.0,8,1.25,False,14500,1.7222222222222223,0,52,128,52,56,0,0,0,56,4,16,2.0,96.0,0.0,True,False
288,4 4 18,48,16.0,8,1.25,False,15000,1.7222222222222223,0,52,128,52,56,0,0,0,56,4,16,2.0,96.0,0.0,True,False
288,4 4 18,48,16.0,8,1.25,False,15500,1.8333333333333333,0,52,124,54,56,2,0,0,58,4,17,1.3333333333333333,64.0,0.0,True,False
288,4 4 18,48,16.0,8,1.25,False,16000,1.8333333333333333,0,52,124,54,56,2,0,0,58,4,17,1.3333333333333333,64.0,0.0,True,False
288,4 4 18,48,16.0,8,1.25,False,16500,1.8333333333333333,0,52,124,54,56,2,0,0,58,4,17,1.3333333333333333,64.0,0.0,True,False
288,4 4 18,48,16.0,8,1.25,False,17000,1.7222222222222223,0,52,128,52,56,0,0,0,56,4,16,2.0,96.0,0.0,True,False
288,4 4 18,48,16.0,8,1.25,False,17500,1.7222222222222223,0,52,128,52,56,0,0,0,56,4,16,2.0,96.0,0.0,True,False
288,4 4 18,48,16.0,8,1.25,False,18000,1.7222222222222223,0,52,128,52,56,0,0,0,56,4,16,2.0,96.0,0.0,True,False
288,4 4 18,48,16.0,8,1.25,False,18500,1.7222222222222223,0,52,128,52,56,0,0,0,56,4,16,2.0,96.0,0.0,True,False
288,4 4 18,48,16.0,8,1.25,False,19000,1.8020833333333333,0,48,125,58,57,0,0,0,57,3,32,1.5208333333333333,73.0,0.0,True,False
288,4 4 18,48,16.0,8,1.25,False,19500,1.8020833333333333,0,48,125,58,57,0,0,0,57,3,32,1.5208333333333333,73.0,0.0,True,False
288,4 4 18,48,16.0,8,1.25,False,20000,1.8020833333333333,0,48,125,58,57,0,0,0,57,3,32,1.5208333333333333,73.0,0.0,True,False
288,4 4 18,48,16.0,8,1.25,False,20500,1.7222222222222223,0,52,128,52,56,0,0,0,56,4,16,2.0,96.0,0.0,True,False
288,4 4 18,48,16.0,8,1.25,False,21000,1.7222222222222223,0,52,128,52,56,0,0,0,56,4,16,2.0,96.0,0.0,True,False
288,4 4 18,48,16.0,8,1.25,False,21500,1.8020833333333333,0,48,125,58,57,0,0,0,57,3,32,1.5208333333333333,73.0,0.0,True,False
288,4 4 18,48,16.0,8,1.25,False,22000,1.8020833333333333,0,48,125,58,57,0,0,0,57,3,32,1.5208333333333333,73.0,0.0,True,False
288,4 4 18,48,16.0,8,1.25,False,22500,1.7222222222222223,0,52,128,52,56,0,0,0,56,4,16,2.0,96.0,0.0,True,False
288,4 4 18,48,16.0,8,1.25,False,23000,1.7777777777777777,0,42,128,58,60,0,0,0,60,7,28,1.6666666666666667,80.0,0.0,True,False
288,4 4 18,48,16.0,8,1.25,False,23500,1.7777777777777777,0,42,128,58,60,0,0,0,60,7,28,1.6666666666666667,80.0,0.0,True,False
288,4 4 18,48,16.0,8,1.25,False,24000,1.7222222222222223,0,52,128,52,56,0,0,0,56,4,16,2.0,96.0,0.0,True,False
288,4 4 18,48,16.0,8,1.25,False,24500,1.7222222222222223,0,52,128,52,56,0,0,0,56,4,16,2.0,96.0,0.0,True,False
288,4 4 18,48,16.0,8,1.25,False,25000,1.7777777777777777,0,42,128,58,60,0,0,0,60,7,28,1.6666666666666667,80.0,0.0,True,False
288,4 4 18,48,16.0,8,1.25,False,25500,1.7777777777777777,0,42,128,58,60,0,0,0,60,7,28,1.6666666666666667,80.0,0.0,True,False
288,4 4 18,48,16.0,8,1.25,False,26000,1.7777777777777777,0,42,128,58,60,0,0,0,60,7,28,1.6666666666666667,80.0,0.0,True,False
288,4 4 18,48,16.0,8,1.25,False,26500,1.7222222222222223,0,52,128,52,56,0,0,0,56,4,16,2.0,96.0,0.0,True,False
288,4 4 18,48,16.0,8,1.25,False,27000,1.8055555555555556,0,48,120,64,56,0,0,0,56,3,38,1.5,72.0,0.0,True,False
288,4 4 18,48,16.0,8,1.25,False,27500,1.7222222222222223,0,52,128,52,56,0,0,0,56,4,16,2.0,96.0,0.0,True,False
288,4 4 18,48,16.0,8,1.25,False,28000,1.7222222222222223,0,52,128,52,56,0,0,0,56,4,16,2.0,96.0,0.0,True,False
288,4 4 18,48,16.0,8,1.25,False,28500,1.8263888888888888,0,46,122,62,58,0,0,0,58,3,36,1.375,66.0,0.0,True,False
288,4 4 18,48,16.0,8,1.25,False,29000,1.8263888888888888,0,46,122,62,58,0,0,0,58,3,36,1.375,66.0,0.0,True,False
288,4 4 18,48,16.0,8,1.25,False,29500,1.8020833333333333,0,48,125,58,57,0,0,0,57,3,32,1.5208333333333333,73.0,0.0,True,False
288,4 4 18,48,16.0,8,1.25,False,30000,1.7222222222222223,0,52,128,52,56,0,0,0,56,4,16,2.0,96.0,0.0,True,False
288,4 4 18,48,16.0,8,1.25,False,30500,1.7222222222222223,0,52,128,52,56,0,0,0,56,4,16,2.0,96.0,0.0,True,False
288,4 4 18,48,16.0,8,1.25,False,31000,1.7222222222222223,0,52,128,52,56,0,0,0,56,4,16,2.0,96.0,0.0,True,False
288,4 4 18,48,16.0,8,1.25,False,31500,1.7222222222222223,0,52,128,52,56,0,0,0,56,4,16,2.0,96.0,0.0,True,False
288,4 4 18,48,16.0,8,1.25,False,32000,1.7222222222222223,0,52,128,52,56,0,0,0,56,4,16,2.0,96.0,0.0,True,False
288,4 4 18,48,16.0,8,1.25,False,32500,1.7222222222222223,0,52,128,52,56,0,0,0,56,4,16,2.0,96.0,0.0,True,False
288,4 4 18,48,16.0,8,1.25,False,33000,1.8020833333333333,0,48,127,55,57,1,0,0,58,4,28,1.5208333333333333,73.0,0.0,True,False
288,4 4 18,48,16.0,8,1.25,False,33500,1.7222222222222223,0,52,128,52,56,0,0,0,56,4,16,2.0,96.0,0.0,True,False
288,4 4 18,48,16.0,8,1.25,False,34000,1.8020833333333333,0,48,125,58,57,0,0,0,57,3,32,1.5208333333333333,73.0,0.0,True,False
288,4 4 18,48,16.0,8,1.25,False,34500,1.7222222222222223,0,52,128,52,56,0,0,0,56,4,16,2.0,96.0,0.0,True,False
288,4 4 18,48,16.0,8,1.25,False,35000,1.7222222222222223,0,52,128,52,56,0,0,0,56,4,16,2.0,96.0,0.0,True,False
288,4 4 18,48,16.0,8,1.25,False,35500,1.8055555555555556,0,48,120,64,56,0,0,0,56,4,28,1.5,72.0,0.0,True,False
288,4 4 18,48,16.0,8,1.25,False,36000,1.8020833333333333,0,48,125,58,57,0,0,0,57,3,32,1.5208333333333333,73.0,0.0,True,False
288,4 4 18,48,16.0,8,1.25,False,36500,1.7222222222222223,0,52,128,52,56,0,0,0,56,4,16,2.0,96.0,0.0,True,False
288,4 4 18,48,16.0,8,1.25,False,37000,1.7222222222222223,0,52,128,52,56,0,0,0,56,4,16,2.0,96.0,0.0,True,False
288,4 4 18,48,16.0,8,1.25,False,37500,1.7222222222222223,0,52,128,52,56,0,0,0,56,4,16,2.0,96.0,0.0,True,False
288,4 4 18,48,16.0,8,1.25,False,38000,1.8055555555555556,0,48,125,54,61,0,0,0,61,6,16,1.5,72.0,0.0,True,False
288,4 4 18,48,16.0,8,1.25,False,38500,1.8055555555555556,0,48,125,54,61,0,0,0,61,6,16,1.5,72.0,0.0,True,False
288,4 4 18,48,16.0,8,1.25,False,39000,1.8055555555555556,0,48,125,54,61,0,0,0,61,6,16,1.5,72.0,0.0,True,False
288,4 4 18,48,16.0,8,1.25,False,39500,1.7222222222222223,0,52,128,52,56,0,0,0,56,4,16,2.0,96.0,0.0,True,False
288,4 4 18,48,16.0,8,1.25,False,40000,1.7222222222222223,0,52,128,52,56,0,0,0,56,4,16,2.0,96.0,0.0,True,False
288,4 4 18,48,16.0,8,1.25,False,40500,1.7777777777777777,0,42,128,58,60,0,0,0,60,7,28,1.6666666666666667,80.0,0.0,True,False
288,4 4 18,48,16.0,8,1.25,False,41000,1.7222222222222223,0,52,128,52,56,0,0,0,56,4,16,2.0,96.0,0.0,True,False
288,4 4 18,48,16.0,8,1.25,False,41500,1.7222222222222223,0,52,128,52,56,0,0,0,56,4,16,2.0,96.0,0.0,True,False
288,4 4 18,48,16.0,8,1.25,False,42000,1.7222222222222223,0,52,128,52,56,0,0,0,56,4,16,2.0,96.0,0.0,True,False
288,4 4 18,48,16.0,8,1.25,False,42500,1.7222222222222223,0,52,128,52,56,0,0,0,56,4,16,2.0,96.0,0.0,True,False
288,4 4 18,48,16.0,8,1.25,False,43000,1.7222222222222223,0,52,128,52,56,0,0,0,56,4,16,2.0,96.0,0.0,True,False
288,4 4 18,48,16.0,8,1.25,False,43500,1.7222222222222223,0,52,128,52,56,0,0,0,56,4,16,2.0,96.0,0.0,True,False
288,4 4 18,48,16.0,8,1.25,False,44000,1.7222222222222223,0,52,128,52,56,0,0,0,56,4,16,2.0,96.0,0.0,True,False
288,4 4 18,48,16.0,8,1.25,False,44500,1.7222222222222223,0,52,128,52,56,0,0,0,56,4,16,2.0,96.0,0.0,True,False
288,4 4 18,48,16.0,8,1.25,False,45000,1.7222222222222223,0,52,128,52,56,0,0,0,56,4,16,2.0,96.0,0.0,True,False
288,4 4 18,48,16.0,8,1.25,False,45500,1.7222222222222223,0,52,128,52,56,0,0,0,56,4,16,2.0,96.0,0.0,True,False
288,4 4 18,48,16.0,8,1.25,False,46000,1.7222222222222223,0,52,128,52,56,0,0,0,56,4,16,2.0,96.0,0.0,True,False
288,4 4 18,48,16.0,8,1.25,False,46500,1.7222222222222223,0,52,128,52,56,0,0,0,56,4,16,2.0,96.0,0.0,True,False
288,4 4 18,48,16.0,8,1.25,False,47000,1.7222222222222223,0,52,128,52,56,0,0,0,56,4,16,2.0,96.0,0.0,True,False
288,4 4 18,48,16.0,8,1.25,False,47500,1.7222222222222223,0,52,128,52,56,0,0,0,56,4,16,2.0,96.0,0.0,True,False
288,4 4 18,48,16.0,8,1.25,False,48000,1.7222222222222223,0,52,128,52,56,0,0,0,56,4,16,2.0,96.0,0.0,True,False
288,4 4 18,48,16.0,8,1.25,False,48500,1.7222222222222223,0,52,128,52,56,0,0,0,56,4,16,2.0,96.0,0.0,True,False
288,4 4 18,48,16.0,8,1.25,False,49000,1.7222222222222223,0,52,128,52,56,0,0,0,56,4,16,2.0,96.0,0.0,True,False
288,4 4 18,48,16.0,8,1.25,False,49500,1.7222222222222223,0,52,128,52,56,0,0,0,56,4,16,2.0,96.0,0.0,True,False
288,4 4 18,48,16.0,8,1.25,False,50000,1.7222222222222223,0,52,128,52,56,0,0,0,56,4,16,2.0,96.0,0.0,True,False
288,4 4 18,48,16.0,8,1.25,False,50500,1.7222222222222223,0,52,128,52,56,0,0,0,56,4,16,2.0,96.0,0.0,True,False
288,4 4 18,48,16.0,8,1.25,False,51000,1.7222222222222223,0,52,128,52,56,0,0,0,56,4,16,2.0,96.0,0.0,True,False
288,4 4 18,48,16.0,8,1.25,False,51500,1.7777777777777777,0,42,128,58,60,0,0,0,60,7,28,1.6666666666666667,80.0,0.0,True,False
288,4 4 18,48,16.0,8,1.25,False,52000,1.7777777777777777,0,42,128,58,60,0,0,0,60,7,28,1.6666666666666667,80.0,0.0,True,False
288,4 4 18,48,16.0,8,1.25,False,52500,1.7222222222222223,0,52,128,52,56,0,0,0,56,4,16,2.0,96.0,0.0,True,False
288,4 4 18,48,16.0,8,1.25,False,53000,1.7222222222222223,0,52,128,52,56,0,0,0,56,4,16,2.0,96.0,0.0,True,False
288,4 4 18,48,16.0,8,1.25,False,53500,1.7222222222222223,0,52,128,52,56,0,0,0,56,4,16,2.0,96.0,0.0,True,False
288,4 4 18,48,16.0,8,1.25,False,54000,1.7222222222222223,0,52,128,52,56,0,0,0,56,4,16,2.0,96.0,0.0,True,False
288,4 4 18,48,16.0,8,1.25,False,54500,1.7222222222222223,0,52,128,52,56,0,0,0,56,4,16,2.0,96.0,0.0,True,False
288,4 4 18,48,16.0,8,1.25,False,55000,1.7222222222222223,0,52,128,52,56,0,0,0,56,4,16,2.0,96.0,0.0,True,False
288,4 4 18,48,16.0,8,1.25,False,55500,1.7222222222222223,0,52,128,52,56,0,0,0,56,4,16,2.0,96.0,0.0,True,False
288,4 4 18,48,16.0,8,1.25,False,56000,1.7222222222222223,0,52,128,52,56,0,0,0,56,4,16,2.0,96.0,0.0,True,False
288,4 4 18,48,16.0,8,1.25,False,56500,1.7777777777777777,0,42,128,58,60,0,0,0,60,7,28,1.6666666666666667,80.0,0.0,True,False
288,4 4 18,48,16.0,8,1.25,False,57000,1.7222222222222223,0,52,128,52,56,0,0,0,56,4,16,2.0,96.0,0.0,True,False
288,4 4 18,48,16.0,8,1.25,False,57500,1.7222222222222223,0,52,128,52,56,0,0,0,56,4,16,2.0,96.0,0.0,True,False
288,4 4 18,48,16.0,8,1.25,False,58000,1.7222222222222223,0,52,128,52,56,0,0,0,56,4,16,2.0,96.0,0.0,True,False
288,4 4 18,48,16.0,8,1.25,False,58500,1.7222222222222223,0,52,128,52,56,0,0,0,56,4,16,2.0,96.0,0.0,True,False
288,4 4 18,48,16.0,8,1.25,False,59000,1.7222222222222223,0,52,128,52,56,0,0,0,56,4,16,2.0,96.0,0.0,True,False
288,4 4 18,48,16.0,8,1.25,False,59500,1.7777777777777777,0,42,128,58,60,0,0,0,60,7,28,1.6666666666666667,80.0,0.0,True,False
288,4 4 18,48,16.0,8,1.25,False,60000,1.7777777777777777,0,42,128,58,60,0,0,0,60,7,28,1.6666666666666667,80.0,0.0,True,False
288,4 4 18,48,16.0,8,1.25,False,60500,1.7777777777777777,0,42,128,58,60,0,0,0,60,7,28,1.6666666666666667,80.0,0.0,True,False
288,4 4 18,48,16.0,8,1.25,False,61000,1.7222222222222223,0,52,128,52,56,0,0,0,56,4,16,2.0,96.0,0.0,True,False
288,4 4 18,48,16.0,8,1.25,False,61500,1.7222222222222223,0,52,128,52,56,0,0,0,56,4,16,2.0,96.0,0.0,True,False
288,4 4 18,48,16.0,8,1.25,False,62000,1.7222222222222223,0,52,128,52,56,0,0,0,56,4,16,2.0,96.0,0.0,True,False
288,4 4 18,48,16.0,8,1.25,False,62500,1.7222222222222223,0,52,128,52,56,0,0,0,56,4,16,2.0,96.0,0.0,True,False
288,4 4 18,48,16.0,8,1.25,False,63000,1.7222222222222223,0,52,128,52,56,0,0,0,56,4,16,2.0,96.0,0.0,True,False
288,4 4 18,48,16.0,8,1.25,False,63500,1.7222222222222223,0,52,128,52,56,0,0,0,56,4,16,2.0,96.0,0.0,True,False
288,4 4 18,48,16.0,8,1.25,False,64000,1.7222222222222223,0,52,128,52,56,0,0,0,56,4,16,2.0,96.0,0.0,True,False
288,4 4 18,48,16.0,8,1.25,False,64500,1.7222222222222223,0,52,128,52,56,0,0,0,56,4,16,2.0,96.0,0.0,True,False
288,4 4 18,48,16.0,8,1.25,False,65000,1.7222222222222223,0,52,128,52,56,0,0,0,56,4,16,2.0,96.0,0.0,True,False
288,4 4 18,48,16.0,8,1.25,False,65500,1.7222222222222223,0,52,128,52,56,0,0,0,56,4,16,2.0,96.0,0.0,True,False
288,4 4 18,48,16.0,8,1.25,False,66000,1.7222222222222223,0,52,128,52,56,0,0,0,56,4,16,2.0,96.0,0.0,True,False
288,4 4 18,48,16.0,8,1.25,False,66500,1.7777777777777777,0,42,128,58,60,0,0,0,60,7,28,1.6666666666666667,80.0,0.0,True,False
288,4 4 18,48,16.0,8,1.25,False,67000,1.7777777777777777,0,42,128,58,60,0,0,0,60,7,28,1.6666666666666667,80.0,0.0,True,False
288,4 4 18,48,16.0,8,1.25,False,67500,1.7777777777777777,0,42,128,58,60,0,0,0,60,7,28,1.6666666666666667,80.0,0.0,True,False
288,4 4 18,48,16.0,8,1.25,False,68000,1.7777777777777777,0,42,128,58,60,0,0,0,60,7,28,1.6666666666666667,80.0,0.0,True,False
288,4 4 18,48,16.0,8,1.25,False,68500,1.7777777777777777,0,42,128,58,60,0,0,0,60,7,28,1.6666666666666667,80.0,0.0,True,False
288,4 4 18,48,16.0,8,1.25,False,69000,1.7777777777777777,0,42,128,58,60,0,0,0,60,7,28,1.6666666666666667,80.0,0.0,True,False
288,4 4 18,48,16.0,8,1.25,False,69500,1.7777777777777777,0,42,128,58,60,0,0,0,60,7,28,1.6666666666666667,80.0,0.0,True,False
288,4 4 18,48,16.0,8,1.25,False,70000,1.7777777777777777,0,42,128,58,60,0,0,0,60,7,28,1.6666666666666667,80.0,0.0,True,False
288,4 4 18,48,16.0,8,1.25,False,70500,1.7777777777777777,0,42,128,58,60,0,0,0,60,7,28,1.6666666666666667,80.0,0.0,True,False
288,4 4 18,48,16.0,8,1.25,False,71000,1.7222222222222223,0,52,128,52,56,0,0,0,56,4,16,2.0,96.0,0.0,True,False
288,4 4 18,48,16.0,8,1.25,False,71500,1.7222222222222223,0,52,128,52,56,0,0,0,56,4,16,2.0,96.0,0.0,True,False
288,4 4 18,48,16.0,8,1.25,False,72000,1.7222222222222223,0,52,128,52,56,0,0,0,56,4,16,2.0,96.0,0.0,True,False
288,4 4 18,48,16.0,8,1.25,False,72500,1.7777777777777777,0,42,128,58,60,0,0,0,60,7,28,1.6666666666666667,80.0,0.0,True,False
288,4 4 18,48,16.0,8,1.25,False,73000,1.7777777777777777,0,42,128,58,60,0,0,0,60,7,28,1.6666666666666667,80.0,0.0,True,False
288,4 4 18,48,16.0,8,1.25,False,73500,1.7222222222222223,0,52,128,52,56,0,0,0,56,4,16,2.0,96.0,0.0,True,False
288,4 4 18,48,16.0,8,1.25,False,74000,1.7222222222222223,0,52,128,52,56,0,0,0,56,4,16,2.0,96.0,0.0,True,False
288,4 4 18,48,16.0,8,1.25,False,74500,1.7222222222222223,0,52,128,52,56,0,0,0,56,4,16,2.0,96.0,0.0,True,False
288,4 4 18,48,16.0,8,1.25,False,75000,1.7222222222222223,0,52,128,52,56,0,0,0,56,4,16,2.0,96.0,0.0,True,False
288,4 4 18,48,16.0,8,1.25,False,75500,1.7222222222222223,0,52,128,52,56,0,0,0,56,4,16,2.0,96.0,0.0,True,False
288,4 4 18,48,16.0,8,1.25,False,76000,1.7777777777777777,0,42,128,58,60,0,0,0,60,7,28,1.6666666666666667,80.0,0.0,True,False
288,4 4 18,48,16.0,8,1.25,False,76500,1.7222222222222223,0,52,128,52,56,0,0,0,56,4,16,2.0,96.0,0.0,True,False
288,4 4 18,48,16.0,8,1.25,False,77000,1.7777777777777777,0,42,128,58,60,0,0,0,60,7,28,1.6666666666666667,80.0,0.0,True,False
288,4 4 18,48,16.0,8,1.25,False,77500,1.7777777777777777,0,42,128,58,60,0,0,0,60,7,28,1.6666666666666667,80.0,0.0,True,False
288,4 4 18,48,16.0,8,1.25,False,78000,1.7777777777777777,0,42,128,58,60,0,0,0,60,7,28,1.6666666666666667,80.0,0.0,True,False
288,4 4 18,48,16.0,8,1.25,False,78500,1.7777777777777777,0,42,128,58,60,0,0,0,60,7,28,1.6666666666666667,80.0,0.0,True,False
288,4 4 18,48,16.0,8,1.25,False,79000,1.7222222222222223,0,52,128,52,56,0,0,0,56,4,16,2.0,96.0,0.0,True,False
288,4 4 18,48,16.0,8,1.25,False,79500,1.7222222222222223,0,52,128,52,56,0,0,0,56,4,16,2.0,96.0,0.0,True,False
288,4 4 18,48,16.0,8,1.25,False,80000,1.7222222222222223,0,52,128,52,56,0,0,0,56,4,16,2.0,96.0,0.0,True,False
288,4 4 18,48,16.0,8,1.25,False,80500,1.7222222222222223,0,52,128,52,56,0,0,0,56,4,16,2.0,96.0,0.0,True,False
288,4 4 18,48,16.0,8,1.25,False,81000,1.7222222222222223,0,52,128,52,56,0,0,0,56,4,16,2.0,96.0,0.0,True,False
288,4 4 18,48,16.0,8,1.25,False,81500,1.7222222222222223,0,52,128,52,56,0,0,0,56,4,16,2.0,96.0,0.0,True,False
288,4 4 18,48,16.0,8,1.25,False,82000,1.7222222222222223,0,52,128,52,56,0,0,0,56,4,16,2.0,96.0,0.0,True,False
288,4 4 18,48,16.0,8,1.25,False,82500,1.7222222222222223,0,52,128,52,56,0,0,0,56,4,16,2.0,96.0,0.0,True,False
288,4 4 18,48,16.0,8,1.25,False,83000,1.7222222222222223,0,52,128,52,56,0,0,0,56,4,16,2.0,96.0,0.0,True,False
288,4 4 18,48,16.0,8,1.25,False,83500,1.7222222222222223,0,52,128,52,56,0,0,0,56,4,16,2.0,96.0,0.0,True,False
288,4 4 18,48,16.0,8,1.25,False,84000,1.7222222222222223,0,52,128,52,56,0,0,0,56,4,16,2.0,96.0,0.0,True,False
288,4 4 18,48,16.0,8,1.25,False,84500,1.7222222222222223,0,52,128,52,56,0,0,0,56,4,16,2.0,96.0,0.0,True,False
288,4 4 18,48,16.0,8,1.25,False,85000,1.7222222222222223,0,52,128,52,56,0,0,0,56,4,16,2.0,96.0,0.0,True,False
288,4 4 18,48,16.0,8,1.25,False,85500,1.7222222222222223,0,52,128,52,56,0,0,0,56,4,16,2.0,96.0,0.0,True,False
288,4 4 18,48,16.0,8,1.25,False,86000,1.7222222222222223,0,52,128,52,56,0,0,0,56,4,16,2.0,96.0,0.0,True,False
288,4 4 18,48,16.0,8,1.25,False,86500,1.7222222222222223,0,52,128,52,56,0,0,0,56,4,16,2.0,96.0,0.0,True,False
288,4 4 18,48,16.0,8,1.25,False,87000,1.7222222222222223,0,52,128,52,56,0,0,0,56,4,16,2.0,96.0,0.0,True,False
288,4 4 18,48,16.0,8,1.25,False,87500,1.7222222222222223,0,52,128,52,56,0,0,0,56,4,16,2.0,96.0,0.0,True,False
288,4 4 18,48,16.0,8,1.25,False,88000,1.7222222222222223,0,52,128,52,56,0,0,0,56,4,16,2.0,96.0,0.0,True,False
288,4 4 18,48,16.0,8,1.25,False,88500,1.7222222222222223,0,52,128,52,56,0,0,0,56,4,16,2.0,96.0,0.0,True,False
288,4 4 18,48,16.0,8,1.25,False,89000,1.7222222222222223,0,52,128,52,56,0,0,0,56,4,16,2.0,96.0,0.0,True,False
288,4 4 18,48,16.0,8,1.25,False,89500,1.7222222222222223,0,52,128,52,56,0,0,0,56,4,16,2.0,96.0,0.0,True,False
288,4 4 18,48,16.0,8,1.25,False,90000,1.7222222222222223,0,52,128,52,56,0,0,0,56,4,16,2.0,96.0,0.0,True,False
288,4 4 18,48,16.0,8,1.25,False,90500,1.7222222222222223,0,52,128,52,56,0,0,0,56,4,16,2.0,96.0,0.0,True,False
288,4 4 18,48,16.0,8,1.25,False,91000,1.7222222222222223,0,52,128,52,56,0,0,0,56,4,16,2.0,96.0,0.0,True,False
288,4 4 18,48,16.0,8,1.25,False,91500,1.7222222222222223,0,52,128,52,56,0,0,0,56,4,16,2.0,96.0,0.0,True,False
288,4 4 18,48,16.0,8,1.25,False,92000,1.7222222222222223,0,52,128,52,56,0,0,0,56,4,16,2.0,96.0,0.0,True,False
288,4 4 18,48,16.0,8,1.25,False,92500,1.7222222222222223,0,52,128,52,56,0,0,0,56,4,16,2.0,96.0,0.0,True,False
288,4 4 18,48,16.0,8,1.25,False,93000,1.7222222222222223,0,52,128,52,56,0,0,0,56,4,16,2.0,96.0,0.0,True,False
288,4 4 18,48,16.0,8,1.25,False,93500,1.7222222222222223,0,52,128,52,56,0,0,0,56,4,16,2.0,96.0,0.0,True,False
288,4 4 18,48,16.0,8,1.25,False,94000,1.7777777777777777,0,42,128,58,60,0,0,0,60,7,28,1.6666666666666667,80.0,0.0,True,False
288,4 4 18,48,16.0,8,1.25,False,94500,1.7222222222222223,0,52,128,52,56,0,0,0,56,4,16,2.0,96.0,0.0,True,False
288,4 4 18,48,16.0,8,1.25,False,95000,1.7222222222222223,0,52,128,52,56,0,0,0,56,4,16,2.0,96.0,0.0,True,False
288,4 4 18,48,16.0,8,1.25,False,95500,1.7222222222222223,0,52,128,52,56,0,0,0,56,4,16,2.0,96.0,0.0,True,False
288,4 4 18,48,16.0,8,1.25,False,96000,1.7222222222222223,0,52,128,52,56,0,0,0,56,4,16,2.0,96.0,0.0,True,False
288,4 4 18,48,16.0,8,1.25,False,96500,1.7222222222222223,0,52,128,52,56,0,0,0,56,4,16,2.0,96.0,0.0,True,False
288,4 4 18,48,16.0,8,1.25,False,97000,1.7777777777777777,0,42,128,58,60,0,0,0,60,7,28,1.6666666666666667,80.0,0.0,True,False
288,4 4 18,48,16.0,8,1.25,False,97500,1.7777777777777777,0,42,128,58,60,0,0,0,60,7,28,1.6666666666666667,80.0,0.0,True,False
288,4 4 18,48,16.0,8,1.25,False,98000,1.7777777777777777,0,42,128,58,60,0,0,0,60,7,28,1.6666666666666667,80.0,0.0,True,False
288,4 4 18,48,16.0,8,1.25,False,98500,1.7222222222222223,0,52,128,52,56,0,0,0,56,4,16,2.0,96.0,0.0,True,False
288,4 4 18,48,16.0,8,1.25,False,99000,1.7222222222222223,0,52,128,52,56,0,0,0,56,4,16,2.0,96.0,0.0,True,False
288,4 4 18,48,16.0,8,1.25,False,99500,1.7222222222222223,0,52,128,52,56,0,0,0,56,4,16,2.0,96.0,0.0,True,False
288,4 4 18,48,16.0,8,1.25,False,100000,1.7222222222222223,0,52,128,52,56,0,0,0,56,4,16,2.0,96.0,0.0,True,False
288,4 4 18,48,16.0,8,1.25,False,100500,1.7222222222222223,0,52,128,52,56,0,0,0,56,4,16,2.0,96.0,0.0,True,False
288,4 4 18,48,16.0,8,1.25,False,101000,1.7222222222222223,0,52,128,52,56,0,0,0,56,4,16,2.0,96.0,0.0,True,False
288,4 4 18,48,16.0,8,1.25,False,101500,1.7222222222222223,0,52,128,52,56,0,0,0,56,4,16,2.0,96.0,0.0,True,False
288,4 4 18,48,16.0,8,1.25,False,102000,1.7222222222222223,0,52,128,52,56,0,0,0,56,4,16,2.0,96.0,0.0,True,False
288,4 4 18,48,16.0,8,1.25,False,102500,1.7222222222222223,0,52,128,52,56,0,0,0,56,4,16,2.0,96.0,0.0,True,False
288,4 4 18,48,16.0,8,1.25,False,103000,1.7222222222222223,0,52,128,52,56,0,0,0,56,4,16,2.0,96.0,0.0,True,False
288,4 4 18,48,16.0,8,1.25,False,103500,1.7222222222222223,0,52,128,52,56,0,0,0,56,4,16,2.0,96.0,0.0,True,False
288,4 4 18,48,16.0,8,1.25,False,104000,1.7222222222222223,0,52,128,52,56,0,0,0,56,4,16,2.0,96.0,0.0,True,False
288,4 4 18,48,16.0,8,1.25,False,104500,1.7222222222222223,0,52,128,52,56,0,0,0,56,4,16,2.0,96.0,0.0,True,False
288,4 4 18,48,16.0,8,1.25,False,105000,1.7222222222222223,0,52,128,52,56,0,0,0,56,4,16,2.0,96.0,0.0,True,False
288,4 4 18,48,16.0,8,1.25,False,105500,1.7222222222222223,0,52,128,52,56,0,0,0,56,4,16,2.0,96.0,0.0,True,False
288,4 4 18,48,16.0,8,1.25,False,106000,1.7222222222222223,0,52,128,52,56,0,0,0,56,4,16,2.0,96.0,0.0,True,False
288,4 4 18,48,16.0,8,1.25,False,106500,1.7222222222222223,0,52,128,52,56,0,0,0,56,4,16,2.0,96.0,0.0,True,False
288,4 4 18,48,16.0,8,1.25,False,107000,1.7222222222222223,0,52,128,52,56,0,0,0,56,4,16,2.0,96.0,0.0,True,False
288,4 4 18,48,16.0,8,1.25,False,107500,1.7222222222222223,0,52,128,52,56,0,0,0,56,4,16,2.0,96.0,0.0,True,False
288,4 4 18,48,16.0,8,1.25,False,108000,1.7222222222222223,0,52,128,52,56,0,0,0,56,4,16,2.0,96.0,0.0,True,False
288,4 4 18,48,16.0,8,1.25,False,108500,1.7222222222222223,0,52,128,52,56,0,0,0,56,4,16,2.0,96.0,0.0,True,False
288,4 4 18,48,16.0,8,1.25,False,109000,1.7222222222222223,0,52,128,52,56,0,0,0,56,4,16,2.0,96.0,0.0,True,False
288,4 4 18,48,16.0,8,1.25,False,109500,1.7222222222222223,0,52,128,52,56,0,0,0,56,4,16,2.0,96.0,0.0,True,False
288,4 4 18,48,16.0,8,1.25,False,110000,1.7222222222222223,0,52,128,52,56,0,0,0,56,4,16,2.0,96.0,0.0,True,False
288,4 4 18,48,16.0,8,1.25,False,110500,1.7222222222222223,0,52,128,52,56,0,0,0,56,4,16,2.0,96.0,0.0,True,False
288,4 4 18,48,16.0,8,1.25,False,111000,1.7222222222222223,0,52,128,52,56,0,0,0,56,4,16,2.0,96.0,0.0,True,False
288,4 4 18,48,16.0,8,1.25,False,111500,1.7222222222222223,0,52,128,52,56,0,0,0,56,4,16,2.0,96.0,0.0,True,False
288,4 4 18,48,16.0,8,1.25,False,112000,1.7222222222222223,0,52,128,52,56,0,0,0,56,4,16,2.0,96.0,0.0,True,False
288,4 4 18,48,16.0,8,1.25,False,112500,1.7222222222222223,0,52,128,52,56,0,0,0,56,4,16,2.0,96.0,0.0,True,False
288,4 4 18,48,16.0,8,1.25,False,113000,1.7222222222222223,0,52,128,52,56,0,0,0,56,4,16,2.0,96.0,0.0,True,False
288,4 4 18,48,16.0,8,1.25,False,113500,1.7222222222222223,0,52,128,52,56,0,0,0,56,4,16,2.0,96.0,0.0,True,False
288,4 4 18,48,16.0,8,1.25,False,114000,1.7222222222222223,0,52,128,52,56,0,0,0,56,4,16,2.0,96.0,0.0,True,False
288,4 4 18,48,16.0,8,1.25,False,114500,1.7222222222222223,0,52,128,52,56,0,0,0,56,4,16,2.0,96.0,0.0,True,False
288,4 4 18,48,16.0,8,1.25,False,115000,1.7222222222222223,0,52,128,52,56,0,0,0,56,4,16,2.0,96.0,0.0,True,False
288,4 4 18,48,16.0,8,1.25,False,115500,1.7222222222222223,0,52,128,52,56,0,0,0,56,4,16,2.0,96.0,0.0,True,False
288,4 4 18,48,16.0,8,1.25,False,116000,1.7222222222222223,0,52,128,52,56,0,0,0,56,4,16,2.0,96.0,0.0,True,False
288,4 4 18,48,16.0,8,1.25,False,116500,1.7222222222222223,0,52,128,52,56,0,0,0,56,4,16,2.0,96.0,0.0,True,False
288,4 4 18,48,16.0,8,1.25,False,117000,1.7777777777777777,0,42,128,58,60,0,0,0,60,7,28,1.6666666666666667,80.0,0.0,True,False
288,4 4 18,48,16.0,8,1.25,False,117500,1.7777777777777777,0,42,128,58,60,0,0,0,60,7,28,1.6666666666666667,80.0,0.0,True,False
288,4 4 18,48,16.0,8,1.25,False,118000,1.7222222222222223,0,52,128,52,56,0,0,0,56,4,16,2.0,96.0,0.0,True,False
288,4 4 18,48,16.0,8,1.25,False,118500,1.7222222222222223,0,52,128,52,56,0,0,0,56,4,16,2.0,96.0,0.0,True,False
288,4 4 18,48,16.0,8,1.25,False,119000,1.7222222222222223,0,52,128,52,56,0,0,0,56,4,16,2.0,96.0,0.0,True,False
288,4 4 18,48,16.0,8,1.25,False,119500,1.7777777777777777,0,42,128,58,60,0,0,0,60,7,28,1.6666666666666667,80.0,0.0,True,False
288,4 4 18,48,16.0,8,1.25,False,120000,1.7777777777777777,0,42,128,58,60,0,0,0,60,7,28,1.6666666666666667,80.0,0.0,True,False
288,4 4 18,48,16.0,8,1.25,False,120500,1.7777777777777777,0,42,128,58,60,0,0,0,60,7,28,1.6666666666666667,80.0,0.0,True,False
288,4 4 18,48,16.0,8,1.25,False,121000,1.7222222222222223,0,52,128,52,56,0,0,0,56,4,16,2.0,96.0,0.0,True,False
288,4 4 18,48,16.0,8,1.25,False,121500,1.7222222222222223,0,52,128,52,56,0,0,0,56,4,16,2.0,96.0,0.0,True,False
288,4 4 18,48,16.0,8,1.25,False,122000,1.7222222222222223,0,52,128,52,56,0,0,0,56,4,16,2.0,96.0,0.0,True,False
288,4 4 18,48,16.0,8,1.25,False,122500,1.7222222222222223,0,52,128,52,56,0,0,0,56,4,16,2.0,96.0,0.0,True,False
288,4 4 18,48,16.0,8,1.25,False,123000,1.7222222222222223,0,52,128,52,56,0,0,0,56,4,16,2.0,96.0,0.0,True,False
288,4 4 18,48,16.0,8,1.25,False,123500,1.7222222222222223,0,52,128,52,56,0,0,0,56,4,16,2.0,96.0,0.0,True,False
288,4 4 18,48,16.0,8,1.25,False,124000,1.7222222222222223,0,52,128,52,56,0,0,0,56,4,16,2.0,96.0,0.0,True,False
288,4 4 18,48,16.0,8,1.25,False,124500,1.7222222222222223,0,52,128,52,56,0,0,0,56,4,16,2.0,96.0,0.0,True,False
288,4 4 18,48,16.0,8,1.25,False,125000,1.7222222222222223,0,52,128,52,56,0,0,0,56,4,16,2.0,96.0,0.0,True,False
288,4 4 18,48,16.0,8,1.25,False,125500,1.7222222222222223,0,52,128,52,56,0,0,0,56,4,16,2.0,96.0,0.0,True,False
288,4 4 18,48,16.0,8,1.25,False,126000,1.7222222222222223,0,52,128,52,56,0,0,0,56,4,16,2.0,96.0,0.0,True,False
288,4 4 18,48,16.0,8,1.25,False,126500,1.7222222222222223,0,52,128,52,56,0,0,0,56,4,16,2.0,96.0,0.0,True,False
288,4 4 18,48,16.0,8,1.25,False,127000,1.7222222222222223,0,52,128,52,56,0,0,0,56,4,16,2.0,96.0,0.0,True,False
288,4 4 18,48,16.0,8,1.25,False,127500,1.7222222222222223,0,52,128,52,56,0,0,0,56,4,16,2.0,96.0,0.0,True,False
288,4 4 18,48,16.0,8,1.25,False,128000,1.7222222222222223,0,52,128,52,56,0,0,0,56,4,16,2.0,96.0,0.0,True,False
288,4 4 18,48,16.0,8,1.25,False,128500,1.7222222222222223,0,52,128,52,56,0,0,0,56,4,16,2.0,96.0,0.0,True,False
288,4 4 18,48,16.0,8,1.25,False,129000,1.7222222222222223,0,52,128,52,56,0,0,0,56,4,16,2.0,96.0,0.0,True,False
288,4 4 18,48,16.0,8,1.25,False,129500,1.7222222222222223,0,52,128,52,56,0,0,0,56,4,16,2.0,96.0,0.0,True,False
288,4 4 18,48,16.0,8,1.25,False,130000,1.7222222222222223,0,52,128,52,56,0,0,0,56,4,16,2.0,96.0,0.0,True,False
288,4 4 18,48,16.0,8,1.25,False,130500,1.7222222222222223,0,52,128,52,56,0,0,0,56,4,16,2.0,96.0,0.0,True,False
288,4 4 18,48,16.0,8,1.25,False,131000,1.7222222222222223,0,52,128,52,56,0,0,0,56,4,16,2.0,96.0,0.0,True,False
288,4 4 18,48,16.0,8,1.25,False,131500,1.7222222222222223,0,52,128,52,56,0,0,0,56,4,16,2.0,96.0,0.0,True,False
288,4 4 18,48,16.0,8,1.25,False,132000,1.7222222222222223,0,52,128,52,56,0,0,0,56,4,16,2.0,96.0,0.0,True,False
288,4 4 18,48,16.0,8,1.25,False,132500,1.7222222222222223,0,52,128,52,56,0,0,0,56,4,16,2.0,96.0,0.0,True,False
288,4 4 18,48,16.0,8,1.25,False,133000,1.7222222222222223,0,52,128,52,56,0,0,0,56,4,16,2.0,96.0,0.0,True,False
288,4 4 18,48,16.0,8,1.25,False,133500,1.7222222222222223,0,52,128,52,56,0,0,0,56,4,16,2.0,96.0,0.0,True,False
288,4 4 18,48,16.0,8,1.25,False,134000,1.7222222222222223,0,52,128,52,56,0,0,0,56,4,16,2.0,96.0,0.0,True,False
288,4 4 18,48,16.0,8,1.25,False,134500,1.7222222222222223,0,52,128,52,56,0,0,0,56,4,16,2.0,96.0,0.0,True,False
288,4 4 18,48,16.0,8,1.25,False,135000,1.7777777777777777,0,42,128,58,60,0,0,0,60,7,28,1.6666666666666667,80.0,0.0,True,False
288,4 4 18,48,16.0,8,1.25,False,135500,1.7222222222222223,0,52,128,52,56,0,0,0,56,4,16,2.0,96.0,0.0,True,False
288,4 4 18,48,16.0,8,1.25,False,136000,1.7222222222222223,0,52,128,52,56,0,0,0,56,4,16,2.0,96.0,0.0,True,False
288,4 4 18,48,16.0,8,1.25,False,136500,1.7222222222222223,0,52,128,52,56,0,0,0,56,4,16,2.0,96.0,0.0,True,False
288,4 4 18,48,16.0,8,1.25,False,137000,1.7222222222222223,0,52,128,52,56,0,0,0,56,4,16,2.0,96.0,0.0,True,False
288,4 4 18,48,16.0,8,1.25,False,137500,1.7222222222222223,0,52,128,52,56,0,0,0,56,4,16,2.0,96.0,0.0,True,False
288,4 4 18,48,16.0,8,1.25,False,138000,1.7222222222222223,0,52,128,52,56,0,0,0,56,4,16,2.0,96.0,0.0,True,False
288,4 4 18,48,16.0,8,1.25,False,138500,1.7777777777777777,0,42,128,58,60,0,0,0,60,7,28,1.6666666666666667,80.0,0.0,True,False
288,4 4 18,48,16.0,8,1.25,False,139000,1.7222222222222223,0,52,128,52,56,0,0,0,56,4,16,2.0,96.0,0.0,True,False
288,4 4 18,48,16.0,8,1.25,False,139500,1.7222222222222223,0,52,128,52,56,0,0,0,56,4,16,2.0,96.0,0.0,True,False
288,4 4 18,48,16.0,8,1.25,False,140000,1.7222222222222223,0,52,128,52,56,0,0,0,56,4,16,2.0,96.0,0.0,True,False
288,4 4 18,48,16.0,8,1.25,False,140500,1.7222222222222223,0,52,128,52,56,0,0,0,56,4,16,2.0,96.0,0.0,True,False
288,4 4 18,48,16.0,8,1.25,False,141000,1.7222222222222223,0,52,128,52,56,0,0,0,56,4,16,2.0,96.0,0.0,True,False
288,4 4 18,48,16.0,8,1.25,False,141500,1.7222222222222223,0,52,128,52,56,0,0,0,56,4,16,2.0,96.0,0.0,True,False
288,4 4 18,48,16.0,8,1.25,False,142000,1.7222222222222223,0,52,128,52,56,0,0,0,56,4,16,2.0,96.0,0.0,True,False
288,4 4 18,48,16.0,8,1.25,False,142500,1.7222222222222223,0,52,128,52,56,0,0,0,56,4,16,2.0,96.0,0.0,True,False
288,4 4 18,48,16.0,8,1.25,False,143000,1.7222222222222223,0,52,128,52,56,0,0,0,56,4,16,2.0,96.0,0.0,True,False
288,4 4 18,48,16.0,8,1.25,False,143500,1.7222222222222223,0,52,128,52,56,0,0,0,56,4,16,2.0,96.0,0.0,True,False
288,4 4 18,48,16.0,8,1.25,False,144000,1.7222222222222223,0,52,128,52,56,0,0,0,56,4,16,2.0,96.0,0.0,True,False
288,4 4 18,48,16.0,8,1.25,False,144500,1.7222222222222223,0,52,128,52,56,0,0,0,56,4,16,2.0,96.0,0.0,True,False
288,4 4 18,48,16.0,8,1.25,False,145000,1.7222222222222223,0,52,128,52,56,0,0,0,56,4,16,2.0,96.0,0.0,True,False
288,4 4 18,48,16.0,8,1.25,False,145500,1.7777777777777777,0,42,128,58,60,0,0,0,60,7,28,1.6666666666666667,80.0,0.0,True,False
288,4 4 18,48,16.0,8,1.25,False,146000,1.7777777777777777,0,42,128,58,60,0,0,0,60,7,28,1.6666666666666667,80.0,0.0,True,False
288,4 4 18,48,16.0,8,1.25,False,146500,1.7777777777777777,0,42,128,58,60,0,0,0,60,7,28,1.6666666666666667,80.0,0.0,True,False
288,4 4 18,48,16.0,8,1.25,False,147000,1.7222222222222223,0,52,128,52,56,0,0,0,56,4,16,2.0,96.0,0.0,True,False
288,4 4 18,48,16.0,8,1.25,False,147500,1.7222222222222223,0,52,128,52,56,0,0,0,56,4,16,2.0,96.0,0.0,True,False
288,4 4 18,48,16.0,8,1.25,False,148000,1.7222222222222223,0,52,128,52,56,0,0,0,56,4,16,2.0,96.0,0.0,True,False
288,4 4 18,48,16.0,8,1.25,False,148500,1.7222222222222223,0,52,128,52,56,0,0,0,56,4,16,2.0,96.0,0.0,True,False
288,4 4 18,48,16.0,8,1.25,False,149000,1.7222222222222223,0,52,128,52,56,0,0,0,56,4,16,2.0,96.0,0.0,True,False
288,4 4 18,48,16.0,8,1.25,False,149500,1.7222222222222223,0,52,128,52,56,0,0,0,56,4,16,2.0,96.0,0.0,True,False
288,4 4 18,48,16.0,8,1.25,False,150000,1.7222222222222223,0,52,128,52,56,0,0,0,56,4,16,2.0,96.0,0.0,True,False
288,4 4 18,48,16.0,8,1.25,False,150500,1.7222222222222223,0,52,128,52,56,0,0,0,56,4,16,2.0,96.0,0.0,True,False
288,4 4 18,48,16.0,8,1.25,False,151000,1.7222222222222223,0,52,128,52,56,0,0,0,56,4,16,2.0,96.0,0.0,True,False
288,4 4 18,48,16.0,8,1.25,False,151500,1.7222222222222223,0,52,128,52,56,0,0,0,56,4,16,2.0,96.0,0.0,True,False
288,4 4 18,48,16.0,8,1.25,False,152000,1.7222222222222223,0,52,128,52,56,0,0,0,56,4,16,2.0,96.0,0.0,True,False
288,4 4 18,48,16.0,8,1.25,False,152500,1.7222222222222223,0,52,128,52,56,0,0,0,56,4,16,2.0,96.0,0.0,True,False
288,4 4 18,48,16.0,8,1.25,False,153000,1.7222222222222223,0,52,128,52,56,0,0,0,56,4,16,2.0,96.0,0.0,True,False
288,4 4 18,48,16.0,8,1.25,False,153500,1.7222222222222223,0,52,128,52,56,0,0,0,56,4,16,2.0,96.0,0.0,True,False
288,4 4 18,48,16.0,8,1.25,False,154000,1.7222222222222223,0,52,128,52,56,0,0,0,56,4,16,2.0,96.0,0.0,True,False
288,4 4 18,48,16.0,8,1.25,False,154500,1.7222222222222223,0,52,128,52,56,0,0,0,56,4,16,2.0,96.0,0.0,True,False
288,4 4 18,48,16.0,8,1.25,False,155000,1.7222222222222223,0,52,128,52,56,0,0,0,56,4,16,2.0,96.0,0.0,True,False
288,4 4 18,48,16.0,8,1.25,False,155500,1.7222222222222223,0,52,128,52,56,0,0,0,56,4,16,2.0,96.0,0.0,True,False
288,4 4 18,48,16.0,8,1.25,False,156000,1.7222222222222223,0,52,128,52,56,0,0,0,56,4,16,2.0,96.0,0.0,True,False
288,4 4 18,48,16.0,8,1.25,False,156500,1.7222222222222223,0,52,128,52,56,0,0,0,56,4,16,2.0,96.0,0.0,True,False
288,4 4 18,48,16.0,8,1.25,False,157000,1.7222222222222223,0,52,128,52,56,0,0,0,56,4,16,2.0,96.0,0.0,True,False
288,4 4 18,48,16.0,8,1.25,False,157500,1.7222222222222223,0,52,128,52,56,0,0,0,56,4,16,2.0,96.0,0.0,True,False
288,4 4 18,48,16.0,8,1.25,False,158000,1.7222222222222223,0,52,128,52,56,0,0,0,56,4,16,2.0,96.0,0.0,True,False
288,4 4 18,48,16.0,8,1.25,False,158500,1.7222222222222223,0,52,128,52,56,0,0,0,56,4,16,2.0,96.0,0.0,True,False
288,4 4 18,48,16.0,8,1.25,False,159000,1.7222222222222223,0,52,128,52,56,0,0,0,56,4,16,2.0,96.0,0.0,True,False
288,4 4 18,48,16.0,8,1.25,False,159500,1.7777777777777777,0,42,128,58,60,0,0,0,60,7,28,1.6666666666666667,80.0,0.0,True,False
288,4 4 18,48,16.0,8,1.25,False,160000,1.7222222222222223,0,52,128,52,56,0,0,0,56,4,16,2.0,96.0,0.0,True,False
288,4 4 18,48,16.0,8,1.25,False,160500,1.7222222222222223,0,52,128,52,56,0,0,0,56,4,16,2.0,96.0,0.0,True,False
288,4 4 18,48,16.0,8,1.25,False,161000,1.7222222222222223,0,52,128,52,56,0,0,0,56,4,16,2.0,96.0,0.0,True,False
288,4 4 18,48,16.0,8,1.25,False,161500,1.7222222222222223,0,52,128,52,56,0,0,0,56,4,16,2.0,96.0,0.0,True,False
288,4 4 18,48,16.0,8,1.25,False,162000,1.7222222222222223,0,52,128,52,56,0,0,0,56,4,16,2.0,96.0,0.0,True,False
288,4 4 18,48,16.0,8,1.25,False,162500,1.7222222222222223,0,52,128,52,56,0,0,0,56,4,16,2.0,96.0,0.0,True,False
288,4 4 18,48,16.0,8,1.25,False,163000,1.7222222222222223,0,52,128,52,56,0,0,0,56,4,16,2.0,96.0,0.0,True,False
288,4 4 18,48,16.0,8,1.25,False,163500,1.7222222222222223,0,52,128,52,56,0,0,0,56,4,16,2.0,96.0,0.0,True,False
288,4 4 18,48,16.0,8,1.25,False,164000,1.7222222222222223,0,52,128,52,56,0,0,0,56,4,16,2.0,96.0,0.0,True,False
288,4 4 18,48,16.0,8,1.25,False,164500,1.7222222222222223,0,52,128,52,56,0,0,0,56,4,16,2.0,96.0,0.0,True,False
288,4 4 18,48,16.0,8,1.25,False,165000,1.7222222222222223,0,52,128,52,56,0,0,0,56,4,16,2.0,96.0,0.0,True,False
288,4 4 18,48,16.0,8,1.25,False,165500,1.7222222222222223,0,52,128,52,56,0,0,0,56,4,16,2.0,96.0,0.0,True,False
288,4 4 18,48,16.0,8,1.25,False,166000,1.7222222222222223,0,52,128,52,56,0,0,0,56,4,16,2.0,96.0,0.0,True,False
288,4 4 18,48,16.0,8,1.25,False,166500,1.7222222222222223,0,52,128,52,56,0,0,0,56,4,16,2.0,96.0,0.0,True,False
288,4 4 18,48,16.0,8,1.25,False,167000,1.7222222222222223,0,52,128,52,56,0,0,0,56,4,16,2.0,96.0,0.0,True,False
288,4 4 18,48,16.0,8,1.25,False,167500,1.7222222222222223,0,52,128,52,56,0,0,0,56,4,16,2.0,96.0,0.0,True,False
288,4 4 18,48,16.0,8,1.25,False,168000,1.7222222222222223,0,52,128,52,56,0,0,0,56,4,16,2.0,96.0,0.0,True,False
288,4 4 18,48,16.0,8,1.25,False,168500,1.7222222222222223,0,52,128,52,56,0,0,0,56,4,16,2.0,96.0,0.0,True,False
288,4 4 18,48,16.0,8,1.25,False,169000,1.7222222222222223,0,52,128,52,56,0,0,0,56,4,16,2.0,96.0,0.0,True,False
288,4 4 18,48,16.0,8,1.25,False,169500,1.7222222222222223,0,52,128,52,56,0,0,0,56,4,16,2.0,96.0,0.0,True,False
288,4 4 18,48,16.0,8,1.25,False,170000,1.7222222222222223,0,52,128,52,56,0,0,0,56,4,16,2.0,96.0,0.0,True,False
288,4 4 18,48,16.0,8,1.25,False,170500,1.7222222222222223,0,52,128,52,56,0,0,0,56,4,16,2.0,96.0,0.0,True,False
288,4 4 18,48,16.0,8,1.25,False,171000,1.7222222222222223,0,52,128,52,56,0,0,0,56,4,16,2.0,96.0,0.0,True,False
288,4 4 18,48,16.0,8,1.25,False,171500,1.7222222222222223,0,52,128,52,56,0,0,0,56,4,16,2.0,96.0,0.0,True,False
288,4 4 18,48,16.0,8,1.25,False,172000,1.7222222222222223,0,52,128,52,56,0,0,0,56,4,16,2.0,96.0,0.0,True,False
288,4 4 18,48,16.0,8,1.25,False,172500,1.7222222222222223,0,52,128,52,56,0,0,0,56,4,16,2.0,96.0,0.0,True,False
288,4 4 18,48,16.0,8,1.25,False,173000,1.7222222222222223,0,52,128,52,56,0,0,0,56,4,16,2.0,96.0,0.0,True,False
288,4 4 18,48,16.0,8,1.25,False,173500,1.7222222222222223,0,52,128,52,56,0,0,0,56,4,16,2.0,96.0,0.0,True,False
288,4 4 18,48,16.0,8,1.25,False,174000,1.7222222222222223,0,52,128,52,56,0,0,0,56,4,16,2.0,96.0,0.0,True,False
288,4 4 18,48,16.0,8,1.25,False,174500,1.7222222222222223,0,52,128,52,56,0,0,0,56,4,16,2.0,96.0,0.0,True,False
288,4 4 18,48,16.0,8,1.25,False,175000,1.7222222222222223,0,52,128,52,56,0,0,0,56,4,16,2.0,96.0,0.0,True,False
288,4 4 18,48,16.0,8,1.25,False,175500,1.7777777777777777,0,42,128,58,60,0,0,0,60,7,28,1.6666666666666667,80.0,0.0,True,False
288,4 4 18,48,16.0,8,1.25,False,176000,1.7777777777777777,0,42,128,58,60,0,0,0,60,7,28,1.6666666666666667,80.0,0.0,True,False
288,4 4 18,48,16.0,8,1.25,False,176500,1.7777777777777777,0,42,128,58,60,0,0,0,60,7,28,1.6666666666666667,80.0,0.0,True,False
288,4 4 18,48,16.0,8,1.25,False,177000,1.7777777777777777,0,42,128,58,60,0,0,0,60,7,28,1.6666666666666667,80.0,0.0,True,False
288,4 4 18,48,16.0,8,1.25,False,177500,1.7777777777777777,0,42,128,58,60,0,0,0,60,7,28,1.6666666666666667,80.0,0.0,True,False
288,4 4 18,48,16.0,8,1.25,False,178000,1.7222222222222223,0,52,128,52,56,0,0,0,56,4,16,2.0,96.0,0.0,True,False
288,4 4 18,48,16.0,8,1.25,False,178500,1.7222222222222223,0,52,128,52,56,0,0,0,56,4,16,2.0,96.0,0.0,True,False
288,4 4 18,48,16.0,8,1.25,False,179000,1.7222222222222223,0,52,128,52,56,0,0,0,56,4,16,2.0,96.0,0.0,True,False
288,4 4 18,48,16.0,8,1.25,False,179500,1.7222222222222223,0,52,128,52,56,0,0,0,56,4,16,2.0,96.0,0.0,True,False
288,4 4 18,48,16.0,8,1.25,False,180000,1.7222222222222223,0,52,128,52,56,0,0,0,56,4,16,2.0,96.0,0.0,True,False
288,4 4 18,48,16.0,8,1.25,False,180500,1.7222222222222223,0,52,128,52,56,0,0,0,56,4,16,2.0,96.0,0.0,True,False
288,4 4 18,48,16.0,8,1.25,False,181000,1.7222222222222223,0,52,128,52,56,0,0,0,56,4,16,2.0,96.0,0.0,True,False
288,4 4 18,48,16.0,8,1.25,False,181500,1.7222222222222223,0,52,128,52,56,0,0,0,56,4,16,2.0,96.0,0.0,True,False
288,4 4 18,48,16.0,8,1.25,False,182000,1.7222222222222223,0,52,128,52,56,0,0,0,56,4,16,2.0,96.0,0.0,True,False
288,4 4 18,48,16.0,8,1.25,False,182500,1.7222222222222223,0,52,128,52,56,0,0,0,56,4,16,2.0,96.0,0.0,True,False
288,4 4 18,48,16.0,8,1.25,False,183000,1.7222222222222223,0,52,128,52,56,0,0,0,56,4,16,2.0,96.0,0.0,True,False
288,4 4 18,48,16.0,8,1.25,False,183500,1.7222222222222223,0,52,128,52,56,0,0,0,56,4,16,2.0,96.0,0.0,True,False
288,4 4 18,48,16.0,8,1.25,False,184000,1.7222222222222223,0,52,128,52,56,0,0,0,56,4,16,2.0,96.0,0.0,True,False
288,4 4 18,48,16.0,8,1.25,False,184500,1.7222222222222223,0,52,128,52,56,0,0,0,56,4,16,2.0,96.0,0.0,True,False
288,4 4 18,48,16.0,8,1.25,False,185000,1.7222222222222223,0,52,128,52,56,0,0,0,56,4,16,2.0,96.0,0.0,True,False
288,4 4 18,48,16.0,8,1.25,False,185500,1.7222222222222223,0,52,128,52,56,0,0,0,56,4,16,2.0,96.0,0.0,True,False
288,4 4 18,48,16.0,8,1.25,False,186000,1.7222222222222223,0,52,128,52,56,0,0,0,56,4,16,2.0,96.0,0.0,True,False
288,4 4 18,48,16.0,8,1.25,False,186500,1.7222222222222223,0,52,128,52,56,0,0,0,56,4,16,2.0,96.0,0.0,True,False
288,4 4 18,48,16.0,8,1.25,False,187000,1.7222222222222223,0,52,128,52,56,0,0,0,56,4,16,2.0,96.0,0.0,True,False
288,4 4 18,48,16.0,8,1.25,False,187500,1.7222222222222223,0,52,128,52,56,0,0,0,56,4,16,2.0,96.0,0.0,True,False
288,4 4 18,48,16.0,8,1.25,False,188000,1.7222222222222223,0,52,128,52,56,0,0,0,56,4,16,2.0,96.0,0.0,True,False
288,4 4 18,48,16.0,8,1.25,False,188500,1.7222222222222223,0,52,128,52,56,0,0,0,56,4,16,2.0,96.0,0.0,True,False
288,4 4 18,48,16.0,8,1.25,False,189000,1.7222222222222223,0,52,128,52,56,0,0,0,56,4,16,2.0,96.0,0.0,True,False
288,4 4 18,48,16.0,8,1.25,False,189500,1.7222222222222223,0,52,128,52,56,0,0,0,56,4,16,2.0,96.0,0.0,True,False
288,4 4 18,48,16.0,8,1.25,False,190000,1.7222222222222223,0,52,128,52,56,0,0,0,56,4,16,2.0,96.0,0.0,True,False
288,4 4 18,48,16.0,8,1.25,False,190500,1.7222222222222223,0,52,128,52,56,0,0,0,56,4,16,2.0,96.0,0.0,True,False
288,4 4 18,48,16.0,8,1.25,False,191000,1.7222222222222223,0,52,128,52,56,0,0,0,56,4,16,2.0,96.0,0.0,True,False
288,4 4 18,48,16.0,8,1.25,False,191500,1.7222222222222223,0,52,128,52,56,0,0,0,56,4,16,2.0,96.0,0.0,True,False
288,4 4 18,48,16.0,8,1.25,False,192000,1.7222222222222223,0,52,128,52,56,0,0,0,56,4,16,2.0,96.0,0.0,True,False
288,4 4 18,48,16.0,8,1.25,False,192500,1.7222222222222223,0,52,128,52,56,0,0,0,56,4,16,2.0,96.0,0.0,True,False
288,4 4 18,48,16.0,8,1.25,False,193000,1.7222222222222223,0,52,128,52,56,0,0,0,56,4,16,2.0,96.0,0.0,True,False
288,4 4 18,48,16.0,8,1.25,False,193500,1.7222222222222223,0,52,128,52,56,0,0,0,56,4,16,2.0,96.0,0.0,True,False
288,4 4 18,48,16.0,8,1.25,False,194000,1.7222222222222223,0,52,128,52,56,0,0,0,56,4,16,2.0,96.0,0.0,True,False
288,4 4 18,48,16.0,8,1.25,False,194500,1.7222222222222223,0,52,128,52,56,0,0,0,56,4,16,2.0,96.0,0.0,True,False
288,4 4 18,48,16.0,8,1.25,False,195000,1.7222222222222223,0,52,128,52,56,0,0,0,56,4,16,2.0,96.0,0.0,True,False
288,4 4 18,48,16.0,8,1.25,False,195500,1.7222222222222223,0,52,128,52,56,0,0,0,56,4,16,2.0,96.0,0.0,True,False
288,4 4 18,48,16.0,8,1.25,False,196000,1.7222222222222223,0,52,128,52,56,0,0,0,56,4,16,2.0,96.0,0.0,True,False
288,4 4 18,48,16.0,8,1.25,False,196500,1.7222222222222223,0,52,128,52,56,0,0,0,56,4,16,2.0,96.0,0.0,True,False
288,4 4 18,48,16.0,8,1.25,False,197000,1.7222222222222223,0,52,128,52,56,0,0,0,56,4,16,2.0,96.0,0.0,True,False
288,4 4 18,48,16.0,8,1.25,False,197500,1.7222222222222223,0,52,128,52,56,0,0,0,56,4,16,2.0,96.0,0.0,True,False
288,4 4 18,48,16.0,8,1.25,False,198000,1.7222222222222223,0,52,128,52,56,0,0,0,56,4,16,2.0,96.0,0.0,True,False
288,4 4 18,48,16.0,8,1.25,False,198500,1.7222222222222223,0,52,128,52,56,0,0,0,56,4,16,2.0,96.0,0.0,True,False
288,4 4 18,48,16.0,8,1.25,False,199000,1.7222222222222223,0,52,128,52,56,0,0,0,56,4,16,2.0,96.0,0.0,True,False
288,4 4 18,48,16.0,8,1.25,False,199500,1.7777777777777777,0,42,128,58,60,0,0,0,60,7,28,1.6666666666666667,80.0,0.0,True,False
288,4 4 18,48,16.0,8,1.25,False,200000,1.7777777777777777,0,42,128,58,60,0,0,0,60,7,28,1.6666666666666667,80.0,0.0,True,False
288,4 4 18,48,16.0,8,1.25,False,200500,1.7222222222222223,0,52,128,52,56,0,0,0,56,4,16,2.0,96.0,0.0,True,False
288,4 4 18,48,16.0,8,1.25,False,201000,1.7222222222222223,0,52,128,52,56,0,0,0,56,4,16,2.0,96.0,0.0,True,False
288,4 4 18,48,16.0,8,1.25,False,201500,1.7222222222222223,0,52,128,52,56,0,0,0,56,4,16,2.0,96.0,0.0,True,False
288,4 4 18,48,16.0,8,1.25,False,202000,1.7222222222222223,0,52,128,52,56,0,0,0,56,4,16,2.0,96.0,0.0,True,False
288,4 4 18,48,16.0,8,1.25,False,202500,1.7222222222222223,0,52,128,52,56,0,0,0,56,4,16,2.0,96.0,0.0,True,False
288,4 4 18,48,16.0,8,1.25,False,203000,1.7222222222222223,0,52,128,52,56,0,0,0,56,4,16,2.0,96.0,0.0,True,False
288,4 4 18,48,16.0,8,1.25,False,203500,1.7222222222222223,0,52,128,52,56,0,0,0,56,4,16,2.0,96.0,0.0,True,False
288,4 4 18,48,16.0,8,1.25,False,204000,1.7222222222222223,0,52,128,52,56,0,0,0,56,4,16,2.0,96.0,0.0,True,False
288,4 4 18,48,16.0,8,1.25,False,204500,1.7222222222222223,0,52,128,52,56,0,0,0,56,4,16,2.0,96.0,0.0,True,False
288,4 4 18,48,16.0,8,1.25,False,205000,1.7222222222222223,0,52,128,52,56,0,0,0,56,4,16,2.0,96.0,0.0,True,False
288,4 4 18,48,16.0,8,1.25,False,205500,1.7222222222222223,0,52,128,52,56,0,0,0,56,4,16,2.0,96.0,0.0,True,False
288,4 4 18,48,16.0,8,1.25,False,206000,1.7222222222222223,0,52,128,52,56,0,0,0,56,4,16,2.0,96.0,0.0,True,False
288,4 4 18,48,16.0,8,1.25,False,206500,1.7222222222222223,0,52,128,52,56,0,0,0,56,4,16,2.0,96.0,0.0,True,False
288,4 4 18,48,16.0,8,1.25,False,207000,1.7222222222222223,0,52,128,52,56,0,0,0,56,4,16,2.0,96.0,0.0,True,False
288,4 4 18,48,16.0,8,1.25,False,207500,1.7222222222222223,0,52,128,52,56,0,0,0,56,4,16,2.0,96.0,0.0,True,False
288,4 4 18,48,16.0,8,1.25,False,208000,1.7777777777777777,0,42,128,58,60,0,0,0,60,7,28,1.6666666666666667,80.0,0.0,True,False
288,4 4 18,48,16.0,8,1.25,False,208500,1.7222222222222223,0,52,128,52,56,0,0,0,56,4,16,2.0,96.0,0.0,True,False
288,4 4 18,48,16.0,8,1.25,False,209000,1.7222222222222223,0,52,128,52,56,0,0,0,56,4,16,2.0,96.0,0.0,True,False
288,4 4 18,48,16.0,8,1.25,False,209500,1.7222222222222223,0,52,128,52,56,0,0,0,56,4,16,2.0,96.0,0.0,True,False
288,4 4 18,48,16.0,8,1.25,False,210000,1.7222222222222223,0,52,128,52,56,0,0,0,56,4,16,2.0,96.0,0.0,True,False
288,4 4 18,48,16.0,8,1.25,False,210500,1.7222222222222223,0,52,128,52,56,0,0,0,56,4,16,2.0,96.0,0.0,True,False
288,4 4 18,48,16.0,8,1.25,False,211000,1.7222222222222223,0,52,128,52,56,0,0,0,56,4,16,2.0,96.0,0.0,True,False
288,4 4 18,48,16.0,8,1.25,False,211500,1.7222222222222223,0,52,128,52,56,0,0,0,56,4,16,2.0,96.0,0.0,True,False
288,4 4 18,48,16.0,8,1.25,False,212000,1.7222222222222223,0,52,128,52,56,0,0,0,56,4,16,2.0,96.0,0.0,True,False
288,4 4 18,48,16.0,8,1.25,False,212500,1.7222222222222223,0,52,128,52,56,0,0,0,56,4,16,2.0,96.0,0.0,True,False
288,4 4 18,48,16.0,8,1.25,False,213000,1.7222222222222223,0,52,128,52,56,0,0,0,56,4,16,2.0,96.0,0.0,True,False
288,4 4 18,48,16.0,8,1.25,False,213500,1.7222222222222223,0,52,128,52,56,0,0,0,56,4,16,2.0,96.0,0.0,True,False
288,4 4 18,48,16.0,8,1.25,False,214000,1.7222222222222223,0,52,128,52,56,0,0,0,56,4,16,2.0,96.0,0.0,True,False
288,4 4 18,48,16.0,8,1.25,False,214500,1.7222222222222223,0,52,128,52,56,0,0,0,56,4,16,2.0,96.0,0.0,True,False
288,4 4 18,48,16.0,8,1.25,False,215000,1.7222222222222223,0,52,128,52,56,0,0,0,56,4,16,2.0,96.0,0.0,True,False
288,4 4 18,48,16.0,8,1.25,False,215500,1.7222222222222223,0,52,128,52,56,0,0,0,56,4,16,2.0,96.0,0.0,True,False
288,4 4 18,48,16.0,8,1.25,False,216000,1.7222222222222223,0,52,128,52,56,0,0,0,56,4,16,2.0,96.0,0.0,True,False
288,4 4 18,48,16.0,8,1.25,False,216500,1.7222222222222223,0,52,128,52,56,0,0,0,56,4,16,2.0,96.0,0.0,True,False
288,4 4 18,48,16.0,8,1.25,False,217000,1.7222222222222223,0,52,128,52,56,0,0,0,56,4,16,2.0,96.0,0.0,True,False
288,4 4 18,48,16.0,8,1.25,False,217500,1.7222222222222223,0,52,128,52,56,0,0,0,56,4,16,2.0,96.0,0.0,True,False
288,4 4 18,48,16.0,8,1.25,False,218000,1.7222222222222223,0,52,128,52,56,0,0,0,56,4,16,2.0,96.0,0.0,True,False
288,4 4 18,48,16.0,8,1.25,False,218500,1.7777777777777777,0,42,128,58,60,0,0,0,60,7,28,1.6666666666666667,80.0,0.0,True,False
288,4 4 18,48,16.0,8,1.25,False,219000,1.7777777777777777,0,42,128,58,60,0,0,0,60,7,28,1.6666666666666667,80.0,0.0,True,False
288,4 4 18,48,16.0,8,1.25,False,219500,1.7222222222222223,0,52,128,52,56,0,0,0,56,4,16,2.0,96.0,0.0,True,False
288,4 4 18,48,16.0,8,1.25,False,220000,1.7222222222222223,0,52,128,52,56,0,0,0,56,4,16,2.0,96.0,0.0,True,False
288,4 4 18,48,16.0,8,1.25,False,220500,1.7777777777777777,0,42,128,58,60,0,0,0,60,7,28,1.6666666666666667,80.0,0.0,True,False
288,4 4 18,48,16.0,8,1.25,False,221000,1.7222222222222223,0,52,128,52,56,0,0,0,56,4,16,2.0,96.0,0.0,True,False
288,4 4 18,48,16.0,8,1.25,False,221500,1.7222222222222223,0,52,128,52,56,0,0,0,56,4,16,2.0,96.0,0.0,True,False
288,4 4 18,48,16.0,8,1.25,False,222000,1.7222222222222223,0,52,128,52,56,0,0,0,56,4,16,2.0,96.0,0.0,True,False
288,4 4 18,48,16.0,8,1.25,False,222500,1.7222222222222223,0,52,128,52,56,0,0,0,56,4,16,2.0,96.0,0.0,True,False
288,4 4 18,48,16.0,8,1.25,False,223000,1.7222222222222223,0,52,128,52,56,0,0,0,56,4,16,2.0,96.0,0.0,True,False
288,4 4 18,48,16.0,8,1.25,False,223500,1.7222222222222223,0,52,128,52,56,0,0,0,56,4,16,2.0,96.0,0.0,True,False
288,4 4 18,48,16.0,8,1.25,False,224000,1.7777777777777777,0,42,128,58,60,0,0,0,60,7,28,1.6666666666666667,80.0,0.0,True,False
288,4 4 18,48,16.0,8,1.25,False,224500,1.7777777777777777,0,42,128,58,60,0,0,0,60,7,28,1.6666666666666667,80.0,0.0,True,False
288,4 4 18,48,16.0,8,1.25,False,225000,1.7777777777777777,0,42,128,58,60,0,0,0,60,7,28,1.6666666666666667,80.0,0.0,True,False
288,4 4 18,48,16.0,8,1.25,False,225500,1.7222222222222223,0,52,128,52,56,0,0,0,56,4,16,2.0,96.0,0.0,True,False
288,4 4 18,48,16.0,8,1.25,False,226000,1.7222222222222223,0,52,128,52,56,0,0,0,56,4,16,2.0,96.0,0.0,True,False
288,4 4 18,48,16.0,8,1.25,False,226500,1.7222222222222223,0,52,128,52,56,0,0,0,56,4,16,2.0,96.0,0.0,True,False
288,4 4 18,48,16.0,8,1.25,False,227000,1.7222222222222223,0,52,128,52,56,0,0,0,56,4,16,2.0,96.0,0.0,True,False
288,4 4 18,48,16.0,8,1.25,False,227500,1.7222222222222223,0,52,128,52,56,0,0,0,56,4,16,2.0,96.0,0.0,True,False
288,4 4 18,48,16.0,8,1.25,False,228000,1.7222222222222223,0,52,128,52,56,0,0,0,56,4,16,2.0,96.0,0.0,True,False
288,4 4 18,48,16.0,8,1.25,False,228500,1.7222222222222223,0,52,128,52,56,0,0,0,56,4,16,2.0,96.0,0.0,True,False
288,4 4 18,48,16.0,8,1.25,False,229000,1.7222222222222223,0,52,128,52,56,0,0,0,56,4,16,2.0,96.0,0.0,True,False
288,4 4 18,48,16.0,8,1.25,False,229500,1.7222222222222223,0,52,128,52,56,0,0,0,56,4,16,2.0,96.0,0.0,True,False
288,4 4 18,48,16.0,8,1.25,False,230000,1.7222222222222223,0,52,128,52,56,0,0,0,56,4,16,2.0,96.0,0.0,True,False
288,4 4 18,48,16.0,8,1.25,False,230500,1.7222222222222223,0,52,128,52,56,0,0,0,56,4,16,2.0,96.0,0.0,True,False
288,4 4 18,48,16.0,8,1.25,False,231000,1.7222222222222223,0,52,128,52,56,0,0,0,56,4,16,2.0,96.0,0.0,True,False
288,4 4 18,48,16.0,8,1.25,False,231500,1.7222222222222223,0,52,128,52,56,0,0,0,56,4,16,2.0,96.0,0.0,True,False
288,4 4 18,48,16.0,8,1.25,False,232000,1.7222222222222223,0,52,128,52,56,0,0,0,56,4,16,2.0,96.0,0.0,True,False
288,4 4 18,48,16.0,8,1.25,False,232500,1.7222222222222223,0,52,128,52,56,0,0,0,56,4,16,2.0,96.0,0.0,True,False
288,4 4 18,48,16.0,8,1.25,False,233000,1.7222222222222223,0,52,128,52,56,0,0,0,56,4,16,2.0,96.0,0.0,True,False
288,4 4 18,48,16.0,8,1.25,False,233500,1.7222222222222223,0,52,128,52,56,0,0,0,56,4,16,2.0,96.0,0.0,True,False
288,4 4 18,48,16.0,8,1.25,False,234000,1.7222222222222223,0,52,128,52,56,0,0,0,56,4,16,2.0,96.0,0.0,True,False
288,4 4 18,48,16.0,8,1.25,False,234500,1.7222222222222223,0,52,128,52,56,0,0,0,56,4,16,2.0,96.0,0.0,True,False
288,4 4 18,48,16.0,8,1.25,False,235000,1.7222222222222223,0,52,128,52,56,0,0,0,56,4,16,2.0,96.0,0.0,True,False
288,4 4 18,48,16.0,8,1.25,False,235500,1.7222222222222223,0,52,128,52,56,0,0,0,56,4,16,2.0,96.0,0.0,True,False
288,4 4 18,48,16.0,8,1.25,False,236000,1.7222222222222223,0,52,128,52,56,0,0,0,56,4,16,2.0,96.0,0.0,True,False
288,4 4 18,48,16.0,8,1.25,False,236500,1.7222222222222223,0,52,128,52,56,0,0,0,56,4,16,2.0,96.0,0.0,True,False
288,4 4 18,48,16.0,8,1.25,False,237000,1.7222222222222223,0,52,128,52,56,0,0,0,56,4,16,2.0,96.0,0.0,True,False
288,4 4 18,48,16.0,8,1.25,False,237500,1.7222222222222223,0,52,128,52,56,0,0,0,56,4,16,2.0,96.0,0.0,True,False
288,4 4 18,48,16.0,8,1.25,False,238000,1.7777777777777777,0,42,128,58,60,0,0,0,60,7,28,1.6666666666666667,80.0,0.0,True,False
288,4 4 18,48,16.0,8,1.25,False,238500,1.7222222222222223,0,52,128,52,56,0,0,0,56,4,16,2.0,96.0,0.0,True,False
288,4 4 18,48,16.0,8,1.25,False,239000,1.7222222222222223,0,52,128,52,56,0,0,0,56,4,16,2.0,96.0,0.0,True,False
288,4 4 18,48,16.0,8,1.25,False,239500,1.7222222222222223,0,52,128,52,56,0,0,0,56,4,16,2.0,96.0,0.0,True,False
288,4 4 18,48,16.0,8,1.25,False,240000,1.7222222222222223,0,52,128,52,56,0,0,0,56,4,16,2.0,96.0,0.0,True,False
288,4 4 18,48,16.0,8,1.25,False,240500,1.7222222222222223,0,52,128,52,56,0,0,0,56,4,16,2.0,96.0,0.0,True,False
288,4 4 18,48,16.0,8,1.25,False,241000,1.7222222222222223,0,52,128,52,56,0,0,0,56,4,16,2.0,96.0,0.0,True,False
288,4 4 18,48,16.0,8,1.25,False,241500,1.7222222222222223,0,52,128,52,56,0,0,0,56,4,16,2.0,96.0,0.0,True,False
288,4 4 18,48,16.0,8,1.25,False,242000,1.7222222222222223,0,52,128,52,56,0,0,0,56,4,16,2.0,96.0,0.0,True,False
288,4 4 18,48,16.0,8,1.25,False,242500,1.7777777777777777,0,42,128,58,60,0,0,0,60,7,28,1.6666666666666667,80.0,0.0,True,False
288,4 4 18,48,16.0,8,1.25,False,243000,1.7222222222222223,0,52,128,52,56,0,0,0,56,4,16,2.0,96.0,0.0,True,False
288,4 4 18,48,16.0,8,1.25,False,243500,1.7777777777777777,0,42,128,58,60,0,0,0,60,7,28,1.6666666666666667,80.0,0.0,True,False
288,4 4 18,48,16.0,8,1.25,False,244000,1.7777777777777777,0,42,128,58,60,0,0,0,60,7,28,1.6666666666666667,80.0,0.0,True,False
288,4 4 18,48,16.0,8,1.25,False,244500,1.7222222222222223,0,52,128,52,56,0,0,0,56,4,16,2.0,96.0,0.0,True,False
288,4 4 18,48,16.0,8,1.25,False,245000,1.7222222222222223,0,52,128,52,56,0,0,0,56,4,16,2.0,96.0,0.0,True,False
288,4 4 18,48,16.0,8,1.25,False,245500,1.7222222222222223,0,52,128,52,56,0,0,0,56,4,16,2.0,96.0,0.0,True,False
288,4 4 18,48,16.0,8,1.25,False,246000,1.7777777777777777,0,42,128,58,60,0,0,0,60,7,28,1.6666666666666667,80.0,0.0,True,False
288,4 4 18,48,16.0,8,1.25,False,246500,1.7222222222222223,0,52,128,52,56,0,0,0,56,4,16,2.0,96.0,0.0,True,False
288,4 4 18,48,16.0,8,1.25,False,247000,1.7222222222222223,0,52,128,52,56,0,0,0,56,4,16,2.0,96.0,0.0,True,False
288,4 4 18,48,16.0,8,1.25,False,247500,1.7222222222222223,0,52,128,52,56,0,0,0,56,4,16,2.0,96.0,0.0,True,False
288,4 4 18,48,16.0,8,1.25,False,248000,1.7222222222222223,0,52,128,52,56,0,0,0,56,4,16,2.0,96.0,0.0,True,False
288,4 4 18,48,16.0,8,1.25,False,248500,1.7222222222222223,0,52,128,52,56,0,0,0,56,4,16,2.0,96.0,0.0,True,False
288,4 4 18,48,16.0,8,1.25,False,249000,1.7222222222222223,0,52,128,52,56,0,0,0,56,4,16,2.0,96.0,0.0,True,False
288,4 4 18,48,16.0,8,1.25,False,249500,1.7222222222222223,0,52,128,52,56,0,0,0,56,4,16,2.0,96.0,0.0,True,False
288,4 4 18,48,16.0,8,1.25,False,250000,1.7222222222222223,0,52,128,52,56,0,0,0,56,4,16,2.0,96.0,0.0,True,False
288,4 4 18,48,16.0,8,1.25,False,250500,1.7222222222222223,0,52,128,52,56,0,0,0,56,4,16,2.0,96.0,0.0,True,False
288,4 4 18,48,16.0,8,1.25,False,251000,1.7222222222222223,0,52,128,52,56,0,0,0,56,4,16,2.0,96.0,0.0,True,False
288,4 4 18,48,16.0,8,1.25,False,251500,1.7222222222222223,0,52,128,52,56,0,0,0,56,4,16,2.0,96.0,0.0,True,False
288,4 4 18,48,16.0,8,1.25,False,252000,1.7222222222222223,0,52,128,52,56,0,0,0,56,4,16,2.0,96.0,0.0,True,False
288,4 4 18,48,16.0,8,1.25,False,252500,1.7222222222222223,0,52,128,52,56,0,0,0,56,4,16,2.0,96.0,0.0,True,False
288,4 4 18,48,16.0,8,1.25,False,253000,1.7222222222222223,0,52,128,52,56,0,0,0,56,4,16,2.0,96.0,0.0,True,False
288,4 4 18,48,16.0,8,1.25,False,253500,1.7222222222222223,0,52,128,52,56,0,0,0,56,4,16,2.0,96.0,0.0,True,False
288,4 4 18,48,16.0,8,1.25,False,254000,1.7222222222222223,0,52,128,52,56,0,0,0,56,4,16,2.0,96.0,0.0,True,False
288,4 4 18,48,16.0,8,1.25,False,254500,1.7222222222222223,0,52,128,52,56,0,0,0,56,4,16,2.0,96.0,0.0,True,False
288,4 4 18,48,16.0,8,1.25,False,255000,1.7777777777777777,0,42,128,58,60,0,0,0,60,7,28,1.6666666666666667,80.0,0.0,True,False
288,4 4 18,48,16.0,8,1.25,False,255500,1.7222222222222223,0,52,128,52,56,0,0,0,56,4,16,2.0,96.0,0.0,True,False
288,4 4 18,48,16.0,8,1.25,False,256000,1.7222222222222223,0,52,128,52,56,0,0,0,56,4,16,2.0,96.0,0.0,True,False
288,4 4 18,48,16.0,8,1.25,False,256500,1.7222222222222223,0,52,128,52,56,0,0,0,56,4,16,2.0,96.0,0.0,True,False
288,4 4 18,48,16.0,8,1.25,False,257000,1.7222222222222223,0,52,128,52,56,0,0,0,56,4,16,2.0,96.0,0.0,True,False
288,4 4 18,48,16.0,8,1.25,False,257500,1.7222222222222223,0,52,128,52,56,0,0,0,56,4,16,2.0,96.0,0.0,True,False
288,4 4 18,48,16.0,8,1.25,False,258000,1.7777777777777777,0,42,128,58,60,0,0,0,60,7,28,1.6666666666666667,80.0,0.0,True,False
288,4 4 18,48,16.0,8,1.25,False,258500,1.7777777777777777,0,42,128,58,60,0,0,0,60,7,28,1.6666666666666667,80.0,0.0,True,False
288,4 4 18,48,16.0,8,1.25,False,259000,1.7777777777777777,0,42,128,58,60,0,0,0,60,7,28,1.6666666666666667,80.0,0.0,True,False
288,4 4 18,48,16.0,8,1.25,False,259500,1.7777777777777777,0,42,128,58,60,0,0,0,60,7,28,1.6666666666666667,80.0,0.0,True,False
288,4 4 18,48,16.0,8,1.25,False,260000,1.7222222222222223,0,52,128,52,56,0,0,0,56,4,16,2.0,96.0,0.0,True,False
288,4 4 18,48,16.0,8,1.25,False,260500,1.7222222222222223,0,52,128,52,56,0,0,0,56,4,16,2.0,96.0,0.0,True,False
288,4 4 18,48,16.0,8,1.25,False,261000,1.7222222222222223,0,52,128,52,56,0,0,0,56,4,16,2.0,96.0,0.0,True,False
288,4 4 18,48,16.0,8,1.25,False,261500,1.7222222222222223,0,52,128,52,56,0,0,0,56,4,16,2.0,96.0,0.0,True,False
288,4 4 18,48,16.0,8,1.25,False,262000,1.7222222222222223,0,52,128,52,56,0,0,0,56,4,16,2.0,96.0,0.0,True,False
288,4 4 18,48,16.0,8,1.25,False,262500,1.7222222222222223,0,52,128,52,56,0,0,0,56,4,16,2.0,96.0,0.0,True,False
288,4 4 18,48,16.0,8,1.25,False,263000,1.7222222222222223,0,52,128,52,56,0,0,0,56,4,16,2.0,96.0,0.0,True,False
288,4 4 18,48,16.0,8,1.25,False,263500,1.7222222222222223,0,52,128,52,56,0,0,0,56,4,16,2.0,96.0,0.0,True,False
288,4 4 18,48,16.0,8,1.25,False,264000,1.7222222222222223,0,52,128,52,56,0,0,0,56,4,16,2.0,96.0,0.0,True,False
288,4 4 18,48,16.0,8,1.25,False,264500,1.7222222222222223,0,52,128,52,56,0,0,0,56,4,16,2.0,96.0,0.0,True,False
288,4 4 18,48,16.0,8,1.25,False,265000,1.7222222222222223,0,52,128,52,56,0,0,0,56,4,16,2.0,96.0,0.0,True,False
288,4 4 18,48,16.0,8,1.25,False,265500,1.7222222222222223,0,52,128,52,56,0,0,0,56,4,16,2.0,96.0,0.0,True,False
288,4 4 18,48,16.0,8,1.25,False,266000,1.7222222222222223,0,52,128,52,56,0,0,0,56,4,16,2.0,96.0,0.0,True,False
288,4 4 18,48,16.0,8,1.25,False,266500,1.7222222222222223,0,52,128,52,56,0,0,0,56,4,16,2.0,96.0,0.0,True,False
288,4 4 18,48,16.0,8,1.25,False,267000,1.7222222222222223,0,52,128,52,56,0,0,0,56,4,16,2.0,96.0,0.0,True,False
288,4 4 18,48,16.0,8,1.25,False,267500,1.7222222222222223,0,52,128,52,56,0,0,0,56,4,16,2.0,96.0,0.0,True,False
288,4 4 18,48,16.0,8,1.25,False,268000,1.7222222222222223,0,52,128,52,56,0,0,0,56,4,16,2.0,96.0,0.0,True,False
288,4 4 18,48,16.0,8,1.25,False,268500,1.7222222222222223,0,52,128,52,56,0,0,0,56,4,16,2.0,96.0,0.0,True,False
288,4 4 18,48,16.0,8,1.25,False,269000,1.7222222222222223,0,52,128,52,56,0,0,0,56,4,16,2.0,96.0,0.0,True,False
288,4 4 18,48,16.0,8,1.25,False,269500,1.7222222222222223,0,52,128,52,56,0,0,0,56,4,16,2.0,96.0,0.0,True,False
288,4 4 18,48,16.0,8,1.25,False,270000,1.7222222222222223,0,52,128,52,56,0,0,0,56,4,16,2.0,96.0,0.0,True,False
288,4 4 18,48,16.0,8,1.25,False,270500,1.7222222222222223,0,52,128,52,56,0,0,0,56,4,16,2.0,96.0,0.0,True,False
288,4 4 18,48,16.0,8,1.25,False,271000,1.7777777777777777,0,42,128,58,60,0,0,0,60,7,28,1.6666666666666667,80.0,0.0,True,False
288,4 4 18,48,16.0,8,1.25,False,271500,1.7222222222222223,0,52,128,52,56,0,0,0,56,4,16,2.0,96.0,0.0,True,False
288,4 4 18,48,16.0,8,1.25,False,272000,1.7222222222222223,0,52,128,52,56,0,0,0,56,4,16,2.0,96.0,0.0,True,False
288,4 4 18,48,16.0,8,1.25,False,272500,1.7777777777777777,0,42,128,58,60,0,0,0,60,7,28,1.6666666666666667,80.0,0.0,True,False
288,4 4 18,48,16.0,8,1.25,False,273000,1.7222222222222223,0,52,128,52,56,0,0,0,56,4,16,2.0,96.0,0.0,True,False
288,4 4 18,48,16.0,8,1.25,False,273500,1.7222222222222223,0,52,128,52,56,0,0,0,56,4,16,2.0,96.0,0.0,True,False
288,4 4 18,48,16.0,8,1.25,False,274000,1.7222222222222223,0,52,128,52,56,0,0,0,56,4,16,2.0,96.0,0.0,True,False
288,4 4 18,48,16.0,8,1.25,False,274500,1.7222222222222223,0,52,128,52,56,0,0,0,56,4,16,2.0,96.0,0.0,True,False
288,4 4 18,48,16.0,8,1.25,False,275000,1.7222222222222223,0,52,128,52,56,0,0,0,56,4,16,2.0,96.0,0.0,True,False
288,4 4 18,48,16.0,8,1.25,False,275500,1.7222222222222223,0,52,128,52,56,0,0,0,56,4,16,2.0,96.0,0.0,True,False
288,4 4 18,48,16.0,8,1.25,False,276000,1.7222222222222223,0,52,128,52,56,0,0,0,56,4,16,2.0,96.0,0.0,True,False
288,4 4 18,48,16.0,8,1.25,False,276500,1.7222222222222223,0,52,128,52,56,0,0,0,56,4,16,2.0,96.0,0.0,True,False
288,4 4 18,48,16.0,8,1.25,False,277000,1.7222222222222223,0,52,128,52,56,0,0,0,56,4,16,2.0,96.0,0.0,True,False
288,4 4 18,48,16.0,8,1.25,False,277500,1.7222222222222223,0,52,128,52,56,0,0,0,56,4,16,2.0,96.0,0.0,True,False
288,4 4 18,48,16.0,8,1.25,False,278000,1.7222222222222223,0,52,128,52,56,0,0,0,56,4,16,2.0,96.0,0.0,True,False
288,4 4 18,48,16.0,8,1.25,False,278500,1.7222222222222223,0,52,128,52,56,0,0,0,56,4,16,2.0,96.0,0.0,True,False
288,4 4 18,48,16.0,8,1.25,False,279000,1.7222222222222223,0,52,128,52,56,0,0,0,56,4,16,2.0,96.0,0.0,True,False
288,4 4 18,48,16.0,8,1.25,False,279500,1.7222222222222223,0,52,128,52,56,0,0,0,56,4,16,2.0,96.0,0.0,True,False
288,4 4 18,48,16.0,8,1.25,False,280000,1.7222222222222223,0,52,128,52,56,0,0,0,56,4,16,2.0,96.0,0.0,True,False
288,4 4 18,48,16.0,8,1.25,False,280500,1.7222222222222223,0,52,128,52,56,0,0,0,56,4,16,2.0,96.0,0.0,True,False
288,4 4 18,48,16.0,8,1.25,False,281000,1.7222222222222223,0,52,128,52,56,0,0,0,56,4,16,2.0,96.0,0.0,True,False
288,4 4 18,48,16.0,8,1.25,False,281500,1.7222222222222223,0,52,128,52,56,0,0,0,56,4,16,2.0,96.0,0.0,True,False
288,4 4 18,48,16.0,8,1.25,False,282000,1.7222222222222223,0,52,128,52,56,0,0,0,56,4,16,2.0,96.0,0.0,True,False
288,4 4 18,48,16.0,8,1.25,False,282500,1.7222222222222223,0,52,128,52,56,0,0,0,56,4,16,2.0,96.0,0.0,True,False
288,4 4 18,48,16.0,8,1.25,False,283000,1.7222222222222223,0,52,128,52,56,0,0,0,56,4,16,2.0,96.0,0.0,True,False
288,4 4 18,48,16.0,8,1.25,False,283500,1.7222222222222223,0,52,128,52,56,0,0,0,56,4,16,2.0,96.0,0.0,True,False
288,4 4 18,48,16.0,8,1.25,False,284000,1.7222222222222223,0,52,128,52,56,0,0,0,56,4,16,2.0,96.0,0.0,True,False
288,4 4 18,48,16.0,8,1.25,False,284500,1.7222222222222223,0,52,128,52,56,0,0,0,56,4,16,2.0,96.0,0.0,True,False
288,4 4 18,48,16.0,8,1.25,False,285000,1.7222222222222223,0,52,128,52,56,0,0,0,56,4,16,2.0,96.0,0.0,True,False
288,4 4 18,48,16.0,8,1.25,False,285500,1.7777777777777777,0,42,128,58,60,0,0,0,60,7,28,1.6666666666666667,80.0,0.0,True,False
288,4 4 18,48,16.0,8,1.25,False,286000,1.7777777777777777,0,42,128,58,60,0,0,0,60,7,28,1.6666666666666667,80.0,0.0,True,False
288,4 4 18,48,16.0,8,1.25,False,286500,1.7222222222222223,0,52,128,52,56,0,0,0,56,4,16,2.0,96.0,0.0,True,False
288,4 4 18,48,16.0,8,1.25,False,287000,1.8020833333333333,0,48,125,58,57,0,0,0,57,3,32,1.5208333333333333,73.0,0.0,True,False
288,4 4 18,48,16.0,8,1.25,False,287500,1.8020833333333333,0,48,125,58,57,0,0,0,57,3,32,1.5208333333333333,73.0,0.0,True,False
288,4 4 18,48,16.0,8,1.25,False,288000,1.8020833333333333,0,48,125,58,57,0,0,0,57,3,32,1.5208333333333333,73.0,0.0,True,False
288,4 4 18,48,16.0,8,1.25,False,288500,1.7222222222222223,0,52,128,52,56,0,0,0,56,4,16,2.0,96.0,0.0,True,False
288,4 4 18,48,16.0,8,1.25,False,289000,1.7222222222222223,0,52,128,52,56,0,0,0,56,4,16,2.0,96.0,0.0,True,False
288,4 4 18,48,16.0,8,1.25,False,289500,1.7222222222222223,0,52,128,52,56,0,0,0,56,4,16,2.0,96.0,0.0,True,False
288,4 4 18,48,16.0,8,1.25,False,290000,1.7222222222222223,0,52,128,52,56,0,0,0,56,4,16,2.0,96.0,0.0,True,False
288,4 4 18,48,16.0,8,1.25,False,290500,1.8055555555555556,0,48,125,54,61,0,0,0,61,6,16,1.5,72.0,0.0,True,False
288,4 4 18,48,16.0,8,1.25,False,291000,1.7222222222222223,0,52,128,52,56,0,0,0,56,4,16,2.0,96.0,0.0,True,False
288,4 4 18,48,16.0,8,1.25,False,291500,1.7222222222222223,0,52,128,52,56,0,0,0,56,4,16,2.0,96.0,0.0,True,False
288,4 4 18,48,16.0,8,1.25,False,292000,1.7222222222222223,0,52,128,52,56,0,0,0,56,4,16,2.0,96.0,0.0,True,False
288,4 4 18,48,16.0,8,1.25,False,292500,1.7222222222222223,0,52,128,52,56,0,0,0,56,4,16,2.0,96.0,0.0,True,False
288,4 4 18,48,16.0,8,1.25,False,293000,1.8020833333333333,0,48,125,58,57,0,0,0,57,3,32,1.5208333333333333,73.0,0.0,True,False
288,4 4 18,48,16.0,8,1.25,False,293500,1.8020833333333333,0,48,125,58,57,0,0,0,57,3,32,1.5208333333333333,73.0,0.0,True,False
288,4 4 18,48,16.0,8,1.25,False,294000,1.7777777777777777,0,42,128,58,60,0,0,0,60,7,28,1.6666666666666667,80.0,0.0,True,False
288,4 4 18,48,16.0,8,1.25,False,294500,1.7222222222222223,0,52,128,52,56,0,0,0,56,4,16,2.0,96.0,0.0,True,False
288,4 4 18,48,16.0,8,1.25,False,295000,1.7777777777777777,0,42,128,58,60,0,0,0,60,7,28,1.6666666666666667,80.0,0.0,True,False
288,4 4 18,48,16.0,8,1.25,False,295500,1.7777777777777777,0,42,128,58,60,0,0,0,60,7,28,1.6666666666666667,80.0,0.0,True,False
288,4 4 18,48,16.0,8,1.25,False,296000,1.7222222222222223,0,52,128,52,56,0,0,0,56,4,16,2.0,96.0,0.0,True,False
288,4 4 18,48,16.0,8,1.25,False,296500,1.7222222222222223,0,52,128,52,56,0,0,0,56,4,16,2.0,96.0,0.0,True,False
288,4 4 18,48,16.0,8,1.25,False,297000,1.7222222222222223,0,52,128,52,56,0,0,0,56,4,16,2.0,96.0,0.0,True,False
288,4 4 18,48,16.0,8,1.25,False,297500,1.7777777777777777,0,42,128,58,60,0,0,0,60,7,28,1.6666666666666667,80.0,0.0,True,False
288,4 4 18,48,16.0,8,1.25,False,298000,1.7777777777777777,0,42,128,58,60,0,0,0,60,7,28,1.6666666666666667,80.0,0.0,True,False
288,4 4 18,48,16.0,8,1.25,False,298500,1.7777777777777777,0,42,128,58,60,0,0,0,60,7,28,1.6666666666666667,80.0,0.0,True,False
288,4 4 18,48,16.0,8,1.25,False,299000,1.7777777777777777,0,42,128,58,60,0,0,0,60,7,28,1.6666666666666667,80.0,0.0,True,False
288,4 4 18,48,16.0,8,1.25,False,299500,1.7777777777777777,0,42,128,58,60,0,0,0,60,7,28,1.6666666666666667,80.0,0.0,True,False
288,4 4 18,48,16.0,8,1.25,False,300000,1.7777777777777777,0,42,128,58,60,0,0,0,60,7,28,1.6666666666666667,80.0,0.0,True,True
288,4 4 18,48,16.0,9,1.25,False,0,2.0,0,288,0,0,0,0,0,0,0,0,0,0.3333333333333333,16.0,0.0,False,False
288,4 4 18,48,16.0,9,1.25,False,500,2.0416666666666665,0,256,24,4,0,4,0,0,4,2,2,0.08333333333333333,4.0,0.0,True,False
288,4 4 18,48,16.0,9,1.25,False,1000,2.0416666666666665,0,256,24,4,0,4,0,0,4,2,2,0.08333333333333333,4.0,0.0,True,False
288,4 4 18,48,16.0,9,1.25,False,1500,2.0416666666666665,0,256,24,4,0,4,0,0,4,2,2,0.08333333333333333,4.0,0.0,True,False
288,4 4 18,48,16.0,9,1.25,False,2000,2.0277777777777777,0,240,36,4,4,4,0,0,8,2,2,0.16666666666666666,8.0,0.0,True,False
288,4 4 18,48,16.0,9,1.25,False,2500,2.0,0,208,60,4,12,4,0,0,16,2,2,0.3333333333333333,16.0,0.0,True,False
288,4 4 18,48,16.0,9,1.25,False,3000,2.0,0,208,60,4,12,4,0,0,16,2,2,0.3333333333333333,16.0,0.0,True,False
288,4 4 18,48,16.0,9,1.25,False,3500,1.9548611111111112,0,150,100,6,32,0,0,0,32,3,2,0.6041666666666666,29.0,0.0,True,False
288,4 4 18,48,16.0,9,1.25,False,4000,1.9548611111111112,0,150,100,6,32,0,0,0,32,3,2,0.6041666666666666,29.0,0.0,True,False
288,4 4 18,48,16.0,9,1.25,False,4500,1.9513888888888888,0,140,104,12,32,0,0,0,32,6,2,0.625,30.0,0.0,True,False
288,4 4 18,48,16.0,9,1.25,False,5000,1.9513888888888888,0,140,104,12,32,0,0,0,32,6,2,0.625,30.0,0.0,True,False
288,4 4 18,48,16.0,9,1.25,False,5500,1.9548611111111112,0,150,100,6,32,0,0,0,32,3,2,0.6041666666666666,29.0,0.0,True,False
288,4 4 18,48,16.0,9,1.25,False,6000,1.9583333333333333,0,160,96,4,24,4,0,0,28,2,2,0.5833333333333334,28.0,0.0,True,False
288,4 4 18,48,16.0,9,1.25,False,6500,1.9548611111111112,0,150,100,6,32,0,0,0,32,3,2,0.6041666666666666,29.0,0.0,True,False
288,4 4 18,48,16.0,9,1.25,False,7000,1.9236111111111112,0,136,108,12,28,4,0,0,32,8,2,0.7916666666666666,38.0,0.0,True,False
288,4 4 18,48,16.0,9,1.25,False,7500,1.9305555555555556,0,103,118,23,40,4,0,0,44,8,5,0.75,36.0,0.0,True,False
288,4 4 18,48,16.0,9,1.25,False,8000,1.9305555555555556,0,103,118,23,40,4,0,0,44,8,5,0.75,36.0,0.0,True,False
288,4 4 18,48,16.0,9,1.25,False,8500,1.9305555555555556,0,103,118,23,40,4,0,0,44,8,5,0.75,36.0,0.0,True,False
288,4 4 18,48,16.0,9,1.25,False,9000,1.8958333333333333,0,112,116,20,36,4,0,0,40,7,5,0.9583333333333334,46.0,0.0,True,False
288,4 4 18,48,16.0,9,1.25,False,9500,1.8958333333333333,0,112,116,20,36,4,0,0,40,7,5,0.9583333333333334,46.0,0.0,True,False
288,4 4 18,48,16.0,9,1.25,False,10000,1.8958333333333333,0,112,116,20,36,4,0,0,40,7,5,0.9583333333333334,46.0,0.0,True,False
288,4 4 18,48,16.0,9,1.25,False,10500,1.8958333333333333,0,112,116,20,36,4,0,0,40,7,5,0.9583333333333334,46.0,0.0,True,False
288,4 4 18,48,16.0,9,1.25,False,11000,1.8958333333333333,0,112,116,20,36,4,0,0,40,7,5,0.9583333333333334,46.0,0.0,True,False
288,4 4 18,48,16.0,9,1.25,False,11500,1.8958333333333333,0,112,116,20,36,4,0,0,40,7,5,0.9583333333333334,46.0,0.0,True,False
288,4 4 18,48,16.0,9,1.25,False,12000,1.8958333333333333,0,112,116,20,36,4,0,0,40,7,5,0.9583333333333334,46.0,0.0,True,False
288,4 4 18,48,16.0,9,1.25,False,12500,1.8958333333333333,0,112,116,20,36,4,0,0,40,7,5,0.9583333333333334,46.0,0.0,True,False
288,4 4 18,48,16.0,9,1.25,False,13000,1.9305555555555556,0,100,124,20,40,4,0,0,44,7,5,0.75,36.0,0.0,True,False
288,4 4 18,48,16.0,9,1.25,False,13500,1.9305555555555556,0,100,124,20,40,4,0,0,44,7,5,0.75,36.0,0.0,True,False
288,4 4 18,48,16.0,9,1.25,False,14000,1.8958333333333333,0,112,116,20,36,4,0,0,40,7,5,0.9583333333333334,46.0,0.0,True,False
288,4 4 18,48,16.0,9,1.25,False,14500,1.8958333333333333,0,112,116,20,36,4,0,0,40,7,5,0.9583333333333334,46.0,0.0,True,False
288,4 4 18,48,16.0,9,1.25,False,15000,1.8958333333333333,0,112,116,20,36,4,0,0,40,7,5,0.9583333333333334,46.0,0.0,True,False
288,4 4 18,48,16.0,9,1.25,False,15500,1.8958333333333333,0,112,116,20,36,4,0,0,40,7,5,0.9583333333333334,46.0,0.0,True,False
288,4 4 18,48,16.0,9,1.25,False,16000,1.8958333333333333,0,112,116,20,36,4,0,0,40,7,5,0.9583333333333334,46.0,0.0,True,False
288,4 4 18,48,16.0,9,1.25,False,16500,1.8958333333333333,0,112,116,20,36,4,0,0,40,7,5,0.9583333333333334,46.0,0.0,True,False
288,4 4 18,48,16.0,9,1.25,False,17000,1.8958333333333333,0,112,116,20,36,4,0,0,40,7,5,0.9583333333333334,46.0,0.0,True,False
288,4 4 18,48,16.0,9,1.25,False,17500,1.8958333333333333,0,112,116,20,36,4,0,0,40,7,5,0.9583333333333334,46.0,0.0,True,False
288,4 4 18,48,16.0,9,1.25,False,18000,1.8958333333333333,0,112,116,20,36,4,0,0,40,7,5,0.9583333333333334,46.0,0.0,True,False
288,4 4 18,48,16.0,9,1.25,False,18500,1.8958333333333333,0,112,116,20,36,4,0,0,40,7,5,0.9583333333333334,46.0,0.0,True,False
288,4 4 18,48,16.0,9,1.25,False,19000,1.8958333333333333,0,112,116,20,36,4,0,0,40,7,5,0.9583333333333334,46.0,0.0,True,False
288,4 4 18,48,16.0,9,1.25,False,19500,1.8958333333333333,0,112,116,20,36,4,0,0,40,7,5,0.9583333333333334,46.0,0.0,True,False
288,4 4 18,48,16.0,9,1.25,False,20000,1.8958333333333333,0,112,116,20,36,4,0,0,40,7,5,0.9583333333333334,46.0,0.0,True,False
288,4 4 18,48,16.0,9,1.25,False,20500,1.8958333333333333,0,112,116,20,36,4,0,0,40,7,5,0.9583333333333334,46.0,0.0,True,False
288,4 4 18,48,16.0,9,1.25,False,21000,1.8958333333333333,0,112,116,20,36,4,0,0,40,7,5,0.9583333333333334,46.0,0.0,True,False
288,4 4 18,48,16.0,9,1.25,False,21500,1.8958333333333333,0,112,116,20,36,4,0,0,40,7,5,0.9583333333333334,46.0,0.0,True,False
288,4 4 18,48,16.0,9,1.25,False,22000,1.8958333333333333,0,112,116,20,36,4,0,0,40,7,5,0.9583333333333334,46.0,0.0,True,False
288,4 4 18,48,16.0,9,1.25,False,22500,1.8958333333333333,0,112,116,20,36,4,0,0,40,7,5,0.9583333333333334,46.0,0.0,True,False
288,4 4 18,48,16.0,9,1.25,False,23000,1.8958333333333333,0,112,116,20,36,4,0,0,40,7,5,0.9583333333333334,46.0,0.0,True,False
288,4 4 18,48,16.0,9,1.25,False,23500,1.8958333333333333,0,112,116,20,36,4,0,0,40,7,5,0.9583333333333334,46.0,0.0,True,False
288,4 4 18,48,16.0,9,1.25,False,24000,1.8958333333333333,0,112,116,20,36,4,0,0,40,7,5,0.9583333333333334,46.0,0.0,True,False
288,4 4 18,48,16.0,9,1.25,False,24500,1.8958333333333333,0,112,116,20,36,4,0,0,40,7,5,0.9583333333333334,46.0,0.0,True,False
288,4 4 18,48,16.0,9,1.25,False,25000,1.8958333333333333,0,112,116,20,36,4,0,0,40,7,5,0.9583333333333334,46.0,0.0,True,False
288,4 4 18,48,16.0,9,1.25,False,25500,1.9097222222222223,0,124,112,16,32,4,0,0,36,8,2,0.875,42.0,0.0,True,False
288,4 4 18,48,16.0,9,1.25,False,26000,1.9444444444444444,0,114,116,18,36,4,0,0,40,10,2,0.6666666666666666,32.0,0.0,True,False
288,4 4 18,48,16.0,9,1.25,False,26500,1.9583333333333333,0,126,112,14,32,4,0,0,36,10,2,0.5833333333333334,28.0,0.0,True,False
288,4 4 18,48,16.0,9,1.25,False,27000,1.9583333333333333,0,126,112,14,32,4,0,0,36,10,2,0.5833333333333334,28.0,0.0,True,False
288,4 4 18,48,16.0,9,1.25,False,27500,1.9513888888888888,0,130,108,14,36,0,0,0,36,10,2,0.625,30.0,0.0,True,False
288,4 4 18,48,16.0,9,1.25,False,28000,1.9583333333333333,0,120,108,20,36,4,0,0,40,6,5,0.5833333333333334,28.0,0.0,True,False
288,4 4 18,48,16.0,9,1.25,False,28500,1.9027777777777777,0,128,108,20,28,4,0,0,32,6,6,0.9166666666666666,44.0,0.0,True,False
288,4 4 18,48,16.0,9,1.25,False,29000,1.9027777777777777,0,128,108,20,28,4,0,0,32,6,6,0.9166666666666666,44.0,0.0,True,False
288,4 4 18,48,16.0,9,1.25,False,29500,1.9027777777777777,0,128,108,20,28,4,0,0,32,6,6,0.9166666666666666,44.0,0.0,True,False
288,4 4 18,48,16.0,9,1.25,False,30000,1.9027777777777777,0,128,108,20,28,4,0,0,32,6,6,0.9166666666666666,44.0,0.0,True,False
288,4 4 18,48,16.0,9,1.25,False,30500,1.9027777777777777,0,128,108,20,28,4,0,0,32,6,6,0.9166666666666666,44.0,0.0,True,False
288,4 4 18,48,16.0,9,1.25,False,31000,1.9027777777777777,0,128,108,20,28,4,0,0,32,6,6,0.9166666666666666,44.0,0.0,True,False
288,4 4 18,48,16.0,9,1.25,False,31500,1.9305555555555556,0,104,116,28,32,8,0,0,40,7,12,0.75,36.0,0.0,True,False
288,4 4 18,48,16.0,9,1.25,False,32000,1.8611111111111112,0,92,120,32,40,4,0,0,44,4,14,1.1666666666666667,56.0,0.0,True,False
288,4 4 18,48,16.0,9,1.25,False,32500,1.8958333333333333,0,76,120,40,48,4,0,0,52,4,14,0.9583333333333334,46.0,0.0,True,False
288,4 4 18,48,16.0,9,1.25,False,33000,1.8958333333333333,0,84,120,36,44,4,0,0,48,6,14,0.9583333333333334,46.0,0.0,True,False
288,4 4 18,48,16.0,9,1.25,False,33500,1.8611111111111112,0,92,120,32,40,4,0,0,44,4,14,1.1666666666666667,56.0,0.0,True,False
288,4 4 18,48,16.0,9,1.25,False,34000,1.8611111111111112,0,92,120,32,40,4,0,0,44,4,14,1.1666666666666667,56.0,0.0,True,False
288,4 4 18,48,16.0,9,1.25,False,34500,1.8611111111111112,0,92,120,32,40,4,0,0,44,4,14,1.1666666666666667,56.0,0.0,True,False
288,4 4 18,48,16.0,9,1.25,False,35000,1.8611111111111112,0,92,120,32,40,4,0,0,44,4,14,1.1666666666666667,56.0,0.0,True,False
288,4 4 18,48,16.0,9,1.25,False,35500,1.8472222222222223,0,80,124,36,44,4,0,0,48,4,14,1.25,60.0,0.0,True,False
288,4 4 18,48,16.0,9,1.25,False,36000,1.8472222222222223,0,80,124,36,44,4,0,0,48,4,14,1.25,60.0,0.0,True,False
288,4 4 18,48,16.0,9,1.25,False,36500,1.8194444444444444,0,56,132,44,52,4,0,0,56,4,14,1.4166666666666667,68.0,0.0,True,False
288,4 4 18,48,16.0,9,1.25,False,37000,1.7222222222222223,0,52,128,52,56,0,0,0,56,4,14,2.0,96.0,0.0,True,False
288,4 4 18,48,16.0,9,1.25,False,37500,1.8229166666666667,0,49,121,60,57,1,0,0,58,4,33,1.3958333333333333,67.0,0.0,True,False
288,4 4 18,48,16.0,9,1.25,False,38000,1.8229166666666667,0,49,121,60,57,1,0,0,58,4,33,1.3958333333333333,67.0,0.0,True,False
288,4 4 18,48,16.0,9,1.25,False,38500,1.8229166666666667,0,49,121,60,57,1,0,0,58,4,33,1.3958333333333333,67.0,0.0,True,False
288,4 4 18,48,16.0,9,1.25,False,39000,1.7222222222222223,0,52,128,52,56,0,0,0,56,4,14,2.0,96.0,0.0,True,False
288,4 4 18,48,16.0,9,1.25,False,39500,1.8368055555555556,0,48,127,55,57,1,0,0,58,5,26,1.3125,63.0,0.0,True,False
288,4 4 18,48,16.0,9,1.25,False,40000,1.84375,0,44,126,60,58,0,0,0,58,4,32,1.2708333333333333,61.0,0.0,True,False
288,4 4 18,48,16.0,9,1.25,False,40500,1.7569444444444444,0,36,116,84,52,0,0,0,52,5,54,1.7916666666666667,86.0,0.0,True,False
288,4 4 18,48,16.0,9,1.25,False,41000,1.7847222222222223,0,40,120,72,56,0,0,0,56,5,42,1.625,78.0,0.0,True,False
288,4 4 18,48,16.0,9,1.25,False,41500,1.7569444444444444,0,36,116,84,52,0,0,0,52,5,54,1.7916666666666667,86.0,0.0,True,False
288,4 4 18,48,16.0,9,1.25,False,42000,1.7569444444444444,0,36,116,84,52,0,0,0,52,5,54,1.7916666666666667,86.0,0.0,True,False
288,4 4 18,48,16.0,9,1.25,False,42500,1.7569444444444444,0,36,116,84,52,0,0,0,52,5,54,1.7916666666666667,86.0,0.0,True,False
288,4 4 18,48,16.0,9,1.25,False,43000,1.7291666666666667,0,32,112,96,48,0,0,0,48,4,80,1.9583333333333333,94.0,0.0,True,False
288,4 4 18,48,16.0,9,1.25,False,43500,1.7291666666666667,0,32,112,96,48,0,0,0,48,4,80,1.9583333333333333,94.0,0.0,True,False
288,4 4 18,48,16.0,9,1.25,False,44000,1.7291666666666667,0,32,112,96,48,0,0,0,48,4,80,1.9583333333333333,94.0,0.0,True,False
288,4 4 18,48,16.0,9,1.25,False,44500,1.6736111111111112,0,24,104,120,40,0,0,0,40,3,116,2.2916666666666665,110.0,0.0,True,False
288,4 4 18,48,16.0,9,1.25,False,45000,1.6458333333333333,0,20,100,132,36,0,0,0,36,3,128,2.4583333333333335,118.0,0.0,True,False
288,4 4 18,48,16.0,9,1.25,False,45500,1.4861111111111112,0,8,100,152,28,0,0,0,28,1,152,3.4166666666666665,164.0,0.0,True,False
288,4 4 18,48,16.0,9,1.25,False,46000,1.6527777777777777,0,8,100,140,40,0,0,0,40,1,140,2.4166666666666665,116.0,0.0,True,False
288,4 4 18,48,16.0,9,1.25,False,46500,1.6527777777777777,0,8,100,140,40,0,0,0,40,1,140,2.4166666666666665,116.0,0.0,True,False
288,4 4 18,48,16.0,9,1.25,False,47000,1.6527777777777777,0,8,100,140,40,0,0,0,40,1,140,2.4166666666666665,116.0,0.0,True,False
288,4 4 18,48,16.0,9,1.25,False,47500,1.5972222222222223,0,8,100,144,36,0,0,0,36,1,144,2.75,132.0,0.0,True,False
288,4 4 18,48,16.0,9,1.25,False,48000,1.6388888888888888,0,8,100,140,36,4,0,0,40,1,140,2.5,120.0,0.0,True,False
288,4 4 18,48,16.0,9,1.25,False,48500,1.5972222222222223,0,8,100,144,36,0,0,0,36,1,144,2.75,132.0,0.0,True,False
288,4 4 18,48,16.0,9,1.25,False,49000,1.6423611111111112,0,8,92,152,32,4,0,0,36,2,150,2.4791666666666665,119.0,0.0,True,False
288,4 4 18,48,16.0,9,1.25,False,49500,1.6423611111111112,0,8,92,152,32,4,0,0,36,2,150,2.4791666666666665,119.0,0.0,True,False
288,4 4 18,48,16.0,9,1.25,False,50000,1.6145833333333333,0,6,88,158,32,4,0,0,36,2,156,2.6458333333333335,127.0,0.0,True,False
288,4 4 18,48,16.0,9,1.25,False,50500,1.5972222222222223,0,8,100,144,36,0,0,0,36,1,144,2.75,132.0,0.0,True,False
288,4 4 18,48,16.0,9,1.25,False,51000,1.4861111111111112,0,8,100,152,28,0,0,0,28,1,152,3.4166666666666665,164.0,0.0,True,False
288,4 4 18,48,16.0,9,1.25,False,51500,1.5763888888888888,0,4,92,158,32,2,0,0,34,1,158,2.875,138.0,0.0,True,False
288,4 4 18,48,16.0,9,1.25,False,52000,1.5763888888888888,0,4,88,164,32,0,0,0,32,3,160,2.875,138.0,0.0,True,False
288,4 4 18,48,16.0,9,1.25,False,52500,1.5763888888888888,0,4,92,158,32,2,0,0,34,1,158,2.875,138.0,0.0,True,False
288,4 4 18,48,16.0,9,1.25,False,53000,1.5868055555555556,0,6,96,154,28,4,0,0,32,1,154,2.8125,135.0,0.0,True,False
288,4 4 18,48,16.0,9,1.25,False,53500,1.5486111111111112,0,8,94,152,34,0,0,0,34,2,150,3.0416666666666665,146.0,0.0,True,False
288,4 4 18,48,16.0,9,1.25,False,54000,1.5486111111111112,0,8,94,152,34,0,0,0,34,2,150,3.0416666666666665,146.0,0.0,True,False
288,4 4 18,48,16.0,9,1.25,False,54500,1.5486111111111112,0,8,94,152,34,0,0,0,34,2,150,3.0416666666666665,146.0,0.0,True,False
288,4 4 18,48,16.0,9,1.25,False,55000,1.5486111111111112,0,8,94,152,34,0,0,0,34,2,150,3.0416666666666665,146.0,0.0,True,False
288,4 4 18,48,16.0,9,1.25,False,55500,1.4861111111111112,0,8,100,152,28,0,0,0,28,1,152,3.4166666666666665,164.0,0.0,True,False
288,4 4 18,48,16.0,9,1.25,False,56000,1.4861111111111112,0,8,100,152,28,0,0,0,28,1,152,3.4166666666666665,164.0,0.0,True,False
288,4 4 18,48,16.0,9,1.25,False,56500,1.4861111111111112,0,8,100,152,28,0,0,0,28,1,152,3.4166666666666665,164.0,0.0,True,False
288,4 4 18,48,16.0,9,1.25,False,57000,1.4861111111111112,0,8,100,152,28,0,0,0,28,1,152,3.4166666666666665,164.0,0.0,True,False
288,4 4 18,48,16.0,9,1.25,False,57500,1.5625,0,8,96,154,28,2,0,0,30,1,154,2.9583333333333335,142.0,0.0,True,False
288,4 4 18,48,16.0,9,1.25,False,58000,1.4861111111111112,0,8,100,152,28,0,0,0,28,1,152,3.4166666666666665,164.0,0.0,True,False
288,4 4 18,48,16.0,9,1.25,False,58500,1.4861111111111112,0,8,100,152,28,0,0,0,28,1,152,3.4166666666666665,164.0,0.0,True,False
288,4 4 18,48,16.0,9,1.25,False,59000,1.4861111111111112,0,8,100,152,28,0,0,0,28,1,152,3.4166666666666665,164.0,0.0,True,False
288,4 4 18,48,16.0,9,1.25,False,59500,1.5486111111111112,0,8,94,152,34,0,0,0,34,2,150,3.0416666666666665,146.0,0.0,True,False
288,4 4 18,48,16.0,9,1.25,False,60000,1.4861111111111112,0,8,100,152,28,0,0,0,28,1,152,3.4166666666666665,164.0,0.0,True,False
288,4 4 18,48,16.0,9,1.25,False,60500,1.4861111111111112,0,8,100,152,28,0,0,0,28,1,152,3.4166666666666665,164.0,0.0,True,False
288,4 4 18,48,16.0,9,1.25,False,61000,1.4861111111111112,0,8,100,152,28,0,0,0,28,1,152,3.4166666666666665,164.0,0.0,True,False
288,4 4 18,48,16.0,9,1.25,False,61500,1.4861111111111112,0,8,100,152,28,0,0,0,28,1,152,3.4166666666666665,164.0,0.0,True,False
288,4 4 18,48,16.0,9,1.25,False,62000,1.5625,0,8,96,154,28,2,0,0,30,1,154,2.9583333333333335,142.0,0.0,True,False
288,4 4 18,48,16.0,9,1.25,False,62500,1.4861111111111112,0,8,100,152,28,0,0,0,28,1,152,3.4166666666666665,164.0,0.0,True,False
288,4 4 18,48,16.0,9,1.25,False,63000,1.4861111111111112,0,8,100,152,28,0,0,0,28,1,152,3.4166666666666665,164.0,0.0,True,False
288,4 4 18,48,16.0,9,1.25,False,63500,1.4861111111111112,0,8,100,152,28,0,0,0,28,1,152,3.4166666666666665,164.0,0.0,True,False
288,4 4 18,48,16.0,9,1.25,False,64000,1.4861111111111112,0,8,100,152,28,0,0,0,28,1,152,3.4166666666666665,164.0,0.0,True,False
288,4 4 18,48,16.0,9,1.25,False,64500,1.4861111111111112,0,8,100,152,28,0,0,0,28,1,152,3.4166666666666665,164.0,0.0,True,False
288,4 4 18,48,16.0,9,1.25,False,65000,1.4861111111111112,0,8,100,152,28,0,0,0,28,1,152,3.4166666666666665,164.0,0.0,True,False
288,4 4 18,48,16.0,9,1.25,False,65500,1.4861111111111112,0,8,100,152,28,0,0,0,28,1,152,3.4166666666666665,164.0,0.0,True,False
288,4 4 18,48,16.0,9,1.25,False,66000,1.4861111111111112,0,8,100,152,28,0,0,0,28,1,152,3.4166666666666665,164.0,0.0,True,False
288,4 4 18,48,16.0,9,1.25,False,66500,1.4861111111111112,0,8,100,152,28,0,0,0,28,1,152,3.4166666666666665,164.0,0.0,True,False
288,4 4 18,48,16.0,9,1.25,False,67000,1.4861111111111112,0,8,100,152,28,0,0,0,28,1,152,3.4166666666666665,164.0,0.0,True,False
288,4 4 18,48,16.0,9,1.25,False,67500,1.4861111111111112,0,8,100,152,28,0,0,0,28,1,152,3.4166666666666665,164.0,0.0,True,False
288,4 4 18,48,16.0,9,1.25,False,68000,1.4861111111111112,0,8,100,152,28,0,0,0,28,1,152,3.4166666666666665,164.0,0.0,True,False
288,4 4 18,48,16.0,9,1.25,False,68500,1.5486111111111112,0,8,94,152,34,0,0,0,34,2,150,3.0416666666666665,146.0,0.0,True,False
288,4 4 18,48,16.0,9,1.25,False,69000,1.4861111111111112,0,8,100,152,28,0,0,0,28,1,152,3.4166666666666665,164.0,0.0,True,False
288,4 4 18,48,16.0,9,1.25,False,69500,1.4861111111111112,0,8,100,152,28,0,0,0,28,1,152,3.4166666666666665,164.0,0.0,True,False
288,4 4 18,48,16.0,9,1.25,False,70000,1.4861111111111112,0,8,100,152,28,0,0,0,28,1,152,3.4166666666666665,164.0,0.0,True,False
288,4 4 18,48,16.0,9,1.25,False,70500,1.4861111111111112,0,8,100,152,28,0,0,0,28,1,152,3.4166666666666665,164.0,0.0,True,False
288,4 4 18,48,16.0,9,1.25,False,71000,1.4861111111111112,0,8,100,152,28,0,0,0,28,1,152,3.4166666666666665,164.0,0.0,True,False
288,4 4 18,48,16.0,9,1.25,False,71500,1.4861111111111112,0,8,100,152,28,0,0,0,28,1,152,3.4166666666666665,164.0,0.0,True,False
288,4 4 18,48,16.0,9,1.25,False,72000,1.4861111111111112,0,8,100,152,28,0,0,0,28,1,152,3.4166666666666665,164.0,0.0,True,False
288,4 4 18,48,16.0,9,1.25,False,72500,1.4861111111111112,0,8,100,152,28,0,0,0,28,1,152,3.4166666666666665,164.0,0.0,True,False
288,4 4 18,48,16.0,9,1.25,False,73000,1.4861111111111112,0,8,100,152,28,0,0,0,28,1,152,3.4166666666666665,164.0,0.0,True,False
288,4 4 18,48,16.0,9,1.25,False,73500,1.4861111111111112,0,8,100,152,28,0,0,0,28,1,152,3.4166666666666665,164.0,0.0,True,False
288,4 4 18,48,16.0,9,1.25,False,74000,1.4861111111111112,0,8,100,152,28,0,0,0,28,1,152,3.4166666666666665,164.0,0.0,True,False
288,4 4 18,48,16.0,9,1.25,False,74500,1.4861111111111112,0,8,100,152,28,0,0,0,28,1,152,3.4166666666666665,164.0,0.0,True,False
288,4 4 18,48,16.0,9,1.25,False,75000,1.5486111111111112,0,8,94,152,34,0,0,0,34,2,150,3.0416666666666665,146.0,0.0,True,False
288,4 4 18,48,16.0,9,1.25,False,75500,1.4861111111111112,0,8,100,152,28,0,0,0,28,1,152,3.4166666666666665,164.0,0.0,True,False
288,4 4 18,48,16.0,9,1.25,False,76000,1.5555555555555556,0,8,100,152,28,0,0,0,28,1,152,3.0,144.0,0.0,True,False
288,4 4 18,48,16.0,9,1.25,False,76500,1.5555555555555556,0,8,100,152,28,0,0,0,28,1,152,3.0,144.0,0.0,True,False
288,4 4 18,48,16.0,9,1.25,False,77000,1.4861111111111112,0,8,100,152,28,0,0,0,28,1,152,3.4166666666666665,164.0,0.0,True,False
288,4 4 18,48,16.0,9,1.25,False,77500,1.4861111111111112,0,8,100,152,28,0,0,0,28,1,152,3.4166666666666665,164.0,0.0,True,False
288,4 4 18,48,16.0,9,1.25,False,78000,1.4861111111111112,0,8,100,152,28,0,0,0,28,1,152,3.4166666666666665,164.0,0.0,True,False
288,4 4 18,48,16.0,9,1.25,False,78500,1.5902777777777777,0,10,102,142,34,0,0,0,34,1,142,2.7916666666666665,134.0,0.0,True,False
288,4 4 18,48,16.0,9,1.25,False,79000,1.5902777777777777,0,10,102,142,34,0,0,0,34,1,142,2.7916666666666665,134.0,0.0,True,False
288,4 4 18,48,16.0,9,1.25,False,79500,1.5833333333333333,0,12,104,140,32,0,0,0,32,1,140,2.8333333333333335,136.0,0.0,True,False
288,4 4 18,48,16.0,9,1.25,False,80000,1.4861111111111112,0,8,100,152,28,0,0,0,28,1,152,3.4166666666666665,164.0,0.0,True,False
288,4 4 18,48,16.0,9,1.25,False,80500,1.4861111111111112,0,8,100,152,28,0,0,0,28,1,152,3.4166666666666665,164.0,0.0,True,False
288,4 4 18,48,16.0,9,1.25,False,81000,1.5798611111111112,0,6,100,150,32,0,0,0,32,2,148,2.8541666666666665,137.0,0.0,True,False
288,4 4 18,48,16.0,9,1.25,False,81500,1.5763888888888888,0,4,88,164,32,0,0,0,32,3,160,2.875,138.0,0.0,True,False
288,4 4 18,48,16.0,9,1.25,False,82000,1.5798611111111112,0,6,100,150,32,0,0,0,32,2,148,2.8541666666666665,137.0,0.0,True,False
288,4 4 18,48,16.0,9,1.25,False,82500,1.5833333333333333,0,8,112,140,24,4,0,0,28,1,140,2.8333333333333335,136.0,0.0,True,False
288,4 4 18,48,16.0,9,1.25,False,83000,1.5798611111111112,0,6,100,150,32,0,0,0,32,2,148,2.8541666666666665,137.0,0.0,True,False
288,4 4 18,48,16.0,9,1.25,False,83500,1.5868055555555556,0,6,94,156,30,2,0,0,32,2,154,2.8125,135.0,0.0,True,False
288,4 4 18,48,16.0,9,1.25,False,84000,1.59375,0,6,88,160,32,2,0,0,34,2,158,2.7708333333333335,133.0,0.0,True,False
288,4 4 18,48,16.0,9,1.25,False,84500,1.59375,0,6,88,160,32,2,0,0,34,2,158,2.7708333333333335,133.0,0.0,True,False
288,4 4 18,48,16.0,9,1.25,False,85000,1.59375,0,6,88,160,32,2,0,0,34,2,158,2.7708333333333335,133.0,0.0,True,False
288,4 4 18,48,16.0,9,1.25,False,85500,1.59375,0,6,88,160,32,2,0,0,34,2,158,2.7708333333333335,133.0,0.0,True,False
288,4 4 18,48,16.0,9,1.25,False,86000,1.59375,0,6,88,160,32,2,0,0,34,2,158,2.7708333333333335,133.0,0.0,True,False
288,4 4 18,48,16.0,9,1.25,False,86500,1.5625,0,8,100,144,36,0,0,0,36,1,144,2.9583333333333335,142.0,0.0,True,False
288,4 4 18,48,16.0,9,1.25,False,87000,1.4861111111111112,0,8,100,152,28,0,0,0,28,1,152,3.4166666666666665,164.0,0.0,True,False
288,4 4 18,48,16.0,9,1.25,False,87500,1.4861111111111112,0,8,100,152,28,0,0,0,28,1,152,3.4166666666666665,164.0,0.0,True,False
288,4 4 18,48,16.0,9,1.25,False,88000,1.4861111111111112,0,8,100,152,28,0,0,0,28,1,152,3.4166666666666665,164.0,0.0,True,False
288,4 4 18,48,16.0,9,1.25,False,88500,1.4861111111111112,0,8,100,152,28,0,0,0,28,1,152,3.4166666666666665,164.0,0.0,True,False
288,4 4 18,48,16.0,9,1.25,False,89000,1.4861111111111112,0,8,100,152,28,0,0,0,28,1,152,3.4166666666666665,164.0,0.0,True,False
288,4 4 18,48,16.0,9,1.25,False,89500,1.4861111111111112,0,8,100,152,28,0,0,0,28,1,152,3.4166666666666665,164.0,0.0,True,False
288,4 4 18,48,16.0,9,1.25,False,90000,1.4861111111111112,0,8,100,152,28,0,0,0,28,1,152,3.4166666666666665,164.0,0.0,True,False
288,4 4 18,48,16.0,9,1.25,False,90500,1.4861111111111112,0,8,100,152,28,0,0,0,28,1,152,3.4166666666666665,164.0,0.0,True,False
288,4 4 18,48,16.0,9,1.25,False,91000,1.4861111111111112,0,8,100,152,28,0,0,0,28,1,152,3.4166666666666665,164.0,0.0,True,False
288,4 4 18,48,16.0,9,1.25,False,91500,1.4861111111111112,0,8,100,152,28,0,0,0,28,1,152,3.4166666666666665,164.0,0.0,True,False
288,4 4 18,48,16.0,9,1.25,False,92000,1.4861111111111112,0,8,100,152,28,0,0,0,28,1,152,3.4166666666666665,164.0,0.0,True,False
288,4 4 18,48,16.0,9,1.25,False,92500,1.4861111111111112,0,8,100,152,28,0,0,0,28,1,152,3.4166666666666665,164.0,0.0,True,False
288,4 4 18,48,16.0,9,1.25,False,93000,1.4861111111111112,0,8,100,152,28,0,0,0,28,1,152,3.4166666666666665,164.0,0.0,True,False
288,4 4 18,48,16.0,9,1.25,False,93500,1.4861111111111112,0,8,100,152,28,0,0,0,28,1,152,3.4166666666666665,164.0,0.0,True,False
288,4 4 18,48,16.0,9,1.25,False,94000,1.5486111111111112,0,8,94,152,34,0,0,0,34,2,150,3.0416666666666665,146.0,0.0,True,False
288,4 4 18,48,16.0,9,1.25,False,94500,1.5486111111111112,0,8,94,152,34,0,0,0,34,2,150,3.0416666666666665,146.0,0.0,True,False
288,4 4 18,48,16.0,9,1.25,False,95000,1.4861111111111112,0,8,100,152,28,0,0,0,28,1,152,3.4166666666666665,164.0,0.0,True,False
288,4 4 18,48,16.0,9,1.25,False,95500,1.4861111111111112,0,8,100,152,28,0,0,0,28,1,152,3.4166666666666665,164.0,0.0,True,False
288,4 4 18,48,16.0,9,1.25,False,96000,1.5486111111111112,0,8,94,152,34,0,0,0,34,2,150,3.0416666666666665,146.0,0.0,True,False
288,4 4 18,48,16.0,9,1.25,False,96500,1.5486111111111112,0,8,94,152,34,0,0,0,34,2,150,3.0416666666666665,146.0,0.0,True,False
288,4 4 18,48,16.0,9,1.25,False,97000,1.4861111111111112,0,8,100,152,28,0,0,0,28,1,152,3.4166666666666665,164.0,0.0,True,False
288,4 4 18,48,16.0,9,1.25,False,97500,1.4861111111111112,0,8,100,152,28,0,0,0,28,1,152,3.4166666666666665,164.0,0.0,True,False
288,4 4 18,48,16.0,9,1.25,False,98000,1.4861111111111112,0,8,100,152,28,0,0,0,28,1,152,3.4166666666666665,164.0,0.0,True,False
288,4 4 18,48,16.0,9,1.25,False,98500,1.4861111111111112,0,8,100,152,28,0,0,0,28,1,152,3.4166666666666665,164.0,0.0,True,False
288,4 4 18,48,16.0,9,1.25,False,99000,1.4861111111111112,0,8,100,152,28,0,0,0,28,1,152,3.4166666666666665,164.0,0.0,True,False
288,4 4 18,48,16.0,9,1.25,False,99500,1.4861111111111112,0,8,100,152,28,0,0,0,28,1,152,3.4166666666666665,164.0,0.0,True,False
288,4 4 18,48,16.0,9,1.25,False,100000,1.5625,0,8,100,144,36,0,0,0,36,1,144,2.9583333333333335,142.0,0.0,True,False
288,4 4 18,48,16.0,9,1.25,False,100500,1.4861111111111112,0,8,100,152,28,0,0,0,28,1,152,3.4166666666666665,164.0,0.0,True,False
288,4 4 18,48,16.0,9,1.25,False,101000,1.4861111111111112,0,8,100,152,28,0,0,0,28,1,152,3.4166666666666665,164.0,0.0,True,False
288,4 4 18,48,16.0,9,1.25,False,101500,1.4861111111111112,0,8,100,152,28,0,0,0,28,1,152,3.4166666666666665,164.0,0.0,True,False
288,4 4 18,48,16.0,9,1.25,False,102000,1.5625,0,8,100,144,36,0,0,0,36,1,144,2.9583333333333335,142.0,0.0,True,False
288,4 4 18,48,16.0,9,1.25,False,102500,1.5625,0,8,100,144,36,0,0,0,36,1,144,2.9583333333333335,142.0,0.0,True,False
288,4 4 18,48,16.0,9,1.25,False,103000,1.5625,0,8,100,144,36,0,0,0,36,1,144,2.9583333333333335,142.0,0.0,True,False
288,4 4 18,48,16.0,9,1.25,False,103500,1.5902777777777777,0,10,102,142,34,0,0,0,34,1,142,2.7916666666666665,134.0,0.0,True,False
288,4 4 18,48,16.0,9,1.25,False,104000,1.4861111111111112,0,8,100,152,28,0,0,0,28,1,152,3.4166666666666665,164.0,0.0,True,False
288,4 4 18,48,16.0,9,1.25,False,104500,1.4861111111111112,0,8,100,152,28,0,0,0,28,1,152,3.4166666666666665,164.0,0.0,True,False
288,4 4 18,48,16.0,9,1.25,False,105000,1.4861111111111112,0,8,100,152,28,0,0,0,28,1,152,3.4166666666666665,164.0,0.0,True,False
288,4 4 18,48,16.0,9,1.25,False,105500,1.4861111111111112,0,8,100,152,28,0,0,0,28,1,152,3.4166666666666665,164.0,0.0,True,False
288,4 4 18,48,16.0,9,1.25,False,106000,1.5555555555555556,0,8,100,152,28,0,0,0,28,1,152,3.0,144.0,0.0,True,False
288,4 4 18,48,16.0,9,1.25,False,106500,1.5555555555555556,0,8,100,152,28,0,0,0,28,1,152,3.0,144.0,0.0,True,False
288,4 4 18,48,16.0,9,1.25,False,107000,1.5555555555555556,0,8,100,152,28,0,0,0,28,1,152,3.0,144.0,0.0,True,False
288,4 4 18,48,16.0,9,1.25,False,107500,1.4861111111111112,0,8,100,152,28,0,0,0,28,1,152,3.4166666666666665,164.0,0.0,True,False
288,4 4 18,48,16.0,9,1.25,False,108000,1.4861111111111112,0,8,100,152,28,0,0,0,28,1,152,3.4166666666666665,164.0,0.0,True,False
288,4 4 18,48,16.0,9,1.25,False,108500,1.4861111111111112,0,8,100,152,28,0,0,0,28,1,152,3.4166666666666665,164.0,0.0,True,False
288,4 4 18,48,16.0,9,1.25,False,109000,1.5486111111111112,0,8,94,152,34,0,0,0,34,2,150,3.0416666666666665,146.0,0.0,True,False
288,4 4 18,48,16.0,9,1.25,False,109500,1.4861111111111112,0,8,100,152,28,0,0,0,28,1,152,3.4166666666666665,164.0,0.0,True,False
288,4 4 18,48,16.0,9,1.25,False,110000,1.4861111111111112,0,8,100,152,28,0,0,0,28,1,152,3.4166666666666665,164.0,0.0,True,False
288,4 4 18,48,16.0,9,1.25,False,110500,1.4861111111111112,0,8,100,152,28,0,0,0,28,1,152,3.4166666666666665,164.0,0.0,True,False
288,4 4 18,48,16.0,9,1.25,False,111000,1.4861111111111112,0,8,100,152,28,0,0,0,28,1,152,3.4166666666666665,164.0,0.0,True,False
288,4 4 18,48,16.0,9,1.25,False,111500,1.4861111111111112,0,8,100,152,28,0,0,0,28,1,152,3.4166666666666665,164.0,0.0,True,False
288,4 4 18,48,16.0,9,1.25,False,112000,1.4861111111111112,0,8,100,152,28,0,0,0,28,1,152,3.4166666666666665,164.0,0.0,True,False
288,4 4 18,48,16.0,9,1.25,False,112500,1.4861111111111112,0,8,100,152,28,0,0,0,28,1,152,3.4166666666666665,164.0,0.0,True,False
288,4 4 18,48,16.0,9,1.25,False,113000,1.5486111111111112,0,8,94,152,34,0,0,0,34,2,150,3.0416666666666665,146.0,0.0,True,False
288,4 4 18,48,16.0,9,1.25,False,113500,1.4861111111111112,0,8,100,152,28,0,0,0,28,1,152,3.4166666666666665,164.0,0.0,True,False
288,4 4 18,48,16.0,9,1.25,False,114000,1.4861111111111112,0,8,100,152,28,0,0,0,28,1,152,3.4166666666666665,164.0,0.0,True,False
288,4 4 18,48,16.0,9,1.25,False,114500,1.4861111111111112,0,8,100,152,28,0,0,0,28,1,152,3.4166666666666665,164.0,0.0,True,False
288,4 4 18,48,16.0,9,1.25,False,115000,1.4861111111111112,0,8,100,152,28,0,0,0,28,1,152,3.4166666666666665,164.0,0.0,True,False
288,4 4 18,48,16.0,9,1.25,False,115500,1.4861111111111112,0,8,100,152,28,0,0,0,28,1,152,3.4166666666666665,164.0,0.0,True,False
288,4 4 18,48,16.0,9,1.25,False,116000,1.4861111111111112,0,8,100,152,28,0,0,0,28,1,152,3.4166666666666665,164.0,0.0,True,False
288,4 4 18,48,16.0,9,1.25,False,116500,1.4861111111111112,0,8,100,152,28,0,0,0,28,1,152,3.4166666666666665,164.0,0.0,True,False
288,4 4 18,48,16.0,9,1.25,False,117000,1.5486111111111112,0,8,94,152,34,0,0,0,34,2,150,3.0416666666666665,146.0,0.0,True,False
288,4 4 18,48,16.0,9,1.25,False,117500,1.5486111111111112,0,8,94,152,34,0,0,0,34,2,150,3.0416666666666665,146.0,0.0,True,False
288,4 4 18,48,16.0,9,1.25,False,118000,1.5486111111111112,0,8,94,152,34,0,0,0,34,2,150,3.0416666666666665,146.0,0.0,True,False
288,4 4 18,48,16.0,9,1.25,False,118500,1.4861111111111112,0,8,100,152,28,0,0,0,28,1,152,3.4166666666666665,164.0,0.0,True,False
288,4 4 18,48,16.0,9,1.25,False,119000,1.4861111111111112,0,8,100,152,28,0,0,0,28,1,152,3.4166666666666665,164.0,0.0,True,False
288,4 4 18,48,16.0,9,1.25,False,119500,1.4861111111111112,0,8,100,152,28,0,0,0,28,1,152,3.4166666666666665,164.0,0.0,True,False
288,4 4 18,48,16.0,9,1.25,False,120000,1.4861111111111112,0,8,100,152,28,0,0,0,28,1,152,3.4166666666666665,164.0,0.0,True,False
288,4 4 18,48,16.0,9,1.25,False,120500,1.4861111111111112,0,8,100,152,28,0,0,0,28,1,152,3.4166666666666665,164.0,0.0,True,False
288,4 4 18,48,16.0,9,1.25,False,121000,1.4861111111111112,0,8,100,152,28,0,0,0,28,1,152,3.4166666666666665,164.0,0.0,True,False
288,4 4 18,48,16.0,9,1.25,False,121500,1.4861111111111112,0,8,100,152,28,0,0,0,28,1,152,3.4166666666666665,164.0,0.0,True,False
288,4 4 18,48,16.0,9,1.25,False,122000,1.4861111111111112,0,8,100,152,28,0,0,0,28,1,152,3.4166666666666665,164.0,0.0,True,False
288,4 4 18,48,16.0,9,1.25,False,122500,1.4861111111111112,0,8,100,152,28,0,0,0,28,1,152,3.4166666666666665,164.0,0.0,True,False
288,4 4 18,48,16.0,9,1.25,False,123000,1.4861111111111112,0,8,100,152,28,0,0,0,28,1,152,3.4166666666666665,164.0,0.0,True,False
288,4 4 18,48,16.0,9,1.25,False,123500,1.4861111111111112,0,8,100,152,28,0,0,0,28,1,152,3.4166666666666665,164.0,0.0,True,False
288,4 4 18,48,16.0,9,1.25,False,124000,1.4861111111111112,0,8,100,152,28,0,0,0,28,1,152,3.4166666666666665,164.0,0.0,True,False
288,4 4 18,48,16.0,9,1.25,False,124500,1.4861111111111112,0,8,100,152,28,0,0,0,28,1,152,3.4166666666666665,164.0,0.0,True,False
288,4 4 18,48,16.0,9,1.25,False,125000,1.4861111111111112,0,8,100,152,28,0,0,0,28,1,152,3.4166666666666665,164.0,0.0,True,False
288,4 4 18,48,16.0,9,1.25,False,125500,1.4861111111111112,0,8,100,152,28,0,0,0,28,1,152,3.4166666666666665,164.0,0.0,True,False
288,4 4 18,48,16.0,9,1.25,False,126000,1.4861111111111112,0,8,100,152,28,0,0,0,28,1,152,3.4166666666666665,164.0,0.0,True,False
288,4 4 18,48,16.0,9,1.25,False,126500,1.4861111111111112,0,8,100,152,28,0,0,0,28,1,152,3.4166666666666665,164.0,0.0,True,False
288,4 4 18,48,16.0,9,1.25,False,127000,1.5486111111111112,0,8,94,152,34,0,0,0,34,2,150,3.0416666666666665,146.0,0.0,True,False
288,4 4 18,48,16.0,9,1.25,False,127500,1.4861111111111112,0,8,100,152,28,0,0,0,28,1,152,3.4166666666666665,164.0,0.0,True,False
288,4 4 18,48,16.0,9,1.25,False,128000,1.5486111111111112,0,8,94,152,34,0,0,0,34,2,150,3.0416666666666665,146.0,0.0,True,False
288,4 4 18,48,16.0,9,1.25,False,128500,1.4861111111111112,0,8,100,152,28,0,0,0,28,1,152,3.4166666666666665,164.0,0.0,True,False
288,4 4 18,48,16.0,9,1.25,False,129000,1.4861111111111112,0,8,100,152,28,0,0,0,28,1,152,3.4166666666666665,164.0,0.0,True,False
288,4 4 18,48,16.0,9,1.25,False,129500,1.4861111111111112,0,8,100,152,28,0,0,0,28,1,152,3.4166666666666665,164.0,0.0,True,False
288,4 4 18,48,16.0,9,1.25,False,130000,1.5833333333333333,0,4,104,150,24,6,0,0,30,1,150,2.8333333333333335,136.0,0.0,True,False
288,4 4 18,48,16.0,9,1.25,False,130500,1.4861111111111112,0,8,100,152,28,0,0,0,28,1,152,3.4166666666666665,164.0,0.0,True,False
288,4 4 18,48,16.0,9,1.25,False,131000,1.5868055555555556,0,6,94,156,30,2,0,0,32,2,154,2.8125,135.0,0.0,True,False
288,4 4 18,48,16.0,9,1.25,False,131500,1.5798611111111112,0,6,100,150,32,0,0,0,32,2,148,2.8541666666666665,137.0,0.0,True,False
288,4 4 18,48,16.0,9,1.25,False,132000,1.5798611111111112,0,6,100,150,32,0,0,0,32,2,148,2.8541666666666665,137.0,0.0,True,False
288,4 4 18,48,16.0,9,1.25,False,132500,1.5798611111111112,0,6,100,150,32,0,0,0,32,2,148,2.8541666666666665,137.0,0.0,True,False
288,4 4 18,48,16.0,9,1.25,False,133000,1.5868055555555556,0,6,94,156,30,2,0,0,32,2,154,2.8125,135.0,0.0,True,False
288,4 4 18,48,16.0,9,1.25,False,133500,1.59375,0,6,88,160,32,2,0,0,34,2,158,2.7708333333333335,133.0,0.0,True,False
288,4 4 18,48,16.0,9,1.25,False,134000,1.5868055555555556,0,6,96,154,28,4,0,0,32,1,154,2.8125,135.0,0.0,True,False
288,4 4 18,48,16.0,9,1.25,False,134500,1.5486111111111112,0,4,76,180,28,0,0,0,28,3,176,3.0416666666666665,146.0,0.0,True,False
288,4 4 18,48,16.0,9,1.25,False,135000,1.5208333333333333,0,4,64,196,24,0,0,0,24,3,192,3.2083333333333335,154.0,0.0,True,False
288,4 4 18,48,16.0,9,1.25,False,135500,1.5208333333333333,0,4,64,196,24,0,0,0,24,3,192,3.2083333333333335,154.0,0.0,True,False
288,4 4 18,48,16.0,9,1.25,False,136000,1.5486111111111112,0,4,76,180,28,0,0,0,28,3,176,3.0416666666666665,146.0,0.0,True,False
288,4 4 18,48,16.0,9,1.25,False,136500,1.5486111111111112,0,4,76,180,28,0,0,0,28,3,176,3.0416666666666665,146.0,0.0,True,False
288,4 4 18,48,16.0,9,1.25,False,137000,1.5486111111111112,0,4,76,180,28,0,0,0,28,3,176,3.0416666666666665,146.0,0.0,True,False
288,4 4 18,48,16.0,9,1.25,False,137500,1.5208333333333333,0,4,64,196,24,0,0,0,24,3,192,3.2083333333333335,154.0,0.0,True,False
288,4 4 18,48,16.0,9,1.25,False,138000,1.5208333333333333,0,4,64,196,24,0,0,0,24,3,192,3.2083333333333335,154.0,0.0,True,False
288,4 4 18,48,16.0,9,1.25,False,138500,1.5208333333333333,0,4,64,196,24,0,0,0,24,3,192,3.2083333333333335,154.0,0.0,True,False
288,4 4 18,48,16.0,9,1.25,False,139000,1.5208333333333333,0,4,64,196,24,0,0,0,24,3,192,3.2083333333333335,154.0,0.0,True,False
288,4 4 18,48,16.0,9,1.25,False,139500,1.5486111111111112,0,4,52,208,24,0,0,0,24,3,204,3.0416666666666665,146.0,0.0,True,False
288,4 4 18,48,16.0,9,1.25,False,140000,1.5486111111111112,0,4,52,208,24,0,0,0,24,3,204,3.0416666666666665,146.0,0.0,True,False
288,4 4 18,48,16.0,9,1.25,False,140500,1.5486111111111112,0,4,52,208,24,0,0,0,24,3,204,3.0416666666666665,146.0,0.0,True,False
288,4 4 18,48,16.0,9,1.25,False,141000,1.5486111111111112,0,4,52,208,24,0,0,0,24,3,204,3.0416666666666665,146.0,0.0,True,False
288,4 4 18,48,16.0,9,1.25,False,141500,1.4097222222222223,0,4,16,260,8,0,0,0,8,3,256,3.875,186.0,0.0,True,False
288,4 4 18,48,16.0,9,1.25,False,142000,1.4652777777777777,0,4,16,256,12,0,0,0,12,3,252,3.5416666666666665,170.0,0.0,True,False
288,4 4 18,48,16.0,9,1.25,False,142500,1.4097222222222223,0,4,16,260,8,0,0,0,8,3,256,3.875,186.0,0.0,True,False
288,4 4 18,48,16.0,9,1.25,False,143000,1.4097222222222223,0,4,16,260,8,0,0,0,8,3,256,3.875,186.0,0.0,True,False
288,4 4 18,48,16.0,9,1.25,False,143500,1.3472222222222223,0,0,12,272,4,0,0,0,4,1,272,4.25,204.0,0.0,True,False
288,4 4 18,48,16.0,9,1.25,False,144000,1.25,0,0,0,288,0,0,0,0,0,1,288,4.833333333333333,232.0,0.0,True,False
288,4 4 18,48,16.0,9,1.25,False,144500,1.3611111111111112,0,0,0,280,8,0,0,0,8,1,280,4.166666666666667,200.0,0.0,True,False
288,4 4 18,48,16.0,9,1.25,False,145000,1.3611111111111112,0,0,0,280,8,0,0,0,8,1,280,4.166666666666667,200.0,0.0,True,False
288,4 4 18,48,16.0,9,1.25,False,145500,1.4097222222222223,0,0,12,260,16,0,0,0,16,1,260,3.875,186.0,0.0,True,False
288,4 4 18,48,16.0,9,1.25,False,146000,1.4236111111111112,0,0,0,268,20,0,0,0,20,1,268,3.7916666666666665,182.0,0.0,True,False
288,4 4 18,48,16.0,9,1.25,False,146500,1.4027777777777777,0,0,0,272,16,0,0,0,16,1,272,3.9166666666666665,188.0,0.0,True,False
288,4 4 18,48,16.0,9,1.25,False,147000,1.3819444444444444,0,0,0,276,12,0,0,0,12,1,276,4.041666666666667,194.0,0.0,True,False
288,4 4 18,48,16.0,9,1.25,False,147500,1.4583333333333333,0,0,0,272,12,4,0,0,16,1,272,3.5833333333333335,172.0,0.0,True,False
288,4 4 18,48,16.0,9,1.25,False,148000,1.4583333333333333,0,0,0,270,16,2,0,0,18,1,270,3.5833333333333335,172.0,0.0,True,False
288,4 4 18,48,16.0,9,1.25,False,148500,1.3819444444444444,0,0,0,276,12,0,0,0,12,1,276,4.041666666666667,194.0,0.0,True,False
288,4 4 18,48,16.0,9,1.25,False,149000,1.3888888888888888,0,0,12,264,12,0,0,0,12,1,264,4.0,192.0,0.0,True,False
288,4 4 18,48,16.0,9,1.25,False,149500,1.3888888888888888,0,0,12,264,12,0,0,0,12,1,264,4.0,192.0,0.0,True,False
288,4 4 18,48,16.0,9,1.25,False,150000,1.3611111111111112,0,0,0,280,8,0,0,0,8,1,280,4.166666666666667,200.0,0.0,True,False
288,4 4 18,48,16.0,9,1.25,False,150500,1.3194444444444444,0,0,0,288,0,0,0,0,0,1,288,4.416666666666667,212.0,0.0,True,False
288,4 4 18,48,16.0,9,1.25,False,151000,1.25,0,0,0,288,0,0,0,0,0,1,288,4.833333333333333,232.0,0.0,True,False
288,4 4 18,48,16.0,9,1.25,False,151500,1.25,0,0,0,288,0,0,0,0,0,1,288,4.833333333333333,232.0,0.0,True,False
288,4 4 18,48,16.0,9,1.25,False,152000,1.3680555555555556,0,0,12,268,8,0,0,0,8,1,268,4.125,198.0,0.0,True,False
288,4 4 18,48,16.0,9,1.25,False,152500,1.3611111111111112,0,0,0,280,8,0,0,0,8,1,280,4.166666666666667,200.0,0.0,True,False
288,4 4 18,48,16.0,9,1.25,False,153000,1.3611111111111112,0,0,0,280,8,0,0,0,8,1,280,4.166666666666667,200.0,0.0,True,False
288,4 4 18,48,16.0,9,1.25,False,153500,1.25,0,0,0,288,0,0,0,0,0,1,288,4.833333333333333,232.0,0.0,True,False
288,4 4 18,48,16.0,9,1.25,False,154000,1.3819444444444444,0,0,0,276,12,0,0,0,12,1,276,4.041666666666667,194.0,0.0,True,False
288,4 4 18,48,16.0,9,1.25,False,154500,1.4513888888888888,0,0,0,276,12,0,0,0,12,1,276,3.625,174.0,0.0,True,False
288,4 4 18,48,16.0,9,1.25,False,155000,1.4305555555555556,0,0,0,280,8,0,0,0,8,1,280,3.75,180.0,0.0,True,False
288,4 4 18,48,16.0,9,1.25,False,155500,1.4305555555555556,0,0,0,280,8,0,0,0,8,1,280,3.75,180.0,0.0,True,False
288,4 4 18,48,16.0,9,1.25,False,156000,1.3194444444444444,0,0,0,288,0,0,0,0,0,1,288,4.416666666666667,212.0,0.0,True,False
288,4 4 18,48,16.0,9,1.25,False,156500,1.25,0,0,0,288,0,0,0,0,0,1,288,4.833333333333333,232.0,0.0,True,False
288,4 4 18,48,16.0,9,1.25,False,157000,1.3611111111111112,0,0,0,280,8,0,0,0,8,1,280,4.166666666666667,200.0,0.0,True,False
288,4 4 18,48,16.0,9,1.25,False,157500,1.3611111111111112,0,0,0,280,8,0,0,0,8,1,280,4.166666666666667,200.0,0.0,True,False
288,4 4 18,48,16.0,9,1.25,False,158000,1.25,0,0,0,288,0,0,0,0,0,1,288,4.833333333333333,232.0,0.0,True,False
288,4 4 18,48,16.0,9,1.25,False,158500,1.3611111111111112,0,0,0,280,8,0,0,0,8,1,280,4.166666666666667,200.0,0.0,True,False
288,4 4 18,48,16.0,9,1.25,False,159000,1.3611111111111112,0,0,0,280,8,0,0,0,8,1,280,4.166666666666667,200.0,0.0,True,False
288,4 4 18,48,16.0,9,1.25,False,159500,1.25,0,0,0,288,0,0,0,0,0,1,288,4.833333333333333,232.0,0.0,True,False
288,4 4 18,48,16.0,9,1.25,False,160000,1.4375,0,0,0,272,16,0,0,0,16,1,272,3.7083333333333335,178.0,0.0,True,False
288,4 4 18,48,16.0,9,1.25,False,160500,1.3819444444444444,0,0,0,276,12,0,0,0,12,1,276,4.041666666666667,194.0,0.0,True,False
288,4 4 18,48,16.0,9,1.25,False,161000,1.4583333333333333,0,0,0,268,20,0,0,0,20,1,268,3.5833333333333335,172.0,0.0,True,False
288,4 4 18,48,16.0,9,1.25,False,161500,1.3819444444444444,0,0,0,276,12,0,0,0,12,1,276,4.041666666666667,194.0,0.0,True,False
288,4 4 18,48,16.0,9,1.25,False,162000,1.4583333333333333,0,0,0,268,20,0,0,0,20,1,268,3.5833333333333335,172.0,0.0,True,False
288,4 4 18,48,16.0,9,1.25,False,162500,1.4375,0,0,0,272,16,0,0,0,16,1,272,3.7083333333333335,178.0,0.0,True,False
288,4 4 18,48,16.0,9,1.25,False,163000,1.25,0,0,0,288,0,0,0,0,0,1,288,4.833333333333333,232.0,0.0,True,False
288,4 4 18,48,16.0,9,1.25,False,163500,1.3194444444444444,0,0,0,288,0,0,0,0,0,1,288,4.416666666666667,212.0,0.0,True,False
288,4 4 18,48,16.0,9,1.25,False,164000,1.4305555555555556,0,0,0,280,8,0,0,0,8,1,280,3.75,180.0,0.0,True,False
288,4 4 18,48,16.0,9,1.25,False,164500,1.5069444444444444,0,0,0,272,16,0,0,0,16,1,272,3.2916666666666665,158.0,0.0,True,False
288,4 4 18,48,16.0,9,1.25,False,165000,1.4375,0,0,0,272,16,0,0,0,16,1,272,3.7083333333333335,178.0,0.0,True,False
288,4 4 18,48,16.0,9,1.25,False,165500,1.4375,0,0,0,272,16,0,0,0,16,1,272,3.7083333333333335,178.0,0.0,True,False
288,4 4 18,48,16.0,9,1.25,False,166000,1.3194444444444444,0,0,0,288,0,0,0,0,0,1,288,4.416666666666667,212.0,0.0,True,False
288,4 4 18,48,16.0,9,1.25,False,166500,1.3263888888888888,0,0,0,280,8,0,0,0,8,1,280,4.375,210.0,0.0,True,False
288,4 4 18,48,16.0,9,1.25,False,167000,1.3263888888888888,0,0,0,280,8,0,0,0,8,1,280,4.375,210.0,0.0,True,False
288,4 4 18,48,16.0,9,1.25,False,167500,1.3263888888888888,0,0,0,280,8,0,0,0,8,1,280,4.375,210.0,0.0,True,False
288,4 4 18,48,16.0,9,1.25,False,168000,1.3194444444444444,0,0,0,288,0,0,0,0,0,1,288,4.416666666666667,212.0,0.0,True,False
288,4 4 18,48,16.0,9,1.25,False,168500,1.3888888888888888,0,0,6,276,6,0,0,0,6,1,276,4.0,192.0,0.0,True,False
288,4 4 18,48,16.0,9,1.25,False,169000,1.4166666666666667,0,0,12,272,4,0,0,0,4,1,272,3.8333333333333335,184.0,0.0,True,False
288,4 4 18,48,16.0,9,1.25,False,169500,1.25,0,0,0,288,0,0,0,0,0,1,288,4.833333333333333,232.0,0.0,True,False
288,4 4 18,48,16.0,9,1.25,False,170000,1.3888888888888888,0,0,0,288,0,0,0,0,0,1,288,4.0,192.0,0.0,True,False
288,4 4 18,48,16.0,9,1.25,False,170500,1.3611111111111112,0,0,0,280,8,0,0,0,8,1,280,4.166666666666667,200.0,0.0,True,False
288,4 4 18,48,16.0,9,1.25,False,171000,1.4791666666666667,0,0,12,260,16,0,0,0,16,1,260,3.4583333333333335,166.0,0.0,True,False
288,4 4 18,48,16.0,9,1.25,False,171500,1.4791666666666667,0,0,12,260,16,0,0,0,16,1,260,3.4583333333333335,166.0,0.0,True,False
288,4 4 18,48,16.0,9,1.25,False,172000,1.5347222222222223,0,0,12,256,20,0,0,0,20,1,256,3.125,150.0,0.0,True,False
288,4 4 18,48,16.0,9,1.25,False,172500,1.4444444444444444,0,0,12,260,16,0,0,0,16,1,260,3.6666666666666665,176.0,0.0,True,False
288,4 4 18,48,16.0,9,1.25,False,173000,1.4027777777777777,0,0,12,268,8,0,0,0,8,1,268,3.9166666666666665,188.0,0.0,True,False
288,4 4 18,48,16.0,9,1.25,False,173500,1.3611111111111112,0,0,0,280,8,0,0,0,8,1,280,4.166666666666667,200.0,0.0,True,False
288,4 4 18,48,16.0,9,1.25,False,174000,1.3611111111111112,0,0,0,280,8,0,0,0,8,1,280,4.166666666666667,200.0,0.0,True,False
288,4 4 18,48,16.0,9,1.25,False,174500,1.3611111111111112,0,0,0,280,8,0,0,0,8,1,280,4.166666666666667,200.0,0.0,True,False
288,4 4 18,48,16.0,9,1.25,False,175000,1.3611111111111112,0,0,0,280,8,0,0,0,8,1,280,4.166666666666667,200.0,0.0,True,False
288,4 4 18,48,16.0,9,1.25,False,175500,1.25,0,0,0,288,0,0,0,0,0,1,288,4.833333333333333,232.0,0.0,True,False
288,4 4 18,48,16.0,9,1.25,False,176000,1.3611111111111112,0,0,0,280,8,0,0,0,8,1,280,4.166666666666667,200.0,0.0,True,False
288,4 4 18,48,16.0,9,1.25,False,176500,1.3680555555555556,0,0,12,268,8,0,0,0,8,1,268,4.125,198.0,0.0,True,False
288,4 4 18,48,16.0,9,1.25,False,177000,1.3611111111111112,0,0,0,280,8,0,0,0,8,1,280,4.166666666666667,200.0,0.0,True,False
288,4 4 18,48,16.0,9,1.25,False,177500,1.3611111111111112,0,0,0,280,8,0,0,0,8,1,280,4.166666666666667,200.0,0.0,True,False
288,4 4 18,48,16.0,9,1.25,False,178000,1.4236111111111112,0,0,12,264,12,0,0,0,12,1,264,3.7916666666666665,182.0,0.0,True,False
288,4 4 18,48,16.0,9,1.25,False,178500,1.4027777777777777,0,0,12,268,8,0,0,0,8,1,268,3.9166666666666665,188.0,0.0,True,False
288,4 4 18,48,16.0,9,1.25,False,179000,1.3611111111111112,0,0,0,280,8,0,0,0,8,1,280,4.166666666666667,200.0,0.0,True,False
288,4 4 18,48,16.0,9,1.25,False,179500,1.3194444444444444,0,0,0,288,0,0,0,0,0,1,288,4.416666666666667,212.0,0.0,True,False
288,4 4 18,48,16.0,9,1.25,False,180000,1.4305555555555556,0,0,0,280,8,0,0,0,8,1,280,3.75,180.0,0.0,True,False
288,4 4 18,48,16.0,9,1.25,False,180500,1.3819444444444444,0,0,0,276,12,0,0,0,12,1,276,4.041666666666667,194.0,0.0,True,False
288,4 4 18,48,16.0,9,1.25,False,181000,1.4930555555555556,0,0,0,268,20,0,0,0,20,1,268,3.375,162.0,0.0,True,False
288,4 4 18,48,16.0,9,1.25,False,181500,1.4375,0,0,0,272,16,0,0,0,16,1,272,3.7083333333333335,178.0,0.0,True,False
288,4 4 18,48,16.0,9,1.25,False,182000,1.3958333333333333,0,0,0,280,8,0,0,0,8,1,280,3.9583333333333335,190.0,0.0,True,False
288,4 4 18,48,16.0,9,1.25,False,182500,1.3263888888888888,0,0,0,280,8,0,0,0,8,1,280,4.375,210.0,0.0,True,False
288,4 4 18,48,16.0,9,1.25,False,183000,1.3263888888888888,0,0,0,280,8,0,0,0,8,1,280,4.375,210.0,0.0,True,False
288,4 4 18,48,16.0,9,1.25,False,183500,1.25,0,0,0,288,0,0,0,0,0,1,288,4.833333333333333,232.0,0.0,True,False
288,4 4 18,48,16.0,9,1.25,False,184000,1.3194444444444444,0,0,0,288,0,0,0,0,0,1,288,4.416666666666667,212.0,0.0,True,False
288,4 4 18,48,16.0,9,1.25,False,184500,1.3194444444444444,0,0,0,288,0,0,0,0,0,1,288,4.416666666666667,212.0,0.0,True,False
288,4 4 18,48,16.0,9,1.25,False,185000,1.3611111111111112,0,0,0,280,8,0,0,0,8,1,280,4.166666666666667,200.0,0.0,True,False
288,4 4 18,48,16.0,9,1.25,False,185500,1.4375,0,0,0,272,16,0,0,0,16,1,272,3.7083333333333335,178.0,0.0,True,False
288,4 4 18,48,16.0,9,1.25,False,186000,1.3958333333333333,0,0,4,272,12,0,0,0,12,1,272,3.9583333333333335,190.0,0.0,True,False
288,4 4 18,48,16.0,9,1.25,False,186500,1.25,0,0,0,288,0,0,0,0,0,1,288,4.833333333333333,232.0,0.0,True,False
288,4 4 18,48,16.0,9,1.25,False,187000,1.3611111111111112,0,0,0,280,8,0,0,0,8,1,280,4.166666666666667,200.0,0.0,True,False
288,4 4 18,48,16.0,9,1.25,False,187500,1.3263888888888888,0,0,0,280,8,0,0,0,8,1,280,4.375,210.0,0.0,True,False
288,4 4 18,48,16.0,9,1.25,False,188000,1.3611111111111112,0,0,0,280,8,0,0,0,8,1,280,4.166666666666667,200.0,0.0,True,False
288,4 4 18,48,16.0,9,1.25,False,188500,1.25,0,0,0,288,0,0,0,0,0,1,288,4.833333333333333,232.0,0.0,True,False
288,4 4 18,48,16.0,9,1.25,False,189000,1.3611111111111112,0,0,0,280,8,0,0,0,8,1,280,4.166666666666667,200.0,0.0,True,False
288,4 4 18,48,16.0,9,1.25,False,189500,1.3263888888888888,0,0,0,280,8,0,0,0,8,1,280,4.375,210.0,0.0,True,False
288,4 4 18,48,16.0,9,1.25,False,190000,1.3263888888888888,0,0,0,280,8,0,0,0,8,1,280,4.375,210.0,0.0,True,False
288,4 4 18,48,16.0,9,1.25,False,190500,1.3263888888888888,0,0,0,280,8,0,0,0,8,1,280,4.375,210.0,0.0,True,False
288,4 4 18,48,16.0,9,1.25,False,191000,1.3194444444444444,0,0,0,288,0,0,0,0,0,1,288,4.416666666666667,212.0,0.0,True,False
288,4 4 18,48,16.0,9,1.25,False,191500,1.25,0,0,0,288,0,0,0,0,0,1,288,4.833333333333333,232.0,0.0,True,False
288,4 4 18,48,16.0,9,1.25,False,192000,1.25,0,0,0,288,0,0,0,0,0,1,288,4.833333333333333,232.0,0.0,True,False
288,4 4 18,48,16.0,9,1.25,False,192500,1.25,0,0,0,288,0,0,0,0,0,1,288,4.833333333333333,232.0,0.0,True,False
288,4 4 18,48,16.0,9,1.25,False,193000,1.3194444444444444,0,0,0,288,0,0,0,0,0,1,288,4.416666666666667,212.0,0.0,True,False
288,4 4 18,48,16.0,9,1.25,False,193500,1.3194444444444444,0,0,0,288,0,0,0,0,0,1,288,4.416666666666667,212.0,0.0,True,False
288,4 4 18,48,16.0,9,1.25,False,194000,1.3194444444444444,0,0,0,288,0,0,0,0,0,1,288,4.416666666666667,212.0,0.0,True,False
288,4 4 18,48,16.0,9,1.25,False,194500,1.3472222222222223,0,0,12,272,4,0,0,0,4,1,272,4.25,204.0,0.0,True,False
288,4 4 18,48,16.0,9,1.25,False,195000,1.4444444444444444,0,0,12,260,16,0,0,0,16,1,260,3.6666666666666665,176.0,0.0,True,False
288,4 4 18,48,16.0,9,1.25,False,195500,1.3263888888888888,0,0,0,280,8,0,0,0,8,1,280,4.375,210.0,0.0,True,False
288,4 4 18,48,16.0,9,1.25,False,196000,1.3958333333333333,0,0,0,280,8,0,0,0,8,1,280,3.9583333333333335,190.0,0.0,True,False
288,4 4 18,48,16.0,9,1.25,False,196500,1.3263888888888888,0,0,0,280,8,0,0,0,8,1,280,4.375,210.0,0.0,True,False
288,4 4 18,48,16.0,9,1.25,False,197000,1.3263888888888888,0,0,0,280,8,0,0,0,8,1,280,4.375,210.0,0.0,True,False
288,4 4 18,48,16.0,9,1.25,False,197500,1.3263888888888888,0,0,0,280,8,0,0,0,8,1,280,4.375,210.0,0.0,True,False
288,4 4 18,48,16.0,9,1.25,False,198000,1.25,0,0,0,288,0,0,0,0,0,1,288,4.833333333333333,232.0,0.0,True,False
288,4 4 18,48,16.0,9,1.25,False,198500,1.25,0,0,0,288,0,0,0,0,0,1,288,4.833333333333333,232.0,0.0,True,False
288,4 4 18,48,16.0,9,1.25,False,199000,1.4027777777777777,0,0,0,272,16,0,0,0,16,1,272,3.9166666666666665,188.0,0.0,True,False
288,4 4 18,48,16.0,9,1.25,False,199500,1.4027777777777777,0,0,0,272,16,0,0,0,16,1,272,3.9166666666666665,188.0,0.0,True,False
288,4 4 18,48,16.0,9,1.25,False,200000,1.3263888888888888,0,0,0,280,8,0,0,0,8,1,280,4.375,210.0,0.0,True,False
288,4 4 18,48,16.0,9,1.25,False,200500,1.3263888888888888,0,0,0,280,8,0,0,0,8,1,280,4.375,210.0,0.0,True,False
288,4 4 18,48,16.0,9,1.25,False,201000,1.3263888888888888,0,0,0,280,8,0,0,0,8,1,280,4.375,210.0,0.0,True,False
288,4 4 18,48,16.0,9,1.25,False,201500,1.3263888888888888,0,0,0,280,8,0,0,0,8,1,280,4.375,210.0,0.0,True,False
288,4 4 18,48,16.0,9,1.25,False,202000,1.25,0,0,0,288,0,0,0,0,0,1,288,4.833333333333333,232.0,0.0,True,False
288,4 4 18,48,16.0,9,1.25,False,202500,1.25,0,0,0,288,0,0,0,0,0,1,288,4.833333333333333,232.0,0.0,True,False
288,4 4 18,48,16.0,9,1.25,False,203000,1.3194444444444444,0,0,0,288,0,0,0,0,0,1,288,4.416666666666667,212.0,0.0,True,False
288,4 4 18,48,16.0,9,1.25,False,203500,1.3263888888888888,0,0,0,280,8,0,0,0,8,1,280,4.375,210.0,0.0,True,False
288,4 4 18,48,16.0,9,1.25,False,204000,1.25,0,0,0,288,0,0,0,0,0,1,288,4.833333333333333,232.0,0.0,True,False
288,4 4 18,48,16.0,9,1.25,False,204500,1.25,0,0,0,288,0,0,0,0,0,1,288,4.833333333333333,232.0,0.0,True,False
288,4 4 18,48,16.0,9,1.25,False,205000,1.25,0,0,0,288,0,0,0,0,0,1,288,4.833333333333333,232.0,0.0,True,False
288,4 4 18,48,16.0,9,1.25,False,205500,1.25,0,0,0,288,0,0,0,0,0,1,288,4.833333333333333,232.0,0.0,True,False
288,4 4 18,48,16.0,9,1.25,False,206000,1.25,0,0,0,288,0,0,0,0,0,1,288,4.833333333333333,232.0,0.0,True,False
288,4 4 18,48,16.0,9,1.25,False,206500,1.25,0,0,0,288,0,0,0,0,0,1,288,4.833333333333333,232.0,0.0,True,False
288,4 4 18,48,16.0,9,1.25,False,207000,1.3263888888888888,0,0,0,280,8,0,0,0,8,1,280,4.375,210.0,0.0,True,False
288,4 4 18,48,16.0,9,1.25,False,207500,1.3263888888888888,0,0,0,280,8,0,0,0,8,1,280,4.375,210.0,0.0,True,False
288,4 4 18,48,16.0,9,1.25,False,208000,1.25,0,0,0,288,0,0,0,0,0,1,288,4.833333333333333,232.0,0.0,True,False
288,4 4 18,48,16.0,9,1.25,False,208500,1.25,0,0,0,288,0,0,0,0,0,1,288,4.833333333333333,232.0,0.0,True,False
288,4 4 18,48,16.0,9,1.25,False,209000,1.3958333333333333,0,0,0,280,8,0,0,0,8,1,280,3.9583333333333335,190.0,0.0,True,False
288,4 4 18,48,16.0,9,1.25,False,209500,1.3888888888888888,0,0,0,288,0,0,0,0,0,1,288,4.0,192.0,0.0,True,False
288,4 4 18,48,16.0,9,1.25,False,210000,1.3194444444444444,0,0,0,288,0,0,0,0,0,1,288,4.416666666666667,212.0,0.0,True,False
288,4 4 18,48,16.0,9,1.25,False,210500,1.25,0,0,0,288,0,0,0,0,0,1,288,4.833333333333333,232.0,0.0,True,False
288,4 4 18,48,16.0,9,1.25,False,211000,1.25,0,0,0,288,0,0,0,0,0,1,288,4.833333333333333,232.0,0.0,True,False
288,4 4 18,48,16.0,9,1.25,False,211500,1.25,0,0,0,288,0,0,0,0,0,1,288,4.833333333333333,232.0,0.0,True,False
288,4 4 18,48,16.0,9,1.25,False,212000,1.25,0,0,0,288,0,0,0,0,0,1,288,4.833333333333333,232.0,0.0,True,False
288,4 4 18,48,16.0,9,1.25,False,212500,1.25,0,0,0,288,0,0,0,0,0,1,288,4.833333333333333,232.0,0.0,True,False
288,4 4 18,48,16.0,9,1.25,False,213000,1.25,0,0,0,288,0,0,0,0,0,1,288,4.833333333333333,232.0,0.0,True,False
288,4 4 18,48,16.0,9,1.25,False,213500,1.25,0,0,0,288,0,0,0,0,0,1,288,4.833333333333333,232.0,0.0,True,False
288,4 4 18,48,16.0,9,1.25,False,214000,1.25,0,0,0,288,0,0,0,0,0,1,288,4.833333333333333,232.0,0.0,True,False
288,4 4 18,48,16.0,9,1.25,False,214500,1.25,0,0,0,288,0,0,0,0,0,1,288,4.833333333333333,232.0,0.0,True,False
288,4 4 18,48,16.0,9,1.25,False,215000,1.3194444444444444,0,0,0,288,0,0,0,0,0,1,288,4.416666666666667,212.0,0.0,True,False
288,4 4 18,48,16.0,9,1.25,False,215500,1.3263888888888888,0,0,0,280,8,0,0,0,8,1,280,4.375,210.0,0.0,True,False
288,4 4 18,48,16.0,9,1.25,False,216000,1.25,0,0,0,288,0,0,0,0,0,1,288,4.833333333333333,232.0,0.0,True,False
288,4 4 18,48,16.0,9,1.25,False,216500,1.25,0,0,0,288,0,0,0,0,0,1,288,4.833333333333333,232.0,0.0,True,False
288,4 4 18,48,16.0,9,1.25,False,217000,1.3263888888888888,0,0,0,280,8,0,0,0,8,1,280,4.375,210.0,0.0,True,False
288,4 4 18,48,16.0,9,1.25,False,217500,1.3263888888888888,0,0,0,280,8,0,0,0,8,1,280,4.375,210.0,0.0,True,False
288,4 4 18,48,16.0,9,1.25,False,218000,1.3263888888888888,0,0,0,280,8,0,0,0,8,1,280,4.375,210.0,0.0,True,False
288,4 4 18,48,16.0,9,1.25,False,218500,1.25,0,0,0,288,0,0,0,0,0,1,288,4.833333333333333,232.0,0.0,True,False
288,4 4 18,48,16.0,9,1.25,False,219000,1.25,0,0,0,288,0,0,0,0,0,1,288,4.833333333333333,232.0,0.0,True,False
288,4 4 18,48,16.0,9,1.25,False,219500,1.25,0,0,0,288,0,0,0,0,0,1,288,4.833333333333333,232.0,0.0,True,False
288,4 4 18,48,16.0,9,1.25,False,220000,1.25,0,0,0,288,0,0,0,0,0,1,288,4.833333333333333,232.0,0.0,True,False
288,4 4 18,48,16.0,9,1.25,False,220500,1.25,0,0,0,288,0,0,0,0,0,1,288,4.833333333333333,232.0,0.0,True,False
288,4 4 18,48,16.0,9,1.25,False,221000,1.25,0,0,0,288,0,0,0,0,0,1,288,4.833333333333333,232.0,0.0,True,False
288,4 4 18,48,16.0,9,1.25,False,221500,1.25,0,0,0,288,0,0,0,0,0,1,288,4.833333333333333,232.0,0.0,True,False
288,4 4 18,48,16.0,9,1.25,False,222000,1.3263888888888888,0,0,0,280,8,0,0,0,8,1,280,4.375,210.0,0.0,True,False
288,4 4 18,48,16.0,9,1.25,False,222500,1.3263888888888888,0,0,0,280,8,0,0,0,8,1,280,4.375,210.0,0.0,True,False
288,4 4 18,48,16.0,9,1.25,False,223000,1.25,0,0,0,288,0,0,0,0,0,1,288,4.833333333333333,232.0,0.0,True,False
288,4 4 18,48,16.0,9,1.25,False,223500,1.25,0,0,0,288,0,0,0,0,0,1,288,4.833333333333333,232.0,0.0,True,False
288,4 4 18,48,16.0,9,1.25,False,224000,1.3263888888888888,0,0,0,280,8,0,0,0,8,1,280,4.375,210.0,0.0,True,False
288,4 4 18,48,16.0,9,1.25,False,224500,1.25,0,0,0,288,0,0,0,0,0,1,288,4.833333333333333,232.0,0.0,True,False
288,4 4 18,48,16.0,9,1.25,False,225000,1.25,0,0,0,288,0,0,0,0,0,1,288,4.833333333333333,232.0,0.0,True,False
288,4 4 18,48,16.0,9,1.25,False,225500,1.25,0,0,0,288,0,0,0,0,0,1,288,4.833333333333333,232.0,0.0,True,False
288,4 4 18,48,16.0,9,1.25,False,226000,1.25,0,0,0,288,0,0,0,0,0,1,288,4.833333333333333,232.0,0.0,True,False
288,4 4 18,48,16.0,9,1.25,False,226500,1.25,0,0,0,288,0,0,0,0,0,1,288,4.833333333333333,232.0,0.0,True,False
288,4 4 18,48,16.0,9,1.25,False,227000,1.3263888888888888,0,0,0,280,8,0,0,0,8,1,280,4.375,210.0,0.0,True,False
288,4 4 18,48,16.0,9,1.25,False,227500,1.3263888888888888,0,0,0,280,8,0,0,0,8,1,280,4.375,210.0,0.0,True,False
288,4 4 18,48,16.0,9,1.25,False,228000,1.3263888888888888,0,0,0,280,8,0,0,0,8,1,280,4.375,210.0,0.0,True,False
288,4 4 18,48,16.0,9,1.25,False,228500,1.3263888888888888,0,0,0,280,8,0,0,0,8,1,280,4.375,210.0,0.0,True,False
288,4 4 18,48,16.0,9,1.25,False,229000,1.25,0,0,0,288,0,0,0,0,0,1,288,4.833333333333333,232.0,0.0,True,False
288,4 4 18,48,16.0,9,1.25,False,229500,1.3263888888888888,0,0,0,280,8,0,0,0,8,1,280,4.375,210.0,0.0,True,False
288,4 4 18,48,16.0,9,1.25,False,230000,1.25,0,0,0,288,0,0,0,0,0,1,288,4.833333333333333,232.0,0.0,True,False
288,4 4 18,48,16.0,9,1.25,False,230500,1.25,0,0,0,288,0,0,0,0,0,1,288,4.833333333333333,232.0,0.0,True,False
288,4 4 18,48,16.0,9,1.25,False,231000,1.25,0,0,0,288,0,0,0,0,0,1,288,4.833333333333333,232.0,0.0,True,False
288,4 4 18,48,16.0,9,1.25,False,231500,1.3472222222222223,0,0,12,272,4,0,0,0,4,1,272,4.25,204.0,0.0,True,False
288,4 4 18,48,16.0,9,1.25,False,232000,1.3680555555555556,0,0,12,268,8,0,0,0,8,1,268,4.125,198.0,0.0,True,False
288,4 4 18,48,16.0,9,1.25,False,232500,1.25,0,0,0,288,0,0,0,0,0,1,288,4.833333333333333,232.0,0.0,True,False
288,4 4 18,48,16.0,9,1.25,False,233000,1.3611111111111112,0,0,0,280,8,0,0,0,8,1,280,4.166666666666667,200.0,0.0,True,False
288,4 4 18,48,16.0,9,1.25,False,233500,1.3611111111111112,0,0,0,280,8,0,0,0,8,1,280,4.166666666666667,200.0,0.0,True,False
288,4 4 18,48,16.0,9,1.25,False,234000,1.4027777777777777,0,0,0,276,8,4,0,0,12,1,276,3.9166666666666665,188.0,0.0,True,False
288,4 4 18,48,16.0,9,1.25,False,234500,1.4027777777777777,0,0,0,276,8,4,0,0,12,1,276,3.9166666666666665,188.0,0.0,True,False
288,4 4 18,48,16.0,9,1.25,False,235000,1.3611111111111112,0,0,0,280,8,0,0,0,8,1,280,4.166666666666667,200.0,0.0,True,False
288,4 4 18,48,16.0,9,1.25,False,235500,1.3611111111111112,0,0,0,280,8,0,0,0,8,1,280,4.166666666666667,200.0,0.0,True,False
288,4 4 18,48,16.0,9,1.25,False,236000,1.3611111111111112,0,0,0,280,8,0,0,0,8,1,280,4.166666666666667,200.0,0.0,True,False
288,4 4 18,48,16.0,9,1.25,False,236500,1.25,0,0,0,288,0,0,0,0,0,1,288,4.833333333333333,232.0,0.0,True,False
288,4 4 18,48,16.0,9,1.25,False,237000,1.4375,0,0,0,272,16,0,0,0,16,1,272,3.7083333333333335,178.0,0.0,True,False
288,4 4 18,48,16.0,9,1.25,False,237500,1.4375,0,0,0,272,16,0,0,0,16,1,272,3.7083333333333335,178.0,0.0,True,False
288,4 4 18,48,16.0,9,1.25,False,238000,1.3611111111111112,0,0,0,280,8,0,0,0,8,1,280,4.166666666666667,200.0,0.0,True,False
288,4 4 18,48,16.0,9,1.25,False,238500,1.25,0,0,0,288,0,0,0,0,0,1,288,4.833333333333333,232.0,0.0,True,False
288,4 4 18,48,16.0,9,1.25,False,239000,1.4375,0,0,0,272,16,0,0,0,16,1,272,3.7083333333333335,178.0,0.0,True,False
288,4 4 18,48,16.0,9,1.25,False,239500,1.4375,0,0,0,272,16,0,0,0,16,1,272,3.7083333333333335,178.0,0.0,True,False
288,4 4 18,48,16.0,9,1.25,False,240000,1.3611111111111112,0,0,0,280,8,0,0,0,8,1,280,4.166666666666667,200.0,0.0,True,False
288,4 4 18,48,16.0,9,1.25,False,240500,1.3611111111111112,0,0,0,280,8,0,0,0,8,1,280,4.166666666666667,200.0,0.0,True,False
288,4 4 18,48,16.0,9,1.25,False,241000,1.5138888888888888,0,0,0,268,16,4,0,0,20,1,268,3.25,156.0,0.0,True,False
288,4 4 18,48,16.0,9,1.25,False,241500,1.4930555555555556,0,0,0,270,16,2,0,0,18,1,270,3.375,162.0,0.0,True,False
288,4 4 18,48,16.0,9,1.25,False,242000,1.4722222222222223,0,0,0,272,16,0,0,0,16,1,272,3.5,168.0,0.0,True,False
288,4 4 18,48,16.0,9,1.25,False,242500,1.4722222222222223,0,0,0,272,16,0,0,0,16,1,272,3.5,168.0,0.0,True,False
288,4 4 18,48,16.0,9,1.25,False,243000,1.4027777777777777,0,0,0,276,8,4,0,0,12,1,276,3.9166666666666665,188.0,0.0,True,False
288,4 4 18,48,16.0,9,1.25,False,243500,1.4027777777777777,0,0,0,276,8,4,0,0,12,1,276,3.9166666666666665,188.0,0.0,True,False
288,4 4 18,48,16.0,9,1.25,False,244000,1.4375,0,0,0,272,16,0,0,0,16,1,272,3.7083333333333335,178.0,0.0,True,False
288,4 4 18,48,16.0,9,1.25,False,244500,1.4375,0,0,0,272,16,0,0,0,16,1,272,3.7083333333333335,178.0,0.0,True,False
288,4 4 18,48,16.0,9,1.25,False,245000,1.3680555555555556,0,0,12,268,8,0,0,0,8,1,268,4.125,198.0,0.0,True,False
288,4 4 18,48,16.0,9,1.25,False,245500,1.4375,0,0,0,272,16,0,0,0,16,1,272,3.7083333333333335,178.0,0.0,True,False
288,4 4 18,48,16.0,9,1.25,False,246000,1.3819444444444444,0,0,0,276,12,0,0,0,12,1,276,4.041666666666667,194.0,0.0,True,False
288,4 4 18,48,16.0,9,1.25,False,246500,1.4027777777777777,0,0,0,272,16,0,0,0,16,1,272,3.9166666666666665,188.0,0.0,True,False
288,4 4 18,48,16.0,9,1.25,False,247000,1.3611111111111112,0,0,0,280,8,0,0,0,8,1,280,4.166666666666667,200.0,0.0,True,False
288,4 4 18,48,16.0,9,1.25,False,247500,1.3819444444444444,0,0,0,276,12,0,0,0,12,1,276,4.041666666666667,194.0,0.0,True,False
288,4 4 18,48,16.0,9,1.25,False,248000,1.3611111111111112,0,0,0,280,8,0,0,0,8,1,280,4.166666666666667,200.0,0.0,True,False
288,4 4 18,48,16.0,9,1.25,False,248500,1.3263888888888888,0,0,0,280,8,0,0,0,8,1,280,4.375,210.0,0.0,True,False
288,4 4 18,48,16.0,9,1.25,False,249000,1.3263888888888888,0,0,0,280,8,0,0,0,8,1,280,4.375,210.0,0.0,True,False
288,4 4 18,48,16.0,9,1.25,False,249500,1.3263888888888888,0,0,0,280,8,0,0,0,8,1,280,4.375,210.0,0.0,True,False
288,4 4 18,48,16.0,9,1.25,False,250000,1.3263888888888888,0,0,0,280,8,0,0,0,8,1,280,4.375,210.0,0.0,True,False
288,4 4 18,48,16.0,9,1.25,False,250500,1.25,0,0,0,288,0,0,0,0,0,1,288,4.833333333333333,232.0,0.0,True,False
288,4 4 18,48,16.0,9,1.25,False,251000,1.25,0,0,0,288,0,0,0,0,0,1,288,4.833333333333333,232.0,0.0,True,False
288,4 4 18,48,16.0,9,1.25,False,251500,1.25,0,0,0,288,0,0,0,0,0,1,288,4.833333333333333,232.0,0.0,True,False
288,4 4 18,48,16.0,9,1.25,False,252000,1.3263888888888888,0,0,0,280,8,0,0,0,8,1,280,4.375,210.0,0.0,True,False
288,4 4 18,48,16.0,9,1.25,False,252500,1.3888888888888888,0,0,0,288,0,0,0,0,0,1,288,4.0,192.0,0.0,True,False
288,4 4 18,48,16.0,9,1.25,False,253000,1.3958333333333333,0,0,0,280,8,0,0,0,8,1,280,3.9583333333333335,190.0,0.0,True,False
288,4 4 18,48,16.0,9,1.25,False,253500,1.4027777777777777,0,0,0,272,16,0,0,0,16,1,272,3.9166666666666665,188.0,0.0,True,False
288,4 4 18,48,16.0,9,1.25,False,254000,1.25,0,0,0,288,0,0,0,0,0,1,288,4.833333333333333,232.0,0.0,True,False
288,4 4 18,48,16.0,9,1.25,False,254500,1.25,0,0,0,288,0,0,0,0,0,1,288,4.833333333333333,232.0,0.0,True,False
288,4 4 18,48,16.0,9,1.25,False,255000,1.3263888888888888,0,0,0,280,8,0,0,0,8,1,280,4.375,210.0,0.0,True,False
288,4 4 18,48,16.0,9,1.25,False,255500,1.25,0,0,0,288,0,0,0,0,0,1,288,4.833333333333333,232.0,0.0,True,False
288,4 4 18,48,16.0,9,1.25,False,256000,1.4791666666666667,0,0,2,280,6,0,0,0,6,1,280,3.4583333333333335,166.0,0.0,True,False
288,4 4 18,48,16.0,9,1.25,False,256500,1.4861111111111112,0,0,12,272,4,0,0,0,4,1,272,3.4166666666666665,164.0,0.0,True,False
288,4 4 18,48,16.0,9,1.25,False,257000,1.3472222222222223,0,0,12,272,4,0,0,0,4,1,272,4.25,204.0,0.0,True,False
288,4 4 18,48,16.0,9,1.25,False,257500,1.4236111111111112,0,2,4,276,4,2,0,0,6,1,276,3.7916666666666665,182.0,0.0,True,False
288,4 4 18,48,16.0,9,1.25,False,258000,1.5,0,0,4,272,12,0,0,0,12,1,272,3.3333333333333335,160.0,0.0,True,False
288,4 4 18,48,16.0,9,1.25,False,258500,1.4722222222222223,0,0,0,276,8,4,0,0,12,1,276,3.5,168.0,0.0,True,False
288,4 4 18,48,16.0,9,1.25,False,259000,1.4722222222222223,0,0,0,276,8,4,0,0,12,1,276,3.5,168.0,0.0,True,False
288,4 4 18,48,16.0,9,1.25,False,259500,1.4722222222222223,0,0,0,276,8,4,0,0,12,1,276,3.5,168.0,0.0,True,False
288,4 4 18,48,16.0,9,1.25,False,260000,1.4722222222222223,0,0,0,276,8,4,0,0,12,1,276,3.5,168.0,0.0,True,False
288,4 4 18,48,16.0,9,1.25,False,260500,1.4722222222222223,0,0,0,276,8,4,0,0,12,1,276,3.5,168.0,0.0,True,False
288,4 4 18,48,16.0,9,1.25,False,261000,1.5104166666666667,0,0,0,274,10,2,2,0,14,1,274,3.2708333333333335,157.0,0.0,True,False
288,4 4 18,48,16.0,9,1.25,False,261500,1.4375,0,0,0,276,8,4,0,0,12,1,276,3.7083333333333335,178.0,0.0,True,False
288,4 4 18,48,16.0,9,1.25,False,262000,1.25,0,0,0,288,0,0,0,0,0,1,288,4.833333333333333,232.0,0.0,True,False
288,4 4 18,48,16.0,9,1.25,False,262500,1.4375,0,0,0,276,8,4,0,0,12,1,276,3.7083333333333335,178.0,0.0,True,False
288,4 4 18,48,16.0,9,1.25,False,263000,1.5208333333333333,0,0,0,264,20,0,4,0,24,1,264,3.2083333333333335,154.0,0.0,True,False
288,4 4 18,48,16.0,9,1.25,False,263500,1.5381944444444444,0,0,0,267,13,5,3,0,21,1,267,3.1041666666666665,149.0,0.0,True,False
288,4 4 18,48,16.0,9,1.25,False,264000,1.5381944444444444,0,0,0,267,13,5,3,0,21,1,267,3.1041666666666665,149.0,0.0,True,False
288,4 4 18,48,16.0,9,1.25,False,264500,1.4027777777777777,0,0,0,276,8,4,0,0,12,1,276,3.9166666666666665,188.0,0.0,True,False
288,4 4 18,48,16.0,9,1.25,False,265000,1.4027777777777777,0,0,0,276,8,4,0,0,12,1,276,3.9166666666666665,188.0,0.0,True,False
288,4 4 18,48,16.0,9,1.25,False,265500,1.5486111111111112,0,0,0,272,10,4,2,0,16,1,272,3.0416666666666665,146.0,0.0,True,False
288,4 4 18,48,16.0,9,1.25,False,266000,1.4722222222222223,0,0,0,276,8,4,0,0,12,1,276,3.5,168.0,0.0,True,False
288,4 4 18,48,16.0,9,1.25,False,266500,1.5416666666666667,0,0,0,276,8,4,0,0,12,1,276,3.0833333333333335,148.0,0.0,True,False
288,4 4 18,48,16.0,9,1.25,False,267000,1.5416666666666667,0,0,0,276,8,4,0,0,12,1,276,3.0833333333333335,148.0,0.0,True,False
288,4 4 18,48,16.0,9,1.25,False,267500,1.4027777777777777,0,0,0,276,8,4,0,0,12,1,276,3.9166666666666665,188.0,0.0,True,False
288,4 4 18,48,16.0,9,1.25,False,268000,1.4027777777777777,0,0,0,276,8,4,0,0,12,1,276,3.9166666666666665,188.0,0.0,True,False
288,4 4 18,48,16.0,9,1.25,False,268500,1.4722222222222223,0,0,0,272,16,0,0,0,16,1,272,3.5,168.0,0.0,True,False
288,4 4 18,48,16.0,9,1.25,False,269000,1.3958333333333333,0,0,0,280,8,0,0,0,8,1,280,3.9583333333333335,190.0,0.0,True,False
288,4 4 18,48,16.0,9,1.25,False,269500,1.3472222222222223,0,0,12,272,4,0,0,0,4,1,272,4.25,204.0,0.0,True,False
288,4 4 18,48,16.0,9,1.25,False,270000,1.4583333333333333,0,0,12,264,12,0,0,0,12,1,264,3.5833333333333335,172.0,0.0,True,False
288,4 4 18,48,16.0,9,1.25,False,270500,1.3611111111111112,0,0,0,280,8,0,0,0,8,1,280,4.166666666666667,200.0,0.0,True,False
288,4 4 18,48,16.0,9,1.25,False,271000,1.3611111111111112,0,0,0,280,8,0,0,0,8,1,280,4.166666666666667,200.0,0.0,True,False
288,4 4 18,48,16.0,9,1.25,False,271500,1.4375,0,0,0,272,16,0,0,0,16,1,272,3.7083333333333335,178.0,0.0,True,False
288,4 4 18,48,16.0,9,1.25,False,272000,1.4444444444444444,0,0,0,272,12,0,4,0,16,1,272,3.6666666666666665,176.0,0.0,True,False
288,4 4 18,48,16.0,9,1.25,False,272500,1.5138888888888888,0,0,0,272,12,0,4,0,16,1,272,3.25,156.0,0.0,True,False
288,4 4 18,48,16.0,9,1.25,False,273000,1.4444444444444444,0,0,0,272,12,0,4,0,16,1,272,3.6666666666666665,176.0,0.0,True,False
288,4 4 18,48,16.0,9,1.25,False,273500,1.4444444444444444,0,0,0,272,12,0,4,0,16,1,272,3.6666666666666665,176.0,0.0,True,False
288,4 4 18,48,16.0,9,1.25,False,274000,1.4375,0,0,0,276,8,4,0,0,12,1,276,3.7083333333333335,178.0,0.0,True,False
288,4 4 18,48,16.0,9,1.25,False,274500,1.4375,0,0,0,276,8,4,0,0,12,1,276,3.7083333333333335,178.0,0.0,True,False
288,4 4 18,48,16.0,9,1.25,False,275000,1.3611111111111112,0,0,0,280,8,0,0,0,8,1,280,4.166666666666667,200.0,0.0,True,False
288,4 4 18,48,16.0,9,1.25,False,275500,1.25,0,0,0,288,0,0,0,0,0,1,288,4.833333333333333,232.0,0.0,True,False
288,4 4 18,48,16.0,9,1.25,False,276000,1.4027777777777777,0,0,0,276,8,4,0,0,12,1,276,3.9166666666666665,188.0,0.0,True,False
288,4 4 18,48,16.0,9,1.25,False,276500,1.4027777777777777,0,0,0,276,8,4,0,0,12,1,276,3.9166666666666665,188.0,0.0,True,False
288,4 4 18,48,16.0,9,1.25,False,277000,1.4027777777777777,0,0,0,276,8,4,0,0,12,1,276,3.9166666666666665,188.0,0.0,True,False
288,4 4 18,48,16.0,9,1.25,False,277500,1.3958333333333333,0,0,0,280,8,0,0,0,8,1,280,3.9583333333333335,190.0,0.0,True,False
288,4 4 18,48,16.0,9,1.25,False,278000,1.3194444444444444,0,0,0,288,0,0,0,0,0,1,288,4.416666666666667,212.0,0.0,True,False
288,4 4 18,48,16.0,9,1.25,False,278500,1.25,0,0,0,288,0,0,0,0,0,1,288,4.833333333333333,232.0,0.0,True,False
288,4 4 18,48,16.0,9,1.25,False,279000,1.25,0,0,0,288,0,0,0,0,0,1,288,4.833333333333333,232.0,0.0,True,False
288,4 4 18,48,16.0,9,1.25,False,279500,1.25,0,0,0,288,0,0,0,0,0,1,288,4.833333333333333,232.0,0.0,True,False
288,4 4 18,48,16.0,9,1.25,False,280000,1.25,0,0,0,288,0,0,0,0,0,1,288,4.833333333333333,232.0,0.0,True,False
288,4 4 18,48,16.0,9,1.25,False,280500,1.3888888888888888,0,0,0,288,0,0,0,0,0,1,288,4.0,192.0,0.0,True,False
288,4 4 18,48,16.0,9,1.25,False,281000,1.3958333333333333,0,0,0,280,8,0,0,0,8,1,280,3.9583333333333335,190.0,0.0,True,False
288,4 4 18,48,16.0,9,1.25,False,281500,1.4722222222222223,0,0,0,272,16,0,0,0,16,1,272,3.5,168.0,0.0,True,False
288,4 4 18,48,16.0,9,1.25,False,282000,1.25,0,0,0,288,0,0,0,0,0,1,288,4.833333333333333,232.0,0.0,True,False
288,4 4 18,48,16.0,9,1.25,False,282500,1.3194444444444444,0,0,0,288,0,0,0,0,0,1,288,4.416666666666667,212.0,0.0,True,False
288,4 4 18,48,16.0,9,1.25,False,283000,1.3611111111111112,0,0,0,280,8,0,0,0,8,1,280,4.166666666666667,200.0,0.0,True,False
288,4 4 18,48,16.0,9,1.25,False,283500,1.3263888888888888,0,0,0,280,8,0,0,0,8,1,280,4.375,210.0,0.0,True,False
288,4 4 18,48,16.0,9,1.25,False,284000,1.3263888888888888,0,0,0,280,8,0,0,0,8,1,280,4.375,210.0,0.0,True,False
288,4 4 18,48,16.0,9,1.25,False,284500,1.3263888888888888,0,0,0,280,8,0,0,0,8,1,280,4.375,210.0,0.0,True,False
288,4 4 18,48,16.0,9,1.25,False,285000,1.25,0,0,0,288,0,0,0,0,0,1,288,4.833333333333333,232.0,0.0,True,False
288,4 4 18,48,16.0,9,1.25,False,285500,1.4027777777777777,0,0,0,276,8,4,0,0,12,1,276,3.9166666666666665,188.0,0.0,True,False
288,4 4 18,48,16.0,9,1.25,False,286000,1.4583333333333333,0,0,0,272,12,4,0,0,16,1,272,3.5833333333333335,172.0,0.0,True,False
288,4 4 18,48,16.0,9,1.25,False,286500,1.4027777777777777,0,0,0,276,8,4,0,0,12,1,276,3.9166666666666665,188.0,0.0,True,False
288,4 4 18,48,16.0,9,1.25,False,287000,1.3611111111111112,0,0,0,280,8,0,0,0,8,1,280,4.166666666666667,200.0,0.0,True,False
288,4 4 18,48,16.0,9,1.25,False,287500,1.25,0,0,0,288,0,0,0,0,0,1,288,4.833333333333333,232.0,0.0,True,False
288,4 4 18,48,16.0,9,1.25,False,288000,1.3263888888888888,0,0,0,280,8,0,0,0,8,1,280,4.375,210.0,0.0,True,False
288,4 4 18,48,16.0,9,1.25,False,288500,1.25,0,0,0,288,0,0,0,0,0,1,288,4.833333333333333,232.0,0.0,True,False
288,4 4 18,48,16.0,9,1.25,False,289000,1.3263888888888888,0,0,0,280,8,0,0,0,8,1,280,4.375,210.0,0.0,True,False
288,4 4 18,48,16.0,9,1.25,False,289500,1.3263888888888888,0,0,0,280,8,0,0,0,8,1,280,4.375,210.0,0.0,True,False
288,4 4 18,48,16.0,9,1.25,False,290000,1.25,0,0,0,288,0,0,0,0,0,1,288,4.833333333333333,232.0,0.0,True,False
288,4 4 18,48,16.0,9,1.25,False,290500,1.25,0,0,0,288,0,0,0,0,0,1,288,4.833333333333333,232.0,0.0,True,False
288,4 4 18,48,16.0,9,1.25,False,291000,1.25,0,0,0,288,0,0,0,0,0,1,288,4.833333333333333,232.0,0.0,True,False
288,4 4 18,48,16.0,9,1.25,False,291500,1.25,0,0,0,288,0,0,0,0,0,1,288,4.833333333333333,232.0,0.0,True,False
288,4 4 18,48,16.0,9,1.25,False,292000,1.25,0,0,0,288,0,0,0,0,0,1,288,4.833333333333333,232.0,0.0,True,False
288,4 4 18,48,16.0,9,1.25,False,292500,1.25,0,0,0,288,0,0,0,0,0,1,288,4.833333333333333,232.0,0.0,True,False
288,4 4 18,48,16.0,9,1.25,False,293000,1.3263888888888888,0,0,0,280,8,0,0,0,8,1,280,4.375,210.0,0.0,True,False
288,4 4 18,48,16.0,9,1.25,False,293500,1.25,0,0,0,288,0,0,0,0,0,1,288,4.833333333333333,232.0,0.0,True,False
288,4 4 18,48,16.0,9,1.25,False,294000,1.25,0,0,0,288,0,0,0,0,0,1,288,4.833333333333333,232.0,0.0,True,False
288,4 4 18,48,16.0,9,1.25,False,294500,1.3263888888888888,0,0,0,280,8,0,0,0,8,1,280,4.375,210.0,0.0,True,False
288,4 4 18,48,16.0,9,1.25,False,295000,1.3611111111111112,0,0,0,280,8,0,0,0,8,1,280,4.166666666666667,200.0,0.0,True,False
288,4 4 18,48,16.0,9,1.25,False,295500,1.3819444444444444,0,0,0,276,12,0,0,0,12,1,276,4.041666666666667,194.0,0.0,True,False
288,4 4 18,48,16.0,9,1.25,False,296000,1.25,0,0,0,288,0,0,0,0,0,1,288,4.833333333333333,232.0,0.0,True,False
288,4 4 18,48,16.0,9,1.25,False,296500,1.3993055555555556,0,0,0,278,8,2,0,0,10,1,278,3.9375,189.0,0.0,True,False
288,4 4 18,48,16.0,9,1.25,False,297000,1.4027777777777777,0,0,0,276,8,4,0,0,12,1,276,3.9166666666666665,188.0,0.0,True,False
288,4 4 18,48,16.0,9,1.25,False,297500,1.5138888888888888,0,0,0,268,16,4,0,0,20,1,268,3.25,156.0,0.0,True,False
288,4 4 18,48,16.0,9,1.25,False,298000,1.3611111111111112,0,0,0,280,8,0,0,0,8,1,280,4.166666666666667,200.0,0.0,True,False
288,4 4 18,48,16.0,9,1.25,False,298500,1.4305555555555556,0,0,0,280,8,0,0,0,8,1,280,3.75,180.0,0.0,True,False
288,4 4 18,48,16.0,9,1.25,False,299000,1.4583333333333333,0,0,0,272,12,4,0,0,16,1,272,3.5833333333333335,172.0,0.0,True,False
288,4 4 18,48,16.0,9,1.25,False,299500,1.4583333333333333,0,0,0,272,12,4,0,0,16,1,272,3.5833333333333335,172.0,0.0,True,False
288,4 4 18,48,16.0,9,1.25,False,300000,1.4722222222222223,0,0,0,272,16,0,0,0,16,1,272,3.5,168.0,0.0,True,True
288,4 4 18,48,16.0,10,1.25,False,0,2.0,0,288,0,0,0,0,0,0,0,0,0,0.3333333333333333,16.0,0.0,False,False
288,4 4 18,48,16.0,10,1.25,False,500,2.0555555555555554,0,236,36,0,16,0,0,0,16,0,0,0.0,0.0,0.0,True,False
288,4 4 18,48,16.0,10,1.25,False,1000,2.0555555555555554,0,236,36,0,16,0,0,0,16,0,0,0.0,0.0,0.0,True,False
288,4 4 18,48,16.0,10,1.25,False,1500,2.0555555555555554,0,200,60,0,28,0,0,0,28,0,0,0.0,0.0,0.0,True,False
288,4 4 18,48,16.0,10,1.25,False,2000,2.0347222222222223,0,212,52,4,20,0,0,0,20,2,2,0.125,6.0,0.0,True,False
288,4 4 18,48,16.0,10,1.25,False,2500,2.0347222222222223,0,200,60,4,24,0,0,0,24,2,2,0.125,6.0,0.0,True,False
288,4 4 18,48,16.0,10,1.25,False,3000,2.013888888888889,0,212,52,8,16,0,0,0,16,2,4,0.25,12.0,0.0,True,False
288,4 4 18,48,16.0,10,1.25,False,3500,2.0347222222222223,0,200,60,4,24,0,0,0,24,2,2,0.125,6.0,0.0,True,False
288,4 4 18,48,16.0,10,1.25,False,4000,2.0347222222222223,0,200,60,4,24,0,0,0,24,2,2,0.125,6.0,0.0,True,False
288,4 4 18,48,16.0,10,1.25,False,4500,2.0347222222222223,0,200,60,4,24,0,0,0,24,2,2,0.125,6.0,0.0,True,False
288,4 4 18,48,16.0,10,1.25,False,5000,2.013888888888889,0,188,68,8,24,0,0,0,24,2,4,0.25,12.0,0.0,True,False
288,4 4 18,48,16.0,10,1.25,False,5500,2.013888888888889,0,188,68,8,24,0,0,0,24,2,4,0.25,12.0,0.0,True,False
288,4 4 18,48,16.0,10,1.25,False,6000,2.013888888888889,0,176,76,8,28,0,0,0,28,2,4,0.25,12.0,0.0,True,False
288,4 4 18,48,16.0,10,1.25,False,6500,2.013888888888889,0,152,92,8,36,0,0,0,36,2,4,0.25,12.0,0.0,True,False
288,4 4 18,48,16.0,10,1.25,False,7000,1.9930555555555556,0,140,100,12,36,0,0,0,36,4,4,0.375,18.0,0.0,True,False
288,4 4 18,48,16.0,10,1.25,False,7500,1.9305555555555556,0,128,108,24,28,0,0,0,28,3,16,0.75,36.0,0.0,True,False
288,4 4 18,48,16.0,10,1.25,False,8000,1.8819444444444444,0,124,104,40,20,0,0,0,20,1,40,1.0416666666666667,50.0,0.0,True,False
288,4 4 18,48,16.0,10,1.25,False,8500,1.8680555555555556,0,116,116,36,20,0,0,0,20,1,36,1.125,54.0,0.0,True,False
288,4 4 18,48,16.0,10,1.25,False,9000,1.9097222222222223,0,60,136,56,36,0,0,0,36,5,52,0.875,42.0,0.0,True,False
288,4 4 18,48,16.0,10,1.25,False,9500,1.8819444444444444,0,68,144,48,28,0,0,0,28,5,44,1.0416666666666667,50.0,0.0,True,False
288,4 4 18,48,16.0,10,1.25,False,10000,1.8888888888888888,0,60,140,52,36,0,0,0,36,5,48,1.0,48.0,0.0,True,False
288,4 4 18,48,16.0,10,1.25,False,10500,1.6875,0,40,140,64,44,0,0,0,44,5,30,2.2083333333333335,106.0,0.0,True,False
288,4 4 18,48,16.0,10,1.25,False,11000,1.7083333333333333,0,32,136,72,48,0,0,0,48,9,34,2.0833333333333335,100.0,0.0,True,False
288,4 4 18,48,16.0,10,1.25,False,11500,1.6458333333333333,0,32,140,76,40,0,0,0,40,7,32,2.4583333333333335,118.0,0.0,True,False
288,4 4 18,48,16.0,10,1.25,False,12000,1.5972222222222223,0,32,152,68,36,0,0,0,36,7,28,2.75,132.0,0.0,True,False
288,4 4 18,48,16.0,10,1.25,False,12500,1.5555555555555556,0,24,160,64,40,0,0,0,40,6,28,3.0,144.0,0.0,True,False
288,4 4 18,48,16.0,10,1.25,False,13000,1.6006944444444444,0,14,169,65,39,1,0,0,40,11,21,2.7291666666666665,131.0,0.0,True,False
288,4 4 18,48,16.0,10,1.25,False,13500,1.5555555555555556,0,7,178,61,40,2,0,0,42,10,27,3.0,144.0,0.0,True,False
288,4 4 18,48,16.0,10,1.25,False,14000,1.5277777777777777,0,4,176,66,40,2,0,0,42,6,36,3.1666666666666665,152.0,0.0,True,False
288,4 4 18,48,16.0,10,1.25,False,14500,1.6423611111111112,0,8,160,76,40,4,0,0,44,8,61,2.4791666666666665,119.0,0.0,True,False
288,4 4 18,48,16.0,10,1.25,False,15000,1.4583333333333333,0,0,200,53,31,3,1,0,35,6,24,3.5833333333333335,172.0,0.0,True,False
288,4 4 18,48,16.0,10,1.25,False,15500,1.4583333333333333,0,0,200,53,31,3,1,0,35,6,24,3.5833333333333335,172.0,0.0,True,False
288,4 4 18,48,16.0,10,1.25,False,16000,1.5625,0,4,185,66,33,0,0,0,33,10,22,2.9583333333333335,142.0,0.0,True,False
288,4 4 18,48,16.0,10,1.25,False,16500,1.4305555555555556,0,0,192,56,40,0,0,0,40,13,18,3.75,180.0,0.0,True,False
288,4 4 18,48,16.0,10,1.25,False,17000,1.375,0,0,192,60,36,0,0,0,36,9,18,4.083333333333333,196.0,0.0,True,False
288,4 4 18,48,16.0,10,1.25,False,17500,1.375,0,0,192,60,36,0,0,0,36,12,18,4.083333333333333,196.0,0.0,True,False
288,4 4 18,48,16.0,10,1.25,False,18000,1.4305555555555556,0,0,192,56,40,0,0,0,40,10,16,3.75,180.0,0.0,True,False
288,4 4 18,48,16.0,10,1.25,False,18500,1.3159722222222223,0,0,214,44,30,0,0,0,30,8,16,4.4375,213.0,0.0,True,False
288,4 4 18,48,16.0,10,1.25,False,19000,1.4791666666666667,0,0,187,70,31,0,0,0,31,8,36,3.4583333333333335,166.0,0.0,True,False
288,4 4 18,48,16.0,10,1.25,False,19500,1.4513888888888888,0,0,195,66,27,0,0,0,27,7,36,3.625,174.0,0.0,True,False
288,4 4 18,48,16.0,10,1.25,False,20000,1.4409722222222223,0,2,199,64,23,0,0,0,23,7,34,3.6875,177.0,0.0,True,False
288,4 4 18,48,16.0,10,1.25,False,20500,1.4375,0,8,195,58,27,0,0,0,27,10,21,3.7083333333333335,178.0,0.0,True,False
288,4 4 18,48,16.0,10,1.25,False,21000,1.4305555555555556,0,4,195,58,31,0,0,0,31,10,21,3.75,180.0,0.0,True,False
288,4 4 18,48,16.0,10,1.25,False,21500,1.4236111111111112,0,0,195,58,35,0,0,0,35,8,22,3.7916666666666665,182.0,0.0,True,False
288,4 4 18,48,16.0,10,1.25,False,22000,1.4236111111111112,0,0,195,58,35,0,0,0,35,8,22,3.7916666666666665,182.0,0.0,True,False
288,4 4 18,48,16.0,10,1.25,False,22500,1.4722222222222223,0,0,183,66,39,0,0,0,39,10,25,3.5,168.0,0.0,True,False
288,4 4 18,48,16.0,10,1.25,False,23000,1.4166666666666667,0,0,199,58,31,0,0,0,31,10,21,3.8333333333333335,184.0,0.0,True,False
288,4 4 18,48,16.0,10,1.25,False,23500,1.4722222222222223,0,0,183,66,39,0,0,0,39,10,25,3.5,168.0,0.0,True,False
288,4 4 18,48,16.0,10,1.25,False,24000,1.4652777777777777,0,0,187,66,35,0,0,0,35,11,21,3.5416666666666665,170.0,0.0,True,False
288,4 4 18,48,16.0,10,1.25,False,24500,1.4166666666666667,0,0,199,58,31,0,0,0,31,11,19,3.8333333333333335,184.0,0.0,True,False
288,4 4 18,48,16.0,10,1.25,False,25000,1.4166666666666667,0,0,199,58,31,0,0,0,31,11,19,3.8333333333333335,184.0,0.0,True,False
288,4 4 18,48,16.0,10,1.25,False,25500,1.375,0,0,207,50,31,0,0,0,31,6,24,4.083333333333333,196.0,0.0,True,False
288,4 4 18,48,16.0,10,1.25,False,26000,1.4722222222222223,0,0,183,66,39,0,0,0,39,11,22,3.5,168.0,0.0,True,False
288,4 4 18,48,16.0,10,1.25,False,26500,1.4722222222222223,0,0,183,66,39,0,0,0,39,11,22,3.5,168.0,0.0,True,False
288,4 4 18,48,16.0,10,1.25,False,27000,1.3958333333333333,0,0,203,54,31,0,0,0,31,8,19,3.9583333333333335,190.0,0.0,True,False
288,4 4 18,48,16.0,10,1.25,False,27500,1.375,0,0,207,50,31,0,0,0,31,6,26,4.083333333333333,196.0,0.0,True,False
288,4 4 18,48,16.0,10,1.25,False,28000,1.4236111111111112,0,0,195,58,35,0,0,0,35,10,26,3.7916666666666665,182.0,0.0,True,False
288,4 4 18,48,16.0,10,1.25,False,28500,1.375,0,0,207,50,31,0,0,0,31,6,26,4.083333333333333,196.0,0.0,True,False
288,4 4 18,48,16.0,10,1.25,False,29000,1.4444444444444444,0,0,191,62,35,0,0,0,35,12,22,3.6666666666666665,176.0,0.0,True,False
288,4 4 18,48,16.0,10,1.25,False,29500,1.4444444444444444,0,0,191,62,35,0,0,0,35,12,22,3.6666666666666665,176.0,0.0,True,False
288,4 4 18,48,16.0,10,1.25,False,30000,1.4027777777777777,0,0,207,58,23,0,0,0,23,6,32,3.9166666666666665,188.0,0.0,True,False
288,4 4 18,48,16.0,10,1.25,False,30500,1.4513888888888888,0,0,203,50,35,0,0,0,35,9,18,3.625,174.0,0.0,True,False
288,4 4 18,48,16.0,10,1.25,False,31000,1.4479166666666667,0,0,205,51,31,1,0,0,32,12,16,3.6458333333333335,175.0,0.0,True,False
288,4 4 18,48,16.0,10,1.25,False,31500,1.4270833333333333,0,0,209,47,31,1,0,0,32,9,17,3.7708333333333335,181.0,0.0,True,False
288,4 4 18,48,16.0,10,1.25,False,32000,1.3680555555555556,0,0,211,50,27,0,0,0,27,10,17,4.125,198.0,0.0,True,False
288,4 4 18,48,16.0,10,1.25,False,32500,1.5034722222222223,0,0,186,64,38,0,0,0,38,11,27,3.3125,159.0,0.0,True,False
288,4 4 18,48,16.0,10,1.25,False,33000,1.4513888888888888,0,0,188,64,32,4,0,0,36,16,20,3.625,174.0,0.0,True,False
288,4 4 18,48,16.0,10,1.25,False,33500,1.4930555555555556,0,0,176,76,36,0,0,0,36,10,44,3.375,162.0,0.0,True,False
288,4 4 18,48,16.0,10,1.25,False,34000,1.3819444444444444,0,0,188,60,40,0,0,0,40,7,26,4.041666666666667,194.0,0.0,True,False
288,4 4 18,48,16.0,10,1.25,False,34500,1.5520833333333333,0,0,179,63,45,1,0,0,46,10,29,3.0208333333333335,145.0,0.0,True,False
288,4 4 18,48,16.0,10,1.25,False,35000,1.5416666666666667,0,0,172,69,46,1,0,0,47,7,31,3.0833333333333335,148.0,0.0,True,False
288,4 4 18,48,16.0,10,1.25,False,35500,1.4861111111111112,0,0,188,61,38,1,0,0,39,6,27,3.4166666666666665,164.0,0.0,True,False
288,4 4 18,48,16.0,10,1.25,False,36000,1.5,0,1,189,59,39,0,0,0,39,8,18,3.3333333333333335,160.0,0.0,True,False
288,4 4 18,48,16.0,10,1.25,False,36500,1.4444444444444444,0,0,192,60,36,0,0,0,36,10,16,3.6666666666666665,176.0,0.0,True,False
288,4 4 18,48,16.0,10,1.25,False,37000,1.4861111111111112,0,0,172,72,44,0,0,0,44,17,18,3.4166666666666665,164.0,0.0,True,False
288,4 4 18,48,16.0,10,1.25,False,37500,1.2986111111111112,0,0,212,48,28,0,0,0,28,8,18,4.541666666666667,218.0,0.0,True,False
288,4 4 18,48,16.0,10,1.25,False,38000,1.3472222222222223,0,0,200,56,32,0,0,0,32,12,18,4.25,204.0,0.0,True,False
288,4 4 18,48,16.0,10,1.25,False,38500,1.4409722222222223,0,2,192,58,36,0,0,0,36,12,20,3.6875,177.0,0.0,True,False
288,4 4 18,48,16.0,10,1.25,False,39000,1.4409722222222223,0,2,192,58,36,0,0,0,36,10,20,3.6875,177.0,0.0,True,False
288,4 4 18,48,16.0,10,1.25,False,39500,1.4583333333333333,0,0,197,56,33,2,0,0,35,11,18,3.5833333333333335,172.0,0.0,True,False
288,4 4 18,48,16.0,10,1.25,False,40000,1.5416666666666667,0,0,188,58,40,2,0,0,42,11,19,3.0833333333333335,148.0,0.0,True,False
288,4 4 18,48,16.0,10,1.25,False,40500,1.4861111111111112,0,0,188,62,36,2,0,0,38,15,18,3.4166666666666665,164.0,0.0,True,False
288,4 4 18,48,16.0,10,1.25,False,41000,1.4583333333333333,0,0,196,58,32,2,0,0,34,14,18,3.5833333333333335,172.0,0.0,True,False
288,4 4 18,48,16.0,10,1.25,False,41500,1.4618055555555556,0,0,191,62,35,0,0,0,35,14,18,3.5625,171.0,0.0,True,False
288,4 4 18,48,16.0,10,1.25,False,42000,1.4791666666666667,0,0,193,58,37,0,0,0,37,11,23,3.4583333333333335,166.0,0.0,True,False
288,4 4 18,48,16.0,10,1.25,False,42500,1.3993055555555556,0,4,207,50,27,0,0,0,27,7,19,3.9375,189.0,0.0,True,False
288,4 4 18,48,16.0,10,1.25,False,43000,1.3993055555555556,0,4,207,50,27,0,0,0,27,7,19,3.9375,189.0,0.0,True,False
288,4 4 18,48,16.0,10,1.25,False,43500,1.4097222222222223,0,0,212,46,25,4,1,0,30,9,16,3.875,186.0,0.0,True,False
288,4 4 18,48,16.0,10,1.25,False,44000,1.4791666666666667,0,0,212,46,26,2,2,0,30,10,16,3.4583333333333335,166.0,0.0,True,False
288,4 4 18,48,16.0,10,1.25,False,44500,1.4895833333333333,0,0,209,56,22,0,1,0,23,8,24,3.3958333333333335,163.0,0.0,True,False
288,4 4 18,48,16.0,10,1.25,False,45000,1.46875,0,0,216,47,23,1,1,0,25,5,25,3.5208333333333335,169.0,0.0,True,False
288,4 4 18,48,16.0,10,1.25,False,45500,1.4652777777777777,0,0,192,59,34,3,0,0,37,6,27,3.5416666666666665,170.0,0.0,True,False
288,4 4 18,48,16.0,10,1.25,False,46000,1.5069444444444444,0,0,184,67,34,3,0,0,37,11,29,3.2916666666666665,158.0,0.0,True,False
288,4 4 18,48,16.0,10,1.25,False,46500,1.4236111111111112,0,0,198,54,34,2,0,0,36,7,20,3.7916666666666665,182.0,0.0,True,False
288,4 4 18,48,16.0,10,1.25,False,47000,1.375,0,0,192,60,36,0,0,0,36,12,20,4.083333333333333,196.0,0.0,True,False
288,4 4 18,48,16.0,10,1.25,False,47500,1.53125,0,0,156,92,40,0,0,0,40,9,56,3.1458333333333335,151.0,0.0,True,False
288,4 4 18,48,16.0,10,1.25,False,48000,1.4895833333333333,0,0,164,84,40,0,0,0,40,10,30,3.3958333333333335,163.0,0.0,True,False
288,4 4 18,48,16.0,10,1.25,False,48500,1.4479166666666667,0,0,178,64,46,0,0,0,46,9,18,3.6458333333333335,175.0,0.0,True,False
288,4 4 18,48,16.0,10,1.25,False,49000,1.4479166666666667,0,0,194,52,42,0,0,0,42,12,16,3.6458333333333335,175.0,0.0,True,False
288,4 4 18,48,16.0,10,1.25,False,49500,1.3819444444444444,0,0,188,60,40,0,0,0,40,10,28,4.041666666666667,194.0,0.0,True,False
288,4 4 18,48,16.0,10,1.25,False,50000,1.2777777777777777,0,0,216,44,28,0,0,0,28,7,18,4.666666666666667,224.0,0.0,True,False
288,4 4 18,48,16.0,10,1.25,False,50500,1.4270833333333333,0,0,194,56,38,0,0,0,38,12,18,3.7708333333333335,181.0,0.0,True,False
288,4 4 18,48,16.0,10,1.25,False,51000,1.4166666666666667,0,0,188,60,40,0,0,0,40,11,24,3.8333333333333335,184.0,0.0,True,False
288,4 4 18,48,16.0,10,1.25,False,51500,1.4409722222222223,0,4,190,56,38,0,0,0,38,10,22,3.6875,177.0,0.0,True,False
288,4 4 18,48,16.0,10,1.25,False,52000,1.4305555555555556,0,0,192,56,40,0,0,0,40,15,16,3.75,180.0,0.0,True,False
288,4 4 18,48,16.0,10,1.25,False,52500,1.3472222222222223,0,0,200,56,32,0,0,0,32,13,16,4.25,204.0,0.0,True,False
288,4 4 18,48,16.0,10,1.25,False,53000,1.375,0,0,192,60,36,0,0,0,36,9,20,4.083333333333333,196.0,0.0,True,False
288,4 4 18,48,16.0,10,1.25,False,53500,1.3958333333333333,0,0,188,64,36,0,0,0,36,12,24,3.9583333333333335,190.0,0.0,True,False
288,4 4 18,48,16.0,10,1.25,False,54000,1.375,0,0,192,60,36,0,0,0,36,9,24,4.083333333333333,196.0,0.0,True,False
288,4 4 18,48,16.0,10,1.25,False,54500,1.4722222222222223,0,2,172,82,32,0,0,0,32,11,40,3.5,168.0,0.0,True,False
288,4 4 18,48,16.0,10,1.25,False,55000,1.6041666666666667,0,2,152,90,44,0,0,0,44,8,52,2.7083333333333335,130.0,0.0,True,False
288,4 4 18,48,16.0,10,1.25,False,55500,1.5173611111111112,0,2,166,82,38,0,0,0,38,9,48,3.2291666666666665,155.0,0.0,True,False
288,4 4 18,48,16.0,10,1.25,False,56000,1.3993055555555556,0,4,194,56,34,0,0,0,34,12,20,3.9375,189.0,0.0,True,False
288,4 4 18,48,16.0,10,1.25,False,56500,1.3055555555555556,0,0,208,48,32,0,0,0,32,7,22,4.5,216.0,0.0,True,False
288,4 4 18,48,16.0,10,1.25,False,57000,1.3055555555555556,0,0,208,48,32,0,0,0,32,7,22,4.5,216.0,0.0,True,False
288,4 4 18,48,16.0,10,1.25,False,57500,1.4340277777777777,0,0,188,62,36,2,0,0,38,10,24,3.7291666666666665,179.0,0.0,True,False
288,4 4 18,48,16.0,10,1.25,False,58000,1.4548611111111112,0,0,184,66,36,2,0,0,38,8,34,3.6041666666666665,173.0,0.0,True,False
288,4 4 18,48,16.0,10,1.25,False,58500,1.4513888888888888,0,0,180,76,32,0,0,0,32,4,44,3.625,174.0,0.0,True,False
288,4 4 18,48,16.0,10,1.25,False,59000,1.3333333333333333,0,0,200,52,36,0,0,0,36,6,28,4.333333333333333,208.0,0.0,True,False
288,4 4 18,48,16.0,10,1.25,False,59500,1.3819444444444444,0,0,188,60,40,0,0,0,40,9,28,4.041666666666667,194.0,0.0,True,False
288,4 4 18,48,16.0,10,1.25,False,60000,1.4097222222222223,0,4,184,64,36,0,0,0,36,12,24,3.875,186.0,0.0,True,False
288,4 4 18,48,16.0,10,1.25,False,60500,1.3541666666666667,0,0,196,56,36,0,0,0,36,10,24,4.208333333333333,202.0,0.0,True,False
288,4 4 18,48,16.0,10,1.25,False,61000,1.3541666666666667,0,0,196,56,36,0,0,0,36,8,22,4.208333333333333,202.0,0.0,True,False
288,4 4 18,48,16.0,10,1.25,False,61500,1.3611111111111112,0,0,200,60,28,0,0,0,28,5,34,4.166666666666667,200.0,0.0,True,False
288,4 4 18,48,16.0,10,1.25,False,62000,1.3333333333333333,0,4,204,52,28,0,0,0,28,9,20,4.333333333333333,208.0,0.0,True,False
288,4 4 18,48,16.0,10,1.25,False,62500,1.3611111111111112,0,4,196,56,32,0,0,0,32,9,24,4.166666666666667,200.0,0.0,True,False
288,4 4 18,48,16.0,10,1.25,False,63000,1.3402777777777777,0,4,200,52,32,0,0,0,32,6,24,4.291666666666667,206.0,0.0,True,False
288,4 4 18,48,16.0,10,1.25,False,63500,1.3541666666666667,0,0,196,56,36,0,0,0,36,9,20,4.208333333333333,202.0,0.0,True,False
288,4 4 18,48,16.0,10,1.25,False,64000,1.3541666666666667,0,0,196,56,36,0,0,0,36,10,22,4.208333333333333,202.0,0.0,True,False
288,4 4 18,48,16.0,10,1.25,False,64500,1.3472222222222223,0,0,200,56,32,0,0,0,32,12,16,4.25,204.0,0.0,True,False
288,4 4 18,48,16.0,10,1.25,False,65000,1.3472222222222223,0,0,200,56,32,0,0,0,32,11,18,4.25,204.0,0.0,True,False
288,4 4 18,48,16.0,10,1.25,False,65500,1.3923611111111112,0,0,208,48,32,0,0,0,32,8,18,3.9791666666666665,191.0,0.0,True,False
288,4 4 18,48,16.0,10,1.25,False,66000,1.4756944444444444,0,0,196,56,36,0,0,0,36,8,20,3.4791666666666665,167.0,0.0,True,False
288,4 4 18,48,16.0,10,1.25,False,66500,1.4583333333333333,0,0,194,60,34,0,0,0,34,10,22,3.5833333333333335,172.0,0.0,True,False
288,4 4 18,48,16.0,10,1.25,False,67000,1.53125,0,0,189,67,31,1,0,0,32,11,31,3.1458333333333335,151.0,0.0,True,False
288,4 4 18,48,16.0,10,1.25,False,67500,1.5763888888888888,0,4,191,60,31,2,0,0,33,10,24,2.875,138.0,0.0,True,False
288,4 4 18,48,16.0,10,1.25,False,68000,1.375,0,0,206,52,30,0,0,0,30,8,20,4.083333333333333,196.0,0.0,True,False
288,4 4 18,48,16.0,10,1.25,False,68500,1.4583333333333333,0,0,188,72,28,0,0,0,28,8,40,3.5833333333333335,172.0,0.0,True,False
288,4 4 18,48,16.0,10,1.25,False,69000,1.4652777777777777,0,0,176,88,24,0,0,0,24,10,52,3.5416666666666665,170.0,0.0,True,False
288,4 4 18,48,16.0,10,1.25,False,69500,1.53125,0,0,166,92,30,0,0,0,30,13,50,3.1458333333333335,151.0,0.0,True,False
288,4 4 18,48,16.0,10,1.25,False,70000,1.5069444444444444,0,0,160,92,36,0,0,0,36,12,44,3.2916666666666665,158.0,0.0,True,False
288,4 4 18,48,16.0,10,1.25,False,70500,1.4444444444444444,0,0,168,88,32,0,0,0,32,15,44,3.6666666666666665,176.0,0.0,True,False
288,4 4 18,48,16.0,10,1.25,False,71000,1.4270833333333333,0,0,188,68,32,0,0,0,32,13,30,3.7708333333333335,181.0,0.0,True,False
288,4 4 18,48,16.0,10,1.25,False,71500,1.3819444444444444,0,0,204,48,36,0,0,0,36,11,16,4.041666666666667,194.0,0.0,True,False
288,4 4 18,48,16.0,10,1.25,False,72000,1.3541666666666667,0,0,196,56,36,0,0,0,36,12,20,4.208333333333333,202.0,0.0,True,False
288,4 4 18,48,16.0,10,1.25,False,72500,1.4027777777777777,0,0,184,64,40,0,0,0,40,14,20,3.9166666666666665,188.0,0.0,True,False
288,4 4 18,48,16.0,10,1.25,False,73000,1.4027777777777777,0,0,184,64,40,0,0,0,40,14,22,3.9166666666666665,188.0,0.0,True,False
288,4 4 18,48,16.0,10,1.25,False,73500,1.3819444444444444,0,0,188,60,40,0,0,0,40,11,26,4.041666666666667,194.0,0.0,True,False
288,4 4 18,48,16.0,10,1.25,False,74000,1.4375,0,0,180,72,36,0,0,0,36,11,18,3.7083333333333335,178.0,0.0,True,False
288,4 4 18,48,16.0,10,1.25,False,74500,1.4236111111111112,0,0,196,56,36,0,0,0,36,7,30,3.7916666666666665,182.0,0.0,True,False
288,4 4 18,48,16.0,10,1.25,False,75000,1.40625,0,4,198,60,26,0,0,0,26,6,20,3.8958333333333335,187.0,0.0,True,False
288,4 4 18,48,16.0,10,1.25,False,75500,1.4444444444444444,0,0,192,60,36,0,0,0,36,7,18,3.6666666666666665,176.0,0.0,True,False
288,4 4 18,48,16.0,10,1.25,False,76000,1.4236111111111112,0,4,192,52,40,0,0,0,40,9,20,3.7916666666666665,182.0,0.0,True,False
288,4 4 18,48,16.0,10,1.25,False,76500,1.4166666666666667,0,0,192,52,44,0,0,0,44,7,20,3.8333333333333335,184.0,0.0,True,False
288,4 4 18,48,16.0,10,1.25,False,77000,1.3819444444444444,0,0,188,60,40,0,0,0,40,9,22,4.041666666666667,194.0,0.0,True,False
288,4 4 18,48,16.0,10,1.25,False,77500,1.4166666666666667,0,4,180,64,40,0,0,0,40,7,24,3.8333333333333335,184.0,0.0,True,False
288,4 4 18,48,16.0,10,1.25,False,78000,1.4305555555555556,0,8,186,64,30,0,0,0,30,8,28,3.75,180.0,0.0,True,False
288,4 4 18,48,16.0,10,1.25,False,78500,1.4236111111111112,0,8,180,64,36,0,0,0,36,9,26,3.7916666666666665,182.0,0.0,True,False
288,4 4 18,48,16.0,10,1.25,False,79000,1.3680555555555556,0,4,200,60,24,0,0,0,24,4,34,4.125,198.0,0.0,True,False
288,4 4 18,48,16.0,10,1.25,False,79500,1.4583333333333333,0,2,180,82,24,0,0,0,24,5,40,3.5833333333333335,172.0,0.0,True,False
288,4 4 18,48,16.0,10,1.25,False,80000,1.4583333333333333,0,8,176,72,32,0,0,0,32,8,26,3.5833333333333335,172.0,0.0,True,False
288,4 4 18,48,16.0,10,1.25,False,80500,1.3888888888888888,0,4,188,60,36,0,0,0,36,7,26,4.0,192.0,0.0,True,False
288,4 4 18,48,16.0,10,1.25,False,81000,1.40625,0,0,194,60,34,0,0,0,34,8,46,3.8958333333333335,187.0,0.0,True,False
288,4 4 18,48,16.0,10,1.25,False,81500,1.4097222222222223,0,0,196,52,40,0,0,0,40,10,22,3.875,186.0,0.0,True,False
288,4 4 18,48,16.0,10,1.25,False,82000,1.4652777777777777,0,0,176,68,44,0,0,0,44,14,20,3.5416666666666665,170.0,0.0,True,False
288,4 4 18,48,16.0,10,1.25,False,82500,1.375,0,0,192,60,36,0,0,0,36,13,20,4.083333333333333,196.0,0.0,True,False
288,4 4 18,48,16.0,10,1.25,False,83000,1.3541666666666667,0,0,196,56,36,0,0,0,36,10,18,4.208333333333333,202.0,0.0,True,False
288,4 4 18,48,16.0,10,1.25,False,83500,1.4340277777777777,0,0,184,68,36,0,0,0,36,7,32,3.7291666666666665,179.0,0.0,True,False
288,4 4 18,48,16.0,10,1.25,False,84000,1.3888888888888888,0,0,196,56,36,0,0,0,36,13,18,4.0,192.0,0.0,True,False
288,4 4 18,48,16.0,10,1.25,False,84500,1.5173611111111112,0,0,196,54,34,2,2,0,38,13,16,3.2291666666666665,155.0,0.0,True,False
288,4 4 18,48,16.0,10,1.25,False,85000,1.4548611111111112,0,0,202,52,30,4,0,0,34,11,16,3.6041666666666665,173.0,0.0,True,False
288,4 4 18,48,16.0,10,1.25,False,85500,1.46875,0,0,206,48,30,4,0,0,34,10,14,3.5208333333333335,169.0,0.0,True,False
288,4 4 18,48,16.0,10,1.25,False,86000,1.4548611111111112,0,0,202,52,30,4,0,0,34,11,16,3.6041666666666665,173.0,0.0,True,False
288,4 4 18,48,16.0,10,1.25,False,86500,1.4340277777777777,0,0,206,48,30,4,0,0,34,8,18,3.7291666666666665,179.0,0.0,True,False
288,4 4 18,48,16.0,10,1.25,False,87000,1.4305555555555556,0,0,204,52,32,0,0,0,32,10,20,3.75,180.0,0.0,True,False
288,4 4 18,48,16.0,10,1.25,False,87500,1.5,0,0,188,64,36,0,0,0,36,13,18,3.3333333333333335,160.0,0.0,True,False
288,4 4 18,48,16.0,10,1.25,False,88000,1.4826388888888888,0,0,195,56,32,4,1,0,37,7,21,3.4375,165.0,0.0,True,False
288,4 4 18,48,16.0,10,1.25,False,88500,1.4548611111111112,0,0,202,54,27,4,1,0,32,7,18,3.6041666666666665,173.0,0.0,True,False
288,4 4 18,48,16.0,10,1.25,False,89000,1.4548611111111112,0,0,202,54,27,4,1,0,32,10,18,3.6041666666666665,173.0,0.0,True,False
288,4 4 18,48,16.0,10,1.25,False,89500,1.4340277777777777,0,0,206,50,27,4,1,0,32,6,20,3.7291666666666665,179.0,0.0,True,False
288,4 4 18,48,16.0,10,1.25,False,90000,1.4375,0,0,201,51,35,1,0,0,36,7,23,3.7083333333333335,178.0,0.0,True,False
288,4 4 18,48,16.0,10,1.25,False,90500,1.4930555555555556,0,0,185,59,43,1,0,0,44,8,23,3.375,162.0,0.0,True,False
288,4 4 18,48,16.0,10,1.25,False,91000,1.4548611111111112,0,4,190,60,34,0,0,0,34,9,22,3.6041666666666665,173.0,0.0,True,False
288,4 4 18,48,16.0,10,1.25,False,91500,1.4479166666666667,0,4,195,58,31,0,0,0,31,9,20,3.6458333333333335,175.0,0.0,True,False
288,4 4 18,48,16.0,10,1.25,False,92000,1.4131944444444444,0,0,203,54,31,0,0,0,31,10,16,3.8541666666666665,185.0,0.0,True,False
288,4 4 18,48,16.0,10,1.25,False,92500,1.5138888888888888,0,0,181,63,43,1,0,0,44,14,22,3.25,156.0,0.0,True,False
288,4 4 18,48,16.0,10,1.25,False,93000,1.4861111111111112,0,0,190,59,36,3,0,0,39,8,26,3.4166666666666665,164.0,0.0,True,False
288,4 4 18,48,16.0,10,1.25,False,93500,1.4756944444444444,0,2,192,59,34,1,0,0,35,10,16,3.4791666666666665,167.0,0.0,True,False
288,4 4 18,48,16.0,10,1.25,False,94000,1.5069444444444444,0,0,185,64,37,2,0,0,39,11,20,3.2916666666666665,158.0,0.0,True,False
288,4 4 18,48,16.0,10,1.25,False,94500,1.4618055555555556,0,0,191,62,35,0,0,0,35,12,18,3.5625,171.0,0.0,True,False
288,4 4 18,48,16.0,10,1.25,False,95000,1.4305555555555556,0,0,205,53,27,3,0,0,30,6,25,3.75,180.0,0.0,True,False
288,4 4 18,48,16.0,10,1.25,False,95500,1.5034722222222223,0,0,190,59,36,3,0,0,39,11,20,3.3125,159.0,0.0,True,False
288,4 4 18,48,16.0,10,1.25,False,96000,1.4131944444444444,0,0,206,51,28,3,0,0,31,8,20,3.8541666666666665,185.0,0.0,True,False
288,4 4 18,48,16.0,10,1.25,False,96500,1.4722222222222223,0,1,196,57,34,0,0,0,34,10,16,3.5,168.0,0.0,True,False
288,4 4 18,48,16.0,10,1.25,False,97000,1.3645833333333333,0,0,214,48,26,0,0,0,26,8,16,4.145833333333333,199.0,0.0,True,False
288,4 4 18,48,16.0,10,1.25,False,97500,1.4409722222222223,0,0,194,60,34,0,0,0,34,13,16,3.6875,177.0,0.0,True,False
288,4 4 18,48,16.0,10,1.25,False,98000,1.4583333333333333,0,1,192,61,34,0,0,0,34,10,16,3.5833333333333335,172.0,0.0,True,False
288,4 4 18,48,16.0,10,1.25,False,98500,1.40625,0,1,206,53,28,0,0,0,28,8,16,3.8958333333333335,187.0,0.0,True,False
288,4 4 18,48,16.0,10,1.25,False,99000,1.4027777777777777,0,0,212,48,28,0,0,0,28,9,16,3.9166666666666665,188.0,0.0,True,False
288,4 4 18,48,16.0,10,1.25,False,99500,1.4305555555555556,0,0,204,52,32,0,0,0,32,9,20,3.75,180.0,0.0,True,False
288,4 4 18,48,16.0,10,1.25,False,100000,1.3576388888888888,0,0,210,44,34,0,0,0,34,7,16,4.1875,201.0,0.0,True,False
288,4 4 18,48,16.0,10,1.25,False,100500,1.4131944444444444,0,0,194,52,42,0,0,0,42,9,18,3.8541666666666665,185.0,0.0,True,False
288,4 4 18,48,16.0,10,1.25,False,101000,1.4409722222222223,0,0,186,56,46,0,0,0,46,8,24,3.6875,177.0,0.0,True,False
288,4 4 18,48,16.0,10,1.25,False,101500,1.4305555555555556,0,0,176,68,44,0,0,0,44,13,22,3.75,180.0,0.0,True,False
288,4 4 18,48,16.0,10,1.25,False,102000,1.4305555555555556,0,0,176,68,44,0,0,0,44,11,18,3.75,180.0,0.0,True,False
288,4 4 18,48,16.0,10,1.25,False,102500,1.3923611111111112,0,0,194,56,38,0,0,0,38,12,18,3.9791666666666665,191.0,0.0,True,False
288,4 4 18,48,16.0,10,1.25,False,103000,1.3263888888888888,0,0,204,52,32,0,0,0,32,7,16,4.375,210.0,0.0,True,False
288,4 4 18,48,16.0,10,1.25,False,103500,1.4583333333333333,0,12,180,72,24,0,0,0,24,8,56,3.5833333333333335,172.0,0.0,True,False
288,4 4 18,48,16.0,10,1.25,False,104000,1.4791666666666667,0,12,168,72,36,0,0,0,36,9,48,3.4583333333333335,166.0,0.0,True,False
288,4 4 18,48,16.0,10,1.25,False,104500,1.3958333333333333,0,20,192,56,20,0,0,0,20,9,38,3.9583333333333335,190.0,0.0,True,False
288,4 4 18,48,16.0,10,1.25,False,105000,1.4236111111111112,0,16,188,64,20,0,0,0,20,5,36,3.7916666666666665,182.0,0.0,True,False
288,4 4 18,48,16.0,10,1.25,False,105500,1.4722222222222223,0,4,180,60,44,0,0,0,44,8,44,3.5,168.0,0.0,True,False
288,4 4 18,48,16.0,10,1.25,False,106000,1.3888888888888888,0,4,188,60,36,0,0,0,36,7,48,4.0,192.0,0.0,True,False
288,4 4 18,48,16.0,10,1.25,False,106500,1.3680555555555556,0,4,192,56,36,0,0,0,36,7,42,4.125,198.0,0.0,True,False
288,4 4 18,48,16.0,10,1.25,False,107000,1.4513888888888888,0,10,176,74,28,0,0,0,28,9,56,3.625,174.0,0.0,True,False
288,4 4 18,48,16.0,10,1.25,False,107500,1.3680555555555556,0,4,192,56,36,0,0,0,36,8,42,4.125,198.0,0.0,True,False
288,4 4 18,48,16.0,10,1.25,False,108000,1.4652777777777777,0,4,184,60,40,0,0,0,40,10,30,3.5416666666666665,170.0,0.0,True,False
288,4 4 18,48,16.0,10,1.25,False,108500,1.4340277777777777,0,0,186,64,38,0,0,0,38,12,30,3.7291666666666665,179.0,0.0,True,False
288,4 4 18,48,16.0,10,1.25,False,109000,1.4548611111111112,0,0,182,68,38,0,0,0,38,13,28,3.6041666666666665,173.0,0.0,True,False
288,4 4 18,48,16.0,10,1.25,False,109500,1.2708333333333333,0,0,220,44,24,0,0,0,24,16,8,4.708333333333333,226.0,0.0,True,False
288,4 4 18,48,16.0,10,1.25,False,110000,1.2638888888888888,0,0,216,40,32,0,0,0,32,8,18,4.75,228.0,0.0,True,False
288,4 4 18,48,16.0,10,1.25,False,110500,1.3402777777777777,0,0,196,52,40,0,0,0,40,11,18,4.291666666666667,206.0,0.0,True,False
288,4 4 18,48,16.0,10,1.25,False,111000,1.2465277777777777,0,0,230,32,26,0,0,0,26,10,10,4.854166666666667,233.0,0.0,True,False
288,4 4 18,48,16.0,10,1.25,False,111500,1.3298611111111112,0,0,218,40,30,0,0,0,30,12,8,4.354166666666667,209.0,0.0,True,False
288,4 4 18,48,16.0,10,1.25,False,112000,1.2430555555555556,0,0,228,40,20,0,0,0,20,17,4,4.875,234.0,0.0,True,False
288,4 4 18,48,16.0,10,1.25,False,112500,1.3680555555555556,0,0,228,36,24,0,0,0,24,15,8,4.125,198.0,0.0,True,False
288,4 4 18,48,16.0,10,1.25,False,113000,1.3229166666666667,0,0,235,34,19,0,0,0,19,12,10,4.395833333333333,211.0,0.0,True,False
288,4 4 18,48,16.0,10,1.25,False,113500,1.2743055555555556,0,0,246,28,14,0,0,0,14,10,8,4.6875,225.0,0.0,True,False
288,4 4 18,48,16.0,10,1.25,False,114000,1.3368055555555556,0,0,224,41,22,1,0,0,23,14,12,4.3125,207.0,0.0,True,False
288,4 4 18,48,16.0,10,1.25,False,114500,1.3368055555555556,0,0,224,41,22,1,0,0,23,16,10,4.3125,207.0,0.0,True,False
288,4 4 18,48,16.0,10,1.25,False,115000,1.4618055555555556,0,0,190,64,34,0,0,0,34,22,9,3.5625,171.0,0.0,True,False
288,4 4 18,48,16.0,10,1.25,False,115500,1.4097222222222223,0,0,196,52,40,0,0,0,40,17,6,3.875,186.0,0.0,True,False
288,4 4 18,48,16.0,10,1.25,False,116000,1.4375,0,0,196,60,32,0,0,0,32,15,26,3.7083333333333335,178.0,0.0,True,False
288,4 4 18,48,16.0,10,1.25,False,116500,1.3715277777777777,0,0,206,56,26,0,0,0,26,16,18,4.104166666666667,197.0,0.0,True,False
288,4 4 18,48,16.0,10,1.25,False,117000,1.3263888888888888,0,0,204,52,32,0,0,0,32,9,20,4.375,210.0,0.0,True,False
288,4 4 18,48,16.0,10,1.25,False,117500,1.3854166666666667,0,0,198,56,34,0,0,0,34,24,6,4.020833333333333,193.0,0.0,True,False
288,4 4 18,48,16.0,10,1.25,False,118000,1.1631944444444444,0,0,254,20,14,0,0,0,14,10,2,5.354166666666667,257.0,0.0,True,False
288,4 4 18,48,16.0,10,1.25,False,118500,1.3819444444444444,0,0,196,64,28,0,0,0,28,16,16,4.041666666666667,194.0,0.0,True,False
288,4 4 18,48,16.0,10,1.25,False,119000,1.2986111111111112,0,0,212,48,28,0,0,0,28,11,14,4.541666666666667,218.0,0.0,True,False
288,4 4 18,48,16.0,10,1.25,False,119500,1.2395833333333333,0,0,234,32,22,0,0,0,22,12,8,4.895833333333333,235.0,0.0,True,False
288,4 4 18,48,16.0,10,1.25,False,120000,1.4340277777777777,0,0,210,56,22,0,0,0,22,13,12,3.7291666666666665,179.0,0.0,True,False
288,4 4 18,48,16.0,10,1.25,False,120500,1.3541666666666667,0,0,212,64,12,0,0,0,12,10,24,4.208333333333333,202.0,0.0,True,False
288,4 4 18,48,16.0,10,1.25,False,121000,1.3194444444444444,0,0,208,52,28,0,0,0,28,21,6,4.416666666666667,212.0,0.0,True,False
288,4 4 18,48,16.0,10,1.25,False,121500,1.3333333333333333,0,0,216,40,32,0,0,0,32,17,4,4.333333333333333,208.0,0.0,True,False
288,4 4 18,48,16.0,10,1.25,False,122000,1.2256944444444444,0,0,242,32,14,0,0,0,14,10,14,4.979166666666667,239.0,0.0,True,False
288,4 4 18,48,16.0,10,1.25,False,122500,1.2569444444444444,0,0,232,36,20,0,0,0,20,16,4,4.791666666666667,230.0,0.0,True,False
288,4 4 18,48,16.0,10,1.25,False,123000,1.3055555555555556,0,0,220,44,24,0,0,0,24,20,4,4.5,216.0,0.0,True,False
288,4 4 18,48,16.0,10,1.25,False,123500,1.3993055555555556,0,0,215,47,25,1,0,0,26,18,9,3.9375,189.0,0.0,True,False
288,4 4 18,48,16.0,10,1.25,False,124000,1.3958333333333333,0,0,204,52,32,0,0,0,32,21,6,3.9583333333333335,190.0,0.0,True,False
288,4 4 18,48,16.0,10,1.25,False,124500,1.25,0,0,224,40,24,0,0,0,24,12,10,4.833333333333333,232.0,0.0,True,False
288,4 4 18,48,16.0,10,1.25,False,125000,1.3472222222222223,0,0,200,56,32,0,0,0,32,18,8,4.25,204.0,0.0,True,False
288,4 4 18,48,16.0,10,1.25,False,125500,1.2708333333333333,0,0,220,44,24,0,0,0,24,15,8,4.708333333333333,226.0,0.0,True,False
288,4 4 18,48,16.0,10,1.25,False,126000,1.2986111111111112,0,0,212,48,28,0,0,0,28,20,8,4.541666666666667,218.0,0.0,True,False
288,4 4 18,48,16.0,10,1.25,False,126500,1.2708333333333333,0,0,220,44,24,0,0,0,24,14,8,4.708333333333333,226.0,0.0,True,False
288,4 4 18,48,16.0,10,1.25,False,127000,1.3680555555555556,0,0,204,64,20,0,0,0,20,14,32,4.125,198.0,0.0,True,False
288,4 4 18,48,16.0,10,1.25,False,127500,1.2986111111111112,0,0,212,48,28,0,0,0,28,14,12,4.541666666666667,218.0,0.0,True,False
288,4 4 18,48,16.0,10,1.25,False,128000,1.3541666666666667,0,0,196,56,36,0,0,0,36,9,18,4.208333333333333,202.0,0.0,True,False
288,4 4 18,48,16.0,10,1.25,False,128500,1.4618055555555556,0,4,180,72,32,0,0,0,32,10,22,3.5625,171.0,0.0,True,False
288,4 4 18,48,16.0,10,1.25,False,129000,1.3263888888888888,0,0,204,52,32,0,0,0,32,16,10,4.375,210.0,0.0,True,False
288,4 4 18,48,16.0,10,1.25,False,129500,1.375,0,0,209,50,25,4,0,0,29,13,12,4.083333333333333,196.0,0.0,True,False
288,4 4 18,48,16.0,10,1.25,False,130000,1.2222222222222223,0,0,248,28,8,4,0,0,12,9,6,5.0,240.0,0.0,True,False
288,4 4 18,48,16.0,10,1.25,False,130500,1.3159722222222223,0,0,227,38,23,0,0,0,23,15,6,4.4375,213.0,0.0,True,False
288,4 4 18,48,16.0,10,1.25,False,131000,1.1736111111111112,0,0,244,28,16,0,0,0,16,8,8,5.291666666666667,254.0,0.0,True,False
288,4 4 18,48,16.0,10,1.25,False,131500,1.3506944444444444,0,0,229,35,23,1,0,0,24,10,12,4.229166666666667,203.0,0.0,True,False
288,4 4 18,48,16.0,10,1.25,False,132000,1.3854166666666667,0,0,212,48,28,0,0,0,28,15,8,4.020833333333333,193.0,0.0,True,False
288,4 4 18,48,16.0,10,1.25,False,132500,1.34375,0,1,229,40,17,1,0,0,18,14,15,4.270833333333333,205.0,0.0,True,False
288,4 4 18,48,16.0,10,1.25,False,133000,1.3506944444444444,0,0,226,44,14,4,0,0,18,13,20,4.229166666666667,203.0,0.0,True,False
288,4 4 18,48,16.0,10,1.25,False,133500,1.3923611111111112,0,0,218,52,14,4,0,0,18,13,28,3.9791666666666665,191.0,0.0,True,False
288,4 4 18,48,16.0,10,1.25,False,134000,1.4548611111111112,0,0,210,57,17,3,1,0,21,16,22,3.6041666666666665,173.0,0.0,True,False
288,4 4 18,48,16.0,10,1.25,False,134500,1.4166666666666667,0,0,220,41,23,3,1,0,27,18,6,3.8333333333333335,184.0,0.0,True,False
288,4 4 18,48,16.0,10,1.25,False,135000,1.5381944444444444,0,0,204,55,23,5,1,0,29,17,13,3.1041666666666665,149.0,0.0,True,False
288,4 4 18,48,16.0,10,1.25,False,135500,1.4548611111111112,0,0,212,51,22,3,0,0,25,19,11,3.6041666666666665,173.0,0.0,True,False
288,4 4 18,48,16.0,10,1.25,False,136000,1.3576388888888888,0,0,235,37,13,3,0,0,16,13,11,4.1875,201.0,0.0,True,False
288,4 4 18,48,16.0,10,1.25,False,136500,1.2881944444444444,0,0,234,36,18,0,0,0,18,14,8,4.604166666666667,221.0,0.0,True,False
288,4 4 18,48,16.0,10,1.25,False,137000,1.3333333333333333,0,0,224,48,12,4,0,0,16,15,16,4.333333333333333,208.0,0.0,True,False
288,4 4 18,48,16.0,10,1.25,False,137500,1.3993055555555556,0,0,220,41,23,3,1,0,27,9,26,3.9375,189.0,0.0,True,False
288,4 4 18,48,16.0,10,1.25,False,138000,1.3368055555555556,0,0,223,42,23,0,0,0,23,18,6,4.3125,207.0,0.0,True,False
288,4 4 18,48,16.0,10,1.25,False,138500,1.3125,0,0,220,56,12,0,0,0,12,11,22,4.458333333333333,214.0,0.0,True,False
288,4 4 18,48,16.0,10,1.25,False,139000,1.3298611111111112,0,0,214,48,26,0,0,0,26,12,14,4.354166666666667,209.0,0.0,True,False
288,4 4 18,48,16.0,10,1.25,False,139500,1.3472222222222223,0,0,200,56,32,0,0,0,32,17,10,4.25,204.0,0.0,True,False
288,4 4 18,48,16.0,10,1.25,False,140000,1.2013888888888888,0,0,236,32,20,0,0,0,20,10,8,5.125,246.0,0.0,True,False
288,4 4 18,48,16.0,10,1.25,False,140500,1.3333333333333333,0,0,228,36,24,0,0,0,24,16,8,4.333333333333333,208.0,0.0,True,False
288,4 4 18,48,16.0,10,1.25,False,141000,1.1736111111111112,0,0,244,28,16,0,0,0,16,11,8,5.291666666666667,254.0,0.0,True,False
288,4 4 18,48,16.0,10,1.25,False,141500,1.2395833333333333,0,0,234,32,22,0,0,0,22,9,12,4.895833333333333,235.0,0.0,True,False
288,4 4 18,48,16.0,10,1.25,False,142000,1.3611111111111112,0,0,208,44,36,0,0,0,36,12,8,4.166666666666667,200.0,0.0,True,False
288,4 4 18,48,16.0,10,1.25,False,142500,1.3055555555555556,0,0,220,44,24,0,0,0,24,11,12,4.5,216.0,0.0,True,False
288,4 4 18,48,16.0,10,1.25,False,143000,1.3263888888888888,0,0,216,48,24,0,0,0,24,13,16,4.375,210.0,0.0,True,False
288,4 4 18,48,16.0,10,1.25,False,143500,1.1458333333333333,0,0,252,24,12,0,0,0,12,12,2,5.458333333333333,262.0,0.0,True,False
288,4 4 18,48,16.0,10,1.25,False,144000,1.4305555555555556,0,1,254,17,10,4,2,0,16,5,11,3.75,180.0,0.0,True,False
288,4 4 18,48,16.0,10,1.25,False,144500,1.5138888888888888,0,3,204,48,32,1,0,0,33,16,10,3.25,156.0,0.0,True,False
288,4 4 18,48,16.0,10,1.25,False,145000,1.4409722222222223,0,1,221,43,23,0,0,0,23,6,25,3.6875,177.0,0.0,True,False
288,4 4 18,48,16.0,10,1.25,False,145500,1.4513888888888888,0,0,198,60,30,0,0,0,30,18,20,3.625,174.0,0.0,True,False
288,4 4 18,48,16.0,10,1.25,False,146000,1.3472222222222223,0,0,228,42,16,2,0,0,18,12,14,4.25,204.0,0.0,True,False
288,4 4 18,48,16.0,10,1.25,False,146500,1.3506944444444444,0,1,222,45,20,0,0,0,20,19,10,4.229166666666667,203.0,0.0,True,False
288,4 4 18,48,16.0,10,1.25,False,147000,1.2569444444444444,0,0,232,36,20,0,0,0,20,16,4,4.791666666666667,230.0,0.0,True,False
288,4 4 18,48,16.0,10,1.25,False,147500,1.2013888888888888,0,0,236,32,20,0,0,0,20,11,8,5.125,246.0,0.0,True,False
288,4 4 18,48,16.0,10,1.25,False,148000,1.3333333333333333,0,0,212,48,28,0,0,0,28,17,12,4.333333333333333,208.0,0.0,True,False
288,4 4 18,48,16.0,10,1.25,False,148500,1.3645833333333333,0,0,214,48,26,0,0,0,26,13,12,4.145833333333333,199.0,0.0,True,False
288,4 4 18,48,16.0,10,1.25,False,149000,1.2708333333333333,0,0,220,44,24,0,0,0,24,17,8,4.708333333333333,226.0,0.0,True,False
288,4 4 18,48,16.0,10,1.25,False,149500,1.2465277777777777,0,0,242,28,18,0,0,0,18,13,6,4.854166666666667,233.0,0.0,True,False
288,4 4 18,48,16.0,10,1.25,False,150000,1.3611111111111112,0,0,220,44,20,4,0,0,24,19,4,4.166666666666667,200.0,0.0,True,False
288,4 4 18,48,16.0,10,1.25,False,150500,1.2847222222222223,0,0,224,40,24,0,0,0,24,17,6,4.625,222.0,0.0,True,False
288,4 4 18,48,16.0,10,1.25,False,151000,1.3055555555555556,0,0,220,44,24,0,0,0,24,20,6,4.5,216.0,0.0,True,False
288,4 4 18,48,16.0,10,1.25,False,151500,1.3125,0,0,224,48,16,0,0,0,16,14,22,4.458333333333333,214.0,0.0,True,False
288,4 4 18,48,16.0,10,1.25,False,152000,1.2708333333333333,0,0,220,44,24,0,0,0,24,17,8,4.708333333333333,226.0,0.0,True,False
288,4 4 18,48,16.0,10,1.25,False,152500,1.1944444444444444,0,0,240,32,16,0,0,0,16,16,2,5.166666666666667,248.0,0.0,True,False
288,4 4 18,48,16.0,10,1.25,False,153000,1.25,0,0,224,40,24,0,0,0,24,13,8,4.833333333333333,232.0,0.0,True,False
288,4 4 18,48,16.0,10,1.25,False,153500,1.2916666666666667,0,0,220,40,28,0,0,0,28,13,12,4.583333333333333,220.0,0.0,True,False
288,4 4 18,48,16.0,10,1.25,False,154000,1.3784722222222223,0,0,206,48,34,0,0,0,34,15,12,4.0625,195.0,0.0,True,False
288,4 4 18,48,16.0,10,1.25,False,154500,1.2291666666666667,0,0,244,24,20,0,0,0,20,11,4,4.958333333333333,238.0,0.0,True,False
288,4 4 18,48,16.0,10,1.25,False,155000,1.1493055555555556,0,0,262,20,6,0,0,0,6,3,16,5.4375,261.0,0.0,True,False
288,4 4 18,48,16.0,10,1.25,False,155500,1.2222222222222223,0,0,232,36,20,0,0,0,20,16,4,5.0,240.0,0.0,True,False
288,4 4 18,48,16.0,10,1.25,False,156000,1.2534722222222223,0,0,234,36,18,0,0,0,18,10,14,4.8125,231.0,0.0,True,False
288,4 4 18,48,16.0,10,1.25,False,156500,1.3888888888888888,0,0,212,48,24,4,0,0,28,17,8,4.0,192.0,0.0,True,False
288,4 4 18,48,16.0,10,1.25,False,157000,1.4375,0,0,200,56,28,4,0,0,32,21,8,3.7083333333333335,178.0,0.0,True,False
288,4 4 18,48,16.0,10,1.25,False,157500,1.3055555555555556,0,0,208,48,32,0,0,0,32,10,14,4.5,216.0,0.0,True,False
288,4 4 18,48,16.0,10,1.25,False,158000,1.2291666666666667,0,0,244,24,20,0,0,0,20,11,4,4.958333333333333,238.0,0.0,True,False
288,4 4 18,48,16.0,10,1.25,False,158500,1.3819444444444444,0,0,200,56,32,0,0,0,32,17,8,4.041666666666667,194.0,0.0,True,False
288,4 4 18,48,16.0,10,1.25,False,159000,1.1458333333333333,0,0,252,24,12,0,0,0,12,12,2,5.458333333333333,262.0,0.0,True,False
288,4 4 18,48,16.0,10,1.25,False,159500,1.34375,0,0,214,52,22,0,0,0,22,9,22,4.270833333333333,205.0,0.0,True,False
288,4 4 18,48,16.0,10,1.25,False,160000,1.3576388888888888,0,0,218,48,22,0,0,0,22,12,22,4.1875,201.0,0.0,True,False
288,4 4 18,48,16.0,10,1.25,False,160500,1.2638888888888888,0,0,228,36,24,0,0,0,24,12,10,4.75,228.0,0.0,True,False
288,4 4 18,48,16.0,10,1.25,False,161000,1.2083333333333333,0,0,244,28,16,0,0,0,16,11,4,5.083333333333333,244.0,0.0,True,False
288,4 4 18,48,16.0,10,1.25,False,161500,1.1458333333333333,0,0,252,24,12,0,0,0,12,12,2,5.458333333333333,262.0,0.0,True,False
288,4 4 18,48,16.0,10,1.25,False,162000,1.3541666666666667,0,0,204,60,24,0,0,0,24,19,18,4.208333333333333,202.0,0.0,True,False
288,4 4 18,48,16.0,10,1.25,False,162500,1.3229166666666667,0,0,218,48,22,0,0,0,22,17,14,4.395833333333333,211.0,0.0,True,False
288,4 4 18,48,16.0,10,1.25,False,163000,1.2013888888888888,0,0,236,32,20,0,0,0,20,12,4,5.125,246.0,0.0,True,False
288,4 4 18,48,16.0,10,1.25,False,163500,1.2708333333333333,0,0,220,44,24,0,0,0,24,19,4,4.708333333333333,226.0,0.0,True,False
288,4 4 18,48,16.0,10,1.25,False,164000,1.2638888888888888,0,0,228,36,24,0,0,0,24,10,12,4.75,228.0,0.0,True,False
288,4 4 18,48,16.0,10,1.25,False,164500,1.3333333333333333,0,0,212,48,28,0,0,0,28,13,10,4.333333333333333,208.0,0.0,True,False
288,4 4 18,48,16.0,10,1.25,False,165000,1.2430555555555556,0,0,228,40,20,0,0,0,20,14,6,4.875,234.0,0.0,True,False
288,4 4 18,48,16.0,10,1.25,False,165500,1.2083333333333333,0,0,244,28,16,0,0,0,16,12,4,5.083333333333333,244.0,0.0,True,False
288,4 4 18,48,16.0,10,1.25,False,166000,1.2916666666666667,0,0,216,48,24,0,0,0,24,20,8,4.583333333333333,220.0,0.0,True,False
288,4 4 18,48,16.0,10,1.25,False,166500,1.3055555555555556,0,0,216,52,20,0,0,0,20,16,12,4.5,216.0,0.0,True,False
288,4 4 18,48,16.0,10,1.25,False,167000,1.2916666666666667,0,0,216,48,24,0,0,0,24,11,12,4.583333333333333,220.0,0.0,True,False
288,4 4 18,48,16.0,10,1.25,False,167500,1.3263888888888888,0,0,212,56,20,0,0,0,20,10,16,4.375,210.0,0.0,True,False
288,4 4 18,48,16.0,10,1.25,False,168000,1.2222222222222223,0,0,232,36,20,0,0,0,20,16,4,5.0,240.0,0.0,True,False
288,4 4 18,48,16.0,10,1.25,False,168500,1.3611111111111112,0,0,204,52,32,0,0,0,32,16,10,4.166666666666667,200.0,0.0,True,False
288,4 4 18,48,16.0,10,1.25,False,169000,1.2013888888888888,0,0,236,32,20,0,0,0,20,12,8,5.125,246.0,0.0,True,False
288,4 4 18,48,16.0,10,1.25,False,169500,1.1527777777777777,0,0,248,24,16,0,0,0,16,10,4,5.416666666666667,260.0,0.0,True,False
288,4 4 18,48,16.0,10,1.25,False,170000,1.2569444444444444,0,0,232,36,20,0,0,0,20,11,6,4.791666666666667,230.0,0.0,True,False
288,4 4 18,48,16.0,10,1.25,False,170500,1.1736111111111112,0,0,244,28,16,0,0,0,16,9,6,5.291666666666667,254.0,0.0,True,False
288,4 4 18,48,16.0,10,1.25,False,171000,1.3194444444444444,0,0,208,52,28,0,0,0,28,16,10,4.416666666666667,212.0,0.0,True,False
288,4 4 18,48,16.0,10,1.25,False,171500,1.3229166666666667,0,0,210,44,34,0,0,0,34,12,14,4.395833333333333,211.0,0.0,True,False
288,4 4 18,48,16.0,10,1.25,False,172000,1.2708333333333333,0,0,220,44,24,0,0,0,24,18,4,4.708333333333333,226.0,0.0,True,False
288,4 4 18,48,16.0,10,1.25,False,172500,1.3333333333333333,0,0,220,52,16,0,0,0,16,8,32,4.333333333333333,208.0,0.0,True,False
288,4 4 18,48,16.0,10,1.25,False,173000,1.3715277777777777,0,0,214,40,34,0,0,0,34,13,10,4.104166666666667,197.0,0.0,True,False
288,4 4 18,48,16.0,10,1.25,False,173500,1.1875,0,0,248,24,16,0,0,0,16,5,10,5.208333333333333,250.0,0.0,True,False
288,4 4 18,48,16.0,10,1.25,False,174000,1.3854166666666667,0,0,210,52,26,0,0,0,26,20,8,4.020833333333333,193.0,0.0,True,False
288,4 4 18,48,16.0,10,1.25,False,174500,1.4513888888888888,0,0,198,60,30,0,0,0,30,12,36,3.625,174.0,0.0,True,False
288,4 4 18,48,16.0,10,1.25,False,175000,1.4791666666666667,0,0,187,70,31,0,0,0,31,15,28,3.4583333333333335,166.0,0.0,True,False
288,4 4 18,48,16.0,10,1.25,False,175500,1.3819444444444444,0,0,229,38,21,0,0,0,21,12,10,4.041666666666667,194.0,0.0,True,False
288,4 4 18,48,16.0,10,1.25,False,176000,1.5277777777777777,0,0,194,60,34,0,0,0,34,20,10,3.1666666666666665,152.0,0.0,True,False
288,4 4 18,48,16.0,10,1.25,False,176500,1.5451388888888888,0,0,194,68,22,0,4,0,26,19,14,3.0625,147.0,0.0,True,False
288,4 4 18,48,16.0,10,1.25,False,177000,1.4895833333333333,0,0,212,56,16,0,4,0,20,12,18,3.3958333333333335,163.0,0.0,True,False
288,4 4 18,48,16.0,10,1.25,False,177500,1.375,0,0,221,42,25,0,0,0,25,10,12,4.083333333333333,196.0,0.0,True,False
288,4 4 18,48,16.0,10,1.25,False,178000,1.375,0,0,220,44,24,0,0,0,24,8,14,4.083333333333333,196.0,0.0,True,False
288,4 4 18,48,16.0,10,1.25,False,178500,1.46875,0,0,215,49,21,3,0,0,24,12,22,3.5208333333333335,169.0,0.0,True,False
288,4 4 18,48,16.0,10,1.25,False,179000,1.4409722222222223,0,0,223,45,17,3,0,0,20,13,20,3.6875,177.0,0.0,True,False
288,4 4 18,48,16.0,10,1.25,False,179500,1.3472222222222223,0,0,226,44,18,0,0,0,18,12,17,4.25,204.0,0.0,True,False
288,4 4 18,48,16.0,10,1.25,False,180000,1.2708333333333333,0,0,246,32,10,0,0,0,10,10,14,4.708333333333333,226.0,0.0,True,False
288,4 4 18,48,16.0,10,1.25,False,180500,1.4131944444444444,0,0,216,48,24,0,0,0,24,13,17,3.8541666666666665,185.0,0.0,True,False
288,4 4 18,48,16.0,10,1.25,False,181000,1.4340277777777777,0,0,219,40,28,0,1,0,29,14,12,3.7291666666666665,179.0,0.0,True,False
288,4 4 18,48,16.0,10,1.25,False,181500,1.4340277777777777,0,0,228,42,16,2,0,0,18,11,12,3.7291666666666665,179.0,0.0,True,False
288,4 4 18,48,16.0,10,1.25,False,182000,1.4131944444444444,0,1,234,32,19,1,1,0,21,11,9,3.8541666666666665,185.0,0.0,True,False
288,4 4 18,48,16.0,10,1.25,False,182500,1.3958333333333333,0,1,225,49,11,2,0,0,13,11,16,3.9583333333333335,190.0,0.0,True,False
288,4 4 18,48,16.0,10,1.25,False,183000,1.3229166666666667,0,0,232,42,13,0,1,0,14,10,16,4.395833333333333,211.0,0.0,True,False
288,4 4 18,48,16.0,10,1.25,False,183500,1.5277777777777777,0,0,194,62,31,0,1,0,32,16,12,3.1666666666666665,152.0,0.0,True,False
288,4 4 18,48,16.0,10,1.25,False,184000,1.3576388888888888,0,0,210,44,34,0,0,0,34,13,8,4.1875,201.0,0.0,True,False
288,4 4 18,48,16.0,10,1.25,False,184500,1.3263888888888888,0,0,220,44,20,4,0,0,24,16,12,4.375,210.0,0.0,True,False
288,4 4 18,48,16.0,10,1.25,False,185000,1.3819444444444444,0,0,216,44,28,0,0,0,28,18,6,4.041666666666667,194.0,0.0,True,False
288,4 4 18,48,16.0,10,1.25,False,185500,1.2777777777777777,0,0,244,28,16,0,0,0,16,13,6,4.666666666666667,224.0,0.0,True,False
288,4 4 18,48,16.0,10,1.25,False,186000,1.3090277777777777,0,0,231,39,17,1,0,0,18,14,12,4.479166666666667,215.0,0.0,True,False
288,4 4 18,48,16.0,10,1.25,False,186500,1.4166666666666667,0,1,225,45,15,2,0,0,17,9,28,3.8333333333333335,184.0,0.0,True,False
288,4 4 18,48,16.0,10,1.25,False,187000,1.4652777777777777,0,1,213,53,19,2,0,0,21,10,34,3.5416666666666665,170.0,0.0,True,False
288,4 4 18,48,16.0,10,1.25,False,187500,1.4201388888888888,0,0,207,58,23,0,0,0,23,14,16,3.8125,183.0,0.0,True,False
288,4 4 18,48,16.0,10,1.25,False,188000,1.34375,0,2,227,40,19,0,0,0,19,18,8,4.270833333333333,205.0,0.0,True,False
288,4 4 18,48,16.0,10,1.25,False,188500,1.3020833333333333,0,0,238,32,18,0,0,0,18,10,14,4.520833333333333,217.0,0.0,True,False
288,4 4 18,48,16.0,10,1.25,False,189000,1.2881944444444444,0,0,235,34,19,0,0,0,19,11,13,4.604166666666667,221.0,0.0,True,False
288,4 4 18,48,16.0,10,1.25,False,189500,1.5208333333333333,0,0,184,68,36,0,0,0,36,18,16,3.2083333333333335,154.0,0.0,True,False
288,4 4 18,48,16.0,10,1.25,False,190000,1.3645833333333333,0,0,216,44,28,0,0,0,28,13,16,4.145833333333333,199.0,0.0,True,False
288,4 4 18,48,16.0,10,1.25,False,190500,1.2881944444444444,0,0,234,36,18,0,0,0,18,12,10,4.604166666666667,221.0,0.0,True,False
288,4 4 18,48,16.0,10,1.25,False,191000,1.4513888888888888,0,1,209,57,19,2,0,0,21,15,18,3.625,174.0,0.0,True,False
288,4 4 18,48,16.0,10,1.25,False,191500,1.3333333333333333,0,0,212,48,28,0,0,0,28,15,10,4.333333333333333,208.0,0.0,True,False
288,4 4 18,48,16.0,10,1.25,False,192000,1.3680555555555556,0,0,212,48,28,0,0,0,28,14,14,4.125,198.0,0.0,True,False
288,4 4 18,48,16.0,10,1.25,False,192500,1.3506944444444444,0,0,229,36,21,2,0,0,23,11,15,4.229166666666667,203.0,0.0,True,False
288,4 4 18,48,16.0,10,1.25,False,193000,1.2604166666666667,0,0,243,31,13,1,0,0,14,11,12,4.770833333333333,229.0,0.0,True,False
288,4 4 18,48,16.0,10,1.25,False,193500,1.2986111111111112,0,0,212,48,28,0,0,0,28,18,8,4.541666666666667,218.0,0.0,True,False
288,4 4 18,48,16.0,10,1.25,False,194000,1.1458333333333333,0,0,252,24,12,0,0,0,12,12,2,5.458333333333333,262.0,0.0,True,False
288,4 4 18,48,16.0,10,1.25,False,194500,1.3611111111111112,0,0,204,52,32,0,0,0,32,21,4,4.166666666666667,200.0,0.0,True,False
288,4 4 18,48,16.0,10,1.25,False,195000,1.1736111111111112,0,0,244,28,16,0,0,0,16,13,4,5.291666666666667,254.0,0.0,True,False
288,4 4 18,48,16.0,10,1.25,False,195500,1.3541666666666667,0,0,208,52,28,0,0,0,28,16,14,4.208333333333333,202.0,0.0,True,False
288,4 4 18,48,16.0,10,1.25,False,196000,1.375,0,0,200,64,24,0,0,0,24,18,24,4.083333333333333,196.0,0.0,True,False
288,4 4 18,48,16.0,10,1.25,False,196500,1.3159722222222223,0,0,214,44,30,0,0,0,30,16,8,4.4375,213.0,0.0,True,False
288,4 4 18,48,16.0,10,1.25,False,197000,1.2569444444444444,0,0,228,44,16,0,0,0,16,14,16,4.791666666666667,230.0,0.0,True,False
288,4 4 18,48,16.0,10,1.25,False,197500,1.2222222222222223,0,0,232,36,20,0,0,0,20,13,8,5.0,240.0,0.0,True,False
288,4 4 18,48,16.0,10,1.25,False,198000,1.3611111111111112,0,0,204,52,32,0,0,0,32,17,12,4.166666666666667,200.0,0.0,True,False
288,4 4 18,48,16.0,10,1.25,False,198500,1.3784722222222223,0,0,200,60,28,0,0,0,28,20,20,4.0625,195.0,0.0,True,False
288,4 4 18,48,16.0,10,1.25,False,199000,1.3784722222222223,0,0,200,60,28,0,0,0,28,19,18,4.0625,195.0,0.0,True,False
288,4 4 18,48,16.0,10,1.25,False,199500,1.3402777777777777,0,0,200,64,24,0,0,0,24,20,26,4.291666666666667,206.0,0.0,True,False
288,4 4 18,48,16.0,10,1.25,False,200000,1.3055555555555556,0,0,208,48,32,0,0,0,32,11,14,4.5,216.0,0.0,True,False
288,4 4 18,48,16.0,10,1.25,False,200500,1.2743055555555556,0,0,230,40,18,0,0,0,18,14,12,4.6875,225.0,0.0,True,False
288,4 4 18,48,16.0,10,1.25,False,201000,1.375,0,0,216,52,20,0,0,0,20,13,16,4.083333333333333,196.0,0.0,True,False
288,4 4 18,48,16.0,10,1.25,False,201500,1.3611111111111112,0,0,224,53,10,1,0,0,11,7,21,4.166666666666667,200.0,0.0,True,False
288,4 4 18,48,16.0,10,1.25,False,202000,1.4201388888888888,0,0,210,53,24,1,0,0,25,18,16,3.8125,183.0,0.0,True,False
288,4 4 18,48,16.0,10,1.25,False,202500,1.4201388888888888,0,0,200,54,33,0,1,0,34,19,11,3.8125,183.0,0.0,True,False
288,4 4 18,48,16.0,10,1.25,False,203000,1.4270833333333333,0,0,204,58,25,0,1,0,26,16,16,3.7708333333333335,181.0,0.0,True,False
288,4 4 18,48,16.0,10,1.25,False,203500,1.4305555555555556,0,0,216,48,24,0,0,0,24,15,8,3.75,180.0,0.0,True,False
288,4 4 18,48,16.0,10,1.25,False,204000,1.4861111111111112,0,0,203,53,30,1,1,0,32,12,18,3.4166666666666665,164.0,0.0,True,False
288,4 4 18,48,16.0,10,1.25,False,204500,1.5034722222222223,0,1,200,54,32,1,0,0,33,9,18,3.3125,159.0,0.0,True,False
288,4 4 18,48,16.0,10,1.25,False,205000,1.5659722222222223,0,0,193,60,33,2,0,0,35,13,12,2.9375,141.0,0.0,True,False
288,4 4 18,48,16.0,10,1.25,False,205500,1.5625,0,0,203,48,31,6,0,0,37,15,7,2.9583333333333335,142.0,0.0,True,False
288,4 4 18,48,16.0,10,1.25,False,206000,1.34375,0,0,227,46,15,0,0,0,15,11,24,4.270833333333333,205.0,0.0,True,False
288,4 4 18,48,16.0,10,1.25,False,206500,1.4444444444444444,0,0,219,47,21,1,0,0,22,11,24,3.6666666666666665,176.0,0.0,True,False
288,4 4 18,48,16.0,10,1.25,False,207000,1.2916666666666667,0,0,244,32,12,0,0,0,12,10,16,4.583333333333333,220.0,0.0,True,False
288,4 4 18,48,16.0,10,1.25,False,207500,1.2604166666666667,0,0,242,32,14,0,0,0,14,12,11,4.770833333333333,229.0,0.0,True,False
288,4 4 18,48,16.0,10,1.25,False,208000,1.2604166666666667,0,0,242,32,14,0,0,0,14,12,8,4.770833333333333,229.0,0.0,True,False
288,4 4 18,48,16.0,10,1.25,False,208500,1.3090277777777777,0,1,230,37,20,0,0,0,20,6,12,4.479166666666667,215.0,0.0,True,False
288,4 4 18,48,16.0,10,1.25,False,209000,1.1736111111111112,0,0,244,28,16,0,0,0,16,11,8,5.291666666666667,254.0,0.0,True,False
288,4 4 18,48,16.0,10,1.25,False,209500,1.2222222222222223,0,0,232,36,20,0,0,0,20,12,10,5.0,240.0,0.0,True,False
288,4 4 18,48,16.0,10,1.25,False,210000,1.2604166666666667,0,0,244,30,13,0,1,0,14,11,12,4.770833333333333,229.0,0.0,True,False
288,4 4 18,48,16.0,10,1.25,False,210500,1.3854166666666667,0,0,212,50,25,0,1,0,26,15,15,4.020833333333333,193.0,0.0,True,False
288,4 4 18,48,16.0,10,1.25,False,211000,1.3888888888888888,0,0,218,52,18,0,0,0,18,16,22,4.0,192.0,0.0,True,False
288,4 4 18,48,16.0,10,1.25,False,211500,1.2916666666666667,0,0,242,36,10,0,0,0,10,8,22,4.583333333333333,220.0,0.0,True,False
288,4 4 18,48,16.0,10,1.25,False,212000,1.375,0,0,216,53,18,1,0,0,19,14,23,4.083333333333333,196.0,0.0,True,False
288,4 4 18,48,16.0,10,1.25,False,212500,1.3263888888888888,0,0,216,48,24,0,0,0,24,19,8,4.375,210.0,0.0,True,False
288,4 4 18,48,16.0,10,1.25,False,213000,1.2708333333333333,0,0,220,44,24,0,0,0,24,21,4,4.708333333333333,226.0,0.0,True,False
288,4 4 18,48,16.0,10,1.25,False,213500,1.2638888888888888,0,0,224,44,20,0,0,0,20,12,14,4.75,228.0,0.0,True,False
288,4 4 18,48,16.0,10,1.25,False,214000,1.2777777777777777,0,0,216,44,28,0,0,0,28,13,10,4.666666666666667,224.0,0.0,True,False
288,4 4 18,48,16.0,10,1.25,False,214500,1.2847222222222223,0,0,224,40,24,0,0,0,24,16,4,4.625,222.0,0.0,True,False
288,4 4 18,48,16.0,10,1.25,False,215000,1.1944444444444444,0,0,240,32,16,0,0,0,16,13,8,5.166666666666667,248.0,0.0,True,False
288,4 4 18,48,16.0,10,1.25,False,215500,1.3194444444444444,0,0,224,44,16,4,0,0,20,20,4,4.416666666666667,212.0,0.0,True,False
288,4 4 18,48,16.0,10,1.25,False,216000,1.2986111111111112,0,0,228,40,16,4,0,0,20,18,4,4.541666666666667,218.0,0.0,True,False
288,4 4 18,48,16.0,10,1.25,False,216500,1.1944444444444444,0,0,240,32,16,0,0,0,16,14,4,5.166666666666667,248.0,0.0,True,False
288,4 4 18,48,16.0,10,1.25,False,217000,1.3263888888888888,0,0,204,52,32,0,0,0,32,17,12,4.375,210.0,0.0,True,False
288,4 4 18,48,16.0,10,1.25,False,217500,1.3541666666666667,0,0,196,56,36,0,0,0,36,15,16,4.208333333333333,202.0,0.0,True,False
288,4 4 18,48,16.0,10,1.25,False,218000,1.3958333333333333,0,0,188,64,36,0,0,0,36,22,10,3.9583333333333335,190.0,0.0,True,False
288,4 4 18,48,16.0,10,1.25,False,218500,1.2708333333333333,0,0,236,32,20,0,0,0,20,11,4,4.708333333333333,226.0,0.0,True,False
288,4 4 18,48,16.0,10,1.25,False,219000,1.3263888888888888,0,0,233,35,19,1,0,0,20,15,4,4.375,210.0,0.0,True,False
288,4 4 18,48,16.0,10,1.25,False,219500,1.34375,0,0,232,37,18,1,0,0,19,17,4,4.270833333333333,205.0,0.0,True,False
288,4 4 18,48,16.0,10,1.25,False,220000,1.3923611111111112,0,0,222,40,26,0,0,0,26,14,14,3.9791666666666665,191.0,0.0,True,False
288,4 4 18,48,16.0,10,1.25,False,220500,1.4097222222222223,0,0,206,56,22,4,0,0,26,13,20,3.875,186.0,0.0,True,False
288,4 4 18,48,16.0,10,1.25,False,221000,1.3680555555555556,0,0,230,36,18,4,0,0,22,7,20,4.125,198.0,0.0,True,False
288,4 4 18,48,16.0,10,1.25,False,221500,1.25,0,0,240,32,12,4,0,0,16,14,4,4.833333333333333,232.0,0.0,True,False
288,4 4 18,48,16.0,10,1.25,False,222000,1.1736111111111112,0,0,260,20,4,4,0,0,8,9,4,5.291666666666667,254.0,0.0,True,False
288,4 4 18,48,16.0,10,1.25,False,222500,1.3263888888888888,0,0,221,42,21,4,0,0,25,13,15,4.375,210.0,0.0,True,False
288,4 4 18,48,16.0,10,1.25,False,223000,1.2569444444444444,0,0,248,26,12,2,0,0,14,14,2,4.791666666666667,230.0,0.0,True,False
288,4 4 18,48,16.0,10,1.25,False,223500,1.3229166666666667,0,0,235,35,17,1,0,0,18,6,16,4.395833333333333,211.0,0.0,True,False
288,4 4 18,48,16.0,10,1.25,False,224000,1.3472222222222223,0,0,243,32,11,2,0,0,13,7,21,4.25,204.0,0.0,True,False
288,4 4 18,48,16.0,10,1.25,False,224500,1.2881944444444444,0,0,246,32,10,0,0,0,10,9,16,4.604166666666667,221.0,0.0,True,False
288,4 4 18,48,16.0,10,1.25,False,225000,1.3368055555555556,0,0,224,41,22,1,0,0,23,9,12,4.3125,207.0,0.0,True,False
288,4 4 18,48,16.0,10,1.25,False,225500,1.2604166666666667,0,0,244,29,14,1,0,0,15,9,10,4.770833333333333,229.0,0.0,True,False
288,4 4 18,48,16.0,10,1.25,False,226000,1.1944444444444444,0,0,240,32,16,0,0,0,16,16,2,5.166666666666667,248.0,0.0,True,False
288,4 4 18,48,16.0,10,1.25,False,226500,1.28125,0,0,234,44,10,0,0,0,10,7,30,4.645833333333333,223.0,0.0,True,False
288,4 4 18,48,16.0,10,1.25,False,227000,1.2083333333333333,0,0,244,28,16,0,0,0,16,12,4,5.083333333333333,244.0,0.0,True,False
288,4 4 18,48,16.0,10,1.25,False,227500,1.2847222222222223,0,0,224,40,24,0,0,0,24,14,8,4.625,222.0,0.0,True,False
288,4 4 18,48,16.0,10,1.25,False,228000,1.3125,0,0,216,44,28,0,0,0,28,13,14,4.458333333333333,214.0,0.0,True,False
288,4 4 18,48,16.0,10,1.25,False,228500,1.2430555555555556,0,0,228,40,20,0,0,0,20,13,8,4.875,234.0,0.0,True,False
288,4 4 18,48,16.0,10,1.25,False,229000,1.3055555555555556,0,0,236,32,20,0,0,0,20,6,14,4.5,216.0,0.0,True,False
288,4 4 18,48,16.0,10,1.25,False,229500,1.3229166666666667,0,0,216,52,20,0,0,0,20,10,26,4.395833333333333,211.0,0.0,True,False
288,4 4 18,48,16.0,10,1.25,False,230000,1.4131944444444444,0,0,200,60,28,0,0,0,28,8,36,3.8541666666666665,185.0,0.0,True,False
288,4 4 18,48,16.0,10,1.25,False,230500,1.3715277777777777,0,0,190,68,30,0,0,0,30,8,44,4.104166666666667,197.0,0.0,True,False
288,4 4 18,48,16.0,10,1.25,False,231000,1.3888888888888888,0,0,188,72,28,0,0,0,28,15,36,4.0,192.0,0.0,True,False
288,4 4 18,48,16.0,10,1.25,False,231500,1.3888888888888888,0,0,168,92,28,0,0,0,28,14,52,4.0,192.0,0.0,True,False
288,4 4 18,48,16.0,10,1.25,False,232000,1.3923611111111112,0,0,182,80,26,0,0,0,26,13,42,3.9791666666666665,191.0,0.0,True,False
288,4 4 18,48,16.0,10,1.25,False,232500,1.3888888888888888,0,0,172,84,32,0,0,0,32,12,42,4.0,192.0,0.0,True,False
288,4 4 18,48,16.0,10,1.25,False,233000,1.40625,0,0,198,72,18,0,0,0,18,10,38,3.8958333333333335,187.0,0.0,True,False
288,4 4 18,48,16.0,10,1.25,False,233500,1.4027777777777777,0,2,218,50,18,0,0,0,18,13,18,3.9166666666666665,188.0,0.0,True,False
288,4 4 18,48,16.0,10,1.25,False,234000,1.2395833333333333,0,0,250,26,8,2,2,0,12,11,6,4.895833333333333,235.0,0.0,True,False
288,4 4 18,48,16.0,10,1.25,False,234500,1.3055555555555556,0,0,240,30,13,4,1,0,18,15,2,4.5,216.0,0.0,True,False
288,4 4 18,48,16.0,10,1.25,False,235000,1.3020833333333333,0,1,235,35,17,0,0,0,17,12,13,4.520833333333333,217.0,0.0,True,False
288,4 4 18,48,16.0,10,1.25,False,235500,1.2881944444444444,0,0,235,34,19,0,0,0,19,15,7,4.604166666666667,221.0,0.0,True,False
288,4 4 18,48,16.0,10,1.25,False,236000,1.3229166666666667,0,0,236,32,20,0,0,0,20,8,19,4.395833333333333,211.0,0.0,True,False
288,4 4 18,48,16.0,10,1.25,False,236500,1.3090277777777777,0,0,230,40,18,0,0,0,18,15,8,4.479166666666667,215.0,0.0,True,False
288,4 4 18,48,16.0,10,1.25,False,237000,1.3125,0,0,231,36,19,2,0,0,21,12,13,4.458333333333333,214.0,0.0,True,False
288,4 4 18,48,16.0,10,1.25,False,237500,1.4722222222222223,0,0,200,54,32,2,0,0,34,15,10,3.5,168.0,0.0,True,False
288,4 4 18,48,16.0,10,1.25,False,238000,1.3888888888888888,0,0,196,56,36,0,0,0,36,14,18,4.0,192.0,0.0,True,False
288,4 4 18,48,16.0,10,1.25,False,238500,1.1736111111111112,0,0,244,28,16,0,0,0,16,11,8,5.291666666666667,254.0,0.0,True,False
288,4 4 18,48,16.0,10,1.25,False,239000,1.2152777777777777,0,0,232,44,12,0,0,0,12,11,24,5.041666666666667,242.0,0.0,True,False
288,4 4 18,48,16.0,10,1.25,False,239500,1.3229166666666667,0,0,222,40,26,0,0,0,26,12,10,4.395833333333333,211.0,0.0,True,False
288,4 4 18,48,16.0,10,1.25,False,240000,1.3472222222222223,0,0,200,56,32,0,0,0,32,15,10,4.25,204.0,0.0,True,False
288,4 4 18,48,16.0,10,1.25,False,240500,1.1458333333333333,0,0,252,24,12,0,0,0,12,10,4,5.458333333333333,262.0,0.0,True,False
288,4 4 18,48,16.0,10,1.25,False,241000,1.4340277777777777,0,0,199,59,29,1,0,0,30,20,9,3.7291666666666665,179.0,0.0,True,False
288,4 4 18,48,16.0,10,1.25,False,241500,1.3402777777777777,0,0,233,38,17,0,0,0,17,9,14,4.291666666666667,206.0,0.0,True,False
288,4 4 18,48,16.0,10,1.25,False,242000,1.1944444444444444,0,0,240,32,16,0,0,0,16,16,2,5.166666666666667,248.0,0.0,True,False
288,4 4 18,48,16.0,10,1.25,False,242500,1.3229166666666667,0,0,231,42,15,0,0,0,15,15,16,4.395833333333333,211.0,0.0,True,False
288,4 4 18,48,16.0,10,1.25,False,243000,1.4131944444444444,0,0,232,39,14,3,0,0,17,9,19,3.8541666666666665,185.0,0.0,True,False
288,4 4 18,48,16.0,10,1.25,False,243500,1.2916666666666667,0,0,245,30,13,0,0,0,13,11,9,4.583333333333333,220.0,0.0,True,False
288,4 4 18,48,16.0,10,1.25,False,244000,1.1875,0,0,244,32,12,0,0,0,12,3,18,5.208333333333333,250.0,0.0,True,False
288,4 4 18,48,16.0,10,1.25,False,244500,1.2916666666666667,0,1,244,31,10,2,0,0,12,10,10,4.583333333333333,220.0,0.0,True,False
288,4 4 18,48,16.0,10,1.25,False,245000,1.2222222222222223,0,0,232,36,20,0,0,0,20,15,4,5.0,240.0,0.0,True,False
288,4 4 18,48,16.0,10,1.25,False,245500,1.1736111111111112,0,0,244,28,16,0,0,0,16,13,4,5.291666666666667,254.0,0.0,True,False
288,4 4 18,48,16.0,10,1.25,False,246000,1.2708333333333333,0,0,220,44,24,0,0,0,24,15,8,4.708333333333333,226.0,0.0,True,False
288,4 4 18,48,16.0,10,1.25,False,246500,1.375,0,0,192,60,36,0,0,0,36,16,18,4.083333333333333,196.0,0.0,True,False
288,4 4 18,48,16.0,10,1.25,False,247000,1.3194444444444444,0,0,208,52,28,0,0,0,28,17,14,4.416666666666667,212.0,0.0,True,False
288,4 4 18,48,16.0,10,1.25,False,247500,1.1736111111111112,0,0,244,28,16,0,0,0,16,8,14,5.291666666666667,254.0,0.0,True,False
288,4 4 18,48,16.0,10,1.25,False,248000,1.2361111111111112,0,0,240,24,24,0,0,0,24,8,8,4.916666666666667,236.0,0.0,True,False
288,4 4 18,48,16.0,10,1.25,False,248500,1.2986111111111112,0,0,228,36,24,0,0,0,24,3,20,4.541666666666667,218.0,0.0,True,False
288,4 4 18,48,16.0,10,1.25,False,249000,1.1805555555555556,0,0,240,28,20,0,0,0,20,9,10,5.25,252.0,0.0,True,False
288,4 4 18,48,16.0,10,1.25,False,249500,1.2291666666666667,0,0,228,36,24,0,0,0,24,13,10,4.958333333333333,238.0,0.0,True,False
288,4 4 18,48,16.0,10,1.25,False,250000,1.2916666666666667,0,0,208,44,36,0,0,0,36,10,14,4.583333333333333,220.0,0.0,True,False
288,4 4 18,48,16.0,10,1.25,False,250500,1.1736111111111112,0,0,244,28,16,0,0,0,16,13,4,5.291666666666667,254.0,0.0,True,False
288,4 4 18,48,16.0,10,1.25,False,251000,1.1458333333333333,0,0,252,24,12,0,0,0,12,12,2,5.458333333333333,262.0,0.0,True,False
288,4 4 18,48,16.0,10,1.25,False,251500,1.1597222222222223,0,0,252,28,8,0,0,0,8,4,16,5.375,258.0,0.0,True,False
288,4 4 18,48,16.0,10,1.25,False,252000,1.2361111111111112,0,0,224,36,28,0,0,0,28,11,10,4.916666666666667,236.0,0.0,True,False
288,4 4 18,48,16.0,10,1.25,False,252500,1.2569444444444444,0,0,220,40,28,0,0,0,28,11,18,4.791666666666667,230.0,0.0,True,False
288,4 4 18,48,16.0,10,1.25,False,253000,1.3333333333333333,0,0,216,40,32,0,0,0,32,5,20,4.333333333333333,208.0,0.0,True,False
288,4 4 18,48,16.0,10,1.25,False,253500,1.2083333333333333,0,0,232,32,24,0,0,0,24,4,14,5.083333333333333,244.0,0.0,True,False
288,4 4 18,48,16.0,10,1.25,False,254000,1.3298611111111112,0,0,214,48,26,0,0,0,26,8,24,4.354166666666667,209.0,0.0,True,False
288,4 4 18,48,16.0,10,1.25,False,254500,1.2569444444444444,0,0,228,44,16,0,0,0,16,10,16,4.791666666666667,230.0,0.0,True,False
288,4 4 18,48,16.0,10,1.25,False,255000,1.2777777777777777,0,0,224,48,16,0,0,0,16,15,16,4.666666666666667,224.0,0.0,True,False
288,4 4 18,48,16.0,10,1.25,False,255500,1.2777777777777777,0,0,224,48,16,0,0,0,16,13,18,4.666666666666667,224.0,0.0,True,False
288,4 4 18,48,16.0,10,1.25,False,256000,1.2777777777777777,0,0,224,48,16,0,0,0,16,13,18,4.666666666666667,224.0,0.0,True,False
288,4 4 18,48,16.0,10,1.25,False,256500,1.2430555555555556,0,0,228,40,20,0,0,0,20,17,8,4.875,234.0,0.0,True,False
288,4 4 18,48,16.0,10,1.25,False,257000,1.2222222222222223,0,0,240,40,8,0,0,0,8,6,18,5.0,240.0,0.0,True,False
288,4 4 18,48,16.0,10,1.25,False,257500,1.3333333333333333,0,0,212,48,28,0,0,0,28,15,10,4.333333333333333,208.0,0.0,True,False
288,4 4 18,48,16.0,10,1.25,False,258000,1.2569444444444444,0,0,228,44,16,0,0,0,16,14,16,4.791666666666667,230.0,0.0,True,False
288,4 4 18,48,16.0,10,1.25,False,258500,1.1944444444444444,0,0,240,32,16,0,0,0,16,15,4,5.166666666666667,248.0,0.0,True,False
288,4 4 18,48,16.0,10,1.25,False,259000,1.1944444444444444,0,0,240,32,16,0,0,0,16,15,4,5.166666666666667,248.0,0.0,True,False
288,4 4 18,48,16.0,10,1.25,False,259500,1.2361111111111112,0,0,236,32,20,0,0,0,20,13,6,4.916666666666667,236.0,0.0,True,False
288,4 4 18,48,16.0,10,1.25,False,260000,1.2430555555555556,0,0,228,40,20,0,0,0,20,17,4,4.875,234.0,0.0,True,False
288,4 4 18,48,16.0,10,1.25,False,260500,1.1944444444444444,0,0,240,32,16,0,0,0,16,15,4,5.166666666666667,248.0,0.0,True,False
288,4 4 18,48,16.0,10,1.25,False,261000,1.1944444444444444,0,0,240,32,16,0,0,0,16,14,4,5.166666666666667,248.0,0.0,True,False
288,4 4 18,48,16.0,10,1.25,False,261500,1.2777777777777777,0,0,228,40,20,0,0,0,20,19,4,4.666666666666667,224.0,0.0,True,False
288,4 4 18,48,16.0,10,1.25,False,262000,1.3090277777777777,0,0,231,38,19,0,0,0,19,15,8,4.479166666666667,215.0,0.0,True,False
288,4 4 18,48,16.0,10,1.25,False,262500,1.3402777777777777,0,0,232,40,16,0,0,0,16,16,10,4.291666666666667,206.0,0.0,True,False
288,4 4 18,48,16.0,10,1.25,False,263000,1.3402777777777777,0,0,233,39,15,1,0,0,16,11,16,4.291666666666667,206.0,0.0,True,False
288,4 4 18,48,16.0,10,1.25,False,263500,1.3611111111111112,0,0,221,43,20,3,1,0,24,12,19,4.166666666666667,200.0,0.0,True,False
288,4 4 18,48,16.0,10,1.25,False,264000,1.2986111111111112,0,0,230,36,18,4,0,0,22,13,7,4.541666666666667,218.0,0.0,True,False
288,4 4 18,48,16.0,10,1.25,False,264500,1.4375,0,0,190,56,38,4,0,0,42,9,19,3.7083333333333335,178.0,0.0,True,False
288,4 4 18,48,16.0,10,1.25,False,265000,1.4201388888888888,0,0,202,53,29,3,1,0,33,13,10,3.8125,183.0,0.0,True,False
288,4 4 18,48,16.0,10,1.25,False,265500,1.4027777777777777,0,0,211,54,19,4,0,0,23,16,21,3.9166666666666665,188.0,0.0,True,False
288,4 4 18,48,16.0,10,1.25,False,266000,1.3680555555555556,0,0,224,49,11,3,1,0,15,13,18,4.125,198.0,0.0,True,False
288,4 4 18,48,16.0,10,1.25,False,266500,1.4305555555555556,0,0,216,53,15,3,1,0,19,11,26,3.75,180.0,0.0,True,False
288,4 4 18,48,16.0,10,1.25,False,267000,1.2986111111111112,0,0,228,40,16,4,0,0,20,16,8,4.541666666666667,218.0,0.0,True,False
288,4 4 18,48,16.0,10,1.25,False,267500,1.3819444444444444,0,0,216,46,24,2,0,0,26,19,4,4.041666666666667,194.0,0.0,True,False
288,4 4 18,48,16.0,10,1.25,False,268000,1.25,0,0,241,30,13,4,0,0,17,9,11,4.833333333333333,232.0,0.0,True,False
288,4 4 18,48,16.0,10,1.25,False,268500,1.4375,0,1,224,47,10,6,0,0,16,10,27,3.7083333333333335,178.0,0.0,True,False
288,4 4 18,48,16.0,10,1.25,False,269000,1.2083333333333333,0,0,244,28,16,0,0,0,16,10,10,5.083333333333333,244.0,0.0,True,False
288,4 4 18,48,16.0,10,1.25,False,269500,1.4027777777777777,0,0,220,52,16,0,0,0,16,12,18,3.9166666666666665,188.0,0.0,True,False
288,4 4 18,48,16.0,10,1.25,False,270000,1.4375,0,0,222,48,18,0,0,0,18,16,12,3.7083333333333335,178.0,0.0,True,False
288,4 4 18,48,16.0,10,1.25,False,270500,1.5138888888888888,0,2,218,43,24,1,0,0,25,12,14,3.25,156.0,0.0,True,False
288,4 4 18,48,16.0,10,1.25,False,271000,1.3541666666666667,0,0,237,34,17,0,0,0,17,14,8,4.208333333333333,202.0,0.0,True,False
288,4 4 18,48,16.0,10,1.25,False,271500,1.4340277777777777,0,0,210,60,14,4,0,0,18,15,22,3.7291666666666665,179.0,0.0,True,False
288,4 4 18,48,16.0,10,1.25,False,272000,1.1736111111111112,0,0,244,28,16,0,0,0,16,13,4,5.291666666666667,254.0,0.0,True,False
288,4 4 18,48,16.0,10,1.25,False,272500,1.1805555555555556,0,0,268,13,6,1,0,0,7,5,6,5.25,252.0,0.0,True,False
288,4 4 18,48,16.0,10,1.25,False,273000,1.3888888888888888,0,0,225,39,23,1,0,0,24,14,6,4.0,192.0,0.0,True,False
288,4 4 18,48,16.0,10,1.25,False,273500,1.3923611111111112,0,0,214,56,18,0,0,0,18,15,22,3.9791666666666665,191.0,0.0,True,False
288,4 4 18,48,16.0,10,1.25,False,274000,1.4548611111111112,0,0,210,54,22,2,0,0,24,11,16,3.6041666666666665,173.0,0.0,True,False
288,4 4 18,48,16.0,10,1.25,False,274500,1.4166666666666667,0,0,200,56,32,0,0,0,32,8,30,3.8333333333333335,184.0,0.0,True,False
288,4 4 18,48,16.0,10,1.25,False,275000,1.2986111111111112,0,0,212,48,28,0,0,0,28,12,10,4.541666666666667,218.0,0.0,True,False
288,4 4 18,48,16.0,10,1.25,False,275500,1.2743055555555556,0,0,230,40,18,0,0,0,18,14,12,4.6875,225.0,0.0,True,False
288,4 4 18,48,16.0,10,1.25,False,276000,1.3506944444444444,0,0,214,44,30,0,0,0,30,20,4,4.229166666666667,203.0,0.0,True,False
288,4 4 18,48,16.0,10,1.25,False,276500,1.3784722222222223,0,0,202,56,30,0,0,0,30,14,18,4.0625,195.0,0.0,True,False
288,4 4 18,48,16.0,10,1.25,False,277000,1.3854166666666667,0,0,206,60,22,0,0,0,22,11,30,4.020833333333333,193.0,0.0,True,False
288,4 4 18,48,16.0,10,1.25,False,277500,1.3090277777777777,0,0,226,48,14,0,0,0,14,11,28,4.479166666666667,215.0,0.0,True,False
288,4 4 18,48,16.0,10,1.25,False,278000,1.3506944444444444,0,1,224,43,18,2,0,0,20,13,18,4.229166666666667,203.0,0.0,True,False
288,4 4 18,48,16.0,10,1.25,False,278500,1.34375,0,0,219,43,25,1,0,0,26,10,12,4.270833333333333,205.0,0.0,True,False
288,4 4 18,48,16.0,10,1.25,False,279000,1.2986111111111112,0,0,228,40,16,4,0,0,20,5,20,4.541666666666667,218.0,0.0,True,False
288,4 4 18,48,16.0,10,1.25,False,279500,1.3368055555555556,0,0,224,41,22,1,0,0,23,14,14,4.3125,207.0,0.0,True,False
288,4 4 18,48,16.0,10,1.25,False,280000,1.1875,0,0,236,28,24,0,0,0,24,7,12,5.208333333333333,250.0,0.0,True,False
288,4 4 18,48,16.0,10,1.25,False,280500,1.2604166666666667,0,0,230,36,22,0,0,0,22,14,4,4.770833333333333,229.0,0.0,True,False
288,4 4 18,48,16.0,10,1.25,False,281000,1.4375,0,0,224,44,20,0,0,0,20,17,8,3.7083333333333335,178.0,0.0,True,False
288,4 4 18,48,16.0,10,1.25,False,281500,1.34375,0,0,230,40,18,0,0,0,18,19,6,4.270833333333333,205.0,0.0,True,False
288,4 4 18,48,16.0,10,1.25,False,282000,1.3402777777777777,0,0,226,38,18,6,0,0,24,12,12,4.291666666666667,206.0,0.0,True,False
288,4 4 18,48,16.0,10,1.25,False,282500,1.3090277777777777,0,0,226,48,14,0,0,0,14,11,18,4.479166666666667,215.0,0.0,True,False
288,4 4 18,48,16.0,10,1.25,False,283000,1.3263888888888888,0,0,204,52,32,0,0,0,32,20,10,4.375,210.0,0.0,True,False
288,4 4 18,48,16.0,10,1.25,False,283500,1.2708333333333333,0,0,220,44,24,0,0,0,24,20,4,4.708333333333333,226.0,0.0,True,False
288,4 4 18,48,16.0,10,1.25,False,284000,1.2986111111111112,0,0,216,60,12,0,0,0,12,11,24,4.541666666666667,218.0,0.0,True,False
288,4 4 18,48,16.0,10,1.25,False,284500,1.3298611111111112,0,0,222,52,14,0,0,0,14,11,32,4.354166666666667,209.0,0.0,True,False
288,4 4 18,48,16.0,10,1.25,False,285000,1.4201388888888888,0,0,210,52,26,0,0,0,26,10,22,3.8125,183.0,0.0,True,False
288,4 4 18,48,16.0,10,1.25,False,285500,1.3055555555555556,0,0,220,44,24,0,0,0,24,18,8,4.5,216.0,0.0,True,False
288,4 4 18,48,16.0,10,1.25,False,286000,1.2013888888888888,0,0,236,32,20,0,0,0,20,10,8,5.125,246.0,0.0,True,False
288,4 4 18,48,16.0,10,1.25,False,286500,1.2777777777777777,0,0,216,44,28,0,0,0,28,13,10,4.666666666666667,224.0,0.0,True,False
288,4 4 18,48,16.0,10,1.25,False,287000,1.2986111111111112,0,0,212,48,28,0,0,0,28,18,10,4.541666666666667,218.0,0.0,True,False
288,4 4 18,48,16.0,10,1.25,False,287500,1.3263888888888888,0,0,204,52,32,0,0,0,32,11,12,4.375,210.0,0.0,True,False
288,4 4 18,48,16.0,10,1.25,False,288000,1.3055555555555556,0,0,208,48,32,0,0,0,32,12,12,4.5,216.0,0.0,True,False
288,4 4 18,48,16.0,10,1.25,False,288500,1.1736111111111112,0,0,244,28,16,0,0,0,16,13,4,5.291666666666667,254.0,0.0,True,False
288,4 4 18,48,16.0,10,1.25,False,289000,1.28125,0,0,224,44,20,0,0,0,20,11,18,4.645833333333333,223.0,0.0,True,False
288,4 4 18,48,16.0,10,1.25,False,289500,1.3090277777777777,0,0,216,48,24,0,0,0,24,12,18,4.479166666666667,215.0,0.0,True,False
288,4 4 18,48,16.0,10,1.25,False,290000,1.3368055555555556,0,0,222,44,22,0,0,0,22,12,13,4.3125,207.0,0.0,True,False
288,4 4 18,48,16.0,10,1.25,False,290500,1.2916666666666667,0,0,228,44,16,0,0,0,16,9,22,4.583333333333333,220.0,0.0,True,False
288,4 4 18,48,16.0,10,1.25,False,291000,1.4166666666666667,0,0,225,46,17,0,0,0,17,14,20,3.8333333333333335,184.0,0.0,True,False
288,4 4 18,48,16.0,10,1.25,False,291500,1.4166666666666667,0,0,220,37,30,1,0,0,31,15,4,3.8333333333333335,184.0,0.0,True,False
288,4 4 18,48,16.0,10,1.25,False,292000,1.3819444444444444,0,0,217,43,27,1,0,0,28,6,17,4.041666666666667,194.0,0.0,True,False
288,4 4 18,48,16.0,10,1.25,False,292500,1.4131944444444444,0,0,218,48,18,4,0,0,22,16,10,3.8541666666666665,185.0,0.0,True,False
288,4 4 18,48,16.0,10,1.25,False,293000,1.3888888888888888,0,0,224,44,16,4,0,0,20,21,4,4.0,192.0,0.0,True,False
288,4 4 18,48,16.0,10,1.25,False,293500,1.3333333333333333,0,0,228,40,16,4,0,0,20,12,8,4.333333333333333,208.0,0.0,True,False
288,4 4 18,48,16.0,10,1.25,False,294000,1.3819444444444444,0,0,216,48,20,4,0,0,24,16,10,4.041666666666667,194.0,0.0,True,False
288,4 4 18,48,16.0,10,1.25,False,294500,1.3715277777777777,0,0,214,44,26,4,0,0,30,13,12,4.104166666666667,197.0,0.0,True,False
288,4 4 18,48,16.0,10,1.25,False,295000,1.3159722222222223,0,0,226,40,22,0,0,0,22,12,12,4.4375,213.0,0.0,True,False
288,4 4 18,48,16.0,10,1.25,False,295500,1.4375,0,0,209,54,25,0,0,0,25,16,12,3.7083333333333335,178.0,0.0,True,False
288,4 4 18,48,16.0,10,1.25,False,296000,1.3472222222222223,0,0,228,40,20,0,0,0,20,14,12,4.25,204.0,0.0,True,False
288,4 4 18,48,16.0,10,1.25,False,296500,1.3402777777777777,0,0,224,36,28,0,0,0,28,12,14,4.291666666666667,206.0,0.0,True,False
288,4 4 18,48,16.0,10,1.25,False,297000,1.4722222222222223,0,0,200,56,28,4,0,0,32,16,10,3.5,168.0,0.0,True,False
288,4 4 18,48,16.0,10,1.25,False,297500,1.4270833333333333,0,0,200,64,24,0,0,0,24,19,26,3.7708333333333335,181.0,0.0,True,False
288,4 4 18,48,16.0,10,1.25,False,298000,1.5208333333333333,0,0,188,60,40,0,0,0,40,21,12,3.2083333333333335,154.0,0.0,True,False
288,4 4 18,48,16.0,10,1.25,False,298500,1.3888888888888888,0,0,212,44,32,0,0,0,32,17,8,4.0,192.0,0.0,True,False
288,4 4 18,48,16.0,10,1.25,False,299000,1.2986111111111112,0,0,228,36,24,0,0,0,24,9,18,4.541666666666667,218.0,0.0,True,False
288,4 4 18,48,16.0,10,1.25,False,299500,1.4895833333333333,0,0,194,64,30,0,0,0,30,17,22,3.3958333333333335,163.0,0.0,True,False
288,4 4 18,48,16.0,10,1.25,False,300000,1.1909722222222223,0,0,246,24,18,0,0,0,18,9,8,5.1875,249.0,0.0,True,True
288,4 4 18,48,16.0,11,1.25,False,0,2.0,0,288,0,0,0,0,0,0,0,0,0,0.3333333333333333,16.0,0.0,False,False
288,4 4 18,48,16.0,11,1.25,False,500,2.0555555555555554,0,272,12,0,4,0,0,0,4,0,0,0.0,0.0,0.0,True,False
288,4 4 18,48,16.0,11,1.25,False,1000,2.0555555555555554,0,248,28,0,12,0,0,0,12,0,0,0.0,0.0,0.0,True,False
288,4 4 18,48,16.0,11,1.25,False,1500,2.0555555555555554,0,212,52,0,24,0,0,0,24,0,0,0.0,0.0,0.0,True,False
288,4 4 18,48,16.0,11,1.25,False,2000,2.0555555555555554,0,188,68,0,32,0,0,0,32,0,0,0.0,0.0,0.0,True,False
288,4 4 18,48,16.0,11,1.25,False,2500,2.0347222222222223,0,188,68,4,28,0,0,0,28,2,2,0.125,6.0,0.0,True,False
288,4 4 18,48,16.0,11,1.25,False,3000,1.9722222222222223,0,176,76,16,20,0,0,0,20,1,16,0.5,24.0,0.0,True,False
288,4 4 18,48,16.0,11,1.25,False,3500,1.9722222222222223,0,188,68,16,16,0,0,0,16,1,16,0.5,24.0,0.0,True,False
288,4 4 18,48,16.0,11,1.25,False,4000,1.9513888888888888,0,140,100,20,28,0,0,0,28,1,20,0.625,30.0,0.0,True,False
288,4 4 18,48,16.0,11,1.25,False,4500,1.9861111111111112,0,116,116,20,36,0,0,0,36,1,20,0.4166666666666667,20.0,0.0,True,False
288,4 4 18,48,16.0,11,1.25,False,5000,1.9444444444444444,0,116,116,28,28,0,0,0,28,1,28,0.6666666666666666,32.0,0.0,True,False
288,4 4 18,48,16.0,11,1.25,False,5500,1.9236111111111112,0,112,112,32,32,0,0,0,32,1,32,0.7916666666666666,38.0,0.0,True,False
288,4 4 18,48,16.0,11,1.25,False,6000,1.8611111111111112,0,88,120,40,40,0,0,0,40,1,40,1.1666666666666667,56.0,0.0,True,False
288,4 4 18,48,16.0,11,1.25,False,6500,1.7083333333333333,0,76,148,36,28,0,0,0,28,5,20,2.0833333333333335,100.0,0.0,True,False
288,4 4 18,48,16.0,11,1.25,False,7000,1.75,0,40,164,48,32,4,0,0,36,9,20,1.8333333333333333,88.0,0.0,True,False
288,4 4 18,48,16.0,11,1.25,False,7500,1.7013888888888888,0,36,168,48,32,4,0,0,36,10,16,2.125,102.0,0.0,True,False
288,4 4 18,48,16.0,11,1.25,False,8000,1.6666666666666667,0,32,176,44,32,4,0,0,36,10,10,2.3333333333333335,112.0,0.0,True,False
288,4 4 18,48,16.0,11,1.25,False,8500,1.6458333333333333,0,21,183,47,33,4,0,0,37,9,21,2.4583333333333335,118.0,0.0,True,False
288,4 4 18,48,16.0,11,1.25,False,9000,1.6597222222222223,0,13,183,55,33,4,0,0,37,6,47,2.375,114.0,0.0,True,False
288,4 4 18,48,16.0,11,1.25,False,9500,1.6041666666666667,0,9,179,59,37,4,0,0,41,5,53,2.7083333333333335,130.0,0.0,True,False
288,4 4 18,48,16.0,11,1.25,False,10000,1.5138888888888888,0,12,192,48,32,4,0,0,36,5,24,3.25,156.0,0.0,True,False
288,4 4 18,48,16.0,11,1.25,False,10500,1.65625,0,12,176,58,36,6,0,0,42,5,24,2.3958333333333335,115.0,0.0,True,False
288,4 4 18,48,16.0,11,1.25,False,11000,1.6666666666666667,0,12,168,60,44,4,0,0,48,11,24,2.3333333333333335,112.0,0.0,True,False
288,4 4 18,48,16.0,11,1.25,False,11500,1.625,0,9,163,67,45,4,0,0,49,9,35,2.5833333333333335,124.0,0.0,True,False
288,4 4 18,48,16.0,11,1.25,False,12000,1.5416666666666667,0,9,187,55,33,4,0,0,37,10,31,3.0833333333333335,148.0,0.0,True,False
288,4 4 18,48,16.0,11,1.25,False,12500,1.5555555555555556,0,9,187,59,29,4,0,0,33,9,36,3.0,144.0,0.0,True,False
288,4 4 18,48,16.0,11,1.25,False,13000,1.5590277777777777,0,14,188,54,32,0,0,0,32,9,30,2.9791666666666665,143.0,0.0,True,False
288,4 4 18,48,16.0,11,1.25,False,13500,1.5277777777777777,0,20,180,48,40,0,0,0,40,10,18,3.1666666666666665,152.0,0.0,True,False
288,4 4 18,48,16.0,11,1.25,False,14000,1.4861111111111112,0,20,184,48,36,0,0,0,36,7,18,3.4166666666666665,164.0,0.0,True,False
288,4 4 18,48,16.0,11,1.25,False,14500,1.5416666666666667,0,16,156,72,44,0,0,0,44,5,48,3.0833333333333335,148.0,0.0,True,False
288,4 4 18,48,16.0,11,1.25,False,15000,1.4513888888888888,0,8,172,68,40,0,0,0,40,10,32,3.625,174.0,0.0,True,False
288,4 4 18,48,16.0,11,1.25,False,15500,1.3819444444444444,0,4,192,60,32,0,0,0,32,14,24,4.041666666666667,194.0,0.0,True,False
288,4 4 18,48,16.0,11,1.25,False,16000,1.4895833333333333,0,3,177,70,37,1,0,0,38,14,32,3.3958333333333335,163.0,0.0,True,False
288,4 4 18,48,16.0,11,1.25,False,16500,1.5243055555555556,0,3,177,70,37,1,0,0,38,14,32,3.1875,153.0,0.0,True,False
288,4 4 18,48,16.0,11,1.25,False,17000,1.3819444444444444,0,0,196,64,28,0,0,0,28,15,12,4.041666666666667,194.0,0.0,True,False
288,4 4 18,48,16.0,11,1.25,False,17500,1.3020833333333333,0,0,214,60,14,0,0,0,14,4,54,4.520833333333333,217.0,0.0,True,False
288,4 4 18,48,16.0,11,1.25,False,18000,1.4201388888888888,0,0,207,58,23,0,0,0,23,11,17,3.8125,183.0,0.0,True,False
288,4 4 18,48,16.0,11,1.25,False,18500,1.3680555555555556,0,0,226,44,14,4,0,0,18,9,16,4.125,198.0,0.0,True,False
288,4 4 18,48,16.0,11,1.25,False,19000,1.3472222222222223,0,0,228,42,16,2,0,0,18,13,10,4.25,204.0,0.0,True,False
288,4 4 18,48,16.0,11,1.25,False,19500,1.2013888888888888,0,0,236,32,20,0,0,0,20,14,4,5.125,246.0,0.0,True,False
288,4 4 18,48,16.0,11,1.25,False,20000,1.3020833333333333,0,0,222,44,22,0,0,0,22,12,12,4.520833333333333,217.0,0.0,True,False
288,4 4 18,48,16.0,11,1.25,False,20500,1.1736111111111112,0,0,244,28,16,0,0,0,16,13,4,5.291666666666667,254.0,0.0,True,False
288,4 4 18,48,16.0,11,1.25,False,21000,1.2569444444444444,0,0,220,40,28,0,0,0,28,7,14,4.791666666666667,230.0,0.0,True,False
288,4 4 18,48,16.0,11,1.25,False,21500,1.3506944444444444,0,0,210,52,26,0,0,0,26,14,16,4.229166666666667,203.0,0.0,True,False
288,4 4 18,48,16.0,11,1.25,False,22000,1.3541666666666667,0,0,212,44,32,0,0,0,32,16,6,4.208333333333333,202.0,0.0,True,False
288,4 4 18,48,16.0,11,1.25,False,22500,1.3229166666666667,0,0,218,48,22,0,0,0,22,13,22,4.395833333333333,211.0,0.0,True,False
288,4 4 18,48,16.0,11,1.25,False,23000,1.3506944444444444,0,0,228,37,22,1,0,0,23,17,7,4.229166666666667,203.0,0.0,True,False
288,4 4 18,48,16.0,11,1.25,False,23500,1.3368055555555556,0,0,224,42,21,0,1,0,22,15,9,4.3125,207.0,0.0,True,False
288,4 4 18,48,16.0,11,1.25,False,24000,1.1458333333333333,0,0,252,24,12,0,0,0,12,11,4,5.458333333333333,262.0,0.0,True,False
288,4 4 18,48,16.0,11,1.25,False,24500,1.3819444444444444,0,0,200,56,32,0,0,0,32,18,12,4.041666666666667,194.0,0.0,True,False
288,4 4 18,48,16.0,11,1.25,False,25000,1.2881944444444444,0,0,235,34,19,0,0,0,19,12,13,4.604166666666667,221.0,0.0,True,False
288,4 4 18,48,16.0,11,1.25,False,25500,1.4201388888888888,0,0,208,57,22,1,0,0,23,13,17,3.8125,183.0,0.0,True,False
288,4 4 18,48,16.0,11,1.25,False,26000,1.4131944444444444,0,0,223,36,27,2,0,0,29,16,5,3.8541666666666665,185.0,0.0,True,False
288,4 4 18,48,16.0,11,1.25,False,26500,1.1736111111111112,0,0,244,28,16,0,0,0,16,13,4,5.291666666666667,254.0,0.0,True,False
288,4 4 18,48,16.0,11,1.25,False,27000,1.3819444444444444,0,0,200,56,32,0,0,0,32,17,10,4.041666666666667,194.0,0.0,True,False
288,4 4 18,48,16.0,11,1.25,False,27500,1.4201388888888888,0,0,188,76,24,0,0,0,24,11,48,3.8125,183.0,0.0,True,False
288,4 4 18,48,16.0,11,1.25,False,28000,1.3854166666666667,0,0,192,68,28,0,0,0,28,11,30,4.020833333333333,193.0,0.0,True,False
288,4 4 18,48,16.0,11,1.25,False,28500,1.2569444444444444,0,0,228,44,16,0,0,0,16,12,16,4.791666666666667,230.0,0.0,True,False
288,4 4 18,48,16.0,11,1.25,False,29000,1.2708333333333333,0,0,220,44,24,0,0,0,24,16,8,4.708333333333333,226.0,0.0,True,False
288,4 4 18,48,16.0,11,1.25,False,29500,1.1458333333333333,0,0,252,24,12,0,0,0,12,12,2,5.458333333333333,262.0,0.0,True,False
288,4 4 18,48,16.0,11,1.25,False,30000,1.2777777777777777,0,0,224,48,16,0,0,0,16,16,16,4.666666666666667,224.0,0.0,True,False
288,4 4 18,48,16.0,11,1.25,False,30500,1.3819444444444444,0,0,204,68,16,0,0,0,16,11,24,4.041666666666667,194.0,0.0,True,False
288,4 4 18,48,16.0,11,1.25,False,31000,1.34375,0,0,218,44,26,0,0,0,26,9,19,4.270833333333333,205.0,0.0,True,False
288,4 4 18,48,16.0,11,1.25,False,31500,1.3159722222222223,0,0,226,40,22,0,0,0,22,8,15,4.4375,213.0,0.0,True,False
288,4 4 18,48,16.0,11,1.25,False,32000,1.1944444444444444,0,0,240,32,16,0,0,0,16,13,4,5.166666666666667,248.0,0.0,True,False
288,4 4 18,48,16.0,11,1.25,False,32500,1.2708333333333333,0,0,220,44,24,0,0,0,24,17,10,4.708333333333333,226.0,0.0,True,False
288,4 4 18,48,16.0,11,1.25,False,33000,1.3333333333333333,0,0,208,56,24,0,0,0,24,17,18,4.333333333333333,208.0,0.0,True,False
288,4 4 18,48,16.0,11,1.25,False,33500,1.2222222222222223,0,0,232,36,20,0,0,0,20,12,8,5.0,240.0,0.0,True,False
288,4 4 18,48,16.0,11,1.25,False,34000,1.1527777777777777,0,0,248,24,16,0,0,0,16,8,10,5.416666666666667,260.0,0.0,True,False
288,4 4 18,48,16.0,11,1.25,False,34500,1.3298611111111112,0,0,218,40,30,0,0,0,30,15,6,4.354166666666667,209.0,0.0,True,False
288,4 4 18,48,16.0,11,1.25,False,35000,1.2534722222222223,0,0,238,28,22,0,0,0,22,11,4,4.8125,231.0,0.0,True,False
288,4 4 18,48,16.0,11,1.25,False,35500,1.3506944444444444,0,0,227,39,21,1,0,0,22,12,17,4.229166666666667,203.0,0.0,True,False
288,4 4 18,48,16.0,11,1.25,False,36000,1.34375,0,0,227,47,13,1,0,0,14,11,18,4.270833333333333,205.0,0.0,True,False
288,4 4 18,48,16.0,11,1.25,False,36500,1.1805555555555556,0,0,248,32,8,0,0,0,8,9,16,5.25,252.0,0.0,True,False
288,4 4 18,48,16.0,11,1.25,False,37000,1.4583333333333333,0,0,205,59,23,1,0,0,24,18,16,3.5833333333333335,172.0,0.0,True,False
288,4 4 18,48,16.0,11,1.25,False,37500,1.3923611111111112,0,0,215,55,17,1,0,0,18,13,16,3.9791666666666665,191.0,0.0,True,False
288,4 4 18,48,16.0,11,1.25,False,38000,1.3090277777777777,0,0,232,37,18,1,0,0,19,11,10,4.479166666666667,215.0,0.0,True,False
288,4 4 18,48,16.0,11,1.25,False,38500,1.375,0,0,208,50,28,2,0,0,30,10,20,4.083333333333333,196.0,0.0,True,False
288,4 4 18,48,16.0,11,1.25,False,39000,1.2118055555555556,0,0,256,21,10,1,0,0,11,7,10,5.0625,243.0,0.0,True,False
288,4 4 18,48,16.0,11,1.25,False,39500,1.4236111111111112,0,0,219,51,17,1,0,0,18,12,24,3.7916666666666665,182.0,0.0,True,False
288,4 4 18,48,16.0,11,1.25,False,40000,1.2708333333333333,0,0,252,22,12,2,0,0,14,10,4,4.708333333333333,226.0,0.0,True,False
288,4 4 18,48,16.0,11,1.25,False,40500,1.2986111111111112,0,0,243,27,17,1,0,0,18,10,7,4.541666666666667,218.0,0.0,True,False
288,4 4 18,48,16.0,11,1.25,False,41000,1.2986111111111112,0,0,212,48,28,0,0,0,28,16,8,4.541666666666667,218.0,0.0,True,False
288,4 4 18,48,16.0,11,1.25,False,41500,1.4375,0,0,222,49,16,1,0,0,17,10,27,3.7083333333333335,178.0,0.0,True,False
288,4 4 18,48,16.0,11,1.25,False,42000,1.3229166666666667,0,1,246,29,12,0,0,0,12,11,12,4.395833333333333,211.0,0.0,True,False
288,4 4 18,48,16.0,11,1.25,False,42500,1.3506944444444444,0,0,236,41,10,1,0,0,11,6,29,4.229166666666667,203.0,0.0,True,False
288,4 4 18,48,16.0,11,1.25,False,43000,1.3159722222222223,0,0,220,54,12,2,0,0,14,7,42,4.4375,213.0,0.0,True,False
288,4 4 18,48,16.0,11,1.25,False,43500,1.3993055555555556,0,0,207,64,15,2,0,0,17,6,52,3.9375,189.0,0.0,True,False
288,4 4 18,48,16.0,11,1.25,False,44000,1.4236111111111112,0,0,198,74,14,2,0,0,16,5,60,3.7916666666666665,182.0,0.0,True,False
288,4 4 18,48,16.0,11,1.25,False,44500,1.2881944444444444,0,0,222,60,6,0,0,0,6,4,46,4.604166666666667,221.0,0.0,True,False
288,4 4 18,48,16.0,11,1.25,False,45000,1.4201388888888888,0,0,174,104,10,0,0,0,10,7,62,3.8125,183.0,0.0,True,False
288,4 4 18,48,16.0,11,1.25,False,45500,1.4340277777777777,0,0,185,86,17,0,0,0,17,8,66,3.7291666666666665,179.0,0.0,True,False
288,4 4 18,48,16.0,11,1.25,False,46000,1.4340277777777777,0,0,171,94,23,0,0,0,23,14,60,3.7291666666666665,179.0,0.0,True,False
288,4 4 18,48,16.0,11,1.25,False,46500,1.2083333333333333,0,0,220,56,12,0,0,0,12,6,40,5.083333333333333,244.0,0.0,True,False
288,4 4 18,48,16.0,11,1.25,False,47000,1.2291666666666667,0,0,216,60,12,0,0,0,12,9,40,4.958333333333333,238.0,0.0,True,False
288,4 4 18,48,16.0,11,1.25,False,47500,1.3263888888888888,0,0,192,76,20,0,0,0,20,16,44,4.375,210.0,0.0,True,False
288,4 4 18,48,16.0,11,1.25,False,48000,1.4201388888888888,0,0,202,70,14,2,0,0,16,2,68,3.8125,183.0,0.0,True,False
288,4 4 18,48,16.0,11,1.25,False,48500,1.3402777777777777,0,0,216,52,20,0,0,0,20,11,26,4.291666666666667,206.0,0.0,True,False
288,4 4 18,48,16.0,11,1.25,False,49000,1.1736111111111112,0,0,244,28,16,0,0,0,16,7,8,5.291666666666667,254.0,0.0,True,False
288,4 4 18,48,16.0,11,1.25,False,49500,1.2986111111111112,0,0,212,48,28,0,0,0,28,11,10,4.541666666666667,218.0,0.0,True,False
288,4 4 18,48,16.0,11,1.25,False,50000,1.3576388888888888,0,0,218,48,22,0,0,0,22,17,8,4.1875,201.0,0.0,True,False
288,4 4 18,48,16.0,11,1.25,False,50500,1.1805555555555556,0,0,252,24,12,0,0,0,12,8,10,5.25,252.0,0.0,True,False
288,4 4 18,48,16.0,11,1.25,False,51000,1.3958333333333333,0,0,220,46,18,2,2,0,22,20,6,3.9583333333333335,190.0,0.0,True,False
288,4 4 18,48,16.0,11,1.25,False,51500,1.4236111111111112,0,0,208,53,26,1,0,0,27,21,8,3.7916666666666665,182.0,0.0,True,False
288,4 4 18,48,16.0,11,1.25,False,52000,1.5034722222222223,0,0,206,65,16,1,0,0,17,11,32,3.3125,159.0,0.0,True,False
288,4 4 18,48,16.0,11,1.25,False,52500,1.3888888888888888,0,0,223,42,23,0,0,0,23,13,16,4.0,192.0,0.0,True,False
288,4 4 18,48,16.0,11,1.25,False,53000,1.3159722222222223,0,0,243,27,17,1,0,0,18,12,3,4.4375,213.0,0.0,True,False
288,4 4 18,48,16.0,11,1.25,False,53500,1.4270833333333333,0,0,225,36,25,2,0,0,27,9,13,3.7708333333333335,181.0,0.0,True,False
288,4 4 18,48,16.0,11,1.25,False,54000,1.5763888888888888,0,0,203,48,35,2,0,0,37,11,29,2.875,138.0,0.0,True,False
288,4 4 18,48,16.0,11,1.25,False,54500,1.4131944444444444,0,0,241,38,9,0,0,0,9,4,33,3.8541666666666665,185.0,0.0,True,False
288,4 4 18,48,16.0,11,1.25,False,55000,1.4548611111111112,0,0,229,38,17,4,0,0,21,17,8,3.6041666666666665,173.0,0.0,True,False
288,4 4 18,48,16.0,11,1.25,False,55500,1.3715277777777777,0,0,210,48,30,0,0,0,30,8,20,4.104166666666667,197.0,0.0,True,False
288,4 4 18,48,16.0,11,1.25,False,56000,1.3715277777777777,0,0,210,48,30,0,0,0,30,15,14,4.104166666666667,197.0,0.0,True,False
288,4 4 18,48,16.0,11,1.25,False,56500,1.2013888888888888,0,0,236,32,20,0,0,0,20,9,10,5.125,246.0,0.0,True,False
288,4 4 18,48,16.0,11,1.25,False,57000,1.1458333333333333,0,0,252,24,12,0,0,0,12,11,4,5.458333333333333,262.0,0.0,True,False
288,4 4 18,48,16.0,11,1.25,False,57500,1.2083333333333333,0,0,248,20,20,0,0,0,20,7,8,5.083333333333333,244.0,0.0,True,False
288,4 4 18,48,16.0,11,1.25,False,58000,1.2430555555555556,0,0,228,40,20,0,0,0,20,19,4,4.875,234.0,0.0,True,False
288,4 4 18,48,16.0,11,1.25,False,58500,1.3576388888888888,0,0,214,56,18,0,0,0,18,12,30,4.1875,201.0,0.0,True,False
288,4 4 18,48,16.0,11,1.25,False,59000,1.2986111111111112,0,0,224,44,20,0,0,0,20,14,12,4.541666666666667,218.0,0.0,True,False
288,4 4 18,48,16.0,11,1.25,False,59500,1.1805555555555556,0,0,248,32,8,0,0,0,8,9,16,5.25,252.0,0.0,True,False
288,4 4 18,48,16.0,11,1.25,False,60000,1.1458333333333333,0,0,252,24,12,0,0,0,12,12,2,5.458333333333333,262.0,0.0,True,False
288,4 4 18,48,16.0,11,1.25,False,60500,1.1736111111111112,0,0,244,28,16,0,0,0,16,13,4,5.291666666666667,254.0,0.0,True,False
288,4 4 18,48,16.0,11,1.25,False,61000,1.2430555555555556,0,0,228,40,20,0,0,0,20,20,2,4.875,234.0,0.0,True,False
288,4 4 18,48,16.0,11,1.25,False,61500,1.25,0,0,224,40,24,0,0,0,24,12,8,4.833333333333333,232.0,0.0,True,False
288,4 4 18,48,16.0,11,1.25,False,62000,1.2222222222222223,0,0,232,36,20,0,0,0,20,17,4,5.0,240.0,0.0,True,False
288,4 4 18,48,16.0,11,1.25,False,62500,1.2291666666666667,0,0,236,40,12,0,0,0,12,13,16,4.958333333333333,238.0,0.0,True,False
288,4 4 18,48,16.0,11,1.25,False,63000,1.2013888888888888,0,0,236,32,20,0,0,0,20,11,12,5.125,246.0,0.0,True,False
288,4 4 18,48,16.0,11,1.25,False,63500,1.2708333333333333,0,0,220,44,24,0,0,0,24,11,14,4.708333333333333,226.0,0.0,True,False
288,4 4 18,48,16.0,11,1.25,False,64000,1.2222222222222223,0,0,232,36,20,0,0,0,20,14,8,5.0,240.0,0.0,True,False
288,4 4 18,48,16.0,11,1.25,False,64500,1.3125,0,0,228,40,20,0,0,0,20,13,16,4.458333333333333,214.0,0.0,True,False
288,4 4 18,48,16.0,11,1.25,False,65000,1.3125,0,0,228,40,20,0,0,0,20,12,18,4.458333333333333,214.0,0.0,True,False
288,4 4 18,48,16.0,11,1.25,False,65500,1.3576388888888888,0,0,206,52,30,0,0,0,30,11,16,4.1875,201.0,0.0,True,False
288,4 4 18,48,16.0,11,1.25,False,66000,1.3402777777777777,0,4,200,52,32,0,0,0,32,10,22,4.291666666666667,206.0,0.0,True,False
288,4 4 18,48,16.0,11,1.25,False,66500,1.3055555555555556,0,4,212,48,24,0,0,0,24,13,20,4.5,216.0,0.0,True,False
288,4 4 18,48,16.0,11,1.25,False,67000,1.3333333333333333,0,4,204,52,28,0,0,0,28,15,24,4.333333333333333,208.0,0.0,True,False
288,4 4 18,48,16.0,11,1.25,False,67500,1.2569444444444444,0,4,224,40,20,0,0,0,20,10,20,4.791666666666667,230.0,0.0,True,False
288,4 4 18,48,16.0,11,1.25,False,68000,1.4166666666666667,0,4,180,64,40,0,0,0,40,11,34,3.8333333333333335,184.0,0.0,True,False
288,4 4 18,48,16.0,11,1.25,False,68500,1.3888888888888888,0,4,188,60,36,0,0,0,36,12,30,4.0,192.0,0.0,True,False
288,4 4 18,48,16.0,11,1.25,False,69000,1.4722222222222223,0,0,180,72,36,0,0,0,36,21,12,3.5,168.0,0.0,True,False
288,4 4 18,48,16.0,11,1.25,False,69500,1.3888888888888888,0,0,188,72,28,0,0,0,28,16,24,4.0,192.0,0.0,True,False
288,4 4 18,48,16.0,11,1.25,False,70000,1.3715277777777777,0,0,204,60,24,0,0,0,24,14,26,4.104166666666667,197.0,0.0,True,False
288,4 4 18,48,16.0,11,1.25,False,70500,1.3055555555555556,0,0,224,36,28,0,0,0,28,11,8,4.5,216.0,0.0,True,False
288,4 4 18,48,16.0,11,1.25,False,71000,1.25,0,0,224,40,24,0,0,0,24,16,8,4.833333333333333,232.0,0.0,True,False
288,4 4 18,48,16.0,11,1.25,False,71500,1.3333333333333333,0,0,208,56,24,0,0,0,24,19,14,4.333333333333333,208.0,0.0,True,False
288,4 4 18,48,16.0,11,1.25,False,72000,1.3055555555555556,0,0,216,52,20,0,0,0,20,20,14,4.5,216.0,0.0,True,False
288,4 4 18,48,16.0,11,1.25,False,72500,1.4270833333333333,0,0,215,54,19,0,0,0,19,12,16,3.7708333333333335,181.0,0.0,True,False
288,4 4 18,48,16.0,11,1.25,False,73000,1.4201388888888888,0,0,211,50,27,0,0,0,27,19,8,3.8125,183.0,0.0,True,False
288,4 4 18,48,16.0,11,1.25,False,73500,1.3402777777777777,0,0,220,44,24,0,0,0,24,20,4,4.291666666666667,206.0,0.0,True,False
288,4 4 18,48,16.0,11,1.25,False,74000,1.3194444444444444,0,0,224,40,24,0,0,0,24,16,8,4.416666666666667,212.0,0.0,True,False
288,4 4 18,48,16.0,11,1.25,False,74500,1.3368055555555556,0,0,222,44,22,0,0,0,22,14,14,4.3125,207.0,0.0,True,False
288,4 4 18,48,16.0,11,1.25,False,75000,1.2222222222222223,0,0,232,36,20,0,0,0,20,15,8,5.0,240.0,0.0,True,False
288,4 4 18,48,16.0,11,1.25,False,75500,1.2222222222222223,0,0,232,36,20,0,0,0,20,15,8,5.0,240.0,0.0,True,False
288,4 4 18,48,16.0,11,1.25,False,76000,1.2361111111111112,0,0,236,32,20,0,0,0,20,11,8,4.916666666666667,236.0,0.0,True,False
288,4 4 18,48,16.0,11,1.25,False,76500,1.4479166666666667,0,2,199,56,31,0,0,0,31,19,12,3.6458333333333335,175.0,0.0,True,False
288,4 4 18,48,16.0,11,1.25,False,77000,1.5277777777777777,0,0,223,43,21,1,0,0,22,14,18,3.1666666666666665,152.0,0.0,True,False
288,4 4 18,48,16.0,11,1.25,False,77500,1.3472222222222223,0,0,224,50,12,2,0,0,14,7,28,4.25,204.0,0.0,True,False
288,4 4 18,48,16.0,11,1.25,False,78000,1.4618055555555556,0,0,201,67,15,5,0,0,20,13,45,3.5625,171.0,0.0,True,False
288,4 4 18,48,16.0,11,1.25,False,78500,1.3993055555555556,0,0,234,35,14,3,2,0,19,7,24,3.9375,189.0,0.0,True,False
288,4 4 18,48,16.0,11,1.25,False,79000,1.4618055555555556,0,0,207,55,21,5,0,0,26,12,34,3.5625,171.0,0.0,True,False
288,4 4 18,48,16.0,11,1.25,False,79500,1.4166666666666667,0,0,196,64,28,0,0,0,28,11,30,3.8333333333333335,184.0,0.0,True,False
288,4 4 18,48,16.0,11,1.25,False,80000,1.3472222222222223,0,0,176,84,28,0,0,0,28,10,60,4.25,204.0,0.0,True,False
288,4 4 18,48,16.0,11,1.25,False,80500,1.3472222222222223,0,0,176,84,28,0,0,0,28,10,60,4.25,204.0,0.0,True,False
288,4 4 18,48,16.0,11,1.25,False,81000,1.2222222222222223,0,0,224,52,12,0,0,0,12,11,32,5.0,240.0,0.0,True,False
288,4 4 18,48,16.0,11,1.25,False,81500,1.2222222222222223,0,0,232,36,20,0,0,0,20,12,8,5.0,240.0,0.0,True,False
288,4 4 18,48,16.0,11,1.25,False,82000,1.2013888888888888,0,0,236,32,20,0,0,0,20,13,4,5.125,246.0,0.0,True,False
288,4 4 18,48,16.0,11,1.25,False,82500,1.2569444444444444,0,0,220,40,28,0,0,0,28,16,4,4.791666666666667,230.0,0.0,True,False
288,4 4 18,48,16.0,11,1.25,False,83000,1.3055555555555556,0,0,224,36,28,0,0,0,28,17,4,4.5,216.0,0.0,True,False
288,4 4 18,48,16.0,11,1.25,False,83500,1.2083333333333333,0,0,244,28,16,0,0,0,16,12,4,5.083333333333333,244.0,0.0,True,False
288,4 4 18,48,16.0,11,1.25,False,84000,1.2569444444444444,0,0,228,44,16,0,0,0,16,11,18,4.791666666666667,230.0,0.0,True,False
288,4 4 18,48,16.0,11,1.25,False,84500,1.3576388888888888,0,0,202,60,26,0,0,0,26,11,32,4.1875,201.0,0.0,True,False
288,4 4 18,48,16.0,11,1.25,False,85000,1.2673611111111112,0,0,216,56,16,0,0,0,16,12,34,4.729166666666667,227.0,0.0,True,False
288,4 4 18,48,16.0,11,1.25,False,85500,1.4375,0,0,196,60,32,0,0,0,32,16,14,3.7083333333333335,178.0,0.0,True,False
288,4 4 18,48,16.0,11,1.25,False,86000,1.3159722222222223,0,0,212,48,28,0,0,0,28,13,18,4.4375,213.0,0.0,True,False
288,4 4 18,48,16.0,11,1.25,False,86500,1.3020833333333333,0,0,222,44,22,0,0,0,22,15,14,4.520833333333333,217.0,0.0,True,False
288,4 4 18,48,16.0,11,1.25,False,87000,1.25,0,0,224,40,24,0,0,0,24,11,14,4.833333333333333,232.0,0.0,True,False
288,4 4 18,48,16.0,11,1.25,False,87500,1.125,0,0,256,20,12,0,0,0,12,9,4,5.583333333333333,268.0,0.0,True,False
288,4 4 18,48,16.0,11,1.25,False,88000,1.1736111111111112,0,0,244,28,16,0,0,0,16,12,4,5.291666666666667,254.0,0.0,True,False
288,4 4 18,48,16.0,11,1.25,False,88500,1.2986111111111112,0,0,212,48,28,0,0,0,28,10,12,4.541666666666667,218.0,0.0,True,False
288,4 4 18,48,16.0,11,1.25,False,89000,1.2291666666666667,0,0,236,40,12,0,0,0,12,9,16,4.958333333333333,238.0,0.0,True,False
288,4 4 18,48,16.0,11,1.25,False,89500,1.25,0,0,224,40,24,0,0,0,24,13,8,4.833333333333333,232.0,0.0,True,False
288,4 4 18,48,16.0,11,1.25,False,90000,1.2986111111111112,0,0,212,48,28,0,0,0,28,15,10,4.541666666666667,218.0,0.0,True,False
288,4 4 18,48,16.0,11,1.25,False,90500,1.3263888888888888,0,0,204,52,32,0,0,0,32,18,14,4.375,210.0,0.0,True,False
288,4 4 18,48,16.0,11,1.25,False,91000,1.2986111111111112,0,0,212,48,28,0,0,0,28,16,10,4.541666666666667,218.0,0.0,True,False
288,4 4 18,48,16.0,11,1.25,False,91500,1.2847222222222223,0,0,228,32,28,0,0,0,28,12,10,4.625,222.0,0.0,True,False
288,4 4 18,48,16.0,11,1.25,False,92000,1.1944444444444444,0,0,240,32,16,0,0,0,16,16,2,5.166666666666667,248.0,0.0,True,False
288,4 4 18,48,16.0,11,1.25,False,92500,1.2013888888888888,0,0,236,32,20,0,0,0,20,11,6,5.125,246.0,0.0,True,False
288,4 4 18,48,16.0,11,1.25,False,93000,1.2083333333333333,0,0,240,36,12,0,0,0,12,11,12,5.083333333333333,244.0,0.0,True,False
288,4 4 18,48,16.0,11,1.25,False,93500,1.2013888888888888,0,0,236,32,20,0,0,0,20,11,12,5.125,246.0,0.0,True,False
288,4 4 18,48,16.0,11,1.25,False,94000,1.2013888888888888,0,0,236,32,20,0,0,0,20,12,8,5.125,246.0,0.0,True,False
288,4 4 18,48,16.0,11,1.25,False,94500,1.1736111111111112,0,0,244,28,16,0,0,0,16,10,8,5.291666666666667,254.0,0.0,True,False
288,4 4 18,48,16.0,11,1.25,False,95000,1.3194444444444444,0,0,228,32,28,0,0,0,28,9,6,4.416666666666667,212.0,0.0,True,False
288,4 4 18,48,16.0,11,1.25,False,95500,1.1458333333333333,0,0,252,24,12,0,0,0,12,12,2,5.458333333333333,262.0,0.0,True,False
288,4 4 18,48,16.0,11,1.25,False,96000,1.34375,0,0,219,42,27,0,0,0,27,11,14,4.270833333333333,205.0,0.0,True,False
288,4 4 18,48,16.0,11,1.25,False,96500,1.2604166666666667,0,0,242,32,14,0,0,0,14,12,8,4.770833333333333,229.0,0.0,True,False
288,4 4 18,48,16.0,11,1.25,False,97000,1.2847222222222223,0,0,240,30,16,2,0,0,18,7,18,4.625,222.0,0.0,True,False
288,4 4 18,48,16.0,11,1.25,False,97500,1.3055555555555556,0,0,236,34,16,2,0,0,18,10,16,4.5,216.0,0.0,True,False
288,4 4 18,48,16.0,11,1.25,False,98000,1.2916666666666667,0,0,216,48,24,0,0,0,24,13,14,4.583333333333333,220.0,0.0,True,False
288,4 4 18,48,16.0,11,1.25,False,98500,1.1458333333333333,0,0,252,24,12,0,0,0,12,11,4,5.458333333333333,262.0,0.0,True,False
288,4 4 18,48,16.0,11,1.25,False,99000,1.0972222222222223,0,0,264,16,8,0,0,0,8,8,2,5.75,276.0,0.0,True,False
288,4 4 18,48,16.0,11,1.25,False,99500,1.2083333333333333,0,0,244,28,16,0,0,0,16,9,12,5.083333333333333,244.0,0.0,True,False
288,4 4 18,48,16.0,11,1.25,False,100000,1.1458333333333333,0,0,252,24,12,0,0,0,12,12,2,5.458333333333333,262.0,0.0,True,False
288,4 4 18,48,16.0,11,1.25,False,100500,1.3506944444444444,0,0,222,48,18,0,0,0,18,9,18,4.229166666666667,203.0,0.0,True,False
288,4 4 18,48,16.0,11,1.25,False,101000,1.2534722222222223,0,1,246,29,12,0,0,0,12,11,10,4.8125,231.0,0.0,True,False
288,4 4 18,48,16.0,11,1.25,False,101500,1.2395833333333333,0,0,246,28,14,0,0,0,14,12,6,4.895833333333333,235.0,0.0,True,False
288,4 4 18,48,16.0,11,1.25,False,102000,1.5034722222222223,0,0,203,55,26,3,1,0,30,14,18,3.3125,159.0,0.0,True,False
288,4 4 18,48,16.0,11,1.25,False,102500,1.2118055555555556,0,0,254,24,10,0,0,0,10,10,8,5.0625,243.0,0.0,True,False
288,4 4 18,48,16.0,11,1.25,False,103000,1.28125,0,1,238,33,16,0,0,0,16,8,14,4.645833333333333,223.0,0.0,True,False
288,4 4 18,48,16.0,11,1.25,False,103500,1.3229166666666667,0,1,230,41,16,0,0,0,16,11,18,4.395833333333333,211.0,0.0,True,False
288,4 4 18,48,16.0,11,1.25,False,104000,1.3090277777777777,0,0,232,36,20,0,0,0,20,13,13,4.479166666666667,215.0,0.0,True,False
288,4 4 18,48,16.0,11,1.25,False,104500,1.3263888888888888,0,0,234,33,20,1,0,0,21,16,4,4.375,210.0,0.0,True,False
288,4 4 18,48,16.0,11,1.25,False,105000,1.1805555555555556,0,0,248,32,8,0,0,0,8,5,16,5.25,252.0,0.0,True,False
288,4 4 18,48,16.0,11,1.25,False,105500,1.3402777777777777,0,0,220,44,24,0,0,0,24,12,16,4.291666666666667,206.0,0.0,True,False
288,4 4 18,48,16.0,11,1.25,False,106000,1.4305555555555556,0,0,221,39,27,1,0,0,28,9,12,3.75,180.0,0.0,True,False
288,4 4 18,48,16.0,11,1.25,False,106500,1.3993055555555556,0,2,211,48,27,0,0,0,27,11,15,3.9375,189.0,0.0,True,False
288,4 4 18,48,16.0,11,1.25,False,107000,1.5034722222222223,0,5,226,49,8,0,0,0,8,8,28,3.3125,159.0,0.0,True,False
288,4 4 18,48,16.0,11,1.25,False,107500,1.4236111111111112,0,0,220,48,20,0,0,0,20,17,13,3.7916666666666665,182.0,0.0,True,False
288,4 4 18,48,16.0,11,1.25,False,108000,1.2916666666666667,0,0,245,30,13,0,0,0,13,10,9,4.583333333333333,220.0,0.0,True,False
288,4 4 18,48,16.0,11,1.25,False,108500,1.3194444444444444,0,0,238,32,18,0,0,0,18,8,14,4.416666666666667,212.0,0.0,True,False
288,4 4 18,48,16.0,11,1.25,False,109000,1.3368055555555556,0,0,222,44,22,0,0,0,22,15,8,4.3125,207.0,0.0,True,False
288,4 4 18,48,16.0,11,1.25,False,109500,1.3090277777777777,0,0,230,40,18,0,0,0,18,16,8,4.479166666666667,215.0,0.0,True,False
288,4 4 18,48,16.0,11,1.25,False,110000,1.3923611111111112,0,0,206,52,30,0,0,0,30,10,16,3.9791666666666665,191.0,0.0,True,False
288,4 4 18,48,16.0,11,1.25,False,110500,1.2777777777777777,0,0,244,29,14,1,0,0,15,10,11,4.666666666666667,224.0,0.0,True,False
288,4 4 18,48,16.0,11,1.25,False,111000,1.4513888888888888,0,2,212,49,22,3,0,0,25,16,12,3.625,174.0,0.0,True,False
288,4 4 18,48,16.0,11,1.25,False,111500,1.3819444444444444,0,0,204,68,16,0,0,0,16,15,26,4.041666666666667,194.0,0.0,True,False
288,4 4 18,48,16.0,11,1.25,False,112000,1.3680555555555556,0,0,204,64,20,0,0,0,20,18,24,4.125,198.0,0.0,True,False
288,4 4 18,48,16.0,11,1.25,False,112500,1.3263888888888888,0,0,216,48,24,0,0,0,24,13,14,4.375,210.0,0.0,True,False
288,4 4 18,48,16.0,11,1.25,False,113000,1.3888888888888888,0,0,212,44,32,0,0,0,32,9,14,4.0,192.0,0.0,True,False
288,4 4 18,48,16.0,11,1.25,False,113500,1.3298611111111112,0,0,226,44,18,0,0,0,18,8,16,4.354166666666667,209.0,0.0,True,False
288,4 4 18,48,16.0,11,1.25,False,114000,1.1944444444444444,0,0,240,32,16,0,0,0,16,15,4,5.166666666666667,248.0,0.0,True,False
288,4 4 18,48,16.0,11,1.25,False,114500,1.1736111111111112,0,0,244,28,16,0,0,0,16,11,8,5.291666666666667,254.0,0.0,True,False
288,4 4 18,48,16.0,11,1.25,False,115000,1.2430555555555556,0,0,228,40,20,0,0,0,20,13,12,4.875,234.0,0.0,True,False
288,4 4 18,48,16.0,11,1.25,False,115500,1.2777777777777777,0,0,216,44,28,0,0,0,28,9,18,4.666666666666667,224.0,0.0,True,False
288,4 4 18,48,16.0,11,1.25,False,116000,1.2222222222222223,0,0,232,36,20,0,0,0,20,15,8,5.0,240.0,0.0,True,False
288,4 4 18,48,16.0,11,1.25,False,116500,1.3263888888888888,0,0,204,52,32,0,0,0,32,11,16,4.375,210.0,0.0,True,False
288,4 4 18,48,16.0,11,1.25,False,117000,1.3263888888888888,0,0,212,56,20,0,0,0,20,16,18,4.375,210.0,0.0,True,False
288,4 4 18,48,16.0,11,1.25,False,117500,1.2430555555555556,0,0,228,40,20,0,0,0,20,18,4,4.875,234.0,0.0,True,False
288,4 4 18,48,16.0,11,1.25,False,118000,1.1458333333333333,0,0,252,24,12,0,0,0,12,9,8,5.458333333333333,262.0,0.0,True,False
288,4 4 18,48,16.0,11,1.25,False,118500,1.2430555555555556,0,0,228,40,20,0,0,0,20,20,2,4.875,234.0,0.0,True,False
288,4 4 18,48,16.0,11,1.25,False,119000,1.3263888888888888,0,0,204,52,32,0,0,0,32,17,8,4.375,210.0,0.0,True,False
288,4 4 18,48,16.0,11,1.25,False,119500,1.1944444444444444,0,0,240,32,16,0,0,0,16,16,2,5.166666666666667,248.0,0.0,True,False
288,4 4 18,48,16.0,11,1.25,False,120000,1.3333333333333333,0,0,224,44,20,0,0,0,20,15,12,4.333333333333333,208.0,0.0,True,False
288,4 4 18,48,16.0,11,1.25,False,120500,1.3055555555555556,0,0,236,32,20,0,0,0,20,10,10,4.5,216.0,0.0,True,False
288,4 4 18,48,16.0,11,1.25,False,121000,1.2222222222222223,0,0,232,36,20,0,0,0,20,10,14,5.0,240.0,0.0,True,False
288,4 4 18,48,16.0,11,1.25,False,121500,1.3576388888888888,0,0,206,52,30,0,0,0,30,19,8,4.1875,201.0,0.0,True,False
288,4 4 18,48,16.0,11,1.25,False,122000,1.1597222222222223,0,0,256,20,12,0,0,0,12,8,4,5.375,258.0,0.0,True,False
288,4 4 18,48,16.0,11,1.25,False,122500,1.1944444444444444,0,0,240,32,16,0,0,0,16,16,2,5.166666666666667,248.0,0.0,True,False
288,4 4 18,48,16.0,11,1.25,False,123000,1.25,0,0,224,40,24,0,0,0,24,14,8,4.833333333333333,232.0,0.0,True,False
288,4 4 18,48,16.0,11,1.25,False,123500,1.3229166666666667,0,0,218,48,22,0,0,0,22,14,16,4.395833333333333,211.0,0.0,True,False
288,4 4 18,48,16.0,11,1.25,False,124000,1.3541666666666667,0,0,204,60,24,0,0,0,24,16,22,4.208333333333333,202.0,0.0,True,False
288,4 4 18,48,16.0,11,1.25,False,124500,1.3368055555555556,0,0,218,52,18,0,0,0,18,11,28,4.3125,207.0,0.0,True,False
288,4 4 18,48,16.0,11,1.25,False,125000,1.4583333333333333,0,0,180,68,40,0,0,0,40,13,34,3.5833333333333335,172.0,0.0,True,False
288,4 4 18,48,16.0,11,1.25,False,125500,1.2638888888888888,0,0,224,44,20,0,0,0,20,13,12,4.75,228.0,0.0,True,False
288,4 4 18,48,16.0,11,1.25,False,126000,1.3923611111111112,0,0,214,56,18,0,0,0,18,15,18,3.9791666666666665,191.0,0.0,True,False
288,4 4 18,48,16.0,11,1.25,False,126500,1.3888888888888888,0,0,221,48,17,2,0,0,19,15,20,4.0,192.0,0.0,True,False
288,4 4 18,48,16.0,11,1.25,False,127000,1.4270833333333333,0,2,231,37,17,1,0,0,18,15,11,3.7708333333333335,181.0,0.0,True,False
288,4 4 18,48,16.0,11,1.25,False,127500,1.4513888888888888,0,0,214,50,22,2,0,0,24,12,14,3.625,174.0,0.0,True,False
288,4 4 18,48,16.0,11,1.25,False,128000,1.3993055555555556,0,0,220,56,12,0,0,0,12,5,24,3.9375,189.0,0.0,True,False
288,4 4 18,48,16.0,11,1.25,False,128500,1.5486111111111112,0,0,189,66,33,0,0,0,33,8,26,3.0416666666666665,146.0,0.0,True,False
288,4 4 18,48,16.0,11,1.25,False,129000,1.4895833333333333,0,0,206,62,18,2,0,0,20,13,35,3.3958333333333335,163.0,0.0,True,False
288,4 4 18,48,16.0,11,1.25,False,129500,1.4513888888888888,0,0,205,66,17,0,0,0,17,13,40,3.625,174.0,0.0,True,False
288,4 4 18,48,16.0,11,1.25,False,130000,1.5381944444444444,0,0,187,67,29,5,0,0,34,19,12,3.1041666666666665,149.0,0.0,True,False
288,4 4 18,48,16.0,11,1.25,False,130500,1.4722222222222223,0,1,208,53,26,0,0,0,26,17,20,3.5,168.0,0.0,True,False
288,4 4 18,48,16.0,11,1.25,False,131000,1.3229166666666667,0,1,233,36,17,1,0,0,18,10,13,4.395833333333333,211.0,0.0,True,False
288,4 4 18,48,16.0,11,1.25,False,131500,1.375,0,0,221,43,23,1,0,0,24,9,17,4.083333333333333,196.0,0.0,True,False
288,4 4 18,48,16.0,11,1.25,False,132000,1.34375,0,1,229,40,17,1,0,0,18,13,13,4.270833333333333,205.0,0.0,True,False
288,4 4 18,48,16.0,11,1.25,False,132500,1.3923611111111112,0,0,222,44,18,4,0,0,22,12,18,3.9791666666666665,191.0,0.0,True,False
288,4 4 18,48,16.0,11,1.25,False,133000,1.2881944444444444,0,0,238,34,12,2,2,0,16,14,6,4.604166666666667,221.0,0.0,True,False
288,4 4 18,48,16.0,11,1.25,False,133500,1.1909722222222223,0,0,262,18,4,2,2,0,8,7,6,5.1875,249.0,0.0,True,False
288,4 4 18,48,16.0,11,1.25,False,134000,1.2361111111111112,0,0,252,26,6,2,2,0,10,13,2,4.916666666666667,236.0,0.0,True,False
288,4 4 18,48,16.0,11,1.25,False,134500,1.3819444444444444,0,0,220,44,16,8,0,0,24,16,6,4.041666666666667,194.0,0.0,True,False
288,4 4 18,48,16.0,11,1.25,False,135000,1.5138888888888888,0,1,192,59,34,2,0,0,36,18,10,3.25,156.0,0.0,True,False
288,4 4 18,48,16.0,11,1.25,False,135500,1.3368055555555556,0,0,210,48,30,0,0,0,30,15,14,4.3125,207.0,0.0,True,False
288,4 4 18,48,16.0,11,1.25,False,136000,1.5208333333333333,0,0,200,60,24,4,0,0,28,18,16,3.2083333333333335,154.0,0.0,True,False
288,4 4 18,48,16.0,11,1.25,False,136500,1.3680555555555556,0,0,212,48,28,0,0,0,28,14,10,4.125,198.0,0.0,True,False
288,4 4 18,48,16.0,11,1.25,False,137000,1.3090277777777777,0,0,230,40,18,0,0,0,18,13,16,4.479166666666667,215.0,0.0,True,False
288,4 4 18,48,16.0,11,1.25,False,137500,1.25,0,0,224,40,24,0,0,0,24,14,8,4.833333333333333,232.0,0.0,True,False
288,4 4 18,48,16.0,11,1.25,False,138000,1.2708333333333333,0,0,220,44,24,0,0,0,24,15,8,4.708333333333333,226.0,0.0,True,False
288,4 4 18,48,16.0,11,1.25,False,138500,1.2777777777777777,0,0,216,44,28,0,0,0,28,13,14,4.666666666666667,224.0,0.0,True,False
288,4 4 18,48,16.0,11,1.25,False,139000,1.3055555555555556,0,0,208,48,32,0,0,0,32,14,18,4.5,216.0,0.0,True,False
288,4 4 18,48,16.0,11,1.25,False,139500,1.3125,0,0,216,44,28,0,0,0,28,16,14,4.458333333333333,214.0,0.0,True,False
288,4 4 18,48,16.0,11,1.25,False,140000,1.2916666666666667,0,0,232,36,20,0,0,0,20,10,16,4.583333333333333,220.0,0.0,True,False
288,4 4 18,48,16.0,11,1.25,False,140500,1.3055555555555556,0,0,216,52,20,0,0,0,20,16,16,4.5,216.0,0.0,True,False
288,4 4 18,48,16.0,11,1.25,False,141000,1.25,0,0,224,40,24,0,0,0,24,18,4,4.833333333333333,232.0,0.0,True,False
288,4 4 18,48,16.0,11,1.25,False,141500,1.2222222222222223,0,0,232,36,20,0,0,0,20,14,4,5.0,240.0,0.0,True,False
288,4 4 18,48,16.0,11,1.25,False,142000,1.2986111111111112,0,0,212,48,28,0,0,0,28,13,14,4.541666666666667,218.0,0.0,True,False
288,4 4 18,48,16.0,11,1.25,False,142500,1.1458333333333333,0,0,252,24,12,0,0,0,12,9,8,5.458333333333333,262.0,0.0,True,False
288,4 4 18,48,16.0,11,1.25,False,143000,1.4305555555555556,0,0,218,45,24,1,0,0,25,14,8,3.75,180.0,0.0,True,False
288,4 4 18,48,16.0,11,1.25,False,143500,1.2881944444444444,0,0,235,34,19,0,0,0,19,9,11,4.604166666666667,221.0,0.0,True,False
288,4 4 18,48,16.0,11,1.25,False,144000,1.3715277777777777,0,0,211,66,11,0,0,0,11,6,34,4.104166666666667,197.0,0.0,True,False
288,4 4 18,48,16.0,11,1.25,False,144500,1.2430555555555556,0,0,224,48,16,0,0,0,16,12,24,4.875,234.0,0.0,True,False
288,4 4 18,48,16.0,11,1.25,False,145000,1.2083333333333333,0,0,240,36,12,0,0,0,12,8,16,5.083333333333333,244.0,0.0,True,False
288,4 4 18,48,16.0,11,1.25,False,145500,1.2847222222222223,0,0,220,48,20,0,0,0,20,11,16,4.625,222.0,0.0,True,False
288,4 4 18,48,16.0,11,1.25,False,146000,1.2291666666666667,0,0,228,36,24,0,0,0,24,9,18,4.958333333333333,238.0,0.0,True,False
288,4 4 18,48,16.0,11,1.25,False,146500,1.2291666666666667,0,0,228,36,24,0,0,0,24,10,12,4.958333333333333,238.0,0.0,True,False
288,4 4 18,48,16.0,11,1.25,False,147000,1.2361111111111112,0,0,224,36,28,0,0,0,28,8,22,4.916666666666667,236.0,0.0,True,False
288,4 4 18,48,16.0,11,1.25,False,147500,1.4131944444444444,0,0,190,60,38,0,0,0,38,12,12,3.8541666666666665,185.0,0.0,True,False
288,4 4 18,48,16.0,11,1.25,False,148000,1.2361111111111112,0,0,232,40,16,0,0,0,16,7,16,4.916666666666667,236.0,0.0,True,False
288,4 4 18,48,16.0,11,1.25,False,148500,1.2708333333333333,0,0,220,44,24,0,0,0,24,17,10,4.708333333333333,226.0,0.0,True,False
288,4 4 18,48,16.0,11,1.25,False,149000,1.3263888888888888,0,0,220,40,28,0,0,0,28,16,6,4.375,210.0,0.0,True,False
288,4 4 18,48,16.0,11,1.25,False,149500,1.3611111111111112,0,0,204,52,32,0,0,0,32,14,8,4.166666666666667,200.0,0.0,True,False
288,4 4 18,48,16.0,11,1.25,False,150000,1.4270833333333333,0,0,194,56,38,0,0,0,38,14,10,3.7708333333333335,181.0,0.0,True,False
288,4 4 18,48,16.0,11,1.25,False,150500,1.4201388888888888,0,0,206,60,22,0,0,0,22,13,34,3.8125,183.0,0.0,True,False
288,4 4 18,48,16.0,11,1.25,False,151000,1.3090277777777777,0,0,232,38,17,0,1,0,18,15,12,4.479166666666667,215.0,0.0,True,False
288,4 4 18,48,16.0,11,1.25,False,151500,1.3888888888888888,0,0,208,53,26,1,0,0,27,12,24,4.0,192.0,0.0,True,False
288,4 4 18,48,16.0,11,1.25,False,152000,1.4583333333333333,0,0,192,65,30,1,0,0,31,16,24,3.5833333333333335,172.0,0.0,True,False
288,4 4 18,48,16.0,11,1.25,False,152500,1.4097222222222223,0,0,204,57,26,1,0,0,27,13,24,3.875,186.0,0.0,True,False
288,4 4 18,48,16.0,11,1.25,False,153000,1.3958333333333333,0,0,200,60,28,0,0,0,28,15,30,3.9583333333333335,190.0,0.0,True,False
288,4 4 18,48,16.0,11,1.25,False,153500,1.2395833333333333,0,0,246,28,14,0,0,0,14,11,6,4.895833333333333,235.0,0.0,True,False
288,4 4 18,48,16.0,11,1.25,False,154000,1.3368055555555556,0,0,222,44,22,0,0,0,22,19,8,4.3125,207.0,0.0,True,False
288,4 4 18,48,16.0,11,1.25,False,154500,1.4652777777777777,0,0,206,49,32,1,0,0,33,14,10,3.5416666666666665,170.0,0.0,True,False
288,4 4 18,48,16.0,11,1.25,False,155000,1.3263888888888888,0,0,216,48,24,0,0,0,24,17,8,4.375,210.0,0.0,True,False
288,4 4 18,48,16.0,11,1.25,False,155500,1.3611111111111112,0,0,220,44,20,4,0,0,24,17,6,4.166666666666667,200.0,0.0,True,False
288,4 4 18,48,16.0,11,1.25,False,156000,1.2083333333333333,0,0,244,28,16,0,0,0,16,11,4,5.083333333333333,244.0,0.0,True,False
288,4 4 18,48,16.0,11,1.25,False,156500,1.3263888888888888,0,0,212,56,20,0,0,0,20,15,26,4.375,210.0,0.0,True,False
288,4 4 18,48,16.0,11,1.25,False,157000,1.2708333333333333,0,0,220,44,24,0,0,0,24,15,8,4.708333333333333,226.0,0.0,True,False
288,4 4 18,48,16.0,11,1.25,False,157500,1.3472222222222223,0,0,200,56,32,0,0,0,32,17,12,4.25,204.0,0.0,True,False
288,4 4 18,48,16.0,11,1.25,False,158000,1.1458333333333333,0,0,252,24,12,0,0,0,12,12,2,5.458333333333333,262.0,0.0,True,False
288,4 4 18,48,16.0,11,1.25,False,158500,1.1458333333333333,0,0,252,24,12,0,0,0,12,8,6,5.458333333333333,262.0,0.0,True,False
288,4 4 18,48,16.0,11,1.25,False,159000,1.3368055555555556,0,0,218,52,18,0,0,0,18,8,28,4.3125,207.0,0.0,True,False
288,4 4 18,48,16.0,11,1.25,False,159500,1.2291666666666667,0,0,236,40,12,0,0,0,12,11,16,4.958333333333333,238.0,0.0,True,False
288,4 4 18,48,16.0,11,1.25,False,160000,1.3055555555555556,0,0,216,52,20,0,0,0,20,12,12,4.5,216.0,0.0,True,False
288,4 4 18,48,16.0,11,1.25,False,160500,1.2222222222222223,0,0,232,36,20,0,0,0,20,15,8,5.0,240.0,0.0,True,False
288,4 4 18,48,16.0,11,1.25,False,161000,1.25,0,0,224,40,24,0,0,0,24,13,8,4.833333333333333,232.0,0.0,True,False
288,4 4 18,48,16.0,11,1.25,False,161500,1.1736111111111112,0,0,244,28,16,0,0,0,16,11,6,5.291666666666667,254.0,0.0,True,False
288,4 4 18,48,16.0,11,1.25,False,162000,1.2291666666666667,0,0,228,36,24,0,0,0,24,15,4,4.958333333333333,238.0,0.0,True,False
288,4 4 18,48,16.0,11,1.25,False,162500,1.3159722222222223,0,0,227,38,23,0,0,0,23,11,8,4.4375,213.0,0.0,True,False
288,4 4 18,48,16.0,11,1.25,False,163000,1.2708333333333333,0,0,220,44,24,0,0,0,24,16,8,4.708333333333333,226.0,0.0,True,False
288,4 4 18,48,16.0,11,1.25,False,163500,1.2708333333333333,0,0,220,44,24,0,0,0,24,17,8,4.708333333333333,226.0,0.0,True,False
288,4 4 18,48,16.0,11,1.25,False,164000,1.2986111111111112,0,0,212,48,28,0,0,0,28,13,10,4.541666666666667,218.0,0.0,True,False
288,4 4 18,48,16.0,11,1.25,False,164500,1.2291666666666667,0,0,228,36,24,0,0,0,24,13,10,4.958333333333333,238.0,0.0,True,False
288,4 4 18,48,16.0,11,1.25,False,165000,1.2465277777777777,0,0,230,32,26,0,0,0,26,11,10,4.854166666666667,233.0,0.0,True,False
288,4 4 18,48,16.0,11,1.25,False,165500,1.3576388888888888,0,0,210,44,34,0,0,0,34,13,10,4.1875,201.0,0.0,True,False
288,4 4 18,48,16.0,11,1.25,False,166000,1.2361111111111112,0,0,212,60,16,0,0,0,16,9,42,4.916666666666667,236.0,0.0,True,False
288,4 4 18,48,16.0,11,1.25,False,166500,1.25,0,0,212,64,12,0,0,0,12,8,50,4.833333333333333,232.0,0.0,True,False
288,4 4 18,48,16.0,11,1.25,False,167000,1.2430555555555556,0,0,224,48,16,0,0,0,16,12,26,4.875,234.0,0.0,True,False
288,4 4 18,48,16.0,11,1.25,False,167500,1.25,0,0,224,40,24,0,0,0,24,16,8,4.833333333333333,232.0,0.0,True,False
288,4 4 18,48,16.0,11,1.25,False,168000,1.25,0,0,224,40,24,0,0,0,24,14,12,4.833333333333333,232.0,0.0,True,False
288,4 4 18,48,16.0,11,1.25,False,168500,1.25,0,0,224,40,24,0,0,0,24,12,10,4.833333333333333,232.0,0.0,True,False
288,4 4 18,48,16.0,11,1.25,False,169000,1.2222222222222223,0,0,232,36,20,0,0,0,20,15,8,5.0,240.0,0.0,True,False
288,4 4 18,48,16.0,11,1.25,False,169500,1.1458333333333333,0,0,252,24,12,0,0,0,12,12,2,5.458333333333333,262.0,0.0,True,False
288,4 4 18,48,16.0,11,1.25,False,170000,1.2986111111111112,0,0,212,48,28,0,0,0,28,17,12,4.541666666666667,218.0,0.0,True,False
288,4 4 18,48,16.0,11,1.25,False,170500,1.25,0,0,224,40,24,0,0,0,24,11,10,4.833333333333333,232.0,0.0,True,False
288,4 4 18,48,16.0,11,1.25,False,171000,1.3611111111111112,0,0,204,52,32,0,0,0,32,17,8,4.166666666666667,200.0,0.0,True,False
288,4 4 18,48,16.0,11,1.25,False,171500,1.1458333333333333,0,0,252,24,12,0,0,0,12,11,4,5.458333333333333,262.0,0.0,True,False
288,4 4 18,48,16.0,11,1.25,False,172000,1.1736111111111112,0,0,244,28,16,0,0,0,16,8,10,5.291666666666667,254.0,0.0,True,False
288,4 4 18,48,16.0,11,1.25,False,172500,1.1944444444444444,0,0,240,32,16,0,0,0,16,16,2,5.166666666666667,248.0,0.0,True,False
288,4 4 18,48,16.0,11,1.25,False,173000,1.1736111111111112,0,0,244,28,16,0,0,0,16,13,4,5.291666666666667,254.0,0.0,True,False
288,4 4 18,48,16.0,11,1.25,False,173500,1.2673611111111112,0,0,226,36,26,0,0,0,26,13,8,4.729166666666667,227.0,0.0,True,False
288,4 4 18,48,16.0,11,1.25,False,174000,1.2708333333333333,0,0,220,44,24,0,0,0,24,18,8,4.708333333333333,226.0,0.0,True,False
288,4 4 18,48,16.0,11,1.25,False,174500,1.2847222222222223,0,0,212,44,32,0,0,0,32,11,18,4.625,222.0,0.0,True,False
288,4 4 18,48,16.0,11,1.25,False,175000,1.1458333333333333,0,0,252,24,12,0,0,0,12,11,4,5.458333333333333,262.0,0.0,True,False
288,4 4 18,48,16.0,11,1.25,False,175500,1.3611111111111112,0,0,196,68,24,0,0,0,24,13,34,4.166666666666667,200.0,0.0,True,False
288,4 4 18,48,16.0,11,1.25,False,176000,1.1736111111111112,0,0,244,28,16,0,0,0,16,13,4,5.291666666666667,254.0,0.0,True,False
288,4 4 18,48,16.0,11,1.25,False,176500,1.3472222222222223,0,0,208,60,20,0,0,0,20,16,16,4.25,204.0,0.0,True,False
288,4 4 18,48,16.0,11,1.25,False,177000,1.3333333333333333,0,0,208,56,24,0,0,0,24,17,16,4.333333333333333,208.0,0.0,True,False
288,4 4 18,48,16.0,11,1.25,False,177500,1.3194444444444444,0,0,208,52,28,0,0,0,28,18,14,4.416666666666667,212.0,0.0,True,False
288,4 4 18,48,16.0,11,1.25,False,178000,1.1944444444444444,0,0,240,32,16,0,0,0,16,15,4,5.166666666666667,248.0,0.0,True,False
288,4 4 18,48,16.0,11,1.25,False,178500,1.2222222222222223,0,0,232,36,20,0,0,0,20,16,4,5.0,240.0,0.0,True,False
288,4 4 18,48,16.0,11,1.25,False,179000,1.3055555555555556,0,0,216,52,20,0,0,0,20,15,16,4.5,216.0,0.0,True,False
288,4 4 18,48,16.0,11,1.25,False,179500,1.0972222222222223,0,0,264,16,8,0,0,0,8,8,2,5.75,276.0,0.0,True,False
288,4 4 18,48,16.0,11,1.25,False,180000,1.2777777777777777,0,0,216,44,28,0,0,0,28,10,18,4.666666666666667,224.0,0.0,True,False
288,4 4 18,48,16.0,11,1.25,False,180500,1.1736111111111112,0,0,244,28,16,0,0,0,16,11,8,5.291666666666667,254.0,0.0,True,False
288,4 4 18,48,16.0,11,1.25,False,181000,1.1944444444444444,0,0,240,32,16,0,0,0,16,15,4,5.166666666666667,248.0,0.0,True,False
288,4 4 18,48,16.0,11,1.25,False,181500,1.2604166666666667,0,0,243,30,15,0,0,0,15,13,8,4.770833333333333,229.0,0.0,True,False
288,4 4 18,48,16.0,11,1.25,False,182000,1.3055555555555556,0,0,237,32,17,2,0,0,19,12,11,4.5,216.0,0.0,True,False
288,4 4 18,48,16.0,11,1.25,False,182500,1.1458333333333333,0,0,252,24,12,0,0,0,12,12,2,5.458333333333333,262.0,0.0,True,False
288,4 4 18,48,16.0,11,1.25,False,183000,1.2673611111111112,0,0,238,32,18,0,0,0,18,14,8,4.729166666666667,227.0,0.0,True,False
288,4 4 18,48,16.0,11,1.25,False,183500,1.2847222222222223,0,0,220,48,20,0,0,0,20,10,18,4.625,222.0,0.0,True,False
288,4 4 18,48,16.0,11,1.25,False,184000,1.4131944444444444,0,0,203,55,29,1,0,0,30,13,23,3.8541666666666665,185.0,0.0,True,False
288,4 4 18,48,16.0,11,1.25,False,184500,1.3888888888888888,0,0,208,52,28,0,0,0,28,8,22,4.0,192.0,0.0,True,False
288,4 4 18,48,16.0,11,1.25,False,185000,1.4270833333333333,0,0,219,47,21,1,0,0,22,10,22,3.7708333333333335,181.0,0.0,True,False
288,4 4 18,48,16.0,11,1.25,False,185500,1.2847222222222223,0,0,248,32,8,0,0,0,8,6,20,4.625,222.0,0.0,True,False
288,4 4 18,48,16.0,11,1.25,False,186000,1.2986111111111112,0,0,244,28,12,4,0,0,16,12,4,4.541666666666667,218.0,0.0,True,False
288,4 4 18,48,16.0,11,1.25,False,186500,1.25,0,0,240,32,12,4,0,0,16,13,8,4.833333333333333,232.0,0.0,True,False
288,4 4 18,48,16.0,11,1.25,False,187000,1.3055555555555556,0,0,216,52,20,0,0,0,20,20,14,4.5,216.0,0.0,True,False
288,4 4 18,48,16.0,11,1.25,False,187500,1.1944444444444444,0,0,240,32,16,0,0,0,16,13,8,5.166666666666667,248.0,0.0,True,False
288,4 4 18,48,16.0,11,1.25,False,188000,1.2013888888888888,0,0,236,32,20,0,0,0,20,12,8,5.125,246.0,0.0,True,False
288,4 4 18,48,16.0,11,1.25,False,188500,1.3680555555555556,0,0,200,52,36,0,0,0,36,13,14,4.125,198.0,0.0,True,False
288,4 4 18,48,16.0,11,1.25,False,189000,1.2430555555555556,0,0,228,40,20,0,0,0,20,10,12,4.875,234.0,0.0,True,False
288,4 4 18,48,16.0,11,1.25,False,189500,1.4097222222222223,0,0,188,68,32,0,0,0,32,9,42,3.875,186.0,0.0,True,False
288,4 4 18,48,16.0,11,1.25,False,190000,1.2986111111111112,0,0,212,48,28,0,0,0,28,18,10,4.541666666666667,218.0,0.0,True,False
288,4 4 18,48,16.0,11,1.25,False,190500,1.2777777777777777,0,0,216,44,28,0,0,0,28,13,12,4.666666666666667,224.0,0.0,True,False
288,4 4 18,48,16.0,11,1.25,False,191000,1.2222222222222223,0,0,232,36,20,0,0,0,20,13,8,5.0,240.0,0.0,True,False
288,4 4 18,48,16.0,11,1.25,False,191500,1.2430555555555556,0,0,228,40,20,0,0,0,20,17,8,4.875,234.0,0.0,True,False
288,4 4 18,48,16.0,11,1.25,False,192000,1.1770833333333333,0,0,254,24,10,0,0,0,10,7,12,5.270833333333333,253.0,0.0,True,False
288,4 4 18,48,16.0,11,1.25,False,192500,1.375,0,0,216,52,20,0,0,0,20,15,20,4.083333333333333,196.0,0.0,True,False
288,4 4 18,48,16.0,11,1.25,False,193000,1.4236111111111112,0,0,208,52,28,0,0,0,28,14,20,3.7916666666666665,182.0,0.0,True,False
288,4 4 18,48,16.0,11,1.25,False,193500,1.2638888888888888,0,0,220,52,16,0,0,0,16,13,24,4.75,228.0,0.0,True,False
288,4 4 18,48,16.0,11,1.25,False,194000,1.3055555555555556,0,0,216,52,20,0,0,0,20,15,20,4.5,216.0,0.0,True,False
288,4 4 18,48,16.0,11,1.25,False,194500,1.3611111111111112,0,0,200,60,28,0,0,0,28,11,28,4.166666666666667,200.0,0.0,True,False
288,4 4 18,48,16.0,11,1.25,False,195000,1.25,0,0,224,40,24,0,0,0,24,14,8,4.833333333333333,232.0,0.0,True,False
288,4 4 18,48,16.0,11,1.25,False,195500,1.2986111111111112,0,0,212,48,28,0,0,0,28,16,8,4.541666666666667,218.0,0.0,True,False
288,4 4 18,48,16.0,11,1.25,False,196000,1.3333333333333333,0,0,224,44,20,0,0,0,20,14,12,4.333333333333333,208.0,0.0,True,False
288,4 4 18,48,16.0,11,1.25,False,196500,1.3472222222222223,0,0,212,52,24,0,0,0,24,8,24,4.25,204.0,0.0,True,False
288,4 4 18,48,16.0,11,1.25,False,197000,1.3541666666666667,0,0,204,60,24,0,0,0,24,18,12,4.208333333333333,202.0,0.0,True,False
288,4 4 18,48,16.0,11,1.25,False,197500,1.3611111111111112,0,0,204,52,32,0,0,0,32,17,14,4.166666666666667,200.0,0.0,True,False
288,4 4 18,48,16.0,11,1.25,False,198000,1.3541666666666667,0,0,208,52,28,0,0,0,28,22,10,4.208333333333333,202.0,0.0,True,False
288,4 4 18,48,16.0,11,1.25,False,198500,1.4340277777777777,0,0,214,49,24,1,0,0,25,14,17,3.7291666666666665,179.0,0.0,True,False
288,4 4 18,48,16.0,11,1.25,False,199000,1.5104166666666667,0,0,204,60,24,0,0,0,24,10,26,3.2708333333333335,157.0,0.0,True,False
288,4 4 18,48,16.0,11,1.25,False,199500,1.5173611111111112,0,0,216,48,24,0,0,0,24,10,16,3.2291666666666665,155.0,0.0,True,False
288,4 4 18,48,16.0,11,1.25,False,200000,1.3993055555555556,0,0,228,40,20,0,0,0,20,9,18,3.9375,189.0,0.0,True,False
288,4 4 18,48,16.0,11,1.25,False,200500,1.3680555555555556,0,0,220,53,14,1,0,0,15,12,31,4.125,198.0,0.0,True,False
288,4 4 18,48,16.0,11,1.25,False,201000,1.2673611111111112,0,0,234,40,14,0,0,0,14,10,22,4.729166666666667,227.0,0.0,True,False
288,4 4 18,48,16.0,11,1.25,False,201500,1.21875,0,0,246,32,10,0,0,0,10,7,20,5.020833333333333,241.0,0.0,True,False
288,4 4 18,48,16.0,11,1.25,False,202000,1.375,0,0,200,64,24,0,0,0,24,14,26,4.083333333333333,196.0,0.0,True,False
288,4 4 18,48,16.0,11,1.25,False,202500,1.25,0,0,224,40,24,0,0,0,24,16,6,4.833333333333333,232.0,0.0,True,False
288,4 4 18,48,16.0,11,1.25,False,203000,1.2777777777777777,0,0,244,29,14,1,0,0,15,13,6,4.666666666666667,224.0,0.0,True,False
288,4 4 18,48,16.0,11,1.25,False,203500,1.2881944444444444,0,0,236,33,18,1,0,0,19,12,10,4.604166666666667,221.0,0.0,True,False
288,4 4 18,48,16.0,11,1.25,False,204000,1.0972222222222223,0,0,264,16,8,0,0,0,8,8,2,5.75,276.0,0.0,True,False
288,4 4 18,48,16.0,11,1.25,False,204500,1.2847222222222223,0,0,240,32,12,4,0,0,16,14,4,4.625,222.0,0.0,True,False
288,4 4 18,48,16.0,11,1.25,False,205000,1.2291666666666667,0,0,244,28,12,4,0,0,16,10,8,4.958333333333333,238.0,0.0,True,False
288,4 4 18,48,16.0,11,1.25,False,205500,1.2847222222222223,0,0,236,40,8,4,0,0,12,11,18,4.625,222.0,0.0,True,False
288,4 4 18,48,16.0,11,1.25,False,206000,1.3263888888888888,0,0,233,34,21,0,0,0,21,10,8,4.375,210.0,0.0,True,False
288,4 4 18,48,16.0,11,1.25,False,206500,1.3229166666666667,0,2,230,38,18,0,0,0,18,11,12,4.395833333333333,211.0,0.0,True,False
288,4 4 18,48,16.0,11,1.25,False,207000,1.40625,0,1,206,53,28,0,0,0,28,10,14,3.8958333333333335,187.0,0.0,True,False
288,4 4 18,48,16.0,11,1.25,False,207500,1.2152777777777777,0,0,232,44,12,0,0,0,12,11,24,5.041666666666667,242.0,0.0,True,False
288,4 4 18,48,16.0,11,1.25,False,208000,1.25,0,0,224,40,24,0,0,0,24,16,10,4.833333333333333,232.0,0.0,True,False
288,4 4 18,48,16.0,11,1.25,False,208500,1.2777777777777777,0,0,216,44,28,0,0,0,28,16,10,4.666666666666667,224.0,0.0,True,False
288,4 4 18,48,16.0,11,1.25,False,209000,1.125,0,0,256,20,12,0,0,0,12,7,8,5.583333333333333,268.0,0.0,True,False
288,4 4 18,48,16.0,11,1.25,False,209500,1.2777777777777777,0,0,216,44,28,0,0,0,28,13,10,4.666666666666667,224.0,0.0,True,False
288,4 4 18,48,16.0,11,1.25,False,210000,1.2777777777777777,0,0,216,44,28,0,0,0,28,15,10,4.666666666666667,224.0,0.0,True,False
288,4 4 18,48,16.0,11,1.25,False,210500,1.3055555555555556,0,0,224,36,28,0,0,0,28,8,14,4.5,216.0,0.0,True,False
288,4 4 18,48,16.0,11,1.25,False,211000,1.3611111111111112,0,0,204,52,32,0,0,0,32,18,16,4.166666666666667,200.0,0.0,True,False
288,4 4 18,48,16.0,11,1.25,False,211500,1.3333333333333333,0,0,212,48,28,0,0,0,28,17,8,4.333333333333333,208.0,0.0,True,False
288,4 4 18,48,16.0,11,1.25,False,212000,1.2916666666666667,0,0,220,40,28,0,0,0,28,11,10,4.583333333333333,220.0,0.0,True,False
288,4 4 18,48,16.0,11,1.25,False,212500,1.0972222222222223,0,0,264,16,8,0,0,0,8,8,2,5.75,276.0,0.0,True,False
288,4 4 18,48,16.0,11,1.25,False,213000,1.25,0,0,224,40,24,0,0,0,24,16,8,4.833333333333333,232.0,0.0,True,False
288,4 4 18,48,16.0,11,1.25,False,213500,1.3055555555555556,0,0,216,52,20,0,0,0,20,11,18,4.5,216.0,0.0,True,False
288,4 4 18,48,16.0,11,1.25,False,214000,1.2986111111111112,0,0,228,36,24,0,0,0,24,15,6,4.541666666666667,218.0,0.0,True,False
288,4 4 18,48,16.0,11,1.25,False,214500,1.3090277777777777,0,0,216,48,24,0,0,0,24,13,18,4.479166666666667,215.0,0.0,True,False
288,4 4 18,48,16.0,11,1.25,False,215000,1.1458333333333333,0,0,252,24,12,0,0,0,12,12,2,5.458333333333333,262.0,0.0,True,False
288,4 4 18,48,16.0,11,1.25,False,215500,1.2013888888888888,0,0,236,32,20,0,0,0,20,12,8,5.125,246.0,0.0,True,False
288,4 4 18,48,16.0,11,1.25,False,216000,1.2847222222222223,0,0,224,40,24,0,0,0,24,15,4,4.625,222.0,0.0,True,False
288,4 4 18,48,16.0,11,1.25,False,216500,1.2777777777777777,0,0,224,48,16,0,0,0,16,16,16,4.666666666666667,224.0,0.0,True,False
288,4 4 18,48,16.0,11,1.25,False,217000,1.2222222222222223,0,0,232,36,20,0,0,0,20,11,8,5.0,240.0,0.0,True,False
288,4 4 18,48,16.0,11,1.25,False,217500,1.2916666666666667,0,0,216,48,24,0,0,0,24,16,6,4.583333333333333,220.0,0.0,True,False
288,4 4 18,48,16.0,11,1.25,False,218000,1.2013888888888888,0,0,236,32,20,0,0,0,20,10,8,5.125,246.0,0.0,True,False
288,4 4 18,48,16.0,11,1.25,False,218500,1.2083333333333333,0,0,240,36,12,0,0,0,12,8,16,5.083333333333333,244.0,0.0,True,False
288,4 4 18,48,16.0,11,1.25,False,219000,1.0972222222222223,0,0,264,16,8,0,0,0,8,5,8,5.75,276.0,0.0,True,False
288,4 4 18,48,16.0,11,1.25,False,219500,1.2777777777777777,0,0,228,40,20,0,0,0,20,17,8,4.666666666666667,224.0,0.0,True,False
288,4 4 18,48,16.0,11,1.25,False,220000,1.2222222222222223,0,0,232,36,20,0,0,0,20,14,8,5.0,240.0,0.0,True,False
288,4 4 18,48,16.0,11,1.25,False,220500,1.3923611111111112,0,0,208,50,28,2,0,0,30,15,10,3.9791666666666665,191.0,0.0,True,False
288,4 4 18,48,16.0,11,1.25,False,221000,1.3020833333333333,0,0,226,36,26,0,0,0,26,14,6,4.520833333333333,217.0,0.0,True,False
288,4 4 18,48,16.0,11,1.25,False,221500,1.2847222222222223,0,0,220,48,20,0,0,0,20,8,24,4.625,222.0,0.0,True,False
288,4 4 18,48,16.0,11,1.25,False,222000,1.25,0,0,224,40,24,0,0,0,24,13,12,4.833333333333333,232.0,0.0,True,False
288,4 4 18,48,16.0,11,1.25,False,222500,1.3194444444444444,0,0,208,52,28,0,0,0,28,25,4,4.416666666666667,212.0,0.0,True,False
288,4 4 18,48,16.0,11,1.25,False,223000,1.3333333333333333,0,0,212,48,28,0,0,0,28,17,8,4.333333333333333,208.0,0.0,True,False
288,4 4 18,48,16.0,11,1.25,False,223500,1.3159722222222223,0,0,214,44,30,0,0,0,30,11,10,4.4375,213.0,0.0,True,False
288,4 4 18,48,16.0,11,1.25,False,224000,1.3993055555555556,0,0,202,52,34,0,0,0,34,22,6,3.9375,189.0,0.0,True,False
288,4 4 18,48,16.0,11,1.25,False,224500,1.2569444444444444,0,0,220,40,28,0,0,0,28,13,14,4.791666666666667,230.0,0.0,True,False
288,4 4 18,48,16.0,11,1.25,False,225000,1.3506944444444444,0,0,214,44,30,0,0,0,30,15,10,4.229166666666667,203.0,0.0,True,False
288,4 4 18,48,16.0,11,1.25,False,225500,1.3645833333333333,0,0,222,32,34,0,0,0,34,12,8,4.145833333333333,199.0,0.0,True,False
288,4 4 18,48,16.0,11,1.25,False,226000,1.3541666666666667,0,0,220,48,20,0,0,0,20,10,14,4.208333333333333,202.0,0.0,True,False
288,4 4 18,48,16.0,11,1.25,False,226500,1.3506944444444444,0,0,210,52,26,0,0,0,26,9,14,4.229166666666667,203.0,0.0,True,False
288,4 4 18,48,16.0,11,1.25,False,227000,1.2013888888888888,0,0,236,32,20,0,0,0,20,12,10,5.125,246.0,0.0,True,False
288,4 4 18,48,16.0,11,1.25,False,227500,1.3194444444444444,0,0,224,44,16,4,0,0,20,22,2,4.416666666666667,212.0,0.0,True,False
288,4 4 18,48,16.0,11,1.25,False,228000,1.2222222222222223,0,0,232,36,20,0,0,0,20,12,10,5.0,240.0,0.0,True,False
288,4 4 18,48,16.0,11,1.25,False,228500,1.2291666666666667,0,0,240,32,16,0,0,0,16,16,2,4.958333333333333,238.0,0.0,True,False
288,4 4 18,48,16.0,11,1.25,False,229000,1.2708333333333333,0,0,236,36,12,4,0,0,16,15,8,4.708333333333333,226.0,0.0,True,False
288,4 4 18,48,16.0,11,1.25,False,229500,1.3125,0,0,232,40,12,0,4,0,16,11,12,4.458333333333333,214.0,0.0,True,False
288,4 4 18,48,16.0,11,1.25,False,230000,1.1631944444444444,0,0,267,15,5,1,0,0,6,3,12,5.354166666666667,257.0,0.0,True,False
288,4 4 18,48,16.0,11,1.25,False,230500,1.2118055555555556,0,0,254,24,10,0,0,0,10,11,6,5.0625,243.0,0.0,True,False
288,4 4 18,48,16.0,11,1.25,False,231000,1.3611111111111112,0,0,221,38,29,0,0,0,29,9,12,4.166666666666667,200.0,0.0,True,False
288,4 4 18,48,16.0,11,1.25,False,231500,1.4131944444444444,0,0,206,52,26,4,0,0,30,14,20,3.8541666666666665,185.0,0.0,True,False
288,4 4 18,48,16.0,11,1.25,False,232000,1.2083333333333333,0,0,244,28,16,0,0,0,16,9,6,5.083333333333333,244.0,0.0,True,False
288,4 4 18,48,16.0,11,1.25,False,232500,1.3263888888888888,0,0,220,44,20,4,0,0,24,17,10,4.375,210.0,0.0,True,False
288,4 4 18,48,16.0,11,1.25,False,233000,1.2951388888888888,0,0,230,36,22,0,0,0,22,15,5,4.5625,219.0,0.0,True,False
288,4 4 18,48,16.0,11,1.25,False,233500,1.2986111111111112,0,0,220,52,16,0,0,0,16,11,30,4.541666666666667,218.0,0.0,True,False
288,4 4 18,48,16.0,11,1.25,False,234000,1.3506944444444444,0,0,210,52,26,0,0,0,26,13,16,4.229166666666667,203.0,0.0,True,False
288,4 4 18,48,16.0,11,1.25,False,234500,1.3298611111111112,0,0,214,48,26,0,0,0,26,11,16,4.354166666666667,209.0,0.0,True,False
288,4 4 18,48,16.0,11,1.25,False,235000,1.2916666666666667,0,0,224,52,12,0,0,0,12,8,18,4.583333333333333,220.0,0.0,True,False
288,4 4 18,48,16.0,11,1.25,False,235500,1.2708333333333333,0,0,220,44,24,0,0,0,24,19,4,4.708333333333333,226.0,0.0,True,False
288,4 4 18,48,16.0,11,1.25,False,236000,1.28125,0,0,226,40,22,0,0,0,22,13,12,4.645833333333333,223.0,0.0,True,False
288,4 4 18,48,16.0,11,1.25,False,236500,1.1458333333333333,0,0,252,24,12,0,0,0,12,12,2,5.458333333333333,262.0,0.0,True,False
288,4 4 18,48,16.0,11,1.25,False,237000,1.3263888888888888,0,0,232,36,20,0,0,0,20,12,8,4.375,210.0,0.0,True,False
288,4 4 18,48,16.0,11,1.25,False,237500,1.4618055555555556,0,0,223,41,22,1,1,0,24,18,4,3.5625,171.0,0.0,True,False
288,4 4 18,48,16.0,11,1.25,False,238000,1.2743055555555556,0,0,250,20,18,0,0,0,18,8,6,4.6875,225.0,0.0,True,False
288,4 4 18,48,16.0,11,1.25,False,238500,1.1944444444444444,0,0,240,32,16,0,0,0,16,12,8,5.166666666666667,248.0,0.0,True,False
288,4 4 18,48,16.0,11,1.25,False,239000,1.2777777777777777,0,0,228,40,20,0,0,0,20,16,6,4.666666666666667,224.0,0.0,True,False
288,4 4 18,48,16.0,11,1.25,False,239500,1.0972222222222223,0,0,264,16,8,0,0,0,8,8,2,5.75,276.0,0.0,True,False
288,4 4 18,48,16.0,11,1.25,False,240000,1.2708333333333333,0,0,220,44,24,0,0,0,24,19,4,4.708333333333333,226.0,0.0,True,False
288,4 4 18,48,16.0,11,1.25,False,240500,1.3506944444444444,0,0,218,36,34,0,0,0,34,13,8,4.229166666666667,203.0,0.0,True,False
288,4 4 18,48,16.0,11,1.25,False,241000,1.3645833333333333,0,0,208,60,20,0,0,0,20,12,16,4.145833333333333,199.0,0.0,True,False
288,4 4 18,48,16.0,11,1.25,False,241500,1.3333333333333333,0,0,228,40,16,4,0,0,20,17,4,4.333333333333333,208.0,0.0,True,False
288,4 4 18,48,16.0,11,1.25,False,242000,1.1736111111111112,0,0,244,28,16,0,0,0,16,11,8,5.291666666666667,254.0,0.0,True,False
288,4 4 18,48,16.0,11,1.25,False,242500,1.3090277777777777,0,0,230,40,18,0,0,0,18,15,13,4.479166666666667,215.0,0.0,True,False
288,4 4 18,48,16.0,11,1.25,False,243000,1.2708333333333333,0,0,220,44,24,0,0,0,24,17,10,4.708333333333333,226.0,0.0,True,False
288,4 4 18,48,16.0,11,1.25,False,243500,1.2256944444444444,0,0,242,32,14,0,0,0,14,8,16,4.979166666666667,239.0,0.0,True,False
288,4 4 18,48,16.0,11,1.25,False,244000,1.3055555555555556,0,0,224,36,28,0,0,0,28,9,10,4.5,216.0,0.0,True,False
288,4 4 18,48,16.0,11,1.25,False,244500,1.3055555555555556,0,0,224,36,28,0,0,0,28,11,8,4.5,216.0,0.0,True,False
288,4 4 18,48,16.0,11,1.25,False,245000,1.2569444444444444,0,0,232,36,20,0,0,0,20,10,10,4.791666666666667,230.0,0.0,True,False
288,4 4 18,48,16.0,11,1.25,False,245500,1.2083333333333333,0,0,244,28,16,0,0,0,16,9,10,5.083333333333333,244.0,0.0,True,False
288,4 4 18,48,16.0,11,1.25,False,246000,1.3125,0,0,208,60,20,0,0,0,20,16,26,4.458333333333333,214.0,0.0,True,False
288,4 4 18,48,16.0,11,1.25,False,246500,1.3472222222222223,0,0,228,40,20,0,0,0,20,15,8,4.25,204.0,0.0,True,False
288,4 4 18,48,16.0,11,1.25,False,247000,1.3819444444444444,0,0,232,32,24,0,0,0,24,15,4,4.041666666666667,194.0,0.0,True,False
288,4 4 18,48,16.0,11,1.25,False,247500,1.4305555555555556,0,0,224,32,32,0,0,0,32,12,6,3.75,180.0,0.0,True,False
288,4 4 18,48,16.0,11,1.25,False,248000,1.3715277777777777,0,0,227,35,25,1,0,0,26,16,5,4.104166666666667,197.0,0.0,True,False
288,4 4 18,48,16.0,11,1.25,False,248500,1.2777777777777777,0,0,244,28,16,0,0,0,16,11,8,4.666666666666667,224.0,0.0,True,False
288,4 4 18,48,16.0,11,1.25,False,249000,1.25,0,0,224,40,24,0,0,0,24,12,10,4.833333333333333,232.0,0.0,True,False
288,4 4 18,48,16.0,11,1.25,False,249500,1.2222222222222223,0,0,232,36,20,0,0,0,20,13,8,5.0,240.0,0.0,True,False
288,4 4 18,48,16.0,11,1.25,False,250000,1.1458333333333333,0,0,252,24,12,0,0,0,12,12,2,5.458333333333333,262.0,0.0,True,False
288,4 4 18,48,16.0,11,1.25,False,250500,1.2013888888888888,0,0,236,32,20,0,0,0,20,7,14,5.125,246.0,0.0,True,False
288,4 4 18,48,16.0,11,1.25,False,251000,1.2847222222222223,0,0,228,32,28,0,0,0,28,12,10,4.625,222.0,0.0,True,False
288,4 4 18,48,16.0,11,1.25,False,251500,1.375,0,0,220,44,24,0,0,0,24,15,8,4.083333333333333,196.0,0.0,True,False
288,4 4 18,48,16.0,11,1.25,False,252000,1.3854166666666667,0,2,219,48,19,0,0,0,19,9,18,4.020833333333333,193.0,0.0,True,False
288,4 4 18,48,16.0,11,1.25,False,252500,1.3472222222222223,0,0,217,46,21,4,0,0,25,17,8,4.25,204.0,0.0,True,False
288,4 4 18,48,16.0,11,1.25,False,253000,1.2986111111111112,0,0,228,40,16,4,0,0,20,16,8,4.541666666666667,218.0,0.0,True,False
288,4 4 18,48,16.0,11,1.25,False,253500,1.3784722222222223,0,0,218,44,26,0,0,0,26,20,6,4.0625,195.0,0.0,True,False
288,4 4 18,48,16.0,11,1.25,False,254000,1.2430555555555556,0,0,228,40,20,0,0,0,20,18,4,4.875,234.0,0.0,True,False
288,4 4 18,48,16.0,11,1.25,False,254500,1.1458333333333333,0,0,252,24,12,0,0,0,12,12,2,5.458333333333333,262.0,0.0,True,False
288,4 4 18,48,16.0,11,1.25,False,255000,1.2430555555555556,0,0,228,40,20,0,0,0,20,18,4,4.875,234.0,0.0,True,False
288,4 4 18,48,16.0,11,1.25,False,255500,1.2986111111111112,0,0,212,48,28,0,0,0,28,13,14,4.541666666666667,218.0,0.0,True,False
288,4 4 18,48,16.0,11,1.25,False,256000,1.2222222222222223,0,0,232,36,20,0,0,0,20,17,4,5.0,240.0,0.0,True,False
288,4 4 18,48,16.0,11,1.25,False,256500,1.2569444444444444,0,0,228,44,16,0,0,0,16,17,12,4.791666666666667,230.0,0.0,True,False
288,4 4 18,48,16.0,11,1.25,False,257000,1.2916666666666667,0,0,228,44,16,0,0,0,16,10,18,4.583333333333333,220.0,0.0,True,False
288,4 4 18,48,16.0,11,1.25,False,257500,1.2986111111111112,0,0,212,48,28,0,0,0,28,15,10,4.541666666666667,218.0,0.0,True,False
288,4 4 18,48,16.0,11,1.25,False,258000,1.3055555555555556,0,0,208,48,32,0,0,0,32,14,10,4.5,216.0,0.0,True,False
288,4 4 18,48,16.0,11,1.25,False,258500,1.3055555555555556,0,0,220,44,24,0,0,0,24,19,4,4.5,216.0,0.0,True,False
288,4 4 18,48,16.0,11,1.25,False,259000,1.2013888888888888,0,0,236,32,20,0,0,0,20,10,8,5.125,246.0,0.0,True,False
288,4 4 18,48,16.0,11,1.25,False,259500,1.3333333333333333,0,0,216,60,12,0,0,0,12,10,26,4.333333333333333,208.0,0.0,True,False
288,4 4 18,48,16.0,11,1.25,False,260000,1.3263888888888888,0,0,220,40,28,0,0,0,28,16,6,4.375,210.0,0.0,True,False
288,4 4 18,48,16.0,11,1.25,False,260500,1.3159722222222223,0,0,204,64,20,0,0,0,20,13,40,4.4375,213.0,0.0,True,False
288,4 4 18,48,16.0,11,1.25,False,261000,1.3125,0,0,188,80,20,0,0,0,20,14,52,4.458333333333333,214.0,0.0,True,False
288,4 4 18,48,16.0,11,1.25,False,261500,1.3576388888888888,0,0,200,64,24,0,0,0,24,13,28,4.1875,201.0,0.0,True,False
288,4 4 18,48,16.0,11,1.25,False,262000,1.3472222222222223,0,0,212,52,24,0,0,0,24,13,22,4.25,204.0,0.0,True,False
288,4 4 18,48,16.0,11,1.25,False,262500,1.3472222222222223,0,0,212,52,24,0,0,0,24,12,22,4.25,204.0,0.0,True,False
288,4 4 18,48,16.0,11,1.25,False,263000,1.2430555555555556,0,0,228,40,20,0,0,0,20,17,8,4.875,234.0,0.0,True,False
288,4 4 18,48,16.0,11,1.25,False,263500,1.4444444444444444,0,0,182,80,26,0,0,0,26,13,28,3.6666666666666665,176.0,0.0,True,False
288,4 4 18,48,16.0,11,1.25,False,264000,1.2986111111111112,0,0,216,60,12,0,0,0,12,10,28,4.541666666666667,218.0,0.0,True,False
288,4 4 18,48,16.0,11,1.25,False,264500,1.3506944444444444,0,0,202,68,18,0,0,0,18,6,32,4.229166666666667,203.0,0.0,True,False
288,4 4 18,48,16.0,11,1.25,False,265000,1.3715277777777777,0,0,219,51,17,1,0,0,18,16,16,4.104166666666667,197.0,0.0,True,False
288,4 4 18,48,16.0,11,1.25,False,265500,1.3298611111111112,0,0,218,40,30,0,0,0,30,13,8,4.354166666666667,209.0,0.0,True,False
288,4 4 18,48,16.0,11,1.25,False,266000,1.4305555555555556,0,0,200,61,26,1,0,0,27,18,22,3.75,180.0,0.0,True,False
288,4 4 18,48,16.0,11,1.25,False,266500,1.3923611111111112,0,0,208,50,29,0,1,0,30,13,18,3.9791666666666665,191.0,0.0,True,False
288,4 4 18,48,16.0,11,1.25,False,267000,1.3055555555555556,0,0,240,28,16,4,0,0,20,11,8,4.5,216.0,0.0,True,False
288,4 4 18,48,16.0,11,1.25,False,267500,1.3055555555555556,0,0,240,28,16,4,0,0,20,12,4,4.5,216.0,0.0,True,False
288,4 4 18,48,16.0,11,1.25,False,268000,1.2986111111111112,0,0,240,32,16,0,0,0,16,11,8,4.541666666666667,218.0,0.0,True,False
288,4 4 18,48,16.0,11,1.25,False,268500,1.4895833333333333,0,0,214,45,28,1,0,0,29,15,10,3.3958333333333335,163.0,0.0,True,False
288,4 4 18,48,16.0,11,1.25,False,269000,1.3576388888888888,0,0,228,48,12,0,0,0,12,10,30,4.1875,201.0,0.0,True,False
288,4 4 18,48,16.0,11,1.25,False,269500,1.3819444444444444,0,0,220,40,24,4,0,0,28,14,8,4.041666666666667,194.0,0.0,True,False
288,4 4 18,48,16.0,11,1.25,False,270000,1.4861111111111112,0,0,204,56,24,1,2,1,28,12,23,3.4166666666666665,164.0,0.0,True,False
288,4 4 18,48,16.0,11,1.25,False,270500,1.3680555555555556,0,0,246,30,8,0,2,2,12,11,8,4.125,198.0,0.0,True,False
288,4 4 18,48,16.0,11,1.25,False,271000,1.4583333333333333,0,0,213,50,21,0,4,0,25,11,30,3.5833333333333335,172.0,0.0,True,False
288,4 4 18,48,16.0,11,1.25,False,271500,1.5173611111111112,0,1,220,41,23,2,1,0,26,17,5,3.2291666666666665,155.0,0.0,True,False
288,4 4 18,48,16.0,11,1.25,False,272000,1.34375,0,0,218,44,26,0,0,0,26,11,18,4.270833333333333,205.0,0.0,True,False
288,4 4 18,48,16.0,11,1.25,False,272500,1.2708333333333333,0,0,220,44,24,0,0,0,24,18,6,4.708333333333333,226.0,0.0,True,False
288,4 4 18,48,16.0,11,1.25,False,273000,1.3923611111111112,0,0,215,55,17,1,0,0,18,16,16,3.9791666666666665,191.0,0.0,True,False
288,4 4 18,48,16.0,11,1.25,False,273500,1.3854166666666667,0,0,211,51,25,1,0,0,26,15,18,4.020833333333333,193.0,0.0,True,False
288,4 4 18,48,16.0,11,1.25,False,274000,1.2118055555555556,0,0,254,24,10,0,0,0,10,8,8,5.0625,243.0,0.0,True,False
288,4 4 18,48,16.0,11,1.25,False,274500,1.4652777777777777,0,1,213,51,23,0,0,0,23,12,20,3.5416666666666665,170.0,0.0,True,False
288,4 4 18,48,16.0,11,1.25,False,275000,1.3125,0,0,232,36,16,4,0,0,20,15,6,4.458333333333333,214.0,0.0,True,False
288,4 4 18,48,16.0,11,1.25,False,275500,1.3194444444444444,0,0,224,44,16,4,0,0,20,14,8,4.416666666666667,212.0,0.0,True,False
288,4 4 18,48,16.0,11,1.25,False,276000,1.3680555555555556,0,0,216,45,23,3,1,0,27,10,12,4.125,198.0,0.0,True,False
288,4 4 18,48,16.0,11,1.25,False,276500,1.3402777777777777,0,0,224,41,19,3,1,0,23,12,12,4.291666666666667,206.0,0.0,True,False
288,4 4 18,48,16.0,11,1.25,False,277000,1.3472222222222223,0,0,216,48,20,4,0,0,24,17,8,4.25,204.0,0.0,True,False
288,4 4 18,48,16.0,11,1.25,False,277500,1.3472222222222223,0,0,216,48,20,4,0,0,24,18,12,4.25,204.0,0.0,True,False
288,4 4 18,48,16.0,11,1.25,False,278000,1.4305555555555556,0,0,206,49,32,1,0,0,33,9,12,3.75,180.0,0.0,True,False
288,4 4 18,48,16.0,11,1.25,False,278500,1.4305555555555556,0,0,206,49,32,1,0,0,33,14,12,3.75,180.0,0.0,True,False
288,4 4 18,48,16.0,11,1.25,False,279000,1.4965277777777777,0,0,194,57,36,1,0,0,37,13,12,3.3541666666666665,161.0,0.0,True,False
288,4 4 18,48,16.0,11,1.25,False,279500,1.3229166666666667,0,0,238,29,20,1,0,0,21,12,6,4.395833333333333,211.0,0.0,True,False
288,4 4 18,48,16.0,11,1.25,False,280000,1.4409722222222223,0,0,225,40,21,2,0,0,23,15,10,3.6875,177.0,0.0,True,False
288,4 4 18,48,16.0,11,1.25,False,280500,1.4097222222222223,0,0,253,25,6,2,1,1,10,11,9,3.875,186.0,0.0,True,False
288,4 4 18,48,16.0,11,1.25,False,281000,1.4722222222222223,0,1,237,35,15,0,0,0,15,14,12,3.5,168.0,0.0,True,False
288,4 4 18,48,16.0,11,1.25,False,281500,1.4479166666666667,0,1,227,43,17,0,0,0,17,8,16,3.6458333333333335,175.0,0.0,True,False
288,4 4 18,48,16.0,11,1.25,False,282000,1.46875,0,0,211,58,15,4,0,0,19,17,16,3.5208333333333335,169.0,0.0,True,False
288,4 4 18,48,16.0,11,1.25,False,282500,1.5381944444444444,0,0,188,64,32,4,0,0,36,13,12,3.1041666666666665,149.0,0.0,True,False
288,4 4 18,48,16.0,11,1.25,False,283000,1.5347222222222223,0,0,194,57,33,3,1,0,37,14,18,3.125,150.0,0.0,True,False
288,4 4 18,48,16.0,11,1.25,False,283500,1.5451388888888888,0,0,204,60,24,0,0,0,24,17,18,3.0625,147.0,0.0,True,False
288,4 4 18,48,16.0,11,1.25,False,284000,1.5451388888888888,0,1,223,41,21,2,0,0,23,14,14,3.0625,147.0,0.0,True,False
288,4 4 18,48,16.0,11,1.25,False,284500,1.6423611111111112,0,0,213,52,21,2,0,0,23,8,22,2.4791666666666665,119.0,0.0,True,False
288,4 4 18,48,16.0,11,1.25,False,285000,1.4895833333333333,0,0,220,54,12,2,0,0,14,7,22,3.3958333333333335,163.0,0.0,True,False
288,4 4 18,48,16.0,11,1.25,False,285500,1.3645833333333333,0,1,223,48,15,1,0,0,16,12,26,4.145833333333333,199.0,0.0,True,False
288,4 4 18,48,16.0,11,1.25,False,286000,1.5069444444444444,0,0,215,44,27,2,0,0,29,15,14,3.2916666666666665,158.0,0.0,True,False
288,4 4 18,48,16.0,11,1.25,False,286500,1.4236111111111112,0,0,223,43,21,1,0,0,22,12,14,3.7916666666666665,182.0,0.0,True,False
288,4 4 18,48,16.0,11,1.25,False,287000,1.5173611111111112,0,0,200,61,26,1,0,0,27,14,31,3.2291666666666665,155.0,0.0,True,False
288,4 4 18,48,16.0,11,1.25,False,287500,1.3854166666666667,0,0,221,51,15,1,0,0,16,10,31,4.020833333333333,193.0,0.0,True,False
288,4 4 18,48,16.0,11,1.25,False,288000,1.3854166666666667,0,0,221,51,15,1,0,0,16,11,29,4.020833333333333,193.0,0.0,True,False
288,4 4 18,48,16.0,11,1.25,False,288500,1.3090277777777777,0,0,232,37,18,1,0,0,19,16,7,4.479166666666667,215.0,0.0,True,False
288,4 4 18,48,16.0,11,1.25,False,289000,1.3784722222222223,0,0,219,44,23,2,0,0,25,14,16,4.0625,195.0,0.0,True,False
288,4 4 18,48,16.0,11,1.25,False,289500,1.34375,0,0,214,52,22,0,0,0,22,13,26,4.270833333333333,205.0,0.0,True,False
288,4 4 18,48,16.0,11,1.25,False,290000,1.3055555555555556,0,0,216,52,20,0,0,0,20,10,16,4.5,216.0,0.0,True,False
288,4 4 18,48,16.0,11,1.25,False,290500,1.25,0,0,224,40,24,0,0,0,24,14,8,4.833333333333333,232.0,0.0,True,False
288,4 4 18,48,16.0,11,1.25,False,291000,1.2222222222222223,0,0,232,36,20,0,0,0,20,12,8,5.0,240.0,0.0,True,False
288,4 4 18,48,16.0,11,1.25,False,291500,1.1944444444444444,0,0,240,32,16,0,0,0,16,16,2,5.166666666666667,248.0,0.0,True,False
288,4 4 18,48,16.0,11,1.25,False,292000,1.4027777777777777,0,0,192,68,28,0,0,0,28,16,18,3.9166666666666665,188.0,0.0,True,False
288,4 4 18,48,16.0,11,1.25,False,292500,1.3888888888888888,0,0,208,52,28,0,0,0,28,18,16,4.0,192.0,0.0,True,False
288,4 4 18,48,16.0,11,1.25,False,293000,1.3229166666666667,0,0,230,44,14,0,0,0,14,11,18,4.395833333333333,211.0,0.0,True,False
288,4 4 18,48,16.0,11,1.25,False,293500,1.4791666666666667,0,0,220,46,20,2,0,0,22,13,14,3.4583333333333335,166.0,0.0,True,False
288,4 4 18,48,16.0,11,1.25,False,294000,1.5173611111111112,0,0,204,54,28,2,0,0,30,21,8,3.2291666666666665,155.0,0.0,True,False
288,4 4 18,48,16.0,11,1.25,False,294500,1.4826388888888888,0,0,207,54,22,4,0,1,27,23,8,3.4375,165.0,0.0,True,False
288,4 4 18,48,16.0,11,1.25,False,295000,1.3819444444444444,0,0,249,27,6,4,1,1,12,12,7,4.041666666666667,194.0,0.0,True,False
288,4 4 18,48,16.0,11,1.25,False,295500,1.4027777777777777,0,0,218,44,18,8,0,0,26,12,18,3.9166666666666665,188.0,0.0,True,False
288,4 4 18,48,16.0,11,1.25,False,296000,1.3854166666666667,0,0,227,43,13,5,0,0,18,19,9,4.020833333333333,193.0,0.0,True,False
288,4 4 18,48,16.0,11,1.25,False,296500,1.2118055555555556,0,0,254,24,10,0,0,0,10,11,6,5.0625,243.0,0.0,True,False
288,4 4 18,48,16.0,11,1.25,False,297000,1.3090277777777777,0,0,232,37,18,1,0,0,19,15,10,4.479166666666667,215.0,0.0,True,False
288,4 4 18,48,16.0,11,1.25,False,297500,1.46875,0,0,215,49,21,3,0,0,24,20,12,3.5208333333333335,169.0,0.0,True,False
288,4 4 18,48,16.0,11,1.25,False,298000,1.3125,0,0,229,38,21,0,0,0,21,16,5,4.458333333333333,214.0,0.0,True,False
288,4 4 18,48,16.0,11,1.25,False,298500,1.3368055555555556,0,0,239,35,9,5,0,0,14,15,9,4.3125,207.0,0.0,True,False
288,4 4 18,48,16.0,11,1.25,False,299000,1.3993055555555556,0,2,228,38,16,4,0,0,20,15,8,3.9375,189.0,0.0,True,False
288,4 4 18,48,16.0,11,1.25,False,299500,1.3645833333333333,0,1,238,41,4,4,0,0,8,10,16,4.145833333333333,199.0,0.0,True,False
288,4 4 18,48,16.0,11,1.25,False,300000,1.5243055555555556,0,2,222,42,22,0,0,0,22,8,10,3.1875,153.0,0.0,True,True
