N,dims,C,spark,replica,lam,local_heat,sweep,h_per_vertex,d0,d1,d2,d3,d4,d5,d6,d7,melted,pieces_flat,largest_flat,bath_T,total,drift,left,final
768,4 4 4 12,384,120.0,0,1.25,False,0,3.0,0,768,0,0,0,0,0,0,0,0,0,0.3125,120.0,0.0,False,False
768,4 4 4 12,384,120.0,0,1.25,False,250,3.1145833333333335,0,680,76,0,0,0,0,12,12,0,0,0.08333333333333333,32.0,0.0,True,False
768,4 4 4 12,384,120.0,0,1.25,False,500,3.1145833333333335,0,682,72,2,0,0,0,12,12,2,1,0.08333333333333333,32.0,0.0,True,False
768,4 4 4 12,384,120.0,0,1.25,False,750,3.1145833333333335,0,682,72,2,0,0,0,12,12,2,1,0.08333333333333333,32.0,0.0,True,False
768,4 4 4 12,384,120.0,0,1.25,False,1000,3.1145833333333335,0,704,56,0,0,0,0,8,8,0,0,0.08333333333333333,32.0,0.0,True,False
768,4 4 4 12,384,120.0,0,1.25,False,1250,3.1145833333333335,0,704,56,0,0,0,0,8,8,0,0,0.08333333333333333,32.0,0.0,True,False
768,4 4 4 12,384,120.0,0,1.25,False,1500,3.1145833333333335,0,656,96,0,0,0,0,16,16,0,0,0.08333333333333333,32.0,0.0,True,False
768,4 4 4 12,384,120.0,0,1.25,False,1750,3.1145833333333335,0,704,56,0,0,0,0,8,8,0,0,0.08333333333333333,32.0,0.0,True,False
768,4 4 4 12,384,120.0,0,1.25,False,2000,3.1145833333333335,0,656,96,0,0,0,0,16,16,0,0,0.08333333333333333,32.0,0.0,True,False
768,4 4 4 12,384,120.0,0,1.25,False,2250,3.1145833333333335,0,656,96,0,0,0,0,16,16,0,0,0.08333333333333333,32.0,0.0,True,False
768,4 4 4 12,384,120.0,0,1.25,False,2500,3.1145833333333335,0,656,96,0,0,0,4,12,16,0,0,0.08333333333333333,32.0,0.0,True,False
768,4 4 4 12,384,120.0,0,1.25,False,2750,3.1145833333333335,0,656,96,0,0,0,4,12,16,0,0,0.08333333333333333,32.0,0.0,True,False
768,4 4 4 12,384,120.0,0,1.25,False,3000,3.1145833333333335,0,656,96,0,0,0,4,12,16,0,0,0.08333333333333333,32.0,0.0,True,False
768,4 4 4 12,384,120.0,0,1.25,False,3250,3.1145833333333335,0,656,96,0,0,0,4,12,16,0,0,0.08333333333333333,32.0,0.0,True,False
768,4 4 4 12,384,120.0,0,1.25,False,3500,3.12890625,0,642,108,0,0,0,4,14,18,0,0,0.0546875,21.0,0.0,True,False
768,4 4 4 12,384,120.0,0,1.25,False,3750,3.12890625,0,642,108,0,0,0,4,14,18,0,0,0.0546875,21.0,0.0,True,False
768,4 4 4 12,384,120.0,0,1.25,False,4000,3.12890625,0,618,128,0,0,0,8,14,22,0,0,0.0546875,21.0,0.0,True,False
768,4 4 4 12,384,120.0,0,1.25,False,4250,3.12890625,0,618,128,0,0,0,8,14,22,0,0,0.0546875,21.0,0.0,True,False
768,4 4 4 12,384,120.0,0,1.25,False,4500,3.12890625,0,618,128,0,0,0,8,14,22,0,0,0.0546875,21.0,0.0,True,False
768,4 4 4 12,384,120.0,0,1.25,False,4750,3.12890625,0,642,108,0,0,0,4,14,18,0,0,0.0546875,21.0,0.0,True,False
768,4 4 4 12,384,120.0,0,1.25,False,5000,3.12890625,0,644,104,2,0,0,4,14,18,2,1,0.0546875,21.0,0.0,True,False
768,4 4 4 12,384,120.0,0,1.25,False,5250,3.12890625,0,644,104,2,0,0,4,14,18,2,1,0.0546875,21.0,0.0,True,False
768,4 4 4 12,384,120.0,0,1.25,False,5500,3.12890625,0,644,104,2,0,0,4,14,18,2,1,0.0546875,21.0,0.0,True,False
768,4 4 4 12,384,120.0,0,1.25,False,5750,3.12890625,0,644,104,2,0,0,4,14,18,2,1,0.0546875,21.0,0.0,True,False
768,4 4 4 12,384,120.0,0,1.25,False,6000,3.12890625,0,631,116,1,0,0,4,16,20,1,1,0.0546875,21.0,0.0,True,False
768,4 4 4 12,384,120.0,0,1.25,False,6250,3.125,0,641,102,5,0,0,8,12,20,3,2,0.0625,24.0,0.0,True,False
768,4 4 4 12,384,120.0,0,1.25,False,6500,3.125,0,641,102,5,0,0,8,12,20,3,2,0.0625,24.0,0.0,True,False
768,4 4 4 12,384,120.0,0,1.25,False,6750,3.125,0,641,102,5,0,0,8,12,20,3,2,0.0625,24.0,0.0,True,False
768,4 4 4 12,384,120.0,0,1.25,False,7000,3.125,0,641,102,5,0,0,8,12,20,3,2,0.0625,24.0,0.0,True,False
768,4 4 4 12,384,120.0,0,1.25,False,7250,3.125,0,641,102,5,0,0,8,12,20,3,2,0.0625,24.0,0.0,True,False
768,4 4 4 12,384,120.0,0,1.25,False,7500,3.125,0,641,102,5,0,0,8,12,20,3,2,0.0625,24.0,0.0,True,False
768,4 4 4 12,384,120.0,0,1.25,False,7750,3.125,0,641,102,5,0,0,8,12,20,3,2,0.0625,24.0,0.0,True,False
768,4 4 4 12,384,120.0,0,1.25,False,8000,3.125,0,665,82,5,0,0,4,12,16,3,2,0.0625,24.0,0.0,True,False
768,4 4 4 12,384,120.0,0,1.25,False,8250,3.125,0,665,82,5,0,0,4,12,16,3,2,0.0625,24.0,0.0,True,False
768,4 4 4 12,384,120.0,0,1.25,False,8500,3.125,0,665,82,5,0,0,4,12,16,3,2,0.0625,24.0,0.0,True,False
768,4 4 4 12,384,120.0,0,1.25,False,8750,3.125,0,665,82,5,0,0,4,12,16,3,2,0.0625,24.0,0.0,True,False
768,4 4 4 12,384,120.0,0,1.25,False,9000,3.125,0,619,118,7,0,0,12,12,24,5,2,0.0625,24.0,0.0,True,False
768,4 4 4 12,384,120.0,0,1.25,False,9250,3.125,0,619,118,7,0,0,12,12,24,5,2,0.0625,24.0,0.0,True,False
768,4 4 4 12,384,120.0,0,1.25,False,9500,3.0833333333333335,0,664,88,0,0,0,8,8,16,0,0,0.14583333333333334,56.0,0.0,True,False
768,4 4 4 12,384,120.0,0,1.25,False,9750,3.0833333333333335,0,664,88,0,0,0,8,8,16,0,0,0.14583333333333334,56.0,0.0,True,False
768,4 4 4 12,384,120.0,0,1.25,False,10000,3.109375,0,642,104,2,0,0,12,8,20,2,1,0.09375,36.0,0.0,True,False
768,4 4 4 12,384,120.0,0,1.25,False,10250,3.1015625,0,644,104,0,0,0,12,8,20,0,0,0.109375,42.0,0.0,True,False
768,4 4 4 12,384,120.0,0,1.25,False,10500,3.1015625,0,644,104,0,0,0,12,8,20,0,0,0.109375,42.0,0.0,True,False
768,4 4 4 12,384,120.0,0,1.25,False,10750,3.1119791666666665,0,636,112,0,0,0,8,12,20,0,0,0.08854166666666667,34.0,0.0,True,False
768,4 4 4 12,384,120.0,0,1.25,False,11000,3.1119791666666665,0,636,112,0,0,0,8,12,20,0,0,0.08854166666666667,34.0,0.0,True,False
768,4 4 4 12,384,120.0,0,1.25,False,11250,3.1119791666666665,0,636,112,0,0,0,8,12,20,0,0,0.08854166666666667,34.0,0.0,True,False
768,4 4 4 12,384,120.0,0,1.25,False,11500,3.1119791666666665,0,636,112,0,0,0,8,12,20,0,0,0.08854166666666667,34.0,0.0,True,False
768,4 4 4 12,384,120.0,0,1.25,False,11750,3.1119791666666665,0,636,112,0,0,0,8,12,20,0,0,0.08854166666666667,34.0,0.0,True,False
768,4 4 4 12,384,120.0,0,1.25,False,12000,3.1119791666666665,0,614,128,2,0,0,12,12,24,2,1,0.08854166666666667,34.0,0.0,True,False
768,4 4 4 12,384,120.0,0,1.25,False,12250,3.1119791666666665,0,590,148,2,0,0,16,12,28,2,1,0.08854166666666667,34.0,0.0,True,False
768,4 4 4 12,384,120.0,0,1.25,False,12500,3.1119791666666665,0,568,164,4,0,0,20,12,32,4,1,0.08854166666666667,34.0,0.0,True,False
768,4 4 4 12,384,120.0,0,1.25,False,12750,3.1119791666666665,0,568,164,4,0,0,20,12,32,4,1,0.08854166666666667,34.0,0.0,True,False
768,4 4 4 12,384,120.0,0,1.25,False,13000,3.1119791666666665,0,544,184,4,0,0,24,12,36,4,1,0.08854166666666667,34.0,0.0,True,False
768,4 4 4 12,384,120.0,0,1.25,False,13250,3.1119791666666665,0,544,184,4,0,0,24,12,36,4,1,0.08854166666666667,34.0,0.0,True,False
768,4 4 4 12,384,120.0,0,1.25,False,13500,3.1119791666666665,0,544,184,4,0,0,24,12,36,4,1,0.08854166666666667,34.0,0.0,True,False
768,4 4 4 12,384,120.0,0,1.25,False,13750,3.1119791666666665,0,568,164,4,0,0,20,12,32,4,1,0.08854166666666667,34.0,0.0,True,False
768,4 4 4 12,384,120.0,0,1.25,False,14000,3.1119791666666665,0,568,164,4,0,0,20,12,32,4,1,0.08854166666666667,34.0,0.0,True,False
768,4 4 4 12,384,120.0,0,1.25,False,14250,3.1119791666666665,0,568,164,4,0,0,20,12,32,4,1,0.08854166666666667,34.0,0.0,True,False
768,4 4 4 12,384,120.0,0,1.25,False,14500,3.1119791666666665,0,566,168,2,0,0,20,12,32,2,1,0.08854166666666667,34.0,0.0,True,False
768,4 4 4 12,384,120.0,0,1.25,False,14750,3.1119791666666665,0,544,184,4,0,4,16,16,36,4,1,0.08854166666666667,34.0,0.0,True,False
768,4 4 4 12,384,120.0,0,1.25,False,15000,3.1119791666666665,0,544,184,4,0,4,16,16,36,4,1,0.08854166666666667,34.0,0.0,True,False
768,4 4 4 12,384,120.0,0,1.25,False,15250,3.1119791666666665,0,544,184,4,0,4,16,16,36,4,1,0.08854166666666667,34.0,0.0,True,False
768,4 4 4 12,384,120.0,0,1.25,False,15500,3.1119791666666665,0,544,184,4,0,4,16,16,36,4,1,0.08854166666666667,34.0,0.0,True,False
768,4 4 4 12,384,120.0,0,1.25,False,15750,3.1119791666666665,0,544,184,4,0,4,16,16,36,4,1,0.08854166666666667,34.0,0.0,True,False
768,4 4 4 12,384,120.0,0,1.25,False,16000,3.1119791666666665,0,544,184,4,0,4,16,16,36,4,1,0.08854166666666667,34.0,0.0,True,False
768,4 4 4 12,384,120.0,0,1.25,False,16250,3.1119791666666665,0,544,184,4,0,4,16,16,36,4,1,0.08854166666666667,34.0,0.0,True,False
768,4 4 4 12,384,120.0,0,1.25,False,16500,3.1119791666666665,0,568,164,4,0,4,12,16,32,4,1,0.08854166666666667,34.0,0.0,True,False
768,4 4 4 12,384,120.0,0,1.25,False,16750,3.1119791666666665,0,568,164,4,0,4,12,16,32,4,1,0.08854166666666667,34.0,0.0,True,False
768,4 4 4 12,384,120.0,0,1.25,False,17000,3.1119791666666665,0,568,164,4,0,4,12,16,32,4,1,0.08854166666666667,34.0,0.0,True,False
768,4 4 4 12,384,120.0,0,1.25,False,17250,3.1119791666666665,0,568,164,4,0,4,12,16,32,4,1,0.08854166666666667,34.0,0.0,True,False
768,4 4 4 12,384,120.0,0,1.25,False,17500,3.1119791666666665,0,568,164,4,0,4,12,16,32,4,1,0.08854166666666667,34.0,0.0,True,False
768,4 4 4 12,384,120.0,0,1.25,False,17750,3.1119791666666665,0,592,144,4,0,4,8,16,28,4,1,0.08854166666666667,34.0,0.0,True,False
768,4 4 4 12,384,120.0,0,1.25,False,18000,3.1119791666666665,0,592,144,4,0,4,8,16,28,4,1,0.08854166666666667,34.0,0.0,True,False
768,4 4 4 12,384,120.0,0,1.25,False,18250,3.1119791666666665,0,568,164,4,0,4,12,16,32,4,1,0.08854166666666667,34.0,0.0,True,False
768,4 4 4 12,384,120.0,0,1.25,False,18500,3.1119791666666665,0,568,164,4,0,4,12,16,32,4,1,0.08854166666666667,34.0,0.0,True,False
768,4 4 4 12,384,120.0,0,1.25,False,18750,3.1119791666666665,0,590,148,2,0,4,8,16,28,2,1,0.08854166666666667,34.0,0.0,True,False
768,4 4 4 12,384,120.0,0,1.25,False,19000,3.1119791666666665,0,638,108,2,0,4,0,16,20,2,1,0.08854166666666667,34.0,0.0,True,False
768,4 4 4 12,384,120.0,0,1.25,False,19250,3.1119791666666665,0,638,108,2,0,4,0,16,20,2,1,0.08854166666666667,34.0,0.0,True,False
768,4 4 4 12,384,120.0,0,1.25,False,19500,3.1119791666666665,0,638,108,2,0,4,0,16,20,2,1,0.08854166666666667,34.0,0.0,True,False
768,4 4 4 12,384,120.0,0,1.25,False,19750,3.1119791666666665,0,638,108,2,0,4,0,16,20,2,1,0.08854166666666667,34.0,0.0,True,False
768,4 4 4 12,384,120.0,0,1.25,False,20000,3.1119791666666665,0,614,128,2,0,4,4,16,24,2,1,0.08854166666666667,34.0,0.0,True,False
768,4 4 4 12,384,120.0,0,1.25,False,20250,3.1119791666666665,0,590,148,2,0,4,8,16,28,2,1,0.08854166666666667,34.0,0.0,True,False
768,4 4 4 12,384,120.0,0,1.25,False,20500,3.1119791666666665,0,568,164,4,0,4,12,16,32,4,1,0.08854166666666667,34.0,0.0,True,False
768,4 4 4 12,384,120.0,0,1.25,False,20750,3.1119791666666665,0,544,184,4,0,4,16,16,36,4,1,0.08854166666666667,34.0,0.0,True,False
768,4 4 4 12,384,120.0,0,1.25,False,21000,3.1119791666666665,0,544,184,4,0,4,16,16,36,4,1,0.08854166666666667,34.0,0.0,True,False
768,4 4 4 12,384,120.0,0,1.25,False,21250,3.1119791666666665,0,546,180,6,0,4,16,16,36,6,1,0.08854166666666667,34.0,0.0,True,False
768,4 4 4 12,384,120.0,0,1.25,False,21500,3.1119791666666665,0,546,180,6,0,4,16,16,36,6,1,0.08854166666666667,34.0,0.0,True,False
768,4 4 4 12,384,120.0,0,1.25,False,21750,3.1119791666666665,0,546,180,6,0,4,16,16,36,6,1,0.08854166666666667,34.0,0.0,True,False
768,4 4 4 12,384,120.0,0,1.25,False,22000,3.1119791666666665,0,546,180,6,0,4,16,16,36,6,1,0.08854166666666667,34.0,0.0,True,False
768,4 4 4 12,384,120.0,0,1.25,False,22250,3.0833333333333335,0,568,168,0,0,4,16,12,32,0,0,0.14583333333333334,56.0,0.0,True,False
768,4 4 4 12,384,120.0,0,1.25,False,22500,3.1119791666666665,0,540,192,0,0,4,16,16,36,0,0,0.08854166666666667,34.0,0.0,True,False
768,4 4 4 12,384,120.0,0,1.25,False,22750,3.1119791666666665,0,564,172,0,0,4,12,16,32,0,0,0.08854166666666667,34.0,0.0,True,False
768,4 4 4 12,384,120.0,0,1.25,False,23000,3.1119791666666665,0,564,172,0,0,4,12,16,32,0,0,0.08854166666666667,34.0,0.0,True,False
768,4 4 4 12,384,120.0,0,1.25,False,23250,3.1119791666666665,0,564,172,0,0,4,12,16,32,0,0,0.08854166666666667,34.0,0.0,True,False
768,4 4 4 12,384,120.0,0,1.25,False,23500,3.1119791666666665,0,588,152,0,0,4,8,16,28,0,0,0.08854166666666667,34.0,0.0,True,False
768,4 4 4 12,384,120.0,0,1.25,False,23750,3.1119791666666665,0,564,172,0,0,4,12,16,32,0,0,0.08854166666666667,34.0,0.0,True,False
768,4 4 4 12,384,120.0,0,1.25,False,24000,3.1119791666666665,0,564,172,0,0,4,12,16,32,0,0,0.08854166666666667,34.0,0.0,True,False
768,4 4 4 12,384,120.0,0,1.25,False,24250,3.1119791666666665,0,516,212,0,0,4,20,16,40,0,0,0.08854166666666667,34.0,0.0,True,False
768,4 4 4 12,384,120.0,0,1.25,False,24500,3.1119791666666665,0,516,212,0,0,4,20,16,40,0,0,0.08854166666666667,34.0,0.0,True,False
768,4 4 4 12,384,120.0,0,1.25,False,24750,3.1119791666666665,0,540,192,0,0,0,24,12,36,0,0,0.08854166666666667,34.0,0.0,True,False
768,4 4 4 12,384,120.0,0,1.25,False,25000,3.1119791666666665,0,516,212,0,0,0,28,12,40,0,0,0.08854166666666667,34.0,0.0,True,False
768,4 4 4 12,384,120.0,0,1.25,False,25250,3.1119791666666665,0,492,232,0,0,4,24,16,44,0,0,0.08854166666666667,34.0,0.0,True,False
768,4 4 4 12,384,120.0,0,1.25,False,25500,3.1119791666666665,0,492,232,0,0,4,24,16,44,0,0,0.08854166666666667,34.0,0.0,True,False
768,4 4 4 12,384,120.0,0,1.25,False,25750,3.1119791666666665,0,492,232,0,0,4,24,16,44,0,0,0.08854166666666667,34.0,0.0,True,False
768,4 4 4 12,384,120.0,0,1.25,False,26000,3.1119791666666665,0,492,232,0,0,4,24,16,44,0,0,0.08854166666666667,34.0,0.0,True,False
768,4 4 4 12,384,120.0,0,1.25,False,26250,3.1119791666666665,0,492,232,0,0,4,24,16,44,0,0,0.08854166666666667,34.0,0.0,True,False
768,4 4 4 12,384,120.0,0,1.25,False,26500,3.1119791666666665,0,492,232,0,0,4,24,16,44,0,0,0.08854166666666667,34.0,0.0,True,False
768,4 4 4 12,384,120.0,0,1.25,False,26750,3.1119791666666665,0,492,232,0,0,4,24,16,44,0,0,0.08854166666666667,34.0,0.0,True,False
768,4 4 4 12,384,120.0,0,1.25,False,27000,3.1119791666666665,0,492,232,0,0,4,24,16,44,0,0,0.08854166666666667,34.0,0.0,True,False
768,4 4 4 12,384,120.0,0,1.25,False,27250,3.1119791666666665,0,492,232,0,0,4,24,16,44,0,0,0.08854166666666667,34.0,0.0,True,False
768,4 4 4 12,384,120.0,0,1.25,False,27500,3.1119791666666665,0,492,232,0,0,4,24,16,44,0,0,0.08854166666666667,34.0,0.0,True,False
768,4 4 4 12,384,120.0,0,1.25,False,27750,3.1119791666666665,0,492,232,0,0,4,24,16,44,0,0,0.08854166666666667,34.0,0.0,True,False
768,4 4 4 12,384,120.0,0,1.25,False,28000,3.0833333333333335,0,520,208,0,0,4,24,12,40,0,0,0.14583333333333334,56.0,0.0,True,False
768,4 4 4 12,384,120.0,0,1.25,False,28250,3.1119791666666665,0,494,228,2,0,4,24,16,44,2,1,0.08854166666666667,34.0,0.0,True,False
768,4 4 4 12,384,120.0,0,1.25,False,28500,3.1119791666666665,0,494,228,2,0,4,24,16,44,2,1,0.08854166666666667,34.0,0.0,True,False
768,4 4 4 12,384,120.0,0,1.25,False,28750,3.1119791666666665,0,494,228,2,0,4,24,16,44,2,1,0.08854166666666667,34.0,0.0,True,False
768,4 4 4 12,384,120.0,0,1.25,False,29000,3.0833333333333335,0,496,228,0,0,4,28,12,44,0,0,0.14583333333333334,56.0,0.0,True,False
768,4 4 4 12,384,120.0,0,1.25,False,29250,3.0833333333333335,0,496,228,0,0,4,28,12,44,0,0,0.14583333333333334,56.0,0.0,True,False
768,4 4 4 12,384,120.0,0,1.25,False,29500,3.1119791666666665,0,468,252,0,0,4,28,16,48,0,0,0.08854166666666667,34.0,0.0,True,False
768,4 4 4 12,384,120.0,0,1.25,False,29750,3.1119791666666665,0,468,252,0,0,4,28,16,48,0,0,0.08854166666666667,34.0,0.0,True,False
768,4 4 4 12,384,120.0,0,1.25,False,30000,3.0833333333333335,0,496,228,0,0,4,28,12,44,0,0,0.14583333333333334,56.0,0.0,True,False
768,4 4 4 12,384,120.0,0,1.25,False,30250,3.0833333333333335,0,496,228,0,0,4,28,12,44,0,0,0.14583333333333334,56.0,0.0,True,False
768,4 4 4 12,384,120.0,0,1.25,False,30500,3.109375,0,472,248,0,0,4,32,12,48,0,0,0.09375,36.0,0.0,True,False
768,4 4 4 12,384,120.0,0,1.25,False,30750,3.109375,0,472,248,0,0,4,32,12,48,0,0,0.09375,36.0,0.0,True,False
768,4 4 4 12,384,120.0,0,1.25,False,31000,3.109375,0,472,248,0,0,4,32,12,48,0,0,0.09375,36.0,0.0,True,False
768,4 4 4 12,384,120.0,0,1.25,False,31250,3.109375,0,496,228,0,0,4,28,12,44,0,0,0.09375,36.0,0.0,True,False
768,4 4 4 12,384,120.0,0,1.25,False,31500,3.109375,0,496,228,0,0,4,28,12,44,0,0,0.09375,36.0,0.0,True,False
768,4 4 4 12,384,120.0,0,1.25,False,31750,3.109375,0,496,228,0,0,4,28,12,44,0,0,0.09375,36.0,0.0,True,False
768,4 4 4 12,384,120.0,0,1.25,False,32000,3.109375,0,496,228,0,0,4,28,12,44,0,0,0.09375,36.0,0.0,True,False
768,4 4 4 12,384,120.0,0,1.25,False,32250,3.109375,0,496,228,0,0,4,28,12,44,0,0,0.09375,36.0,0.0,True,False
768,4 4 4 12,384,120.0,0,1.25,False,32500,3.109375,0,496,228,0,0,4,28,12,44,0,0,0.09375,36.0,0.0,True,False
768,4 4 4 12,384,120.0,0,1.25,False,32750,3.109375,0,496,228,0,0,4,28,12,44,0,0,0.09375,36.0,0.0,True,False
768,4 4 4 12,384,120.0,0,1.25,False,33000,3.109375,0,496,228,0,0,4,28,12,44,0,0,0.09375,36.0,0.0,True,False
768,4 4 4 12,384,120.0,0,1.25,False,33250,3.109375,0,520,208,0,0,4,24,12,40,0,0,0.09375,36.0,0.0,True,False
768,4 4 4 12,384,120.0,0,1.25,False,33500,3.109375,0,544,188,0,0,0,28,8,36,0,0,0.09375,36.0,0.0,True,False
768,4 4 4 12,384,120.0,0,1.25,False,33750,3.109375,0,520,208,0,0,0,32,8,40,0,0,0.09375,36.0,0.0,True,False
768,4 4 4 12,384,120.0,0,1.25,False,34000,3.109375,0,520,208,0,0,0,32,8,40,0,0,0.09375,36.0,0.0,True,False
768,4 4 4 12,384,120.0,0,1.25,False,34250,3.109375,0,520,208,0,0,0,32,8,40,0,0,0.09375,36.0,0.0,True,False
768,4 4 4 12,384,120.0,0,1.25,False,34500,3.109375,0,520,208,0,0,0,32,8,40,0,0,0.09375,36.0,0.0,True,False
768,4 4 4 12,384,120.0,0,1.25,False,34750,3.109375,0,520,208,0,0,0,32,8,40,0,0,0.09375,36.0,0.0,True,False
768,4 4 4 12,384,120.0,0,1.25,False,35000,3.109375,0,520,208,0,0,0,32,8,40,0,0,0.09375,36.0,0.0,True,False
768,4 4 4 12,384,120.0,0,1.25,False,35250,3.109375,0,520,208,0,0,0,32,8,40,0,0,0.09375,36.0,0.0,True,False
768,4 4 4 12,384,120.0,0,1.25,False,35500,3.109375,0,496,228,0,0,0,36,8,44,0,0,0.09375,36.0,0.0,True,False
768,4 4 4 12,384,120.0,0,1.25,False,35750,3.109375,0,472,248,0,0,0,40,8,48,0,0,0.09375,36.0,0.0,True,False
768,4 4 4 12,384,120.0,0,1.25,False,36000,3.109375,0,472,248,0,0,0,40,8,48,0,0,0.09375,36.0,0.0,True,False
768,4 4 4 12,384,120.0,0,1.25,False,36250,3.109375,0,472,248,0,0,0,40,8,48,0,0,0.09375,36.0,0.0,True,False
768,4 4 4 12,384,120.0,0,1.25,False,36500,3.109375,0,472,248,0,0,0,40,8,48,0,0,0.09375,36.0,0.0,True,False
768,4 4 4 12,384,120.0,0,1.25,False,36750,3.109375,0,472,248,0,0,0,40,8,48,0,0,0.09375,36.0,0.0,True,False
768,4 4 4 12,384,120.0,0,1.25,False,37000,3.109375,0,472,248,0,0,0,40,8,48,0,0,0.09375,36.0,0.0,True,False
768,4 4 4 12,384,120.0,0,1.25,False,37250,3.109375,0,496,228,0,0,0,36,8,44,0,0,0.09375,36.0,0.0,True,False
768,4 4 4 12,384,120.0,0,1.25,False,37500,3.109375,0,496,228,0,0,0,36,8,44,0,0,0.09375,36.0,0.0,True,False
768,4 4 4 12,384,120.0,0,1.25,False,37750,3.109375,0,472,248,0,0,4,32,12,48,0,0,0.09375,36.0,0.0,True,False
768,4 4 4 12,384,120.0,0,1.25,False,38000,3.109375,0,472,248,0,0,4,32,12,48,0,0,0.09375,36.0,0.0,True,False
768,4 4 4 12,384,120.0,0,1.25,False,38250,3.109375,0,448,268,0,0,4,36,12,52,0,0,0.09375,36.0,0.0,True,False
768,4 4 4 12,384,120.0,0,1.25,False,38500,3.1276041666666665,0,408,296,4,0,4,44,12,60,4,1,0.057291666666666664,22.0,0.0,True,False
768,4 4 4 12,384,120.0,0,1.25,False,38750,3.1276041666666665,0,408,296,4,0,4,44,12,60,4,1,0.057291666666666664,22.0,0.0,True,False
768,4 4 4 12,384,120.0,0,1.25,False,39000,3.1276041666666665,0,408,296,4,0,4,44,12,60,4,1,0.057291666666666664,22.0,0.0,True,False
768,4 4 4 12,384,120.0,0,1.25,False,39250,3.1276041666666665,0,408,296,4,0,4,44,12,60,4,1,0.057291666666666664,22.0,0.0,True,False
768,4 4 4 12,384,120.0,0,1.25,False,39500,3.1276041666666665,0,415,282,11,0,8,36,16,60,7,2,0.057291666666666664,22.0,0.0,True,False
768,4 4 4 12,384,120.0,0,1.25,False,39750,3.1276041666666665,0,415,282,11,0,8,36,16,60,7,2,0.057291666666666664,22.0,0.0,True,False
768,4 4 4 12,384,120.0,0,1.25,False,40000,3.1276041666666665,0,415,282,11,0,8,36,16,60,7,2,0.057291666666666664,22.0,0.0,True,False
768,4 4 4 12,384,120.0,0,1.25,False,40250,3.109375,0,457,250,9,0,8,28,16,52,5,2,0.09375,36.0,0.0,True,False
768,4 4 4 12,384,120.0,0,1.25,False,40500,3.109375,0,480,232,8,0,8,24,16,48,4,2,0.09375,36.0,0.0,True,False
768,4 4 4 12,384,120.0,0,1.25,False,40750,3.109375,0,480,232,8,0,8,24,16,48,4,2,0.09375,36.0,0.0,True,False
768,4 4 4 12,384,120.0,0,1.25,False,41000,3.109375,0,480,232,8,0,8,24,16,48,4,2,0.09375,36.0,0.0,True,False
768,4 4 4 12,384,120.0,0,1.25,False,41250,3.109375,0,504,212,8,0,8,20,16,44,4,2,0.09375,36.0,0.0,True,False
768,4 4 4 12,384,120.0,0,1.25,False,41500,3.109375,0,528,192,8,0,4,24,12,40,4,2,0.09375,36.0,0.0,True,False
768,4 4 4 12,384,120.0,0,1.25,False,41750,3.109375,0,528,192,8,0,4,24,12,40,4,2,0.09375,36.0,0.0,True,False
768,4 4 4 12,384,120.0,0,1.25,False,42000,3.109375,0,528,192,8,0,4,24,12,40,4,2,0.09375,36.0,0.0,True,False
768,4 4 4 12,384,120.0,0,1.25,False,42250,3.109375,0,528,192,8,0,4,24,12,40,4,2,0.09375,36.0,0.0,True,False
768,4 4 4 12,384,120.0,0,1.25,False,42500,3.109375,0,548,180,4,0,0,28,8,36,4,1,0.09375,36.0,0.0,True,False
768,4 4 4 12,384,120.0,0,1.25,False,42750,3.109375,0,548,180,4,0,0,28,8,36,4,1,0.09375,36.0,0.0,True,False
768,4 4 4 12,384,120.0,0,1.25,False,43000,3.109375,0,548,180,4,0,0,28,8,36,4,1,0.09375,36.0,0.0,True,False
768,4 4 4 12,384,120.0,0,1.25,False,43250,3.109375,0,524,200,4,0,0,32,8,40,4,1,0.09375,36.0,0.0,True,False
768,4 4 4 12,384,120.0,0,1.25,False,43500,3.109375,0,500,220,4,0,4,28,12,44,4,1,0.09375,36.0,0.0,True,False
768,4 4 4 12,384,120.0,0,1.25,False,43750,3.109375,0,500,220,4,0,4,28,12,44,4,1,0.09375,36.0,0.0,True,False
768,4 4 4 12,384,120.0,0,1.25,False,44000,3.109375,0,476,240,4,0,4,32,12,48,4,1,0.09375,36.0,0.0,True,False
768,4 4 4 12,384,120.0,0,1.25,False,44250,3.109375,0,476,240,4,0,4,32,12,48,4,1,0.09375,36.0,0.0,True,False
768,4 4 4 12,384,120.0,0,1.25,False,44500,3.109375,0,476,240,4,0,4,32,12,48,4,1,0.09375,36.0,0.0,True,False
768,4 4 4 12,384,120.0,0,1.25,False,44750,3.109375,0,452,260,4,0,4,36,12,52,4,1,0.09375,36.0,0.0,True,False
768,4 4 4 12,384,120.0,0,1.25,False,45000,3.109375,0,432,272,8,0,8,32,16,56,4,2,0.09375,36.0,0.0,True,False
768,4 4 4 12,384,120.0,0,1.25,False,45250,3.109375,0,409,290,9,0,8,36,16,60,5,2,0.09375,36.0,0.0,True,False
768,4 4 4 12,384,120.0,0,1.25,False,45500,3.109375,0,409,290,9,0,8,36,16,60,5,2,0.09375,36.0,0.0,True,False
768,4 4 4 12,384,120.0,0,1.25,False,45750,3.109375,0,409,290,9,0,8,36,16,60,5,2,0.09375,36.0,0.0,True,False
768,4 4 4 12,384,120.0,0,1.25,False,46000,3.109375,0,432,272,8,0,8,32,16,56,4,2,0.09375,36.0,0.0,True,False
768,4 4 4 12,384,120.0,0,1.25,False,46250,3.109375,0,432,272,8,0,8,32,16,56,4,2,0.09375,36.0,0.0,True,False
768,4 4 4 12,384,120.0,0,1.25,False,46500,3.109375,0,460,244,12,0,4,36,12,52,4,3,0.09375,36.0,0.0,True,False
768,4 4 4 12,384,120.0,0,1.25,False,46750,3.109375,0,460,244,12,0,4,36,12,52,4,3,0.09375,36.0,0.0,True,False
768,4 4 4 12,384,120.0,0,1.25,False,47000,3.109375,0,437,262,13,0,8,32,16,56,5,3,0.09375,36.0,0.0,True,False
768,4 4 4 12,384,120.0,0,1.25,False,47250,3.109375,0,437,262,13,0,8,32,16,56,5,3,0.09375,36.0,0.0,True,False
768,4 4 4 12,384,120.0,0,1.25,False,47500,3.109375,0,437,262,13,0,8,32,16,56,5,3,0.09375,36.0,0.0,True,False
768,4 4 4 12,384,120.0,0,1.25,False,47750,3.109375,0,433,270,9,0,8,32,16,56,5,2,0.09375,36.0,0.0,True,False
768,4 4 4 12,384,120.0,0,1.25,False,48000,3.109375,0,409,290,9,0,8,36,16,60,5,2,0.09375,36.0,0.0,True,False
768,4 4 4 12,384,120.0,0,1.25,False,48250,3.109375,0,409,290,9,0,8,36,16,60,5,2,0.09375,36.0,0.0,True,False
768,4 4 4 12,384,120.0,0,1.25,False,48500,3.109375,0,409,290,9,0,8,36,16,60,5,2,0.09375,36.0,0.0,True,False
768,4 4 4 12,384,120.0,0,1.25,False,48750,3.109375,0,409,290,9,0,8,36,16,60,5,2,0.09375,36.0,0.0,True,False
768,4 4 4 12,384,120.0,0,1.25,False,49000,3.109375,0,409,290,9,0,8,36,16,60,5,2,0.09375,36.0,0.0,True,False
768,4 4 4 12,384,120.0,0,1.25,False,49250,3.109375,0,409,290,9,0,8,36,16,60,5,2,0.09375,36.0,0.0,True,False
768,4 4 4 12,384,120.0,0,1.25,False,49500,3.109375,0,428,280,4,0,4,40,12,56,4,1,0.09375,36.0,0.0,True,False
768,4 4 4 12,384,120.0,0,1.25,False,49750,3.109375,0,428,280,4,0,4,40,12,56,4,1,0.09375,36.0,0.0,True,False
768,4 4 4 12,384,120.0,0,1.25,False,50000,3.109375,0,428,280,4,0,4,40,12,56,4,1,0.09375,36.0,0.0,True,True
768,4 4 4 12,384,120.0,1,1.25,False,0,3.0,0,768,0,0,0,0,0,0,0,0,0,0.3125,120.0,0.0,False,False
768,4 4 4 12,384,120.0,1,1.25,False,250,3.1145833333333335,0,682,72,2,0,0,0,12,12,2,1,0.08333333333333333,32.0,0.0,True,False
768,4 4 4 12,384,120.0,1,1.25,False,500,3.1145833333333335,0,682,72,2,0,0,0,12,12,2,1,0.08333333333333333,32.0,0.0,True,False
768,4 4 4 12,384,120.0,1,1.25,False,750,3.1354166666666665,0,668,86,0,0,0,0,14,14,0,0,0.041666666666666664,16.0,0.0,True,False
768,4 4 4 12,384,120.0,1,1.25,False,1000,3.1067708333333335,0,684,72,0,0,0,0,12,12,0,0,0.09895833333333333,38.0,0.0,True,False
768,4 4 4 12,384,120.0,1,1.25,False,1250,3.1328125,0,662,88,2,0,0,4,12,16,2,1,0.046875,18.0,0.0,True,False
768,4 4 4 12,384,120.0,1,1.25,False,1500,3.1328125,0,616,124,4,0,4,4,16,24,2,2,0.046875,18.0,0.0,True,False
768,4 4 4 12,384,120.0,1,1.25,False,1750,3.1328125,0,628,114,4,0,4,4,14,22,2,2,0.046875,18.0,0.0,True,False
768,4 4 4 12,384,120.0,1,1.25,False,2000,3.1263020833333335,0,638,106,4,0,4,4,12,20,4,1,0.059895833333333336,23.0,0.0,True,False
768,4 4 4 12,384,120.0,1,1.25,False,2250,3.1263020833333335,0,616,122,6,0,4,4,16,24,4,2,0.059895833333333336,23.0,0.0,True,False
768,4 4 4 12,384,120.0,1,1.25,False,2500,3.1263020833333335,0,616,122,6,0,4,4,16,24,4,2,0.059895833333333336,23.0,0.0,True,False
768,4 4 4 12,384,120.0,1,1.25,False,2750,3.1263020833333335,0,616,122,6,0,4,4,16,24,4,2,0.059895833333333336,23.0,0.0,True,False
768,4 4 4 12,384,120.0,1,1.25,False,3000,3.1263020833333335,0,616,122,6,0,4,4,16,24,4,2,0.059895833333333336,23.0,0.0,True,False
768,4 4 4 12,384,120.0,1,1.25,False,3250,3.1119791666666665,0,616,124,4,0,4,4,16,24,2,2,0.08854166666666667,34.0,0.0,True,False
768,4 4 4 12,384,120.0,1,1.25,False,3500,3.1119791666666665,0,616,124,4,0,4,4,16,24,2,2,0.08854166666666667,34.0,0.0,True,False
768,4 4 4 12,384,120.0,1,1.25,False,3750,3.1119791666666665,0,638,108,2,0,4,4,12,20,2,1,0.08854166666666667,34.0,0.0,True,False
768,4 4 4 12,384,120.0,1,1.25,False,4000,3.1119791666666665,0,616,124,4,0,4,4,16,24,2,2,0.08854166666666667,34.0,0.0,True,False
768,4 4 4 12,384,120.0,1,1.25,False,4250,3.1119791666666665,0,616,124,4,0,4,4,16,24,2,2,0.08854166666666667,34.0,0.0,True,False
768,4 4 4 12,384,120.0,1,1.25,False,4500,3.1119791666666665,0,638,108,2,0,4,4,12,20,2,1,0.08854166666666667,34.0,0.0,True,False
768,4 4 4 12,384,120.0,1,1.25,False,4750,3.1119791666666665,0,638,108,2,0,4,4,12,20,2,1,0.08854166666666667,34.0,0.0,True,False
768,4 4 4 12,384,120.0,1,1.25,False,5000,3.1119791666666665,0,664,84,4,0,4,0,12,16,4,1,0.08854166666666667,34.0,0.0,True,False
768,4 4 4 12,384,120.0,1,1.25,False,5250,3.1119791666666665,0,664,84,4,0,4,0,12,16,4,1,0.08854166666666667,34.0,0.0,True,False
768,4 4 4 12,384,120.0,1,1.25,False,5500,3.1119791666666665,0,640,104,4,0,4,4,12,20,4,1,0.08854166666666667,34.0,0.0,True,False
768,4 4 4 12,384,120.0,1,1.25,False,5750,3.1119791666666665,0,618,120,6,0,4,4,16,24,4,2,0.08854166666666667,34.0,0.0,True,False
768,4 4 4 12,384,120.0,1,1.25,False,6000,3.1119791666666665,0,640,104,4,0,0,8,12,20,4,1,0.08854166666666667,34.0,0.0,True,False
768,4 4 4 12,384,120.0,1,1.25,False,6250,3.1119791666666665,0,640,104,4,0,0,8,12,20,4,1,0.08854166666666667,34.0,0.0,True,False
768,4 4 4 12,384,120.0,1,1.25,False,6500,3.1119791666666665,0,640,104,4,0,0,8,12,20,4,1,0.08854166666666667,34.0,0.0,True,False
768,4 4 4 12,384,120.0,1,1.25,False,6750,3.1119791666666665,0,640,104,4,0,0,8,12,20,4,1,0.08854166666666667,34.0,0.0,True,False
768,4 4 4 12,384,120.0,1,1.25,False,7000,3.0833333333333335,0,644,100,4,0,4,4,12,20,2,2,0.14583333333333334,56.0,0.0,True,False
768,4 4 4 12,384,120.0,1,1.25,False,7250,3.109375,0,622,116,6,0,4,8,12,24,3,3,0.09375,36.0,0.0,True,False
768,4 4 4 12,384,120.0,1,1.25,False,7500,3.109375,0,642,104,2,0,0,12,8,20,2,1,0.09375,36.0,0.0,True,False
768,4 4 4 12,384,120.0,1,1.25,False,7750,3.109375,0,642,104,2,0,0,12,8,20,2,1,0.09375,36.0,0.0,True,False
768,4 4 4 12,384,120.0,1,1.25,False,8000,3.109375,0,642,104,2,0,0,12,8,20,2,1,0.09375,36.0,0.0,True,False
768,4 4 4 12,384,120.0,1,1.25,False,8250,3.109375,0,642,104,2,0,0,12,8,20,2,1,0.09375,36.0,0.0,True,False
768,4 4 4 12,384,120.0,1,1.25,False,8500,3.109375,0,642,104,2,0,0,12,8,20,2,1,0.09375,36.0,0.0,True,False
768,4 4 4 12,384,120.0,1,1.25,False,8750,3.109375,0,666,84,2,0,0,8,8,16,2,1,0.09375,36.0,0.0,True,False
768,4 4 4 12,384,120.0,1,1.25,False,9000,3.109375,0,666,84,2,0,0,8,8,16,2,1,0.09375,36.0,0.0,True,False
768,4 4 4 12,384,120.0,1,1.25,False,9250,3.109375,0,644,100,4,0,0,12,8,20,4,1,0.09375,36.0,0.0,True,False
768,4 4 4 12,384,120.0,1,1.25,False,9500,3.109375,0,644,100,4,0,0,12,8,20,4,1,0.09375,36.0,0.0,True,False
768,4 4 4 12,384,120.0,1,1.25,False,9750,3.109375,0,644,100,4,0,0,12,8,20,4,1,0.09375,36.0,0.0,True,False
768,4 4 4 12,384,120.0,1,1.25,False,10000,3.109375,0,644,100,4,0,0,12,8,20,4,1,0.09375,36.0,0.0,True,False
768,4 4 4 12,384,120.0,1,1.25,False,10250,3.109375,0,644,100,4,0,0,12,8,20,4,1,0.09375,36.0,0.0,True,False
768,4 4 4 12,384,120.0,1,1.25,False,10500,3.109375,0,644,100,4,0,0,12,8,20,4,1,0.09375,36.0,0.0,True,False
768,4 4 4 12,384,120.0,1,1.25,False,10750,3.109375,0,644,100,4,0,0,12,8,20,4,1,0.09375,36.0,0.0,True,False
768,4 4 4 12,384,120.0,1,1.25,False,11000,3.109375,0,644,100,4,0,0,12,8,20,4,1,0.09375,36.0,0.0,True,False
768,4 4 4 12,384,120.0,1,1.25,False,11250,3.109375,0,644,100,4,0,0,12,8,20,4,1,0.09375,36.0,0.0,True,False
768,4 4 4 12,384,120.0,1,1.25,False,11500,3.109375,0,644,100,4,0,0,12,8,20,4,1,0.09375,36.0,0.0,True,False
768,4 4 4 12,384,120.0,1,1.25,False,11750,3.109375,0,644,100,4,0,0,12,8,20,4,1,0.09375,36.0,0.0,True,False
768,4 4 4 12,384,120.0,1,1.25,False,12000,3.109375,0,642,104,2,0,0,12,8,20,2,1,0.09375,36.0,0.0,True,False
768,4 4 4 12,384,120.0,1,1.25,False,12250,3.109375,0,642,104,2,0,0,12,8,20,2,1,0.09375,36.0,0.0,True,False
768,4 4 4 12,384,120.0,1,1.25,False,12500,3.109375,0,642,104,2,0,0,12,8,20,2,1,0.09375,36.0,0.0,True,False
768,4 4 4 12,384,120.0,1,1.25,False,12750,3.109375,0,642,104,2,0,0,12,8,20,2,1,0.09375,36.0,0.0,True,False
768,4 4 4 12,384,120.0,1,1.25,False,13000,3.109375,0,642,104,2,0,0,12,8,20,2,1,0.09375,36.0,0.0,True,False
768,4 4 4 12,384,120.0,1,1.25,False,13250,3.109375,0,620,120,4,0,4,8,12,24,2,2,0.09375,36.0,0.0,True,False
768,4 4 4 12,384,120.0,1,1.25,False,13500,3.109375,0,620,120,4,0,4,8,12,24,2,2,0.09375,36.0,0.0,True,False
768,4 4 4 12,384,120.0,1,1.25,False,13750,3.109375,0,620,120,4,0,4,8,12,24,2,2,0.09375,36.0,0.0,True,False
768,4 4 4 12,384,120.0,1,1.25,False,14000,3.109375,0,620,120,4,0,4,8,12,24,2,2,0.09375,36.0,0.0,True,False
768,4 4 4 12,384,120.0,1,1.25,False,14250,3.109375,0,620,120,4,0,4,8,12,24,2,2,0.09375,36.0,0.0,True,False
768,4 4 4 12,384,120.0,1,1.25,False,14500,3.109375,0,596,140,4,0,4,12,12,28,2,2,0.09375,36.0,0.0,True,False
768,4 4 4 12,384,120.0,1,1.25,False,14750,3.109375,0,596,140,4,0,4,12,12,28,2,2,0.09375,36.0,0.0,True,False
768,4 4 4 12,384,120.0,1,1.25,False,15000,3.109375,0,596,140,4,0,4,12,12,28,2,2,0.09375,36.0,0.0,True,False
768,4 4 4 12,384,120.0,1,1.25,False,15250,3.109375,0,618,124,2,0,0,16,8,24,2,1,0.09375,36.0,0.0,True,False
768,4 4 4 12,384,120.0,1,1.25,False,15500,3.109375,0,618,124,2,0,0,16,8,24,2,1,0.09375,36.0,0.0,True,False
768,4 4 4 12,384,120.0,1,1.25,False,15750,3.109375,0,618,124,2,0,0,16,8,24,2,1,0.09375,36.0,0.0,True,False
768,4 4 4 12,384,120.0,1,1.25,False,16000,3.109375,0,594,144,2,0,4,12,12,28,2,1,0.09375,36.0,0.0,True,False
768,4 4 4 12,384,120.0,1,1.25,False,16250,3.109375,0,594,144,2,0,4,12,12,28,2,1,0.09375,36.0,0.0,True,False
768,4 4 4 12,384,120.0,1,1.25,False,16500,3.109375,0,594,144,2,0,4,12,12,28,2,1,0.09375,36.0,0.0,True,False
768,4 4 4 12,384,120.0,1,1.25,False,16750,3.109375,0,594,144,2,0,4,12,12,28,2,1,0.09375,36.0,0.0,True,False
768,4 4 4 12,384,120.0,1,1.25,False,17000,3.109375,0,594,144,2,0,4,12,12,28,2,1,0.09375,36.0,0.0,True,False
768,4 4 4 12,384,120.0,1,1.25,False,17250,3.109375,0,576,152,8,0,4,16,12,32,8,1,0.09375,36.0,0.0,True,False
768,4 4 4 12,384,120.0,1,1.25,False,17500,3.109375,0,598,136,6,0,0,20,8,28,6,1,0.09375,36.0,0.0,True,False
768,4 4 4 12,384,120.0,1,1.25,False,17750,3.109375,0,598,136,6,0,0,20,8,28,6,1,0.09375,36.0,0.0,True,False
768,4 4 4 12,384,120.0,1,1.25,False,18000,3.109375,0,598,136,6,0,0,20,8,28,6,1,0.09375,36.0,0.0,True,False
768,4 4 4 12,384,120.0,1,1.25,False,18250,3.109375,0,598,136,6,0,0,20,8,28,6,1,0.09375,36.0,0.0,True,False
768,4 4 4 12,384,120.0,1,1.25,False,18500,3.109375,0,598,136,6,0,0,20,8,28,6,1,0.09375,36.0,0.0,True,False
768,4 4 4 12,384,120.0,1,1.25,False,18750,3.109375,0,598,136,6,0,0,20,8,28,6,1,0.09375,36.0,0.0,True,False
768,4 4 4 12,384,120.0,1,1.25,False,19000,3.1276041666666665,0,582,146,8,0,0,22,10,32,8,1,0.057291666666666664,22.0,0.0,True,False
768,4 4 4 12,384,120.0,1,1.25,False,19250,3.1223958333333335,0,600,134,6,0,0,18,10,28,6,1,0.06770833333333333,26.0,0.0,True,False
768,4 4 4 12,384,120.0,1,1.25,False,19500,3.1223958333333335,0,577,152,7,0,3,16,13,32,7,1,0.06770833333333333,26.0,0.0,True,False
768,4 4 4 12,384,120.0,1,1.25,False,19750,3.1223958333333335,0,577,152,7,0,3,16,13,32,7,1,0.06770833333333333,26.0,0.0,True,False
768,4 4 4 12,384,120.0,1,1.25,False,20000,3.0833333333333335,0,594,144,2,0,4,12,12,28,2,1,0.14583333333333334,56.0,0.0,True,False
768,4 4 4 12,384,120.0,1,1.25,False,20250,3.109375,0,574,156,6,0,4,16,12,32,6,1,0.09375,36.0,0.0,True,False
768,4 4 4 12,384,120.0,1,1.25,False,20500,3.109375,0,574,156,6,0,4,16,12,32,6,1,0.09375,36.0,0.0,True,False
768,4 4 4 12,384,120.0,1,1.25,False,20750,3.109375,0,574,156,6,0,4,16,12,32,6,1,0.09375,36.0,0.0,True,False
768,4 4 4 12,384,120.0,1,1.25,False,21000,3.109375,0,596,140,4,0,4,12,12,28,4,1,0.09375,36.0,0.0,True,False
768,4 4 4 12,384,120.0,1,1.25,False,21250,3.109375,0,596,140,4,0,4,12,12,28,4,1,0.09375,36.0,0.0,True,False
768,4 4 4 12,384,120.0,1,1.25,False,21500,3.109375,0,596,140,4,0,4,12,12,28,4,1,0.09375,36.0,0.0,True,False
768,4 4 4 12,384,120.0,1,1.25,False,21750,3.109375,0,596,140,4,0,4,12,12,28,4,1,0.09375,36.0,0.0,True,False
768,4 4 4 12,384,120.0,1,1.25,False,22000,3.109375,0,618,124,2,0,4,8,12,24,2,1,0.09375,36.0,0.0,True,False
768,4 4 4 12,384,120.0,1,1.25,False,22250,3.109375,0,594,144,2,0,4,12,12,28,2,1,0.09375,36.0,0.0,True,False
768,4 4 4 12,384,120.0,1,1.25,False,22500,3.109375,0,594,144,2,0,4,12,12,28,2,1,0.09375,36.0,0.0,True,False
768,4 4 4 12,384,120.0,1,1.25,False,22750,3.0833333333333335,0,594,144,2,0,4,12,12,28,2,1,0.14583333333333334,56.0,0.0,True,False
768,4 4 4 12,384,120.0,1,1.25,False,23000,3.0833333333333335,0,594,144,2,0,4,12,12,28,2,1,0.14583333333333334,56.0,0.0,True,False
768,4 4 4 12,384,120.0,1,1.25,False,23250,3.109375,0,620,120,4,0,0,16,8,24,4,1,0.09375,36.0,0.0,True,False
768,4 4 4 12,384,120.0,1,1.25,False,23500,3.109375,0,622,116,6,0,0,16,8,24,6,1,0.09375,36.0,0.0,True,False
768,4 4 4 12,384,120.0,1,1.25,False,23750,3.109375,0,622,116,6,0,0,16,8,24,6,1,0.09375,36.0,0.0,True,False
768,4 4 4 12,384,120.0,1,1.25,False,24000,3.109375,0,622,116,6,0,0,16,8,24,6,1,0.09375,36.0,0.0,True,False
768,4 4 4 12,384,120.0,1,1.25,False,24250,3.109375,0,622,116,6,0,0,16,8,24,6,1,0.09375,36.0,0.0,True,False
768,4 4 4 12,384,120.0,1,1.25,False,24500,3.109375,0,622,116,6,0,0,16,8,24,6,1,0.09375,36.0,0.0,True,False
768,4 4 4 12,384,120.0,1,1.25,False,24750,3.109375,0,646,96,6,0,0,12,8,20,6,1,0.09375,36.0,0.0,True,False
768,4 4 4 12,384,120.0,1,1.25,False,25000,3.109375,0,646,96,6,0,0,12,8,20,6,1,0.09375,36.0,0.0,True,False
768,4 4 4 12,384,120.0,1,1.25,False,25250,3.109375,0,646,96,6,0,0,12,8,20,6,1,0.09375,36.0,0.0,True,False
768,4 4 4 12,384,120.0,1,1.25,False,25500,3.109375,0,646,96,6,0,0,12,8,20,6,1,0.09375,36.0,0.0,True,False
768,4 4 4 12,384,120.0,1,1.25,False,25750,3.109375,0,646,96,6,0,0,12,8,20,6,1,0.09375,36.0,0.0,True,False
768,4 4 4 12,384,120.0,1,1.25,False,26000,3.109375,0,646,96,6,0,0,12,8,20,6,1,0.09375,36.0,0.0,True,False
768,4 4 4 12,384,120.0,1,1.25,False,26250,3.109375,0,646,96,6,0,0,12,8,20,6,1,0.09375,36.0,0.0,True,False
768,4 4 4 12,384,120.0,1,1.25,False,26500,3.109375,0,646,96,6,0,0,12,8,20,6,1,0.09375,36.0,0.0,True,False
768,4 4 4 12,384,120.0,1,1.25,False,26750,3.109375,0,646,96,6,0,0,12,8,20,6,1,0.09375,36.0,0.0,True,False
768,4 4 4 12,384,120.0,1,1.25,False,27000,3.109375,0,646,96,6,0,0,12,8,20,6,1,0.09375,36.0,0.0,True,False
768,4 4 4 12,384,120.0,1,1.25,False,27250,3.109375,0,646,96,6,0,0,12,8,20,6,1,0.09375,36.0,0.0,True,False
768,4 4 4 12,384,120.0,1,1.25,False,27500,3.0833333333333335,0,644,100,4,0,0,12,8,20,4,1,0.14583333333333334,56.0,0.0,True,False
768,4 4 4 12,384,120.0,1,1.25,False,27750,3.109375,0,642,104,2,0,0,12,8,20,2,1,0.09375,36.0,0.0,True,False
768,4 4 4 12,384,120.0,1,1.25,False,28000,3.109375,0,642,104,2,0,0,12,8,20,2,1,0.09375,36.0,0.0,True,False
768,4 4 4 12,384,120.0,1,1.25,False,28250,3.109375,0,642,104,2,0,0,12,8,20,2,1,0.09375,36.0,0.0,True,False
768,4 4 4 12,384,120.0,1,1.25,False,28500,3.109375,0,642,104,2,0,0,12,8,20,2,1,0.09375,36.0,0.0,True,False
768,4 4 4 12,384,120.0,1,1.25,False,28750,3.109375,0,642,104,2,0,0,12,8,20,2,1,0.09375,36.0,0.0,True,False
768,4 4 4 12,384,120.0,1,1.25,False,29000,3.109375,0,642,104,2,0,0,12,8,20,2,1,0.09375,36.0,0.0,True,False
768,4 4 4 12,384,120.0,1,1.25,False,29250,3.109375,0,642,104,2,0,0,12,8,20,2,1,0.09375,36.0,0.0,True,False
768,4 4 4 12,384,120.0,1,1.25,False,29500,3.109375,0,642,104,2,0,0,12,8,20,2,1,0.09375,36.0,0.0,True,False
768,4 4 4 12,384,120.0,1,1.25,False,29750,3.0833333333333335,0,664,88,0,0,0,8,8,16,0,0,0.14583333333333334,56.0,0.0,True,False
768,4 4 4 12,384,120.0,1,1.25,False,30000,3.0833333333333335,0,640,108,0,0,4,4,12,20,0,0,0.14583333333333334,56.0,0.0,True,False
768,4 4 4 12,384,120.0,1,1.25,False,30250,3.0833333333333335,0,640,108,0,0,4,4,12,20,0,0,0.14583333333333334,56.0,0.0,True,False
768,4 4 4 12,384,120.0,1,1.25,False,30500,3.0833333333333335,0,616,128,0,0,4,8,12,24,0,0,0.14583333333333334,56.0,0.0,True,False
768,4 4 4 12,384,120.0,1,1.25,False,30750,3.109375,0,620,120,4,0,4,8,12,24,3,2,0.09375,36.0,0.0,True,False
768,4 4 4 12,384,120.0,1,1.25,False,31000,3.109375,0,620,120,4,0,4,8,12,24,3,2,0.09375,36.0,0.0,True,False
768,4 4 4 12,384,120.0,1,1.25,False,31250,3.109375,0,620,120,4,0,4,8,12,24,3,2,0.09375,36.0,0.0,True,False
768,4 4 4 12,384,120.0,1,1.25,False,31500,3.109375,0,620,120,4,0,4,8,12,24,3,2,0.09375,36.0,0.0,True,False
768,4 4 4 12,384,120.0,1,1.25,False,31750,3.109375,0,620,120,4,0,4,8,12,24,3,2,0.09375,36.0,0.0,True,False
768,4 4 4 12,384,120.0,1,1.25,False,32000,3.109375,0,602,128,10,0,8,4,16,28,5,3,0.09375,36.0,0.0,True,False
768,4 4 4 12,384,120.0,1,1.25,False,32250,3.109375,0,602,128,10,0,8,4,16,28,5,3,0.09375,36.0,0.0,True,False
768,4 4 4 12,384,120.0,1,1.25,False,32500,3.109375,0,626,108,10,0,8,0,16,24,5,3,0.09375,36.0,0.0,True,False
768,4 4 4 12,384,120.0,1,1.25,False,32750,3.109375,0,648,92,8,0,8,0,12,20,5,2,0.09375,36.0,0.0,True,False
768,4 4 4 12,384,120.0,1,1.25,False,33000,3.109375,0,626,108,10,0,8,0,16,24,5,3,0.09375,36.0,0.0,True,False
768,4 4 4 12,384,120.0,1,1.25,False,33250,3.109375,0,626,108,10,0,8,0,16,24,5,3,0.09375,36.0,0.0,True,False
768,4 4 4 12,384,120.0,1,1.25,False,33500,3.109375,0,602,128,10,0,8,4,16,28,5,3,0.09375,36.0,0.0,True,False
768,4 4 4 12,384,120.0,1,1.25,False,33750,3.109375,0,602,128,10,0,8,4,16,28,5,3,0.09375,36.0,0.0,True,False
768,4 4 4 12,384,120.0,1,1.25,False,34000,3.109375,0,622,116,6,0,4,8,12,24,4,2,0.09375,36.0,0.0,True,False
768,4 4 4 12,384,120.0,1,1.25,False,34250,3.109375,0,622,116,6,0,4,8,12,24,4,2,0.09375,36.0,0.0,True,False
768,4 4 4 12,384,120.0,1,1.25,False,34500,3.109375,0,622,116,6,0,4,8,12,24,4,2,0.09375,36.0,0.0,True,False
768,4 4 4 12,384,120.0,1,1.25,False,34750,3.109375,0,620,120,4,0,4,8,12,24,3,2,0.09375,36.0,0.0,True,False
768,4 4 4 12,384,120.0,1,1.25,False,35000,3.109375,0,620,120,4,0,4,8,12,24,3,2,0.09375,36.0,0.0,True,False
768,4 4 4 12,384,120.0,1,1.25,False,35250,3.109375,0,620,120,4,0,4,8,12,24,3,2,0.09375,36.0,0.0,True,False
768,4 4 4 12,384,120.0,1,1.25,False,35500,3.109375,0,596,140,4,0,8,4,16,28,3,2,0.09375,36.0,0.0,True,False
768,4 4 4 12,384,120.0,1,1.25,False,35750,3.109375,0,596,140,4,0,8,4,16,28,3,2,0.09375,36.0,0.0,True,False
768,4 4 4 12,384,120.0,1,1.25,False,36000,3.109375,0,620,120,4,0,8,0,16,24,3,2,0.09375,36.0,0.0,True,False
768,4 4 4 12,384,120.0,1,1.25,False,36250,3.109375,0,642,104,2,0,8,0,12,20,2,1,0.09375,36.0,0.0,True,False
768,4 4 4 12,384,120.0,1,1.25,False,36500,3.109375,0,640,108,0,0,8,0,12,20,0,0,0.09375,36.0,0.0,True,False
768,4 4 4 12,384,120.0,1,1.25,False,36750,3.109375,0,596,140,4,0,8,4,16,28,2,2,0.09375,36.0,0.0,True,False
768,4 4 4 12,384,120.0,1,1.25,False,37000,3.109375,0,596,140,4,0,8,4,16,28,2,2,0.09375,36.0,0.0,True,False
768,4 4 4 12,384,120.0,1,1.25,False,37250,3.109375,0,620,120,4,0,4,8,12,24,2,2,0.09375,36.0,0.0,True,False
768,4 4 4 12,384,120.0,1,1.25,False,37500,3.109375,0,620,120,4,0,4,8,12,24,2,2,0.09375,36.0,0.0,True,False
768,4 4 4 12,384,120.0,1,1.25,False,37750,3.109375,0,620,120,4,0,4,8,12,24,2,2,0.09375,36.0,0.0,True,False
768,4 4 4 12,384,120.0,1,1.25,False,38000,3.109375,0,620,120,4,0,4,8,12,24,2,2,0.09375,36.0,0.0,True,False
768,4 4 4 12,384,120.0,1,1.25,False,38250,3.109375,0,620,120,4,0,4,8,12,24,2,2,0.09375,36.0,0.0,True,False
768,4 4 4 12,384,120.0,1,1.25,False,38500,3.109375,0,620,120,4,0,4,8,12,24,2,2,0.09375,36.0,0.0,True,False
768,4 4 4 12,384,120.0,1,1.25,False,38750,3.109375,0,598,136,6,0,4,12,12,28,4,2,0.09375,36.0,0.0,True,False
768,4 4 4 12,384,120.0,1,1.25,False,39000,3.109375,0,598,136,6,0,4,12,12,28,4,2,0.09375,36.0,0.0,True,False
768,4 4 4 12,384,120.0,1,1.25,False,39250,3.109375,0,598,136,6,0,4,12,12,28,4,2,0.09375,36.0,0.0,True,False
768,4 4 4 12,384,120.0,1,1.25,False,39500,3.109375,0,598,136,6,0,4,12,12,28,4,2,0.09375,36.0,0.0,True,False
768,4 4 4 12,384,120.0,1,1.25,False,39750,3.109375,0,598,136,6,0,4,12,12,28,4,2,0.09375,36.0,0.0,True,False
768,4 4 4 12,384,120.0,1,1.25,False,40000,3.109375,0,598,136,6,0,4,12,12,28,4,2,0.09375,36.0,0.0,True,False
768,4 4 4 12,384,120.0,1,1.25,False,40250,3.109375,0,598,136,6,0,4,12,12,28,4,2,0.09375,36.0,0.0,True,False
768,4 4 4 12,384,120.0,1,1.25,False,40500,3.0833333333333335,0,622,116,6,0,4,8,12,24,4,2,0.14583333333333334,56.0,0.0,True,False
768,4 4 4 12,384,120.0,1,1.25,False,40750,3.0833333333333335,0,622,116,6,0,4,8,12,24,4,2,0.14583333333333334,56.0,0.0,True,False
768,4 4 4 12,384,120.0,1,1.25,False,41000,3.109375,0,576,152,8,0,4,16,12,32,4,2,0.09375,36.0,0.0,True,False
768,4 4 4 12,384,120.0,1,1.25,False,41250,3.109375,0,576,152,8,0,4,16,12,32,4,2,0.09375,36.0,0.0,True,False
768,4 4 4 12,384,120.0,1,1.25,False,41500,3.109375,0,555,166,11,0,4,20,12,36,5,3,0.09375,36.0,0.0,True,False
768,4 4 4 12,384,120.0,1,1.25,False,41750,3.109375,0,576,152,8,0,4,16,12,32,4,2,0.09375,36.0,0.0,True,False
768,4 4 4 12,384,120.0,1,1.25,False,42000,3.109375,0,576,152,8,0,4,16,12,32,4,2,0.09375,36.0,0.0,True,False
768,4 4 4 12,384,120.0,1,1.25,False,42250,3.109375,0,598,136,6,0,4,12,12,28,4,2,0.09375,36.0,0.0,True,False
768,4 4 4 12,384,120.0,1,1.25,False,42500,3.0833333333333335,0,622,116,6,0,4,8,12,24,4,2,0.14583333333333334,56.0,0.0,True,False
768,4 4 4 12,384,120.0,1,1.25,False,42750,3.109375,0,598,136,6,0,4,12,12,28,4,2,0.09375,36.0,0.0,True,False
768,4 4 4 12,384,120.0,1,1.25,False,43000,3.0833333333333335,0,622,116,6,0,4,8,12,24,4,2,0.14583333333333334,56.0,0.0,True,False
768,4 4 4 12,384,120.0,1,1.25,False,43250,3.109375,0,620,120,4,0,4,8,12,24,2,2,0.09375,36.0,0.0,True,False
768,4 4 4 12,384,120.0,1,1.25,False,43500,3.109375,0,596,140,4,0,4,12,12,28,2,2,0.09375,36.0,0.0,True,False
768,4 4 4 12,384,120.0,1,1.25,False,43750,3.109375,0,596,140,4,0,4,12,12,28,2,2,0.09375,36.0,0.0,True,False
768,4 4 4 12,384,120.0,1,1.25,False,44000,3.109375,0,596,140,4,0,4,12,12,28,2,2,0.09375,36.0,0.0,True,False
768,4 4 4 12,384,120.0,1,1.25,False,44250,3.109375,0,596,140,4,0,4,12,12,28,2,2,0.09375,36.0,0.0,True,False
768,4 4 4 12,384,120.0,1,1.25,False,44500,3.109375,0,596,140,4,0,4,12,12,28,2,2,0.09375,36.0,0.0,True,False
768,4 4 4 12,384,120.0,1,1.25,False,44750,3.109375,0,596,140,4,0,4,12,12,28,2,2,0.09375,36.0,0.0,True,False
768,4 4 4 12,384,120.0,1,1.25,False,45000,3.109375,0,574,156,6,0,8,8,16,32,4,2,0.09375,36.0,0.0,True,False
768,4 4 4 12,384,120.0,1,1.25,False,45250,3.109375,0,574,156,6,0,8,8,16,32,4,2,0.09375,36.0,0.0,True,False
768,4 4 4 12,384,120.0,1,1.25,False,45500,3.109375,0,574,156,6,0,8,8,16,32,4,2,0.09375,36.0,0.0,True,False
768,4 4 4 12,384,120.0,1,1.25,False,45750,3.109375,0,574,156,6,0,8,8,16,32,4,2,0.09375,36.0,0.0,True,False
768,4 4 4 12,384,120.0,1,1.25,False,46000,3.109375,0,596,140,4,0,4,12,12,28,2,2,0.09375,36.0,0.0,True,False
768,4 4 4 12,384,120.0,1,1.25,False,46250,3.109375,0,596,140,4,0,4,12,12,28,2,2,0.09375,36.0,0.0,True,False
768,4 4 4 12,384,120.0,1,1.25,False,46500,3.109375,0,574,156,6,0,8,8,16,32,4,2,0.09375,36.0,0.0,True,False
768,4 4 4 12,384,120.0,1,1.25,False,46750,3.109375,0,596,140,4,0,8,4,16,28,2,2,0.09375,36.0,0.0,True,False
768,4 4 4 12,384,120.0,1,1.25,False,47000,3.109375,0,596,140,4,0,8,4,16,28,2,2,0.09375,36.0,0.0,True,False
768,4 4 4 12,384,120.0,1,1.25,False,47250,3.109375,0,596,140,4,0,8,4,16,28,2,2,0.09375,36.0,0.0,True,False
768,4 4 4 12,384,120.0,1,1.25,False,47500,3.109375,0,596,140,4,0,8,4,16,28,2,2,0.09375,36.0,0.0,True,False
768,4 4 4 12,384,120.0,1,1.25,False,47750,3.109375,0,596,140,4,0,8,4,16,28,2,2,0.09375,36.0,0.0,True,False
768,4 4 4 12,384,120.0,1,1.25,False,48000,3.109375,0,596,140,4,0,8,4,16,28,2,2,0.09375,36.0,0.0,True,False
768,4 4 4 12,384,120.0,1,1.25,False,48250,3.109375,0,596,140,4,0,8,4,16,28,2,2,0.09375,36.0,0.0,True,False
768,4 4 4 12,384,120.0,1,1.25,False,48500,3.109375,0,596,140,4,0,8,4,16,28,2,2,0.09375,36.0,0.0,True,False
768,4 4 4 12,384,120.0,1,1.25,False,48750,3.109375,0,574,156,6,0,8,8,16,32,4,2,0.09375,36.0,0.0,True,False
768,4 4 4 12,384,120.0,1,1.25,False,49000,3.109375,0,596,140,4,0,8,4,16,28,2,2,0.09375,36.0,0.0,True,False
768,4 4 4 12,384,120.0,1,1.25,False,49250,3.109375,0,596,140,4,0,8,4,16,28,2,2,0.09375,36.0,0.0,True,False
768,4 4 4 12,384,120.0,1,1.25,False,49500,3.109375,0,596,140,4,0,8,4,16,28,2,2,0.09375,36.0,0.0,True,False
768,4 4 4 12,384,120.0,1,1.25,False,49750,3.109375,0,618,124,2,0,4,8,12,24,2,1,0.09375,36.0,0.0,True,False
768,4 4 4 12,384,120.0,1,1.25,False,50000,3.109375,0,618,124,2,0,4,8,12,24,2,1,0.09375,36.0,0.0,True,True
768,4 4 4 12,384,120.0,2,1.25,False,0,3.0,0,768,0,0,0,0,0,0,0,0,0,0.3125,120.0,0.0,False,False
768,4 4 4 12,384,120.0,2,1.25,False,250,3.1549479166666665,0,668,84,2,0,0,4,10,14,2,1,0.0026041666666666665,1.0,0.0,True,False
768,4 4 4 12,384,120.0,2,1.25,False,500,3.140625,0,682,72,2,0,0,4,8,12,2,1,0.03125,12.0,0.0,True,False
768,4 4 4 12,384,120.0,2,1.25,False,750,3.140625,0,682,72,2,0,0,4,8,12,2,1,0.03125,12.0,0.0,True,False
768,4 4 4 12,384,120.0,2,1.25,False,1000,3.140625,0,682,72,2,0,0,4,8,12,2,1,0.03125,12.0,0.0,True,False
768,4 4 4 12,384,120.0,2,1.25,False,1250,3.140625,0,682,72,2,0,0,4,8,12,2,1,0.03125,12.0,0.0,True,False
768,4 4 4 12,384,120.0,2,1.25,False,1500,3.1119791666666665,0,698,58,2,0,0,4,6,10,2,1,0.08854166666666667,34.0,0.0,True,False
768,4 4 4 12,384,120.0,2,1.25,False,1750,3.1380208333333335,0,674,78,2,0,0,8,6,14,2,1,0.036458333333333336,14.0,0.0,True,False
768,4 4 4 12,384,120.0,2,1.25,False,2000,3.1380208333333335,0,672,82,0,0,0,8,6,14,0,0,0.036458333333333336,14.0,0.0,True,False
768,4 4 4 12,384,120.0,2,1.25,False,2250,3.1380208333333335,0,662,88,2,0,0,8,8,16,2,1,0.036458333333333336,14.0,0.0,True,False
768,4 4 4 12,384,120.0,2,1.25,False,2500,3.1380208333333335,0,660,92,0,0,0,8,8,16,0,0,0.036458333333333336,14.0,0.0,True,False
768,4 4 4 12,384,120.0,2,1.25,False,2750,3.1380208333333335,0,660,92,0,0,0,8,8,16,0,0,0.036458333333333336,14.0,0.0,True,False
768,4 4 4 12,384,120.0,2,1.25,False,3000,3.1380208333333335,0,636,112,0,0,0,8,12,20,0,0,0.036458333333333336,14.0,0.0,True,False
768,4 4 4 12,384,120.0,2,1.25,False,3250,3.1380208333333335,0,592,144,4,0,0,16,12,28,4,1,0.036458333333333336,14.0,0.0,True,False
768,4 4 4 12,384,120.0,2,1.25,False,3500,3.1380208333333335,0,568,164,4,0,0,20,12,32,4,1,0.036458333333333336,14.0,0.0,True,False
768,4 4 4 12,384,120.0,2,1.25,False,3750,3.1380208333333335,0,568,164,4,0,0,20,12,32,4,1,0.036458333333333336,14.0,0.0,True,False
768,4 4 4 12,384,120.0,2,1.25,False,4000,3.1380208333333335,0,547,178,7,0,0,24,12,36,7,1,0.036458333333333336,14.0,0.0,True,False
768,4 4 4 12,384,120.0,2,1.25,False,4250,3.1119791666666665,0,571,158,7,0,0,20,12,32,7,1,0.08854166666666667,34.0,0.0,True,False
768,4 4 4 12,384,120.0,2,1.25,False,4500,3.1380208333333335,0,551,170,11,0,0,24,12,36,11,1,0.036458333333333336,14.0,0.0,True,False
768,4 4 4 12,384,120.0,2,1.25,False,4750,3.1380208333333335,0,551,170,11,0,0,24,12,36,11,1,0.036458333333333336,14.0,0.0,True,False
768,4 4 4 12,384,120.0,2,1.25,False,5000,3.1380208333333335,0,551,170,11,0,0,24,12,36,11,1,0.036458333333333336,14.0,0.0,True,False
768,4 4 4 12,384,120.0,2,1.25,False,5250,3.1380208333333335,0,551,170,11,0,0,24,12,36,11,1,0.036458333333333336,14.0,0.0,True,False
768,4 4 4 12,384,120.0,2,1.25,False,5500,3.1380208333333335,0,551,170,11,0,0,24,12,36,11,1,0.036458333333333336,14.0,0.0,True,False
768,4 4 4 12,384,120.0,2,1.25,False,5750,3.1380208333333335,0,551,170,11,0,0,24,12,36,11,1,0.036458333333333336,14.0,0.0,True,False
768,4 4 4 12,384,120.0,2,1.25,False,6000,3.1119791666666665,0,571,158,7,0,0,20,12,32,7,1,0.08854166666666667,34.0,0.0,True,False
768,4 4 4 12,384,120.0,2,1.25,False,6250,3.1380208333333335,0,549,174,9,0,0,24,12,36,9,1,0.036458333333333336,14.0,0.0,True,False
768,4 4 4 12,384,120.0,2,1.25,False,6500,3.1380208333333335,0,549,174,9,0,0,24,12,36,9,1,0.036458333333333336,14.0,0.0,True,False
768,4 4 4 12,384,120.0,2,1.25,False,6750,3.1380208333333335,0,549,174,9,0,0,24,12,36,9,1,0.036458333333333336,14.0,0.0,True,False
768,4 4 4 12,384,120.0,2,1.25,False,7000,3.1380208333333335,0,549,174,9,0,0,24,12,36,9,1,0.036458333333333336,14.0,0.0,True,False
768,4 4 4 12,384,120.0,2,1.25,False,7250,3.1380208333333335,0,549,174,9,0,0,24,12,36,9,1,0.036458333333333336,14.0,0.0,True,False
768,4 4 4 12,384,120.0,2,1.25,False,7500,3.1380208333333335,0,529,186,13,0,4,20,16,40,9,4,0.036458333333333336,14.0,0.0,True,False
768,4 4 4 12,384,120.0,2,1.25,False,7750,3.109375,0,555,166,11,0,4,20,12,36,7,4,0.09375,36.0,0.0,True,False
768,4 4 4 12,384,120.0,2,1.25,False,8000,3.109375,0,533,182,13,0,4,24,12,40,7,5,0.09375,36.0,0.0,True,False
768,4 4 4 12,384,120.0,2,1.25,False,8250,3.1354166666666665,0,509,202,13,0,4,28,12,44,7,5,0.041666666666666664,16.0,0.0,True,False
768,4 4 4 12,384,120.0,2,1.25,False,8500,3.1354166666666665,0,528,192,8,0,4,24,12,40,6,2,0.041666666666666664,16.0,0.0,True,False
768,4 4 4 12,384,120.0,2,1.25,False,8750,3.1354166666666665,0,528,192,8,0,4,24,12,40,6,2,0.041666666666666664,16.0,0.0,True,False
768,4 4 4 12,384,120.0,2,1.25,False,9000,3.1354166666666665,0,528,192,8,0,4,24,12,40,6,2,0.041666666666666664,16.0,0.0,True,False
768,4 4 4 12,384,120.0,2,1.25,False,9250,3.0833333333333335,0,574,156,6,0,4,16,12,32,4,2,0.14583333333333334,56.0,0.0,True,False
768,4 4 4 12,384,120.0,2,1.25,False,9500,3.109375,0,532,184,12,0,4,24,12,40,6,5,0.09375,36.0,0.0,True,False
768,4 4 4 12,384,120.0,2,1.25,False,9750,3.1354166666666665,0,508,204,12,0,4,28,12,44,6,5,0.041666666666666664,16.0,0.0,True,False
768,4 4 4 12,384,120.0,2,1.25,False,10000,3.1354166666666665,0,508,204,12,0,4,28,12,44,6,5,0.041666666666666664,16.0,0.0,True,False
768,4 4 4 12,384,120.0,2,1.25,False,10250,3.1354166666666665,0,508,204,12,0,4,28,12,44,6,5,0.041666666666666664,16.0,0.0,True,False
768,4 4 4 12,384,120.0,2,1.25,False,10500,3.1354166666666665,0,528,192,8,0,4,24,12,40,6,2,0.041666666666666664,16.0,0.0,True,False
768,4 4 4 12,384,120.0,2,1.25,False,10750,3.1354166666666665,0,528,192,8,0,4,24,12,40,6,2,0.041666666666666664,16.0,0.0,True,False
768,4 4 4 12,384,120.0,2,1.25,False,11000,3.1354166666666665,0,504,212,8,0,8,20,16,44,6,2,0.041666666666666664,16.0,0.0,True,False
768,4 4 4 12,384,120.0,2,1.25,False,11250,3.1354166666666665,0,548,180,4,0,4,20,12,36,4,1,0.041666666666666664,16.0,0.0,True,False
768,4 4 4 12,384,120.0,2,1.25,False,11500,3.1354166666666665,0,572,160,4,0,4,16,12,32,4,1,0.041666666666666664,16.0,0.0,True,False
768,4 4 4 12,384,120.0,2,1.25,False,11750,3.1354166666666665,0,572,160,4,0,4,16,12,32,4,1,0.041666666666666664,16.0,0.0,True,False
768,4 4 4 12,384,120.0,2,1.25,False,12000,3.1354166666666665,0,526,196,6,0,8,16,16,40,4,2,0.041666666666666664,16.0,0.0,True,False
768,4 4 4 12,384,120.0,2,1.25,False,12250,3.1354166666666665,0,526,196,6,0,8,16,16,40,4,2,0.041666666666666664,16.0,0.0,True,False
768,4 4 4 12,384,120.0,2,1.25,False,12500,3.1354166666666665,0,526,196,6,0,8,16,16,40,4,2,0.041666666666666664,16.0,0.0,True,False
768,4 4 4 12,384,120.0,2,1.25,False,12750,3.1354166666666665,0,526,196,6,0,8,16,16,40,4,2,0.041666666666666664,16.0,0.0,True,False
768,4 4 4 12,384,120.0,2,1.25,False,13000,3.1354166666666665,0,526,196,6,0,8,16,16,40,4,2,0.041666666666666664,16.0,0.0,True,False
768,4 4 4 12,384,120.0,2,1.25,False,13250,3.1354166666666665,0,504,212,8,0,8,20,16,44,6,2,0.041666666666666664,16.0,0.0,True,False
768,4 4 4 12,384,120.0,2,1.25,False,13500,3.1354166666666665,0,482,228,10,0,8,24,16,48,6,2,0.041666666666666664,16.0,0.0,True,False
768,4 4 4 12,384,120.0,2,1.25,False,13750,3.1354166666666665,0,462,240,14,0,8,28,16,52,6,6,0.041666666666666664,16.0,0.0,True,False
768,4 4 4 12,384,120.0,2,1.25,False,14000,3.1354166666666665,0,466,232,18,0,8,28,16,52,6,6,0.041666666666666664,16.0,0.0,True,False
768,4 4 4 12,384,120.0,2,1.25,False,14250,3.1354166666666665,0,448,240,24,0,8,32,16,56,6,8,0.041666666666666664,16.0,0.0,True,False
768,4 4 4 12,384,120.0,2,1.25,False,14500,3.1354166666666665,0,448,240,24,0,8,32,16,56,6,8,0.041666666666666664,16.0,0.0,True,False
768,4 4 4 12,384,120.0,2,1.25,False,14750,3.1354166666666665,0,466,232,18,0,8,28,16,52,6,6,0.041666666666666664,16.0,0.0,True,False
768,4 4 4 12,384,120.0,2,1.25,False,15000,3.1354166666666665,0,466,232,18,0,8,28,16,52,6,6,0.041666666666666664,16.0,0.0,True,False
768,4 4 4 12,384,120.0,2,1.25,False,15250,3.1354166666666665,0,466,232,18,0,8,28,16,52,6,6,0.041666666666666664,16.0,0.0,True,False
768,4 4 4 12,384,120.0,2,1.25,False,15500,3.1354166666666665,0,466,232,18,0,8,28,16,52,6,6,0.041666666666666664,16.0,0.0,True,False
768,4 4 4 12,384,120.0,2,1.25,False,15750,3.1354166666666665,0,466,232,18,0,8,28,16,52,6,6,0.041666666666666664,16.0,0.0,True,False
768,4 4 4 12,384,120.0,2,1.25,False,16000,3.1354166666666665,0,464,236,16,0,12,20,20,52,6,5,0.041666666666666664,16.0,0.0,True,False
768,4 4 4 12,384,120.0,2,1.25,False,16250,3.1354166666666665,0,464,236,16,0,8,28,16,52,7,6,0.041666666666666664,16.0,0.0,True,False
768,4 4 4 12,384,120.0,2,1.25,False,16500,3.109375,0,506,208,10,0,8,20,16,44,4,5,0.09375,36.0,0.0,True,False
768,4 4 4 12,384,120.0,2,1.25,False,16750,3.109375,0,506,208,10,0,8,20,16,44,4,5,0.09375,36.0,0.0,True,False
768,4 4 4 12,384,120.0,2,1.25,False,17000,3.1354166666666665,0,488,216,16,0,8,24,16,48,10,5,0.041666666666666664,16.0,0.0,True,False
768,4 4 4 12,384,120.0,2,1.25,False,17250,3.1354166666666665,0,488,216,16,0,8,24,16,48,10,5,0.041666666666666664,16.0,0.0,True,False
768,4 4 4 12,384,120.0,2,1.25,False,17500,3.1354166666666665,0,510,200,14,0,4,28,12,44,8,5,0.041666666666666664,16.0,0.0,True,False
768,4 4 4 12,384,120.0,2,1.25,False,17750,3.109375,0,530,188,10,0,4,24,12,40,4,5,0.09375,36.0,0.0,True,False
768,4 4 4 12,384,120.0,2,1.25,False,18000,3.1354166666666665,0,530,188,10,0,4,24,12,40,8,2,0.041666666666666664,16.0,0.0,True,False
768,4 4 4 12,384,120.0,2,1.25,False,18250,3.1354166666666665,0,530,188,10,0,4,24,12,40,8,2,0.041666666666666664,16.0,0.0,True,False
768,4 4 4 12,384,120.0,2,1.25,False,18500,3.1354166666666665,0,552,172,8,0,4,20,12,36,6,2,0.041666666666666664,16.0,0.0,True,False
768,4 4 4 12,384,120.0,2,1.25,False,18750,3.1354166666666665,0,552,172,8,0,4,20,12,36,6,2,0.041666666666666664,16.0,0.0,True,False
768,4 4 4 12,384,120.0,2,1.25,False,19000,3.1354166666666665,0,552,172,8,0,4,20,12,36,6,2,0.041666666666666664,16.0,0.0,True,False
768,4 4 4 12,384,120.0,2,1.25,False,19250,3.1354166666666665,0,552,172,8,0,4,20,12,36,6,2,0.041666666666666664,16.0,0.0,True,False
768,4 4 4 12,384,120.0,2,1.25,False,19500,3.109375,0,574,156,6,0,4,16,12,32,4,2,0.09375,36.0,0.0,True,False
768,4 4 4 12,384,120.0,2,1.25,False,19750,3.1354166666666665,0,530,188,10,0,8,16,16,40,6,2,0.041666666666666664,16.0,0.0,True,False
768,4 4 4 12,384,120.0,2,1.25,False,20000,3.1354166666666665,0,530,188,10,0,8,16,16,40,6,2,0.041666666666666664,16.0,0.0,True,False
768,4 4 4 12,384,120.0,2,1.25,False,20250,3.1354166666666665,0,508,204,12,0,8,20,16,44,6,3,0.041666666666666664,16.0,0.0,True,False
768,4 4 4 12,384,120.0,2,1.25,False,20500,3.1354166666666665,0,508,204,12,0,8,20,16,44,6,3,0.041666666666666664,16.0,0.0,True,False
768,4 4 4 12,384,120.0,2,1.25,False,20750,3.1354166666666665,0,508,204,12,0,8,20,16,44,6,3,0.041666666666666664,16.0,0.0,True,False
768,4 4 4 12,384,120.0,2,1.25,False,21000,3.1354166666666665,0,508,204,12,0,8,20,16,44,6,3,0.041666666666666664,16.0,0.0,True,False
768,4 4 4 12,384,120.0,2,1.25,False,21250,3.1354166666666665,0,488,216,16,0,8,24,16,48,10,3,0.041666666666666664,16.0,0.0,True,False
768,4 4 4 12,384,120.0,2,1.25,False,21500,3.1354166666666665,0,468,228,20,0,8,28,16,52,10,6,0.041666666666666664,16.0,0.0,True,False
768,4 4 4 12,384,120.0,2,1.25,False,21750,3.1354166666666665,0,468,228,20,0,8,28,16,52,10,6,0.041666666666666664,16.0,0.0,True,False
768,4 4 4 12,384,120.0,2,1.25,False,22000,3.1354166666666665,0,448,240,24,0,12,24,20,56,12,6,0.041666666666666664,16.0,0.0,True,False
768,4 4 4 12,384,120.0,2,1.25,False,22250,3.1354166666666665,0,466,232,18,0,12,20,20,52,10,3,0.041666666666666664,16.0,0.0,True,False
768,4 4 4 12,384,120.0,2,1.25,False,22500,3.1354166666666665,0,466,232,18,0,12,20,20,52,10,3,0.041666666666666664,16.0,0.0,True,False
768,4 4 4 12,384,120.0,2,1.25,False,22750,3.1354166666666665,0,488,216,16,0,12,16,20,48,8,3,0.041666666666666664,16.0,0.0,True,False
768,4 4 4 12,384,120.0,2,1.25,False,23000,3.1354166666666665,0,488,216,16,0,12,16,20,48,8,3,0.041666666666666664,16.0,0.0,True,False
768,4 4 4 12,384,120.0,2,1.25,False,23250,3.1354166666666665,0,488,216,16,0,12,16,20,48,8,3,0.041666666666666664,16.0,0.0,True,False
768,4 4 4 12,384,120.0,2,1.25,False,23500,3.109375,0,532,184,12,0,8,16,16,40,6,3,0.09375,36.0,0.0,True,False
768,4 4 4 12,384,120.0,2,1.25,False,23750,3.109375,0,532,184,12,0,8,16,16,40,6,3,0.09375,36.0,0.0,True,False
768,4 4 4 12,384,120.0,2,1.25,False,24000,3.1354166666666665,0,535,178,15,0,8,16,16,40,9,3,0.041666666666666664,16.0,0.0,True,False
768,4 4 4 12,384,120.0,2,1.25,False,24250,3.1354166666666665,0,535,178,15,0,8,16,16,40,9,3,0.041666666666666664,16.0,0.0,True,False
768,4 4 4 12,384,120.0,2,1.25,False,24500,3.1354166666666665,0,535,178,15,0,8,16,16,40,9,3,0.041666666666666664,16.0,0.0,True,False
768,4 4 4 12,384,120.0,2,1.25,False,24750,3.1354166666666665,0,555,166,11,0,8,12,16,36,7,2,0.041666666666666664,16.0,0.0,True,False
768,4 4 4 12,384,120.0,2,1.25,False,25000,3.1354166666666665,0,555,166,11,0,8,12,16,36,7,2,0.041666666666666664,16.0,0.0,True,False
768,4 4 4 12,384,120.0,2,1.25,False,25250,3.1354166666666665,0,600,132,8,0,4,12,12,28,6,2,0.041666666666666664,16.0,0.0,True,False
768,4 4 4 12,384,120.0,2,1.25,False,25500,3.1354166666666665,0,600,132,8,0,4,12,12,28,6,2,0.041666666666666664,16.0,0.0,True,False
768,4 4 4 12,384,120.0,2,1.25,False,25750,3.1354166666666665,0,600,132,8,0,4,12,12,28,6,2,0.041666666666666664,16.0,0.0,True,False
768,4 4 4 12,384,120.0,2,1.25,False,26000,3.1354166666666665,0,576,152,8,0,4,16,12,32,6,2,0.041666666666666664,16.0,0.0,True,False
768,4 4 4 12,384,120.0,2,1.25,False,26250,3.1354166666666665,0,576,152,8,0,4,16,12,32,6,2,0.041666666666666664,16.0,0.0,True,False
768,4 4 4 12,384,120.0,2,1.25,False,26500,3.1354166666666665,0,576,152,8,0,4,16,12,32,6,2,0.041666666666666664,16.0,0.0,True,False
768,4 4 4 12,384,120.0,2,1.25,False,26750,3.1354166666666665,0,576,152,8,0,4,16,12,32,6,2,0.041666666666666664,16.0,0.0,True,False
768,4 4 4 12,384,120.0,2,1.25,False,27000,3.1354166666666665,0,576,152,8,0,4,16,12,32,6,2,0.041666666666666664,16.0,0.0,True,False
768,4 4 4 12,384,120.0,2,1.25,False,27250,3.1354166666666665,0,576,152,8,0,4,16,12,32,6,2,0.041666666666666664,16.0,0.0,True,False
768,4 4 4 12,384,120.0,2,1.25,False,27500,3.1354166666666665,0,555,166,11,0,8,12,16,36,7,2,0.041666666666666664,16.0,0.0,True,False
768,4 4 4 12,384,120.0,2,1.25,False,27750,3.1354166666666665,0,533,182,13,0,8,16,16,40,9,2,0.041666666666666664,16.0,0.0,True,False
768,4 4 4 12,384,120.0,2,1.25,False,28000,3.1354166666666665,0,554,168,10,0,4,20,12,36,8,2,0.041666666666666664,16.0,0.0,True,False
768,4 4 4 12,384,120.0,2,1.25,False,28250,3.1354166666666665,0,554,168,10,0,4,20,12,36,8,2,0.041666666666666664,16.0,0.0,True,False
768,4 4 4 12,384,120.0,2,1.25,False,28500,3.109375,0,554,168,10,0,4,20,12,36,8,2,0.09375,36.0,0.0,True,False
768,4 4 4 12,384,120.0,2,1.25,False,28750,3.109375,0,554,168,10,0,4,20,12,36,8,2,0.09375,36.0,0.0,True,False
768,4 4 4 12,384,120.0,2,1.25,False,29000,3.109375,0,554,168,10,0,4,20,12,36,8,2,0.09375,36.0,0.0,True,False
768,4 4 4 12,384,120.0,2,1.25,False,29250,3.109375,0,576,152,8,0,4,16,12,32,6,2,0.09375,36.0,0.0,True,False
768,4 4 4 12,384,120.0,2,1.25,False,29500,3.1354166666666665,0,555,166,11,0,4,20,12,36,7,3,0.041666666666666664,16.0,0.0,True,False
768,4 4 4 12,384,120.0,2,1.25,False,29750,3.1354166666666665,0,555,166,11,0,4,20,12,36,7,3,0.041666666666666664,16.0,0.0,True,False
768,4 4 4 12,384,120.0,2,1.25,False,30000,3.1354166666666665,0,555,166,11,0,4,20,12,36,7,3,0.041666666666666664,16.0,0.0,True,False
768,4 4 4 12,384,120.0,2,1.25,False,30250,3.109375,0,574,156,6,0,4,16,12,32,4,2,0.09375,36.0,0.0,True,False
768,4 4 4 12,384,120.0,2,1.25,False,30500,3.1328125,0,510,204,10,0,8,24,12,44,8,2,0.046875,18.0,0.0,True,False
768,4 4 4 12,384,120.0,2,1.25,False,30750,3.1067708333333335,0,510,204,10,0,8,24,12,44,6,2,0.09895833333333333,38.0,0.0,True,False
768,4 4 4 12,384,120.0,2,1.25,False,31000,3.1067708333333335,0,510,204,10,0,8,24,12,44,6,2,0.09895833333333333,38.0,0.0,True,False
768,4 4 4 12,384,120.0,2,1.25,False,31250,3.1328125,0,452,236,24,0,12,28,16,56,14,3,0.046875,18.0,0.0,True,False
768,4 4 4 12,384,120.0,2,1.25,False,31500,3.1328125,0,452,236,24,0,12,28,16,56,14,3,0.046875,18.0,0.0,True,False
768,4 4 4 12,384,120.0,2,1.25,False,31750,3.1328125,0,430,252,26,0,12,32,16,60,14,3,0.046875,18.0,0.0,True,False
768,4 4 4 12,384,120.0,2,1.25,False,32000,3.1328125,0,430,252,26,0,12,32,16,60,14,3,0.046875,18.0,0.0,True,False
768,4 4 4 12,384,120.0,2,1.25,False,32250,3.1328125,0,430,252,26,0,12,32,16,60,14,3,0.046875,18.0,0.0,True,False
768,4 4 4 12,384,120.0,2,1.25,False,32500,3.1328125,0,430,252,26,0,12,32,16,60,14,3,0.046875,18.0,0.0,True,False
768,4 4 4 12,384,120.0,2,1.25,False,32750,3.1328125,0,413,259,31,1,16,28,20,65,13,5,0.046875,18.0,0.0,True,False
768,4 4 4 12,384,120.0,2,1.25,False,33000,3.1328125,0,413,259,31,1,16,28,20,65,13,5,0.046875,18.0,0.0,True,False
768,4 4 4 12,384,120.0,2,1.25,False,33250,3.1328125,0,413,259,31,1,16,28,20,65,13,5,0.046875,18.0,0.0,True,False
768,4 4 4 12,384,120.0,2,1.25,False,33500,3.1328125,0,413,259,31,1,16,28,20,65,13,5,0.046875,18.0,0.0,True,False
768,4 4 4 12,384,120.0,2,1.25,False,33750,3.1328125,0,435,243,29,1,16,24,20,61,13,5,0.046875,18.0,0.0,True,False
768,4 4 4 12,384,120.0,2,1.25,False,34000,3.1328125,0,435,243,29,1,16,24,20,61,13,5,0.046875,18.0,0.0,True,False
768,4 4 4 12,384,120.0,2,1.25,False,34250,3.1328125,0,454,232,26,0,16,20,20,56,11,5,0.046875,18.0,0.0,True,False
768,4 4 4 12,384,120.0,2,1.25,False,34500,3.1328125,0,454,232,26,0,16,20,20,56,11,5,0.046875,18.0,0.0,True,False
768,4 4 4 12,384,120.0,2,1.25,False,34750,3.1302083333333335,0,456,232,24,0,16,24,16,56,9,5,0.052083333333333336,20.0,0.0,True,False
768,4 4 4 12,384,120.0,2,1.25,False,35000,3.1302083333333335,0,456,232,24,0,16,24,16,56,9,5,0.052083333333333336,20.0,0.0,True,False
768,4 4 4 12,384,120.0,2,1.25,False,35250,3.1302083333333335,0,437,243,27,1,16,28,16,61,11,5,0.052083333333333336,20.0,0.0,True,False
768,4 4 4 12,384,120.0,2,1.25,False,35500,3.1302083333333335,0,454,236,22,0,12,32,12,56,13,3,0.052083333333333336,20.0,0.0,True,False
768,4 4 4 12,384,120.0,2,1.25,False,35750,3.1302083333333335,0,454,236,22,0,12,32,12,56,13,3,0.052083333333333336,20.0,0.0,True,False
768,4 4 4 12,384,120.0,2,1.25,False,36000,3.1302083333333335,0,454,236,22,0,12,32,12,56,13,3,0.052083333333333336,20.0,0.0,True,False
768,4 4 4 12,384,120.0,2,1.25,False,36250,3.1302083333333335,0,454,236,22,0,12,32,12,56,13,3,0.052083333333333336,20.0,0.0,True,False
768,4 4 4 12,384,120.0,2,1.25,False,36500,3.1302083333333335,0,456,232,24,0,16,24,16,56,9,5,0.052083333333333336,20.0,0.0,True,False
768,4 4 4 12,384,120.0,2,1.25,False,36750,3.1302083333333335,0,456,232,24,0,16,24,16,56,9,5,0.052083333333333336,20.0,0.0,True,False
768,4 4 4 12,384,120.0,2,1.25,False,37000,3.1302083333333335,0,456,232,24,0,16,24,16,56,9,5,0.052083333333333336,20.0,0.0,True,False
768,4 4 4 12,384,120.0,2,1.25,False,37250,3.1302083333333335,0,456,232,24,0,16,24,16,56,9,5,0.052083333333333336,20.0,0.0,True,False
768,4 4 4 12,384,120.0,2,1.25,False,37500,3.1302083333333335,0,456,232,24,0,16,24,16,56,9,5,0.052083333333333336,20.0,0.0,True,False
768,4 4 4 12,384,120.0,2,1.25,False,37750,3.1302083333333335,0,472,228,16,0,16,20,16,52,10,2,0.052083333333333336,20.0,0.0,True,False
768,4 4 4 12,384,120.0,2,1.25,False,38000,3.1302083333333335,0,472,228,16,0,16,20,16,52,10,2,0.052083333333333336,20.0,0.0,True,False
768,4 4 4 12,384,120.0,2,1.25,False,38250,3.1302083333333335,0,472,228,16,0,16,20,16,52,10,2,0.052083333333333336,20.0,0.0,True,False
768,4 4 4 12,384,120.0,2,1.25,False,38500,3.1302083333333335,0,472,228,16,0,16,20,16,52,10,2,0.052083333333333336,20.0,0.0,True,False
768,4 4 4 12,384,120.0,2,1.25,False,38750,3.1302083333333335,0,472,228,16,0,16,20,16,52,10,2,0.052083333333333336,20.0,0.0,True,False
768,4 4 4 12,384,120.0,2,1.25,False,39000,3.1302083333333335,0,472,228,16,0,16,20,16,52,10,2,0.052083333333333336,20.0,0.0,True,False
768,4 4 4 12,384,120.0,2,1.25,False,39250,3.1302083333333335,0,468,236,12,0,12,28,12,52,8,3,0.052083333333333336,20.0,0.0,True,False
768,4 4 4 12,384,120.0,2,1.25,False,39500,3.1302083333333335,0,412,264,28,0,20,24,20,64,12,4,0.052083333333333336,20.0,0.0,True,False
768,4 4 4 12,384,120.0,2,1.25,False,39750,3.1302083333333335,0,432,252,24,0,20,20,20,60,11,4,0.052083333333333336,20.0,0.0,True,False
768,4 4 4 12,384,120.0,2,1.25,False,40000,3.1302083333333335,0,432,252,24,0,20,20,20,60,11,4,0.052083333333333336,20.0,0.0,True,False
768,4 4 4 12,384,120.0,2,1.25,False,40250,3.1302083333333335,0,432,252,24,0,20,20,20,60,11,4,0.052083333333333336,20.0,0.0,True,False
768,4 4 4 12,384,120.0,2,1.25,False,40500,3.1302083333333335,0,412,264,28,0,20,24,20,64,12,4,0.052083333333333336,20.0,0.0,True,False
768,4 4 4 12,384,120.0,2,1.25,False,40750,3.1302083333333335,0,412,264,28,0,20,24,20,64,12,4,0.052083333333333336,20.0,0.0,True,False
768,4 4 4 12,384,120.0,2,1.25,False,41000,3.1302083333333335,0,450,244,18,0,16,24,16,56,10,3,0.052083333333333336,20.0,0.0,True,False
768,4 4 4 12,384,120.0,2,1.25,False,41250,3.1302083333333335,0,432,252,24,0,20,20,20,60,11,4,0.052083333333333336,20.0,0.0,True,False
768,4 4 4 12,384,120.0,2,1.25,False,41500,3.1302083333333335,0,432,252,24,0,20,20,20,60,11,4,0.052083333333333336,20.0,0.0,True,False
768,4 4 4 12,384,120.0,2,1.25,False,41750,3.1302083333333335,0,432,252,24,0,20,20,20,60,11,4,0.052083333333333336,20.0,0.0,True,False
768,4 4 4 12,384,120.0,2,1.25,False,42000,3.1302083333333335,0,432,252,24,0,20,20,20,60,11,4,0.052083333333333336,20.0,0.0,True,False
768,4 4 4 12,384,120.0,2,1.25,False,42250,3.1302083333333335,0,432,252,24,0,20,20,20,60,11,4,0.052083333333333336,20.0,0.0,True,False
768,4 4 4 12,384,120.0,2,1.25,False,42500,3.1302083333333335,0,454,236,22,0,16,24,16,56,10,4,0.052083333333333336,20.0,0.0,True,False
768,4 4 4 12,384,120.0,2,1.25,False,42750,3.1302083333333335,0,454,236,22,0,16,24,16,56,10,4,0.052083333333333336,20.0,0.0,True,False
768,4 4 4 12,384,120.0,2,1.25,False,43000,3.1302083333333335,0,454,236,22,0,16,24,16,56,10,4,0.052083333333333336,20.0,0.0,True,False
768,4 4 4 12,384,120.0,2,1.25,False,43250,3.1302083333333335,0,476,220,20,0,16,20,16,52,11,4,0.052083333333333336,20.0,0.0,True,False
768,4 4 4 12,384,120.0,2,1.25,False,43500,3.1302083333333335,0,476,220,20,0,16,20,16,52,11,4,0.052083333333333336,20.0,0.0,True,False
768,4 4 4 12,384,120.0,2,1.25,False,43750,3.1041666666666665,0,518,192,14,0,12,20,12,44,9,2,0.10416666666666667,40.0,0.0,True,False
768,4 4 4 12,384,120.0,2,1.25,False,44000,3.1041666666666665,0,518,192,14,0,12,20,12,44,9,2,0.10416666666666667,40.0,0.0,True,False
768,4 4 4 12,384,120.0,2,1.25,False,44250,3.1041666666666665,0,518,192,14,0,12,20,12,44,9,2,0.10416666666666667,40.0,0.0,True,False
768,4 4 4 12,384,120.0,2,1.25,False,44500,3.1041666666666665,0,518,192,14,0,12,20,12,44,9,2,0.10416666666666667,40.0,0.0,True,False
768,4 4 4 12,384,120.0,2,1.25,False,44750,3.1041666666666665,0,518,192,14,0,12,20,12,44,9,2,0.10416666666666667,40.0,0.0,True,False
768,4 4 4 12,384,120.0,2,1.25,False,45000,3.1041666666666665,0,520,188,16,0,12,24,8,44,11,3,0.10416666666666667,40.0,0.0,True,False
768,4 4 4 12,384,120.0,2,1.25,False,45250,3.1041666666666665,0,520,188,16,0,12,24,8,44,11,3,0.10416666666666667,40.0,0.0,True,False
768,4 4 4 12,384,120.0,2,1.25,False,45500,3.1041666666666665,0,520,188,16,0,12,24,8,44,10,4,0.10416666666666667,40.0,0.0,True,False
768,4 4 4 12,384,120.0,2,1.25,False,45750,3.1041666666666665,0,520,188,16,0,12,24,8,44,10,4,0.10416666666666667,40.0,0.0,True,False
768,4 4 4 12,384,120.0,2,1.25,False,46000,3.1041666666666665,0,518,192,14,0,12,24,8,44,8,4,0.10416666666666667,40.0,0.0,True,False
768,4 4 4 12,384,120.0,2,1.25,False,46250,3.1302083333333335,0,516,196,12,0,12,24,8,44,9,2,0.052083333333333336,20.0,0.0,True,False
768,4 4 4 12,384,120.0,2,1.25,False,46500,3.1041666666666665,0,534,188,6,0,12,20,8,40,4,2,0.10416666666666667,40.0,0.0,True,False
768,4 4 4 12,384,120.0,2,1.25,False,46750,3.1041666666666665,0,536,184,8,0,12,20,8,40,6,2,0.10416666666666667,40.0,0.0,True,False
768,4 4 4 12,384,120.0,2,1.25,False,47000,3.1041666666666665,0,536,184,8,0,12,20,8,40,6,2,0.10416666666666667,40.0,0.0,True,False
768,4 4 4 12,384,120.0,2,1.25,False,47250,3.1041666666666665,0,536,184,8,0,12,20,8,40,6,2,0.10416666666666667,40.0,0.0,True,False
768,4 4 4 12,384,120.0,2,1.25,False,47500,3.1432291666666665,0,505,204,13,0,12,26,8,46,11,2,0.026041666666666668,10.0,0.0,True,False
768,4 4 4 12,384,120.0,2,1.25,False,47750,3.1432291666666665,0,483,220,15,0,16,22,12,50,11,2,0.026041666666666668,10.0,0.0,True,False
768,4 4 4 12,384,120.0,2,1.25,False,48000,3.1041666666666665,0,514,200,10,0,16,16,12,44,6,2,0.10416666666666667,40.0,0.0,True,False
768,4 4 4 12,384,120.0,2,1.25,False,48250,3.1302083333333335,0,494,212,14,0,16,20,12,48,8,3,0.052083333333333336,20.0,0.0,True,False
768,4 4 4 12,384,120.0,2,1.25,False,48500,3.1302083333333335,0,472,228,16,0,16,24,12,52,8,3,0.052083333333333336,20.0,0.0,True,False
768,4 4 4 12,384,120.0,2,1.25,False,48750,3.1302083333333335,0,452,240,20,0,16,24,16,56,9,4,0.052083333333333336,20.0,0.0,True,False
768,4 4 4 12,384,120.0,2,1.25,False,49000,3.1302083333333335,0,472,228,16,0,16,24,12,52,8,3,0.052083333333333336,20.0,0.0,True,False
768,4 4 4 12,384,120.0,2,1.25,False,49250,3.1041666666666665,0,472,228,16,0,16,20,16,52,7,3,0.10416666666666667,40.0,0.0,True,False
768,4 4 4 12,384,120.0,2,1.25,False,49500,3.1041666666666665,0,476,220,20,0,16,20,16,52,9,5,0.10416666666666667,40.0,0.0,True,False
768,4 4 4 12,384,120.0,2,1.25,False,49750,3.1302083333333335,0,439,239,29,1,20,20,20,61,14,5,0.052083333333333336,20.0,0.0,True,False
768,4 4 4 12,384,120.0,2,1.25,False,50000,3.1302083333333335,0,421,247,35,1,20,24,20,65,16,6,0.052083333333333336,20.0,0.0,True,True
768,4 4 4 12,384,120.0,3,1.25,False,0,3.0,0,768,0,0,0,0,0,0,0,0,0,0.3125,120.0,0.0,False,False
768,4 4 4 12,384,120.0,3,1.25,False,250,3.1145833333333335,0,704,56,0,0,0,0,8,8,0,0,0.08333333333333333,32.0,0.0,True,False
768,4 4 4 12,384,120.0,3,1.25,False,500,3.1145833333333335,0,704,56,0,0,0,0,8,8,0,0,0.08333333333333333,32.0,0.0,True,False
768,4 4 4 12,384,120.0,3,1.25,False,750,3.1145833333333335,0,706,52,2,0,0,0,8,8,2,1,0.08333333333333333,32.0,0.0,True,False
768,4 4 4 12,384,120.0,3,1.25,False,1000,3.0859375,0,720,42,0,0,0,0,6,6,0,0,0.140625,54.0,0.0,True,False
768,4 4 4 12,384,120.0,3,1.25,False,1250,3.1119791666666665,0,698,58,2,0,0,4,6,10,2,1,0.08854166666666667,34.0,0.0,True,False
768,4 4 4 12,384,120.0,3,1.25,False,1500,3.1119791666666665,0,696,62,0,0,0,4,6,10,0,0,0.08854166666666667,34.0,0.0,True,False
768,4 4 4 12,384,120.0,3,1.25,False,1750,3.1119791666666665,0,696,62,0,0,0,4,6,10,0,0,0.08854166666666667,34.0,0.0,True,False
768,4 4 4 12,384,120.0,3,1.25,False,2000,3.0833333333333335,0,712,48,0,0,0,4,4,8,0,0,0.14583333333333334,56.0,0.0,True,False
768,4 4 4 12,384,120.0,3,1.25,False,2250,3.1119791666666665,0,662,88,2,0,0,4,12,16,2,1,0.08854166666666667,34.0,0.0,True,False
768,4 4 4 12,384,120.0,3,1.25,False,2500,3.0859375,0,685,70,1,0,0,0,12,12,1,1,0.140625,54.0,0.0,True,False
768,4 4 4 12,384,120.0,3,1.25,False,2750,3.1119791666666665,0,639,106,3,0,4,0,16,20,3,1,0.08854166666666667,34.0,0.0,True,False
768,4 4 4 12,384,120.0,3,1.25,False,3000,3.1119791666666665,0,662,88,2,0,4,0,12,16,2,1,0.08854166666666667,34.0,0.0,True,False
768,4 4 4 12,384,120.0,3,1.25,False,3250,3.1119791666666665,0,662,88,2,0,4,0,12,16,2,1,0.08854166666666667,34.0,0.0,True,False
768,4 4 4 12,384,120.0,3,1.25,False,3500,3.1119791666666665,0,660,92,0,0,4,0,12,16,0,0,0.08854166666666667,34.0,0.0,True,False
768,4 4 4 12,384,120.0,3,1.25,False,3750,3.1119791666666665,0,614,128,2,0,4,4,16,24,2,1,0.08854166666666667,34.0,0.0,True,False
768,4 4 4 12,384,120.0,3,1.25,False,4000,3.0833333333333335,0,640,108,0,0,4,4,12,20,0,0,0.14583333333333334,56.0,0.0,True,False
768,4 4 4 12,384,120.0,3,1.25,False,4250,3.109375,0,664,88,0,0,4,4,8,16,0,0,0.09375,36.0,0.0,True,False
768,4 4 4 12,384,120.0,3,1.25,False,4500,3.109375,0,666,84,2,0,4,4,8,16,2,1,0.09375,36.0,0.0,True,False
768,4 4 4 12,384,120.0,3,1.25,False,4750,3.109375,0,664,88,0,0,4,4,8,16,0,0,0.09375,36.0,0.0,True,False
768,4 4 4 12,384,120.0,3,1.25,False,5000,3.1080729166666665,0,654,96,0,0,4,6,8,18,0,0,0.09635416666666667,37.0,0.0,True,False
768,4 4 4 12,384,120.0,3,1.25,False,5250,3.1067708333333335,0,645,102,1,0,4,8,8,20,1,1,0.09895833333333333,38.0,0.0,True,False
768,4 4 4 12,384,120.0,3,1.25,False,5500,3.1067708333333335,0,645,102,1,0,4,8,8,20,1,1,0.09895833333333333,38.0,0.0,True,False
768,4 4 4 12,384,120.0,3,1.25,False,5750,3.1067708333333335,0,645,102,1,0,4,8,8,20,1,1,0.09895833333333333,38.0,0.0,True,False
768,4 4 4 12,384,120.0,3,1.25,False,6000,3.1067708333333335,0,645,102,1,0,4,8,8,20,1,1,0.09895833333333333,38.0,0.0,True,False
768,4 4 4 12,384,120.0,3,1.25,False,6250,3.1067708333333335,0,621,122,1,0,8,4,12,24,1,1,0.09895833333333333,38.0,0.0,True,False
768,4 4 4 12,384,120.0,3,1.25,False,6500,3.1067708333333335,0,597,142,1,0,8,8,12,28,1,1,0.09895833333333333,38.0,0.0,True,False
768,4 4 4 12,384,120.0,3,1.25,False,6750,3.1067708333333335,0,597,142,1,0,8,8,12,28,1,1,0.09895833333333333,38.0,0.0,True,False
768,4 4 4 12,384,120.0,3,1.25,False,7000,3.1067708333333335,0,621,122,1,0,4,12,8,24,1,1,0.09895833333333333,38.0,0.0,True,False
768,4 4 4 12,384,120.0,3,1.25,False,7250,3.1067708333333335,0,621,122,1,0,4,12,8,24,1,1,0.09895833333333333,38.0,0.0,True,False
768,4 4 4 12,384,120.0,3,1.25,False,7500,3.1067708333333335,0,621,122,1,0,4,12,8,24,1,1,0.09895833333333333,38.0,0.0,True,False
768,4 4 4 12,384,120.0,3,1.25,False,7750,3.1067708333333335,0,621,122,1,0,8,4,12,24,1,1,0.09895833333333333,38.0,0.0,True,False
768,4 4 4 12,384,120.0,3,1.25,False,8000,3.1067708333333335,0,621,122,1,0,8,4,12,24,1,1,0.09895833333333333,38.0,0.0,True,False
768,4 4 4 12,384,120.0,3,1.25,False,8250,3.1067708333333335,0,621,122,1,0,8,4,12,24,1,1,0.09895833333333333,38.0,0.0,True,False
768,4 4 4 12,384,120.0,3,1.25,False,8500,3.1041666666666665,0,625,118,1,0,8,8,8,24,1,1,0.10416666666666667,40.0,0.0,True,False
768,4 4 4 12,384,120.0,3,1.25,False,8750,3.1041666666666665,0,625,118,1,0,8,8,8,24,1,1,0.10416666666666667,40.0,0.0,True,False
768,4 4 4 12,384,120.0,3,1.25,False,9000,3.1041666666666665,0,625,118,1,0,8,8,8,24,1,1,0.10416666666666667,40.0,0.0,True,False
768,4 4 4 12,384,120.0,3,1.25,False,9250,3.1041666666666665,0,625,118,1,0,4,16,4,24,1,1,0.10416666666666667,40.0,0.0,True,False
768,4 4 4 12,384,120.0,3,1.25,False,9500,3.1041666666666665,0,625,118,1,0,4,16,4,24,1,1,0.10416666666666667,40.0,0.0,True,False
768,4 4 4 12,384,120.0,3,1.25,False,9750,3.1041666666666665,0,625,118,1,0,4,16,4,24,1,1,0.10416666666666667,40.0,0.0,True,False
768,4 4 4 12,384,120.0,3,1.25,False,10000,3.078125,0,648,100,0,0,4,12,4,20,0,0,0.15625,60.0,0.0,True,False
768,4 4 4 12,384,120.0,3,1.25,False,10250,3.078125,0,624,120,0,0,8,8,8,24,0,0,0.15625,60.0,0.0,True,False
768,4 4 4 12,384,120.0,3,1.25,False,10500,3.1041666666666665,0,584,144,8,0,12,8,12,32,6,2,0.10416666666666667,40.0,0.0,True,False
768,4 4 4 12,384,120.0,3,1.25,False,10750,3.1041666666666665,0,584,144,8,0,12,8,12,32,6,2,0.10416666666666667,40.0,0.0,True,False
768,4 4 4 12,384,120.0,3,1.25,False,11000,3.1041666666666665,0,584,144,8,0,12,8,12,32,6,2,0.10416666666666667,40.0,0.0,True,False
768,4 4 4 12,384,120.0,3,1.25,False,11250,3.1041666666666665,0,584,144,8,0,12,8,12,32,6,2,0.10416666666666667,40.0,0.0,True,False
768,4 4 4 12,384,120.0,3,1.25,False,11500,3.1041666666666665,0,584,144,8,0,12,8,12,32,6,2,0.10416666666666667,40.0,0.0,True,False
768,4 4 4 12,384,120.0,3,1.25,False,11750,3.1041666666666665,0,560,164,8,0,12,12,12,36,6,2,0.10416666666666667,40.0,0.0,True,False
768,4 4 4 12,384,120.0,3,1.25,False,12000,3.1041666666666665,0,560,164,8,0,12,12,12,36,6,2,0.10416666666666667,40.0,0.0,True,False
768,4 4 4 12,384,120.0,3,1.25,False,12250,3.1041666666666665,0,490,220,10,0,16,16,16,48,7,2,0.10416666666666667,40.0,0.0,True,False
768,4 4 4 12,384,120.0,3,1.25,False,12500,3.1041666666666665,0,490,220,10,0,16,16,16,48,7,2,0.10416666666666667,40.0,0.0,True,False
768,4 4 4 12,384,120.0,3,1.25,False,12750,3.1041666666666665,0,490,220,10,0,16,16,16,48,7,2,0.10416666666666667,40.0,0.0,True,False
768,4 4 4 12,384,120.0,3,1.25,False,13000,3.1041666666666665,0,490,220,10,0,16,16,16,48,7,2,0.10416666666666667,40.0,0.0,True,False
768,4 4 4 12,384,120.0,3,1.25,False,13250,3.1041666666666665,0,510,208,6,0,16,12,16,44,4,2,0.10416666666666667,40.0,0.0,True,False
768,4 4 4 12,384,120.0,3,1.25,False,13500,3.1041666666666665,0,490,220,10,0,16,16,16,48,6,2,0.10416666666666667,40.0,0.0,True,False
768,4 4 4 12,384,120.0,3,1.25,False,13750,3.1041666666666665,0,490,220,10,0,16,16,16,48,6,2,0.10416666666666667,40.0,0.0,True,False
768,4 4 4 12,384,120.0,3,1.25,False,14000,3.1041666666666665,0,490,220,10,0,16,16,16,48,6,2,0.10416666666666667,40.0,0.0,True,False
768,4 4 4 12,384,120.0,3,1.25,False,14250,3.1041666666666665,0,490,220,10,0,16,16,16,48,6,2,0.10416666666666667,40.0,0.0,True,False
768,4 4 4 12,384,120.0,3,1.25,False,14500,3.1041666666666665,0,490,220,10,0,16,16,16,48,6,2,0.10416666666666667,40.0,0.0,True,False
768,4 4 4 12,384,120.0,3,1.25,False,14750,3.1041666666666665,0,490,220,10,0,16,16,16,48,6,2,0.10416666666666667,40.0,0.0,True,False
768,4 4 4 12,384,120.0,3,1.25,False,15000,3.1041666666666665,0,512,204,8,0,12,20,12,44,4,2,0.10416666666666667,40.0,0.0,True,False
768,4 4 4 12,384,120.0,3,1.25,False,15250,3.1041666666666665,0,512,204,8,0,12,20,12,44,4,2,0.10416666666666667,40.0,0.0,True,False
768,4 4 4 12,384,120.0,3,1.25,False,15500,3.1041666666666665,0,512,204,8,0,12,20,12,44,4,2,0.10416666666666667,40.0,0.0,True,False
768,4 4 4 12,384,120.0,3,1.25,False,15750,3.1041666666666665,0,512,204,8,0,12,20,12,44,4,2,0.10416666666666667,40.0,0.0,True,False
768,4 4 4 12,384,120.0,3,1.25,False,16000,3.0729166666666665,0,496,216,8,0,16,24,8,48,4,2,0.16666666666666666,64.0,0.0,True,False
768,4 4 4 12,384,120.0,3,1.25,False,16250,3.0989583333333335,0,478,224,14,0,16,28,8,52,9,2,0.11458333333333333,44.0,0.0,True,False
768,4 4 4 12,384,120.0,3,1.25,False,16500,3.0989583333333335,0,454,244,14,0,16,32,8,56,9,2,0.11458333333333333,44.0,0.0,True,False
768,4 4 4 12,384,120.0,3,1.25,False,16750,3.0729166666666665,0,476,228,12,0,16,28,8,52,8,2,0.16666666666666666,64.0,0.0,True,False
768,4 4 4 12,384,120.0,3,1.25,False,17000,3.0729166666666665,0,476,228,12,0,16,28,8,52,8,2,0.16666666666666666,64.0,0.0,True,False
768,4 4 4 12,384,120.0,3,1.25,False,17250,3.0729166666666665,0,472,236,8,0,16,28,8,52,4,2,0.16666666666666666,64.0,0.0,True,False
768,4 4 4 12,384,120.0,3,1.25,False,17500,3.0729166666666665,0,472,236,8,0,16,28,8,52,4,2,0.16666666666666666,64.0,0.0,True,False
768,4 4 4 12,384,120.0,3,1.25,False,17750,3.0729166666666665,0,472,236,8,0,16,28,8,52,4,2,0.16666666666666666,64.0,0.0,True,False
768,4 4 4 12,384,120.0,3,1.25,False,18000,3.0729166666666665,0,472,236,8,0,16,28,8,52,4,2,0.16666666666666666,64.0,0.0,True,False
768,4 4 4 12,384,120.0,3,1.25,False,18250,3.0989583333333335,0,435,254,19,0,16,36,8,60,12,4,0.11458333333333333,44.0,0.0,True,False
768,4 4 4 12,384,120.0,3,1.25,False,18500,3.0989583333333335,0,435,254,19,0,16,36,8,60,12,4,0.11458333333333333,44.0,0.0,True,False
768,4 4 4 12,384,120.0,3,1.25,False,18750,3.0989583333333335,0,435,254,19,0,16,36,8,60,12,4,0.11458333333333333,44.0,0.0,True,False
768,4 4 4 12,384,120.0,3,1.25,False,19000,3.0729166666666665,0,453,246,13,0,16,32,8,56,9,2,0.16666666666666666,64.0,0.0,True,False
768,4 4 4 12,384,120.0,3,1.25,False,19250,3.0729166666666665,0,472,236,8,0,16,28,8,52,4,2,0.16666666666666666,64.0,0.0,True,False
768,4 4 4 12,384,120.0,3,1.25,False,19500,3.0989583333333335,0,452,248,12,0,16,32,8,56,8,2,0.11458333333333333,44.0,0.0,True,False
768,4 4 4 12,384,120.0,3,1.25,False,19750,3.0989583333333335,0,452,248,12,0,16,32,8,56,8,2,0.11458333333333333,44.0,0.0,True,False
768,4 4 4 12,384,120.0,3,1.25,False,20000,3.0989583333333335,0,452,248,12,0,16,32,8,56,8,2,0.11458333333333333,44.0,0.0,True,False
768,4 4 4 12,384,120.0,3,1.25,False,20250,3.0989583333333335,0,474,232,10,0,16,28,8,52,8,2,0.11458333333333333,44.0,0.0,True,False
768,4 4 4 12,384,120.0,3,1.25,False,20500,3.0989583333333335,0,474,232,10,0,16,28,8,52,8,2,0.11458333333333333,44.0,0.0,True,False
768,4 4 4 12,384,120.0,3,1.25,False,20750,3.0989583333333335,0,474,232,10,0,16,28,8,52,8,2,0.11458333333333333,44.0,0.0,True,False
768,4 4 4 12,384,120.0,3,1.25,False,21000,3.0989583333333335,0,474,232,10,0,16,28,8,52,8,2,0.11458333333333333,44.0,0.0,True,False
768,4 4 4 12,384,120.0,3,1.25,False,21250,3.0989583333333335,0,456,240,16,0,20,24,12,56,10,2,0.11458333333333333,44.0,0.0,True,False
768,4 4 4 12,384,120.0,3,1.25,False,21500,3.0989583333333335,0,456,240,16,0,20,24,12,56,10,2,0.11458333333333333,44.0,0.0,True,False
768,4 4 4 12,384,120.0,3,1.25,False,21750,3.0989583333333335,0,456,240,16,0,20,24,12,56,10,2,0.11458333333333333,44.0,0.0,True,False
768,4 4 4 12,384,120.0,3,1.25,False,22000,3.0989583333333335,0,437,250,21,0,20,28,12,60,15,2,0.11458333333333333,44.0,0.0,True,False
768,4 4 4 12,384,120.0,3,1.25,False,22250,3.0989583333333335,0,417,262,25,0,20,32,12,64,16,3,0.11458333333333333,44.0,0.0,True,False
768,4 4 4 12,384,120.0,3,1.25,False,22500,3.0989583333333335,0,417,262,25,0,20,32,12,64,16,3,0.11458333333333333,44.0,0.0,True,False
768,4 4 4 12,384,120.0,3,1.25,False,22750,3.0989583333333335,0,417,262,25,0,20,32,12,64,16,3,0.11458333333333333,44.0,0.0,True,False
768,4 4 4 12,384,120.0,3,1.25,False,23000,3.0989583333333335,0,417,262,25,0,20,32,12,64,16,3,0.11458333333333333,44.0,0.0,True,False
768,4 4 4 12,384,120.0,3,1.25,False,23250,3.0989583333333335,0,417,262,25,0,20,32,12,64,16,3,0.11458333333333333,44.0,0.0,True,False
768,4 4 4 12,384,120.0,3,1.25,False,23500,3.0989583333333335,0,436,252,20,0,20,28,12,60,11,3,0.11458333333333333,44.0,0.0,True,False
768,4 4 4 12,384,120.0,3,1.25,False,23750,3.0989583333333335,0,436,252,20,0,20,28,12,60,11,3,0.11458333333333333,44.0,0.0,True,False
768,4 4 4 12,384,120.0,3,1.25,False,24000,3.0989583333333335,0,416,264,24,0,20,32,12,64,11,4,0.11458333333333333,44.0,0.0,True,False
768,4 4 4 12,384,120.0,3,1.25,False,24250,3.0989583333333335,0,416,264,24,0,20,32,12,64,11,4,0.11458333333333333,44.0,0.0,True,False
768,4 4 4 12,384,120.0,3,1.25,False,24500,3.09375,0,446,240,22,0,24,28,8,60,11,4,0.125,48.0,0.0,True,False
768,4 4 4 12,384,120.0,3,1.25,False,24750,3.0729166666666665,0,458,236,18,0,16,32,8,56,7,4,0.16666666666666666,64.0,0.0,True,False
768,4 4 4 12,384,120.0,3,1.25,False,25000,3.0729166666666665,0,440,244,24,0,16,36,8,60,11,4,0.16666666666666666,64.0,0.0,True,False
768,4 4 4 12,384,120.0,3,1.25,False,25250,3.0729166666666665,0,440,244,24,0,16,36,8,60,11,4,0.16666666666666666,64.0,0.0,True,False
768,4 4 4 12,384,120.0,3,1.25,False,25500,3.0729166666666665,0,420,256,28,0,16,40,8,64,15,4,0.16666666666666666,64.0,0.0,True,False
768,4 4 4 12,384,120.0,3,1.25,False,25750,3.0729166666666665,0,420,256,28,0,16,40,8,64,15,4,0.16666666666666666,64.0,0.0,True,False
768,4 4 4 12,384,120.0,3,1.25,False,26000,3.0729166666666665,0,420,256,28,0,16,40,8,64,15,4,0.16666666666666666,64.0,0.0,True,False
768,4 4 4 12,384,120.0,3,1.25,False,26250,3.0729166666666665,0,420,256,28,0,16,40,8,64,15,4,0.16666666666666666,64.0,0.0,True,False
768,4 4 4 12,384,120.0,3,1.25,False,26500,3.046875,0,440,244,24,0,16,36,8,60,12,4,0.21875,84.0,0.0,True,False
768,4 4 4 12,384,120.0,3,1.25,False,26750,3.046875,0,440,244,24,0,16,36,8,60,12,4,0.21875,84.0,0.0,True,False
768,4 4 4 12,384,120.0,3,1.25,False,27000,3.046875,0,440,244,24,0,16,36,8,60,12,4,0.21875,84.0,0.0,True,False
768,4 4 4 12,384,120.0,3,1.25,False,27250,3.0729166666666665,0,416,264,24,0,16,40,8,64,12,4,0.16666666666666666,64.0,0.0,True,False
768,4 4 4 12,384,120.0,3,1.25,False,27500,3.0729166666666665,0,416,264,24,0,16,40,8,64,12,4,0.16666666666666666,64.0,0.0,True,False
768,4 4 4 12,384,120.0,3,1.25,False,27750,3.0729166666666665,0,416,264,24,0,16,40,8,64,12,4,0.16666666666666666,64.0,0.0,True,False
768,4 4 4 12,384,120.0,3,1.25,False,28000,3.0416666666666665,0,404,268,28,0,20,44,4,68,12,4,0.22916666666666666,88.0,0.0,True,False
768,4 4 4 12,384,120.0,3,1.25,False,28250,3.0677083333333335,0,386,276,34,0,20,48,4,72,16,6,0.17708333333333334,68.0,0.0,True,False
768,4 4 4 12,384,120.0,3,1.25,False,28500,3.0677083333333335,0,406,264,30,0,20,44,4,68,12,6,0.17708333333333334,68.0,0.0,True,False
768,4 4 4 12,384,120.0,3,1.25,False,28750,3.0677083333333335,0,406,264,30,0,20,44,4,68,12,6,0.17708333333333334,68.0,0.0,True,False
768,4 4 4 12,384,120.0,3,1.25,False,29000,3.0677083333333335,0,382,284,30,0,24,40,8,72,12,6,0.17708333333333334,68.0,0.0,True,False
768,4 4 4 12,384,120.0,3,1.25,False,29250,3.0677083333333335,0,382,284,30,0,24,40,8,72,12,6,0.17708333333333334,68.0,0.0,True,False
768,4 4 4 12,384,120.0,3,1.25,False,29500,3.0677083333333335,0,362,296,34,0,24,44,8,76,16,6,0.17708333333333334,68.0,0.0,True,False
768,4 4 4 12,384,120.0,3,1.25,False,29750,3.0677083333333335,0,362,296,34,0,24,44,8,76,16,6,0.17708333333333334,68.0,0.0,True,False
768,4 4 4 12,384,120.0,3,1.25,False,30000,3.0677083333333335,0,362,296,34,0,24,44,8,76,16,6,0.17708333333333334,68.0,0.0,True,False
768,4 4 4 12,384,120.0,3,1.25,False,30250,3.0677083333333335,0,362,296,34,0,24,44,8,76,16,6,0.17708333333333334,68.0,0.0,True,False
768,4 4 4 12,384,120.0,3,1.25,False,30500,3.0677083333333335,0,362,296,34,0,24,44,8,76,16,6,0.17708333333333334,68.0,0.0,True,False
768,4 4 4 12,384,120.0,3,1.25,False,30750,3.0416666666666665,0,380,288,28,0,24,40,8,72,12,4,0.22916666666666666,88.0,0.0,True,False
768,4 4 4 12,384,120.0,3,1.25,False,31000,3.0416666666666665,0,380,288,28,0,24,40,8,72,12,4,0.22916666666666666,88.0,0.0,True,False
768,4 4 4 12,384,120.0,3,1.25,False,31250,3.0416666666666665,0,380,288,28,0,24,40,8,72,12,4,0.22916666666666666,88.0,0.0,True,False
768,4 4 4 12,384,120.0,3,1.25,False,31500,3.0416666666666665,0,380,288,28,0,24,40,8,72,12,4,0.22916666666666666,88.0,0.0,True,False
768,4 4 4 12,384,120.0,3,1.25,False,31750,3.0416666666666665,0,400,276,24,0,24,36,8,68,8,4,0.22916666666666666,88.0,0.0,True,False
768,4 4 4 12,384,120.0,3,1.25,False,32000,3.0416666666666665,0,384,280,32,0,24,40,8,72,16,4,0.22916666666666666,88.0,0.0,True,False
768,4 4 4 12,384,120.0,3,1.25,False,32250,3.0416666666666665,0,384,280,32,0,24,40,8,72,16,4,0.22916666666666666,88.0,0.0,True,False
768,4 4 4 12,384,120.0,3,1.25,False,32500,3.0416666666666665,0,384,280,32,0,24,40,8,72,16,4,0.22916666666666666,88.0,0.0,True,False
768,4 4 4 12,384,120.0,3,1.25,False,32750,3.0416666666666665,0,384,280,32,0,24,40,8,72,16,4,0.22916666666666666,88.0,0.0,True,False
768,4 4 4 12,384,120.0,3,1.25,False,33000,3.0416666666666665,0,404,268,28,0,20,44,4,68,12,4,0.22916666666666666,88.0,0.0,True,False
768,4 4 4 12,384,120.0,3,1.25,False,33250,3.0416666666666665,0,404,268,28,0,20,44,4,68,12,4,0.22916666666666666,88.0,0.0,True,False
768,4 4 4 12,384,120.0,3,1.25,False,33500,3.0677083333333335,0,384,280,32,0,20,48,4,72,16,4,0.17708333333333334,68.0,0.0,True,False
768,4 4 4 12,384,120.0,3,1.25,False,33750,3.0677083333333335,0,384,280,32,0,20,48,4,72,16,4,0.17708333333333334,68.0,0.0,True,False
768,4 4 4 12,384,120.0,3,1.25,False,34000,3.0677083333333335,0,384,280,32,0,20,48,4,72,16,4,0.17708333333333334,68.0,0.0,True,False
768,4 4 4 12,384,120.0,3,1.25,False,34250,3.0677083333333335,0,402,272,26,0,20,44,4,68,10,4,0.17708333333333334,68.0,0.0,True,False
768,4 4 4 12,384,120.0,3,1.25,False,34500,3.0677083333333335,0,402,272,26,0,20,44,4,68,10,4,0.17708333333333334,68.0,0.0,True,False
768,4 4 4 12,384,120.0,3,1.25,False,34750,3.0677083333333335,0,402,272,26,0,20,44,4,68,10,4,0.17708333333333334,68.0,0.0,True,False
768,4 4 4 12,384,120.0,3,1.25,False,35000,3.0677083333333335,0,401,274,25,0,24,36,8,68,9,4,0.17708333333333334,68.0,0.0,True,False
768,4 4 4 12,384,120.0,3,1.25,False,35250,3.0677083333333335,0,424,256,24,0,20,40,4,64,8,4,0.17708333333333334,68.0,0.0,True,False
768,4 4 4 12,384,120.0,3,1.25,False,35500,3.0677083333333335,0,402,272,26,0,20,44,4,68,10,4,0.17708333333333334,68.0,0.0,True,False
768,4 4 4 12,384,120.0,3,1.25,False,35750,3.0677083333333335,0,402,272,26,0,20,44,4,68,10,4,0.17708333333333334,68.0,0.0,True,False
768,4 4 4 12,384,120.0,3,1.25,False,36000,3.0677083333333335,0,379,290,27,0,24,40,8,72,11,4,0.17708333333333334,68.0,0.0,True,False
768,4 4 4 12,384,120.0,3,1.25,False,36250,3.0677083333333335,0,379,290,27,0,24,40,8,72,11,4,0.17708333333333334,68.0,0.0,True,False
768,4 4 4 12,384,120.0,3,1.25,False,36500,3.0677083333333335,0,379,290,27,0,24,40,8,72,11,4,0.17708333333333334,68.0,0.0,True,False
768,4 4 4 12,384,120.0,3,1.25,False,36750,3.0677083333333335,0,401,274,25,0,24,36,8,68,9,4,0.17708333333333334,68.0,0.0,True,False
768,4 4 4 12,384,120.0,3,1.25,False,37000,3.0677083333333335,0,401,274,25,0,24,36,8,68,9,4,0.17708333333333334,68.0,0.0,True,False
768,4 4 4 12,384,120.0,3,1.25,False,37250,3.0677083333333335,0,401,274,25,0,24,36,8,68,9,4,0.17708333333333334,68.0,0.0,True,False
768,4 4 4 12,384,120.0,3,1.25,False,37500,3.0677083333333335,0,401,274,25,0,24,36,8,68,9,4,0.17708333333333334,68.0,0.0,True,False
768,4 4 4 12,384,120.0,3,1.25,False,37750,3.0677083333333335,0,401,274,25,0,24,36,8,68,9,4,0.17708333333333334,68.0,0.0,True,False
768,4 4 4 12,384,120.0,3,1.25,False,38000,3.0677083333333335,0,401,274,25,0,24,36,8,68,9,4,0.17708333333333334,68.0,0.0,True,False
768,4 4 4 12,384,120.0,3,1.25,False,38250,3.0677083333333335,0,401,274,25,0,24,36,8,68,9,4,0.17708333333333334,68.0,0.0,True,False
768,4 4 4 12,384,120.0,3,1.25,False,38500,3.0677083333333335,0,401,274,25,0,24,36,8,68,9,4,0.17708333333333334,68.0,0.0,True,False
768,4 4 4 12,384,120.0,3,1.25,False,38750,3.0677083333333335,0,401,274,25,0,24,36,8,68,9,4,0.17708333333333334,68.0,0.0,True,False
768,4 4 4 12,384,120.0,3,1.25,False,39000,3.0677083333333335,0,401,274,25,0,24,36,8,68,9,4,0.17708333333333334,68.0,0.0,True,False
768,4 4 4 12,384,120.0,3,1.25,False,39250,3.0677083333333335,0,424,256,24,0,20,40,4,64,8,4,0.17708333333333334,68.0,0.0,True,False
768,4 4 4 12,384,120.0,3,1.25,False,39500,3.0416666666666665,0,449,234,25,0,20,36,4,60,9,4,0.22916666666666666,88.0,0.0,True,False
768,4 4 4 12,384,120.0,3,1.25,False,39750,3.0416666666666665,0,449,234,25,0,20,36,4,60,9,4,0.22916666666666666,88.0,0.0,True,False
768,4 4 4 12,384,120.0,3,1.25,False,40000,3.015625,0,472,216,24,0,20,32,4,56,8,4,0.28125,108.0,0.0,True,False
768,4 4 4 12,384,120.0,3,1.25,False,40250,3.0416666666666665,0,450,232,26,0,20,36,4,60,10,4,0.22916666666666666,88.0,0.0,True,False
768,4 4 4 12,384,120.0,3,1.25,False,40500,3.0416666666666665,0,428,248,28,0,20,40,4,64,12,4,0.22916666666666666,88.0,0.0,True,False
768,4 4 4 12,384,120.0,3,1.25,False,40750,3.0677083333333335,0,408,260,32,0,20,44,4,68,13,4,0.17708333333333334,68.0,0.0,True,False
768,4 4 4 12,384,120.0,3,1.25,False,41000,3.0677083333333335,0,408,260,32,0,20,44,4,68,13,4,0.17708333333333334,68.0,0.0,True,False
768,4 4 4 12,384,120.0,3,1.25,False,41250,3.0677083333333335,0,408,260,32,0,20,44,4,68,13,4,0.17708333333333334,68.0,0.0,True,False
768,4 4 4 12,384,120.0,3,1.25,False,41500,3.0677083333333335,0,408,260,32,0,20,44,4,68,13,4,0.17708333333333334,68.0,0.0,True,False
768,4 4 4 12,384,120.0,3,1.25,False,41750,3.0677083333333335,0,408,260,32,0,20,44,4,68,13,4,0.17708333333333334,68.0,0.0,True,False
768,4 4 4 12,384,120.0,3,1.25,False,42000,3.0677083333333335,0,408,260,32,0,20,44,4,68,13,4,0.17708333333333334,68.0,0.0,True,False
768,4 4 4 12,384,120.0,3,1.25,False,42250,3.0416666666666665,0,430,244,30,0,20,40,4,64,11,4,0.22916666666666666,88.0,0.0,True,False
768,4 4 4 12,384,120.0,3,1.25,False,42500,3.0416666666666665,0,430,244,30,0,20,40,4,64,11,4,0.22916666666666666,88.0,0.0,True,False
768,4 4 4 12,384,120.0,3,1.25,False,42750,3.0416666666666665,0,410,256,34,0,24,36,8,68,12,8,0.22916666666666666,88.0,0.0,True,False
768,4 4 4 12,384,120.0,3,1.25,False,43000,3.0677083333333335,0,406,264,30,0,24,36,8,68,10,8,0.17708333333333334,68.0,0.0,True,False
768,4 4 4 12,384,120.0,3,1.25,False,43250,3.0677083333333335,0,406,264,30,0,24,36,8,68,10,8,0.17708333333333334,68.0,0.0,True,False
768,4 4 4 12,384,120.0,3,1.25,False,43500,3.0677083333333335,0,406,264,30,0,24,36,8,68,10,8,0.17708333333333334,68.0,0.0,True,False
768,4 4 4 12,384,120.0,3,1.25,False,43750,3.0677083333333335,0,406,264,30,0,24,36,8,68,10,8,0.17708333333333334,68.0,0.0,True,False
768,4 4 4 12,384,120.0,3,1.25,False,44000,3.0677083333333335,0,406,264,30,0,24,36,8,68,10,8,0.17708333333333334,68.0,0.0,True,False
768,4 4 4 12,384,120.0,3,1.25,False,44250,3.0677083333333335,0,406,264,30,0,24,36,8,68,10,8,0.17708333333333334,68.0,0.0,True,False
768,4 4 4 12,384,120.0,3,1.25,False,44500,3.0677083333333335,0,406,264,30,0,24,36,8,68,10,8,0.17708333333333334,68.0,0.0,True,False
768,4 4 4 12,384,120.0,3,1.25,False,44750,3.0677083333333335,0,406,264,30,0,24,36,8,68,10,8,0.17708333333333334,68.0,0.0,True,False
768,4 4 4 12,384,120.0,3,1.25,False,45000,3.0677083333333335,0,406,264,30,0,24,36,8,68,10,8,0.17708333333333334,68.0,0.0,True,False
768,4 4 4 12,384,120.0,3,1.25,False,45250,3.0677083333333335,0,406,264,30,0,24,36,8,68,10,8,0.17708333333333334,68.0,0.0,True,False
768,4 4 4 12,384,120.0,3,1.25,False,45500,3.0677083333333335,0,406,264,30,0,24,36,8,68,10,8,0.17708333333333334,68.0,0.0,True,False
768,4 4 4 12,384,120.0,3,1.25,False,45750,3.0677083333333335,0,386,276,34,0,24,40,8,72,12,8,0.17708333333333334,68.0,0.0,True,False
768,4 4 4 12,384,120.0,3,1.25,False,46000,3.0677083333333335,0,406,264,30,0,24,36,8,68,10,8,0.17708333333333334,68.0,0.0,True,False
768,4 4 4 12,384,120.0,3,1.25,False,46250,3.0677083333333335,0,406,264,30,0,24,36,8,68,10,8,0.17708333333333334,68.0,0.0,True,False
768,4 4 4 12,384,120.0,3,1.25,False,46500,3.0677083333333335,0,406,264,30,0,24,36,8,68,10,8,0.17708333333333334,68.0,0.0,True,False
768,4 4 4 12,384,120.0,3,1.25,False,46750,3.0677083333333335,0,406,264,30,0,24,36,8,68,10,8,0.17708333333333334,68.0,0.0,True,False
768,4 4 4 12,384,120.0,3,1.25,False,47000,3.0677083333333335,0,406,264,30,0,24,36,8,68,10,8,0.17708333333333334,68.0,0.0,True,False
768,4 4 4 12,384,120.0,3,1.25,False,47250,3.0677083333333335,0,406,264,30,0,24,36,8,68,10,8,0.17708333333333334,68.0,0.0,True,False
768,4 4 4 12,384,120.0,3,1.25,False,47500,3.0677083333333335,0,406,264,30,0,24,36,8,68,10,8,0.17708333333333334,68.0,0.0,True,False
768,4 4 4 12,384,120.0,3,1.25,False,47750,3.0677083333333335,0,406,264,30,0,24,36,8,68,10,8,0.17708333333333334,68.0,0.0,True,False
768,4 4 4 12,384,120.0,3,1.25,False,48000,3.0677083333333335,0,406,264,30,0,24,36,8,68,10,8,0.17708333333333334,68.0,0.0,True,False
768,4 4 4 12,384,120.0,3,1.25,False,48250,3.0677083333333335,0,406,264,30,0,24,36,8,68,10,8,0.17708333333333334,68.0,0.0,True,False
768,4 4 4 12,384,120.0,3,1.25,False,48500,3.0677083333333335,0,430,244,30,0,20,40,4,64,10,8,0.17708333333333334,68.0,0.0,True,False
768,4 4 4 12,384,120.0,3,1.25,False,48750,3.0677083333333335,0,434,236,34,0,20,40,4,64,13,8,0.17708333333333334,68.0,0.0,True,False
768,4 4 4 12,384,120.0,3,1.25,False,49000,3.0677083333333335,0,454,224,30,0,16,44,0,60,12,4,0.17708333333333334,68.0,0.0,True,False
768,4 4 4 12,384,120.0,3,1.25,False,49250,3.0677083333333335,0,432,240,32,0,20,40,4,64,12,4,0.17708333333333334,68.0,0.0,True,False
768,4 4 4 12,384,120.0,3,1.25,False,49500,3.0677083333333335,0,432,240,32,0,20,40,4,64,12,4,0.17708333333333334,68.0,0.0,True,False
768,4 4 4 12,384,120.0,3,1.25,False,49750,3.0416666666666665,0,452,228,28,0,20,36,4,60,10,4,0.22916666666666666,88.0,0.0,True,False
768,4 4 4 12,384,120.0,3,1.25,False,50000,3.0416666666666665,0,452,228,28,0,20,36,4,60,10,4,0.22916666666666666,88.0,0.0,True,True
768,4 4 4 12,384,120.0,4,1.25,False,0,3.0,0,768,0,0,0,0,0,0,0,0,0,0.3125,120.0,0.0,False,False
768,4 4 4 12,384,120.0,4,1.25,False,250,3.1432291666666665,0,690,66,2,0,0,0,10,10,2,1,0.026041666666666668,10.0,0.0,True,False
768,4 4 4 12,384,120.0,4,1.25,False,500,3.1432291666666665,0,690,66,2,0,0,0,10,10,2,1,0.026041666666666668,10.0,0.0,True,False
768,4 4 4 12,384,120.0,4,1.25,False,750,3.1432291666666665,0,688,70,0,0,0,0,10,10,0,0,0.026041666666666668,10.0,0.0,True,False
768,4 4 4 12,384,120.0,4,1.25,False,1000,3.1432291666666665,0,688,70,0,0,0,0,10,10,0,0,0.026041666666666668,10.0,0.0,True,False
768,4 4 4 12,384,120.0,4,1.25,False,1250,3.1432291666666665,0,690,66,2,0,0,0,10,10,2,1,0.026041666666666668,10.0,0.0,True,False
768,4 4 4 12,384,120.0,4,1.25,False,1500,3.1432291666666665,0,664,90,0,0,0,0,14,14,0,0,0.026041666666666668,10.0,0.0,True,False
768,4 4 4 12,384,120.0,4,1.25,False,1750,3.1432291666666665,0,664,90,0,0,0,0,14,14,0,0,0.026041666666666668,10.0,0.0,True,False
768,4 4 4 12,384,120.0,4,1.25,False,2000,3.1432291666666665,0,664,90,0,0,0,0,14,14,0,0,0.026041666666666668,10.0,0.0,True,False
768,4 4 4 12,384,120.0,4,1.25,False,2250,3.1432291666666665,0,642,106,2,0,0,4,14,18,2,1,0.026041666666666668,10.0,0.0,True,False
768,4 4 4 12,384,120.0,4,1.25,False,2500,3.1432291666666665,0,642,106,2,0,0,4,14,18,2,1,0.026041666666666668,10.0,0.0,True,False
768,4 4 4 12,384,120.0,4,1.25,False,2750,3.1432291666666665,0,642,106,2,0,0,4,14,18,2,1,0.026041666666666668,10.0,0.0,True,False
768,4 4 4 12,384,120.0,4,1.25,False,3000,3.1432291666666665,0,620,122,4,0,0,8,14,22,4,1,0.026041666666666668,10.0,0.0,True,False
768,4 4 4 12,384,120.0,4,1.25,False,3250,3.1432291666666665,0,620,122,4,0,0,8,14,22,4,1,0.026041666666666668,10.0,0.0,True,False
768,4 4 4 12,384,120.0,4,1.25,False,3500,3.140625,0,614,124,6,0,0,12,12,24,6,1,0.03125,12.0,0.0,True,False
768,4 4 4 12,384,120.0,4,1.25,False,3750,3.140625,0,590,144,6,0,0,12,16,28,6,1,0.03125,12.0,0.0,True,False
768,4 4 4 12,384,120.0,4,1.25,False,4000,3.140625,0,612,128,4,0,0,8,16,24,4,1,0.03125,12.0,0.0,True,False
768,4 4 4 12,384,120.0,4,1.25,False,4250,3.140625,0,636,108,4,0,0,4,16,20,4,1,0.03125,12.0,0.0,True,False
768,4 4 4 12,384,120.0,4,1.25,False,4500,3.140625,0,612,128,4,0,0,8,16,24,4,1,0.03125,12.0,0.0,True,False
768,4 4 4 12,384,120.0,4,1.25,False,4750,3.140625,0,612,128,4,0,0,8,16,24,4,1,0.03125,12.0,0.0,True,False
768,4 4 4 12,384,120.0,4,1.25,False,5000,3.140625,0,592,140,8,0,0,12,16,28,6,3,0.03125,12.0,0.0,True,False
768,4 4 4 12,384,120.0,4,1.25,False,5250,3.140625,0,592,140,8,0,0,12,16,28,6,3,0.03125,12.0,0.0,True,False
768,4 4 4 12,384,120.0,4,1.25,False,5500,3.140625,0,592,140,8,0,0,12,16,28,6,3,0.03125,12.0,0.0,True,False
768,4 4 4 12,384,120.0,4,1.25,False,5750,3.140625,0,592,140,8,0,0,12,16,28,6,3,0.03125,12.0,0.0,True,False
768,4 4 4 12,384,120.0,4,1.25,False,6000,3.140625,0,616,120,8,0,0,12,12,24,6,3,0.03125,12.0,0.0,True,False
768,4 4 4 12,384,120.0,4,1.25,False,6250,3.140625,0,590,144,6,0,4,8,16,28,4,3,0.03125,12.0,0.0,True,False
768,4 4 4 12,384,120.0,4,1.25,False,6500,3.140625,0,588,148,4,0,4,8,16,28,3,2,0.03125,12.0,0.0,True,False
768,4 4 4 12,384,120.0,4,1.25,False,6750,3.140625,0,570,156,10,0,4,12,16,32,6,4,0.03125,12.0,0.0,True,False
768,4 4 4 12,384,120.0,4,1.25,False,7000,3.140625,0,548,172,12,0,4,16,16,36,8,4,0.03125,12.0,0.0,True,False
768,4 4 4 12,384,120.0,4,1.25,False,7250,3.140625,0,548,172,12,0,4,16,16,36,8,4,0.03125,12.0,0.0,True,False
768,4 4 4 12,384,120.0,4,1.25,False,7500,3.140625,0,548,172,12,0,4,16,16,36,8,4,0.03125,12.0,0.0,True,False
768,4 4 4 12,384,120.0,4,1.25,False,7750,3.140625,0,545,178,9,0,4,16,16,36,7,3,0.03125,12.0,0.0,True,False
768,4 4 4 12,384,120.0,4,1.25,False,8000,3.140625,0,543,182,7,0,4,16,16,36,6,2,0.03125,12.0,0.0,True,False
768,4 4 4 12,384,120.0,4,1.25,False,8250,3.140625,0,543,182,7,0,4,16,16,36,6,2,0.03125,12.0,0.0,True,False
768,4 4 4 12,384,120.0,4,1.25,False,8500,3.140625,0,543,182,7,0,4,16,16,36,6,2,0.03125,12.0,0.0,True,False
768,4 4 4 12,384,120.0,4,1.25,False,8750,3.140625,0,543,182,7,0,4,16,16,36,6,2,0.03125,12.0,0.0,True,False
768,4 4 4 12,384,120.0,4,1.25,False,9000,3.140625,0,543,182,7,0,4,16,16,36,6,2,0.03125,12.0,0.0,True,False
768,4 4 4 12,384,120.0,4,1.25,False,9250,3.140625,0,522,196,10,0,4,20,16,40,7,2,0.03125,12.0,0.0,True,False
768,4 4 4 12,384,120.0,4,1.25,False,9500,3.140625,0,522,196,10,0,4,20,16,40,7,2,0.03125,12.0,0.0,True,False
768,4 4 4 12,384,120.0,4,1.25,False,9750,3.140625,0,522,196,10,0,4,20,16,40,8,2,0.03125,12.0,0.0,True,False
768,4 4 4 12,384,120.0,4,1.25,False,10000,3.140625,0,522,196,10,0,4,20,16,40,8,2,0.03125,12.0,0.0,True,False
768,4 4 4 12,384,120.0,4,1.25,False,10250,3.140625,0,526,188,14,0,4,16,20,40,10,2,0.03125,12.0,0.0,True,False
768,4 4 4 12,384,120.0,4,1.25,False,10500,3.140625,0,482,220,18,0,4,24,20,48,8,3,0.03125,12.0,0.0,True,False
768,4 4 4 12,384,120.0,4,1.25,False,10750,3.140625,0,482,220,18,0,4,24,20,48,8,3,0.03125,12.0,0.0,True,False
768,4 4 4 12,384,120.0,4,1.25,False,11000,3.140625,0,504,204,16,0,4,20,20,44,8,3,0.03125,12.0,0.0,True,False
768,4 4 4 12,384,120.0,4,1.25,False,11250,3.140625,0,524,192,12,0,0,24,16,40,6,3,0.03125,12.0,0.0,True,False
768,4 4 4 12,384,120.0,4,1.25,False,11500,3.140625,0,524,192,12,0,0,24,16,40,6,3,0.03125,12.0,0.0,True,False
768,4 4 4 12,384,120.0,4,1.25,False,11750,3.140625,0,524,192,12,0,0,24,16,40,6,3,0.03125,12.0,0.0,True,False
768,4 4 4 12,384,120.0,4,1.25,False,12000,3.140625,0,548,172,12,0,0,20,16,36,6,3,0.03125,12.0,0.0,True,False
768,4 4 4 12,384,120.0,4,1.25,False,12250,3.140625,0,548,172,12,0,0,20,16,36,6,3,0.03125,12.0,0.0,True,False
768,4 4 4 12,384,120.0,4,1.25,False,12500,3.140625,0,570,156,10,0,0,16,16,32,6,2,0.03125,12.0,0.0,True,False
768,4 4 4 12,384,120.0,4,1.25,False,12750,3.140625,0,570,156,10,0,0,16,16,32,6,2,0.03125,12.0,0.0,True,False
768,4 4 4 12,384,120.0,4,1.25,False,13000,3.140625,0,546,176,10,0,4,12,20,36,6,2,0.03125,12.0,0.0,True,False
768,4 4 4 12,384,120.0,4,1.25,False,13250,3.140625,0,522,196,10,0,4,16,20,40,6,2,0.03125,12.0,0.0,True,False
768,4 4 4 12,384,120.0,4,1.25,False,13500,3.140625,0,522,196,10,0,4,16,20,40,6,2,0.03125,12.0,0.0,True,False
768,4 4 4 12,384,120.0,4,1.25,False,13750,3.140625,0,522,196,10,0,4,16,20,40,6,2,0.03125,12.0,0.0,True,False
768,4 4 4 12,384,120.0,4,1.25,False,14000,3.140625,0,522,196,10,0,4,16,20,40,6,2,0.03125,12.0,0.0,True,False
768,4 4 4 12,384,120.0,4,1.25,False,14250,3.140625,0,522,196,10,0,4,16,20,40,6,2,0.03125,12.0,0.0,True,False
768,4 4 4 12,384,120.0,4,1.25,False,14500,3.140625,0,522,196,10,0,4,16,20,40,6,2,0.03125,12.0,0.0,True,False
768,4 4 4 12,384,120.0,4,1.25,False,14750,3.140625,0,522,196,10,0,4,16,20,40,6,2,0.03125,12.0,0.0,True,False
768,4 4 4 12,384,120.0,4,1.25,False,15000,3.140625,0,522,196,10,0,4,16,20,40,6,2,0.03125,12.0,0.0,True,False
768,4 4 4 12,384,120.0,4,1.25,False,15250,3.140625,0,522,196,10,0,4,16,20,40,6,2,0.03125,12.0,0.0,True,False
768,4 4 4 12,384,120.0,4,1.25,False,15500,3.140625,0,504,204,16,0,4,20,20,44,8,3,0.03125,12.0,0.0,True,False
768,4 4 4 12,384,120.0,4,1.25,False,15750,3.140625,0,466,224,26,0,4,28,20,52,12,4,0.03125,12.0,0.0,True,False
768,4 4 4 12,384,120.0,4,1.25,False,16000,3.140625,0,466,224,26,0,4,28,20,52,12,4,0.03125,12.0,0.0,True,False
768,4 4 4 12,384,120.0,4,1.25,False,16250,3.140625,0,482,220,18,0,4,24,20,48,10,3,0.03125,12.0,0.0,True,False
768,4 4 4 12,384,120.0,4,1.25,False,16500,3.140625,0,482,220,18,0,4,24,20,48,10,3,0.03125,12.0,0.0,True,False
768,4 4 4 12,384,120.0,4,1.25,False,16750,3.140625,0,466,224,26,0,4,28,20,52,12,4,0.03125,12.0,0.0,True,False
768,4 4 4 12,384,120.0,4,1.25,False,17000,3.140625,0,466,224,26,0,4,28,20,52,12,4,0.03125,12.0,0.0,True,False
768,4 4 4 12,384,120.0,4,1.25,False,17250,3.140625,0,486,212,22,0,4,24,20,48,10,4,0.03125,12.0,0.0,True,False
768,4 4 4 12,384,120.0,4,1.25,False,17500,3.140625,0,486,212,22,0,4,24,20,48,10,4,0.03125,12.0,0.0,True,False
768,4 4 4 12,384,120.0,4,1.25,False,17750,3.140625,0,490,204,26,0,4,24,20,48,10,5,0.03125,12.0,0.0,True,False
768,4 4 4 12,384,120.0,4,1.25,False,18000,3.140625,0,470,216,30,0,4,28,20,52,12,5,0.03125,12.0,0.0,True,False
768,4 4 4 12,384,120.0,4,1.25,False,18250,3.140625,0,470,216,30,0,4,28,20,52,12,5,0.03125,12.0,0.0,True,False
768,4 4 4 12,384,120.0,4,1.25,False,18500,3.140625,0,450,228,34,0,4,32,20,56,14,5,0.03125,12.0,0.0,True,False
768,4 4 4 12,384,120.0,4,1.25,False,18750,3.140625,0,470,216,30,0,4,28,20,52,12,5,0.03125,12.0,0.0,True,False
768,4 4 4 12,384,120.0,4,1.25,False,19000,3.140625,0,470,216,30,0,4,28,20,52,12,5,0.03125,12.0,0.0,True,False
768,4 4 4 12,384,120.0,4,1.25,False,19250,3.140625,0,470,216,30,0,4,28,20,52,12,5,0.03125,12.0,0.0,True,False
768,4 4 4 12,384,120.0,4,1.25,False,19500,3.140625,0,490,204,26,0,4,24,20,48,10,4,0.03125,12.0,0.0,True,False
768,4 4 4 12,384,120.0,4,1.25,False,19750,3.140625,0,490,204,26,0,4,24,20,48,10,4,0.03125,12.0,0.0,True,False
768,4 4 4 12,384,120.0,4,1.25,False,20000,3.140625,0,470,216,30,0,4,28,20,52,12,4,0.03125,12.0,0.0,True,False
768,4 4 4 12,384,120.0,4,1.25,False,20250,3.140625,0,470,216,30,0,4,28,20,52,12,4,0.03125,12.0,0.0,True,False
768,4 4 4 12,384,120.0,4,1.25,False,20500,3.140625,0,470,216,30,0,4,28,20,52,12,4,0.03125,12.0,0.0,True,False
768,4 4 4 12,384,120.0,4,1.25,False,20750,3.140625,0,430,240,38,0,4,36,20,60,14,5,0.03125,12.0,0.0,True,False
768,4 4 4 12,384,120.0,4,1.25,False,21000,3.140625,0,430,240,38,0,4,36,20,60,14,5,0.03125,12.0,0.0,True,False
768,4 4 4 12,384,120.0,4,1.25,False,21250,3.140625,0,446,236,30,0,4,32,20,56,12,4,0.03125,12.0,0.0,True,False
768,4 4 4 12,384,120.0,4,1.25,False,21500,3.140625,0,486,212,22,0,4,24,20,48,10,3,0.03125,12.0,0.0,True,False
768,4 4 4 12,384,120.0,4,1.25,False,21750,3.140625,0,526,188,14,0,4,16,20,40,8,2,0.03125,12.0,0.0,True,False
768,4 4 4 12,384,120.0,4,1.25,False,22000,3.140625,0,526,188,14,0,4,16,20,40,8,2,0.03125,12.0,0.0,True,False
768,4 4 4 12,384,120.0,4,1.25,False,22250,3.140625,0,526,188,14,0,4,16,20,40,8,2,0.03125,12.0,0.0,True,False
768,4 4 4 12,384,120.0,4,1.25,False,22500,3.140625,0,506,200,18,0,4,20,20,44,8,3,0.03125,12.0,0.0,True,False
768,4 4 4 12,384,120.0,4,1.25,False,22750,3.140625,0,486,212,22,0,4,24,20,48,10,3,0.03125,12.0,0.0,True,False
768,4 4 4 12,384,120.0,4,1.25,False,23000,3.140625,0,486,212,22,0,4,24,20,48,10,3,0.03125,12.0,0.0,True,False
768,4 4 4 12,384,120.0,4,1.25,False,23250,3.140625,0,486,212,22,0,4,24,20,48,10,3,0.03125,12.0,0.0,True,False
768,4 4 4 12,384,120.0,4,1.25,False,23500,3.140625,0,464,228,24,0,4,28,20,52,12,3,0.03125,12.0,0.0,True,False
768,4 4 4 12,384,120.0,4,1.25,False,23750,3.140625,0,444,240,28,0,4,32,20,56,11,5,0.03125,12.0,0.0,True,False
768,4 4 4 12,384,120.0,4,1.25,False,24000,3.140625,0,444,240,28,0,4,32,20,56,11,5,0.03125,12.0,0.0,True,False
768,4 4 4 12,384,120.0,4,1.25,False,24250,3.140625,0,422,256,30,0,4,36,20,60,11,5,0.03125,12.0,0.0,True,False
768,4 4 4 12,384,120.0,4,1.25,False,24500,3.140625,0,440,248,24,0,4,32,20,56,8,4,0.03125,12.0,0.0,True,False
768,4 4 4 12,384,120.0,4,1.25,False,24750,3.140625,0,440,248,24,0,4,32,20,56,8,4,0.03125,12.0,0.0,True,False
768,4 4 4 12,384,120.0,4,1.25,False,25000,3.140625,0,460,236,20,0,4,28,20,52,8,4,0.03125,12.0,0.0,True,False
768,4 4 4 12,384,120.0,4,1.25,False,25250,3.140625,0,460,236,20,0,4,28,20,52,8,4,0.03125,12.0,0.0,True,False
768,4 4 4 12,384,120.0,4,1.25,False,25500,3.140625,0,442,244,26,0,4,32,20,56,11,5,0.03125,12.0,0.0,True,False
768,4 4 4 12,384,120.0,4,1.25,False,25750,3.140625,0,464,228,24,0,4,28,20,52,9,5,0.03125,12.0,0.0,True,False
768,4 4 4 12,384,120.0,4,1.25,False,26000,3.140625,0,464,228,24,0,4,28,20,52,9,5,0.03125,12.0,0.0,True,False
768,4 4 4 12,384,120.0,4,1.25,False,26250,3.140625,0,442,244,26,0,4,32,20,56,11,5,0.03125,12.0,0.0,True,False
768,4 4 4 12,384,120.0,4,1.25,False,26500,3.140625,0,442,244,26,0,4,32,20,56,11,5,0.03125,12.0,0.0,True,False
768,4 4 4 12,384,120.0,4,1.25,False,26750,3.140625,0,422,256,30,0,4,36,20,60,11,5,0.03125,12.0,0.0,True,False
768,4 4 4 12,384,120.0,4,1.25,False,27000,3.140625,0,402,268,34,0,4,40,20,64,13,5,0.03125,12.0,0.0,True,False
768,4 4 4 12,384,120.0,4,1.25,False,27250,3.140625,0,402,268,34,0,4,40,20,64,13,5,0.03125,12.0,0.0,True,False
768,4 4 4 12,384,120.0,4,1.25,False,27500,3.140625,0,402,268,34,0,4,40,20,64,13,5,0.03125,12.0,0.0,True,False
768,4 4 4 12,384,120.0,4,1.25,False,27750,3.140625,0,402,268,34,0,4,40,20,64,13,5,0.03125,12.0,0.0,True,False
768,4 4 4 12,384,120.0,4,1.25,False,28000,3.140625,0,402,268,34,0,4,40,20,64,13,5,0.03125,12.0,0.0,True,False
768,4 4 4 12,384,120.0,4,1.25,False,28250,3.140625,0,402,268,34,0,4,40,20,64,13,5,0.03125,12.0,0.0,True,False
768,4 4 4 12,384,120.0,4,1.25,False,28500,3.140625,0,402,268,34,0,4,40,20,64,13,5,0.03125,12.0,0.0,True,False
768,4 4 4 12,384,120.0,4,1.25,False,28750,3.140625,0,402,268,34,0,4,40,20,64,13,5,0.03125,12.0,0.0,True,False
768,4 4 4 12,384,120.0,4,1.25,False,29000,3.140625,0,402,268,34,0,4,40,20,64,13,5,0.03125,12.0,0.0,True,False
768,4 4 4 12,384,120.0,4,1.25,False,29250,3.140625,0,402,268,34,0,4,40,20,64,13,5,0.03125,12.0,0.0,True,False
768,4 4 4 12,384,120.0,4,1.25,False,29500,3.140625,0,402,268,34,0,4,40,20,64,13,5,0.03125,12.0,0.0,True,False
768,4 4 4 12,384,120.0,4,1.25,False,29750,3.140625,0,402,268,34,0,4,40,20,64,13,5,0.03125,12.0,0.0,True,False
768,4 4 4 12,384,120.0,4,1.25,False,30000,3.140625,0,402,268,34,0,4,40,20,64,13,5,0.03125,12.0,0.0,True,False
768,4 4 4 12,384,120.0,4,1.25,False,30250,3.140625,0,402,268,34,0,4,40,20,64,13,5,0.03125,12.0,0.0,True,False
768,4 4 4 12,384,120.0,4,1.25,False,30500,3.140625,0,402,268,34,0,4,40,20,64,13,5,0.03125,12.0,0.0,True,False
768,4 4 4 12,384,120.0,4,1.25,False,30750,3.140625,0,402,268,34,0,4,40,20,64,13,5,0.03125,12.0,0.0,True,False
768,4 4 4 12,384,120.0,4,1.25,False,31000,3.140625,0,420,260,28,0,4,36,20,60,10,4,0.03125,12.0,0.0,True,False
768,4 4 4 12,384,120.0,4,1.25,False,31250,3.140625,0,420,260,28,0,4,36,20,60,10,4,0.03125,12.0,0.0,True,False
768,4 4 4 12,384,120.0,4,1.25,False,31500,3.140625,0,420,260,28,0,4,36,20,60,10,4,0.03125,12.0,0.0,True,False
768,4 4 4 12,384,120.0,4,1.25,False,31750,3.140625,0,458,240,18,0,4,28,20,52,8,3,0.03125,12.0,0.0,True,False
768,4 4 4 12,384,120.0,4,1.25,False,32000,3.140625,0,458,240,18,0,4,28,20,52,8,3,0.03125,12.0,0.0,True,False
768,4 4 4 12,384,120.0,4,1.25,False,32250,3.140625,0,480,224,16,0,4,24,20,48,8,2,0.03125,12.0,0.0,True,False
768,4 4 4 12,384,120.0,4,1.25,False,32500,3.140625,0,460,236,20,0,4,28,20,52,10,3,0.03125,12.0,0.0,True,False
768,4 4 4 12,384,120.0,4,1.25,False,32750,3.140625,0,460,236,20,0,4,28,20,52,10,3,0.03125,12.0,0.0,True,False
768,4 4 4 12,384,120.0,4,1.25,False,33000,3.140625,0,460,236,20,0,4,28,20,52,10,3,0.03125,12.0,0.0,True,False
768,4 4 4 12,384,120.0,4,1.25,False,33250,3.140625,0,460,236,20,0,4,28,20,52,10,3,0.03125,12.0,0.0,True,False
768,4 4 4 12,384,120.0,4,1.25,False,33500,3.140625,0,460,236,20,0,4,28,20,52,10,3,0.03125,12.0,0.0,True,False
768,4 4 4 12,384,120.0,4,1.25,False,33750,3.140625,0,460,236,20,0,4,28,20,52,10,3,0.03125,12.0,0.0,True,False
768,4 4 4 12,384,120.0,4,1.25,False,34000,3.140625,0,438,252,22,0,4,32,20,56,10,3,0.03125,12.0,0.0,True,False
768,4 4 4 12,384,120.0,4,1.25,False,34250,3.140625,0,438,252,22,0,4,32,20,56,10,3,0.03125,12.0,0.0,True,False
768,4 4 4 12,384,120.0,4,1.25,False,34500,3.140625,0,438,252,22,0,4,32,20,56,10,3,0.03125,12.0,0.0,True,False
768,4 4 4 12,384,120.0,4,1.25,False,34750,3.140625,0,438,252,22,0,4,32,20,56,10,3,0.03125,12.0,0.0,True,False
768,4 4 4 12,384,120.0,4,1.25,False,35000,3.140625,0,438,252,22,0,4,32,20,56,10,3,0.03125,12.0,0.0,True,False
768,4 4 4 12,384,120.0,4,1.25,False,35250,3.140625,0,438,252,22,0,4,32,20,56,10,3,0.03125,12.0,0.0,True,False
768,4 4 4 12,384,120.0,4,1.25,False,35500,3.140625,0,438,252,22,0,4,32,20,56,10,3,0.03125,12.0,0.0,True,False
768,4 4 4 12,384,120.0,4,1.25,False,35750,3.140625,0,438,252,22,0,4,32,20,56,10,3,0.03125,12.0,0.0,True,False
768,4 4 4 12,384,120.0,4,1.25,False,36000,3.140625,0,438,252,22,0,4,32,20,56,10,3,0.03125,12.0,0.0,True,False
768,4 4 4 12,384,120.0,4,1.25,False,36250,3.140625,0,438,252,22,0,4,32,20,56,10,3,0.03125,12.0,0.0,True,False
768,4 4 4 12,384,120.0,4,1.25,False,36500,3.140625,0,438,252,22,0,4,32,20,56,10,3,0.03125,12.0,0.0,True,False
768,4 4 4 12,384,120.0,4,1.25,False,36750,3.140625,0,420,260,28,0,4,36,20,60,10,4,0.03125,12.0,0.0,True,False
768,4 4 4 12,384,120.0,4,1.25,False,37000,3.140625,0,420,260,28,0,4,36,20,60,10,4,0.03125,12.0,0.0,True,False
768,4 4 4 12,384,120.0,4,1.25,False,37250,3.140625,0,440,248,24,0,4,32,20,56,8,4,0.03125,12.0,0.0,True,False
768,4 4 4 12,384,120.0,4,1.25,False,37500,3.140625,0,458,240,18,0,4,28,20,52,8,3,0.03125,12.0,0.0,True,False
768,4 4 4 12,384,120.0,4,1.25,False,37750,3.140625,0,480,224,16,0,4,24,20,48,8,3,0.03125,12.0,0.0,True,False
768,4 4 4 12,384,120.0,4,1.25,False,38000,3.140625,0,480,224,16,0,4,24,20,48,8,3,0.03125,12.0,0.0,True,False
768,4 4 4 12,384,120.0,4,1.25,False,38250,3.140625,0,480,224,16,0,4,24,20,48,8,3,0.03125,12.0,0.0,True,False
768,4 4 4 12,384,120.0,4,1.25,False,38500,3.140625,0,498,216,10,0,4,20,20,44,8,2,0.03125,12.0,0.0,True,False
768,4 4 4 12,384,120.0,4,1.25,False,38750,3.140625,0,476,232,12,0,4,24,20,48,8,2,0.03125,12.0,0.0,True,False
768,4 4 4 12,384,120.0,4,1.25,False,39000,3.140625,0,498,216,10,0,4,20,20,44,8,2,0.03125,12.0,0.0,True,False
768,4 4 4 12,384,120.0,4,1.25,False,39250,3.140625,0,460,236,20,0,4,28,20,52,8,3,0.03125,12.0,0.0,True,False
768,4 4 4 12,384,120.0,4,1.25,False,39500,3.140625,0,482,220,18,0,4,24,20,48,8,3,0.03125,12.0,0.0,True,False
768,4 4 4 12,384,120.0,4,1.25,False,39750,3.140625,0,500,212,12,0,4,20,20,44,8,2,0.03125,12.0,0.0,True,False
768,4 4 4 12,384,120.0,4,1.25,False,40000,3.140625,0,500,212,12,0,4,20,20,44,8,2,0.03125,12.0,0.0,True,False
768,4 4 4 12,384,120.0,4,1.25,False,40250,3.140625,0,500,212,12,0,4,20,20,44,8,2,0.03125,12.0,0.0,True,False
768,4 4 4 12,384,120.0,4,1.25,False,40500,3.140625,0,522,196,10,0,4,16,20,40,8,2,0.03125,12.0,0.0,True,False
768,4 4 4 12,384,120.0,4,1.25,False,40750,3.140625,0,522,196,10,0,4,16,20,40,8,2,0.03125,12.0,0.0,True,False
768,4 4 4 12,384,120.0,4,1.25,False,41000,3.140625,0,522,196,10,0,4,16,20,40,8,2,0.03125,12.0,0.0,True,False
768,4 4 4 12,384,120.0,4,1.25,False,41250,3.140625,0,502,208,14,0,4,20,20,44,8,3,0.03125,12.0,0.0,True,False
768,4 4 4 12,384,120.0,4,1.25,False,41500,3.140625,0,502,208,14,0,4,20,20,44,8,3,0.03125,12.0,0.0,True,False
768,4 4 4 12,384,120.0,4,1.25,False,41750,3.140625,0,502,208,14,0,4,20,20,44,8,3,0.03125,12.0,0.0,True,False
768,4 4 4 12,384,120.0,4,1.25,False,42000,3.140625,0,502,208,14,0,4,20,20,44,8,3,0.03125,12.0,0.0,True,False
768,4 4 4 12,384,120.0,4,1.25,False,42250,3.140625,0,524,192,12,0,4,16,20,40,6,3,0.03125,12.0,0.0,True,False
768,4 4 4 12,384,120.0,4,1.25,False,42500,3.140625,0,524,192,12,0,4,16,20,40,6,3,0.03125,12.0,0.0,True,False
768,4 4 4 12,384,120.0,4,1.25,False,42750,3.140625,0,544,180,8,0,4,12,20,36,6,2,0.03125,12.0,0.0,True,False
768,4 4 4 12,384,120.0,4,1.25,False,43000,3.140625,0,544,180,8,0,4,12,20,36,6,2,0.03125,12.0,0.0,True,False
768,4 4 4 12,384,120.0,4,1.25,False,43250,3.140625,0,544,180,8,0,4,12,20,36,6,2,0.03125,12.0,0.0,True,False
768,4 4 4 12,384,120.0,4,1.25,False,43500,3.140625,0,544,180,8,0,4,12,20,36,6,2,0.03125,12.0,0.0,True,False
768,4 4 4 12,384,120.0,4,1.25,False,43750,3.140625,0,544,180,8,0,4,12,20,36,6,2,0.03125,12.0,0.0,True,False
768,4 4 4 12,384,120.0,4,1.25,False,44000,3.140625,0,528,184,16,0,4,16,20,40,10,3,0.03125,12.0,0.0,True,False
768,4 4 4 12,384,120.0,4,1.25,False,44250,3.140625,0,528,184,16,0,4,16,20,40,10,3,0.03125,12.0,0.0,True,False
768,4 4 4 12,384,120.0,4,1.25,False,44500,3.140625,0,528,184,16,0,4,16,20,40,10,3,0.03125,12.0,0.0,True,False
768,4 4 4 12,384,120.0,4,1.25,False,44750,3.140625,0,528,184,16,0,4,16,20,40,10,3,0.03125,12.0,0.0,True,False
768,4 4 4 12,384,120.0,4,1.25,False,45000,3.140625,0,510,192,22,0,4,20,20,44,10,4,0.03125,12.0,0.0,True,False
768,4 4 4 12,384,120.0,4,1.25,False,45250,3.140625,0,510,192,22,0,4,20,20,44,10,4,0.03125,12.0,0.0,True,False
768,4 4 4 12,384,120.0,4,1.25,False,45500,3.140625,0,532,176,20,0,4,16,20,40,10,3,0.03125,12.0,0.0,True,False
768,4 4 4 12,384,120.0,4,1.25,False,45750,3.140625,0,532,176,20,0,4,16,20,40,10,3,0.03125,12.0,0.0,True,False
768,4 4 4 12,384,120.0,4,1.25,False,46000,3.140625,0,532,176,20,0,4,16,20,40,10,3,0.03125,12.0,0.0,True,False
768,4 4 4 12,384,120.0,4,1.25,False,46250,3.140625,0,552,164,16,0,0,20,16,36,10,3,0.03125,12.0,0.0,True,False
768,4 4 4 12,384,120.0,4,1.25,False,46500,3.140625,0,572,152,12,0,0,16,16,32,8,3,0.03125,12.0,0.0,True,False
768,4 4 4 12,384,120.0,4,1.25,False,46750,3.140625,0,572,152,12,0,0,16,16,32,8,3,0.03125,12.0,0.0,True,False
768,4 4 4 12,384,120.0,4,1.25,False,47000,3.140625,0,552,164,16,0,4,12,20,36,8,3,0.03125,12.0,0.0,True,False
768,4 4 4 12,384,120.0,4,1.25,False,47250,3.140625,0,552,164,16,0,4,12,20,36,8,3,0.03125,12.0,0.0,True,False
768,4 4 4 12,384,120.0,4,1.25,False,47500,3.140625,0,552,164,16,0,4,12,20,36,8,3,0.03125,12.0,0.0,True,False
768,4 4 4 12,384,120.0,4,1.25,False,47750,3.140625,0,552,164,16,0,4,12,20,36,8,3,0.03125,12.0,0.0,True,False
768,4 4 4 12,384,120.0,4,1.25,False,48000,3.140625,0,552,164,16,0,4,12,20,36,8,3,0.03125,12.0,0.0,True,False
768,4 4 4 12,384,120.0,4,1.25,False,48250,3.140625,0,552,164,16,0,4,12,20,36,8,3,0.03125,12.0,0.0,True,False
768,4 4 4 12,384,120.0,4,1.25,False,48500,3.140625,0,574,148,14,0,4,8,20,32,8,2,0.03125,12.0,0.0,True,False
768,4 4 4 12,384,120.0,4,1.25,False,48750,3.140625,0,594,136,10,0,4,4,20,28,6,2,0.03125,12.0,0.0,True,False
768,4 4 4 12,384,120.0,4,1.25,False,49000,3.140625,0,594,136,10,0,4,4,20,28,6,2,0.03125,12.0,0.0,True,False
768,4 4 4 12,384,120.0,4,1.25,False,49250,3.140625,0,594,136,10,0,4,4,20,28,6,2,0.03125,12.0,0.0,True,False
768,4 4 4 12,384,120.0,4,1.25,False,49500,3.140625,0,594,136,10,0,4,4,20,28,6,2,0.03125,12.0,0.0,True,False
768,4 4 4 12,384,120.0,4,1.25,False,49750,3.140625,0,594,136,10,0,4,4,20,28,6,2,0.03125,12.0,0.0,True,False
768,4 4 4 12,384,120.0,4,1.25,False,50000,3.140625,0,594,136,10,0,4,4,20,28,6,2,0.03125,12.0,0.0,True,True
768,4 4 4 12,384,120.0,5,1.25,False,0,3.0,0,768,0,0,0,0,0,0,0,0,0,0.3125,120.0,0.0,False,False
768,4 4 4 12,384,120.0,5,1.25,False,250,3.1328125,0,706,54,0,0,0,0,8,8,0,0,0.046875,18.0,0.0,True,False
768,4 4 4 12,384,120.0,5,1.25,False,500,3.1328125,0,706,54,0,0,0,0,8,8,0,0,0.046875,18.0,0.0,True,False
768,4 4 4 12,384,120.0,5,1.25,False,750,3.1145833333333335,0,704,56,0,0,0,0,8,8,0,0,0.08333333333333333,32.0,0.0,True,False
768,4 4 4 12,384,120.0,5,1.25,False,1000,3.1145833333333335,0,704,56,0,0,0,0,8,8,0,0,0.08333333333333333,32.0,0.0,True,False
768,4 4 4 12,384,120.0,5,1.25,False,1250,3.1145833333333335,0,704,56,0,0,0,0,8,8,0,0,0.08333333333333333,32.0,0.0,True,False
768,4 4 4 12,384,120.0,5,1.25,False,1500,3.1145833333333335,0,704,56,0,0,0,0,8,8,0,0,0.08333333333333333,32.0,0.0,True,False
768,4 4 4 12,384,120.0,5,1.25,False,1750,3.1497395833333335,0,666,88,0,0,0,0,14,14,0,0,0.013020833333333334,5.0,0.0,True,False
768,4 4 4 12,384,120.0,5,1.25,False,2000,3.1497395833333335,0,666,88,0,0,0,0,14,14,0,0,0.013020833333333334,5.0,0.0,True,False
768,4 4 4 12,384,120.0,5,1.25,False,2250,3.12890625,0,678,78,0,0,0,0,12,12,0,0,0.0546875,21.0,0.0,True,False
768,4 4 4 12,384,120.0,5,1.25,False,2500,3.12890625,0,654,98,0,0,0,0,16,16,0,0,0.0546875,21.0,0.0,True,False
768,4 4 4 12,384,120.0,5,1.25,False,2750,3.12890625,0,678,78,0,0,0,0,12,12,0,0,0.0546875,21.0,0.0,True,False
768,4 4 4 12,384,120.0,5,1.25,False,3000,3.1145833333333335,0,680,76,0,0,0,0,12,12,0,0,0.08333333333333333,32.0,0.0,True,False
768,4 4 4 12,384,120.0,5,1.25,False,3250,3.1145833333333335,0,680,76,0,0,0,0,12,12,0,0,0.08333333333333333,32.0,0.0,True,False
768,4 4 4 12,384,120.0,5,1.25,False,3500,3.1145833333333335,0,680,76,0,0,0,0,12,12,0,0,0.08333333333333333,32.0,0.0,True,False
768,4 4 4 12,384,120.0,5,1.25,False,3750,3.1145833333333335,0,680,76,0,0,0,0,12,12,0,0,0.08333333333333333,32.0,0.0,True,False
768,4 4 4 12,384,120.0,5,1.25,False,4000,3.1145833333333335,0,680,76,0,0,0,0,12,12,0,0,0.08333333333333333,32.0,0.0,True,False
768,4 4 4 12,384,120.0,5,1.25,False,4250,3.1145833333333335,0,680,76,0,0,0,0,12,12,0,0,0.08333333333333333,32.0,0.0,True,False
768,4 4 4 12,384,120.0,5,1.25,False,4500,3.1145833333333335,0,680,76,0,0,0,0,12,12,0,0,0.08333333333333333,32.0,0.0,True,False
768,4 4 4 12,384,120.0,5,1.25,False,4750,3.1145833333333335,0,680,76,0,0,0,0,12,12,0,0,0.08333333333333333,32.0,0.0,True,False
768,4 4 4 12,384,120.0,5,1.25,False,5000,3.1145833333333335,0,680,76,0,0,0,0,12,12,0,0,0.08333333333333333,32.0,0.0,True,False
768,4 4 4 12,384,120.0,5,1.25,False,5250,3.1145833333333335,0,680,76,0,0,0,0,12,12,0,0,0.08333333333333333,32.0,0.0,True,False
768,4 4 4 12,384,120.0,5,1.25,False,5500,3.1145833333333335,0,658,92,2,0,0,4,12,16,2,1,0.08333333333333333,32.0,0.0,True,False
768,4 4 4 12,384,120.0,5,1.25,False,5750,3.12890625,0,646,100,4,0,0,4,14,18,4,1,0.0546875,21.0,0.0,True,False
768,4 4 4 12,384,120.0,5,1.25,False,6000,3.1145833333333335,0,656,96,0,0,0,4,12,16,0,0,0.08333333333333333,32.0,0.0,True,False
768,4 4 4 12,384,120.0,5,1.25,False,6250,3.1145833333333335,0,632,116,0,0,0,4,16,20,0,0,0.08333333333333333,32.0,0.0,True,False
768,4 4 4 12,384,120.0,5,1.25,False,6500,3.1145833333333335,0,632,116,0,0,0,4,16,20,0,0,0.08333333333333333,32.0,0.0,True,False
768,4 4 4 12,384,120.0,5,1.25,False,6750,3.1145833333333335,0,632,116,0,0,0,4,16,20,0,0,0.08333333333333333,32.0,0.0,True,False
768,4 4 4 12,384,120.0,5,1.25,False,7000,3.1145833333333335,0,632,116,0,0,0,4,16,20,0,0,0.08333333333333333,32.0,0.0,True,False
768,4 4 4 12,384,120.0,5,1.25,False,7250,3.1145833333333335,0,632,116,0,0,0,4,16,20,0,0,0.08333333333333333,32.0,0.0,True,False
768,4 4 4 12,384,120.0,5,1.25,False,7500,3.1145833333333335,0,632,116,0,0,0,4,16,20,0,0,0.08333333333333333,32.0,0.0,True,False
768,4 4 4 12,384,120.0,5,1.25,False,7750,3.1145833333333335,0,632,116,0,0,0,4,16,20,0,0,0.08333333333333333,32.0,0.0,True,False
768,4 4 4 12,384,120.0,5,1.25,False,8000,3.1145833333333335,0,632,116,0,0,0,4,16,20,0,0,0.08333333333333333,32.0,0.0,True,False
768,4 4 4 12,384,120.0,5,1.25,False,8250,3.1145833333333335,0,632,116,0,0,0,4,16,20,0,0,0.08333333333333333,32.0,0.0,True,False
768,4 4 4 12,384,120.0,5,1.25,False,8500,3.1145833333333335,0,632,116,0,0,0,4,16,20,0,0,0.08333333333333333,32.0,0.0,True,False
768,4 4 4 12,384,120.0,5,1.25,False,8750,3.1145833333333335,0,632,116,0,0,0,4,16,20,0,0,0.08333333333333333,32.0,0.0,True,False
768,4 4 4 12,384,120.0,5,1.25,False,9000,3.1145833333333335,0,632,116,0,0,0,4,16,20,0,0,0.08333333333333333,32.0,0.0,True,False
768,4 4 4 12,384,120.0,5,1.25,False,9250,3.1145833333333335,0,632,116,0,0,0,4,16,20,0,0,0.08333333333333333,32.0,0.0,True,False
768,4 4 4 12,384,120.0,5,1.25,False,9500,3.1145833333333335,0,608,136,0,0,0,8,16,24,0,0,0.08333333333333333,32.0,0.0,True,False
768,4 4 4 12,384,120.0,5,1.25,False,9750,3.1145833333333335,0,608,136,0,0,0,8,16,24,0,0,0.08333333333333333,32.0,0.0,True,False
768,4 4 4 12,384,120.0,5,1.25,False,10000,3.1145833333333335,0,608,136,0,0,0,8,16,24,0,0,0.08333333333333333,32.0,0.0,True,False
768,4 4 4 12,384,120.0,5,1.25,False,10250,3.1145833333333335,0,632,116,0,0,0,4,16,20,0,0,0.08333333333333333,32.0,0.0,True,False
768,4 4 4 12,384,120.0,5,1.25,False,10500,3.1145833333333335,0,610,132,2,0,0,8,16,24,2,1,0.08333333333333333,32.0,0.0,True,False
768,4 4 4 12,384,120.0,5,1.25,False,10750,3.1145833333333335,0,586,152,2,0,0,12,16,28,2,1,0.08333333333333333,32.0,0.0,True,False
768,4 4 4 12,384,120.0,5,1.25,False,11000,3.1145833333333335,0,610,132,2,0,0,8,16,24,2,1,0.08333333333333333,32.0,0.0,True,False
768,4 4 4 12,384,120.0,5,1.25,False,11250,3.1145833333333335,0,610,132,2,0,0,8,16,24,2,1,0.08333333333333333,32.0,0.0,True,False
768,4 4 4 12,384,120.0,5,1.25,False,11500,3.1145833333333335,0,610,132,2,0,0,8,16,24,2,1,0.08333333333333333,32.0,0.0,True,False
768,4 4 4 12,384,120.0,5,1.25,False,11750,3.1145833333333335,0,610,132,2,0,0,8,16,24,2,1,0.08333333333333333,32.0,0.0,True,False
768,4 4 4 12,384,120.0,5,1.25,False,12000,3.1145833333333335,0,610,132,2,0,0,8,16,24,2,1,0.08333333333333333,32.0,0.0,True,False
768,4 4 4 12,384,120.0,5,1.25,False,12250,3.1145833333333335,0,610,132,2,0,0,8,16,24,2,1,0.08333333333333333,32.0,0.0,True,False
768,4 4 4 12,384,120.0,5,1.25,False,12500,3.1145833333333335,0,632,116,0,0,0,4,16,20,0,0,0.08333333333333333,32.0,0.0,True,False
768,4 4 4 12,384,120.0,5,1.25,False,12750,3.1145833333333335,0,632,116,0,0,0,4,16,20,0,0,0.08333333333333333,32.0,0.0,True,False
768,4 4 4 12,384,120.0,5,1.25,False,13000,3.1145833333333335,0,632,116,0,0,0,4,16,20,0,0,0.08333333333333333,32.0,0.0,True,False
768,4 4 4 12,384,120.0,5,1.25,False,13250,3.1145833333333335,0,632,116,0,0,0,4,16,20,0,0,0.08333333333333333,32.0,0.0,True,False
768,4 4 4 12,384,120.0,5,1.25,False,13500,3.1145833333333335,0,632,116,0,0,0,4,16,20,0,0,0.08333333333333333,32.0,0.0,True,False
768,4 4 4 12,384,120.0,5,1.25,False,13750,3.1145833333333335,0,632,116,0,0,0,4,16,20,0,0,0.08333333333333333,32.0,0.0,True,False
768,4 4 4 12,384,120.0,5,1.25,False,14000,3.1145833333333335,0,584,156,0,0,0,12,16,28,0,0,0.08333333333333333,32.0,0.0,True,False
768,4 4 4 12,384,120.0,5,1.25,False,14250,3.1145833333333335,0,584,156,0,0,0,12,16,28,0,0,0.08333333333333333,32.0,0.0,True,False
768,4 4 4 12,384,120.0,5,1.25,False,14500,3.1145833333333335,0,560,176,0,0,0,16,16,32,0,0,0.08333333333333333,32.0,0.0,True,False
768,4 4 4 12,384,120.0,5,1.25,False,14750,3.1145833333333335,0,560,176,0,0,0,16,16,32,0,0,0.08333333333333333,32.0,0.0,True,False
768,4 4 4 12,384,120.0,5,1.25,False,15000,3.1145833333333335,0,560,176,0,0,0,16,16,32,0,0,0.08333333333333333,32.0,0.0,True,False
768,4 4 4 12,384,120.0,5,1.25,False,15250,3.1145833333333335,0,560,176,0,0,0,16,16,32,0,0,0.08333333333333333,32.0,0.0,True,False
768,4 4 4 12,384,120.0,5,1.25,False,15500,3.1145833333333335,0,560,176,0,0,0,16,16,32,0,0,0.08333333333333333,32.0,0.0,True,False
768,4 4 4 12,384,120.0,5,1.25,False,15750,3.1145833333333335,0,560,176,0,0,0,16,16,32,0,0,0.08333333333333333,32.0,0.0,True,False
768,4 4 4 12,384,120.0,5,1.25,False,16000,3.1145833333333335,0,560,176,0,0,0,16,16,32,0,0,0.08333333333333333,32.0,0.0,True,False
768,4 4 4 12,384,120.0,5,1.25,False,16250,3.1145833333333335,0,560,176,0,0,0,16,16,32,0,0,0.08333333333333333,32.0,0.0,True,False
768,4 4 4 12,384,120.0,5,1.25,False,16500,3.1145833333333335,0,536,196,0,0,0,20,16,36,0,0,0.08333333333333333,32.0,0.0,True,False
768,4 4 4 12,384,120.0,5,1.25,False,16750,3.1145833333333335,0,536,196,0,0,0,20,16,36,0,0,0.08333333333333333,32.0,0.0,True,False
768,4 4 4 12,384,120.0,5,1.25,False,17000,3.1145833333333335,0,514,212,2,0,0,24,16,40,2,1,0.08333333333333333,32.0,0.0,True,False
768,4 4 4 12,384,120.0,5,1.25,False,17250,3.1145833333333335,0,514,212,2,0,0,24,16,40,2,1,0.08333333333333333,32.0,0.0,True,False
768,4 4 4 12,384,120.0,5,1.25,False,17500,3.1145833333333335,0,514,212,2,0,0,24,16,40,2,1,0.08333333333333333,32.0,0.0,True,False
768,4 4 4 12,384,120.0,5,1.25,False,17750,3.1145833333333335,0,492,228,4,0,0,28,16,44,4,1,0.08333333333333333,32.0,0.0,True,False
768,4 4 4 12,384,120.0,5,1.25,False,18000,3.1145833333333335,0,492,228,4,0,0,28,16,44,4,1,0.08333333333333333,32.0,0.0,True,False
768,4 4 4 12,384,120.0,5,1.25,False,18250,3.1145833333333335,0,492,228,4,0,0,28,16,44,4,1,0.08333333333333333,32.0,0.0,True,False
768,4 4 4 12,384,120.0,5,1.25,False,18500,3.1145833333333335,0,492,228,4,0,0,28,16,44,4,1,0.08333333333333333,32.0,0.0,True,False
768,4 4 4 12,384,120.0,5,1.25,False,18750,3.1145833333333335,0,472,240,8,0,0,32,16,48,6,2,0.08333333333333333,32.0,0.0,True,False
768,4 4 4 12,384,120.0,5,1.25,False,19000,3.1145833333333335,0,472,240,8,0,0,32,16,48,6,2,0.08333333333333333,32.0,0.0,True,False
768,4 4 4 12,384,120.0,5,1.25,False,19250,3.1145833333333335,0,494,224,6,0,0,28,16,44,4,2,0.08333333333333333,32.0,0.0,True,False
768,4 4 4 12,384,120.0,5,1.25,False,19500,3.1145833333333335,0,516,208,4,0,0,24,16,40,2,2,0.08333333333333333,32.0,0.0,True,False
768,4 4 4 12,384,120.0,5,1.25,False,19750,3.1145833333333335,0,494,224,6,0,0,28,16,44,4,2,0.08333333333333333,32.0,0.0,True,False
768,4 4 4 12,384,120.0,5,1.25,False,20000,3.1145833333333335,0,494,224,6,0,0,28,16,44,4,2,0.08333333333333333,32.0,0.0,True,False
768,4 4 4 12,384,120.0,5,1.25,False,20250,3.1145833333333335,0,494,224,6,0,0,28,16,44,4,2,0.08333333333333333,32.0,0.0,True,False
768,4 4 4 12,384,120.0,5,1.25,False,20500,3.1145833333333335,0,494,224,6,0,0,28,16,44,4,2,0.08333333333333333,32.0,0.0,True,False
768,4 4 4 12,384,120.0,5,1.25,False,20750,3.1145833333333335,0,494,224,6,0,0,28,16,44,4,2,0.08333333333333333,32.0,0.0,True,False
768,4 4 4 12,384,120.0,5,1.25,False,21000,3.1145833333333335,0,494,224,6,0,0,28,16,44,4,2,0.08333333333333333,32.0,0.0,True,False
768,4 4 4 12,384,120.0,5,1.25,False,21250,3.1145833333333335,0,494,224,6,0,0,28,16,44,4,2,0.08333333333333333,32.0,0.0,True,False
768,4 4 4 12,384,120.0,5,1.25,False,21500,3.1145833333333335,0,494,224,6,0,0,28,16,44,4,2,0.08333333333333333,32.0,0.0,True,False
768,4 4 4 12,384,120.0,5,1.25,False,21750,3.1145833333333335,0,516,208,4,0,0,24,16,40,2,2,0.08333333333333333,32.0,0.0,True,False
768,4 4 4 12,384,120.0,5,1.25,False,22000,3.1145833333333335,0,516,208,4,0,0,24,16,40,2,2,0.08333333333333333,32.0,0.0,True,False
768,4 4 4 12,384,120.0,5,1.25,False,22250,3.1145833333333335,0,516,208,4,0,0,24,16,40,2,2,0.08333333333333333,32.0,0.0,True,False
768,4 4 4 12,384,120.0,5,1.25,False,22500,3.1145833333333335,0,496,220,8,0,0,28,16,44,4,3,0.08333333333333333,32.0,0.0,True,False
768,4 4 4 12,384,120.0,5,1.25,False,22750,3.1145833333333335,0,476,232,12,0,0,32,16,48,6,4,0.08333333333333333,32.0,0.0,True,False
768,4 4 4 12,384,120.0,5,1.25,False,23000,3.1145833333333335,0,476,232,12,0,0,32,16,48,6,4,0.08333333333333333,32.0,0.0,True,False
768,4 4 4 12,384,120.0,5,1.25,False,23250,3.1145833333333335,0,496,220,8,0,0,28,16,44,4,3,0.08333333333333333,32.0,0.0,True,False
768,4 4 4 12,384,120.0,5,1.25,False,23500,3.1145833333333335,0,496,220,8,0,0,28,16,44,4,3,0.08333333333333333,32.0,0.0,True,False
768,4 4 4 12,384,120.0,5,1.25,False,23750,3.1145833333333335,0,496,220,8,0,0,28,16,44,4,3,0.08333333333333333,32.0,0.0,True,False
768,4 4 4 12,384,120.0,5,1.25,False,24000,3.1145833333333335,0,496,220,8,0,0,28,16,44,4,3,0.08333333333333333,32.0,0.0,True,False
768,4 4 4 12,384,120.0,5,1.25,False,24250,3.1145833333333335,0,496,220,8,0,0,28,16,44,4,3,0.08333333333333333,32.0,0.0,True,False
768,4 4 4 12,384,120.0,5,1.25,False,24500,3.1145833333333335,0,496,220,8,0,0,28,16,44,4,3,0.08333333333333333,32.0,0.0,True,False
768,4 4 4 12,384,120.0,5,1.25,False,24750,3.1145833333333335,0,476,232,12,0,0,32,16,48,6,4,0.08333333333333333,32.0,0.0,True,False
768,4 4 4 12,384,120.0,5,1.25,False,25000,3.1145833333333335,0,476,232,12,0,0,32,16,48,6,4,0.08333333333333333,32.0,0.0,True,False
768,4 4 4 12,384,120.0,5,1.25,False,25250,3.1145833333333335,0,496,220,8,0,0,28,16,44,4,3,0.08333333333333333,32.0,0.0,True,False
768,4 4 4 12,384,120.0,5,1.25,False,25500,3.1145833333333335,0,474,236,10,0,0,32,16,48,6,3,0.08333333333333333,32.0,0.0,True,False
768,4 4 4 12,384,120.0,5,1.25,False,25750,3.1145833333333335,0,474,236,10,0,0,32,16,48,6,3,0.08333333333333333,32.0,0.0,True,False
768,4 4 4 12,384,120.0,5,1.25,False,26000,3.1145833333333335,0,474,236,10,0,0,32,16,48,6,3,0.08333333333333333,32.0,0.0,True,False
768,4 4 4 12,384,120.0,5,1.25,False,26250,3.1145833333333335,0,496,220,8,0,0,28,16,44,4,3,0.08333333333333333,32.0,0.0,True,False
768,4 4 4 12,384,120.0,5,1.25,False,26500,3.1145833333333335,0,518,204,6,0,0,24,16,40,2,3,0.08333333333333333,32.0,0.0,True,False
768,4 4 4 12,384,120.0,5,1.25,False,26750,3.1145833333333335,0,518,204,6,0,0,24,16,40,2,3,0.08333333333333333,32.0,0.0,True,False
768,4 4 4 12,384,120.0,5,1.25,False,27000,3.1145833333333335,0,518,204,6,0,0,24,16,40,2,3,0.08333333333333333,32.0,0.0,True,False
768,4 4 4 12,384,120.0,5,1.25,False,27250,3.1145833333333335,0,496,220,8,0,0,28,16,44,4,3,0.08333333333333333,32.0,0.0,True,False
768,4 4 4 12,384,120.0,5,1.25,False,27500,3.1145833333333335,0,496,220,8,0,0,28,16,44,4,3,0.08333333333333333,32.0,0.0,True,False
768,4 4 4 12,384,120.0,5,1.25,False,27750,3.1145833333333335,0,520,200,8,0,0,24,16,40,4,3,0.08333333333333333,32.0,0.0,True,False
768,4 4 4 12,384,120.0,5,1.25,False,28000,3.1145833333333335,0,520,200,8,0,0,24,16,40,4,3,0.08333333333333333,32.0,0.0,True,False
768,4 4 4 12,384,120.0,5,1.25,False,28250,3.1145833333333335,0,498,216,10,0,0,28,16,44,4,4,0.08333333333333333,32.0,0.0,True,False
768,4 4 4 12,384,120.0,5,1.25,False,28500,3.1145833333333335,0,520,200,8,0,0,24,16,40,2,4,0.08333333333333333,32.0,0.0,True,False
768,4 4 4 12,384,120.0,5,1.25,False,28750,3.1145833333333335,0,500,212,12,0,0,28,16,44,4,5,0.08333333333333333,32.0,0.0,True,False
768,4 4 4 12,384,120.0,5,1.25,False,29000,3.1145833333333335,0,500,212,12,0,0,28,16,44,4,5,0.08333333333333333,32.0,0.0,True,False
768,4 4 4 12,384,120.0,5,1.25,False,29250,3.1145833333333335,0,500,212,12,0,0,28,16,44,4,5,0.08333333333333333,32.0,0.0,True,False
768,4 4 4 12,384,120.0,5,1.25,False,29500,3.1145833333333335,0,500,212,12,0,0,28,16,44,4,5,0.08333333333333333,32.0,0.0,True,False
768,4 4 4 12,384,120.0,5,1.25,False,29750,3.1145833333333335,0,542,184,6,0,0,20,16,36,2,3,0.08333333333333333,32.0,0.0,True,False
768,4 4 4 12,384,120.0,5,1.25,False,30000,3.1145833333333335,0,542,184,6,0,0,20,16,36,2,3,0.08333333333333333,32.0,0.0,True,False
768,4 4 4 12,384,120.0,5,1.25,False,30250,3.1145833333333335,0,542,184,6,0,0,20,16,36,2,3,0.08333333333333333,32.0,0.0,True,False
768,4 4 4 12,384,120.0,5,1.25,False,30500,3.1145833333333335,0,542,184,6,0,0,20,16,36,2,3,0.08333333333333333,32.0,0.0,True,False
768,4 4 4 12,384,120.0,5,1.25,False,30750,3.1145833333333335,0,542,184,6,0,0,20,16,36,2,3,0.08333333333333333,32.0,0.0,True,False
768,4 4 4 12,384,120.0,5,1.25,False,31000,3.1145833333333335,0,542,184,6,0,0,20,16,36,2,3,0.08333333333333333,32.0,0.0,True,False
768,4 4 4 12,384,120.0,5,1.25,False,31250,3.1145833333333335,0,542,184,6,0,0,20,16,36,2,3,0.08333333333333333,32.0,0.0,True,False
768,4 4 4 12,384,120.0,5,1.25,False,31500,3.1145833333333335,0,542,184,6,0,0,20,16,36,2,3,0.08333333333333333,32.0,0.0,True,False
768,4 4 4 12,384,120.0,5,1.25,False,31750,3.1145833333333335,0,566,164,6,0,0,16,16,32,2,3,0.08333333333333333,32.0,0.0,True,False
768,4 4 4 12,384,120.0,5,1.25,False,32000,3.1145833333333335,0,566,164,6,0,0,16,16,32,2,3,0.08333333333333333,32.0,0.0,True,False
768,4 4 4 12,384,120.0,5,1.25,False,32250,3.1145833333333335,0,566,164,6,0,0,16,16,32,2,3,0.08333333333333333,32.0,0.0,True,False
768,4 4 4 12,384,120.0,5,1.25,False,32500,3.1145833333333335,0,566,164,6,0,0,16,16,32,2,3,0.08333333333333333,32.0,0.0,True,False
768,4 4 4 12,384,120.0,5,1.25,False,32750,3.1145833333333335,0,566,164,6,0,0,16,16,32,2,3,0.08333333333333333,32.0,0.0,True,False
768,4 4 4 12,384,120.0,5,1.25,False,33000,3.1145833333333335,0,566,164,6,0,0,16,16,32,2,3,0.08333333333333333,32.0,0.0,True,False
768,4 4 4 12,384,120.0,5,1.25,False,33250,3.1145833333333335,0,566,164,6,0,0,16,16,32,2,3,0.08333333333333333,32.0,0.0,True,False
768,4 4 4 12,384,120.0,5,1.25,False,33500,3.1145833333333335,0,566,164,6,0,0,16,16,32,2,3,0.08333333333333333,32.0,0.0,True,False
768,4 4 4 12,384,120.0,5,1.25,False,33750,3.1145833333333335,0,542,184,6,0,0,20,16,36,2,3,0.08333333333333333,32.0,0.0,True,False
768,4 4 4 12,384,120.0,5,1.25,False,34000,3.1145833333333335,0,518,204,6,0,0,24,16,40,2,3,0.08333333333333333,32.0,0.0,True,False
768,4 4 4 12,384,120.0,5,1.25,False,34250,3.1145833333333335,0,542,184,6,0,0,20,16,36,2,3,0.08333333333333333,32.0,0.0,True,False
768,4 4 4 12,384,120.0,5,1.25,False,34500,3.1145833333333335,0,542,184,6,0,0,20,16,36,2,3,0.08333333333333333,32.0,0.0,True,False
768,4 4 4 12,384,120.0,5,1.25,False,34750,3.1145833333333335,0,542,184,6,0,0,20,16,36,2,3,0.08333333333333333,32.0,0.0,True,False
768,4 4 4 12,384,120.0,5,1.25,False,35000,3.1145833333333335,0,520,200,8,0,0,24,16,40,4,3,0.08333333333333333,32.0,0.0,True,False
768,4 4 4 12,384,120.0,5,1.25,False,35250,3.1145833333333335,0,520,200,8,0,0,24,16,40,4,3,0.08333333333333333,32.0,0.0,True,False
768,4 4 4 12,384,120.0,5,1.25,False,35500,3.1145833333333335,0,498,216,10,0,0,28,16,44,4,4,0.08333333333333333,32.0,0.0,True,False
768,4 4 4 12,384,120.0,5,1.25,False,35750,3.1145833333333335,0,498,216,10,0,0,28,16,44,4,4,0.08333333333333333,32.0,0.0,True,False
768,4 4 4 12,384,120.0,5,1.25,False,36000,3.1145833333333335,0,520,200,8,0,0,24,16,40,2,4,0.08333333333333333,32.0,0.0,True,False
768,4 4 4 12,384,120.0,5,1.25,False,36250,3.1145833333333335,0,520,200,8,0,0,24,16,40,2,4,0.08333333333333333,32.0,0.0,True,False
768,4 4 4 12,384,120.0,5,1.25,False,36500,3.1145833333333335,0,500,212,12,0,0,28,16,44,4,5,0.08333333333333333,32.0,0.0,True,False
768,4 4 4 12,384,120.0,5,1.25,False,36750,3.1145833333333335,0,478,228,14,0,0,32,16,48,6,5,0.08333333333333333,32.0,0.0,True,False
768,4 4 4 12,384,120.0,5,1.25,False,37000,3.1145833333333335,0,478,228,14,0,0,32,16,48,6,5,0.08333333333333333,32.0,0.0,True,False
768,4 4 4 12,384,120.0,5,1.25,False,37250,3.1145833333333335,0,478,228,14,0,0,32,16,48,6,5,0.08333333333333333,32.0,0.0,True,False
768,4 4 4 12,384,120.0,5,1.25,False,37500,3.1145833333333335,0,478,228,14,0,0,32,16,48,6,5,0.08333333333333333,32.0,0.0,True,False
768,4 4 4 12,384,120.0,5,1.25,False,37750,3.1145833333333335,0,478,228,14,0,0,32,16,48,6,5,0.08333333333333333,32.0,0.0,True,False
768,4 4 4 12,384,120.0,5,1.25,False,38000,3.1145833333333335,0,478,228,14,0,0,32,16,48,6,5,0.08333333333333333,32.0,0.0,True,False
768,4 4 4 12,384,120.0,5,1.25,False,38250,3.1145833333333335,0,478,228,14,0,0,32,16,48,6,5,0.08333333333333333,32.0,0.0,True,False
768,4 4 4 12,384,120.0,5,1.25,False,38500,3.1145833333333335,0,498,216,10,0,0,28,16,44,4,4,0.08333333333333333,32.0,0.0,True,False
768,4 4 4 12,384,120.0,5,1.25,False,38750,3.1145833333333335,0,498,216,10,0,0,28,16,44,4,4,0.08333333333333333,32.0,0.0,True,False
768,4 4 4 12,384,120.0,5,1.25,False,39000,3.1145833333333335,0,498,216,10,0,0,28,16,44,4,4,0.08333333333333333,32.0,0.0,True,False
768,4 4 4 12,384,120.0,5,1.25,False,39250,3.1145833333333335,0,518,204,6,0,0,24,16,40,2,3,0.08333333333333333,32.0,0.0,True,False
768,4 4 4 12,384,120.0,5,1.25,False,39500,3.1145833333333335,0,518,204,6,0,0,24,16,40,2,3,0.08333333333333333,32.0,0.0,True,False
768,4 4 4 12,384,120.0,5,1.25,False,39750,3.1145833333333335,0,518,204,6,0,0,24,16,40,2,3,0.08333333333333333,32.0,0.0,True,False
768,4 4 4 12,384,120.0,5,1.25,False,40000,3.1145833333333335,0,476,232,12,0,0,32,16,48,6,4,0.08333333333333333,32.0,0.0,True,False
768,4 4 4 12,384,120.0,5,1.25,False,40250,3.1145833333333335,0,476,232,12,0,0,32,16,48,6,4,0.08333333333333333,32.0,0.0,True,False
768,4 4 4 12,384,120.0,5,1.25,False,40500,3.1145833333333335,0,476,232,12,0,0,32,16,48,6,4,0.08333333333333333,32.0,0.0,True,False
768,4 4 4 12,384,120.0,5,1.25,False,40750,3.1145833333333335,0,476,232,12,0,0,32,16,48,6,4,0.08333333333333333,32.0,0.0,True,False
768,4 4 4 12,384,120.0,5,1.25,False,41000,3.1145833333333335,0,476,232,12,0,0,32,16,48,6,4,0.08333333333333333,32.0,0.0,True,False
768,4 4 4 12,384,120.0,5,1.25,False,41250,3.1145833333333335,0,476,232,12,0,0,32,16,48,6,4,0.08333333333333333,32.0,0.0,True,False
768,4 4 4 12,384,120.0,5,1.25,False,41500,3.1145833333333335,0,476,232,12,0,0,32,16,48,6,4,0.08333333333333333,32.0,0.0,True,False
768,4 4 4 12,384,120.0,5,1.25,False,41750,3.1145833333333335,0,476,232,12,0,0,32,16,48,6,4,0.08333333333333333,32.0,0.0,True,False
768,4 4 4 12,384,120.0,5,1.25,False,42000,3.1145833333333335,0,474,236,10,0,0,32,16,48,6,3,0.08333333333333333,32.0,0.0,True,False
768,4 4 4 12,384,120.0,5,1.25,False,42250,3.1145833333333335,0,474,236,10,0,0,32,16,48,6,3,0.08333333333333333,32.0,0.0,True,False
768,4 4 4 12,384,120.0,5,1.25,False,42500,3.1145833333333335,0,494,224,6,0,0,28,16,44,4,2,0.08333333333333333,32.0,0.0,True,False
768,4 4 4 12,384,120.0,5,1.25,False,42750,3.1145833333333335,0,494,224,6,0,0,28,16,44,4,2,0.08333333333333333,32.0,0.0,True,False
768,4 4 4 12,384,120.0,5,1.25,False,43000,3.1145833333333335,0,494,224,6,0,0,28,16,44,4,2,0.08333333333333333,32.0,0.0,True,False
768,4 4 4 12,384,120.0,5,1.25,False,43250,3.1145833333333335,0,494,224,6,0,0,28,16,44,4,2,0.08333333333333333,32.0,0.0,True,False
768,4 4 4 12,384,120.0,5,1.25,False,43500,3.1145833333333335,0,494,224,6,0,0,28,16,44,4,2,0.08333333333333333,32.0,0.0,True,False
768,4 4 4 12,384,120.0,5,1.25,False,43750,3.1145833333333335,0,494,224,6,0,0,28,16,44,4,2,0.08333333333333333,32.0,0.0,True,False
768,4 4 4 12,384,120.0,5,1.25,False,44000,3.1145833333333335,0,494,224,6,0,0,28,16,44,4,2,0.08333333333333333,32.0,0.0,True,False
768,4 4 4 12,384,120.0,5,1.25,False,44250,3.1145833333333335,0,474,236,10,0,0,32,16,48,6,3,0.08333333333333333,32.0,0.0,True,False
768,4 4 4 12,384,120.0,5,1.25,False,44500,3.1145833333333335,0,474,236,10,0,0,32,16,48,6,3,0.08333333333333333,32.0,0.0,True,False
768,4 4 4 12,384,120.0,5,1.25,False,44750,3.1145833333333335,0,474,236,10,0,0,32,16,48,6,3,0.08333333333333333,32.0,0.0,True,False
768,4 4 4 12,384,120.0,5,1.25,False,45000,3.1145833333333335,0,496,220,8,0,0,28,16,44,4,3,0.08333333333333333,32.0,0.0,True,False
768,4 4 4 12,384,120.0,5,1.25,False,45250,3.1145833333333335,0,496,220,8,0,0,28,16,44,4,3,0.08333333333333333,32.0,0.0,True,False
768,4 4 4 12,384,120.0,5,1.25,False,45500,3.1145833333333335,0,496,220,8,0,0,28,16,44,4,3,0.08333333333333333,32.0,0.0,True,False
768,4 4 4 12,384,120.0,5,1.25,False,45750,3.1145833333333335,0,518,204,6,0,0,24,16,40,4,2,0.08333333333333333,32.0,0.0,True,False
768,4 4 4 12,384,120.0,5,1.25,False,46000,3.1145833333333335,0,518,204,6,0,0,24,16,40,4,2,0.08333333333333333,32.0,0.0,True,False
768,4 4 4 12,384,120.0,5,1.25,False,46250,3.1145833333333335,0,518,204,6,0,0,24,16,40,4,2,0.08333333333333333,32.0,0.0,True,False
768,4 4 4 12,384,120.0,5,1.25,False,46500,3.1145833333333335,0,518,204,6,0,0,24,16,40,4,2,0.08333333333333333,32.0,0.0,True,False
768,4 4 4 12,384,120.0,5,1.25,False,46750,3.1145833333333335,0,518,204,6,0,0,24,16,40,4,2,0.08333333333333333,32.0,0.0,True,False
768,4 4 4 12,384,120.0,5,1.25,False,47000,3.1145833333333335,0,518,204,6,0,0,24,16,40,4,2,0.08333333333333333,32.0,0.0,True,False
768,4 4 4 12,384,120.0,5,1.25,False,47250,3.1145833333333335,0,518,204,6,0,0,24,16,40,4,2,0.08333333333333333,32.0,0.0,True,False
768,4 4 4 12,384,120.0,5,1.25,False,47500,3.1145833333333335,0,518,204,6,0,0,24,16,40,4,2,0.08333333333333333,32.0,0.0,True,False
768,4 4 4 12,384,120.0,5,1.25,False,47750,3.1145833333333335,0,518,204,6,0,0,24,16,40,4,2,0.08333333333333333,32.0,0.0,True,False
768,4 4 4 12,384,120.0,5,1.25,False,48000,3.1145833333333335,0,518,204,6,0,0,24,16,40,4,2,0.08333333333333333,32.0,0.0,True,False
768,4 4 4 12,384,120.0,5,1.25,False,48250,3.1145833333333335,0,518,204,6,0,0,24,16,40,4,2,0.08333333333333333,32.0,0.0,True,False
768,4 4 4 12,384,120.0,5,1.25,False,48500,3.1145833333333335,0,540,188,4,0,0,20,16,36,4,1,0.08333333333333333,32.0,0.0,True,False
768,4 4 4 12,384,120.0,5,1.25,False,48750,3.1145833333333335,0,540,188,4,0,0,20,16,36,4,1,0.08333333333333333,32.0,0.0,True,False
768,4 4 4 12,384,120.0,5,1.25,False,49000,3.1145833333333335,0,540,188,4,0,0,20,16,36,4,1,0.08333333333333333,32.0,0.0,True,False
768,4 4 4 12,384,120.0,5,1.25,False,49250,3.1145833333333335,0,560,176,0,0,0,16,16,32,0,0,0.08333333333333333,32.0,0.0,True,False
768,4 4 4 12,384,120.0,5,1.25,False,49500,3.1145833333333335,0,584,156,0,0,0,12,16,28,0,0,0.08333333333333333,32.0,0.0,True,False
768,4 4 4 12,384,120.0,5,1.25,False,49750,3.1145833333333335,0,608,136,0,0,0,8,16,24,0,0,0.08333333333333333,32.0,0.0,True,False
768,4 4 4 12,384,120.0,5,1.25,False,50000,3.1145833333333335,0,584,156,0,0,0,12,16,28,0,0,0.08333333333333333,32.0,0.0,True,True
