N,dims,C,spark,replica,lam,local_heat,sweep,h_per_vertex,d0,d1,d2,d3,d4,d5,d6,d7,melted,pieces_flat,largest_flat,bath_T,total,drift,left,final
1024,4x(4 4 4 4),512,40.0,0,1.1,False,0,1.6000000000000014,1024,0,0,0,0,0,0,0,0,0,0,0.078125,40.0,0.0,False,False
1024,4x(4 4 4 4),512,40.0,0,1.1,False,250,1.6296875000000028,992,28,0,0,0,0,0,4,4,0,0,0.018750000000000044,9.600000000000023,1.3642420526593924e-12,True,False
1024,4x(4 4 4 4),512,40.0,0,1.1,False,500,1.6296875000000028,992,28,0,0,0,0,0,4,4,0,0,0.018750000000000044,9.600000000000023,1.3642420526593924e-12,True,False
1024,4x(4 4 4 4),512,40.0,0,1.1,False,750,1.6296875000000028,992,28,0,0,0,0,0,4,4,0,0,0.018750000000000044,9.600000000000023,1.3642420526593924e-12,True,False
1024,4x(4 4 4 4),512,40.0,0,1.1,False,1000,1.6296875000000028,992,28,0,0,0,0,0,4,4,0,0,0.018750000000000044,9.600000000000023,1.3642420526593924e-12,True,False
1024,4x(4 4 4 4),512,40.0,0,1.1,False,1250,1.6296875000000028,992,28,0,0,0,0,0,4,4,0,0,0.018750000000000044,9.600000000000023,1.3642420526593924e-12,True,False
1024,4x(4 4 4 4),512,40.0,0,1.1,False,1500,1.6296875000000028,992,28,0,0,0,0,0,4,4,0,0,0.018750000000000044,9.600000000000023,1.3642420526593924e-12,True,False
1024,4x(4 4 4 4),512,40.0,0,1.1,False,1750,1.6296875000000028,992,28,0,0,0,0,0,4,4,0,0,0.018750000000000044,9.600000000000023,1.3642420526593924e-12,True,False
1024,4x(4 4 4 4),512,40.0,0,1.1,False,2000,1.6296875000000028,992,28,0,0,0,0,0,4,4,0,0,0.018750000000000044,9.600000000000023,1.3642420526593924e-12,True,False
1024,4x(4 4 4 4),512,40.0,0,1.1,False,2250,1.6296875000000028,992,28,0,0,0,0,0,4,4,0,0,0.018750000000000044,9.600000000000023,1.3642420526593924e-12,True,False
1024,4x(4 4 4 4),512,40.0,0,1.1,False,2500,1.6296875000000028,992,28,0,0,0,0,0,4,4,0,0,0.018750000000000044,9.600000000000023,1.3642420526593924e-12,True,False
1024,4x(4 4 4 4),512,40.0,0,1.1,False,2750,1.6296875000000028,992,28,0,0,0,0,0,4,4,0,0,0.018750000000000044,9.600000000000023,1.3642420526593924e-12,True,False
1024,4x(4 4 4 4),512,40.0,0,1.1,False,3000,1.6296875000000028,992,28,0,0,0,0,0,4,4,0,0,0.018750000000000044,9.600000000000023,1.3642420526593924e-12,True,False
1024,4x(4 4 4 4),512,40.0,0,1.1,False,3250,1.6296875000000028,992,28,0,0,0,0,0,4,4,0,0,0.018750000000000044,9.600000000000023,1.3642420526593924e-12,True,False
1024,4x(4 4 4 4),512,40.0,0,1.1,False,3500,1.6296875000000028,992,28,0,0,0,0,0,4,4,0,0,0.018750000000000044,9.600000000000023,1.3642420526593924e-12,True,False
1024,4x(4 4 4 4),512,40.0,0,1.1,False,3750,1.6296875000000028,992,28,0,0,0,0,0,4,4,0,0,0.018750000000000044,9.600000000000023,1.3642420526593924e-12,True,False
1024,4x(4 4 4 4),512,40.0,0,1.1,False,4000,1.6296875000000028,992,28,0,0,0,0,0,4,4,0,0,0.018750000000000044,9.600000000000023,1.3642420526593924e-12,True,False
1024,4x(4 4 4 4),512,40.0,0,1.1,False,4250,1.6296875000000028,992,28,0,0,0,0,0,4,4,0,0,0.018750000000000044,9.600000000000023,1.3642420526593924e-12,True,False
1024,4x(4 4 4 4),512,40.0,0,1.1,False,4500,1.6296875000000028,992,28,0,0,0,0,0,4,4,0,0,0.018750000000000044,9.600000000000023,1.3642420526593924e-12,True,False
1024,4x(4 4 4 4),512,40.0,0,1.1,False,4750,1.6296875000000028,992,28,0,0,0,0,0,4,4,0,0,0.018750000000000044,9.600000000000023,1.3642420526593924e-12,True,False
1024,4x(4 4 4 4),512,40.0,0,1.1,False,5000,1.6296875000000028,992,28,0,0,0,0,0,4,4,0,0,0.018750000000000044,9.600000000000023,1.3642420526593924e-12,True,False
1024,4x(4 4 4 4),512,40.0,0,1.1,False,5250,1.6296875000000028,992,28,0,0,0,0,0,4,4,0,0,0.018750000000000044,9.600000000000023,1.3642420526593924e-12,True,False
1024,4x(4 4 4 4),512,40.0,0,1.1,False,5500,1.6296875000000028,992,28,0,0,0,0,0,4,4,0,0,0.018750000000000044,9.600000000000023,1.3642420526593924e-12,True,False
1024,4x(4 4 4 4),512,40.0,0,1.1,False,5750,1.6296875000000028,992,28,0,0,0,0,0,4,4,0,0,0.018750000000000044,9.600000000000023,1.3642420526593924e-12,True,False
1024,4x(4 4 4 4),512,40.0,0,1.1,False,6000,1.6296875000000028,992,28,0,0,0,0,0,4,4,0,0,0.018750000000000044,9.600000000000023,1.3642420526593924e-12,True,False
1024,4x(4 4 4 4),512,40.0,0,1.1,False,6250,1.6296875000000028,992,28,0,0,0,0,0,4,4,0,0,0.018750000000000044,9.600000000000023,1.3642420526593924e-12,True,False
1024,4x(4 4 4 4),512,40.0,0,1.1,False,6500,1.6296875000000028,992,28,0,0,0,0,0,4,4,0,0,0.018750000000000044,9.600000000000023,1.3642420526593924e-12,True,False
1024,4x(4 4 4 4),512,40.0,0,1.1,False,6750,1.6296875000000028,992,28,0,0,0,0,0,4,4,0,0,0.018750000000000044,9.600000000000023,1.3642420526593924e-12,True,False
1024,4x(4 4 4 4),512,40.0,0,1.1,False,7000,1.6296875000000028,992,28,0,0,0,0,0,4,4,0,0,0.018750000000000044,9.600000000000023,1.3642420526593924e-12,True,False
1024,4x(4 4 4 4),512,40.0,0,1.1,False,7250,1.6296875000000028,992,28,0,0,0,0,0,4,4,0,0,0.018750000000000044,9.600000000000023,1.3642420526593924e-12,True,False
1024,4x(4 4 4 4),512,40.0,0,1.1,False,7500,1.6296875000000028,992,28,0,0,0,0,0,4,4,0,0,0.018750000000000044,9.600000000000023,1.3642420526593924e-12,True,False
1024,4x(4 4 4 4),512,40.0,0,1.1,False,7750,1.6296875000000028,992,28,0,0,0,0,0,4,4,0,0,0.018750000000000044,9.600000000000023,1.3642420526593924e-12,True,False
1024,4x(4 4 4 4),512,40.0,0,1.1,False,8000,1.6296875000000028,992,28,0,0,0,0,0,4,4,0,0,0.018750000000000044,9.600000000000023,1.3642420526593924e-12,True,False
1024,4x(4 4 4 4),512,40.0,0,1.1,False,8250,1.6296875000000028,992,28,0,0,0,0,0,4,4,0,0,0.018750000000000044,9.600000000000023,1.3642420526593924e-12,True,False
1024,4x(4 4 4 4),512,40.0,0,1.1,False,8500,1.6296875000000028,992,28,0,0,0,0,0,4,4,0,0,0.018750000000000044,9.600000000000023,1.3642420526593924e-12,True,False
1024,4x(4 4 4 4),512,40.0,0,1.1,False,8750,1.6296875000000028,992,28,0,0,0,0,0,4,4,0,0,0.018750000000000044,9.600000000000023,1.3642420526593924e-12,True,False
1024,4x(4 4 4 4),512,40.0,0,1.1,False,9000,1.6296875000000028,992,28,0,0,0,0,0,4,4,0,0,0.018750000000000044,9.600000000000023,1.3642420526593924e-12,True,False
1024,4x(4 4 4 4),512,40.0,0,1.1,False,9250,1.6296875000000028,992,28,0,0,0,0,0,4,4,0,0,0.018750000000000044,9.600000000000023,1.3642420526593924e-12,True,False
1024,4x(4 4 4 4),512,40.0,0,1.1,False,9500,1.6296875000000028,992,28,0,0,0,0,0,4,4,0,0,0.018750000000000044,9.600000000000023,1.3642420526593924e-12,True,False
1024,4x(4 4 4 4),512,40.0,0,1.1,False,9750,1.6296875000000028,992,28,0,0,0,0,0,4,4,0,0,0.018750000000000044,9.600000000000023,1.3642420526593924e-12,True,False
1024,4x(4 4 4 4),512,40.0,0,1.1,False,10000,1.6296875000000028,992,28,0,0,0,0,0,4,4,0,0,0.018750000000000044,9.600000000000023,1.3642420526593924e-12,True,False
1024,4x(4 4 4 4),512,40.0,0,1.1,False,10250,1.6296875000000028,992,28,0,0,0,0,0,4,4,0,0,0.018750000000000044,9.600000000000023,1.3642420526593924e-12,True,False
1024,4x(4 4 4 4),512,40.0,0,1.1,False,10500,1.6296875000000028,992,28,0,0,0,0,0,4,4,0,0,0.018750000000000044,9.600000000000023,1.3642420526593924e-12,True,False
1024,4x(4 4 4 4),512,40.0,0,1.1,False,10750,1.6296875000000028,992,28,0,0,0,0,0,4,4,0,0,0.018750000000000044,9.600000000000023,1.3642420526593924e-12,True,False
1024,4x(4 4 4 4),512,40.0,0,1.1,False,11000,1.6296875000000028,992,28,0,0,0,0,0,4,4,0,0,0.018750000000000044,9.600000000000023,1.3642420526593924e-12,True,False
1024,4x(4 4 4 4),512,40.0,0,1.1,False,11250,1.6296875000000028,992,28,0,0,0,0,0,4,4,0,0,0.018750000000000044,9.600000000000023,1.3642420526593924e-12,True,False
1024,4x(4 4 4 4),512,40.0,0,1.1,False,11500,1.6296875000000028,992,28,0,0,0,0,0,4,4,0,0,0.018750000000000044,9.600000000000023,1.3642420526593924e-12,True,False
1024,4x(4 4 4 4),512,40.0,0,1.1,False,11750,1.6296875000000028,992,28,0,0,0,0,0,4,4,0,0,0.018750000000000044,9.600000000000023,1.3642420526593924e-12,True,False
1024,4x(4 4 4 4),512,40.0,0,1.1,False,12000,1.6296875000000028,992,28,0,0,0,0,0,4,4,0,0,0.018750000000000044,9.600000000000023,1.3642420526593924e-12,True,False
1024,4x(4 4 4 4),512,40.0,0,1.1,False,12250,1.6296875000000028,992,28,0,0,0,0,0,4,4,0,0,0.018750000000000044,9.600000000000023,1.3642420526593924e-12,True,False
1024,4x(4 4 4 4),512,40.0,0,1.1,False,12500,1.6296875000000028,992,28,0,0,0,0,0,4,4,0,0,0.018750000000000044,9.600000000000023,1.3642420526593924e-12,True,False
1024,4x(4 4 4 4),512,40.0,0,1.1,False,12750,1.6296875000000028,992,28,0,0,0,0,0,4,4,0,0,0.018750000000000044,9.600000000000023,1.3642420526593924e-12,True,False
1024,4x(4 4 4 4),512,40.0,0,1.1,False,13000,1.6296875000000028,992,28,0,0,0,0,0,4,4,0,0,0.018750000000000044,9.600000000000023,1.3642420526593924e-12,True,False
1024,4x(4 4 4 4),512,40.0,0,1.1,False,13250,1.6296875000000028,992,28,0,0,0,0,0,4,4,0,0,0.018750000000000044,9.600000000000023,1.3642420526593924e-12,True,False
1024,4x(4 4 4 4),512,40.0,0,1.1,False,13500,1.6296875000000028,992,28,0,0,0,0,0,4,4,0,0,0.018750000000000044,9.600000000000023,1.3642420526593924e-12,True,False
1024,4x(4 4 4 4),512,40.0,0,1.1,False,13750,1.6296875000000028,992,28,0,0,0,0,0,4,4,0,0,0.018750000000000044,9.600000000000023,1.3642420526593924e-12,True,False
1024,4x(4 4 4 4),512,40.0,0,1.1,False,14000,1.6296875000000028,992,28,0,0,0,0,0,4,4,0,0,0.018750000000000044,9.600000000000023,1.3642420526593924e-12,True,False
1024,4x(4 4 4 4),512,40.0,0,1.1,False,14250,1.6296875000000028,992,28,0,0,0,0,0,4,4,0,0,0.018750000000000044,9.600000000000023,1.3642420526593924e-12,True,False
1024,4x(4 4 4 4),512,40.0,0,1.1,False,14500,1.6296875000000028,992,28,0,0,0,0,0,4,4,0,0,0.018750000000000044,9.600000000000023,1.3642420526593924e-12,True,False
1024,4x(4 4 4 4),512,40.0,0,1.1,False,14750,1.6296875000000028,992,28,0,0,0,0,0,4,4,0,0,0.018750000000000044,9.600000000000023,1.3642420526593924e-12,True,False
1024,4x(4 4 4 4),512,40.0,0,1.1,False,15000,1.6296875000000028,992,28,0,0,0,0,0,4,4,0,0,0.018750000000000044,9.600000000000023,1.3642420526593924e-12,True,False
1024,4x(4 4 4 4),512,40.0,0,1.1,False,15250,1.6296875000000028,992,28,0,0,0,0,0,4,4,0,0,0.018750000000000044,9.600000000000023,1.3642420526593924e-12,True,False
1024,4x(4 4 4 4),512,40.0,0,1.1,False,15500,1.6296875000000028,992,28,0,0,0,0,0,4,4,0,0,0.018750000000000044,9.600000000000023,1.3642420526593924e-12,True,False
1024,4x(4 4 4 4),512,40.0,0,1.1,False,15750,1.6296875000000028,992,28,0,0,0,0,0,4,4,0,0,0.018750000000000044,9.600000000000023,1.3642420526593924e-12,True,False
1024,4x(4 4 4 4),512,40.0,0,1.1,False,16000,1.6296875000000028,992,28,0,0,0,0,0,4,4,0,0,0.018750000000000044,9.600000000000023,1.3642420526593924e-12,True,False
1024,4x(4 4 4 4),512,40.0,0,1.1,False,16250,1.6296875000000028,992,28,0,0,0,0,0,4,4,0,0,0.018750000000000044,9.600000000000023,1.3642420526593924e-12,True,False
1024,4x(4 4 4 4),512,40.0,0,1.1,False,16500,1.6296875000000028,992,28,0,0,0,0,0,4,4,0,0,0.018750000000000044,9.600000000000023,1.3642420526593924e-12,True,False
1024,4x(4 4 4 4),512,40.0,0,1.1,False,16750,1.6296875000000028,992,28,0,0,0,0,0,4,4,0,0,0.018750000000000044,9.600000000000023,1.3642420526593924e-12,True,False
1024,4x(4 4 4 4),512,40.0,0,1.1,False,17000,1.6296875000000028,992,28,0,0,0,0,0,4,4,0,0,0.018750000000000044,9.600000000000023,1.3642420526593924e-12,True,False
1024,4x(4 4 4 4),512,40.0,0,1.1,False,17250,1.6296875000000028,992,28,0,0,0,0,0,4,4,0,0,0.018750000000000044,9.600000000000023,1.3642420526593924e-12,True,False
1024,4x(4 4 4 4),512,40.0,0,1.1,False,17500,1.6296875000000028,992,28,0,0,0,0,0,4,4,0,0,0.018750000000000044,9.600000000000023,1.3642420526593924e-12,True,False
1024,4x(4 4 4 4),512,40.0,0,1.1,False,17750,1.6296875000000028,992,28,0,0,0,0,0,4,4,0,0,0.018750000000000044,9.600000000000023,1.3642420526593924e-12,True,False
1024,4x(4 4 4 4),512,40.0,0,1.1,False,18000,1.6296875000000028,992,28,0,0,0,0,0,4,4,0,0,0.018750000000000044,9.600000000000023,1.3642420526593924e-12,True,False
1024,4x(4 4 4 4),512,40.0,0,1.1,False,18250,1.6296875000000028,992,28,0,0,0,0,0,4,4,0,0,0.018750000000000044,9.600000000000023,1.3642420526593924e-12,True,False
1024,4x(4 4 4 4),512,40.0,0,1.1,False,18500,1.6296875000000028,992,28,0,0,0,0,0,4,4,0,0,0.018750000000000044,9.600000000000023,1.3642420526593924e-12,True,False
1024,4x(4 4 4 4),512,40.0,0,1.1,False,18750,1.6296875000000028,992,28,0,0,0,0,0,4,4,0,0,0.018750000000000044,9.600000000000023,1.3642420526593924e-12,True,False
1024,4x(4 4 4 4),512,40.0,0,1.1,False,19000,1.6296875000000028,992,28,0,0,0,0,0,4,4,0,0,0.018750000000000044,9.600000000000023,1.3642420526593924e-12,True,False
1024,4x(4 4 4 4),512,40.0,0,1.1,False,19250,1.6296875000000028,992,28,0,0,0,0,0,4,4,0,0,0.018750000000000044,9.600000000000023,1.3642420526593924e-12,True,False
1024,4x(4 4 4 4),512,40.0,0,1.1,False,19500,1.6296875000000028,992,28,0,0,0,0,0,4,4,0,0,0.018750000000000044,9.600000000000023,1.3642420526593924e-12,True,False
1024,4x(4 4 4 4),512,40.0,0,1.1,False,19750,1.6296875000000028,992,28,0,0,0,0,0,4,4,0,0,0.018750000000000044,9.600000000000023,1.3642420526593924e-12,True,False
1024,4x(4 4 4 4),512,40.0,0,1.1,False,20000,1.6296875000000028,992,28,0,0,0,0,0,4,4,0,0,0.018750000000000044,9.600000000000023,1.3642420526593924e-12,True,False
1024,4x(4 4 4 4),512,40.0,0,1.1,False,20250,1.6187500000000021,1000,20,0,0,0,4,0,0,4,0,0,0.04062500000000002,20.80000000000001,6.821210263296962e-13,True,False
1024,4x(4 4 4 4),512,40.0,0,1.1,False,20500,1.6187500000000021,1000,20,0,0,0,4,0,0,4,0,0,0.04062500000000002,20.80000000000001,6.821210263296962e-13,True,False
1024,4x(4 4 4 4),512,40.0,0,1.1,False,20750,1.6187500000000021,1000,20,0,0,0,4,0,0,4,0,0,0.04062500000000002,20.80000000000001,6.821210263296962e-13,True,False
1024,4x(4 4 4 4),512,40.0,0,1.1,False,21000,1.6187500000000021,1000,20,0,0,0,4,0,0,4,0,0,0.04062500000000002,20.80000000000001,6.821210263296962e-13,True,False
1024,4x(4 4 4 4),512,40.0,0,1.1,False,21250,1.6187500000000021,1000,20,0,0,0,4,0,0,4,0,0,0.04062500000000002,20.80000000000001,6.821210263296962e-13,True,False
1024,4x(4 4 4 4),512,40.0,0,1.1,False,21500,1.6187500000000021,1000,20,0,0,0,4,0,0,4,0,0,0.04062500000000002,20.80000000000001,6.821210263296962e-13,True,False
1024,4x(4 4 4 4),512,40.0,0,1.1,False,21750,1.6187500000000021,1000,20,0,0,0,4,0,0,4,0,0,0.04062500000000002,20.80000000000001,6.821210263296962e-13,True,False
1024,4x(4 4 4 4),512,40.0,0,1.1,False,22000,1.6187500000000021,1000,20,0,0,0,4,0,0,4,0,0,0.04062500000000002,20.80000000000001,6.821210263296962e-13,True,False
1024,4x(4 4 4 4),512,40.0,0,1.1,False,22250,1.6187500000000021,1000,20,0,0,0,4,0,0,4,0,0,0.04062500000000002,20.80000000000001,6.821210263296962e-13,True,False
1024,4x(4 4 4 4),512,40.0,0,1.1,False,22500,1.6187500000000021,1000,20,0,0,0,4,0,0,4,0,0,0.04062500000000002,20.80000000000001,6.821210263296962e-13,True,False
1024,4x(4 4 4 4),512,40.0,0,1.1,False,22750,1.6187500000000021,1000,20,0,0,0,4,0,0,4,0,0,0.04062500000000002,20.80000000000001,6.821210263296962e-13,True,False
1024,4x(4 4 4 4),512,40.0,0,1.1,False,23000,1.6187500000000021,1000,20,0,0,0,4,0,0,4,0,0,0.04062500000000002,20.80000000000001,6.821210263296962e-13,True,False
1024,4x(4 4 4 4),512,40.0,0,1.1,False,23250,1.6187500000000021,1000,20,0,0,0,4,0,0,4,0,0,0.04062500000000002,20.80000000000001,6.821210263296962e-13,True,False
1024,4x(4 4 4 4),512,40.0,0,1.1,False,23500,1.6187500000000021,1000,20,0,0,0,4,0,0,4,0,0,0.04062500000000002,20.80000000000001,6.821210263296962e-13,True,False
1024,4x(4 4 4 4),512,40.0,0,1.1,False,23750,1.6187500000000021,1000,20,0,0,0,4,0,0,4,0,0,0.04062500000000002,20.80000000000001,6.821210263296962e-13,True,False
1024,4x(4 4 4 4),512,40.0,0,1.1,False,24000,1.6187500000000021,1000,20,0,0,0,4,0,0,4,0,0,0.04062500000000002,20.80000000000001,6.821210263296962e-13,True,False
1024,4x(4 4 4 4),512,40.0,0,1.1,False,24250,1.6187500000000021,1000,20,0,0,0,4,0,0,4,0,0,0.04062500000000002,20.80000000000001,6.821210263296962e-13,True,False
1024,4x(4 4 4 4),512,40.0,0,1.1,False,24500,1.6187500000000021,1000,20,0,0,0,4,0,0,4,0,0,0.04062500000000002,20.80000000000001,6.821210263296962e-13,True,False
1024,4x(4 4 4 4),512,40.0,0,1.1,False,24750,1.6187500000000021,1000,20,0,0,0,4,0,0,4,0,0,0.04062500000000002,20.80000000000001,6.821210263296962e-13,True,False
1024,4x(4 4 4 4),512,40.0,0,1.1,False,25000,1.6187500000000021,1000,20,0,0,0,4,0,0,4,0,0,0.04062500000000002,20.80000000000001,6.821210263296962e-13,True,False
1024,4x(4 4 4 4),512,40.0,0,1.1,False,25250,1.6187500000000021,1000,20,0,0,0,4,0,0,4,0,0,0.04062500000000002,20.80000000000001,6.821210263296962e-13,True,False
1024,4x(4 4 4 4),512,40.0,0,1.1,False,25500,1.6187500000000021,1000,20,0,0,0,4,0,0,4,0,0,0.04062500000000002,20.80000000000001,6.821210263296962e-13,True,False
1024,4x(4 4 4 4),512,40.0,0,1.1,False,25750,1.6187500000000021,1000,20,0,0,0,4,0,0,4,0,0,0.04062500000000002,20.80000000000001,6.821210263296962e-13,True,False
1024,4x(4 4 4 4),512,40.0,0,1.1,False,26000,1.6187500000000021,1000,20,0,0,0,4,0,0,4,0,0,0.04062500000000002,20.80000000000001,6.821210263296962e-13,True,False
1024,4x(4 4 4 4),512,40.0,0,1.1,False,26250,1.6187500000000021,1000,20,0,0,0,4,0,0,4,0,0,0.04062500000000002,20.80000000000001,6.821210263296962e-13,True,False
1024,4x(4 4 4 4),512,40.0,0,1.1,False,26500,1.6187500000000021,1000,20,0,0,0,4,0,0,4,0,0,0.04062500000000002,20.80000000000001,6.821210263296962e-13,True,False
1024,4x(4 4 4 4),512,40.0,0,1.1,False,26750,1.6187500000000021,1000,20,0,0,0,4,0,0,4,0,0,0.04062500000000002,20.80000000000001,6.821210263296962e-13,True,False
1024,4x(4 4 4 4),512,40.0,0,1.1,False,27000,1.6187500000000021,1000,20,0,0,0,4,0,0,4,0,0,0.04062500000000002,20.80000000000001,6.821210263296962e-13,True,False
1024,4x(4 4 4 4),512,40.0,0,1.1,False,27250,1.6187500000000021,1000,20,0,0,0,4,0,0,4,0,0,0.04062500000000002,20.80000000000001,6.821210263296962e-13,True,False
1024,4x(4 4 4 4),512,40.0,0,1.1,False,27500,1.6187500000000021,1000,20,0,0,0,4,0,0,4,0,0,0.04062500000000002,20.80000000000001,6.821210263296962e-13,True,False
1024,4x(4 4 4 4),512,40.0,0,1.1,False,27750,1.6187500000000021,1000,20,0,0,0,4,0,0,4,0,0,0.04062500000000002,20.80000000000001,6.821210263296962e-13,True,False
1024,4x(4 4 4 4),512,40.0,0,1.1,False,28000,1.6187500000000021,1000,20,0,0,0,4,0,0,4,0,0,0.04062500000000002,20.80000000000001,6.821210263296962e-13,True,False
1024,4x(4 4 4 4),512,40.0,0,1.1,False,28250,1.6187500000000021,1000,20,0,0,0,4,0,0,4,0,0,0.04062500000000002,20.80000000000001,6.821210263296962e-13,True,False
1024,4x(4 4 4 4),512,40.0,0,1.1,False,28500,1.6187500000000021,1000,20,0,0,0,4,0,0,4,0,0,0.04062500000000002,20.80000000000001,6.821210263296962e-13,True,False
1024,4x(4 4 4 4),512,40.0,0,1.1,False,28750,1.6187500000000021,1000,20,0,0,0,4,0,0,4,0,0,0.04062500000000002,20.80000000000001,6.821210263296962e-13,True,False
1024,4x(4 4 4 4),512,40.0,0,1.1,False,29000,1.6187500000000021,1000,20,0,0,0,4,0,0,4,0,0,0.04062500000000002,20.80000000000001,6.821210263296962e-13,True,False
1024,4x(4 4 4 4),512,40.0,0,1.1,False,29250,1.6187500000000021,1000,20,0,0,0,4,0,0,4,0,0,0.04062500000000002,20.80000000000001,6.821210263296962e-13,True,False
1024,4x(4 4 4 4),512,40.0,0,1.1,False,29500,1.6187500000000021,1000,20,0,0,0,4,0,0,4,0,0,0.04062500000000002,20.80000000000001,6.821210263296962e-13,True,False
1024,4x(4 4 4 4),512,40.0,0,1.1,False,29750,1.6187500000000021,1000,20,0,0,0,4,0,0,4,0,0,0.04062500000000002,20.80000000000001,6.821210263296962e-13,True,False
1024,4x(4 4 4 4),512,40.0,0,1.1,False,30000,1.6187500000000021,1000,20,0,0,0,4,0,0,4,0,0,0.04062500000000002,20.80000000000001,6.821210263296962e-13,True,False
1024,4x(4 4 4 4),512,40.0,0,1.1,False,30250,1.6187500000000021,1000,20,0,0,0,4,0,0,4,0,0,0.04062500000000002,20.80000000000001,6.821210263296962e-13,True,False
1024,4x(4 4 4 4),512,40.0,0,1.1,False,30500,1.6187500000000021,1000,20,0,0,0,4,0,0,4,0,0,0.04062500000000002,20.80000000000001,6.821210263296962e-13,True,False
1024,4x(4 4 4 4),512,40.0,0,1.1,False,30750,1.6187500000000021,1000,20,0,0,0,4,0,0,4,0,0,0.04062500000000002,20.80000000000001,6.821210263296962e-13,True,False
1024,4x(4 4 4 4),512,40.0,0,1.1,False,31000,1.6187500000000021,1000,20,0,0,0,4,0,0,4,0,0,0.04062500000000002,20.80000000000001,6.821210263296962e-13,True,False
1024,4x(4 4 4 4),512,40.0,0,1.1,False,31250,1.6187500000000021,1000,20,0,0,0,4,0,0,4,0,0,0.04062500000000002,20.80000000000001,6.821210263296962e-13,True,False
1024,4x(4 4 4 4),512,40.0,0,1.1,False,31500,1.6187500000000021,1000,20,0,0,0,4,0,0,4,0,0,0.04062500000000002,20.80000000000001,6.821210263296962e-13,True,False
1024,4x(4 4 4 4),512,40.0,0,1.1,False,31750,1.6281250000000007,988,30,0,0,0,6,0,0,6,0,0,0.021875000000000033,11.200000000000017,6.821210263296962e-13,True,False
1024,4x(4 4 4 4),512,40.0,0,1.1,False,32000,1.6281250000000007,988,30,0,0,0,6,0,0,6,0,0,0.021875000000000033,11.200000000000017,6.821210263296962e-13,True,False
1024,4x(4 4 4 4),512,40.0,0,1.1,False,32250,1.6281250000000007,988,30,0,0,0,6,0,0,6,0,0,0.021875000000000033,11.200000000000017,6.821210263296962e-13,True,False
1024,4x(4 4 4 4),512,40.0,0,1.1,False,32500,1.6281250000000007,988,30,0,0,0,6,0,0,6,0,0,0.021875000000000033,11.200000000000017,6.821210263296962e-13,True,False
1024,4x(4 4 4 4),512,40.0,0,1.1,False,32750,1.6281250000000007,988,30,0,0,0,6,0,0,6,0,0,0.021875000000000033,11.200000000000017,6.821210263296962e-13,True,False
1024,4x(4 4 4 4),512,40.0,0,1.1,False,33000,1.6281250000000007,988,30,0,0,0,6,0,0,6,0,0,0.021875000000000033,11.200000000000017,6.821210263296962e-13,True,False
1024,4x(4 4 4 4),512,40.0,0,1.1,False,33250,1.6187500000000021,1000,20,0,0,0,4,0,0,4,0,0,0.04062500000000002,20.80000000000001,6.821210263296962e-13,True,False
1024,4x(4 4 4 4),512,40.0,0,1.1,False,33500,1.6187500000000021,1000,20,0,0,0,4,0,0,4,0,0,0.04062500000000002,20.80000000000001,6.821210263296962e-13,True,False
1024,4x(4 4 4 4),512,40.0,0,1.1,False,33750,1.6187500000000021,1000,20,0,0,0,4,0,0,4,0,0,0.04062500000000002,20.80000000000001,6.821210263296962e-13,True,False
1024,4x(4 4 4 4),512,40.0,0,1.1,False,34000,1.6187500000000021,1000,20,0,0,0,4,0,0,4,0,0,0.04062500000000002,20.80000000000001,6.821210263296962e-13,True,False
1024,4x(4 4 4 4),512,40.0,0,1.1,False,34250,1.6187500000000021,1000,20,0,0,0,4,0,0,4,0,0,0.04062500000000002,20.80000000000001,6.821210263296962e-13,True,False
1024,4x(4 4 4 4),512,40.0,0,1.1,False,34500,1.6187500000000021,1000,20,0,0,0,4,0,0,4,0,0,0.04062500000000002,20.80000000000001,6.821210263296962e-13,True,False
1024,4x(4 4 4 4),512,40.0,0,1.1,False,34750,1.6187500000000021,1000,20,0,0,0,4,0,0,4,0,0,0.04062500000000002,20.80000000000001,6.821210263296962e-13,True,False
1024,4x(4 4 4 4),512,40.0,0,1.1,False,35000,1.6187500000000021,1000,20,0,0,0,4,0,0,4,0,0,0.04062500000000002,20.80000000000001,6.821210263296962e-13,True,False
1024,4x(4 4 4 4),512,40.0,0,1.1,False,35250,1.6000000000000014,1024,0,0,0,0,0,0,0,0,0,0,0.078125,40.0,0.0,True,False
1024,4x(4 4 4 4),512,40.0,0,1.1,False,35500,1.6187500000000021,1000,20,0,0,0,4,0,0,4,0,0,0.04062500000000002,20.80000000000001,6.821210263296962e-13,True,False
1024,4x(4 4 4 4),512,40.0,0,1.1,False,35750,1.6187500000000021,1000,20,0,0,0,4,0,0,4,0,0,0.04062500000000002,20.80000000000001,6.821210263296962e-13,True,False
1024,4x(4 4 4 4),512,40.0,0,1.1,False,36000,1.6187500000000021,1000,20,0,0,0,4,0,0,4,0,0,0.04062500000000002,20.80000000000001,6.821210263296962e-13,True,False
1024,4x(4 4 4 4),512,40.0,0,1.1,False,36250,1.6187500000000021,1000,20,0,0,0,4,0,0,4,0,0,0.04062500000000002,20.80000000000001,6.821210263296962e-13,True,False
1024,4x(4 4 4 4),512,40.0,0,1.1,False,36500,1.6187500000000021,1000,20,0,0,0,4,0,0,4,0,0,0.04062500000000002,20.80000000000001,6.821210263296962e-13,True,False
1024,4x(4 4 4 4),512,40.0,0,1.1,False,36750,1.6187500000000021,1000,20,0,0,0,4,0,0,4,0,0,0.04062500000000002,20.80000000000001,6.821210263296962e-13,True,False
1024,4x(4 4 4 4),512,40.0,0,1.1,False,37000,1.6187500000000021,1000,20,0,0,0,4,0,0,4,0,0,0.04062500000000002,20.80000000000001,6.821210263296962e-13,True,False
1024,4x(4 4 4 4),512,40.0,0,1.1,False,37250,1.6187500000000021,1000,20,0,0,0,4,0,0,4,0,0,0.04062500000000002,20.80000000000001,6.821210263296962e-13,True,False
1024,4x(4 4 4 4),512,40.0,0,1.1,False,37500,1.6187500000000021,1000,20,0,0,0,4,0,0,4,0,0,0.04062500000000002,20.80000000000001,6.821210263296962e-13,True,False
1024,4x(4 4 4 4),512,40.0,0,1.1,False,37750,1.6187500000000021,1000,20,0,0,0,4,0,0,4,0,0,0.04062500000000002,20.80000000000001,6.821210263296962e-13,True,False
1024,4x(4 4 4 4),512,40.0,0,1.1,False,38000,1.6187500000000021,1000,20,0,0,0,4,0,0,4,0,0,0.04062500000000002,20.80000000000001,6.821210263296962e-13,True,False
1024,4x(4 4 4 4),512,40.0,0,1.1,False,38250,1.6187500000000021,1000,20,0,0,0,4,0,0,4,0,0,0.04062500000000002,20.80000000000001,6.821210263296962e-13,True,False
1024,4x(4 4 4 4),512,40.0,0,1.1,False,38500,1.6187500000000021,1000,20,0,0,0,4,0,0,4,0,0,0.04062500000000002,20.80000000000001,6.821210263296962e-13,True,False
1024,4x(4 4 4 4),512,40.0,0,1.1,False,38750,1.6187500000000021,1000,20,0,0,0,4,0,0,4,0,0,0.04062500000000002,20.80000000000001,6.821210263296962e-13,True,False
1024,4x(4 4 4 4),512,40.0,0,1.1,False,39000,1.6187500000000021,1000,20,0,0,0,4,0,0,4,0,0,0.04062500000000002,20.80000000000001,6.821210263296962e-13,True,False
1024,4x(4 4 4 4),512,40.0,0,1.1,False,39250,1.6187500000000021,1000,20,0,0,0,4,0,0,4,0,0,0.04062500000000002,20.80000000000001,6.821210263296962e-13,True,False
1024,4x(4 4 4 4),512,40.0,0,1.1,False,39500,1.6187500000000021,1000,20,0,0,0,4,0,0,4,0,0,0.04062500000000002,20.80000000000001,6.821210263296962e-13,True,False
1024,4x(4 4 4 4),512,40.0,0,1.1,False,39750,1.6187500000000021,1000,20,0,0,0,4,0,0,4,0,0,0.04062500000000002,20.80000000000001,6.821210263296962e-13,True,False
1024,4x(4 4 4 4),512,40.0,0,1.1,False,40000,1.6187500000000021,1000,20,0,0,0,4,0,0,4,0,0,0.04062500000000002,20.80000000000001,6.821210263296962e-13,True,False
1024,4x(4 4 4 4),512,40.0,0,1.1,False,40250,1.6187500000000021,1000,20,0,0,0,4,0,0,4,0,0,0.04062500000000002,20.80000000000001,6.821210263296962e-13,True,False
1024,4x(4 4 4 4),512,40.0,0,1.1,False,40500,1.6187500000000021,1000,20,0,0,0,4,0,0,4,0,0,0.04062500000000002,20.80000000000001,6.821210263296962e-13,True,False
1024,4x(4 4 4 4),512,40.0,0,1.1,False,40750,1.6187500000000021,1000,20,0,0,0,4,0,0,4,0,0,0.04062500000000002,20.80000000000001,6.821210263296962e-13,True,False
1024,4x(4 4 4 4),512,40.0,0,1.1,False,41000,1.6187500000000021,1000,20,0,0,0,4,0,0,4,0,0,0.04062500000000002,20.80000000000001,6.821210263296962e-13,True,False
1024,4x(4 4 4 4),512,40.0,0,1.1,False,41250,1.6000000000000014,1024,0,0,0,0,0,0,0,0,0,0,0.078125,40.0,0.0,True,False
1024,4x(4 4 4 4),512,40.0,0,1.1,False,41500,1.6187500000000021,1000,20,0,0,0,4,0,0,4,0,0,0.04062500000000002,20.80000000000001,6.821210263296962e-13,True,False
1024,4x(4 4 4 4),512,40.0,0,1.1,False,41750,1.6187500000000021,1000,20,0,0,0,4,0,0,4,0,0,0.04062500000000002,20.80000000000001,6.821210263296962e-13,True,False
1024,4x(4 4 4 4),512,40.0,0,1.1,False,42000,1.6187500000000021,1000,20,0,0,0,4,0,0,4,0,0,0.04062500000000002,20.80000000000001,6.821210263296962e-13,True,False
1024,4x(4 4 4 4),512,40.0,0,1.1,False,42250,1.6187500000000021,1000,20,0,0,0,4,0,0,4,0,0,0.04062500000000002,20.80000000000001,6.821210263296962e-13,True,False
1024,4x(4 4 4 4),512,40.0,0,1.1,False,42500,1.6187500000000021,1000,20,0,0,0,4,0,0,4,0,0,0.04062500000000002,20.80000000000001,6.821210263296962e-13,True,False
1024,4x(4 4 4 4),512,40.0,0,1.1,False,42750,1.6187500000000021,1000,20,0,0,0,4,0,0,4,0,0,0.04062500000000002,20.80000000000001,6.821210263296962e-13,True,False
1024,4x(4 4 4 4),512,40.0,0,1.1,False,43000,1.6187500000000021,1000,20,0,0,0,4,0,0,4,0,0,0.04062500000000002,20.80000000000001,6.821210263296962e-13,True,False
1024,4x(4 4 4 4),512,40.0,0,1.1,False,43250,1.6187500000000021,1000,20,0,0,0,4,0,0,4,0,0,0.04062500000000002,20.80000000000001,6.821210263296962e-13,True,False
1024,4x(4 4 4 4),512,40.0,0,1.1,False,43500,1.6187500000000021,1000,20,0,0,0,4,0,0,4,0,0,0.04062500000000002,20.80000000000001,6.821210263296962e-13,True,False
1024,4x(4 4 4 4),512,40.0,0,1.1,False,43750,1.6187500000000021,1000,20,0,0,0,4,0,0,4,0,0,0.04062500000000002,20.80000000000001,6.821210263296962e-13,True,False
1024,4x(4 4 4 4),512,40.0,0,1.1,False,44000,1.6187500000000021,1000,20,0,0,0,4,0,0,4,0,0,0.04062500000000002,20.80000000000001,6.821210263296962e-13,True,False
1024,4x(4 4 4 4),512,40.0,0,1.1,False,44250,1.6187500000000021,1000,20,0,0,0,4,0,0,4,0,0,0.04062500000000002,20.80000000000001,6.821210263296962e-13,True,False
1024,4x(4 4 4 4),512,40.0,0,1.1,False,44500,1.6187500000000021,1000,20,0,0,0,4,0,0,4,0,0,0.04062500000000002,20.80000000000001,6.821210263296962e-13,True,False
1024,4x(4 4 4 4),512,40.0,0,1.1,False,44750,1.6187500000000021,1000,20,0,0,0,4,0,0,4,0,0,0.04062500000000002,20.80000000000001,6.821210263296962e-13,True,False
1024,4x(4 4 4 4),512,40.0,0,1.1,False,45000,1.6187500000000021,1000,20,0,0,0,4,0,0,4,0,0,0.04062500000000002,20.80000000000001,6.821210263296962e-13,True,False
1024,4x(4 4 4 4),512,40.0,0,1.1,False,45250,1.6187500000000021,1000,20,0,0,0,4,0,0,4,0,0,0.04062500000000002,20.80000000000001,6.821210263296962e-13,True,False
1024,4x(4 4 4 4),512,40.0,0,1.1,False,45500,1.6187500000000021,1000,20,0,0,0,4,0,0,4,0,0,0.04062500000000002,20.80000000000001,6.821210263296962e-13,True,False
1024,4x(4 4 4 4),512,40.0,0,1.1,False,45750,1.6187500000000021,1000,20,0,0,0,4,0,0,4,0,0,0.04062500000000002,20.80000000000001,6.821210263296962e-13,True,False
1024,4x(4 4 4 4),512,40.0,0,1.1,False,46000,1.6187500000000021,1000,20,0,0,0,4,0,0,4,0,0,0.04062500000000002,20.80000000000001,6.821210263296962e-13,True,False
1024,4x(4 4 4 4),512,40.0,0,1.1,False,46250,1.6187500000000021,1000,20,0,0,0,4,0,0,4,0,0,0.04062500000000002,20.80000000000001,6.821210263296962e-13,True,False
1024,4x(4 4 4 4),512,40.0,0,1.1,False,46500,1.6187500000000021,1000,20,0,0,0,4,0,0,4,0,0,0.04062500000000002,20.80000000000001,6.821210263296962e-13,True,False
1024,4x(4 4 4 4),512,40.0,0,1.1,False,46750,1.6187500000000021,1000,20,0,0,0,4,0,0,4,0,0,0.04062500000000002,20.80000000000001,6.821210263296962e-13,True,False
1024,4x(4 4 4 4),512,40.0,0,1.1,False,47000,1.6187500000000021,1000,20,0,0,0,4,0,0,4,0,0,0.04062500000000002,20.80000000000001,6.821210263296962e-13,True,False
1024,4x(4 4 4 4),512,40.0,0,1.1,False,47250,1.6187500000000021,1000,20,0,0,0,4,0,0,4,0,0,0.04062500000000002,20.80000000000001,6.821210263296962e-13,True,False
1024,4x(4 4 4 4),512,40.0,0,1.1,False,47500,1.6187500000000021,1000,20,0,0,0,4,0,0,4,0,0,0.04062500000000002,20.80000000000001,6.821210263296962e-13,True,False
1024,4x(4 4 4 4),512,40.0,0,1.1,False,47750,1.6187500000000021,1000,20,0,0,0,4,0,0,4,0,0,0.04062500000000002,20.80000000000001,6.821210263296962e-13,True,False
1024,4x(4 4 4 4),512,40.0,0,1.1,False,48000,1.6187500000000021,1000,20,0,0,0,4,0,0,4,0,0,0.04062500000000002,20.80000000000001,6.821210263296962e-13,True,False
1024,4x(4 4 4 4),512,40.0,0,1.1,False,48250,1.6187500000000021,1000,20,0,0,0,4,0,0,4,0,0,0.04062500000000002,20.80000000000001,6.821210263296962e-13,True,False
1024,4x(4 4 4 4),512,40.0,0,1.1,False,48500,1.6187500000000021,1000,20,0,0,0,4,0,0,4,0,0,0.04062500000000002,20.80000000000001,6.821210263296962e-13,True,False
1024,4x(4 4 4 4),512,40.0,0,1.1,False,48750,1.6187500000000021,1000,20,0,0,0,4,0,0,4,0,0,0.04062500000000002,20.80000000000001,6.821210263296962e-13,True,False
1024,4x(4 4 4 4),512,40.0,0,1.1,False,49000,1.6187500000000021,1000,20,0,0,0,4,0,0,4,0,0,0.04062500000000002,20.80000000000001,6.821210263296962e-13,True,False
1024,4x(4 4 4 4),512,40.0,0,1.1,False,49250,1.6187500000000021,1000,20,0,0,0,4,0,0,4,0,0,0.04062500000000002,20.80000000000001,6.821210263296962e-13,True,False
1024,4x(4 4 4 4),512,40.0,0,1.1,False,49500,1.6187500000000021,1000,20,0,0,0,4,0,0,4,0,0,0.04062500000000002,20.80000000000001,6.821210263296962e-13,True,False
1024,4x(4 4 4 4),512,40.0,0,1.1,False,49750,1.6187500000000021,1000,20,0,0,0,4,0,0,4,0,0,0.04062500000000002,20.80000000000001,6.821210263296962e-13,True,False
1024,4x(4 4 4 4),512,40.0,0,1.1,False,50000,1.6187500000000021,1000,20,0,0,0,4,0,0,4,0,0,0.04062500000000002,20.80000000000001,6.821210263296962e-13,True,True
1024,4x(4 4 4 4),512,40.0,1,1.1,False,0,1.6000000000000014,1024,0,0,0,0,0,0,0,0,0,0,0.078125,40.0,0.0,False,False
1024,4x(4 4 4 4),512,40.0,1,1.1,False,250,1.6296875000000028,992,28,0,0,0,0,0,4,4,0,0,0.018750000000000044,9.600000000000023,1.3642420526593924e-12,True,False
1024,4x(4 4 4 4),512,40.0,1,1.1,False,500,1.6296875000000028,992,28,0,0,0,0,0,4,4,0,0,0.018750000000000044,9.600000000000023,1.3642420526593924e-12,True,False
1024,4x(4 4 4 4),512,40.0,1,1.1,False,750,1.6296875000000028,992,28,0,0,0,0,0,4,4,0,0,0.018750000000000044,9.600000000000023,1.3642420526593924e-12,True,False
1024,4x(4 4 4 4),512,40.0,1,1.1,False,1000,1.6296875000000028,992,28,0,0,0,0,0,4,4,0,0,0.018750000000000044,9.600000000000023,1.3642420526593924e-12,True,False
1024,4x(4 4 4 4),512,40.0,1,1.1,False,1250,1.6296875000000028,992,28,0,0,0,0,0,4,4,0,0,0.018750000000000044,9.600000000000023,1.3642420526593924e-12,True,False
1024,4x(4 4 4 4),512,40.0,1,1.1,False,1500,1.6296875000000028,992,28,0,0,0,0,0,4,4,0,0,0.018750000000000044,9.600000000000023,1.3642420526593924e-12,True,False
1024,4x(4 4 4 4),512,40.0,1,1.1,False,1750,1.6296875000000028,992,28,0,0,0,0,0,4,4,0,0,0.018750000000000044,9.600000000000023,1.3642420526593924e-12,True,False
1024,4x(4 4 4 4),512,40.0,1,1.1,False,2000,1.6296875000000028,992,28,0,0,0,0,0,4,4,0,0,0.018750000000000044,9.600000000000023,1.3642420526593924e-12,True,False
1024,4x(4 4 4 4),512,40.0,1,1.1,False,2250,1.6296875000000028,992,28,0,0,0,0,0,4,4,0,0,0.018750000000000044,9.600000000000023,1.3642420526593924e-12,True,False
1024,4x(4 4 4 4),512,40.0,1,1.1,False,2500,1.6296875000000028,992,28,0,0,0,0,0,4,4,0,0,0.018750000000000044,9.600000000000023,1.3642420526593924e-12,True,False
1024,4x(4 4 4 4),512,40.0,1,1.1,False,2750,1.6296875000000028,992,28,0,0,0,0,0,4,4,0,0,0.018750000000000044,9.600000000000023,1.3642420526593924e-12,True,False
1024,4x(4 4 4 4),512,40.0,1,1.1,False,3000,1.6296875000000028,992,28,0,0,0,0,0,4,4,0,0,0.018750000000000044,9.600000000000023,1.3642420526593924e-12,True,False
1024,4x(4 4 4 4),512,40.0,1,1.1,False,3250,1.6296875000000028,992,28,0,0,0,0,0,4,4,0,0,0.018750000000000044,9.600000000000023,1.3642420526593924e-12,True,False
1024,4x(4 4 4 4),512,40.0,1,1.1,False,3500,1.6296875000000028,992,28,0,0,0,0,0,4,4,0,0,0.018750000000000044,9.600000000000023,1.3642420526593924e-12,True,False
1024,4x(4 4 4 4),512,40.0,1,1.1,False,3750,1.6296875000000028,992,28,0,0,0,0,0,4,4,0,0,0.018750000000000044,9.600000000000023,1.3642420526593924e-12,True,False
1024,4x(4 4 4 4),512,40.0,1,1.1,False,4000,1.6296875000000028,992,28,0,0,0,0,0,4,4,0,0,0.018750000000000044,9.600000000000023,1.3642420526593924e-12,True,False
1024,4x(4 4 4 4),512,40.0,1,1.1,False,4250,1.6296875000000028,992,28,0,0,0,0,0,4,4,0,0,0.018750000000000044,9.600000000000023,1.3642420526593924e-12,True,False
1024,4x(4 4 4 4),512,40.0,1,1.1,False,4500,1.6296875000000028,992,28,0,0,0,0,0,4,4,0,0,0.018750000000000044,9.600000000000023,1.3642420526593924e-12,True,False
1024,4x(4 4 4 4),512,40.0,1,1.1,False,4750,1.6296875000000028,992,28,0,0,0,0,0,4,4,0,0,0.018750000000000044,9.600000000000023,1.3642420526593924e-12,True,False
1024,4x(4 4 4 4),512,40.0,1,1.1,False,5000,1.6296875000000028,992,28,0,0,0,0,0,4,4,0,0,0.018750000000000044,9.600000000000023,1.3642420526593924e-12,True,False
1024,4x(4 4 4 4),512,40.0,1,1.1,False,5250,1.6296875000000028,992,28,0,0,0,0,0,4,4,0,0,0.018750000000000044,9.600000000000023,1.3642420526593924e-12,True,False
1024,4x(4 4 4 4),512,40.0,1,1.1,False,5500,1.6296875000000028,992,28,0,0,0,0,0,4,4,0,0,0.018750000000000044,9.600000000000023,1.3642420526593924e-12,True,False
1024,4x(4 4 4 4),512,40.0,1,1.1,False,5750,1.6296875000000028,992,28,0,0,0,0,0,4,4,0,0,0.018750000000000044,9.600000000000023,1.3642420526593924e-12,True,False
1024,4x(4 4 4 4),512,40.0,1,1.1,False,6000,1.6296875000000028,992,28,0,0,0,0,0,4,4,0,0,0.018750000000000044,9.600000000000023,1.3642420526593924e-12,True,False
1024,4x(4 4 4 4),512,40.0,1,1.1,False,6250,1.6296875000000028,992,28,0,0,0,0,0,4,4,0,0,0.018750000000000044,9.600000000000023,1.3642420526593924e-12,True,False
1024,4x(4 4 4 4),512,40.0,1,1.1,False,6500,1.6296875000000028,992,28,0,0,0,0,0,4,4,0,0,0.018750000000000044,9.600000000000023,1.3642420526593924e-12,True,False
1024,4x(4 4 4 4),512,40.0,1,1.1,False,6750,1.6296875000000028,992,28,0,0,0,0,0,4,4,0,0,0.018750000000000044,9.600000000000023,1.3642420526593924e-12,True,False
1024,4x(4 4 4 4),512,40.0,1,1.1,False,7000,1.6296875000000028,992,28,0,0,0,0,0,4,4,0,0,0.018750000000000044,9.600000000000023,1.3642420526593924e-12,True,False
1024,4x(4 4 4 4),512,40.0,1,1.1,False,7250,1.6296875000000028,992,28,0,0,0,0,0,4,4,0,0,0.018750000000000044,9.600000000000023,1.3642420526593924e-12,True,False
1024,4x(4 4 4 4),512,40.0,1,1.1,False,7500,1.6296875000000028,992,28,0,0,0,0,0,4,4,0,0,0.018750000000000044,9.600000000000023,1.3642420526593924e-12,True,False
1024,4x(4 4 4 4),512,40.0,1,1.1,False,7750,1.6296875000000028,992,28,0,0,0,0,0,4,4,0,0,0.018750000000000044,9.600000000000023,1.3642420526593924e-12,True,False
1024,4x(4 4 4 4),512,40.0,1,1.1,False,8000,1.6296875000000028,992,28,0,0,0,0,0,4,4,0,0,0.018750000000000044,9.600000000000023,1.3642420526593924e-12,True,False
1024,4x(4 4 4 4),512,40.0,1,1.1,False,8250,1.6296875000000028,992,28,0,0,0,0,0,4,4,0,0,0.018750000000000044,9.600000000000023,1.3642420526593924e-12,True,False
1024,4x(4 4 4 4),512,40.0,1,1.1,False,8500,1.6296875000000028,992,28,0,0,0,0,0,4,4,0,0,0.018750000000000044,9.600000000000023,1.3642420526593924e-12,True,False
1024,4x(4 4 4 4),512,40.0,1,1.1,False,8750,1.6296875000000028,992,28,0,0,0,0,0,4,4,0,0,0.018750000000000044,9.600000000000023,1.3642420526593924e-12,True,False
1024,4x(4 4 4 4),512,40.0,1,1.1,False,9000,1.6296875000000028,992,28,0,0,0,0,0,4,4,0,0,0.018750000000000044,9.600000000000023,1.3642420526593924e-12,True,False
1024,4x(4 4 4 4),512,40.0,1,1.1,False,9250,1.6296875000000028,992,28,0,0,0,0,0,4,4,0,0,0.018750000000000044,9.600000000000023,1.3642420526593924e-12,True,False
1024,4x(4 4 4 4),512,40.0,1,1.1,False,9500,1.6296875000000028,992,28,0,0,0,0,0,4,4,0,0,0.018750000000000044,9.600000000000023,1.3642420526593924e-12,True,False
1024,4x(4 4 4 4),512,40.0,1,1.1,False,9750,1.6296875000000028,992,28,0,0,0,0,0,4,4,0,0,0.018750000000000044,9.600000000000023,1.3642420526593924e-12,True,False
1024,4x(4 4 4 4),512,40.0,1,1.1,False,10000,1.6296875000000028,992,28,0,0,0,0,0,4,4,0,0,0.018750000000000044,9.600000000000023,1.3642420526593924e-12,True,False
1024,4x(4 4 4 4),512,40.0,1,1.1,False,10250,1.6296875000000028,992,28,0,0,0,0,0,4,4,0,0,0.018750000000000044,9.600000000000023,1.3642420526593924e-12,True,False
1024,4x(4 4 4 4),512,40.0,1,1.1,False,10500,1.6296875000000028,992,28,0,0,0,0,0,4,4,0,0,0.018750000000000044,9.600000000000023,1.3642420526593924e-12,True,False
1024,4x(4 4 4 4),512,40.0,1,1.1,False,10750,1.6296875000000028,992,28,0,0,0,0,0,4,4,0,0,0.018750000000000044,9.600000000000023,1.3642420526593924e-12,True,False
1024,4x(4 4 4 4),512,40.0,1,1.1,False,11000,1.6296875000000028,992,28,0,0,0,0,0,4,4,0,0,0.018750000000000044,9.600000000000023,1.3642420526593924e-12,True,False
1024,4x(4 4 4 4),512,40.0,1,1.1,False,11250,1.6296875000000028,992,28,0,0,0,0,0,4,4,0,0,0.018750000000000044,9.600000000000023,1.3642420526593924e-12,True,False
1024,4x(4 4 4 4),512,40.0,1,1.1,False,11500,1.6296875000000028,992,28,0,0,0,0,0,4,4,0,0,0.018750000000000044,9.600000000000023,1.3642420526593924e-12,True,False
1024,4x(4 4 4 4),512,40.0,1,1.1,False,11750,1.6296875000000028,992,28,0,0,0,0,0,4,4,0,0,0.018750000000000044,9.600000000000023,1.3642420526593924e-12,True,False
1024,4x(4 4 4 4),512,40.0,1,1.1,False,12000,1.6296875000000028,992,28,0,0,0,0,0,4,4,0,0,0.018750000000000044,9.600000000000023,1.3642420526593924e-12,True,False
1024,4x(4 4 4 4),512,40.0,1,1.1,False,12250,1.6296875000000028,992,28,0,0,0,0,0,4,4,0,0,0.018750000000000044,9.600000000000023,1.3642420526593924e-12,True,False
1024,4x(4 4 4 4),512,40.0,1,1.1,False,12500,1.6296875000000028,992,28,0,0,0,0,0,4,4,0,0,0.018750000000000044,9.600000000000023,1.3642420526593924e-12,True,False
1024,4x(4 4 4 4),512,40.0,1,1.1,False,12750,1.6296875000000028,992,28,0,0,0,0,0,4,4,0,0,0.018750000000000044,9.600000000000023,1.3642420526593924e-12,True,False
1024,4x(4 4 4 4),512,40.0,1,1.1,False,13000,1.6296875000000028,992,28,0,0,0,0,0,4,4,0,0,0.018750000000000044,9.600000000000023,1.3642420526593924e-12,True,False
1024,4x(4 4 4 4),512,40.0,1,1.1,False,13250,1.6296875000000028,992,28,0,0,0,0,0,4,4,0,0,0.018750000000000044,9.600000000000023,1.3642420526593924e-12,True,False
1024,4x(4 4 4 4),512,40.0,1,1.1,False,13500,1.6296875000000028,992,28,0,0,0,0,0,4,4,0,0,0.018750000000000044,9.600000000000023,1.3642420526593924e-12,True,False
1024,4x(4 4 4 4),512,40.0,1,1.1,False,13750,1.6296875000000028,992,28,0,0,0,0,0,4,4,0,0,0.018750000000000044,9.600000000000023,1.3642420526593924e-12,True,False
1024,4x(4 4 4 4),512,40.0,1,1.1,False,14000,1.6296875000000028,992,28,0,0,0,0,0,4,4,0,0,0.018750000000000044,9.600000000000023,1.3642420526593924e-12,True,False
1024,4x(4 4 4 4),512,40.0,1,1.1,False,14250,1.6296875000000028,992,28,0,0,0,0,0,4,4,0,0,0.018750000000000044,9.600000000000023,1.3642420526593924e-12,True,False
1024,4x(4 4 4 4),512,40.0,1,1.1,False,14500,1.6296875000000028,992,28,0,0,0,0,0,4,4,0,0,0.018750000000000044,9.600000000000023,1.3642420526593924e-12,True,False
1024,4x(4 4 4 4),512,40.0,1,1.1,False,14750,1.6296875000000028,992,28,0,0,0,0,0,4,4,0,0,0.018750000000000044,9.600000000000023,1.3642420526593924e-12,True,False
1024,4x(4 4 4 4),512,40.0,1,1.1,False,15000,1.6296875000000028,992,28,0,0,0,0,0,4,4,0,0,0.018750000000000044,9.600000000000023,1.3642420526593924e-12,True,False
1024,4x(4 4 4 4),512,40.0,1,1.1,False,15250,1.6296875000000028,992,28,0,0,0,0,0,4,4,0,0,0.018750000000000044,9.600000000000023,1.3642420526593924e-12,True,False
1024,4x(4 4 4 4),512,40.0,1,1.1,False,15500,1.6296875000000028,992,28,0,0,0,0,0,4,4,0,0,0.018750000000000044,9.600000000000023,1.3642420526593924e-12,True,False
1024,4x(4 4 4 4),512,40.0,1,1.1,False,15750,1.6296875000000028,992,28,0,0,0,0,0,4,4,0,0,0.018750000000000044,9.600000000000023,1.3642420526593924e-12,True,False
1024,4x(4 4 4 4),512,40.0,1,1.1,False,16000,1.6296875000000028,992,28,0,0,0,0,0,4,4,0,0,0.018750000000000044,9.600000000000023,1.3642420526593924e-12,True,False
1024,4x(4 4 4 4),512,40.0,1,1.1,False,16250,1.6296875000000028,992,28,0,0,0,0,0,4,4,0,0,0.018750000000000044,9.600000000000023,1.3642420526593924e-12,True,False
1024,4x(4 4 4 4),512,40.0,1,1.1,False,16500,1.6296875000000028,992,28,0,0,0,0,0,4,4,0,0,0.018750000000000044,9.600000000000023,1.3642420526593924e-12,True,False
1024,4x(4 4 4 4),512,40.0,1,1.1,False,16750,1.6296875000000028,992,28,0,0,0,0,0,4,4,0,0,0.018750000000000044,9.600000000000023,1.3642420526593924e-12,True,False
1024,4x(4 4 4 4),512,40.0,1,1.1,False,17000,1.6296875000000028,992,28,0,0,0,0,0,4,4,0,0,0.018750000000000044,9.600000000000023,1.3642420526593924e-12,True,False
1024,4x(4 4 4 4),512,40.0,1,1.1,False,17250,1.6296875000000028,992,28,0,0,0,0,0,4,4,0,0,0.018750000000000044,9.600000000000023,1.3642420526593924e-12,True,False
1024,4x(4 4 4 4),512,40.0,1,1.1,False,17500,1.6296875000000028,992,28,0,0,0,0,0,4,4,0,0,0.018750000000000044,9.600000000000023,1.3642420526593924e-12,True,False
1024,4x(4 4 4 4),512,40.0,1,1.1,False,17750,1.6296875000000028,992,28,0,0,0,0,0,4,4,0,0,0.018750000000000044,9.600000000000023,1.3642420526593924e-12,True,False
1024,4x(4 4 4 4),512,40.0,1,1.1,False,18000,1.6296875000000028,992,28,0,0,0,0,0,4,4,0,0,0.018750000000000044,9.600000000000023,1.3642420526593924e-12,True,False
1024,4x(4 4 4 4),512,40.0,1,1.1,False,18250,1.6296875000000028,992,28,0,0,0,0,0,4,4,0,0,0.018750000000000044,9.600000000000023,1.3642420526593924e-12,True,False
1024,4x(4 4 4 4),512,40.0,1,1.1,False,18500,1.6296875000000028,992,28,0,0,0,0,0,4,4,0,0,0.018750000000000044,9.600000000000023,1.3642420526593924e-12,True,False
1024,4x(4 4 4 4),512,40.0,1,1.1,False,18750,1.6296875000000028,992,28,0,0,0,0,0,4,4,0,0,0.018750000000000044,9.600000000000023,1.3642420526593924e-12,True,False
1024,4x(4 4 4 4),512,40.0,1,1.1,False,19000,1.6296875000000028,992,28,0,0,0,0,0,4,4,0,0,0.018750000000000044,9.600000000000023,1.3642420526593924e-12,True,False
1024,4x(4 4 4 4),512,40.0,1,1.1,False,19250,1.6296875000000028,992,28,0,0,0,0,0,4,4,0,0,0.018750000000000044,9.600000000000023,1.3642420526593924e-12,True,False
1024,4x(4 4 4 4),512,40.0,1,1.1,False,19500,1.6296875000000028,992,28,0,0,0,0,0,4,4,0,0,0.018750000000000044,9.600000000000023,1.3642420526593924e-12,True,False
1024,4x(4 4 4 4),512,40.0,1,1.1,False,19750,1.6296875000000028,992,28,0,0,0,0,0,4,4,0,0,0.018750000000000044,9.600000000000023,1.3642420526593924e-12,True,False
1024,4x(4 4 4 4),512,40.0,1,1.1,False,20000,1.6296875000000028,992,28,0,0,0,0,0,4,4,0,0,0.018750000000000044,9.600000000000023,1.3642420526593924e-12,True,False
1024,4x(4 4 4 4),512,40.0,1,1.1,False,20250,1.6296875000000028,992,28,0,0,0,0,0,4,4,0,0,0.018750000000000044,9.600000000000023,1.3642420526593924e-12,True,False
1024,4x(4 4 4 4),512,40.0,1,1.1,False,20500,1.6296875000000028,992,28,0,0,0,0,0,4,4,0,0,0.018750000000000044,9.600000000000023,1.3642420526593924e-12,True,False
1024,4x(4 4 4 4),512,40.0,1,1.1,False,20750,1.6296875000000028,992,28,0,0,0,0,0,4,4,0,0,0.018750000000000044,9.600000000000023,1.3642420526593924e-12,True,False
1024,4x(4 4 4 4),512,40.0,1,1.1,False,21000,1.6296875000000028,992,28,0,0,0,0,0,4,4,0,0,0.018750000000000044,9.600000000000023,1.3642420526593924e-12,True,False
1024,4x(4 4 4 4),512,40.0,1,1.1,False,21250,1.6296875000000028,992,28,0,0,0,0,0,4,4,0,0,0.018750000000000044,9.600000000000023,1.3642420526593924e-12,True,False
1024,4x(4 4 4 4),512,40.0,1,1.1,False,21500,1.6296875000000028,992,28,0,0,0,0,0,4,4,0,0,0.018750000000000044,9.600000000000023,1.3642420526593924e-12,True,False
1024,4x(4 4 4 4),512,40.0,1,1.1,False,21750,1.6296875000000028,992,28,0,0,0,0,0,4,4,0,0,0.018750000000000044,9.600000000000023,1.3642420526593924e-12,True,False
1024,4x(4 4 4 4),512,40.0,1,1.1,False,22000,1.6296875000000028,992,28,0,0,0,0,0,4,4,0,0,0.018750000000000044,9.600000000000023,1.3642420526593924e-12,True,False
1024,4x(4 4 4 4),512,40.0,1,1.1,False,22250,1.6296875000000028,992,28,0,0,0,0,0,4,4,0,0,0.018750000000000044,9.600000000000023,1.3642420526593924e-12,True,False
1024,4x(4 4 4 4),512,40.0,1,1.1,False,22500,1.6296875000000028,992,28,0,0,0,0,0,4,4,0,0,0.018750000000000044,9.600000000000023,1.3642420526593924e-12,True,False
1024,4x(4 4 4 4),512,40.0,1,1.1,False,22750,1.6296875000000028,992,28,0,0,0,0,0,4,4,0,0,0.018750000000000044,9.600000000000023,1.3642420526593924e-12,True,False
1024,4x(4 4 4 4),512,40.0,1,1.1,False,23000,1.6296875000000028,992,28,0,0,0,0,0,4,4,0,0,0.018750000000000044,9.600000000000023,1.3642420526593924e-12,True,False
1024,4x(4 4 4 4),512,40.0,1,1.1,False,23250,1.6296875000000028,992,28,0,0,0,0,0,4,4,0,0,0.018750000000000044,9.600000000000023,1.3642420526593924e-12,True,False
1024,4x(4 4 4 4),512,40.0,1,1.1,False,23500,1.6296875000000028,992,28,0,0,0,0,0,4,4,0,0,0.018750000000000044,9.600000000000023,1.3642420526593924e-12,True,False
1024,4x(4 4 4 4),512,40.0,1,1.1,False,23750,1.6296875000000028,992,28,0,0,0,0,0,4,4,0,0,0.018750000000000044,9.600000000000023,1.3642420526593924e-12,True,False
1024,4x(4 4 4 4),512,40.0,1,1.1,False,24000,1.6296875000000028,992,28,0,0,0,0,0,4,4,0,0,0.018750000000000044,9.600000000000023,1.3642420526593924e-12,True,False
1024,4x(4 4 4 4),512,40.0,1,1.1,False,24250,1.6296875000000028,992,28,0,0,0,0,0,4,4,0,0,0.018750000000000044,9.600000000000023,1.3642420526593924e-12,True,False
1024,4x(4 4 4 4),512,40.0,1,1.1,False,24500,1.6296875000000028,992,28,0,0,0,0,0,4,4,0,0,0.018750000000000044,9.600000000000023,1.3642420526593924e-12,True,False
1024,4x(4 4 4 4),512,40.0,1,1.1,False,24750,1.6296875000000028,992,28,0,0,0,0,0,4,4,0,0,0.018750000000000044,9.600000000000023,1.3642420526593924e-12,True,False
1024,4x(4 4 4 4),512,40.0,1,1.1,False,25000,1.6296875000000028,992,28,0,0,0,0,0,4,4,0,0,0.018750000000000044,9.600000000000023,1.3642420526593924e-12,True,False
1024,4x(4 4 4 4),512,40.0,1,1.1,False,25250,1.6296875000000028,992,28,0,0,0,0,0,4,4,0,0,0.018750000000000044,9.600000000000023,1.3642420526593924e-12,True,False
1024,4x(4 4 4 4),512,40.0,1,1.1,False,25500,1.6296875000000028,992,28,0,0,0,0,0,4,4,0,0,0.018750000000000044,9.600000000000023,1.3642420526593924e-12,True,False
1024,4x(4 4 4 4),512,40.0,1,1.1,False,25750,1.6296875000000028,992,28,0,0,0,0,0,4,4,0,0,0.018750000000000044,9.600000000000023,1.3642420526593924e-12,True,False
1024,4x(4 4 4 4),512,40.0,1,1.1,False,26000,1.6296875000000028,992,28,0,0,0,0,0,4,4,0,0,0.018750000000000044,9.600000000000023,1.3642420526593924e-12,True,False
1024,4x(4 4 4 4),512,40.0,1,1.1,False,26250,1.6296875000000028,992,28,0,0,0,0,0,4,4,0,0,0.018750000000000044,9.600000000000023,1.3642420526593924e-12,True,False
1024,4x(4 4 4 4),512,40.0,1,1.1,False,26500,1.6296875000000028,992,28,0,0,0,0,0,4,4,0,0,0.018750000000000044,9.600000000000023,1.3642420526593924e-12,True,False
1024,4x(4 4 4 4),512,40.0,1,1.1,False,26750,1.6296875000000028,992,28,0,0,0,0,0,4,4,0,0,0.018750000000000044,9.600000000000023,1.3642420526593924e-12,True,False
1024,4x(4 4 4 4),512,40.0,1,1.1,False,27000,1.6296875000000028,992,28,0,0,0,0,0,4,4,0,0,0.018750000000000044,9.600000000000023,1.3642420526593924e-12,True,False
1024,4x(4 4 4 4),512,40.0,1,1.1,False,27250,1.6296875000000028,992,28,0,0,0,0,0,4,4,0,0,0.018750000000000044,9.600000000000023,1.3642420526593924e-12,True,False
1024,4x(4 4 4 4),512,40.0,1,1.1,False,27500,1.6296875000000028,992,28,0,0,0,0,0,4,4,0,0,0.018750000000000044,9.600000000000023,1.3642420526593924e-12,True,False
1024,4x(4 4 4 4),512,40.0,1,1.1,False,27750,1.6296875000000028,992,28,0,0,0,0,0,4,4,0,0,0.018750000000000044,9.600000000000023,1.3642420526593924e-12,True,False
1024,4x(4 4 4 4),512,40.0,1,1.1,False,28000,1.6296875000000028,992,28,0,0,0,0,0,4,4,0,0,0.018750000000000044,9.600000000000023,1.3642420526593924e-12,True,False
1024,4x(4 4 4 4),512,40.0,1,1.1,False,28250,1.6296875000000028,992,28,0,0,0,0,0,4,4,0,0,0.018750000000000044,9.600000000000023,1.3642420526593924e-12,True,False
1024,4x(4 4 4 4),512,40.0,1,1.1,False,28500,1.6296875000000028,992,28,0,0,0,0,0,4,4,0,0,0.018750000000000044,9.600000000000023,1.3642420526593924e-12,True,False
1024,4x(4 4 4 4),512,40.0,1,1.1,False,28750,1.6296875000000028,992,28,0,0,0,0,0,4,4,0,0,0.018750000000000044,9.600000000000023,1.3642420526593924e-12,True,False
1024,4x(4 4 4 4),512,40.0,1,1.1,False,29000,1.6296875000000028,992,28,0,0,0,0,0,4,4,0,0,0.018750000000000044,9.600000000000023,1.3642420526593924e-12,True,False
1024,4x(4 4 4 4),512,40.0,1,1.1,False,29250,1.6296875000000028,992,28,0,0,0,0,0,4,4,0,0,0.018750000000000044,9.600000000000023,1.3642420526593924e-12,True,False
1024,4x(4 4 4 4),512,40.0,1,1.1,False,29500,1.6296875000000028,992,28,0,0,0,0,0,4,4,0,0,0.018750000000000044,9.600000000000023,1.3642420526593924e-12,True,False
1024,4x(4 4 4 4),512,40.0,1,1.1,False,29750,1.6296875000000028,992,28,0,0,0,0,0,4,4,0,0,0.018750000000000044,9.600000000000023,1.3642420526593924e-12,True,False
1024,4x(4 4 4 4),512,40.0,1,1.1,False,30000,1.6296875000000028,992,28,0,0,0,0,0,4,4,0,0,0.018750000000000044,9.600000000000023,1.3642420526593924e-12,True,False
1024,4x(4 4 4 4),512,40.0,1,1.1,False,30250,1.6296875000000028,992,28,0,0,0,0,0,4,4,0,0,0.018750000000000044,9.600000000000023,1.3642420526593924e-12,True,False
1024,4x(4 4 4 4),512,40.0,1,1.1,False,30500,1.6296875000000028,992,28,0,0,0,0,0,4,4,0,0,0.018750000000000044,9.600000000000023,1.3642420526593924e-12,True,False
1024,4x(4 4 4 4),512,40.0,1,1.1,False,30750,1.6296875000000028,992,28,0,0,0,0,0,4,4,0,0,0.018750000000000044,9.600000000000023,1.3642420526593924e-12,True,False
1024,4x(4 4 4 4),512,40.0,1,1.1,False,31000,1.6296875000000028,992,28,0,0,0,0,0,4,4,0,0,0.018750000000000044,9.600000000000023,1.3642420526593924e-12,True,False
1024,4x(4 4 4 4),512,40.0,1,1.1,False,31250,1.6296875000000028,992,28,0,0,0,0,0,4,4,0,0,0.018750000000000044,9.600000000000023,1.3642420526593924e-12,True,False
1024,4x(4 4 4 4),512,40.0,1,1.1,False,31500,1.6296875000000028,992,28,0,0,0,0,0,4,4,0,0,0.018750000000000044,9.600000000000023,1.3642420526593924e-12,True,False
1024,4x(4 4 4 4),512,40.0,1,1.1,False,31750,1.6296875000000028,992,28,0,0,0,0,0,4,4,0,0,0.018750000000000044,9.600000000000023,1.3642420526593924e-12,True,False
1024,4x(4 4 4 4),512,40.0,1,1.1,False,32000,1.6296875000000028,992,28,0,0,0,0,0,4,4,0,0,0.018750000000000044,9.600000000000023,1.3642420526593924e-12,True,False
1024,4x(4 4 4 4),512,40.0,1,1.1,False,32250,1.6296875000000028,992,28,0,0,0,0,0,4,4,0,0,0.018750000000000044,9.600000000000023,1.3642420526593924e-12,True,False
1024,4x(4 4 4 4),512,40.0,1,1.1,False,32500,1.6296875000000028,992,28,0,0,0,0,0,4,4,0,0,0.018750000000000044,9.600000000000023,1.3642420526593924e-12,True,False
1024,4x(4 4 4 4),512,40.0,1,1.1,False,32750,1.6296875000000028,992,28,0,0,0,0,0,4,4,0,0,0.018750000000000044,9.600000000000023,1.3642420526593924e-12,True,False
1024,4x(4 4 4 4),512,40.0,1,1.1,False,33000,1.6296875000000028,992,28,0,0,0,0,0,4,4,0,0,0.018750000000000044,9.600000000000023,1.3642420526593924e-12,True,False
1024,4x(4 4 4 4),512,40.0,1,1.1,False,33250,1.6296875000000028,992,28,0,0,0,0,0,4,4,0,0,0.018750000000000044,9.600000000000023,1.3642420526593924e-12,True,False
1024,4x(4 4 4 4),512,40.0,1,1.1,False,33500,1.6296875000000028,992,28,0,0,0,0,0,4,4,0,0,0.018750000000000044,9.600000000000023,1.3642420526593924e-12,True,False
1024,4x(4 4 4 4),512,40.0,1,1.1,False,33750,1.6296875000000028,992,28,0,0,0,0,0,4,4,0,0,0.018750000000000044,9.600000000000023,1.3642420526593924e-12,True,False
1024,4x(4 4 4 4),512,40.0,1,1.1,False,34000,1.6296875000000028,992,28,0,0,0,0,0,4,4,0,0,0.018750000000000044,9.600000000000023,1.3642420526593924e-12,True,False
1024,4x(4 4 4 4),512,40.0,1,1.1,False,34250,1.6296875000000028,992,28,0,0,0,0,0,4,4,0,0,0.018750000000000044,9.600000000000023,1.3642420526593924e-12,True,False
1024,4x(4 4 4 4),512,40.0,1,1.1,False,34500,1.6296875000000028,992,28,0,0,0,0,0,4,4,0,0,0.018750000000000044,9.600000000000023,1.3642420526593924e-12,True,False
1024,4x(4 4 4 4),512,40.0,1,1.1,False,34750,1.6296875000000028,992,28,0,0,0,0,0,4,4,0,0,0.018750000000000044,9.600000000000023,1.3642420526593924e-12,True,False
1024,4x(4 4 4 4),512,40.0,1,1.1,False,35000,1.6296875000000028,992,28,0,0,0,0,0,4,4,0,0,0.018750000000000044,9.600000000000023,1.3642420526593924e-12,True,False
1024,4x(4 4 4 4),512,40.0,1,1.1,False,35250,1.6296875000000028,992,28,0,0,0,0,0,4,4,0,0,0.018750000000000044,9.600000000000023,1.3642420526593924e-12,True,False
1024,4x(4 4 4 4),512,40.0,1,1.1,False,35500,1.6296875000000028,992,28,0,0,0,0,0,4,4,0,0,0.018750000000000044,9.600000000000023,1.3642420526593924e-12,True,False
1024,4x(4 4 4 4),512,40.0,1,1.1,False,35750,1.6296875000000028,992,28,0,0,0,0,0,4,4,0,0,0.018750000000000044,9.600000000000023,1.3642420526593924e-12,True,False
1024,4x(4 4 4 4),512,40.0,1,1.1,False,36000,1.6296875000000028,992,28,0,0,0,0,0,4,4,0,0,0.018750000000000044,9.600000000000023,1.3642420526593924e-12,True,False
1024,4x(4 4 4 4),512,40.0,1,1.1,False,36250,1.6296875000000028,992,28,0,0,0,0,0,4,4,0,0,0.018750000000000044,9.600000000000023,1.3642420526593924e-12,True,False
1024,4x(4 4 4 4),512,40.0,1,1.1,False,36500,1.6296875000000028,992,28,0,0,0,0,0,4,4,0,0,0.018750000000000044,9.600000000000023,1.3642420526593924e-12,True,False
1024,4x(4 4 4 4),512,40.0,1,1.1,False,36750,1.6296875000000028,992,28,0,0,0,0,0,4,4,0,0,0.018750000000000044,9.600000000000023,1.3642420526593924e-12,True,False
1024,4x(4 4 4 4),512,40.0,1,1.1,False,37000,1.6296875000000028,992,28,0,0,0,0,0,4,4,0,0,0.018750000000000044,9.600000000000023,1.3642420526593924e-12,True,False
1024,4x(4 4 4 4),512,40.0,1,1.1,False,37250,1.6296875000000028,992,28,0,0,0,0,0,4,4,0,0,0.018750000000000044,9.600000000000023,1.3642420526593924e-12,True,False
1024,4x(4 4 4 4),512,40.0,1,1.1,False,37500,1.6296875000000028,992,28,0,0,0,0,0,4,4,0,0,0.018750000000000044,9.600000000000023,1.3642420526593924e-12,True,False
1024,4x(4 4 4 4),512,40.0,1,1.1,False,37750,1.6296875000000028,992,28,0,0,0,0,0,4,4,0,0,0.018750000000000044,9.600000000000023,1.3642420526593924e-12,True,False
1024,4x(4 4 4 4),512,40.0,1,1.1,False,38000,1.6296875000000028,992,28,0,0,0,0,0,4,4,0,0,0.018750000000000044,9.600000000000023,1.3642420526593924e-12,True,False
1024,4x(4 4 4 4),512,40.0,1,1.1,False,38250,1.6390625000000014,980,38,0,0,0,2,0,4,6,0,0,5.551115123125783e-17,2.842170943040401e-14,0.0,True,False
1024,4x(4 4 4 4),512,40.0,1,1.1,False,38500,1.6390625000000014,980,38,0,0,0,2,0,4,6,0,0,5.551115123125783e-17,2.842170943040401e-14,0.0,True,False
1024,4x(4 4 4 4),512,40.0,1,1.1,False,38750,1.6390625000000014,980,38,0,0,0,2,0,4,6,0,0,5.551115123125783e-17,2.842170943040401e-14,0.0,True,False
1024,4x(4 4 4 4),512,40.0,1,1.1,False,39000,1.6390625000000014,980,38,0,0,0,2,0,4,6,0,0,5.551115123125783e-17,2.842170943040401e-14,0.0,True,False
1024,4x(4 4 4 4),512,40.0,1,1.1,False,39250,1.6390625000000014,980,38,0,0,0,2,0,4,6,0,0,5.551115123125783e-17,2.842170943040401e-14,0.0,True,False
1024,4x(4 4 4 4),512,40.0,1,1.1,False,39500,1.6296875000000028,992,28,0,0,0,0,0,4,4,0,0,0.018750000000000044,9.600000000000023,1.3642420526593924e-12,True,False
1024,4x(4 4 4 4),512,40.0,1,1.1,False,39750,1.6296875000000028,992,28,0,0,0,0,0,4,4,0,0,0.018750000000000044,9.600000000000023,1.3642420526593924e-12,True,False
1024,4x(4 4 4 4),512,40.0,1,1.1,False,40000,1.6296875000000028,992,28,0,0,0,0,0,4,4,0,0,0.018750000000000044,9.600000000000023,1.3642420526593924e-12,True,False
1024,4x(4 4 4 4),512,40.0,1,1.1,False,40250,1.6296875000000028,992,28,0,0,0,0,0,4,4,0,0,0.018750000000000044,9.600000000000023,1.3642420526593924e-12,True,False
1024,4x(4 4 4 4),512,40.0,1,1.1,False,40500,1.6296875000000028,992,28,0,0,0,0,0,4,4,0,0,0.018750000000000044,9.600000000000023,1.3642420526593924e-12,True,False
1024,4x(4 4 4 4),512,40.0,1,1.1,False,40750,1.6296875000000028,992,28,0,0,0,0,0,4,4,0,0,0.018750000000000044,9.600000000000023,1.3642420526593924e-12,True,False
1024,4x(4 4 4 4),512,40.0,1,1.1,False,41000,1.6296875000000028,992,28,0,0,0,0,0,4,4,0,0,0.018750000000000044,9.600000000000023,1.3642420526593924e-12,True,False
1024,4x(4 4 4 4),512,40.0,1,1.1,False,41250,1.6296875000000028,992,28,0,0,0,0,0,4,4,0,0,0.018750000000000044,9.600000000000023,1.3642420526593924e-12,True,False
1024,4x(4 4 4 4),512,40.0,1,1.1,False,41500,1.6296875000000028,992,28,0,0,0,0,0,4,4,0,0,0.018750000000000044,9.600000000000023,1.3642420526593924e-12,True,False
1024,4x(4 4 4 4),512,40.0,1,1.1,False,41750,1.6296875000000028,992,28,0,0,0,0,0,4,4,0,0,0.018750000000000044,9.600000000000023,1.3642420526593924e-12,True,False
1024,4x(4 4 4 4),512,40.0,1,1.1,False,42000,1.6296875000000028,992,28,0,0,0,0,0,4,4,0,0,0.018750000000000044,9.600000000000023,1.3642420526593924e-12,True,False
1024,4x(4 4 4 4),512,40.0,1,1.1,False,42250,1.6296875000000028,992,28,0,0,0,0,0,4,4,0,0,0.018750000000000044,9.600000000000023,1.3642420526593924e-12,True,False
1024,4x(4 4 4 4),512,40.0,1,1.1,False,42500,1.6296875000000028,992,28,0,0,0,0,0,4,4,0,0,0.018750000000000044,9.600000000000023,1.3642420526593924e-12,True,False
1024,4x(4 4 4 4),512,40.0,1,1.1,False,42750,1.6296875000000028,992,28,0,0,0,0,0,4,4,0,0,0.018750000000000044,9.600000000000023,1.3642420526593924e-12,True,False
1024,4x(4 4 4 4),512,40.0,1,1.1,False,43000,1.6296875000000028,992,28,0,0,0,0,0,4,4,0,0,0.018750000000000044,9.600000000000023,1.3642420526593924e-12,True,False
1024,4x(4 4 4 4),512,40.0,1,1.1,False,43250,1.6296875000000028,992,28,0,0,0,0,0,4,4,0,0,0.018750000000000044,9.600000000000023,1.3642420526593924e-12,True,False
1024,4x(4 4 4 4),512,40.0,1,1.1,False,43500,1.6296875000000028,992,28,0,0,0,0,0,4,4,0,0,0.018750000000000044,9.600000000000023,1.3642420526593924e-12,True,False
1024,4x(4 4 4 4),512,40.0,1,1.1,False,43750,1.6296875000000028,992,28,0,0,0,0,0,4,4,0,0,0.018750000000000044,9.600000000000023,1.3642420526593924e-12,True,False
1024,4x(4 4 4 4),512,40.0,1,1.1,False,44000,1.6296875000000028,992,28,0,0,0,0,0,4,4,0,0,0.018750000000000044,9.600000000000023,1.3642420526593924e-12,True,False
1024,4x(4 4 4 4),512,40.0,1,1.1,False,44250,1.6296875000000028,992,28,0,0,0,0,0,4,4,0,0,0.018750000000000044,9.600000000000023,1.3642420526593924e-12,True,False
1024,4x(4 4 4 4),512,40.0,1,1.1,False,44500,1.6296875000000028,992,28,0,0,0,0,0,4,4,0,0,0.018750000000000044,9.600000000000023,1.3642420526593924e-12,True,False
1024,4x(4 4 4 4),512,40.0,1,1.1,False,44750,1.6296875000000028,992,28,0,0,0,0,0,4,4,0,0,0.018750000000000044,9.600000000000023,1.3642420526593924e-12,True,False
1024,4x(4 4 4 4),512,40.0,1,1.1,False,45000,1.6296875000000028,992,28,0,0,0,0,0,4,4,0,0,0.018750000000000044,9.600000000000023,1.3642420526593924e-12,True,False
1024,4x(4 4 4 4),512,40.0,1,1.1,False,45250,1.6296875000000028,992,28,0,0,0,0,0,4,4,0,0,0.018750000000000044,9.600000000000023,1.3642420526593924e-12,True,False
1024,4x(4 4 4 4),512,40.0,1,1.1,False,45500,1.6296875000000028,992,28,0,0,0,0,0,4,4,0,0,0.018750000000000044,9.600000000000023,1.3642420526593924e-12,True,False
1024,4x(4 4 4 4),512,40.0,1,1.1,False,45750,1.6296875000000028,992,28,0,0,0,0,0,4,4,0,0,0.018750000000000044,9.600000000000023,1.3642420526593924e-12,True,False
1024,4x(4 4 4 4),512,40.0,1,1.1,False,46000,1.6296875000000028,992,28,0,0,0,0,0,4,4,0,0,0.018750000000000044,9.600000000000023,1.3642420526593924e-12,True,False
1024,4x(4 4 4 4),512,40.0,1,1.1,False,46250,1.6296875000000028,992,28,0,0,0,0,0,4,4,0,0,0.018750000000000044,9.600000000000023,1.3642420526593924e-12,True,False
1024,4x(4 4 4 4),512,40.0,1,1.1,False,46500,1.6296875000000028,992,28,0,0,0,0,0,4,4,0,0,0.018750000000000044,9.600000000000023,1.3642420526593924e-12,True,False
1024,4x(4 4 4 4),512,40.0,1,1.1,False,46750,1.6296875000000028,992,28,0,0,0,0,0,4,4,0,0,0.018750000000000044,9.600000000000023,1.3642420526593924e-12,True,False
1024,4x(4 4 4 4),512,40.0,1,1.1,False,47000,1.6296875000000028,992,28,0,0,0,0,0,4,4,0,0,0.018750000000000044,9.600000000000023,1.3642420526593924e-12,True,False
1024,4x(4 4 4 4),512,40.0,1,1.1,False,47250,1.6296875000000028,992,28,0,0,0,0,0,4,4,0,0,0.018750000000000044,9.600000000000023,1.3642420526593924e-12,True,False
1024,4x(4 4 4 4),512,40.0,1,1.1,False,47500,1.6296875000000028,992,28,0,0,0,0,0,4,4,0,0,0.018750000000000044,9.600000000000023,1.3642420526593924e-12,True,False
1024,4x(4 4 4 4),512,40.0,1,1.1,False,47750,1.6296875000000028,992,28,0,0,0,0,0,4,4,0,0,0.018750000000000044,9.600000000000023,1.3642420526593924e-12,True,False
1024,4x(4 4 4 4),512,40.0,1,1.1,False,48000,1.6296875000000028,992,28,0,0,0,0,0,4,4,0,0,0.018750000000000044,9.600000000000023,1.3642420526593924e-12,True,False
1024,4x(4 4 4 4),512,40.0,1,1.1,False,48250,1.6296875000000028,992,28,0,0,0,0,0,4,4,0,0,0.018750000000000044,9.600000000000023,1.3642420526593924e-12,True,False
1024,4x(4 4 4 4),512,40.0,1,1.1,False,48500,1.6296875000000028,992,28,0,0,0,0,0,4,4,0,0,0.018750000000000044,9.600000000000023,1.3642420526593924e-12,True,False
1024,4x(4 4 4 4),512,40.0,1,1.1,False,48750,1.6296875000000028,992,28,0,0,0,0,0,4,4,0,0,0.018750000000000044,9.600000000000023,1.3642420526593924e-12,True,False
1024,4x(4 4 4 4),512,40.0,1,1.1,False,49000,1.6296875000000028,992,28,0,0,0,0,0,4,4,0,0,0.018750000000000044,9.600000000000023,1.3642420526593924e-12,True,False
1024,4x(4 4 4 4),512,40.0,1,1.1,False,49250,1.6296875000000028,992,28,0,0,0,0,0,4,4,0,0,0.018750000000000044,9.600000000000023,1.3642420526593924e-12,True,False
1024,4x(4 4 4 4),512,40.0,1,1.1,False,49500,1.6296875000000028,992,28,0,0,0,0,0,4,4,0,0,0.018750000000000044,9.600000000000023,1.3642420526593924e-12,True,False
1024,4x(4 4 4 4),512,40.0,1,1.1,False,49750,1.6296875000000028,992,28,0,0,0,0,0,4,4,0,0,0.018750000000000044,9.600000000000023,1.3642420526593924e-12,True,False
1024,4x(4 4 4 4),512,40.0,1,1.1,False,50000,1.6296875000000028,992,28,0,0,0,0,0,4,4,0,0,0.018750000000000044,9.600000000000023,1.3642420526593924e-12,True,True
1024,4x(4 4 4 4),512,40.0,2,1.1,False,0,1.6000000000000014,1024,0,0,0,0,0,0,0,0,0,0,0.078125,40.0,0.0,False,False
1024,4x(4 4 4 4),512,40.0,2,1.1,False,250,1.6296875000000028,992,28,0,0,0,0,0,4,4,0,0,0.018750000000000044,9.600000000000023,1.3642420526593924e-12,True,False
1024,4x(4 4 4 4),512,40.0,2,1.1,False,500,1.6296875000000028,992,28,0,0,0,0,0,4,4,0,0,0.018750000000000044,9.600000000000023,1.3642420526593924e-12,True,False
1024,4x(4 4 4 4),512,40.0,2,1.1,False,750,1.6296875000000028,992,28,0,0,0,0,0,4,4,0,0,0.018750000000000044,9.600000000000023,1.3642420526593924e-12,True,False
1024,4x(4 4 4 4),512,40.0,2,1.1,False,1000,1.6296875000000028,992,28,0,0,0,0,0,4,4,0,0,0.018750000000000044,9.600000000000023,1.3642420526593924e-12,True,False
1024,4x(4 4 4 4),512,40.0,2,1.1,False,1250,1.6296875000000028,992,28,0,0,0,0,0,4,4,0,0,0.018750000000000044,9.600000000000023,1.3642420526593924e-12,True,False
1024,4x(4 4 4 4),512,40.0,2,1.1,False,1500,1.6296875000000028,992,28,0,0,0,0,0,4,4,0,0,0.018750000000000044,9.600000000000023,1.3642420526593924e-12,True,False
1024,4x(4 4 4 4),512,40.0,2,1.1,False,1750,1.6296875000000028,992,28,0,0,0,0,0,4,4,0,0,0.018750000000000044,9.600000000000023,1.3642420526593924e-12,True,False
1024,4x(4 4 4 4),512,40.0,2,1.1,False,2000,1.6296875000000028,992,28,0,0,0,0,0,4,4,0,0,0.018750000000000044,9.600000000000023,1.3642420526593924e-12,True,False
1024,4x(4 4 4 4),512,40.0,2,1.1,False,2250,1.6296875000000028,992,28,0,0,0,0,0,4,4,0,0,0.018750000000000044,9.600000000000023,1.3642420526593924e-12,True,False
1024,4x(4 4 4 4),512,40.0,2,1.1,False,2500,1.6296875000000028,992,28,0,0,0,0,0,4,4,0,0,0.018750000000000044,9.600000000000023,1.3642420526593924e-12,True,False
1024,4x(4 4 4 4),512,40.0,2,1.1,False,2750,1.6296875000000028,992,28,0,0,0,0,0,4,4,0,0,0.018750000000000044,9.600000000000023,1.3642420526593924e-12,True,False
1024,4x(4 4 4 4),512,40.0,2,1.1,False,3000,1.6296875000000028,992,28,0,0,0,0,0,4,4,0,0,0.018750000000000044,9.600000000000023,1.3642420526593924e-12,True,False
1024,4x(4 4 4 4),512,40.0,2,1.1,False,3250,1.6296875000000028,992,28,0,0,0,0,0,4,4,0,0,0.018750000000000044,9.600000000000023,1.3642420526593924e-12,True,False
1024,4x(4 4 4 4),512,40.0,2,1.1,False,3500,1.6296875000000028,992,28,0,0,0,0,0,4,4,0,0,0.018750000000000044,9.600000000000023,1.3642420526593924e-12,True,False
1024,4x(4 4 4 4),512,40.0,2,1.1,False,3750,1.6296875000000028,992,28,0,0,0,0,0,4,4,0,0,0.018750000000000044,9.600000000000023,1.3642420526593924e-12,True,False
1024,4x(4 4 4 4),512,40.0,2,1.1,False,4000,1.6296875000000028,992,28,0,0,0,0,0,4,4,0,0,0.018750000000000044,9.600000000000023,1.3642420526593924e-12,True,False
1024,4x(4 4 4 4),512,40.0,2,1.1,False,4250,1.6296875000000028,992,28,0,0,0,0,0,4,4,0,0,0.018750000000000044,9.600000000000023,1.3642420526593924e-12,True,False
1024,4x(4 4 4 4),512,40.0,2,1.1,False,4500,1.6296875000000028,992,28,0,0,0,0,0,4,4,0,0,0.018750000000000044,9.600000000000023,1.3642420526593924e-12,True,False
1024,4x(4 4 4 4),512,40.0,2,1.1,False,4750,1.6296875000000028,992,28,0,0,0,0,0,4,4,0,0,0.018750000000000044,9.600000000000023,1.3642420526593924e-12,True,False
1024,4x(4 4 4 4),512,40.0,2,1.1,False,5000,1.6296875000000028,992,28,0,0,0,0,0,4,4,0,0,0.018750000000000044,9.600000000000023,1.3642420526593924e-12,True,False
1024,4x(4 4 4 4),512,40.0,2,1.1,False,5250,1.6390625000000014,980,38,0,0,0,2,0,4,6,0,0,5.551115123125783e-17,2.842170943040401e-14,0.0,True,False
1024,4x(4 4 4 4),512,40.0,2,1.1,False,5500,1.6390625000000014,980,38,0,0,0,2,0,4,6,0,0,5.551115123125783e-17,2.842170943040401e-14,0.0,True,False
1024,4x(4 4 4 4),512,40.0,2,1.1,False,5750,1.6390625000000014,980,38,0,0,0,2,0,4,6,0,0,5.551115123125783e-17,2.842170943040401e-14,0.0,True,False
1024,4x(4 4 4 4),512,40.0,2,1.1,False,6000,1.6187500000000021,1000,20,0,0,0,4,0,0,4,0,0,0.04062500000000002,20.80000000000001,6.821210263296962e-13,True,False
1024,4x(4 4 4 4),512,40.0,2,1.1,False,6250,1.6375000000000028,976,40,0,0,0,8,0,0,8,0,0,0.0031250000000000444,1.6000000000000227,1.3642420526593924e-12,True,False
1024,4x(4 4 4 4),512,40.0,2,1.1,False,6500,1.6375000000000028,976,40,0,0,0,8,0,0,8,0,0,0.0031250000000000444,1.6000000000000227,1.3642420526593924e-12,True,False
1024,4x(4 4 4 4),512,40.0,2,1.1,False,6750,1.6375000000000028,976,40,0,0,0,8,0,0,8,0,0,0.0031250000000000444,1.6000000000000227,1.3642420526593924e-12,True,False
1024,4x(4 4 4 4),512,40.0,2,1.1,False,7000,1.6375000000000028,976,40,0,0,0,8,0,0,8,0,0,0.0031250000000000444,1.6000000000000227,1.3642420526593924e-12,True,False
1024,4x(4 4 4 4),512,40.0,2,1.1,False,7250,1.6375000000000028,976,40,0,0,0,8,0,0,8,0,0,0.0031250000000000444,1.6000000000000227,1.3642420526593924e-12,True,False
1024,4x(4 4 4 4),512,40.0,2,1.1,False,7500,1.6375000000000028,976,40,0,0,0,8,0,0,8,0,0,0.0031250000000000444,1.6000000000000227,1.3642420526593924e-12,True,False
1024,4x(4 4 4 4),512,40.0,2,1.1,False,7750,1.6375000000000028,976,40,0,0,0,8,0,0,8,0,0,0.0031250000000000444,1.6000000000000227,1.3642420526593924e-12,True,False
1024,4x(4 4 4 4),512,40.0,2,1.1,False,8000,1.6375000000000028,976,40,0,0,0,8,0,0,8,0,0,0.0031250000000000444,1.6000000000000227,1.3642420526593924e-12,True,False
1024,4x(4 4 4 4),512,40.0,2,1.1,False,8250,1.6375000000000028,976,40,0,0,0,8,0,0,8,0,0,0.0031250000000000444,1.6000000000000227,1.3642420526593924e-12,True,False
1024,4x(4 4 4 4),512,40.0,2,1.1,False,8500,1.6375000000000028,976,40,0,0,0,8,0,0,8,0,0,0.0031250000000000444,1.6000000000000227,1.3642420526593924e-12,True,False
1024,4x(4 4 4 4),512,40.0,2,1.1,False,8750,1.6375000000000028,976,40,0,0,0,8,0,0,8,0,0,0.0031250000000000444,1.6000000000000227,1.3642420526593924e-12,True,False
1024,4x(4 4 4 4),512,40.0,2,1.1,False,9000,1.6375000000000028,976,40,0,0,0,8,0,0,8,0,0,0.0031250000000000444,1.6000000000000227,1.3642420526593924e-12,True,False
1024,4x(4 4 4 4),512,40.0,2,1.1,False,9250,1.6375000000000028,976,40,0,0,0,8,0,0,8,0,0,0.0031250000000000444,1.6000000000000227,1.3642420526593924e-12,True,False
1024,4x(4 4 4 4),512,40.0,2,1.1,False,9500,1.6375000000000028,976,40,0,0,0,8,0,0,8,0,0,0.0031250000000000444,1.6000000000000227,1.3642420526593924e-12,True,False
1024,4x(4 4 4 4),512,40.0,2,1.1,False,9750,1.6375000000000028,976,40,0,0,0,8,0,0,8,0,0,0.0031250000000000444,1.6000000000000227,1.3642420526593924e-12,True,False
1024,4x(4 4 4 4),512,40.0,2,1.1,False,10000,1.6375000000000028,976,40,0,0,0,8,0,0,8,0,0,0.0031250000000000444,1.6000000000000227,1.3642420526593924e-12,True,False
1024,4x(4 4 4 4),512,40.0,2,1.1,False,10250,1.6375000000000028,976,40,0,0,0,8,0,0,8,0,0,0.0031250000000000444,1.6000000000000227,1.3642420526593924e-12,True,False
1024,4x(4 4 4 4),512,40.0,2,1.1,False,10500,1.6375000000000028,976,40,0,0,0,8,0,0,8,0,0,0.0031250000000000444,1.6000000000000227,1.3642420526593924e-12,True,False
1024,4x(4 4 4 4),512,40.0,2,1.1,False,10750,1.6375000000000028,976,40,0,0,0,8,0,0,8,0,0,0.0031250000000000444,1.6000000000000227,1.3642420526593924e-12,True,False
1024,4x(4 4 4 4),512,40.0,2,1.1,False,11000,1.6375000000000028,976,40,0,0,0,8,0,0,8,0,0,0.0031250000000000444,1.6000000000000227,1.3642420526593924e-12,True,False
1024,4x(4 4 4 4),512,40.0,2,1.1,False,11250,1.6375000000000028,976,40,0,0,0,8,0,0,8,0,0,0.0031250000000000444,1.6000000000000227,1.3642420526593924e-12,True,False
1024,4x(4 4 4 4),512,40.0,2,1.1,False,11500,1.6375000000000028,976,40,0,0,0,8,0,0,8,0,0,0.0031250000000000444,1.6000000000000227,1.3642420526593924e-12,True,False
1024,4x(4 4 4 4),512,40.0,2,1.1,False,11750,1.6375000000000028,976,40,0,0,0,8,0,0,8,0,0,0.0031250000000000444,1.6000000000000227,1.3642420526593924e-12,True,False
1024,4x(4 4 4 4),512,40.0,2,1.1,False,12000,1.6375000000000028,976,40,0,0,0,8,0,0,8,0,0,0.0031250000000000444,1.6000000000000227,1.3642420526593924e-12,True,False
1024,4x(4 4 4 4),512,40.0,2,1.1,False,12250,1.6375000000000028,976,40,0,0,0,8,0,0,8,0,0,0.0031250000000000444,1.6000000000000227,1.3642420526593924e-12,True,False
1024,4x(4 4 4 4),512,40.0,2,1.1,False,12500,1.6375000000000028,976,40,0,0,0,8,0,0,8,0,0,0.0031250000000000444,1.6000000000000227,1.3642420526593924e-12,True,False
1024,4x(4 4 4 4),512,40.0,2,1.1,False,12750,1.6375000000000028,976,40,0,0,0,8,0,0,8,0,0,0.0031250000000000444,1.6000000000000227,1.3642420526593924e-12,True,False
1024,4x(4 4 4 4),512,40.0,2,1.1,False,13000,1.6375000000000028,976,40,0,0,0,8,0,0,8,0,0,0.0031250000000000444,1.6000000000000227,1.3642420526593924e-12,True,False
1024,4x(4 4 4 4),512,40.0,2,1.1,False,13250,1.6375000000000028,976,40,0,0,0,8,0,0,8,0,0,0.0031250000000000444,1.6000000000000227,1.3642420526593924e-12,True,False
1024,4x(4 4 4 4),512,40.0,2,1.1,False,13500,1.6375000000000028,976,40,0,0,0,8,0,0,8,0,0,0.0031250000000000444,1.6000000000000227,1.3642420526593924e-12,True,False
1024,4x(4 4 4 4),512,40.0,2,1.1,False,13750,1.6375000000000028,976,40,0,0,0,8,0,0,8,0,0,0.0031250000000000444,1.6000000000000227,1.3642420526593924e-12,True,False
1024,4x(4 4 4 4),512,40.0,2,1.1,False,14000,1.6375000000000028,976,40,0,0,0,8,0,0,8,0,0,0.0031250000000000444,1.6000000000000227,1.3642420526593924e-12,True,False
1024,4x(4 4 4 4),512,40.0,2,1.1,False,14250,1.6375000000000028,976,40,0,0,0,8,0,0,8,0,0,0.0031250000000000444,1.6000000000000227,1.3642420526593924e-12,True,False
1024,4x(4 4 4 4),512,40.0,2,1.1,False,14500,1.6375000000000028,976,40,0,0,0,8,0,0,8,0,0,0.0031250000000000444,1.6000000000000227,1.3642420526593924e-12,True,False
1024,4x(4 4 4 4),512,40.0,2,1.1,False,14750,1.6375000000000028,976,40,0,0,0,8,0,0,8,0,0,0.0031250000000000444,1.6000000000000227,1.3642420526593924e-12,True,False
1024,4x(4 4 4 4),512,40.0,2,1.1,False,15000,1.6375000000000028,976,40,0,0,0,8,0,0,8,0,0,0.0031250000000000444,1.6000000000000227,1.3642420526593924e-12,True,False
1024,4x(4 4 4 4),512,40.0,2,1.1,False,15250,1.6375000000000028,976,40,0,0,0,8,0,0,8,0,0,0.0031250000000000444,1.6000000000000227,1.3642420526593924e-12,True,False
1024,4x(4 4 4 4),512,40.0,2,1.1,False,15500,1.6375000000000028,976,40,0,0,0,8,0,0,8,0,0,0.0031250000000000444,1.6000000000000227,1.3642420526593924e-12,True,False
1024,4x(4 4 4 4),512,40.0,2,1.1,False,15750,1.6375000000000028,976,40,0,0,0,8,0,0,8,0,0,0.0031250000000000444,1.6000000000000227,1.3642420526593924e-12,True,False
1024,4x(4 4 4 4),512,40.0,2,1.1,False,16000,1.6375000000000028,976,40,0,0,0,8,0,0,8,0,0,0.0031250000000000444,1.6000000000000227,1.3642420526593924e-12,True,False
1024,4x(4 4 4 4),512,40.0,2,1.1,False,16250,1.6375000000000028,976,40,0,0,0,8,0,0,8,0,0,0.0031250000000000444,1.6000000000000227,1.3642420526593924e-12,True,False
1024,4x(4 4 4 4),512,40.0,2,1.1,False,16500,1.6375000000000028,976,40,0,0,0,8,0,0,8,0,0,0.0031250000000000444,1.6000000000000227,1.3642420526593924e-12,True,False
1024,4x(4 4 4 4),512,40.0,2,1.1,False,16750,1.6375000000000028,976,40,0,0,0,8,0,0,8,0,0,0.0031250000000000444,1.6000000000000227,1.3642420526593924e-12,True,False
1024,4x(4 4 4 4),512,40.0,2,1.1,False,17000,1.6375000000000028,976,40,0,0,0,8,0,0,8,0,0,0.0031250000000000444,1.6000000000000227,1.3642420526593924e-12,True,False
1024,4x(4 4 4 4),512,40.0,2,1.1,False,17250,1.6375000000000028,976,40,0,0,0,8,0,0,8,0,0,0.0031250000000000444,1.6000000000000227,1.3642420526593924e-12,True,False
1024,4x(4 4 4 4),512,40.0,2,1.1,False,17500,1.6375000000000028,976,40,0,0,0,8,0,0,8,0,0,0.0031250000000000444,1.6000000000000227,1.3642420526593924e-12,True,False
1024,4x(4 4 4 4),512,40.0,2,1.1,False,17750,1.6375000000000028,976,40,0,0,0,8,0,0,8,0,0,0.0031250000000000444,1.6000000000000227,1.3642420526593924e-12,True,False
1024,4x(4 4 4 4),512,40.0,2,1.1,False,18000,1.6375000000000028,976,40,0,0,0,8,0,0,8,0,0,0.0031250000000000444,1.6000000000000227,1.3642420526593924e-12,True,False
1024,4x(4 4 4 4),512,40.0,2,1.1,False,18250,1.6187500000000021,1000,20,0,0,0,4,0,0,4,0,0,0.04062500000000002,20.80000000000001,6.821210263296962e-13,True,False
1024,4x(4 4 4 4),512,40.0,2,1.1,False,18500,1.6375000000000028,976,40,0,0,0,8,0,0,8,0,0,0.0031250000000000444,1.6000000000000227,1.3642420526593924e-12,True,False
1024,4x(4 4 4 4),512,40.0,2,1.1,False,18750,1.6375000000000028,976,40,0,0,0,8,0,0,8,0,0,0.0031250000000000444,1.6000000000000227,1.3642420526593924e-12,True,False
1024,4x(4 4 4 4),512,40.0,2,1.1,False,19000,1.6375000000000028,976,40,0,0,0,8,0,0,8,0,0,0.0031250000000000444,1.6000000000000227,1.3642420526593924e-12,True,False
1024,4x(4 4 4 4),512,40.0,2,1.1,False,19250,1.6375000000000028,976,40,0,0,0,8,0,0,8,0,0,0.0031250000000000444,1.6000000000000227,1.3642420526593924e-12,True,False
1024,4x(4 4 4 4),512,40.0,2,1.1,False,19500,1.6375000000000028,976,40,0,0,0,8,0,0,8,0,0,0.0031250000000000444,1.6000000000000227,1.3642420526593924e-12,True,False
1024,4x(4 4 4 4),512,40.0,2,1.1,False,19750,1.6375000000000028,976,40,0,0,0,8,0,0,8,0,0,0.0031250000000000444,1.6000000000000227,1.3642420526593924e-12,True,False
1024,4x(4 4 4 4),512,40.0,2,1.1,False,20000,1.6375000000000028,976,40,0,0,0,8,0,0,8,0,0,0.0031250000000000444,1.6000000000000227,1.3642420526593924e-12,True,False
1024,4x(4 4 4 4),512,40.0,2,1.1,False,20250,1.6375000000000028,976,40,0,0,0,8,0,0,8,0,0,0.0031250000000000444,1.6000000000000227,1.3642420526593924e-12,True,False
1024,4x(4 4 4 4),512,40.0,2,1.1,False,20500,1.6375000000000028,976,40,0,0,0,8,0,0,8,0,0,0.0031250000000000444,1.6000000000000227,1.3642420526593924e-12,True,False
1024,4x(4 4 4 4),512,40.0,2,1.1,False,20750,1.6375000000000028,976,40,0,0,0,8,0,0,8,0,0,0.0031250000000000444,1.6000000000000227,1.3642420526593924e-12,True,False
1024,4x(4 4 4 4),512,40.0,2,1.1,False,21000,1.6375000000000028,976,40,0,0,0,8,0,0,8,0,0,0.0031250000000000444,1.6000000000000227,1.3642420526593924e-12,True,False
1024,4x(4 4 4 4),512,40.0,2,1.1,False,21250,1.6187500000000021,1000,20,0,0,0,4,0,0,4,0,0,0.04062500000000002,20.80000000000001,6.821210263296962e-13,True,False
1024,4x(4 4 4 4),512,40.0,2,1.1,False,21500,1.6375000000000028,976,40,0,0,0,8,0,0,8,0,0,0.0031250000000000444,1.6000000000000227,1.3642420526593924e-12,True,False
1024,4x(4 4 4 4),512,40.0,2,1.1,False,21750,1.6375000000000028,976,40,0,0,0,8,0,0,8,0,0,0.0031250000000000444,1.6000000000000227,1.3642420526593924e-12,True,False
1024,4x(4 4 4 4),512,40.0,2,1.1,False,22000,1.6375000000000028,976,40,0,0,0,8,0,0,8,0,0,0.0031250000000000444,1.6000000000000227,1.3642420526593924e-12,True,False
1024,4x(4 4 4 4),512,40.0,2,1.1,False,22250,1.6375000000000028,976,40,0,0,0,8,0,0,8,0,0,0.0031250000000000444,1.6000000000000227,1.3642420526593924e-12,True,False
1024,4x(4 4 4 4),512,40.0,2,1.1,False,22500,1.6375000000000028,976,40,0,0,0,8,0,0,8,0,0,0.0031250000000000444,1.6000000000000227,1.3642420526593924e-12,True,False
1024,4x(4 4 4 4),512,40.0,2,1.1,False,22750,1.6375000000000028,976,40,0,0,0,8,0,0,8,0,0,0.0031250000000000444,1.6000000000000227,1.3642420526593924e-12,True,False
1024,4x(4 4 4 4),512,40.0,2,1.1,False,23000,1.6375000000000028,976,40,0,0,0,8,0,0,8,0,0,0.0031250000000000444,1.6000000000000227,1.3642420526593924e-12,True,False
1024,4x(4 4 4 4),512,40.0,2,1.1,False,23250,1.6375000000000028,976,40,0,0,0,8,0,0,8,0,0,0.0031250000000000444,1.6000000000000227,1.3642420526593924e-12,True,False
1024,4x(4 4 4 4),512,40.0,2,1.1,False,23500,1.6375000000000028,976,40,0,0,0,8,0,0,8,0,0,0.0031250000000000444,1.6000000000000227,1.3642420526593924e-12,True,False
1024,4x(4 4 4 4),512,40.0,2,1.1,False,23750,1.6375000000000028,976,40,0,0,0,8,0,0,8,0,0,0.0031250000000000444,1.6000000000000227,1.3642420526593924e-12,True,False
1024,4x(4 4 4 4),512,40.0,2,1.1,False,24000,1.6375000000000028,976,40,0,0,0,8,0,0,8,0,0,0.0031250000000000444,1.6000000000000227,1.3642420526593924e-12,True,False
1024,4x(4 4 4 4),512,40.0,2,1.1,False,24250,1.6375000000000028,976,40,0,0,0,8,0,0,8,0,0,0.0031250000000000444,1.6000000000000227,1.3642420526593924e-12,True,False
1024,4x(4 4 4 4),512,40.0,2,1.1,False,24500,1.6375000000000028,976,40,0,0,0,8,0,0,8,0,0,0.0031250000000000444,1.6000000000000227,1.3642420526593924e-12,True,False
1024,4x(4 4 4 4),512,40.0,2,1.1,False,24750,1.6375000000000028,976,40,0,0,0,8,0,0,8,0,0,0.0031250000000000444,1.6000000000000227,1.3642420526593924e-12,True,False
1024,4x(4 4 4 4),512,40.0,2,1.1,False,25000,1.6375000000000028,976,40,0,0,0,8,0,0,8,0,0,0.0031250000000000444,1.6000000000000227,1.3642420526593924e-12,True,False
1024,4x(4 4 4 4),512,40.0,2,1.1,False,25250,1.6375000000000028,976,40,0,0,0,8,0,0,8,0,0,0.0031250000000000444,1.6000000000000227,1.3642420526593924e-12,True,False
1024,4x(4 4 4 4),512,40.0,2,1.1,False,25500,1.6375000000000028,976,40,0,0,0,8,0,0,8,0,0,0.0031250000000000444,1.6000000000000227,1.3642420526593924e-12,True,False
1024,4x(4 4 4 4),512,40.0,2,1.1,False,25750,1.6375000000000028,976,40,0,0,0,8,0,0,8,0,0,0.0031250000000000444,1.6000000000000227,1.3642420526593924e-12,True,False
1024,4x(4 4 4 4),512,40.0,2,1.1,False,26000,1.6375000000000028,976,40,0,0,0,8,0,0,8,0,0,0.0031250000000000444,1.6000000000000227,1.3642420526593924e-12,True,False
1024,4x(4 4 4 4),512,40.0,2,1.1,False,26250,1.6375000000000028,976,40,0,0,0,8,0,0,8,0,0,0.0031250000000000444,1.6000000000000227,1.3642420526593924e-12,True,False
1024,4x(4 4 4 4),512,40.0,2,1.1,False,26500,1.6375000000000028,976,40,0,0,0,8,0,0,8,0,0,0.0031250000000000444,1.6000000000000227,1.3642420526593924e-12,True,False
1024,4x(4 4 4 4),512,40.0,2,1.1,False,26750,1.6375000000000028,976,40,0,0,0,8,0,0,8,0,0,0.0031250000000000444,1.6000000000000227,1.3642420526593924e-12,True,False
1024,4x(4 4 4 4),512,40.0,2,1.1,False,27000,1.6375000000000028,976,40,0,0,0,8,0,0,8,0,0,0.0031250000000000444,1.6000000000000227,1.3642420526593924e-12,True,False
1024,4x(4 4 4 4),512,40.0,2,1.1,False,27250,1.6375000000000028,976,40,0,0,0,8,0,0,8,0,0,0.0031250000000000444,1.6000000000000227,1.3642420526593924e-12,True,False
1024,4x(4 4 4 4),512,40.0,2,1.1,False,27500,1.6375000000000028,976,40,0,0,0,8,0,0,8,0,0,0.0031250000000000444,1.6000000000000227,1.3642420526593924e-12,True,False
1024,4x(4 4 4 4),512,40.0,2,1.1,False,27750,1.6375000000000028,976,40,0,0,0,8,0,0,8,0,0,0.0031250000000000444,1.6000000000000227,1.3642420526593924e-12,True,False
1024,4x(4 4 4 4),512,40.0,2,1.1,False,28000,1.6375000000000028,976,40,0,0,0,8,0,0,8,0,0,0.0031250000000000444,1.6000000000000227,1.3642420526593924e-12,True,False
1024,4x(4 4 4 4),512,40.0,2,1.1,False,28250,1.6375000000000028,976,40,0,0,0,8,0,0,8,0,0,0.0031250000000000444,1.6000000000000227,1.3642420526593924e-12,True,False
1024,4x(4 4 4 4),512,40.0,2,1.1,False,28500,1.6375000000000028,976,40,0,0,0,8,0,0,8,0,0,0.0031250000000000444,1.6000000000000227,1.3642420526593924e-12,True,False
1024,4x(4 4 4 4),512,40.0,2,1.1,False,28750,1.6375000000000028,976,40,0,0,0,8,0,0,8,0,0,0.0031250000000000444,1.6000000000000227,1.3642420526593924e-12,True,False
1024,4x(4 4 4 4),512,40.0,2,1.1,False,29000,1.6375000000000028,976,40,0,0,0,8,0,0,8,0,0,0.0031250000000000444,1.6000000000000227,1.3642420526593924e-12,True,False
1024,4x(4 4 4 4),512,40.0,2,1.1,False,29250,1.6187500000000021,1000,20,0,0,0,4,0,0,4,0,0,0.04062500000000002,20.80000000000001,6.821210263296962e-13,True,False
1024,4x(4 4 4 4),512,40.0,2,1.1,False,29500,1.6375000000000028,976,40,0,0,0,8,0,0,8,0,0,0.0031250000000000444,1.6000000000000227,1.3642420526593924e-12,True,False
1024,4x(4 4 4 4),512,40.0,2,1.1,False,29750,1.6375000000000028,976,40,0,0,0,8,0,0,8,0,0,0.0031250000000000444,1.6000000000000227,1.3642420526593924e-12,True,False
1024,4x(4 4 4 4),512,40.0,2,1.1,False,30000,1.6375000000000028,976,40,0,0,0,8,0,0,8,0,0,0.0031250000000000444,1.6000000000000227,1.3642420526593924e-12,True,False
1024,4x(4 4 4 4),512,40.0,2,1.1,False,30250,1.6375000000000028,976,40,0,0,0,8,0,0,8,0,0,0.0031250000000000444,1.6000000000000227,1.3642420526593924e-12,True,False
1024,4x(4 4 4 4),512,40.0,2,1.1,False,30500,1.6375000000000028,976,40,0,0,0,8,0,0,8,0,0,0.0031250000000000444,1.6000000000000227,1.3642420526593924e-12,True,False
1024,4x(4 4 4 4),512,40.0,2,1.1,False,30750,1.6375000000000028,976,40,0,0,0,8,0,0,8,0,0,0.0031250000000000444,1.6000000000000227,1.3642420526593924e-12,True,False
1024,4x(4 4 4 4),512,40.0,2,1.1,False,31000,1.6375000000000028,976,40,0,0,0,8,0,0,8,0,0,0.0031250000000000444,1.6000000000000227,1.3642420526593924e-12,True,False
1024,4x(4 4 4 4),512,40.0,2,1.1,False,31250,1.6375000000000028,976,40,0,0,0,8,0,0,8,0,0,0.0031250000000000444,1.6000000000000227,1.3642420526593924e-12,True,False
1024,4x(4 4 4 4),512,40.0,2,1.1,False,31500,1.6375000000000028,976,40,0,0,0,8,0,0,8,0,0,0.0031250000000000444,1.6000000000000227,1.3642420526593924e-12,True,False
1024,4x(4 4 4 4),512,40.0,2,1.1,False,31750,1.6375000000000028,976,40,0,0,0,8,0,0,8,0,0,0.0031250000000000444,1.6000000000000227,1.3642420526593924e-12,True,False
1024,4x(4 4 4 4),512,40.0,2,1.1,False,32000,1.6375000000000028,976,40,0,0,0,8,0,0,8,0,0,0.0031250000000000444,1.6000000000000227,1.3642420526593924e-12,True,False
1024,4x(4 4 4 4),512,40.0,2,1.1,False,32250,1.6375000000000028,976,40,0,0,0,8,0,0,8,0,0,0.0031250000000000444,1.6000000000000227,1.3642420526593924e-12,True,False
1024,4x(4 4 4 4),512,40.0,2,1.1,False,32500,1.6375000000000028,976,40,0,0,0,8,0,0,8,0,0,0.0031250000000000444,1.6000000000000227,1.3642420526593924e-12,True,False
1024,4x(4 4 4 4),512,40.0,2,1.1,False,32750,1.6375000000000028,976,40,0,0,0,8,0,0,8,0,0,0.0031250000000000444,1.6000000000000227,1.3642420526593924e-12,True,False
1024,4x(4 4 4 4),512,40.0,2,1.1,False,33000,1.6375000000000028,976,40,0,0,0,8,0,0,8,0,0,0.0031250000000000444,1.6000000000000227,1.3642420526593924e-12,True,False
1024,4x(4 4 4 4),512,40.0,2,1.1,False,33250,1.6375000000000028,976,40,0,0,0,8,0,0,8,0,0,0.0031250000000000444,1.6000000000000227,1.3642420526593924e-12,True,False
1024,4x(4 4 4 4),512,40.0,2,1.1,False,33500,1.6375000000000028,976,40,0,0,0,8,0,0,8,0,0,0.0031250000000000444,1.6000000000000227,1.3642420526593924e-12,True,False
1024,4x(4 4 4 4),512,40.0,2,1.1,False,33750,1.6375000000000028,976,40,0,0,0,8,0,0,8,0,0,0.0031250000000000444,1.6000000000000227,1.3642420526593924e-12,True,False
1024,4x(4 4 4 4),512,40.0,2,1.1,False,34000,1.6375000000000028,976,40,0,0,0,8,0,0,8,0,0,0.0031250000000000444,1.6000000000000227,1.3642420526593924e-12,True,False
1024,4x(4 4 4 4),512,40.0,2,1.1,False,34250,1.6187500000000021,1000,20,0,0,0,4,0,0,4,0,0,0.04062500000000002,20.80000000000001,6.821210263296962e-13,True,False
1024,4x(4 4 4 4),512,40.0,2,1.1,False,34500,1.6375000000000028,976,40,0,0,0,8,0,0,8,0,0,0.0031250000000000444,1.6000000000000227,1.3642420526593924e-12,True,False
1024,4x(4 4 4 4),512,40.0,2,1.1,False,34750,1.6375000000000028,976,40,0,0,0,8,0,0,8,0,0,0.0031250000000000444,1.6000000000000227,1.3642420526593924e-12,True,False
1024,4x(4 4 4 4),512,40.0,2,1.1,False,35000,1.6375000000000028,976,40,0,0,0,8,0,0,8,0,0,0.0031250000000000444,1.6000000000000227,1.3642420526593924e-12,True,False
1024,4x(4 4 4 4),512,40.0,2,1.1,False,35250,1.6375000000000028,976,40,0,0,0,8,0,0,8,0,0,0.0031250000000000444,1.6000000000000227,1.3642420526593924e-12,True,False
1024,4x(4 4 4 4),512,40.0,2,1.1,False,35500,1.6375000000000028,976,40,0,0,0,8,0,0,8,0,0,0.0031250000000000444,1.6000000000000227,1.3642420526593924e-12,True,False
1024,4x(4 4 4 4),512,40.0,2,1.1,False,35750,1.6375000000000028,976,40,0,0,0,8,0,0,8,0,0,0.0031250000000000444,1.6000000000000227,1.3642420526593924e-12,True,False
1024,4x(4 4 4 4),512,40.0,2,1.1,False,36000,1.6375000000000028,976,40,0,0,0,8,0,0,8,0,0,0.0031250000000000444,1.6000000000000227,1.3642420526593924e-12,True,False
1024,4x(4 4 4 4),512,40.0,2,1.1,False,36250,1.6375000000000028,976,40,0,0,0,8,0,0,8,0,0,0.0031250000000000444,1.6000000000000227,1.3642420526593924e-12,True,False
1024,4x(4 4 4 4),512,40.0,2,1.1,False,36500,1.6375000000000028,976,40,0,0,0,8,0,0,8,0,0,0.0031250000000000444,1.6000000000000227,1.3642420526593924e-12,True,False
1024,4x(4 4 4 4),512,40.0,2,1.1,False,36750,1.6375000000000028,976,40,0,0,0,8,0,0,8,0,0,0.0031250000000000444,1.6000000000000227,1.3642420526593924e-12,True,False
1024,4x(4 4 4 4),512,40.0,2,1.1,False,37000,1.6375000000000028,976,40,0,0,0,8,0,0,8,0,0,0.0031250000000000444,1.6000000000000227,1.3642420526593924e-12,True,False
1024,4x(4 4 4 4),512,40.0,2,1.1,False,37250,1.6375000000000028,976,40,0,0,0,8,0,0,8,0,0,0.0031250000000000444,1.6000000000000227,1.3642420526593924e-12,True,False
1024,4x(4 4 4 4),512,40.0,2,1.1,False,37500,1.6187500000000021,1000,20,0,0,0,4,0,0,4,0,0,0.04062500000000002,20.80000000000001,6.821210263296962e-13,True,False
1024,4x(4 4 4 4),512,40.0,2,1.1,False,37750,1.6375000000000028,976,40,0,0,0,8,0,0,8,0,0,0.0031250000000000444,1.6000000000000227,1.3642420526593924e-12,True,False
1024,4x(4 4 4 4),512,40.0,2,1.1,False,38000,1.6375000000000028,976,40,0,0,0,8,0,0,8,0,0,0.0031250000000000444,1.6000000000000227,1.3642420526593924e-12,True,False
1024,4x(4 4 4 4),512,40.0,2,1.1,False,38250,1.6375000000000028,976,40,0,0,0,8,0,0,8,0,0,0.0031250000000000444,1.6000000000000227,1.3642420526593924e-12,True,False
1024,4x(4 4 4 4),512,40.0,2,1.1,False,38500,1.6375000000000028,976,40,0,0,0,8,0,0,8,0,0,0.0031250000000000444,1.6000000000000227,1.3642420526593924e-12,True,False
1024,4x(4 4 4 4),512,40.0,2,1.1,False,38750,1.6375000000000028,976,40,0,0,0,8,0,0,8,0,0,0.0031250000000000444,1.6000000000000227,1.3642420526593924e-12,True,False
1024,4x(4 4 4 4),512,40.0,2,1.1,False,39000,1.6375000000000028,976,40,0,0,0,8,0,0,8,0,0,0.0031250000000000444,1.6000000000000227,1.3642420526593924e-12,True,False
1024,4x(4 4 4 4),512,40.0,2,1.1,False,39250,1.6375000000000028,976,40,0,0,0,8,0,0,8,0,0,0.0031250000000000444,1.6000000000000227,1.3642420526593924e-12,True,False
1024,4x(4 4 4 4),512,40.0,2,1.1,False,39500,1.6187500000000021,1000,20,0,0,0,4,0,0,4,0,0,0.04062500000000002,20.80000000000001,6.821210263296962e-13,True,False
1024,4x(4 4 4 4),512,40.0,2,1.1,False,39750,1.6375000000000028,976,40,0,0,0,8,0,0,8,0,0,0.0031250000000000444,1.6000000000000227,1.3642420526593924e-12,True,False
1024,4x(4 4 4 4),512,40.0,2,1.1,False,40000,1.6375000000000028,976,40,0,0,0,8,0,0,8,0,0,0.0031250000000000444,1.6000000000000227,1.3642420526593924e-12,True,False
1024,4x(4 4 4 4),512,40.0,2,1.1,False,40250,1.6375000000000028,976,40,0,0,0,8,0,0,8,0,0,0.0031250000000000444,1.6000000000000227,1.3642420526593924e-12,True,False
1024,4x(4 4 4 4),512,40.0,2,1.1,False,40500,1.6375000000000028,976,40,0,0,0,8,0,0,8,0,0,0.0031250000000000444,1.6000000000000227,1.3642420526593924e-12,True,False
1024,4x(4 4 4 4),512,40.0,2,1.1,False,40750,1.6375000000000028,976,40,0,0,0,8,0,0,8,0,0,0.0031250000000000444,1.6000000000000227,1.3642420526593924e-12,True,False
1024,4x(4 4 4 4),512,40.0,2,1.1,False,41000,1.6187500000000021,1000,20,0,0,0,4,0,0,4,0,0,0.04062500000000002,20.80000000000001,6.821210263296962e-13,True,False
1024,4x(4 4 4 4),512,40.0,2,1.1,False,41250,1.6375000000000028,978,36,2,0,0,8,0,0,8,0,0,0.0031250000000000444,1.6000000000000227,1.3642420526593924e-12,True,False
1024,4x(4 4 4 4),512,40.0,2,1.1,False,41500,1.6375000000000028,976,40,0,0,0,8,0,0,8,0,0,0.0031250000000000444,1.6000000000000227,1.3642420526593924e-12,True,False
1024,4x(4 4 4 4),512,40.0,2,1.1,False,41750,1.6375000000000028,976,40,0,0,0,8,0,0,8,0,0,0.0031250000000000444,1.6000000000000227,1.3642420526593924e-12,True,False
1024,4x(4 4 4 4),512,40.0,2,1.1,False,42000,1.6375000000000028,976,40,0,0,0,8,0,0,8,0,0,0.0031250000000000444,1.6000000000000227,1.3642420526593924e-12,True,False
1024,4x(4 4 4 4),512,40.0,2,1.1,False,42250,1.6375000000000028,976,40,0,0,0,8,0,0,8,0,0,0.0031250000000000444,1.6000000000000227,1.3642420526593924e-12,True,False
1024,4x(4 4 4 4),512,40.0,2,1.1,False,42500,1.6375000000000028,976,40,0,0,0,8,0,0,8,0,0,0.0031250000000000444,1.6000000000000227,1.3642420526593924e-12,True,False
1024,4x(4 4 4 4),512,40.0,2,1.1,False,42750,1.6375000000000028,976,40,0,0,0,8,0,0,8,0,0,0.0031250000000000444,1.6000000000000227,1.3642420526593924e-12,True,False
1024,4x(4 4 4 4),512,40.0,2,1.1,False,43000,1.6375000000000028,976,40,0,0,0,8,0,0,8,0,0,0.0031250000000000444,1.6000000000000227,1.3642420526593924e-12,True,False
1024,4x(4 4 4 4),512,40.0,2,1.1,False,43250,1.6375000000000028,976,40,0,0,0,8,0,0,8,0,0,0.0031250000000000444,1.6000000000000227,1.3642420526593924e-12,True,False
1024,4x(4 4 4 4),512,40.0,2,1.1,False,43500,1.6375000000000028,976,40,0,0,0,8,0,0,8,0,0,0.0031250000000000444,1.6000000000000227,1.3642420526593924e-12,True,False
1024,4x(4 4 4 4),512,40.0,2,1.1,False,43750,1.6375000000000028,976,40,0,0,0,8,0,0,8,0,0,0.0031250000000000444,1.6000000000000227,1.3642420526593924e-12,True,False
1024,4x(4 4 4 4),512,40.0,2,1.1,False,44000,1.6375000000000028,976,40,0,0,0,8,0,0,8,0,0,0.0031250000000000444,1.6000000000000227,1.3642420526593924e-12,True,False
1024,4x(4 4 4 4),512,40.0,2,1.1,False,44250,1.6375000000000028,976,40,0,0,0,8,0,0,8,0,0,0.0031250000000000444,1.6000000000000227,1.3642420526593924e-12,True,False
1024,4x(4 4 4 4),512,40.0,2,1.1,False,44500,1.6375000000000028,976,40,0,0,0,8,0,0,8,0,0,0.0031250000000000444,1.6000000000000227,1.3642420526593924e-12,True,False
1024,4x(4 4 4 4),512,40.0,2,1.1,False,44750,1.6375000000000028,976,40,0,0,0,8,0,0,8,0,0,0.0031250000000000444,1.6000000000000227,1.3642420526593924e-12,True,False
1024,4x(4 4 4 4),512,40.0,2,1.1,False,45000,1.6375000000000028,976,40,0,0,0,8,0,0,8,0,0,0.0031250000000000444,1.6000000000000227,1.3642420526593924e-12,True,False
1024,4x(4 4 4 4),512,40.0,2,1.1,False,45250,1.6375000000000028,976,40,0,0,0,8,0,0,8,0,0,0.0031250000000000444,1.6000000000000227,1.3642420526593924e-12,True,False
1024,4x(4 4 4 4),512,40.0,2,1.1,False,45500,1.6375000000000028,976,40,0,0,0,8,0,0,8,0,0,0.0031250000000000444,1.6000000000000227,1.3642420526593924e-12,True,False
1024,4x(4 4 4 4),512,40.0,2,1.1,False,45750,1.6375000000000028,976,40,0,0,0,8,0,0,8,0,0,0.0031250000000000444,1.6000000000000227,1.3642420526593924e-12,True,False
1024,4x(4 4 4 4),512,40.0,2,1.1,False,46000,1.6375000000000028,976,40,0,0,0,8,0,0,8,0,0,0.0031250000000000444,1.6000000000000227,1.3642420526593924e-12,True,False
1024,4x(4 4 4 4),512,40.0,2,1.1,False,46250,1.6375000000000028,976,40,0,0,0,8,0,0,8,0,0,0.0031250000000000444,1.6000000000000227,1.3642420526593924e-12,True,False
1024,4x(4 4 4 4),512,40.0,2,1.1,False,46500,1.6375000000000028,976,40,0,0,0,8,0,0,8,0,0,0.0031250000000000444,1.6000000000000227,1.3642420526593924e-12,True,False
1024,4x(4 4 4 4),512,40.0,2,1.1,False,46750,1.6375000000000028,976,40,0,0,0,8,0,0,8,0,0,0.0031250000000000444,1.6000000000000227,1.3642420526593924e-12,True,False
1024,4x(4 4 4 4),512,40.0,2,1.1,False,47000,1.6375000000000028,976,40,0,0,0,8,0,0,8,0,0,0.0031250000000000444,1.6000000000000227,1.3642420526593924e-12,True,False
1024,4x(4 4 4 4),512,40.0,2,1.1,False,47250,1.6375000000000028,976,40,0,0,0,8,0,0,8,0,0,0.0031250000000000444,1.6000000000000227,1.3642420526593924e-12,True,False
1024,4x(4 4 4 4),512,40.0,2,1.1,False,47500,1.6375000000000028,976,40,0,0,0,8,0,0,8,0,0,0.0031250000000000444,1.6000000000000227,1.3642420526593924e-12,True,False
1024,4x(4 4 4 4),512,40.0,2,1.1,False,47750,1.6375000000000028,976,40,0,0,0,8,0,0,8,0,0,0.0031250000000000444,1.6000000000000227,1.3642420526593924e-12,True,False
1024,4x(4 4 4 4),512,40.0,2,1.1,False,48000,1.6375000000000028,976,40,0,0,0,8,0,0,8,0,0,0.0031250000000000444,1.6000000000000227,1.3642420526593924e-12,True,False
1024,4x(4 4 4 4),512,40.0,2,1.1,False,48250,1.6375000000000028,976,40,0,0,0,8,0,0,8,0,0,0.0031250000000000444,1.6000000000000227,1.3642420526593924e-12,True,False
1024,4x(4 4 4 4),512,40.0,2,1.1,False,48500,1.6375000000000028,976,40,0,0,0,8,0,0,8,0,0,0.0031250000000000444,1.6000000000000227,1.3642420526593924e-12,True,False
1024,4x(4 4 4 4),512,40.0,2,1.1,False,48750,1.6375000000000028,976,40,0,0,0,8,0,0,8,0,0,0.0031250000000000444,1.6000000000000227,1.3642420526593924e-12,True,False
1024,4x(4 4 4 4),512,40.0,2,1.1,False,49000,1.6375000000000028,976,40,0,0,0,8,0,0,8,0,0,0.0031250000000000444,1.6000000000000227,1.3642420526593924e-12,True,False
1024,4x(4 4 4 4),512,40.0,2,1.1,False,49250,1.6375000000000028,976,40,0,0,0,8,0,0,8,0,0,0.0031250000000000444,1.6000000000000227,1.3642420526593924e-12,True,False
1024,4x(4 4 4 4),512,40.0,2,1.1,False,49500,1.6375000000000028,976,40,0,0,0,8,0,0,8,0,0,0.0031250000000000444,1.6000000000000227,1.3642420526593924e-12,True,False
1024,4x(4 4 4 4),512,40.0,2,1.1,False,49750,1.6375000000000028,976,40,0,0,0,8,0,0,8,0,0,0.0031250000000000444,1.6000000000000227,1.3642420526593924e-12,True,False
1024,4x(4 4 4 4),512,40.0,2,1.1,False,50000,1.6375000000000028,976,40,0,0,0,8,0,0,8,0,0,0.0031250000000000444,1.6000000000000227,1.3642420526593924e-12,True,True
1024,4x(4 4 4 4),512,40.0,3,1.1,False,0,1.6000000000000014,1024,0,0,0,0,0,0,0,0,0,0,0.078125,40.0,0.0,False,False
1024,4x(4 4 4 4),512,40.0,3,1.1,False,250,1.6296875000000028,992,28,0,0,0,0,0,4,4,0,0,0.018750000000000044,9.600000000000023,1.3642420526593924e-12,True,False
1024,4x(4 4 4 4),512,40.0,3,1.1,False,500,1.6296875000000028,992,28,0,0,0,0,0,4,4,0,0,0.018750000000000044,9.600000000000023,1.3642420526593924e-12,True,False
1024,4x(4 4 4 4),512,40.0,3,1.1,False,750,1.6296875000000028,992,28,0,0,0,0,0,4,4,0,0,0.018750000000000044,9.600000000000023,1.3642420526593924e-12,True,False
1024,4x(4 4 4 4),512,40.0,3,1.1,False,1000,1.6296875000000028,992,28,0,0,0,0,0,4,4,0,0,0.018750000000000044,9.600000000000023,1.3642420526593924e-12,True,False
1024,4x(4 4 4 4),512,40.0,3,1.1,False,1250,1.6296875000000028,992,28,0,0,0,0,0,4,4,0,0,0.018750000000000044,9.600000000000023,1.3642420526593924e-12,True,False
1024,4x(4 4 4 4),512,40.0,3,1.1,False,1500,1.6296875000000028,992,28,0,0,0,0,0,4,4,0,0,0.018750000000000044,9.600000000000023,1.3642420526593924e-12,True,False
1024,4x(4 4 4 4),512,40.0,3,1.1,False,1750,1.6296875000000028,992,28,0,0,0,0,0,4,4,0,0,0.018750000000000044,9.600000000000023,1.3642420526593924e-12,True,False
1024,4x(4 4 4 4),512,40.0,3,1.1,False,2000,1.6296875000000028,992,28,0,0,0,0,0,4,4,0,0,0.018750000000000044,9.600000000000023,1.3642420526593924e-12,True,False
1024,4x(4 4 4 4),512,40.0,3,1.1,False,2250,1.6296875000000028,992,28,0,0,0,0,0,4,4,0,0,0.018750000000000044,9.600000000000023,1.3642420526593924e-12,True,False
1024,4x(4 4 4 4),512,40.0,3,1.1,False,2500,1.6296875000000028,992,28,0,0,0,0,0,4,4,0,0,0.018750000000000044,9.600000000000023,1.3642420526593924e-12,True,False
1024,4x(4 4 4 4),512,40.0,3,1.1,False,2750,1.6296875000000028,992,28,0,0,0,0,0,4,4,0,0,0.018750000000000044,9.600000000000023,1.3642420526593924e-12,True,False
1024,4x(4 4 4 4),512,40.0,3,1.1,False,3000,1.6296875000000028,992,28,0,0,0,0,0,4,4,0,0,0.018750000000000044,9.600000000000023,1.3642420526593924e-12,True,False
1024,4x(4 4 4 4),512,40.0,3,1.1,False,3250,1.6296875000000028,992,28,0,0,0,0,0,4,4,0,0,0.018750000000000044,9.600000000000023,1.3642420526593924e-12,True,False
1024,4x(4 4 4 4),512,40.0,3,1.1,False,3500,1.6296875000000028,992,28,0,0,0,0,0,4,4,0,0,0.018750000000000044,9.600000000000023,1.3642420526593924e-12,True,False
1024,4x(4 4 4 4),512,40.0,3,1.1,False,3750,1.6296875000000028,992,28,0,0,0,0,0,4,4,0,0,0.018750000000000044,9.600000000000023,1.3642420526593924e-12,True,False
1024,4x(4 4 4 4),512,40.0,3,1.1,False,4000,1.6296875000000028,992,28,0,0,0,0,0,4,4,0,0,0.018750000000000044,9.600000000000023,1.3642420526593924e-12,True,False
1024,4x(4 4 4 4),512,40.0,3,1.1,False,4250,1.6296875000000028,992,28,0,0,0,0,0,4,4,0,0,0.018750000000000044,9.600000000000023,1.3642420526593924e-12,True,False
1024,4x(4 4 4 4),512,40.0,3,1.1,False,4500,1.6296875000000028,992,28,0,0,0,0,0,4,4,0,0,0.018750000000000044,9.600000000000023,1.3642420526593924e-12,True,False
1024,4x(4 4 4 4),512,40.0,3,1.1,False,4750,1.6296875000000028,992,28,0,0,0,0,0,4,4,0,0,0.018750000000000044,9.600000000000023,1.3642420526593924e-12,True,False
1024,4x(4 4 4 4),512,40.0,3,1.1,False,5000,1.6296875000000028,992,28,0,0,0,0,0,4,4,0,0,0.018750000000000044,9.600000000000023,1.3642420526593924e-12,True,False
1024,4x(4 4 4 4),512,40.0,3,1.1,False,5250,1.6296875000000028,992,28,0,0,0,0,0,4,4,0,0,0.018750000000000044,9.600000000000023,1.3642420526593924e-12,True,False
1024,4x(4 4 4 4),512,40.0,3,1.1,False,5500,1.6296875000000028,992,28,0,0,0,0,0,4,4,0,0,0.018750000000000044,9.600000000000023,1.3642420526593924e-12,True,False
1024,4x(4 4 4 4),512,40.0,3,1.1,False,5750,1.6296875000000028,992,28,0,0,0,0,0,4,4,0,0,0.018750000000000044,9.600000000000023,1.3642420526593924e-12,True,False
1024,4x(4 4 4 4),512,40.0,3,1.1,False,6000,1.6296875000000028,992,28,0,0,0,0,0,4,4,0,0,0.018750000000000044,9.600000000000023,1.3642420526593924e-12,True,False
1024,4x(4 4 4 4),512,40.0,3,1.1,False,6250,1.6296875000000028,992,28,0,0,0,0,0,4,4,0,0,0.018750000000000044,9.600000000000023,1.3642420526593924e-12,True,False
1024,4x(4 4 4 4),512,40.0,3,1.1,False,6500,1.6296875000000028,992,28,0,0,0,0,0,4,4,0,0,0.018750000000000044,9.600000000000023,1.3642420526593924e-12,True,False
1024,4x(4 4 4 4),512,40.0,3,1.1,False,6750,1.6296875000000028,992,28,0,0,0,0,0,4,4,0,0,0.018750000000000044,9.600000000000023,1.3642420526593924e-12,True,False
1024,4x(4 4 4 4),512,40.0,3,1.1,False,7000,1.6296875000000028,992,28,0,0,0,0,0,4,4,0,0,0.018750000000000044,9.600000000000023,1.3642420526593924e-12,True,False
1024,4x(4 4 4 4),512,40.0,3,1.1,False,7250,1.6296875000000028,992,28,0,0,0,0,0,4,4,0,0,0.018750000000000044,9.600000000000023,1.3642420526593924e-12,True,False
1024,4x(4 4 4 4),512,40.0,3,1.1,False,7500,1.6296875000000028,992,28,0,0,0,0,0,4,4,0,0,0.018750000000000044,9.600000000000023,1.3642420526593924e-12,True,False
1024,4x(4 4 4 4),512,40.0,3,1.1,False,7750,1.6296875000000028,992,28,0,0,0,0,0,4,4,0,0,0.018750000000000044,9.600000000000023,1.3642420526593924e-12,True,False
1024,4x(4 4 4 4),512,40.0,3,1.1,False,8000,1.6296875000000028,992,28,0,0,0,0,0,4,4,0,0,0.018750000000000044,9.600000000000023,1.3642420526593924e-12,True,False
1024,4x(4 4 4 4),512,40.0,3,1.1,False,8250,1.6296875000000028,992,28,0,0,0,0,0,4,4,0,0,0.018750000000000044,9.600000000000023,1.3642420526593924e-12,True,False
1024,4x(4 4 4 4),512,40.0,3,1.1,False,8500,1.6296875000000028,992,28,0,0,0,0,0,4,4,0,0,0.018750000000000044,9.600000000000023,1.3642420526593924e-12,True,False
1024,4x(4 4 4 4),512,40.0,3,1.1,False,8750,1.6390625000000014,980,38,0,0,0,2,0,4,6,0,0,5.551115123125783e-17,2.842170943040401e-14,0.0,True,False
1024,4x(4 4 4 4),512,40.0,3,1.1,False,9000,1.6390625000000014,980,38,0,0,0,2,0,4,6,0,0,5.551115123125783e-17,2.842170943040401e-14,0.0,True,False
1024,4x(4 4 4 4),512,40.0,3,1.1,False,9250,1.6390625000000014,980,38,0,0,0,2,0,4,6,0,0,5.551115123125783e-17,2.842170943040401e-14,0.0,True,False
1024,4x(4 4 4 4),512,40.0,3,1.1,False,9500,1.6390625000000014,980,38,0,0,0,2,0,4,6,0,0,5.551115123125783e-17,2.842170943040401e-14,0.0,True,False
1024,4x(4 4 4 4),512,40.0,3,1.1,False,9750,1.6390625000000014,980,38,0,0,0,2,0,4,6,0,0,5.551115123125783e-17,2.842170943040401e-14,0.0,True,False
1024,4x(4 4 4 4),512,40.0,3,1.1,False,10000,1.6390625000000014,980,38,0,0,0,2,0,4,6,0,0,5.551115123125783e-17,2.842170943040401e-14,0.0,True,False
1024,4x(4 4 4 4),512,40.0,3,1.1,False,10250,1.6390625000000014,980,38,0,0,0,2,0,4,6,0,0,5.551115123125783e-17,2.842170943040401e-14,0.0,True,False
1024,4x(4 4 4 4),512,40.0,3,1.1,False,10500,1.6390625000000014,980,38,0,0,0,2,0,4,6,0,0,5.551115123125783e-17,2.842170943040401e-14,0.0,True,False
1024,4x(4 4 4 4),512,40.0,3,1.1,False,10750,1.6390625000000014,980,38,0,0,0,2,0,4,6,0,0,5.551115123125783e-17,2.842170943040401e-14,0.0,True,False
1024,4x(4 4 4 4),512,40.0,3,1.1,False,11000,1.6390625000000014,980,38,0,0,0,2,0,4,6,0,0,5.551115123125783e-17,2.842170943040401e-14,0.0,True,False
1024,4x(4 4 4 4),512,40.0,3,1.1,False,11250,1.6390625000000014,980,38,0,0,0,2,0,4,6,0,0,5.551115123125783e-17,2.842170943040401e-14,0.0,True,False
1024,4x(4 4 4 4),512,40.0,3,1.1,False,11500,1.6390625000000014,980,38,0,0,0,2,0,4,6,0,0,5.551115123125783e-17,2.842170943040401e-14,0.0,True,False
1024,4x(4 4 4 4),512,40.0,3,1.1,False,11750,1.6390625000000014,980,38,0,0,0,2,0,4,6,0,0,5.551115123125783e-17,2.842170943040401e-14,0.0,True,False
1024,4x(4 4 4 4),512,40.0,3,1.1,False,12000,1.6390625000000014,980,38,0,0,0,2,0,4,6,0,0,5.551115123125783e-17,2.842170943040401e-14,0.0,True,False
1024,4x(4 4 4 4),512,40.0,3,1.1,False,12250,1.6390625000000014,980,38,0,0,0,2,0,4,6,0,0,5.551115123125783e-17,2.842170943040401e-14,0.0,True,False
1024,4x(4 4 4 4),512,40.0,3,1.1,False,12500,1.6390625000000014,980,38,0,0,0,2,0,4,6,0,0,5.551115123125783e-17,2.842170943040401e-14,0.0,True,False
1024,4x(4 4 4 4),512,40.0,3,1.1,False,12750,1.6390625000000014,980,38,0,0,0,2,0,4,6,0,0,5.551115123125783e-17,2.842170943040401e-14,0.0,True,False
1024,4x(4 4 4 4),512,40.0,3,1.1,False,13000,1.6390625000000014,980,38,0,0,0,2,0,4,6,0,0,5.551115123125783e-17,2.842170943040401e-14,0.0,True,False
1024,4x(4 4 4 4),512,40.0,3,1.1,False,13250,1.6390625000000014,980,38,0,0,0,2,0,4,6,0,0,5.551115123125783e-17,2.842170943040401e-14,0.0,True,False
1024,4x(4 4 4 4),512,40.0,3,1.1,False,13500,1.6390625000000014,980,38,0,0,0,2,0,4,6,0,0,5.551115123125783e-17,2.842170943040401e-14,0.0,True,False
1024,4x(4 4 4 4),512,40.0,3,1.1,False,13750,1.6390625000000014,980,38,0,0,0,2,0,4,6,0,0,5.551115123125783e-17,2.842170943040401e-14,0.0,True,False
1024,4x(4 4 4 4),512,40.0,3,1.1,False,14000,1.6375000000000028,976,40,0,0,0,8,0,0,8,0,0,0.0031250000000000444,1.6000000000000227,1.3642420526593924e-12,True,False
1024,4x(4 4 4 4),512,40.0,3,1.1,False,14250,1.6375000000000028,976,40,0,0,0,8,0,0,8,0,0,0.0031250000000000444,1.6000000000000227,1.3642420526593924e-12,True,False
1024,4x(4 4 4 4),512,40.0,3,1.1,False,14500,1.6375000000000028,976,40,0,0,0,8,0,0,8,0,0,0.0031250000000000444,1.6000000000000227,1.3642420526593924e-12,True,False
1024,4x(4 4 4 4),512,40.0,3,1.1,False,14750,1.6375000000000028,976,40,0,0,0,8,0,0,8,0,0,0.0031250000000000444,1.6000000000000227,1.3642420526593924e-12,True,False
1024,4x(4 4 4 4),512,40.0,3,1.1,False,15000,1.6375000000000028,976,40,0,0,0,8,0,0,8,0,0,0.0031250000000000444,1.6000000000000227,1.3642420526593924e-12,True,False
1024,4x(4 4 4 4),512,40.0,3,1.1,False,15250,1.6375000000000028,976,40,0,0,0,8,0,0,8,0,0,0.0031250000000000444,1.6000000000000227,1.3642420526593924e-12,True,False
1024,4x(4 4 4 4),512,40.0,3,1.1,False,15500,1.6375000000000028,976,40,0,0,0,8,0,0,8,0,0,0.0031250000000000444,1.6000000000000227,1.3642420526593924e-12,True,False
1024,4x(4 4 4 4),512,40.0,3,1.1,False,15750,1.6375000000000028,976,40,0,0,0,8,0,0,8,0,0,0.0031250000000000444,1.6000000000000227,1.3642420526593924e-12,True,False
1024,4x(4 4 4 4),512,40.0,3,1.1,False,16000,1.6375000000000028,976,40,0,0,0,8,0,0,8,0,0,0.0031250000000000444,1.6000000000000227,1.3642420526593924e-12,True,False
1024,4x(4 4 4 4),512,40.0,3,1.1,False,16250,1.6375000000000028,976,40,0,0,0,8,0,0,8,0,0,0.0031250000000000444,1.6000000000000227,1.3642420526593924e-12,True,False
1024,4x(4 4 4 4),512,40.0,3,1.1,False,16500,1.6375000000000028,976,40,0,0,0,8,0,0,8,0,0,0.0031250000000000444,1.6000000000000227,1.3642420526593924e-12,True,False
1024,4x(4 4 4 4),512,40.0,3,1.1,False,16750,1.6375000000000028,976,40,0,0,0,8,0,0,8,0,0,0.0031250000000000444,1.6000000000000227,1.3642420526593924e-12,True,False
1024,4x(4 4 4 4),512,40.0,3,1.1,False,17000,1.6375000000000028,976,40,0,0,0,8,0,0,8,0,0,0.0031250000000000444,1.6000000000000227,1.3642420526593924e-12,True,False
1024,4x(4 4 4 4),512,40.0,3,1.1,False,17250,1.6375000000000028,976,40,0,0,0,8,0,0,8,0,0,0.0031250000000000444,1.6000000000000227,1.3642420526593924e-12,True,False
1024,4x(4 4 4 4),512,40.0,3,1.1,False,17500,1.6375000000000028,976,40,0,0,0,8,0,0,8,0,0,0.0031250000000000444,1.6000000000000227,1.3642420526593924e-12,True,False
1024,4x(4 4 4 4),512,40.0,3,1.1,False,17750,1.6375000000000028,976,40,0,0,0,8,0,0,8,0,0,0.0031250000000000444,1.6000000000000227,1.3642420526593924e-12,True,False
1024,4x(4 4 4 4),512,40.0,3,1.1,False,18000,1.6375000000000028,976,40,0,0,0,8,0,0,8,0,0,0.0031250000000000444,1.6000000000000227,1.3642420526593924e-12,True,False
1024,4x(4 4 4 4),512,40.0,3,1.1,False,18250,1.6375000000000028,976,40,0,0,0,8,0,0,8,0,0,0.0031250000000000444,1.6000000000000227,1.3642420526593924e-12,True,False
1024,4x(4 4 4 4),512,40.0,3,1.1,False,18500,1.6375000000000028,976,40,0,0,0,8,0,0,8,0,0,0.0031250000000000444,1.6000000000000227,1.3642420526593924e-12,True,False
1024,4x(4 4 4 4),512,40.0,3,1.1,False,18750,1.6375000000000028,976,40,0,0,0,8,0,0,8,0,0,0.0031250000000000444,1.6000000000000227,1.3642420526593924e-12,True,False
1024,4x(4 4 4 4),512,40.0,3,1.1,False,19000,1.6375000000000028,976,40,0,0,0,8,0,0,8,0,0,0.0031250000000000444,1.6000000000000227,1.3642420526593924e-12,True,False
1024,4x(4 4 4 4),512,40.0,3,1.1,False,19250,1.6375000000000028,976,40,0,0,0,8,0,0,8,0,0,0.0031250000000000444,1.6000000000000227,1.3642420526593924e-12,True,False
1024,4x(4 4 4 4),512,40.0,3,1.1,False,19500,1.6375000000000028,976,40,0,0,0,8,0,0,8,0,0,0.0031250000000000444,1.6000000000000227,1.3642420526593924e-12,True,False
1024,4x(4 4 4 4),512,40.0,3,1.1,False,19750,1.6375000000000028,976,40,0,0,0,8,0,0,8,0,0,0.0031250000000000444,1.6000000000000227,1.3642420526593924e-12,True,False
1024,4x(4 4 4 4),512,40.0,3,1.1,False,20000,1.6375000000000028,976,40,0,0,0,8,0,0,8,0,0,0.0031250000000000444,1.6000000000000227,1.3642420526593924e-12,True,False
1024,4x(4 4 4 4),512,40.0,3,1.1,False,20250,1.6335937500000028,984,34,0,0,0,4,0,2,6,0,0,0.010937500000000044,5.600000000000023,1.3642420526593924e-12,True,False
1024,4x(4 4 4 4),512,40.0,3,1.1,False,20500,1.6335937500000028,984,34,0,0,0,4,0,2,6,0,0,0.010937500000000044,5.600000000000023,1.3642420526593924e-12,True,False
1024,4x(4 4 4 4),512,40.0,3,1.1,False,20750,1.6335937500000028,984,34,0,0,0,4,0,2,6,0,0,0.010937500000000044,5.600000000000023,1.3642420526593924e-12,True,False
1024,4x(4 4 4 4),512,40.0,3,1.1,False,21000,1.6335937500000028,984,34,0,0,0,4,0,2,6,0,0,0.010937500000000044,5.600000000000023,1.3642420526593924e-12,True,False
1024,4x(4 4 4 4),512,40.0,3,1.1,False,21250,1.6187500000000021,1000,20,0,0,0,4,0,0,4,0,0,0.04062500000000002,20.80000000000001,6.821210263296962e-13,True,False
1024,4x(4 4 4 4),512,40.0,3,1.1,False,21500,1.6187500000000021,1000,20,0,0,0,4,0,0,4,0,0,0.04062500000000002,20.80000000000001,6.821210263296962e-13,True,False
1024,4x(4 4 4 4),512,40.0,3,1.1,False,21750,1.6187500000000021,1000,20,0,0,0,4,0,0,4,0,0,0.04062500000000002,20.80000000000001,6.821210263296962e-13,True,False
1024,4x(4 4 4 4),512,40.0,3,1.1,False,22000,1.6187500000000021,1000,20,0,0,0,4,0,0,4,0,0,0.04062500000000002,20.80000000000001,6.821210263296962e-13,True,False
1024,4x(4 4 4 4),512,40.0,3,1.1,False,22250,1.6187500000000021,1000,20,0,0,0,4,0,0,4,0,0,0.04062500000000002,20.80000000000001,6.821210263296962e-13,True,False
1024,4x(4 4 4 4),512,40.0,3,1.1,False,22500,1.6187500000000021,1000,20,0,0,0,4,0,0,4,0,0,0.04062500000000002,20.80000000000001,6.821210263296962e-13,True,False
1024,4x(4 4 4 4),512,40.0,3,1.1,False,22750,1.6187500000000021,1000,20,0,0,0,4,0,0,4,0,0,0.04062500000000002,20.80000000000001,6.821210263296962e-13,True,False
1024,4x(4 4 4 4),512,40.0,3,1.1,False,23000,1.6187500000000021,1000,20,0,0,0,4,0,0,4,0,0,0.04062500000000002,20.80000000000001,6.821210263296962e-13,True,False
1024,4x(4 4 4 4),512,40.0,3,1.1,False,23250,1.6187500000000021,1000,20,0,0,0,4,0,0,4,0,0,0.04062500000000002,20.80000000000001,6.821210263296962e-13,True,False
1024,4x(4 4 4 4),512,40.0,3,1.1,False,23500,1.6187500000000021,1000,20,0,0,0,4,0,0,4,0,0,0.04062500000000002,20.80000000000001,6.821210263296962e-13,True,False
1024,4x(4 4 4 4),512,40.0,3,1.1,False,23750,1.6187500000000021,1000,20,0,0,0,4,0,0,4,0,0,0.04062500000000002,20.80000000000001,6.821210263296962e-13,True,False
1024,4x(4 4 4 4),512,40.0,3,1.1,False,24000,1.6187500000000021,1000,20,0,0,0,4,0,0,4,0,0,0.04062500000000002,20.80000000000001,6.821210263296962e-13,True,False
1024,4x(4 4 4 4),512,40.0,3,1.1,False,24250,1.6187500000000021,1000,20,0,0,0,4,0,0,4,0,0,0.04062500000000002,20.80000000000001,6.821210263296962e-13,True,False
1024,4x(4 4 4 4),512,40.0,3,1.1,False,24500,1.6187500000000021,1000,20,0,0,0,4,0,0,4,0,0,0.04062500000000002,20.80000000000001,6.821210263296962e-13,True,False
1024,4x(4 4 4 4),512,40.0,3,1.1,False,24750,1.6187500000000021,1000,20,0,0,0,4,0,0,4,0,0,0.04062500000000002,20.80000000000001,6.821210263296962e-13,True,False
1024,4x(4 4 4 4),512,40.0,3,1.1,False,25000,1.6187500000000021,1000,20,0,0,0,4,0,0,4,0,0,0.04062500000000002,20.80000000000001,6.821210263296962e-13,True,False
1024,4x(4 4 4 4),512,40.0,3,1.1,False,25250,1.6187500000000021,1000,20,0,0,0,4,0,0,4,0,0,0.04062500000000002,20.80000000000001,6.821210263296962e-13,True,False
1024,4x(4 4 4 4),512,40.0,3,1.1,False,25500,1.6187500000000021,1000,20,0,0,0,4,0,0,4,0,0,0.04062500000000002,20.80000000000001,6.821210263296962e-13,True,False
1024,4x(4 4 4 4),512,40.0,3,1.1,False,25750,1.6187500000000021,1000,20,0,0,0,4,0,0,4,0,0,0.04062500000000002,20.80000000000001,6.821210263296962e-13,True,False
1024,4x(4 4 4 4),512,40.0,3,1.1,False,26000,1.6187500000000021,1000,20,0,0,0,4,0,0,4,0,0,0.04062500000000002,20.80000000000001,6.821210263296962e-13,True,False
1024,4x(4 4 4 4),512,40.0,3,1.1,False,26250,1.6187500000000021,1000,20,0,0,0,4,0,0,4,0,0,0.04062500000000002,20.80000000000001,6.821210263296962e-13,True,False
1024,4x(4 4 4 4),512,40.0,3,1.1,False,26500,1.6187500000000021,1000,20,0,0,0,4,0,0,4,0,0,0.04062500000000002,20.80000000000001,6.821210263296962e-13,True,False
1024,4x(4 4 4 4),512,40.0,3,1.1,False,26750,1.6187500000000021,1000,20,0,0,0,4,0,0,4,0,0,0.04062500000000002,20.80000000000001,6.821210263296962e-13,True,False
1024,4x(4 4 4 4),512,40.0,3,1.1,False,27000,1.6187500000000021,1000,20,0,0,0,4,0,0,4,0,0,0.04062500000000002,20.80000000000001,6.821210263296962e-13,True,False
1024,4x(4 4 4 4),512,40.0,3,1.1,False,27250,1.6187500000000021,1000,20,0,0,0,4,0,0,4,0,0,0.04062500000000002,20.80000000000001,6.821210263296962e-13,True,False
1024,4x(4 4 4 4),512,40.0,3,1.1,False,27500,1.6187500000000021,1000,20,0,0,0,4,0,0,4,0,0,0.04062500000000002,20.80000000000001,6.821210263296962e-13,True,False
1024,4x(4 4 4 4),512,40.0,3,1.1,False,27750,1.6187500000000021,1000,20,0,0,0,4,0,0,4,0,0,0.04062500000000002,20.80000000000001,6.821210263296962e-13,True,False
1024,4x(4 4 4 4),512,40.0,3,1.1,False,28000,1.6187500000000021,1000,20,0,0,0,4,0,0,4,0,0,0.04062500000000002,20.80000000000001,6.821210263296962e-13,True,False
1024,4x(4 4 4 4),512,40.0,3,1.1,False,28250,1.6187500000000021,1000,20,0,0,0,4,0,0,4,0,0,0.04062500000000002,20.80000000000001,6.821210263296962e-13,True,False
1024,4x(4 4 4 4),512,40.0,3,1.1,False,28500,1.6187500000000021,1000,20,0,0,0,4,0,0,4,0,0,0.04062500000000002,20.80000000000001,6.821210263296962e-13,True,False
1024,4x(4 4 4 4),512,40.0,3,1.1,False,28750,1.6187500000000021,1000,20,0,0,0,4,0,0,4,0,0,0.04062500000000002,20.80000000000001,6.821210263296962e-13,True,False
1024,4x(4 4 4 4),512,40.0,3,1.1,False,29000,1.6187500000000021,1000,20,0,0,0,4,0,0,4,0,0,0.04062500000000002,20.80000000000001,6.821210263296962e-13,True,False
1024,4x(4 4 4 4),512,40.0,3,1.1,False,29250,1.6187500000000021,1000,20,0,0,0,4,0,0,4,0,0,0.04062500000000002,20.80000000000001,6.821210263296962e-13,True,False
1024,4x(4 4 4 4),512,40.0,3,1.1,False,29500,1.6187500000000021,1000,20,0,0,0,4,0,0,4,0,0,0.04062500000000002,20.80000000000001,6.821210263296962e-13,True,False
1024,4x(4 4 4 4),512,40.0,3,1.1,False,29750,1.6187500000000021,1000,20,0,0,0,4,0,0,4,0,0,0.04062500000000002,20.80000000000001,6.821210263296962e-13,True,False
1024,4x(4 4 4 4),512,40.0,3,1.1,False,30000,1.6187500000000021,1000,20,0,0,0,4,0,0,4,0,0,0.04062500000000002,20.80000000000001,6.821210263296962e-13,True,False
1024,4x(4 4 4 4),512,40.0,3,1.1,False,30250,1.6187500000000021,1000,20,0,0,0,4,0,0,4,0,0,0.04062500000000002,20.80000000000001,6.821210263296962e-13,True,False
1024,4x(4 4 4 4),512,40.0,3,1.1,False,30500,1.6187500000000021,1000,20,0,0,0,4,0,0,4,0,0,0.04062500000000002,20.80000000000001,6.821210263296962e-13,True,False
1024,4x(4 4 4 4),512,40.0,3,1.1,False,30750,1.6187500000000021,1000,20,0,0,0,4,0,0,4,0,0,0.04062500000000002,20.80000000000001,6.821210263296962e-13,True,False
1024,4x(4 4 4 4),512,40.0,3,1.1,False,31000,1.6187500000000021,1000,20,0,0,0,4,0,0,4,0,0,0.04062500000000002,20.80000000000001,6.821210263296962e-13,True,False
1024,4x(4 4 4 4),512,40.0,3,1.1,False,31250,1.6187500000000021,1000,20,0,0,0,4,0,0,4,0,0,0.04062500000000002,20.80000000000001,6.821210263296962e-13,True,False
1024,4x(4 4 4 4),512,40.0,3,1.1,False,31500,1.6187500000000021,1000,20,0,0,0,4,0,0,4,0,0,0.04062500000000002,20.80000000000001,6.821210263296962e-13,True,False
1024,4x(4 4 4 4),512,40.0,3,1.1,False,31750,1.6187500000000021,1000,20,0,0,0,4,0,0,4,0,0,0.04062500000000002,20.80000000000001,6.821210263296962e-13,True,False
1024,4x(4 4 4 4),512,40.0,3,1.1,False,32000,1.6187500000000021,1000,20,0,0,0,4,0,0,4,0,0,0.04062500000000002,20.80000000000001,6.821210263296962e-13,True,False
1024,4x(4 4 4 4),512,40.0,3,1.1,False,32250,1.6187500000000021,1000,20,0,0,0,4,0,0,4,0,0,0.04062500000000002,20.80000000000001,6.821210263296962e-13,True,False
1024,4x(4 4 4 4),512,40.0,3,1.1,False,32500,1.6187500000000021,1000,20,0,0,0,4,0,0,4,0,0,0.04062500000000002,20.80000000000001,6.821210263296962e-13,True,False
1024,4x(4 4 4 4),512,40.0,3,1.1,False,32750,1.6187500000000021,1000,20,0,0,0,4,0,0,4,0,0,0.04062500000000002,20.80000000000001,6.821210263296962e-13,True,False
1024,4x(4 4 4 4),512,40.0,3,1.1,False,33000,1.6187500000000021,1000,20,0,0,0,4,0,0,4,0,0,0.04062500000000002,20.80000000000001,6.821210263296962e-13,True,False
1024,4x(4 4 4 4),512,40.0,3,1.1,False,33250,1.6187500000000021,1000,20,0,0,0,4,0,0,4,0,0,0.04062500000000002,20.80000000000001,6.821210263296962e-13,True,False
1024,4x(4 4 4 4),512,40.0,3,1.1,False,33500,1.6187500000000021,1000,20,0,0,0,4,0,0,4,0,0,0.04062500000000002,20.80000000000001,6.821210263296962e-13,True,False
1024,4x(4 4 4 4),512,40.0,3,1.1,False,33750,1.6187500000000021,1000,20,0,0,0,4,0,0,4,0,0,0.04062500000000002,20.80000000000001,6.821210263296962e-13,True,False
1024,4x(4 4 4 4),512,40.0,3,1.1,False,34000,1.6187500000000021,1000,20,0,0,0,4,0,0,4,0,0,0.04062500000000002,20.80000000000001,6.821210263296962e-13,True,False
1024,4x(4 4 4 4),512,40.0,3,1.1,False,34250,1.6187500000000021,1000,20,0,0,0,4,0,0,4,0,0,0.04062500000000002,20.80000000000001,6.821210263296962e-13,True,False
1024,4x(4 4 4 4),512,40.0,3,1.1,False,34500,1.6187500000000021,1000,20,0,0,0,4,0,0,4,0,0,0.04062500000000002,20.80000000000001,6.821210263296962e-13,True,False
1024,4x(4 4 4 4),512,40.0,3,1.1,False,34750,1.6187500000000021,1000,20,0,0,0,4,0,0,4,0,0,0.04062500000000002,20.80000000000001,6.821210263296962e-13,True,False
1024,4x(4 4 4 4),512,40.0,3,1.1,False,35000,1.6187500000000021,1000,20,0,0,0,4,0,0,4,0,0,0.04062500000000002,20.80000000000001,6.821210263296962e-13,True,False
1024,4x(4 4 4 4),512,40.0,3,1.1,False,35250,1.6187500000000021,1000,20,0,0,0,4,0,0,4,0,0,0.04062500000000002,20.80000000000001,6.821210263296962e-13,True,False
1024,4x(4 4 4 4),512,40.0,3,1.1,False,35500,1.6187500000000021,1000,20,0,0,0,4,0,0,4,0,0,0.04062500000000002,20.80000000000001,6.821210263296962e-13,True,False
1024,4x(4 4 4 4),512,40.0,3,1.1,False,35750,1.6187500000000021,1000,20,0,0,0,4,0,0,4,0,0,0.04062500000000002,20.80000000000001,6.821210263296962e-13,True,False
1024,4x(4 4 4 4),512,40.0,3,1.1,False,36000,1.6187500000000021,1000,20,0,0,0,4,0,0,4,0,0,0.04062500000000002,20.80000000000001,6.821210263296962e-13,True,False
1024,4x(4 4 4 4),512,40.0,3,1.1,False,36250,1.6187500000000021,1000,20,0,0,0,4,0,0,4,0,0,0.04062500000000002,20.80000000000001,6.821210263296962e-13,True,False
1024,4x(4 4 4 4),512,40.0,3,1.1,False,36500,1.6187500000000021,1000,20,0,0,0,4,0,0,4,0,0,0.04062500000000002,20.80000000000001,6.821210263296962e-13,True,False
1024,4x(4 4 4 4),512,40.0,3,1.1,False,36750,1.6187500000000021,1000,20,0,0,0,4,0,0,4,0,0,0.04062500000000002,20.80000000000001,6.821210263296962e-13,True,False
1024,4x(4 4 4 4),512,40.0,3,1.1,False,37000,1.6187500000000021,1000,20,0,0,0,4,0,0,4,0,0,0.04062500000000002,20.80000000000001,6.821210263296962e-13,True,False
1024,4x(4 4 4 4),512,40.0,3,1.1,False,37250,1.6187500000000021,1000,20,0,0,0,4,0,0,4,0,0,0.04062500000000002,20.80000000000001,6.821210263296962e-13,True,False
1024,4x(4 4 4 4),512,40.0,3,1.1,False,37500,1.6187500000000021,1000,20,0,0,0,4,0,0,4,0,0,0.04062500000000002,20.80000000000001,6.821210263296962e-13,True,False
1024,4x(4 4 4 4),512,40.0,3,1.1,False,37750,1.6187500000000021,1000,20,0,0,0,4,0,0,4,0,0,0.04062500000000002,20.80000000000001,6.821210263296962e-13,True,False
1024,4x(4 4 4 4),512,40.0,3,1.1,False,38000,1.6187500000000021,1000,20,0,0,0,4,0,0,4,0,0,0.04062500000000002,20.80000000000001,6.821210263296962e-13,True,False
1024,4x(4 4 4 4),512,40.0,3,1.1,False,38250,1.6187500000000021,1000,20,0,0,0,4,0,0,4,0,0,0.04062500000000002,20.80000000000001,6.821210263296962e-13,True,False
1024,4x(4 4 4 4),512,40.0,3,1.1,False,38500,1.6187500000000021,1000,20,0,0,0,4,0,0,4,0,0,0.04062500000000002,20.80000000000001,6.821210263296962e-13,True,False
1024,4x(4 4 4 4),512,40.0,3,1.1,False,38750,1.6187500000000021,1000,20,0,0,0,4,0,0,4,0,0,0.04062500000000002,20.80000000000001,6.821210263296962e-13,True,False
1024,4x(4 4 4 4),512,40.0,3,1.1,False,39000,1.6187500000000021,1000,20,0,0,0,4,0,0,4,0,0,0.04062500000000002,20.80000000000001,6.821210263296962e-13,True,False
1024,4x(4 4 4 4),512,40.0,3,1.1,False,39250,1.6187500000000021,1000,20,0,0,0,4,0,0,4,0,0,0.04062500000000002,20.80000000000001,6.821210263296962e-13,True,False
1024,4x(4 4 4 4),512,40.0,3,1.1,False,39500,1.6187500000000021,1000,20,0,0,0,4,0,0,4,0,0,0.04062500000000002,20.80000000000001,6.821210263296962e-13,True,False
1024,4x(4 4 4 4),512,40.0,3,1.1,False,39750,1.6187500000000021,1000,20,0,0,0,4,0,0,4,0,0,0.04062500000000002,20.80000000000001,6.821210263296962e-13,True,False
1024,4x(4 4 4 4),512,40.0,3,1.1,False,40000,1.6187500000000021,1000,20,0,0,0,4,0,0,4,0,0,0.04062500000000002,20.80000000000001,6.821210263296962e-13,True,False
1024,4x(4 4 4 4),512,40.0,3,1.1,False,40250,1.6187500000000021,1000,20,0,0,0,4,0,0,4,0,0,0.04062500000000002,20.80000000000001,6.821210263296962e-13,True,False
1024,4x(4 4 4 4),512,40.0,3,1.1,False,40500,1.6187500000000021,1000,20,0,0,0,4,0,0,4,0,0,0.04062500000000002,20.80000000000001,6.821210263296962e-13,True,False
1024,4x(4 4 4 4),512,40.0,3,1.1,False,40750,1.6187500000000021,1000,20,0,0,0,4,0,0,4,0,0,0.04062500000000002,20.80000000000001,6.821210263296962e-13,True,False
1024,4x(4 4 4 4),512,40.0,3,1.1,False,41000,1.6187500000000021,1000,20,0,0,0,4,0,0,4,0,0,0.04062500000000002,20.80000000000001,6.821210263296962e-13,True,False
1024,4x(4 4 4 4),512,40.0,3,1.1,False,41250,1.6187500000000021,1000,20,0,0,0,4,0,0,4,0,0,0.04062500000000002,20.80000000000001,6.821210263296962e-13,True,False
1024,4x(4 4 4 4),512,40.0,3,1.1,False,41500,1.6187500000000021,1000,20,0,0,0,4,0,0,4,0,0,0.04062500000000002,20.80000000000001,6.821210263296962e-13,True,False
1024,4x(4 4 4 4),512,40.0,3,1.1,False,41750,1.6187500000000021,1000,20,0,0,0,4,0,0,4,0,0,0.04062500000000002,20.80000000000001,6.821210263296962e-13,True,False
1024,4x(4 4 4 4),512,40.0,3,1.1,False,42000,1.6187500000000021,1000,20,0,0,0,4,0,0,4,0,0,0.04062500000000002,20.80000000000001,6.821210263296962e-13,True,False
1024,4x(4 4 4 4),512,40.0,3,1.1,False,42250,1.6187500000000021,1000,20,0,0,0,4,0,0,4,0,0,0.04062500000000002,20.80000000000001,6.821210263296962e-13,True,False
1024,4x(4 4 4 4),512,40.0,3,1.1,False,42500,1.6187500000000021,1000,20,0,0,0,4,0,0,4,0,0,0.04062500000000002,20.80000000000001,6.821210263296962e-13,True,False
1024,4x(4 4 4 4),512,40.0,3,1.1,False,42750,1.6187500000000021,1000,20,0,0,0,4,0,0,4,0,0,0.04062500000000002,20.80000000000001,6.821210263296962e-13,True,False
1024,4x(4 4 4 4),512,40.0,3,1.1,False,43000,1.6187500000000021,1000,20,0,0,0,4,0,0,4,0,0,0.04062500000000002,20.80000000000001,6.821210263296962e-13,True,False
1024,4x(4 4 4 4),512,40.0,3,1.1,False,43250,1.6187500000000021,1000,20,0,0,0,4,0,0,4,0,0,0.04062500000000002,20.80000000000001,6.821210263296962e-13,True,False
1024,4x(4 4 4 4),512,40.0,3,1.1,False,43500,1.6187500000000021,1000,20,0,0,0,4,0,0,4,0,0,0.04062500000000002,20.80000000000001,6.821210263296962e-13,True,False
1024,4x(4 4 4 4),512,40.0,3,1.1,False,43750,1.6187500000000021,1000,20,0,0,0,4,0,0,4,0,0,0.04062500000000002,20.80000000000001,6.821210263296962e-13,True,False
1024,4x(4 4 4 4),512,40.0,3,1.1,False,44000,1.6187500000000021,1000,20,0,0,0,4,0,0,4,0,0,0.04062500000000002,20.80000000000001,6.821210263296962e-13,True,False
1024,4x(4 4 4 4),512,40.0,3,1.1,False,44250,1.6187500000000021,1000,20,0,0,0,4,0,0,4,0,0,0.04062500000000002,20.80000000000001,6.821210263296962e-13,True,False
1024,4x(4 4 4 4),512,40.0,3,1.1,False,44500,1.6187500000000021,1000,20,0,0,0,4,0,0,4,0,0,0.04062500000000002,20.80000000000001,6.821210263296962e-13,True,False
1024,4x(4 4 4 4),512,40.0,3,1.1,False,44750,1.6187500000000021,1000,20,0,0,0,4,0,0,4,0,0,0.04062500000000002,20.80000000000001,6.821210263296962e-13,True,False
1024,4x(4 4 4 4),512,40.0,3,1.1,False,45000,1.6187500000000021,1000,20,0,0,0,4,0,0,4,0,0,0.04062500000000002,20.80000000000001,6.821210263296962e-13,True,False
1024,4x(4 4 4 4),512,40.0,3,1.1,False,45250,1.6187500000000021,1000,20,0,0,0,4,0,0,4,0,0,0.04062500000000002,20.80000000000001,6.821210263296962e-13,True,False
1024,4x(4 4 4 4),512,40.0,3,1.1,False,45500,1.6187500000000021,1000,20,0,0,0,4,0,0,4,0,0,0.04062500000000002,20.80000000000001,6.821210263296962e-13,True,False
1024,4x(4 4 4 4),512,40.0,3,1.1,False,45750,1.6187500000000021,1000,20,0,0,0,4,0,0,4,0,0,0.04062500000000002,20.80000000000001,6.821210263296962e-13,True,False
1024,4x(4 4 4 4),512,40.0,3,1.1,False,46000,1.6187500000000021,1000,20,0,0,0,4,0,0,4,0,0,0.04062500000000002,20.80000000000001,6.821210263296962e-13,True,False
1024,4x(4 4 4 4),512,40.0,3,1.1,False,46250,1.6187500000000021,1000,20,0,0,0,4,0,0,4,0,0,0.04062500000000002,20.80000000000001,6.821210263296962e-13,True,False
1024,4x(4 4 4 4),512,40.0,3,1.1,False,46500,1.6187500000000021,1000,20,0,0,0,4,0,0,4,0,0,0.04062500000000002,20.80000000000001,6.821210263296962e-13,True,False
1024,4x(4 4 4 4),512,40.0,3,1.1,False,46750,1.6187500000000021,1000,20,0,0,0,4,0,0,4,0,0,0.04062500000000002,20.80000000000001,6.821210263296962e-13,True,False
1024,4x(4 4 4 4),512,40.0,3,1.1,False,47000,1.6187500000000021,1000,20,0,0,0,4,0,0,4,0,0,0.04062500000000002,20.80000000000001,6.821210263296962e-13,True,False
1024,4x(4 4 4 4),512,40.0,3,1.1,False,47250,1.6187500000000021,1000,20,0,0,0,4,0,0,4,0,0,0.04062500000000002,20.80000000000001,6.821210263296962e-13,True,False
1024,4x(4 4 4 4),512,40.0,3,1.1,False,47500,1.6187500000000021,1000,20,0,0,0,4,0,0,4,0,0,0.04062500000000002,20.80000000000001,6.821210263296962e-13,True,False
1024,4x(4 4 4 4),512,40.0,3,1.1,False,47750,1.6187500000000021,1000,20,0,0,0,4,0,0,4,0,0,0.04062500000000002,20.80000000000001,6.821210263296962e-13,True,False
1024,4x(4 4 4 4),512,40.0,3,1.1,False,48000,1.6187500000000021,1000,20,0,0,0,4,0,0,4,0,0,0.04062500000000002,20.80000000000001,6.821210263296962e-13,True,False
1024,4x(4 4 4 4),512,40.0,3,1.1,False,48250,1.6187500000000021,1000,20,0,0,0,4,0,0,4,0,0,0.04062500000000002,20.80000000000001,6.821210263296962e-13,True,False
1024,4x(4 4 4 4),512,40.0,3,1.1,False,48500,1.6187500000000021,1000,20,0,0,0,4,0,0,4,0,0,0.04062500000000002,20.80000000000001,6.821210263296962e-13,True,False
1024,4x(4 4 4 4),512,40.0,3,1.1,False,48750,1.6187500000000021,1000,20,0,0,0,4,0,0,4,0,0,0.04062500000000002,20.80000000000001,6.821210263296962e-13,True,False
1024,4x(4 4 4 4),512,40.0,3,1.1,False,49000,1.6187500000000021,1000,20,0,0,0,4,0,0,4,0,0,0.04062500000000002,20.80000000000001,6.821210263296962e-13,True,False
1024,4x(4 4 4 4),512,40.0,3,1.1,False,49250,1.6187500000000021,1000,20,0,0,0,4,0,0,4,0,0,0.04062500000000002,20.80000000000001,6.821210263296962e-13,True,False
1024,4x(4 4 4 4),512,40.0,3,1.1,False,49500,1.6187500000000021,1000,20,0,0,0,4,0,0,4,0,0,0.04062500000000002,20.80000000000001,6.821210263296962e-13,True,False
1024,4x(4 4 4 4),512,40.0,3,1.1,False,49750,1.6187500000000021,1000,20,0,0,0,4,0,0,4,0,0,0.04062500000000002,20.80000000000001,6.821210263296962e-13,True,False
1024,4x(4 4 4 4),512,40.0,3,1.1,False,50000,1.6187500000000021,1000,20,0,0,0,4,0,0,4,0,0,0.04062500000000002,20.80000000000001,6.821210263296962e-13,True,True
1024,4x(4 4 4 4),512,40.0,4,1.1,False,0,1.6000000000000014,1024,0,0,0,0,0,0,0,0,0,0,0.078125,40.0,0.0,False,False
1024,4x(4 4 4 4),512,40.0,4,1.1,False,250,1.6296875000000028,992,28,0,0,0,0,0,4,4,0,0,0.018750000000000044,9.600000000000023,1.3642420526593924e-12,True,False
1024,4x(4 4 4 4),512,40.0,4,1.1,False,500,1.6296875000000028,992,28,0,0,0,0,0,4,4,0,0,0.018750000000000044,9.600000000000023,1.3642420526593924e-12,True,False
1024,4x(4 4 4 4),512,40.0,4,1.1,False,750,1.6296875000000028,992,28,0,0,0,0,0,4,4,0,0,0.018750000000000044,9.600000000000023,1.3642420526593924e-12,True,False
1024,4x(4 4 4 4),512,40.0,4,1.1,False,1000,1.6296875000000028,992,28,0,0,0,0,0,4,4,0,0,0.018750000000000044,9.600000000000023,1.3642420526593924e-12,True,False
1024,4x(4 4 4 4),512,40.0,4,1.1,False,1250,1.6296875000000028,992,28,0,0,0,0,0,4,4,0,0,0.018750000000000044,9.600000000000023,1.3642420526593924e-12,True,False
1024,4x(4 4 4 4),512,40.0,4,1.1,False,1500,1.6296875000000028,992,28,0,0,0,0,0,4,4,0,0,0.018750000000000044,9.600000000000023,1.3642420526593924e-12,True,False
1024,4x(4 4 4 4),512,40.0,4,1.1,False,1750,1.6296875000000028,992,28,0,0,0,0,0,4,4,0,0,0.018750000000000044,9.600000000000023,1.3642420526593924e-12,True,False
1024,4x(4 4 4 4),512,40.0,4,1.1,False,2000,1.6296875000000028,992,28,0,0,0,0,0,4,4,0,0,0.018750000000000044,9.600000000000023,1.3642420526593924e-12,True,False
1024,4x(4 4 4 4),512,40.0,4,1.1,False,2250,1.6296875000000028,992,28,0,0,0,0,0,4,4,0,0,0.018750000000000044,9.600000000000023,1.3642420526593924e-12,True,False
1024,4x(4 4 4 4),512,40.0,4,1.1,False,2500,1.6296875000000028,992,28,0,0,0,0,0,4,4,0,0,0.018750000000000044,9.600000000000023,1.3642420526593924e-12,True,False
1024,4x(4 4 4 4),512,40.0,4,1.1,False,2750,1.6296875000000028,992,28,0,0,0,0,0,4,4,0,0,0.018750000000000044,9.600000000000023,1.3642420526593924e-12,True,False
1024,4x(4 4 4 4),512,40.0,4,1.1,False,3000,1.6296875000000028,992,28,0,0,0,0,0,4,4,0,0,0.018750000000000044,9.600000000000023,1.3642420526593924e-12,True,False
1024,4x(4 4 4 4),512,40.0,4,1.1,False,3250,1.6296875000000028,992,28,0,0,0,0,0,4,4,0,0,0.018750000000000044,9.600000000000023,1.3642420526593924e-12,True,False
1024,4x(4 4 4 4),512,40.0,4,1.1,False,3500,1.6296875000000028,992,28,0,0,0,0,0,4,4,0,0,0.018750000000000044,9.600000000000023,1.3642420526593924e-12,True,False
1024,4x(4 4 4 4),512,40.0,4,1.1,False,3750,1.6296875000000028,992,28,0,0,0,0,0,4,4,0,0,0.018750000000000044,9.600000000000023,1.3642420526593924e-12,True,False
1024,4x(4 4 4 4),512,40.0,4,1.1,False,4000,1.6296875000000028,992,28,0,0,0,0,0,4,4,0,0,0.018750000000000044,9.600000000000023,1.3642420526593924e-12,True,False
1024,4x(4 4 4 4),512,40.0,4,1.1,False,4250,1.6296875000000028,992,28,0,0,0,0,0,4,4,0,0,0.018750000000000044,9.600000000000023,1.3642420526593924e-12,True,False
1024,4x(4 4 4 4),512,40.0,4,1.1,False,4500,1.6296875000000028,992,28,0,0,0,0,0,4,4,0,0,0.018750000000000044,9.600000000000023,1.3642420526593924e-12,True,False
1024,4x(4 4 4 4),512,40.0,4,1.1,False,4750,1.6296875000000028,992,28,0,0,0,0,0,4,4,0,0,0.018750000000000044,9.600000000000023,1.3642420526593924e-12,True,False
1024,4x(4 4 4 4),512,40.0,4,1.1,False,5000,1.6296875000000028,992,28,0,0,0,0,0,4,4,0,0,0.018750000000000044,9.600000000000023,1.3642420526593924e-12,True,False
1024,4x(4 4 4 4),512,40.0,4,1.1,False,5250,1.6296875000000028,992,28,0,0,0,0,0,4,4,0,0,0.018750000000000044,9.600000000000023,1.3642420526593924e-12,True,False
1024,4x(4 4 4 4),512,40.0,4,1.1,False,5500,1.6296875000000028,992,28,0,0,0,0,0,4,4,0,0,0.018750000000000044,9.600000000000023,1.3642420526593924e-12,True,False
1024,4x(4 4 4 4),512,40.0,4,1.1,False,5750,1.6296875000000028,992,28,0,0,0,0,0,4,4,0,0,0.018750000000000044,9.600000000000023,1.3642420526593924e-12,True,False
1024,4x(4 4 4 4),512,40.0,4,1.1,False,6000,1.6296875000000028,992,28,0,0,0,0,0,4,4,0,0,0.018750000000000044,9.600000000000023,1.3642420526593924e-12,True,False
1024,4x(4 4 4 4),512,40.0,4,1.1,False,6250,1.6296875000000028,992,28,0,0,0,0,0,4,4,0,0,0.018750000000000044,9.600000000000023,1.3642420526593924e-12,True,False
1024,4x(4 4 4 4),512,40.0,4,1.1,False,6500,1.6296875000000028,992,28,0,0,0,0,0,4,4,0,0,0.018750000000000044,9.600000000000023,1.3642420526593924e-12,True,False
1024,4x(4 4 4 4),512,40.0,4,1.1,False,6750,1.6296875000000028,992,28,0,0,0,0,0,4,4,0,0,0.018750000000000044,9.600000000000023,1.3642420526593924e-12,True,False
1024,4x(4 4 4 4),512,40.0,4,1.1,False,7000,1.6296875000000028,992,28,0,0,0,0,0,4,4,0,0,0.018750000000000044,9.600000000000023,1.3642420526593924e-12,True,False
1024,4x(4 4 4 4),512,40.0,4,1.1,False,7250,1.6296875000000028,992,28,0,0,0,0,0,4,4,0,0,0.018750000000000044,9.600000000000023,1.3642420526593924e-12,True,False
1024,4x(4 4 4 4),512,40.0,4,1.1,False,7500,1.6296875000000028,992,28,0,0,0,0,0,4,4,0,0,0.018750000000000044,9.600000000000023,1.3642420526593924e-12,True,False
1024,4x(4 4 4 4),512,40.0,4,1.1,False,7750,1.6296875000000028,992,28,0,0,0,0,0,4,4,0,0,0.018750000000000044,9.600000000000023,1.3642420526593924e-12,True,False
1024,4x(4 4 4 4),512,40.0,4,1.1,False,8000,1.6296875000000028,992,28,0,0,0,0,0,4,4,0,0,0.018750000000000044,9.600000000000023,1.3642420526593924e-12,True,False
1024,4x(4 4 4 4),512,40.0,4,1.1,False,8250,1.6296875000000028,992,28,0,0,0,0,0,4,4,0,0,0.018750000000000044,9.600000000000023,1.3642420526593924e-12,True,False
1024,4x(4 4 4 4),512,40.0,4,1.1,False,8500,1.6296875000000028,992,28,0,0,0,0,0,4,4,0,0,0.018750000000000044,9.600000000000023,1.3642420526593924e-12,True,False
1024,4x(4 4 4 4),512,40.0,4,1.1,False,8750,1.6296875000000028,992,28,0,0,0,0,0,4,4,0,0,0.018750000000000044,9.600000000000023,1.3642420526593924e-12,True,False
1024,4x(4 4 4 4),512,40.0,4,1.1,False,9000,1.6296875000000028,992,28,0,0,0,0,0,4,4,0,0,0.018750000000000044,9.600000000000023,1.3642420526593924e-12,True,False
1024,4x(4 4 4 4),512,40.0,4,1.1,False,9250,1.6296875000000028,992,28,0,0,0,0,0,4,4,0,0,0.018750000000000044,9.600000000000023,1.3642420526593924e-12,True,False
1024,4x(4 4 4 4),512,40.0,4,1.1,False,9500,1.6296875000000028,992,28,0,0,0,0,0,4,4,0,0,0.018750000000000044,9.600000000000023,1.3642420526593924e-12,True,False
1024,4x(4 4 4 4),512,40.0,4,1.1,False,9750,1.6296875000000028,992,28,0,0,0,0,0,4,4,0,0,0.018750000000000044,9.600000000000023,1.3642420526593924e-12,True,False
1024,4x(4 4 4 4),512,40.0,4,1.1,False,10000,1.6296875000000028,992,28,0,0,0,0,0,4,4,0,0,0.018750000000000044,9.600000000000023,1.3642420526593924e-12,True,False
1024,4x(4 4 4 4),512,40.0,4,1.1,False,10250,1.6296875000000028,992,28,0,0,0,0,0,4,4,0,0,0.018750000000000044,9.600000000000023,1.3642420526593924e-12,True,False
1024,4x(4 4 4 4),512,40.0,4,1.1,False,10500,1.6296875000000028,992,28,0,0,0,0,0,4,4,0,0,0.018750000000000044,9.600000000000023,1.3642420526593924e-12,True,False
1024,4x(4 4 4 4),512,40.0,4,1.1,False,10750,1.6296875000000028,992,28,0,0,0,0,0,4,4,0,0,0.018750000000000044,9.600000000000023,1.3642420526593924e-12,True,False
1024,4x(4 4 4 4),512,40.0,4,1.1,False,11000,1.6296875000000028,992,28,0,0,0,0,0,4,4,0,0,0.018750000000000044,9.600000000000023,1.3642420526593924e-12,True,False
1024,4x(4 4 4 4),512,40.0,4,1.1,False,11250,1.6296875000000028,992,28,0,0,0,0,0,4,4,0,0,0.018750000000000044,9.600000000000023,1.3642420526593924e-12,True,False
1024,4x(4 4 4 4),512,40.0,4,1.1,False,11500,1.6296875000000028,992,28,0,0,0,0,0,4,4,0,0,0.018750000000000044,9.600000000000023,1.3642420526593924e-12,True,False
1024,4x(4 4 4 4),512,40.0,4,1.1,False,11750,1.6296875000000028,992,28,0,0,0,0,0,4,4,0,0,0.018750000000000044,9.600000000000023,1.3642420526593924e-12,True,False
1024,4x(4 4 4 4),512,40.0,4,1.1,False,12000,1.6296875000000028,992,28,0,0,0,0,0,4,4,0,0,0.018750000000000044,9.600000000000023,1.3642420526593924e-12,True,False
1024,4x(4 4 4 4),512,40.0,4,1.1,False,12250,1.6296875000000028,992,28,0,0,0,0,0,4,4,0,0,0.018750000000000044,9.600000000000023,1.3642420526593924e-12,True,False
1024,4x(4 4 4 4),512,40.0,4,1.1,False,12500,1.6296875000000028,992,28,0,0,0,0,0,4,4,0,0,0.018750000000000044,9.600000000000023,1.3642420526593924e-12,True,False
1024,4x(4 4 4 4),512,40.0,4,1.1,False,12750,1.6296875000000028,992,28,0,0,0,0,0,4,4,0,0,0.018750000000000044,9.600000000000023,1.3642420526593924e-12,True,False
1024,4x(4 4 4 4),512,40.0,4,1.1,False,13000,1.6296875000000028,992,28,0,0,0,0,0,4,4,0,0,0.018750000000000044,9.600000000000023,1.3642420526593924e-12,True,False
1024,4x(4 4 4 4),512,40.0,4,1.1,False,13250,1.6296875000000028,992,28,0,0,0,0,0,4,4,0,0,0.018750000000000044,9.600000000000023,1.3642420526593924e-12,True,False
1024,4x(4 4 4 4),512,40.0,4,1.1,False,13500,1.6296875000000028,992,28,0,0,0,0,0,4,4,0,0,0.018750000000000044,9.600000000000023,1.3642420526593924e-12,True,False
1024,4x(4 4 4 4),512,40.0,4,1.1,False,13750,1.6296875000000028,992,28,0,0,0,0,0,4,4,0,0,0.018750000000000044,9.600000000000023,1.3642420526593924e-12,True,False
1024,4x(4 4 4 4),512,40.0,4,1.1,False,14000,1.6296875000000028,992,28,0,0,0,0,0,4,4,0,0,0.018750000000000044,9.600000000000023,1.3642420526593924e-12,True,False
1024,4x(4 4 4 4),512,40.0,4,1.1,False,14250,1.6296875000000028,992,28,0,0,0,0,0,4,4,0,0,0.018750000000000044,9.600000000000023,1.3642420526593924e-12,True,False
1024,4x(4 4 4 4),512,40.0,4,1.1,False,14500,1.6296875000000028,992,28,0,0,0,0,0,4,4,0,0,0.018750000000000044,9.600000000000023,1.3642420526593924e-12,True,False
1024,4x(4 4 4 4),512,40.0,4,1.1,False,14750,1.6296875000000028,992,28,0,0,0,0,0,4,4,0,0,0.018750000000000044,9.600000000000023,1.3642420526593924e-12,True,False
1024,4x(4 4 4 4),512,40.0,4,1.1,False,15000,1.6296875000000028,992,28,0,0,0,0,0,4,4,0,0,0.018750000000000044,9.600000000000023,1.3642420526593924e-12,True,False
1024,4x(4 4 4 4),512,40.0,4,1.1,False,15250,1.6296875000000028,992,28,0,0,0,0,0,4,4,0,0,0.018750000000000044,9.600000000000023,1.3642420526593924e-12,True,False
1024,4x(4 4 4 4),512,40.0,4,1.1,False,15500,1.6296875000000028,992,28,0,0,0,0,0,4,4,0,0,0.018750000000000044,9.600000000000023,1.3642420526593924e-12,True,False
1024,4x(4 4 4 4),512,40.0,4,1.1,False,15750,1.6296875000000028,992,28,0,0,0,0,0,4,4,0,0,0.018750000000000044,9.600000000000023,1.3642420526593924e-12,True,False
1024,4x(4 4 4 4),512,40.0,4,1.1,False,16000,1.6296875000000028,992,28,0,0,0,0,0,4,4,0,0,0.018750000000000044,9.600000000000023,1.3642420526593924e-12,True,False
1024,4x(4 4 4 4),512,40.0,4,1.1,False,16250,1.6296875000000028,992,28,0,0,0,0,0,4,4,0,0,0.018750000000000044,9.600000000000023,1.3642420526593924e-12,True,False
1024,4x(4 4 4 4),512,40.0,4,1.1,False,16500,1.6296875000000028,992,28,0,0,0,0,0,4,4,0,0,0.018750000000000044,9.600000000000023,1.3642420526593924e-12,True,False
1024,4x(4 4 4 4),512,40.0,4,1.1,False,16750,1.6296875000000028,992,28,0,0,0,0,0,4,4,0,0,0.018750000000000044,9.600000000000023,1.3642420526593924e-12,True,False
1024,4x(4 4 4 4),512,40.0,4,1.1,False,17000,1.6296875000000028,992,28,0,0,0,0,0,4,4,0,0,0.018750000000000044,9.600000000000023,1.3642420526593924e-12,True,False
1024,4x(4 4 4 4),512,40.0,4,1.1,False,17250,1.6296875000000028,992,28,0,0,0,0,0,4,4,0,0,0.018750000000000044,9.600000000000023,1.3642420526593924e-12,True,False
1024,4x(4 4 4 4),512,40.0,4,1.1,False,17500,1.6296875000000028,992,28,0,0,0,0,0,4,4,0,0,0.018750000000000044,9.600000000000023,1.3642420526593924e-12,True,False
1024,4x(4 4 4 4),512,40.0,4,1.1,False,17750,1.6296875000000028,992,28,0,0,0,0,0,4,4,0,0,0.018750000000000044,9.600000000000023,1.3642420526593924e-12,True,False
1024,4x(4 4 4 4),512,40.0,4,1.1,False,18000,1.6296875000000028,992,28,0,0,0,0,0,4,4,0,0,0.018750000000000044,9.600000000000023,1.3642420526593924e-12,True,False
1024,4x(4 4 4 4),512,40.0,4,1.1,False,18250,1.6296875000000028,992,28,0,0,0,0,0,4,4,0,0,0.018750000000000044,9.600000000000023,1.3642420526593924e-12,True,False
1024,4x(4 4 4 4),512,40.0,4,1.1,False,18500,1.6296875000000028,992,28,0,0,0,0,0,4,4,0,0,0.018750000000000044,9.600000000000023,1.3642420526593924e-12,True,False
1024,4x(4 4 4 4),512,40.0,4,1.1,False,18750,1.6296875000000028,992,28,0,0,0,0,0,4,4,0,0,0.018750000000000044,9.600000000000023,1.3642420526593924e-12,True,False
1024,4x(4 4 4 4),512,40.0,4,1.1,False,19000,1.6296875000000028,992,28,0,0,0,0,0,4,4,0,0,0.018750000000000044,9.600000000000023,1.3642420526593924e-12,True,False
1024,4x(4 4 4 4),512,40.0,4,1.1,False,19250,1.6296875000000028,992,28,0,0,0,0,0,4,4,0,0,0.018750000000000044,9.600000000000023,1.3642420526593924e-12,True,False
1024,4x(4 4 4 4),512,40.0,4,1.1,False,19500,1.6296875000000028,992,28,0,0,0,0,0,4,4,0,0,0.018750000000000044,9.600000000000023,1.3642420526593924e-12,True,False
1024,4x(4 4 4 4),512,40.0,4,1.1,False,19750,1.6296875000000028,992,28,0,0,0,0,0,4,4,0,0,0.018750000000000044,9.600000000000023,1.3642420526593924e-12,True,False
1024,4x(4 4 4 4),512,40.0,4,1.1,False,20000,1.6296875000000028,992,28,0,0,0,0,0,4,4,0,0,0.018750000000000044,9.600000000000023,1.3642420526593924e-12,True,False
1024,4x(4 4 4 4),512,40.0,4,1.1,False,20250,1.6296875000000028,992,28,0,0,0,0,0,4,4,0,0,0.018750000000000044,9.600000000000023,1.3642420526593924e-12,True,False
1024,4x(4 4 4 4),512,40.0,4,1.1,False,20500,1.6296875000000028,992,28,0,0,0,0,0,4,4,0,0,0.018750000000000044,9.600000000000023,1.3642420526593924e-12,True,False
1024,4x(4 4 4 4),512,40.0,4,1.1,False,20750,1.6296875000000028,992,28,0,0,0,0,0,4,4,0,0,0.018750000000000044,9.600000000000023,1.3642420526593924e-12,True,False
1024,4x(4 4 4 4),512,40.0,4,1.1,False,21000,1.6296875000000028,992,28,0,0,0,0,0,4,4,0,0,0.018750000000000044,9.600000000000023,1.3642420526593924e-12,True,False
1024,4x(4 4 4 4),512,40.0,4,1.1,False,21250,1.6296875000000028,992,28,0,0,0,0,0,4,4,0,0,0.018750000000000044,9.600000000000023,1.3642420526593924e-12,True,False
1024,4x(4 4 4 4),512,40.0,4,1.1,False,21500,1.6296875000000028,992,28,0,0,0,0,0,4,4,0,0,0.018750000000000044,9.600000000000023,1.3642420526593924e-12,True,False
1024,4x(4 4 4 4),512,40.0,4,1.1,False,21750,1.6296875000000028,992,28,0,0,0,0,0,4,4,0,0,0.018750000000000044,9.600000000000023,1.3642420526593924e-12,True,False
1024,4x(4 4 4 4),512,40.0,4,1.1,False,22000,1.6296875000000028,992,28,0,0,0,0,0,4,4,0,0,0.018750000000000044,9.600000000000023,1.3642420526593924e-12,True,False
1024,4x(4 4 4 4),512,40.0,4,1.1,False,22250,1.6296875000000028,992,28,0,0,0,0,0,4,4,0,0,0.018750000000000044,9.600000000000023,1.3642420526593924e-12,True,False
1024,4x(4 4 4 4),512,40.0,4,1.1,False,22500,1.6296875000000028,992,28,0,0,0,0,0,4,4,0,0,0.018750000000000044,9.600000000000023,1.3642420526593924e-12,True,False
1024,4x(4 4 4 4),512,40.0,4,1.1,False,22750,1.6296875000000028,992,28,0,0,0,0,0,4,4,0,0,0.018750000000000044,9.600000000000023,1.3642420526593924e-12,True,False
1024,4x(4 4 4 4),512,40.0,4,1.1,False,23000,1.6296875000000028,992,28,0,0,0,0,0,4,4,0,0,0.018750000000000044,9.600000000000023,1.3642420526593924e-12,True,False
1024,4x(4 4 4 4),512,40.0,4,1.1,False,23250,1.6296875000000028,992,28,0,0,0,0,0,4,4,0,0,0.018750000000000044,9.600000000000023,1.3642420526593924e-12,True,False
1024,4x(4 4 4 4),512,40.0,4,1.1,False,23500,1.6296875000000028,992,28,0,0,0,0,0,4,4,0,0,0.018750000000000044,9.600000000000023,1.3642420526593924e-12,True,False
1024,4x(4 4 4 4),512,40.0,4,1.1,False,23750,1.6296875000000028,992,28,0,0,0,0,0,4,4,0,0,0.018750000000000044,9.600000000000023,1.3642420526593924e-12,True,False
1024,4x(4 4 4 4),512,40.0,4,1.1,False,24000,1.6296875000000028,992,28,0,0,0,0,0,4,4,0,0,0.018750000000000044,9.600000000000023,1.3642420526593924e-12,True,False
1024,4x(4 4 4 4),512,40.0,4,1.1,False,24250,1.6296875000000028,992,28,0,0,0,0,0,4,4,0,0,0.018750000000000044,9.600000000000023,1.3642420526593924e-12,True,False
1024,4x(4 4 4 4),512,40.0,4,1.1,False,24500,1.6296875000000028,992,28,0,0,0,0,0,4,4,0,0,0.018750000000000044,9.600000000000023,1.3642420526593924e-12,True,False
1024,4x(4 4 4 4),512,40.0,4,1.1,False,24750,1.6296875000000028,992,28,0,0,0,0,0,4,4,0,0,0.018750000000000044,9.600000000000023,1.3642420526593924e-12,True,False
1024,4x(4 4 4 4),512,40.0,4,1.1,False,25000,1.6296875000000028,992,28,0,0,0,0,0,4,4,0,0,0.018750000000000044,9.600000000000023,1.3642420526593924e-12,True,False
1024,4x(4 4 4 4),512,40.0,4,1.1,False,25250,1.6296875000000028,992,28,0,0,0,0,0,4,4,0,0,0.018750000000000044,9.600000000000023,1.3642420526593924e-12,True,False
1024,4x(4 4 4 4),512,40.0,4,1.1,False,25500,1.6296875000000028,992,28,0,0,0,0,0,4,4,0,0,0.018750000000000044,9.600000000000023,1.3642420526593924e-12,True,False
1024,4x(4 4 4 4),512,40.0,4,1.1,False,25750,1.6296875000000028,992,28,0,0,0,0,0,4,4,0,0,0.018750000000000044,9.600000000000023,1.3642420526593924e-12,True,False
1024,4x(4 4 4 4),512,40.0,4,1.1,False,26000,1.6296875000000028,992,28,0,0,0,0,0,4,4,0,0,0.018750000000000044,9.600000000000023,1.3642420526593924e-12,True,False
1024,4x(4 4 4 4),512,40.0,4,1.1,False,26250,1.6296875000000028,992,28,0,0,0,0,0,4,4,0,0,0.018750000000000044,9.600000000000023,1.3642420526593924e-12,True,False
1024,4x(4 4 4 4),512,40.0,4,1.1,False,26500,1.6296875000000028,992,28,0,0,0,0,0,4,4,0,0,0.018750000000000044,9.600000000000023,1.3642420526593924e-12,True,False
1024,4x(4 4 4 4),512,40.0,4,1.1,False,26750,1.6296875000000028,992,28,0,0,0,0,0,4,4,0,0,0.018750000000000044,9.600000000000023,1.3642420526593924e-12,True,False
1024,4x(4 4 4 4),512,40.0,4,1.1,False,27000,1.6296875000000028,992,28,0,0,0,0,0,4,4,0,0,0.018750000000000044,9.600000000000023,1.3642420526593924e-12,True,False
1024,4x(4 4 4 4),512,40.0,4,1.1,False,27250,1.6296875000000028,992,28,0,0,0,0,0,4,4,0,0,0.018750000000000044,9.600000000000023,1.3642420526593924e-12,True,False
1024,4x(4 4 4 4),512,40.0,4,1.1,False,27500,1.6296875000000028,992,28,0,0,0,0,0,4,4,0,0,0.018750000000000044,9.600000000000023,1.3642420526593924e-12,True,False
1024,4x(4 4 4 4),512,40.0,4,1.1,False,27750,1.6296875000000028,992,28,0,0,0,0,0,4,4,0,0,0.018750000000000044,9.600000000000023,1.3642420526593924e-12,True,False
1024,4x(4 4 4 4),512,40.0,4,1.1,False,28000,1.6296875000000028,992,28,0,0,0,0,0,4,4,0,0,0.018750000000000044,9.600000000000023,1.3642420526593924e-12,True,False
1024,4x(4 4 4 4),512,40.0,4,1.1,False,28250,1.6296875000000028,992,28,0,0,0,0,0,4,4,0,0,0.018750000000000044,9.600000000000023,1.3642420526593924e-12,True,False
1024,4x(4 4 4 4),512,40.0,4,1.1,False,28500,1.6296875000000028,992,28,0,0,0,0,0,4,4,0,0,0.018750000000000044,9.600000000000023,1.3642420526593924e-12,True,False
1024,4x(4 4 4 4),512,40.0,4,1.1,False,28750,1.6296875000000028,992,28,0,0,0,0,0,4,4,0,0,0.018750000000000044,9.600000000000023,1.3642420526593924e-12,True,False
1024,4x(4 4 4 4),512,40.0,4,1.1,False,29000,1.6296875000000028,992,28,0,0,0,0,0,4,4,0,0,0.018750000000000044,9.600000000000023,1.3642420526593924e-12,True,False
1024,4x(4 4 4 4),512,40.0,4,1.1,False,29250,1.6296875000000028,992,28,0,0,0,0,0,4,4,0,0,0.018750000000000044,9.600000000000023,1.3642420526593924e-12,True,False
1024,4x(4 4 4 4),512,40.0,4,1.1,False,29500,1.6296875000000028,992,28,0,0,0,0,0,4,4,0,0,0.018750000000000044,9.600000000000023,1.3642420526593924e-12,True,False
1024,4x(4 4 4 4),512,40.0,4,1.1,False,29750,1.6296875000000028,992,28,0,0,0,0,0,4,4,0,0,0.018750000000000044,9.600000000000023,1.3642420526593924e-12,True,False
1024,4x(4 4 4 4),512,40.0,4,1.1,False,30000,1.6296875000000028,992,28,0,0,0,0,0,4,4,0,0,0.018750000000000044,9.600000000000023,1.3642420526593924e-12,True,False
1024,4x(4 4 4 4),512,40.0,4,1.1,False,30250,1.6296875000000028,992,28,0,0,0,0,0,4,4,0,0,0.018750000000000044,9.600000000000023,1.3642420526593924e-12,True,False
1024,4x(4 4 4 4),512,40.0,4,1.1,False,30500,1.6296875000000028,992,28,0,0,0,0,0,4,4,0,0,0.018750000000000044,9.600000000000023,1.3642420526593924e-12,True,False
1024,4x(4 4 4 4),512,40.0,4,1.1,False,30750,1.6296875000000028,992,28,0,0,0,0,0,4,4,0,0,0.018750000000000044,9.600000000000023,1.3642420526593924e-12,True,False
1024,4x(4 4 4 4),512,40.0,4,1.1,False,31000,1.6296875000000028,992,28,0,0,0,0,0,4,4,0,0,0.018750000000000044,9.600000000000023,1.3642420526593924e-12,True,False
1024,4x(4 4 4 4),512,40.0,4,1.1,False,31250,1.6296875000000028,992,28,0,0,0,0,0,4,4,0,0,0.018750000000000044,9.600000000000023,1.3642420526593924e-12,True,False
1024,4x(4 4 4 4),512,40.0,4,1.1,False,31500,1.6296875000000028,992,28,0,0,0,0,0,4,4,0,0,0.018750000000000044,9.600000000000023,1.3642420526593924e-12,True,False
1024,4x(4 4 4 4),512,40.0,4,1.1,False,31750,1.6296875000000028,992,28,0,0,0,0,0,4,4,0,0,0.018750000000000044,9.600000000000023,1.3642420526593924e-12,True,False
1024,4x(4 4 4 4),512,40.0,4,1.1,False,32000,1.6296875000000028,992,28,0,0,0,0,0,4,4,0,0,0.018750000000000044,9.600000000000023,1.3642420526593924e-12,True,False
1024,4x(4 4 4 4),512,40.0,4,1.1,False,32250,1.6296875000000028,992,28,0,0,0,0,0,4,4,0,0,0.018750000000000044,9.600000000000023,1.3642420526593924e-12,True,False
1024,4x(4 4 4 4),512,40.0,4,1.1,False,32500,1.6296875000000028,992,28,0,0,0,0,0,4,4,0,0,0.018750000000000044,9.600000000000023,1.3642420526593924e-12,True,False
1024,4x(4 4 4 4),512,40.0,4,1.1,False,32750,1.6296875000000028,992,28,0,0,0,0,0,4,4,0,0,0.018750000000000044,9.600000000000023,1.3642420526593924e-12,True,False
1024,4x(4 4 4 4),512,40.0,4,1.1,False,33000,1.6296875000000028,992,28,0,0,0,0,0,4,4,0,0,0.018750000000000044,9.600000000000023,1.3642420526593924e-12,True,False
1024,4x(4 4 4 4),512,40.0,4,1.1,False,33250,1.6296875000000028,992,28,0,0,0,0,0,4,4,0,0,0.018750000000000044,9.600000000000023,1.3642420526593924e-12,True,False
1024,4x(4 4 4 4),512,40.0,4,1.1,False,33500,1.6296875000000028,992,28,0,0,0,0,0,4,4,0,0,0.018750000000000044,9.600000000000023,1.3642420526593924e-12,True,False
1024,4x(4 4 4 4),512,40.0,4,1.1,False,33750,1.6296875000000028,992,28,0,0,0,0,0,4,4,0,0,0.018750000000000044,9.600000000000023,1.3642420526593924e-12,True,False
1024,4x(4 4 4 4),512,40.0,4,1.1,False,34000,1.6296875000000028,992,28,0,0,0,0,0,4,4,0,0,0.018750000000000044,9.600000000000023,1.3642420526593924e-12,True,False
1024,4x(4 4 4 4),512,40.0,4,1.1,False,34250,1.6296875000000028,992,28,0,0,0,0,0,4,4,0,0,0.018750000000000044,9.600000000000023,1.3642420526593924e-12,True,False
1024,4x(4 4 4 4),512,40.0,4,1.1,False,34500,1.6296875000000028,992,28,0,0,0,0,0,4,4,0,0,0.018750000000000044,9.600000000000023,1.3642420526593924e-12,True,False
1024,4x(4 4 4 4),512,40.0,4,1.1,False,34750,1.6296875000000028,992,28,0,0,0,0,0,4,4,0,0,0.018750000000000044,9.600000000000023,1.3642420526593924e-12,True,False
1024,4x(4 4 4 4),512,40.0,4,1.1,False,35000,1.6296875000000028,992,28,0,0,0,0,0,4,4,0,0,0.018750000000000044,9.600000000000023,1.3642420526593924e-12,True,False
1024,4x(4 4 4 4),512,40.0,4,1.1,False,35250,1.6296875000000028,992,28,0,0,0,0,0,4,4,0,0,0.018750000000000044,9.600000000000023,1.3642420526593924e-12,True,False
1024,4x(4 4 4 4),512,40.0,4,1.1,False,35500,1.6296875000000028,992,28,0,0,0,0,0,4,4,0,0,0.018750000000000044,9.600000000000023,1.3642420526593924e-12,True,False
1024,4x(4 4 4 4),512,40.0,4,1.1,False,35750,1.6296875000000028,992,28,0,0,0,0,0,4,4,0,0,0.018750000000000044,9.600000000000023,1.3642420526593924e-12,True,False
1024,4x(4 4 4 4),512,40.0,4,1.1,False,36000,1.6296875000000028,992,28,0,0,0,0,0,4,4,0,0,0.018750000000000044,9.600000000000023,1.3642420526593924e-12,True,False
1024,4x(4 4 4 4),512,40.0,4,1.1,False,36250,1.6296875000000028,992,28,0,0,0,0,0,4,4,0,0,0.018750000000000044,9.600000000000023,1.3642420526593924e-12,True,False
1024,4x(4 4 4 4),512,40.0,4,1.1,False,36500,1.6296875000000028,992,28,0,0,0,0,0,4,4,0,0,0.018750000000000044,9.600000000000023,1.3642420526593924e-12,True,False
1024,4x(4 4 4 4),512,40.0,4,1.1,False,36750,1.6296875000000028,992,28,0,0,0,0,0,4,4,0,0,0.018750000000000044,9.600000000000023,1.3642420526593924e-12,True,False
1024,4x(4 4 4 4),512,40.0,4,1.1,False,37000,1.6296875000000028,992,28,0,0,0,0,0,4,4,0,0,0.018750000000000044,9.600000000000023,1.3642420526593924e-12,True,False
1024,4x(4 4 4 4),512,40.0,4,1.1,False,37250,1.6296875000000028,992,28,0,0,0,0,0,4,4,0,0,0.018750000000000044,9.600000000000023,1.3642420526593924e-12,True,False
1024,4x(4 4 4 4),512,40.0,4,1.1,False,37500,1.6296875000000028,992,28,0,0,0,0,0,4,4,0,0,0.018750000000000044,9.600000000000023,1.3642420526593924e-12,True,False
1024,4x(4 4 4 4),512,40.0,4,1.1,False,37750,1.6296875000000028,992,28,0,0,0,0,0,4,4,0,0,0.018750000000000044,9.600000000000023,1.3642420526593924e-12,True,False
1024,4x(4 4 4 4),512,40.0,4,1.1,False,38000,1.6296875000000028,992,28,0,0,0,0,0,4,4,0,0,0.018750000000000044,9.600000000000023,1.3642420526593924e-12,True,False
1024,4x(4 4 4 4),512,40.0,4,1.1,False,38250,1.6296875000000028,992,28,0,0,0,0,0,4,4,0,0,0.018750000000000044,9.600000000000023,1.3642420526593924e-12,True,False
1024,4x(4 4 4 4),512,40.0,4,1.1,False,38500,1.6296875000000028,992,28,0,0,0,0,0,4,4,0,0,0.018750000000000044,9.600000000000023,1.3642420526593924e-12,True,False
1024,4x(4 4 4 4),512,40.0,4,1.1,False,38750,1.6296875000000028,992,28,0,0,0,0,0,4,4,0,0,0.018750000000000044,9.600000000000023,1.3642420526593924e-12,True,False
1024,4x(4 4 4 4),512,40.0,4,1.1,False,39000,1.6296875000000028,992,28,0,0,0,0,0,4,4,0,0,0.018750000000000044,9.600000000000023,1.3642420526593924e-12,True,False
1024,4x(4 4 4 4),512,40.0,4,1.1,False,39250,1.6296875000000028,992,28,0,0,0,0,0,4,4,0,0,0.018750000000000044,9.600000000000023,1.3642420526593924e-12,True,False
1024,4x(4 4 4 4),512,40.0,4,1.1,False,39500,1.6296875000000028,992,28,0,0,0,0,0,4,4,0,0,0.018750000000000044,9.600000000000023,1.3642420526593924e-12,True,False
1024,4x(4 4 4 4),512,40.0,4,1.1,False,39750,1.6296875000000028,992,28,0,0,0,0,0,4,4,0,0,0.018750000000000044,9.600000000000023,1.3642420526593924e-12,True,False
1024,4x(4 4 4 4),512,40.0,4,1.1,False,40000,1.6296875000000028,992,28,0,0,0,0,0,4,4,0,0,0.018750000000000044,9.600000000000023,1.3642420526593924e-12,True,False
1024,4x(4 4 4 4),512,40.0,4,1.1,False,40250,1.6296875000000028,992,28,0,0,0,0,0,4,4,0,0,0.018750000000000044,9.600000000000023,1.3642420526593924e-12,True,False
1024,4x(4 4 4 4),512,40.0,4,1.1,False,40500,1.6296875000000028,992,28,0,0,0,0,0,4,4,0,0,0.018750000000000044,9.600000000000023,1.3642420526593924e-12,True,False
1024,4x(4 4 4 4),512,40.0,4,1.1,False,40750,1.6296875000000028,992,28,0,0,0,0,0,4,4,0,0,0.018750000000000044,9.600000000000023,1.3642420526593924e-12,True,False
1024,4x(4 4 4 4),512,40.0,4,1.1,False,41000,1.6296875000000028,992,28,0,0,0,0,0,4,4,0,0,0.018750000000000044,9.600000000000023,1.3642420526593924e-12,True,False
1024,4x(4 4 4 4),512,40.0,4,1.1,False,41250,1.6296875000000028,992,28,0,0,0,0,0,4,4,0,0,0.018750000000000044,9.600000000000023,1.3642420526593924e-12,True,False
1024,4x(4 4 4 4),512,40.0,4,1.1,False,41500,1.6296875000000028,992,28,0,0,0,0,0,4,4,0,0,0.018750000000000044,9.600000000000023,1.3642420526593924e-12,True,False
1024,4x(4 4 4 4),512,40.0,4,1.1,False,41750,1.6296875000000028,992,28,0,0,0,0,0,4,4,0,0,0.018750000000000044,9.600000000000023,1.3642420526593924e-12,True,False
1024,4x(4 4 4 4),512,40.0,4,1.1,False,42000,1.6296875000000028,992,28,0,0,0,0,0,4,4,0,0,0.018750000000000044,9.600000000000023,1.3642420526593924e-12,True,False
1024,4x(4 4 4 4),512,40.0,4,1.1,False,42250,1.6296875000000028,992,28,0,0,0,0,0,4,4,0,0,0.018750000000000044,9.600000000000023,1.3642420526593924e-12,True,False
1024,4x(4 4 4 4),512,40.0,4,1.1,False,42500,1.6296875000000028,992,28,0,0,0,0,0,4,4,0,0,0.018750000000000044,9.600000000000023,1.3642420526593924e-12,True,False
1024,4x(4 4 4 4),512,40.0,4,1.1,False,42750,1.6296875000000028,992,28,0,0,0,0,0,4,4,0,0,0.018750000000000044,9.600000000000023,1.3642420526593924e-12,True,False
1024,4x(4 4 4 4),512,40.0,4,1.1,False,43000,1.6296875000000028,992,28,0,0,0,0,0,4,4,0,0,0.018750000000000044,9.600000000000023,1.3642420526593924e-12,True,False
1024,4x(4 4 4 4),512,40.0,4,1.1,False,43250,1.6296875000000028,992,28,0,0,0,0,0,4,4,0,0,0.018750000000000044,9.600000000000023,1.3642420526593924e-12,True,False
1024,4x(4 4 4 4),512,40.0,4,1.1,False,43500,1.6296875000000028,992,28,0,0,0,0,0,4,4,0,0,0.018750000000000044,9.600000000000023,1.3642420526593924e-12,True,False
1024,4x(4 4 4 4),512,40.0,4,1.1,False,43750,1.6296875000000028,992,28,0,0,0,0,0,4,4,0,0,0.018750000000000044,9.600000000000023,1.3642420526593924e-12,True,False
1024,4x(4 4 4 4),512,40.0,4,1.1,False,44000,1.6296875000000028,992,28,0,0,0,0,0,4,4,0,0,0.018750000000000044,9.600000000000023,1.3642420526593924e-12,True,False
1024,4x(4 4 4 4),512,40.0,4,1.1,False,44250,1.6296875000000028,992,28,0,0,0,0,0,4,4,0,0,0.018750000000000044,9.600000000000023,1.3642420526593924e-12,True,False
1024,4x(4 4 4 4),512,40.0,4,1.1,False,44500,1.6296875000000028,992,28,0,0,0,0,0,4,4,0,0,0.018750000000000044,9.600000000000023,1.3642420526593924e-12,True,False
1024,4x(4 4 4 4),512,40.0,4,1.1,False,44750,1.6296875000000028,992,28,0,0,0,0,0,4,4,0,0,0.018750000000000044,9.600000000000023,1.3642420526593924e-12,True,False
1024,4x(4 4 4 4),512,40.0,4,1.1,False,45000,1.6296875000000028,992,28,0,0,0,0,0,4,4,0,0,0.018750000000000044,9.600000000000023,1.3642420526593924e-12,True,False
1024,4x(4 4 4 4),512,40.0,4,1.1,False,45250,1.6296875000000028,992,28,0,0,0,0,0,4,4,0,0,0.018750000000000044,9.600000000000023,1.3642420526593924e-12,True,False
1024,4x(4 4 4 4),512,40.0,4,1.1,False,45500,1.6296875000000028,992,28,0,0,0,0,0,4,4,0,0,0.018750000000000044,9.600000000000023,1.3642420526593924e-12,True,False
1024,4x(4 4 4 4),512,40.0,4,1.1,False,45750,1.6296875000000028,992,28,0,0,0,0,0,4,4,0,0,0.018750000000000044,9.600000000000023,1.3642420526593924e-12,True,False
1024,4x(4 4 4 4),512,40.0,4,1.1,False,46000,1.6296875000000028,992,28,0,0,0,0,0,4,4,0,0,0.018750000000000044,9.600000000000023,1.3642420526593924e-12,True,False
1024,4x(4 4 4 4),512,40.0,4,1.1,False,46250,1.6296875000000028,992,28,0,0,0,0,0,4,4,0,0,0.018750000000000044,9.600000000000023,1.3642420526593924e-12,True,False
1024,4x(4 4 4 4),512,40.0,4,1.1,False,46500,1.6296875000000028,992,28,0,0,0,0,0,4,4,0,0,0.018750000000000044,9.600000000000023,1.3642420526593924e-12,True,False
1024,4x(4 4 4 4),512,40.0,4,1.1,False,46750,1.6296875000000028,992,28,0,0,0,0,0,4,4,0,0,0.018750000000000044,9.600000000000023,1.3642420526593924e-12,True,False
1024,4x(4 4 4 4),512,40.0,4,1.1,False,47000,1.6296875000000028,992,28,0,0,0,0,0,4,4,0,0,0.018750000000000044,9.600000000000023,1.3642420526593924e-12,True,False
1024,4x(4 4 4 4),512,40.0,4,1.1,False,47250,1.6296875000000028,992,28,0,0,0,0,0,4,4,0,0,0.018750000000000044,9.600000000000023,1.3642420526593924e-12,True,False
1024,4x(4 4 4 4),512,40.0,4,1.1,False,47500,1.6296875000000028,992,28,0,0,0,0,0,4,4,0,0,0.018750000000000044,9.600000000000023,1.3642420526593924e-12,True,False
1024,4x(4 4 4 4),512,40.0,4,1.1,False,47750,1.6296875000000028,992,28,0,0,0,0,0,4,4,0,0,0.018750000000000044,9.600000000000023,1.3642420526593924e-12,True,False
1024,4x(4 4 4 4),512,40.0,4,1.1,False,48000,1.6296875000000028,992,28,0,0,0,0,0,4,4,0,0,0.018750000000000044,9.600000000000023,1.3642420526593924e-12,True,False
1024,4x(4 4 4 4),512,40.0,4,1.1,False,48250,1.6296875000000028,992,28,0,0,0,0,0,4,4,0,0,0.018750000000000044,9.600000000000023,1.3642420526593924e-12,True,False
1024,4x(4 4 4 4),512,40.0,4,1.1,False,48500,1.6296875000000028,992,28,0,0,0,0,0,4,4,0,0,0.018750000000000044,9.600000000000023,1.3642420526593924e-12,True,False
1024,4x(4 4 4 4),512,40.0,4,1.1,False,48750,1.6296875000000028,992,28,0,0,0,0,0,4,4,0,0,0.018750000000000044,9.600000000000023,1.3642420526593924e-12,True,False
1024,4x(4 4 4 4),512,40.0,4,1.1,False,49000,1.6296875000000028,992,28,0,0,0,0,0,4,4,0,0,0.018750000000000044,9.600000000000023,1.3642420526593924e-12,True,False
1024,4x(4 4 4 4),512,40.0,4,1.1,False,49250,1.6296875000000028,992,28,0,0,0,0,0,4,4,0,0,0.018750000000000044,9.600000000000023,1.3642420526593924e-12,True,False
1024,4x(4 4 4 4),512,40.0,4,1.1,False,49500,1.6296875000000028,992,28,0,0,0,0,0,4,4,0,0,0.018750000000000044,9.600000000000023,1.3642420526593924e-12,True,False
1024,4x(4 4 4 4),512,40.0,4,1.1,False,49750,1.6296875000000028,992,28,0,0,0,0,0,4,4,0,0,0.018750000000000044,9.600000000000023,1.3642420526593924e-12,True,False
1024,4x(4 4 4 4),512,40.0,4,1.1,False,50000,1.6296875000000028,992,28,0,0,0,0,0,4,4,0,0,0.018750000000000044,9.600000000000023,1.3642420526593924e-12,True,True
1024,4x(4 4 4 4),512,40.0,5,1.1,False,0,1.6000000000000014,1024,0,0,0,0,0,0,0,0,0,0,0.078125,40.0,0.0,False,False
1024,4x(4 4 4 4),512,40.0,5,1.1,False,250,1.6296875000000028,992,28,0,0,0,0,0,4,4,0,0,0.018750000000000044,9.600000000000023,1.3642420526593924e-12,True,False
1024,4x(4 4 4 4),512,40.0,5,1.1,False,500,1.6296875000000028,992,28,0,0,0,0,0,4,4,0,0,0.018750000000000044,9.600000000000023,1.3642420526593924e-12,True,False
1024,4x(4 4 4 4),512,40.0,5,1.1,False,750,1.6296875000000028,992,28,0,0,0,0,0,4,4,0,0,0.018750000000000044,9.600000000000023,1.3642420526593924e-12,True,False
1024,4x(4 4 4 4),512,40.0,5,1.1,False,1000,1.6296875000000028,992,28,0,0,0,0,0,4,4,0,0,0.018750000000000044,9.600000000000023,1.3642420526593924e-12,True,False
1024,4x(4 4 4 4),512,40.0,5,1.1,False,1250,1.6296875000000028,992,28,0,0,0,0,0,4,4,0,0,0.018750000000000044,9.600000000000023,1.3642420526593924e-12,True,False
1024,4x(4 4 4 4),512,40.0,5,1.1,False,1500,1.6296875000000028,992,28,0,0,0,0,0,4,4,0,0,0.018750000000000044,9.600000000000023,1.3642420526593924e-12,True,False
1024,4x(4 4 4 4),512,40.0,5,1.1,False,1750,1.6296875000000028,992,28,0,0,0,0,0,4,4,0,0,0.018750000000000044,9.600000000000023,1.3642420526593924e-12,True,False
1024,4x(4 4 4 4),512,40.0,5,1.1,False,2000,1.6296875000000028,992,28,0,0,0,0,0,4,4,0,0,0.018750000000000044,9.600000000000023,1.3642420526593924e-12,True,False
1024,4x(4 4 4 4),512,40.0,5,1.1,False,2250,1.6296875000000028,992,28,0,0,0,0,0,4,4,0,0,0.018750000000000044,9.600000000000023,1.3642420526593924e-12,True,False
1024,4x(4 4 4 4),512,40.0,5,1.1,False,2500,1.6296875000000028,992,28,0,0,0,0,0,4,4,0,0,0.018750000000000044,9.600000000000023,1.3642420526593924e-12,True,False
1024,4x(4 4 4 4),512,40.0,5,1.1,False,2750,1.6296875000000028,992,28,0,0,0,0,0,4,4,0,0,0.018750000000000044,9.600000000000023,1.3642420526593924e-12,True,False
1024,4x(4 4 4 4),512,40.0,5,1.1,False,3000,1.6296875000000028,992,28,0,0,0,0,0,4,4,0,0,0.018750000000000044,9.600000000000023,1.3642420526593924e-12,True,False
1024,4x(4 4 4 4),512,40.0,5,1.1,False,3250,1.6296875000000028,992,28,0,0,0,0,0,4,4,0,0,0.018750000000000044,9.600000000000023,1.3642420526593924e-12,True,False
1024,4x(4 4 4 4),512,40.0,5,1.1,False,3500,1.6296875000000028,992,28,0,0,0,0,0,4,4,0,0,0.018750000000000044,9.600000000000023,1.3642420526593924e-12,True,False
1024,4x(4 4 4 4),512,40.0,5,1.1,False,3750,1.6296875000000028,992,28,0,0,0,0,0,4,4,0,0,0.018750000000000044,9.600000000000023,1.3642420526593924e-12,True,False
1024,4x(4 4 4 4),512,40.0,5,1.1,False,4000,1.6390625000000014,980,38,0,0,0,2,0,4,6,0,0,5.551115123125783e-17,2.842170943040401e-14,0.0,True,False
1024,4x(4 4 4 4),512,40.0,5,1.1,False,4250,1.6390625000000014,980,38,0,0,0,2,0,4,6,0,0,5.551115123125783e-17,2.842170943040401e-14,0.0,True,False
1024,4x(4 4 4 4),512,40.0,5,1.1,False,4500,1.6390625000000014,980,38,0,0,0,2,0,4,6,0,0,5.551115123125783e-17,2.842170943040401e-14,0.0,True,False
1024,4x(4 4 4 4),512,40.0,5,1.1,False,4750,1.6390625000000014,980,38,0,0,0,2,0,4,6,0,0,5.551115123125783e-17,2.842170943040401e-14,0.0,True,False
1024,4x(4 4 4 4),512,40.0,5,1.1,False,5000,1.6390625000000014,980,38,0,0,0,2,0,4,6,0,0,5.551115123125783e-17,2.842170943040401e-14,0.0,True,False
1024,4x(4 4 4 4),512,40.0,5,1.1,False,5250,1.6375000000000028,976,40,0,0,0,8,0,0,8,0,0,0.0031250000000000444,1.6000000000000227,1.3642420526593924e-12,True,False
1024,4x(4 4 4 4),512,40.0,5,1.1,False,5500,1.6375000000000028,976,40,0,0,0,8,0,0,8,0,0,0.0031250000000000444,1.6000000000000227,1.3642420526593924e-12,True,False
1024,4x(4 4 4 4),512,40.0,5,1.1,False,5750,1.6375000000000028,976,40,0,0,0,8,0,0,8,0,0,0.0031250000000000444,1.6000000000000227,1.3642420526593924e-12,True,False
1024,4x(4 4 4 4),512,40.0,5,1.1,False,6000,1.6375000000000028,976,40,0,0,0,8,0,0,8,0,0,0.0031250000000000444,1.6000000000000227,1.3642420526593924e-12,True,False
1024,4x(4 4 4 4),512,40.0,5,1.1,False,6250,1.6375000000000028,976,40,0,0,0,8,0,0,8,0,0,0.0031250000000000444,1.6000000000000227,1.3642420526593924e-12,True,False
1024,4x(4 4 4 4),512,40.0,5,1.1,False,6500,1.6375000000000028,976,40,0,0,0,8,0,0,8,0,0,0.0031250000000000444,1.6000000000000227,1.3642420526593924e-12,True,False
1024,4x(4 4 4 4),512,40.0,5,1.1,False,6750,1.6375000000000028,976,40,0,0,0,8,0,0,8,0,0,0.0031250000000000444,1.6000000000000227,1.3642420526593924e-12,True,False
1024,4x(4 4 4 4),512,40.0,5,1.1,False,7000,1.6375000000000028,976,40,0,0,0,8,0,0,8,0,0,0.0031250000000000444,1.6000000000000227,1.3642420526593924e-12,True,False
1024,4x(4 4 4 4),512,40.0,5,1.1,False,7250,1.6375000000000028,976,40,0,0,0,8,0,0,8,0,0,0.0031250000000000444,1.6000000000000227,1.3642420526593924e-12,True,False
1024,4x(4 4 4 4),512,40.0,5,1.1,False,7500,1.6375000000000028,976,40,0,0,0,8,0,0,8,0,0,0.0031250000000000444,1.6000000000000227,1.3642420526593924e-12,True,False
1024,4x(4 4 4 4),512,40.0,5,1.1,False,7750,1.6375000000000028,976,40,0,0,0,8,0,0,8,0,0,0.0031250000000000444,1.6000000000000227,1.3642420526593924e-12,True,False
1024,4x(4 4 4 4),512,40.0,5,1.1,False,8000,1.6375000000000028,976,40,0,0,0,8,0,0,8,0,0,0.0031250000000000444,1.6000000000000227,1.3642420526593924e-12,True,False
1024,4x(4 4 4 4),512,40.0,5,1.1,False,8250,1.6375000000000028,976,40,0,0,0,8,0,0,8,0,0,0.0031250000000000444,1.6000000000000227,1.3642420526593924e-12,True,False
1024,4x(4 4 4 4),512,40.0,5,1.1,False,8500,1.6375000000000028,976,40,0,0,0,8,0,0,8,0,0,0.0031250000000000444,1.6000000000000227,1.3642420526593924e-12,True,False
1024,4x(4 4 4 4),512,40.0,5,1.1,False,8750,1.6375000000000028,976,40,0,0,0,8,0,0,8,0,0,0.0031250000000000444,1.6000000000000227,1.3642420526593924e-12,True,False
1024,4x(4 4 4 4),512,40.0,5,1.1,False,9000,1.6375000000000028,976,40,0,0,0,8,0,0,8,0,0,0.0031250000000000444,1.6000000000000227,1.3642420526593924e-12,True,False
1024,4x(4 4 4 4),512,40.0,5,1.1,False,9250,1.6375000000000028,976,40,0,0,0,8,0,0,8,0,0,0.0031250000000000444,1.6000000000000227,1.3642420526593924e-12,True,False
1024,4x(4 4 4 4),512,40.0,5,1.1,False,9500,1.6375000000000028,976,40,0,0,0,8,0,0,8,0,0,0.0031250000000000444,1.6000000000000227,1.3642420526593924e-12,True,False
1024,4x(4 4 4 4),512,40.0,5,1.1,False,9750,1.6375000000000028,976,40,0,0,0,8,0,0,8,0,0,0.0031250000000000444,1.6000000000000227,1.3642420526593924e-12,True,False
1024,4x(4 4 4 4),512,40.0,5,1.1,False,10000,1.6375000000000028,976,40,0,0,0,8,0,0,8,0,0,0.0031250000000000444,1.6000000000000227,1.3642420526593924e-12,True,False
1024,4x(4 4 4 4),512,40.0,5,1.1,False,10250,1.6375000000000028,976,40,0,0,0,8,0,0,8,0,0,0.0031250000000000444,1.6000000000000227,1.3642420526593924e-12,True,False
1024,4x(4 4 4 4),512,40.0,5,1.1,False,10500,1.6375000000000028,976,40,0,0,0,8,0,0,8,0,0,0.0031250000000000444,1.6000000000000227,1.3642420526593924e-12,True,False
1024,4x(4 4 4 4),512,40.0,5,1.1,False,10750,1.6375000000000028,976,40,0,0,0,8,0,0,8,0,0,0.0031250000000000444,1.6000000000000227,1.3642420526593924e-12,True,False
1024,4x(4 4 4 4),512,40.0,5,1.1,False,11000,1.6375000000000028,976,40,0,0,0,8,0,0,8,0,0,0.0031250000000000444,1.6000000000000227,1.3642420526593924e-12,True,False
1024,4x(4 4 4 4),512,40.0,5,1.1,False,11250,1.6375000000000028,976,40,0,0,0,8,0,0,8,0,0,0.0031250000000000444,1.6000000000000227,1.3642420526593924e-12,True,False
1024,4x(4 4 4 4),512,40.0,5,1.1,False,11500,1.6187500000000021,1000,20,0,0,0,4,0,0,4,0,0,0.04062500000000002,20.80000000000001,6.821210263296962e-13,True,False
1024,4x(4 4 4 4),512,40.0,5,1.1,False,11750,1.6375000000000028,976,40,0,0,0,8,0,0,8,0,0,0.0031250000000000444,1.6000000000000227,1.3642420526593924e-12,True,False
1024,4x(4 4 4 4),512,40.0,5,1.1,False,12000,1.6375000000000028,976,40,0,0,0,8,0,0,8,0,0,0.0031250000000000444,1.6000000000000227,1.3642420526593924e-12,True,False
1024,4x(4 4 4 4),512,40.0,5,1.1,False,12250,1.6375000000000028,976,40,0,0,0,8,0,0,8,0,0,0.0031250000000000444,1.6000000000000227,1.3642420526593924e-12,True,False
1024,4x(4 4 4 4),512,40.0,5,1.1,False,12500,1.6375000000000028,976,40,0,0,0,8,0,0,8,0,0,0.0031250000000000444,1.6000000000000227,1.3642420526593924e-12,True,False
1024,4x(4 4 4 4),512,40.0,5,1.1,False,12750,1.6375000000000028,976,40,0,0,0,8,0,0,8,0,0,0.0031250000000000444,1.6000000000000227,1.3642420526593924e-12,True,False
1024,4x(4 4 4 4),512,40.0,5,1.1,False,13000,1.6375000000000028,976,40,0,0,0,8,0,0,8,0,0,0.0031250000000000444,1.6000000000000227,1.3642420526593924e-12,True,False
1024,4x(4 4 4 4),512,40.0,5,1.1,False,13250,1.6375000000000028,976,40,0,0,0,8,0,0,8,0,0,0.0031250000000000444,1.6000000000000227,1.3642420526593924e-12,True,False
1024,4x(4 4 4 4),512,40.0,5,1.1,False,13500,1.6375000000000028,976,40,0,0,0,8,0,0,8,0,0,0.0031250000000000444,1.6000000000000227,1.3642420526593924e-12,True,False
1024,4x(4 4 4 4),512,40.0,5,1.1,False,13750,1.6375000000000028,976,40,0,0,0,8,0,0,8,0,0,0.0031250000000000444,1.6000000000000227,1.3642420526593924e-12,True,False
1024,4x(4 4 4 4),512,40.0,5,1.1,False,14000,1.6375000000000028,976,40,0,0,0,8,0,0,8,0,0,0.0031250000000000444,1.6000000000000227,1.3642420526593924e-12,True,False
1024,4x(4 4 4 4),512,40.0,5,1.1,False,14250,1.6375000000000028,976,40,0,0,0,8,0,0,8,0,0,0.0031250000000000444,1.6000000000000227,1.3642420526593924e-12,True,False
1024,4x(4 4 4 4),512,40.0,5,1.1,False,14500,1.6375000000000028,976,40,0,0,0,8,0,0,8,0,0,0.0031250000000000444,1.6000000000000227,1.3642420526593924e-12,True,False
1024,4x(4 4 4 4),512,40.0,5,1.1,False,14750,1.6375000000000028,976,40,0,0,0,8,0,0,8,0,0,0.0031250000000000444,1.6000000000000227,1.3642420526593924e-12,True,False
1024,4x(4 4 4 4),512,40.0,5,1.1,False,15000,1.6375000000000028,976,40,0,0,0,8,0,0,8,0,0,0.0031250000000000444,1.6000000000000227,1.3642420526593924e-12,True,False
1024,4x(4 4 4 4),512,40.0,5,1.1,False,15250,1.6375000000000028,976,40,0,0,0,8,0,0,8,0,0,0.0031250000000000444,1.6000000000000227,1.3642420526593924e-12,True,False
1024,4x(4 4 4 4),512,40.0,5,1.1,False,15500,1.6375000000000028,976,40,0,0,0,8,0,0,8,0,0,0.0031250000000000444,1.6000000000000227,1.3642420526593924e-12,True,False
1024,4x(4 4 4 4),512,40.0,5,1.1,False,15750,1.6375000000000028,976,40,0,0,0,8,0,0,8,0,0,0.0031250000000000444,1.6000000000000227,1.3642420526593924e-12,True,False
1024,4x(4 4 4 4),512,40.0,5,1.1,False,16000,1.6375000000000028,976,40,0,0,0,8,0,0,8,0,0,0.0031250000000000444,1.6000000000000227,1.3642420526593924e-12,True,False
1024,4x(4 4 4 4),512,40.0,5,1.1,False,16250,1.6375000000000028,976,40,0,0,0,8,0,0,8,0,0,0.0031250000000000444,1.6000000000000227,1.3642420526593924e-12,True,False
1024,4x(4 4 4 4),512,40.0,5,1.1,False,16500,1.6375000000000028,976,40,0,0,0,8,0,0,8,0,0,0.0031250000000000444,1.6000000000000227,1.3642420526593924e-12,True,False
1024,4x(4 4 4 4),512,40.0,5,1.1,False,16750,1.6375000000000028,976,40,0,0,0,8,0,0,8,0,0,0.0031250000000000444,1.6000000000000227,1.3642420526593924e-12,True,False
1024,4x(4 4 4 4),512,40.0,5,1.1,False,17000,1.6375000000000028,976,40,0,0,0,8,0,0,8,0,0,0.0031250000000000444,1.6000000000000227,1.3642420526593924e-12,True,False
1024,4x(4 4 4 4),512,40.0,5,1.1,False,17250,1.6375000000000028,976,40,0,0,0,8,0,0,8,0,0,0.0031250000000000444,1.6000000000000227,1.3642420526593924e-12,True,False
1024,4x(4 4 4 4),512,40.0,5,1.1,False,17500,1.6375000000000028,976,40,0,0,0,8,0,0,8,0,0,0.0031250000000000444,1.6000000000000227,1.3642420526593924e-12,True,False
1024,4x(4 4 4 4),512,40.0,5,1.1,False,17750,1.6375000000000028,976,40,0,0,0,8,0,0,8,0,0,0.0031250000000000444,1.6000000000000227,1.3642420526593924e-12,True,False
1024,4x(4 4 4 4),512,40.0,5,1.1,False,18000,1.6375000000000028,976,40,0,0,0,8,0,0,8,0,0,0.0031250000000000444,1.6000000000000227,1.3642420526593924e-12,True,False
1024,4x(4 4 4 4),512,40.0,5,1.1,False,18250,1.6187500000000021,1000,20,0,0,0,4,0,0,4,0,0,0.04062500000000002,20.80000000000001,6.821210263296962e-13,True,False
1024,4x(4 4 4 4),512,40.0,5,1.1,False,18500,1.6375000000000028,978,36,2,0,0,8,0,0,8,0,0,0.0031250000000000444,1.6000000000000227,1.3642420526593924e-12,True,False
1024,4x(4 4 4 4),512,40.0,5,1.1,False,18750,1.6375000000000028,976,40,0,0,0,8,0,0,8,0,0,0.0031250000000000444,1.6000000000000227,1.3642420526593924e-12,True,False
1024,4x(4 4 4 4),512,40.0,5,1.1,False,19000,1.6375000000000028,976,40,0,0,0,8,0,0,8,0,0,0.0031250000000000444,1.6000000000000227,1.3642420526593924e-12,True,False
1024,4x(4 4 4 4),512,40.0,5,1.1,False,19250,1.6375000000000028,976,40,0,0,0,8,0,0,8,0,0,0.0031250000000000444,1.6000000000000227,1.3642420526593924e-12,True,False
1024,4x(4 4 4 4),512,40.0,5,1.1,False,19500,1.6375000000000028,976,40,0,0,0,8,0,0,8,0,0,0.0031250000000000444,1.6000000000000227,1.3642420526593924e-12,True,False
1024,4x(4 4 4 4),512,40.0,5,1.1,False,19750,1.6375000000000028,976,40,0,0,0,8,0,0,8,0,0,0.0031250000000000444,1.6000000000000227,1.3642420526593924e-12,True,False
1024,4x(4 4 4 4),512,40.0,5,1.1,False,20000,1.6375000000000028,976,40,0,0,0,8,0,0,8,0,0,0.0031250000000000444,1.6000000000000227,1.3642420526593924e-12,True,False
1024,4x(4 4 4 4),512,40.0,5,1.1,False,20250,1.6375000000000028,976,40,0,0,0,8,0,0,8,0,0,0.0031250000000000444,1.6000000000000227,1.3642420526593924e-12,True,False
1024,4x(4 4 4 4),512,40.0,5,1.1,False,20500,1.6375000000000028,976,40,0,0,0,8,0,0,8,0,0,0.0031250000000000444,1.6000000000000227,1.3642420526593924e-12,True,False
1024,4x(4 4 4 4),512,40.0,5,1.1,False,20750,1.6375000000000028,976,40,0,0,0,8,0,0,8,0,0,0.0031250000000000444,1.6000000000000227,1.3642420526593924e-12,True,False
1024,4x(4 4 4 4),512,40.0,5,1.1,False,21000,1.6375000000000028,976,40,0,0,0,8,0,0,8,0,0,0.0031250000000000444,1.6000000000000227,1.3642420526593924e-12,True,False
1024,4x(4 4 4 4),512,40.0,5,1.1,False,21250,1.6187500000000021,1000,20,0,0,0,4,0,0,4,0,0,0.04062500000000002,20.80000000000001,6.821210263296962e-13,True,False
1024,4x(4 4 4 4),512,40.0,5,1.1,False,21500,1.6375000000000028,978,36,2,0,0,8,0,0,8,0,0,0.0031250000000000444,1.6000000000000227,1.3642420526593924e-12,True,False
1024,4x(4 4 4 4),512,40.0,5,1.1,False,21750,1.6375000000000028,976,40,0,0,0,8,0,0,8,0,0,0.0031250000000000444,1.6000000000000227,1.3642420526593924e-12,True,False
1024,4x(4 4 4 4),512,40.0,5,1.1,False,22000,1.6375000000000028,976,40,0,0,0,8,0,0,8,0,0,0.0031250000000000444,1.6000000000000227,1.3642420526593924e-12,True,False
1024,4x(4 4 4 4),512,40.0,5,1.1,False,22250,1.6375000000000028,976,40,0,0,0,8,0,0,8,0,0,0.0031250000000000444,1.6000000000000227,1.3642420526593924e-12,True,False
1024,4x(4 4 4 4),512,40.0,5,1.1,False,22500,1.6375000000000028,976,40,0,0,0,8,0,0,8,0,0,0.0031250000000000444,1.6000000000000227,1.3642420526593924e-12,True,False
1024,4x(4 4 4 4),512,40.0,5,1.1,False,22750,1.6375000000000028,976,40,0,0,0,8,0,0,8,0,0,0.0031250000000000444,1.6000000000000227,1.3642420526593924e-12,True,False
1024,4x(4 4 4 4),512,40.0,5,1.1,False,23000,1.6375000000000028,976,40,0,0,0,8,0,0,8,0,0,0.0031250000000000444,1.6000000000000227,1.3642420526593924e-12,True,False
1024,4x(4 4 4 4),512,40.0,5,1.1,False,23250,1.6375000000000028,976,40,0,0,0,8,0,0,8,0,0,0.0031250000000000444,1.6000000000000227,1.3642420526593924e-12,True,False
1024,4x(4 4 4 4),512,40.0,5,1.1,False,23500,1.6375000000000028,976,40,0,0,0,8,0,0,8,0,0,0.0031250000000000444,1.6000000000000227,1.3642420526593924e-12,True,False
1024,4x(4 4 4 4),512,40.0,5,1.1,False,23750,1.6375000000000028,976,40,0,0,0,8,0,0,8,0,0,0.0031250000000000444,1.6000000000000227,1.3642420526593924e-12,True,False
1024,4x(4 4 4 4),512,40.0,5,1.1,False,24000,1.6375000000000028,976,40,0,0,0,8,0,0,8,0,0,0.0031250000000000444,1.6000000000000227,1.3642420526593924e-12,True,False
1024,4x(4 4 4 4),512,40.0,5,1.1,False,24250,1.6375000000000028,976,40,0,0,0,8,0,0,8,0,0,0.0031250000000000444,1.6000000000000227,1.3642420526593924e-12,True,False
1024,4x(4 4 4 4),512,40.0,5,1.1,False,24500,1.6375000000000028,976,40,0,0,0,8,0,0,8,0,0,0.0031250000000000444,1.6000000000000227,1.3642420526593924e-12,True,False
1024,4x(4 4 4 4),512,40.0,5,1.1,False,24750,1.6375000000000028,976,40,0,0,0,8,0,0,8,0,0,0.0031250000000000444,1.6000000000000227,1.3642420526593924e-12,True,False
1024,4x(4 4 4 4),512,40.0,5,1.1,False,25000,1.6375000000000028,976,40,0,0,0,8,0,0,8,0,0,0.0031250000000000444,1.6000000000000227,1.3642420526593924e-12,True,False
1024,4x(4 4 4 4),512,40.0,5,1.1,False,25250,1.6375000000000028,976,40,0,0,0,8,0,0,8,0,0,0.0031250000000000444,1.6000000000000227,1.3642420526593924e-12,True,False
1024,4x(4 4 4 4),512,40.0,5,1.1,False,25500,1.6375000000000028,976,40,0,0,0,8,0,0,8,0,0,0.0031250000000000444,1.6000000000000227,1.3642420526593924e-12,True,False
1024,4x(4 4 4 4),512,40.0,5,1.1,False,25750,1.6375000000000028,976,40,0,0,0,8,0,0,8,0,0,0.0031250000000000444,1.6000000000000227,1.3642420526593924e-12,True,False
1024,4x(4 4 4 4),512,40.0,5,1.1,False,26000,1.6375000000000028,976,40,0,0,0,8,0,0,8,0,0,0.0031250000000000444,1.6000000000000227,1.3642420526593924e-12,True,False
1024,4x(4 4 4 4),512,40.0,5,1.1,False,26250,1.6375000000000028,976,40,0,0,0,8,0,0,8,0,0,0.0031250000000000444,1.6000000000000227,1.3642420526593924e-12,True,False
1024,4x(4 4 4 4),512,40.0,5,1.1,False,26500,1.6375000000000028,976,40,0,0,0,8,0,0,8,0,0,0.0031250000000000444,1.6000000000000227,1.3642420526593924e-12,True,False
1024,4x(4 4 4 4),512,40.0,5,1.1,False,26750,1.6375000000000028,976,40,0,0,0,8,0,0,8,0,0,0.0031250000000000444,1.6000000000000227,1.3642420526593924e-12,True,False
1024,4x(4 4 4 4),512,40.0,5,1.1,False,27000,1.6375000000000028,976,40,0,0,0,8,0,0,8,0,0,0.0031250000000000444,1.6000000000000227,1.3642420526593924e-12,True,False
1024,4x(4 4 4 4),512,40.0,5,1.1,False,27250,1.6375000000000028,976,40,0,0,0,8,0,0,8,0,0,0.0031250000000000444,1.6000000000000227,1.3642420526593924e-12,True,False
1024,4x(4 4 4 4),512,40.0,5,1.1,False,27500,1.6375000000000028,976,40,0,0,0,8,0,0,8,0,0,0.0031250000000000444,1.6000000000000227,1.3642420526593924e-12,True,False
1024,4x(4 4 4 4),512,40.0,5,1.1,False,27750,1.6375000000000028,976,40,0,0,0,8,0,0,8,0,0,0.0031250000000000444,1.6000000000000227,1.3642420526593924e-12,True,False
1024,4x(4 4 4 4),512,40.0,5,1.1,False,28000,1.6375000000000028,976,40,0,0,0,8,0,0,8,0,0,0.0031250000000000444,1.6000000000000227,1.3642420526593924e-12,True,False
1024,4x(4 4 4 4),512,40.0,5,1.1,False,28250,1.6375000000000028,976,40,0,0,0,8,0,0,8,0,0,0.0031250000000000444,1.6000000000000227,1.3642420526593924e-12,True,False
1024,4x(4 4 4 4),512,40.0,5,1.1,False,28500,1.6375000000000028,976,40,0,0,0,8,0,0,8,0,0,0.0031250000000000444,1.6000000000000227,1.3642420526593924e-12,True,False
1024,4x(4 4 4 4),512,40.0,5,1.1,False,28750,1.6375000000000028,976,40,0,0,0,8,0,0,8,0,0,0.0031250000000000444,1.6000000000000227,1.3642420526593924e-12,True,False
1024,4x(4 4 4 4),512,40.0,5,1.1,False,29000,1.6375000000000028,976,40,0,0,0,8,0,0,8,0,0,0.0031250000000000444,1.6000000000000227,1.3642420526593924e-12,True,False
1024,4x(4 4 4 4),512,40.0,5,1.1,False,29250,1.6375000000000028,976,40,0,0,0,8,0,0,8,0,0,0.0031250000000000444,1.6000000000000227,1.3642420526593924e-12,True,False
1024,4x(4 4 4 4),512,40.0,5,1.1,False,29500,1.6375000000000028,976,40,0,0,0,8,0,0,8,0,0,0.0031250000000000444,1.6000000000000227,1.3642420526593924e-12,True,False
1024,4x(4 4 4 4),512,40.0,5,1.1,False,29750,1.6375000000000028,976,40,0,0,0,8,0,0,8,0,0,0.0031250000000000444,1.6000000000000227,1.3642420526593924e-12,True,False
1024,4x(4 4 4 4),512,40.0,5,1.1,False,30000,1.6375000000000028,976,40,0,0,0,8,0,0,8,0,0,0.0031250000000000444,1.6000000000000227,1.3642420526593924e-12,True,False
1024,4x(4 4 4 4),512,40.0,5,1.1,False,30250,1.6375000000000028,976,40,0,0,0,8,0,0,8,0,0,0.0031250000000000444,1.6000000000000227,1.3642420526593924e-12,True,False
1024,4x(4 4 4 4),512,40.0,5,1.1,False,30500,1.6375000000000028,976,40,0,0,0,8,0,0,8,0,0,0.0031250000000000444,1.6000000000000227,1.3642420526593924e-12,True,False
1024,4x(4 4 4 4),512,40.0,5,1.1,False,30750,1.6375000000000028,976,40,0,0,0,8,0,0,8,0,0,0.0031250000000000444,1.6000000000000227,1.3642420526593924e-12,True,False
1024,4x(4 4 4 4),512,40.0,5,1.1,False,31000,1.6375000000000028,976,40,0,0,0,8,0,0,8,0,0,0.0031250000000000444,1.6000000000000227,1.3642420526593924e-12,True,False
1024,4x(4 4 4 4),512,40.0,5,1.1,False,31250,1.6375000000000028,976,40,0,0,0,8,0,0,8,0,0,0.0031250000000000444,1.6000000000000227,1.3642420526593924e-12,True,False
1024,4x(4 4 4 4),512,40.0,5,1.1,False,31500,1.6375000000000028,976,40,0,0,0,8,0,0,8,0,0,0.0031250000000000444,1.6000000000000227,1.3642420526593924e-12,True,False
1024,4x(4 4 4 4),512,40.0,5,1.1,False,31750,1.6375000000000028,976,40,0,0,0,8,0,0,8,0,0,0.0031250000000000444,1.6000000000000227,1.3642420526593924e-12,True,False
1024,4x(4 4 4 4),512,40.0,5,1.1,False,32000,1.6375000000000028,976,40,0,0,0,8,0,0,8,0,0,0.0031250000000000444,1.6000000000000227,1.3642420526593924e-12,True,False
1024,4x(4 4 4 4),512,40.0,5,1.1,False,32250,1.6375000000000028,976,40,0,0,0,8,0,0,8,0,0,0.0031250000000000444,1.6000000000000227,1.3642420526593924e-12,True,False
1024,4x(4 4 4 4),512,40.0,5,1.1,False,32500,1.6375000000000028,976,40,0,0,0,8,0,0,8,0,0,0.0031250000000000444,1.6000000000000227,1.3642420526593924e-12,True,False
1024,4x(4 4 4 4),512,40.0,5,1.1,False,32750,1.6375000000000028,976,40,0,0,0,8,0,0,8,0,0,0.0031250000000000444,1.6000000000000227,1.3642420526593924e-12,True,False
1024,4x(4 4 4 4),512,40.0,5,1.1,False,33000,1.6375000000000028,976,40,0,0,0,8,0,0,8,0,0,0.0031250000000000444,1.6000000000000227,1.3642420526593924e-12,True,False
1024,4x(4 4 4 4),512,40.0,5,1.1,False,33250,1.6375000000000028,976,40,0,0,0,8,0,0,8,0,0,0.0031250000000000444,1.6000000000000227,1.3642420526593924e-12,True,False
1024,4x(4 4 4 4),512,40.0,5,1.1,False,33500,1.6375000000000028,976,40,0,0,0,8,0,0,8,0,0,0.0031250000000000444,1.6000000000000227,1.3642420526593924e-12,True,False
1024,4x(4 4 4 4),512,40.0,5,1.1,False,33750,1.6375000000000028,976,40,0,0,0,8,0,0,8,0,0,0.0031250000000000444,1.6000000000000227,1.3642420526593924e-12,True,False
1024,4x(4 4 4 4),512,40.0,5,1.1,False,34000,1.6375000000000028,976,40,0,0,0,8,0,0,8,0,0,0.0031250000000000444,1.6000000000000227,1.3642420526593924e-12,True,False
1024,4x(4 4 4 4),512,40.0,5,1.1,False,34250,1.6375000000000028,976,40,0,0,0,8,0,0,8,0,0,0.0031250000000000444,1.6000000000000227,1.3642420526593924e-12,True,False
1024,4x(4 4 4 4),512,40.0,5,1.1,False,34500,1.6375000000000028,976,40,0,0,0,8,0,0,8,0,0,0.0031250000000000444,1.6000000000000227,1.3642420526593924e-12,True,False
1024,4x(4 4 4 4),512,40.0,5,1.1,False,34750,1.6375000000000028,976,40,0,0,0,8,0,0,8,0,0,0.0031250000000000444,1.6000000000000227,1.3642420526593924e-12,True,False
1024,4x(4 4 4 4),512,40.0,5,1.1,False,35000,1.6375000000000028,976,40,0,0,0,8,0,0,8,0,0,0.0031250000000000444,1.6000000000000227,1.3642420526593924e-12,True,False
1024,4x(4 4 4 4),512,40.0,5,1.1,False,35250,1.6375000000000028,976,40,0,0,0,8,0,0,8,0,0,0.0031250000000000444,1.6000000000000227,1.3642420526593924e-12,True,False
1024,4x(4 4 4 4),512,40.0,5,1.1,False,35500,1.6375000000000028,976,40,0,0,0,8,0,0,8,0,0,0.0031250000000000444,1.6000000000000227,1.3642420526593924e-12,True,False
1024,4x(4 4 4 4),512,40.0,5,1.1,False,35750,1.6375000000000028,976,40,0,0,0,8,0,0,8,0,0,0.0031250000000000444,1.6000000000000227,1.3642420526593924e-12,True,False
1024,4x(4 4 4 4),512,40.0,5,1.1,False,36000,1.6375000000000028,976,40,0,0,0,8,0,0,8,0,0,0.0031250000000000444,1.6000000000000227,1.3642420526593924e-12,True,False
1024,4x(4 4 4 4),512,40.0,5,1.1,False,36250,1.6375000000000028,976,40,0,0,0,8,0,0,8,0,0,0.0031250000000000444,1.6000000000000227,1.3642420526593924e-12,True,False
1024,4x(4 4 4 4),512,40.0,5,1.1,False,36500,1.6375000000000028,976,40,0,0,0,8,0,0,8,0,0,0.0031250000000000444,1.6000000000000227,1.3642420526593924e-12,True,False
1024,4x(4 4 4 4),512,40.0,5,1.1,False,36750,1.6375000000000028,976,40,0,0,0,8,0,0,8,0,0,0.0031250000000000444,1.6000000000000227,1.3642420526593924e-12,True,False
1024,4x(4 4 4 4),512,40.0,5,1.1,False,37000,1.6375000000000028,976,40,0,0,0,8,0,0,8,0,0,0.0031250000000000444,1.6000000000000227,1.3642420526593924e-12,True,False
1024,4x(4 4 4 4),512,40.0,5,1.1,False,37250,1.6375000000000028,976,40,0,0,0,8,0,0,8,0,0,0.0031250000000000444,1.6000000000000227,1.3642420526593924e-12,True,False
1024,4x(4 4 4 4),512,40.0,5,1.1,False,37500,1.6375000000000028,976,40,0,0,0,8,0,0,8,0,0,0.0031250000000000444,1.6000000000000227,1.3642420526593924e-12,True,False
1024,4x(4 4 4 4),512,40.0,5,1.1,False,37750,1.6375000000000028,976,40,0,0,0,8,0,0,8,0,0,0.0031250000000000444,1.6000000000000227,1.3642420526593924e-12,True,False
1024,4x(4 4 4 4),512,40.0,5,1.1,False,38000,1.6375000000000028,976,40,0,0,0,8,0,0,8,0,0,0.0031250000000000444,1.6000000000000227,1.3642420526593924e-12,True,False
1024,4x(4 4 4 4),512,40.0,5,1.1,False,38250,1.6375000000000028,976,40,0,0,0,8,0,0,8,0,0,0.0031250000000000444,1.6000000000000227,1.3642420526593924e-12,True,False
1024,4x(4 4 4 4),512,40.0,5,1.1,False,38500,1.6375000000000028,976,40,0,0,0,8,0,0,8,0,0,0.0031250000000000444,1.6000000000000227,1.3642420526593924e-12,True,False
1024,4x(4 4 4 4),512,40.0,5,1.1,False,38750,1.6375000000000028,976,40,0,0,0,8,0,0,8,0,0,0.0031250000000000444,1.6000000000000227,1.3642420526593924e-12,True,False
1024,4x(4 4 4 4),512,40.0,5,1.1,False,39000,1.6375000000000028,976,40,0,0,0,8,0,0,8,0,0,0.0031250000000000444,1.6000000000000227,1.3642420526593924e-12,True,False
1024,4x(4 4 4 4),512,40.0,5,1.1,False,39250,1.6375000000000028,976,40,0,0,0,8,0,0,8,0,0,0.0031250000000000444,1.6000000000000227,1.3642420526593924e-12,True,False
1024,4x(4 4 4 4),512,40.0,5,1.1,False,39500,1.6375000000000028,976,40,0,0,0,8,0,0,8,0,0,0.0031250000000000444,1.6000000000000227,1.3642420526593924e-12,True,False
1024,4x(4 4 4 4),512,40.0,5,1.1,False,39750,1.6375000000000028,976,40,0,0,0,8,0,0,8,0,0,0.0031250000000000444,1.6000000000000227,1.3642420526593924e-12,True,False
1024,4x(4 4 4 4),512,40.0,5,1.1,False,40000,1.6375000000000028,976,40,0,0,0,8,0,0,8,0,0,0.0031250000000000444,1.6000000000000227,1.3642420526593924e-12,True,False
1024,4x(4 4 4 4),512,40.0,5,1.1,False,40250,1.6375000000000028,976,40,0,0,0,8,0,0,8,0,0,0.0031250000000000444,1.6000000000000227,1.3642420526593924e-12,True,False
1024,4x(4 4 4 4),512,40.0,5,1.1,False,40500,1.6375000000000028,976,40,0,0,0,8,0,0,8,0,0,0.0031250000000000444,1.6000000000000227,1.3642420526593924e-12,True,False
1024,4x(4 4 4 4),512,40.0,5,1.1,False,40750,1.6375000000000028,976,40,0,0,0,8,0,0,8,0,0,0.0031250000000000444,1.6000000000000227,1.3642420526593924e-12,True,False
1024,4x(4 4 4 4),512,40.0,5,1.1,False,41000,1.6375000000000028,976,40,0,0,0,8,0,0,8,0,0,0.0031250000000000444,1.6000000000000227,1.3642420526593924e-12,True,False
1024,4x(4 4 4 4),512,40.0,5,1.1,False,41250,1.6375000000000028,976,40,0,0,0,8,0,0,8,0,0,0.0031250000000000444,1.6000000000000227,1.3642420526593924e-12,True,False
1024,4x(4 4 4 4),512,40.0,5,1.1,False,41500,1.6375000000000028,976,40,0,0,0,8,0,0,8,0,0,0.0031250000000000444,1.6000000000000227,1.3642420526593924e-12,True,False
1024,4x(4 4 4 4),512,40.0,5,1.1,False,41750,1.6375000000000028,976,40,0,0,0,8,0,0,8,0,0,0.0031250000000000444,1.6000000000000227,1.3642420526593924e-12,True,False
1024,4x(4 4 4 4),512,40.0,5,1.1,False,42000,1.6375000000000028,976,40,0,0,0,8,0,0,8,0,0,0.0031250000000000444,1.6000000000000227,1.3642420526593924e-12,True,False
1024,4x(4 4 4 4),512,40.0,5,1.1,False,42250,1.6375000000000028,976,40,0,0,0,8,0,0,8,0,0,0.0031250000000000444,1.6000000000000227,1.3642420526593924e-12,True,False
1024,4x(4 4 4 4),512,40.0,5,1.1,False,42500,1.6375000000000028,976,40,0,0,0,8,0,0,8,0,0,0.0031250000000000444,1.6000000000000227,1.3642420526593924e-12,True,False
1024,4x(4 4 4 4),512,40.0,5,1.1,False,42750,1.6375000000000028,976,40,0,0,0,8,0,0,8,0,0,0.0031250000000000444,1.6000000000000227,1.3642420526593924e-12,True,False
1024,4x(4 4 4 4),512,40.0,5,1.1,False,43000,1.6375000000000028,976,40,0,0,0,8,0,0,8,0,0,0.0031250000000000444,1.6000000000000227,1.3642420526593924e-12,True,False
1024,4x(4 4 4 4),512,40.0,5,1.1,False,43250,1.6375000000000028,976,40,0,0,0,8,0,0,8,0,0,0.0031250000000000444,1.6000000000000227,1.3642420526593924e-12,True,False
1024,4x(4 4 4 4),512,40.0,5,1.1,False,43500,1.6375000000000028,976,40,0,0,0,8,0,0,8,0,0,0.0031250000000000444,1.6000000000000227,1.3642420526593924e-12,True,False
1024,4x(4 4 4 4),512,40.0,5,1.1,False,43750,1.6375000000000028,976,40,0,0,0,8,0,0,8,0,0,0.0031250000000000444,1.6000000000000227,1.3642420526593924e-12,True,False
1024,4x(4 4 4 4),512,40.0,5,1.1,False,44000,1.6375000000000028,976,40,0,0,0,8,0,0,8,0,0,0.0031250000000000444,1.6000000000000227,1.3642420526593924e-12,True,False
1024,4x(4 4 4 4),512,40.0,5,1.1,False,44250,1.6375000000000028,976,40,0,0,0,8,0,0,8,0,0,0.0031250000000000444,1.6000000000000227,1.3642420526593924e-12,True,False
1024,4x(4 4 4 4),512,40.0,5,1.1,False,44500,1.6375000000000028,976,40,0,0,0,8,0,0,8,0,0,0.0031250000000000444,1.6000000000000227,1.3642420526593924e-12,True,False
1024,4x(4 4 4 4),512,40.0,5,1.1,False,44750,1.6375000000000028,980,32,4,0,0,8,0,0,8,0,0,0.0031250000000000444,1.6000000000000227,1.3642420526593924e-12,True,False
1024,4x(4 4 4 4),512,40.0,5,1.1,False,45000,1.6375000000000028,980,32,4,0,0,8,0,0,8,0,0,0.0031250000000000444,1.6000000000000227,1.3642420526593924e-12,True,False
1024,4x(4 4 4 4),512,40.0,5,1.1,False,45250,1.6375000000000028,980,32,4,0,0,8,0,0,8,0,0,0.0031250000000000444,1.6000000000000227,1.3642420526593924e-12,True,False
1024,4x(4 4 4 4),512,40.0,5,1.1,False,45500,1.6375000000000028,980,32,4,0,0,8,0,0,8,0,0,0.0031250000000000444,1.6000000000000227,1.3642420526593924e-12,True,False
1024,4x(4 4 4 4),512,40.0,5,1.1,False,45750,1.6375000000000028,980,32,4,0,0,8,0,0,8,0,0,0.0031250000000000444,1.6000000000000227,1.3642420526593924e-12,True,False
1024,4x(4 4 4 4),512,40.0,5,1.1,False,46000,1.6375000000000028,980,32,4,0,0,8,0,0,8,0,0,0.0031250000000000444,1.6000000000000227,1.3642420526593924e-12,True,False
1024,4x(4 4 4 4),512,40.0,5,1.1,False,46250,1.6375000000000028,976,40,0,0,0,8,0,0,8,0,0,0.0031250000000000444,1.6000000000000227,1.3642420526593924e-12,True,False
1024,4x(4 4 4 4),512,40.0,5,1.1,False,46500,1.6375000000000028,976,40,0,0,0,8,0,0,8,0,0,0.0031250000000000444,1.6000000000000227,1.3642420526593924e-12,True,False
1024,4x(4 4 4 4),512,40.0,5,1.1,False,46750,1.6375000000000028,976,40,0,0,0,8,0,0,8,0,0,0.0031250000000000444,1.6000000000000227,1.3642420526593924e-12,True,False
1024,4x(4 4 4 4),512,40.0,5,1.1,False,47000,1.6375000000000028,976,40,0,0,0,8,0,0,8,0,0,0.0031250000000000444,1.6000000000000227,1.3642420526593924e-12,True,False
1024,4x(4 4 4 4),512,40.0,5,1.1,False,47250,1.6375000000000028,976,40,0,0,0,8,0,0,8,0,0,0.0031250000000000444,1.6000000000000227,1.3642420526593924e-12,True,False
1024,4x(4 4 4 4),512,40.0,5,1.1,False,47500,1.6375000000000028,976,40,0,0,0,8,0,0,8,0,0,0.0031250000000000444,1.6000000000000227,1.3642420526593924e-12,True,False
1024,4x(4 4 4 4),512,40.0,5,1.1,False,47750,1.6375000000000028,976,40,0,0,0,8,0,0,8,0,0,0.0031250000000000444,1.6000000000000227,1.3642420526593924e-12,True,False
1024,4x(4 4 4 4),512,40.0,5,1.1,False,48000,1.6375000000000028,976,40,0,0,0,8,0,0,8,0,0,0.0031250000000000444,1.6000000000000227,1.3642420526593924e-12,True,False
1024,4x(4 4 4 4),512,40.0,5,1.1,False,48250,1.6375000000000028,976,40,0,0,0,8,0,0,8,0,0,0.0031250000000000444,1.6000000000000227,1.3642420526593924e-12,True,False
1024,4x(4 4 4 4),512,40.0,5,1.1,False,48500,1.6375000000000028,976,40,0,0,0,8,0,0,8,0,0,0.0031250000000000444,1.6000000000000227,1.3642420526593924e-12,True,False
1024,4x(4 4 4 4),512,40.0,5,1.1,False,48750,1.6375000000000028,976,40,0,0,0,8,0,0,8,0,0,0.0031250000000000444,1.6000000000000227,1.3642420526593924e-12,True,False
1024,4x(4 4 4 4),512,40.0,5,1.1,False,49000,1.6375000000000028,976,40,0,0,0,8,0,0,8,0,0,0.0031250000000000444,1.6000000000000227,1.3642420526593924e-12,True,False
1024,4x(4 4 4 4),512,40.0,5,1.1,False,49250,1.6375000000000028,976,40,0,0,0,8,0,0,8,0,0,0.0031250000000000444,1.6000000000000227,1.3642420526593924e-12,True,False
1024,4x(4 4 4 4),512,40.0,5,1.1,False,49500,1.6187500000000021,1000,20,0,0,0,4,0,0,4,0,0,0.04062500000000002,20.80000000000001,6.821210263296962e-13,True,False
1024,4x(4 4 4 4),512,40.0,5,1.1,False,49750,1.6375000000000028,976,40,0,0,0,8,0,0,8,0,0,0.0031250000000000444,1.6000000000000227,1.3642420526593924e-12,True,False
1024,4x(4 4 4 4),512,40.0,5,1.1,False,50000,1.6375000000000028,976,40,0,0,0,8,0,0,8,0,0,0.0031250000000000444,1.6000000000000227,1.3642420526593924e-12,True,True
