N,dims,C,spark,replica,lam,local_heat,sweep,h_per_vertex,d0,d1,d2,d3,d4,d5,d6,d7,melted,pieces_flat,largest_flat,damaged_d,largest_open_d,bath_T,total,drift,left,final
192,4 48,192,12.01,0,1.25,True,0,1.0,0,192,0,0,0,0,0,0,0,0,0,0,0,0.06255208333333333,12.01,0.0,False,False
192,4 48,192,12.01,0,1.25,True,500,1.0,0,172,20,0,0,0,0,0,0,0,0,0,20,0.06255208333333333,12.01,0.0,True,False
192,4 48,192,12.01,0,1.25,True,1000,0.8541666666666666,0,144,48,0,0,0,0,0,0,0,0,0,48,0.20838541666666666,40.01,0.0,True,False
192,4 48,192,12.01,0,1.25,True,1500,0.4166666666666667,0,60,132,0,0,0,0,0,0,0,0,0,132,0.6458854166666667,124.00999999999999,0.0,True,False
192,4 48,192,12.01,0,1.25,True,2000,0.25,0,28,164,0,0,0,0,0,0,0,0,0,164,0.8125520833333333,156.01,0.0,True,False
192,4 48,192,12.01,0,1.25,True,2500,0.20833333333333334,0,20,172,0,0,0,0,0,0,0,0,0,172,0.8542187499999999,164.01,0.0,True,False
192,4 48,192,12.01,0,1.25,True,3000,0.10416666666666667,0,0,192,0,0,0,0,0,0,0,0,0,192,0.9583854166666667,184.01,0.0,True,False
192,4 48,192,12.01,0,1.25,True,3500,0.10416666666666667,0,0,192,0,0,0,0,0,0,0,0,0,192,0.9583854166666667,184.01,0.0,True,False
192,4 48,192,12.01,0,1.25,True,4000,0.10416666666666667,0,2,188,2,0,0,0,0,0,1,2,2,188,0.9583854166666667,184.01,0.0,True,False
192,4 48,192,12.01,0,1.25,True,4500,0.07291666666666667,0,4,188,0,0,0,0,0,0,0,0,0,188,0.9896354166666667,190.01,0.0,True,False
192,4 48,192,12.01,0,1.25,True,5000,0.07291666666666667,0,4,188,0,0,0,0,0,0,0,0,0,188,0.9896354166666667,190.01,0.0,True,False
192,4 48,192,12.01,0,1.25,True,5500,0.10416666666666667,0,2,188,2,0,0,0,0,0,1,2,2,188,0.9583854166666667,184.01,0.0,True,False
192,4 48,192,12.01,0,1.25,True,6000,0.10416666666666667,0,2,188,2,0,0,0,0,0,1,2,2,188,0.9583854166666667,184.01,0.0,True,False
192,4 48,192,12.01,0,1.25,True,6500,0.10416666666666667,0,2,188,2,0,0,0,0,0,1,2,2,188,0.9583854166666667,184.01,0.0,True,False
192,4 48,192,12.01,0,1.25,True,7000,0.07291666666666667,0,4,188,0,0,0,0,0,0,0,0,0,188,0.9896354166666667,190.01,0.0,True,False
192,4 48,192,12.01,0,1.25,True,7500,0.07291666666666667,0,4,188,0,0,0,0,0,0,0,0,0,188,0.9896354166666667,190.01,0.0,True,False
192,4 48,192,12.01,0,1.25,True,8000,0.18229166666666666,0,4,184,4,0,0,0,0,0,1,4,4,184,0.8802604166666667,169.01,0.0,True,False
192,4 48,192,12.01,0,1.25,True,8500,0.07291666666666667,0,4,188,0,0,0,0,0,0,0,0,0,188,0.9896354166666667,190.01,0.0,True,False
192,4 48,192,12.01,0,1.25,True,9000,0.17708333333333334,0,6,184,2,0,0,0,0,0,1,2,2,184,0.8854687499999999,170.01,0.0,True,False
192,4 48,192,12.01,0,1.25,True,9500,0.14583333333333334,0,8,184,0,0,0,0,0,0,0,0,0,184,0.9167187499999999,176.01,0.0,True,False
192,4 48,192,12.01,0,1.25,True,10000,0.14583333333333334,0,8,184,0,0,0,0,0,0,0,0,0,184,0.9167187499999999,176.01,0.0,True,False
192,4 48,192,12.01,0,1.25,True,10500,0.14583333333333334,0,8,184,0,0,0,0,0,0,0,0,0,184,0.9167187499999999,176.01,0.0,True,False
192,4 48,192,12.01,0,1.25,True,11000,0.14583333333333334,0,8,184,0,0,0,0,0,0,0,0,0,184,0.9167187499999999,176.01,0.0,True,False
192,4 48,192,12.01,0,1.25,True,11500,0.14583333333333334,0,8,184,0,0,0,0,0,0,0,0,0,184,0.9167187499999999,176.01,0.0,True,False
192,4 48,192,12.01,0,1.25,True,12000,0.14583333333333334,0,8,184,0,0,0,0,0,0,0,0,0,184,0.9167187499999999,176.01,0.0,True,False
192,4 48,192,12.01,0,1.25,True,12500,0.14583333333333334,0,8,184,0,0,0,0,0,0,0,0,0,184,0.9167187499999999,176.01,0.0,True,False
192,4 48,192,12.01,0,1.25,True,13000,0.14583333333333334,0,8,184,0,0,0,0,0,0,0,0,0,184,0.9167187499999999,176.01,0.0,True,False
192,4 48,192,12.01,0,1.25,True,13500,0.14583333333333334,0,8,184,0,0,0,0,0,0,0,0,0,184,0.9167187499999999,176.01,0.0,True,False
192,4 48,192,12.01,0,1.25,True,14000,0.17708333333333334,0,4,188,0,0,0,0,0,0,0,0,0,188,0.8854687499999999,170.01,0.0,True,False
192,4 48,192,12.01,0,1.25,True,14500,0.07291666666666667,0,4,188,0,0,0,0,0,0,0,0,0,188,0.9896354166666667,190.01,0.0,True,False
192,4 48,192,12.01,0,1.25,True,15000,0.17708333333333334,0,6,184,2,0,0,0,0,0,1,2,2,184,0.8854687499999999,170.01,0.0,True,False
192,4 48,192,12.01,0,1.25,True,15500,0.07291666666666667,0,4,188,0,0,0,0,0,0,0,0,0,188,0.9896354166666667,190.01,0.0,True,False
192,4 48,192,12.01,0,1.25,True,16000,0.19791666666666666,0,9,182,1,0,0,0,0,0,1,1,1,182,0.8646354166666667,166.01,0.0,True,False
192,4 48,192,12.01,0,1.25,True,16500,0.14583333333333334,0,8,184,0,0,0,0,0,0,0,0,0,184,0.9167187499999999,176.01,0.0,True,False
192,4 48,192,12.01,0,1.25,True,17000,0.14583333333333334,0,8,184,0,0,0,0,0,0,0,0,0,184,0.9167187499999999,176.01,0.0,True,False
192,4 48,192,12.01,0,1.25,True,17500,0.17708333333333334,0,6,184,2,0,0,0,0,0,1,2,2,184,0.8854687499999999,170.01,0.0,True,False
192,4 48,192,12.01,0,1.25,True,18000,0.07291666666666667,0,4,188,0,0,0,0,0,0,0,0,0,188,0.9896354166666667,190.01,0.0,True,False
192,4 48,192,12.01,0,1.25,True,18500,0.14583333333333334,0,8,184,0,0,0,0,0,0,0,0,0,184,0.9167187499999999,176.01,0.0,True,False
192,4 48,192,12.01,0,1.25,True,19000,0.14583333333333334,0,8,184,0,0,0,0,0,0,0,0,0,184,0.9167187499999999,176.01,0.0,True,False
192,4 48,192,12.01,0,1.25,True,19500,0.14583333333333334,0,8,184,0,0,0,0,0,0,0,0,0,184,0.9167187499999999,176.01,0.0,True,False
192,4 48,192,12.01,0,1.25,True,20000,0.14583333333333334,0,8,184,0,0,0,0,0,0,0,0,0,184,0.9167187499999999,176.01,0.0,True,False
192,4 48,192,12.01,0,1.25,True,20500,0.14583333333333334,0,8,184,0,0,0,0,0,0,0,0,0,184,0.9167187499999999,176.01,0.0,True,False
192,4 48,192,12.01,0,1.25,True,21000,0.14583333333333334,0,8,184,0,0,0,0,0,0,0,0,0,184,0.9167187499999999,176.01,0.0,True,False
192,4 48,192,12.01,0,1.25,True,21500,0.14583333333333334,0,8,184,0,0,0,0,0,0,0,0,0,184,0.9167187499999999,176.01,0.0,True,False
192,4 48,192,12.01,0,1.25,True,22000,0.21875,0,12,180,0,0,0,0,0,0,0,0,0,180,0.8438020833333333,162.01,0.0,True,False
192,4 48,192,12.01,0,1.25,True,22500,0.17708333333333334,0,6,184,2,0,0,0,0,0,1,2,2,184,0.8854687499999999,170.01,0.0,True,False
192,4 48,192,12.01,0,1.25,True,23000,0.17708333333333334,0,6,184,2,0,0,0,0,0,1,2,2,184,0.8854687499999999,170.01,0.0,True,False
192,4 48,192,12.01,0,1.25,True,23500,0.17708333333333334,0,6,184,2,0,0,0,0,0,1,2,2,184,0.8854687499999999,170.01,0.0,True,False
192,4 48,192,12.01,0,1.25,True,24000,0.14583333333333334,0,8,184,0,0,0,0,0,0,0,0,0,184,0.9167187499999999,176.01,0.0,True,False
192,4 48,192,12.01,0,1.25,True,24500,0.14583333333333334,0,8,184,0,0,0,0,0,0,0,0,0,184,0.9167187499999999,176.01,0.0,True,False
192,4 48,192,12.01,0,1.25,True,25000,0.14583333333333334,0,8,184,0,0,0,0,0,0,0,0,0,184,0.9167187499999999,176.01,0.0,True,False
192,4 48,192,12.01,0,1.25,True,25500,0.14583333333333334,0,8,184,0,0,0,0,0,0,0,0,0,184,0.9167187499999999,176.01,0.0,True,False
192,4 48,192,12.01,0,1.25,True,26000,0.07291666666666667,0,4,188,0,0,0,0,0,0,0,0,0,188,0.9896354166666667,190.01,0.0,True,False
192,4 48,192,12.01,0,1.25,True,26500,0.17708333333333334,0,4,188,0,0,0,0,0,0,0,0,0,188,0.8854687499999999,170.01,0.0,True,False
192,4 48,192,12.01,0,1.25,True,27000,0.28125,0,4,188,0,0,0,0,0,0,0,0,0,188,0.7813020833333333,150.01,0.0,True,False
192,4 48,192,12.01,0,1.25,True,27500,0.2708333333333333,0,0,184,8,0,0,0,0,0,1,8,8,184,0.7917187499999999,152.01,0.0,True,False
192,4 48,192,12.01,0,1.25,True,28000,0.23958333333333334,0,4,180,8,0,0,0,0,0,1,8,8,122,0.8229687499999999,158.01,0.0,True,False
192,4 48,192,12.01,0,1.25,True,28500,0.34375,0,16,176,0,0,0,0,0,0,0,0,0,176,0.7188020833333333,138.01,0.0,True,False
192,4 48,192,12.01,0,1.25,True,29000,0.28125,0,4,188,0,0,0,0,0,0,0,0,0,188,0.7813020833333333,150.01,0.0,True,False
192,4 48,192,12.01,0,1.25,True,29500,0.28125,0,4,188,0,0,0,0,0,0,0,0,0,188,0.7813020833333333,150.01,0.0,True,False
192,4 48,192,12.01,0,1.25,True,30000,0.28125,0,4,188,0,0,0,0,0,0,0,0,0,188,0.7813020833333333,150.01,0.0,True,False
192,4 48,192,12.01,0,1.25,True,30500,0.28125,0,4,188,0,0,0,0,0,0,0,0,0,188,0.7813020833333333,150.01,0.0,True,False
192,4 48,192,12.01,0,1.25,True,31000,0.3125,0,2,188,2,0,0,0,0,0,1,2,2,188,0.7500520833333333,144.01,0.0,True,False
192,4 48,192,12.01,0,1.25,True,31500,0.34375,0,4,180,8,0,0,0,0,0,1,8,8,122,0.7188020833333333,138.01,0.0,True,False
192,4 48,192,12.01,0,1.25,True,32000,0.3125,0,4,184,4,0,0,0,0,0,2,2,4,122,0.7500520833333333,144.01,0.0,True,False
192,4 48,192,12.01,0,1.25,True,32500,0.3125,0,4,184,4,0,0,0,0,0,2,2,4,126,0.7500520833333333,144.01,0.0,True,False
192,4 48,192,12.01,0,1.25,True,33000,0.28125,0,4,188,0,0,0,0,0,0,0,0,0,188,0.7813020833333333,150.01,0.0,True,False
192,4 48,192,12.01,0,1.25,True,33500,0.28125,0,8,180,4,0,0,0,0,0,2,2,4,180,0.7813020833333333,150.01,0.0,True,False
192,4 48,192,12.01,0,1.25,True,34000,0.25,0,10,180,2,0,0,0,0,0,1,2,2,180,0.8125520833333333,156.01,0.0,True,False
192,4 48,192,12.01,0,1.25,True,34500,0.21875,0,12,180,0,0,0,0,0,0,0,0,0,180,0.8438020833333333,162.01,0.0,True,False
192,4 48,192,12.01,0,1.25,True,35000,0.25,0,10,180,2,0,0,0,0,0,1,2,2,180,0.8125520833333333,156.01,0.0,True,False
192,4 48,192,12.01,0,1.25,True,35500,0.25,0,10,180,2,0,0,0,0,0,1,2,2,180,0.8125520833333333,156.01,0.0,True,False
192,4 48,192,12.01,0,1.25,True,36000,0.25,0,8,184,0,0,0,0,0,0,0,0,0,184,0.8125520833333333,156.01,0.0,True,False
192,4 48,192,12.01,0,1.25,True,36500,0.2708333333333333,0,13,178,1,0,0,0,0,0,1,1,1,178,0.7917187499999999,152.01,0.0,True,False
192,4 48,192,12.01,0,1.25,True,37000,0.3020833333333333,0,10,180,2,0,0,0,0,0,1,2,2,180,0.7604687499999999,146.01,0.0,True,False
192,4 48,192,12.01,0,1.25,True,37500,0.28125,0,6,184,2,0,0,0,0,0,1,2,2,184,0.7813020833333333,150.01,0.0,True,False
192,4 48,192,12.01,0,1.25,True,38000,0.3125,0,4,184,4,0,0,0,0,0,2,2,4,184,0.7500520833333333,144.01,0.0,True,False
192,4 48,192,12.01,0,1.25,True,38500,0.3333333333333333,0,6,184,2,0,0,0,0,0,1,2,2,184,0.7292187499999999,140.01,0.0,True,False
192,4 48,192,12.01,0,1.25,True,39000,0.28125,0,4,188,0,0,0,0,0,0,0,0,0,188,0.7813020833333333,150.01,0.0,True,False
192,4 48,192,12.01,0,1.25,True,39500,0.3125,0,6,180,6,0,0,0,0,0,3,2,6,180,0.7500520833333333,144.01,0.0,True,False
192,4 48,192,12.01,0,1.25,True,40000,0.21875,0,12,180,0,0,0,0,0,0,0,0,0,180,0.8438020833333333,162.01,0.0,True,False
192,4 48,192,12.01,0,1.25,True,40500,0.14583333333333334,0,8,184,0,0,0,0,0,0,0,0,0,184,0.9167187499999999,176.01,0.0,True,False
192,4 48,192,12.01,0,1.25,True,41000,0.14583333333333334,0,8,184,0,0,0,0,0,0,0,0,0,184,0.9167187499999999,176.01,0.0,True,False
192,4 48,192,12.01,0,1.25,True,41500,0.21875,0,12,180,0,0,0,0,0,0,0,0,0,180,0.8438020833333333,162.01,0.0,True,False
192,4 48,192,12.01,0,1.25,True,42000,0.21875,0,12,180,0,0,0,0,0,0,0,0,0,180,0.8438020833333333,162.01,0.0,True,False
192,4 48,192,12.01,0,1.25,True,42500,0.2708333333333333,0,13,178,1,0,0,0,0,0,1,1,1,178,0.7917187499999999,152.01,0.0,True,False
192,4 48,192,12.01,0,1.25,True,43000,0.25,0,10,180,2,0,0,0,0,0,1,2,2,180,0.8125520833333333,156.01,0.0,True,False
192,4 48,192,12.01,0,1.25,True,43500,0.21875,0,12,180,0,0,0,0,0,0,0,0,0,180,0.8438020833333333,162.01,0.0,True,False
192,4 48,192,12.01,0,1.25,True,44000,0.25,0,10,180,2,0,0,0,0,0,1,2,2,180,0.8125520833333333,156.01,0.0,True,False
192,4 48,192,12.01,0,1.25,True,44500,0.3125,0,6,180,6,0,0,0,0,0,1,6,6,180,0.7500520833333333,144.01,0.0,True,False
192,4 48,192,12.01,0,1.25,True,45000,0.25,0,8,184,0,0,0,0,0,0,0,0,0,184,0.8125520833333333,156.01,0.0,True,False
192,4 48,192,12.01,0,1.25,True,45500,0.3020833333333333,0,8,184,0,0,0,0,0,0,0,0,0,184,0.7604687499999999,146.01,0.0,True,False
192,4 48,192,12.01,0,1.25,True,46000,0.21875,0,12,180,0,0,0,0,0,0,0,0,0,180,0.8438020833333333,162.01,0.0,True,False
192,4 48,192,12.01,0,1.25,True,46500,0.3229166666666667,0,3,178,11,0,0,0,0,0,1,11,11,178,0.7396354166666667,142.01,0.0,True,False
192,4 48,192,12.01,0,1.25,True,47000,0.3125,0,4,184,4,0,0,0,0,0,2,2,4,184,0.7500520833333333,144.01,0.0,True,False
192,4 48,192,12.01,0,1.25,True,47500,0.3125,0,6,180,6,0,0,0,0,0,3,3,6,106,0.7500520833333333,144.01,0.0,True,False
192,4 48,192,12.01,0,1.25,True,48000,0.21875,0,12,180,0,0,0,0,0,0,0,0,0,106,0.8438020833333333,162.01,0.0,True,False
192,4 48,192,12.01,0,1.25,True,48500,0.2604166666666667,0,5,182,5,0,0,0,0,0,2,3,5,106,0.8021354166666667,154.01,0.0,True,False
192,4 48,192,12.01,0,1.25,True,49000,0.265625,0,4,182,4,2,0,0,0,2,3,2,6,106,0.7969270833333333,153.01,0.0,True,False
192,4 48,192,12.01,0,1.25,True,49500,0.2708333333333333,0,2,180,10,0,0,0,0,0,1,10,10,104,0.7917187499999999,152.01,0.0,True,False
192,4 48,192,12.01,0,1.25,True,50000,0.2708333333333333,0,2,180,10,0,0,0,0,0,1,10,10,104,0.7917187499999999,152.01,0.0,True,False
192,4 48,192,12.01,0,1.25,True,50500,0.23958333333333334,0,4,180,8,0,0,0,0,0,1,8,8,102,0.8229687499999999,158.01,0.0,True,False
192,4 48,192,12.01,0,1.25,True,51000,0.10416666666666667,0,0,192,0,0,0,0,0,0,0,0,0,108,0.9583854166666667,184.01,0.0,True,False
192,4 48,192,12.01,0,1.25,True,51500,0.2604166666666667,0,20,172,0,0,0,0,0,0,0,0,0,92,0.8021354166666667,154.01,0.0,True,False
192,4 48,192,12.01,0,1.25,True,52000,0.14583333333333334,0,8,184,0,0,0,0,0,0,0,0,0,104,0.9167187499999999,176.01,0.0,True,False
192,4 48,192,12.01,0,1.25,True,52500,0.14583333333333334,0,8,184,0,0,0,0,0,0,0,0,0,104,0.9167187499999999,176.01,0.0,True,False
192,4 48,192,12.01,0,1.25,True,53000,0.234375,0,6,180,6,0,0,0,0,0,1,6,6,180,0.8281770833333333,159.01,0.0,True,False
192,4 48,192,12.01,0,1.25,True,53500,0.17708333333333334,0,6,184,2,0,0,0,0,0,1,2,2,184,0.8854687499999999,170.01,0.0,True,False
192,4 48,192,12.01,0,1.25,True,54000,0.14583333333333334,0,8,184,0,0,0,0,0,0,0,0,0,184,0.9167187499999999,176.01,0.0,True,False
192,4 48,192,12.01,0,1.25,True,54500,0.14583333333333334,0,8,184,0,0,0,0,0,0,0,0,0,184,0.9167187499999999,176.01,0.0,True,False
192,4 48,192,12.01,0,1.25,True,55000,0.14583333333333334,0,8,184,0,0,0,0,0,0,0,0,0,184,0.9167187499999999,176.01,0.0,True,False
192,4 48,192,12.01,0,1.25,True,55500,0.14583333333333334,0,8,184,0,0,0,0,0,0,0,0,0,184,0.9167187499999999,176.01,0.0,True,False
192,4 48,192,12.01,0,1.25,True,56000,0.14583333333333334,0,8,184,0,0,0,0,0,0,0,0,0,184,0.9167187499999999,176.01,0.0,True,False
192,4 48,192,12.01,0,1.25,True,56500,0.14583333333333334,0,8,184,0,0,0,0,0,0,0,0,0,184,0.9167187499999999,176.01,0.0,True,False
192,4 48,192,12.01,0,1.25,True,57000,0.07291666666666667,0,4,188,0,0,0,0,0,0,0,0,0,188,0.9896354166666667,190.01,0.0,True,False
192,4 48,192,12.01,0,1.25,True,57500,0.14583333333333334,0,8,184,0,0,0,0,0,0,0,0,0,184,0.9167187499999999,176.01,0.0,True,False
192,4 48,192,12.01,0,1.25,True,58000,0.17708333333333334,0,6,184,2,0,0,0,0,0,1,2,2,184,0.8854687499999999,170.01,0.0,True,False
192,4 48,192,12.01,0,1.25,True,58500,0.19791666666666666,0,9,182,1,0,0,0,0,0,1,1,1,182,0.8646354166666667,166.01,0.0,True,False
192,4 48,192,12.01,0,1.25,True,59000,0.14583333333333334,0,8,184,0,0,0,0,0,0,0,0,0,184,0.9167187499999999,176.01,0.0,True,False
192,4 48,192,12.01,0,1.25,True,59500,0.20833333333333334,0,4,184,4,0,0,0,0,0,2,2,4,184,0.8542187499999999,164.01,0.0,True,False
192,4 48,192,12.01,0,1.25,True,60000,0.14583333333333334,0,8,184,0,0,0,0,0,0,0,0,0,184,0.9167187499999999,176.01,0.0,True,False
192,4 48,192,12.01,0,1.25,True,60500,0.14583333333333334,0,8,184,0,0,0,0,0,0,0,0,0,184,0.9167187499999999,176.01,0.0,True,False
192,4 48,192,12.01,0,1.25,True,61000,0.21875,0,12,180,0,0,0,0,0,0,0,0,0,180,0.8438020833333333,162.01,0.0,True,False
192,4 48,192,12.01,0,1.25,True,61500,0.17708333333333334,0,6,184,2,0,0,0,0,0,1,2,2,184,0.8854687499999999,170.01,0.0,True,False
192,4 48,192,12.01,0,1.25,True,62000,0.14583333333333334,0,8,184,0,0,0,0,0,0,0,0,0,184,0.9167187499999999,176.01,0.0,True,False
192,4 48,192,12.01,0,1.25,True,62500,0.19791666666666666,0,9,182,1,0,0,0,0,0,1,1,1,182,0.8646354166666667,166.01,0.0,True,False
192,4 48,192,12.01,0,1.25,True,63000,0.17708333333333334,0,6,184,2,0,0,0,0,0,1,2,2,184,0.8854687499999999,170.01,0.0,True,False
192,4 48,192,12.01,0,1.25,True,63500,0.22916666666666666,0,7,182,3,0,0,0,0,0,2,2,3,182,0.8333854166666667,160.01,0.0,True,False
192,4 48,192,12.01,0,1.25,True,64000,0.17708333333333334,0,4,188,0,0,0,0,0,0,0,0,0,188,0.8854687499999999,170.01,0.0,True,False
192,4 48,192,12.01,0,1.25,True,64500,0.17708333333333334,0,6,184,2,0,0,0,0,0,1,2,2,184,0.8854687499999999,170.01,0.0,True,False
192,4 48,192,12.01,0,1.25,True,65000,0.19791666666666666,0,8,184,0,0,0,0,0,0,0,0,0,184,0.8646354166666667,166.01,0.0,True,False
192,4 48,192,12.01,0,1.25,True,65500,0.14583333333333334,0,8,184,0,0,0,0,0,0,0,0,0,184,0.9167187499999999,176.01,0.0,True,False
192,4 48,192,12.01,0,1.25,True,66000,0.125,0,5,186,1,0,0,0,0,0,1,1,1,186,0.9375520833333333,180.01,0.0,True,False
192,4 48,192,12.01,0,1.25,True,66500,0.125,0,5,186,1,0,0,0,0,0,1,1,1,186,0.9375520833333333,180.01,0.0,True,False
192,4 48,192,12.01,0,1.25,True,67000,0.14583333333333334,0,8,184,0,0,0,0,0,0,0,0,0,184,0.9167187499999999,176.01,0.0,True,False
192,4 48,192,12.01,0,1.25,True,67500,0.20833333333333334,0,0,192,0,0,0,0,0,0,0,0,0,192,0.8542187499999999,164.01,0.0,True,False
192,4 48,192,12.01,0,1.25,True,68000,0.20833333333333334,0,0,192,0,0,0,0,0,0,0,0,0,192,0.8542187499999999,164.01,0.0,True,False
192,4 48,192,12.01,0,1.25,True,68500,0.20833333333333334,0,4,184,4,0,0,0,0,0,2,2,4,184,0.8542187499999999,164.01,0.0,True,False
192,4 48,192,12.01,0,1.25,True,69000,0.20833333333333334,0,4,184,4,0,0,0,0,0,2,2,4,184,0.8542187499999999,164.01,0.0,True,False
192,4 48,192,12.01,0,1.25,True,69500,0.23958333333333334,0,2,184,6,0,0,0,0,0,1,6,6,184,0.8229687499999999,158.01,0.0,True,False
192,4 48,192,12.01,0,1.25,True,70000,0.23958333333333334,0,2,184,6,0,0,0,0,0,2,4,6,104,0.8229687499999999,158.01,0.0,True,False
192,4 48,192,12.01,0,1.25,True,70500,0.17708333333333334,0,6,184,2,0,0,0,0,0,1,2,2,104,0.8854687499999999,170.01,0.0,True,False
192,4 48,192,12.01,0,1.25,True,71000,0.17708333333333334,0,6,184,2,0,0,0,0,0,1,2,2,104,0.8854687499999999,170.01,0.0,True,False
192,4 48,192,12.01,0,1.25,True,71500,0.14583333333333334,0,8,184,0,0,0,0,0,0,0,0,0,104,0.9167187499999999,176.01,0.0,True,False
192,4 48,192,12.01,0,1.25,True,72000,0.17708333333333334,0,6,184,2,0,0,0,0,0,1,2,2,104,0.8854687499999999,170.01,0.0,True,False
192,4 48,192,12.01,0,1.25,True,72500,0.10416666666666667,0,2,188,2,0,0,0,0,0,1,2,2,104,0.9583854166666667,184.01,0.0,True,False
192,4 48,192,12.01,0,1.25,True,73000,0.17708333333333334,0,4,188,0,0,0,0,0,0,0,0,0,104,0.8854687499999999,170.01,0.0,True,False
192,4 48,192,12.01,0,1.25,True,73500,0.234375,0,6,180,6,0,0,0,0,0,1,6,6,100,0.8281770833333333,159.01,0.0,True,False
192,4 48,192,12.01,0,1.25,True,74000,0.14583333333333334,0,8,184,0,0,0,0,0,0,0,0,0,104,0.9167187499999999,176.01,0.0,True,False
192,4 48,192,12.01,0,1.25,True,74500,0.19791666666666666,0,8,184,0,0,0,0,0,0,0,0,0,104,0.8646354166666667,166.01,0.0,True,False
192,4 48,192,12.01,0,1.25,True,75000,0.14583333333333334,0,8,184,0,0,0,0,0,0,0,0,0,104,0.9167187499999999,176.01,0.0,True,False
192,4 48,192,12.01,0,1.25,True,75500,0.14583333333333334,0,8,184,0,0,0,0,0,0,0,0,0,104,0.9167187499999999,176.01,0.0,True,False
192,4 48,192,12.01,0,1.25,True,76000,0.19791666666666666,0,8,184,0,0,0,0,0,0,0,0,0,104,0.8646354166666667,166.01,0.0,True,False
192,4 48,192,12.01,0,1.25,True,76500,0.14583333333333334,0,8,184,0,0,0,0,0,0,0,0,0,104,0.9167187499999999,176.01,0.0,True,False
192,4 48,192,12.01,0,1.25,True,77000,0.23958333333333334,0,16,176,0,0,0,0,0,0,0,0,0,96,0.8229687499999999,158.01,0.0,True,False
192,4 48,192,12.01,0,1.25,True,77500,0.20833333333333334,0,4,184,4,0,0,0,0,0,2,2,4,104,0.8542187499999999,164.01,0.0,True,False
192,4 48,192,12.01,0,1.25,True,78000,0.23958333333333334,0,2,184,6,0,0,0,0,0,2,4,6,104,0.8229687499999999,158.01,0.0,True,False
192,4 48,192,12.01,0,1.25,True,78500,0.07291666666666667,0,4,188,0,0,0,0,0,0,0,0,0,104,0.9896354166666667,190.01,0.0,True,False
192,4 48,192,12.01,0,1.25,True,79000,0.17708333333333334,0,4,188,0,0,0,0,0,0,0,0,0,104,0.8854687499999999,170.01,0.0,True,False
192,4 48,192,12.01,0,1.25,True,79500,0.17708333333333334,0,6,184,2,0,0,0,0,0,1,2,2,104,0.8854687499999999,170.01,0.0,True,False
192,4 48,192,12.01,0,1.25,True,80000,0.17708333333333334,0,6,184,2,0,0,0,0,0,1,2,2,104,0.8854687499999999,170.01,0.0,True,False
192,4 48,192,12.01,0,1.25,True,80500,0.10416666666666667,0,0,192,0,0,0,0,0,0,0,0,0,108,0.9583854166666667,184.01,0.0,True,False
192,4 48,192,12.01,0,1.25,True,81000,0.17708333333333334,0,6,184,2,0,0,0,0,0,1,2,2,104,0.8854687499999999,170.01,0.0,True,False
192,4 48,192,12.01,0,1.25,True,81500,0.25,0,10,180,2,0,0,0,0,0,1,2,2,100,0.8125520833333333,156.01,0.0,True,False
192,4 48,192,12.01,0,1.25,True,82000,0.2708333333333333,0,2,180,10,0,0,0,0,0,1,10,10,104,0.7917187499999999,152.01,0.0,True,False
192,4 48,192,12.01,0,1.25,True,82500,0.23958333333333334,0,2,184,6,0,0,0,0,0,2,4,6,104,0.8229687499999999,158.01,0.0,True,False
192,4 48,192,12.01,0,1.25,True,83000,0.07291666666666667,0,4,188,0,0,0,0,0,0,0,0,0,108,0.9896354166666667,190.01,0.0,True,False
192,4 48,192,12.01,0,1.25,True,83500,0.14583333333333334,0,8,184,0,0,0,0,0,0,0,0,0,104,0.9167187499999999,176.01,0.0,True,False
192,4 48,192,12.01,0,1.25,True,84000,0.14583333333333334,0,8,184,0,0,0,0,0,0,0,0,0,104,0.9167187499999999,176.01,0.0,True,False
192,4 48,192,12.01,0,1.25,True,84500,0.14583333333333334,0,8,184,0,0,0,0,0,0,0,0,0,104,0.9167187499999999,176.01,0.0,True,False
192,4 48,192,12.01,0,1.25,True,85000,0.10416666666666667,0,0,192,0,0,0,0,0,0,0,0,0,108,0.9583854166666667,184.01,0.0,True,False
192,4 48,192,12.01,0,1.25,True,85500,0.14583333333333334,0,8,184,0,0,0,0,0,0,0,0,0,104,0.9167187499999999,176.01,0.0,True,False
192,4 48,192,12.01,0,1.25,True,86000,0.19791666666666666,0,8,184,0,0,0,0,0,0,0,0,0,104,0.8646354166666667,166.01,0.0,True,False
192,4 48,192,12.01,0,1.25,True,86500,0.14583333333333334,0,8,184,0,0,0,0,0,0,0,0,0,104,0.9167187499999999,176.01,0.0,True,False
192,4 48,192,12.01,0,1.25,True,87000,0.23958333333333334,0,2,184,6,0,0,0,0,0,1,6,6,104,0.8229687499999999,158.01,0.0,True,False
192,4 48,192,12.01,0,1.25,True,87500,0.07291666666666667,0,4,188,0,0,0,0,0,0,0,0,0,108,0.9896354166666667,190.01,0.0,True,False
192,4 48,192,12.01,0,1.25,True,88000,0.23958333333333334,0,2,184,6,0,0,0,0,0,2,4,6,104,0.8229687499999999,158.01,0.0,True,False
192,4 48,192,12.01,0,1.25,True,88500,0.20833333333333334,0,4,184,4,0,0,0,0,0,2,2,4,104,0.8542187499999999,164.01,0.0,True,False
192,4 48,192,12.01,0,1.25,True,89000,0.20833333333333334,0,4,184,4,0,0,0,0,0,2,2,4,184,0.8542187499999999,164.01,0.0,True,False
192,4 48,192,12.01,0,1.25,True,89500,0.2916666666666667,0,3,182,7,0,0,0,0,0,1,7,7,182,0.7708854166666667,148.01,0.0,True,False
192,4 48,192,12.01,0,1.25,True,90000,0.23958333333333334,0,2,184,6,0,0,0,0,0,1,6,6,184,0.8229687499999999,158.01,0.0,True,False
192,4 48,192,12.01,0,1.25,True,90500,0.20833333333333334,0,4,184,4,0,0,0,0,0,2,2,4,108,0.8542187499999999,164.01,0.0,True,False
192,4 48,192,12.01,0,1.25,True,91000,0.14583333333333334,0,8,184,0,0,0,0,0,0,0,0,0,184,0.9167187499999999,176.01,0.0,True,False
192,4 48,192,12.01,0,1.25,True,91500,0.17708333333333334,0,4,188,0,0,0,0,0,0,0,0,0,188,0.8854687499999999,170.01,0.0,True,False
192,4 48,192,12.01,0,1.25,True,92000,0.23958333333333334,0,2,184,6,0,0,0,0,0,1,6,6,184,0.8229687499999999,158.01,0.0,True,False
192,4 48,192,12.01,0,1.25,True,92500,0.10416666666666667,0,2,188,2,0,0,0,0,0,1,2,2,188,0.9583854166666667,184.01,0.0,True,False
192,4 48,192,12.01,0,1.25,True,93000,0.10416666666666667,0,2,188,2,0,0,0,0,0,1,2,2,188,0.9583854166666667,184.01,0.0,True,False
192,4 48,192,12.01,0,1.25,True,93500,0.17708333333333334,0,6,184,2,0,0,0,0,0,1,2,2,184,0.8854687499999999,170.01,0.0,True,False
192,4 48,192,12.01,0,1.25,True,94000,0.14583333333333334,0,8,184,0,0,0,0,0,0,0,0,0,184,0.9167187499999999,176.01,0.0,True,False
192,4 48,192,12.01,0,1.25,True,94500,0.14583333333333334,0,8,184,0,0,0,0,0,0,0,0,0,184,0.9167187499999999,176.01,0.0,True,False
192,4 48,192,12.01,0,1.25,True,95000,0.20833333333333334,0,0,192,0,0,0,0,0,0,0,0,0,192,0.8542187499999999,164.01,0.0,True,False
192,4 48,192,12.01,0,1.25,True,95500,0.2708333333333333,0,2,180,10,0,0,0,0,0,1,10,10,100,0.7917187499999999,152.01,0.0,True,False
192,4 48,192,12.01,0,1.25,True,96000,0.2708333333333333,0,0,184,8,0,0,0,0,0,2,6,8,184,0.7917187499999999,152.01,0.0,True,False
192,4 48,192,12.01,0,1.25,True,96500,0.10416666666666667,0,2,188,2,0,0,0,0,0,1,2,2,188,0.9583854166666667,184.01,0.0,True,False
192,4 48,192,12.01,0,1.25,True,97000,0.23958333333333334,0,4,180,8,0,0,0,0,0,1,8,8,180,0.8229687499999999,158.01,0.0,True,False
192,4 48,192,12.01,0,1.25,True,97500,0.23958333333333334,0,4,180,8,0,0,0,0,0,1,8,8,180,0.8229687499999999,158.01,0.0,True,False
192,4 48,192,12.01,0,1.25,True,98000,0.23958333333333334,0,4,180,8,0,0,0,0,0,1,8,8,180,0.8229687499999999,158.01,0.0,True,False
192,4 48,192,12.01,0,1.25,True,98500,0.16666666666666666,0,0,184,8,0,0,0,0,0,1,8,8,184,0.8958854166666667,172.01,0.0,True,False
192,4 48,192,12.01,0,1.25,True,99000,0.17708333333333334,0,6,184,2,0,0,0,0,0,1,2,2,184,0.8854687499999999,170.01,0.0,True,False
192,4 48,192,12.01,0,1.25,True,99500,0.20833333333333334,0,2,188,2,0,0,0,0,0,1,2,2,188,0.8542187499999999,164.01,0.0,True,False
192,4 48,192,12.01,0,1.25,True,100000,0.17708333333333334,0,6,184,2,0,0,0,0,0,1,2,2,184,0.8854687499999999,170.01,0.0,True,True
192,4 48,192,12.01,1,1.25,True,0,1.0,0,192,0,0,0,0,0,0,0,0,0,0,0,0.06255208333333333,12.01,0.0,False,False
192,4 48,192,12.01,1,1.25,True,500,0.9791666666666666,0,168,24,0,0,0,0,0,0,0,0,0,24,0.08338541666666666,16.009999999999998,0.0,True,False
192,4 48,192,12.01,1,1.25,True,1000,0.6666666666666666,0,108,84,0,0,0,0,0,0,0,0,0,84,0.3958854166666666,76.00999999999999,0.0,True,False
192,4 48,192,12.01,1,1.25,True,1500,0.4583333333333333,0,68,124,0,0,0,0,0,0,0,0,0,124,0.6042187499999999,116.00999999999999,0.0,True,False
192,4 48,192,12.01,1,1.25,True,2000,0.10416666666666667,0,2,188,2,0,0,0,0,0,1,2,2,188,0.9583854166666667,184.01,0.0,True,False
192,4 48,192,12.01,1,1.25,True,2500,0.07291666666666667,0,4,188,0,0,0,0,0,0,0,0,0,188,0.9896354166666667,190.01,0.0,True,False
192,4 48,192,12.01,1,1.25,True,3000,0.0,0,0,192,0,0,0,0,0,0,0,0,0,192,1.0625520833333333,204.01,0.0,True,False
192,4 48,192,12.01,1,1.25,True,3500,0.10416666666666667,0,2,188,2,0,0,0,0,0,1,2,2,188,0.9583854166666667,184.01,0.0,True,False
192,4 48,192,12.01,1,1.25,True,4000,0.07291666666666667,0,4,188,0,0,0,0,0,0,0,0,0,188,0.9896354166666667,190.01,0.0,True,False
192,4 48,192,12.01,1,1.25,True,4500,0.07291666666666667,0,4,188,0,0,0,0,0,0,0,0,0,188,0.9896354166666667,190.01,0.0,True,False
192,4 48,192,12.01,1,1.25,True,5000,0.07291666666666667,0,4,188,0,0,0,0,0,0,0,0,0,188,0.9896354166666667,190.01,0.0,True,False
192,4 48,192,12.01,1,1.25,True,5500,0.125,0,5,186,1,0,0,0,0,0,1,1,1,186,0.9375520833333333,180.01,0.0,True,False
192,4 48,192,12.01,1,1.25,True,6000,0.07291666666666667,0,4,188,0,0,0,0,0,0,0,0,0,188,0.9896354166666667,190.01,0.0,True,False
192,4 48,192,12.01,1,1.25,True,6500,0.0,0,0,192,0,0,0,0,0,0,0,0,0,192,1.0625520833333333,204.01,0.0,True,False
192,4 48,192,12.01,1,1.25,True,7000,0.10416666666666667,0,2,188,2,0,0,0,0,0,1,2,2,188,0.9583854166666667,184.01,0.0,True,False
192,4 48,192,12.01,1,1.25,True,7500,0.07291666666666667,0,4,188,0,0,0,0,0,0,0,0,0,188,0.9896354166666667,190.01,0.0,True,False
192,4 48,192,12.01,1,1.25,True,8000,0.125,0,5,186,1,0,0,0,0,0,1,1,1,186,0.9375520833333333,180.01,0.0,True,False
192,4 48,192,12.01,1,1.25,True,8500,0.10416666666666667,0,2,188,2,0,0,0,0,0,1,2,2,188,0.9583854166666667,184.01,0.0,True,False
192,4 48,192,12.01,1,1.25,True,9000,0.07291666666666667,0,4,188,0,0,0,0,0,0,0,0,0,188,0.9896354166666667,190.01,0.0,True,False
192,4 48,192,12.01,1,1.25,True,9500,0.07291666666666667,0,4,188,0,0,0,0,0,0,0,0,0,188,0.9896354166666667,190.01,0.0,True,False
192,4 48,192,12.01,1,1.25,True,10000,0.07291666666666667,0,4,188,0,0,0,0,0,0,0,0,0,188,0.9896354166666667,190.01,0.0,True,False
192,4 48,192,12.01,1,1.25,True,10500,0.07291666666666667,0,4,188,0,0,0,0,0,0,0,0,0,188,0.9896354166666667,190.01,0.0,True,False
192,4 48,192,12.01,1,1.25,True,11000,0.07291666666666667,0,4,188,0,0,0,0,0,0,0,0,0,188,0.9896354166666667,190.01,0.0,True,False
192,4 48,192,12.01,1,1.25,True,11500,0.07291666666666667,0,4,188,0,0,0,0,0,0,0,0,0,188,0.9896354166666667,190.01,0.0,True,False
192,4 48,192,12.01,1,1.25,True,12000,0.07291666666666667,0,4,188,0,0,0,0,0,0,0,0,0,188,0.9896354166666667,190.01,0.0,True,False
192,4 48,192,12.01,1,1.25,True,12500,0.10416666666666667,0,0,192,0,0,0,0,0,0,0,0,0,192,0.9583854166666667,184.01,0.0,True,False
192,4 48,192,12.01,1,1.25,True,13000,0.125,0,4,188,0,0,0,0,0,0,0,0,0,188,0.9375520833333333,180.01,0.0,True,False
192,4 48,192,12.01,1,1.25,True,13500,0.07291666666666667,0,4,188,0,0,0,0,0,0,0,0,0,188,0.9896354166666667,190.01,0.0,True,False
192,4 48,192,12.01,1,1.25,True,14000,0.07291666666666667,0,4,188,0,0,0,0,0,0,0,0,0,188,0.9896354166666667,190.01,0.0,True,False
192,4 48,192,12.01,1,1.25,True,14500,0.07291666666666667,0,4,188,0,0,0,0,0,0,0,0,0,188,0.9896354166666667,190.01,0.0,True,False
192,4 48,192,12.01,1,1.25,True,15000,0.07291666666666667,0,4,188,0,0,0,0,0,0,0,0,0,188,0.9896354166666667,190.01,0.0,True,False
192,4 48,192,12.01,1,1.25,True,15500,0.07291666666666667,0,4,188,0,0,0,0,0,0,0,0,0,188,0.9896354166666667,190.01,0.0,True,False
192,4 48,192,12.01,1,1.25,True,16000,0.10416666666666667,0,0,192,0,0,0,0,0,0,0,0,0,192,0.9583854166666667,184.01,0.0,True,False
192,4 48,192,12.01,1,1.25,True,16500,0.125,0,4,188,0,0,0,0,0,0,0,0,0,188,0.9375520833333333,180.01,0.0,True,False
192,4 48,192,12.01,1,1.25,True,17000,0.15104166666666666,0,6,184,2,0,0,0,0,0,1,2,2,184,0.9115104166666667,175.01,0.0,True,False
192,4 48,192,12.01,1,1.25,True,17500,0.10416666666666667,0,2,188,2,0,0,0,0,0,1,2,2,188,0.9583854166666667,184.01,0.0,True,False
192,4 48,192,12.01,1,1.25,True,18000,0.17708333333333334,0,6,184,2,0,0,0,0,0,1,2,2,184,0.8854687499999999,170.01,0.0,True,False
192,4 48,192,12.01,1,1.25,True,18500,0.10416666666666667,0,2,188,2,0,0,0,0,0,1,2,2,188,0.9583854166666667,184.01,0.0,True,False
192,4 48,192,12.01,1,1.25,True,19000,0.10416666666666667,0,2,188,2,0,0,0,0,0,1,2,2,188,0.9583854166666667,184.01,0.0,True,False
192,4 48,192,12.01,1,1.25,True,19500,0.10416666666666667,0,0,192,0,0,0,0,0,0,0,0,0,192,0.9583854166666667,184.01,0.0,True,False
192,4 48,192,12.01,1,1.25,True,20000,0.07291666666666667,0,4,188,0,0,0,0,0,0,0,0,0,188,0.9896354166666667,190.01,0.0,True,False
192,4 48,192,12.01,1,1.25,True,20500,0.10416666666666667,0,2,188,2,0,0,0,0,0,1,2,2,188,0.9583854166666667,184.01,0.0,True,False
192,4 48,192,12.01,1,1.25,True,21000,0.07291666666666667,0,4,188,0,0,0,0,0,0,0,0,0,188,0.9896354166666667,190.01,0.0,True,False
192,4 48,192,12.01,1,1.25,True,21500,0.125,0,5,186,1,0,0,0,0,0,1,1,1,186,0.9375520833333333,180.01,0.0,True,False
192,4 48,192,12.01,1,1.25,True,22000,0.07291666666666667,0,4,188,0,0,0,0,0,0,0,0,0,188,0.9896354166666667,190.01,0.0,True,False
192,4 48,192,12.01,1,1.25,True,22500,0.07291666666666667,0,4,188,0,0,0,0,0,0,0,0,0,188,0.9896354166666667,190.01,0.0,True,False
192,4 48,192,12.01,1,1.25,True,23000,0.0,0,0,192,0,0,0,0,0,0,0,0,0,192,1.0625520833333333,204.01,0.0,True,False
192,4 48,192,12.01,1,1.25,True,23500,0.07291666666666667,0,4,188,0,0,0,0,0,0,0,0,0,188,0.9896354166666667,190.01,0.0,True,False
192,4 48,192,12.01,1,1.25,True,24000,0.10416666666666667,0,0,192,0,0,0,0,0,0,0,0,0,192,0.9583854166666667,184.01,0.0,True,False
192,4 48,192,12.01,1,1.25,True,24500,0.07291666666666667,0,4,188,0,0,0,0,0,0,0,0,0,188,0.9896354166666667,190.01,0.0,True,False
192,4 48,192,12.01,1,1.25,True,25000,0.07291666666666667,0,4,188,0,0,0,0,0,0,0,0,0,188,0.9896354166666667,190.01,0.0,True,False
192,4 48,192,12.01,1,1.25,True,25500,0.10416666666666667,0,2,188,2,0,0,0,0,0,1,2,2,188,0.9583854166666667,184.01,0.0,True,False
192,4 48,192,12.01,1,1.25,True,26000,0.125,0,4,188,0,0,0,0,0,0,0,0,0,188,0.9375520833333333,180.01,0.0,True,False
192,4 48,192,12.01,1,1.25,True,26500,0.07291666666666667,0,4,188,0,0,0,0,0,0,0,0,0,188,0.9896354166666667,190.01,0.0,True,False
192,4 48,192,12.01,1,1.25,True,27000,0.07291666666666667,0,4,188,0,0,0,0,0,0,0,0,0,188,0.9896354166666667,190.01,0.0,True,False
192,4 48,192,12.01,1,1.25,True,27500,0.10416666666666667,0,2,188,2,0,0,0,0,0,1,2,2,188,0.9583854166666667,184.01,0.0,True,False
192,4 48,192,12.01,1,1.25,True,28000,0.14583333333333334,0,8,184,0,0,0,0,0,0,0,0,0,184,0.9167187499999999,176.01,0.0,True,False
192,4 48,192,12.01,1,1.25,True,28500,0.07291666666666667,0,4,188,0,0,0,0,0,0,0,0,0,188,0.9896354166666667,190.01,0.0,True,False
192,4 48,192,12.01,1,1.25,True,29000,0.10416666666666667,0,2,188,2,0,0,0,0,0,1,2,2,188,0.9583854166666667,184.01,0.0,True,False
192,4 48,192,12.01,1,1.25,True,29500,0.07291666666666667,0,4,188,0,0,0,0,0,0,0,0,0,188,0.9896354166666667,190.01,0.0,True,False
192,4 48,192,12.01,1,1.25,True,30000,0.10416666666666667,0,2,188,2,0,0,0,0,0,1,2,2,188,0.9583854166666667,184.01,0.0,True,False
192,4 48,192,12.01,1,1.25,True,30500,0.125,0,4,188,0,0,0,0,0,0,0,0,0,188,0.9375520833333333,180.01,0.0,True,False
192,4 48,192,12.01,1,1.25,True,31000,0.125,0,4,188,0,0,0,0,0,0,0,0,0,188,0.9375520833333333,180.01,0.0,True,False
192,4 48,192,12.01,1,1.25,True,31500,0.0,0,0,192,0,0,0,0,0,0,0,0,0,192,1.0625520833333333,204.01,0.0,True,False
192,4 48,192,12.01,1,1.25,True,32000,0.16145833333333334,0,2,184,6,0,0,0,0,0,1,6,6,184,0.9010937499999999,173.01,0.0,True,False
192,4 48,192,12.01,1,1.25,True,32500,0.07291666666666667,0,4,188,0,0,0,0,0,0,0,0,0,188,0.9896354166666667,190.01,0.0,True,False
192,4 48,192,12.01,1,1.25,True,33000,0.10416666666666667,0,0,192,0,0,0,0,0,0,0,0,0,192,0.9583854166666667,184.01,0.0,True,False
192,4 48,192,12.01,1,1.25,True,33500,0.0,0,0,192,0,0,0,0,0,0,0,0,0,192,1.0625520833333333,204.01,0.0,True,False
192,4 48,192,12.01,1,1.25,True,34000,0.10416666666666667,0,0,192,0,0,0,0,0,0,0,0,0,192,0.9583854166666667,184.01,0.0,True,False
192,4 48,192,12.01,1,1.25,True,34500,0.10416666666666667,0,2,188,2,0,0,0,0,0,1,2,2,188,0.9583854166666667,184.01,0.0,True,False
192,4 48,192,12.01,1,1.25,True,35000,0.10416666666666667,0,0,192,0,0,0,0,0,0,0,0,0,192,0.9583854166666667,184.01,0.0,True,False
192,4 48,192,12.01,1,1.25,True,35500,0.07291666666666667,0,4,188,0,0,0,0,0,0,0,0,0,188,0.9896354166666667,190.01,0.0,True,False
192,4 48,192,12.01,1,1.25,True,36000,0.10416666666666667,0,2,188,2,0,0,0,0,0,1,2,2,188,0.9583854166666667,184.01,0.0,True,False
192,4 48,192,12.01,1,1.25,True,36500,0.07291666666666667,0,4,188,0,0,0,0,0,0,0,0,0,188,0.9896354166666667,190.01,0.0,True,False
192,4 48,192,12.01,1,1.25,True,37000,0.125,0,4,188,0,0,0,0,0,0,0,0,0,188,0.9375520833333333,180.01,0.0,True,False
192,4 48,192,12.01,1,1.25,True,37500,0.07291666666666667,0,4,188,0,0,0,0,0,0,0,0,0,188,0.9896354166666667,190.01,0.0,True,False
192,4 48,192,12.01,1,1.25,True,38000,0.0,0,0,192,0,0,0,0,0,0,0,0,0,192,1.0625520833333333,204.01,0.0,True,False
192,4 48,192,12.01,1,1.25,True,38500,0.10416666666666667,0,2,188,2,0,0,0,0,0,1,2,2,188,0.9583854166666667,184.01,0.0,True,False
192,4 48,192,12.01,1,1.25,True,39000,0.07291666666666667,0,4,188,0,0,0,0,0,0,0,0,0,188,0.9896354166666667,190.01,0.0,True,False
192,4 48,192,12.01,1,1.25,True,39500,0.10416666666666667,0,2,188,2,0,0,0,0,0,1,2,2,188,0.9583854166666667,184.01,0.0,True,False
192,4 48,192,12.01,1,1.25,True,40000,0.14583333333333334,0,8,184,0,0,0,0,0,0,0,0,0,184,0.9167187499999999,176.01,0.0,True,False
192,4 48,192,12.01,1,1.25,True,40500,0.10416666666666667,0,2,188,2,0,0,0,0,0,1,2,2,188,0.9583854166666667,184.01,0.0,True,False
192,4 48,192,12.01,1,1.25,True,41000,0.07291666666666667,0,4,188,0,0,0,0,0,0,0,0,0,188,0.9896354166666667,190.01,0.0,True,False
192,4 48,192,12.01,1,1.25,True,41500,0.07291666666666667,0,4,188,0,0,0,0,0,0,0,0,0,188,0.9896354166666667,190.01,0.0,True,False
192,4 48,192,12.01,1,1.25,True,42000,0.07291666666666667,0,4,188,0,0,0,0,0,0,0,0,0,188,0.9896354166666667,190.01,0.0,True,False
192,4 48,192,12.01,1,1.25,True,42500,0.07291666666666667,0,4,188,0,0,0,0,0,0,0,0,0,188,0.9896354166666667,190.01,0.0,True,False
192,4 48,192,12.01,1,1.25,True,43000,0.07291666666666667,0,4,188,0,0,0,0,0,0,0,0,0,188,0.9896354166666667,190.01,0.0,True,False
192,4 48,192,12.01,1,1.25,True,43500,0.07291666666666667,0,4,188,0,0,0,0,0,0,0,0,0,188,0.9896354166666667,190.01,0.0,True,False
192,4 48,192,12.01,1,1.25,True,44000,0.10416666666666667,0,2,188,2,0,0,0,0,0,1,2,2,188,0.9583854166666667,184.01,0.0,True,False
192,4 48,192,12.01,1,1.25,True,44500,0.10416666666666667,0,0,192,0,0,0,0,0,0,0,0,0,192,0.9583854166666667,184.01,0.0,True,False
192,4 48,192,12.01,1,1.25,True,45000,0.07291666666666667,0,4,188,0,0,0,0,0,0,0,0,0,188,0.9896354166666667,190.01,0.0,True,False
192,4 48,192,12.01,1,1.25,True,45500,0.07291666666666667,0,4,188,0,0,0,0,0,0,0,0,0,188,0.9896354166666667,190.01,0.0,True,False
192,4 48,192,12.01,1,1.25,True,46000,0.07291666666666667,0,4,188,0,0,0,0,0,0,0,0,0,188,0.9896354166666667,190.01,0.0,True,False
192,4 48,192,12.01,1,1.25,True,46500,0.10416666666666667,0,2,188,2,0,0,0,0,0,1,2,2,188,0.9583854166666667,184.01,0.0,True,False
192,4 48,192,12.01,1,1.25,True,47000,0.10416666666666667,0,2,188,2,0,0,0,0,0,1,2,2,188,0.9583854166666667,184.01,0.0,True,False
192,4 48,192,12.01,1,1.25,True,47500,0.07291666666666667,0,4,188,0,0,0,0,0,0,0,0,0,188,0.9896354166666667,190.01,0.0,True,False
192,4 48,192,12.01,1,1.25,True,48000,0.07291666666666667,0,4,188,0,0,0,0,0,0,0,0,0,188,0.9896354166666667,190.01,0.0,True,False
192,4 48,192,12.01,1,1.25,True,48500,0.07291666666666667,0,4,188,0,0,0,0,0,0,0,0,0,188,0.9896354166666667,190.01,0.0,True,False
192,4 48,192,12.01,1,1.25,True,49000,0.07291666666666667,0,4,188,0,0,0,0,0,0,0,0,0,188,0.9896354166666667,190.01,0.0,True,False
192,4 48,192,12.01,1,1.25,True,49500,0.0,0,0,192,0,0,0,0,0,0,0,0,0,192,1.0625520833333333,204.01,0.0,True,False
192,4 48,192,12.01,1,1.25,True,50000,0.07291666666666667,0,4,188,0,0,0,0,0,0,0,0,0,188,0.9896354166666667,190.01,0.0,True,False
192,4 48,192,12.01,1,1.25,True,50500,0.125,0,5,186,1,0,0,0,0,0,1,1,1,186,0.9375520833333333,180.01,0.0,True,False
192,4 48,192,12.01,1,1.25,True,51000,0.07291666666666667,0,4,188,0,0,0,0,0,0,0,0,0,188,0.9896354166666667,190.01,0.0,True,False
192,4 48,192,12.01,1,1.25,True,51500,0.07291666666666667,0,4,188,0,0,0,0,0,0,0,0,0,188,0.9896354166666667,190.01,0.0,True,False
192,4 48,192,12.01,1,1.25,True,52000,0.07291666666666667,0,4,188,0,0,0,0,0,0,0,0,0,188,0.9896354166666667,190.01,0.0,True,False
192,4 48,192,12.01,1,1.25,True,52500,0.0,0,0,192,0,0,0,0,0,0,0,0,0,192,1.0625520833333333,204.01,0.0,True,False
192,4 48,192,12.01,1,1.25,True,53000,0.10416666666666667,0,2,188,2,0,0,0,0,0,1,2,2,188,0.9583854166666667,184.01,0.0,True,False
192,4 48,192,12.01,1,1.25,True,53500,0.20833333333333334,0,5,182,5,0,0,0,0,0,2,4,5,182,0.8542187499999999,164.01,0.0,True,False
192,4 48,192,12.01,1,1.25,True,54000,0.125,0,5,186,1,0,0,0,0,0,1,1,1,186,0.9375520833333333,180.01,0.0,True,False
192,4 48,192,12.01,1,1.25,True,54500,0.0,0,0,192,0,0,0,0,0,0,0,0,0,192,1.0625520833333333,204.01,0.0,True,False
192,4 48,192,12.01,1,1.25,True,55000,0.07291666666666667,0,4,188,0,0,0,0,0,0,0,0,0,188,0.9896354166666667,190.01,0.0,True,False
192,4 48,192,12.01,1,1.25,True,55500,0.07291666666666667,0,4,188,0,0,0,0,0,0,0,0,0,188,0.9896354166666667,190.01,0.0,True,False
192,4 48,192,12.01,1,1.25,True,56000,0.10416666666666667,0,0,192,0,0,0,0,0,0,0,0,0,192,0.9583854166666667,184.01,0.0,True,False
192,4 48,192,12.01,1,1.25,True,56500,0.07291666666666667,0,4,188,0,0,0,0,0,0,0,0,0,188,0.9896354166666667,190.01,0.0,True,False
192,4 48,192,12.01,1,1.25,True,57000,0.10416666666666667,0,2,188,2,0,0,0,0,0,1,2,2,188,0.9583854166666667,184.01,0.0,True,False
192,4 48,192,12.01,1,1.25,True,57500,0.10416666666666667,0,0,192,0,0,0,0,0,0,0,0,0,192,0.9583854166666667,184.01,0.0,True,False
192,4 48,192,12.01,1,1.25,True,58000,0.07291666666666667,0,4,188,0,0,0,0,0,0,0,0,0,188,0.9896354166666667,190.01,0.0,True,False
192,4 48,192,12.01,1,1.25,True,58500,0.10416666666666667,0,0,192,0,0,0,0,0,0,0,0,0,192,0.9583854166666667,184.01,0.0,True,False
192,4 48,192,12.01,1,1.25,True,59000,0.07291666666666667,0,4,188,0,0,0,0,0,0,0,0,0,188,0.9896354166666667,190.01,0.0,True,False
192,4 48,192,12.01,1,1.25,True,59500,0.07291666666666667,0,4,188,0,0,0,0,0,0,0,0,0,188,0.9896354166666667,190.01,0.0,True,False
192,4 48,192,12.01,1,1.25,True,60000,0.22916666666666666,0,7,182,3,0,0,0,0,0,2,2,3,181,0.8333854166666667,160.01,0.0,True,False
192,4 48,192,12.01,1,1.25,True,60500,0.20833333333333334,0,4,184,4,0,0,0,0,0,1,4,4,184,0.8542187499999999,164.01,0.0,True,False
192,4 48,192,12.01,1,1.25,True,61000,0.19791666666666666,0,10,180,2,0,0,0,0,0,1,2,2,180,0.8646354166666667,166.01,0.0,True,False
192,4 48,192,12.01,1,1.25,True,61500,0.07291666666666667,0,4,188,0,0,0,0,0,0,0,0,0,188,0.9896354166666667,190.01,0.0,True,False
192,4 48,192,12.01,1,1.25,True,62000,0.16666666666666666,0,0,184,8,0,0,0,0,0,1,8,8,184,0.8958854166666667,172.01,0.0,True,False
192,4 48,192,12.01,1,1.25,True,62500,0.16666666666666666,0,0,184,8,0,0,0,0,0,1,8,8,184,0.8958854166666667,172.01,0.0,True,False
192,4 48,192,12.01,1,1.25,True,63000,0.16666666666666666,0,0,184,8,0,0,0,0,0,1,8,8,184,0.8958854166666667,172.01,0.0,True,False
192,4 48,192,12.01,1,1.25,True,63500,0.16666666666666666,0,0,184,8,0,0,0,0,0,1,8,8,184,0.8958854166666667,172.01,0.0,True,False
192,4 48,192,12.01,1,1.25,True,64000,0.16666666666666666,0,0,184,8,0,0,0,0,0,1,8,8,184,0.8958854166666667,172.01,0.0,True,False
192,4 48,192,12.01,1,1.25,True,64500,0.16666666666666666,0,0,184,8,0,0,0,0,0,1,8,8,184,0.8958854166666667,172.01,0.0,True,False
192,4 48,192,12.01,1,1.25,True,65000,0.16666666666666666,0,0,184,8,0,0,0,0,0,1,8,8,184,0.8958854166666667,172.01,0.0,True,False
192,4 48,192,12.01,1,1.25,True,65500,0.16666666666666666,0,0,184,8,0,0,0,0,0,1,8,8,184,0.8958854166666667,172.01,0.0,True,False
192,4 48,192,12.01,1,1.25,True,66000,0.16666666666666666,0,0,184,8,0,0,0,0,0,1,8,8,184,0.8958854166666667,172.01,0.0,True,False
192,4 48,192,12.01,1,1.25,True,66500,0.16666666666666666,0,0,184,8,0,0,0,0,0,1,8,8,184,0.8958854166666667,172.01,0.0,True,False
192,4 48,192,12.01,1,1.25,True,67000,0.16666666666666666,0,0,184,8,0,0,0,0,0,1,8,8,184,0.8958854166666667,172.01,0.0,True,False
192,4 48,192,12.01,1,1.25,True,67500,0.16666666666666666,0,0,184,8,0,0,0,0,0,1,8,8,184,0.8958854166666667,172.01,0.0,True,False
192,4 48,192,12.01,1,1.25,True,68000,0.16666666666666666,0,0,184,8,0,0,0,0,0,1,8,8,184,0.8958854166666667,172.01,0.0,True,False
192,4 48,192,12.01,1,1.25,True,68500,0.16666666666666666,0,0,184,8,0,0,0,0,0,1,8,8,184,0.8958854166666667,172.01,0.0,True,False
192,4 48,192,12.01,1,1.25,True,69000,0.16666666666666666,0,0,184,8,0,0,0,0,0,1,8,8,184,0.8958854166666667,172.01,0.0,True,False
192,4 48,192,12.01,1,1.25,True,69500,0.16666666666666666,0,0,184,8,0,0,0,0,0,1,8,8,184,0.8958854166666667,172.01,0.0,True,False
192,4 48,192,12.01,1,1.25,True,70000,0.16666666666666666,0,0,184,8,0,0,0,0,0,1,8,8,184,0.8958854166666667,172.01,0.0,True,False
192,4 48,192,12.01,1,1.25,True,70500,0.16666666666666666,0,0,184,8,0,0,0,0,0,1,8,8,184,0.8958854166666667,172.01,0.0,True,False
192,4 48,192,12.01,1,1.25,True,71000,0.16666666666666666,0,0,184,8,0,0,0,0,0,1,8,8,184,0.8958854166666667,172.01,0.0,True,False
192,4 48,192,12.01,1,1.25,True,71500,0.16666666666666666,0,0,184,8,0,0,0,0,0,1,8,8,184,0.8958854166666667,172.01,0.0,True,False
192,4 48,192,12.01,1,1.25,True,72000,0.16666666666666666,0,0,184,8,0,0,0,0,0,1,8,8,184,0.8958854166666667,172.01,0.0,True,False
192,4 48,192,12.01,1,1.25,True,72500,0.16666666666666666,0,0,184,8,0,0,0,0,0,1,8,8,184,0.8958854166666667,172.01,0.0,True,False
192,4 48,192,12.01,1,1.25,True,73000,0.16666666666666666,0,0,184,8,0,0,0,0,0,1,8,8,184,0.8958854166666667,172.01,0.0,True,False
192,4 48,192,12.01,1,1.25,True,73500,0.16666666666666666,0,0,184,8,0,0,0,0,0,1,8,8,184,0.8958854166666667,172.01,0.0,True,False
192,4 48,192,12.01,1,1.25,True,74000,0.0,0,0,192,0,0,0,0,0,0,0,0,0,192,1.0625520833333333,204.01,0.0,True,False
192,4 48,192,12.01,1,1.25,True,74500,0.07291666666666667,0,4,188,0,0,0,0,0,0,0,0,0,188,0.9896354166666667,190.01,0.0,True,False
192,4 48,192,12.01,1,1.25,True,75000,0.0,0,0,192,0,0,0,0,0,0,0,0,0,192,1.0625520833333333,204.01,0.0,True,False
192,4 48,192,12.01,1,1.25,True,75500,0.07291666666666667,0,4,188,0,0,0,0,0,0,0,0,0,188,0.9896354166666667,190.01,0.0,True,False
192,4 48,192,12.01,1,1.25,True,76000,0.10416666666666667,0,2,188,2,0,0,0,0,0,1,2,2,188,0.9583854166666667,184.01,0.0,True,False
192,4 48,192,12.01,1,1.25,True,76500,0.07291666666666667,0,4,188,0,0,0,0,0,0,0,0,0,188,0.9896354166666667,190.01,0.0,True,False
192,4 48,192,12.01,1,1.25,True,77000,0.07291666666666667,0,4,188,0,0,0,0,0,0,0,0,0,188,0.9896354166666667,190.01,0.0,True,False
192,4 48,192,12.01,1,1.25,True,77500,0.10416666666666667,0,2,188,2,0,0,0,0,0,1,2,2,188,0.9583854166666667,184.01,0.0,True,False
192,4 48,192,12.01,1,1.25,True,78000,0.0,0,0,192,0,0,0,0,0,0,0,0,0,192,1.0625520833333333,204.01,0.0,True,False
192,4 48,192,12.01,1,1.25,True,78500,0.10416666666666667,0,2,188,2,0,0,0,0,0,1,2,2,188,0.9583854166666667,184.01,0.0,True,False
192,4 48,192,12.01,1,1.25,True,79000,0.125,0,5,186,1,0,0,0,0,0,1,1,1,186,0.9375520833333333,180.01,0.0,True,False
192,4 48,192,12.01,1,1.25,True,79500,0.07291666666666667,0,4,188,0,0,0,0,0,0,0,0,0,188,0.9896354166666667,190.01,0.0,True,False
192,4 48,192,12.01,1,1.25,True,80000,0.07291666666666667,0,4,188,0,0,0,0,0,0,0,0,0,188,0.9896354166666667,190.01,0.0,True,False
192,4 48,192,12.01,1,1.25,True,80500,0.10416666666666667,0,0,192,0,0,0,0,0,0,0,0,0,192,0.9583854166666667,184.01,0.0,True,False
192,4 48,192,12.01,1,1.25,True,81000,0.125,0,5,186,1,0,0,0,0,0,1,1,1,186,0.9375520833333333,180.01,0.0,True,False
192,4 48,192,12.01,1,1.25,True,81500,0.07291666666666667,0,4,188,0,0,0,0,0,0,0,0,0,188,0.9896354166666667,190.01,0.0,True,False
192,4 48,192,12.01,1,1.25,True,82000,0.0,0,0,192,0,0,0,0,0,0,0,0,0,192,1.0625520833333333,204.01,0.0,True,False
192,4 48,192,12.01,1,1.25,True,82500,0.10416666666666667,0,2,188,2,0,0,0,0,0,1,2,2,188,0.9583854166666667,184.01,0.0,True,False
192,4 48,192,12.01,1,1.25,True,83000,0.10416666666666667,0,2,188,2,0,0,0,0,0,1,2,2,188,0.9583854166666667,184.01,0.0,True,False
192,4 48,192,12.01,1,1.25,True,83500,0.07291666666666667,0,4,188,0,0,0,0,0,0,0,0,0,188,0.9896354166666667,190.01,0.0,True,False
192,4 48,192,12.01,1,1.25,True,84000,0.07291666666666667,0,4,188,0,0,0,0,0,0,0,0,0,188,0.9896354166666667,190.01,0.0,True,False
192,4 48,192,12.01,1,1.25,True,84500,0.07291666666666667,0,4,188,0,0,0,0,0,0,0,0,0,188,0.9896354166666667,190.01,0.0,True,False
192,4 48,192,12.01,1,1.25,True,85000,0.125,0,4,188,0,0,0,0,0,0,0,0,0,188,0.9375520833333333,180.01,0.0,True,False
192,4 48,192,12.01,1,1.25,True,85500,0.07291666666666667,0,4,188,0,0,0,0,0,0,0,0,0,188,0.9896354166666667,190.01,0.0,True,False
192,4 48,192,12.01,1,1.25,True,86000,0.07291666666666667,0,4,188,0,0,0,0,0,0,0,0,0,188,0.9896354166666667,190.01,0.0,True,False
192,4 48,192,12.01,1,1.25,True,86500,0.0,0,0,192,0,0,0,0,0,0,0,0,0,192,1.0625520833333333,204.01,0.0,True,False
192,4 48,192,12.01,1,1.25,True,87000,0.0,0,0,192,0,0,0,0,0,0,0,0,0,192,1.0625520833333333,204.01,0.0,True,False
192,4 48,192,12.01,1,1.25,True,87500,0.07291666666666667,0,4,188,0,0,0,0,0,0,0,0,0,188,0.9896354166666667,190.01,0.0,True,False
192,4 48,192,12.01,1,1.25,True,88000,0.10416666666666667,0,2,188,2,0,0,0,0,0,1,2,2,188,0.9583854166666667,184.01,0.0,True,False
192,4 48,192,12.01,1,1.25,True,88500,0.07291666666666667,0,4,188,0,0,0,0,0,0,0,0,0,188,0.9896354166666667,190.01,0.0,True,False
192,4 48,192,12.01,1,1.25,True,89000,0.0,0,0,192,0,0,0,0,0,0,0,0,0,192,1.0625520833333333,204.01,0.0,True,False
192,4 48,192,12.01,1,1.25,True,89500,0.10416666666666667,0,0,192,0,0,0,0,0,0,0,0,0,192,0.9583854166666667,184.01,0.0,True,False
192,4 48,192,12.01,1,1.25,True,90000,0.07291666666666667,0,4,188,0,0,0,0,0,0,0,0,0,188,0.9896354166666667,190.01,0.0,True,False
192,4 48,192,12.01,1,1.25,True,90500,0.125,0,4,188,0,0,0,0,0,0,0,0,0,188,0.9375520833333333,180.01,0.0,True,False
192,4 48,192,12.01,1,1.25,True,91000,0.125,0,4,188,0,0,0,0,0,0,0,0,0,188,0.9375520833333333,180.01,0.0,True,False
192,4 48,192,12.01,1,1.25,True,91500,0.07291666666666667,0,4,188,0,0,0,0,0,0,0,0,0,188,0.9896354166666667,190.01,0.0,True,False
192,4 48,192,12.01,1,1.25,True,92000,0.125,0,5,186,1,0,0,0,0,0,1,1,1,186,0.9375520833333333,180.01,0.0,True,False
192,4 48,192,12.01,1,1.25,True,92500,0.10416666666666667,0,2,188,2,0,0,0,0,0,1,2,2,188,0.9583854166666667,184.01,0.0,True,False
192,4 48,192,12.01,1,1.25,True,93000,0.10416666666666667,0,2,188,2,0,0,0,0,0,1,2,2,188,0.9583854166666667,184.01,0.0,True,False
192,4 48,192,12.01,1,1.25,True,93500,0.07291666666666667,0,4,188,0,0,0,0,0,0,0,0,0,188,0.9896354166666667,190.01,0.0,True,False
192,4 48,192,12.01,1,1.25,True,94000,0.07291666666666667,0,4,188,0,0,0,0,0,0,0,0,0,188,0.9896354166666667,190.01,0.0,True,False
192,4 48,192,12.01,1,1.25,True,94500,0.07291666666666667,0,4,188,0,0,0,0,0,0,0,0,0,188,0.9896354166666667,190.01,0.0,True,False
192,4 48,192,12.01,1,1.25,True,95000,0.10416666666666667,0,0,192,0,0,0,0,0,0,0,0,0,192,0.9583854166666667,184.01,0.0,True,False
192,4 48,192,12.01,1,1.25,True,95500,0.10416666666666667,0,2,188,2,0,0,0,0,0,1,2,2,188,0.9583854166666667,184.01,0.0,True,False
192,4 48,192,12.01,1,1.25,True,96000,0.10416666666666667,0,2,188,2,0,0,0,0,0,1,2,2,188,0.9583854166666667,184.01,0.0,True,False
192,4 48,192,12.01,1,1.25,True,96500,0.16666666666666666,0,0,184,8,0,0,0,0,0,1,8,8,184,0.8958854166666667,172.01,0.0,True,False
192,4 48,192,12.01,1,1.25,True,97000,0.07291666666666667,0,4,188,0,0,0,0,0,0,0,0,0,188,0.9896354166666667,190.01,0.0,True,False
192,4 48,192,12.01,1,1.25,True,97500,0.07291666666666667,0,4,188,0,0,0,0,0,0,0,0,0,188,0.9896354166666667,190.01,0.0,True,False
192,4 48,192,12.01,1,1.25,True,98000,0.07291666666666667,0,4,188,0,0,0,0,0,0,0,0,0,188,0.9896354166666667,190.01,0.0,True,False
192,4 48,192,12.01,1,1.25,True,98500,0.10416666666666667,0,2,188,2,0,0,0,0,0,1,2,2,188,0.9583854166666667,184.01,0.0,True,False
192,4 48,192,12.01,1,1.25,True,99000,0.10416666666666667,0,2,188,2,0,0,0,0,0,1,2,2,188,0.9583854166666667,184.01,0.0,True,False
192,4 48,192,12.01,1,1.25,True,99500,0.07291666666666667,0,4,188,0,0,0,0,0,0,0,0,0,188,0.9896354166666667,190.01,0.0,True,False
192,4 48,192,12.01,1,1.25,True,100000,0.07291666666666667,0,4,188,0,0,0,0,0,0,0,0,0,188,0.9896354166666667,190.01,0.0,True,True
192,4 48,192,12.01,2,1.25,True,0,1.0,0,192,0,0,0,0,0,0,0,0,0,0,0,0.06255208333333333,12.01,0.0,False,False
192,4 48,192,12.01,2,1.25,True,500,0.6666666666666666,0,108,84,0,0,0,0,0,0,0,0,0,84,0.3958854166666666,76.00999999999999,0.0,True,False
192,4 48,192,12.01,2,1.25,True,1000,0.2916666666666667,0,36,156,0,0,0,0,0,0,0,0,0,156,0.7708854166666667,148.01,0.0,True,False
192,4 48,192,12.01,2,1.25,True,1500,0.10416666666666667,0,0,192,0,0,0,0,0,0,0,0,0,192,0.9583854166666667,184.01,0.0,True,False
192,4 48,192,12.01,2,1.25,True,2000,0.125,0,4,188,0,0,0,0,0,0,0,0,0,188,0.9375520833333333,180.01,0.0,True,False
192,4 48,192,12.01,2,1.25,True,2500,0.07291666666666667,0,4,188,0,0,0,0,0,0,0,0,0,188,0.9896354166666667,190.01,0.0,True,False
192,4 48,192,12.01,2,1.25,True,3000,0.07291666666666667,0,4,188,0,0,0,0,0,0,0,0,0,188,0.9896354166666667,190.01,0.0,True,False
192,4 48,192,12.01,2,1.25,True,3500,0.07291666666666667,0,4,188,0,0,0,0,0,0,0,0,0,188,0.9896354166666667,190.01,0.0,True,False
192,4 48,192,12.01,2,1.25,True,4000,0.10416666666666667,0,2,188,2,0,0,0,0,0,1,2,2,188,0.9583854166666667,184.01,0.0,True,False
192,4 48,192,12.01,2,1.25,True,4500,0.10416666666666667,0,2,188,2,0,0,0,0,0,1,2,2,188,0.9583854166666667,184.01,0.0,True,False
192,4 48,192,12.01,2,1.25,True,5000,0.10416666666666667,0,2,188,2,0,0,0,0,0,1,2,2,188,0.9583854166666667,184.01,0.0,True,False
192,4 48,192,12.01,2,1.25,True,5500,0.07291666666666667,0,4,188,0,0,0,0,0,0,0,0,0,188,0.9896354166666667,190.01,0.0,True,False
192,4 48,192,12.01,2,1.25,True,6000,0.10416666666666667,0,2,188,2,0,0,0,0,0,1,2,2,188,0.9583854166666667,184.01,0.0,True,False
192,4 48,192,12.01,2,1.25,True,6500,0.07291666666666667,0,4,188,0,0,0,0,0,0,0,0,0,188,0.9896354166666667,190.01,0.0,True,False
192,4 48,192,12.01,2,1.25,True,7000,0.10416666666666667,0,2,188,2,0,0,0,0,0,1,2,2,188,0.9583854166666667,184.01,0.0,True,False
192,4 48,192,12.01,2,1.25,True,7500,0.10416666666666667,0,2,188,2,0,0,0,0,0,1,2,2,188,0.9583854166666667,184.01,0.0,True,False
192,4 48,192,12.01,2,1.25,True,8000,0.10416666666666667,0,2,188,2,0,0,0,0,0,1,2,2,188,0.9583854166666667,184.01,0.0,True,False
192,4 48,192,12.01,2,1.25,True,8500,0.07291666666666667,0,4,188,0,0,0,0,0,0,0,0,0,188,0.9896354166666667,190.01,0.0,True,False
192,4 48,192,12.01,2,1.25,True,9000,0.07291666666666667,0,4,188,0,0,0,0,0,0,0,0,0,188,0.9896354166666667,190.01,0.0,True,False
192,4 48,192,12.01,2,1.25,True,9500,0.07291666666666667,0,4,188,0,0,0,0,0,0,0,0,0,188,0.9896354166666667,190.01,0.0,True,False
192,4 48,192,12.01,2,1.25,True,10000,0.07291666666666667,0,4,188,0,0,0,0,0,0,0,0,0,188,0.9896354166666667,190.01,0.0,True,False
192,4 48,192,12.01,2,1.25,True,10500,0.10416666666666667,0,2,188,2,0,0,0,0,0,1,2,2,188,0.9583854166666667,184.01,0.0,True,False
192,4 48,192,12.01,2,1.25,True,11000,0.14583333333333334,0,8,184,0,0,0,0,0,0,0,0,0,184,0.9167187499999999,176.01,0.0,True,False
192,4 48,192,12.01,2,1.25,True,11500,0.07291666666666667,0,4,188,0,0,0,0,0,0,0,0,0,188,0.9896354166666667,190.01,0.0,True,False
192,4 48,192,12.01,2,1.25,True,12000,0.07291666666666667,0,4,188,0,0,0,0,0,0,0,0,0,188,0.9896354166666667,190.01,0.0,True,False
192,4 48,192,12.01,2,1.25,True,12500,0.125,0,4,188,0,0,0,0,0,0,0,0,0,188,0.9375520833333333,180.01,0.0,True,False
192,4 48,192,12.01,2,1.25,True,13000,0.10416666666666667,0,2,188,2,0,0,0,0,0,1,2,2,188,0.9583854166666667,184.01,0.0,True,False
192,4 48,192,12.01,2,1.25,True,13500,0.125,0,5,186,1,0,0,0,0,0,1,1,1,186,0.9375520833333333,180.01,0.0,True,False
192,4 48,192,12.01,2,1.25,True,14000,0.07291666666666667,0,4,188,0,0,0,0,0,0,0,0,0,188,0.9896354166666667,190.01,0.0,True,False
192,4 48,192,12.01,2,1.25,True,14500,0.10416666666666667,0,2,188,2,0,0,0,0,0,1,2,2,188,0.9583854166666667,184.01,0.0,True,False
192,4 48,192,12.01,2,1.25,True,15000,0.125,0,5,186,1,0,0,0,0,0,1,1,1,186,0.9375520833333333,180.01,0.0,True,False
192,4 48,192,12.01,2,1.25,True,15500,0.07291666666666667,0,4,188,0,0,0,0,0,0,0,0,0,188,0.9896354166666667,190.01,0.0,True,False
192,4 48,192,12.01,2,1.25,True,16000,0.10416666666666667,0,2,188,2,0,0,0,0,0,1,2,2,188,0.9583854166666667,184.01,0.0,True,False
192,4 48,192,12.01,2,1.25,True,16500,0.10416666666666667,0,0,192,0,0,0,0,0,0,0,0,0,192,0.9583854166666667,184.01,0.0,True,False
192,4 48,192,12.01,2,1.25,True,17000,0.07291666666666667,0,4,188,0,0,0,0,0,0,0,0,0,188,0.9896354166666667,190.01,0.0,True,False
192,4 48,192,12.01,2,1.25,True,17500,0.07291666666666667,0,4,188,0,0,0,0,0,0,0,0,0,188,0.9896354166666667,190.01,0.0,True,False
192,4 48,192,12.01,2,1.25,True,18000,0.10416666666666667,0,0,192,0,0,0,0,0,0,0,0,0,192,0.9583854166666667,184.01,0.0,True,False
192,4 48,192,12.01,2,1.25,True,18500,0.10416666666666667,0,2,188,2,0,0,0,0,0,1,2,2,188,0.9583854166666667,184.01,0.0,True,False
192,4 48,192,12.01,2,1.25,True,19000,0.10416666666666667,0,2,188,2,0,0,0,0,0,1,2,2,188,0.9583854166666667,184.01,0.0,True,False
192,4 48,192,12.01,2,1.25,True,19500,0.07291666666666667,0,4,188,0,0,0,0,0,0,0,0,0,188,0.9896354166666667,190.01,0.0,True,False
192,4 48,192,12.01,2,1.25,True,20000,0.10416666666666667,0,2,188,2,0,0,0,0,0,1,2,2,188,0.9583854166666667,184.01,0.0,True,False
192,4 48,192,12.01,2,1.25,True,20500,0.07291666666666667,0,4,188,0,0,0,0,0,0,0,0,0,188,0.9896354166666667,190.01,0.0,True,False
192,4 48,192,12.01,2,1.25,True,21000,0.07291666666666667,0,4,188,0,0,0,0,0,0,0,0,0,188,0.9896354166666667,190.01,0.0,True,False
192,4 48,192,12.01,2,1.25,True,21500,0.07291666666666667,0,4,188,0,0,0,0,0,0,0,0,0,188,0.9896354166666667,190.01,0.0,True,False
192,4 48,192,12.01,2,1.25,True,22000,0.07291666666666667,0,4,188,0,0,0,0,0,0,0,0,0,188,0.9896354166666667,190.01,0.0,True,False
192,4 48,192,12.01,2,1.25,True,22500,0.07291666666666667,0,4,188,0,0,0,0,0,0,0,0,0,188,0.9896354166666667,190.01,0.0,True,False
192,4 48,192,12.01,2,1.25,True,23000,0.07291666666666667,0,4,188,0,0,0,0,0,0,0,0,0,188,0.9896354166666667,190.01,0.0,True,False
192,4 48,192,12.01,2,1.25,True,23500,0.07291666666666667,0,4,188,0,0,0,0,0,0,0,0,0,188,0.9896354166666667,190.01,0.0,True,False
192,4 48,192,12.01,2,1.25,True,24000,0.10416666666666667,0,2,188,2,0,0,0,0,0,1,2,2,188,0.9583854166666667,184.01,0.0,True,False
192,4 48,192,12.01,2,1.25,True,24500,0.125,0,4,188,0,0,0,0,0,0,0,0,0,188,0.9375520833333333,180.01,0.0,True,False
192,4 48,192,12.01,2,1.25,True,25000,0.0,0,0,192,0,0,0,0,0,0,0,0,0,192,1.0625520833333333,204.01,0.0,True,False
192,4 48,192,12.01,2,1.25,True,25500,0.10416666666666667,0,0,192,0,0,0,0,0,0,0,0,0,192,0.9583854166666667,184.01,0.0,True,False
192,4 48,192,12.01,2,1.25,True,26000,0.07291666666666667,0,4,188,0,0,0,0,0,0,0,0,0,188,0.9896354166666667,190.01,0.0,True,False
192,4 48,192,12.01,2,1.25,True,26500,0.10416666666666667,0,2,188,2,0,0,0,0,0,1,2,2,188,0.9583854166666667,184.01,0.0,True,False
192,4 48,192,12.01,2,1.25,True,27000,0.10416666666666667,0,2,188,2,0,0,0,0,0,1,2,2,188,0.9583854166666667,184.01,0.0,True,False
192,4 48,192,12.01,2,1.25,True,27500,0.0,0,0,192,0,0,0,0,0,0,0,0,0,192,1.0625520833333333,204.01,0.0,True,False
192,4 48,192,12.01,2,1.25,True,28000,0.07291666666666667,0,4,188,0,0,0,0,0,0,0,0,0,188,0.9896354166666667,190.01,0.0,True,False
192,4 48,192,12.01,2,1.25,True,28500,0.07291666666666667,0,4,188,0,0,0,0,0,0,0,0,0,188,0.9896354166666667,190.01,0.0,True,False
192,4 48,192,12.01,2,1.25,True,29000,0.10416666666666667,0,2,188,2,0,0,0,0,0,1,2,2,188,0.9583854166666667,184.01,0.0,True,False
192,4 48,192,12.01,2,1.25,True,29500,0.07291666666666667,0,4,188,0,0,0,0,0,0,0,0,0,188,0.9896354166666667,190.01,0.0,True,False
192,4 48,192,12.01,2,1.25,True,30000,0.10416666666666667,0,2,188,2,0,0,0,0,0,1,2,2,188,0.9583854166666667,184.01,0.0,True,False
192,4 48,192,12.01,2,1.25,True,30500,0.0,0,0,192,0,0,0,0,0,0,0,0,0,192,1.0625520833333333,204.01,0.0,True,False
192,4 48,192,12.01,2,1.25,True,31000,0.0,0,0,192,0,0,0,0,0,0,0,0,0,192,1.0625520833333333,204.01,0.0,True,False
192,4 48,192,12.01,2,1.25,True,31500,0.10416666666666667,0,2,188,2,0,0,0,0,0,1,2,2,188,0.9583854166666667,184.01,0.0,True,False
192,4 48,192,12.01,2,1.25,True,32000,0.10416666666666667,0,0,192,0,0,0,0,0,0,0,0,0,192,0.9583854166666667,184.01,0.0,True,False
192,4 48,192,12.01,2,1.25,True,32500,0.10416666666666667,0,0,192,0,0,0,0,0,0,0,0,0,192,0.9583854166666667,184.01,0.0,True,False
192,4 48,192,12.01,2,1.25,True,33000,0.07291666666666667,0,4,188,0,0,0,0,0,0,0,0,0,188,0.9896354166666667,190.01,0.0,True,False
192,4 48,192,12.01,2,1.25,True,33500,0.07291666666666667,0,4,188,0,0,0,0,0,0,0,0,0,188,0.9896354166666667,190.01,0.0,True,False
192,4 48,192,12.01,2,1.25,True,34000,0.07291666666666667,0,4,188,0,0,0,0,0,0,0,0,0,188,0.9896354166666667,190.01,0.0,True,False
192,4 48,192,12.01,2,1.25,True,34500,0.10416666666666667,0,0,192,0,0,0,0,0,0,0,0,0,192,0.9583854166666667,184.01,0.0,True,False
192,4 48,192,12.01,2,1.25,True,35000,0.07291666666666667,0,4,188,0,0,0,0,0,0,0,0,0,188,0.9896354166666667,190.01,0.0,True,False
192,4 48,192,12.01,2,1.25,True,35500,0.07291666666666667,0,4,188,0,0,0,0,0,0,0,0,0,188,0.9896354166666667,190.01,0.0,True,False
192,4 48,192,12.01,2,1.25,True,36000,0.07291666666666667,0,4,188,0,0,0,0,0,0,0,0,0,188,0.9896354166666667,190.01,0.0,True,False
192,4 48,192,12.01,2,1.25,True,36500,0.07291666666666667,0,4,188,0,0,0,0,0,0,0,0,0,188,0.9896354166666667,190.01,0.0,True,False
192,4 48,192,12.01,2,1.25,True,37000,0.10416666666666667,0,0,192,0,0,0,0,0,0,0,0,0,192,0.9583854166666667,184.01,0.0,True,False
192,4 48,192,12.01,2,1.25,True,37500,0.07291666666666667,0,4,188,0,0,0,0,0,0,0,0,0,188,0.9896354166666667,190.01,0.0,True,False
192,4 48,192,12.01,2,1.25,True,38000,0.10416666666666667,0,0,192,0,0,0,0,0,0,0,0,0,192,0.9583854166666667,184.01,0.0,True,False
192,4 48,192,12.01,2,1.25,True,38500,0.07291666666666667,0,4,188,0,0,0,0,0,0,0,0,0,188,0.9896354166666667,190.01,0.0,True,False
192,4 48,192,12.01,2,1.25,True,39000,0.10416666666666667,0,0,192,0,0,0,0,0,0,0,0,0,192,0.9583854166666667,184.01,0.0,True,False
192,4 48,192,12.01,2,1.25,True,39500,0.07291666666666667,0,4,188,0,0,0,0,0,0,0,0,0,188,0.9896354166666667,190.01,0.0,True,False
192,4 48,192,12.01,2,1.25,True,40000,0.07291666666666667,0,4,188,0,0,0,0,0,0,0,0,0,188,0.9896354166666667,190.01,0.0,True,False
192,4 48,192,12.01,2,1.25,True,40500,0.07291666666666667,0,4,188,0,0,0,0,0,0,0,0,0,188,0.9896354166666667,190.01,0.0,True,False
192,4 48,192,12.01,2,1.25,True,41000,0.07291666666666667,0,4,188,0,0,0,0,0,0,0,0,0,188,0.9896354166666667,190.01,0.0,True,False
192,4 48,192,12.01,2,1.25,True,41500,0.07291666666666667,0,4,188,0,0,0,0,0,0,0,0,0,188,0.9896354166666667,190.01,0.0,True,False
192,4 48,192,12.01,2,1.25,True,42000,0.0,0,0,192,0,0,0,0,0,0,0,0,0,192,1.0625520833333333,204.01,0.0,True,False
192,4 48,192,12.01,2,1.25,True,42500,0.0,0,0,192,0,0,0,0,0,0,0,0,0,192,1.0625520833333333,204.01,0.0,True,False
192,4 48,192,12.01,2,1.25,True,43000,0.07291666666666667,0,4,188,0,0,0,0,0,0,0,0,0,188,0.9896354166666667,190.01,0.0,True,False
192,4 48,192,12.01,2,1.25,True,43500,0.0,0,0,192,0,0,0,0,0,0,0,0,0,192,1.0625520833333333,204.01,0.0,True,False
192,4 48,192,12.01,2,1.25,True,44000,0.07291666666666667,0,4,188,0,0,0,0,0,0,0,0,0,188,0.9896354166666667,190.01,0.0,True,False
192,4 48,192,12.01,2,1.25,True,44500,0.0,0,0,192,0,0,0,0,0,0,0,0,0,192,1.0625520833333333,204.01,0.0,True,False
192,4 48,192,12.01,2,1.25,True,45000,0.10416666666666667,0,2,188,2,0,0,0,0,0,1,2,2,188,0.9583854166666667,184.01,0.0,True,False
192,4 48,192,12.01,2,1.25,True,45500,0.07291666666666667,0,4,188,0,0,0,0,0,0,0,0,0,188,0.9896354166666667,190.01,0.0,True,False
192,4 48,192,12.01,2,1.25,True,46000,0.10416666666666667,0,2,188,2,0,0,0,0,0,1,2,2,188,0.9583854166666667,184.01,0.0,True,False
192,4 48,192,12.01,2,1.25,True,46500,0.10416666666666667,0,0,192,0,0,0,0,0,0,0,0,0,192,0.9583854166666667,184.01,0.0,True,False
192,4 48,192,12.01,2,1.25,True,47000,0.10416666666666667,0,2,188,2,0,0,0,0,0,1,2,2,188,0.9583854166666667,184.01,0.0,True,False
192,4 48,192,12.01,2,1.25,True,47500,0.10416666666666667,0,2,188,2,0,0,0,0,0,1,2,2,188,0.9583854166666667,184.01,0.0,True,False
192,4 48,192,12.01,2,1.25,True,48000,0.07291666666666667,0,4,188,0,0,0,0,0,0,0,0,0,188,0.9896354166666667,190.01,0.0,True,False
192,4 48,192,12.01,2,1.25,True,48500,0.10416666666666667,0,2,188,2,0,0,0,0,0,1,2,2,188,0.9583854166666667,184.01,0.0,True,False
192,4 48,192,12.01,2,1.25,True,49000,0.07291666666666667,0,4,188,0,0,0,0,0,0,0,0,0,188,0.9896354166666667,190.01,0.0,True,False
192,4 48,192,12.01,2,1.25,True,49500,0.07291666666666667,0,4,188,0,0,0,0,0,0,0,0,0,188,0.9896354166666667,190.01,0.0,True,False
192,4 48,192,12.01,2,1.25,True,50000,0.07291666666666667,0,4,188,0,0,0,0,0,0,0,0,0,188,0.9896354166666667,190.01,0.0,True,False
192,4 48,192,12.01,2,1.25,True,50500,0.14583333333333334,0,8,184,0,0,0,0,0,0,0,0,0,184,0.9167187499999999,176.01,0.0,True,False
192,4 48,192,12.01,2,1.25,True,51000,0.07291666666666667,0,4,188,0,0,0,0,0,0,0,0,0,188,0.9896354166666667,190.01,0.0,True,False
192,4 48,192,12.01,2,1.25,True,51500,0.10416666666666667,0,0,192,0,0,0,0,0,0,0,0,0,192,0.9583854166666667,184.01,0.0,True,False
192,4 48,192,12.01,2,1.25,True,52000,0.10416666666666667,0,0,192,0,0,0,0,0,0,0,0,0,192,0.9583854166666667,184.01,0.0,True,False
192,4 48,192,12.01,2,1.25,True,52500,0.125,0,4,188,0,0,0,0,0,0,0,0,0,188,0.9375520833333333,180.01,0.0,True,False
192,4 48,192,12.01,2,1.25,True,53000,0.125,0,4,188,0,0,0,0,0,0,0,0,0,188,0.9375520833333333,180.01,0.0,True,False
192,4 48,192,12.01,2,1.25,True,53500,0.07291666666666667,0,4,188,0,0,0,0,0,0,0,0,0,188,0.9896354166666667,190.01,0.0,True,False
192,4 48,192,12.01,2,1.25,True,54000,0.10416666666666667,0,0,192,0,0,0,0,0,0,0,0,0,192,0.9583854166666667,184.01,0.0,True,False
192,4 48,192,12.01,2,1.25,True,54500,0.07291666666666667,0,4,188,0,0,0,0,0,0,0,0,0,188,0.9896354166666667,190.01,0.0,True,False
192,4 48,192,12.01,2,1.25,True,55000,0.10416666666666667,0,2,188,2,0,0,0,0,0,1,2,2,188,0.9583854166666667,184.01,0.0,True,False
192,4 48,192,12.01,2,1.25,True,55500,0.07291666666666667,0,4,188,0,0,0,0,0,0,0,0,0,188,0.9896354166666667,190.01,0.0,True,False
192,4 48,192,12.01,2,1.25,True,56000,0.07291666666666667,0,4,188,0,0,0,0,0,0,0,0,0,188,0.9896354166666667,190.01,0.0,True,False
192,4 48,192,12.01,2,1.25,True,56500,0.07291666666666667,0,4,188,0,0,0,0,0,0,0,0,0,188,0.9896354166666667,190.01,0.0,True,False
192,4 48,192,12.01,2,1.25,True,57000,0.07291666666666667,0,4,188,0,0,0,0,0,0,0,0,0,188,0.9896354166666667,190.01,0.0,True,False
192,4 48,192,12.01,2,1.25,True,57500,0.10416666666666667,0,2,188,2,0,0,0,0,0,1,2,2,188,0.9583854166666667,184.01,0.0,True,False
192,4 48,192,12.01,2,1.25,True,58000,0.125,0,5,186,1,0,0,0,0,0,1,1,1,186,0.9375520833333333,180.01,0.0,True,False
192,4 48,192,12.01,2,1.25,True,58500,0.10416666666666667,0,2,188,2,0,0,0,0,0,1,2,2,188,0.9583854166666667,184.01,0.0,True,False
192,4 48,192,12.01,2,1.25,True,59000,0.18229166666666666,0,4,184,4,0,0,0,0,0,1,4,4,184,0.8802604166666667,169.01,0.0,True,False
192,4 48,192,12.01,2,1.25,True,59500,0.07291666666666667,0,4,188,0,0,0,0,0,0,0,0,0,188,0.9896354166666667,190.01,0.0,True,False
192,4 48,192,12.01,2,1.25,True,60000,0.15104166666666666,0,6,184,2,0,0,0,0,0,1,2,2,184,0.9115104166666667,175.01,0.0,True,False
192,4 48,192,12.01,2,1.25,True,60500,0.10416666666666667,0,2,188,2,0,0,0,0,0,1,2,2,188,0.9583854166666667,184.01,0.0,True,False
192,4 48,192,12.01,2,1.25,True,61000,0.20833333333333334,0,5,182,5,0,0,0,0,0,2,4,5,181,0.8542187499999999,164.01,0.0,True,False
192,4 48,192,12.01,2,1.25,True,61500,0.125,0,4,188,0,0,0,0,0,0,0,0,0,188,0.9375520833333333,180.01,0.0,True,False
192,4 48,192,12.01,2,1.25,True,62000,0.14583333333333334,0,8,184,0,0,0,0,0,0,0,0,0,184,0.9167187499999999,176.01,0.0,True,False
192,4 48,192,12.01,2,1.25,True,62500,0.07291666666666667,0,4,188,0,0,0,0,0,0,0,0,0,188,0.9896354166666667,190.01,0.0,True,False
192,4 48,192,12.01,2,1.25,True,63000,0.125,0,5,186,1,0,0,0,0,0,1,1,1,186,0.9375520833333333,180.01,0.0,True,False
192,4 48,192,12.01,2,1.25,True,63500,0.125,0,5,186,1,0,0,0,0,0,1,1,1,186,0.9375520833333333,180.01,0.0,True,False
192,4 48,192,12.01,2,1.25,True,64000,0.07291666666666667,0,4,188,0,0,0,0,0,0,0,0,0,188,0.9896354166666667,190.01,0.0,True,False
192,4 48,192,12.01,2,1.25,True,64500,0.07291666666666667,0,4,188,0,0,0,0,0,0,0,0,0,188,0.9896354166666667,190.01,0.0,True,False
192,4 48,192,12.01,2,1.25,True,65000,0.07291666666666667,0,4,188,0,0,0,0,0,0,0,0,0,188,0.9896354166666667,190.01,0.0,True,False
192,4 48,192,12.01,2,1.25,True,65500,0.125,0,5,186,1,0,0,0,0,0,1,1,1,186,0.9375520833333333,180.01,0.0,True,False
192,4 48,192,12.01,2,1.25,True,66000,0.07291666666666667,0,4,188,0,0,0,0,0,0,0,0,0,188,0.9896354166666667,190.01,0.0,True,False
192,4 48,192,12.01,2,1.25,True,66500,0.07291666666666667,0,4,188,0,0,0,0,0,0,0,0,0,188,0.9896354166666667,190.01,0.0,True,False
192,4 48,192,12.01,2,1.25,True,67000,0.16666666666666666,0,12,180,0,0,0,0,0,0,0,0,0,180,0.8958854166666667,172.01,0.0,True,False
192,4 48,192,12.01,2,1.25,True,67500,0.07291666666666667,0,4,188,0,0,0,0,0,0,0,0,0,188,0.9896354166666667,190.01,0.0,True,False
192,4 48,192,12.01,2,1.25,True,68000,0.10416666666666667,0,2,188,2,0,0,0,0,0,1,2,2,188,0.9583854166666667,184.01,0.0,True,False
192,4 48,192,12.01,2,1.25,True,68500,0.07291666666666667,0,4,188,0,0,0,0,0,0,0,0,0,188,0.9896354166666667,190.01,0.0,True,False
192,4 48,192,12.01,2,1.25,True,69000,0.07291666666666667,0,4,188,0,0,0,0,0,0,0,0,0,188,0.9896354166666667,190.01,0.0,True,False
192,4 48,192,12.01,2,1.25,True,69500,0.07291666666666667,0,4,188,0,0,0,0,0,0,0,0,0,188,0.9896354166666667,190.01,0.0,True,False
192,4 48,192,12.01,2,1.25,True,70000,0.07291666666666667,0,4,188,0,0,0,0,0,0,0,0,0,188,0.9896354166666667,190.01,0.0,True,False
192,4 48,192,12.01,2,1.25,True,70500,0.07291666666666667,0,4,188,0,0,0,0,0,0,0,0,0,188,0.9896354166666667,190.01,0.0,True,False
192,4 48,192,12.01,2,1.25,True,71000,0.14583333333333334,0,8,184,0,0,0,0,0,0,0,0,0,184,0.9167187499999999,176.01,0.0,True,False
192,4 48,192,12.01,2,1.25,True,71500,0.125,0,4,188,0,0,0,0,0,0,0,0,0,188,0.9375520833333333,180.01,0.0,True,False
192,4 48,192,12.01,2,1.25,True,72000,0.10416666666666667,0,2,188,2,0,0,0,0,0,1,2,2,188,0.9583854166666667,184.01,0.0,True,False
192,4 48,192,12.01,2,1.25,True,72500,0.10416666666666667,0,0,192,0,0,0,0,0,0,0,0,0,192,0.9583854166666667,184.01,0.0,True,False
192,4 48,192,12.01,2,1.25,True,73000,0.10416666666666667,0,2,188,2,0,0,0,0,0,1,2,2,188,0.9583854166666667,184.01,0.0,True,False
192,4 48,192,12.01,2,1.25,True,73500,0.07291666666666667,0,4,188,0,0,0,0,0,0,0,0,0,188,0.9896354166666667,190.01,0.0,True,False
192,4 48,192,12.01,2,1.25,True,74000,0.10416666666666667,0,0,192,0,0,0,0,0,0,0,0,0,192,0.9583854166666667,184.01,0.0,True,False
192,4 48,192,12.01,2,1.25,True,74500,0.07291666666666667,0,4,188,0,0,0,0,0,0,0,0,0,188,0.9896354166666667,190.01,0.0,True,False
192,4 48,192,12.01,2,1.25,True,75000,0.07291666666666667,0,4,188,0,0,0,0,0,0,0,0,0,188,0.9896354166666667,190.01,0.0,True,False
192,4 48,192,12.01,2,1.25,True,75500,0.07291666666666667,0,4,188,0,0,0,0,0,0,0,0,0,188,0.9896354166666667,190.01,0.0,True,False
192,4 48,192,12.01,2,1.25,True,76000,0.07291666666666667,0,4,188,0,0,0,0,0,0,0,0,0,188,0.9896354166666667,190.01,0.0,True,False
192,4 48,192,12.01,2,1.25,True,76500,0.10416666666666667,0,2,188,2,0,0,0,0,0,1,2,2,188,0.9583854166666667,184.01,0.0,True,False
192,4 48,192,12.01,2,1.25,True,77000,0.0,0,0,192,0,0,0,0,0,0,0,0,0,192,1.0625520833333333,204.01,0.0,True,False
192,4 48,192,12.01,2,1.25,True,77500,0.07291666666666667,0,4,188,0,0,0,0,0,0,0,0,0,188,0.9896354166666667,190.01,0.0,True,False
192,4 48,192,12.01,2,1.25,True,78000,0.07291666666666667,0,4,188,0,0,0,0,0,0,0,0,0,188,0.9896354166666667,190.01,0.0,True,False
192,4 48,192,12.01,2,1.25,True,78500,0.14583333333333334,0,8,184,0,0,0,0,0,0,0,0,0,184,0.9167187499999999,176.01,0.0,True,False
192,4 48,192,12.01,2,1.25,True,79000,0.10416666666666667,0,2,188,2,0,0,0,0,0,1,2,2,188,0.9583854166666667,184.01,0.0,True,False
192,4 48,192,12.01,2,1.25,True,79500,0.07291666666666667,0,4,188,0,0,0,0,0,0,0,0,0,188,0.9896354166666667,190.01,0.0,True,False
192,4 48,192,12.01,2,1.25,True,80000,0.10416666666666667,0,2,188,2,0,0,0,0,0,1,2,2,188,0.9583854166666667,184.01,0.0,True,False
192,4 48,192,12.01,2,1.25,True,80500,0.0,0,0,192,0,0,0,0,0,0,0,0,0,192,1.0625520833333333,204.01,0.0,True,False
192,4 48,192,12.01,2,1.25,True,81000,0.07291666666666667,0,4,188,0,0,0,0,0,0,0,0,0,188,0.9896354166666667,190.01,0.0,True,False
192,4 48,192,12.01,2,1.25,True,81500,0.10416666666666667,0,2,188,2,0,0,0,0,0,1,2,2,188,0.9583854166666667,184.01,0.0,True,False
192,4 48,192,12.01,2,1.25,True,82000,0.07291666666666667,0,4,188,0,0,0,0,0,0,0,0,0,188,0.9896354166666667,190.01,0.0,True,False
192,4 48,192,12.01,2,1.25,True,82500,0.07291666666666667,0,4,188,0,0,0,0,0,0,0,0,0,188,0.9896354166666667,190.01,0.0,True,False
192,4 48,192,12.01,2,1.25,True,83000,0.07291666666666667,0,4,188,0,0,0,0,0,0,0,0,0,188,0.9896354166666667,190.01,0.0,True,False
192,4 48,192,12.01,2,1.25,True,83500,0.10416666666666667,0,2,188,2,0,0,0,0,0,1,2,2,188,0.9583854166666667,184.01,0.0,True,False
192,4 48,192,12.01,2,1.25,True,84000,0.10416666666666667,0,2,188,2,0,0,0,0,0,1,2,2,188,0.9583854166666667,184.01,0.0,True,False
192,4 48,192,12.01,2,1.25,True,84500,0.125,0,4,188,0,0,0,0,0,0,0,0,0,188,0.9375520833333333,180.01,0.0,True,False
192,4 48,192,12.01,2,1.25,True,85000,0.16666666666666666,0,0,184,8,0,0,0,0,0,1,8,8,184,0.8958854166666667,172.01,0.0,True,False
192,4 48,192,12.01,2,1.25,True,85500,0.16666666666666666,0,0,184,8,0,0,0,0,0,1,8,8,184,0.8958854166666667,172.01,0.0,True,False
192,4 48,192,12.01,2,1.25,True,86000,0.16666666666666666,0,0,184,8,0,0,0,0,0,1,8,8,184,0.8958854166666667,172.01,0.0,True,False
192,4 48,192,12.01,2,1.25,True,86500,0.16666666666666666,0,0,184,8,0,0,0,0,0,1,8,8,184,0.8958854166666667,172.01,0.0,True,False
192,4 48,192,12.01,2,1.25,True,87000,0.16666666666666666,0,0,184,8,0,0,0,0,0,1,8,8,184,0.8958854166666667,172.01,0.0,True,False
192,4 48,192,12.01,2,1.25,True,87500,0.16666666666666666,0,0,184,8,0,0,0,0,0,1,8,8,184,0.8958854166666667,172.01,0.0,True,False
192,4 48,192,12.01,2,1.25,True,88000,0.16666666666666666,0,0,184,8,0,0,0,0,0,1,8,8,184,0.8958854166666667,172.01,0.0,True,False
192,4 48,192,12.01,2,1.25,True,88500,0.16666666666666666,0,0,184,8,0,0,0,0,0,1,8,8,184,0.8958854166666667,172.01,0.0,True,False
192,4 48,192,12.01,2,1.25,True,89000,0.1875,0,2,184,6,0,0,0,0,0,2,3,6,184,0.8750520833333333,168.01,0.0,True,False
192,4 48,192,12.01,2,1.25,True,89500,0.07291666666666667,0,4,188,0,0,0,0,0,0,0,0,0,188,0.9896354166666667,190.01,0.0,True,False
192,4 48,192,12.01,2,1.25,True,90000,0.07291666666666667,0,4,188,0,0,0,0,0,0,0,0,0,188,0.9896354166666667,190.01,0.0,True,False
192,4 48,192,12.01,2,1.25,True,90500,0.07291666666666667,0,4,188,0,0,0,0,0,0,0,0,0,188,0.9896354166666667,190.01,0.0,True,False
192,4 48,192,12.01,2,1.25,True,91000,0.0,0,0,192,0,0,0,0,0,0,0,0,0,192,1.0625520833333333,204.01,0.0,True,False
192,4 48,192,12.01,2,1.25,True,91500,0.07291666666666667,0,4,188,0,0,0,0,0,0,0,0,0,188,0.9896354166666667,190.01,0.0,True,False
192,4 48,192,12.01,2,1.25,True,92000,0.0,0,0,192,0,0,0,0,0,0,0,0,0,192,1.0625520833333333,204.01,0.0,True,False
192,4 48,192,12.01,2,1.25,True,92500,0.125,0,5,186,1,0,0,0,0,0,1,1,1,186,0.9375520833333333,180.01,0.0,True,False
192,4 48,192,12.01,2,1.25,True,93000,0.10416666666666667,0,2,188,2,0,0,0,0,0,1,2,2,188,0.9583854166666667,184.01,0.0,True,False
192,4 48,192,12.01,2,1.25,True,93500,0.0,0,0,192,0,0,0,0,0,0,0,0,0,192,1.0625520833333333,204.01,0.0,True,False
192,4 48,192,12.01,2,1.25,True,94000,0.14583333333333334,0,8,184,0,0,0,0,0,0,0,0,0,184,0.9167187499999999,176.01,0.0,True,False
192,4 48,192,12.01,2,1.25,True,94500,0.10416666666666667,0,2,188,2,0,0,0,0,0,1,2,2,188,0.9583854166666667,184.01,0.0,True,False
192,4 48,192,12.01,2,1.25,True,95000,0.14583333333333334,0,8,184,0,0,0,0,0,0,0,0,0,184,0.9167187499999999,176.01,0.0,True,False
192,4 48,192,12.01,2,1.25,True,95500,0.10416666666666667,0,2,188,2,0,0,0,0,0,1,2,2,188,0.9583854166666667,184.01,0.0,True,False
192,4 48,192,12.01,2,1.25,True,96000,0.07291666666666667,0,4,188,0,0,0,0,0,0,0,0,0,188,0.9896354166666667,190.01,0.0,True,False
192,4 48,192,12.01,2,1.25,True,96500,0.18229166666666666,0,4,184,4,0,0,0,0,0,1,4,4,184,0.8802604166666667,169.01,0.0,True,False
192,4 48,192,12.01,2,1.25,True,97000,0.10416666666666667,0,2,188,2,0,0,0,0,0,1,2,2,188,0.9583854166666667,184.01,0.0,True,False
192,4 48,192,12.01,2,1.25,True,97500,0.0,0,0,192,0,0,0,0,0,0,0,0,0,192,1.0625520833333333,204.01,0.0,True,False
192,4 48,192,12.01,2,1.25,True,98000,0.10416666666666667,0,2,188,2,0,0,0,0,0,1,2,2,188,0.9583854166666667,184.01,0.0,True,False
192,4 48,192,12.01,2,1.25,True,98500,0.14583333333333334,0,8,184,0,0,0,0,0,0,0,0,0,184,0.9167187499999999,176.01,0.0,True,False
192,4 48,192,12.01,2,1.25,True,99000,0.07291666666666667,0,4,188,0,0,0,0,0,0,0,0,0,188,0.9896354166666667,190.01,0.0,True,False
192,4 48,192,12.01,2,1.25,True,99500,0.07291666666666667,0,4,188,0,0,0,0,0,0,0,0,0,188,0.9896354166666667,190.01,0.0,True,False
192,4 48,192,12.01,2,1.25,True,100000,0.07291666666666667,0,4,188,0,0,0,0,0,0,0,0,0,188,0.9896354166666667,190.01,0.0,True,True
192,4 48,192,12.01,3,1.25,True,0,1.0,0,192,0,0,0,0,0,0,0,0,0,0,0,0.06255208333333333,12.01,0.0,False,False
192,4 48,192,12.01,3,1.25,True,500,0.75,0,124,68,0,0,0,0,0,0,0,0,0,68,0.31255208333333334,60.01,0.0,True,False
192,4 48,192,12.01,3,1.25,True,1000,0.4583333333333333,0,68,124,0,0,0,0,0,0,0,0,0,124,0.6042187499999999,116.00999999999999,0.0,True,False
192,4 48,192,12.01,3,1.25,True,1500,0.3333333333333333,0,44,148,0,0,0,0,0,0,0,0,0,148,0.7292187499999999,140.01,0.0,True,False
192,4 48,192,12.01,3,1.25,True,2000,0.0,0,0,192,0,0,0,0,0,0,0,0,0,192,1.0625520833333333,204.01,0.0,True,False
192,4 48,192,12.01,3,1.25,True,2500,0.07291666666666667,0,4,188,0,0,0,0,0,0,0,0,0,188,0.9896354166666667,190.01,0.0,True,False
192,4 48,192,12.01,3,1.25,True,3000,0.07291666666666667,0,4,188,0,0,0,0,0,0,0,0,0,188,0.9896354166666667,190.01,0.0,True,False
192,4 48,192,12.01,3,1.25,True,3500,0.07291666666666667,0,4,188,0,0,0,0,0,0,0,0,0,188,0.9896354166666667,190.01,0.0,True,False
192,4 48,192,12.01,3,1.25,True,4000,0.07291666666666667,0,4,188,0,0,0,0,0,0,0,0,0,188,0.9896354166666667,190.01,0.0,True,False
192,4 48,192,12.01,3,1.25,True,4500,0.10416666666666667,0,2,188,2,0,0,0,0,0,1,2,2,188,0.9583854166666667,184.01,0.0,True,False
192,4 48,192,12.01,3,1.25,True,5000,0.07291666666666667,0,4,188,0,0,0,0,0,0,0,0,0,188,0.9896354166666667,190.01,0.0,True,False
192,4 48,192,12.01,3,1.25,True,5500,0.10416666666666667,0,2,188,2,0,0,0,0,0,1,2,2,188,0.9583854166666667,184.01,0.0,True,False
192,4 48,192,12.01,3,1.25,True,6000,0.07291666666666667,0,4,188,0,0,0,0,0,0,0,0,0,188,0.9896354166666667,190.01,0.0,True,False
192,4 48,192,12.01,3,1.25,True,6500,0.07291666666666667,0,4,188,0,0,0,0,0,0,0,0,0,188,0.9896354166666667,190.01,0.0,True,False
192,4 48,192,12.01,3,1.25,True,7000,0.125,0,4,188,0,0,0,0,0,0,0,0,0,188,0.9375520833333333,180.01,0.0,True,False
192,4 48,192,12.01,3,1.25,True,7500,0.0,0,0,192,0,0,0,0,0,0,0,0,0,192,1.0625520833333333,204.01,0.0,True,False
192,4 48,192,12.01,3,1.25,True,8000,0.17708333333333334,0,6,184,2,0,0,0,0,0,1,2,2,184,0.8854687499999999,170.01,0.0,True,False
192,4 48,192,12.01,3,1.25,True,8500,0.07291666666666667,0,4,188,0,0,0,0,0,0,0,0,0,188,0.9896354166666667,190.01,0.0,True,False
192,4 48,192,12.01,3,1.25,True,9000,0.07291666666666667,0,4,188,0,0,0,0,0,0,0,0,0,188,0.9896354166666667,190.01,0.0,True,False
192,4 48,192,12.01,3,1.25,True,9500,0.14583333333333334,0,8,184,0,0,0,0,0,0,0,0,0,184,0.9167187499999999,176.01,0.0,True,False
192,4 48,192,12.01,3,1.25,True,10000,0.10416666666666667,0,0,192,0,0,0,0,0,0,0,0,0,192,0.9583854166666667,184.01,0.0,True,False
192,4 48,192,12.01,3,1.25,True,10500,0.07291666666666667,0,4,188,0,0,0,0,0,0,0,0,0,188,0.9896354166666667,190.01,0.0,True,False
192,4 48,192,12.01,3,1.25,True,11000,0.07291666666666667,0,4,188,0,0,0,0,0,0,0,0,0,188,0.9896354166666667,190.01,0.0,True,False
192,4 48,192,12.01,3,1.25,True,11500,0.10416666666666667,0,0,192,0,0,0,0,0,0,0,0,0,192,0.9583854166666667,184.01,0.0,True,False
192,4 48,192,12.01,3,1.25,True,12000,0.10416666666666667,0,2,188,2,0,0,0,0,0,1,2,2,188,0.9583854166666667,184.01,0.0,True,False
192,4 48,192,12.01,3,1.25,True,12500,0.07291666666666667,0,4,188,0,0,0,0,0,0,0,0,0,188,0.9896354166666667,190.01,0.0,True,False
192,4 48,192,12.01,3,1.25,True,13000,0.07291666666666667,0,4,188,0,0,0,0,0,0,0,0,0,188,0.9896354166666667,190.01,0.0,True,False
192,4 48,192,12.01,3,1.25,True,13500,0.07291666666666667,0,4,188,0,0,0,0,0,0,0,0,0,188,0.9896354166666667,190.01,0.0,True,False
192,4 48,192,12.01,3,1.25,True,14000,0.10416666666666667,0,0,192,0,0,0,0,0,0,0,0,0,192,0.9583854166666667,184.01,0.0,True,False
192,4 48,192,12.01,3,1.25,True,14500,0.07291666666666667,0,4,188,0,0,0,0,0,0,0,0,0,188,0.9896354166666667,190.01,0.0,True,False
192,4 48,192,12.01,3,1.25,True,15000,0.07291666666666667,0,4,188,0,0,0,0,0,0,0,0,0,188,0.9896354166666667,190.01,0.0,True,False
192,4 48,192,12.01,3,1.25,True,15500,0.10416666666666667,0,2,188,2,0,0,0,0,0,1,2,2,188,0.9583854166666667,184.01,0.0,True,False
192,4 48,192,12.01,3,1.25,True,16000,0.10416666666666667,0,2,188,2,0,0,0,0,0,1,2,2,188,0.9583854166666667,184.01,0.0,True,False
192,4 48,192,12.01,3,1.25,True,16500,0.07291666666666667,0,4,188,0,0,0,0,0,0,0,0,0,188,0.9896354166666667,190.01,0.0,True,False
192,4 48,192,12.01,3,1.25,True,17000,0.07291666666666667,0,4,188,0,0,0,0,0,0,0,0,0,188,0.9896354166666667,190.01,0.0,True,False
192,4 48,192,12.01,3,1.25,True,17500,0.14583333333333334,0,8,184,0,0,0,0,0,0,0,0,0,184,0.9167187499999999,176.01,0.0,True,False
192,4 48,192,12.01,3,1.25,True,18000,0.07291666666666667,0,4,188,0,0,0,0,0,0,0,0,0,188,0.9896354166666667,190.01,0.0,True,False
192,4 48,192,12.01,3,1.25,True,18500,0.07291666666666667,0,4,188,0,0,0,0,0,0,0,0,0,188,0.9896354166666667,190.01,0.0,True,False
192,4 48,192,12.01,3,1.25,True,19000,0.07291666666666667,0,4,188,0,0,0,0,0,0,0,0,0,188,0.9896354166666667,190.01,0.0,True,False
192,4 48,192,12.01,3,1.25,True,19500,0.07291666666666667,0,4,188,0,0,0,0,0,0,0,0,0,188,0.9896354166666667,190.01,0.0,True,False
192,4 48,192,12.01,3,1.25,True,20000,0.125,0,5,186,1,0,0,0,0,0,1,1,1,186,0.9375520833333333,180.01,0.0,True,False
192,4 48,192,12.01,3,1.25,True,20500,0.10416666666666667,0,0,192,0,0,0,0,0,0,0,0,0,192,0.9583854166666667,184.01,0.0,True,False
192,4 48,192,12.01,3,1.25,True,21000,0.125,0,5,186,1,0,0,0,0,0,1,1,1,186,0.9375520833333333,180.01,0.0,True,False
192,4 48,192,12.01,3,1.25,True,21500,0.125,0,5,186,1,0,0,0,0,0,1,1,1,186,0.9375520833333333,180.01,0.0,True,False
192,4 48,192,12.01,3,1.25,True,22000,0.0,0,0,192,0,0,0,0,0,0,0,0,0,192,1.0625520833333333,204.01,0.0,True,False
192,4 48,192,12.01,3,1.25,True,22500,0.07291666666666667,0,4,188,0,0,0,0,0,0,0,0,0,188,0.9896354166666667,190.01,0.0,True,False
192,4 48,192,12.01,3,1.25,True,23000,0.10416666666666667,0,0,192,0,0,0,0,0,0,0,0,0,192,0.9583854166666667,184.01,0.0,True,False
192,4 48,192,12.01,3,1.25,True,23500,0.10416666666666667,0,0,192,0,0,0,0,0,0,0,0,0,192,0.9583854166666667,184.01,0.0,True,False
192,4 48,192,12.01,3,1.25,True,24000,0.07291666666666667,0,4,188,0,0,0,0,0,0,0,0,0,188,0.9896354166666667,190.01,0.0,True,False
192,4 48,192,12.01,3,1.25,True,24500,0.10416666666666667,0,2,188,2,0,0,0,0,0,1,2,2,188,0.9583854166666667,184.01,0.0,True,False
192,4 48,192,12.01,3,1.25,True,25000,0.0,0,0,192,0,0,0,0,0,0,0,0,0,192,1.0625520833333333,204.01,0.0,True,False
192,4 48,192,12.01,3,1.25,True,25500,0.07291666666666667,0,4,188,0,0,0,0,0,0,0,0,0,188,0.9896354166666667,190.01,0.0,True,False
192,4 48,192,12.01,3,1.25,True,26000,0.07291666666666667,0,4,188,0,0,0,0,0,0,0,0,0,188,0.9896354166666667,190.01,0.0,True,False
192,4 48,192,12.01,3,1.25,True,26500,0.10416666666666667,0,2,188,2,0,0,0,0,0,1,2,2,188,0.9583854166666667,184.01,0.0,True,False
192,4 48,192,12.01,3,1.25,True,27000,0.10416666666666667,0,2,188,2,0,0,0,0,0,1,2,2,188,0.9583854166666667,184.01,0.0,True,False
192,4 48,192,12.01,3,1.25,True,27500,0.10416666666666667,0,2,188,2,0,0,0,0,0,1,2,2,188,0.9583854166666667,184.01,0.0,True,False
192,4 48,192,12.01,3,1.25,True,28000,0.07291666666666667,0,4,188,0,0,0,0,0,0,0,0,0,188,0.9896354166666667,190.01,0.0,True,False
192,4 48,192,12.01,3,1.25,True,28500,0.10416666666666667,0,0,192,0,0,0,0,0,0,0,0,0,192,0.9583854166666667,184.01,0.0,True,False
192,4 48,192,12.01,3,1.25,True,29000,0.07291666666666667,0,4,188,0,0,0,0,0,0,0,0,0,188,0.9896354166666667,190.01,0.0,True,False
192,4 48,192,12.01,3,1.25,True,29500,0.10416666666666667,0,2,188,2,0,0,0,0,0,1,2,2,188,0.9583854166666667,184.01,0.0,True,False
192,4 48,192,12.01,3,1.25,True,30000,0.07291666666666667,0,4,188,0,0,0,0,0,0,0,0,0,188,0.9896354166666667,190.01,0.0,True,False
192,4 48,192,12.01,3,1.25,True,30500,0.125,0,4,188,0,0,0,0,0,0,0,0,0,188,0.9375520833333333,180.01,0.0,True,False
192,4 48,192,12.01,3,1.25,True,31000,0.07291666666666667,0,4,188,0,0,0,0,0,0,0,0,0,188,0.9896354166666667,190.01,0.0,True,False
192,4 48,192,12.01,3,1.25,True,31500,0.07291666666666667,0,4,188,0,0,0,0,0,0,0,0,0,188,0.9896354166666667,190.01,0.0,True,False
192,4 48,192,12.01,3,1.25,True,32000,0.10416666666666667,0,2,188,2,0,0,0,0,0,1,2,2,188,0.9583854166666667,184.01,0.0,True,False
192,4 48,192,12.01,3,1.25,True,32500,0.07291666666666667,0,4,188,0,0,0,0,0,0,0,0,0,188,0.9896354166666667,190.01,0.0,True,False
192,4 48,192,12.01,3,1.25,True,33000,0.0,0,0,192,0,0,0,0,0,0,0,0,0,192,1.0625520833333333,204.01,0.0,True,False
192,4 48,192,12.01,3,1.25,True,33500,0.07291666666666667,0,4,188,0,0,0,0,0,0,0,0,0,188,0.9896354166666667,190.01,0.0,True,False
192,4 48,192,12.01,3,1.25,True,34000,0.07291666666666667,0,4,188,0,0,0,0,0,0,0,0,0,188,0.9896354166666667,190.01,0.0,True,False
192,4 48,192,12.01,3,1.25,True,34500,0.07291666666666667,0,4,188,0,0,0,0,0,0,0,0,0,188,0.9896354166666667,190.01,0.0,True,False
192,4 48,192,12.01,3,1.25,True,35000,0.125,0,5,186,1,0,0,0,0,0,1,1,1,186,0.9375520833333333,180.01,0.0,True,False
192,4 48,192,12.01,3,1.25,True,35500,0.0,0,0,192,0,0,0,0,0,0,0,0,0,192,1.0625520833333333,204.01,0.0,True,False
192,4 48,192,12.01,3,1.25,True,36000,0.07291666666666667,0,4,188,0,0,0,0,0,0,0,0,0,188,0.9896354166666667,190.01,0.0,True,False
192,4 48,192,12.01,3,1.25,True,36500,0.07291666666666667,0,4,188,0,0,0,0,0,0,0,0,0,188,0.9896354166666667,190.01,0.0,True,False
192,4 48,192,12.01,3,1.25,True,37000,0.10416666666666667,0,2,188,2,0,0,0,0,0,1,2,2,188,0.9583854166666667,184.01,0.0,True,False
192,4 48,192,12.01,3,1.25,True,37500,0.10416666666666667,0,2,188,2,0,0,0,0,0,1,2,2,188,0.9583854166666667,184.01,0.0,True,False
192,4 48,192,12.01,3,1.25,True,38000,0.07291666666666667,0,4,188,0,0,0,0,0,0,0,0,0,188,0.9896354166666667,190.01,0.0,True,False
192,4 48,192,12.01,3,1.25,True,38500,0.07291666666666667,0,4,188,0,0,0,0,0,0,0,0,0,188,0.9896354166666667,190.01,0.0,True,False
192,4 48,192,12.01,3,1.25,True,39000,0.07291666666666667,0,4,188,0,0,0,0,0,0,0,0,0,188,0.9896354166666667,190.01,0.0,True,False
192,4 48,192,12.01,3,1.25,True,39500,0.10416666666666667,0,2,188,2,0,0,0,0,0,1,2,2,188,0.9583854166666667,184.01,0.0,True,False
192,4 48,192,12.01,3,1.25,True,40000,0.10416666666666667,0,0,192,0,0,0,0,0,0,0,0,0,192,0.9583854166666667,184.01,0.0,True,False
192,4 48,192,12.01,3,1.25,True,40500,0.125,0,5,186,1,0,0,0,0,0,1,1,1,186,0.9375520833333333,180.01,0.0,True,False
192,4 48,192,12.01,3,1.25,True,41000,0.07291666666666667,0,4,188,0,0,0,0,0,0,0,0,0,188,0.9896354166666667,190.01,0.0,True,False
192,4 48,192,12.01,3,1.25,True,41500,0.10416666666666667,0,2,188,2,0,0,0,0,0,1,2,2,188,0.9583854166666667,184.01,0.0,True,False
192,4 48,192,12.01,3,1.25,True,42000,0.07291666666666667,0,4,188,0,0,0,0,0,0,0,0,0,188,0.9896354166666667,190.01,0.0,True,False
192,4 48,192,12.01,3,1.25,True,42500,0.10416666666666667,0,0,192,0,0,0,0,0,0,0,0,0,192,0.9583854166666667,184.01,0.0,True,False
192,4 48,192,12.01,3,1.25,True,43000,0.07291666666666667,0,4,188,0,0,0,0,0,0,0,0,0,188,0.9896354166666667,190.01,0.0,True,False
192,4 48,192,12.01,3,1.25,True,43500,0.07291666666666667,0,4,188,0,0,0,0,0,0,0,0,0,188,0.9896354166666667,190.01,0.0,True,False
192,4 48,192,12.01,3,1.25,True,44000,0.10416666666666667,0,0,192,0,0,0,0,0,0,0,0,0,192,0.9583854166666667,184.01,0.0,True,False
192,4 48,192,12.01,3,1.25,True,44500,0.07291666666666667,0,4,188,0,0,0,0,0,0,0,0,0,188,0.9896354166666667,190.01,0.0,True,False
192,4 48,192,12.01,3,1.25,True,45000,0.07291666666666667,0,4,188,0,0,0,0,0,0,0,0,0,188,0.9896354166666667,190.01,0.0,True,False
192,4 48,192,12.01,3,1.25,True,45500,0.10416666666666667,0,2,188,2,0,0,0,0,0,1,2,2,188,0.9583854166666667,184.01,0.0,True,False
192,4 48,192,12.01,3,1.25,True,46000,0.0,0,0,192,0,0,0,0,0,0,0,0,0,192,1.0625520833333333,204.01,0.0,True,False
192,4 48,192,12.01,3,1.25,True,46500,0.10416666666666667,0,0,192,0,0,0,0,0,0,0,0,0,192,0.9583854166666667,184.01,0.0,True,False
192,4 48,192,12.01,3,1.25,True,47000,0.18229166666666666,0,4,184,4,0,0,0,0,0,1,4,4,184,0.8802604166666667,169.01,0.0,True,False
192,4 48,192,12.01,3,1.25,True,47500,0.07291666666666667,0,4,188,0,0,0,0,0,0,0,0,0,188,0.9896354166666667,190.01,0.0,True,False
192,4 48,192,12.01,3,1.25,True,48000,0.203125,0,8,180,4,0,0,0,0,0,1,4,4,180,0.8594270833333333,165.01,0.0,True,False
192,4 48,192,12.01,3,1.25,True,48500,0.20833333333333334,0,5,182,5,0,0,0,0,0,2,4,5,182,0.8542187499999999,164.01,0.0,True,False
192,4 48,192,12.01,3,1.25,True,49000,0.2604166666666667,0,6,180,6,0,0,0,0,0,1,6,6,180,0.8021354166666667,154.01,0.0,True,False
192,4 48,192,12.01,3,1.25,True,49500,0.20833333333333334,0,4,184,4,0,0,0,0,0,1,4,4,184,0.8542187499999999,164.01,0.0,True,False
192,4 48,192,12.01,3,1.25,True,50000,0.20833333333333334,0,4,184,4,0,0,0,0,0,2,3,4,184,0.8542187499999999,164.01,0.0,True,False
192,4 48,192,12.01,3,1.25,True,50500,0.20833333333333334,0,4,184,4,0,0,0,0,0,2,2,4,184,0.8542187499999999,164.01,0.0,True,False
192,4 48,192,12.01,3,1.25,True,51000,0.21354166666666666,0,0,188,4,0,0,0,0,0,1,4,4,188,0.8490104166666667,163.01,0.0,True,False
192,4 48,192,12.01,3,1.25,True,51500,0.23958333333333334,0,2,184,6,0,0,0,0,0,2,4,6,184,0.8229687499999999,158.01,0.0,True,False
192,4 48,192,12.01,3,1.25,True,52000,0.23958333333333334,0,0,188,4,0,0,0,0,0,2,2,4,188,0.8229687499999999,158.01,0.0,True,False
192,4 48,192,12.01,3,1.25,True,52500,0.20833333333333334,0,2,188,2,0,0,0,0,0,1,2,2,188,0.8542187499999999,164.01,0.0,True,False
192,4 48,192,12.01,3,1.25,True,53000,0.20833333333333334,0,2,188,2,0,0,0,0,0,1,2,2,188,0.8542187499999999,164.01,0.0,True,False
192,4 48,192,12.01,3,1.25,True,53500,0.20833333333333334,0,2,188,2,0,0,0,0,0,1,2,2,188,0.8542187499999999,164.01,0.0,True,False
192,4 48,192,12.01,3,1.25,True,54000,0.21354166666666666,0,2,184,6,0,0,0,0,0,2,4,6,184,0.8490104166666667,163.01,0.0,True,False
192,4 48,192,12.01,3,1.25,True,54500,0.20833333333333334,0,2,188,2,0,0,0,0,0,1,2,2,188,0.8542187499999999,164.01,0.0,True,False
192,4 48,192,12.01,3,1.25,True,55000,0.265625,0,3,182,7,0,0,0,0,0,3,3,7,182,0.7969270833333333,153.01,0.0,True,False
192,4 48,192,12.01,3,1.25,True,55500,0.21354166666666666,0,2,184,6,0,0,0,0,0,2,4,6,184,0.8490104166666667,163.01,0.0,True,False
192,4 48,192,12.01,3,1.25,True,56000,0.234375,0,4,184,4,0,0,0,0,0,2,2,4,184,0.8281770833333333,159.01,0.0,True,False
192,4 48,192,12.01,3,1.25,True,56500,0.20833333333333334,0,2,188,2,0,0,0,0,0,1,2,2,188,0.8542187499999999,164.01,0.0,True,False
192,4 48,192,12.01,3,1.25,True,57000,0.21354166666666666,0,2,184,6,0,0,0,0,0,2,4,6,184,0.8490104166666667,163.01,0.0,True,False
192,4 48,192,12.01,3,1.25,True,57500,0.23958333333333334,0,0,188,4,0,0,0,0,0,2,2,4,188,0.8229687499999999,158.01,0.0,True,False
192,4 48,192,12.01,3,1.25,True,58000,0.20833333333333334,0,4,184,4,0,0,0,0,0,2,2,4,184,0.8542187499999999,164.01,0.0,True,False
192,4 48,192,12.01,3,1.25,True,58500,0.23958333333333334,0,0,188,4,0,0,0,0,0,2,2,4,188,0.8229687499999999,158.01,0.0,True,False
192,4 48,192,12.01,3,1.25,True,59000,0.23958333333333334,0,2,184,6,0,0,0,0,0,2,4,6,184,0.8229687499999999,158.01,0.0,True,False
192,4 48,192,12.01,3,1.25,True,59500,0.21354166666666666,0,2,184,6,0,0,0,0,0,2,4,6,184,0.8490104166666667,163.01,0.0,True,False
192,4 48,192,12.01,3,1.25,True,60000,0.20833333333333334,0,4,184,4,0,0,0,0,0,2,2,4,184,0.8542187499999999,164.01,0.0,True,False
192,4 48,192,12.01,3,1.25,True,60500,0.20833333333333334,0,4,184,4,0,0,0,0,0,2,2,4,184,0.8542187499999999,164.01,0.0,True,False
192,4 48,192,12.01,3,1.25,True,61000,0.2916666666666667,0,3,182,7,0,0,0,0,0,2,4,7,182,0.7708854166666667,148.01,0.0,True,False
192,4 48,192,12.01,3,1.25,True,61500,0.20833333333333334,0,4,184,4,0,0,0,0,0,2,2,4,184,0.8542187499999999,164.01,0.0,True,False
192,4 48,192,12.01,3,1.25,True,62000,0.20833333333333334,0,4,184,4,0,0,0,0,0,2,2,4,184,0.8542187499999999,164.01,0.0,True,False
192,4 48,192,12.01,3,1.25,True,62500,0.2604166666666667,0,5,182,5,0,0,0,0,0,2,3,5,182,0.8021354166666667,154.01,0.0,True,False
192,4 48,192,12.01,3,1.25,True,63000,0.23958333333333334,0,0,188,4,0,0,0,0,0,2,2,4,188,0.8229687499999999,158.01,0.0,True,False
192,4 48,192,12.01,3,1.25,True,63500,0.23958333333333334,0,2,184,6,0,0,0,0,0,2,4,6,184,0.8229687499999999,158.01,0.0,True,False
192,4 48,192,12.01,3,1.25,True,64000,0.23958333333333334,0,2,184,6,0,0,0,0,0,2,4,6,184,0.8229687499999999,158.01,0.0,True,False
192,4 48,192,12.01,3,1.25,True,64500,0.2708333333333333,0,0,184,8,0,0,0,0,0,1,8,8,184,0.7917187499999999,152.01,0.0,True,False
192,4 48,192,12.01,3,1.25,True,65000,0.20833333333333334,0,4,184,4,0,0,0,0,0,2,2,4,184,0.8542187499999999,164.01,0.0,True,False
192,4 48,192,12.01,3,1.25,True,65500,0.21354166666666666,0,2,184,6,0,0,0,0,0,2,4,6,184,0.8490104166666667,163.01,0.0,True,False
192,4 48,192,12.01,3,1.25,True,66000,0.234375,0,4,184,4,0,0,0,0,0,2,2,4,184,0.8281770833333333,159.01,0.0,True,False
192,4 48,192,12.01,3,1.25,True,66500,0.20833333333333334,0,2,188,2,0,0,0,0,0,1,2,2,188,0.8542187499999999,164.01,0.0,True,False
192,4 48,192,12.01,3,1.25,True,67000,0.20833333333333334,0,2,188,2,0,0,0,0,0,1,2,2,188,0.8542187499999999,164.01,0.0,True,False
192,4 48,192,12.01,3,1.25,True,67500,0.20833333333333334,0,2,188,2,0,0,0,0,0,1,2,2,188,0.8542187499999999,164.01,0.0,True,False
192,4 48,192,12.01,3,1.25,True,68000,0.234375,0,4,184,4,0,0,0,0,0,2,2,4,184,0.8281770833333333,159.01,0.0,True,False
192,4 48,192,12.01,3,1.25,True,68500,0.23958333333333334,0,2,184,6,0,0,0,0,0,1,6,6,184,0.8229687499999999,158.01,0.0,True,False
192,4 48,192,12.01,3,1.25,True,69000,0.23958333333333334,0,0,188,4,0,0,0,0,0,1,4,4,188,0.8229687499999999,158.01,0.0,True,False
192,4 48,192,12.01,3,1.25,True,69500,0.23958333333333334,0,0,188,4,0,0,0,0,0,1,4,4,188,0.8229687499999999,158.01,0.0,True,False
192,4 48,192,12.01,3,1.25,True,70000,0.23958333333333334,0,0,188,4,0,0,0,0,0,2,2,4,188,0.8229687499999999,158.01,0.0,True,False
192,4 48,192,12.01,3,1.25,True,70500,0.23958333333333334,0,0,188,4,0,0,0,0,0,1,4,4,188,0.8229687499999999,158.01,0.0,True,False
192,4 48,192,12.01,3,1.25,True,71000,0.21875,0,0,184,8,0,0,0,0,0,2,4,8,184,0.8438020833333333,162.01,0.0,True,False
192,4 48,192,12.01,3,1.25,True,71500,0.20833333333333334,0,0,192,0,0,0,0,0,0,0,0,0,192,0.8542187499999999,164.01,0.0,True,False
192,4 48,192,12.01,3,1.25,True,72000,0.23958333333333334,0,2,184,6,0,0,0,0,0,2,4,6,184,0.8229687499999999,158.01,0.0,True,False
192,4 48,192,12.01,3,1.25,True,72500,0.234375,0,2,188,2,0,0,0,0,0,1,2,2,188,0.8281770833333333,159.01,0.0,True,False
192,4 48,192,12.01,3,1.25,True,73000,0.234375,0,2,188,2,0,0,0,0,0,1,2,2,188,0.8281770833333333,159.01,0.0,True,False
192,4 48,192,12.01,3,1.25,True,73500,0.23958333333333334,0,0,188,4,0,0,0,0,0,1,4,4,188,0.8229687499999999,158.01,0.0,True,False
192,4 48,192,12.01,3,1.25,True,74000,0.2604166666666667,0,5,182,5,0,0,0,0,0,2,3,5,182,0.8021354166666667,154.01,0.0,True,False
192,4 48,192,12.01,3,1.25,True,74500,0.20833333333333334,0,4,184,4,0,0,0,0,0,2,2,4,184,0.8542187499999999,164.01,0.0,True,False
192,4 48,192,12.01,3,1.25,True,75000,0.20833333333333334,0,4,184,4,0,0,0,0,0,2,2,4,184,0.8542187499999999,164.01,0.0,True,False
192,4 48,192,12.01,3,1.25,True,75500,0.23958333333333334,0,0,188,4,0,0,0,0,0,2,2,4,188,0.8229687499999999,158.01,0.0,True,False
192,4 48,192,12.01,3,1.25,True,76000,0.23958333333333334,0,2,184,6,0,0,0,0,0,2,4,6,184,0.8229687499999999,158.01,0.0,True,False
192,4 48,192,12.01,3,1.25,True,76500,0.23958333333333334,0,2,184,6,0,0,0,0,0,3,2,6,184,0.8229687499999999,158.01,0.0,True,False
192,4 48,192,12.01,3,1.25,True,77000,0.23958333333333334,0,2,184,6,0,0,0,0,0,2,4,6,184,0.8229687499999999,158.01,0.0,True,False
192,4 48,192,12.01,3,1.25,True,77500,0.2708333333333333,0,0,184,8,0,0,0,0,0,1,8,8,184,0.7917187499999999,152.01,0.0,True,False
192,4 48,192,12.01,3,1.25,True,78000,0.23958333333333334,0,2,184,6,0,0,0,0,0,1,6,6,184,0.8229687499999999,158.01,0.0,True,False
192,4 48,192,12.01,3,1.25,True,78500,0.23958333333333334,0,0,188,4,0,0,0,0,0,1,4,4,188,0.8229687499999999,158.01,0.0,True,False
192,4 48,192,12.01,3,1.25,True,79000,0.2708333333333333,0,0,184,8,0,0,0,0,0,1,8,8,184,0.7917187499999999,152.01,0.0,True,False
192,4 48,192,12.01,3,1.25,True,79500,0.2916666666666667,0,2,184,6,0,0,0,0,0,2,4,6,184,0.7708854166666667,148.01,0.0,True,False
192,4 48,192,12.01,3,1.25,True,80000,0.23958333333333334,0,0,188,4,0,0,0,0,0,1,4,4,188,0.8229687499999999,158.01,0.0,True,False
192,4 48,192,12.01,3,1.25,True,80500,0.23958333333333334,0,0,188,4,0,0,0,0,0,1,4,4,188,0.8229687499999999,158.01,0.0,True,False
192,4 48,192,12.01,3,1.25,True,81000,0.2708333333333333,0,0,184,8,0,0,0,0,0,2,4,8,184,0.7917187499999999,152.01,0.0,True,False
192,4 48,192,12.01,3,1.25,True,81500,0.20833333333333334,0,4,184,4,0,0,0,0,0,1,4,4,150,0.8542187499999999,164.01,0.0,True,False
192,4 48,192,12.01,3,1.25,True,82000,0.23958333333333334,0,2,184,6,0,0,0,0,0,2,4,6,150,0.8229687499999999,158.01,0.0,True,False
192,4 48,192,12.01,3,1.25,True,82500,0.20833333333333334,0,4,184,4,0,0,0,0,0,1,4,4,150,0.8542187499999999,164.01,0.0,True,False
192,4 48,192,12.01,3,1.25,True,83000,0.3020833333333333,0,0,180,12,0,0,0,0,0,1,12,12,150,0.7604687499999999,146.01,0.0,True,False
192,4 48,192,12.01,3,1.25,True,83500,0.23958333333333334,0,2,184,6,0,0,0,0,0,1,6,6,184,0.8229687499999999,158.01,0.0,True,False
192,4 48,192,12.01,3,1.25,True,84000,0.23958333333333334,0,2,184,6,0,0,0,0,0,1,6,6,184,0.8229687499999999,158.01,0.0,True,False
192,4 48,192,12.01,3,1.25,True,84500,0.265625,0,3,182,7,0,0,0,0,0,3,3,7,182,0.7969270833333333,153.01,0.0,True,False
192,4 48,192,12.01,3,1.25,True,85000,0.2708333333333333,0,0,184,8,0,0,0,0,0,2,4,8,150,0.7917187499999999,152.01,0.0,True,False
192,4 48,192,12.01,3,1.25,True,85500,0.23958333333333334,0,0,188,4,0,0,0,0,0,1,4,4,188,0.8229687499999999,158.01,0.0,True,False
192,4 48,192,12.01,3,1.25,True,86000,0.23958333333333334,0,2,184,6,0,0,0,0,0,2,4,6,150,0.8229687499999999,158.01,0.0,True,False
192,4 48,192,12.01,3,1.25,True,86500,0.2916666666666667,0,2,184,6,0,0,0,0,0,2,4,6,148,0.7708854166666667,148.01,0.0,True,False
192,4 48,192,12.01,3,1.25,True,87000,0.3229166666666667,0,2,181,8,1,0,0,0,1,3,4,9,150,0.7396354166666667,142.01,0.0,True,False
192,4 48,192,12.01,3,1.25,True,87500,0.3229166666666667,0,2,181,8,1,0,0,0,1,4,3,9,150,0.7396354166666667,142.01,0.0,True,False
192,4 48,192,12.01,3,1.25,True,88000,0.328125,0,8,184,0,0,0,0,0,0,0,0,0,154,0.7344270833333333,141.01,0.0,True,False
192,4 48,192,12.01,3,1.25,True,88500,0.328125,1,8,181,2,0,0,0,0,0,1,2,2,150,0.7344270833333333,141.01,0.0,True,False
192,4 48,192,12.01,3,1.25,True,89000,0.296875,0,12,180,0,0,0,0,0,0,0,0,0,150,0.7656770833333333,147.01,0.0,True,False
192,4 48,192,12.01,3,1.25,True,89500,0.22395833333333334,1,6,185,0,0,0,0,0,0,0,0,0,154,0.8385937499999999,161.01,0.0,True,False
192,4 48,192,12.01,3,1.25,True,90000,0.296875,0,13,178,1,0,0,0,0,0,1,1,1,150,0.7656770833333333,147.01,0.0,True,False
192,4 48,192,12.01,3,1.25,True,90500,0.3385416666666667,0,6,180,6,0,0,0,0,0,2,4,6,150,0.7240104166666667,139.01,0.0,True,False
192,4 48,192,12.01,3,1.25,True,91000,0.22916666666666666,0,6,184,2,0,0,0,0,0,1,2,2,154,0.8333854166666667,160.01,0.0,True,False
192,4 48,192,12.01,3,1.25,True,91500,0.25,0,10,180,2,0,0,0,0,0,1,2,2,154,0.8125520833333333,156.01,0.0,True,False
192,4 48,192,12.01,3,1.25,True,92000,0.22916666666666666,0,8,180,4,0,0,0,0,0,2,2,4,154,0.8333854166666667,160.01,0.0,True,False
192,4 48,192,12.01,3,1.25,True,92500,0.28125,0,8,180,4,0,0,0,0,0,2,2,4,150,0.7813020833333333,150.01,0.0,True,False
192,4 48,192,12.01,3,1.25,True,93000,0.19270833333333334,0,0,184,8,0,0,0,0,0,1,8,8,154,0.8698437499999999,167.01,0.0,True,False
192,4 48,192,12.01,3,1.25,True,93500,0.2708333333333333,0,0,184,8,0,0,0,0,0,2,6,8,150,0.7917187499999999,152.01,0.0,True,False
192,4 48,192,12.01,3,1.25,True,94000,0.2604166666666667,0,5,182,5,0,0,0,0,0,2,3,5,148,0.8021354166666667,154.01,0.0,True,False
192,4 48,192,12.01,3,1.25,True,94500,0.23958333333333334,0,2,184,6,0,0,0,0,0,3,2,6,150,0.8229687499999999,158.01,0.0,True,False
192,4 48,192,12.01,3,1.25,True,95000,0.2916666666666667,0,5,179,7,1,0,0,0,1,4,2,8,150,0.7708854166666667,148.01,0.0,True,False
192,4 48,192,12.01,3,1.25,True,95500,0.20833333333333334,0,2,188,2,0,0,0,0,0,1,2,2,154,0.8542187499999999,164.01,0.0,True,False
192,4 48,192,12.01,3,1.25,True,96000,0.23958333333333334,0,2,184,6,0,0,0,0,0,3,2,6,150,0.8229687499999999,158.01,0.0,True,False
192,4 48,192,12.01,3,1.25,True,96500,0.23958333333333334,0,2,184,6,0,0,0,0,0,3,2,6,150,0.8229687499999999,158.01,0.0,True,False
192,4 48,192,12.01,3,1.25,True,97000,0.20833333333333334,0,4,184,4,0,0,0,0,0,2,2,4,184,0.8542187499999999,164.01,0.0,True,False
192,4 48,192,12.01,3,1.25,True,97500,0.265625,0,4,181,6,1,0,0,0,1,2,5,7,181,0.7969270833333333,153.01,0.0,True,False
192,4 48,192,12.01,3,1.25,True,98000,0.23958333333333334,0,0,188,4,0,0,0,0,0,2,2,4,188,0.8229687499999999,158.01,0.0,True,False
192,4 48,192,12.01,3,1.25,True,98500,0.23958333333333334,0,2,184,6,0,0,0,0,0,2,4,6,184,0.8229687499999999,158.01,0.0,True,False
192,4 48,192,12.01,3,1.25,True,99000,0.20833333333333334,0,4,184,4,0,0,0,0,0,2,2,4,184,0.8542187499999999,164.01,0.0,True,False
192,4 48,192,12.01,3,1.25,True,99500,0.296875,0,2,182,7,0,1,0,0,1,4,3,8,182,0.7656770833333333,147.01,0.0,True,False
192,4 48,192,12.01,3,1.25,True,100000,0.2708333333333333,0,0,184,8,0,0,0,0,0,1,8,8,184,0.7917187499999999,152.01,0.0,True,True
192,4 48,192,12.01,4,1.25,True,0,1.0,0,192,0,0,0,0,0,0,0,0,0,0,0,0.06255208333333333,12.01,0.0,False,False
192,4 48,192,12.01,4,1.25,True,500,0.8541666666666666,0,144,48,0,0,0,0,0,0,0,0,0,48,0.20838541666666666,40.01,0.0,True,False
192,4 48,192,12.01,4,1.25,True,1000,0.75,0,124,68,0,0,0,0,0,0,0,0,0,68,0.31255208333333334,60.01,0.0,True,False
192,4 48,192,12.01,4,1.25,True,1500,0.5833333333333334,0,92,100,0,0,0,0,0,0,0,0,0,100,0.47921874999999997,92.00999999999999,0.0,True,False
192,4 48,192,12.01,4,1.25,True,2000,0.4375,0,64,128,0,0,0,0,0,0,0,0,0,128,0.6250520833333333,120.00999999999999,0.0,True,False
192,4 48,192,12.01,4,1.25,True,2500,0.2708333333333333,0,32,160,0,0,0,0,0,0,0,0,0,160,0.7917187499999999,152.01,0.0,True,False
192,4 48,192,12.01,4,1.25,True,3000,0.16666666666666666,0,12,180,0,0,0,0,0,0,0,0,0,180,0.8958854166666667,172.01,0.0,True,False
192,4 48,192,12.01,4,1.25,True,3500,0.16666666666666666,0,0,184,8,0,0,0,0,0,1,8,8,184,0.8958854166666667,172.01,0.0,True,False
192,4 48,192,12.01,4,1.25,True,4000,0.16145833333333334,0,2,184,6,0,0,0,0,0,1,6,6,184,0.9010937499999999,173.01,0.0,True,False
192,4 48,192,12.01,4,1.25,True,4500,0.07291666666666667,0,4,188,0,0,0,0,0,0,0,0,0,188,0.9896354166666667,190.01,0.0,True,False
192,4 48,192,12.01,4,1.25,True,5000,0.10416666666666667,0,0,192,0,0,0,0,0,0,0,0,0,192,0.9583854166666667,184.01,0.0,True,False
192,4 48,192,12.01,4,1.25,True,5500,0.10416666666666667,0,2,188,2,0,0,0,0,0,1,2,2,188,0.9583854166666667,184.01,0.0,True,False
192,4 48,192,12.01,4,1.25,True,6000,0.10416666666666667,0,2,188,2,0,0,0,0,0,1,2,2,188,0.9583854166666667,184.01,0.0,True,False
192,4 48,192,12.01,4,1.25,True,6500,0.0,0,0,192,0,0,0,0,0,0,0,0,0,192,1.0625520833333333,204.01,0.0,True,False
192,4 48,192,12.01,4,1.25,True,7000,0.07291666666666667,0,4,188,0,0,0,0,0,0,0,0,0,188,0.9896354166666667,190.01,0.0,True,False
192,4 48,192,12.01,4,1.25,True,7500,0.125,0,4,188,0,0,0,0,0,0,0,0,0,188,0.9375520833333333,180.01,0.0,True,False
192,4 48,192,12.01,4,1.25,True,8000,0.07291666666666667,0,4,188,0,0,0,0,0,0,0,0,0,188,0.9896354166666667,190.01,0.0,True,False
192,4 48,192,12.01,4,1.25,True,8500,0.07291666666666667,0,4,188,0,0,0,0,0,0,0,0,0,188,0.9896354166666667,190.01,0.0,True,False
192,4 48,192,12.01,4,1.25,True,9000,0.16666666666666666,0,12,180,0,0,0,0,0,0,0,0,0,180,0.8958854166666667,172.01,0.0,True,False
192,4 48,192,12.01,4,1.25,True,9500,0.07291666666666667,0,4,188,0,0,0,0,0,0,0,0,0,188,0.9896354166666667,190.01,0.0,True,False
192,4 48,192,12.01,4,1.25,True,10000,0.10416666666666667,0,2,188,2,0,0,0,0,0,1,2,2,188,0.9583854166666667,184.01,0.0,True,False
192,4 48,192,12.01,4,1.25,True,10500,0.07291666666666667,0,4,188,0,0,0,0,0,0,0,0,0,188,0.9896354166666667,190.01,0.0,True,False
192,4 48,192,12.01,4,1.25,True,11000,0.0,0,0,192,0,0,0,0,0,0,0,0,0,192,1.0625520833333333,204.01,0.0,True,False
192,4 48,192,12.01,4,1.25,True,11500,0.0,0,0,192,0,0,0,0,0,0,0,0,0,192,1.0625520833333333,204.01,0.0,True,False
192,4 48,192,12.01,4,1.25,True,12000,0.0,0,0,192,0,0,0,0,0,0,0,0,0,192,1.0625520833333333,204.01,0.0,True,False
192,4 48,192,12.01,4,1.25,True,12500,0.0,0,0,192,0,0,0,0,0,0,0,0,0,192,1.0625520833333333,204.01,0.0,True,False
192,4 48,192,12.01,4,1.25,True,13000,0.10416666666666667,0,0,192,0,0,0,0,0,0,0,0,0,192,0.9583854166666667,184.01,0.0,True,False
192,4 48,192,12.01,4,1.25,True,13500,0.07291666666666667,0,4,188,0,0,0,0,0,0,0,0,0,188,0.9896354166666667,190.01,0.0,True,False
192,4 48,192,12.01,4,1.25,True,14000,0.10416666666666667,0,2,188,2,0,0,0,0,0,1,2,2,188,0.9583854166666667,184.01,0.0,True,False
192,4 48,192,12.01,4,1.25,True,14500,0.07291666666666667,0,4,188,0,0,0,0,0,0,0,0,0,188,0.9896354166666667,190.01,0.0,True,False
192,4 48,192,12.01,4,1.25,True,15000,0.07291666666666667,0,4,188,0,0,0,0,0,0,0,0,0,188,0.9896354166666667,190.01,0.0,True,False
192,4 48,192,12.01,4,1.25,True,15500,0.07291666666666667,0,4,188,0,0,0,0,0,0,0,0,0,188,0.9896354166666667,190.01,0.0,True,False
192,4 48,192,12.01,4,1.25,True,16000,0.14583333333333334,0,8,184,0,0,0,0,0,0,0,0,0,184,0.9167187499999999,176.01,0.0,True,False
192,4 48,192,12.01,4,1.25,True,16500,0.07291666666666667,0,4,188,0,0,0,0,0,0,0,0,0,188,0.9896354166666667,190.01,0.0,True,False
192,4 48,192,12.01,4,1.25,True,17000,0.10416666666666667,0,2,188,2,0,0,0,0,0,1,2,2,188,0.9583854166666667,184.01,0.0,True,False
192,4 48,192,12.01,4,1.25,True,17500,0.07291666666666667,0,4,188,0,0,0,0,0,0,0,0,0,188,0.9896354166666667,190.01,0.0,True,False
192,4 48,192,12.01,4,1.25,True,18000,0.10416666666666667,0,2,188,2,0,0,0,0,0,1,2,2,188,0.9583854166666667,184.01,0.0,True,False
192,4 48,192,12.01,4,1.25,True,18500,0.125,0,4,188,0,0,0,0,0,0,0,0,0,188,0.9375520833333333,180.01,0.0,True,False
192,4 48,192,12.01,4,1.25,True,19000,0.07291666666666667,0,4,188,0,0,0,0,0,0,0,0,0,188,0.9896354166666667,190.01,0.0,True,False
192,4 48,192,12.01,4,1.25,True,19500,0.07291666666666667,0,4,188,0,0,0,0,0,0,0,0,0,188,0.9896354166666667,190.01,0.0,True,False
192,4 48,192,12.01,4,1.25,True,20000,0.07291666666666667,0,4,188,0,0,0,0,0,0,0,0,0,188,0.9896354166666667,190.01,0.0,True,False
192,4 48,192,12.01,4,1.25,True,20500,0.07291666666666667,0,4,188,0,0,0,0,0,0,0,0,0,188,0.9896354166666667,190.01,0.0,True,False
192,4 48,192,12.01,4,1.25,True,21000,0.10416666666666667,0,0,192,0,0,0,0,0,0,0,0,0,192,0.9583854166666667,184.01,0.0,True,False
192,4 48,192,12.01,4,1.25,True,21500,0.07291666666666667,0,4,188,0,0,0,0,0,0,0,0,0,188,0.9896354166666667,190.01,0.0,True,False
192,4 48,192,12.01,4,1.25,True,22000,0.07291666666666667,0,4,188,0,0,0,0,0,0,0,0,0,188,0.9896354166666667,190.01,0.0,True,False
192,4 48,192,12.01,4,1.25,True,22500,0.07291666666666667,0,4,188,0,0,0,0,0,0,0,0,0,188,0.9896354166666667,190.01,0.0,True,False
192,4 48,192,12.01,4,1.25,True,23000,0.07291666666666667,0,4,188,0,0,0,0,0,0,0,0,0,188,0.9896354166666667,190.01,0.0,True,False
192,4 48,192,12.01,4,1.25,True,23500,0.07291666666666667,0,4,188,0,0,0,0,0,0,0,0,0,188,0.9896354166666667,190.01,0.0,True,False
192,4 48,192,12.01,4,1.25,True,24000,0.07291666666666667,0,4,188,0,0,0,0,0,0,0,0,0,188,0.9896354166666667,190.01,0.0,True,False
192,4 48,192,12.01,4,1.25,True,24500,0.07291666666666667,0,4,188,0,0,0,0,0,0,0,0,0,188,0.9896354166666667,190.01,0.0,True,False
192,4 48,192,12.01,4,1.25,True,25000,0.07291666666666667,0,4,188,0,0,0,0,0,0,0,0,0,188,0.9896354166666667,190.01,0.0,True,False
192,4 48,192,12.01,4,1.25,True,25500,0.07291666666666667,0,4,188,0,0,0,0,0,0,0,0,0,188,0.9896354166666667,190.01,0.0,True,False
192,4 48,192,12.01,4,1.25,True,26000,0.07291666666666667,0,4,188,0,0,0,0,0,0,0,0,0,188,0.9896354166666667,190.01,0.0,True,False
192,4 48,192,12.01,4,1.25,True,26500,0.10416666666666667,0,2,188,2,0,0,0,0,0,1,2,2,188,0.9583854166666667,184.01,0.0,True,False
192,4 48,192,12.01,4,1.25,True,27000,0.10416666666666667,0,2,188,2,0,0,0,0,0,1,2,2,188,0.9583854166666667,184.01,0.0,True,False
192,4 48,192,12.01,4,1.25,True,27500,0.07291666666666667,0,4,188,0,0,0,0,0,0,0,0,0,188,0.9896354166666667,190.01,0.0,True,False
192,4 48,192,12.01,4,1.25,True,28000,0.10416666666666667,0,0,192,0,0,0,0,0,0,0,0,0,192,0.9583854166666667,184.01,0.0,True,False
192,4 48,192,12.01,4,1.25,True,28500,0.10416666666666667,0,2,188,2,0,0,0,0,0,1,2,2,188,0.9583854166666667,184.01,0.0,True,False
192,4 48,192,12.01,4,1.25,True,29000,0.07291666666666667,0,4,188,0,0,0,0,0,0,0,0,0,188,0.9896354166666667,190.01,0.0,True,False
192,4 48,192,12.01,4,1.25,True,29500,0.0,0,0,192,0,0,0,0,0,0,0,0,0,192,1.0625520833333333,204.01,0.0,True,False
192,4 48,192,12.01,4,1.25,True,30000,0.10416666666666667,0,2,188,2,0,0,0,0,0,1,2,2,188,0.9583854166666667,184.01,0.0,True,False
192,4 48,192,12.01,4,1.25,True,30500,0.10416666666666667,0,2,188,2,0,0,0,0,0,1,2,2,188,0.9583854166666667,184.01,0.0,True,False
192,4 48,192,12.01,4,1.25,True,31000,0.14583333333333334,0,8,184,0,0,0,0,0,0,0,0,0,184,0.9167187499999999,176.01,0.0,True,False
192,4 48,192,12.01,4,1.25,True,31500,0.0,0,0,192,0,0,0,0,0,0,0,0,0,192,1.0625520833333333,204.01,0.0,True,False
192,4 48,192,12.01,4,1.25,True,32000,0.0,0,0,192,0,0,0,0,0,0,0,0,0,192,1.0625520833333333,204.01,0.0,True,False
192,4 48,192,12.01,4,1.25,True,32500,0.07291666666666667,0,4,188,0,0,0,0,0,0,0,0,0,188,0.9896354166666667,190.01,0.0,True,False
192,4 48,192,12.01,4,1.25,True,33000,0.07291666666666667,0,4,188,0,0,0,0,0,0,0,0,0,188,0.9896354166666667,190.01,0.0,True,False
192,4 48,192,12.01,4,1.25,True,33500,0.07291666666666667,0,4,188,0,0,0,0,0,0,0,0,0,188,0.9896354166666667,190.01,0.0,True,False
192,4 48,192,12.01,4,1.25,True,34000,0.0,0,0,192,0,0,0,0,0,0,0,0,0,192,1.0625520833333333,204.01,0.0,True,False
192,4 48,192,12.01,4,1.25,True,34500,0.0,0,0,192,0,0,0,0,0,0,0,0,0,192,1.0625520833333333,204.01,0.0,True,False
192,4 48,192,12.01,4,1.25,True,35000,0.07291666666666667,0,4,188,0,0,0,0,0,0,0,0,0,188,0.9896354166666667,190.01,0.0,True,False
192,4 48,192,12.01,4,1.25,True,35500,0.07291666666666667,0,4,188,0,0,0,0,0,0,0,0,0,188,0.9896354166666667,190.01,0.0,True,False
192,4 48,192,12.01,4,1.25,True,36000,0.10416666666666667,0,0,192,0,0,0,0,0,0,0,0,0,192,0.9583854166666667,184.01,0.0,True,False
192,4 48,192,12.01,4,1.25,True,36500,0.07291666666666667,0,4,188,0,0,0,0,0,0,0,0,0,188,0.9896354166666667,190.01,0.0,True,False
192,4 48,192,12.01,4,1.25,True,37000,0.07291666666666667,0,4,188,0,0,0,0,0,0,0,0,0,188,0.9896354166666667,190.01,0.0,True,False
192,4 48,192,12.01,4,1.25,True,37500,0.07291666666666667,0,4,188,0,0,0,0,0,0,0,0,0,188,0.9896354166666667,190.01,0.0,True,False
192,4 48,192,12.01,4,1.25,True,38000,0.10416666666666667,0,2,188,2,0,0,0,0,0,1,2,2,188,0.9583854166666667,184.01,0.0,True,False
192,4 48,192,12.01,4,1.25,True,38500,0.07291666666666667,0,4,188,0,0,0,0,0,0,0,0,0,188,0.9896354166666667,190.01,0.0,True,False
192,4 48,192,12.01,4,1.25,True,39000,0.10416666666666667,0,2,188,2,0,0,0,0,0,1,2,2,188,0.9583854166666667,184.01,0.0,True,False
192,4 48,192,12.01,4,1.25,True,39500,0.07291666666666667,0,4,188,0,0,0,0,0,0,0,0,0,188,0.9896354166666667,190.01,0.0,True,False
192,4 48,192,12.01,4,1.25,True,40000,0.07291666666666667,0,4,188,0,0,0,0,0,0,0,0,0,188,0.9896354166666667,190.01,0.0,True,False
192,4 48,192,12.01,4,1.25,True,40500,0.07291666666666667,0,4,188,0,0,0,0,0,0,0,0,0,188,0.9896354166666667,190.01,0.0,True,False
192,4 48,192,12.01,4,1.25,True,41000,0.07291666666666667,0,4,188,0,0,0,0,0,0,0,0,0,188,0.9896354166666667,190.01,0.0,True,False
192,4 48,192,12.01,4,1.25,True,41500,0.07291666666666667,0,4,188,0,0,0,0,0,0,0,0,0,188,0.9896354166666667,190.01,0.0,True,False
192,4 48,192,12.01,4,1.25,True,42000,0.07291666666666667,0,4,188,0,0,0,0,0,0,0,0,0,188,0.9896354166666667,190.01,0.0,True,False
192,4 48,192,12.01,4,1.25,True,42500,0.10416666666666667,0,2,188,2,0,0,0,0,0,1,2,2,188,0.9583854166666667,184.01,0.0,True,False
192,4 48,192,12.01,4,1.25,True,43000,0.10416666666666667,0,0,192,0,0,0,0,0,0,0,0,0,192,0.9583854166666667,184.01,0.0,True,False
192,4 48,192,12.01,4,1.25,True,43500,0.0,0,0,192,0,0,0,0,0,0,0,0,0,192,1.0625520833333333,204.01,0.0,True,False
192,4 48,192,12.01,4,1.25,True,44000,0.10416666666666667,0,2,188,2,0,0,0,0,0,1,2,2,188,0.9583854166666667,184.01,0.0,True,False
192,4 48,192,12.01,4,1.25,True,44500,0.125,0,4,188,0,0,0,0,0,0,0,0,0,188,0.9375520833333333,180.01,0.0,True,False
192,4 48,192,12.01,4,1.25,True,45000,0.07291666666666667,0,4,188,0,0,0,0,0,0,0,0,0,188,0.9896354166666667,190.01,0.0,True,False
192,4 48,192,12.01,4,1.25,True,45500,0.125,0,4,188,0,0,0,0,0,0,0,0,0,188,0.9375520833333333,180.01,0.0,True,False
192,4 48,192,12.01,4,1.25,True,46000,0.10416666666666667,0,2,188,2,0,0,0,0,0,1,2,2,188,0.9583854166666667,184.01,0.0,True,False
192,4 48,192,12.01,4,1.25,True,46500,0.07291666666666667,0,4,188,0,0,0,0,0,0,0,0,0,188,0.9896354166666667,190.01,0.0,True,False
192,4 48,192,12.01,4,1.25,True,47000,0.10416666666666667,0,2,188,2,0,0,0,0,0,1,2,2,188,0.9583854166666667,184.01,0.0,True,False
192,4 48,192,12.01,4,1.25,True,47500,0.0,0,0,192,0,0,0,0,0,0,0,0,0,192,1.0625520833333333,204.01,0.0,True,False
192,4 48,192,12.01,4,1.25,True,48000,0.07291666666666667,0,4,188,0,0,0,0,0,0,0,0,0,188,0.9896354166666667,190.01,0.0,True,False
192,4 48,192,12.01,4,1.25,True,48500,0.07291666666666667,0,4,188,0,0,0,0,0,0,0,0,0,188,0.9896354166666667,190.01,0.0,True,False
192,4 48,192,12.01,4,1.25,True,49000,0.0,0,0,192,0,0,0,0,0,0,0,0,0,192,1.0625520833333333,204.01,0.0,True,False
192,4 48,192,12.01,4,1.25,True,49500,0.07291666666666667,0,4,188,0,0,0,0,0,0,0,0,0,188,0.9896354166666667,190.01,0.0,True,False
192,4 48,192,12.01,4,1.25,True,50000,0.0,0,0,192,0,0,0,0,0,0,0,0,0,192,1.0625520833333333,204.01,0.0,True,False
192,4 48,192,12.01,4,1.25,True,50500,0.07291666666666667,0,4,188,0,0,0,0,0,0,0,0,0,188,0.9896354166666667,190.01,0.0,True,False
192,4 48,192,12.01,4,1.25,True,51000,0.07291666666666667,0,4,188,0,0,0,0,0,0,0,0,0,188,0.9896354166666667,190.01,0.0,True,False
192,4 48,192,12.01,4,1.25,True,51500,0.07291666666666667,0,4,188,0,0,0,0,0,0,0,0,0,188,0.9896354166666667,190.01,0.0,True,False
192,4 48,192,12.01,4,1.25,True,52000,0.07291666666666667,0,4,188,0,0,0,0,0,0,0,0,0,188,0.9896354166666667,190.01,0.0,True,False
192,4 48,192,12.01,4,1.25,True,52500,0.07291666666666667,0,4,188,0,0,0,0,0,0,0,0,0,188,0.9896354166666667,190.01,0.0,True,False
192,4 48,192,12.01,4,1.25,True,53000,0.0,0,0,192,0,0,0,0,0,0,0,0,0,192,1.0625520833333333,204.01,0.0,True,False
192,4 48,192,12.01,4,1.25,True,53500,0.0,0,0,192,0,0,0,0,0,0,0,0,0,192,1.0625520833333333,204.01,0.0,True,False
192,4 48,192,12.01,4,1.25,True,54000,0.07291666666666667,0,4,188,0,0,0,0,0,0,0,0,0,188,0.9896354166666667,190.01,0.0,True,False
192,4 48,192,12.01,4,1.25,True,54500,0.07291666666666667,0,4,188,0,0,0,0,0,0,0,0,0,188,0.9896354166666667,190.01,0.0,True,False
192,4 48,192,12.01,4,1.25,True,55000,0.07291666666666667,0,4,188,0,0,0,0,0,0,0,0,0,188,0.9896354166666667,190.01,0.0,True,False
192,4 48,192,12.01,4,1.25,True,55500,0.07291666666666667,0,4,188,0,0,0,0,0,0,0,0,0,188,0.9896354166666667,190.01,0.0,True,False
192,4 48,192,12.01,4,1.25,True,56000,0.125,0,4,188,0,0,0,0,0,0,0,0,0,188,0.9375520833333333,180.01,0.0,True,False
192,4 48,192,12.01,4,1.25,True,56500,0.10416666666666667,0,0,192,0,0,0,0,0,0,0,0,0,192,0.9583854166666667,184.01,0.0,True,False
192,4 48,192,12.01,4,1.25,True,57000,0.125,0,5,186,1,0,0,0,0,0,1,1,1,186,0.9375520833333333,180.01,0.0,True,False
192,4 48,192,12.01,4,1.25,True,57500,0.07291666666666667,0,4,188,0,0,0,0,0,0,0,0,0,188,0.9896354166666667,190.01,0.0,True,False
192,4 48,192,12.01,4,1.25,True,58000,0.07291666666666667,0,4,188,0,0,0,0,0,0,0,0,0,188,0.9896354166666667,190.01,0.0,True,False
192,4 48,192,12.01,4,1.25,True,58500,0.10416666666666667,0,2,188,2,0,0,0,0,0,1,2,2,188,0.9583854166666667,184.01,0.0,True,False
192,4 48,192,12.01,4,1.25,True,59000,0.14583333333333334,0,8,184,0,0,0,0,0,0,0,0,0,184,0.9167187499999999,176.01,0.0,True,False
192,4 48,192,12.01,4,1.25,True,59500,0.125,0,4,188,0,0,0,0,0,0,0,0,0,188,0.9375520833333333,180.01,0.0,True,False
192,4 48,192,12.01,4,1.25,True,60000,0.14583333333333334,0,8,184,0,0,0,0,0,0,0,0,0,184,0.9167187499999999,176.01,0.0,True,False
192,4 48,192,12.01,4,1.25,True,60500,0.125,0,5,186,1,0,0,0,0,0,1,1,1,186,0.9375520833333333,180.01,0.0,True,False
192,4 48,192,12.01,4,1.25,True,61000,0.07291666666666667,0,4,188,0,0,0,0,0,0,0,0,0,188,0.9896354166666667,190.01,0.0,True,False
192,4 48,192,12.01,4,1.25,True,61500,0.07291666666666667,0,4,188,0,0,0,0,0,0,0,0,0,188,0.9896354166666667,190.01,0.0,True,False
192,4 48,192,12.01,4,1.25,True,62000,0.07291666666666667,0,4,188,0,0,0,0,0,0,0,0,0,188,0.9896354166666667,190.01,0.0,True,False
192,4 48,192,12.01,4,1.25,True,62500,0.07291666666666667,0,4,188,0,0,0,0,0,0,0,0,0,188,0.9896354166666667,190.01,0.0,True,False
192,4 48,192,12.01,4,1.25,True,63000,0.07291666666666667,0,4,188,0,0,0,0,0,0,0,0,0,188,0.9896354166666667,190.01,0.0,True,False
192,4 48,192,12.01,4,1.25,True,63500,0.07291666666666667,0,4,188,0,0,0,0,0,0,0,0,0,188,0.9896354166666667,190.01,0.0,True,False
192,4 48,192,12.01,4,1.25,True,64000,0.07291666666666667,0,4,188,0,0,0,0,0,0,0,0,0,188,0.9896354166666667,190.01,0.0,True,False
192,4 48,192,12.01,4,1.25,True,64500,0.10416666666666667,0,2,188,2,0,0,0,0,0,1,2,2,188,0.9583854166666667,184.01,0.0,True,False
192,4 48,192,12.01,4,1.25,True,65000,0.07291666666666667,0,4,188,0,0,0,0,0,0,0,0,0,188,0.9896354166666667,190.01,0.0,True,False
192,4 48,192,12.01,4,1.25,True,65500,0.10416666666666667,0,2,188,2,0,0,0,0,0,1,2,2,188,0.9583854166666667,184.01,0.0,True,False
192,4 48,192,12.01,4,1.25,True,66000,0.10416666666666667,0,2,188,2,0,0,0,0,0,1,2,2,188,0.9583854166666667,184.01,0.0,True,False
192,4 48,192,12.01,4,1.25,True,66500,0.07291666666666667,0,4,188,0,0,0,0,0,0,0,0,0,188,0.9896354166666667,190.01,0.0,True,False
192,4 48,192,12.01,4,1.25,True,67000,0.10416666666666667,0,0,192,0,0,0,0,0,0,0,0,0,192,0.9583854166666667,184.01,0.0,True,False
192,4 48,192,12.01,4,1.25,True,67500,0.07291666666666667,0,4,188,0,0,0,0,0,0,0,0,0,188,0.9896354166666667,190.01,0.0,True,False
192,4 48,192,12.01,4,1.25,True,68000,0.10416666666666667,0,2,188,2,0,0,0,0,0,1,2,2,188,0.9583854166666667,184.01,0.0,True,False
192,4 48,192,12.01,4,1.25,True,68500,0.07291666666666667,0,4,188,0,0,0,0,0,0,0,0,0,188,0.9896354166666667,190.01,0.0,True,False
192,4 48,192,12.01,4,1.25,True,69000,0.10416666666666667,0,2,188,2,0,0,0,0,0,1,2,2,188,0.9583854166666667,184.01,0.0,True,False
192,4 48,192,12.01,4,1.25,True,69500,0.0,0,0,192,0,0,0,0,0,0,0,0,0,192,1.0625520833333333,204.01,0.0,True,False
192,4 48,192,12.01,4,1.25,True,70000,0.10416666666666667,0,2,188,2,0,0,0,0,0,1,2,2,188,0.9583854166666667,184.01,0.0,True,False
192,4 48,192,12.01,4,1.25,True,70500,0.07291666666666667,0,4,188,0,0,0,0,0,0,0,0,0,188,0.9896354166666667,190.01,0.0,True,False
192,4 48,192,12.01,4,1.25,True,71000,0.10416666666666667,0,0,192,0,0,0,0,0,0,0,0,0,192,0.9583854166666667,184.01,0.0,True,False
192,4 48,192,12.01,4,1.25,True,71500,0.07291666666666667,0,4,188,0,0,0,0,0,0,0,0,0,188,0.9896354166666667,190.01,0.0,True,False
192,4 48,192,12.01,4,1.25,True,72000,0.07291666666666667,0,4,188,0,0,0,0,0,0,0,0,0,188,0.9896354166666667,190.01,0.0,True,False
192,4 48,192,12.01,4,1.25,True,72500,0.10416666666666667,0,2,188,2,0,0,0,0,0,1,2,2,188,0.9583854166666667,184.01,0.0,True,False
192,4 48,192,12.01,4,1.25,True,73000,0.07291666666666667,0,4,188,0,0,0,0,0,0,0,0,0,188,0.9896354166666667,190.01,0.0,True,False
192,4 48,192,12.01,4,1.25,True,73500,0.10416666666666667,0,0,192,0,0,0,0,0,0,0,0,0,192,0.9583854166666667,184.01,0.0,True,False
192,4 48,192,12.01,4,1.25,True,74000,0.0,0,0,192,0,0,0,0,0,0,0,0,0,192,1.0625520833333333,204.01,0.0,True,False
192,4 48,192,12.01,4,1.25,True,74500,0.07291666666666667,0,4,188,0,0,0,0,0,0,0,0,0,188,0.9896354166666667,190.01,0.0,True,False
192,4 48,192,12.01,4,1.25,True,75000,0.0,0,0,192,0,0,0,0,0,0,0,0,0,192,1.0625520833333333,204.01,0.0,True,False
192,4 48,192,12.01,4,1.25,True,75500,0.0,0,0,192,0,0,0,0,0,0,0,0,0,192,1.0625520833333333,204.01,0.0,True,False
192,4 48,192,12.01,4,1.25,True,76000,0.0,0,0,192,0,0,0,0,0,0,0,0,0,192,1.0625520833333333,204.01,0.0,True,False
192,4 48,192,12.01,4,1.25,True,76500,0.0,0,0,192,0,0,0,0,0,0,0,0,0,192,1.0625520833333333,204.01,0.0,True,False
192,4 48,192,12.01,4,1.25,True,77000,0.07291666666666667,0,4,188,0,0,0,0,0,0,0,0,0,188,0.9896354166666667,190.01,0.0,True,False
192,4 48,192,12.01,4,1.25,True,77500,0.07291666666666667,0,4,188,0,0,0,0,0,0,0,0,0,188,0.9896354166666667,190.01,0.0,True,False
192,4 48,192,12.01,4,1.25,True,78000,0.07291666666666667,0,4,188,0,0,0,0,0,0,0,0,0,188,0.9896354166666667,190.01,0.0,True,False
192,4 48,192,12.01,4,1.25,True,78500,0.10416666666666667,0,2,188,2,0,0,0,0,0,1,2,2,188,0.9583854166666667,184.01,0.0,True,False
192,4 48,192,12.01,4,1.25,True,79000,0.07291666666666667,0,4,188,0,0,0,0,0,0,0,0,0,188,0.9896354166666667,190.01,0.0,True,False
192,4 48,192,12.01,4,1.25,True,79500,0.125,0,5,186,1,0,0,0,0,0,1,1,1,186,0.9375520833333333,180.01,0.0,True,False
192,4 48,192,12.01,4,1.25,True,80000,0.07291666666666667,0,4,188,0,0,0,0,0,0,0,0,0,188,0.9896354166666667,190.01,0.0,True,False
192,4 48,192,12.01,4,1.25,True,80500,0.10416666666666667,0,2,188,2,0,0,0,0,0,1,2,2,188,0.9583854166666667,184.01,0.0,True,False
192,4 48,192,12.01,4,1.25,True,81000,0.07291666666666667,0,4,188,0,0,0,0,0,0,0,0,0,188,0.9896354166666667,190.01,0.0,True,False
192,4 48,192,12.01,4,1.25,True,81500,0.0,0,0,192,0,0,0,0,0,0,0,0,0,192,1.0625520833333333,204.01,0.0,True,False
192,4 48,192,12.01,4,1.25,True,82000,0.0,0,0,192,0,0,0,0,0,0,0,0,0,192,1.0625520833333333,204.01,0.0,True,False
192,4 48,192,12.01,4,1.25,True,82500,0.10416666666666667,0,0,192,0,0,0,0,0,0,0,0,0,192,0.9583854166666667,184.01,0.0,True,False
192,4 48,192,12.01,4,1.25,True,83000,0.07291666666666667,0,4,188,0,0,0,0,0,0,0,0,0,188,0.9896354166666667,190.01,0.0,True,False
192,4 48,192,12.01,4,1.25,True,83500,0.07291666666666667,0,4,188,0,0,0,0,0,0,0,0,0,188,0.9896354166666667,190.01,0.0,True,False
192,4 48,192,12.01,4,1.25,True,84000,0.10416666666666667,0,2,188,2,0,0,0,0,0,1,2,2,188,0.9583854166666667,184.01,0.0,True,False
192,4 48,192,12.01,4,1.25,True,84500,0.07291666666666667,0,4,188,0,0,0,0,0,0,0,0,0,188,0.9896354166666667,190.01,0.0,True,False
192,4 48,192,12.01,4,1.25,True,85000,0.07291666666666667,0,4,188,0,0,0,0,0,0,0,0,0,188,0.9896354166666667,190.01,0.0,True,False
192,4 48,192,12.01,4,1.25,True,85500,0.07291666666666667,0,4,188,0,0,0,0,0,0,0,0,0,188,0.9896354166666667,190.01,0.0,True,False
192,4 48,192,12.01,4,1.25,True,86000,0.10416666666666667,0,2,188,2,0,0,0,0,0,1,2,2,188,0.9583854166666667,184.01,0.0,True,False
192,4 48,192,12.01,4,1.25,True,86500,0.10416666666666667,0,2,188,2,0,0,0,0,0,1,2,2,188,0.9583854166666667,184.01,0.0,True,False
192,4 48,192,12.01,4,1.25,True,87000,0.125,0,5,186,1,0,0,0,0,0,1,1,1,186,0.9375520833333333,180.01,0.0,True,False
192,4 48,192,12.01,4,1.25,True,87500,0.07291666666666667,0,4,188,0,0,0,0,0,0,0,0,0,188,0.9896354166666667,190.01,0.0,True,False
192,4 48,192,12.01,4,1.25,True,88000,0.10416666666666667,0,2,188,2,0,0,0,0,0,1,2,2,188,0.9583854166666667,184.01,0.0,True,False
192,4 48,192,12.01,4,1.25,True,88500,0.10416666666666667,0,0,192,0,0,0,0,0,0,0,0,0,192,0.9583854166666667,184.01,0.0,True,False
192,4 48,192,12.01,4,1.25,True,89000,0.10416666666666667,0,2,188,2,0,0,0,0,0,1,2,2,188,0.9583854166666667,184.01,0.0,True,False
192,4 48,192,12.01,4,1.25,True,89500,0.10416666666666667,0,2,188,2,0,0,0,0,0,1,2,2,188,0.9583854166666667,184.01,0.0,True,False
192,4 48,192,12.01,4,1.25,True,90000,0.07291666666666667,0,4,188,0,0,0,0,0,0,0,0,0,188,0.9896354166666667,190.01,0.0,True,False
192,4 48,192,12.01,4,1.25,True,90500,0.10416666666666667,0,2,188,2,0,0,0,0,0,1,2,2,188,0.9583854166666667,184.01,0.0,True,False
192,4 48,192,12.01,4,1.25,True,91000,0.07291666666666667,0,4,188,0,0,0,0,0,0,0,0,0,188,0.9896354166666667,190.01,0.0,True,False
192,4 48,192,12.01,4,1.25,True,91500,0.07291666666666667,0,4,188,0,0,0,0,0,0,0,0,0,188,0.9896354166666667,190.01,0.0,True,False
192,4 48,192,12.01,4,1.25,True,92000,0.10416666666666667,0,2,188,2,0,0,0,0,0,1,2,2,188,0.9583854166666667,184.01,0.0,True,False
192,4 48,192,12.01,4,1.25,True,92500,0.10416666666666667,0,2,188,2,0,0,0,0,0,1,2,2,188,0.9583854166666667,184.01,0.0,True,False
192,4 48,192,12.01,4,1.25,True,93000,0.07291666666666667,0,4,188,0,0,0,0,0,0,0,0,0,188,0.9896354166666667,190.01,0.0,True,False
192,4 48,192,12.01,4,1.25,True,93500,0.10416666666666667,0,2,188,2,0,0,0,0,0,1,2,2,188,0.9583854166666667,184.01,0.0,True,False
192,4 48,192,12.01,4,1.25,True,94000,0.07291666666666667,0,4,188,0,0,0,0,0,0,0,0,0,188,0.9896354166666667,190.01,0.0,True,False
192,4 48,192,12.01,4,1.25,True,94500,0.0,0,0,192,0,0,0,0,0,0,0,0,0,192,1.0625520833333333,204.01,0.0,True,False
192,4 48,192,12.01,4,1.25,True,95000,0.10416666666666667,0,2,188,2,0,0,0,0,0,1,2,2,188,0.9583854166666667,184.01,0.0,True,False
192,4 48,192,12.01,4,1.25,True,95500,0.07291666666666667,0,4,188,0,0,0,0,0,0,0,0,0,188,0.9896354166666667,190.01,0.0,True,False
192,4 48,192,12.01,4,1.25,True,96000,0.07291666666666667,0,4,188,0,0,0,0,0,0,0,0,0,188,0.9896354166666667,190.01,0.0,True,False
192,4 48,192,12.01,4,1.25,True,96500,0.07291666666666667,0,4,188,0,0,0,0,0,0,0,0,0,188,0.9896354166666667,190.01,0.0,True,False
192,4 48,192,12.01,4,1.25,True,97000,0.10416666666666667,0,2,188,2,0,0,0,0,0,1,2,2,188,0.9583854166666667,184.01,0.0,True,False
192,4 48,192,12.01,4,1.25,True,97500,0.10416666666666667,0,0,192,0,0,0,0,0,0,0,0,0,192,0.9583854166666667,184.01,0.0,True,False
192,4 48,192,12.01,4,1.25,True,98000,0.07291666666666667,0,4,188,0,0,0,0,0,0,0,0,0,188,0.9896354166666667,190.01,0.0,True,False
192,4 48,192,12.01,4,1.25,True,98500,0.07291666666666667,0,4,188,0,0,0,0,0,0,0,0,0,188,0.9896354166666667,190.01,0.0,True,False
192,4 48,192,12.01,4,1.25,True,99000,0.07291666666666667,0,4,188,0,0,0,0,0,0,0,0,0,188,0.9896354166666667,190.01,0.0,True,False
192,4 48,192,12.01,4,1.25,True,99500,0.07291666666666667,0,4,188,0,0,0,0,0,0,0,0,0,188,0.9896354166666667,190.01,0.0,True,False
192,4 48,192,12.01,4,1.25,True,100000,0.0,0,0,192,0,0,0,0,0,0,0,0,0,192,1.0625520833333333,204.01,0.0,True,True
192,4 48,192,12.01,5,1.25,True,0,1.0,0,192,0,0,0,0,0,0,0,0,0,0,0,0.06255208333333333,12.01,0.0,False,False
192,4 48,192,12.01,5,1.25,True,500,0.7916666666666666,0,132,60,0,0,0,0,0,0,0,0,0,60,0.27088541666666666,52.01,0.0,True,False
192,4 48,192,12.01,5,1.25,True,1000,0.6041666666666666,0,96,96,0,0,0,0,0,0,0,0,0,96,0.4583854166666666,88.00999999999999,0.0,True,False
192,4 48,192,12.01,5,1.25,True,1500,0.3541666666666667,0,48,144,0,0,0,0,0,0,0,0,0,144,0.7083854166666667,136.01,0.0,True,False
192,4 48,192,12.01,5,1.25,True,2000,0.14583333333333334,0,8,184,0,0,0,0,0,0,0,0,0,184,0.9167187499999999,176.01,0.0,True,False
192,4 48,192,12.01,5,1.25,True,2500,0.10416666666666667,0,2,188,2,0,0,0,0,0,1,2,2,188,0.9583854166666667,184.01,0.0,True,False
192,4 48,192,12.01,5,1.25,True,3000,0.07291666666666667,0,4,188,0,0,0,0,0,0,0,0,0,188,0.9896354166666667,190.01,0.0,True,False
192,4 48,192,12.01,5,1.25,True,3500,0.07291666666666667,0,4,188,0,0,0,0,0,0,0,0,0,188,0.9896354166666667,190.01,0.0,True,False
192,4 48,192,12.01,5,1.25,True,4000,0.125,0,5,186,1,0,0,0,0,0,1,1,1,186,0.9375520833333333,180.01,0.0,True,False
192,4 48,192,12.01,5,1.25,True,4500,0.07291666666666667,0,4,188,0,0,0,0,0,0,0,0,0,188,0.9896354166666667,190.01,0.0,True,False
192,4 48,192,12.01,5,1.25,True,5000,0.10416666666666667,0,0,192,0,0,0,0,0,0,0,0,0,192,0.9583854166666667,184.01,0.0,True,False
192,4 48,192,12.01,5,1.25,True,5500,0.10416666666666667,0,0,192,0,0,0,0,0,0,0,0,0,192,0.9583854166666667,184.01,0.0,True,False
192,4 48,192,12.01,5,1.25,True,6000,0.07291666666666667,0,4,188,0,0,0,0,0,0,0,0,0,188,0.9896354166666667,190.01,0.0,True,False
192,4 48,192,12.01,5,1.25,True,6500,0.07291666666666667,0,4,188,0,0,0,0,0,0,0,0,0,188,0.9896354166666667,190.01,0.0,True,False
192,4 48,192,12.01,5,1.25,True,7000,0.07291666666666667,0,4,188,0,0,0,0,0,0,0,0,0,188,0.9896354166666667,190.01,0.0,True,False
192,4 48,192,12.01,5,1.25,True,7500,0.07291666666666667,0,4,188,0,0,0,0,0,0,0,0,0,188,0.9896354166666667,190.01,0.0,True,False
192,4 48,192,12.01,5,1.25,True,8000,0.10416666666666667,0,0,192,0,0,0,0,0,0,0,0,0,192,0.9583854166666667,184.01,0.0,True,False
192,4 48,192,12.01,5,1.25,True,8500,0.07291666666666667,0,4,188,0,0,0,0,0,0,0,0,0,188,0.9896354166666667,190.01,0.0,True,False
192,4 48,192,12.01,5,1.25,True,9000,0.10416666666666667,0,0,192,0,0,0,0,0,0,0,0,0,192,0.9583854166666667,184.01,0.0,True,False
192,4 48,192,12.01,5,1.25,True,9500,0.07291666666666667,0,4,188,0,0,0,0,0,0,0,0,0,188,0.9896354166666667,190.01,0.0,True,False
192,4 48,192,12.01,5,1.25,True,10000,0.0,0,0,192,0,0,0,0,0,0,0,0,0,192,1.0625520833333333,204.01,0.0,True,False
192,4 48,192,12.01,5,1.25,True,10500,0.10416666666666667,0,2,188,2,0,0,0,0,0,1,2,2,188,0.9583854166666667,184.01,0.0,True,False
192,4 48,192,12.01,5,1.25,True,11000,0.10416666666666667,0,2,188,2,0,0,0,0,0,1,2,2,188,0.9583854166666667,184.01,0.0,True,False
192,4 48,192,12.01,5,1.25,True,11500,0.07291666666666667,0,4,188,0,0,0,0,0,0,0,0,0,188,0.9896354166666667,190.01,0.0,True,False
192,4 48,192,12.01,5,1.25,True,12000,0.10416666666666667,0,2,188,2,0,0,0,0,0,1,2,2,188,0.9583854166666667,184.01,0.0,True,False
192,4 48,192,12.01,5,1.25,True,12500,0.07291666666666667,0,4,188,0,0,0,0,0,0,0,0,0,188,0.9896354166666667,190.01,0.0,True,False
192,4 48,192,12.01,5,1.25,True,13000,0.10416666666666667,0,0,192,0,0,0,0,0,0,0,0,0,192,0.9583854166666667,184.01,0.0,True,False
192,4 48,192,12.01,5,1.25,True,13500,0.10416666666666667,0,2,188,2,0,0,0,0,0,1,2,2,188,0.9583854166666667,184.01,0.0,True,False
192,4 48,192,12.01,5,1.25,True,14000,0.10416666666666667,0,2,188,2,0,0,0,0,0,1,2,2,188,0.9583854166666667,184.01,0.0,True,False
192,4 48,192,12.01,5,1.25,True,14500,0.07291666666666667,0,4,188,0,0,0,0,0,0,0,0,0,188,0.9896354166666667,190.01,0.0,True,False
192,4 48,192,12.01,5,1.25,True,15000,0.10416666666666667,0,2,188,2,0,0,0,0,0,1,2,2,188,0.9583854166666667,184.01,0.0,True,False
192,4 48,192,12.01,5,1.25,True,15500,0.10416666666666667,0,0,192,0,0,0,0,0,0,0,0,0,192,0.9583854166666667,184.01,0.0,True,False
192,4 48,192,12.01,5,1.25,True,16000,0.10416666666666667,0,0,192,0,0,0,0,0,0,0,0,0,192,0.9583854166666667,184.01,0.0,True,False
192,4 48,192,12.01,5,1.25,True,16500,0.125,0,4,188,0,0,0,0,0,0,0,0,0,188,0.9375520833333333,180.01,0.0,True,False
192,4 48,192,12.01,5,1.25,True,17000,0.07291666666666667,0,4,188,0,0,0,0,0,0,0,0,0,188,0.9896354166666667,190.01,0.0,True,False
192,4 48,192,12.01,5,1.25,True,17500,0.10416666666666667,0,0,192,0,0,0,0,0,0,0,0,0,192,0.9583854166666667,184.01,0.0,True,False
192,4 48,192,12.01,5,1.25,True,18000,0.10416666666666667,0,2,188,2,0,0,0,0,0,1,2,2,188,0.9583854166666667,184.01,0.0,True,False
192,4 48,192,12.01,5,1.25,True,18500,0.10416666666666667,0,2,188,2,0,0,0,0,0,1,2,2,188,0.9583854166666667,184.01,0.0,True,False
192,4 48,192,12.01,5,1.25,True,19000,0.07291666666666667,0,4,188,0,0,0,0,0,0,0,0,0,188,0.9896354166666667,190.01,0.0,True,False
192,4 48,192,12.01,5,1.25,True,19500,0.10416666666666667,0,2,188,2,0,0,0,0,0,1,2,2,188,0.9583854166666667,184.01,0.0,True,False
192,4 48,192,12.01,5,1.25,True,20000,0.07291666666666667,0,4,188,0,0,0,0,0,0,0,0,0,188,0.9896354166666667,190.01,0.0,True,False
192,4 48,192,12.01,5,1.25,True,20500,0.07291666666666667,0,4,188,0,0,0,0,0,0,0,0,0,188,0.9896354166666667,190.01,0.0,True,False
192,4 48,192,12.01,5,1.25,True,21000,0.07291666666666667,0,4,188,0,0,0,0,0,0,0,0,0,188,0.9896354166666667,190.01,0.0,True,False
192,4 48,192,12.01,5,1.25,True,21500,0.10416666666666667,0,2,188,2,0,0,0,0,0,1,2,2,188,0.9583854166666667,184.01,0.0,True,False
192,4 48,192,12.01,5,1.25,True,22000,0.07291666666666667,0,4,188,0,0,0,0,0,0,0,0,0,188,0.9896354166666667,190.01,0.0,True,False
192,4 48,192,12.01,5,1.25,True,22500,0.07291666666666667,0,4,188,0,0,0,0,0,0,0,0,0,188,0.9896354166666667,190.01,0.0,True,False
192,4 48,192,12.01,5,1.25,True,23000,0.125,0,4,188,0,0,0,0,0,0,0,0,0,188,0.9375520833333333,180.01,0.0,True,False
192,4 48,192,12.01,5,1.25,True,23500,0.10416666666666667,0,2,188,2,0,0,0,0,0,1,2,2,188,0.9583854166666667,184.01,0.0,True,False
192,4 48,192,12.01,5,1.25,True,24000,0.07291666666666667,0,4,188,0,0,0,0,0,0,0,0,0,188,0.9896354166666667,190.01,0.0,True,False
192,4 48,192,12.01,5,1.25,True,24500,0.10416666666666667,0,2,188,2,0,0,0,0,0,1,2,2,188,0.9583854166666667,184.01,0.0,True,False
192,4 48,192,12.01,5,1.25,True,25000,0.10416666666666667,0,2,188,2,0,0,0,0,0,1,2,2,188,0.9583854166666667,184.01,0.0,True,False
192,4 48,192,12.01,5,1.25,True,25500,0.10416666666666667,0,2,188,2,0,0,0,0,0,1,2,2,188,0.9583854166666667,184.01,0.0,True,False
192,4 48,192,12.01,5,1.25,True,26000,0.10416666666666667,0,2,188,2,0,0,0,0,0,1,2,2,188,0.9583854166666667,184.01,0.0,True,False
192,4 48,192,12.01,5,1.25,True,26500,0.16666666666666666,0,12,180,0,0,0,0,0,0,0,0,0,180,0.8958854166666667,172.01,0.0,True,False
192,4 48,192,12.01,5,1.25,True,27000,0.10416666666666667,0,2,188,2,0,0,0,0,0,1,2,2,188,0.9583854166666667,184.01,0.0,True,False
192,4 48,192,12.01,5,1.25,True,27500,0.10416666666666667,0,0,192,0,0,0,0,0,0,0,0,0,192,0.9583854166666667,184.01,0.0,True,False
192,4 48,192,12.01,5,1.25,True,28000,0.0,0,0,192,0,0,0,0,0,0,0,0,0,192,1.0625520833333333,204.01,0.0,True,False
192,4 48,192,12.01,5,1.25,True,28500,0.07291666666666667,0,4,188,0,0,0,0,0,0,0,0,0,188,0.9896354166666667,190.01,0.0,True,False
192,4 48,192,12.01,5,1.25,True,29000,0.0,0,0,192,0,0,0,0,0,0,0,0,0,192,1.0625520833333333,204.01,0.0,True,False
192,4 48,192,12.01,5,1.25,True,29500,0.07291666666666667,0,4,188,0,0,0,0,0,0,0,0,0,188,0.9896354166666667,190.01,0.0,True,False
192,4 48,192,12.01,5,1.25,True,30000,0.10416666666666667,0,2,188,2,0,0,0,0,0,1,2,2,188,0.9583854166666667,184.01,0.0,True,False
192,4 48,192,12.01,5,1.25,True,30500,0.10416666666666667,0,0,192,0,0,0,0,0,0,0,0,0,192,0.9583854166666667,184.01,0.0,True,False
192,4 48,192,12.01,5,1.25,True,31000,0.07291666666666667,0,4,188,0,0,0,0,0,0,0,0,0,188,0.9896354166666667,190.01,0.0,True,False
192,4 48,192,12.01,5,1.25,True,31500,0.0,0,0,192,0,0,0,0,0,0,0,0,0,192,1.0625520833333333,204.01,0.0,True,False
192,4 48,192,12.01,5,1.25,True,32000,0.07291666666666667,0,4,188,0,0,0,0,0,0,0,0,0,188,0.9896354166666667,190.01,0.0,True,False
192,4 48,192,12.01,5,1.25,True,32500,0.07291666666666667,0,4,188,0,0,0,0,0,0,0,0,0,188,0.9896354166666667,190.01,0.0,True,False
192,4 48,192,12.01,5,1.25,True,33000,0.07291666666666667,0,4,188,0,0,0,0,0,0,0,0,0,188,0.9896354166666667,190.01,0.0,True,False
192,4 48,192,12.01,5,1.25,True,33500,0.125,0,4,188,0,0,0,0,0,0,0,0,0,188,0.9375520833333333,180.01,0.0,True,False
192,4 48,192,12.01,5,1.25,True,34000,0.0,0,0,192,0,0,0,0,0,0,0,0,0,192,1.0625520833333333,204.01,0.0,True,False
192,4 48,192,12.01,5,1.25,True,34500,0.10416666666666667,0,0,192,0,0,0,0,0,0,0,0,0,192,0.9583854166666667,184.01,0.0,True,False
192,4 48,192,12.01,5,1.25,True,35000,0.125,0,5,186,1,0,0,0,0,0,1,1,1,186,0.9375520833333333,180.01,0.0,True,False
192,4 48,192,12.01,5,1.25,True,35500,0.10416666666666667,0,0,192,0,0,0,0,0,0,0,0,0,192,0.9583854166666667,184.01,0.0,True,False
192,4 48,192,12.01,5,1.25,True,36000,0.07291666666666667,0,4,188,0,0,0,0,0,0,0,0,0,188,0.9896354166666667,190.01,0.0,True,False
192,4 48,192,12.01,5,1.25,True,36500,0.07291666666666667,0,4,188,0,0,0,0,0,0,0,0,0,188,0.9896354166666667,190.01,0.0,True,False
192,4 48,192,12.01,5,1.25,True,37000,0.10416666666666667,0,0,192,0,0,0,0,0,0,0,0,0,192,0.9583854166666667,184.01,0.0,True,False
192,4 48,192,12.01,5,1.25,True,37500,0.07291666666666667,0,4,188,0,0,0,0,0,0,0,0,0,188,0.9896354166666667,190.01,0.0,True,False
192,4 48,192,12.01,5,1.25,True,38000,0.14583333333333334,0,8,184,0,0,0,0,0,0,0,0,0,184,0.9167187499999999,176.01,0.0,True,False
192,4 48,192,12.01,5,1.25,True,38500,0.07291666666666667,0,4,188,0,0,0,0,0,0,0,0,0,188,0.9896354166666667,190.01,0.0,True,False
192,4 48,192,12.01,5,1.25,True,39000,0.07291666666666667,0,4,188,0,0,0,0,0,0,0,0,0,188,0.9896354166666667,190.01,0.0,True,False
192,4 48,192,12.01,5,1.25,True,39500,0.07291666666666667,0,4,188,0,0,0,0,0,0,0,0,0,188,0.9896354166666667,190.01,0.0,True,False
192,4 48,192,12.01,5,1.25,True,40000,0.07291666666666667,0,4,188,0,0,0,0,0,0,0,0,0,188,0.9896354166666667,190.01,0.0,True,False
192,4 48,192,12.01,5,1.25,True,40500,0.10416666666666667,0,2,188,2,0,0,0,0,0,1,2,2,188,0.9583854166666667,184.01,0.0,True,False
192,4 48,192,12.01,5,1.25,True,41000,0.0,0,0,192,0,0,0,0,0,0,0,0,0,192,1.0625520833333333,204.01,0.0,True,False
192,4 48,192,12.01,5,1.25,True,41500,0.10416666666666667,0,0,192,0,0,0,0,0,0,0,0,0,192,0.9583854166666667,184.01,0.0,True,False
192,4 48,192,12.01,5,1.25,True,42000,0.21354166666666666,0,1,186,5,0,0,0,0,0,1,5,5,186,0.8490104166666667,163.01,0.0,True,False
192,4 48,192,12.01,5,1.25,True,42500,0.23958333333333334,0,2,184,6,0,0,0,0,0,1,6,6,184,0.8229687499999999,158.01,0.0,True,False
192,4 48,192,12.01,5,1.25,True,43000,0.07291666666666667,0,4,188,0,0,0,0,0,0,0,0,0,188,0.9896354166666667,190.01,0.0,True,False
192,4 48,192,12.01,5,1.25,True,43500,0.17708333333333334,0,6,184,2,0,0,0,0,0,1,2,2,184,0.8854687499999999,170.01,0.0,True,False
192,4 48,192,12.01,5,1.25,True,44000,0.125,0,4,188,0,0,0,0,0,0,0,0,0,188,0.9375520833333333,180.01,0.0,True,False
192,4 48,192,12.01,5,1.25,True,44500,0.10416666666666667,0,2,188,2,0,0,0,0,0,1,2,2,188,0.9583854166666667,184.01,0.0,True,False
192,4 48,192,12.01,5,1.25,True,45000,0.10416666666666667,0,2,188,2,0,0,0,0,0,1,2,2,188,0.9583854166666667,184.01,0.0,True,False
192,4 48,192,12.01,5,1.25,True,45500,0.10416666666666667,0,2,188,2,0,0,0,0,0,1,2,2,188,0.9583854166666667,184.01,0.0,True,False
192,4 48,192,12.01,5,1.25,True,46000,0.10416666666666667,0,2,188,2,0,0,0,0,0,1,2,2,188,0.9583854166666667,184.01,0.0,True,False
192,4 48,192,12.01,5,1.25,True,46500,0.07291666666666667,0,4,188,0,0,0,0,0,0,0,0,0,188,0.9896354166666667,190.01,0.0,True,False
192,4 48,192,12.01,5,1.25,True,47000,0.07291666666666667,0,4,188,0,0,0,0,0,0,0,0,0,188,0.9896354166666667,190.01,0.0,True,False
192,4 48,192,12.01,5,1.25,True,47500,0.15104166666666666,0,6,184,2,0,0,0,0,0,1,2,2,184,0.9115104166666667,175.01,0.0,True,False
192,4 48,192,12.01,5,1.25,True,48000,0.10416666666666667,0,2,188,2,0,0,0,0,0,1,2,2,188,0.9583854166666667,184.01,0.0,True,False
192,4 48,192,12.01,5,1.25,True,48500,0.10416666666666667,0,0,192,0,0,0,0,0,0,0,0,0,192,0.9583854166666667,184.01,0.0,True,False
192,4 48,192,12.01,5,1.25,True,49000,0.10416666666666667,0,2,188,2,0,0,0,0,0,1,2,2,188,0.9583854166666667,184.01,0.0,True,False
192,4 48,192,12.01,5,1.25,True,49500,0.10416666666666667,0,2,188,2,0,0,0,0,0,1,2,2,188,0.9583854166666667,184.01,0.0,True,False
192,4 48,192,12.01,5,1.25,True,50000,0.14583333333333334,0,8,184,0,0,0,0,0,0,0,0,0,184,0.9167187499999999,176.01,0.0,True,False
192,4 48,192,12.01,5,1.25,True,50500,0.10416666666666667,0,0,192,0,0,0,0,0,0,0,0,0,192,0.9583854166666667,184.01,0.0,True,False
192,4 48,192,12.01,5,1.25,True,51000,0.10416666666666667,0,2,188,2,0,0,0,0,0,1,2,2,188,0.9583854166666667,184.01,0.0,True,False
192,4 48,192,12.01,5,1.25,True,51500,0.10416666666666667,0,0,192,0,0,0,0,0,0,0,0,0,192,0.9583854166666667,184.01,0.0,True,False
192,4 48,192,12.01,5,1.25,True,52000,0.07291666666666667,0,4,188,0,0,0,0,0,0,0,0,0,188,0.9896354166666667,190.01,0.0,True,False
192,4 48,192,12.01,5,1.25,True,52500,0.07291666666666667,0,4,188,0,0,0,0,0,0,0,0,0,188,0.9896354166666667,190.01,0.0,True,False
192,4 48,192,12.01,5,1.25,True,53000,0.10416666666666667,0,2,188,2,0,0,0,0,0,1,2,2,188,0.9583854166666667,184.01,0.0,True,False
192,4 48,192,12.01,5,1.25,True,53500,0.10416666666666667,0,0,192,0,0,0,0,0,0,0,0,0,192,0.9583854166666667,184.01,0.0,True,False
192,4 48,192,12.01,5,1.25,True,54000,0.07291666666666667,0,4,188,0,0,0,0,0,0,0,0,0,188,0.9896354166666667,190.01,0.0,True,False
192,4 48,192,12.01,5,1.25,True,54500,0.07291666666666667,0,4,188,0,0,0,0,0,0,0,0,0,188,0.9896354166666667,190.01,0.0,True,False
192,4 48,192,12.01,5,1.25,True,55000,0.07291666666666667,0,4,188,0,0,0,0,0,0,0,0,0,188,0.9896354166666667,190.01,0.0,True,False
192,4 48,192,12.01,5,1.25,True,55500,0.125,0,5,186,1,0,0,0,0,0,1,1,1,186,0.9375520833333333,180.01,0.0,True,False
192,4 48,192,12.01,5,1.25,True,56000,0.07291666666666667,0,4,188,0,0,0,0,0,0,0,0,0,188,0.9896354166666667,190.01,0.0,True,False
192,4 48,192,12.01,5,1.25,True,56500,0.10416666666666667,0,0,192,0,0,0,0,0,0,0,0,0,192,0.9583854166666667,184.01,0.0,True,False
192,4 48,192,12.01,5,1.25,True,57000,0.0,0,0,192,0,0,0,0,0,0,0,0,0,192,1.0625520833333333,204.01,0.0,True,False
192,4 48,192,12.01,5,1.25,True,57500,0.0,0,0,192,0,0,0,0,0,0,0,0,0,192,1.0625520833333333,204.01,0.0,True,False
192,4 48,192,12.01,5,1.25,True,58000,0.10416666666666667,0,2,188,2,0,0,0,0,0,1,2,2,188,0.9583854166666667,184.01,0.0,True,False
192,4 48,192,12.01,5,1.25,True,58500,0.125,0,5,186,1,0,0,0,0,0,1,1,1,186,0.9375520833333333,180.01,0.0,True,False
192,4 48,192,12.01,5,1.25,True,59000,0.07291666666666667,0,4,188,0,0,0,0,0,0,0,0,0,188,0.9896354166666667,190.01,0.0,True,False
192,4 48,192,12.01,5,1.25,True,59500,0.10416666666666667,0,2,188,2,0,0,0,0,0,1,2,2,188,0.9583854166666667,184.01,0.0,True,False
192,4 48,192,12.01,5,1.25,True,60000,0.07291666666666667,0,4,188,0,0,0,0,0,0,0,0,0,188,0.9896354166666667,190.01,0.0,True,False
192,4 48,192,12.01,5,1.25,True,60500,0.07291666666666667,0,4,188,0,0,0,0,0,0,0,0,0,188,0.9896354166666667,190.01,0.0,True,False
192,4 48,192,12.01,5,1.25,True,61000,0.07291666666666667,0,4,188,0,0,0,0,0,0,0,0,0,188,0.9896354166666667,190.01,0.0,True,False
192,4 48,192,12.01,5,1.25,True,61500,0.07291666666666667,0,4,188,0,0,0,0,0,0,0,0,0,188,0.9896354166666667,190.01,0.0,True,False
192,4 48,192,12.01,5,1.25,True,62000,0.10416666666666667,0,2,188,2,0,0,0,0,0,1,2,2,188,0.9583854166666667,184.01,0.0,True,False
192,4 48,192,12.01,5,1.25,True,62500,0.07291666666666667,0,4,188,0,0,0,0,0,0,0,0,0,188,0.9896354166666667,190.01,0.0,True,False
192,4 48,192,12.01,5,1.25,True,63000,0.07291666666666667,0,4,188,0,0,0,0,0,0,0,0,0,188,0.9896354166666667,190.01,0.0,True,False
192,4 48,192,12.01,5,1.25,True,63500,0.0,0,0,192,0,0,0,0,0,0,0,0,0,192,1.0625520833333333,204.01,0.0,True,False
192,4 48,192,12.01,5,1.25,True,64000,0.10416666666666667,0,2,188,2,0,0,0,0,0,1,2,2,188,0.9583854166666667,184.01,0.0,True,False
192,4 48,192,12.01,5,1.25,True,64500,0.10416666666666667,0,2,188,2,0,0,0,0,0,1,2,2,188,0.9583854166666667,184.01,0.0,True,False
192,4 48,192,12.01,5,1.25,True,65000,0.10416666666666667,0,2,188,2,0,0,0,0,0,1,2,2,188,0.9583854166666667,184.01,0.0,True,False
192,4 48,192,12.01,5,1.25,True,65500,0.10416666666666667,0,0,192,0,0,0,0,0,0,0,0,0,192,0.9583854166666667,184.01,0.0,True,False
192,4 48,192,12.01,5,1.25,True,66000,0.10416666666666667,0,2,188,2,0,0,0,0,0,1,2,2,188,0.9583854166666667,184.01,0.0,True,False
192,4 48,192,12.01,5,1.25,True,66500,0.07291666666666667,0,4,188,0,0,0,0,0,0,0,0,0,188,0.9896354166666667,190.01,0.0,True,False
192,4 48,192,12.01,5,1.25,True,67000,0.10416666666666667,0,2,188,2,0,0,0,0,0,1,2,2,188,0.9583854166666667,184.01,0.0,True,False
192,4 48,192,12.01,5,1.25,True,67500,0.0,0,0,192,0,0,0,0,0,0,0,0,0,192,1.0625520833333333,204.01,0.0,True,False
192,4 48,192,12.01,5,1.25,True,68000,0.07291666666666667,0,4,188,0,0,0,0,0,0,0,0,0,188,0.9896354166666667,190.01,0.0,True,False
192,4 48,192,12.01,5,1.25,True,68500,0.07291666666666667,0,4,188,0,0,0,0,0,0,0,0,0,188,0.9896354166666667,190.01,0.0,True,False
192,4 48,192,12.01,5,1.25,True,69000,0.0,0,0,192,0,0,0,0,0,0,0,0,0,192,1.0625520833333333,204.01,0.0,True,False
192,4 48,192,12.01,5,1.25,True,69500,0.07291666666666667,0,4,188,0,0,0,0,0,0,0,0,0,188,0.9896354166666667,190.01,0.0,True,False
192,4 48,192,12.01,5,1.25,True,70000,0.07291666666666667,0,4,188,0,0,0,0,0,0,0,0,0,188,0.9896354166666667,190.01,0.0,True,False
192,4 48,192,12.01,5,1.25,True,70500,0.07291666666666667,0,4,188,0,0,0,0,0,0,0,0,0,188,0.9896354166666667,190.01,0.0,True,False
192,4 48,192,12.01,5,1.25,True,71000,0.0,0,0,192,0,0,0,0,0,0,0,0,0,192,1.0625520833333333,204.01,0.0,True,False
192,4 48,192,12.01,5,1.25,True,71500,0.07291666666666667,0,4,188,0,0,0,0,0,0,0,0,0,188,0.9896354166666667,190.01,0.0,True,False
192,4 48,192,12.01,5,1.25,True,72000,0.07291666666666667,0,4,188,0,0,0,0,0,0,0,0,0,188,0.9896354166666667,190.01,0.0,True,False
192,4 48,192,12.01,5,1.25,True,72500,0.07291666666666667,0,4,188,0,0,0,0,0,0,0,0,0,188,0.9896354166666667,190.01,0.0,True,False
192,4 48,192,12.01,5,1.25,True,73000,0.10416666666666667,0,2,188,2,0,0,0,0,0,1,2,2,188,0.9583854166666667,184.01,0.0,True,False
192,4 48,192,12.01,5,1.25,True,73500,0.07291666666666667,0,4,188,0,0,0,0,0,0,0,0,0,188,0.9896354166666667,190.01,0.0,True,False
192,4 48,192,12.01,5,1.25,True,74000,0.07291666666666667,0,4,188,0,0,0,0,0,0,0,0,0,188,0.9896354166666667,190.01,0.0,True,False
192,4 48,192,12.01,5,1.25,True,74500,0.07291666666666667,0,4,188,0,0,0,0,0,0,0,0,0,188,0.9896354166666667,190.01,0.0,True,False
192,4 48,192,12.01,5,1.25,True,75000,0.07291666666666667,0,4,188,0,0,0,0,0,0,0,0,0,188,0.9896354166666667,190.01,0.0,True,False
192,4 48,192,12.01,5,1.25,True,75500,0.10416666666666667,0,2,188,2,0,0,0,0,0,1,2,2,188,0.9583854166666667,184.01,0.0,True,False
192,4 48,192,12.01,5,1.25,True,76000,0.10416666666666667,0,0,192,0,0,0,0,0,0,0,0,0,192,0.9583854166666667,184.01,0.0,True,False
192,4 48,192,12.01,5,1.25,True,76500,0.10416666666666667,0,2,188,2,0,0,0,0,0,1,2,2,188,0.9583854166666667,184.01,0.0,True,False
192,4 48,192,12.01,5,1.25,True,77000,0.07291666666666667,0,4,188,0,0,0,0,0,0,0,0,0,188,0.9896354166666667,190.01,0.0,True,False
192,4 48,192,12.01,5,1.25,True,77500,0.07291666666666667,0,4,188,0,0,0,0,0,0,0,0,0,188,0.9896354166666667,190.01,0.0,True,False
192,4 48,192,12.01,5,1.25,True,78000,0.07291666666666667,0,4,188,0,0,0,0,0,0,0,0,0,188,0.9896354166666667,190.01,0.0,True,False
192,4 48,192,12.01,5,1.25,True,78500,0.10416666666666667,0,0,192,0,0,0,0,0,0,0,0,0,192,0.9583854166666667,184.01,0.0,True,False
192,4 48,192,12.01,5,1.25,True,79000,0.0,0,0,192,0,0,0,0,0,0,0,0,0,192,1.0625520833333333,204.01,0.0,True,False
192,4 48,192,12.01,5,1.25,True,79500,0.0,0,0,192,0,0,0,0,0,0,0,0,0,192,1.0625520833333333,204.01,0.0,True,False
192,4 48,192,12.01,5,1.25,True,80000,0.0,0,0,192,0,0,0,0,0,0,0,0,0,192,1.0625520833333333,204.01,0.0,True,False
192,4 48,192,12.01,5,1.25,True,80500,0.07291666666666667,0,4,188,0,0,0,0,0,0,0,0,0,188,0.9896354166666667,190.01,0.0,True,False
192,4 48,192,12.01,5,1.25,True,81000,0.14583333333333334,0,8,184,0,0,0,0,0,0,0,0,0,184,0.9167187499999999,176.01,0.0,True,False
192,4 48,192,12.01,5,1.25,True,81500,0.07291666666666667,0,4,188,0,0,0,0,0,0,0,0,0,188,0.9896354166666667,190.01,0.0,True,False
192,4 48,192,12.01,5,1.25,True,82000,0.10416666666666667,0,2,188,2,0,0,0,0,0,1,2,2,188,0.9583854166666667,184.01,0.0,True,False
192,4 48,192,12.01,5,1.25,True,82500,0.07291666666666667,0,4,188,0,0,0,0,0,0,0,0,0,188,0.9896354166666667,190.01,0.0,True,False
192,4 48,192,12.01,5,1.25,True,83000,0.07291666666666667,0,4,188,0,0,0,0,0,0,0,0,0,188,0.9896354166666667,190.01,0.0,True,False
192,4 48,192,12.01,5,1.25,True,83500,0.07291666666666667,0,4,188,0,0,0,0,0,0,0,0,0,188,0.9896354166666667,190.01,0.0,True,False
192,4 48,192,12.01,5,1.25,True,84000,0.07291666666666667,0,4,188,0,0,0,0,0,0,0,0,0,188,0.9896354166666667,190.01,0.0,True,False
192,4 48,192,12.01,5,1.25,True,84500,0.10416666666666667,0,0,192,0,0,0,0,0,0,0,0,0,192,0.9583854166666667,184.01,0.0,True,False
192,4 48,192,12.01,5,1.25,True,85000,0.07291666666666667,0,4,188,0,0,0,0,0,0,0,0,0,188,0.9896354166666667,190.01,0.0,True,False
192,4 48,192,12.01,5,1.25,True,85500,0.10416666666666667,0,0,192,0,0,0,0,0,0,0,0,0,192,0.9583854166666667,184.01,0.0,True,False
192,4 48,192,12.01,5,1.25,True,86000,0.07291666666666667,0,4,188,0,0,0,0,0,0,0,0,0,188,0.9896354166666667,190.01,0.0,True,False
192,4 48,192,12.01,5,1.25,True,86500,0.07291666666666667,0,4,188,0,0,0,0,0,0,0,0,0,188,0.9896354166666667,190.01,0.0,True,False
192,4 48,192,12.01,5,1.25,True,87000,0.07291666666666667,0,4,188,0,0,0,0,0,0,0,0,0,188,0.9896354166666667,190.01,0.0,True,False
192,4 48,192,12.01,5,1.25,True,87500,0.07291666666666667,0,4,188,0,0,0,0,0,0,0,0,0,188,0.9896354166666667,190.01,0.0,True,False
192,4 48,192,12.01,5,1.25,True,88000,0.10416666666666667,0,2,188,2,0,0,0,0,0,1,2,2,188,0.9583854166666667,184.01,0.0,True,False
192,4 48,192,12.01,5,1.25,True,88500,0.07291666666666667,0,4,188,0,0,0,0,0,0,0,0,0,188,0.9896354166666667,190.01,0.0,True,False
192,4 48,192,12.01,5,1.25,True,89000,0.07291666666666667,0,4,188,0,0,0,0,0,0,0,0,0,188,0.9896354166666667,190.01,0.0,True,False
192,4 48,192,12.01,5,1.25,True,89500,0.07291666666666667,0,4,188,0,0,0,0,0,0,0,0,0,188,0.9896354166666667,190.01,0.0,True,False
192,4 48,192,12.01,5,1.25,True,90000,0.07291666666666667,0,4,188,0,0,0,0,0,0,0,0,0,188,0.9896354166666667,190.01,0.0,True,False
192,4 48,192,12.01,5,1.25,True,90500,0.10416666666666667,0,2,188,2,0,0,0,0,0,1,2,2,188,0.9583854166666667,184.01,0.0,True,False
192,4 48,192,12.01,5,1.25,True,91000,0.07291666666666667,0,4,188,0,0,0,0,0,0,0,0,0,188,0.9896354166666667,190.01,0.0,True,False
192,4 48,192,12.01,5,1.25,True,91500,0.07291666666666667,0,4,188,0,0,0,0,0,0,0,0,0,188,0.9896354166666667,190.01,0.0,True,False
192,4 48,192,12.01,5,1.25,True,92000,0.10416666666666667,0,2,188,2,0,0,0,0,0,1,2,2,188,0.9583854166666667,184.01,0.0,True,False
192,4 48,192,12.01,5,1.25,True,92500,0.07291666666666667,0,4,188,0,0,0,0,0,0,0,0,0,188,0.9896354166666667,190.01,0.0,True,False
192,4 48,192,12.01,5,1.25,True,93000,0.07291666666666667,0,4,188,0,0,0,0,0,0,0,0,0,188,0.9896354166666667,190.01,0.0,True,False
192,4 48,192,12.01,5,1.25,True,93500,0.0,0,0,192,0,0,0,0,0,0,0,0,0,192,1.0625520833333333,204.01,0.0,True,False
192,4 48,192,12.01,5,1.25,True,94000,0.07291666666666667,0,4,188,0,0,0,0,0,0,0,0,0,188,0.9896354166666667,190.01,0.0,True,False
192,4 48,192,12.01,5,1.25,True,94500,0.07291666666666667,0,4,188,0,0,0,0,0,0,0,0,0,188,0.9896354166666667,190.01,0.0,True,False
192,4 48,192,12.01,5,1.25,True,95000,0.07291666666666667,0,4,188,0,0,0,0,0,0,0,0,0,188,0.9896354166666667,190.01,0.0,True,False
192,4 48,192,12.01,5,1.25,True,95500,0.07291666666666667,0,4,188,0,0,0,0,0,0,0,0,0,188,0.9896354166666667,190.01,0.0,True,False
192,4 48,192,12.01,5,1.25,True,96000,0.07291666666666667,0,4,188,0,0,0,0,0,0,0,0,0,188,0.9896354166666667,190.01,0.0,True,False
192,4 48,192,12.01,5,1.25,True,96500,0.07291666666666667,0,4,188,0,0,0,0,0,0,0,0,0,188,0.9896354166666667,190.01,0.0,True,False
192,4 48,192,12.01,5,1.25,True,97000,0.10416666666666667,0,2,188,2,0,0,0,0,0,1,2,2,188,0.9583854166666667,184.01,0.0,True,False
192,4 48,192,12.01,5,1.25,True,97500,0.125,0,5,186,1,0,0,0,0,0,1,1,1,186,0.9375520833333333,180.01,0.0,True,False
192,4 48,192,12.01,5,1.25,True,98000,0.07291666666666667,0,4,188,0,0,0,0,0,0,0,0,0,188,0.9896354166666667,190.01,0.0,True,False
192,4 48,192,12.01,5,1.25,True,98500,0.10416666666666667,0,2,188,2,0,0,0,0,0,1,2,2,188,0.9583854166666667,184.01,0.0,True,False
192,4 48,192,12.01,5,1.25,True,99000,0.0,0,0,192,0,0,0,0,0,0,0,0,0,192,1.0625520833333333,204.01,0.0,True,False
192,4 48,192,12.01,5,1.25,True,99500,0.07291666666666667,0,4,188,0,0,0,0,0,0,0,0,0,188,0.9896354166666667,190.01,0.0,True,False
192,4 48,192,12.01,5,1.25,True,100000,0.07291666666666667,0,4,188,0,0,0,0,0,0,0,0,0,188,0.9896354166666667,190.01,0.0,True,True
192,4 48,192,12.01,6,1.25,True,0,1.0,0,192,0,0,0,0,0,0,0,0,0,0,0,0.06255208333333333,12.01,0.0,False,False
192,4 48,192,12.01,6,1.25,True,500,0.875,0,148,44,0,0,0,0,0,0,0,0,0,44,0.1875520833333333,36.01,0.0,True,False
192,4 48,192,12.01,6,1.25,True,1000,0.7291666666666666,0,120,72,0,0,0,0,0,0,0,0,0,72,0.3333854166666666,64.00999999999999,0.0,True,False
192,4 48,192,12.01,6,1.25,True,1500,0.5416666666666666,0,84,108,0,0,0,0,0,0,0,0,0,108,0.5208854166666667,100.00999999999999,0.0,True,False
192,4 48,192,12.01,6,1.25,True,2000,0.25,0,28,164,0,0,0,0,0,0,0,0,0,164,0.8125520833333333,156.01,0.0,True,False
192,4 48,192,12.01,6,1.25,True,2500,0.20833333333333334,0,20,172,0,0,0,0,0,0,0,0,0,172,0.8542187499999999,164.01,0.0,True,False
192,4 48,192,12.01,6,1.25,True,3000,0.10416666666666667,0,2,188,2,0,0,0,0,0,1,2,2,188,0.9583854166666667,184.01,0.0,True,False
192,4 48,192,12.01,6,1.25,True,3500,0.125,0,4,188,0,0,0,0,0,0,0,0,0,188,0.9375520833333333,180.01,0.0,True,False
192,4 48,192,12.01,6,1.25,True,4000,0.14583333333333334,0,8,184,0,0,0,0,0,0,0,0,0,184,0.9167187499999999,176.01,0.0,True,False
192,4 48,192,12.01,6,1.25,True,4500,0.14583333333333334,0,8,184,0,0,0,0,0,0,0,0,0,184,0.9167187499999999,176.01,0.0,True,False
192,4 48,192,12.01,6,1.25,True,5000,0.14583333333333334,0,8,184,0,0,0,0,0,0,0,0,0,184,0.9167187499999999,176.01,0.0,True,False
192,4 48,192,12.01,6,1.25,True,5500,0.0,0,0,192,0,0,0,0,0,0,0,0,0,192,1.0625520833333333,204.01,0.0,True,False
192,4 48,192,12.01,6,1.25,True,6000,0.10416666666666667,0,0,192,0,0,0,0,0,0,0,0,0,192,0.9583854166666667,184.01,0.0,True,False
192,4 48,192,12.01,6,1.25,True,6500,0.07291666666666667,0,4,188,0,0,0,0,0,0,0,0,0,188,0.9896354166666667,190.01,0.0,True,False
192,4 48,192,12.01,6,1.25,True,7000,0.07291666666666667,0,4,188,0,0,0,0,0,0,0,0,0,188,0.9896354166666667,190.01,0.0,True,False
192,4 48,192,12.01,6,1.25,True,7500,0.10416666666666667,0,2,188,2,0,0,0,0,0,1,2,2,188,0.9583854166666667,184.01,0.0,True,False
192,4 48,192,12.01,6,1.25,True,8000,0.07291666666666667,0,4,188,0,0,0,0,0,0,0,0,0,188,0.9896354166666667,190.01,0.0,True,False
192,4 48,192,12.01,6,1.25,True,8500,0.07291666666666667,0,4,188,0,0,0,0,0,0,0,0,0,188,0.9896354166666667,190.01,0.0,True,False
192,4 48,192,12.01,6,1.25,True,9000,0.07291666666666667,0,4,188,0,0,0,0,0,0,0,0,0,188,0.9896354166666667,190.01,0.0,True,False
192,4 48,192,12.01,6,1.25,True,9500,0.07291666666666667,0,4,188,0,0,0,0,0,0,0,0,0,188,0.9896354166666667,190.01,0.0,True,False
192,4 48,192,12.01,6,1.25,True,10000,0.125,0,5,186,1,0,0,0,0,0,1,1,1,186,0.9375520833333333,180.01,0.0,True,False
192,4 48,192,12.01,6,1.25,True,10500,0.07291666666666667,0,4,188,0,0,0,0,0,0,0,0,0,188,0.9896354166666667,190.01,0.0,True,False
192,4 48,192,12.01,6,1.25,True,11000,0.07291666666666667,0,4,188,0,0,0,0,0,0,0,0,0,188,0.9896354166666667,190.01,0.0,True,False
192,4 48,192,12.01,6,1.25,True,11500,0.0,0,0,192,0,0,0,0,0,0,0,0,0,192,1.0625520833333333,204.01,0.0,True,False
192,4 48,192,12.01,6,1.25,True,12000,0.0,0,0,192,0,0,0,0,0,0,0,0,0,192,1.0625520833333333,204.01,0.0,True,False
192,4 48,192,12.01,6,1.25,True,12500,0.07291666666666667,0,4,188,0,0,0,0,0,0,0,0,0,188,0.9896354166666667,190.01,0.0,True,False
192,4 48,192,12.01,6,1.25,True,13000,0.07291666666666667,0,4,188,0,0,0,0,0,0,0,0,0,188,0.9896354166666667,190.01,0.0,True,False
192,4 48,192,12.01,6,1.25,True,13500,0.10416666666666667,0,2,188,2,0,0,0,0,0,1,2,2,188,0.9583854166666667,184.01,0.0,True,False
192,4 48,192,12.01,6,1.25,True,14000,0.07291666666666667,0,4,188,0,0,0,0,0,0,0,0,0,188,0.9896354166666667,190.01,0.0,True,False
192,4 48,192,12.01,6,1.25,True,14500,0.07291666666666667,0,4,188,0,0,0,0,0,0,0,0,0,188,0.9896354166666667,190.01,0.0,True,False
192,4 48,192,12.01,6,1.25,True,15000,0.07291666666666667,0,4,188,0,0,0,0,0,0,0,0,0,188,0.9896354166666667,190.01,0.0,True,False
192,4 48,192,12.01,6,1.25,True,15500,0.125,0,5,186,1,0,0,0,0,0,1,1,1,186,0.9375520833333333,180.01,0.0,True,False
192,4 48,192,12.01,6,1.25,True,16000,0.07291666666666667,0,4,188,0,0,0,0,0,0,0,0,0,188,0.9896354166666667,190.01,0.0,True,False
192,4 48,192,12.01,6,1.25,True,16500,0.125,0,5,186,1,0,0,0,0,0,1,1,1,186,0.9375520833333333,180.01,0.0,True,False
192,4 48,192,12.01,6,1.25,True,17000,0.07291666666666667,0,4,188,0,0,0,0,0,0,0,0,0,188,0.9896354166666667,190.01,0.0,True,False
192,4 48,192,12.01,6,1.25,True,17500,0.10416666666666667,0,2,188,2,0,0,0,0,0,1,2,2,188,0.9583854166666667,184.01,0.0,True,False
192,4 48,192,12.01,6,1.25,True,18000,0.0,0,0,192,0,0,0,0,0,0,0,0,0,192,1.0625520833333333,204.01,0.0,True,False
192,4 48,192,12.01,6,1.25,True,18500,0.10416666666666667,0,2,188,2,0,0,0,0,0,1,2,2,188,0.9583854166666667,184.01,0.0,True,False
192,4 48,192,12.01,6,1.25,True,19000,0.10416666666666667,0,2,188,2,0,0,0,0,0,1,2,2,188,0.9583854166666667,184.01,0.0,True,False
192,4 48,192,12.01,6,1.25,True,19500,0.0,0,0,192,0,0,0,0,0,0,0,0,0,192,1.0625520833333333,204.01,0.0,True,False
192,4 48,192,12.01,6,1.25,True,20000,0.07291666666666667,0,4,188,0,0,0,0,0,0,0,0,0,188,0.9896354166666667,190.01,0.0,True,False
192,4 48,192,12.01,6,1.25,True,20500,0.07291666666666667,0,4,188,0,0,0,0,0,0,0,0,0,188,0.9896354166666667,190.01,0.0,True,False
192,4 48,192,12.01,6,1.25,True,21000,0.07291666666666667,0,4,188,0,0,0,0,0,0,0,0,0,188,0.9896354166666667,190.01,0.0,True,False
192,4 48,192,12.01,6,1.25,True,21500,0.10416666666666667,0,0,192,0,0,0,0,0,0,0,0,0,192,0.9583854166666667,184.01,0.0,True,False
192,4 48,192,12.01,6,1.25,True,22000,0.10416666666666667,0,0,192,0,0,0,0,0,0,0,0,0,192,0.9583854166666667,184.01,0.0,True,False
192,4 48,192,12.01,6,1.25,True,22500,0.07291666666666667,0,4,188,0,0,0,0,0,0,0,0,0,188,0.9896354166666667,190.01,0.0,True,False
192,4 48,192,12.01,6,1.25,True,23000,0.07291666666666667,0,4,188,0,0,0,0,0,0,0,0,0,188,0.9896354166666667,190.01,0.0,True,False
192,4 48,192,12.01,6,1.25,True,23500,0.10416666666666667,0,2,188,2,0,0,0,0,0,1,2,2,188,0.9583854166666667,184.01,0.0,True,False
192,4 48,192,12.01,6,1.25,True,24000,0.07291666666666667,0,4,188,0,0,0,0,0,0,0,0,0,188,0.9896354166666667,190.01,0.0,True,False
192,4 48,192,12.01,6,1.25,True,24500,0.10416666666666667,0,2,188,2,0,0,0,0,0,1,2,2,188,0.9583854166666667,184.01,0.0,True,False
192,4 48,192,12.01,6,1.25,True,25000,0.0,0,0,192,0,0,0,0,0,0,0,0,0,192,1.0625520833333333,204.01,0.0,True,False
192,4 48,192,12.01,6,1.25,True,25500,0.07291666666666667,0,4,188,0,0,0,0,0,0,0,0,0,188,0.9896354166666667,190.01,0.0,True,False
192,4 48,192,12.01,6,1.25,True,26000,0.07291666666666667,0,4,188,0,0,0,0,0,0,0,0,0,188,0.9896354166666667,190.01,0.0,True,False
192,4 48,192,12.01,6,1.25,True,26500,0.07291666666666667,0,4,188,0,0,0,0,0,0,0,0,0,188,0.9896354166666667,190.01,0.0,True,False
192,4 48,192,12.01,6,1.25,True,27000,0.07291666666666667,0,4,188,0,0,0,0,0,0,0,0,0,188,0.9896354166666667,190.01,0.0,True,False
192,4 48,192,12.01,6,1.25,True,27500,0.07291666666666667,0,4,188,0,0,0,0,0,0,0,0,0,188,0.9896354166666667,190.01,0.0,True,False
192,4 48,192,12.01,6,1.25,True,28000,0.07291666666666667,0,4,188,0,0,0,0,0,0,0,0,0,188,0.9896354166666667,190.01,0.0,True,False
192,4 48,192,12.01,6,1.25,True,28500,0.10416666666666667,0,2,188,2,0,0,0,0,0,1,2,2,188,0.9583854166666667,184.01,0.0,True,False
192,4 48,192,12.01,6,1.25,True,29000,0.10416666666666667,0,2,188,2,0,0,0,0,0,1,2,2,188,0.9583854166666667,184.01,0.0,True,False
192,4 48,192,12.01,6,1.25,True,29500,0.07291666666666667,0,4,188,0,0,0,0,0,0,0,0,0,188,0.9896354166666667,190.01,0.0,True,False
192,4 48,192,12.01,6,1.25,True,30000,0.10416666666666667,0,2,188,2,0,0,0,0,0,1,2,2,188,0.9583854166666667,184.01,0.0,True,False
192,4 48,192,12.01,6,1.25,True,30500,0.125,0,5,186,1,0,0,0,0,0,1,1,1,186,0.9375520833333333,180.01,0.0,True,False
192,4 48,192,12.01,6,1.25,True,31000,0.07291666666666667,0,4,188,0,0,0,0,0,0,0,0,0,188,0.9896354166666667,190.01,0.0,True,False
192,4 48,192,12.01,6,1.25,True,31500,0.10416666666666667,0,0,192,0,0,0,0,0,0,0,0,0,192,0.9583854166666667,184.01,0.0,True,False
192,4 48,192,12.01,6,1.25,True,32000,0.10416666666666667,0,2,188,2,0,0,0,0,0,1,2,2,188,0.9583854166666667,184.01,0.0,True,False
192,4 48,192,12.01,6,1.25,True,32500,0.07291666666666667,0,4,188,0,0,0,0,0,0,0,0,0,188,0.9896354166666667,190.01,0.0,True,False
192,4 48,192,12.01,6,1.25,True,33000,0.10416666666666667,0,2,188,2,0,0,0,0,0,1,2,2,188,0.9583854166666667,184.01,0.0,True,False
192,4 48,192,12.01,6,1.25,True,33500,0.07291666666666667,0,4,188,0,0,0,0,0,0,0,0,0,188,0.9896354166666667,190.01,0.0,True,False
192,4 48,192,12.01,6,1.25,True,34000,0.10416666666666667,0,2,188,2,0,0,0,0,0,1,2,2,188,0.9583854166666667,184.01,0.0,True,False
192,4 48,192,12.01,6,1.25,True,34500,0.10416666666666667,0,0,192,0,0,0,0,0,0,0,0,0,192,0.9583854166666667,184.01,0.0,True,False
192,4 48,192,12.01,6,1.25,True,35000,0.10416666666666667,0,2,188,2,0,0,0,0,0,1,2,2,188,0.9583854166666667,184.01,0.0,True,False
192,4 48,192,12.01,6,1.25,True,35500,0.0,0,0,192,0,0,0,0,0,0,0,0,0,192,1.0625520833333333,204.01,0.0,True,False
192,4 48,192,12.01,6,1.25,True,36000,0.10416666666666667,0,2,188,2,0,0,0,0,0,1,2,2,188,0.9583854166666667,184.01,0.0,True,False
192,4 48,192,12.01,6,1.25,True,36500,0.07291666666666667,0,4,188,0,0,0,0,0,0,0,0,0,188,0.9896354166666667,190.01,0.0,True,False
192,4 48,192,12.01,6,1.25,True,37000,0.07291666666666667,0,4,188,0,0,0,0,0,0,0,0,0,188,0.9896354166666667,190.01,0.0,True,False
192,4 48,192,12.01,6,1.25,True,37500,0.14583333333333334,0,8,184,0,0,0,0,0,0,0,0,0,184,0.9167187499999999,176.01,0.0,True,False
192,4 48,192,12.01,6,1.25,True,38000,0.10416666666666667,0,2,188,2,0,0,0,0,0,1,2,2,188,0.9583854166666667,184.01,0.0,True,False
192,4 48,192,12.01,6,1.25,True,38500,0.07291666666666667,0,4,188,0,0,0,0,0,0,0,0,0,188,0.9896354166666667,190.01,0.0,True,False
192,4 48,192,12.01,6,1.25,True,39000,0.10416666666666667,0,0,192,0,0,0,0,0,0,0,0,0,192,0.9583854166666667,184.01,0.0,True,False
192,4 48,192,12.01,6,1.25,True,39500,0.20833333333333334,0,4,184,4,0,0,0,0,0,2,2,4,184,0.8542187499999999,164.01,0.0,True,False
192,4 48,192,12.01,6,1.25,True,40000,0.10416666666666667,0,2,188,2,0,0,0,0,0,1,2,2,188,0.9583854166666667,184.01,0.0,True,False
192,4 48,192,12.01,6,1.25,True,40500,0.125,0,5,186,1,0,0,0,0,0,1,1,1,186,0.9375520833333333,180.01,0.0,True,False
192,4 48,192,12.01,6,1.25,True,41000,0.07291666666666667,0,4,188,0,0,0,0,0,0,0,0,0,188,0.9896354166666667,190.01,0.0,True,False
192,4 48,192,12.01,6,1.25,True,41500,0.07291666666666667,0,4,188,0,0,0,0,0,0,0,0,0,188,0.9896354166666667,190.01,0.0,True,False
192,4 48,192,12.01,6,1.25,True,42000,0.07291666666666667,0,4,188,0,0,0,0,0,0,0,0,0,188,0.9896354166666667,190.01,0.0,True,False
192,4 48,192,12.01,6,1.25,True,42500,0.125,0,5,186,1,0,0,0,0,0,1,1,1,186,0.9375520833333333,180.01,0.0,True,False
192,4 48,192,12.01,6,1.25,True,43000,0.10416666666666667,0,2,188,2,0,0,0,0,0,1,2,2,188,0.9583854166666667,184.01,0.0,True,False
192,4 48,192,12.01,6,1.25,True,43500,0.07291666666666667,0,4,188,0,0,0,0,0,0,0,0,0,188,0.9896354166666667,190.01,0.0,True,False
192,4 48,192,12.01,6,1.25,True,44000,0.10416666666666667,0,0,192,0,0,0,0,0,0,0,0,0,192,0.9583854166666667,184.01,0.0,True,False
192,4 48,192,12.01,6,1.25,True,44500,0.10416666666666667,0,0,192,0,0,0,0,0,0,0,0,0,192,0.9583854166666667,184.01,0.0,True,False
192,4 48,192,12.01,6,1.25,True,45000,0.10416666666666667,0,2,188,2,0,0,0,0,0,1,2,2,188,0.9583854166666667,184.01,0.0,True,False
192,4 48,192,12.01,6,1.25,True,45500,0.10416666666666667,0,0,192,0,0,0,0,0,0,0,0,0,192,0.9583854166666667,184.01,0.0,True,False
192,4 48,192,12.01,6,1.25,True,46000,0.07291666666666667,0,4,188,0,0,0,0,0,0,0,0,0,188,0.9896354166666667,190.01,0.0,True,False
192,4 48,192,12.01,6,1.25,True,46500,0.10416666666666667,0,0,192,0,0,0,0,0,0,0,0,0,192,0.9583854166666667,184.01,0.0,True,False
192,4 48,192,12.01,6,1.25,True,47000,0.0,0,0,192,0,0,0,0,0,0,0,0,0,192,1.0625520833333333,204.01,0.0,True,False
192,4 48,192,12.01,6,1.25,True,47500,0.10416666666666667,0,0,192,0,0,0,0,0,0,0,0,0,192,0.9583854166666667,184.01,0.0,True,False
192,4 48,192,12.01,6,1.25,True,48000,0.07291666666666667,0,4,188,0,0,0,0,0,0,0,0,0,188,0.9896354166666667,190.01,0.0,True,False
192,4 48,192,12.01,6,1.25,True,48500,0.07291666666666667,0,4,188,0,0,0,0,0,0,0,0,0,188,0.9896354166666667,190.01,0.0,True,False
192,4 48,192,12.01,6,1.25,True,49000,0.07291666666666667,0,4,188,0,0,0,0,0,0,0,0,0,188,0.9896354166666667,190.01,0.0,True,False
192,4 48,192,12.01,6,1.25,True,49500,0.07291666666666667,0,4,188,0,0,0,0,0,0,0,0,0,188,0.9896354166666667,190.01,0.0,True,False
192,4 48,192,12.01,6,1.25,True,50000,0.10416666666666667,0,0,192,0,0,0,0,0,0,0,0,0,192,0.9583854166666667,184.01,0.0,True,False
192,4 48,192,12.01,6,1.25,True,50500,0.10416666666666667,0,2,188,2,0,0,0,0,0,1,2,2,188,0.9583854166666667,184.01,0.0,True,False
192,4 48,192,12.01,6,1.25,True,51000,0.07291666666666667,0,4,188,0,0,0,0,0,0,0,0,0,188,0.9896354166666667,190.01,0.0,True,False
192,4 48,192,12.01,6,1.25,True,51500,0.125,0,4,188,0,0,0,0,0,0,0,0,0,188,0.9375520833333333,180.01,0.0,True,False
192,4 48,192,12.01,6,1.25,True,52000,0.125,0,5,186,1,0,0,0,0,0,1,1,1,186,0.9375520833333333,180.01,0.0,True,False
192,4 48,192,12.01,6,1.25,True,52500,0.07291666666666667,0,4,188,0,0,0,0,0,0,0,0,0,188,0.9896354166666667,190.01,0.0,True,False
192,4 48,192,12.01,6,1.25,True,53000,0.10416666666666667,0,2,188,2,0,0,0,0,0,1,2,2,188,0.9583854166666667,184.01,0.0,True,False
192,4 48,192,12.01,6,1.25,True,53500,0.0,0,0,192,0,0,0,0,0,0,0,0,0,192,1.0625520833333333,204.01,0.0,True,False
192,4 48,192,12.01,6,1.25,True,54000,0.0,0,0,192,0,0,0,0,0,0,0,0,0,192,1.0625520833333333,204.01,0.0,True,False
192,4 48,192,12.01,6,1.25,True,54500,0.07291666666666667,0,4,188,0,0,0,0,0,0,0,0,0,188,0.9896354166666667,190.01,0.0,True,False
192,4 48,192,12.01,6,1.25,True,55000,0.0,0,0,192,0,0,0,0,0,0,0,0,0,192,1.0625520833333333,204.01,0.0,True,False
192,4 48,192,12.01,6,1.25,True,55500,0.10416666666666667,0,2,188,2,0,0,0,0,0,1,2,2,188,0.9583854166666667,184.01,0.0,True,False
192,4 48,192,12.01,6,1.25,True,56000,0.10416666666666667,0,0,192,0,0,0,0,0,0,0,0,0,192,0.9583854166666667,184.01,0.0,True,False
192,4 48,192,12.01,6,1.25,True,56500,0.07291666666666667,0,4,188,0,0,0,0,0,0,0,0,0,188,0.9896354166666667,190.01,0.0,True,False
192,4 48,192,12.01,6,1.25,True,57000,0.07291666666666667,0,4,188,0,0,0,0,0,0,0,0,0,188,0.9896354166666667,190.01,0.0,True,False
192,4 48,192,12.01,6,1.25,True,57500,0.10416666666666667,0,2,188,2,0,0,0,0,0,1,2,2,188,0.9583854166666667,184.01,0.0,True,False
192,4 48,192,12.01,6,1.25,True,58000,0.07291666666666667,0,4,188,0,0,0,0,0,0,0,0,0,188,0.9896354166666667,190.01,0.0,True,False
192,4 48,192,12.01,6,1.25,True,58500,0.10416666666666667,0,2,188,2,0,0,0,0,0,1,2,2,188,0.9583854166666667,184.01,0.0,True,False
192,4 48,192,12.01,6,1.25,True,59000,0.07291666666666667,0,4,188,0,0,0,0,0,0,0,0,0,188,0.9896354166666667,190.01,0.0,True,False
192,4 48,192,12.01,6,1.25,True,59500,0.07291666666666667,0,4,188,0,0,0,0,0,0,0,0,0,188,0.9896354166666667,190.01,0.0,True,False
192,4 48,192,12.01,6,1.25,True,60000,0.07291666666666667,0,4,188,0,0,0,0,0,0,0,0,0,188,0.9896354166666667,190.01,0.0,True,False
192,4 48,192,12.01,6,1.25,True,60500,0.07291666666666667,0,4,188,0,0,0,0,0,0,0,0,0,188,0.9896354166666667,190.01,0.0,True,False
192,4 48,192,12.01,6,1.25,True,61000,0.10416666666666667,0,2,188,2,0,0,0,0,0,1,2,2,188,0.9583854166666667,184.01,0.0,True,False
192,4 48,192,12.01,6,1.25,True,61500,0.10416666666666667,0,0,192,0,0,0,0,0,0,0,0,0,192,0.9583854166666667,184.01,0.0,True,False
192,4 48,192,12.01,6,1.25,True,62000,0.0,0,0,192,0,0,0,0,0,0,0,0,0,192,1.0625520833333333,204.01,0.0,True,False
192,4 48,192,12.01,6,1.25,True,62500,0.10416666666666667,0,2,188,2,0,0,0,0,0,1,2,2,188,0.9583854166666667,184.01,0.0,True,False
192,4 48,192,12.01,6,1.25,True,63000,0.10416666666666667,0,2,188,2,0,0,0,0,0,1,2,2,188,0.9583854166666667,184.01,0.0,True,False
192,4 48,192,12.01,6,1.25,True,63500,0.10416666666666667,0,2,188,2,0,0,0,0,0,1,2,2,188,0.9583854166666667,184.01,0.0,True,False
192,4 48,192,12.01,6,1.25,True,64000,0.10416666666666667,0,0,192,0,0,0,0,0,0,0,0,0,192,0.9583854166666667,184.01,0.0,True,False
192,4 48,192,12.01,6,1.25,True,64500,0.07291666666666667,0,4,188,0,0,0,0,0,0,0,0,0,188,0.9896354166666667,190.01,0.0,True,False
192,4 48,192,12.01,6,1.25,True,65000,0.07291666666666667,0,4,188,0,0,0,0,0,0,0,0,0,188,0.9896354166666667,190.01,0.0,True,False
192,4 48,192,12.01,6,1.25,True,65500,0.07291666666666667,0,4,188,0,0,0,0,0,0,0,0,0,188,0.9896354166666667,190.01,0.0,True,False
192,4 48,192,12.01,6,1.25,True,66000,0.07291666666666667,0,4,188,0,0,0,0,0,0,0,0,0,188,0.9896354166666667,190.01,0.0,True,False
192,4 48,192,12.01,6,1.25,True,66500,0.14583333333333334,0,8,184,0,0,0,0,0,0,0,0,0,184,0.9167187499999999,176.01,0.0,True,False
192,4 48,192,12.01,6,1.25,True,67000,0.10416666666666667,0,0,192,0,0,0,0,0,0,0,0,0,192,0.9583854166666667,184.01,0.0,True,False
192,4 48,192,12.01,6,1.25,True,67500,0.0,0,0,192,0,0,0,0,0,0,0,0,0,192,1.0625520833333333,204.01,0.0,True,False
192,4 48,192,12.01,6,1.25,True,68000,0.07291666666666667,0,4,188,0,0,0,0,0,0,0,0,0,188,0.9896354166666667,190.01,0.0,True,False
192,4 48,192,12.01,6,1.25,True,68500,0.07291666666666667,0,4,188,0,0,0,0,0,0,0,0,0,188,0.9896354166666667,190.01,0.0,True,False
192,4 48,192,12.01,6,1.25,True,69000,0.07291666666666667,0,4,188,0,0,0,0,0,0,0,0,0,188,0.9896354166666667,190.01,0.0,True,False
192,4 48,192,12.01,6,1.25,True,69500,0.10416666666666667,0,2,188,2,0,0,0,0,0,1,2,2,188,0.9583854166666667,184.01,0.0,True,False
192,4 48,192,12.01,6,1.25,True,70000,0.10416666666666667,0,2,188,2,0,0,0,0,0,1,2,2,188,0.9583854166666667,184.01,0.0,True,False
192,4 48,192,12.01,6,1.25,True,70500,0.10416666666666667,0,2,188,2,0,0,0,0,0,1,2,2,188,0.9583854166666667,184.01,0.0,True,False
192,4 48,192,12.01,6,1.25,True,71000,0.0,0,0,192,0,0,0,0,0,0,0,0,0,192,1.0625520833333333,204.01,0.0,True,False
192,4 48,192,12.01,6,1.25,True,71500,0.10416666666666667,0,2,188,2,0,0,0,0,0,1,2,2,188,0.9583854166666667,184.01,0.0,True,False
192,4 48,192,12.01,6,1.25,True,72000,0.10416666666666667,0,2,188,2,0,0,0,0,0,1,2,2,188,0.9583854166666667,184.01,0.0,True,False
192,4 48,192,12.01,6,1.25,True,72500,0.0,0,0,192,0,0,0,0,0,0,0,0,0,192,1.0625520833333333,204.01,0.0,True,False
192,4 48,192,12.01,6,1.25,True,73000,0.07291666666666667,0,4,188,0,0,0,0,0,0,0,0,0,188,0.9896354166666667,190.01,0.0,True,False
192,4 48,192,12.01,6,1.25,True,73500,0.10416666666666667,0,2,188,2,0,0,0,0,0,1,2,2,188,0.9583854166666667,184.01,0.0,True,False
192,4 48,192,12.01,6,1.25,True,74000,0.10416666666666667,0,2,188,2,0,0,0,0,0,1,2,2,188,0.9583854166666667,184.01,0.0,True,False
192,4 48,192,12.01,6,1.25,True,74500,0.07291666666666667,0,4,188,0,0,0,0,0,0,0,0,0,188,0.9896354166666667,190.01,0.0,True,False
192,4 48,192,12.01,6,1.25,True,75000,0.16145833333333334,0,2,184,6,0,0,0,0,0,1,6,6,184,0.9010937499999999,173.01,0.0,True,False
192,4 48,192,12.01,6,1.25,True,75500,0.07291666666666667,0,4,188,0,0,0,0,0,0,0,0,0,188,0.9896354166666667,190.01,0.0,True,False
192,4 48,192,12.01,6,1.25,True,76000,0.18229166666666666,0,6,180,6,0,0,0,0,0,1,6,6,178,0.8802604166666667,169.01,0.0,True,False
192,4 48,192,12.01,6,1.25,True,76500,0.20833333333333334,0,8,176,8,0,0,0,0,0,1,8,8,176,0.8542187499999999,164.01,0.0,True,False
192,4 48,192,12.01,6,1.25,True,77000,0.07291666666666667,0,4,188,0,0,0,0,0,0,0,0,0,188,0.9896354166666667,190.01,0.0,True,False
192,4 48,192,12.01,6,1.25,True,77500,0.125,0,5,186,1,0,0,0,0,0,1,1,1,186,0.9375520833333333,180.01,0.0,True,False
192,4 48,192,12.01,6,1.25,True,78000,0.10416666666666667,0,0,192,0,0,0,0,0,0,0,0,0,192,0.9583854166666667,184.01,0.0,True,False
192,4 48,192,12.01,6,1.25,True,78500,0.10416666666666667,0,2,188,2,0,0,0,0,0,1,2,2,188,0.9583854166666667,184.01,0.0,True,False
192,4 48,192,12.01,6,1.25,True,79000,0.1875,0,2,184,6,0,0,0,0,0,1,6,6,184,0.8750520833333333,168.01,0.0,True,False
192,4 48,192,12.01,6,1.25,True,79500,0.07291666666666667,0,4,188,0,0,0,0,0,0,0,0,0,188,0.9896354166666667,190.01,0.0,True,False
192,4 48,192,12.01,6,1.25,True,80000,0.125,0,5,186,1,0,0,0,0,0,1,1,1,186,0.9375520833333333,180.01,0.0,True,False
192,4 48,192,12.01,6,1.25,True,80500,0.125,0,5,186,1,0,0,0,0,0,1,1,1,186,0.9375520833333333,180.01,0.0,True,False
192,4 48,192,12.01,6,1.25,True,81000,0.07291666666666667,0,4,188,0,0,0,0,0,0,0,0,0,188,0.9896354166666667,190.01,0.0,True,False
192,4 48,192,12.01,6,1.25,True,81500,0.10416666666666667,0,2,188,2,0,0,0,0,0,1,2,2,188,0.9583854166666667,184.01,0.0,True,False
192,4 48,192,12.01,6,1.25,True,82000,0.07291666666666667,0,4,188,0,0,0,0,0,0,0,0,0,188,0.9896354166666667,190.01,0.0,True,False
192,4 48,192,12.01,6,1.25,True,82500,0.0,0,0,192,0,0,0,0,0,0,0,0,0,192,1.0625520833333333,204.01,0.0,True,False
192,4 48,192,12.01,6,1.25,True,83000,0.07291666666666667,0,4,188,0,0,0,0,0,0,0,0,0,188,0.9896354166666667,190.01,0.0,True,False
192,4 48,192,12.01,6,1.25,True,83500,0.07291666666666667,0,4,188,0,0,0,0,0,0,0,0,0,188,0.9896354166666667,190.01,0.0,True,False
192,4 48,192,12.01,6,1.25,True,84000,0.10416666666666667,0,2,188,2,0,0,0,0,0,1,2,2,188,0.9583854166666667,184.01,0.0,True,False
192,4 48,192,12.01,6,1.25,True,84500,0.07291666666666667,0,4,188,0,0,0,0,0,0,0,0,0,188,0.9896354166666667,190.01,0.0,True,False
192,4 48,192,12.01,6,1.25,True,85000,0.0,0,0,192,0,0,0,0,0,0,0,0,0,192,1.0625520833333333,204.01,0.0,True,False
192,4 48,192,12.01,6,1.25,True,85500,0.10416666666666667,0,0,192,0,0,0,0,0,0,0,0,0,192,0.9583854166666667,184.01,0.0,True,False
192,4 48,192,12.01,6,1.25,True,86000,0.07291666666666667,0,4,188,0,0,0,0,0,0,0,0,0,188,0.9896354166666667,190.01,0.0,True,False
192,4 48,192,12.01,6,1.25,True,86500,0.125,0,5,186,1,0,0,0,0,0,1,1,1,186,0.9375520833333333,180.01,0.0,True,False
192,4 48,192,12.01,6,1.25,True,87000,0.07291666666666667,0,4,188,0,0,0,0,0,0,0,0,0,188,0.9896354166666667,190.01,0.0,True,False
192,4 48,192,12.01,6,1.25,True,87500,0.10416666666666667,0,2,188,2,0,0,0,0,0,1,2,2,188,0.9583854166666667,184.01,0.0,True,False
192,4 48,192,12.01,6,1.25,True,88000,0.14583333333333334,0,8,184,0,0,0,0,0,0,0,0,0,184,0.9167187499999999,176.01,0.0,True,False
192,4 48,192,12.01,6,1.25,True,88500,0.125,0,5,186,1,0,0,0,0,0,1,1,1,186,0.9375520833333333,180.01,0.0,True,False
192,4 48,192,12.01,6,1.25,True,89000,0.07291666666666667,0,4,188,0,0,0,0,0,0,0,0,0,188,0.9896354166666667,190.01,0.0,True,False
192,4 48,192,12.01,6,1.25,True,89500,0.125,0,5,186,1,0,0,0,0,0,1,1,1,186,0.9375520833333333,180.01,0.0,True,False
192,4 48,192,12.01,6,1.25,True,90000,0.14583333333333334,0,8,184,0,0,0,0,0,0,0,0,0,184,0.9167187499999999,176.01,0.0,True,False
192,4 48,192,12.01,6,1.25,True,90500,0.0,0,0,192,0,0,0,0,0,0,0,0,0,192,1.0625520833333333,204.01,0.0,True,False
192,4 48,192,12.01,6,1.25,True,91000,0.10416666666666667,0,2,188,2,0,0,0,0,0,1,2,2,188,0.9583854166666667,184.01,0.0,True,False
192,4 48,192,12.01,6,1.25,True,91500,0.07291666666666667,0,4,188,0,0,0,0,0,0,0,0,0,188,0.9896354166666667,190.01,0.0,True,False
192,4 48,192,12.01,6,1.25,True,92000,0.10416666666666667,0,2,188,2,0,0,0,0,0,1,2,2,188,0.9583854166666667,184.01,0.0,True,False
192,4 48,192,12.01,6,1.25,True,92500,0.07291666666666667,0,4,188,0,0,0,0,0,0,0,0,0,188,0.9896354166666667,190.01,0.0,True,False
192,4 48,192,12.01,6,1.25,True,93000,0.10416666666666667,0,2,188,2,0,0,0,0,0,1,2,2,188,0.9583854166666667,184.01,0.0,True,False
192,4 48,192,12.01,6,1.25,True,93500,0.07291666666666667,0,4,188,0,0,0,0,0,0,0,0,0,188,0.9896354166666667,190.01,0.0,True,False
192,4 48,192,12.01,6,1.25,True,94000,0.07291666666666667,0,4,188,0,0,0,0,0,0,0,0,0,188,0.9896354166666667,190.01,0.0,True,False
192,4 48,192,12.01,6,1.25,True,94500,0.07291666666666667,0,4,188,0,0,0,0,0,0,0,0,0,188,0.9896354166666667,190.01,0.0,True,False
192,4 48,192,12.01,6,1.25,True,95000,0.10416666666666667,0,2,188,2,0,0,0,0,0,1,2,2,188,0.9583854166666667,184.01,0.0,True,False
192,4 48,192,12.01,6,1.25,True,95500,0.07291666666666667,0,4,188,0,0,0,0,0,0,0,0,0,188,0.9896354166666667,190.01,0.0,True,False
192,4 48,192,12.01,6,1.25,True,96000,0.0,0,0,192,0,0,0,0,0,0,0,0,0,192,1.0625520833333333,204.01,0.0,True,False
192,4 48,192,12.01,6,1.25,True,96500,0.10416666666666667,0,2,188,2,0,0,0,0,0,1,2,2,188,0.9583854166666667,184.01,0.0,True,False
192,4 48,192,12.01,6,1.25,True,97000,0.10416666666666667,0,0,192,0,0,0,0,0,0,0,0,0,192,0.9583854166666667,184.01,0.0,True,False
192,4 48,192,12.01,6,1.25,True,97500,0.0,0,0,192,0,0,0,0,0,0,0,0,0,192,1.0625520833333333,204.01,0.0,True,False
192,4 48,192,12.01,6,1.25,True,98000,0.0,0,0,192,0,0,0,0,0,0,0,0,0,192,1.0625520833333333,204.01,0.0,True,False
192,4 48,192,12.01,6,1.25,True,98500,0.07291666666666667,0,4,188,0,0,0,0,0,0,0,0,0,188,0.9896354166666667,190.01,0.0,True,False
192,4 48,192,12.01,6,1.25,True,99000,0.07291666666666667,0,4,188,0,0,0,0,0,0,0,0,0,188,0.9896354166666667,190.01,0.0,True,False
192,4 48,192,12.01,6,1.25,True,99500,0.07291666666666667,0,4,188,0,0,0,0,0,0,0,0,0,188,0.9896354166666667,190.01,0.0,True,False
192,4 48,192,12.01,6,1.25,True,100000,0.07291666666666667,0,4,188,0,0,0,0,0,0,0,0,0,188,0.9896354166666667,190.01,0.0,True,True
192,4 48,192,12.01,7,1.25,True,0,1.0,0,192,0,0,0,0,0,0,0,0,0,0,0,0.06255208333333333,12.01,0.0,False,False
192,4 48,192,12.01,7,1.25,True,500,0.9583333333333334,0,164,28,0,0,0,0,0,0,0,0,0,28,0.10421874999999999,20.009999999999998,0.0,True,False
192,4 48,192,12.01,7,1.25,True,1000,0.8541666666666666,0,144,48,0,0,0,0,0,0,0,0,0,48,0.20838541666666666,40.01,0.0,True,False
192,4 48,192,12.01,7,1.25,True,1500,0.7291666666666666,0,120,72,0,0,0,0,0,0,0,0,0,72,0.3333854166666666,64.00999999999999,0.0,True,False
192,4 48,192,12.01,7,1.25,True,2000,0.3958333333333333,0,56,136,0,0,0,0,0,0,0,0,0,136,0.6667187499999999,128.01,0.0,True,False
192,4 48,192,12.01,7,1.25,True,2500,0.1875,0,16,176,0,0,0,0,0,0,0,0,0,176,0.8750520833333333,168.01,0.0,True,False
192,4 48,192,12.01,7,1.25,True,3000,0.07291666666666667,0,4,188,0,0,0,0,0,0,0,0,0,188,0.9896354166666667,190.01,0.0,True,False
192,4 48,192,12.01,7,1.25,True,3500,0.07291666666666667,0,4,188,0,0,0,0,0,0,0,0,0,188,0.9896354166666667,190.01,0.0,True,False
192,4 48,192,12.01,7,1.25,True,4000,0.07291666666666667,0,4,188,0,0,0,0,0,0,0,0,0,188,0.9896354166666667,190.01,0.0,True,False
192,4 48,192,12.01,7,1.25,True,4500,0.07291666666666667,0,4,188,0,0,0,0,0,0,0,0,0,188,0.9896354166666667,190.01,0.0,True,False
192,4 48,192,12.01,7,1.25,True,5000,0.10416666666666667,0,2,188,2,0,0,0,0,0,1,2,2,188,0.9583854166666667,184.01,0.0,True,False
192,4 48,192,12.01,7,1.25,True,5500,0.07291666666666667,0,4,188,0,0,0,0,0,0,0,0,0,188,0.9896354166666667,190.01,0.0,True,False
192,4 48,192,12.01,7,1.25,True,6000,0.07291666666666667,0,4,188,0,0,0,0,0,0,0,0,0,188,0.9896354166666667,190.01,0.0,True,False
192,4 48,192,12.01,7,1.25,True,6500,0.07291666666666667,0,4,188,0,0,0,0,0,0,0,0,0,188,0.9896354166666667,190.01,0.0,True,False
192,4 48,192,12.01,7,1.25,True,7000,0.10416666666666667,0,0,192,0,0,0,0,0,0,0,0,0,192,0.9583854166666667,184.01,0.0,True,False
192,4 48,192,12.01,7,1.25,True,7500,0.10416666666666667,0,0,192,0,0,0,0,0,0,0,0,0,192,0.9583854166666667,184.01,0.0,True,False
192,4 48,192,12.01,7,1.25,True,8000,0.07291666666666667,0,4,188,0,0,0,0,0,0,0,0,0,188,0.9896354166666667,190.01,0.0,True,False
192,4 48,192,12.01,7,1.25,True,8500,0.10416666666666667,0,0,192,0,0,0,0,0,0,0,0,0,192,0.9583854166666667,184.01,0.0,True,False
192,4 48,192,12.01,7,1.25,True,9000,0.10416666666666667,0,2,188,2,0,0,0,0,0,1,2,2,188,0.9583854166666667,184.01,0.0,True,False
192,4 48,192,12.01,7,1.25,True,9500,0.07291666666666667,0,4,188,0,0,0,0,0,0,0,0,0,188,0.9896354166666667,190.01,0.0,True,False
192,4 48,192,12.01,7,1.25,True,10000,0.10416666666666667,0,2,188,2,0,0,0,0,0,1,2,2,188,0.9583854166666667,184.01,0.0,True,False
192,4 48,192,12.01,7,1.25,True,10500,0.07291666666666667,0,4,188,0,0,0,0,0,0,0,0,0,188,0.9896354166666667,190.01,0.0,True,False
192,4 48,192,12.01,7,1.25,True,11000,0.10416666666666667,0,2,188,2,0,0,0,0,0,1,2,2,188,0.9583854166666667,184.01,0.0,True,False
192,4 48,192,12.01,7,1.25,True,11500,0.07291666666666667,0,4,188,0,0,0,0,0,0,0,0,0,188,0.9896354166666667,190.01,0.0,True,False
192,4 48,192,12.01,7,1.25,True,12000,0.07291666666666667,0,4,188,0,0,0,0,0,0,0,0,0,188,0.9896354166666667,190.01,0.0,True,False
192,4 48,192,12.01,7,1.25,True,12500,0.07291666666666667,0,4,188,0,0,0,0,0,0,0,0,0,188,0.9896354166666667,190.01,0.0,True,False
192,4 48,192,12.01,7,1.25,True,13000,0.07291666666666667,0,4,188,0,0,0,0,0,0,0,0,0,188,0.9896354166666667,190.01,0.0,True,False
192,4 48,192,12.01,7,1.25,True,13500,0.14583333333333334,0,8,184,0,0,0,0,0,0,0,0,0,184,0.9167187499999999,176.01,0.0,True,False
192,4 48,192,12.01,7,1.25,True,14000,0.07291666666666667,0,4,188,0,0,0,0,0,0,0,0,0,188,0.9896354166666667,190.01,0.0,True,False
192,4 48,192,12.01,7,1.25,True,14500,0.10416666666666667,0,2,188,2,0,0,0,0,0,1,2,2,188,0.9583854166666667,184.01,0.0,True,False
192,4 48,192,12.01,7,1.25,True,15000,0.125,0,5,186,1,0,0,0,0,0,1,1,1,186,0.9375520833333333,180.01,0.0,True,False
192,4 48,192,12.01,7,1.25,True,15500,0.1875,0,3,182,7,0,0,0,0,0,1,7,7,182,0.8750520833333333,168.01,0.0,True,False
192,4 48,192,12.01,7,1.25,True,16000,0.07291666666666667,0,4,188,0,0,0,0,0,0,0,0,0,188,0.9896354166666667,190.01,0.0,True,False
192,4 48,192,12.01,7,1.25,True,16500,0.07291666666666667,0,4,188,0,0,0,0,0,0,0,0,0,188,0.9896354166666667,190.01,0.0,True,False
192,4 48,192,12.01,7,1.25,True,17000,0.0,0,0,192,0,0,0,0,0,0,0,0,0,192,1.0625520833333333,204.01,0.0,True,False
192,4 48,192,12.01,7,1.25,True,17500,0.10416666666666667,0,0,192,0,0,0,0,0,0,0,0,0,192,0.9583854166666667,184.01,0.0,True,False
192,4 48,192,12.01,7,1.25,True,18000,0.16145833333333334,0,2,184,6,0,0,0,0,0,1,6,6,184,0.9010937499999999,173.01,0.0,True,False
192,4 48,192,12.01,7,1.25,True,18500,0.18229166666666666,0,6,180,6,0,0,0,0,0,1,6,6,178,0.8802604166666667,169.01,0.0,True,False
192,4 48,192,12.01,7,1.25,True,19000,0.10416666666666667,0,2,188,2,0,0,0,0,0,1,2,2,188,0.9583854166666667,184.01,0.0,True,False
192,4 48,192,12.01,7,1.25,True,19500,0.10416666666666667,0,0,192,0,0,0,0,0,0,0,0,0,192,0.9583854166666667,184.01,0.0,True,False
192,4 48,192,12.01,7,1.25,True,20000,0.10416666666666667,0,2,188,2,0,0,0,0,0,1,2,2,188,0.9583854166666667,184.01,0.0,True,False
192,4 48,192,12.01,7,1.25,True,20500,0.10416666666666667,0,2,188,2,0,0,0,0,0,1,2,2,188,0.9583854166666667,184.01,0.0,True,False
192,4 48,192,12.01,7,1.25,True,21000,0.07291666666666667,0,4,188,0,0,0,0,0,0,0,0,0,188,0.9896354166666667,190.01,0.0,True,False
192,4 48,192,12.01,7,1.25,True,21500,0.0,0,0,192,0,0,0,0,0,0,0,0,0,192,1.0625520833333333,204.01,0.0,True,False
192,4 48,192,12.01,7,1.25,True,22000,0.07291666666666667,0,4,188,0,0,0,0,0,0,0,0,0,188,0.9896354166666667,190.01,0.0,True,False
192,4 48,192,12.01,7,1.25,True,22500,0.07291666666666667,0,4,188,0,0,0,0,0,0,0,0,0,188,0.9896354166666667,190.01,0.0,True,False
192,4 48,192,12.01,7,1.25,True,23000,0.125,0,4,188,0,0,0,0,0,0,0,0,0,188,0.9375520833333333,180.01,0.0,True,False
192,4 48,192,12.01,7,1.25,True,23500,0.07291666666666667,0,4,188,0,0,0,0,0,0,0,0,0,188,0.9896354166666667,190.01,0.0,True,False
192,4 48,192,12.01,7,1.25,True,24000,0.10416666666666667,0,2,188,2,0,0,0,0,0,1,2,2,188,0.9583854166666667,184.01,0.0,True,False
192,4 48,192,12.01,7,1.25,True,24500,0.10416666666666667,0,2,188,2,0,0,0,0,0,1,2,2,188,0.9583854166666667,184.01,0.0,True,False
192,4 48,192,12.01,7,1.25,True,25000,0.07291666666666667,0,4,188,0,0,0,0,0,0,0,0,0,188,0.9896354166666667,190.01,0.0,True,False
192,4 48,192,12.01,7,1.25,True,25500,0.07291666666666667,0,4,188,0,0,0,0,0,0,0,0,0,188,0.9896354166666667,190.01,0.0,True,False
192,4 48,192,12.01,7,1.25,True,26000,0.07291666666666667,0,4,188,0,0,0,0,0,0,0,0,0,188,0.9896354166666667,190.01,0.0,True,False
192,4 48,192,12.01,7,1.25,True,26500,0.07291666666666667,0,4,188,0,0,0,0,0,0,0,0,0,188,0.9896354166666667,190.01,0.0,True,False
192,4 48,192,12.01,7,1.25,True,27000,0.10416666666666667,0,0,192,0,0,0,0,0,0,0,0,0,192,0.9583854166666667,184.01,0.0,True,False
192,4 48,192,12.01,7,1.25,True,27500,0.07291666666666667,0,4,188,0,0,0,0,0,0,0,0,0,188,0.9896354166666667,190.01,0.0,True,False
192,4 48,192,12.01,7,1.25,True,28000,0.07291666666666667,0,4,188,0,0,0,0,0,0,0,0,0,188,0.9896354166666667,190.01,0.0,True,False
192,4 48,192,12.01,7,1.25,True,28500,0.125,0,5,186,1,0,0,0,0,0,1,1,1,186,0.9375520833333333,180.01,0.0,True,False
192,4 48,192,12.01,7,1.25,True,29000,0.10416666666666667,0,2,188,2,0,0,0,0,0,1,2,2,188,0.9583854166666667,184.01,0.0,True,False
192,4 48,192,12.01,7,1.25,True,29500,0.07291666666666667,0,4,188,0,0,0,0,0,0,0,0,0,188,0.9896354166666667,190.01,0.0,True,False
192,4 48,192,12.01,7,1.25,True,30000,0.07291666666666667,0,4,188,0,0,0,0,0,0,0,0,0,188,0.9896354166666667,190.01,0.0,True,False
192,4 48,192,12.01,7,1.25,True,30500,0.07291666666666667,0,4,188,0,0,0,0,0,0,0,0,0,188,0.9896354166666667,190.01,0.0,True,False
192,4 48,192,12.01,7,1.25,True,31000,0.10416666666666667,0,2,188,2,0,0,0,0,0,1,2,2,188,0.9583854166666667,184.01,0.0,True,False
192,4 48,192,12.01,7,1.25,True,31500,0.10416666666666667,0,2,188,2,0,0,0,0,0,1,2,2,188,0.9583854166666667,184.01,0.0,True,False
192,4 48,192,12.01,7,1.25,True,32000,0.10416666666666667,0,2,188,2,0,0,0,0,0,1,2,2,188,0.9583854166666667,184.01,0.0,True,False
192,4 48,192,12.01,7,1.25,True,32500,0.07291666666666667,0,4,188,0,0,0,0,0,0,0,0,0,188,0.9896354166666667,190.01,0.0,True,False
192,4 48,192,12.01,7,1.25,True,33000,0.125,0,4,188,0,0,0,0,0,0,0,0,0,188,0.9375520833333333,180.01,0.0,True,False
192,4 48,192,12.01,7,1.25,True,33500,0.07291666666666667,0,4,188,0,0,0,0,0,0,0,0,0,188,0.9896354166666667,190.01,0.0,True,False
192,4 48,192,12.01,7,1.25,True,34000,0.07291666666666667,0,4,188,0,0,0,0,0,0,0,0,0,188,0.9896354166666667,190.01,0.0,True,False
192,4 48,192,12.01,7,1.25,True,34500,0.10416666666666667,0,0,192,0,0,0,0,0,0,0,0,0,192,0.9583854166666667,184.01,0.0,True,False
192,4 48,192,12.01,7,1.25,True,35000,0.07291666666666667,0,4,188,0,0,0,0,0,0,0,0,0,188,0.9896354166666667,190.01,0.0,True,False
192,4 48,192,12.01,7,1.25,True,35500,0.10416666666666667,0,2,188,2,0,0,0,0,0,1,2,2,188,0.9583854166666667,184.01,0.0,True,False
192,4 48,192,12.01,7,1.25,True,36000,0.07291666666666667,0,4,188,0,0,0,0,0,0,0,0,0,188,0.9896354166666667,190.01,0.0,True,False
192,4 48,192,12.01,7,1.25,True,36500,0.10416666666666667,0,2,188,2,0,0,0,0,0,1,2,2,188,0.9583854166666667,184.01,0.0,True,False
192,4 48,192,12.01,7,1.25,True,37000,0.07291666666666667,0,4,188,0,0,0,0,0,0,0,0,0,188,0.9896354166666667,190.01,0.0,True,False
192,4 48,192,12.01,7,1.25,True,37500,0.14583333333333334,0,8,184,0,0,0,0,0,0,0,0,0,184,0.9167187499999999,176.01,0.0,True,False
192,4 48,192,12.01,7,1.25,True,38000,0.18229166666666666,0,4,184,4,0,0,0,0,0,1,4,4,184,0.8802604166666667,169.01,0.0,True,False
192,4 48,192,12.01,7,1.25,True,38500,0.0,0,0,192,0,0,0,0,0,0,0,0,0,192,1.0625520833333333,204.01,0.0,True,False
192,4 48,192,12.01,7,1.25,True,39000,0.125,0,5,186,1,0,0,0,0,0,1,1,1,186,0.9375520833333333,180.01,0.0,True,False
192,4 48,192,12.01,7,1.25,True,39500,0.14583333333333334,0,8,184,0,0,0,0,0,0,0,0,0,184,0.9167187499999999,176.01,0.0,True,False
192,4 48,192,12.01,7,1.25,True,40000,0.07291666666666667,0,4,188,0,0,0,0,0,0,0,0,0,188,0.9896354166666667,190.01,0.0,True,False
192,4 48,192,12.01,7,1.25,True,40500,0.07291666666666667,0,4,188,0,0,0,0,0,0,0,0,0,188,0.9896354166666667,190.01,0.0,True,False
192,4 48,192,12.01,7,1.25,True,41000,0.07291666666666667,0,4,188,0,0,0,0,0,0,0,0,0,188,0.9896354166666667,190.01,0.0,True,False
192,4 48,192,12.01,7,1.25,True,41500,0.10416666666666667,0,2,188,2,0,0,0,0,0,1,2,2,188,0.9583854166666667,184.01,0.0,True,False
192,4 48,192,12.01,7,1.25,True,42000,0.07291666666666667,0,4,188,0,0,0,0,0,0,0,0,0,188,0.9896354166666667,190.01,0.0,True,False
192,4 48,192,12.01,7,1.25,True,42500,0.10416666666666667,0,2,188,2,0,0,0,0,0,1,2,2,188,0.9583854166666667,184.01,0.0,True,False
192,4 48,192,12.01,7,1.25,True,43000,0.125,0,5,186,1,0,0,0,0,0,1,1,1,186,0.9375520833333333,180.01,0.0,True,False
192,4 48,192,12.01,7,1.25,True,43500,0.10416666666666667,0,0,192,0,0,0,0,0,0,0,0,0,192,0.9583854166666667,184.01,0.0,True,False
192,4 48,192,12.01,7,1.25,True,44000,0.10416666666666667,0,0,192,0,0,0,0,0,0,0,0,0,192,0.9583854166666667,184.01,0.0,True,False
192,4 48,192,12.01,7,1.25,True,44500,0.07291666666666667,0,4,188,0,0,0,0,0,0,0,0,0,188,0.9896354166666667,190.01,0.0,True,False
192,4 48,192,12.01,7,1.25,True,45000,0.07291666666666667,0,4,188,0,0,0,0,0,0,0,0,0,188,0.9896354166666667,190.01,0.0,True,False
192,4 48,192,12.01,7,1.25,True,45500,0.07291666666666667,0,4,188,0,0,0,0,0,0,0,0,0,188,0.9896354166666667,190.01,0.0,True,False
192,4 48,192,12.01,7,1.25,True,46000,0.16145833333333334,0,2,184,6,0,0,0,0,0,1,6,6,184,0.9010937499999999,173.01,0.0,True,False
192,4 48,192,12.01,7,1.25,True,46500,0.07291666666666667,0,4,188,0,0,0,0,0,0,0,0,0,188,0.9896354166666667,190.01,0.0,True,False
192,4 48,192,12.01,7,1.25,True,47000,0.16145833333333334,0,2,184,6,0,0,0,0,0,1,6,6,184,0.9010937499999999,173.01,0.0,True,False
192,4 48,192,12.01,7,1.25,True,47500,0.07291666666666667,0,4,188,0,0,0,0,0,0,0,0,0,188,0.9896354166666667,190.01,0.0,True,False
192,4 48,192,12.01,7,1.25,True,48000,0.10416666666666667,0,2,188,2,0,0,0,0,0,1,2,2,188,0.9583854166666667,184.01,0.0,True,False
192,4 48,192,12.01,7,1.25,True,48500,0.10416666666666667,0,2,188,2,0,0,0,0,0,1,2,2,188,0.9583854166666667,184.01,0.0,True,False
192,4 48,192,12.01,7,1.25,True,49000,0.16145833333333334,0,2,184,6,0,0,0,0,0,1,6,6,184,0.9010937499999999,173.01,0.0,True,False
192,4 48,192,12.01,7,1.25,True,49500,0.1875,0,4,180,8,0,0,0,0,0,1,8,8,180,0.8750520833333333,168.01,0.0,True,False
192,4 48,192,12.01,7,1.25,True,50000,0.1875,0,4,180,8,0,0,0,0,0,1,8,8,180,0.8750520833333333,168.01,0.0,True,False
192,4 48,192,12.01,7,1.25,True,50500,0.1875,0,4,180,8,0,0,0,0,0,1,8,8,180,0.8750520833333333,168.01,0.0,True,False
192,4 48,192,12.01,7,1.25,True,51000,0.1875,0,4,180,8,0,0,0,0,0,1,8,8,180,0.8750520833333333,168.01,0.0,True,False
192,4 48,192,12.01,7,1.25,True,51500,0.1875,0,4,180,8,0,0,0,0,0,1,8,8,180,0.8750520833333333,168.01,0.0,True,False
192,4 48,192,12.01,7,1.25,True,52000,0.16145833333333334,0,2,184,6,0,0,0,0,0,1,6,6,184,0.9010937499999999,173.01,0.0,True,False
192,4 48,192,12.01,7,1.25,True,52500,0.16145833333333334,0,2,184,6,0,0,0,0,0,1,6,6,184,0.9010937499999999,173.01,0.0,True,False
192,4 48,192,12.01,7,1.25,True,53000,0.10416666666666667,0,2,188,2,0,0,0,0,0,1,2,2,188,0.9583854166666667,184.01,0.0,True,False
192,4 48,192,12.01,7,1.25,True,53500,0.07291666666666667,0,4,188,0,0,0,0,0,0,0,0,0,188,0.9896354166666667,190.01,0.0,True,False
192,4 48,192,12.01,7,1.25,True,54000,0.0,0,0,192,0,0,0,0,0,0,0,0,0,192,1.0625520833333333,204.01,0.0,True,False
192,4 48,192,12.01,7,1.25,True,54500,0.10416666666666667,0,2,188,2,0,0,0,0,0,1,2,2,188,0.9583854166666667,184.01,0.0,True,False
192,4 48,192,12.01,7,1.25,True,55000,0.10416666666666667,0,0,192,0,0,0,0,0,0,0,0,0,192,0.9583854166666667,184.01,0.0,True,False
192,4 48,192,12.01,7,1.25,True,55500,0.10416666666666667,0,2,188,2,0,0,0,0,0,1,2,2,188,0.9583854166666667,184.01,0.0,True,False
192,4 48,192,12.01,7,1.25,True,56000,0.10416666666666667,0,0,192,0,0,0,0,0,0,0,0,0,192,0.9583854166666667,184.01,0.0,True,False
192,4 48,192,12.01,7,1.25,True,56500,0.07291666666666667,0,4,188,0,0,0,0,0,0,0,0,0,188,0.9896354166666667,190.01,0.0,True,False
192,4 48,192,12.01,7,1.25,True,57000,0.07291666666666667,0,4,188,0,0,0,0,0,0,0,0,0,188,0.9896354166666667,190.01,0.0,True,False
192,4 48,192,12.01,7,1.25,True,57500,0.0,0,0,192,0,0,0,0,0,0,0,0,0,192,1.0625520833333333,204.01,0.0,True,False
192,4 48,192,12.01,7,1.25,True,58000,0.10416666666666667,0,2,188,2,0,0,0,0,0,1,2,2,188,0.9583854166666667,184.01,0.0,True,False
192,4 48,192,12.01,7,1.25,True,58500,0.07291666666666667,0,4,188,0,0,0,0,0,0,0,0,0,188,0.9896354166666667,190.01,0.0,True,False
192,4 48,192,12.01,7,1.25,True,59000,0.10416666666666667,0,2,188,2,0,0,0,0,0,1,2,2,188,0.9583854166666667,184.01,0.0,True,False
192,4 48,192,12.01,7,1.25,True,59500,0.07291666666666667,0,4,188,0,0,0,0,0,0,0,0,0,188,0.9896354166666667,190.01,0.0,True,False
192,4 48,192,12.01,7,1.25,True,60000,0.07291666666666667,0,4,188,0,0,0,0,0,0,0,0,0,188,0.9896354166666667,190.01,0.0,True,False
192,4 48,192,12.01,7,1.25,True,60500,0.10416666666666667,0,2,188,2,0,0,0,0,0,1,2,2,188,0.9583854166666667,184.01,0.0,True,False
192,4 48,192,12.01,7,1.25,True,61000,0.0,0,0,192,0,0,0,0,0,0,0,0,0,192,1.0625520833333333,204.01,0.0,True,False
192,4 48,192,12.01,7,1.25,True,61500,0.07291666666666667,0,4,188,0,0,0,0,0,0,0,0,0,188,0.9896354166666667,190.01,0.0,True,False
192,4 48,192,12.01,7,1.25,True,62000,0.07291666666666667,0,4,188,0,0,0,0,0,0,0,0,0,188,0.9896354166666667,190.01,0.0,True,False
192,4 48,192,12.01,7,1.25,True,62500,0.07291666666666667,0,4,188,0,0,0,0,0,0,0,0,0,188,0.9896354166666667,190.01,0.0,True,False
192,4 48,192,12.01,7,1.25,True,63000,0.07291666666666667,0,4,188,0,0,0,0,0,0,0,0,0,188,0.9896354166666667,190.01,0.0,True,False
192,4 48,192,12.01,7,1.25,True,63500,0.07291666666666667,0,4,188,0,0,0,0,0,0,0,0,0,188,0.9896354166666667,190.01,0.0,True,False
192,4 48,192,12.01,7,1.25,True,64000,0.10416666666666667,0,2,188,2,0,0,0,0,0,1,2,2,188,0.9583854166666667,184.01,0.0,True,False
192,4 48,192,12.01,7,1.25,True,64500,0.07291666666666667,0,4,188,0,0,0,0,0,0,0,0,0,188,0.9896354166666667,190.01,0.0,True,False
192,4 48,192,12.01,7,1.25,True,65000,0.07291666666666667,0,4,188,0,0,0,0,0,0,0,0,0,188,0.9896354166666667,190.01,0.0,True,False
192,4 48,192,12.01,7,1.25,True,65500,0.07291666666666667,0,4,188,0,0,0,0,0,0,0,0,0,188,0.9896354166666667,190.01,0.0,True,False
192,4 48,192,12.01,7,1.25,True,66000,0.07291666666666667,0,4,188,0,0,0,0,0,0,0,0,0,188,0.9896354166666667,190.01,0.0,True,False
192,4 48,192,12.01,7,1.25,True,66500,0.10416666666666667,0,0,192,0,0,0,0,0,0,0,0,0,192,0.9583854166666667,184.01,0.0,True,False
192,4 48,192,12.01,7,1.25,True,67000,0.07291666666666667,0,4,188,0,0,0,0,0,0,0,0,0,188,0.9896354166666667,190.01,0.0,True,False
192,4 48,192,12.01,7,1.25,True,67500,0.10416666666666667,0,2,188,2,0,0,0,0,0,1,2,2,188,0.9583854166666667,184.01,0.0,True,False
192,4 48,192,12.01,7,1.25,True,68000,0.125,0,5,186,1,0,0,0,0,0,1,1,1,186,0.9375520833333333,180.01,0.0,True,False
192,4 48,192,12.01,7,1.25,True,68500,0.10416666666666667,0,2,188,2,0,0,0,0,0,1,2,2,188,0.9583854166666667,184.01,0.0,True,False
192,4 48,192,12.01,7,1.25,True,69000,0.0,0,0,192,0,0,0,0,0,0,0,0,0,192,1.0625520833333333,204.01,0.0,True,False
192,4 48,192,12.01,7,1.25,True,69500,0.10416666666666667,0,2,188,2,0,0,0,0,0,1,2,2,188,0.9583854166666667,184.01,0.0,True,False
192,4 48,192,12.01,7,1.25,True,70000,0.10416666666666667,0,0,192,0,0,0,0,0,0,0,0,0,192,0.9583854166666667,184.01,0.0,True,False
192,4 48,192,12.01,7,1.25,True,70500,0.07291666666666667,0,4,188,0,0,0,0,0,0,0,0,0,188,0.9896354166666667,190.01,0.0,True,False
192,4 48,192,12.01,7,1.25,True,71000,0.07291666666666667,0,4,188,0,0,0,0,0,0,0,0,0,188,0.9896354166666667,190.01,0.0,True,False
192,4 48,192,12.01,7,1.25,True,71500,0.07291666666666667,0,4,188,0,0,0,0,0,0,0,0,0,188,0.9896354166666667,190.01,0.0,True,False
192,4 48,192,12.01,7,1.25,True,72000,0.07291666666666667,0,4,188,0,0,0,0,0,0,0,0,0,188,0.9896354166666667,190.01,0.0,True,False
192,4 48,192,12.01,7,1.25,True,72500,0.07291666666666667,0,4,188,0,0,0,0,0,0,0,0,0,188,0.9896354166666667,190.01,0.0,True,False
192,4 48,192,12.01,7,1.25,True,73000,0.07291666666666667,0,4,188,0,0,0,0,0,0,0,0,0,188,0.9896354166666667,190.01,0.0,True,False
192,4 48,192,12.01,7,1.25,True,73500,0.07291666666666667,0,4,188,0,0,0,0,0,0,0,0,0,188,0.9896354166666667,190.01,0.0,True,False
192,4 48,192,12.01,7,1.25,True,74000,0.0,0,0,192,0,0,0,0,0,0,0,0,0,192,1.0625520833333333,204.01,0.0,True,False
192,4 48,192,12.01,7,1.25,True,74500,0.07291666666666667,0,4,188,0,0,0,0,0,0,0,0,0,188,0.9896354166666667,190.01,0.0,True,False
192,4 48,192,12.01,7,1.25,True,75000,0.07291666666666667,0,4,188,0,0,0,0,0,0,0,0,0,188,0.9896354166666667,190.01,0.0,True,False
192,4 48,192,12.01,7,1.25,True,75500,0.07291666666666667,0,4,188,0,0,0,0,0,0,0,0,0,188,0.9896354166666667,190.01,0.0,True,False
192,4 48,192,12.01,7,1.25,True,76000,0.10416666666666667,0,0,192,0,0,0,0,0,0,0,0,0,192,0.9583854166666667,184.01,0.0,True,False
192,4 48,192,12.01,7,1.25,True,76500,0.10416666666666667,0,2,188,2,0,0,0,0,0,1,2,2,188,0.9583854166666667,184.01,0.0,True,False
192,4 48,192,12.01,7,1.25,True,77000,0.07291666666666667,0,4,188,0,0,0,0,0,0,0,0,0,188,0.9896354166666667,190.01,0.0,True,False
192,4 48,192,12.01,7,1.25,True,77500,0.07291666666666667,0,4,188,0,0,0,0,0,0,0,0,0,188,0.9896354166666667,190.01,0.0,True,False
192,4 48,192,12.01,7,1.25,True,78000,0.10416666666666667,0,0,192,0,0,0,0,0,0,0,0,0,192,0.9583854166666667,184.01,0.0,True,False
192,4 48,192,12.01,7,1.25,True,78500,0.07291666666666667,0,4,188,0,0,0,0,0,0,0,0,0,188,0.9896354166666667,190.01,0.0,True,False
192,4 48,192,12.01,7,1.25,True,79000,0.07291666666666667,0,4,188,0,0,0,0,0,0,0,0,0,188,0.9896354166666667,190.01,0.0,True,False
192,4 48,192,12.01,7,1.25,True,79500,0.0,0,0,192,0,0,0,0,0,0,0,0,0,192,1.0625520833333333,204.01,0.0,True,False
192,4 48,192,12.01,7,1.25,True,80000,0.07291666666666667,0,4,188,0,0,0,0,0,0,0,0,0,188,0.9896354166666667,190.01,0.0,True,False
192,4 48,192,12.01,7,1.25,True,80500,0.07291666666666667,0,4,188,0,0,0,0,0,0,0,0,0,188,0.9896354166666667,190.01,0.0,True,False
192,4 48,192,12.01,7,1.25,True,81000,0.10416666666666667,0,2,188,2,0,0,0,0,0,1,2,2,188,0.9583854166666667,184.01,0.0,True,False
192,4 48,192,12.01,7,1.25,True,81500,0.07291666666666667,0,4,188,0,0,0,0,0,0,0,0,0,188,0.9896354166666667,190.01,0.0,True,False
192,4 48,192,12.01,7,1.25,True,82000,0.07291666666666667,0,4,188,0,0,0,0,0,0,0,0,0,188,0.9896354166666667,190.01,0.0,True,False
192,4 48,192,12.01,7,1.25,True,82500,0.0,0,0,192,0,0,0,0,0,0,0,0,0,192,1.0625520833333333,204.01,0.0,True,False
192,4 48,192,12.01,7,1.25,True,83000,0.07291666666666667,0,4,188,0,0,0,0,0,0,0,0,0,188,0.9896354166666667,190.01,0.0,True,False
192,4 48,192,12.01,7,1.25,True,83500,0.125,0,4,188,0,0,0,0,0,0,0,0,0,188,0.9375520833333333,180.01,0.0,True,False
192,4 48,192,12.01,7,1.25,True,84000,0.0,0,0,192,0,0,0,0,0,0,0,0,0,192,1.0625520833333333,204.01,0.0,True,False
192,4 48,192,12.01,7,1.25,True,84500,0.10416666666666667,0,0,192,0,0,0,0,0,0,0,0,0,192,0.9583854166666667,184.01,0.0,True,False
192,4 48,192,12.01,7,1.25,True,85000,0.10416666666666667,0,2,188,2,0,0,0,0,0,1,2,2,188,0.9583854166666667,184.01,0.0,True,False
192,4 48,192,12.01,7,1.25,True,85500,0.07291666666666667,0,4,188,0,0,0,0,0,0,0,0,0,188,0.9896354166666667,190.01,0.0,True,False
192,4 48,192,12.01,7,1.25,True,86000,0.07291666666666667,0,4,188,0,0,0,0,0,0,0,0,0,188,0.9896354166666667,190.01,0.0,True,False
192,4 48,192,12.01,7,1.25,True,86500,0.10416666666666667,0,2,188,2,0,0,0,0,0,1,2,2,188,0.9583854166666667,184.01,0.0,True,False
192,4 48,192,12.01,7,1.25,True,87000,0.07291666666666667,0,4,188,0,0,0,0,0,0,0,0,0,188,0.9896354166666667,190.01,0.0,True,False
192,4 48,192,12.01,7,1.25,True,87500,0.10416666666666667,0,0,192,0,0,0,0,0,0,0,0,0,192,0.9583854166666667,184.01,0.0,True,False
192,4 48,192,12.01,7,1.25,True,88000,0.10416666666666667,0,2,188,2,0,0,0,0,0,1,2,2,188,0.9583854166666667,184.01,0.0,True,False
192,4 48,192,12.01,7,1.25,True,88500,0.125,0,5,186,1,0,0,0,0,0,1,1,1,186,0.9375520833333333,180.01,0.0,True,False
192,4 48,192,12.01,7,1.25,True,89000,0.07291666666666667,0,4,188,0,0,0,0,0,0,0,0,0,188,0.9896354166666667,190.01,0.0,True,False
192,4 48,192,12.01,7,1.25,True,89500,0.07291666666666667,0,4,188,0,0,0,0,0,0,0,0,0,188,0.9896354166666667,190.01,0.0,True,False
192,4 48,192,12.01,7,1.25,True,90000,0.10416666666666667,0,2,188,2,0,0,0,0,0,1,2,2,188,0.9583854166666667,184.01,0.0,True,False
192,4 48,192,12.01,7,1.25,True,90500,0.07291666666666667,0,4,188,0,0,0,0,0,0,0,0,0,188,0.9896354166666667,190.01,0.0,True,False
192,4 48,192,12.01,7,1.25,True,91000,0.14583333333333334,0,8,184,0,0,0,0,0,0,0,0,0,184,0.9167187499999999,176.01,0.0,True,False
192,4 48,192,12.01,7,1.25,True,91500,0.07291666666666667,0,4,188,0,0,0,0,0,0,0,0,0,188,0.9896354166666667,190.01,0.0,True,False
192,4 48,192,12.01,7,1.25,True,92000,0.10416666666666667,0,0,192,0,0,0,0,0,0,0,0,0,192,0.9583854166666667,184.01,0.0,True,False
192,4 48,192,12.01,7,1.25,True,92500,0.07291666666666667,0,4,188,0,0,0,0,0,0,0,0,0,188,0.9896354166666667,190.01,0.0,True,False
192,4 48,192,12.01,7,1.25,True,93000,0.07291666666666667,0,4,188,0,0,0,0,0,0,0,0,0,188,0.9896354166666667,190.01,0.0,True,False
192,4 48,192,12.01,7,1.25,True,93500,0.14583333333333334,0,8,184,0,0,0,0,0,0,0,0,0,184,0.9167187499999999,176.01,0.0,True,False
192,4 48,192,12.01,7,1.25,True,94000,0.125,0,5,186,1,0,0,0,0,0,1,1,1,186,0.9375520833333333,180.01,0.0,True,False
192,4 48,192,12.01,7,1.25,True,94500,0.0,0,0,192,0,0,0,0,0,0,0,0,0,192,1.0625520833333333,204.01,0.0,True,False
192,4 48,192,12.01,7,1.25,True,95000,0.10416666666666667,0,2,188,2,0,0,0,0,0,1,2,2,188,0.9583854166666667,184.01,0.0,True,False
192,4 48,192,12.01,7,1.25,True,95500,0.0,0,0,192,0,0,0,0,0,0,0,0,0,192,1.0625520833333333,204.01,0.0,True,False
192,4 48,192,12.01,7,1.25,True,96000,0.10416666666666667,0,2,188,2,0,0,0,0,0,1,2,2,188,0.9583854166666667,184.01,0.0,True,False
192,4 48,192,12.01,7,1.25,True,96500,0.0,0,0,192,0,0,0,0,0,0,0,0,0,192,1.0625520833333333,204.01,0.0,True,False
192,4 48,192,12.01,7,1.25,True,97000,0.07291666666666667,0,4,188,0,0,0,0,0,0,0,0,0,188,0.9896354166666667,190.01,0.0,True,False
192,4 48,192,12.01,7,1.25,True,97500,0.10416666666666667,0,2,188,2,0,0,0,0,0,1,2,2,188,0.9583854166666667,184.01,0.0,True,False
192,4 48,192,12.01,7,1.25,True,98000,0.0,0,0,192,0,0,0,0,0,0,0,0,0,192,1.0625520833333333,204.01,0.0,True,False
192,4 48,192,12.01,7,1.25,True,98500,0.07291666666666667,0,4,188,0,0,0,0,0,0,0,0,0,188,0.9896354166666667,190.01,0.0,True,False
192,4 48,192,12.01,7,1.25,True,99000,0.07291666666666667,0,4,188,0,0,0,0,0,0,0,0,0,188,0.9896354166666667,190.01,0.0,True,False
192,4 48,192,12.01,7,1.25,True,99500,0.07291666666666667,0,4,188,0,0,0,0,0,0,0,0,0,188,0.9896354166666667,190.01,0.0,True,False
192,4 48,192,12.01,7,1.25,True,100000,0.10416666666666667,0,0,192,0,0,0,0,0,0,0,0,0,192,0.9583854166666667,184.01,0.0,True,True
