N,L,lam,replica,t_cool,phase,block,fair_sweep,chain_sweep,open_sweeps,g,columns,others,n_d1,largest_d1,flat_share,h,opened,final
1024,256,1.25,28,,opening,0,0,0,37800,1.25,0,5,21,8,0.96875,88.0,True,False
1024,256,1.25,28,100000,cooling,1,250,2667,37800,1.244980611288459,0,7,18,8,0.97265625,68.0,True,False
1024,256,1.25,28,100000,cooling,2,500,5334,37800,1.239981377987348,0,6,20,8,0.97265625,62.0,True,False
1024,256,1.25,28,100000,cooling,3,750,8001,37800,1.2350022191623955,0,7,18,8,0.97265625,73.0,True,False
1024,256,1.25,28,100000,cooling,4,1000,10668,37800,1.230043054204322,0,6,20,8,0.97265625,62.0,True,False
1024,256,1.25,28,100000,cooling,5,1250,13335,37800,1.225103802827536,0,6,20,8,0.97265625,62.0,True,False
1024,256,1.25,28,100000,cooling,6,1500,16002,37800,1.2201843850688332,0,6,20,8,0.97265625,62.0,True,False
1024,256,1.25,28,100000,cooling,7,1750,18669,37800,1.2152847212861027,0,6,20,8,0.97265625,62.0,True,False
1024,256,1.25,28,100000,cooling,8,2000,21336,37800,1.2104047321570373,0,6,20,8,0.97265625,62.0,True,False
1024,256,1.25,28,100000,cooling,9,2250,24003,37800,1.2055443386778495,0,6,20,8,0.97265625,62.0,True,False
1024,256,1.25,28,100000,cooling,10,2500,26670,37800,1.200703462161992,0,6,20,8,0.97265625,62.0,True,False
1024,256,1.25,28,100000,cooling,11,2750,29337,37800,1.1958820242388848,0,6,20,8,0.97265625,62.0,True,False
1024,256,1.25,28,100000,cooling,12,3000,32004,37800,1.1910799468526452,0,6,20,8,0.97265625,62.0,True,False
1024,256,1.25,28,100000,cooling,13,3250,34671,37800,1.1862971522608252,0,6,20,8,0.97265625,62.0,True,False
1024,256,1.25,28,100000,cooling,14,3500,37338,37800,1.1815335630331523,0,6,20,8,0.97265625,62.0,True,False
1024,256,1.25,28,100000,cooling,15,3750,40005,37800,1.1767891020502759,0,6,20,8,0.97265625,62.0,True,False
1024,256,1.25,28,100000,cooling,16,4000,42672,37800,1.1720636925025194,0,6,20,8,0.97265625,62.0,True,False
1024,256,1.25,28,100000,cooling,17,4250,45339,37800,1.167357257888636,0,6,20,8,0.97265625,62.0,True,False
1024,256,1.25,28,100000,cooling,18,4500,48006,37800,1.1626697220145708,0,6,20,8,0.97265625,62.0,True,False
1024,256,1.25,28,100000,cooling,19,4750,50673,37800,1.1580010089922264,0,6,20,8,0.97265625,62.0,True,False
1024,256,1.25,28,100000,cooling,20,5000,53340,37800,1.1533510432382355,0,6,20,8,0.97265625,62.0,True,False
1024,256,1.25,28,100000,cooling,21,5250,56007,37800,1.1487197494727361,0,6,20,8,0.97265625,62.0,True,False
1024,256,1.25,28,100000,cooling,22,5500,58674,37800,1.144107052718154,0,6,20,8,0.97265625,62.0,True,False
1024,256,1.25,28,100000,cooling,23,5750,61341,37800,1.1395128782979878,0,6,20,8,0.97265625,62.0,True,False
1024,256,1.25,28,100000,cooling,24,6000,64008,37800,1.1349371518356002,0,6,20,8,0.97265625,62.0,True,False
1024,256,1.25,28,100000,cooling,25,6250,66675,37800,1.1303797992530145,0,6,20,8,0.97265625,62.0,True,False
1024,256,1.25,28,100000,cooling,26,6500,69342,37800,1.1258407467697147,0,6,20,8,0.97265625,62.0,True,False
1024,256,1.25,28,100000,cooling,27,6750,72009,37800,1.1213199209014517,0,6,20,8,0.97265625,62.0,True,False
1024,256,1.25,28,100000,cooling,28,7000,74676,37800,1.1168172484590526,0,6,20,8,0.97265625,62.0,True,False
1024,256,1.25,28,100000,cooling,29,7250,77343,37800,1.1123326565472371,0,6,20,8,0.97265625,62.0,True,False
1024,256,1.25,28,100000,cooling,30,7500,80010,37800,1.1078660725634357,0,6,20,8,0.97265625,62.0,True,False
1024,256,1.25,28,100000,cooling,31,7750,82677,37800,1.1034174241966164,0,6,20,8,0.97265625,62.0,True,False
1024,256,1.25,28,100000,cooling,32,8000,85344,37800,1.098986639426112,0,6,20,8,0.97265625,62.0,True,False
1024,256,1.25,28,100000,cooling,33,8250,88011,37800,1.0945736465204563,0,6,20,8,0.97265625,62.0,True,False
1024,256,1.25,28,100000,cooling,34,8500,90678,37800,1.0901783740362203,0,6,20,8,0.97265625,62.0,True,False
1024,256,1.25,28,100000,cooling,35,8750,93345,37800,1.0858007508168575,0,6,20,8,0.97265625,62.0,True,False
1024,256,1.25,28,100000,cooling,36,9000,96012,37800,1.0814407059915512,0,6,20,8,0.97265625,62.0,True,False
1024,256,1.25,28,100000,cooling,37,9250,98679,37800,1.0770981689740673,0,6,20,8,0.97265625,62.0,True,False
1024,256,1.25,28,100000,cooling,38,9500,101346,37800,1.0727730694616113,0,6,20,8,0.97265625,62.0,True,False
1024,256,1.25,28,100000,cooling,39,9750,104013,37800,1.0684653374336908,0,6,20,8,0.97265625,62.0,True,False
1024,256,1.25,28,100000,cooling,40,10000,106680,37800,1.0641749031509808,0,6,20,8,0.97265625,62.0,True,False
1024,256,1.25,28,100000,cooling,41,10250,109347,37800,1.0599016971541957,0,6,20,8,0.97265625,62.0,True,False
1024,256,1.25,28,100000,cooling,42,10500,112014,37800,1.0556456502629645,0,6,20,8,0.97265625,62.0,True,False
1024,256,1.25,28,100000,cooling,43,10750,114681,37800,1.0514066935747108,0,6,20,8,0.97265625,62.0,True,False
1024,256,1.25,28,100000,cooling,44,11000,117348,37800,1.0471847584635368,0,6,20,8,0.97265625,62.0,True,False
1024,256,1.25,28,100000,cooling,45,11250,120015,37800,1.0429797765791131,0,6,20,8,0.97265625,62.0,True,False
1024,256,1.25,28,100000,cooling,46,11500,122682,37800,1.0387916798455716,0,6,20,8,0.97265625,62.0,True,False
1024,256,1.25,28,100000,cooling,47,11750,125349,37800,1.034620400460404,0,6,20,8,0.97265625,62.0,True,False
1024,256,1.25,28,100000,cooling,48,12000,128016,37800,1.0304658708933632,0,6,20,8,0.97265625,62.0,True,False
1024,256,1.25,28,100000,cooling,49,12250,130683,37800,1.026328023885371,0,6,20,8,0.97265625,62.0,True,False
1024,256,1.25,28,100000,cooling,50,12500,133350,37800,1.0222067924474283,0,6,20,8,0.97265625,62.0,True,False
1024,256,1.25,28,100000,cooling,51,12750,136017,37800,1.0181021098595313,0,6,20,8,0.97265625,62.0,True,False
1024,256,1.25,28,100000,cooling,52,13000,138684,37800,1.0140139096695913,0,6,20,8,0.97265625,62.0,True,False
1024,256,1.25,28,100000,cooling,53,13250,141351,37800,1.0099421256923584,0,6,20,8,0.97265625,62.0,True,False
1024,256,1.25,28,100000,cooling,54,13500,144018,37800,1.0058866920083505,0,6,20,8,0.97265625,62.0,True,False
1024,256,1.25,28,100000,cooling,55,13750,146685,37800,1.0018475429627856,0,6,20,8,0.97265625,62.0,True,False
1024,256,1.25,28,100000,cooling,56,14000,149352,37800,0.9978246131645195,0,6,20,8,0.97265625,62.0,True,False
1024,256,1.25,28,100000,cooling,57,14250,152019,37800,0.993817837484987,0,6,20,8,0.97265625,62.0,True,False
1024,256,1.25,28,100000,cooling,58,14500,154686,37800,0.9898271510571468,0,6,20,8,0.97265625,62.0,True,False
1024,256,1.25,28,100000,cooling,59,14750,157353,37800,0.9858524892744324,0,6,20,8,0.97265625,62.0,True,False
1024,256,1.25,28,100000,cooling,60,15000,160020,37800,0.9818937877897055,0,6,20,8,0.97265625,62.0,True,False
1024,256,1.25,28,100000,cooling,61,15250,162687,37800,0.9779509825142143,0,6,20,8,0.97265625,62.0,True,False
1024,256,1.25,28,100000,cooling,62,15500,165354,37800,0.9740240096165564,0,6,20,8,0.97265625,62.0,True,False
1024,256,1.25,28,100000,cooling,63,15750,168021,37800,0.9701128055216451,0,6,20,8,0.97265625,62.0,True,False
1024,256,1.25,28,100000,cooling,64,16000,170688,37800,0.9662173069096798,0,6,20,8,0.97265625,62.0,True,False
1024,256,1.25,28,100000,cooling,65,16250,173355,37800,0.9623374507151214,0,6,20,8,0.97265625,62.0,True,False
1024,256,1.25,28,100000,cooling,66,16500,176022,37800,0.9584731741256712,0,6,20,8,0.97265625,62.0,True,False
1024,256,1.25,28,100000,cooling,67,16750,178689,37800,0.9546244145812542,0,6,20,8,0.97265625,62.0,True,False
1024,256,1.25,28,100000,cooling,68,17000,181356,37800,0.9507911097730058,0,6,20,8,0.97265625,62.0,True,False
1024,256,1.25,28,100000,cooling,69,17250,184023,37800,0.9469731976422633,0,6,20,8,0.97265625,62.0,True,False
1024,256,1.25,28,100000,cooling,70,17500,186690,37800,0.9431706163795612,0,6,20,8,0.97265625,62.0,True,False
1024,256,1.25,28,100000,cooling,71,17750,189357,37800,0.939383304423631,0,6,20,8,0.97265625,62.0,True,False
1024,256,1.25,28,100000,cooling,72,18000,192024,37800,0.9356112004604039,0,6,20,8,0.97265625,62.0,True,False
1024,256,1.25,28,100000,cooling,73,18250,194691,37800,0.9318542434220181,0,6,20,8,0.97265625,62.0,True,False
1024,256,1.25,28,100000,cooling,74,18500,197358,37800,0.9281123724858308,0,6,20,8,0.97265625,62.0,True,False
1024,256,1.25,28,100000,cooling,75,18750,200025,37800,0.9243855270734334,0,6,20,8,0.97265625,62.0,True,False
1024,256,1.25,28,100000,cooling,76,19000,202692,37800,0.9206736468496699,0,6,20,8,0.97265625,62.0,True,False
1024,256,1.25,28,100000,cooling,77,19250,205359,37800,0.9169766717216614,0,6,20,8,0.97265625,62.0,True,False
1024,256,1.25,28,100000,cooling,78,19500,208026,37800,0.9132945418378325,0,6,20,8,0.97265625,62.0,True,False
1024,256,1.25,28,100000,cooling,79,19750,210693,37800,0.9096271975869423,0,6,20,8,0.97265625,62.0,True,False
1024,256,1.25,28,100000,cooling,80,20000,213360,37800,0.9059745795971195,0,6,20,8,0.97265625,62.0,True,False
1024,256,1.25,28,100000,cooling,81,20250,216027,37800,0.9023366287349011,0,6,20,8,0.97265625,62.0,True,False
1024,256,1.25,28,100000,cooling,82,20500,218694,37800,0.8987132861042756,0,6,20,8,0.97265625,62.0,True,False
1024,256,1.25,28,100000,cooling,83,20750,221361,37800,0.8951044930457286,0,6,20,8,0.97265625,62.0,True,False
1024,256,1.25,28,100000,cooling,84,21000,224028,37800,0.891510191135294,0,6,20,8,0.97265625,62.0,True,False
1024,256,1.25,28,100000,cooling,85,21250,226695,37800,0.8879303221836075,0,6,20,8,0.97265625,62.0,True,False
1024,256,1.25,28,100000,cooling,86,21500,229362,37800,0.8843648282349647,0,6,20,8,0.97265625,62.0,True,False
1024,256,1.25,28,100000,cooling,87,21750,232029,37800,0.8808136515663835,0,6,20,8,0.97265625,62.0,True,False
1024,256,1.25,28,100000,cooling,88,22000,234696,37800,0.8772767346866686,0,6,20,8,0.97265625,62.0,True,False
1024,256,1.25,28,100000,cooling,89,22250,237363,37800,0.8737540203354816,0,6,20,8,0.97265625,62.0,True,False
1024,256,1.25,28,100000,cooling,90,22500,240030,37800,0.8702454514824132,0,6,20,8,0.97265625,62.0,True,False
1024,256,1.25,28,100000,cooling,91,22750,242697,37800,0.8667509713260606,0,6,20,8,0.97265625,62.0,True,False
1024,256,1.25,28,100000,cooling,92,23000,245364,37800,0.8632705232931076,0,6,20,8,0.97265625,62.0,True,False
1024,256,1.25,28,100000,cooling,93,23250,248031,37800,0.8598040510374089,0,6,20,8,0.97265625,62.0,True,False
1024,256,1.25,28,100000,cooling,94,23500,250698,37800,0.8563514984390774,0,6,20,8,0.97265625,62.0,True,False
1024,256,1.25,28,100000,cooling,95,23750,253365,37800,0.8529128096035763,0,6,20,8,0.97265625,62.0,True,False
1024,256,1.25,28,100000,cooling,96,24000,256032,37800,0.8494879288608139,0,6,20,8,0.97265625,62.0,True,False
1024,256,1.25,28,100000,cooling,97,24250,258699,37800,0.8460768007642425,0,6,20,8,0.97265625,62.0,True,False
1024,256,1.25,28,100000,cooling,98,24500,261366,37800,0.8426793700899603,0,6,20,8,0.97265625,62.0,True,False
1024,256,1.25,28,100000,cooling,99,24750,264033,37800,0.8392955818358179,0,6,20,8,0.97265625,62.0,True,False
1024,256,1.25,28,100000,cooling,100,25000,266700,37800,0.8359253812205275,0,6,20,8,0.97265625,62.0,True,False
1024,256,1.25,28,100000,cooling,101,25250,269367,37800,0.8325687136827764,0,6,20,8,0.97265625,62.0,True,False
1024,256,1.25,28,100000,cooling,102,25500,272034,37800,0.8292255248803432,0,6,20,8,0.97265625,62.0,True,False
1024,256,1.25,28,100000,cooling,103,25750,274701,37800,0.8258957606892183,0,6,20,8,0.97265625,62.0,True,False
1024,256,1.25,28,100000,cooling,104,26000,277368,37800,0.822579367202728,0,6,20,8,0.97265625,62.0,True,False
1024,256,1.25,28,100000,cooling,105,26250,280035,37800,0.8192762907306608,0,6,20,8,0.97265625,62.0,True,False
1024,256,1.25,28,100000,cooling,106,26500,282702,37800,0.8159864777983994,0,6,20,8,0.97265625,62.0,True,False
1024,256,1.25,28,100000,cooling,107,26750,285369,37800,0.8127098751460543,0,6,20,8,0.97265625,62.0,True,False
1024,256,1.25,28,100000,cooling,108,27000,288036,37800,0.8094464297276015,0,6,20,8,0.97265625,62.0,True,False
1024,256,1.25,28,100000,cooling,109,27250,290703,37800,0.806196088710024,0,6,20,8,0.97265625,62.0,True,False
1024,256,1.25,28,100000,cooling,110,27500,293370,37800,0.8029587994724563,0,6,20,8,0.97265625,62.0,True,False
1024,256,1.25,28,100000,cooling,111,27750,296037,37800,0.7997345096053327,0,6,20,8,0.97265625,62.0,True,False
1024,256,1.25,28,100000,cooling,112,28000,298704,37800,0.7965231669095385,0,6,20,8,0.97265625,62.0,True,False
1024,256,1.25,28,100000,cooling,113,28250,301371,37800,0.7933247193955651,0,6,20,8,0.97265625,62.0,True,False
1024,256,1.25,28,100000,cooling,114,28500,304038,37800,0.7901391152826688,0,6,20,8,0.97265625,62.0,True,False
1024,256,1.25,28,100000,cooling,115,28750,306705,37800,0.7869663029980313,0,6,20,8,0.97265625,62.0,True,False
1024,256,1.25,28,100000,cooling,116,29000,309372,37800,0.7838062311759262,0,6,20,8,0.97265625,62.0,True,False
1024,256,1.25,28,100000,cooling,117,29250,312039,37800,0.7806588486568862,0,6,20,8,0.97265625,62.0,True,False
1024,256,1.25,28,100000,cooling,118,29500,314706,37800,0.7775241044868758,0,6,20,8,0.97265625,62.0,True,False
1024,256,1.25,28,100000,cooling,119,29750,317373,37800,0.7744019479164659,0,6,20,8,0.97265625,62.0,True,False
1024,256,1.25,28,100000,cooling,120,30000,320040,37800,0.7712923284000122,0,6,20,8,0.97265625,62.0,True,False
1024,256,1.25,28,100000,cooling,121,30250,322707,37800,0.7681951955948367,0,6,20,8,0.97265625,62.0,True,False
1024,256,1.25,28,100000,cooling,122,30500,325374,37800,0.7651104993604136,0,6,20,8,0.97265625,62.0,True,False
1024,256,1.25,28,100000,cooling,123,30750,328041,37800,0.7620381897575568,0,6,20,8,0.97265625,62.0,True,False
1024,256,1.25,28,100000,cooling,124,31000,330708,37800,0.758978217047611,0,6,20,8,0.97265625,62.0,True,False
1024,256,1.25,28,100000,cooling,125,31250,333375,37800,0.7559305316916476,0,6,20,8,0.97265625,62.0,True,False
1024,256,1.25,28,100000,cooling,126,31500,336042,37800,0.7528950843496618,0,6,20,8,0.97265625,62.0,True,False
1024,256,1.25,28,100000,cooling,127,31750,338709,37800,0.7498718258797743,0,6,20,8,0.97265625,62.0,True,False
1024,256,1.25,28,100000,cooling,128,32000,341376,37800,0.7468607073374355,0,6,20,8,0.97265625,62.0,True,False
1024,256,1.25,28,100000,cooling,129,32250,344043,37800,0.7438616799746329,0,6,20,8,0.97265625,62.0,True,False
1024,256,1.25,28,100000,cooling,130,32500,346710,37800,0.740874695239103,0,6,20,8,0.97265625,62.0,True,False
1024,256,1.25,28,100000,cooling,131,32750,349377,37800,0.7378997047735432,0,6,20,8,0.97265625,62.0,True,False
1024,256,1.25,28,100000,cooling,132,33000,352044,37800,0.7349366604148315,0,6,20,8,0.97265625,62.0,True,False
1024,256,1.25,28,100000,cooling,133,33250,354711,37800,0.7319855141932443,0,6,20,8,0.97265625,62.0,True,False
1024,256,1.25,28,100000,cooling,134,33500,357378,37800,0.7290462183316819,0,6,20,8,0.97265625,62.0,True,False
1024,256,1.25,28,100000,cooling,135,33750,360045,37800,0.7261187252448933,0,6,20,8,0.97265625,62.0,True,False
1024,256,1.25,28,100000,cooling,136,34000,362712,37800,0.723202987538707,0,6,20,8,0.97265625,62.0,True,False
1024,256,1.25,28,100000,cooling,137,34250,365379,37800,0.7202989580092635,0,6,20,8,0.97265625,62.0,True,False
1024,256,1.25,28,100000,cooling,138,34500,368046,37800,0.7174065896422505,0,6,20,8,0.97265625,62.0,True,False
1024,256,1.25,28,100000,cooling,139,34750,370713,37800,0.714525835612142,0,6,20,8,0.97265625,62.0,True,False
1024,256,1.25,28,100000,cooling,140,35000,373380,37800,0.7116566492814413,0,6,20,8,0.97265625,62.0,True,False
1024,256,1.25,28,100000,cooling,141,35250,376047,37800,0.7087989841999242,0,6,20,8,0.97265625,62.0,True,False
1024,256,1.25,28,100000,cooling,142,35500,378714,37800,0.7059527941038883,0,6,20,8,0.97265625,62.0,True,False
1024,256,1.25,28,100000,cooling,143,35750,381381,37800,0.7031180329154036,0,6,20,8,0.97265625,62.0,True,False
1024,256,1.25,28,100000,cooling,144,36000,384048,37800,0.7002946547415665,0,6,20,8,0.97265625,62.0,True,False
1024,256,1.25,28,100000,cooling,145,36250,386715,37800,0.6974826138737565,0,6,20,8,0.97265625,62.0,True,False
1024,256,1.25,28,100000,cooling,146,36500,389382,37800,0.6946818647868973,0,6,20,8,0.97265625,62.0,True,False
1024,256,1.25,28,100000,cooling,147,36750,392049,37800,0.6918923621387185,0,6,20,8,0.97265625,62.0,True,False
1024,256,1.25,28,100000,cooling,148,37000,394716,37800,0.689114060769022,0,6,20,8,0.97265625,62.0,True,False
1024,256,1.25,28,100000,cooling,149,37250,397383,37800,0.6863469156989515,0,6,20,8,0.97265625,62.0,True,False
1024,256,1.25,28,100000,cooling,150,37500,400050,37800,0.6835908821302632,0,6,20,8,0.97265625,62.0,True,False
1024,256,1.25,28,100000,cooling,151,37750,402717,37800,0.6808459154446016,0,6,20,8,0.97265625,62.0,True,False
1024,256,1.25,28,100000,cooling,152,38000,405384,37800,0.6781119712027766,0,6,20,8,0.97265625,62.0,True,False
1024,256,1.25,28,100000,cooling,153,38250,408051,37800,0.6753890051440437,0,6,20,8,0.97265625,62.0,True,False
1024,256,1.25,28,100000,cooling,154,38500,410718,37800,0.6726769731853885,0,6,20,8,0.97265625,62.0,True,False
1024,256,1.25,28,100000,cooling,155,38750,413385,37800,0.6699758314208122,0,6,20,8,0.97265625,62.0,True,False
1024,256,1.25,28,100000,cooling,156,39000,416052,37800,0.6672855361206211,0,6,20,8,0.97265625,62.0,True,False
1024,256,1.25,28,100000,cooling,157,39250,418719,37800,0.6646060437307184,0,6,20,8,0.97265625,62.0,True,False
1024,256,1.25,28,100000,cooling,158,39500,421386,37800,0.6619373108718993,0,6,20,8,0.97265625,62.0,True,False
1024,256,1.25,28,100000,cooling,159,39750,424053,37800,0.6592792943391488,0,6,20,8,0.97265625,62.0,True,False
1024,256,1.25,28,100000,cooling,160,40000,426720,37800,0.6566319511009417,0,6,20,8,0.97265625,62.0,True,False
1024,256,1.25,28,100000,cooling,161,40250,429387,37800,0.6539952382985472,0,6,20,8,0.97265625,62.0,True,False
1024,256,1.25,28,100000,cooling,162,40500,432054,37800,0.6513691132453334,0,6,20,8,0.97265625,62.0,True,False
1024,256,1.25,28,100000,cooling,163,40750,434721,37800,0.6487535334260774,0,6,20,8,0.97265625,62.0,True,False
1024,256,1.25,28,100000,cooling,164,41000,437388,37800,0.6461484564962765,0,6,20,8,0.97265625,62.0,True,False
1024,256,1.25,28,100000,cooling,165,41250,440055,37800,0.6435538402814628,0,6,20,8,0.97265625,62.0,True,False
1024,256,1.25,28,100000,cooling,166,41500,442722,37800,0.6409696427765208,0,6,20,8,0.97265625,62.0,True,False
1024,256,1.25,28,100000,cooling,167,41750,445389,37800,0.6383958221450063,0,6,20,8,0.97265625,62.0,True,False
1024,256,1.25,28,100000,cooling,168,42000,448056,37800,0.6358323367184706,0,6,20,8,0.97265625,62.0,True,False
1024,256,1.25,28,100000,cooling,169,42250,450723,37800,0.6332791449957847,0,6,20,8,0.97265625,62.0,True,False
1024,256,1.25,28,100000,cooling,170,42500,453390,37800,0.6307362056424677,0,6,20,8,0.97265625,62.0,True,False
1024,256,1.25,28,100000,cooling,171,42750,456057,37800,0.6282034774900181,0,6,20,8,0.97265625,62.0,True,False
1024,256,1.25,28,100000,cooling,172,43000,458724,37800,0.6256809195352468,0,6,20,8,0.97265625,62.0,True,False
1024,256,1.25,28,100000,cooling,173,43250,461391,37800,0.6231684909396134,0,6,20,8,0.97265625,62.0,True,False
1024,256,1.25,28,100000,cooling,174,43500,464058,37800,0.620666151028565,0,6,20,8,0.97265625,62.0,True,False
1024,256,1.25,28,100000,cooling,175,43750,466725,37800,0.6181738592908783,0,6,20,8,0.97265625,62.0,True,False
1024,256,1.25,28,100000,cooling,176,44000,469392,37800,0.6156915753780029,0,6,20,8,0.97265625,62.0,True,False
1024,256,1.25,28,100000,cooling,177,44250,472059,37800,0.6132192591034082,0,6,20,8,0.97265625,62.0,True,False
1024,256,1.25,28,100000,cooling,178,44500,474726,37800,0.6107568704419337,0,6,20,8,0.97265625,62.0,True,False
1024,256,1.25,28,100000,cooling,179,44750,477393,37800,0.6083043695291399,0,6,20,8,0.97265625,62.0,True,False
1024,256,1.25,28,100000,cooling,180,45000,480060,37800,0.6058617166606634,0,6,20,8,0.97265625,62.0,True,False
1024,256,1.25,28,100000,cooling,181,45250,482727,37800,0.6034288722915743,0,6,20,8,0.97265625,62.0,True,False
1024,256,1.25,28,100000,cooling,182,45500,485394,37800,0.6010057970357356,0,6,20,8,0.97265625,62.0,True,False
1024,256,1.25,28,100000,cooling,183,45750,488061,37800,0.5985924516651662,0,6,20,8,0.97265625,62.0,True,False
1024,256,1.25,28,100000,cooling,184,46000,490728,37800,0.5961887971094048,0,6,20,8,0.97265625,62.0,True,False
1024,256,1.25,28,100000,cooling,185,46250,493395,37800,0.5937947944548781,0,6,20,8,0.97265625,62.0,True,False
1024,256,1.25,28,100000,cooling,186,46500,496062,37800,0.5914104049442713,0,6,20,8,0.97265625,62.0,True,False
1024,256,1.25,28,100000,cooling,187,46750,498729,37800,0.5890355899758991,0,6,20,8,0.97265625,62.0,True,False
1024,256,1.25,28,100000,cooling,188,47000,501396,37800,0.5866703111030825,0,6,20,8,0.97265625,62.0,True,False
1024,256,1.25,28,100000,cooling,189,47250,504063,37800,0.5843145300335248,0,6,20,8,0.97265625,62.0,True,False
1024,256,1.25,28,100000,cooling,190,47500,506730,37800,0.5819682086286931,0,6,20,8,0.97265625,62.0,True,False
1024,256,1.25,28,100000,cooling,191,47750,509397,37800,0.5796313089031999,0,6,20,8,0.97265625,62.0,True,False
1024,256,1.25,28,100000,cooling,192,48000,512064,37800,0.5773037930241883,0,6,20,8,0.97265625,62.0,True,False
1024,256,1.25,28,100000,cooling,193,48250,514731,37800,0.5749856233107199,0,6,20,8,0.97265625,62.0,True,False
1024,256,1.25,28,100000,cooling,194,48500,517398,37800,0.5726767622331645,0,6,20,8,0.97265625,62.0,True,False
1024,256,1.25,28,100000,cooling,195,48750,520065,37800,0.5703771724125926,0,6,20,8,0.97265625,62.0,True,False
1024,256,1.25,28,100000,cooling,196,49000,522732,37800,0.5680868166201698,0,6,20,8,0.97265625,62.0,True,False
1024,256,1.25,28,100000,cooling,197,49250,525399,37800,0.565805657776555,0,6,20,8,0.97265625,62.0,True,False
1024,256,1.25,28,100000,cooling,198,49500,528066,37800,0.5635336589512993,0,6,20,8,0.97265625,62.0,True,False
1024,256,1.25,28,100000,cooling,199,49750,530733,37800,0.5612707833622484,0,6,20,8,0.97265625,62.0,True,False
1024,256,1.25,28,100000,cooling,200,50000,533400,37800,0.5590169943749475,0,6,20,8,0.97265625,62.0,True,False
1024,256,1.25,28,100000,cooling,201,50250,536067,37800,0.5567722555020473,0,6,20,8,0.97265625,62.0,True,False
1024,256,1.25,28,100000,cooling,202,50500,538734,37800,0.5545365304027143,0,6,20,8,0.97265625,62.0,True,False
1024,256,1.25,28,100000,cooling,203,50750,541401,37800,0.552309782882042,0,6,20,8,0.97265625,62.0,True,False
1024,256,1.25,28,100000,cooling,204,51000,544068,37800,0.5500919768904645,0,6,20,8,0.97265625,62.0,True,False
1024,256,1.25,28,100000,cooling,205,51250,546735,37800,0.5478830765231739,0,6,20,8,0.97265625,62.0,True,False
1024,256,1.25,28,100000,cooling,206,51500,549402,37800,0.5456830460195381,0,6,20,8,0.97265625,62.0,True,False
1024,256,1.25,28,100000,cooling,207,51750,552069,37800,0.5434918497625223,0,6,20,8,0.97265625,62.0,True,False
1024,256,1.25,28,100000,cooling,208,52000,554736,37800,0.5413094522781122,0,6,20,8,0.97265625,62.0,True,False
1024,256,1.25,28,100000,cooling,209,52250,557403,37800,0.5391358182347401,0,6,20,8,0.97265625,62.0,True,False
1024,256,1.25,28,100000,cooling,210,52500,560070,37800,0.5369709124427122,0,6,20,8,0.97265625,62.0,True,False
1024,256,1.25,28,100000,cooling,211,52750,562737,37800,0.5348146998536395,0,6,20,8,0.97265625,62.0,True,False
1024,256,1.25,28,100000,cooling,212,53000,565404,37800,0.5326671455598703,0,6,20,8,0.97265625,62.0,True,False
1024,256,1.25,28,100000,cooling,213,53250,568071,37800,0.5305282147939248,0,6,20,8,0.97265625,62.0,True,False
1024,256,1.25,28,100000,cooling,214,53500,570738,37800,0.5283978729279322,0,6,20,8,0.97265625,62.0,True,False
1024,256,1.25,28,100000,cooling,215,53750,573405,37800,0.5262760854730708,0,6,20,8,0.97265625,62.0,True,False
1024,256,1.25,28,100000,cooling,216,54000,576072,37800,0.5241628180790088,0,6,20,8,0.97265625,62.0,True,False
1024,256,1.25,28,100000,cooling,217,54250,578739,37800,0.5220580365333486,0,6,20,8,0.97265625,62.0,True,False
1024,256,1.25,28,100000,cooling,218,54500,581406,37800,0.5199617067610728,0,6,20,8,0.97265625,62.0,True,False
1024,256,1.25,28,100000,cooling,219,54750,584073,37800,0.5178737948239927,0,6,20,8,0.97265625,62.0,True,False
1024,256,1.25,28,100000,cooling,220,55000,586740,37800,0.5157942669201987,0,6,20,8,0.97265625,62.0,True,False
1024,256,1.25,28,100000,cooling,221,55250,589407,37800,0.5137230893835133,0,6,20,8,0.97265625,62.0,True,False
1024,256,1.25,28,100000,cooling,222,55500,592074,37800,0.5116602286829456,0,6,20,8,0.97265625,62.0,True,False
1024,256,1.25,28,100000,cooling,223,55750,594741,37800,0.5096056514221491,0,6,20,8,0.97265625,62.0,True,False
1024,256,1.25,28,100000,cooling,224,56000,597408,37800,0.5075593243388804,0,6,20,8,0.97265625,62.0,True,False
1024,256,1.25,28,100000,cooling,225,56250,600075,37800,0.5055212143044613,0,6,20,8,0.97265625,62.0,True,False
1024,256,1.25,28,100000,cooling,226,56500,602742,37800,0.5034912883232419,0,6,20,8,0.97265625,62.0,True,False
1024,256,1.25,28,100000,cooling,227,56750,605409,37800,0.5014695135320667,0,6,20,8,0.97265625,62.0,True,False
1024,256,1.25,28,100000,cooling,228,57000,608076,37800,0.4994558571997429,0,6,20,8,0.97265625,62.0,True,False
1024,256,1.25,28,100000,cooling,229,57250,610743,37800,0.49745028672650965,0,6,20,8,0.97265625,62.0,True,False
1024,256,1.25,28,100000,cooling,230,57500,613410,37800,0.4954527696435115,0,6,20,8,0.97265625,62.0,True,False
1024,256,1.25,28,100000,cooling,231,57750,616077,37800,0.49346327361227116,0,6,20,8,0.97265625,62.0,True,False
1024,256,1.25,28,100000,cooling,232,58000,618744,37800,0.4914817664241675,0,6,20,8,0.97265625,62.0,True,False
1024,256,1.25,28,100000,cooling,233,58250,621411,37800,0.48950821599991334,0,6,20,8,0.97265625,62.0,True,False
1024,256,1.25,28,100000,cooling,234,58500,624078,37800,0.4875425903890362,0,6,20,8,0.97265625,62.0,True,False
1024,256,1.25,28,100000,cooling,235,58750,626745,37800,0.4855848577693608,0,6,20,8,0.97265625,62.0,True,False
1024,256,1.25,28,100000,cooling,236,59000,629412,37800,0.48363498644649455,0,6,20,8,0.97265625,62.0,True,False
1024,256,1.25,28,100000,cooling,237,59250,632079,37800,0.4816929448533139,0,6,20,8,0.97265625,62.0,True,False
1024,256,1.25,28,100000,cooling,238,59500,634746,37800,0.4797587015494534,0,6,20,8,0.97265625,62.0,True,False
1024,256,1.25,28,100000,cooling,239,59750,637413,37800,0.47783222522079666,0,6,20,8,0.97265625,62.0,True,False
1024,256,1.25,28,100000,cooling,240,60000,640080,37800,0.47591348467896966,0,6,20,8,0.97265625,62.0,True,False
1024,256,1.25,28,100000,cooling,241,60250,642747,37800,0.4740024488608354,0,6,20,8,0.97265625,62.0,True,False
1024,256,1.25,28,100000,cooling,242,60500,645414,37800,0.4720990868279915,0,6,20,8,0.97265625,62.0,True,False
1024,256,1.25,28,100000,cooling,243,60750,648081,37800,0.4702033677662689,0,6,20,8,0.97265625,62.0,True,False
1024,256,1.25,28,100000,cooling,244,61000,650748,37800,0.46831526098523335,0,6,20,8,0.97265625,62.0,True,False
1024,256,1.25,28,100000,cooling,245,61250,653415,37800,0.4664347359176879,0,6,20,8,0.97265625,62.0,True,False
1024,256,1.25,28,100000,cooling,246,61500,656082,37800,0.4645617621191793,0,6,20,8,0.97265625,62.0,True,False
1024,256,1.25,28,100000,cooling,247,61750,658749,37800,0.46269630926750355,0,6,20,8,0.97265625,62.0,True,False
1024,256,1.25,28,100000,cooling,248,62000,661416,37800,0.4608383471622164,0,6,20,8,0.97265625,62.0,True,False
1024,256,1.25,28,100000,cooling,249,62250,664083,37800,0.45898784572414336,0,6,20,8,0.97265625,62.0,True,False
1024,256,1.25,28,100000,cooling,250,62500,666750,37800,0.45714477499489364,0,6,20,8,0.97265625,62.0,True,False
1024,256,1.25,28,100000,cooling,251,62750,669417,37800,0.4553091051363742,0,6,20,8,0.97265625,62.0,True,False
1024,256,1.25,28,100000,cooling,252,63000,672084,37800,0.45348080643030747,0,6,20,8,0.97265625,62.0,True,False
1024,256,1.25,28,100000,cooling,253,63250,674751,37800,0.4516598492777501,0,6,20,8,0.97265625,62.0,True,False
1024,256,1.25,28,100000,cooling,254,63500,677418,37800,0.4498462041986132,0,6,20,8,0.97265625,62.0,True,False
1024,256,1.25,28,100000,cooling,255,63750,680085,37800,0.44803984183118595,0,6,20,8,0.97265625,62.0,True,False
1024,256,1.25,28,100000,cooling,256,64000,682752,37800,0.44624073293165945,0,6,20,8,0.97265625,62.0,True,False
1024,256,1.25,28,100000,cooling,257,64250,685419,37800,0.44444884837365395,0,6,20,8,0.97265625,62.0,True,False
1024,256,1.25,28,100000,cooling,258,64500,688086,37800,0.4426641591477466,0,6,20,8,0.97265625,62.0,True,False
1024,256,1.25,28,100000,cooling,259,64750,690753,37800,0.4408866363610026,0,6,20,8,0.97265625,62.0,True,False
1024,256,1.25,28,100000,cooling,260,65000,693420,37800,0.4391162512365068,0,6,20,8,0.97265625,62.0,True,False
1024,256,1.25,28,100000,cooling,261,65250,696087,37800,0.4373529751128983,0,6,20,8,0.97265625,62.0,True,False
1024,256,1.25,28,100000,cooling,262,65500,698754,37800,0.43559677944390585,0,6,20,8,0.97265625,62.0,True,False
1024,256,1.25,28,100000,cooling,263,65750,701421,37800,0.43384763579788643,0,6,20,8,0.97265625,62.0,True,False
1024,256,1.25,28,100000,cooling,264,66000,704088,37800,0.43210551585736423,0,6,20,8,0.97265625,62.0,True,False
1024,256,1.25,28,100000,cooling,265,66250,706755,37800,0.43037039141857303,0,6,20,8,0.97265625,62.0,True,False
1024,256,1.25,28,100000,cooling,266,66500,709422,37800,0.4286422343909987,0,6,20,8,0.97265625,62.0,True,False
1024,256,1.25,28,100000,cooling,267,66750,712089,37800,0.4269210167969252,0,6,20,8,0.97265625,62.0,True,False
1024,256,1.25,28,100000,cooling,268,67000,714756,37800,0.4252067107709811,0,6,20,8,0.97265625,62.0,True,False
1024,256,1.25,28,100000,cooling,269,67250,717423,37800,0.4234992885596889,0,6,20,8,0.97265625,62.0,True,False
1024,256,1.25,28,100000,cooling,270,67500,720090,37800,0.42179872252101513,0,6,20,8,0.97265625,62.0,True,False
1024,256,1.25,28,100000,cooling,271,67750,722757,37800,0.42010498512392364,0,6,20,8,0.97265625,62.0,True,False
1024,256,1.25,28,100000,cooling,272,68000,725424,37800,0.4184180489479291,0,6,20,8,0.97265625,62.0,True,False
1024,256,1.25,28,100000,cooling,273,68250,728091,37800,0.4167378866826537,0,6,20,8,0.97265625,62.0,True,False
1024,256,1.25,28,100000,cooling,274,68500,730758,37800,0.4150644711273846,0,6,20,8,0.97265625,62.0,True,False
1024,256,1.25,28,100000,cooling,275,68750,733425,37800,0.4133977751906338,0,6,20,8,0.97265625,62.0,True,False
1024,256,1.25,28,100000,cooling,276,69000,736092,37800,0.41173777188969946,0,6,20,8,0.97265625,62.0,True,False
1024,256,1.25,28,100000,cooling,277,69250,738759,37800,0.41008443435022884,0,6,20,8,0.97265625,62.0,True,False
1024,256,1.25,28,100000,cooling,278,69500,741426,37800,0.4084377358057839,0,6,20,8,0.97265625,62.0,True,False
1024,256,1.25,28,100000,cooling,279,69750,744093,37800,0.4067976495974071,0,6,20,8,0.97265625,62.0,True,False
1024,256,1.25,28,100000,cooling,280,70000,746760,37800,0.40516414917319066,0,6,20,8,0.97265625,62.0,True,False
1024,256,1.25,28,100000,cooling,281,70250,749427,37800,0.40353720808784577,0,6,20,8,0.97265625,62.0,True,False
1024,256,1.25,28,100000,cooling,282,70500,752094,37800,0.4019168000022755,0,6,20,8,0.97265625,62.0,True,False
1024,256,1.25,28,100000,cooling,283,70750,754761,37800,0.4003028986831474,0,6,20,8,0.97265625,62.0,True,False
1024,256,1.25,28,100000,cooling,284,71000,757428,37800,0.39869547800246957,0,6,20,8,0.97265625,62.0,True,False
1024,256,1.25,28,100000,cooling,285,71250,760095,37800,0.3970945119371671,0,6,20,8,0.97265625,62.0,True,False
1024,256,1.25,28,100000,cooling,286,71500,762762,37800,0.3954999745686613,0,6,20,8,0.97265625,62.0,True,False
1024,256,1.25,28,100000,cooling,287,71750,765429,37800,0.3939118400824495,0,6,20,8,0.97265625,62.0,True,False
1024,256,1.25,28,100000,cooling,288,72000,768096,37800,0.3923300827676878,0,6,20,8,0.97265625,62.0,True,False
1024,256,1.25,28,100000,cooling,289,72250,770763,37800,0.3907546770167741,0,6,20,8,0.97265625,62.0,True,False
1024,256,1.25,28,100000,cooling,290,72500,773430,37800,0.38918559732493424,0,6,20,8,0.97265625,62.0,True,False
1024,256,1.25,28,100000,cooling,291,72750,776097,37800,0.3876228182898085,0,6,20,8,0.97265625,62.0,True,False
1024,256,1.25,28,100000,cooling,292,73000,778764,37800,0.3860663146110409,0,6,20,8,0.97265625,62.0,True,False
1024,256,1.25,28,100000,cooling,293,73250,781431,37800,0.38451606108986897,0,6,20,8,0.97265625,62.0,True,False
1024,256,1.25,28,100000,cooling,294,73500,784098,37800,0.38297203262871643,0,6,20,8,0.97265625,62.0,True,False
1024,256,1.25,28,100000,cooling,295,73750,786765,37800,0.3814342042307864,0,6,20,8,0.97265625,62.0,True,False
1024,256,1.25,28,100000,cooling,296,74000,789432,37800,0.3799025509996571,0,6,20,8,0.97265625,62.0,True,False
1024,256,1.25,28,100000,cooling,297,74250,792099,37800,0.37837704813887846,0,6,20,8,0.97265625,62.0,True,False
1024,256,1.25,28,100000,cooling,298,74500,794766,37800,0.37685767095157086,0,6,20,8,0.97265625,62.0,True,False
1024,256,1.25,28,100000,cooling,299,74750,797433,37800,0.3753443948400253,0,6,20,8,0.97265625,62.0,True,False
1024,256,1.25,28,100000,cooling,300,75000,800100,37800,0.3738371953053052,0,6,20,8,0.97265625,62.0,True,False
1024,256,1.25,28,100000,cooling,301,75250,802767,37800,0.37233604794684955,0,6,20,8,0.97265625,62.0,True,False
1024,256,1.25,28,100000,cooling,302,75500,805434,37800,0.3708409284620781,0,6,20,8,0.97265625,62.0,True,False
1024,256,1.25,28,100000,cooling,303,75750,808101,37800,0.3693518126459982,0,6,20,8,0.97265625,62.0,True,False
1024,256,1.25,28,100000,cooling,304,76000,810768,37800,0.3678686763908121,0,6,20,8,0.97265625,62.0,True,False
1024,256,1.25,28,100000,cooling,305,76250,813435,37800,0.3663914956855277,0,6,20,8,0.97265625,62.0,True,False
1024,256,1.25,28,100000,cooling,306,76500,816102,37800,0.3649202466155688,0,6,20,8,0.97265625,62.0,True,False
1024,256,1.25,28,100000,cooling,307,76750,818769,37800,0.3634549053623889,0,6,20,8,0.97265625,62.0,True,False
1024,256,1.25,28,100000,cooling,308,77000,821436,37800,0.3619954482030847,0,6,20,8,0.97265625,62.0,True,False
1024,256,1.25,28,100000,cooling,309,77250,824103,37800,0.3605418515100129,0,6,20,8,0.97265625,62.0,True,False
1024,256,1.25,28,100000,cooling,310,77500,826770,37800,0.35909409175040696,0,6,20,8,0.97265625,62.0,True,False
1024,256,1.25,28,100000,cooling,311,77750,829437,37800,0.35765214548599655,0,6,20,8,0.97265625,62.0,True,False
1024,256,1.25,28,100000,cooling,312,78000,832104,37800,0.3562159893726279,0,6,20,8,0.97265625,62.0,True,False
1024,256,1.25,28,100000,cooling,313,78250,834771,37800,0.35478560015988597,0,6,20,8,0.97265625,62.0,True,False
1024,256,1.25,28,100000,cooling,314,78500,837438,37800,0.35336095469071804,0,6,20,8,0.97265625,62.0,True,False
1024,256,1.25,28,100000,cooling,315,78750,840105,37800,0.35194202990105894,0,6,20,8,0.97265625,62.0,True,False
1024,256,1.25,28,100000,cooling,316,79000,842772,37800,0.3505288028194572,0,6,20,8,0.97265625,62.0,True,False
1024,256,1.25,28,100000,cooling,317,79250,845439,37800,0.34912125056670357,0,6,20,8,0.97265625,62.0,True,False
1024,256,1.25,28,100000,cooling,318,79500,848106,37800,0.3477193503554607,0,6,20,8,0.97265625,62.0,True,False
1024,256,1.25,28,100000,cooling,319,79750,850773,37800,0.3463230794898939,0,6,20,8,0.97265625,62.0,True,False
1024,256,1.25,28,100000,cooling,320,80000,853440,37800,0.3449324153653037,0,6,20,8,0.97265625,62.0,True,False
1024,256,1.25,28,100000,cooling,321,80250,856107,37800,0.3435473354677604,0,6,20,8,0.97265625,62.0,True,False
1024,256,1.25,28,100000,cooling,322,80500,858774,37800,0.34216781737373886,0,6,20,8,0.97265625,62.0,True,False
1024,256,1.25,28,100000,cooling,323,80750,861441,37800,0.34079383874975616,0,6,20,8,0.97265625,62.0,True,False
1024,256,1.25,28,100000,cooling,324,81000,864108,37800,0.33942537735200956,0,6,20,8,0.97265625,62.0,True,False
1024,256,1.25,28,100000,cooling,325,81250,866775,37800,0.33806241102601664,0,6,20,8,0.97265625,62.0,True,False
1024,256,1.25,28,100000,cooling,326,81500,869442,37800,0.3367049177062564,0,6,20,8,0.97265625,62.0,True,False
1024,256,1.25,28,100000,cooling,327,81750,872109,37800,0.33535287541581227,0,6,20,8,0.97265625,62.0,True,False
1024,256,1.25,28,100000,cooling,328,82000,874776,37800,0.3340062622660164,0,6,20,8,0.97265625,62.0,True,False
1024,256,1.25,28,100000,cooling,329,82250,877443,37800,0.3326650564560947,0,6,20,8,0.97265625,62.0,True,False
1024,256,1.25,28,100000,cooling,330,82500,880110,37800,0.3313292362728148,0,6,20,8,0.97265625,62.0,True,False
1024,256,1.25,28,100000,cooling,331,82750,882777,37800,0.3299987800901338,0,6,20,8,0.97265625,62.0,True,False
1024,256,1.25,28,100000,cooling,332,83000,885444,37800,0.32867366636884837,0,6,20,8,0.97265625,62.0,True,False
1024,256,1.25,28,100000,cooling,333,83250,888111,37800,0.32735387365624635,0,6,20,8,0.97265625,62.0,True,False
1024,256,1.25,28,100000,cooling,334,83500,890778,37800,0.3260393805857589,0,6,20,8,0.97265625,62.0,True,False
1024,256,1.25,28,100000,cooling,335,83750,893445,37800,0.32473016587661485,0,6,20,8,0.97265625,62.0,True,False
1024,256,1.25,28,100000,cooling,336,84000,896112,37800,0.32342620833349656,0,6,20,8,0.97265625,62.0,True,False
1024,256,1.25,28,100000,cooling,337,84250,898779,37800,0.32212748684619597,0,6,20,8,0.97265625,62.0,True,False
1024,256,1.25,28,100000,cooling,338,84500,901446,37800,0.3208339803892737,0,6,20,8,0.97265625,62.0,True,False
1024,256,1.25,28,100000,cooling,339,84750,904113,37800,0.3195456680217179,0,6,20,8,0.97265625,62.0,True,False
1024,256,1.25,28,100000,cooling,340,85000,906780,37800,0.3182625288866059,0,6,20,8,0.97265625,62.0,True,False
1024,256,1.25,28,100000,cooling,341,85250,909447,37800,0.31698454221076594,0,6,20,8,0.97265625,62.0,True,False
1024,256,1.25,28,100000,cooling,342,85500,912114,37800,0.3157116873044414,0,6,20,8,0.97265625,62.0,True,False
1024,256,1.25,28,100000,cooling,343,85750,914781,37800,0.3144439435609554,0,6,20,8,0.97265625,62.0,True,False
1024,256,1.25,28,100000,cooling,344,86000,917448,37800,0.31318129045637755,0,6,20,8,0.97265625,62.0,True,False
1024,256,1.25,28,100000,cooling,345,86250,920115,37800,0.3119237075491915,0,6,20,8,0.97265625,62.0,True,False
1024,256,1.25,28,100000,cooling,346,86500,922782,37800,0.310671174479964,0,6,20,8,0.97265625,62.0,True,False
1024,256,1.25,28,100000,cooling,347,86750,925449,37800,0.30942367097101525,0,6,20,8,0.97265625,62.0,True,False
1024,256,1.25,28,100000,cooling,348,87000,928116,37800,0.30818117682609086,0,6,20,8,0.97265625,62.0,True,False
1024,256,1.25,28,100000,cooling,349,87250,930783,37800,0.3069436719300346,0,6,20,8,0.97265625,62.0,True,False
1024,256,1.25,28,100000,cooling,350,87500,933450,37800,0.30571113624846297,0,6,20,8,0.97265625,62.0,True,False
1024,256,1.25,28,100000,cooling,351,87750,936117,37800,0.3044835498274407,0,6,20,8,0.97265625,62.0,True,False
1024,256,1.25,28,100000,cooling,352,88000,938784,37800,0.3032608927931576,0,6,20,8,0.97265625,62.0,True,False
1024,256,1.25,28,100000,cooling,353,88250,941451,37800,0.30204314535160737,0,6,20,8,0.97265625,62.0,True,False
1024,256,1.25,28,100000,cooling,354,88500,944118,37800,0.30083028778826637,0,6,20,8,0.97265625,62.0,True,False
1024,256,1.25,28,100000,cooling,355,88750,946785,37800,0.29962230046777516,0,6,20,8,0.97265625,62.0,True,False
1024,256,1.25,28,100000,cooling,356,89000,949452,37800,0.29841916383362005,0,6,20,8,0.97265625,62.0,True,False
1024,256,1.25,28,100000,cooling,357,89250,952119,37800,0.29722085840781687,0,6,20,8,0.97265625,62.0,True,False
1024,256,1.25,28,100000,cooling,358,89500,954786,37800,0.2960273647905955,0,6,20,8,0.97265625,62.0,True,False
1024,256,1.25,28,100000,cooling,359,89750,957453,37800,0.29483866366008576,0,6,20,8,0.97265625,62.0,True,False
1024,256,1.25,28,100000,cooling,360,90000,960120,37800,0.29365473577200474,0,6,20,8,0.97265625,62.0,True,False
1024,256,1.25,28,100000,cooling,361,90250,962787,37800,0.2924755619593451,0,6,20,8,0.97265625,62.0,True,False
1024,256,1.25,28,100000,cooling,362,90500,965454,37800,0.29130112313206485,0,6,20,8,0.97265625,62.0,True,False
1024,256,1.25,28,100000,cooling,363,90750,968121,37800,0.2901314002767782,0,6,20,8,0.97265625,62.0,True,False
1024,256,1.25,28,100000,cooling,364,91000,970788,37800,0.2889663744564479,0,6,20,8,0.97265625,62.0,True,False
1024,256,1.25,28,100000,cooling,365,91250,973455,37800,0.2878060268100786,0,6,20,8,0.97265625,62.0,True,False
1024,256,1.25,28,100000,cooling,366,91500,976122,37800,0.28665033855241145,0,6,20,8,0.97265625,62.0,True,False
1024,256,1.25,28,100000,cooling,367,91750,978789,37800,0.2854992909736199,0,6,20,8,0.97265625,62.0,True,False
1024,256,1.25,28,100000,cooling,368,92000,981456,37800,0.2843528654390072,0,6,20,8,0.97265625,62.0,True,False
1024,256,1.25,28,100000,cooling,369,92250,984123,37800,0.2832110433887041,0,6,20,8,0.97265625,62.0,True,False
1024,256,1.25,28,100000,cooling,370,92500,986790,37800,0.2820738063373689,0,6,20,8,0.97265625,62.0,True,False
1024,256,1.25,28,100000,cooling,371,92750,989457,37800,0.2809411358738879,0,6,20,8,0.97265625,62.0,True,False
1024,256,1.25,28,100000,cooling,372,93000,992124,37800,0.2798130136610776,0,6,20,8,0.97265625,62.0,True,False
1024,256,1.25,28,100000,cooling,373,93250,994791,37800,0.2786894214353875,0,6,20,8,0.97265625,62.0,True,False
1024,256,1.25,28,100000,cooling,374,93500,997458,37800,0.2775703410066045,0,6,20,8,0.97265625,62.0,True,False
1024,256,1.25,28,100000,cooling,375,93750,1000125,37800,0.2764557542575588,0,6,20,8,0.97265625,62.0,True,False
1024,256,1.25,28,100000,cooling,376,94000,1002792,37800,0.2753456431438301,0,6,20,8,0.97265625,62.0,True,False
1024,256,1.25,28,100000,cooling,377,94250,1005459,37800,0.27423998969345553,0,6,20,8,0.97265625,62.0,True,False
1024,256,1.25,28,100000,cooling,378,94500,1008126,37800,0.2731387760066392,0,6,20,8,0.97265625,62.0,True,False
1024,256,1.25,28,100000,cooling,379,94750,1010793,37800,0.2720419842554617,0,6,20,8,0.97265625,62.0,True,False
1024,256,1.25,28,100000,cooling,380,95000,1013460,37800,0.2709495966835921,0,6,20,8,0.97265625,62.0,True,False
1024,256,1.25,28,100000,cooling,381,95250,1016127,37800,0.26986159560599987,0,6,20,8,0.97265625,62.0,True,False
1024,256,1.25,28,100000,cooling,382,95500,1018794,37800,0.26877796340866933,0,6,20,8,0.97265625,62.0,True,False
1024,256,1.25,28,100000,cooling,383,95750,1021461,37800,0.26769868254831375,0,6,20,8,0.97265625,62.0,True,False
1024,256,1.25,28,100000,cooling,384,96000,1024128,37800,0.26662373555209185,0,6,20,8,0.97265625,62.0,True,False
1024,256,1.25,28,100000,cooling,385,96250,1026795,37800,0.2655531050173246,0,6,20,8,0.97265625,62.0,True,False
1024,256,1.25,28,100000,cooling,386,96500,1029462,37800,0.2644867736112137,0,6,20,8,0.97265625,62.0,True,False
1024,256,1.25,28,100000,cooling,387,96750,1032129,37800,0.26342472407056083,0,6,20,8,0.97265625,62.0,True,False
1024,256,1.25,28,100000,cooling,388,97000,1034796,37800,0.2623669392014884,0,6,20,8,0.97265625,62.0,True,False
1024,256,1.25,28,100000,cooling,389,97250,1037463,37800,0.2613134018791608,0,6,20,8,0.97265625,62.0,True,False
1024,256,1.25,28,100000,cooling,390,97500,1040130,37800,0.2602640950475075,0,6,20,8,0.97265625,62.0,True,False
1024,256,1.25,28,100000,cooling,391,97750,1042797,37800,0.25921900171894674,0,6,20,8,0.97265625,62.0,True,False
1024,256,1.25,28,100000,cooling,392,98000,1045464,37800,0.25817810497411076,0,6,20,8,0.97265625,62.0,True,False
1024,256,1.25,28,100000,cooling,393,98250,1048131,37800,0.2571413879615715,0,6,20,8,0.97265625,62.0,True,False
1024,256,1.25,28,100000,cooling,394,98500,1050798,37800,0.25610883389756806,0,6,20,8,0.97265625,62.0,True,False
1024,256,1.25,28,100000,cooling,395,98750,1053465,37800,0.25508042606573494,0,6,20,8,0.97265625,62.0,True,False
1024,256,1.25,28,100000,cooling,396,99000,1056132,37800,0.2540561478168314,0,6,20,8,0.97265625,62.0,True,False
1024,256,1.25,28,100000,cooling,397,99250,1058799,37800,0.2530359825684719,0,6,20,8,0.97265625,62.0,True,False
1024,256,1.25,28,100000,cooling,398,99500,1061466,37800,0.2520199138048576,0,6,20,8,0.97265625,62.0,True,False
1024,256,1.25,28,100000,cooling,399,99750,1064133,37800,0.2510079250765091,0,6,20,8,0.97265625,62.0,True,False
1024,256,1.25,28,100000,cooling,400,100000,1066800,37800,0.25,0,6,20,8,0.97265625,62.0,True,False
1024,256,1.25,28,100000,hold,401,100250,1069467,37800,0.25,0,6,20,8,0.97265625,62.0,True,False
1024,256,1.25,28,100000,hold,402,100500,1072134,37800,0.25,0,6,20,8,0.97265625,62.0,True,False
1024,256,1.25,28,100000,hold,403,100750,1074801,37800,0.25,0,6,20,8,0.97265625,62.0,True,False
1024,256,1.25,28,100000,hold,404,101000,1077468,37800,0.25,0,6,20,8,0.97265625,62.0,True,False
1024,256,1.25,28,100000,hold,405,101250,1080135,37800,0.25,0,6,20,8,0.97265625,62.0,True,False
1024,256,1.25,28,100000,hold,406,101500,1082802,37800,0.25,0,6,20,8,0.97265625,62.0,True,False
1024,256,1.25,28,100000,hold,407,101750,1085469,37800,0.25,0,6,20,8,0.97265625,62.0,True,False
1024,256,1.25,28,100000,hold,408,102000,1088136,37800,0.25,0,6,20,8,0.97265625,62.0,True,False
1024,256,1.25,28,100000,hold,409,102250,1090803,37800,0.25,0,6,20,8,0.97265625,62.0,True,False
1024,256,1.25,28,100000,hold,410,102500,1093470,37800,0.25,0,6,20,8,0.97265625,62.0,True,False
1024,256,1.25,28,100000,hold,411,102750,1096137,37800,0.25,0,6,20,8,0.97265625,62.0,True,False
1024,256,1.25,28,100000,hold,412,103000,1098804,37800,0.25,0,6,20,8,0.97265625,62.0,True,False
1024,256,1.25,28,100000,hold,413,103250,1101471,37800,0.25,0,6,20,8,0.97265625,62.0,True,False
1024,256,1.25,28,100000,hold,414,103500,1104138,37800,0.25,0,6,20,8,0.97265625,62.0,True,False
1024,256,1.25,28,100000,hold,415,103750,1106805,37800,0.25,0,6,20,8,0.97265625,62.0,True,False
1024,256,1.25,28,100000,hold,416,104000,1109472,37800,0.25,0,6,20,8,0.97265625,62.0,True,False
1024,256,1.25,28,100000,hold,417,104250,1112139,37800,0.25,0,6,20,8,0.97265625,62.0,True,False
1024,256,1.25,28,100000,hold,418,104500,1114806,37800,0.25,0,6,20,8,0.97265625,62.0,True,False
1024,256,1.25,28,100000,hold,419,104750,1117473,37800,0.25,0,6,20,8,0.97265625,62.0,True,False
1024,256,1.25,28,100000,hold,420,105000,1120140,37800,0.25,0,6,20,8,0.97265625,62.0,True,True
1024,256,1.25,29,,opening,0,0,0,29000,1.25,3,2,16,4,0.984375,66.0,True,False
1024,256,1.25,29,100000,cooling,1,250,2667,29000,1.244980611288459,4,0,16,4,0.984375,56.0,True,False
1024,256,1.25,29,100000,cooling,2,500,5334,29000,1.239981377987348,4,0,16,4,0.984375,56.0,True,False
1024,256,1.25,29,100000,cooling,3,750,8001,29000,1.2350022191623955,4,0,16,4,0.984375,56.0,True,False
1024,256,1.25,29,100000,cooling,4,1000,10668,29000,1.230043054204322,4,0,16,4,0.984375,56.0,True,False
1024,256,1.25,29,100000,cooling,5,1250,13335,29000,1.225103802827536,4,0,16,4,0.984375,56.0,True,False
1024,256,1.25,29,100000,cooling,6,1500,16002,29000,1.2201843850688332,4,0,16,4,0.984375,56.0,True,False
1024,256,1.25,29,100000,cooling,7,1750,18669,29000,1.2152847212861027,4,0,16,4,0.984375,56.0,True,False
1024,256,1.25,29,100000,cooling,8,2000,21336,29000,1.2104047321570373,4,0,16,4,0.984375,56.0,True,False
1024,256,1.25,29,100000,cooling,9,2250,24003,29000,1.2055443386778495,4,0,16,4,0.984375,56.0,True,False
1024,256,1.25,29,100000,cooling,10,2500,26670,29000,1.200703462161992,3,0,12,4,0.98828125,42.0,True,False
1024,256,1.25,29,100000,cooling,11,2750,29337,29000,1.1958820242388848,3,0,12,4,0.98828125,42.0,True,False
1024,256,1.25,29,100000,cooling,12,3000,32004,29000,1.1910799468526452,3,0,12,4,0.98828125,42.0,True,False
1024,256,1.25,29,100000,cooling,13,3250,34671,29000,1.1862971522608252,3,0,12,4,0.98828125,42.0,True,False
1024,256,1.25,29,100000,cooling,14,3500,37338,29000,1.1815335630331523,3,0,12,4,0.98828125,42.0,True,False
1024,256,1.25,29,100000,cooling,15,3750,40005,29000,1.1767891020502759,3,0,12,4,0.98828125,42.0,True,False
1024,256,1.25,29,100000,cooling,16,4000,42672,29000,1.1720636925025194,3,0,12,4,0.98828125,42.0,True,False
1024,256,1.25,29,100000,cooling,17,4250,45339,29000,1.167357257888636,3,0,12,4,0.98828125,42.0,True,False
1024,256,1.25,29,100000,cooling,18,4500,48006,29000,1.1626697220145708,3,0,12,4,0.98828125,42.0,True,False
1024,256,1.25,29,100000,cooling,19,4750,50673,29000,1.1580010089922264,3,0,12,4,0.98828125,42.0,True,False
1024,256,1.25,29,100000,cooling,20,5000,53340,29000,1.1533510432382355,3,0,12,4,0.98828125,42.0,True,False
1024,256,1.25,29,100000,cooling,21,5250,56007,29000,1.1487197494727361,3,0,12,4,0.98828125,42.0,True,False
1024,256,1.25,29,100000,cooling,22,5500,58674,29000,1.144107052718154,2,2,10,4,0.98828125,48.0,True,False
1024,256,1.25,29,100000,cooling,23,5750,61341,29000,1.1395128782979878,3,0,12,4,0.98828125,42.0,True,False
1024,256,1.25,29,100000,cooling,24,6000,64008,29000,1.1349371518356002,3,0,12,4,0.98828125,42.0,True,False
1024,256,1.25,29,100000,cooling,25,6250,66675,29000,1.1303797992530145,3,0,12,4,0.98828125,42.0,True,False
1024,256,1.25,29,100000,cooling,26,6500,69342,29000,1.1258407467697147,3,0,12,4,0.98828125,42.0,True,False
1024,256,1.25,29,100000,cooling,27,6750,72009,29000,1.1213199209014517,3,0,12,4,0.98828125,42.0,True,False
1024,256,1.25,29,100000,cooling,28,7000,74676,29000,1.1168172484590526,3,0,12,4,0.98828125,42.0,True,False
1024,256,1.25,29,100000,cooling,29,7250,77343,29000,1.1123326565472371,3,0,12,4,0.98828125,42.0,True,False
1024,256,1.25,29,100000,cooling,30,7500,80010,29000,1.1078660725634357,3,0,12,4,0.98828125,42.0,True,False
1024,256,1.25,29,100000,cooling,31,7750,82677,29000,1.1034174241966164,3,0,12,4,0.98828125,42.0,True,False
1024,256,1.25,29,100000,cooling,32,8000,85344,29000,1.098986639426112,3,0,12,4,0.98828125,42.0,True,False
1024,256,1.25,29,100000,cooling,33,8250,88011,29000,1.0945736465204563,3,0,12,4,0.98828125,42.0,True,False
1024,256,1.25,29,100000,cooling,34,8500,90678,29000,1.0901783740362203,3,0,12,4,0.98828125,42.0,True,False
1024,256,1.25,29,100000,cooling,35,8750,93345,29000,1.0858007508168575,3,0,12,4,0.98828125,42.0,True,False
1024,256,1.25,29,100000,cooling,36,9000,96012,29000,1.0814407059915512,3,0,12,4,0.98828125,42.0,True,False
1024,256,1.25,29,100000,cooling,37,9250,98679,29000,1.0770981689740673,3,0,12,4,0.98828125,42.0,True,False
1024,256,1.25,29,100000,cooling,38,9500,101346,29000,1.0727730694616113,2,0,8,4,0.9921875,28.0,True,False
1024,256,1.25,29,100000,cooling,39,9750,104013,29000,1.0684653374336908,2,0,8,4,0.9921875,28.0,True,False
1024,256,1.25,29,100000,cooling,40,10000,106680,29000,1.0641749031509808,2,0,8,4,0.9921875,28.0,True,False
1024,256,1.25,29,100000,cooling,41,10250,109347,29000,1.0599016971541957,1,0,4,4,0.99609375,34.0,True,False
1024,256,1.25,29,100000,cooling,42,10500,112014,29000,1.0556456502629645,1,0,4,4,0.99609375,14.0,True,False
1024,256,1.25,29,100000,cooling,43,10750,114681,29000,1.0514066935747108,1,0,4,4,0.99609375,14.0,True,False
1024,256,1.25,29,100000,cooling,44,11000,117348,29000,1.0471847584635368,1,0,4,4,0.99609375,14.0,True,False
1024,256,1.25,29,100000,cooling,45,11250,120015,29000,1.0429797765791131,1,0,4,4,0.99609375,14.0,True,False
1024,256,1.25,29,100000,cooling,46,11500,122682,29000,1.0387916798455716,1,0,4,4,0.99609375,14.0,True,False
1024,256,1.25,29,100000,cooling,47,11750,125349,29000,1.034620400460404,1,0,4,4,0.99609375,14.0,True,False
1024,256,1.25,29,100000,cooling,48,12000,128016,29000,1.0304658708933632,1,0,4,4,0.99609375,14.0,True,False
1024,256,1.25,29,100000,cooling,49,12250,130683,29000,1.026328023885371,1,0,4,4,0.99609375,14.0,True,False
1024,256,1.25,29,100000,cooling,50,12500,133350,29000,1.0222067924474283,1,0,4,4,0.99609375,14.0,True,False
1024,256,1.25,29,100000,cooling,51,12750,136017,29000,1.0181021098595313,0,0,0,0,1.0,0.0,True,False
1024,256,1.25,29,100000,cooling,52,13000,138684,29000,1.0140139096695913,0,0,0,0,1.0,0.0,True,False
1024,256,1.25,29,100000,cooling,53,13250,141351,29000,1.0099421256923584,0,0,0,0,1.0,0.0,True,False
1024,256,1.25,29,100000,cooling,54,13500,144018,29000,1.0058866920083505,0,0,0,0,1.0,0.0,True,False
1024,256,1.25,29,100000,cooling,55,13750,146685,29000,1.0018475429627856,0,0,0,0,1.0,0.0,True,False
1024,256,1.25,29,100000,cooling,56,14000,149352,29000,0.9978246131645195,0,0,0,0,1.0,0.0,True,False
1024,256,1.25,29,100000,cooling,57,14250,152019,29000,0.993817837484987,0,0,0,0,1.0,0.0,True,False
1024,256,1.25,29,100000,cooling,58,14500,154686,29000,0.9898271510571468,0,0,0,0,1.0,0.0,True,False
1024,256,1.25,29,100000,cooling,59,14750,157353,29000,0.9858524892744324,0,0,0,0,1.0,0.0,True,False
1024,256,1.25,29,100000,cooling,60,15000,160020,29000,0.9818937877897055,0,0,0,0,1.0,0.0,True,False
1024,256,1.25,29,100000,cooling,61,15250,162687,29000,0.9779509825142143,0,0,0,0,1.0,0.0,True,False
1024,256,1.25,29,100000,cooling,62,15500,165354,29000,0.9740240096165564,0,0,0,0,1.0,0.0,True,False
1024,256,1.25,29,100000,cooling,63,15750,168021,29000,0.9701128055216451,0,0,0,0,1.0,0.0,True,False
1024,256,1.25,29,100000,cooling,64,16000,170688,29000,0.9662173069096798,0,0,0,0,1.0,0.0,True,False
1024,256,1.25,29,100000,cooling,65,16250,173355,29000,0.9623374507151214,0,0,0,0,1.0,0.0,True,False
1024,256,1.25,29,100000,cooling,66,16500,176022,29000,0.9584731741256712,0,0,0,0,1.0,0.0,True,False
1024,256,1.25,29,100000,cooling,67,16750,178689,29000,0.9546244145812542,0,0,0,0,1.0,0.0,True,False
1024,256,1.25,29,100000,cooling,68,17000,181356,29000,0.9507911097730058,0,0,0,0,1.0,0.0,True,False
1024,256,1.25,29,100000,cooling,69,17250,184023,29000,0.9469731976422633,0,0,0,0,1.0,0.0,True,False
1024,256,1.25,29,100000,cooling,70,17500,186690,29000,0.9431706163795612,0,0,0,0,1.0,0.0,True,False
1024,256,1.25,29,100000,cooling,71,17750,189357,29000,0.939383304423631,0,0,0,0,1.0,0.0,True,False
1024,256,1.25,29,100000,cooling,72,18000,192024,29000,0.9356112004604039,0,0,0,0,1.0,0.0,True,False
1024,256,1.25,29,100000,cooling,73,18250,194691,29000,0.9318542434220181,0,0,0,0,1.0,0.0,True,False
1024,256,1.25,29,100000,cooling,74,18500,197358,29000,0.9281123724858308,0,0,0,0,1.0,0.0,True,False
1024,256,1.25,29,100000,cooling,75,18750,200025,29000,0.9243855270734334,0,0,0,0,1.0,0.0,True,False
1024,256,1.25,29,100000,cooling,76,19000,202692,29000,0.9206736468496699,0,0,0,0,1.0,0.0,True,False
1024,256,1.25,29,100000,cooling,77,19250,205359,29000,0.9169766717216614,0,0,0,0,1.0,0.0,True,False
1024,256,1.25,29,100000,cooling,78,19500,208026,29000,0.9132945418378325,0,0,0,0,1.0,0.0,True,False
1024,256,1.25,29,100000,cooling,79,19750,210693,29000,0.9096271975869423,0,0,0,0,1.0,0.0,True,False
1024,256,1.25,29,100000,cooling,80,20000,213360,29000,0.9059745795971195,0,0,0,0,1.0,0.0,True,False
1024,256,1.25,29,100000,cooling,81,20250,216027,29000,0.9023366287349011,0,0,0,0,1.0,0.0,True,False
1024,256,1.25,29,100000,cooling,82,20500,218694,29000,0.8987132861042756,0,0,0,0,1.0,0.0,True,False
1024,256,1.25,29,100000,cooling,83,20750,221361,29000,0.8951044930457286,0,0,0,0,1.0,0.0,True,False
1024,256,1.25,29,100000,cooling,84,21000,224028,29000,0.891510191135294,0,0,0,0,1.0,0.0,True,False
1024,256,1.25,29,100000,cooling,85,21250,226695,29000,0.8879303221836075,0,0,0,0,1.0,0.0,True,False
1024,256,1.25,29,100000,cooling,86,21500,229362,29000,0.8843648282349647,0,0,0,0,1.0,0.0,True,False
1024,256,1.25,29,100000,cooling,87,21750,232029,29000,0.8808136515663835,0,0,0,0,1.0,0.0,True,False
1024,256,1.25,29,100000,cooling,88,22000,234696,29000,0.8772767346866686,0,0,0,0,1.0,0.0,True,False
1024,256,1.25,29,100000,cooling,89,22250,237363,29000,0.8737540203354816,0,0,0,0,1.0,0.0,True,False
1024,256,1.25,29,100000,cooling,90,22500,240030,29000,0.8702454514824132,0,0,0,0,1.0,0.0,True,False
1024,256,1.25,29,100000,cooling,91,22750,242697,29000,0.8667509713260606,0,0,0,0,1.0,0.0,True,False
1024,256,1.25,29,100000,cooling,92,23000,245364,29000,0.8632705232931076,0,0,0,0,1.0,0.0,True,False
1024,256,1.25,29,100000,cooling,93,23250,248031,29000,0.8598040510374089,0,0,0,0,1.0,0.0,True,False
1024,256,1.25,29,100000,cooling,94,23500,250698,29000,0.8563514984390774,0,0,0,0,1.0,0.0,True,False
1024,256,1.25,29,100000,cooling,95,23750,253365,29000,0.8529128096035763,0,0,0,0,1.0,0.0,True,False
1024,256,1.25,29,100000,cooling,96,24000,256032,29000,0.8494879288608139,0,0,0,0,1.0,0.0,True,False
1024,256,1.25,29,100000,cooling,97,24250,258699,29000,0.8460768007642425,0,0,0,0,1.0,0.0,True,False
1024,256,1.25,29,100000,cooling,98,24500,261366,29000,0.8426793700899603,0,0,0,0,1.0,0.0,True,False
1024,256,1.25,29,100000,cooling,99,24750,264033,29000,0.8392955818358179,0,0,0,0,1.0,0.0,True,False
1024,256,1.25,29,100000,cooling,100,25000,266700,29000,0.8359253812205275,0,0,0,0,1.0,0.0,True,False
1024,256,1.25,29,100000,cooling,101,25250,269367,29000,0.8325687136827764,0,0,0,0,1.0,0.0,True,False
1024,256,1.25,29,100000,cooling,102,25500,272034,29000,0.8292255248803432,0,0,0,0,1.0,0.0,True,False
1024,256,1.25,29,100000,cooling,103,25750,274701,29000,0.8258957606892183,0,0,0,0,1.0,0.0,True,False
1024,256,1.25,29,100000,cooling,104,26000,277368,29000,0.822579367202728,0,0,0,0,1.0,0.0,True,False
1024,256,1.25,29,100000,cooling,105,26250,280035,29000,0.8192762907306608,0,0,0,0,1.0,0.0,True,False
1024,256,1.25,29,100000,cooling,106,26500,282702,29000,0.8159864777983994,0,0,0,0,1.0,0.0,True,False
1024,256,1.25,29,100000,cooling,107,26750,285369,29000,0.8127098751460543,0,0,0,0,1.0,0.0,True,False
1024,256,1.25,29,100000,cooling,108,27000,288036,29000,0.8094464297276015,0,0,0,0,1.0,0.0,True,False
1024,256,1.25,29,100000,cooling,109,27250,290703,29000,0.806196088710024,0,0,0,0,1.0,0.0,True,False
1024,256,1.25,29,100000,cooling,110,27500,293370,29000,0.8029587994724563,0,0,0,0,1.0,0.0,True,False
1024,256,1.25,29,100000,cooling,111,27750,296037,29000,0.7997345096053327,0,0,0,0,1.0,0.0,True,False
1024,256,1.25,29,100000,cooling,112,28000,298704,29000,0.7965231669095385,0,0,0,0,1.0,0.0,True,False
1024,256,1.25,29,100000,cooling,113,28250,301371,29000,0.7933247193955651,0,0,0,0,1.0,0.0,True,False
1024,256,1.25,29,100000,cooling,114,28500,304038,29000,0.7901391152826688,0,0,0,0,1.0,0.0,True,False
1024,256,1.25,29,100000,cooling,115,28750,306705,29000,0.7869663029980313,0,0,0,0,1.0,0.0,True,False
1024,256,1.25,29,100000,cooling,116,29000,309372,29000,0.7838062311759262,0,0,0,0,1.0,0.0,True,False
1024,256,1.25,29,100000,cooling,117,29250,312039,29000,0.7806588486568862,0,0,0,0,1.0,0.0,True,False
1024,256,1.25,29,100000,cooling,118,29500,314706,29000,0.7775241044868758,0,0,0,0,1.0,0.0,True,False
1024,256,1.25,29,100000,cooling,119,29750,317373,29000,0.7744019479164659,0,0,0,0,1.0,0.0,True,False
1024,256,1.25,29,100000,cooling,120,30000,320040,29000,0.7712923284000122,0,0,0,0,1.0,0.0,True,False
1024,256,1.25,29,100000,cooling,121,30250,322707,29000,0.7681951955948367,0,0,0,0,1.0,0.0,True,False
1024,256,1.25,29,100000,cooling,122,30500,325374,29000,0.7651104993604136,0,0,0,0,1.0,0.0,True,False
1024,256,1.25,29,100000,cooling,123,30750,328041,29000,0.7620381897575568,0,0,0,0,1.0,0.0,True,False
1024,256,1.25,29,100000,cooling,124,31000,330708,29000,0.758978217047611,0,0,0,0,1.0,0.0,True,False
1024,256,1.25,29,100000,cooling,125,31250,333375,29000,0.7559305316916476,0,0,0,0,1.0,0.0,True,False
1024,256,1.25,29,100000,cooling,126,31500,336042,29000,0.7528950843496618,0,0,0,0,1.0,0.0,True,False
1024,256,1.25,29,100000,cooling,127,31750,338709,29000,0.7498718258797743,0,0,0,0,1.0,0.0,True,False
1024,256,1.25,29,100000,cooling,128,32000,341376,29000,0.7468607073374355,0,0,0,0,1.0,0.0,True,False
1024,256,1.25,29,100000,cooling,129,32250,344043,29000,0.7438616799746329,0,0,0,0,1.0,0.0,True,False
1024,256,1.25,29,100000,cooling,130,32500,346710,29000,0.740874695239103,0,0,0,0,1.0,0.0,True,False
1024,256,1.25,29,100000,cooling,131,32750,349377,29000,0.7378997047735432,0,0,0,0,1.0,0.0,True,False
1024,256,1.25,29,100000,cooling,132,33000,352044,29000,0.7349366604148315,0,0,0,0,1.0,0.0,True,False
1024,256,1.25,29,100000,cooling,133,33250,354711,29000,0.7319855141932443,0,0,0,0,1.0,0.0,True,False
1024,256,1.25,29,100000,cooling,134,33500,357378,29000,0.7290462183316819,0,0,0,0,1.0,0.0,True,False
1024,256,1.25,29,100000,cooling,135,33750,360045,29000,0.7261187252448933,0,0,0,0,1.0,0.0,True,False
1024,256,1.25,29,100000,cooling,136,34000,362712,29000,0.723202987538707,0,0,0,0,1.0,0.0,True,False
1024,256,1.25,29,100000,cooling,137,34250,365379,29000,0.7202989580092635,0,0,0,0,1.0,0.0,True,False
1024,256,1.25,29,100000,cooling,138,34500,368046,29000,0.7174065896422505,0,0,0,0,1.0,0.0,True,False
1024,256,1.25,29,100000,cooling,139,34750,370713,29000,0.714525835612142,0,0,0,0,1.0,0.0,True,False
1024,256,1.25,29,100000,cooling,140,35000,373380,29000,0.7116566492814413,0,0,0,0,1.0,0.0,True,False
1024,256,1.25,29,100000,cooling,141,35250,376047,29000,0.7087989841999242,0,0,0,0,1.0,0.0,True,False
1024,256,1.25,29,100000,cooling,142,35500,378714,29000,0.7059527941038883,0,0,0,0,1.0,0.0,True,False
1024,256,1.25,29,100000,cooling,143,35750,381381,29000,0.7031180329154036,0,0,0,0,1.0,0.0,True,False
1024,256,1.25,29,100000,cooling,144,36000,384048,29000,0.7002946547415665,0,0,0,0,1.0,0.0,True,False
1024,256,1.25,29,100000,cooling,145,36250,386715,29000,0.6974826138737565,0,0,0,0,1.0,0.0,True,False
1024,256,1.25,29,100000,cooling,146,36500,389382,29000,0.6946818647868973,0,0,0,0,1.0,0.0,True,False
1024,256,1.25,29,100000,cooling,147,36750,392049,29000,0.6918923621387185,0,0,0,0,1.0,0.0,True,False
1024,256,1.25,29,100000,cooling,148,37000,394716,29000,0.689114060769022,0,0,0,0,1.0,0.0,True,False
1024,256,1.25,29,100000,cooling,149,37250,397383,29000,0.6863469156989515,0,0,0,0,1.0,0.0,True,False
1024,256,1.25,29,100000,cooling,150,37500,400050,29000,0.6835908821302632,0,0,0,0,1.0,0.0,True,False
1024,256,1.25,29,100000,cooling,151,37750,402717,29000,0.6808459154446016,0,0,0,0,1.0,0.0,True,False
1024,256,1.25,29,100000,cooling,152,38000,405384,29000,0.6781119712027766,0,0,0,0,1.0,0.0,True,False
1024,256,1.25,29,100000,cooling,153,38250,408051,29000,0.6753890051440437,0,0,0,0,1.0,0.0,True,False
1024,256,1.25,29,100000,cooling,154,38500,410718,29000,0.6726769731853885,0,0,0,0,1.0,0.0,True,False
1024,256,1.25,29,100000,cooling,155,38750,413385,29000,0.6699758314208122,0,0,0,0,1.0,0.0,True,False
1024,256,1.25,29,100000,cooling,156,39000,416052,29000,0.6672855361206211,0,0,0,0,1.0,0.0,True,False
1024,256,1.25,29,100000,cooling,157,39250,418719,29000,0.6646060437307184,0,0,0,0,1.0,0.0,True,False
1024,256,1.25,29,100000,cooling,158,39500,421386,29000,0.6619373108718993,0,0,0,0,1.0,0.0,True,False
1024,256,1.25,29,100000,cooling,159,39750,424053,29000,0.6592792943391488,0,0,0,0,1.0,0.0,True,False
1024,256,1.25,29,100000,cooling,160,40000,426720,29000,0.6566319511009417,0,0,0,0,1.0,0.0,True,False
1024,256,1.25,29,100000,cooling,161,40250,429387,29000,0.6539952382985472,0,0,0,0,1.0,0.0,True,False
1024,256,1.25,29,100000,cooling,162,40500,432054,29000,0.6513691132453334,0,0,0,0,1.0,0.0,True,False
1024,256,1.25,29,100000,cooling,163,40750,434721,29000,0.6487535334260774,0,0,0,0,1.0,0.0,True,False
1024,256,1.25,29,100000,cooling,164,41000,437388,29000,0.6461484564962765,0,0,0,0,1.0,0.0,True,False
1024,256,1.25,29,100000,cooling,165,41250,440055,29000,0.6435538402814628,0,0,0,0,1.0,0.0,True,False
1024,256,1.25,29,100000,cooling,166,41500,442722,29000,0.6409696427765208,0,0,0,0,1.0,0.0,True,False
1024,256,1.25,29,100000,cooling,167,41750,445389,29000,0.6383958221450063,0,0,0,0,1.0,0.0,True,False
1024,256,1.25,29,100000,cooling,168,42000,448056,29000,0.6358323367184706,0,0,0,0,1.0,0.0,True,False
1024,256,1.25,29,100000,cooling,169,42250,450723,29000,0.6332791449957847,0,0,0,0,1.0,0.0,True,False
1024,256,1.25,29,100000,cooling,170,42500,453390,29000,0.6307362056424677,0,0,0,0,1.0,0.0,True,False
1024,256,1.25,29,100000,cooling,171,42750,456057,29000,0.6282034774900181,0,0,0,0,1.0,0.0,True,False
1024,256,1.25,29,100000,cooling,172,43000,458724,29000,0.6256809195352468,0,0,0,0,1.0,0.0,True,False
1024,256,1.25,29,100000,cooling,173,43250,461391,29000,0.6231684909396134,0,0,0,0,1.0,0.0,True,False
1024,256,1.25,29,100000,cooling,174,43500,464058,29000,0.620666151028565,0,0,0,0,1.0,0.0,True,False
1024,256,1.25,29,100000,cooling,175,43750,466725,29000,0.6181738592908783,0,0,0,0,1.0,0.0,True,False
1024,256,1.25,29,100000,cooling,176,44000,469392,29000,0.6156915753780029,0,0,0,0,1.0,0.0,True,False
1024,256,1.25,29,100000,cooling,177,44250,472059,29000,0.6132192591034082,0,0,0,0,1.0,0.0,True,False
1024,256,1.25,29,100000,cooling,178,44500,474726,29000,0.6107568704419337,0,0,0,0,1.0,0.0,True,False
1024,256,1.25,29,100000,cooling,179,44750,477393,29000,0.6083043695291399,0,0,0,0,1.0,0.0,True,False
1024,256,1.25,29,100000,cooling,180,45000,480060,29000,0.6058617166606634,0,0,0,0,1.0,0.0,True,False
1024,256,1.25,29,100000,cooling,181,45250,482727,29000,0.6034288722915743,0,0,0,0,1.0,0.0,True,False
1024,256,1.25,29,100000,cooling,182,45500,485394,29000,0.6010057970357356,0,0,0,0,1.0,0.0,True,False
1024,256,1.25,29,100000,cooling,183,45750,488061,29000,0.5985924516651662,0,0,0,0,1.0,0.0,True,False
1024,256,1.25,29,100000,cooling,184,46000,490728,29000,0.5961887971094048,0,0,0,0,1.0,0.0,True,False
1024,256,1.25,29,100000,cooling,185,46250,493395,29000,0.5937947944548781,0,0,0,0,1.0,0.0,True,False
1024,256,1.25,29,100000,cooling,186,46500,496062,29000,0.5914104049442713,0,0,0,0,1.0,0.0,True,False
1024,256,1.25,29,100000,cooling,187,46750,498729,29000,0.5890355899758991,0,0,0,0,1.0,0.0,True,False
1024,256,1.25,29,100000,cooling,188,47000,501396,29000,0.5866703111030825,0,0,0,0,1.0,0.0,True,False
1024,256,1.25,29,100000,cooling,189,47250,504063,29000,0.5843145300335248,0,0,0,0,1.0,0.0,True,False
1024,256,1.25,29,100000,cooling,190,47500,506730,29000,0.5819682086286931,0,0,0,0,1.0,0.0,True,False
1024,256,1.25,29,100000,cooling,191,47750,509397,29000,0.5796313089031999,0,0,0,0,1.0,0.0,True,False
1024,256,1.25,29,100000,cooling,192,48000,512064,29000,0.5773037930241883,0,0,0,0,1.0,0.0,True,False
1024,256,1.25,29,100000,cooling,193,48250,514731,29000,0.5749856233107199,0,0,0,0,1.0,0.0,True,False
1024,256,1.25,29,100000,cooling,194,48500,517398,29000,0.5726767622331645,0,0,0,0,1.0,0.0,True,False
1024,256,1.25,29,100000,cooling,195,48750,520065,29000,0.5703771724125926,0,0,0,0,1.0,0.0,True,False
1024,256,1.25,29,100000,cooling,196,49000,522732,29000,0.5680868166201698,0,0,0,0,1.0,0.0,True,False
1024,256,1.25,29,100000,cooling,197,49250,525399,29000,0.565805657776555,0,0,0,0,1.0,0.0,True,False
1024,256,1.25,29,100000,cooling,198,49500,528066,29000,0.5635336589512993,0,0,0,0,1.0,0.0,True,False
1024,256,1.25,29,100000,cooling,199,49750,530733,29000,0.5612707833622484,0,0,0,0,1.0,0.0,True,False
1024,256,1.25,29,100000,cooling,200,50000,533400,29000,0.5590169943749475,0,0,0,0,1.0,0.0,True,False
1024,256,1.25,29,100000,cooling,201,50250,536067,29000,0.5567722555020473,0,0,0,0,1.0,0.0,True,False
1024,256,1.25,29,100000,cooling,202,50500,538734,29000,0.5545365304027143,0,0,0,0,1.0,0.0,True,False
1024,256,1.25,29,100000,cooling,203,50750,541401,29000,0.552309782882042,0,0,0,0,1.0,0.0,True,False
1024,256,1.25,29,100000,cooling,204,51000,544068,29000,0.5500919768904645,0,0,0,0,1.0,0.0,True,False
1024,256,1.25,29,100000,cooling,205,51250,546735,29000,0.5478830765231739,0,0,0,0,1.0,0.0,True,False
1024,256,1.25,29,100000,cooling,206,51500,549402,29000,0.5456830460195381,0,0,0,0,1.0,0.0,True,False
1024,256,1.25,29,100000,cooling,207,51750,552069,29000,0.5434918497625223,0,0,0,0,1.0,0.0,True,False
1024,256,1.25,29,100000,cooling,208,52000,554736,29000,0.5413094522781122,0,0,0,0,1.0,0.0,True,False
1024,256,1.25,29,100000,cooling,209,52250,557403,29000,0.5391358182347401,0,0,0,0,1.0,0.0,True,False
1024,256,1.25,29,100000,cooling,210,52500,560070,29000,0.5369709124427122,0,0,0,0,1.0,0.0,True,False
1024,256,1.25,29,100000,cooling,211,52750,562737,29000,0.5348146998536395,0,0,0,0,1.0,0.0,True,False
1024,256,1.25,29,100000,cooling,212,53000,565404,29000,0.5326671455598703,0,0,0,0,1.0,0.0,True,False
1024,256,1.25,29,100000,cooling,213,53250,568071,29000,0.5305282147939248,0,0,0,0,1.0,0.0,True,False
1024,256,1.25,29,100000,cooling,214,53500,570738,29000,0.5283978729279322,0,0,0,0,1.0,0.0,True,False
1024,256,1.25,29,100000,cooling,215,53750,573405,29000,0.5262760854730708,0,0,0,0,1.0,0.0,True,False
1024,256,1.25,29,100000,cooling,216,54000,576072,29000,0.5241628180790088,0,0,0,0,1.0,0.0,True,False
1024,256,1.25,29,100000,cooling,217,54250,578739,29000,0.5220580365333486,0,0,0,0,1.0,0.0,True,False
1024,256,1.25,29,100000,cooling,218,54500,581406,29000,0.5199617067610728,0,0,0,0,1.0,0.0,True,False
1024,256,1.25,29,100000,cooling,219,54750,584073,29000,0.5178737948239927,0,0,0,0,1.0,0.0,True,False
1024,256,1.25,29,100000,cooling,220,55000,586740,29000,0.5157942669201987,0,0,0,0,1.0,0.0,True,False
1024,256,1.25,29,100000,cooling,221,55250,589407,29000,0.5137230893835133,0,0,0,0,1.0,0.0,True,False
1024,256,1.25,29,100000,cooling,222,55500,592074,29000,0.5116602286829456,0,0,0,0,1.0,0.0,True,False
1024,256,1.25,29,100000,cooling,223,55750,594741,29000,0.5096056514221491,0,0,0,0,1.0,0.0,True,False
1024,256,1.25,29,100000,cooling,224,56000,597408,29000,0.5075593243388804,0,0,0,0,1.0,0.0,True,False
1024,256,1.25,29,100000,cooling,225,56250,600075,29000,0.5055212143044613,0,0,0,0,1.0,0.0,True,False
1024,256,1.25,29,100000,cooling,226,56500,602742,29000,0.5034912883232419,0,0,0,0,1.0,0.0,True,False
1024,256,1.25,29,100000,cooling,227,56750,605409,29000,0.5014695135320667,0,0,0,0,1.0,0.0,True,False
1024,256,1.25,29,100000,cooling,228,57000,608076,29000,0.4994558571997429,0,0,0,0,1.0,0.0,True,False
1024,256,1.25,29,100000,cooling,229,57250,610743,29000,0.49745028672650965,0,0,0,0,1.0,0.0,True,False
1024,256,1.25,29,100000,cooling,230,57500,613410,29000,0.4954527696435115,0,0,0,0,1.0,0.0,True,False
1024,256,1.25,29,100000,cooling,231,57750,616077,29000,0.49346327361227116,0,0,0,0,1.0,0.0,True,False
1024,256,1.25,29,100000,cooling,232,58000,618744,29000,0.4914817664241675,0,0,0,0,1.0,0.0,True,False
1024,256,1.25,29,100000,cooling,233,58250,621411,29000,0.48950821599991334,0,0,0,0,1.0,0.0,True,False
1024,256,1.25,29,100000,cooling,234,58500,624078,29000,0.4875425903890362,0,0,0,0,1.0,0.0,True,False
1024,256,1.25,29,100000,cooling,235,58750,626745,29000,0.4855848577693608,0,0,0,0,1.0,0.0,True,False
1024,256,1.25,29,100000,cooling,236,59000,629412,29000,0.48363498644649455,0,0,0,0,1.0,0.0,True,False
1024,256,1.25,29,100000,cooling,237,59250,632079,29000,0.4816929448533139,0,0,0,0,1.0,0.0,True,False
1024,256,1.25,29,100000,cooling,238,59500,634746,29000,0.4797587015494534,0,0,0,0,1.0,0.0,True,False
1024,256,1.25,29,100000,cooling,239,59750,637413,29000,0.47783222522079666,0,0,0,0,1.0,0.0,True,False
1024,256,1.25,29,100000,cooling,240,60000,640080,29000,0.47591348467896966,0,0,0,0,1.0,0.0,True,False
1024,256,1.25,29,100000,cooling,241,60250,642747,29000,0.4740024488608354,0,0,0,0,1.0,0.0,True,False
1024,256,1.25,29,100000,cooling,242,60500,645414,29000,0.4720990868279915,0,0,0,0,1.0,0.0,True,False
1024,256,1.25,29,100000,cooling,243,60750,648081,29000,0.4702033677662689,0,0,0,0,1.0,0.0,True,False
1024,256,1.25,29,100000,cooling,244,61000,650748,29000,0.46831526098523335,0,0,0,0,1.0,0.0,True,False
1024,256,1.25,29,100000,cooling,245,61250,653415,29000,0.4664347359176879,0,0,0,0,1.0,0.0,True,False
1024,256,1.25,29,100000,cooling,246,61500,656082,29000,0.4645617621191793,0,0,0,0,1.0,0.0,True,False
1024,256,1.25,29,100000,cooling,247,61750,658749,29000,0.46269630926750355,0,0,0,0,1.0,0.0,True,False
1024,256,1.25,29,100000,cooling,248,62000,661416,29000,0.4608383471622164,0,0,0,0,1.0,0.0,True,False
1024,256,1.25,29,100000,cooling,249,62250,664083,29000,0.45898784572414336,0,0,0,0,1.0,0.0,True,False
1024,256,1.25,29,100000,cooling,250,62500,666750,29000,0.45714477499489364,0,0,0,0,1.0,0.0,True,False
1024,256,1.25,29,100000,cooling,251,62750,669417,29000,0.4553091051363742,0,0,0,0,1.0,0.0,True,False
1024,256,1.25,29,100000,cooling,252,63000,672084,29000,0.45348080643030747,0,0,0,0,1.0,0.0,True,False
1024,256,1.25,29,100000,cooling,253,63250,674751,29000,0.4516598492777501,0,0,0,0,1.0,0.0,True,False
1024,256,1.25,29,100000,cooling,254,63500,677418,29000,0.4498462041986132,0,0,0,0,1.0,0.0,True,False
1024,256,1.25,29,100000,cooling,255,63750,680085,29000,0.44803984183118595,0,0,0,0,1.0,0.0,True,False
1024,256,1.25,29,100000,cooling,256,64000,682752,29000,0.44624073293165945,0,0,0,0,1.0,0.0,True,False
1024,256,1.25,29,100000,cooling,257,64250,685419,29000,0.44444884837365395,0,0,0,0,1.0,0.0,True,False
1024,256,1.25,29,100000,cooling,258,64500,688086,29000,0.4426641591477466,0,0,0,0,1.0,0.0,True,False
1024,256,1.25,29,100000,cooling,259,64750,690753,29000,0.4408866363610026,0,0,0,0,1.0,0.0,True,False
1024,256,1.25,29,100000,cooling,260,65000,693420,29000,0.4391162512365068,0,0,0,0,1.0,0.0,True,False
1024,256,1.25,29,100000,cooling,261,65250,696087,29000,0.4373529751128983,0,0,0,0,1.0,0.0,True,False
1024,256,1.25,29,100000,cooling,262,65500,698754,29000,0.43559677944390585,0,0,0,0,1.0,0.0,True,False
1024,256,1.25,29,100000,cooling,263,65750,701421,29000,0.43384763579788643,0,0,0,0,1.0,0.0,True,False
1024,256,1.25,29,100000,cooling,264,66000,704088,29000,0.43210551585736423,0,0,0,0,1.0,0.0,True,False
1024,256,1.25,29,100000,cooling,265,66250,706755,29000,0.43037039141857303,0,0,0,0,1.0,0.0,True,False
1024,256,1.25,29,100000,cooling,266,66500,709422,29000,0.4286422343909987,0,0,0,0,1.0,0.0,True,False
1024,256,1.25,29,100000,cooling,267,66750,712089,29000,0.4269210167969252,0,0,0,0,1.0,0.0,True,False
1024,256,1.25,29,100000,cooling,268,67000,714756,29000,0.4252067107709811,0,0,0,0,1.0,0.0,True,False
1024,256,1.25,29,100000,cooling,269,67250,717423,29000,0.4234992885596889,0,0,0,0,1.0,0.0,True,False
1024,256,1.25,29,100000,cooling,270,67500,720090,29000,0.42179872252101513,0,0,0,0,1.0,0.0,True,False
1024,256,1.25,29,100000,cooling,271,67750,722757,29000,0.42010498512392364,0,0,0,0,1.0,0.0,True,False
1024,256,1.25,29,100000,cooling,272,68000,725424,29000,0.4184180489479291,0,0,0,0,1.0,0.0,True,False
1024,256,1.25,29,100000,cooling,273,68250,728091,29000,0.4167378866826537,0,0,0,0,1.0,0.0,True,False
1024,256,1.25,29,100000,cooling,274,68500,730758,29000,0.4150644711273846,0,0,0,0,1.0,0.0,True,False
1024,256,1.25,29,100000,cooling,275,68750,733425,29000,0.4133977751906338,0,0,0,0,1.0,0.0,True,False
1024,256,1.25,29,100000,cooling,276,69000,736092,29000,0.41173777188969946,0,0,0,0,1.0,0.0,True,False
1024,256,1.25,29,100000,cooling,277,69250,738759,29000,0.41008443435022884,0,0,0,0,1.0,0.0,True,False
1024,256,1.25,29,100000,cooling,278,69500,741426,29000,0.4084377358057839,0,0,0,0,1.0,0.0,True,False
1024,256,1.25,29,100000,cooling,279,69750,744093,29000,0.4067976495974071,0,0,0,0,1.0,0.0,True,False
1024,256,1.25,29,100000,cooling,280,70000,746760,29000,0.40516414917319066,0,0,0,0,1.0,0.0,True,False
1024,256,1.25,29,100000,cooling,281,70250,749427,29000,0.40353720808784577,0,0,0,0,1.0,0.0,True,False
1024,256,1.25,29,100000,cooling,282,70500,752094,29000,0.4019168000022755,0,0,0,0,1.0,0.0,True,False
1024,256,1.25,29,100000,cooling,283,70750,754761,29000,0.4003028986831474,0,0,0,0,1.0,0.0,True,False
1024,256,1.25,29,100000,cooling,284,71000,757428,29000,0.39869547800246957,0,0,0,0,1.0,0.0,True,False
1024,256,1.25,29,100000,cooling,285,71250,760095,29000,0.3970945119371671,0,0,0,0,1.0,0.0,True,False
1024,256,1.25,29,100000,cooling,286,71500,762762,29000,0.3954999745686613,0,0,0,0,1.0,0.0,True,False
1024,256,1.25,29,100000,cooling,287,71750,765429,29000,0.3939118400824495,0,0,0,0,1.0,0.0,True,False
1024,256,1.25,29,100000,cooling,288,72000,768096,29000,0.3923300827676878,0,0,0,0,1.0,0.0,True,False
1024,256,1.25,29,100000,cooling,289,72250,770763,29000,0.3907546770167741,0,0,0,0,1.0,0.0,True,False
1024,256,1.25,29,100000,cooling,290,72500,773430,29000,0.38918559732493424,0,0,0,0,1.0,0.0,True,False
1024,256,1.25,29,100000,cooling,291,72750,776097,29000,0.3876228182898085,0,0,0,0,1.0,0.0,True,False
1024,256,1.25,29,100000,cooling,292,73000,778764,29000,0.3860663146110409,0,0,0,0,1.0,0.0,True,False
1024,256,1.25,29,100000,cooling,293,73250,781431,29000,0.38451606108986897,0,0,0,0,1.0,0.0,True,False
1024,256,1.25,29,100000,cooling,294,73500,784098,29000,0.38297203262871643,0,0,0,0,1.0,0.0,True,False
1024,256,1.25,29,100000,cooling,295,73750,786765,29000,0.3814342042307864,0,0,0,0,1.0,0.0,True,False
1024,256,1.25,29,100000,cooling,296,74000,789432,29000,0.3799025509996571,0,0,0,0,1.0,0.0,True,False
1024,256,1.25,29,100000,cooling,297,74250,792099,29000,0.37837704813887846,0,0,0,0,1.0,0.0,True,False
1024,256,1.25,29,100000,cooling,298,74500,794766,29000,0.37685767095157086,0,0,0,0,1.0,0.0,True,False
1024,256,1.25,29,100000,cooling,299,74750,797433,29000,0.3753443948400253,0,0,0,0,1.0,0.0,True,False
1024,256,1.25,29,100000,cooling,300,75000,800100,29000,0.3738371953053052,0,0,0,0,1.0,0.0,True,False
1024,256,1.25,29,100000,cooling,301,75250,802767,29000,0.37233604794684955,0,0,0,0,1.0,0.0,True,False
1024,256,1.25,29,100000,cooling,302,75500,805434,29000,0.3708409284620781,0,0,0,0,1.0,0.0,True,False
1024,256,1.25,29,100000,cooling,303,75750,808101,29000,0.3693518126459982,0,0,0,0,1.0,0.0,True,False
1024,256,1.25,29,100000,cooling,304,76000,810768,29000,0.3678686763908121,0,0,0,0,1.0,0.0,True,False
1024,256,1.25,29,100000,cooling,305,76250,813435,29000,0.3663914956855277,0,0,0,0,1.0,0.0,True,False
1024,256,1.25,29,100000,cooling,306,76500,816102,29000,0.3649202466155688,0,0,0,0,1.0,0.0,True,False
1024,256,1.25,29,100000,cooling,307,76750,818769,29000,0.3634549053623889,0,0,0,0,1.0,0.0,True,False
1024,256,1.25,29,100000,cooling,308,77000,821436,29000,0.3619954482030847,0,0,0,0,1.0,0.0,True,False
1024,256,1.25,29,100000,cooling,309,77250,824103,29000,0.3605418515100129,0,0,0,0,1.0,0.0,True,False
1024,256,1.25,29,100000,cooling,310,77500,826770,29000,0.35909409175040696,0,0,0,0,1.0,0.0,True,False
1024,256,1.25,29,100000,cooling,311,77750,829437,29000,0.35765214548599655,0,0,0,0,1.0,0.0,True,False
1024,256,1.25,29,100000,cooling,312,78000,832104,29000,0.3562159893726279,0,0,0,0,1.0,0.0,True,False
1024,256,1.25,29,100000,cooling,313,78250,834771,29000,0.35478560015988597,0,0,0,0,1.0,0.0,True,False
1024,256,1.25,29,100000,cooling,314,78500,837438,29000,0.35336095469071804,0,0,0,0,1.0,0.0,True,False
1024,256,1.25,29,100000,cooling,315,78750,840105,29000,0.35194202990105894,0,0,0,0,1.0,0.0,True,False
1024,256,1.25,29,100000,cooling,316,79000,842772,29000,0.3505288028194572,0,0,0,0,1.0,0.0,True,False
1024,256,1.25,29,100000,cooling,317,79250,845439,29000,0.34912125056670357,0,0,0,0,1.0,0.0,True,False
1024,256,1.25,29,100000,cooling,318,79500,848106,29000,0.3477193503554607,0,0,0,0,1.0,0.0,True,False
1024,256,1.25,29,100000,cooling,319,79750,850773,29000,0.3463230794898939,0,0,0,0,1.0,0.0,True,False
1024,256,1.25,29,100000,cooling,320,80000,853440,29000,0.3449324153653037,0,0,0,0,1.0,0.0,True,False
1024,256,1.25,29,100000,cooling,321,80250,856107,29000,0.3435473354677604,0,0,0,0,1.0,0.0,True,False
1024,256,1.25,29,100000,cooling,322,80500,858774,29000,0.34216781737373886,0,0,0,0,1.0,0.0,True,False
1024,256,1.25,29,100000,cooling,323,80750,861441,29000,0.34079383874975616,0,0,0,0,1.0,0.0,True,False
1024,256,1.25,29,100000,cooling,324,81000,864108,29000,0.33942537735200956,0,0,0,0,1.0,0.0,True,False
1024,256,1.25,29,100000,cooling,325,81250,866775,29000,0.33806241102601664,0,0,0,0,1.0,0.0,True,False
1024,256,1.25,29,100000,cooling,326,81500,869442,29000,0.3367049177062564,0,0,0,0,1.0,0.0,True,False
1024,256,1.25,29,100000,cooling,327,81750,872109,29000,0.33535287541581227,0,0,0,0,1.0,0.0,True,False
1024,256,1.25,29,100000,cooling,328,82000,874776,29000,0.3340062622660164,0,0,0,0,1.0,0.0,True,False
1024,256,1.25,29,100000,cooling,329,82250,877443,29000,0.3326650564560947,0,0,0,0,1.0,0.0,True,False
1024,256,1.25,29,100000,cooling,330,82500,880110,29000,0.3313292362728148,0,0,0,0,1.0,0.0,True,False
1024,256,1.25,29,100000,cooling,331,82750,882777,29000,0.3299987800901338,0,0,0,0,1.0,0.0,True,False
1024,256,1.25,29,100000,cooling,332,83000,885444,29000,0.32867366636884837,0,0,0,0,1.0,0.0,True,False
1024,256,1.25,29,100000,cooling,333,83250,888111,29000,0.32735387365624635,0,0,0,0,1.0,0.0,True,False
1024,256,1.25,29,100000,cooling,334,83500,890778,29000,0.3260393805857589,0,0,0,0,1.0,0.0,True,False
1024,256,1.25,29,100000,cooling,335,83750,893445,29000,0.32473016587661485,0,0,0,0,1.0,0.0,True,False
1024,256,1.25,29,100000,cooling,336,84000,896112,29000,0.32342620833349656,0,0,0,0,1.0,0.0,True,False
1024,256,1.25,29,100000,cooling,337,84250,898779,29000,0.32212748684619597,0,0,0,0,1.0,0.0,True,False
1024,256,1.25,29,100000,cooling,338,84500,901446,29000,0.3208339803892737,0,0,0,0,1.0,0.0,True,False
1024,256,1.25,29,100000,cooling,339,84750,904113,29000,0.3195456680217179,0,0,0,0,1.0,0.0,True,False
1024,256,1.25,29,100000,cooling,340,85000,906780,29000,0.3182625288866059,0,0,0,0,1.0,0.0,True,False
1024,256,1.25,29,100000,cooling,341,85250,909447,29000,0.31698454221076594,0,0,0,0,1.0,0.0,True,False
1024,256,1.25,29,100000,cooling,342,85500,912114,29000,0.3157116873044414,0,0,0,0,1.0,0.0,True,False
1024,256,1.25,29,100000,cooling,343,85750,914781,29000,0.3144439435609554,0,0,0,0,1.0,0.0,True,False
1024,256,1.25,29,100000,cooling,344,86000,917448,29000,0.31318129045637755,0,0,0,0,1.0,0.0,True,False
1024,256,1.25,29,100000,cooling,345,86250,920115,29000,0.3119237075491915,0,0,0,0,1.0,0.0,True,False
1024,256,1.25,29,100000,cooling,346,86500,922782,29000,0.310671174479964,0,0,0,0,1.0,0.0,True,False
1024,256,1.25,29,100000,cooling,347,86750,925449,29000,0.30942367097101525,0,0,0,0,1.0,0.0,True,False
1024,256,1.25,29,100000,cooling,348,87000,928116,29000,0.30818117682609086,0,0,0,0,1.0,0.0,True,False
1024,256,1.25,29,100000,cooling,349,87250,930783,29000,0.3069436719300346,0,0,0,0,1.0,0.0,True,False
1024,256,1.25,29,100000,cooling,350,87500,933450,29000,0.30571113624846297,0,0,0,0,1.0,0.0,True,False
1024,256,1.25,29,100000,cooling,351,87750,936117,29000,0.3044835498274407,0,0,0,0,1.0,0.0,True,False
1024,256,1.25,29,100000,cooling,352,88000,938784,29000,0.3032608927931576,0,0,0,0,1.0,0.0,True,False
1024,256,1.25,29,100000,cooling,353,88250,941451,29000,0.30204314535160737,0,0,0,0,1.0,0.0,True,False
1024,256,1.25,29,100000,cooling,354,88500,944118,29000,0.30083028778826637,0,0,0,0,1.0,0.0,True,False
1024,256,1.25,29,100000,cooling,355,88750,946785,29000,0.29962230046777516,0,0,0,0,1.0,0.0,True,False
1024,256,1.25,29,100000,cooling,356,89000,949452,29000,0.29841916383362005,0,0,0,0,1.0,0.0,True,False
1024,256,1.25,29,100000,cooling,357,89250,952119,29000,0.29722085840781687,0,0,0,0,1.0,0.0,True,False
1024,256,1.25,29,100000,cooling,358,89500,954786,29000,0.2960273647905955,0,0,0,0,1.0,0.0,True,False
1024,256,1.25,29,100000,cooling,359,89750,957453,29000,0.29483866366008576,0,0,0,0,1.0,0.0,True,False
1024,256,1.25,29,100000,cooling,360,90000,960120,29000,0.29365473577200474,0,0,0,0,1.0,0.0,True,False
1024,256,1.25,29,100000,cooling,361,90250,962787,29000,0.2924755619593451,0,0,0,0,1.0,0.0,True,False
1024,256,1.25,29,100000,cooling,362,90500,965454,29000,0.29130112313206485,0,0,0,0,1.0,0.0,True,False
1024,256,1.25,29,100000,cooling,363,90750,968121,29000,0.2901314002767782,0,0,0,0,1.0,0.0,True,False
1024,256,1.25,29,100000,cooling,364,91000,970788,29000,0.2889663744564479,0,0,0,0,1.0,0.0,True,False
1024,256,1.25,29,100000,cooling,365,91250,973455,29000,0.2878060268100786,0,0,0,0,1.0,0.0,True,False
1024,256,1.25,29,100000,cooling,366,91500,976122,29000,0.28665033855241145,0,0,0,0,1.0,0.0,True,False
1024,256,1.25,29,100000,cooling,367,91750,978789,29000,0.2854992909736199,0,0,0,0,1.0,0.0,True,False
1024,256,1.25,29,100000,cooling,368,92000,981456,29000,0.2843528654390072,0,0,0,0,1.0,0.0,True,False
1024,256,1.25,29,100000,cooling,369,92250,984123,29000,0.2832110433887041,0,0,0,0,1.0,0.0,True,False
1024,256,1.25,29,100000,cooling,370,92500,986790,29000,0.2820738063373689,0,0,0,0,1.0,0.0,True,False
1024,256,1.25,29,100000,cooling,371,92750,989457,29000,0.2809411358738879,0,0,0,0,1.0,0.0,True,False
1024,256,1.25,29,100000,cooling,372,93000,992124,29000,0.2798130136610776,0,0,0,0,1.0,0.0,True,False
1024,256,1.25,29,100000,cooling,373,93250,994791,29000,0.2786894214353875,0,0,0,0,1.0,0.0,True,False
1024,256,1.25,29,100000,cooling,374,93500,997458,29000,0.2775703410066045,0,0,0,0,1.0,0.0,True,False
1024,256,1.25,29,100000,cooling,375,93750,1000125,29000,0.2764557542575588,0,0,0,0,1.0,0.0,True,False
1024,256,1.25,29,100000,cooling,376,94000,1002792,29000,0.2753456431438301,0,0,0,0,1.0,0.0,True,False
1024,256,1.25,29,100000,cooling,377,94250,1005459,29000,0.27423998969345553,0,0,0,0,1.0,0.0,True,False
1024,256,1.25,29,100000,cooling,378,94500,1008126,29000,0.2731387760066392,0,0,0,0,1.0,0.0,True,False
1024,256,1.25,29,100000,cooling,379,94750,1010793,29000,0.2720419842554617,0,0,0,0,1.0,0.0,True,False
1024,256,1.25,29,100000,cooling,380,95000,1013460,29000,0.2709495966835921,0,0,0,0,1.0,0.0,True,False
1024,256,1.25,29,100000,cooling,381,95250,1016127,29000,0.26986159560599987,0,0,0,0,1.0,0.0,True,False
1024,256,1.25,29,100000,cooling,382,95500,1018794,29000,0.26877796340866933,0,0,0,0,1.0,0.0,True,False
1024,256,1.25,29,100000,cooling,383,95750,1021461,29000,0.26769868254831375,0,0,0,0,1.0,0.0,True,False
1024,256,1.25,29,100000,cooling,384,96000,1024128,29000,0.26662373555209185,0,0,0,0,1.0,0.0,True,False
1024,256,1.25,29,100000,cooling,385,96250,1026795,29000,0.2655531050173246,0,0,0,0,1.0,0.0,True,False
1024,256,1.25,29,100000,cooling,386,96500,1029462,29000,0.2644867736112137,0,0,0,0,1.0,0.0,True,False
1024,256,1.25,29,100000,cooling,387,96750,1032129,29000,0.26342472407056083,0,0,0,0,1.0,0.0,True,False
1024,256,1.25,29,100000,cooling,388,97000,1034796,29000,0.2623669392014884,0,0,0,0,1.0,0.0,True,False
1024,256,1.25,29,100000,cooling,389,97250,1037463,29000,0.2613134018791608,0,0,0,0,1.0,0.0,True,False
1024,256,1.25,29,100000,cooling,390,97500,1040130,29000,0.2602640950475075,0,0,0,0,1.0,0.0,True,False
1024,256,1.25,29,100000,cooling,391,97750,1042797,29000,0.25921900171894674,0,0,0,0,1.0,0.0,True,False
1024,256,1.25,29,100000,cooling,392,98000,1045464,29000,0.25817810497411076,0,0,0,0,1.0,0.0,True,False
1024,256,1.25,29,100000,cooling,393,98250,1048131,29000,0.2571413879615715,0,0,0,0,1.0,0.0,True,False
1024,256,1.25,29,100000,cooling,394,98500,1050798,29000,0.25610883389756806,0,0,0,0,1.0,0.0,True,False
1024,256,1.25,29,100000,cooling,395,98750,1053465,29000,0.25508042606573494,0,0,0,0,1.0,0.0,True,False
1024,256,1.25,29,100000,cooling,396,99000,1056132,29000,0.2540561478168314,0,0,0,0,1.0,0.0,True,False
1024,256,1.25,29,100000,cooling,397,99250,1058799,29000,0.2530359825684719,0,0,0,0,1.0,0.0,True,False
1024,256,1.25,29,100000,cooling,398,99500,1061466,29000,0.2520199138048576,0,0,0,0,1.0,0.0,True,False
1024,256,1.25,29,100000,cooling,399,99750,1064133,29000,0.2510079250765091,0,0,0,0,1.0,0.0,True,False
1024,256,1.25,29,100000,cooling,400,100000,1066800,29000,0.25,0,0,0,0,1.0,0.0,True,False
1024,256,1.25,29,100000,hold,401,100250,1069467,29000,0.25,0,0,0,0,1.0,0.0,True,False
1024,256,1.25,29,100000,hold,402,100500,1072134,29000,0.25,0,0,0,0,1.0,0.0,True,False
1024,256,1.25,29,100000,hold,403,100750,1074801,29000,0.25,0,0,0,0,1.0,0.0,True,False
1024,256,1.25,29,100000,hold,404,101000,1077468,29000,0.25,0,0,0,0,1.0,0.0,True,False
1024,256,1.25,29,100000,hold,405,101250,1080135,29000,0.25,0,0,0,0,1.0,0.0,True,False
1024,256,1.25,29,100000,hold,406,101500,1082802,29000,0.25,0,0,0,0,1.0,0.0,True,False
1024,256,1.25,29,100000,hold,407,101750,1085469,29000,0.25,0,0,0,0,1.0,0.0,True,False
1024,256,1.25,29,100000,hold,408,102000,1088136,29000,0.25,0,0,0,0,1.0,0.0,True,False
1024,256,1.25,29,100000,hold,409,102250,1090803,29000,0.25,0,0,0,0,1.0,0.0,True,False
1024,256,1.25,29,100000,hold,410,102500,1093470,29000,0.25,0,0,0,0,1.0,0.0,True,False
1024,256,1.25,29,100000,hold,411,102750,1096137,29000,0.25,0,0,0,0,1.0,0.0,True,False
1024,256,1.25,29,100000,hold,412,103000,1098804,29000,0.25,0,0,0,0,1.0,0.0,True,False
1024,256,1.25,29,100000,hold,413,103250,1101471,29000,0.25,0,0,0,0,1.0,0.0,True,False
1024,256,1.25,29,100000,hold,414,103500,1104138,29000,0.25,0,0,0,0,1.0,0.0,True,False
1024,256,1.25,29,100000,hold,415,103750,1106805,29000,0.25,0,0,0,0,1.0,0.0,True,False
1024,256,1.25,29,100000,hold,416,104000,1109472,29000,0.25,0,0,0,0,1.0,0.0,True,False
1024,256,1.25,29,100000,hold,417,104250,1112139,29000,0.25,0,0,0,0,1.0,0.0,True,False
1024,256,1.25,29,100000,hold,418,104500,1114806,29000,0.25,0,0,0,0,1.0,0.0,True,False
1024,256,1.25,29,100000,hold,419,104750,1117473,29000,0.25,0,0,0,0,1.0,0.0,True,False
1024,256,1.25,29,100000,hold,420,105000,1120140,29000,0.25,0,0,0,0,1.0,0.0,True,True
1024,256,1.25,30,,opening,0,0,0,25700,1.25,2,0,8,4,0.9921875,28.0,True,False
1024,256,1.25,30,100000,cooling,1,250,2667,25700,1.244980611288459,0,0,0,0,1.0,0.0,True,False
1024,256,1.25,30,100000,cooling,2,500,5334,25700,1.239981377987348,0,0,0,0,1.0,0.0,True,False
1024,256,1.25,30,100000,cooling,3,750,8001,25700,1.2350022191623955,0,0,0,0,1.0,0.0,True,False
1024,256,1.25,30,100000,cooling,4,1000,10668,25700,1.230043054204322,0,0,0,0,1.0,0.0,True,False
1024,256,1.25,30,100000,cooling,5,1250,13335,25700,1.225103802827536,0,0,0,0,1.0,0.0,True,False
1024,256,1.25,30,100000,cooling,6,1500,16002,25700,1.2201843850688332,0,0,0,0,1.0,0.0,True,False
1024,256,1.25,30,100000,cooling,7,1750,18669,25700,1.2152847212861027,0,0,0,0,1.0,0.0,True,False
1024,256,1.25,30,100000,cooling,8,2000,21336,25700,1.2104047321570373,0,0,0,0,1.0,0.0,True,False
1024,256,1.25,30,100000,cooling,9,2250,24003,25700,1.2055443386778495,0,0,0,0,1.0,0.0,True,False
1024,256,1.25,30,100000,cooling,10,2500,26670,25700,1.200703462161992,0,0,0,0,1.0,0.0,True,False
1024,256,1.25,30,100000,cooling,11,2750,29337,25700,1.1958820242388848,0,0,0,0,1.0,0.0,True,False
1024,256,1.25,30,100000,cooling,12,3000,32004,25700,1.1910799468526452,0,0,0,0,1.0,0.0,True,False
1024,256,1.25,30,100000,cooling,13,3250,34671,25700,1.1862971522608252,0,0,0,0,1.0,0.0,True,False
1024,256,1.25,30,100000,cooling,14,3500,37338,25700,1.1815335630331523,0,0,0,0,1.0,0.0,True,False
1024,256,1.25,30,100000,cooling,15,3750,40005,25700,1.1767891020502759,0,0,0,0,1.0,0.0,True,False
1024,256,1.25,30,100000,cooling,16,4000,42672,25700,1.1720636925025194,0,0,0,0,1.0,0.0,True,False
1024,256,1.25,30,100000,cooling,17,4250,45339,25700,1.167357257888636,0,0,0,0,1.0,0.0,True,False
1024,256,1.25,30,100000,cooling,18,4500,48006,25700,1.1626697220145708,0,0,0,0,1.0,0.0,True,False
1024,256,1.25,30,100000,cooling,19,4750,50673,25700,1.1580010089922264,0,0,0,0,1.0,0.0,True,False
1024,256,1.25,30,100000,cooling,20,5000,53340,25700,1.1533510432382355,0,0,0,0,1.0,0.0,True,False
1024,256,1.25,30,100000,cooling,21,5250,56007,25700,1.1487197494727361,0,0,0,0,1.0,0.0,True,False
1024,256,1.25,30,100000,cooling,22,5500,58674,25700,1.144107052718154,0,0,0,0,1.0,0.0,True,False
1024,256,1.25,30,100000,cooling,23,5750,61341,25700,1.1395128782979878,0,0,0,0,1.0,0.0,True,False
1024,256,1.25,30,100000,cooling,24,6000,64008,25700,1.1349371518356002,0,0,0,0,1.0,0.0,True,False
1024,256,1.25,30,100000,cooling,25,6250,66675,25700,1.1303797992530145,0,0,0,0,1.0,0.0,True,False
1024,256,1.25,30,100000,cooling,26,6500,69342,25700,1.1258407467697147,0,0,0,0,1.0,0.0,True,False
1024,256,1.25,30,100000,cooling,27,6750,72009,25700,1.1213199209014517,0,0,0,0,1.0,0.0,True,False
1024,256,1.25,30,100000,cooling,28,7000,74676,25700,1.1168172484590526,0,0,0,0,1.0,0.0,True,False
1024,256,1.25,30,100000,cooling,29,7250,77343,25700,1.1123326565472371,0,0,0,0,1.0,0.0,True,False
1024,256,1.25,30,100000,cooling,30,7500,80010,25700,1.1078660725634357,0,0,0,0,1.0,0.0,True,False
1024,256,1.25,30,100000,cooling,31,7750,82677,25700,1.1034174241966164,0,0,0,0,1.0,0.0,True,False
1024,256,1.25,30,100000,cooling,32,8000,85344,25700,1.098986639426112,0,0,0,0,1.0,0.0,True,False
1024,256,1.25,30,100000,cooling,33,8250,88011,25700,1.0945736465204563,0,0,0,0,1.0,0.0,True,False
1024,256,1.25,30,100000,cooling,34,8500,90678,25700,1.0901783740362203,0,0,0,0,1.0,0.0,True,False
1024,256,1.25,30,100000,cooling,35,8750,93345,25700,1.0858007508168575,0,0,0,0,1.0,0.0,True,False
1024,256,1.25,30,100000,cooling,36,9000,96012,25700,1.0814407059915512,0,0,0,0,1.0,0.0,True,False
1024,256,1.25,30,100000,cooling,37,9250,98679,25700,1.0770981689740673,0,0,0,0,1.0,0.0,True,False
1024,256,1.25,30,100000,cooling,38,9500,101346,25700,1.0727730694616113,0,0,0,0,1.0,0.0,True,False
1024,256,1.25,30,100000,cooling,39,9750,104013,25700,1.0684653374336908,0,0,0,0,1.0,0.0,True,False
1024,256,1.25,30,100000,cooling,40,10000,106680,25700,1.0641749031509808,0,0,0,0,1.0,0.0,True,False
1024,256,1.25,30,100000,cooling,41,10250,109347,25700,1.0599016971541957,0,0,0,0,1.0,0.0,True,False
1024,256,1.25,30,100000,cooling,42,10500,112014,25700,1.0556456502629645,0,0,0,0,1.0,0.0,True,False
1024,256,1.25,30,100000,cooling,43,10750,114681,25700,1.0514066935747108,0,0,0,0,1.0,0.0,True,False
1024,256,1.25,30,100000,cooling,44,11000,117348,25700,1.0471847584635368,0,0,0,0,1.0,0.0,True,False
1024,256,1.25,30,100000,cooling,45,11250,120015,25700,1.0429797765791131,0,0,0,0,1.0,0.0,True,False
1024,256,1.25,30,100000,cooling,46,11500,122682,25700,1.0387916798455716,0,0,0,0,1.0,0.0,True,False
1024,256,1.25,30,100000,cooling,47,11750,125349,25700,1.034620400460404,0,0,0,0,1.0,0.0,True,False
1024,256,1.25,30,100000,cooling,48,12000,128016,25700,1.0304658708933632,0,0,0,0,1.0,0.0,True,False
1024,256,1.25,30,100000,cooling,49,12250,130683,25700,1.026328023885371,0,0,0,0,1.0,0.0,True,False
1024,256,1.25,30,100000,cooling,50,12500,133350,25700,1.0222067924474283,0,0,0,0,1.0,0.0,True,False
1024,256,1.25,30,100000,cooling,51,12750,136017,25700,1.0181021098595313,0,0,0,0,1.0,0.0,True,False
1024,256,1.25,30,100000,cooling,52,13000,138684,25700,1.0140139096695913,0,0,0,0,1.0,0.0,True,False
1024,256,1.25,30,100000,cooling,53,13250,141351,25700,1.0099421256923584,0,0,0,0,1.0,0.0,True,False
1024,256,1.25,30,100000,cooling,54,13500,144018,25700,1.0058866920083505,0,0,0,0,1.0,0.0,True,False
1024,256,1.25,30,100000,cooling,55,13750,146685,25700,1.0018475429627856,0,0,0,0,1.0,0.0,True,False
1024,256,1.25,30,100000,cooling,56,14000,149352,25700,0.9978246131645195,0,0,0,0,1.0,0.0,True,False
1024,256,1.25,30,100000,cooling,57,14250,152019,25700,0.993817837484987,0,0,0,0,1.0,0.0,True,False
1024,256,1.25,30,100000,cooling,58,14500,154686,25700,0.9898271510571468,0,0,0,0,1.0,0.0,True,False
1024,256,1.25,30,100000,cooling,59,14750,157353,25700,0.9858524892744324,0,0,0,0,1.0,0.0,True,False
1024,256,1.25,30,100000,cooling,60,15000,160020,25700,0.9818937877897055,0,0,0,0,1.0,0.0,True,False
1024,256,1.25,30,100000,cooling,61,15250,162687,25700,0.9779509825142143,0,0,0,0,1.0,0.0,True,False
1024,256,1.25,30,100000,cooling,62,15500,165354,25700,0.9740240096165564,0,0,0,0,1.0,0.0,True,False
1024,256,1.25,30,100000,cooling,63,15750,168021,25700,0.9701128055216451,0,0,0,0,1.0,0.0,True,False
1024,256,1.25,30,100000,cooling,64,16000,170688,25700,0.9662173069096798,0,0,0,0,1.0,0.0,True,False
1024,256,1.25,30,100000,cooling,65,16250,173355,25700,0.9623374507151214,0,0,0,0,1.0,0.0,True,False
1024,256,1.25,30,100000,cooling,66,16500,176022,25700,0.9584731741256712,0,0,0,0,1.0,0.0,True,False
1024,256,1.25,30,100000,cooling,67,16750,178689,25700,0.9546244145812542,0,0,0,0,1.0,0.0,True,False
1024,256,1.25,30,100000,cooling,68,17000,181356,25700,0.9507911097730058,0,0,0,0,1.0,0.0,True,False
1024,256,1.25,30,100000,cooling,69,17250,184023,25700,0.9469731976422633,0,0,0,0,1.0,0.0,True,False
1024,256,1.25,30,100000,cooling,70,17500,186690,25700,0.9431706163795612,0,0,0,0,1.0,0.0,True,False
1024,256,1.25,30,100000,cooling,71,17750,189357,25700,0.939383304423631,0,0,0,0,1.0,0.0,True,False
1024,256,1.25,30,100000,cooling,72,18000,192024,25700,0.9356112004604039,0,0,0,0,1.0,0.0,True,False
1024,256,1.25,30,100000,cooling,73,18250,194691,25700,0.9318542434220181,0,0,0,0,1.0,0.0,True,False
1024,256,1.25,30,100000,cooling,74,18500,197358,25700,0.9281123724858308,0,0,0,0,1.0,0.0,True,False
1024,256,1.25,30,100000,cooling,75,18750,200025,25700,0.9243855270734334,0,0,0,0,1.0,0.0,True,False
1024,256,1.25,30,100000,cooling,76,19000,202692,25700,0.9206736468496699,0,0,0,0,1.0,0.0,True,False
1024,256,1.25,30,100000,cooling,77,19250,205359,25700,0.9169766717216614,0,0,0,0,1.0,0.0,True,False
1024,256,1.25,30,100000,cooling,78,19500,208026,25700,0.9132945418378325,0,0,0,0,1.0,0.0,True,False
1024,256,1.25,30,100000,cooling,79,19750,210693,25700,0.9096271975869423,0,0,0,0,1.0,0.0,True,False
1024,256,1.25,30,100000,cooling,80,20000,213360,25700,0.9059745795971195,0,0,0,0,1.0,0.0,True,False
1024,256,1.25,30,100000,cooling,81,20250,216027,25700,0.9023366287349011,0,0,0,0,1.0,0.0,True,False
1024,256,1.25,30,100000,cooling,82,20500,218694,25700,0.8987132861042756,0,0,0,0,1.0,0.0,True,False
1024,256,1.25,30,100000,cooling,83,20750,221361,25700,0.8951044930457286,0,0,0,0,1.0,0.0,True,False
1024,256,1.25,30,100000,cooling,84,21000,224028,25700,0.891510191135294,0,0,0,0,1.0,0.0,True,False
1024,256,1.25,30,100000,cooling,85,21250,226695,25700,0.8879303221836075,0,0,0,0,1.0,0.0,True,False
1024,256,1.25,30,100000,cooling,86,21500,229362,25700,0.8843648282349647,0,0,0,0,1.0,0.0,True,False
1024,256,1.25,30,100000,cooling,87,21750,232029,25700,0.8808136515663835,0,0,0,0,1.0,0.0,True,False
1024,256,1.25,30,100000,cooling,88,22000,234696,25700,0.8772767346866686,0,0,0,0,1.0,0.0,True,False
1024,256,1.25,30,100000,cooling,89,22250,237363,25700,0.8737540203354816,0,0,0,0,1.0,0.0,True,False
1024,256,1.25,30,100000,cooling,90,22500,240030,25700,0.8702454514824132,0,0,0,0,1.0,0.0,True,False
1024,256,1.25,30,100000,cooling,91,22750,242697,25700,0.8667509713260606,0,0,0,0,1.0,0.0,True,False
1024,256,1.25,30,100000,cooling,92,23000,245364,25700,0.8632705232931076,0,0,0,0,1.0,0.0,True,False
1024,256,1.25,30,100000,cooling,93,23250,248031,25700,0.8598040510374089,0,0,0,0,1.0,0.0,True,False
1024,256,1.25,30,100000,cooling,94,23500,250698,25700,0.8563514984390774,0,0,0,0,1.0,0.0,True,False
1024,256,1.25,30,100000,cooling,95,23750,253365,25700,0.8529128096035763,0,0,0,0,1.0,0.0,True,False
1024,256,1.25,30,100000,cooling,96,24000,256032,25700,0.8494879288608139,0,0,0,0,1.0,0.0,True,False
1024,256,1.25,30,100000,cooling,97,24250,258699,25700,0.8460768007642425,0,0,0,0,1.0,0.0,True,False
1024,256,1.25,30,100000,cooling,98,24500,261366,25700,0.8426793700899603,0,0,0,0,1.0,0.0,True,False
1024,256,1.25,30,100000,cooling,99,24750,264033,25700,0.8392955818358179,0,0,0,0,1.0,0.0,True,False
1024,256,1.25,30,100000,cooling,100,25000,266700,25700,0.8359253812205275,0,0,0,0,1.0,0.0,True,False
1024,256,1.25,30,100000,cooling,101,25250,269367,25700,0.8325687136827764,0,0,0,0,1.0,0.0,True,False
1024,256,1.25,30,100000,cooling,102,25500,272034,25700,0.8292255248803432,0,0,0,0,1.0,0.0,True,False
1024,256,1.25,30,100000,cooling,103,25750,274701,25700,0.8258957606892183,0,0,0,0,1.0,0.0,True,False
1024,256,1.25,30,100000,cooling,104,26000,277368,25700,0.822579367202728,0,0,0,0,1.0,0.0,True,False
1024,256,1.25,30,100000,cooling,105,26250,280035,25700,0.8192762907306608,0,0,0,0,1.0,0.0,True,False
1024,256,1.25,30,100000,cooling,106,26500,282702,25700,0.8159864777983994,0,0,0,0,1.0,0.0,True,False
1024,256,1.25,30,100000,cooling,107,26750,285369,25700,0.8127098751460543,0,0,0,0,1.0,0.0,True,False
1024,256,1.25,30,100000,cooling,108,27000,288036,25700,0.8094464297276015,0,0,0,0,1.0,0.0,True,False
1024,256,1.25,30,100000,cooling,109,27250,290703,25700,0.806196088710024,0,0,0,0,1.0,0.0,True,False
1024,256,1.25,30,100000,cooling,110,27500,293370,25700,0.8029587994724563,0,0,0,0,1.0,0.0,True,False
1024,256,1.25,30,100000,cooling,111,27750,296037,25700,0.7997345096053327,0,0,0,0,1.0,0.0,True,False
1024,256,1.25,30,100000,cooling,112,28000,298704,25700,0.7965231669095385,0,0,0,0,1.0,0.0,True,False
1024,256,1.25,30,100000,cooling,113,28250,301371,25700,0.7933247193955651,0,0,0,0,1.0,0.0,True,False
1024,256,1.25,30,100000,cooling,114,28500,304038,25700,0.7901391152826688,0,0,0,0,1.0,0.0,True,False
1024,256,1.25,30,100000,cooling,115,28750,306705,25700,0.7869663029980313,0,0,0,0,1.0,0.0,True,False
1024,256,1.25,30,100000,cooling,116,29000,309372,25700,0.7838062311759262,0,0,0,0,1.0,0.0,True,False
1024,256,1.25,30,100000,cooling,117,29250,312039,25700,0.7806588486568862,0,0,0,0,1.0,0.0,True,False
1024,256,1.25,30,100000,cooling,118,29500,314706,25700,0.7775241044868758,0,0,0,0,1.0,0.0,True,False
1024,256,1.25,30,100000,cooling,119,29750,317373,25700,0.7744019479164659,0,0,0,0,1.0,0.0,True,False
1024,256,1.25,30,100000,cooling,120,30000,320040,25700,0.7712923284000122,0,0,0,0,1.0,0.0,True,False
1024,256,1.25,30,100000,cooling,121,30250,322707,25700,0.7681951955948367,0,0,0,0,1.0,0.0,True,False
1024,256,1.25,30,100000,cooling,122,30500,325374,25700,0.7651104993604136,0,0,0,0,1.0,0.0,True,False
1024,256,1.25,30,100000,cooling,123,30750,328041,25700,0.7620381897575568,0,0,0,0,1.0,0.0,True,False
1024,256,1.25,30,100000,cooling,124,31000,330708,25700,0.758978217047611,0,0,0,0,1.0,0.0,True,False
1024,256,1.25,30,100000,cooling,125,31250,333375,25700,0.7559305316916476,0,0,0,0,1.0,0.0,True,False
1024,256,1.25,30,100000,cooling,126,31500,336042,25700,0.7528950843496618,0,0,0,0,1.0,0.0,True,False
1024,256,1.25,30,100000,cooling,127,31750,338709,25700,0.7498718258797743,0,0,0,0,1.0,0.0,True,False
1024,256,1.25,30,100000,cooling,128,32000,341376,25700,0.7468607073374355,0,0,0,0,1.0,0.0,True,False
1024,256,1.25,30,100000,cooling,129,32250,344043,25700,0.7438616799746329,0,0,0,0,1.0,0.0,True,False
1024,256,1.25,30,100000,cooling,130,32500,346710,25700,0.740874695239103,0,0,0,0,1.0,0.0,True,False
1024,256,1.25,30,100000,cooling,131,32750,349377,25700,0.7378997047735432,0,0,0,0,1.0,0.0,True,False
1024,256,1.25,30,100000,cooling,132,33000,352044,25700,0.7349366604148315,0,0,0,0,1.0,0.0,True,False
1024,256,1.25,30,100000,cooling,133,33250,354711,25700,0.7319855141932443,0,0,0,0,1.0,0.0,True,False
1024,256,1.25,30,100000,cooling,134,33500,357378,25700,0.7290462183316819,0,0,0,0,1.0,0.0,True,False
1024,256,1.25,30,100000,cooling,135,33750,360045,25700,0.7261187252448933,0,0,0,0,1.0,0.0,True,False
1024,256,1.25,30,100000,cooling,136,34000,362712,25700,0.723202987538707,0,0,0,0,1.0,0.0,True,False
1024,256,1.25,30,100000,cooling,137,34250,365379,25700,0.7202989580092635,0,0,0,0,1.0,0.0,True,False
1024,256,1.25,30,100000,cooling,138,34500,368046,25700,0.7174065896422505,0,0,0,0,1.0,0.0,True,False
1024,256,1.25,30,100000,cooling,139,34750,370713,25700,0.714525835612142,0,0,0,0,1.0,0.0,True,False
1024,256,1.25,30,100000,cooling,140,35000,373380,25700,0.7116566492814413,0,0,0,0,1.0,0.0,True,False
1024,256,1.25,30,100000,cooling,141,35250,376047,25700,0.7087989841999242,0,0,0,0,1.0,0.0,True,False
1024,256,1.25,30,100000,cooling,142,35500,378714,25700,0.7059527941038883,0,0,0,0,1.0,0.0,True,False
1024,256,1.25,30,100000,cooling,143,35750,381381,25700,0.7031180329154036,0,0,0,0,1.0,0.0,True,False
1024,256,1.25,30,100000,cooling,144,36000,384048,25700,0.7002946547415665,0,0,0,0,1.0,0.0,True,False
1024,256,1.25,30,100000,cooling,145,36250,386715,25700,0.6974826138737565,0,0,0,0,1.0,0.0,True,False
1024,256,1.25,30,100000,cooling,146,36500,389382,25700,0.6946818647868973,0,0,0,0,1.0,0.0,True,False
1024,256,1.25,30,100000,cooling,147,36750,392049,25700,0.6918923621387185,0,0,0,0,1.0,0.0,True,False
1024,256,1.25,30,100000,cooling,148,37000,394716,25700,0.689114060769022,0,0,0,0,1.0,0.0,True,False
1024,256,1.25,30,100000,cooling,149,37250,397383,25700,0.6863469156989515,0,0,0,0,1.0,0.0,True,False
1024,256,1.25,30,100000,cooling,150,37500,400050,25700,0.6835908821302632,0,0,0,0,1.0,0.0,True,False
1024,256,1.25,30,100000,cooling,151,37750,402717,25700,0.6808459154446016,0,0,0,0,1.0,0.0,True,False
1024,256,1.25,30,100000,cooling,152,38000,405384,25700,0.6781119712027766,0,0,0,0,1.0,0.0,True,False
1024,256,1.25,30,100000,cooling,153,38250,408051,25700,0.6753890051440437,0,0,0,0,1.0,0.0,True,False
1024,256,1.25,30,100000,cooling,154,38500,410718,25700,0.6726769731853885,0,0,0,0,1.0,0.0,True,False
1024,256,1.25,30,100000,cooling,155,38750,413385,25700,0.6699758314208122,0,0,0,0,1.0,0.0,True,False
1024,256,1.25,30,100000,cooling,156,39000,416052,25700,0.6672855361206211,0,0,0,0,1.0,0.0,True,False
1024,256,1.25,30,100000,cooling,157,39250,418719,25700,0.6646060437307184,0,0,0,0,1.0,0.0,True,False
1024,256,1.25,30,100000,cooling,158,39500,421386,25700,0.6619373108718993,0,0,0,0,1.0,0.0,True,False
1024,256,1.25,30,100000,cooling,159,39750,424053,25700,0.6592792943391488,0,0,0,0,1.0,0.0,True,False
1024,256,1.25,30,100000,cooling,160,40000,426720,25700,0.6566319511009417,0,0,0,0,1.0,0.0,True,False
1024,256,1.25,30,100000,cooling,161,40250,429387,25700,0.6539952382985472,0,0,0,0,1.0,0.0,True,False
1024,256,1.25,30,100000,cooling,162,40500,432054,25700,0.6513691132453334,0,0,0,0,1.0,0.0,True,False
1024,256,1.25,30,100000,cooling,163,40750,434721,25700,0.6487535334260774,0,0,0,0,1.0,0.0,True,False
1024,256,1.25,30,100000,cooling,164,41000,437388,25700,0.6461484564962765,0,0,0,0,1.0,0.0,True,False
1024,256,1.25,30,100000,cooling,165,41250,440055,25700,0.6435538402814628,0,0,0,0,1.0,0.0,True,False
1024,256,1.25,30,100000,cooling,166,41500,442722,25700,0.6409696427765208,0,0,0,0,1.0,0.0,True,False
1024,256,1.25,30,100000,cooling,167,41750,445389,25700,0.6383958221450063,0,0,0,0,1.0,0.0,True,False
1024,256,1.25,30,100000,cooling,168,42000,448056,25700,0.6358323367184706,0,0,0,0,1.0,0.0,True,False
1024,256,1.25,30,100000,cooling,169,42250,450723,25700,0.6332791449957847,0,0,0,0,1.0,0.0,True,False
1024,256,1.25,30,100000,cooling,170,42500,453390,25700,0.6307362056424677,0,0,0,0,1.0,0.0,True,False
1024,256,1.25,30,100000,cooling,171,42750,456057,25700,0.6282034774900181,0,0,0,0,1.0,0.0,True,False
1024,256,1.25,30,100000,cooling,172,43000,458724,25700,0.6256809195352468,0,0,0,0,1.0,0.0,True,False
1024,256,1.25,30,100000,cooling,173,43250,461391,25700,0.6231684909396134,0,0,0,0,1.0,0.0,True,False
1024,256,1.25,30,100000,cooling,174,43500,464058,25700,0.620666151028565,0,0,0,0,1.0,0.0,True,False
1024,256,1.25,30,100000,cooling,175,43750,466725,25700,0.6181738592908783,0,0,0,0,1.0,0.0,True,False
1024,256,1.25,30,100000,cooling,176,44000,469392,25700,0.6156915753780029,0,0,0,0,1.0,0.0,True,False
1024,256,1.25,30,100000,cooling,177,44250,472059,25700,0.6132192591034082,0,0,0,0,1.0,0.0,True,False
1024,256,1.25,30,100000,cooling,178,44500,474726,25700,0.6107568704419337,0,0,0,0,1.0,0.0,True,False
1024,256,1.25,30,100000,cooling,179,44750,477393,25700,0.6083043695291399,0,0,0,0,1.0,0.0,True,False
1024,256,1.25,30,100000,cooling,180,45000,480060,25700,0.6058617166606634,0,0,0,0,1.0,0.0,True,False
1024,256,1.25,30,100000,cooling,181,45250,482727,25700,0.6034288722915743,0,0,0,0,1.0,0.0,True,False
1024,256,1.25,30,100000,cooling,182,45500,485394,25700,0.6010057970357356,0,0,0,0,1.0,0.0,True,False
1024,256,1.25,30,100000,cooling,183,45750,488061,25700,0.5985924516651662,0,0,0,0,1.0,0.0,True,False
1024,256,1.25,30,100000,cooling,184,46000,490728,25700,0.5961887971094048,0,0,0,0,1.0,0.0,True,False
1024,256,1.25,30,100000,cooling,185,46250,493395,25700,0.5937947944548781,0,0,0,0,1.0,0.0,True,False
1024,256,1.25,30,100000,cooling,186,46500,496062,25700,0.5914104049442713,0,0,0,0,1.0,0.0,True,False
1024,256,1.25,30,100000,cooling,187,46750,498729,25700,0.5890355899758991,0,0,0,0,1.0,0.0,True,False
1024,256,1.25,30,100000,cooling,188,47000,501396,25700,0.5866703111030825,0,0,0,0,1.0,0.0,True,False
1024,256,1.25,30,100000,cooling,189,47250,504063,25700,0.5843145300335248,0,0,0,0,1.0,0.0,True,False
1024,256,1.25,30,100000,cooling,190,47500,506730,25700,0.5819682086286931,0,0,0,0,1.0,0.0,True,False
1024,256,1.25,30,100000,cooling,191,47750,509397,25700,0.5796313089031999,0,0,0,0,1.0,0.0,True,False
1024,256,1.25,30,100000,cooling,192,48000,512064,25700,0.5773037930241883,0,0,0,0,1.0,0.0,True,False
1024,256,1.25,30,100000,cooling,193,48250,514731,25700,0.5749856233107199,0,0,0,0,1.0,0.0,True,False
1024,256,1.25,30,100000,cooling,194,48500,517398,25700,0.5726767622331645,0,0,0,0,1.0,0.0,True,False
1024,256,1.25,30,100000,cooling,195,48750,520065,25700,0.5703771724125926,0,0,0,0,1.0,0.0,True,False
1024,256,1.25,30,100000,cooling,196,49000,522732,25700,0.5680868166201698,0,0,0,0,1.0,0.0,True,False
1024,256,1.25,30,100000,cooling,197,49250,525399,25700,0.565805657776555,0,0,0,0,1.0,0.0,True,False
1024,256,1.25,30,100000,cooling,198,49500,528066,25700,0.5635336589512993,0,0,0,0,1.0,0.0,True,False
1024,256,1.25,30,100000,cooling,199,49750,530733,25700,0.5612707833622484,0,0,0,0,1.0,0.0,True,False
1024,256,1.25,30,100000,cooling,200,50000,533400,25700,0.5590169943749475,0,0,0,0,1.0,0.0,True,False
1024,256,1.25,30,100000,cooling,201,50250,536067,25700,0.5567722555020473,0,0,0,0,1.0,0.0,True,False
1024,256,1.25,30,100000,cooling,202,50500,538734,25700,0.5545365304027143,0,0,0,0,1.0,0.0,True,False
1024,256,1.25,30,100000,cooling,203,50750,541401,25700,0.552309782882042,0,0,0,0,1.0,0.0,True,False
1024,256,1.25,30,100000,cooling,204,51000,544068,25700,0.5500919768904645,0,0,0,0,1.0,0.0,True,False
1024,256,1.25,30,100000,cooling,205,51250,546735,25700,0.5478830765231739,0,0,0,0,1.0,0.0,True,False
1024,256,1.25,30,100000,cooling,206,51500,549402,25700,0.5456830460195381,0,0,0,0,1.0,0.0,True,False
1024,256,1.25,30,100000,cooling,207,51750,552069,25700,0.5434918497625223,0,0,0,0,1.0,0.0,True,False
1024,256,1.25,30,100000,cooling,208,52000,554736,25700,0.5413094522781122,0,0,0,0,1.0,0.0,True,False
1024,256,1.25,30,100000,cooling,209,52250,557403,25700,0.5391358182347401,0,0,0,0,1.0,0.0,True,False
1024,256,1.25,30,100000,cooling,210,52500,560070,25700,0.5369709124427122,0,0,0,0,1.0,0.0,True,False
1024,256,1.25,30,100000,cooling,211,52750,562737,25700,0.5348146998536395,0,0,0,0,1.0,0.0,True,False
1024,256,1.25,30,100000,cooling,212,53000,565404,25700,0.5326671455598703,0,0,0,0,1.0,0.0,True,False
1024,256,1.25,30,100000,cooling,213,53250,568071,25700,0.5305282147939248,0,0,0,0,1.0,0.0,True,False
1024,256,1.25,30,100000,cooling,214,53500,570738,25700,0.5283978729279322,0,0,0,0,1.0,0.0,True,False
1024,256,1.25,30,100000,cooling,215,53750,573405,25700,0.5262760854730708,0,0,0,0,1.0,0.0,True,False
1024,256,1.25,30,100000,cooling,216,54000,576072,25700,0.5241628180790088,0,0,0,0,1.0,0.0,True,False
1024,256,1.25,30,100000,cooling,217,54250,578739,25700,0.5220580365333486,0,0,0,0,1.0,0.0,True,False
1024,256,1.25,30,100000,cooling,218,54500,581406,25700,0.5199617067610728,0,0,0,0,1.0,0.0,True,False
1024,256,1.25,30,100000,cooling,219,54750,584073,25700,0.5178737948239927,0,0,0,0,1.0,0.0,True,False
1024,256,1.25,30,100000,cooling,220,55000,586740,25700,0.5157942669201987,0,0,0,0,1.0,0.0,True,False
1024,256,1.25,30,100000,cooling,221,55250,589407,25700,0.5137230893835133,0,0,0,0,1.0,0.0,True,False
1024,256,1.25,30,100000,cooling,222,55500,592074,25700,0.5116602286829456,0,0,0,0,1.0,0.0,True,False
1024,256,1.25,30,100000,cooling,223,55750,594741,25700,0.5096056514221491,0,0,0,0,1.0,0.0,True,False
1024,256,1.25,30,100000,cooling,224,56000,597408,25700,0.5075593243388804,0,0,0,0,1.0,0.0,True,False
1024,256,1.25,30,100000,cooling,225,56250,600075,25700,0.5055212143044613,0,0,0,0,1.0,0.0,True,False
1024,256,1.25,30,100000,cooling,226,56500,602742,25700,0.5034912883232419,0,0,0,0,1.0,0.0,True,False
1024,256,1.25,30,100000,cooling,227,56750,605409,25700,0.5014695135320667,0,0,0,0,1.0,0.0,True,False
1024,256,1.25,30,100000,cooling,228,57000,608076,25700,0.4994558571997429,0,0,0,0,1.0,0.0,True,False
1024,256,1.25,30,100000,cooling,229,57250,610743,25700,0.49745028672650965,0,0,0,0,1.0,0.0,True,False
1024,256,1.25,30,100000,cooling,230,57500,613410,25700,0.4954527696435115,0,0,0,0,1.0,0.0,True,False
1024,256,1.25,30,100000,cooling,231,57750,616077,25700,0.49346327361227116,0,0,0,0,1.0,0.0,True,False
1024,256,1.25,30,100000,cooling,232,58000,618744,25700,0.4914817664241675,0,0,0,0,1.0,0.0,True,False
1024,256,1.25,30,100000,cooling,233,58250,621411,25700,0.48950821599991334,0,0,0,0,1.0,0.0,True,False
1024,256,1.25,30,100000,cooling,234,58500,624078,25700,0.4875425903890362,0,0,0,0,1.0,0.0,True,False
1024,256,1.25,30,100000,cooling,235,58750,626745,25700,0.4855848577693608,0,0,0,0,1.0,0.0,True,False
1024,256,1.25,30,100000,cooling,236,59000,629412,25700,0.48363498644649455,0,0,0,0,1.0,0.0,True,False
1024,256,1.25,30,100000,cooling,237,59250,632079,25700,0.4816929448533139,0,0,0,0,1.0,0.0,True,False
1024,256,1.25,30,100000,cooling,238,59500,634746,25700,0.4797587015494534,0,0,0,0,1.0,0.0,True,False
1024,256,1.25,30,100000,cooling,239,59750,637413,25700,0.47783222522079666,0,0,0,0,1.0,0.0,True,False
1024,256,1.25,30,100000,cooling,240,60000,640080,25700,0.47591348467896966,0,0,0,0,1.0,0.0,True,False
1024,256,1.25,30,100000,cooling,241,60250,642747,25700,0.4740024488608354,0,0,0,0,1.0,0.0,True,False
1024,256,1.25,30,100000,cooling,242,60500,645414,25700,0.4720990868279915,0,0,0,0,1.0,0.0,True,False
1024,256,1.25,30,100000,cooling,243,60750,648081,25700,0.4702033677662689,0,0,0,0,1.0,0.0,True,False
1024,256,1.25,30,100000,cooling,244,61000,650748,25700,0.46831526098523335,0,0,0,0,1.0,0.0,True,False
1024,256,1.25,30,100000,cooling,245,61250,653415,25700,0.4664347359176879,0,0,0,0,1.0,0.0,True,False
1024,256,1.25,30,100000,cooling,246,61500,656082,25700,0.4645617621191793,0,0,0,0,1.0,0.0,True,False
1024,256,1.25,30,100000,cooling,247,61750,658749,25700,0.46269630926750355,0,0,0,0,1.0,0.0,True,False
1024,256,1.25,30,100000,cooling,248,62000,661416,25700,0.4608383471622164,0,0,0,0,1.0,0.0,True,False
1024,256,1.25,30,100000,cooling,249,62250,664083,25700,0.45898784572414336,0,0,0,0,1.0,0.0,True,False
1024,256,1.25,30,100000,cooling,250,62500,666750,25700,0.45714477499489364,0,0,0,0,1.0,0.0,True,False
1024,256,1.25,30,100000,cooling,251,62750,669417,25700,0.4553091051363742,0,0,0,0,1.0,0.0,True,False
1024,256,1.25,30,100000,cooling,252,63000,672084,25700,0.45348080643030747,0,0,0,0,1.0,0.0,True,False
1024,256,1.25,30,100000,cooling,253,63250,674751,25700,0.4516598492777501,0,0,0,0,1.0,0.0,True,False
1024,256,1.25,30,100000,cooling,254,63500,677418,25700,0.4498462041986132,0,0,0,0,1.0,0.0,True,False
1024,256,1.25,30,100000,cooling,255,63750,680085,25700,0.44803984183118595,0,0,0,0,1.0,0.0,True,False
1024,256,1.25,30,100000,cooling,256,64000,682752,25700,0.44624073293165945,0,0,0,0,1.0,0.0,True,False
1024,256,1.25,30,100000,cooling,257,64250,685419,25700,0.44444884837365395,0,0,0,0,1.0,0.0,True,False
1024,256,1.25,30,100000,cooling,258,64500,688086,25700,0.4426641591477466,0,0,0,0,1.0,0.0,True,False
1024,256,1.25,30,100000,cooling,259,64750,690753,25700,0.4408866363610026,0,0,0,0,1.0,0.0,True,False
1024,256,1.25,30,100000,cooling,260,65000,693420,25700,0.4391162512365068,0,0,0,0,1.0,0.0,True,False
1024,256,1.25,30,100000,cooling,261,65250,696087,25700,0.4373529751128983,0,0,0,0,1.0,0.0,True,False
1024,256,1.25,30,100000,cooling,262,65500,698754,25700,0.43559677944390585,0,0,0,0,1.0,0.0,True,False
1024,256,1.25,30,100000,cooling,263,65750,701421,25700,0.43384763579788643,0,0,0,0,1.0,0.0,True,False
1024,256,1.25,30,100000,cooling,264,66000,704088,25700,0.43210551585736423,0,0,0,0,1.0,0.0,True,False
1024,256,1.25,30,100000,cooling,265,66250,706755,25700,0.43037039141857303,0,0,0,0,1.0,0.0,True,False
1024,256,1.25,30,100000,cooling,266,66500,709422,25700,0.4286422343909987,0,0,0,0,1.0,0.0,True,False
1024,256,1.25,30,100000,cooling,267,66750,712089,25700,0.4269210167969252,0,0,0,0,1.0,0.0,True,False
1024,256,1.25,30,100000,cooling,268,67000,714756,25700,0.4252067107709811,0,0,0,0,1.0,0.0,True,False
1024,256,1.25,30,100000,cooling,269,67250,717423,25700,0.4234992885596889,0,0,0,0,1.0,0.0,True,False
1024,256,1.25,30,100000,cooling,270,67500,720090,25700,0.42179872252101513,0,0,0,0,1.0,0.0,True,False
1024,256,1.25,30,100000,cooling,271,67750,722757,25700,0.42010498512392364,0,0,0,0,1.0,0.0,True,False
1024,256,1.25,30,100000,cooling,272,68000,725424,25700,0.4184180489479291,0,0,0,0,1.0,0.0,True,False
1024,256,1.25,30,100000,cooling,273,68250,728091,25700,0.4167378866826537,0,0,0,0,1.0,0.0,True,False
1024,256,1.25,30,100000,cooling,274,68500,730758,25700,0.4150644711273846,0,0,0,0,1.0,0.0,True,False
1024,256,1.25,30,100000,cooling,275,68750,733425,25700,0.4133977751906338,0,0,0,0,1.0,0.0,True,False
1024,256,1.25,30,100000,cooling,276,69000,736092,25700,0.41173777188969946,0,0,0,0,1.0,0.0,True,False
1024,256,1.25,30,100000,cooling,277,69250,738759,25700,0.41008443435022884,0,0,0,0,1.0,0.0,True,False
1024,256,1.25,30,100000,cooling,278,69500,741426,25700,0.4084377358057839,0,0,0,0,1.0,0.0,True,False
1024,256,1.25,30,100000,cooling,279,69750,744093,25700,0.4067976495974071,0,0,0,0,1.0,0.0,True,False
1024,256,1.25,30,100000,cooling,280,70000,746760,25700,0.40516414917319066,0,0,0,0,1.0,0.0,True,False
1024,256,1.25,30,100000,cooling,281,70250,749427,25700,0.40353720808784577,0,0,0,0,1.0,0.0,True,False
1024,256,1.25,30,100000,cooling,282,70500,752094,25700,0.4019168000022755,0,0,0,0,1.0,0.0,True,False
1024,256,1.25,30,100000,cooling,283,70750,754761,25700,0.4003028986831474,0,0,0,0,1.0,0.0,True,False
1024,256,1.25,30,100000,cooling,284,71000,757428,25700,0.39869547800246957,0,0,0,0,1.0,0.0,True,False
1024,256,1.25,30,100000,cooling,285,71250,760095,25700,0.3970945119371671,0,0,0,0,1.0,0.0,True,False
1024,256,1.25,30,100000,cooling,286,71500,762762,25700,0.3954999745686613,0,0,0,0,1.0,0.0,True,False
1024,256,1.25,30,100000,cooling,287,71750,765429,25700,0.3939118400824495,0,0,0,0,1.0,0.0,True,False
1024,256,1.25,30,100000,cooling,288,72000,768096,25700,0.3923300827676878,0,0,0,0,1.0,0.0,True,False
1024,256,1.25,30,100000,cooling,289,72250,770763,25700,0.3907546770167741,0,0,0,0,1.0,0.0,True,False
1024,256,1.25,30,100000,cooling,290,72500,773430,25700,0.38918559732493424,0,0,0,0,1.0,0.0,True,False
1024,256,1.25,30,100000,cooling,291,72750,776097,25700,0.3876228182898085,0,0,0,0,1.0,0.0,True,False
1024,256,1.25,30,100000,cooling,292,73000,778764,25700,0.3860663146110409,0,0,0,0,1.0,0.0,True,False
1024,256,1.25,30,100000,cooling,293,73250,781431,25700,0.38451606108986897,0,0,0,0,1.0,0.0,True,False
1024,256,1.25,30,100000,cooling,294,73500,784098,25700,0.38297203262871643,0,0,0,0,1.0,0.0,True,False
1024,256,1.25,30,100000,cooling,295,73750,786765,25700,0.3814342042307864,0,0,0,0,1.0,0.0,True,False
1024,256,1.25,30,100000,cooling,296,74000,789432,25700,0.3799025509996571,0,0,0,0,1.0,0.0,True,False
1024,256,1.25,30,100000,cooling,297,74250,792099,25700,0.37837704813887846,0,0,0,0,1.0,0.0,True,False
1024,256,1.25,30,100000,cooling,298,74500,794766,25700,0.37685767095157086,0,0,0,0,1.0,0.0,True,False
1024,256,1.25,30,100000,cooling,299,74750,797433,25700,0.3753443948400253,0,0,0,0,1.0,0.0,True,False
1024,256,1.25,30,100000,cooling,300,75000,800100,25700,0.3738371953053052,0,0,0,0,1.0,0.0,True,False
1024,256,1.25,30,100000,cooling,301,75250,802767,25700,0.37233604794684955,0,0,0,0,1.0,0.0,True,False
1024,256,1.25,30,100000,cooling,302,75500,805434,25700,0.3708409284620781,0,0,0,0,1.0,0.0,True,False
1024,256,1.25,30,100000,cooling,303,75750,808101,25700,0.3693518126459982,0,0,0,0,1.0,0.0,True,False
1024,256,1.25,30,100000,cooling,304,76000,810768,25700,0.3678686763908121,0,0,0,0,1.0,0.0,True,False
1024,256,1.25,30,100000,cooling,305,76250,813435,25700,0.3663914956855277,0,0,0,0,1.0,0.0,True,False
1024,256,1.25,30,100000,cooling,306,76500,816102,25700,0.3649202466155688,0,0,0,0,1.0,0.0,True,False
1024,256,1.25,30,100000,cooling,307,76750,818769,25700,0.3634549053623889,0,0,0,0,1.0,0.0,True,False
1024,256,1.25,30,100000,cooling,308,77000,821436,25700,0.3619954482030847,0,0,0,0,1.0,0.0,True,False
1024,256,1.25,30,100000,cooling,309,77250,824103,25700,0.3605418515100129,0,0,0,0,1.0,0.0,True,False
1024,256,1.25,30,100000,cooling,310,77500,826770,25700,0.35909409175040696,0,0,0,0,1.0,0.0,True,False
1024,256,1.25,30,100000,cooling,311,77750,829437,25700,0.35765214548599655,0,0,0,0,1.0,0.0,True,False
1024,256,1.25,30,100000,cooling,312,78000,832104,25700,0.3562159893726279,0,0,0,0,1.0,0.0,True,False
1024,256,1.25,30,100000,cooling,313,78250,834771,25700,0.35478560015988597,0,0,0,0,1.0,0.0,True,False
1024,256,1.25,30,100000,cooling,314,78500,837438,25700,0.35336095469071804,0,0,0,0,1.0,0.0,True,False
1024,256,1.25,30,100000,cooling,315,78750,840105,25700,0.35194202990105894,0,0,0,0,1.0,0.0,True,False
1024,256,1.25,30,100000,cooling,316,79000,842772,25700,0.3505288028194572,0,0,0,0,1.0,0.0,True,False
1024,256,1.25,30,100000,cooling,317,79250,845439,25700,0.34912125056670357,0,0,0,0,1.0,0.0,True,False
1024,256,1.25,30,100000,cooling,318,79500,848106,25700,0.3477193503554607,0,0,0,0,1.0,0.0,True,False
1024,256,1.25,30,100000,cooling,319,79750,850773,25700,0.3463230794898939,0,0,0,0,1.0,0.0,True,False
1024,256,1.25,30,100000,cooling,320,80000,853440,25700,0.3449324153653037,0,0,0,0,1.0,0.0,True,False
1024,256,1.25,30,100000,cooling,321,80250,856107,25700,0.3435473354677604,0,0,0,0,1.0,0.0,True,False
1024,256,1.25,30,100000,cooling,322,80500,858774,25700,0.34216781737373886,0,0,0,0,1.0,0.0,True,False
1024,256,1.25,30,100000,cooling,323,80750,861441,25700,0.34079383874975616,0,0,0,0,1.0,0.0,True,False
1024,256,1.25,30,100000,cooling,324,81000,864108,25700,0.33942537735200956,0,0,0,0,1.0,0.0,True,False
1024,256,1.25,30,100000,cooling,325,81250,866775,25700,0.33806241102601664,0,0,0,0,1.0,0.0,True,False
1024,256,1.25,30,100000,cooling,326,81500,869442,25700,0.3367049177062564,0,0,0,0,1.0,0.0,True,False
1024,256,1.25,30,100000,cooling,327,81750,872109,25700,0.33535287541581227,0,0,0,0,1.0,0.0,True,False
1024,256,1.25,30,100000,cooling,328,82000,874776,25700,0.3340062622660164,0,0,0,0,1.0,0.0,True,False
1024,256,1.25,30,100000,cooling,329,82250,877443,25700,0.3326650564560947,0,0,0,0,1.0,0.0,True,False
1024,256,1.25,30,100000,cooling,330,82500,880110,25700,0.3313292362728148,0,0,0,0,1.0,0.0,True,False
1024,256,1.25,30,100000,cooling,331,82750,882777,25700,0.3299987800901338,0,0,0,0,1.0,0.0,True,False
1024,256,1.25,30,100000,cooling,332,83000,885444,25700,0.32867366636884837,0,0,0,0,1.0,0.0,True,False
1024,256,1.25,30,100000,cooling,333,83250,888111,25700,0.32735387365624635,0,0,0,0,1.0,0.0,True,False
1024,256,1.25,30,100000,cooling,334,83500,890778,25700,0.3260393805857589,0,0,0,0,1.0,0.0,True,False
1024,256,1.25,30,100000,cooling,335,83750,893445,25700,0.32473016587661485,0,0,0,0,1.0,0.0,True,False
1024,256,1.25,30,100000,cooling,336,84000,896112,25700,0.32342620833349656,0,0,0,0,1.0,0.0,True,False
1024,256,1.25,30,100000,cooling,337,84250,898779,25700,0.32212748684619597,0,0,0,0,1.0,0.0,True,False
1024,256,1.25,30,100000,cooling,338,84500,901446,25700,0.3208339803892737,0,0,0,0,1.0,0.0,True,False
1024,256,1.25,30,100000,cooling,339,84750,904113,25700,0.3195456680217179,0,0,0,0,1.0,0.0,True,False
1024,256,1.25,30,100000,cooling,340,85000,906780,25700,0.3182625288866059,0,0,0,0,1.0,0.0,True,False
1024,256,1.25,30,100000,cooling,341,85250,909447,25700,0.31698454221076594,0,0,0,0,1.0,0.0,True,False
1024,256,1.25,30,100000,cooling,342,85500,912114,25700,0.3157116873044414,0,0,0,0,1.0,0.0,True,False
1024,256,1.25,30,100000,cooling,343,85750,914781,25700,0.3144439435609554,0,0,0,0,1.0,0.0,True,False
1024,256,1.25,30,100000,cooling,344,86000,917448,25700,0.31318129045637755,0,0,0,0,1.0,0.0,True,False
1024,256,1.25,30,100000,cooling,345,86250,920115,25700,0.3119237075491915,0,0,0,0,1.0,0.0,True,False
1024,256,1.25,30,100000,cooling,346,86500,922782,25700,0.310671174479964,0,0,0,0,1.0,0.0,True,False
1024,256,1.25,30,100000,cooling,347,86750,925449,25700,0.30942367097101525,0,0,0,0,1.0,0.0,True,False
1024,256,1.25,30,100000,cooling,348,87000,928116,25700,0.30818117682609086,0,0,0,0,1.0,0.0,True,False
1024,256,1.25,30,100000,cooling,349,87250,930783,25700,0.3069436719300346,0,0,0,0,1.0,0.0,True,False
1024,256,1.25,30,100000,cooling,350,87500,933450,25700,0.30571113624846297,0,0,0,0,1.0,0.0,True,False
1024,256,1.25,30,100000,cooling,351,87750,936117,25700,0.3044835498274407,0,0,0,0,1.0,0.0,True,False
1024,256,1.25,30,100000,cooling,352,88000,938784,25700,0.3032608927931576,0,0,0,0,1.0,0.0,True,False
1024,256,1.25,30,100000,cooling,353,88250,941451,25700,0.30204314535160737,0,0,0,0,1.0,0.0,True,False
1024,256,1.25,30,100000,cooling,354,88500,944118,25700,0.30083028778826637,0,0,0,0,1.0,0.0,True,False
1024,256,1.25,30,100000,cooling,355,88750,946785,25700,0.29962230046777516,0,0,0,0,1.0,0.0,True,False
1024,256,1.25,30,100000,cooling,356,89000,949452,25700,0.29841916383362005,0,0,0,0,1.0,0.0,True,False
1024,256,1.25,30,100000,cooling,357,89250,952119,25700,0.29722085840781687,0,0,0,0,1.0,0.0,True,False
1024,256,1.25,30,100000,cooling,358,89500,954786,25700,0.2960273647905955,0,0,0,0,1.0,0.0,True,False
1024,256,1.25,30,100000,cooling,359,89750,957453,25700,0.29483866366008576,0,0,0,0,1.0,0.0,True,False
1024,256,1.25,30,100000,cooling,360,90000,960120,25700,0.29365473577200474,0,0,0,0,1.0,0.0,True,False
1024,256,1.25,30,100000,cooling,361,90250,962787,25700,0.2924755619593451,0,0,0,0,1.0,0.0,True,False
1024,256,1.25,30,100000,cooling,362,90500,965454,25700,0.29130112313206485,0,0,0,0,1.0,0.0,True,False
1024,256,1.25,30,100000,cooling,363,90750,968121,25700,0.2901314002767782,0,0,0,0,1.0,0.0,True,False
1024,256,1.25,30,100000,cooling,364,91000,970788,25700,0.2889663744564479,0,0,0,0,1.0,0.0,True,False
1024,256,1.25,30,100000,cooling,365,91250,973455,25700,0.2878060268100786,0,0,0,0,1.0,0.0,True,False
1024,256,1.25,30,100000,cooling,366,91500,976122,25700,0.28665033855241145,0,0,0,0,1.0,0.0,True,False
1024,256,1.25,30,100000,cooling,367,91750,978789,25700,0.2854992909736199,0,0,0,0,1.0,0.0,True,False
1024,256,1.25,30,100000,cooling,368,92000,981456,25700,0.2843528654390072,0,0,0,0,1.0,0.0,True,False
1024,256,1.25,30,100000,cooling,369,92250,984123,25700,0.2832110433887041,0,0,0,0,1.0,0.0,True,False
1024,256,1.25,30,100000,cooling,370,92500,986790,25700,0.2820738063373689,0,0,0,0,1.0,0.0,True,False
1024,256,1.25,30,100000,cooling,371,92750,989457,25700,0.2809411358738879,0,0,0,0,1.0,0.0,True,False
1024,256,1.25,30,100000,cooling,372,93000,992124,25700,0.2798130136610776,0,0,0,0,1.0,0.0,True,False
1024,256,1.25,30,100000,cooling,373,93250,994791,25700,0.2786894214353875,0,0,0,0,1.0,0.0,True,False
1024,256,1.25,30,100000,cooling,374,93500,997458,25700,0.2775703410066045,0,0,0,0,1.0,0.0,True,False
1024,256,1.25,30,100000,cooling,375,93750,1000125,25700,0.2764557542575588,0,0,0,0,1.0,0.0,True,False
1024,256,1.25,30,100000,cooling,376,94000,1002792,25700,0.2753456431438301,0,0,0,0,1.0,0.0,True,False
1024,256,1.25,30,100000,cooling,377,94250,1005459,25700,0.27423998969345553,0,0,0,0,1.0,0.0,True,False
1024,256,1.25,30,100000,cooling,378,94500,1008126,25700,0.2731387760066392,0,0,0,0,1.0,0.0,True,False
1024,256,1.25,30,100000,cooling,379,94750,1010793,25700,0.2720419842554617,0,0,0,0,1.0,0.0,True,False
1024,256,1.25,30,100000,cooling,380,95000,1013460,25700,0.2709495966835921,0,0,0,0,1.0,0.0,True,False
1024,256,1.25,30,100000,cooling,381,95250,1016127,25700,0.26986159560599987,0,0,0,0,1.0,0.0,True,False
1024,256,1.25,30,100000,cooling,382,95500,1018794,25700,0.26877796340866933,0,0,0,0,1.0,0.0,True,False
1024,256,1.25,30,100000,cooling,383,95750,1021461,25700,0.26769868254831375,0,0,0,0,1.0,0.0,True,False
1024,256,1.25,30,100000,cooling,384,96000,1024128,25700,0.26662373555209185,0,0,0,0,1.0,0.0,True,False
1024,256,1.25,30,100000,cooling,385,96250,1026795,25700,0.2655531050173246,0,0,0,0,1.0,0.0,True,False
1024,256,1.25,30,100000,cooling,386,96500,1029462,25700,0.2644867736112137,0,0,0,0,1.0,0.0,True,False
1024,256,1.25,30,100000,cooling,387,96750,1032129,25700,0.26342472407056083,0,0,0,0,1.0,0.0,True,False
1024,256,1.25,30,100000,cooling,388,97000,1034796,25700,0.2623669392014884,0,0,0,0,1.0,0.0,True,False
1024,256,1.25,30,100000,cooling,389,97250,1037463,25700,0.2613134018791608,0,0,0,0,1.0,0.0,True,False
1024,256,1.25,30,100000,cooling,390,97500,1040130,25700,0.2602640950475075,0,0,0,0,1.0,0.0,True,False
1024,256,1.25,30,100000,cooling,391,97750,1042797,25700,0.25921900171894674,0,0,0,0,1.0,0.0,True,False
1024,256,1.25,30,100000,cooling,392,98000,1045464,25700,0.25817810497411076,0,0,0,0,1.0,0.0,True,False
1024,256,1.25,30,100000,cooling,393,98250,1048131,25700,0.2571413879615715,0,0,0,0,1.0,0.0,True,False
1024,256,1.25,30,100000,cooling,394,98500,1050798,25700,0.25610883389756806,0,0,0,0,1.0,0.0,True,False
1024,256,1.25,30,100000,cooling,395,98750,1053465,25700,0.25508042606573494,0,0,0,0,1.0,0.0,True,False
1024,256,1.25,30,100000,cooling,396,99000,1056132,25700,0.2540561478168314,0,0,0,0,1.0,0.0,True,False
1024,256,1.25,30,100000,cooling,397,99250,1058799,25700,0.2530359825684719,0,0,0,0,1.0,0.0,True,False
1024,256,1.25,30,100000,cooling,398,99500,1061466,25700,0.2520199138048576,0,0,0,0,1.0,0.0,True,False
1024,256,1.25,30,100000,cooling,399,99750,1064133,25700,0.2510079250765091,0,0,0,0,1.0,0.0,True,False
1024,256,1.25,30,100000,cooling,400,100000,1066800,25700,0.25,0,0,0,0,1.0,0.0,True,False
1024,256,1.25,30,100000,hold,401,100250,1069467,25700,0.25,0,0,0,0,1.0,0.0,True,False
1024,256,1.25,30,100000,hold,402,100500,1072134,25700,0.25,0,0,0,0,1.0,0.0,True,False
1024,256,1.25,30,100000,hold,403,100750,1074801,25700,0.25,0,0,0,0,1.0,0.0,True,False
1024,256,1.25,30,100000,hold,404,101000,1077468,25700,0.25,0,0,0,0,1.0,0.0,True,False
1024,256,1.25,30,100000,hold,405,101250,1080135,25700,0.25,0,0,0,0,1.0,0.0,True,False
1024,256,1.25,30,100000,hold,406,101500,1082802,25700,0.25,0,0,0,0,1.0,0.0,True,False
1024,256,1.25,30,100000,hold,407,101750,1085469,25700,0.25,0,0,0,0,1.0,0.0,True,False
1024,256,1.25,30,100000,hold,408,102000,1088136,25700,0.25,0,0,0,0,1.0,0.0,True,False
1024,256,1.25,30,100000,hold,409,102250,1090803,25700,0.25,0,0,0,0,1.0,0.0,True,False
1024,256,1.25,30,100000,hold,410,102500,1093470,25700,0.25,0,0,0,0,1.0,0.0,True,False
1024,256,1.25,30,100000,hold,411,102750,1096137,25700,0.25,0,0,0,0,1.0,0.0,True,False
1024,256,1.25,30,100000,hold,412,103000,1098804,25700,0.25,0,0,0,0,1.0,0.0,True,False
1024,256,1.25,30,100000,hold,413,103250,1101471,25700,0.25,0,0,0,0,1.0,0.0,True,False
1024,256,1.25,30,100000,hold,414,103500,1104138,25700,0.25,0,0,0,0,1.0,0.0,True,False
1024,256,1.25,30,100000,hold,415,103750,1106805,25700,0.25,0,0,0,0,1.0,0.0,True,False
1024,256,1.25,30,100000,hold,416,104000,1109472,25700,0.25,0,0,0,0,1.0,0.0,True,False
1024,256,1.25,30,100000,hold,417,104250,1112139,25700,0.25,0,0,0,0,1.0,0.0,True,False
1024,256,1.25,30,100000,hold,418,104500,1114806,25700,0.25,0,0,0,0,1.0,0.0,True,False
1024,256,1.25,30,100000,hold,419,104750,1117473,25700,0.25,0,0,0,0,1.0,0.0,True,False
1024,256,1.25,30,100000,hold,420,105000,1120140,25700,0.25,0,0,0,0,1.0,0.0,True,True
1024,256,1.25,31,,opening,0,0,0,37600,1.25,4,1,24,8,0.9765625,84.0,True,False
1024,256,1.25,31,100000,cooling,1,250,2667,37600,1.244980611288459,4,0,16,4,0.984375,56.0,True,False
1024,256,1.25,31,100000,cooling,2,500,5334,37600,1.239981377987348,3,0,12,4,0.98828125,42.0,True,False
1024,256,1.25,31,100000,cooling,3,750,8001,37600,1.2350022191623955,3,0,12,4,0.98828125,42.0,True,False
1024,256,1.25,31,100000,cooling,4,1000,10668,37600,1.230043054204322,3,0,12,4,0.98828125,42.0,True,False
1024,256,1.25,31,100000,cooling,5,1250,13335,37600,1.225103802827536,3,0,12,4,0.98828125,42.0,True,False
1024,256,1.25,31,100000,cooling,6,1500,16002,37600,1.2201843850688332,3,0,12,4,0.98828125,42.0,True,False
1024,256,1.25,31,100000,cooling,7,1750,18669,37600,1.2152847212861027,3,0,12,4,0.98828125,42.0,True,False
1024,256,1.25,31,100000,cooling,8,2000,21336,37600,1.2104047321570373,3,0,12,4,0.98828125,42.0,True,False
1024,256,1.25,31,100000,cooling,9,2250,24003,37600,1.2055443386778495,3,0,12,4,0.98828125,42.0,True,False
1024,256,1.25,31,100000,cooling,10,2500,26670,37600,1.200703462161992,3,0,12,4,0.98828125,42.0,True,False
1024,256,1.25,31,100000,cooling,11,2750,29337,37600,1.1958820242388848,1,0,4,4,0.99609375,34.0,True,False
1024,256,1.25,31,100000,cooling,12,3000,32004,37600,1.1910799468526452,1,0,4,4,0.99609375,14.0,True,False
1024,256,1.25,31,100000,cooling,13,3250,34671,37600,1.1862971522608252,1,0,4,4,0.99609375,14.0,True,False
1024,256,1.25,31,100000,cooling,14,3500,37338,37600,1.1815335630331523,1,0,4,4,0.99609375,14.0,True,False
1024,256,1.25,31,100000,cooling,15,3750,40005,37600,1.1767891020502759,1,0,4,4,0.99609375,14.0,True,False
1024,256,1.25,31,100000,cooling,16,4000,42672,37600,1.1720636925025194,1,0,4,4,0.99609375,14.0,True,False
1024,256,1.25,31,100000,cooling,17,4250,45339,37600,1.167357257888636,1,0,4,4,0.99609375,14.0,True,False
1024,256,1.25,31,100000,cooling,18,4500,48006,37600,1.1626697220145708,1,0,4,4,0.99609375,14.0,True,False
1024,256,1.25,31,100000,cooling,19,4750,50673,37600,1.1580010089922264,1,0,4,4,0.99609375,14.0,True,False
1024,256,1.25,31,100000,cooling,20,5000,53340,37600,1.1533510432382355,1,0,4,4,0.99609375,14.0,True,False
1024,256,1.25,31,100000,cooling,21,5250,56007,37600,1.1487197494727361,1,0,4,4,0.99609375,14.0,True,False
1024,256,1.25,31,100000,cooling,22,5500,58674,37600,1.144107052718154,1,0,4,4,0.99609375,14.0,True,False
1024,256,1.25,31,100000,cooling,23,5750,61341,37600,1.1395128782979878,1,0,4,4,0.99609375,14.0,True,False
1024,256,1.25,31,100000,cooling,24,6000,64008,37600,1.1349371518356002,1,0,4,4,0.99609375,14.0,True,False
1024,256,1.25,31,100000,cooling,25,6250,66675,37600,1.1303797992530145,1,0,4,4,0.99609375,14.0,True,False
1024,256,1.25,31,100000,cooling,26,6500,69342,37600,1.1258407467697147,1,0,4,4,0.99609375,14.0,True,False
1024,256,1.25,31,100000,cooling,27,6750,72009,37600,1.1213199209014517,1,0,4,4,0.99609375,14.0,True,False
1024,256,1.25,31,100000,cooling,28,7000,74676,37600,1.1168172484590526,1,0,4,4,0.99609375,14.0,True,False
1024,256,1.25,31,100000,cooling,29,7250,77343,37600,1.1123326565472371,1,0,4,4,0.99609375,14.0,True,False
1024,256,1.25,31,100000,cooling,30,7500,80010,37600,1.1078660725634357,1,0,4,4,0.99609375,14.0,True,False
1024,256,1.25,31,100000,cooling,31,7750,82677,37600,1.1034174241966164,1,0,4,4,0.99609375,14.0,True,False
1024,256,1.25,31,100000,cooling,32,8000,85344,37600,1.098986639426112,1,0,4,4,0.99609375,14.0,True,False
1024,256,1.25,31,100000,cooling,33,8250,88011,37600,1.0945736465204563,1,0,4,4,0.99609375,14.0,True,False
1024,256,1.25,31,100000,cooling,34,8500,90678,37600,1.0901783740362203,1,0,4,4,0.99609375,14.0,True,False
1024,256,1.25,31,100000,cooling,35,8750,93345,37600,1.0858007508168575,1,0,4,4,0.99609375,14.0,True,False
1024,256,1.25,31,100000,cooling,36,9000,96012,37600,1.0814407059915512,1,0,4,4,0.99609375,14.0,True,False
1024,256,1.25,31,100000,cooling,37,9250,98679,37600,1.0770981689740673,1,0,4,4,0.99609375,14.0,True,False
1024,256,1.25,31,100000,cooling,38,9500,101346,37600,1.0727730694616113,1,0,4,4,0.99609375,14.0,True,False
1024,256,1.25,31,100000,cooling,39,9750,104013,37600,1.0684653374336908,1,0,4,4,0.99609375,14.0,True,False
1024,256,1.25,31,100000,cooling,40,10000,106680,37600,1.0641749031509808,1,0,4,4,0.99609375,14.0,True,False
1024,256,1.25,31,100000,cooling,41,10250,109347,37600,1.0599016971541957,1,0,4,4,0.99609375,14.0,True,False
1024,256,1.25,31,100000,cooling,42,10500,112014,37600,1.0556456502629645,1,0,4,4,0.99609375,14.0,True,False
1024,256,1.25,31,100000,cooling,43,10750,114681,37600,1.0514066935747108,1,0,4,4,0.99609375,14.0,True,False
1024,256,1.25,31,100000,cooling,44,11000,117348,37600,1.0471847584635368,1,0,4,4,0.99609375,14.0,True,False
1024,256,1.25,31,100000,cooling,45,11250,120015,37600,1.0429797765791131,1,0,4,4,0.99609375,14.0,True,False
1024,256,1.25,31,100000,cooling,46,11500,122682,37600,1.0387916798455716,1,0,4,4,0.99609375,14.0,True,False
1024,256,1.25,31,100000,cooling,47,11750,125349,37600,1.034620400460404,1,0,4,4,0.99609375,14.0,True,False
1024,256,1.25,31,100000,cooling,48,12000,128016,37600,1.0304658708933632,1,0,4,4,0.99609375,14.0,True,False
1024,256,1.25,31,100000,cooling,49,12250,130683,37600,1.026328023885371,1,0,4,4,0.99609375,14.0,True,False
1024,256,1.25,31,100000,cooling,50,12500,133350,37600,1.0222067924474283,1,0,4,4,0.99609375,14.0,True,False
1024,256,1.25,31,100000,cooling,51,12750,136017,37600,1.0181021098595313,1,0,4,4,0.99609375,14.0,True,False
1024,256,1.25,31,100000,cooling,52,13000,138684,37600,1.0140139096695913,1,0,4,4,0.99609375,14.0,True,False
1024,256,1.25,31,100000,cooling,53,13250,141351,37600,1.0099421256923584,1,0,4,4,0.99609375,14.0,True,False
1024,256,1.25,31,100000,cooling,54,13500,144018,37600,1.0058866920083505,1,0,4,4,0.99609375,14.0,True,False
1024,256,1.25,31,100000,cooling,55,13750,146685,37600,1.0018475429627856,1,0,4,4,0.99609375,14.0,True,False
1024,256,1.25,31,100000,cooling,56,14000,149352,37600,0.9978246131645195,1,0,4,4,0.99609375,14.0,True,False
1024,256,1.25,31,100000,cooling,57,14250,152019,37600,0.993817837484987,1,0,4,4,0.99609375,14.0,True,False
1024,256,1.25,31,100000,cooling,58,14500,154686,37600,0.9898271510571468,1,0,4,4,0.99609375,14.0,True,False
1024,256,1.25,31,100000,cooling,59,14750,157353,37600,0.9858524892744324,1,0,4,4,0.99609375,14.0,True,False
1024,256,1.25,31,100000,cooling,60,15000,160020,37600,0.9818937877897055,1,0,4,4,0.99609375,14.0,True,False
1024,256,1.25,31,100000,cooling,61,15250,162687,37600,0.9779509825142143,1,0,4,4,0.99609375,14.0,True,False
1024,256,1.25,31,100000,cooling,62,15500,165354,37600,0.9740240096165564,1,0,4,4,0.99609375,14.0,True,False
1024,256,1.25,31,100000,cooling,63,15750,168021,37600,0.9701128055216451,1,0,4,4,0.99609375,14.0,True,False
1024,256,1.25,31,100000,cooling,64,16000,170688,37600,0.9662173069096798,1,0,4,4,0.99609375,14.0,True,False
1024,256,1.25,31,100000,cooling,65,16250,173355,37600,0.9623374507151214,1,0,4,4,0.99609375,14.0,True,False
1024,256,1.25,31,100000,cooling,66,16500,176022,37600,0.9584731741256712,1,0,4,4,0.99609375,14.0,True,False
1024,256,1.25,31,100000,cooling,67,16750,178689,37600,0.9546244145812542,1,0,4,4,0.99609375,14.0,True,False
1024,256,1.25,31,100000,cooling,68,17000,181356,37600,0.9507911097730058,1,0,4,4,0.99609375,14.0,True,False
1024,256,1.25,31,100000,cooling,69,17250,184023,37600,0.9469731976422633,1,0,4,4,0.99609375,14.0,True,False
1024,256,1.25,31,100000,cooling,70,17500,186690,37600,0.9431706163795612,1,0,4,4,0.99609375,14.0,True,False
1024,256,1.25,31,100000,cooling,71,17750,189357,37600,0.939383304423631,1,0,4,4,0.99609375,14.0,True,False
1024,256,1.25,31,100000,cooling,72,18000,192024,37600,0.9356112004604039,1,0,4,4,0.99609375,14.0,True,False
1024,256,1.25,31,100000,cooling,73,18250,194691,37600,0.9318542434220181,1,0,4,4,0.99609375,14.0,True,False
1024,256,1.25,31,100000,cooling,74,18500,197358,37600,0.9281123724858308,1,0,4,4,0.99609375,14.0,True,False
1024,256,1.25,31,100000,cooling,75,18750,200025,37600,0.9243855270734334,1,0,4,4,0.99609375,14.0,True,False
1024,256,1.25,31,100000,cooling,76,19000,202692,37600,0.9206736468496699,1,0,4,4,0.99609375,14.0,True,False
1024,256,1.25,31,100000,cooling,77,19250,205359,37600,0.9169766717216614,1,0,4,4,0.99609375,14.0,True,False
1024,256,1.25,31,100000,cooling,78,19500,208026,37600,0.9132945418378325,1,0,4,4,0.99609375,14.0,True,False
1024,256,1.25,31,100000,cooling,79,19750,210693,37600,0.9096271975869423,1,0,4,4,0.99609375,14.0,True,False
1024,256,1.25,31,100000,cooling,80,20000,213360,37600,0.9059745795971195,1,0,4,4,0.99609375,14.0,True,False
1024,256,1.25,31,100000,cooling,81,20250,216027,37600,0.9023366287349011,1,0,4,4,0.99609375,14.0,True,False
1024,256,1.25,31,100000,cooling,82,20500,218694,37600,0.8987132861042756,1,0,4,4,0.99609375,14.0,True,False
1024,256,1.25,31,100000,cooling,83,20750,221361,37600,0.8951044930457286,1,0,4,4,0.99609375,14.0,True,False
1024,256,1.25,31,100000,cooling,84,21000,224028,37600,0.891510191135294,1,0,4,4,0.99609375,14.0,True,False
1024,256,1.25,31,100000,cooling,85,21250,226695,37600,0.8879303221836075,1,0,4,4,0.99609375,14.0,True,False
1024,256,1.25,31,100000,cooling,86,21500,229362,37600,0.8843648282349647,1,0,4,4,0.99609375,14.0,True,False
1024,256,1.25,31,100000,cooling,87,21750,232029,37600,0.8808136515663835,1,0,4,4,0.99609375,14.0,True,False
1024,256,1.25,31,100000,cooling,88,22000,234696,37600,0.8772767346866686,1,0,4,4,0.99609375,14.0,True,False
1024,256,1.25,31,100000,cooling,89,22250,237363,37600,0.8737540203354816,1,0,4,4,0.99609375,14.0,True,False
1024,256,1.25,31,100000,cooling,90,22500,240030,37600,0.8702454514824132,1,0,4,4,0.99609375,14.0,True,False
1024,256,1.25,31,100000,cooling,91,22750,242697,37600,0.8667509713260606,1,0,4,4,0.99609375,14.0,True,False
1024,256,1.25,31,100000,cooling,92,23000,245364,37600,0.8632705232931076,1,0,4,4,0.99609375,14.0,True,False
1024,256,1.25,31,100000,cooling,93,23250,248031,37600,0.8598040510374089,1,0,4,4,0.99609375,14.0,True,False
1024,256,1.25,31,100000,cooling,94,23500,250698,37600,0.8563514984390774,1,0,4,4,0.99609375,14.0,True,False
1024,256,1.25,31,100000,cooling,95,23750,253365,37600,0.8529128096035763,1,0,4,4,0.99609375,14.0,True,False
1024,256,1.25,31,100000,cooling,96,24000,256032,37600,0.8494879288608139,1,0,4,4,0.99609375,14.0,True,False
1024,256,1.25,31,100000,cooling,97,24250,258699,37600,0.8460768007642425,1,0,4,4,0.99609375,14.0,True,False
1024,256,1.25,31,100000,cooling,98,24500,261366,37600,0.8426793700899603,1,0,4,4,0.99609375,14.0,True,False
1024,256,1.25,31,100000,cooling,99,24750,264033,37600,0.8392955818358179,1,0,4,4,0.99609375,14.0,True,False
1024,256,1.25,31,100000,cooling,100,25000,266700,37600,0.8359253812205275,1,0,4,4,0.99609375,14.0,True,False
1024,256,1.25,31,100000,cooling,101,25250,269367,37600,0.8325687136827764,1,0,4,4,0.99609375,14.0,True,False
1024,256,1.25,31,100000,cooling,102,25500,272034,37600,0.8292255248803432,1,0,4,4,0.99609375,14.0,True,False
1024,256,1.25,31,100000,cooling,103,25750,274701,37600,0.8258957606892183,1,0,4,4,0.99609375,14.0,True,False
1024,256,1.25,31,100000,cooling,104,26000,277368,37600,0.822579367202728,1,0,4,4,0.99609375,14.0,True,False
1024,256,1.25,31,100000,cooling,105,26250,280035,37600,0.8192762907306608,1,0,4,4,0.99609375,14.0,True,False
1024,256,1.25,31,100000,cooling,106,26500,282702,37600,0.8159864777983994,1,0,4,4,0.99609375,14.0,True,False
1024,256,1.25,31,100000,cooling,107,26750,285369,37600,0.8127098751460543,1,0,4,4,0.99609375,14.0,True,False
1024,256,1.25,31,100000,cooling,108,27000,288036,37600,0.8094464297276015,1,0,4,4,0.99609375,14.0,True,False
1024,256,1.25,31,100000,cooling,109,27250,290703,37600,0.806196088710024,1,0,4,4,0.99609375,14.0,True,False
1024,256,1.25,31,100000,cooling,110,27500,293370,37600,0.8029587994724563,1,0,4,4,0.99609375,14.0,True,False
1024,256,1.25,31,100000,cooling,111,27750,296037,37600,0.7997345096053327,1,0,4,4,0.99609375,14.0,True,False
1024,256,1.25,31,100000,cooling,112,28000,298704,37600,0.7965231669095385,1,0,4,4,0.99609375,14.0,True,False
1024,256,1.25,31,100000,cooling,113,28250,301371,37600,0.7933247193955651,1,0,4,4,0.99609375,14.0,True,False
1024,256,1.25,31,100000,cooling,114,28500,304038,37600,0.7901391152826688,1,0,4,4,0.99609375,14.0,True,False
1024,256,1.25,31,100000,cooling,115,28750,306705,37600,0.7869663029980313,1,0,4,4,0.99609375,14.0,True,False
1024,256,1.25,31,100000,cooling,116,29000,309372,37600,0.7838062311759262,1,0,4,4,0.99609375,14.0,True,False
1024,256,1.25,31,100000,cooling,117,29250,312039,37600,0.7806588486568862,1,0,4,4,0.99609375,14.0,True,False
1024,256,1.25,31,100000,cooling,118,29500,314706,37600,0.7775241044868758,1,0,4,4,0.99609375,14.0,True,False
1024,256,1.25,31,100000,cooling,119,29750,317373,37600,0.7744019479164659,1,0,4,4,0.99609375,14.0,True,False
1024,256,1.25,31,100000,cooling,120,30000,320040,37600,0.7712923284000122,1,0,4,4,0.99609375,14.0,True,False
1024,256,1.25,31,100000,cooling,121,30250,322707,37600,0.7681951955948367,1,0,4,4,0.99609375,14.0,True,False
1024,256,1.25,31,100000,cooling,122,30500,325374,37600,0.7651104993604136,1,0,4,4,0.99609375,14.0,True,False
1024,256,1.25,31,100000,cooling,123,30750,328041,37600,0.7620381897575568,1,0,4,4,0.99609375,14.0,True,False
1024,256,1.25,31,100000,cooling,124,31000,330708,37600,0.758978217047611,1,0,4,4,0.99609375,14.0,True,False
1024,256,1.25,31,100000,cooling,125,31250,333375,37600,0.7559305316916476,1,0,4,4,0.99609375,14.0,True,False
1024,256,1.25,31,100000,cooling,126,31500,336042,37600,0.7528950843496618,1,0,4,4,0.99609375,14.0,True,False
1024,256,1.25,31,100000,cooling,127,31750,338709,37600,0.7498718258797743,1,0,4,4,0.99609375,14.0,True,False
1024,256,1.25,31,100000,cooling,128,32000,341376,37600,0.7468607073374355,1,0,4,4,0.99609375,14.0,True,False
1024,256,1.25,31,100000,cooling,129,32250,344043,37600,0.7438616799746329,1,0,4,4,0.99609375,14.0,True,False
1024,256,1.25,31,100000,cooling,130,32500,346710,37600,0.740874695239103,1,0,4,4,0.99609375,14.0,True,False
1024,256,1.25,31,100000,cooling,131,32750,349377,37600,0.7378997047735432,1,0,4,4,0.99609375,14.0,True,False
1024,256,1.25,31,100000,cooling,132,33000,352044,37600,0.7349366604148315,1,0,4,4,0.99609375,14.0,True,False
1024,256,1.25,31,100000,cooling,133,33250,354711,37600,0.7319855141932443,1,0,4,4,0.99609375,14.0,True,False
1024,256,1.25,31,100000,cooling,134,33500,357378,37600,0.7290462183316819,1,0,4,4,0.99609375,14.0,True,False
1024,256,1.25,31,100000,cooling,135,33750,360045,37600,0.7261187252448933,1,0,4,4,0.99609375,14.0,True,False
1024,256,1.25,31,100000,cooling,136,34000,362712,37600,0.723202987538707,1,0,4,4,0.99609375,14.0,True,False
1024,256,1.25,31,100000,cooling,137,34250,365379,37600,0.7202989580092635,1,0,4,4,0.99609375,14.0,True,False
1024,256,1.25,31,100000,cooling,138,34500,368046,37600,0.7174065896422505,1,0,4,4,0.99609375,14.0,True,False
1024,256,1.25,31,100000,cooling,139,34750,370713,37600,0.714525835612142,1,0,4,4,0.99609375,14.0,True,False
1024,256,1.25,31,100000,cooling,140,35000,373380,37600,0.7116566492814413,1,0,4,4,0.99609375,14.0,True,False
1024,256,1.25,31,100000,cooling,141,35250,376047,37600,0.7087989841999242,1,0,4,4,0.99609375,14.0,True,False
1024,256,1.25,31,100000,cooling,142,35500,378714,37600,0.7059527941038883,1,0,4,4,0.99609375,14.0,True,False
1024,256,1.25,31,100000,cooling,143,35750,381381,37600,0.7031180329154036,1,0,4,4,0.99609375,14.0,True,False
1024,256,1.25,31,100000,cooling,144,36000,384048,37600,0.7002946547415665,1,0,4,4,0.99609375,14.0,True,False
1024,256,1.25,31,100000,cooling,145,36250,386715,37600,0.6974826138737565,1,0,4,4,0.99609375,14.0,True,False
1024,256,1.25,31,100000,cooling,146,36500,389382,37600,0.6946818647868973,1,0,4,4,0.99609375,14.0,True,False
1024,256,1.25,31,100000,cooling,147,36750,392049,37600,0.6918923621387185,1,0,4,4,0.99609375,14.0,True,False
1024,256,1.25,31,100000,cooling,148,37000,394716,37600,0.689114060769022,1,0,4,4,0.99609375,14.0,True,False
1024,256,1.25,31,100000,cooling,149,37250,397383,37600,0.6863469156989515,1,0,4,4,0.99609375,14.0,True,False
1024,256,1.25,31,100000,cooling,150,37500,400050,37600,0.6835908821302632,1,0,4,4,0.99609375,14.0,True,False
1024,256,1.25,31,100000,cooling,151,37750,402717,37600,0.6808459154446016,1,0,4,4,0.99609375,14.0,True,False
1024,256,1.25,31,100000,cooling,152,38000,405384,37600,0.6781119712027766,1,0,4,4,0.99609375,14.0,True,False
1024,256,1.25,31,100000,cooling,153,38250,408051,37600,0.6753890051440437,1,0,4,4,0.99609375,14.0,True,False
1024,256,1.25,31,100000,cooling,154,38500,410718,37600,0.6726769731853885,1,0,4,4,0.99609375,14.0,True,False
1024,256,1.25,31,100000,cooling,155,38750,413385,37600,0.6699758314208122,1,0,4,4,0.99609375,14.0,True,False
1024,256,1.25,31,100000,cooling,156,39000,416052,37600,0.6672855361206211,1,0,4,4,0.99609375,14.0,True,False
1024,256,1.25,31,100000,cooling,157,39250,418719,37600,0.6646060437307184,1,0,4,4,0.99609375,14.0,True,False
1024,256,1.25,31,100000,cooling,158,39500,421386,37600,0.6619373108718993,1,0,4,4,0.99609375,14.0,True,False
1024,256,1.25,31,100000,cooling,159,39750,424053,37600,0.6592792943391488,1,0,4,4,0.99609375,14.0,True,False
1024,256,1.25,31,100000,cooling,160,40000,426720,37600,0.6566319511009417,1,0,4,4,0.99609375,14.0,True,False
1024,256,1.25,31,100000,cooling,161,40250,429387,37600,0.6539952382985472,1,0,4,4,0.99609375,14.0,True,False
1024,256,1.25,31,100000,cooling,162,40500,432054,37600,0.6513691132453334,1,0,4,4,0.99609375,14.0,True,False
1024,256,1.25,31,100000,cooling,163,40750,434721,37600,0.6487535334260774,1,0,4,4,0.99609375,14.0,True,False
1024,256,1.25,31,100000,cooling,164,41000,437388,37600,0.6461484564962765,1,0,4,4,0.99609375,14.0,True,False
1024,256,1.25,31,100000,cooling,165,41250,440055,37600,0.6435538402814628,1,0,4,4,0.99609375,14.0,True,False
1024,256,1.25,31,100000,cooling,166,41500,442722,37600,0.6409696427765208,1,0,4,4,0.99609375,14.0,True,False
1024,256,1.25,31,100000,cooling,167,41750,445389,37600,0.6383958221450063,1,0,4,4,0.99609375,14.0,True,False
1024,256,1.25,31,100000,cooling,168,42000,448056,37600,0.6358323367184706,1,0,4,4,0.99609375,14.0,True,False
1024,256,1.25,31,100000,cooling,169,42250,450723,37600,0.6332791449957847,1,0,4,4,0.99609375,14.0,True,False
1024,256,1.25,31,100000,cooling,170,42500,453390,37600,0.6307362056424677,1,0,4,4,0.99609375,14.0,True,False
1024,256,1.25,31,100000,cooling,171,42750,456057,37600,0.6282034774900181,1,0,4,4,0.99609375,14.0,True,False
1024,256,1.25,31,100000,cooling,172,43000,458724,37600,0.6256809195352468,1,0,4,4,0.99609375,14.0,True,False
1024,256,1.25,31,100000,cooling,173,43250,461391,37600,0.6231684909396134,1,0,4,4,0.99609375,14.0,True,False
1024,256,1.25,31,100000,cooling,174,43500,464058,37600,0.620666151028565,1,0,4,4,0.99609375,14.0,True,False
1024,256,1.25,31,100000,cooling,175,43750,466725,37600,0.6181738592908783,1,0,4,4,0.99609375,14.0,True,False
1024,256,1.25,31,100000,cooling,176,44000,469392,37600,0.6156915753780029,1,0,4,4,0.99609375,14.0,True,False
1024,256,1.25,31,100000,cooling,177,44250,472059,37600,0.6132192591034082,1,0,4,4,0.99609375,14.0,True,False
1024,256,1.25,31,100000,cooling,178,44500,474726,37600,0.6107568704419337,1,0,4,4,0.99609375,14.0,True,False
1024,256,1.25,31,100000,cooling,179,44750,477393,37600,0.6083043695291399,1,0,4,4,0.99609375,14.0,True,False
1024,256,1.25,31,100000,cooling,180,45000,480060,37600,0.6058617166606634,1,0,4,4,0.99609375,14.0,True,False
1024,256,1.25,31,100000,cooling,181,45250,482727,37600,0.6034288722915743,1,0,4,4,0.99609375,14.0,True,False
1024,256,1.25,31,100000,cooling,182,45500,485394,37600,0.6010057970357356,1,0,4,4,0.99609375,14.0,True,False
1024,256,1.25,31,100000,cooling,183,45750,488061,37600,0.5985924516651662,1,0,4,4,0.99609375,14.0,True,False
1024,256,1.25,31,100000,cooling,184,46000,490728,37600,0.5961887971094048,1,0,4,4,0.99609375,14.0,True,False
1024,256,1.25,31,100000,cooling,185,46250,493395,37600,0.5937947944548781,1,0,4,4,0.99609375,14.0,True,False
1024,256,1.25,31,100000,cooling,186,46500,496062,37600,0.5914104049442713,1,0,4,4,0.99609375,14.0,True,False
1024,256,1.25,31,100000,cooling,187,46750,498729,37600,0.5890355899758991,1,0,4,4,0.99609375,14.0,True,False
1024,256,1.25,31,100000,cooling,188,47000,501396,37600,0.5866703111030825,1,0,4,4,0.99609375,14.0,True,False
1024,256,1.25,31,100000,cooling,189,47250,504063,37600,0.5843145300335248,1,0,4,4,0.99609375,14.0,True,False
1024,256,1.25,31,100000,cooling,190,47500,506730,37600,0.5819682086286931,1,0,4,4,0.99609375,14.0,True,False
1024,256,1.25,31,100000,cooling,191,47750,509397,37600,0.5796313089031999,1,0,4,4,0.99609375,14.0,True,False
1024,256,1.25,31,100000,cooling,192,48000,512064,37600,0.5773037930241883,1,0,4,4,0.99609375,14.0,True,False
1024,256,1.25,31,100000,cooling,193,48250,514731,37600,0.5749856233107199,1,0,4,4,0.99609375,14.0,True,False
1024,256,1.25,31,100000,cooling,194,48500,517398,37600,0.5726767622331645,1,0,4,4,0.99609375,14.0,True,False
1024,256,1.25,31,100000,cooling,195,48750,520065,37600,0.5703771724125926,1,0,4,4,0.99609375,14.0,True,False
1024,256,1.25,31,100000,cooling,196,49000,522732,37600,0.5680868166201698,1,0,4,4,0.99609375,14.0,True,False
1024,256,1.25,31,100000,cooling,197,49250,525399,37600,0.565805657776555,1,0,4,4,0.99609375,14.0,True,False
1024,256,1.25,31,100000,cooling,198,49500,528066,37600,0.5635336589512993,1,0,4,4,0.99609375,14.0,True,False
1024,256,1.25,31,100000,cooling,199,49750,530733,37600,0.5612707833622484,1,0,4,4,0.99609375,14.0,True,False
1024,256,1.25,31,100000,cooling,200,50000,533400,37600,0.5590169943749475,1,0,4,4,0.99609375,14.0,True,False
1024,256,1.25,31,100000,cooling,201,50250,536067,37600,0.5567722555020473,1,0,4,4,0.99609375,14.0,True,False
1024,256,1.25,31,100000,cooling,202,50500,538734,37600,0.5545365304027143,1,0,4,4,0.99609375,14.0,True,False
1024,256,1.25,31,100000,cooling,203,50750,541401,37600,0.552309782882042,1,0,4,4,0.99609375,14.0,True,False
1024,256,1.25,31,100000,cooling,204,51000,544068,37600,0.5500919768904645,1,0,4,4,0.99609375,14.0,True,False
1024,256,1.25,31,100000,cooling,205,51250,546735,37600,0.5478830765231739,1,0,4,4,0.99609375,14.0,True,False
1024,256,1.25,31,100000,cooling,206,51500,549402,37600,0.5456830460195381,1,0,4,4,0.99609375,14.0,True,False
1024,256,1.25,31,100000,cooling,207,51750,552069,37600,0.5434918497625223,1,0,4,4,0.99609375,14.0,True,False
1024,256,1.25,31,100000,cooling,208,52000,554736,37600,0.5413094522781122,1,0,4,4,0.99609375,14.0,True,False
1024,256,1.25,31,100000,cooling,209,52250,557403,37600,0.5391358182347401,1,0,4,4,0.99609375,14.0,True,False
1024,256,1.25,31,100000,cooling,210,52500,560070,37600,0.5369709124427122,1,0,4,4,0.99609375,14.0,True,False
1024,256,1.25,31,100000,cooling,211,52750,562737,37600,0.5348146998536395,1,0,4,4,0.99609375,14.0,True,False
1024,256,1.25,31,100000,cooling,212,53000,565404,37600,0.5326671455598703,1,0,4,4,0.99609375,14.0,True,False
1024,256,1.25,31,100000,cooling,213,53250,568071,37600,0.5305282147939248,1,0,4,4,0.99609375,14.0,True,False
1024,256,1.25,31,100000,cooling,214,53500,570738,37600,0.5283978729279322,1,0,4,4,0.99609375,14.0,True,False
1024,256,1.25,31,100000,cooling,215,53750,573405,37600,0.5262760854730708,1,0,4,4,0.99609375,14.0,True,False
1024,256,1.25,31,100000,cooling,216,54000,576072,37600,0.5241628180790088,1,0,4,4,0.99609375,14.0,True,False
1024,256,1.25,31,100000,cooling,217,54250,578739,37600,0.5220580365333486,1,0,4,4,0.99609375,14.0,True,False
1024,256,1.25,31,100000,cooling,218,54500,581406,37600,0.5199617067610728,1,0,4,4,0.99609375,14.0,True,False
1024,256,1.25,31,100000,cooling,219,54750,584073,37600,0.5178737948239927,1,0,4,4,0.99609375,14.0,True,False
1024,256,1.25,31,100000,cooling,220,55000,586740,37600,0.5157942669201987,1,0,4,4,0.99609375,14.0,True,False
1024,256,1.25,31,100000,cooling,221,55250,589407,37600,0.5137230893835133,1,0,4,4,0.99609375,14.0,True,False
1024,256,1.25,31,100000,cooling,222,55500,592074,37600,0.5116602286829456,1,0,4,4,0.99609375,14.0,True,False
1024,256,1.25,31,100000,cooling,223,55750,594741,37600,0.5096056514221491,1,0,4,4,0.99609375,14.0,True,False
1024,256,1.25,31,100000,cooling,224,56000,597408,37600,0.5075593243388804,1,0,4,4,0.99609375,14.0,True,False
1024,256,1.25,31,100000,cooling,225,56250,600075,37600,0.5055212143044613,1,0,4,4,0.99609375,14.0,True,False
1024,256,1.25,31,100000,cooling,226,56500,602742,37600,0.5034912883232419,1,0,4,4,0.99609375,14.0,True,False
1024,256,1.25,31,100000,cooling,227,56750,605409,37600,0.5014695135320667,1,0,4,4,0.99609375,14.0,True,False
1024,256,1.25,31,100000,cooling,228,57000,608076,37600,0.4994558571997429,1,0,4,4,0.99609375,14.0,True,False
1024,256,1.25,31,100000,cooling,229,57250,610743,37600,0.49745028672650965,1,0,4,4,0.99609375,14.0,True,False
1024,256,1.25,31,100000,cooling,230,57500,613410,37600,0.4954527696435115,1,0,4,4,0.99609375,14.0,True,False
1024,256,1.25,31,100000,cooling,231,57750,616077,37600,0.49346327361227116,1,0,4,4,0.99609375,14.0,True,False
1024,256,1.25,31,100000,cooling,232,58000,618744,37600,0.4914817664241675,1,0,4,4,0.99609375,14.0,True,False
1024,256,1.25,31,100000,cooling,233,58250,621411,37600,0.48950821599991334,1,0,4,4,0.99609375,14.0,True,False
1024,256,1.25,31,100000,cooling,234,58500,624078,37600,0.4875425903890362,1,0,4,4,0.99609375,14.0,True,False
1024,256,1.25,31,100000,cooling,235,58750,626745,37600,0.4855848577693608,1,0,4,4,0.99609375,14.0,True,False
1024,256,1.25,31,100000,cooling,236,59000,629412,37600,0.48363498644649455,1,0,4,4,0.99609375,14.0,True,False
1024,256,1.25,31,100000,cooling,237,59250,632079,37600,0.4816929448533139,1,0,4,4,0.99609375,14.0,True,False
1024,256,1.25,31,100000,cooling,238,59500,634746,37600,0.4797587015494534,1,0,4,4,0.99609375,14.0,True,False
1024,256,1.25,31,100000,cooling,239,59750,637413,37600,0.47783222522079666,1,0,4,4,0.99609375,14.0,True,False
1024,256,1.25,31,100000,cooling,240,60000,640080,37600,0.47591348467896966,1,0,4,4,0.99609375,14.0,True,False
1024,256,1.25,31,100000,cooling,241,60250,642747,37600,0.4740024488608354,1,0,4,4,0.99609375,14.0,True,False
1024,256,1.25,31,100000,cooling,242,60500,645414,37600,0.4720990868279915,1,0,4,4,0.99609375,14.0,True,False
1024,256,1.25,31,100000,cooling,243,60750,648081,37600,0.4702033677662689,1,0,4,4,0.99609375,14.0,True,False
1024,256,1.25,31,100000,cooling,244,61000,650748,37600,0.46831526098523335,1,0,4,4,0.99609375,14.0,True,False
1024,256,1.25,31,100000,cooling,245,61250,653415,37600,0.4664347359176879,1,0,4,4,0.99609375,14.0,True,False
1024,256,1.25,31,100000,cooling,246,61500,656082,37600,0.4645617621191793,1,0,4,4,0.99609375,14.0,True,False
1024,256,1.25,31,100000,cooling,247,61750,658749,37600,0.46269630926750355,1,0,4,4,0.99609375,14.0,True,False
1024,256,1.25,31,100000,cooling,248,62000,661416,37600,0.4608383471622164,1,0,4,4,0.99609375,14.0,True,False
1024,256,1.25,31,100000,cooling,249,62250,664083,37600,0.45898784572414336,1,0,4,4,0.99609375,14.0,True,False
1024,256,1.25,31,100000,cooling,250,62500,666750,37600,0.45714477499489364,1,0,4,4,0.99609375,14.0,True,False
1024,256,1.25,31,100000,cooling,251,62750,669417,37600,0.4553091051363742,1,0,4,4,0.99609375,14.0,True,False
1024,256,1.25,31,100000,cooling,252,63000,672084,37600,0.45348080643030747,1,0,4,4,0.99609375,14.0,True,False
1024,256,1.25,31,100000,cooling,253,63250,674751,37600,0.4516598492777501,1,0,4,4,0.99609375,14.0,True,False
1024,256,1.25,31,100000,cooling,254,63500,677418,37600,0.4498462041986132,1,0,4,4,0.99609375,14.0,True,False
1024,256,1.25,31,100000,cooling,255,63750,680085,37600,0.44803984183118595,1,0,4,4,0.99609375,14.0,True,False
1024,256,1.25,31,100000,cooling,256,64000,682752,37600,0.44624073293165945,1,0,4,4,0.99609375,14.0,True,False
1024,256,1.25,31,100000,cooling,257,64250,685419,37600,0.44444884837365395,1,0,4,4,0.99609375,14.0,True,False
1024,256,1.25,31,100000,cooling,258,64500,688086,37600,0.4426641591477466,1,0,4,4,0.99609375,14.0,True,False
1024,256,1.25,31,100000,cooling,259,64750,690753,37600,0.4408866363610026,1,0,4,4,0.99609375,14.0,True,False
1024,256,1.25,31,100000,cooling,260,65000,693420,37600,0.4391162512365068,1,0,4,4,0.99609375,14.0,True,False
1024,256,1.25,31,100000,cooling,261,65250,696087,37600,0.4373529751128983,1,0,4,4,0.99609375,14.0,True,False
1024,256,1.25,31,100000,cooling,262,65500,698754,37600,0.43559677944390585,1,0,4,4,0.99609375,14.0,True,False
1024,256,1.25,31,100000,cooling,263,65750,701421,37600,0.43384763579788643,1,0,4,4,0.99609375,14.0,True,False
1024,256,1.25,31,100000,cooling,264,66000,704088,37600,0.43210551585736423,1,0,4,4,0.99609375,14.0,True,False
1024,256,1.25,31,100000,cooling,265,66250,706755,37600,0.43037039141857303,1,0,4,4,0.99609375,14.0,True,False
1024,256,1.25,31,100000,cooling,266,66500,709422,37600,0.4286422343909987,1,0,4,4,0.99609375,14.0,True,False
1024,256,1.25,31,100000,cooling,267,66750,712089,37600,0.4269210167969252,1,0,4,4,0.99609375,14.0,True,False
1024,256,1.25,31,100000,cooling,268,67000,714756,37600,0.4252067107709811,1,0,4,4,0.99609375,14.0,True,False
1024,256,1.25,31,100000,cooling,269,67250,717423,37600,0.4234992885596889,1,0,4,4,0.99609375,14.0,True,False
1024,256,1.25,31,100000,cooling,270,67500,720090,37600,0.42179872252101513,1,0,4,4,0.99609375,14.0,True,False
1024,256,1.25,31,100000,cooling,271,67750,722757,37600,0.42010498512392364,1,0,4,4,0.99609375,14.0,True,False
1024,256,1.25,31,100000,cooling,272,68000,725424,37600,0.4184180489479291,1,0,4,4,0.99609375,14.0,True,False
1024,256,1.25,31,100000,cooling,273,68250,728091,37600,0.4167378866826537,1,0,4,4,0.99609375,14.0,True,False
1024,256,1.25,31,100000,cooling,274,68500,730758,37600,0.4150644711273846,1,0,4,4,0.99609375,14.0,True,False
1024,256,1.25,31,100000,cooling,275,68750,733425,37600,0.4133977751906338,1,0,4,4,0.99609375,14.0,True,False
1024,256,1.25,31,100000,cooling,276,69000,736092,37600,0.41173777188969946,1,0,4,4,0.99609375,14.0,True,False
1024,256,1.25,31,100000,cooling,277,69250,738759,37600,0.41008443435022884,1,0,4,4,0.99609375,14.0,True,False
1024,256,1.25,31,100000,cooling,278,69500,741426,37600,0.4084377358057839,1,0,4,4,0.99609375,14.0,True,False
1024,256,1.25,31,100000,cooling,279,69750,744093,37600,0.4067976495974071,1,0,4,4,0.99609375,14.0,True,False
1024,256,1.25,31,100000,cooling,280,70000,746760,37600,0.40516414917319066,1,0,4,4,0.99609375,14.0,True,False
1024,256,1.25,31,100000,cooling,281,70250,749427,37600,0.40353720808784577,1,0,4,4,0.99609375,14.0,True,False
1024,256,1.25,31,100000,cooling,282,70500,752094,37600,0.4019168000022755,1,0,4,4,0.99609375,14.0,True,False
1024,256,1.25,31,100000,cooling,283,70750,754761,37600,0.4003028986831474,1,0,4,4,0.99609375,14.0,True,False
1024,256,1.25,31,100000,cooling,284,71000,757428,37600,0.39869547800246957,1,0,4,4,0.99609375,14.0,True,False
1024,256,1.25,31,100000,cooling,285,71250,760095,37600,0.3970945119371671,1,0,4,4,0.99609375,14.0,True,False
1024,256,1.25,31,100000,cooling,286,71500,762762,37600,0.3954999745686613,1,0,4,4,0.99609375,14.0,True,False
1024,256,1.25,31,100000,cooling,287,71750,765429,37600,0.3939118400824495,1,0,4,4,0.99609375,14.0,True,False
1024,256,1.25,31,100000,cooling,288,72000,768096,37600,0.3923300827676878,1,0,4,4,0.99609375,14.0,True,False
1024,256,1.25,31,100000,cooling,289,72250,770763,37600,0.3907546770167741,1,0,4,4,0.99609375,14.0,True,False
1024,256,1.25,31,100000,cooling,290,72500,773430,37600,0.38918559732493424,1,0,4,4,0.99609375,14.0,True,False
1024,256,1.25,31,100000,cooling,291,72750,776097,37600,0.3876228182898085,1,0,4,4,0.99609375,14.0,True,False
1024,256,1.25,31,100000,cooling,292,73000,778764,37600,0.3860663146110409,1,0,4,4,0.99609375,14.0,True,False
1024,256,1.25,31,100000,cooling,293,73250,781431,37600,0.38451606108986897,1,0,4,4,0.99609375,14.0,True,False
1024,256,1.25,31,100000,cooling,294,73500,784098,37600,0.38297203262871643,1,0,4,4,0.99609375,14.0,True,False
1024,256,1.25,31,100000,cooling,295,73750,786765,37600,0.3814342042307864,1,0,4,4,0.99609375,14.0,True,False
1024,256,1.25,31,100000,cooling,296,74000,789432,37600,0.3799025509996571,1,0,4,4,0.99609375,14.0,True,False
1024,256,1.25,31,100000,cooling,297,74250,792099,37600,0.37837704813887846,1,0,4,4,0.99609375,14.0,True,False
1024,256,1.25,31,100000,cooling,298,74500,794766,37600,0.37685767095157086,1,0,4,4,0.99609375,14.0,True,False
1024,256,1.25,31,100000,cooling,299,74750,797433,37600,0.3753443948400253,1,0,4,4,0.99609375,14.0,True,False
1024,256,1.25,31,100000,cooling,300,75000,800100,37600,0.3738371953053052,1,0,4,4,0.99609375,14.0,True,False
1024,256,1.25,31,100000,cooling,301,75250,802767,37600,0.37233604794684955,1,0,4,4,0.99609375,14.0,True,False
1024,256,1.25,31,100000,cooling,302,75500,805434,37600,0.3708409284620781,1,0,4,4,0.99609375,14.0,True,False
1024,256,1.25,31,100000,cooling,303,75750,808101,37600,0.3693518126459982,1,0,4,4,0.99609375,14.0,True,False
1024,256,1.25,31,100000,cooling,304,76000,810768,37600,0.3678686763908121,1,0,4,4,0.99609375,14.0,True,False
1024,256,1.25,31,100000,cooling,305,76250,813435,37600,0.3663914956855277,1,0,4,4,0.99609375,14.0,True,False
1024,256,1.25,31,100000,cooling,306,76500,816102,37600,0.3649202466155688,1,0,4,4,0.99609375,14.0,True,False
1024,256,1.25,31,100000,cooling,307,76750,818769,37600,0.3634549053623889,1,0,4,4,0.99609375,14.0,True,False
1024,256,1.25,31,100000,cooling,308,77000,821436,37600,0.3619954482030847,1,0,4,4,0.99609375,14.0,True,False
1024,256,1.25,31,100000,cooling,309,77250,824103,37600,0.3605418515100129,1,0,4,4,0.99609375,14.0,True,False
1024,256,1.25,31,100000,cooling,310,77500,826770,37600,0.35909409175040696,1,0,4,4,0.99609375,14.0,True,False
1024,256,1.25,31,100000,cooling,311,77750,829437,37600,0.35765214548599655,1,0,4,4,0.99609375,14.0,True,False
1024,256,1.25,31,100000,cooling,312,78000,832104,37600,0.3562159893726279,1,0,4,4,0.99609375,14.0,True,False
1024,256,1.25,31,100000,cooling,313,78250,834771,37600,0.35478560015988597,1,0,4,4,0.99609375,14.0,True,False
1024,256,1.25,31,100000,cooling,314,78500,837438,37600,0.35336095469071804,1,0,4,4,0.99609375,14.0,True,False
1024,256,1.25,31,100000,cooling,315,78750,840105,37600,0.35194202990105894,1,0,4,4,0.99609375,14.0,True,False
1024,256,1.25,31,100000,cooling,316,79000,842772,37600,0.3505288028194572,1,0,4,4,0.99609375,14.0,True,False
1024,256,1.25,31,100000,cooling,317,79250,845439,37600,0.34912125056670357,1,0,4,4,0.99609375,14.0,True,False
1024,256,1.25,31,100000,cooling,318,79500,848106,37600,0.3477193503554607,1,0,4,4,0.99609375,14.0,True,False
1024,256,1.25,31,100000,cooling,319,79750,850773,37600,0.3463230794898939,1,0,4,4,0.99609375,14.0,True,False
1024,256,1.25,31,100000,cooling,320,80000,853440,37600,0.3449324153653037,1,0,4,4,0.99609375,14.0,True,False
1024,256,1.25,31,100000,cooling,321,80250,856107,37600,0.3435473354677604,1,0,4,4,0.99609375,14.0,True,False
1024,256,1.25,31,100000,cooling,322,80500,858774,37600,0.34216781737373886,1,0,4,4,0.99609375,14.0,True,False
1024,256,1.25,31,100000,cooling,323,80750,861441,37600,0.34079383874975616,1,0,4,4,0.99609375,14.0,True,False
1024,256,1.25,31,100000,cooling,324,81000,864108,37600,0.33942537735200956,1,0,4,4,0.99609375,14.0,True,False
1024,256,1.25,31,100000,cooling,325,81250,866775,37600,0.33806241102601664,1,0,4,4,0.99609375,14.0,True,False
1024,256,1.25,31,100000,cooling,326,81500,869442,37600,0.3367049177062564,1,0,4,4,0.99609375,14.0,True,False
1024,256,1.25,31,100000,cooling,327,81750,872109,37600,0.33535287541581227,1,0,4,4,0.99609375,14.0,True,False
1024,256,1.25,31,100000,cooling,328,82000,874776,37600,0.3340062622660164,1,0,4,4,0.99609375,14.0,True,False
1024,256,1.25,31,100000,cooling,329,82250,877443,37600,0.3326650564560947,1,0,4,4,0.99609375,14.0,True,False
1024,256,1.25,31,100000,cooling,330,82500,880110,37600,0.3313292362728148,1,0,4,4,0.99609375,14.0,True,False
1024,256,1.25,31,100000,cooling,331,82750,882777,37600,0.3299987800901338,1,0,4,4,0.99609375,14.0,True,False
1024,256,1.25,31,100000,cooling,332,83000,885444,37600,0.32867366636884837,1,0,4,4,0.99609375,14.0,True,False
1024,256,1.25,31,100000,cooling,333,83250,888111,37600,0.32735387365624635,1,0,4,4,0.99609375,14.0,True,False
1024,256,1.25,31,100000,cooling,334,83500,890778,37600,0.3260393805857589,1,0,4,4,0.99609375,14.0,True,False
1024,256,1.25,31,100000,cooling,335,83750,893445,37600,0.32473016587661485,1,0,4,4,0.99609375,14.0,True,False
1024,256,1.25,31,100000,cooling,336,84000,896112,37600,0.32342620833349656,1,0,4,4,0.99609375,14.0,True,False
1024,256,1.25,31,100000,cooling,337,84250,898779,37600,0.32212748684619597,1,0,4,4,0.99609375,14.0,True,False
1024,256,1.25,31,100000,cooling,338,84500,901446,37600,0.3208339803892737,1,0,4,4,0.99609375,14.0,True,False
1024,256,1.25,31,100000,cooling,339,84750,904113,37600,0.3195456680217179,1,0,4,4,0.99609375,14.0,True,False
1024,256,1.25,31,100000,cooling,340,85000,906780,37600,0.3182625288866059,1,0,4,4,0.99609375,14.0,True,False
1024,256,1.25,31,100000,cooling,341,85250,909447,37600,0.31698454221076594,1,0,4,4,0.99609375,14.0,True,False
1024,256,1.25,31,100000,cooling,342,85500,912114,37600,0.3157116873044414,1,0,4,4,0.99609375,14.0,True,False
1024,256,1.25,31,100000,cooling,343,85750,914781,37600,0.3144439435609554,1,0,4,4,0.99609375,14.0,True,False
1024,256,1.25,31,100000,cooling,344,86000,917448,37600,0.31318129045637755,1,0,4,4,0.99609375,14.0,True,False
1024,256,1.25,31,100000,cooling,345,86250,920115,37600,0.3119237075491915,1,0,4,4,0.99609375,14.0,True,False
1024,256,1.25,31,100000,cooling,346,86500,922782,37600,0.310671174479964,1,0,4,4,0.99609375,14.0,True,False
1024,256,1.25,31,100000,cooling,347,86750,925449,37600,0.30942367097101525,1,0,4,4,0.99609375,14.0,True,False
1024,256,1.25,31,100000,cooling,348,87000,928116,37600,0.30818117682609086,1,0,4,4,0.99609375,14.0,True,False
1024,256,1.25,31,100000,cooling,349,87250,930783,37600,0.3069436719300346,1,0,4,4,0.99609375,14.0,True,False
1024,256,1.25,31,100000,cooling,350,87500,933450,37600,0.30571113624846297,1,0,4,4,0.99609375,14.0,True,False
1024,256,1.25,31,100000,cooling,351,87750,936117,37600,0.3044835498274407,1,0,4,4,0.99609375,14.0,True,False
1024,256,1.25,31,100000,cooling,352,88000,938784,37600,0.3032608927931576,1,0,4,4,0.99609375,14.0,True,False
1024,256,1.25,31,100000,cooling,353,88250,941451,37600,0.30204314535160737,1,0,4,4,0.99609375,14.0,True,False
1024,256,1.25,31,100000,cooling,354,88500,944118,37600,0.30083028778826637,1,0,4,4,0.99609375,14.0,True,False
1024,256,1.25,31,100000,cooling,355,88750,946785,37600,0.29962230046777516,1,0,4,4,0.99609375,14.0,True,False
1024,256,1.25,31,100000,cooling,356,89000,949452,37600,0.29841916383362005,1,0,4,4,0.99609375,14.0,True,False
1024,256,1.25,31,100000,cooling,357,89250,952119,37600,0.29722085840781687,1,0,4,4,0.99609375,14.0,True,False
1024,256,1.25,31,100000,cooling,358,89500,954786,37600,0.2960273647905955,1,0,4,4,0.99609375,14.0,True,False
1024,256,1.25,31,100000,cooling,359,89750,957453,37600,0.29483866366008576,1,0,4,4,0.99609375,14.0,True,False
1024,256,1.25,31,100000,cooling,360,90000,960120,37600,0.29365473577200474,1,0,4,4,0.99609375,14.0,True,False
1024,256,1.25,31,100000,cooling,361,90250,962787,37600,0.2924755619593451,1,0,4,4,0.99609375,14.0,True,False
1024,256,1.25,31,100000,cooling,362,90500,965454,37600,0.29130112313206485,1,0,4,4,0.99609375,14.0,True,False
1024,256,1.25,31,100000,cooling,363,90750,968121,37600,0.2901314002767782,1,0,4,4,0.99609375,14.0,True,False
1024,256,1.25,31,100000,cooling,364,91000,970788,37600,0.2889663744564479,1,0,4,4,0.99609375,14.0,True,False
1024,256,1.25,31,100000,cooling,365,91250,973455,37600,0.2878060268100786,1,0,4,4,0.99609375,14.0,True,False
1024,256,1.25,31,100000,cooling,366,91500,976122,37600,0.28665033855241145,1,0,4,4,0.99609375,14.0,True,False
1024,256,1.25,31,100000,cooling,367,91750,978789,37600,0.2854992909736199,1,0,4,4,0.99609375,14.0,True,False
1024,256,1.25,31,100000,cooling,368,92000,981456,37600,0.2843528654390072,1,0,4,4,0.99609375,14.0,True,False
1024,256,1.25,31,100000,cooling,369,92250,984123,37600,0.2832110433887041,1,0,4,4,0.99609375,14.0,True,False
1024,256,1.25,31,100000,cooling,370,92500,986790,37600,0.2820738063373689,1,0,4,4,0.99609375,14.0,True,False
1024,256,1.25,31,100000,cooling,371,92750,989457,37600,0.2809411358738879,1,0,4,4,0.99609375,14.0,True,False
1024,256,1.25,31,100000,cooling,372,93000,992124,37600,0.2798130136610776,1,0,4,4,0.99609375,14.0,True,False
1024,256,1.25,31,100000,cooling,373,93250,994791,37600,0.2786894214353875,1,0,4,4,0.99609375,14.0,True,False
1024,256,1.25,31,100000,cooling,374,93500,997458,37600,0.2775703410066045,1,0,4,4,0.99609375,14.0,True,False
1024,256,1.25,31,100000,cooling,375,93750,1000125,37600,0.2764557542575588,1,0,4,4,0.99609375,14.0,True,False
1024,256,1.25,31,100000,cooling,376,94000,1002792,37600,0.2753456431438301,1,0,4,4,0.99609375,14.0,True,False
1024,256,1.25,31,100000,cooling,377,94250,1005459,37600,0.27423998969345553,1,0,4,4,0.99609375,14.0,True,False
1024,256,1.25,31,100000,cooling,378,94500,1008126,37600,0.2731387760066392,1,0,4,4,0.99609375,14.0,True,False
1024,256,1.25,31,100000,cooling,379,94750,1010793,37600,0.2720419842554617,1,0,4,4,0.99609375,14.0,True,False
1024,256,1.25,31,100000,cooling,380,95000,1013460,37600,0.2709495966835921,1,0,4,4,0.99609375,14.0,True,False
1024,256,1.25,31,100000,cooling,381,95250,1016127,37600,0.26986159560599987,1,0,4,4,0.99609375,14.0,True,False
1024,256,1.25,31,100000,cooling,382,95500,1018794,37600,0.26877796340866933,1,0,4,4,0.99609375,14.0,True,False
1024,256,1.25,31,100000,cooling,383,95750,1021461,37600,0.26769868254831375,1,0,4,4,0.99609375,14.0,True,False
1024,256,1.25,31,100000,cooling,384,96000,1024128,37600,0.26662373555209185,1,0,4,4,0.99609375,14.0,True,False
1024,256,1.25,31,100000,cooling,385,96250,1026795,37600,0.2655531050173246,1,0,4,4,0.99609375,14.0,True,False
1024,256,1.25,31,100000,cooling,386,96500,1029462,37600,0.2644867736112137,1,0,4,4,0.99609375,14.0,True,False
1024,256,1.25,31,100000,cooling,387,96750,1032129,37600,0.26342472407056083,1,0,4,4,0.99609375,14.0,True,False
1024,256,1.25,31,100000,cooling,388,97000,1034796,37600,0.2623669392014884,1,0,4,4,0.99609375,14.0,True,False
1024,256,1.25,31,100000,cooling,389,97250,1037463,37600,0.2613134018791608,1,0,4,4,0.99609375,14.0,True,False
1024,256,1.25,31,100000,cooling,390,97500,1040130,37600,0.2602640950475075,1,0,4,4,0.99609375,14.0,True,False
1024,256,1.25,31,100000,cooling,391,97750,1042797,37600,0.25921900171894674,1,0,4,4,0.99609375,14.0,True,False
1024,256,1.25,31,100000,cooling,392,98000,1045464,37600,0.25817810497411076,1,0,4,4,0.99609375,14.0,True,False
1024,256,1.25,31,100000,cooling,393,98250,1048131,37600,0.2571413879615715,1,0,4,4,0.99609375,14.0,True,False
1024,256,1.25,31,100000,cooling,394,98500,1050798,37600,0.25610883389756806,1,0,4,4,0.99609375,14.0,True,False
1024,256,1.25,31,100000,cooling,395,98750,1053465,37600,0.25508042606573494,1,0,4,4,0.99609375,14.0,True,False
1024,256,1.25,31,100000,cooling,396,99000,1056132,37600,0.2540561478168314,1,0,4,4,0.99609375,14.0,True,False
1024,256,1.25,31,100000,cooling,397,99250,1058799,37600,0.2530359825684719,1,0,4,4,0.99609375,14.0,True,False
1024,256,1.25,31,100000,cooling,398,99500,1061466,37600,0.2520199138048576,1,0,4,4,0.99609375,14.0,True,False
1024,256,1.25,31,100000,cooling,399,99750,1064133,37600,0.2510079250765091,1,0,4,4,0.99609375,14.0,True,False
1024,256,1.25,31,100000,cooling,400,100000,1066800,37600,0.25,1,0,4,4,0.99609375,14.0,True,False
1024,256,1.25,31,100000,hold,401,100250,1069467,37600,0.25,1,0,4,4,0.99609375,14.0,True,False
1024,256,1.25,31,100000,hold,402,100500,1072134,37600,0.25,1,0,4,4,0.99609375,14.0,True,False
1024,256,1.25,31,100000,hold,403,100750,1074801,37600,0.25,1,0,4,4,0.99609375,14.0,True,False
1024,256,1.25,31,100000,hold,404,101000,1077468,37600,0.25,1,0,4,4,0.99609375,14.0,True,False
1024,256,1.25,31,100000,hold,405,101250,1080135,37600,0.25,1,0,4,4,0.99609375,14.0,True,False
1024,256,1.25,31,100000,hold,406,101500,1082802,37600,0.25,1,0,4,4,0.99609375,14.0,True,False
1024,256,1.25,31,100000,hold,407,101750,1085469,37600,0.25,1,0,4,4,0.99609375,14.0,True,False
1024,256,1.25,31,100000,hold,408,102000,1088136,37600,0.25,1,0,4,4,0.99609375,14.0,True,False
1024,256,1.25,31,100000,hold,409,102250,1090803,37600,0.25,1,0,4,4,0.99609375,14.0,True,False
1024,256,1.25,31,100000,hold,410,102500,1093470,37600,0.25,1,0,4,4,0.99609375,14.0,True,False
1024,256,1.25,31,100000,hold,411,102750,1096137,37600,0.25,1,0,4,4,0.99609375,14.0,True,False
1024,256,1.25,31,100000,hold,412,103000,1098804,37600,0.25,1,0,4,4,0.99609375,14.0,True,False
1024,256,1.25,31,100000,hold,413,103250,1101471,37600,0.25,1,0,4,4,0.99609375,14.0,True,False
1024,256,1.25,31,100000,hold,414,103500,1104138,37600,0.25,1,0,4,4,0.99609375,14.0,True,False
1024,256,1.25,31,100000,hold,415,103750,1106805,37600,0.25,1,0,4,4,0.99609375,14.0,True,False
1024,256,1.25,31,100000,hold,416,104000,1109472,37600,0.25,1,0,4,4,0.99609375,14.0,True,False
1024,256,1.25,31,100000,hold,417,104250,1112139,37600,0.25,1,0,4,4,0.99609375,14.0,True,False
1024,256,1.25,31,100000,hold,418,104500,1114806,37600,0.25,1,0,4,4,0.99609375,14.0,True,False
1024,256,1.25,31,100000,hold,419,104750,1117473,37600,0.25,1,0,4,4,0.99609375,14.0,True,False
1024,256,1.25,31,100000,hold,420,105000,1120140,37600,0.25,1,0,4,4,0.99609375,14.0,True,True
