N,L,lam,replica,t_cool,phase,block,fair_sweep,chain_sweep,open_sweeps,g,columns,others,n_d1,largest_d1,flat_share,h,opened,final
1024,256,1.25,76,,opening,0,0,0,47800,1.25,3,1,20,8,0.98046875,70.0,True,False
1024,256,1.25,76,100000,cooling,1,250,2667,47800,1.244980611288459,4,0,16,4,0.984375,56.0,True,False
1024,256,1.25,76,100000,cooling,2,500,5334,47800,1.239981377987348,4,0,16,4,0.984375,56.0,True,False
1024,256,1.25,76,100000,cooling,3,750,8001,47800,1.2350022191623955,4,0,16,4,0.984375,56.0,True,False
1024,256,1.25,76,100000,cooling,4,1000,10668,47800,1.230043054204322,3,2,14,4,0.984375,62.0,True,False
1024,256,1.25,76,100000,cooling,5,1250,13335,47800,1.225103802827536,2,2,10,4,0.98828125,48.0,True,False
1024,256,1.25,76,100000,cooling,6,1500,16002,47800,1.2201843850688332,2,0,8,4,0.9921875,28.0,True,False
1024,256,1.25,76,100000,cooling,7,1750,18669,47800,1.2152847212861027,2,0,8,4,0.9921875,28.0,True,False
1024,256,1.25,76,100000,cooling,8,2000,21336,47800,1.2104047321570373,1,0,4,4,0.99609375,14.0,True,False
1024,256,1.25,76,100000,cooling,9,2250,24003,47800,1.2055443386778495,1,0,4,4,0.99609375,14.0,True,False
1024,256,1.25,76,100000,cooling,10,2500,26670,47800,1.200703462161992,1,0,4,4,0.99609375,14.0,True,False
1024,256,1.25,76,100000,cooling,11,2750,29337,47800,1.1958820242388848,1,0,4,4,0.99609375,14.0,True,False
1024,256,1.25,76,100000,cooling,12,3000,32004,47800,1.1910799468526452,1,0,4,4,0.99609375,14.0,True,False
1024,256,1.25,76,100000,cooling,13,3250,34671,47800,1.1862971522608252,1,0,4,4,0.99609375,14.0,True,False
1024,256,1.25,76,100000,cooling,14,3500,37338,47800,1.1815335630331523,1,0,4,4,0.99609375,14.0,True,False
1024,256,1.25,76,100000,cooling,15,3750,40005,47800,1.1767891020502759,1,0,4,4,0.99609375,14.0,True,False
1024,256,1.25,76,100000,cooling,16,4000,42672,47800,1.1720636925025194,1,0,4,4,0.99609375,14.0,True,False
1024,256,1.25,76,100000,cooling,17,4250,45339,47800,1.167357257888636,1,0,4,4,0.99609375,14.0,True,False
1024,256,1.25,76,100000,cooling,18,4500,48006,47800,1.1626697220145708,1,0,4,4,0.99609375,14.0,True,False
1024,256,1.25,76,100000,cooling,19,4750,50673,47800,1.1580010089922264,1,0,4,4,0.99609375,14.0,True,False
1024,256,1.25,76,100000,cooling,20,5000,53340,47800,1.1533510432382355,1,0,4,4,0.99609375,14.0,True,False
1024,256,1.25,76,100000,cooling,21,5250,56007,47800,1.1487197494727361,1,0,4,4,0.99609375,14.0,True,False
1024,256,1.25,76,100000,cooling,22,5500,58674,47800,1.144107052718154,1,0,4,4,0.99609375,14.0,True,False
1024,256,1.25,76,100000,cooling,23,5750,61341,47800,1.1395128782979878,1,0,4,4,0.99609375,14.0,True,False
1024,256,1.25,76,100000,cooling,24,6000,64008,47800,1.1349371518356002,1,0,4,4,0.99609375,14.0,True,False
1024,256,1.25,76,100000,cooling,25,6250,66675,47800,1.1303797992530145,1,0,4,4,0.99609375,14.0,True,False
1024,256,1.25,76,100000,cooling,26,6500,69342,47800,1.1258407467697147,1,0,4,4,0.99609375,14.0,True,False
1024,256,1.25,76,100000,cooling,27,6750,72009,47800,1.1213199209014517,0,2,2,2,0.99609375,20.0,True,False
1024,256,1.25,76,100000,cooling,28,7000,74676,47800,1.1168172484590526,1,0,4,4,0.99609375,14.0,True,False
1024,256,1.25,76,100000,cooling,29,7250,77343,47800,1.1123326565472371,1,0,4,4,0.99609375,14.0,True,False
1024,256,1.25,76,100000,cooling,30,7500,80010,47800,1.1078660725634357,1,0,4,4,0.99609375,14.0,True,False
1024,256,1.25,76,100000,cooling,31,7750,82677,47800,1.1034174241966164,1,0,4,4,0.99609375,14.0,True,False
1024,256,1.25,76,100000,cooling,32,8000,85344,47800,1.098986639426112,1,0,4,4,0.99609375,14.0,True,False
1024,256,1.25,76,100000,cooling,33,8250,88011,47800,1.0945736465204563,1,0,4,4,0.99609375,14.0,True,False
1024,256,1.25,76,100000,cooling,34,8500,90678,47800,1.0901783740362203,1,0,4,4,0.99609375,14.0,True,False
1024,256,1.25,76,100000,cooling,35,8750,93345,47800,1.0858007508168575,1,0,4,4,0.99609375,14.0,True,False
1024,256,1.25,76,100000,cooling,36,9000,96012,47800,1.0814407059915512,1,0,4,4,0.99609375,14.0,True,False
1024,256,1.25,76,100000,cooling,37,9250,98679,47800,1.0770981689740673,1,0,4,4,0.99609375,14.0,True,False
1024,256,1.25,76,100000,cooling,38,9500,101346,47800,1.0727730694616113,1,0,4,4,0.99609375,14.0,True,False
1024,256,1.25,76,100000,cooling,39,9750,104013,47800,1.0684653374336908,1,0,4,4,0.99609375,14.0,True,False
1024,256,1.25,76,100000,cooling,40,10000,106680,47800,1.0641749031509808,1,0,4,4,0.99609375,14.0,True,False
1024,256,1.25,76,100000,cooling,41,10250,109347,47800,1.0599016971541957,1,0,4,4,0.99609375,14.0,True,False
1024,256,1.25,76,100000,cooling,42,10500,112014,47800,1.0556456502629645,1,0,4,4,0.99609375,14.0,True,False
1024,256,1.25,76,100000,cooling,43,10750,114681,47800,1.0514066935747108,1,0,4,4,0.99609375,14.0,True,False
1024,256,1.25,76,100000,cooling,44,11000,117348,47800,1.0471847584635368,1,0,4,4,0.99609375,14.0,True,False
1024,256,1.25,76,100000,cooling,45,11250,120015,47800,1.0429797765791131,1,0,4,4,0.99609375,14.0,True,False
1024,256,1.25,76,100000,cooling,46,11500,122682,47800,1.0387916798455716,1,0,4,4,0.99609375,14.0,True,False
1024,256,1.25,76,100000,cooling,47,11750,125349,47800,1.034620400460404,1,0,4,4,0.99609375,14.0,True,False
1024,256,1.25,76,100000,cooling,48,12000,128016,47800,1.0304658708933632,1,0,4,4,0.99609375,14.0,True,False
1024,256,1.25,76,100000,cooling,49,12250,130683,47800,1.026328023885371,1,0,4,4,0.99609375,14.0,True,False
1024,256,1.25,76,100000,cooling,50,12500,133350,47800,1.0222067924474283,1,0,4,4,0.99609375,14.0,True,False
1024,256,1.25,76,100000,cooling,51,12750,136017,47800,1.0181021098595313,1,0,4,4,0.99609375,14.0,True,False
1024,256,1.25,76,100000,cooling,52,13000,138684,47800,1.0140139096695913,1,0,4,4,0.99609375,14.0,True,False
1024,256,1.25,76,100000,cooling,53,13250,141351,47800,1.0099421256923584,1,0,4,4,0.99609375,14.0,True,False
1024,256,1.25,76,100000,cooling,54,13500,144018,47800,1.0058866920083505,1,0,4,4,0.99609375,14.0,True,False
1024,256,1.25,76,100000,cooling,55,13750,146685,47800,1.0018475429627856,1,0,4,4,0.99609375,14.0,True,False
1024,256,1.25,76,100000,cooling,56,14000,149352,47800,0.9978246131645195,1,0,4,4,0.99609375,14.0,True,False
1024,256,1.25,76,100000,cooling,57,14250,152019,47800,0.993817837484987,1,0,4,4,0.99609375,14.0,True,False
1024,256,1.25,76,100000,cooling,58,14500,154686,47800,0.9898271510571468,1,0,4,4,0.99609375,14.0,True,False
1024,256,1.25,76,100000,cooling,59,14750,157353,47800,0.9858524892744324,1,0,4,4,0.99609375,14.0,True,False
1024,256,1.25,76,100000,cooling,60,15000,160020,47800,0.9818937877897055,1,0,4,4,0.99609375,14.0,True,False
1024,256,1.25,76,100000,cooling,61,15250,162687,47800,0.9779509825142143,1,0,4,4,0.99609375,14.0,True,False
1024,256,1.25,76,100000,cooling,62,15500,165354,47800,0.9740240096165564,1,0,4,4,0.99609375,14.0,True,False
1024,256,1.25,76,100000,cooling,63,15750,168021,47800,0.9701128055216451,1,0,4,4,0.99609375,14.0,True,False
1024,256,1.25,76,100000,cooling,64,16000,170688,47800,0.9662173069096798,1,0,4,4,0.99609375,14.0,True,False
1024,256,1.25,76,100000,cooling,65,16250,173355,47800,0.9623374507151214,1,0,4,4,0.99609375,14.0,True,False
1024,256,1.25,76,100000,cooling,66,16500,176022,47800,0.9584731741256712,1,0,4,4,0.99609375,14.0,True,False
1024,256,1.25,76,100000,cooling,67,16750,178689,47800,0.9546244145812542,1,0,4,4,0.99609375,14.0,True,False
1024,256,1.25,76,100000,cooling,68,17000,181356,47800,0.9507911097730058,1,0,4,4,0.99609375,14.0,True,False
1024,256,1.25,76,100000,cooling,69,17250,184023,47800,0.9469731976422633,1,0,4,4,0.99609375,14.0,True,False
1024,256,1.25,76,100000,cooling,70,17500,186690,47800,0.9431706163795612,1,0,4,4,0.99609375,14.0,True,False
1024,256,1.25,76,100000,cooling,71,17750,189357,47800,0.939383304423631,1,0,4,4,0.99609375,14.0,True,False
1024,256,1.25,76,100000,cooling,72,18000,192024,47800,0.9356112004604039,1,0,4,4,0.99609375,14.0,True,False
1024,256,1.25,76,100000,cooling,73,18250,194691,47800,0.9318542434220181,1,0,4,4,0.99609375,14.0,True,False
1024,256,1.25,76,100000,cooling,74,18500,197358,47800,0.9281123724858308,1,0,4,4,0.99609375,14.0,True,False
1024,256,1.25,76,100000,cooling,75,18750,200025,47800,0.9243855270734334,1,0,4,4,0.99609375,14.0,True,False
1024,256,1.25,76,100000,cooling,76,19000,202692,47800,0.9206736468496699,1,0,4,4,0.99609375,14.0,True,False
1024,256,1.25,76,100000,cooling,77,19250,205359,47800,0.9169766717216614,1,0,4,4,0.99609375,14.0,True,False
1024,256,1.25,76,100000,cooling,78,19500,208026,47800,0.9132945418378325,1,0,4,4,0.99609375,14.0,True,False
1024,256,1.25,76,100000,cooling,79,19750,210693,47800,0.9096271975869423,1,0,4,4,0.99609375,14.0,True,False
1024,256,1.25,76,100000,cooling,80,20000,213360,47800,0.9059745795971195,1,0,4,4,0.99609375,14.0,True,False
1024,256,1.25,76,100000,cooling,81,20250,216027,47800,0.9023366287349011,1,0,4,4,0.99609375,14.0,True,False
1024,256,1.25,76,100000,cooling,82,20500,218694,47800,0.8987132861042756,1,0,4,4,0.99609375,14.0,True,False
1024,256,1.25,76,100000,cooling,83,20750,221361,47800,0.8951044930457286,1,0,4,4,0.99609375,14.0,True,False
1024,256,1.25,76,100000,cooling,84,21000,224028,47800,0.891510191135294,1,0,4,4,0.99609375,14.0,True,False
1024,256,1.25,76,100000,cooling,85,21250,226695,47800,0.8879303221836075,1,0,4,4,0.99609375,14.0,True,False
1024,256,1.25,76,100000,cooling,86,21500,229362,47800,0.8843648282349647,1,0,4,4,0.99609375,14.0,True,False
1024,256,1.25,76,100000,cooling,87,21750,232029,47800,0.8808136515663835,1,0,4,4,0.99609375,14.0,True,False
1024,256,1.25,76,100000,cooling,88,22000,234696,47800,0.8772767346866686,1,0,4,4,0.99609375,14.0,True,False
1024,256,1.25,76,100000,cooling,89,22250,237363,47800,0.8737540203354816,1,0,4,4,0.99609375,14.0,True,False
1024,256,1.25,76,100000,cooling,90,22500,240030,47800,0.8702454514824132,1,0,4,4,0.99609375,14.0,True,False
1024,256,1.25,76,100000,cooling,91,22750,242697,47800,0.8667509713260606,1,0,4,4,0.99609375,14.0,True,False
1024,256,1.25,76,100000,cooling,92,23000,245364,47800,0.8632705232931076,1,0,4,4,0.99609375,14.0,True,False
1024,256,1.25,76,100000,cooling,93,23250,248031,47800,0.8598040510374089,1,0,4,4,0.99609375,14.0,True,False
1024,256,1.25,76,100000,cooling,94,23500,250698,47800,0.8563514984390774,1,0,4,4,0.99609375,14.0,True,False
1024,256,1.25,76,100000,cooling,95,23750,253365,47800,0.8529128096035763,1,0,4,4,0.99609375,14.0,True,False
1024,256,1.25,76,100000,cooling,96,24000,256032,47800,0.8494879288608139,1,0,4,4,0.99609375,14.0,True,False
1024,256,1.25,76,100000,cooling,97,24250,258699,47800,0.8460768007642425,1,0,4,4,0.99609375,14.0,True,False
1024,256,1.25,76,100000,cooling,98,24500,261366,47800,0.8426793700899603,1,0,4,4,0.99609375,14.0,True,False
1024,256,1.25,76,100000,cooling,99,24750,264033,47800,0.8392955818358179,1,0,4,4,0.99609375,14.0,True,False
1024,256,1.25,76,100000,cooling,100,25000,266700,47800,0.8359253812205275,1,0,4,4,0.99609375,14.0,True,False
1024,256,1.25,76,100000,cooling,101,25250,269367,47800,0.8325687136827764,1,0,4,4,0.99609375,14.0,True,False
1024,256,1.25,76,100000,cooling,102,25500,272034,47800,0.8292255248803432,1,0,4,4,0.99609375,14.0,True,False
1024,256,1.25,76,100000,cooling,103,25750,274701,47800,0.8258957606892183,1,0,4,4,0.99609375,14.0,True,False
1024,256,1.25,76,100000,cooling,104,26000,277368,47800,0.822579367202728,1,0,4,4,0.99609375,14.0,True,False
1024,256,1.25,76,100000,cooling,105,26250,280035,47800,0.8192762907306608,1,0,4,4,0.99609375,14.0,True,False
1024,256,1.25,76,100000,cooling,106,26500,282702,47800,0.8159864777983994,1,0,4,4,0.99609375,14.0,True,False
1024,256,1.25,76,100000,cooling,107,26750,285369,47800,0.8127098751460543,1,0,4,4,0.99609375,14.0,True,False
1024,256,1.25,76,100000,cooling,108,27000,288036,47800,0.8094464297276015,1,0,4,4,0.99609375,14.0,True,False
1024,256,1.25,76,100000,cooling,109,27250,290703,47800,0.806196088710024,1,0,4,4,0.99609375,14.0,True,False
1024,256,1.25,76,100000,cooling,110,27500,293370,47800,0.8029587994724563,1,0,4,4,0.99609375,14.0,True,False
1024,256,1.25,76,100000,cooling,111,27750,296037,47800,0.7997345096053327,1,0,4,4,0.99609375,14.0,True,False
1024,256,1.25,76,100000,cooling,112,28000,298704,47800,0.7965231669095385,1,0,4,4,0.99609375,14.0,True,False
1024,256,1.25,76,100000,cooling,113,28250,301371,47800,0.7933247193955651,1,0,4,4,0.99609375,14.0,True,False
1024,256,1.25,76,100000,cooling,114,28500,304038,47800,0.7901391152826688,1,0,4,4,0.99609375,14.0,True,False
1024,256,1.25,76,100000,cooling,115,28750,306705,47800,0.7869663029980313,1,0,4,4,0.99609375,14.0,True,False
1024,256,1.25,76,100000,cooling,116,29000,309372,47800,0.7838062311759262,1,0,4,4,0.99609375,14.0,True,False
1024,256,1.25,76,100000,cooling,117,29250,312039,47800,0.7806588486568862,1,0,4,4,0.99609375,14.0,True,False
1024,256,1.25,76,100000,cooling,118,29500,314706,47800,0.7775241044868758,1,0,4,4,0.99609375,14.0,True,False
1024,256,1.25,76,100000,cooling,119,29750,317373,47800,0.7744019479164659,1,0,4,4,0.99609375,14.0,True,False
1024,256,1.25,76,100000,cooling,120,30000,320040,47800,0.7712923284000122,1,0,4,4,0.99609375,14.0,True,False
1024,256,1.25,76,100000,cooling,121,30250,322707,47800,0.7681951955948367,1,0,4,4,0.99609375,14.0,True,False
1024,256,1.25,76,100000,cooling,122,30500,325374,47800,0.7651104993604136,1,0,4,4,0.99609375,14.0,True,False
1024,256,1.25,76,100000,cooling,123,30750,328041,47800,0.7620381897575568,1,0,4,4,0.99609375,14.0,True,False
1024,256,1.25,76,100000,cooling,124,31000,330708,47800,0.758978217047611,1,0,4,4,0.99609375,14.0,True,False
1024,256,1.25,76,100000,cooling,125,31250,333375,47800,0.7559305316916476,1,0,4,4,0.99609375,14.0,True,False
1024,256,1.25,76,100000,cooling,126,31500,336042,47800,0.7528950843496618,1,0,4,4,0.99609375,14.0,True,False
1024,256,1.25,76,100000,cooling,127,31750,338709,47800,0.7498718258797743,1,0,4,4,0.99609375,14.0,True,False
1024,256,1.25,76,100000,cooling,128,32000,341376,47800,0.7468607073374355,1,0,4,4,0.99609375,14.0,True,False
1024,256,1.25,76,100000,cooling,129,32250,344043,47800,0.7438616799746329,1,0,4,4,0.99609375,14.0,True,False
1024,256,1.25,76,100000,cooling,130,32500,346710,47800,0.740874695239103,1,0,4,4,0.99609375,14.0,True,False
1024,256,1.25,76,100000,cooling,131,32750,349377,47800,0.7378997047735432,1,0,4,4,0.99609375,14.0,True,False
1024,256,1.25,76,100000,cooling,132,33000,352044,47800,0.7349366604148315,1,0,4,4,0.99609375,14.0,True,False
1024,256,1.25,76,100000,cooling,133,33250,354711,47800,0.7319855141932443,1,0,4,4,0.99609375,14.0,True,False
1024,256,1.25,76,100000,cooling,134,33500,357378,47800,0.7290462183316819,1,0,4,4,0.99609375,14.0,True,False
1024,256,1.25,76,100000,cooling,135,33750,360045,47800,0.7261187252448933,1,0,4,4,0.99609375,14.0,True,False
1024,256,1.25,76,100000,cooling,136,34000,362712,47800,0.723202987538707,1,0,4,4,0.99609375,14.0,True,False
1024,256,1.25,76,100000,cooling,137,34250,365379,47800,0.7202989580092635,1,0,4,4,0.99609375,14.0,True,False
1024,256,1.25,76,100000,cooling,138,34500,368046,47800,0.7174065896422505,1,0,4,4,0.99609375,14.0,True,False
1024,256,1.25,76,100000,cooling,139,34750,370713,47800,0.714525835612142,1,0,4,4,0.99609375,14.0,True,False
1024,256,1.25,76,100000,cooling,140,35000,373380,47800,0.7116566492814413,1,0,4,4,0.99609375,14.0,True,False
1024,256,1.25,76,100000,cooling,141,35250,376047,47800,0.7087989841999242,1,0,4,4,0.99609375,14.0,True,False
1024,256,1.25,76,100000,cooling,142,35500,378714,47800,0.7059527941038883,1,0,4,4,0.99609375,14.0,True,False
1024,256,1.25,76,100000,cooling,143,35750,381381,47800,0.7031180329154036,1,0,4,4,0.99609375,14.0,True,False
1024,256,1.25,76,100000,cooling,144,36000,384048,47800,0.7002946547415665,1,0,4,4,0.99609375,14.0,True,False
1024,256,1.25,76,100000,cooling,145,36250,386715,47800,0.6974826138737565,1,0,4,4,0.99609375,14.0,True,False
1024,256,1.25,76,100000,cooling,146,36500,389382,47800,0.6946818647868973,1,0,4,4,0.99609375,14.0,True,False
1024,256,1.25,76,100000,cooling,147,36750,392049,47800,0.6918923621387185,1,0,4,4,0.99609375,14.0,True,False
1024,256,1.25,76,100000,cooling,148,37000,394716,47800,0.689114060769022,1,0,4,4,0.99609375,14.0,True,False
1024,256,1.25,76,100000,cooling,149,37250,397383,47800,0.6863469156989515,1,0,4,4,0.99609375,14.0,True,False
1024,256,1.25,76,100000,cooling,150,37500,400050,47800,0.6835908821302632,1,0,4,4,0.99609375,14.0,True,False
1024,256,1.25,76,100000,cooling,151,37750,402717,47800,0.6808459154446016,1,0,4,4,0.99609375,14.0,True,False
1024,256,1.25,76,100000,cooling,152,38000,405384,47800,0.6781119712027766,1,0,4,4,0.99609375,14.0,True,False
1024,256,1.25,76,100000,cooling,153,38250,408051,47800,0.6753890051440437,1,0,4,4,0.99609375,14.0,True,False
1024,256,1.25,76,100000,cooling,154,38500,410718,47800,0.6726769731853885,1,0,4,4,0.99609375,14.0,True,False
1024,256,1.25,76,100000,cooling,155,38750,413385,47800,0.6699758314208122,1,0,4,4,0.99609375,14.0,True,False
1024,256,1.25,76,100000,cooling,156,39000,416052,47800,0.6672855361206211,1,0,4,4,0.99609375,14.0,True,False
1024,256,1.25,76,100000,cooling,157,39250,418719,47800,0.6646060437307184,1,0,4,4,0.99609375,14.0,True,False
1024,256,1.25,76,100000,cooling,158,39500,421386,47800,0.6619373108718993,1,0,4,4,0.99609375,14.0,True,False
1024,256,1.25,76,100000,cooling,159,39750,424053,47800,0.6592792943391488,1,0,4,4,0.99609375,14.0,True,False
1024,256,1.25,76,100000,cooling,160,40000,426720,47800,0.6566319511009417,1,0,4,4,0.99609375,14.0,True,False
1024,256,1.25,76,100000,cooling,161,40250,429387,47800,0.6539952382985472,1,0,4,4,0.99609375,14.0,True,False
1024,256,1.25,76,100000,cooling,162,40500,432054,47800,0.6513691132453334,1,0,4,4,0.99609375,14.0,True,False
1024,256,1.25,76,100000,cooling,163,40750,434721,47800,0.6487535334260774,1,0,4,4,0.99609375,14.0,True,False
1024,256,1.25,76,100000,cooling,164,41000,437388,47800,0.6461484564962765,1,0,4,4,0.99609375,14.0,True,False
1024,256,1.25,76,100000,cooling,165,41250,440055,47800,0.6435538402814628,1,0,4,4,0.99609375,14.0,True,False
1024,256,1.25,76,100000,cooling,166,41500,442722,47800,0.6409696427765208,1,0,4,4,0.99609375,14.0,True,False
1024,256,1.25,76,100000,cooling,167,41750,445389,47800,0.6383958221450063,1,0,4,4,0.99609375,14.0,True,False
1024,256,1.25,76,100000,cooling,168,42000,448056,47800,0.6358323367184706,1,0,4,4,0.99609375,14.0,True,False
1024,256,1.25,76,100000,cooling,169,42250,450723,47800,0.6332791449957847,1,0,4,4,0.99609375,14.0,True,False
1024,256,1.25,76,100000,cooling,170,42500,453390,47800,0.6307362056424677,1,0,4,4,0.99609375,14.0,True,False
1024,256,1.25,76,100000,cooling,171,42750,456057,47800,0.6282034774900181,1,0,4,4,0.99609375,14.0,True,False
1024,256,1.25,76,100000,cooling,172,43000,458724,47800,0.6256809195352468,1,0,4,4,0.99609375,14.0,True,False
1024,256,1.25,76,100000,cooling,173,43250,461391,47800,0.6231684909396134,1,0,4,4,0.99609375,14.0,True,False
1024,256,1.25,76,100000,cooling,174,43500,464058,47800,0.620666151028565,1,0,4,4,0.99609375,14.0,True,False
1024,256,1.25,76,100000,cooling,175,43750,466725,47800,0.6181738592908783,1,0,4,4,0.99609375,14.0,True,False
1024,256,1.25,76,100000,cooling,176,44000,469392,47800,0.6156915753780029,1,0,4,4,0.99609375,14.0,True,False
1024,256,1.25,76,100000,cooling,177,44250,472059,47800,0.6132192591034082,1,0,4,4,0.99609375,14.0,True,False
1024,256,1.25,76,100000,cooling,178,44500,474726,47800,0.6107568704419337,1,0,4,4,0.99609375,14.0,True,False
1024,256,1.25,76,100000,cooling,179,44750,477393,47800,0.6083043695291399,1,0,4,4,0.99609375,14.0,True,False
1024,256,1.25,76,100000,cooling,180,45000,480060,47800,0.6058617166606634,1,0,4,4,0.99609375,14.0,True,False
1024,256,1.25,76,100000,cooling,181,45250,482727,47800,0.6034288722915743,1,0,4,4,0.99609375,14.0,True,False
1024,256,1.25,76,100000,cooling,182,45500,485394,47800,0.6010057970357356,1,0,4,4,0.99609375,14.0,True,False
1024,256,1.25,76,100000,cooling,183,45750,488061,47800,0.5985924516651662,1,0,4,4,0.99609375,14.0,True,False
1024,256,1.25,76,100000,cooling,184,46000,490728,47800,0.5961887971094048,1,0,4,4,0.99609375,14.0,True,False
1024,256,1.25,76,100000,cooling,185,46250,493395,47800,0.5937947944548781,1,0,4,4,0.99609375,14.0,True,False
1024,256,1.25,76,100000,cooling,186,46500,496062,47800,0.5914104049442713,1,0,4,4,0.99609375,14.0,True,False
1024,256,1.25,76,100000,cooling,187,46750,498729,47800,0.5890355899758991,1,0,4,4,0.99609375,14.0,True,False
1024,256,1.25,76,100000,cooling,188,47000,501396,47800,0.5866703111030825,1,0,4,4,0.99609375,14.0,True,False
1024,256,1.25,76,100000,cooling,189,47250,504063,47800,0.5843145300335248,1,0,4,4,0.99609375,14.0,True,False
1024,256,1.25,76,100000,cooling,190,47500,506730,47800,0.5819682086286931,1,0,4,4,0.99609375,14.0,True,False
1024,256,1.25,76,100000,cooling,191,47750,509397,47800,0.5796313089031999,1,0,4,4,0.99609375,14.0,True,False
1024,256,1.25,76,100000,cooling,192,48000,512064,47800,0.5773037930241883,1,0,4,4,0.99609375,14.0,True,False
1024,256,1.25,76,100000,cooling,193,48250,514731,47800,0.5749856233107199,1,0,4,4,0.99609375,14.0,True,False
1024,256,1.25,76,100000,cooling,194,48500,517398,47800,0.5726767622331645,1,0,4,4,0.99609375,14.0,True,False
1024,256,1.25,76,100000,cooling,195,48750,520065,47800,0.5703771724125926,1,0,4,4,0.99609375,14.0,True,False
1024,256,1.25,76,100000,cooling,196,49000,522732,47800,0.5680868166201698,1,0,4,4,0.99609375,14.0,True,False
1024,256,1.25,76,100000,cooling,197,49250,525399,47800,0.565805657776555,1,0,4,4,0.99609375,14.0,True,False
1024,256,1.25,76,100000,cooling,198,49500,528066,47800,0.5635336589512993,1,0,4,4,0.99609375,14.0,True,False
1024,256,1.25,76,100000,cooling,199,49750,530733,47800,0.5612707833622484,1,0,4,4,0.99609375,14.0,True,False
1024,256,1.25,76,100000,cooling,200,50000,533400,47800,0.5590169943749475,1,0,4,4,0.99609375,14.0,True,False
1024,256,1.25,76,100000,cooling,201,50250,536067,47800,0.5567722555020473,1,0,4,4,0.99609375,14.0,True,False
1024,256,1.25,76,100000,cooling,202,50500,538734,47800,0.5545365304027143,1,0,4,4,0.99609375,14.0,True,False
1024,256,1.25,76,100000,cooling,203,50750,541401,47800,0.552309782882042,1,0,4,4,0.99609375,14.0,True,False
1024,256,1.25,76,100000,cooling,204,51000,544068,47800,0.5500919768904645,1,0,4,4,0.99609375,14.0,True,False
1024,256,1.25,76,100000,cooling,205,51250,546735,47800,0.5478830765231739,1,0,4,4,0.99609375,14.0,True,False
1024,256,1.25,76,100000,cooling,206,51500,549402,47800,0.5456830460195381,1,0,4,4,0.99609375,14.0,True,False
1024,256,1.25,76,100000,cooling,207,51750,552069,47800,0.5434918497625223,1,0,4,4,0.99609375,14.0,True,False
1024,256,1.25,76,100000,cooling,208,52000,554736,47800,0.5413094522781122,1,0,4,4,0.99609375,14.0,True,False
1024,256,1.25,76,100000,cooling,209,52250,557403,47800,0.5391358182347401,1,0,4,4,0.99609375,14.0,True,False
1024,256,1.25,76,100000,cooling,210,52500,560070,47800,0.5369709124427122,1,0,4,4,0.99609375,14.0,True,False
1024,256,1.25,76,100000,cooling,211,52750,562737,47800,0.5348146998536395,1,0,4,4,0.99609375,14.0,True,False
1024,256,1.25,76,100000,cooling,212,53000,565404,47800,0.5326671455598703,1,0,4,4,0.99609375,14.0,True,False
1024,256,1.25,76,100000,cooling,213,53250,568071,47800,0.5305282147939248,1,0,4,4,0.99609375,14.0,True,False
1024,256,1.25,76,100000,cooling,214,53500,570738,47800,0.5283978729279322,1,0,4,4,0.99609375,14.0,True,False
1024,256,1.25,76,100000,cooling,215,53750,573405,47800,0.5262760854730708,1,0,4,4,0.99609375,14.0,True,False
1024,256,1.25,76,100000,cooling,216,54000,576072,47800,0.5241628180790088,1,0,4,4,0.99609375,14.0,True,False
1024,256,1.25,76,100000,cooling,217,54250,578739,47800,0.5220580365333486,1,0,4,4,0.99609375,14.0,True,False
1024,256,1.25,76,100000,cooling,218,54500,581406,47800,0.5199617067610728,1,0,4,4,0.99609375,14.0,True,False
1024,256,1.25,76,100000,cooling,219,54750,584073,47800,0.5178737948239927,1,0,4,4,0.99609375,14.0,True,False
1024,256,1.25,76,100000,cooling,220,55000,586740,47800,0.5157942669201987,1,0,4,4,0.99609375,14.0,True,False
1024,256,1.25,76,100000,cooling,221,55250,589407,47800,0.5137230893835133,1,0,4,4,0.99609375,14.0,True,False
1024,256,1.25,76,100000,cooling,222,55500,592074,47800,0.5116602286829456,1,0,4,4,0.99609375,14.0,True,False
1024,256,1.25,76,100000,cooling,223,55750,594741,47800,0.5096056514221491,1,0,4,4,0.99609375,14.0,True,False
1024,256,1.25,76,100000,cooling,224,56000,597408,47800,0.5075593243388804,1,0,4,4,0.99609375,14.0,True,False
1024,256,1.25,76,100000,cooling,225,56250,600075,47800,0.5055212143044613,1,0,4,4,0.99609375,14.0,True,False
1024,256,1.25,76,100000,cooling,226,56500,602742,47800,0.5034912883232419,1,0,4,4,0.99609375,14.0,True,False
1024,256,1.25,76,100000,cooling,227,56750,605409,47800,0.5014695135320667,1,0,4,4,0.99609375,14.0,True,False
1024,256,1.25,76,100000,cooling,228,57000,608076,47800,0.4994558571997429,1,0,4,4,0.99609375,14.0,True,False
1024,256,1.25,76,100000,cooling,229,57250,610743,47800,0.49745028672650965,1,0,4,4,0.99609375,14.0,True,False
1024,256,1.25,76,100000,cooling,230,57500,613410,47800,0.4954527696435115,1,0,4,4,0.99609375,14.0,True,False
1024,256,1.25,76,100000,cooling,231,57750,616077,47800,0.49346327361227116,1,0,4,4,0.99609375,14.0,True,False
1024,256,1.25,76,100000,cooling,232,58000,618744,47800,0.4914817664241675,1,0,4,4,0.99609375,14.0,True,False
1024,256,1.25,76,100000,cooling,233,58250,621411,47800,0.48950821599991334,1,0,4,4,0.99609375,14.0,True,False
1024,256,1.25,76,100000,cooling,234,58500,624078,47800,0.4875425903890362,1,0,4,4,0.99609375,14.0,True,False
1024,256,1.25,76,100000,cooling,235,58750,626745,47800,0.4855848577693608,1,0,4,4,0.99609375,14.0,True,False
1024,256,1.25,76,100000,cooling,236,59000,629412,47800,0.48363498644649455,1,0,4,4,0.99609375,14.0,True,False
1024,256,1.25,76,100000,cooling,237,59250,632079,47800,0.4816929448533139,1,0,4,4,0.99609375,14.0,True,False
1024,256,1.25,76,100000,cooling,238,59500,634746,47800,0.4797587015494534,1,0,4,4,0.99609375,14.0,True,False
1024,256,1.25,76,100000,cooling,239,59750,637413,47800,0.47783222522079666,1,0,4,4,0.99609375,14.0,True,False
1024,256,1.25,76,100000,cooling,240,60000,640080,47800,0.47591348467896966,1,0,4,4,0.99609375,14.0,True,False
1024,256,1.25,76,100000,cooling,241,60250,642747,47800,0.4740024488608354,1,0,4,4,0.99609375,14.0,True,False
1024,256,1.25,76,100000,cooling,242,60500,645414,47800,0.4720990868279915,1,0,4,4,0.99609375,14.0,True,False
1024,256,1.25,76,100000,cooling,243,60750,648081,47800,0.4702033677662689,1,0,4,4,0.99609375,14.0,True,False
1024,256,1.25,76,100000,cooling,244,61000,650748,47800,0.46831526098523335,1,0,4,4,0.99609375,14.0,True,False
1024,256,1.25,76,100000,cooling,245,61250,653415,47800,0.4664347359176879,1,0,4,4,0.99609375,14.0,True,False
1024,256,1.25,76,100000,cooling,246,61500,656082,47800,0.4645617621191793,1,0,4,4,0.99609375,14.0,True,False
1024,256,1.25,76,100000,cooling,247,61750,658749,47800,0.46269630926750355,1,0,4,4,0.99609375,14.0,True,False
1024,256,1.25,76,100000,cooling,248,62000,661416,47800,0.4608383471622164,1,0,4,4,0.99609375,14.0,True,False
1024,256,1.25,76,100000,cooling,249,62250,664083,47800,0.45898784572414336,1,0,4,4,0.99609375,14.0,True,False
1024,256,1.25,76,100000,cooling,250,62500,666750,47800,0.45714477499489364,1,0,4,4,0.99609375,14.0,True,False
1024,256,1.25,76,100000,cooling,251,62750,669417,47800,0.4553091051363742,1,0,4,4,0.99609375,14.0,True,False
1024,256,1.25,76,100000,cooling,252,63000,672084,47800,0.45348080643030747,1,0,4,4,0.99609375,14.0,True,False
1024,256,1.25,76,100000,cooling,253,63250,674751,47800,0.4516598492777501,1,0,4,4,0.99609375,14.0,True,False
1024,256,1.25,76,100000,cooling,254,63500,677418,47800,0.4498462041986132,1,0,4,4,0.99609375,14.0,True,False
1024,256,1.25,76,100000,cooling,255,63750,680085,47800,0.44803984183118595,1,0,4,4,0.99609375,14.0,True,False
1024,256,1.25,76,100000,cooling,256,64000,682752,47800,0.44624073293165945,1,0,4,4,0.99609375,14.0,True,False
1024,256,1.25,76,100000,cooling,257,64250,685419,47800,0.44444884837365395,1,0,4,4,0.99609375,14.0,True,False
1024,256,1.25,76,100000,cooling,258,64500,688086,47800,0.4426641591477466,1,0,4,4,0.99609375,14.0,True,False
1024,256,1.25,76,100000,cooling,259,64750,690753,47800,0.4408866363610026,1,0,4,4,0.99609375,14.0,True,False
1024,256,1.25,76,100000,cooling,260,65000,693420,47800,0.4391162512365068,1,0,4,4,0.99609375,14.0,True,False
1024,256,1.25,76,100000,cooling,261,65250,696087,47800,0.4373529751128983,1,0,4,4,0.99609375,14.0,True,False
1024,256,1.25,76,100000,cooling,262,65500,698754,47800,0.43559677944390585,1,0,4,4,0.99609375,14.0,True,False
1024,256,1.25,76,100000,cooling,263,65750,701421,47800,0.43384763579788643,1,0,4,4,0.99609375,14.0,True,False
1024,256,1.25,76,100000,cooling,264,66000,704088,47800,0.43210551585736423,1,0,4,4,0.99609375,14.0,True,False
1024,256,1.25,76,100000,cooling,265,66250,706755,47800,0.43037039141857303,1,0,4,4,0.99609375,14.0,True,False
1024,256,1.25,76,100000,cooling,266,66500,709422,47800,0.4286422343909987,1,0,4,4,0.99609375,14.0,True,False
1024,256,1.25,76,100000,cooling,267,66750,712089,47800,0.4269210167969252,1,0,4,4,0.99609375,14.0,True,False
1024,256,1.25,76,100000,cooling,268,67000,714756,47800,0.4252067107709811,1,0,4,4,0.99609375,14.0,True,False
1024,256,1.25,76,100000,cooling,269,67250,717423,47800,0.4234992885596889,1,0,4,4,0.99609375,14.0,True,False
1024,256,1.25,76,100000,cooling,270,67500,720090,47800,0.42179872252101513,1,0,4,4,0.99609375,14.0,True,False
1024,256,1.25,76,100000,cooling,271,67750,722757,47800,0.42010498512392364,1,0,4,4,0.99609375,14.0,True,False
1024,256,1.25,76,100000,cooling,272,68000,725424,47800,0.4184180489479291,1,0,4,4,0.99609375,14.0,True,False
1024,256,1.25,76,100000,cooling,273,68250,728091,47800,0.4167378866826537,1,0,4,4,0.99609375,14.0,True,False
1024,256,1.25,76,100000,cooling,274,68500,730758,47800,0.4150644711273846,1,0,4,4,0.99609375,14.0,True,False
1024,256,1.25,76,100000,cooling,275,68750,733425,47800,0.4133977751906338,1,0,4,4,0.99609375,14.0,True,False
1024,256,1.25,76,100000,cooling,276,69000,736092,47800,0.41173777188969946,1,0,4,4,0.99609375,14.0,True,False
1024,256,1.25,76,100000,cooling,277,69250,738759,47800,0.41008443435022884,1,0,4,4,0.99609375,14.0,True,False
1024,256,1.25,76,100000,cooling,278,69500,741426,47800,0.4084377358057839,1,0,4,4,0.99609375,14.0,True,False
1024,256,1.25,76,100000,cooling,279,69750,744093,47800,0.4067976495974071,1,0,4,4,0.99609375,14.0,True,False
1024,256,1.25,76,100000,cooling,280,70000,746760,47800,0.40516414917319066,1,0,4,4,0.99609375,14.0,True,False
1024,256,1.25,76,100000,cooling,281,70250,749427,47800,0.40353720808784577,1,0,4,4,0.99609375,14.0,True,False
1024,256,1.25,76,100000,cooling,282,70500,752094,47800,0.4019168000022755,1,0,4,4,0.99609375,14.0,True,False
1024,256,1.25,76,100000,cooling,283,70750,754761,47800,0.4003028986831474,1,0,4,4,0.99609375,14.0,True,False
1024,256,1.25,76,100000,cooling,284,71000,757428,47800,0.39869547800246957,1,0,4,4,0.99609375,14.0,True,False
1024,256,1.25,76,100000,cooling,285,71250,760095,47800,0.3970945119371671,1,0,4,4,0.99609375,14.0,True,False
1024,256,1.25,76,100000,cooling,286,71500,762762,47800,0.3954999745686613,1,0,4,4,0.99609375,14.0,True,False
1024,256,1.25,76,100000,cooling,287,71750,765429,47800,0.3939118400824495,1,0,4,4,0.99609375,14.0,True,False
1024,256,1.25,76,100000,cooling,288,72000,768096,47800,0.3923300827676878,1,0,4,4,0.99609375,14.0,True,False
1024,256,1.25,76,100000,cooling,289,72250,770763,47800,0.3907546770167741,1,0,4,4,0.99609375,14.0,True,False
1024,256,1.25,76,100000,cooling,290,72500,773430,47800,0.38918559732493424,1,0,4,4,0.99609375,14.0,True,False
1024,256,1.25,76,100000,cooling,291,72750,776097,47800,0.3876228182898085,1,0,4,4,0.99609375,14.0,True,False
1024,256,1.25,76,100000,cooling,292,73000,778764,47800,0.3860663146110409,1,0,4,4,0.99609375,14.0,True,False
1024,256,1.25,76,100000,cooling,293,73250,781431,47800,0.38451606108986897,1,0,4,4,0.99609375,14.0,True,False
1024,256,1.25,76,100000,cooling,294,73500,784098,47800,0.38297203262871643,1,0,4,4,0.99609375,14.0,True,False
1024,256,1.25,76,100000,cooling,295,73750,786765,47800,0.3814342042307864,1,0,4,4,0.99609375,14.0,True,False
1024,256,1.25,76,100000,cooling,296,74000,789432,47800,0.3799025509996571,1,0,4,4,0.99609375,14.0,True,False
1024,256,1.25,76,100000,cooling,297,74250,792099,47800,0.37837704813887846,1,0,4,4,0.99609375,14.0,True,False
1024,256,1.25,76,100000,cooling,298,74500,794766,47800,0.37685767095157086,1,0,4,4,0.99609375,14.0,True,False
1024,256,1.25,76,100000,cooling,299,74750,797433,47800,0.3753443948400253,1,0,4,4,0.99609375,14.0,True,False
1024,256,1.25,76,100000,cooling,300,75000,800100,47800,0.3738371953053052,1,0,4,4,0.99609375,14.0,True,False
1024,256,1.25,76,100000,cooling,301,75250,802767,47800,0.37233604794684955,1,0,4,4,0.99609375,14.0,True,False
1024,256,1.25,76,100000,cooling,302,75500,805434,47800,0.3708409284620781,1,0,4,4,0.99609375,14.0,True,False
1024,256,1.25,76,100000,cooling,303,75750,808101,47800,0.3693518126459982,1,0,4,4,0.99609375,14.0,True,False
1024,256,1.25,76,100000,cooling,304,76000,810768,47800,0.3678686763908121,1,0,4,4,0.99609375,14.0,True,False
1024,256,1.25,76,100000,cooling,305,76250,813435,47800,0.3663914956855277,1,0,4,4,0.99609375,14.0,True,False
1024,256,1.25,76,100000,cooling,306,76500,816102,47800,0.3649202466155688,1,0,4,4,0.99609375,14.0,True,False
1024,256,1.25,76,100000,cooling,307,76750,818769,47800,0.3634549053623889,1,0,4,4,0.99609375,14.0,True,False
1024,256,1.25,76,100000,cooling,308,77000,821436,47800,0.3619954482030847,1,0,4,4,0.99609375,14.0,True,False
1024,256,1.25,76,100000,cooling,309,77250,824103,47800,0.3605418515100129,1,0,4,4,0.99609375,14.0,True,False
1024,256,1.25,76,100000,cooling,310,77500,826770,47800,0.35909409175040696,1,0,4,4,0.99609375,14.0,True,False
1024,256,1.25,76,100000,cooling,311,77750,829437,47800,0.35765214548599655,1,0,4,4,0.99609375,14.0,True,False
1024,256,1.25,76,100000,cooling,312,78000,832104,47800,0.3562159893726279,1,0,4,4,0.99609375,14.0,True,False
1024,256,1.25,76,100000,cooling,313,78250,834771,47800,0.35478560015988597,1,0,4,4,0.99609375,14.0,True,False
1024,256,1.25,76,100000,cooling,314,78500,837438,47800,0.35336095469071804,1,0,4,4,0.99609375,14.0,True,False
1024,256,1.25,76,100000,cooling,315,78750,840105,47800,0.35194202990105894,1,0,4,4,0.99609375,14.0,True,False
1024,256,1.25,76,100000,cooling,316,79000,842772,47800,0.3505288028194572,1,0,4,4,0.99609375,14.0,True,False
1024,256,1.25,76,100000,cooling,317,79250,845439,47800,0.34912125056670357,1,0,4,4,0.99609375,14.0,True,False
1024,256,1.25,76,100000,cooling,318,79500,848106,47800,0.3477193503554607,1,0,4,4,0.99609375,14.0,True,False
1024,256,1.25,76,100000,cooling,319,79750,850773,47800,0.3463230794898939,1,0,4,4,0.99609375,14.0,True,False
1024,256,1.25,76,100000,cooling,320,80000,853440,47800,0.3449324153653037,1,0,4,4,0.99609375,14.0,True,False
1024,256,1.25,76,100000,cooling,321,80250,856107,47800,0.3435473354677604,1,0,4,4,0.99609375,14.0,True,False
1024,256,1.25,76,100000,cooling,322,80500,858774,47800,0.34216781737373886,1,0,4,4,0.99609375,14.0,True,False
1024,256,1.25,76,100000,cooling,323,80750,861441,47800,0.34079383874975616,1,0,4,4,0.99609375,14.0,True,False
1024,256,1.25,76,100000,cooling,324,81000,864108,47800,0.33942537735200956,1,0,4,4,0.99609375,14.0,True,False
1024,256,1.25,76,100000,cooling,325,81250,866775,47800,0.33806241102601664,1,0,4,4,0.99609375,14.0,True,False
1024,256,1.25,76,100000,cooling,326,81500,869442,47800,0.3367049177062564,1,0,4,4,0.99609375,14.0,True,False
1024,256,1.25,76,100000,cooling,327,81750,872109,47800,0.33535287541581227,1,0,4,4,0.99609375,14.0,True,False
1024,256,1.25,76,100000,cooling,328,82000,874776,47800,0.3340062622660164,1,0,4,4,0.99609375,14.0,True,False
1024,256,1.25,76,100000,cooling,329,82250,877443,47800,0.3326650564560947,1,0,4,4,0.99609375,14.0,True,False
1024,256,1.25,76,100000,cooling,330,82500,880110,47800,0.3313292362728148,1,0,4,4,0.99609375,14.0,True,False
1024,256,1.25,76,100000,cooling,331,82750,882777,47800,0.3299987800901338,1,0,4,4,0.99609375,14.0,True,False
1024,256,1.25,76,100000,cooling,332,83000,885444,47800,0.32867366636884837,1,0,4,4,0.99609375,14.0,True,False
1024,256,1.25,76,100000,cooling,333,83250,888111,47800,0.32735387365624635,1,0,4,4,0.99609375,14.0,True,False
1024,256,1.25,76,100000,cooling,334,83500,890778,47800,0.3260393805857589,1,0,4,4,0.99609375,14.0,True,False
1024,256,1.25,76,100000,cooling,335,83750,893445,47800,0.32473016587661485,1,0,4,4,0.99609375,14.0,True,False
1024,256,1.25,76,100000,cooling,336,84000,896112,47800,0.32342620833349656,1,0,4,4,0.99609375,14.0,True,False
1024,256,1.25,76,100000,cooling,337,84250,898779,47800,0.32212748684619597,1,0,4,4,0.99609375,14.0,True,False
1024,256,1.25,76,100000,cooling,338,84500,901446,47800,0.3208339803892737,1,0,4,4,0.99609375,14.0,True,False
1024,256,1.25,76,100000,cooling,339,84750,904113,47800,0.3195456680217179,1,0,4,4,0.99609375,14.0,True,False
1024,256,1.25,76,100000,cooling,340,85000,906780,47800,0.3182625288866059,1,0,4,4,0.99609375,14.0,True,False
1024,256,1.25,76,100000,cooling,341,85250,909447,47800,0.31698454221076594,1,0,4,4,0.99609375,14.0,True,False
1024,256,1.25,76,100000,cooling,342,85500,912114,47800,0.3157116873044414,1,0,4,4,0.99609375,14.0,True,False
1024,256,1.25,76,100000,cooling,343,85750,914781,47800,0.3144439435609554,1,0,4,4,0.99609375,14.0,True,False
1024,256,1.25,76,100000,cooling,344,86000,917448,47800,0.31318129045637755,1,0,4,4,0.99609375,14.0,True,False
1024,256,1.25,76,100000,cooling,345,86250,920115,47800,0.3119237075491915,1,0,4,4,0.99609375,14.0,True,False
1024,256,1.25,76,100000,cooling,346,86500,922782,47800,0.310671174479964,1,0,4,4,0.99609375,14.0,True,False
1024,256,1.25,76,100000,cooling,347,86750,925449,47800,0.30942367097101525,1,0,4,4,0.99609375,14.0,True,False
1024,256,1.25,76,100000,cooling,348,87000,928116,47800,0.30818117682609086,1,0,4,4,0.99609375,14.0,True,False
1024,256,1.25,76,100000,cooling,349,87250,930783,47800,0.3069436719300346,1,0,4,4,0.99609375,14.0,True,False
1024,256,1.25,76,100000,cooling,350,87500,933450,47800,0.30571113624846297,1,0,4,4,0.99609375,14.0,True,False
1024,256,1.25,76,100000,cooling,351,87750,936117,47800,0.3044835498274407,1,0,4,4,0.99609375,14.0,True,False
1024,256,1.25,76,100000,cooling,352,88000,938784,47800,0.3032608927931576,1,0,4,4,0.99609375,14.0,True,False
1024,256,1.25,76,100000,cooling,353,88250,941451,47800,0.30204314535160737,1,0,4,4,0.99609375,14.0,True,False
1024,256,1.25,76,100000,cooling,354,88500,944118,47800,0.30083028778826637,1,0,4,4,0.99609375,14.0,True,False
1024,256,1.25,76,100000,cooling,355,88750,946785,47800,0.29962230046777516,1,0,4,4,0.99609375,14.0,True,False
1024,256,1.25,76,100000,cooling,356,89000,949452,47800,0.29841916383362005,1,0,4,4,0.99609375,14.0,True,False
1024,256,1.25,76,100000,cooling,357,89250,952119,47800,0.29722085840781687,1,0,4,4,0.99609375,14.0,True,False
1024,256,1.25,76,100000,cooling,358,89500,954786,47800,0.2960273647905955,1,0,4,4,0.99609375,14.0,True,False
1024,256,1.25,76,100000,cooling,359,89750,957453,47800,0.29483866366008576,1,0,4,4,0.99609375,14.0,True,False
1024,256,1.25,76,100000,cooling,360,90000,960120,47800,0.29365473577200474,1,0,4,4,0.99609375,14.0,True,False
1024,256,1.25,76,100000,cooling,361,90250,962787,47800,0.2924755619593451,1,0,4,4,0.99609375,14.0,True,False
1024,256,1.25,76,100000,cooling,362,90500,965454,47800,0.29130112313206485,1,0,4,4,0.99609375,14.0,True,False
1024,256,1.25,76,100000,cooling,363,90750,968121,47800,0.2901314002767782,1,0,4,4,0.99609375,14.0,True,False
1024,256,1.25,76,100000,cooling,364,91000,970788,47800,0.2889663744564479,1,0,4,4,0.99609375,14.0,True,False
1024,256,1.25,76,100000,cooling,365,91250,973455,47800,0.2878060268100786,1,0,4,4,0.99609375,14.0,True,False
1024,256,1.25,76,100000,cooling,366,91500,976122,47800,0.28665033855241145,1,0,4,4,0.99609375,14.0,True,False
1024,256,1.25,76,100000,cooling,367,91750,978789,47800,0.2854992909736199,1,0,4,4,0.99609375,14.0,True,False
1024,256,1.25,76,100000,cooling,368,92000,981456,47800,0.2843528654390072,1,0,4,4,0.99609375,14.0,True,False
1024,256,1.25,76,100000,cooling,369,92250,984123,47800,0.2832110433887041,1,0,4,4,0.99609375,14.0,True,False
1024,256,1.25,76,100000,cooling,370,92500,986790,47800,0.2820738063373689,1,0,4,4,0.99609375,14.0,True,False
1024,256,1.25,76,100000,cooling,371,92750,989457,47800,0.2809411358738879,1,0,4,4,0.99609375,14.0,True,False
1024,256,1.25,76,100000,cooling,372,93000,992124,47800,0.2798130136610776,1,0,4,4,0.99609375,14.0,True,False
1024,256,1.25,76,100000,cooling,373,93250,994791,47800,0.2786894214353875,1,0,4,4,0.99609375,14.0,True,False
1024,256,1.25,76,100000,cooling,374,93500,997458,47800,0.2775703410066045,1,0,4,4,0.99609375,14.0,True,False
1024,256,1.25,76,100000,cooling,375,93750,1000125,47800,0.2764557542575588,1,0,4,4,0.99609375,14.0,True,False
1024,256,1.25,76,100000,cooling,376,94000,1002792,47800,0.2753456431438301,1,0,4,4,0.99609375,14.0,True,False
1024,256,1.25,76,100000,cooling,377,94250,1005459,47800,0.27423998969345553,1,0,4,4,0.99609375,14.0,True,False
1024,256,1.25,76,100000,cooling,378,94500,1008126,47800,0.2731387760066392,1,0,4,4,0.99609375,14.0,True,False
1024,256,1.25,76,100000,cooling,379,94750,1010793,47800,0.2720419842554617,1,0,4,4,0.99609375,14.0,True,False
1024,256,1.25,76,100000,cooling,380,95000,1013460,47800,0.2709495966835921,1,0,4,4,0.99609375,14.0,True,False
1024,256,1.25,76,100000,cooling,381,95250,1016127,47800,0.26986159560599987,1,0,4,4,0.99609375,14.0,True,False
1024,256,1.25,76,100000,cooling,382,95500,1018794,47800,0.26877796340866933,1,0,4,4,0.99609375,14.0,True,False
1024,256,1.25,76,100000,cooling,383,95750,1021461,47800,0.26769868254831375,1,0,4,4,0.99609375,14.0,True,False
1024,256,1.25,76,100000,cooling,384,96000,1024128,47800,0.26662373555209185,1,0,4,4,0.99609375,14.0,True,False
1024,256,1.25,76,100000,cooling,385,96250,1026795,47800,0.2655531050173246,1,0,4,4,0.99609375,14.0,True,False
1024,256,1.25,76,100000,cooling,386,96500,1029462,47800,0.2644867736112137,1,0,4,4,0.99609375,14.0,True,False
1024,256,1.25,76,100000,cooling,387,96750,1032129,47800,0.26342472407056083,1,0,4,4,0.99609375,14.0,True,False
1024,256,1.25,76,100000,cooling,388,97000,1034796,47800,0.2623669392014884,1,0,4,4,0.99609375,14.0,True,False
1024,256,1.25,76,100000,cooling,389,97250,1037463,47800,0.2613134018791608,1,0,4,4,0.99609375,14.0,True,False
1024,256,1.25,76,100000,cooling,390,97500,1040130,47800,0.2602640950475075,1,0,4,4,0.99609375,14.0,True,False
1024,256,1.25,76,100000,cooling,391,97750,1042797,47800,0.25921900171894674,1,0,4,4,0.99609375,14.0,True,False
1024,256,1.25,76,100000,cooling,392,98000,1045464,47800,0.25817810497411076,1,0,4,4,0.99609375,14.0,True,False
1024,256,1.25,76,100000,cooling,393,98250,1048131,47800,0.2571413879615715,1,0,4,4,0.99609375,14.0,True,False
1024,256,1.25,76,100000,cooling,394,98500,1050798,47800,0.25610883389756806,1,0,4,4,0.99609375,14.0,True,False
1024,256,1.25,76,100000,cooling,395,98750,1053465,47800,0.25508042606573494,1,0,4,4,0.99609375,14.0,True,False
1024,256,1.25,76,100000,cooling,396,99000,1056132,47800,0.2540561478168314,1,0,4,4,0.99609375,14.0,True,False
1024,256,1.25,76,100000,cooling,397,99250,1058799,47800,0.2530359825684719,1,0,4,4,0.99609375,14.0,True,False
1024,256,1.25,76,100000,cooling,398,99500,1061466,47800,0.2520199138048576,1,0,4,4,0.99609375,14.0,True,False
1024,256,1.25,76,100000,cooling,399,99750,1064133,47800,0.2510079250765091,1,0,4,4,0.99609375,14.0,True,False
1024,256,1.25,76,100000,cooling,400,100000,1066800,47800,0.25,1,0,4,4,0.99609375,14.0,True,False
1024,256,1.25,76,100000,hold,401,100250,1069467,47800,0.25,1,0,4,4,0.99609375,14.0,True,False
1024,256,1.25,76,100000,hold,402,100500,1072134,47800,0.25,1,0,4,4,0.99609375,14.0,True,False
1024,256,1.25,76,100000,hold,403,100750,1074801,47800,0.25,1,0,4,4,0.99609375,14.0,True,False
1024,256,1.25,76,100000,hold,404,101000,1077468,47800,0.25,1,0,4,4,0.99609375,14.0,True,False
1024,256,1.25,76,100000,hold,405,101250,1080135,47800,0.25,1,0,4,4,0.99609375,14.0,True,False
1024,256,1.25,76,100000,hold,406,101500,1082802,47800,0.25,1,0,4,4,0.99609375,14.0,True,False
1024,256,1.25,76,100000,hold,407,101750,1085469,47800,0.25,1,0,4,4,0.99609375,14.0,True,False
1024,256,1.25,76,100000,hold,408,102000,1088136,47800,0.25,1,0,4,4,0.99609375,14.0,True,False
1024,256,1.25,76,100000,hold,409,102250,1090803,47800,0.25,1,0,4,4,0.99609375,14.0,True,False
1024,256,1.25,76,100000,hold,410,102500,1093470,47800,0.25,1,0,4,4,0.99609375,14.0,True,False
1024,256,1.25,76,100000,hold,411,102750,1096137,47800,0.25,1,0,4,4,0.99609375,14.0,True,False
1024,256,1.25,76,100000,hold,412,103000,1098804,47800,0.25,1,0,4,4,0.99609375,14.0,True,False
1024,256,1.25,76,100000,hold,413,103250,1101471,47800,0.25,1,0,4,4,0.99609375,14.0,True,False
1024,256,1.25,76,100000,hold,414,103500,1104138,47800,0.25,1,0,4,4,0.99609375,14.0,True,False
1024,256,1.25,76,100000,hold,415,103750,1106805,47800,0.25,1,0,4,4,0.99609375,14.0,True,False
1024,256,1.25,76,100000,hold,416,104000,1109472,47800,0.25,1,0,4,4,0.99609375,14.0,True,False
1024,256,1.25,76,100000,hold,417,104250,1112139,47800,0.25,1,0,4,4,0.99609375,14.0,True,False
1024,256,1.25,76,100000,hold,418,104500,1114806,47800,0.25,1,0,4,4,0.99609375,14.0,True,False
1024,256,1.25,76,100000,hold,419,104750,1117473,47800,0.25,1,0,4,4,0.99609375,14.0,True,False
1024,256,1.25,76,100000,hold,420,105000,1120140,47800,0.25,1,0,4,4,0.99609375,14.0,True,True
1024,256,1.25,77,,opening,0,0,0,38000,1.25,4,1,24,8,0.9765625,84.0,True,False
1024,256,1.25,77,100000,cooling,1,250,2667,38000,1.244980611288459,5,0,20,4,0.98046875,70.0,True,False
1024,256,1.25,77,100000,cooling,2,500,5334,38000,1.239981377987348,4,2,18,4,0.98046875,76.0,True,False
1024,256,1.25,77,100000,cooling,3,750,8001,38000,1.2350022191623955,5,0,20,4,0.98046875,70.0,True,False
1024,256,1.25,77,100000,cooling,4,1000,10668,38000,1.230043054204322,5,0,20,4,0.98046875,70.0,True,False
1024,256,1.25,77,100000,cooling,5,1250,13335,38000,1.225103802827536,5,0,20,4,0.98046875,70.0,True,False
1024,256,1.25,77,100000,cooling,6,1500,16002,38000,1.2201843850688332,5,0,20,4,0.98046875,70.0,True,False
1024,256,1.25,77,100000,cooling,7,1750,18669,38000,1.2152847212861027,5,0,20,4,0.98046875,70.0,True,False
1024,256,1.25,77,100000,cooling,8,2000,21336,38000,1.2104047321570373,5,0,20,4,0.98046875,70.0,True,False
1024,256,1.25,77,100000,cooling,9,2250,24003,38000,1.2055443386778495,5,0,20,4,0.98046875,70.0,True,False
1024,256,1.25,77,100000,cooling,10,2500,26670,38000,1.200703462161992,5,0,20,4,0.98046875,70.0,True,False
1024,256,1.25,77,100000,cooling,11,2750,29337,38000,1.1958820242388848,5,0,20,4,0.98046875,70.0,True,False
1024,256,1.25,77,100000,cooling,12,3000,32004,38000,1.1910799468526452,5,0,20,4,0.98046875,70.0,True,False
1024,256,1.25,77,100000,cooling,13,3250,34671,38000,1.1862971522608252,5,0,20,4,0.98046875,70.0,True,False
1024,256,1.25,77,100000,cooling,14,3500,37338,38000,1.1815335630331523,4,0,16,4,0.984375,56.0,True,False
1024,256,1.25,77,100000,cooling,15,3750,40005,38000,1.1767891020502759,4,0,16,4,0.984375,56.0,True,False
1024,256,1.25,77,100000,cooling,16,4000,42672,38000,1.1720636925025194,4,0,16,4,0.984375,56.0,True,False
1024,256,1.25,77,100000,cooling,17,4250,45339,38000,1.167357257888636,4,0,16,4,0.984375,56.0,True,False
1024,256,1.25,77,100000,cooling,18,4500,48006,38000,1.1626697220145708,4,0,16,4,0.984375,56.0,True,False
1024,256,1.25,77,100000,cooling,19,4750,50673,38000,1.1580010089922264,4,0,16,4,0.984375,56.0,True,False
1024,256,1.25,77,100000,cooling,20,5000,53340,38000,1.1533510432382355,4,0,16,4,0.984375,56.0,True,False
1024,256,1.25,77,100000,cooling,21,5250,56007,38000,1.1487197494727361,4,0,16,4,0.984375,56.0,True,False
1024,256,1.25,77,100000,cooling,22,5500,58674,38000,1.144107052718154,4,0,16,4,0.984375,56.0,True,False
1024,256,1.25,77,100000,cooling,23,5750,61341,38000,1.1395128782979878,4,0,16,4,0.984375,56.0,True,False
1024,256,1.25,77,100000,cooling,24,6000,64008,38000,1.1349371518356002,4,0,16,4,0.984375,56.0,True,False
1024,256,1.25,77,100000,cooling,25,6250,66675,38000,1.1303797992530145,4,0,16,4,0.984375,56.0,True,False
1024,256,1.25,77,100000,cooling,26,6500,69342,38000,1.1258407467697147,4,0,16,4,0.984375,56.0,True,False
1024,256,1.25,77,100000,cooling,27,6750,72009,38000,1.1213199209014517,4,0,16,4,0.984375,56.0,True,False
1024,256,1.25,77,100000,cooling,28,7000,74676,38000,1.1168172484590526,4,0,16,4,0.984375,56.0,True,False
1024,256,1.25,77,100000,cooling,29,7250,77343,38000,1.1123326565472371,4,0,16,4,0.984375,56.0,True,False
1024,256,1.25,77,100000,cooling,30,7500,80010,38000,1.1078660725634357,4,0,16,4,0.984375,56.0,True,False
1024,256,1.25,77,100000,cooling,31,7750,82677,38000,1.1034174241966164,4,0,16,4,0.984375,56.0,True,False
1024,256,1.25,77,100000,cooling,32,8000,85344,38000,1.098986639426112,4,0,16,4,0.984375,56.0,True,False
1024,256,1.25,77,100000,cooling,33,8250,88011,38000,1.0945736465204563,3,0,12,4,0.98828125,42.0,True,False
1024,256,1.25,77,100000,cooling,34,8500,90678,38000,1.0901783740362203,3,0,12,4,0.98828125,42.0,True,False
1024,256,1.25,77,100000,cooling,35,8750,93345,38000,1.0858007508168575,3,0,12,4,0.98828125,42.0,True,False
1024,256,1.25,77,100000,cooling,36,9000,96012,38000,1.0814407059915512,3,0,12,4,0.98828125,42.0,True,False
1024,256,1.25,77,100000,cooling,37,9250,98679,38000,1.0770981689740673,3,0,12,4,0.98828125,42.0,True,False
1024,256,1.25,77,100000,cooling,38,9500,101346,38000,1.0727730694616113,3,0,12,4,0.98828125,42.0,True,False
1024,256,1.25,77,100000,cooling,39,9750,104013,38000,1.0684653374336908,3,0,12,4,0.98828125,42.0,True,False
1024,256,1.25,77,100000,cooling,40,10000,106680,38000,1.0641749031509808,3,0,12,4,0.98828125,42.0,True,False
1024,256,1.25,77,100000,cooling,41,10250,109347,38000,1.0599016971541957,3,0,12,4,0.98828125,42.0,True,False
1024,256,1.25,77,100000,cooling,42,10500,112014,38000,1.0556456502629645,2,2,10,4,0.98828125,48.0,True,False
1024,256,1.25,77,100000,cooling,43,10750,114681,38000,1.0514066935747108,3,0,12,4,0.98828125,42.0,True,False
1024,256,1.25,77,100000,cooling,44,11000,117348,38000,1.0471847584635368,3,0,12,4,0.98828125,42.0,True,False
1024,256,1.25,77,100000,cooling,45,11250,120015,38000,1.0429797765791131,3,0,12,4,0.98828125,42.0,True,False
1024,256,1.25,77,100000,cooling,46,11500,122682,38000,1.0387916798455716,3,0,12,4,0.98828125,42.0,True,False
1024,256,1.25,77,100000,cooling,47,11750,125349,38000,1.034620400460404,3,0,12,4,0.98828125,42.0,True,False
1024,256,1.25,77,100000,cooling,48,12000,128016,38000,1.0304658708933632,3,0,12,4,0.98828125,42.0,True,False
1024,256,1.25,77,100000,cooling,49,12250,130683,38000,1.026328023885371,3,0,12,4,0.98828125,42.0,True,False
1024,256,1.25,77,100000,cooling,50,12500,133350,38000,1.0222067924474283,3,0,12,4,0.98828125,42.0,True,False
1024,256,1.25,77,100000,cooling,51,12750,136017,38000,1.0181021098595313,3,0,12,4,0.98828125,42.0,True,False
1024,256,1.25,77,100000,cooling,52,13000,138684,38000,1.0140139096695913,3,0,12,4,0.98828125,42.0,True,False
1024,256,1.25,77,100000,cooling,53,13250,141351,38000,1.0099421256923584,3,0,12,4,0.98828125,42.0,True,False
1024,256,1.25,77,100000,cooling,54,13500,144018,38000,1.0058866920083505,3,0,12,4,0.98828125,42.0,True,False
1024,256,1.25,77,100000,cooling,55,13750,146685,38000,1.0018475429627856,2,2,10,4,0.98828125,48.0,True,False
1024,256,1.25,77,100000,cooling,56,14000,149352,38000,0.9978246131645195,3,0,12,4,0.98828125,42.0,True,False
1024,256,1.25,77,100000,cooling,57,14250,152019,38000,0.993817837484987,3,0,12,4,0.98828125,42.0,True,False
1024,256,1.25,77,100000,cooling,58,14500,154686,38000,0.9898271510571468,2,0,8,4,0.9921875,28.0,True,False
1024,256,1.25,77,100000,cooling,59,14750,157353,38000,0.9858524892744324,1,0,4,4,0.99609375,14.0,True,False
1024,256,1.25,77,100000,cooling,60,15000,160020,38000,0.9818937877897055,1,0,4,4,0.99609375,14.0,True,False
1024,256,1.25,77,100000,cooling,61,15250,162687,38000,0.9779509825142143,1,0,4,4,0.99609375,14.0,True,False
1024,256,1.25,77,100000,cooling,62,15500,165354,38000,0.9740240096165564,1,0,4,4,0.99609375,14.0,True,False
1024,256,1.25,77,100000,cooling,63,15750,168021,38000,0.9701128055216451,1,0,4,4,0.99609375,14.0,True,False
1024,256,1.25,77,100000,cooling,64,16000,170688,38000,0.9662173069096798,1,0,4,4,0.99609375,14.0,True,False
1024,256,1.25,77,100000,cooling,65,16250,173355,38000,0.9623374507151214,1,0,4,4,0.99609375,14.0,True,False
1024,256,1.25,77,100000,cooling,66,16500,176022,38000,0.9584731741256712,1,0,4,4,0.99609375,14.0,True,False
1024,256,1.25,77,100000,cooling,67,16750,178689,38000,0.9546244145812542,1,0,4,4,0.99609375,14.0,True,False
1024,256,1.25,77,100000,cooling,68,17000,181356,38000,0.9507911097730058,1,0,4,4,0.99609375,14.0,True,False
1024,256,1.25,77,100000,cooling,69,17250,184023,38000,0.9469731976422633,1,0,4,4,0.99609375,14.0,True,False
1024,256,1.25,77,100000,cooling,70,17500,186690,38000,0.9431706163795612,1,0,4,4,0.99609375,14.0,True,False
1024,256,1.25,77,100000,cooling,71,17750,189357,38000,0.939383304423631,1,0,4,4,0.99609375,14.0,True,False
1024,256,1.25,77,100000,cooling,72,18000,192024,38000,0.9356112004604039,1,0,4,4,0.99609375,14.0,True,False
1024,256,1.25,77,100000,cooling,73,18250,194691,38000,0.9318542434220181,1,0,4,4,0.99609375,14.0,True,False
1024,256,1.25,77,100000,cooling,74,18500,197358,38000,0.9281123724858308,1,0,4,4,0.99609375,14.0,True,False
1024,256,1.25,77,100000,cooling,75,18750,200025,38000,0.9243855270734334,1,0,4,4,0.99609375,14.0,True,False
1024,256,1.25,77,100000,cooling,76,19000,202692,38000,0.9206736468496699,1,0,4,4,0.99609375,14.0,True,False
1024,256,1.25,77,100000,cooling,77,19250,205359,38000,0.9169766717216614,1,0,4,4,0.99609375,14.0,True,False
1024,256,1.25,77,100000,cooling,78,19500,208026,38000,0.9132945418378325,0,2,2,2,0.99609375,20.0,True,False
1024,256,1.25,77,100000,cooling,79,19750,210693,38000,0.9096271975869423,0,0,0,0,1.0,0.0,True,False
1024,256,1.25,77,100000,cooling,80,20000,213360,38000,0.9059745795971195,0,0,0,0,1.0,0.0,True,False
1024,256,1.25,77,100000,cooling,81,20250,216027,38000,0.9023366287349011,0,0,0,0,1.0,0.0,True,False
1024,256,1.25,77,100000,cooling,82,20500,218694,38000,0.8987132861042756,0,0,0,0,1.0,0.0,True,False
1024,256,1.25,77,100000,cooling,83,20750,221361,38000,0.8951044930457286,0,0,0,0,1.0,0.0,True,False
1024,256,1.25,77,100000,cooling,84,21000,224028,38000,0.891510191135294,0,0,0,0,1.0,0.0,True,False
1024,256,1.25,77,100000,cooling,85,21250,226695,38000,0.8879303221836075,0,0,0,0,1.0,0.0,True,False
1024,256,1.25,77,100000,cooling,86,21500,229362,38000,0.8843648282349647,0,0,0,0,1.0,0.0,True,False
1024,256,1.25,77,100000,cooling,87,21750,232029,38000,0.8808136515663835,0,0,0,0,1.0,0.0,True,False
1024,256,1.25,77,100000,cooling,88,22000,234696,38000,0.8772767346866686,0,0,0,0,1.0,0.0,True,False
1024,256,1.25,77,100000,cooling,89,22250,237363,38000,0.8737540203354816,0,0,0,0,1.0,0.0,True,False
1024,256,1.25,77,100000,cooling,90,22500,240030,38000,0.8702454514824132,0,0,0,0,1.0,0.0,True,False
1024,256,1.25,77,100000,cooling,91,22750,242697,38000,0.8667509713260606,0,0,0,0,1.0,0.0,True,False
1024,256,1.25,77,100000,cooling,92,23000,245364,38000,0.8632705232931076,0,0,0,0,1.0,0.0,True,False
1024,256,1.25,77,100000,cooling,93,23250,248031,38000,0.8598040510374089,0,0,0,0,1.0,0.0,True,False
1024,256,1.25,77,100000,cooling,94,23500,250698,38000,0.8563514984390774,0,0,0,0,1.0,0.0,True,False
1024,256,1.25,77,100000,cooling,95,23750,253365,38000,0.8529128096035763,0,0,0,0,1.0,0.0,True,False
1024,256,1.25,77,100000,cooling,96,24000,256032,38000,0.8494879288608139,0,0,0,0,1.0,0.0,True,False
1024,256,1.25,77,100000,cooling,97,24250,258699,38000,0.8460768007642425,0,0,0,0,1.0,0.0,True,False
1024,256,1.25,77,100000,cooling,98,24500,261366,38000,0.8426793700899603,0,0,0,0,1.0,0.0,True,False
1024,256,1.25,77,100000,cooling,99,24750,264033,38000,0.8392955818358179,0,0,0,0,1.0,0.0,True,False
1024,256,1.25,77,100000,cooling,100,25000,266700,38000,0.8359253812205275,0,0,0,0,1.0,0.0,True,False
1024,256,1.25,77,100000,cooling,101,25250,269367,38000,0.8325687136827764,0,0,0,0,1.0,0.0,True,False
1024,256,1.25,77,100000,cooling,102,25500,272034,38000,0.8292255248803432,0,0,0,0,1.0,0.0,True,False
1024,256,1.25,77,100000,cooling,103,25750,274701,38000,0.8258957606892183,0,0,0,0,1.0,0.0,True,False
1024,256,1.25,77,100000,cooling,104,26000,277368,38000,0.822579367202728,0,0,0,0,1.0,0.0,True,False
1024,256,1.25,77,100000,cooling,105,26250,280035,38000,0.8192762907306608,0,0,0,0,1.0,0.0,True,False
1024,256,1.25,77,100000,cooling,106,26500,282702,38000,0.8159864777983994,0,0,0,0,1.0,0.0,True,False
1024,256,1.25,77,100000,cooling,107,26750,285369,38000,0.8127098751460543,0,0,0,0,1.0,0.0,True,False
1024,256,1.25,77,100000,cooling,108,27000,288036,38000,0.8094464297276015,0,0,0,0,1.0,0.0,True,False
1024,256,1.25,77,100000,cooling,109,27250,290703,38000,0.806196088710024,0,0,0,0,1.0,0.0,True,False
1024,256,1.25,77,100000,cooling,110,27500,293370,38000,0.8029587994724563,0,0,0,0,1.0,0.0,True,False
1024,256,1.25,77,100000,cooling,111,27750,296037,38000,0.7997345096053327,0,0,0,0,1.0,0.0,True,False
1024,256,1.25,77,100000,cooling,112,28000,298704,38000,0.7965231669095385,0,0,0,0,1.0,0.0,True,False
1024,256,1.25,77,100000,cooling,113,28250,301371,38000,0.7933247193955651,0,0,0,0,1.0,0.0,True,False
1024,256,1.25,77,100000,cooling,114,28500,304038,38000,0.7901391152826688,0,0,0,0,1.0,0.0,True,False
1024,256,1.25,77,100000,cooling,115,28750,306705,38000,0.7869663029980313,0,0,0,0,1.0,0.0,True,False
1024,256,1.25,77,100000,cooling,116,29000,309372,38000,0.7838062311759262,0,0,0,0,1.0,0.0,True,False
1024,256,1.25,77,100000,cooling,117,29250,312039,38000,0.7806588486568862,0,0,0,0,1.0,0.0,True,False
1024,256,1.25,77,100000,cooling,118,29500,314706,38000,0.7775241044868758,0,0,0,0,1.0,0.0,True,False
1024,256,1.25,77,100000,cooling,119,29750,317373,38000,0.7744019479164659,0,0,0,0,1.0,0.0,True,False
1024,256,1.25,77,100000,cooling,120,30000,320040,38000,0.7712923284000122,0,0,0,0,1.0,0.0,True,False
1024,256,1.25,77,100000,cooling,121,30250,322707,38000,0.7681951955948367,0,0,0,0,1.0,0.0,True,False
1024,256,1.25,77,100000,cooling,122,30500,325374,38000,0.7651104993604136,0,0,0,0,1.0,0.0,True,False
1024,256,1.25,77,100000,cooling,123,30750,328041,38000,0.7620381897575568,0,0,0,0,1.0,0.0,True,False
1024,256,1.25,77,100000,cooling,124,31000,330708,38000,0.758978217047611,0,0,0,0,1.0,0.0,True,False
1024,256,1.25,77,100000,cooling,125,31250,333375,38000,0.7559305316916476,0,0,0,0,1.0,0.0,True,False
1024,256,1.25,77,100000,cooling,126,31500,336042,38000,0.7528950843496618,0,0,0,0,1.0,0.0,True,False
1024,256,1.25,77,100000,cooling,127,31750,338709,38000,0.7498718258797743,0,0,0,0,1.0,0.0,True,False
1024,256,1.25,77,100000,cooling,128,32000,341376,38000,0.7468607073374355,0,0,0,0,1.0,0.0,True,False
1024,256,1.25,77,100000,cooling,129,32250,344043,38000,0.7438616799746329,0,0,0,0,1.0,0.0,True,False
1024,256,1.25,77,100000,cooling,130,32500,346710,38000,0.740874695239103,0,0,0,0,1.0,0.0,True,False
1024,256,1.25,77,100000,cooling,131,32750,349377,38000,0.7378997047735432,0,0,0,0,1.0,0.0,True,False
1024,256,1.25,77,100000,cooling,132,33000,352044,38000,0.7349366604148315,0,0,0,0,1.0,0.0,True,False
1024,256,1.25,77,100000,cooling,133,33250,354711,38000,0.7319855141932443,0,0,0,0,1.0,0.0,True,False
1024,256,1.25,77,100000,cooling,134,33500,357378,38000,0.7290462183316819,0,0,0,0,1.0,0.0,True,False
1024,256,1.25,77,100000,cooling,135,33750,360045,38000,0.7261187252448933,0,0,0,0,1.0,0.0,True,False
1024,256,1.25,77,100000,cooling,136,34000,362712,38000,0.723202987538707,0,0,0,0,1.0,0.0,True,False
1024,256,1.25,77,100000,cooling,137,34250,365379,38000,0.7202989580092635,0,0,0,0,1.0,0.0,True,False
1024,256,1.25,77,100000,cooling,138,34500,368046,38000,0.7174065896422505,0,0,0,0,1.0,0.0,True,False
1024,256,1.25,77,100000,cooling,139,34750,370713,38000,0.714525835612142,0,0,0,0,1.0,0.0,True,False
1024,256,1.25,77,100000,cooling,140,35000,373380,38000,0.7116566492814413,0,0,0,0,1.0,0.0,True,False
1024,256,1.25,77,100000,cooling,141,35250,376047,38000,0.7087989841999242,0,0,0,0,1.0,0.0,True,False
1024,256,1.25,77,100000,cooling,142,35500,378714,38000,0.7059527941038883,0,0,0,0,1.0,0.0,True,False
1024,256,1.25,77,100000,cooling,143,35750,381381,38000,0.7031180329154036,0,0,0,0,1.0,0.0,True,False
1024,256,1.25,77,100000,cooling,144,36000,384048,38000,0.7002946547415665,0,0,0,0,1.0,0.0,True,False
1024,256,1.25,77,100000,cooling,145,36250,386715,38000,0.6974826138737565,0,0,0,0,1.0,0.0,True,False
1024,256,1.25,77,100000,cooling,146,36500,389382,38000,0.6946818647868973,0,0,0,0,1.0,0.0,True,False
1024,256,1.25,77,100000,cooling,147,36750,392049,38000,0.6918923621387185,0,0,0,0,1.0,0.0,True,False
1024,256,1.25,77,100000,cooling,148,37000,394716,38000,0.689114060769022,0,0,0,0,1.0,0.0,True,False
1024,256,1.25,77,100000,cooling,149,37250,397383,38000,0.6863469156989515,0,0,0,0,1.0,0.0,True,False
1024,256,1.25,77,100000,cooling,150,37500,400050,38000,0.6835908821302632,0,0,0,0,1.0,0.0,True,False
1024,256,1.25,77,100000,cooling,151,37750,402717,38000,0.6808459154446016,0,0,0,0,1.0,0.0,True,False
1024,256,1.25,77,100000,cooling,152,38000,405384,38000,0.6781119712027766,0,0,0,0,1.0,0.0,True,False
1024,256,1.25,77,100000,cooling,153,38250,408051,38000,0.6753890051440437,0,0,0,0,1.0,0.0,True,False
1024,256,1.25,77,100000,cooling,154,38500,410718,38000,0.6726769731853885,0,0,0,0,1.0,0.0,True,False
1024,256,1.25,77,100000,cooling,155,38750,413385,38000,0.6699758314208122,0,0,0,0,1.0,0.0,True,False
1024,256,1.25,77,100000,cooling,156,39000,416052,38000,0.6672855361206211,0,0,0,0,1.0,0.0,True,False
1024,256,1.25,77,100000,cooling,157,39250,418719,38000,0.6646060437307184,0,0,0,0,1.0,0.0,True,False
1024,256,1.25,77,100000,cooling,158,39500,421386,38000,0.6619373108718993,0,0,0,0,1.0,0.0,True,False
1024,256,1.25,77,100000,cooling,159,39750,424053,38000,0.6592792943391488,0,0,0,0,1.0,0.0,True,False
1024,256,1.25,77,100000,cooling,160,40000,426720,38000,0.6566319511009417,0,0,0,0,1.0,0.0,True,False
1024,256,1.25,77,100000,cooling,161,40250,429387,38000,0.6539952382985472,0,0,0,0,1.0,0.0,True,False
1024,256,1.25,77,100000,cooling,162,40500,432054,38000,0.6513691132453334,0,0,0,0,1.0,0.0,True,False
1024,256,1.25,77,100000,cooling,163,40750,434721,38000,0.6487535334260774,0,0,0,0,1.0,0.0,True,False
1024,256,1.25,77,100000,cooling,164,41000,437388,38000,0.6461484564962765,0,0,0,0,1.0,0.0,True,False
1024,256,1.25,77,100000,cooling,165,41250,440055,38000,0.6435538402814628,0,0,0,0,1.0,0.0,True,False
1024,256,1.25,77,100000,cooling,166,41500,442722,38000,0.6409696427765208,0,0,0,0,1.0,0.0,True,False
1024,256,1.25,77,100000,cooling,167,41750,445389,38000,0.6383958221450063,0,0,0,0,1.0,0.0,True,False
1024,256,1.25,77,100000,cooling,168,42000,448056,38000,0.6358323367184706,0,0,0,0,1.0,0.0,True,False
1024,256,1.25,77,100000,cooling,169,42250,450723,38000,0.6332791449957847,0,0,0,0,1.0,0.0,True,False
1024,256,1.25,77,100000,cooling,170,42500,453390,38000,0.6307362056424677,0,0,0,0,1.0,0.0,True,False
1024,256,1.25,77,100000,cooling,171,42750,456057,38000,0.6282034774900181,0,0,0,0,1.0,0.0,True,False
1024,256,1.25,77,100000,cooling,172,43000,458724,38000,0.6256809195352468,0,0,0,0,1.0,0.0,True,False
1024,256,1.25,77,100000,cooling,173,43250,461391,38000,0.6231684909396134,0,0,0,0,1.0,0.0,True,False
1024,256,1.25,77,100000,cooling,174,43500,464058,38000,0.620666151028565,0,0,0,0,1.0,0.0,True,False
1024,256,1.25,77,100000,cooling,175,43750,466725,38000,0.6181738592908783,0,0,0,0,1.0,0.0,True,False
1024,256,1.25,77,100000,cooling,176,44000,469392,38000,0.6156915753780029,0,0,0,0,1.0,0.0,True,False
1024,256,1.25,77,100000,cooling,177,44250,472059,38000,0.6132192591034082,0,0,0,0,1.0,0.0,True,False
1024,256,1.25,77,100000,cooling,178,44500,474726,38000,0.6107568704419337,0,0,0,0,1.0,0.0,True,False
1024,256,1.25,77,100000,cooling,179,44750,477393,38000,0.6083043695291399,0,0,0,0,1.0,0.0,True,False
1024,256,1.25,77,100000,cooling,180,45000,480060,38000,0.6058617166606634,0,0,0,0,1.0,0.0,True,False
1024,256,1.25,77,100000,cooling,181,45250,482727,38000,0.6034288722915743,0,0,0,0,1.0,0.0,True,False
1024,256,1.25,77,100000,cooling,182,45500,485394,38000,0.6010057970357356,0,0,0,0,1.0,0.0,True,False
1024,256,1.25,77,100000,cooling,183,45750,488061,38000,0.5985924516651662,0,0,0,0,1.0,0.0,True,False
1024,256,1.25,77,100000,cooling,184,46000,490728,38000,0.5961887971094048,0,0,0,0,1.0,0.0,True,False
1024,256,1.25,77,100000,cooling,185,46250,493395,38000,0.5937947944548781,0,0,0,0,1.0,0.0,True,False
1024,256,1.25,77,100000,cooling,186,46500,496062,38000,0.5914104049442713,0,0,0,0,1.0,0.0,True,False
1024,256,1.25,77,100000,cooling,187,46750,498729,38000,0.5890355899758991,0,0,0,0,1.0,0.0,True,False
1024,256,1.25,77,100000,cooling,188,47000,501396,38000,0.5866703111030825,0,0,0,0,1.0,0.0,True,False
1024,256,1.25,77,100000,cooling,189,47250,504063,38000,0.5843145300335248,0,0,0,0,1.0,0.0,True,False
1024,256,1.25,77,100000,cooling,190,47500,506730,38000,0.5819682086286931,0,0,0,0,1.0,0.0,True,False
1024,256,1.25,77,100000,cooling,191,47750,509397,38000,0.5796313089031999,0,0,0,0,1.0,0.0,True,False
1024,256,1.25,77,100000,cooling,192,48000,512064,38000,0.5773037930241883,0,0,0,0,1.0,0.0,True,False
1024,256,1.25,77,100000,cooling,193,48250,514731,38000,0.5749856233107199,0,0,0,0,1.0,0.0,True,False
1024,256,1.25,77,100000,cooling,194,48500,517398,38000,0.5726767622331645,0,0,0,0,1.0,0.0,True,False
1024,256,1.25,77,100000,cooling,195,48750,520065,38000,0.5703771724125926,0,0,0,0,1.0,0.0,True,False
1024,256,1.25,77,100000,cooling,196,49000,522732,38000,0.5680868166201698,0,0,0,0,1.0,0.0,True,False
1024,256,1.25,77,100000,cooling,197,49250,525399,38000,0.565805657776555,0,0,0,0,1.0,0.0,True,False
1024,256,1.25,77,100000,cooling,198,49500,528066,38000,0.5635336589512993,0,0,0,0,1.0,0.0,True,False
1024,256,1.25,77,100000,cooling,199,49750,530733,38000,0.5612707833622484,0,0,0,0,1.0,0.0,True,False
1024,256,1.25,77,100000,cooling,200,50000,533400,38000,0.5590169943749475,0,0,0,0,1.0,0.0,True,False
1024,256,1.25,77,100000,cooling,201,50250,536067,38000,0.5567722555020473,0,0,0,0,1.0,0.0,True,False
1024,256,1.25,77,100000,cooling,202,50500,538734,38000,0.5545365304027143,0,0,0,0,1.0,0.0,True,False
1024,256,1.25,77,100000,cooling,203,50750,541401,38000,0.552309782882042,0,0,0,0,1.0,0.0,True,False
1024,256,1.25,77,100000,cooling,204,51000,544068,38000,0.5500919768904645,0,0,0,0,1.0,0.0,True,False
1024,256,1.25,77,100000,cooling,205,51250,546735,38000,0.5478830765231739,0,0,0,0,1.0,0.0,True,False
1024,256,1.25,77,100000,cooling,206,51500,549402,38000,0.5456830460195381,0,0,0,0,1.0,0.0,True,False
1024,256,1.25,77,100000,cooling,207,51750,552069,38000,0.5434918497625223,0,0,0,0,1.0,0.0,True,False
1024,256,1.25,77,100000,cooling,208,52000,554736,38000,0.5413094522781122,0,0,0,0,1.0,0.0,True,False
1024,256,1.25,77,100000,cooling,209,52250,557403,38000,0.5391358182347401,0,0,0,0,1.0,0.0,True,False
1024,256,1.25,77,100000,cooling,210,52500,560070,38000,0.5369709124427122,0,0,0,0,1.0,0.0,True,False
1024,256,1.25,77,100000,cooling,211,52750,562737,38000,0.5348146998536395,0,0,0,0,1.0,0.0,True,False
1024,256,1.25,77,100000,cooling,212,53000,565404,38000,0.5326671455598703,0,0,0,0,1.0,0.0,True,False
1024,256,1.25,77,100000,cooling,213,53250,568071,38000,0.5305282147939248,0,0,0,0,1.0,0.0,True,False
1024,256,1.25,77,100000,cooling,214,53500,570738,38000,0.5283978729279322,0,0,0,0,1.0,0.0,True,False
1024,256,1.25,77,100000,cooling,215,53750,573405,38000,0.5262760854730708,0,0,0,0,1.0,0.0,True,False
1024,256,1.25,77,100000,cooling,216,54000,576072,38000,0.5241628180790088,0,0,0,0,1.0,0.0,True,False
1024,256,1.25,77,100000,cooling,217,54250,578739,38000,0.5220580365333486,0,0,0,0,1.0,0.0,True,False
1024,256,1.25,77,100000,cooling,218,54500,581406,38000,0.5199617067610728,0,0,0,0,1.0,0.0,True,False
1024,256,1.25,77,100000,cooling,219,54750,584073,38000,0.5178737948239927,0,0,0,0,1.0,0.0,True,False
1024,256,1.25,77,100000,cooling,220,55000,586740,38000,0.5157942669201987,0,0,0,0,1.0,0.0,True,False
1024,256,1.25,77,100000,cooling,221,55250,589407,38000,0.5137230893835133,0,0,0,0,1.0,0.0,True,False
1024,256,1.25,77,100000,cooling,222,55500,592074,38000,0.5116602286829456,0,0,0,0,1.0,0.0,True,False
1024,256,1.25,77,100000,cooling,223,55750,594741,38000,0.5096056514221491,0,0,0,0,1.0,0.0,True,False
1024,256,1.25,77,100000,cooling,224,56000,597408,38000,0.5075593243388804,0,0,0,0,1.0,0.0,True,False
1024,256,1.25,77,100000,cooling,225,56250,600075,38000,0.5055212143044613,0,0,0,0,1.0,0.0,True,False
1024,256,1.25,77,100000,cooling,226,56500,602742,38000,0.5034912883232419,0,0,0,0,1.0,0.0,True,False
1024,256,1.25,77,100000,cooling,227,56750,605409,38000,0.5014695135320667,0,0,0,0,1.0,0.0,True,False
1024,256,1.25,77,100000,cooling,228,57000,608076,38000,0.4994558571997429,0,0,0,0,1.0,0.0,True,False
1024,256,1.25,77,100000,cooling,229,57250,610743,38000,0.49745028672650965,0,0,0,0,1.0,0.0,True,False
1024,256,1.25,77,100000,cooling,230,57500,613410,38000,0.4954527696435115,0,0,0,0,1.0,0.0,True,False
1024,256,1.25,77,100000,cooling,231,57750,616077,38000,0.49346327361227116,0,0,0,0,1.0,0.0,True,False
1024,256,1.25,77,100000,cooling,232,58000,618744,38000,0.4914817664241675,0,0,0,0,1.0,0.0,True,False
1024,256,1.25,77,100000,cooling,233,58250,621411,38000,0.48950821599991334,0,0,0,0,1.0,0.0,True,False
1024,256,1.25,77,100000,cooling,234,58500,624078,38000,0.4875425903890362,0,0,0,0,1.0,0.0,True,False
1024,256,1.25,77,100000,cooling,235,58750,626745,38000,0.4855848577693608,0,0,0,0,1.0,0.0,True,False
1024,256,1.25,77,100000,cooling,236,59000,629412,38000,0.48363498644649455,0,0,0,0,1.0,0.0,True,False
1024,256,1.25,77,100000,cooling,237,59250,632079,38000,0.4816929448533139,0,0,0,0,1.0,0.0,True,False
1024,256,1.25,77,100000,cooling,238,59500,634746,38000,0.4797587015494534,0,0,0,0,1.0,0.0,True,False
1024,256,1.25,77,100000,cooling,239,59750,637413,38000,0.47783222522079666,0,0,0,0,1.0,0.0,True,False
1024,256,1.25,77,100000,cooling,240,60000,640080,38000,0.47591348467896966,0,0,0,0,1.0,0.0,True,False
1024,256,1.25,77,100000,cooling,241,60250,642747,38000,0.4740024488608354,0,0,0,0,1.0,0.0,True,False
1024,256,1.25,77,100000,cooling,242,60500,645414,38000,0.4720990868279915,0,0,0,0,1.0,0.0,True,False
1024,256,1.25,77,100000,cooling,243,60750,648081,38000,0.4702033677662689,0,0,0,0,1.0,0.0,True,False
1024,256,1.25,77,100000,cooling,244,61000,650748,38000,0.46831526098523335,0,0,0,0,1.0,0.0,True,False
1024,256,1.25,77,100000,cooling,245,61250,653415,38000,0.4664347359176879,0,0,0,0,1.0,0.0,True,False
1024,256,1.25,77,100000,cooling,246,61500,656082,38000,0.4645617621191793,0,0,0,0,1.0,0.0,True,False
1024,256,1.25,77,100000,cooling,247,61750,658749,38000,0.46269630926750355,0,0,0,0,1.0,0.0,True,False
1024,256,1.25,77,100000,cooling,248,62000,661416,38000,0.4608383471622164,0,0,0,0,1.0,0.0,True,False
1024,256,1.25,77,100000,cooling,249,62250,664083,38000,0.45898784572414336,0,0,0,0,1.0,0.0,True,False
1024,256,1.25,77,100000,cooling,250,62500,666750,38000,0.45714477499489364,0,0,0,0,1.0,0.0,True,False
1024,256,1.25,77,100000,cooling,251,62750,669417,38000,0.4553091051363742,0,0,0,0,1.0,0.0,True,False
1024,256,1.25,77,100000,cooling,252,63000,672084,38000,0.45348080643030747,0,0,0,0,1.0,0.0,True,False
1024,256,1.25,77,100000,cooling,253,63250,674751,38000,0.4516598492777501,0,0,0,0,1.0,0.0,True,False
1024,256,1.25,77,100000,cooling,254,63500,677418,38000,0.4498462041986132,0,0,0,0,1.0,0.0,True,False
1024,256,1.25,77,100000,cooling,255,63750,680085,38000,0.44803984183118595,0,0,0,0,1.0,0.0,True,False
1024,256,1.25,77,100000,cooling,256,64000,682752,38000,0.44624073293165945,0,0,0,0,1.0,0.0,True,False
1024,256,1.25,77,100000,cooling,257,64250,685419,38000,0.44444884837365395,0,0,0,0,1.0,0.0,True,False
1024,256,1.25,77,100000,cooling,258,64500,688086,38000,0.4426641591477466,0,0,0,0,1.0,0.0,True,False
1024,256,1.25,77,100000,cooling,259,64750,690753,38000,0.4408866363610026,0,0,0,0,1.0,0.0,True,False
1024,256,1.25,77,100000,cooling,260,65000,693420,38000,0.4391162512365068,0,0,0,0,1.0,0.0,True,False
1024,256,1.25,77,100000,cooling,261,65250,696087,38000,0.4373529751128983,0,0,0,0,1.0,0.0,True,False
1024,256,1.25,77,100000,cooling,262,65500,698754,38000,0.43559677944390585,0,0,0,0,1.0,0.0,True,False
1024,256,1.25,77,100000,cooling,263,65750,701421,38000,0.43384763579788643,0,0,0,0,1.0,0.0,True,False
1024,256,1.25,77,100000,cooling,264,66000,704088,38000,0.43210551585736423,0,0,0,0,1.0,0.0,True,False
1024,256,1.25,77,100000,cooling,265,66250,706755,38000,0.43037039141857303,0,0,0,0,1.0,0.0,True,False
1024,256,1.25,77,100000,cooling,266,66500,709422,38000,0.4286422343909987,0,0,0,0,1.0,0.0,True,False
1024,256,1.25,77,100000,cooling,267,66750,712089,38000,0.4269210167969252,0,0,0,0,1.0,0.0,True,False
1024,256,1.25,77,100000,cooling,268,67000,714756,38000,0.4252067107709811,0,0,0,0,1.0,0.0,True,False
1024,256,1.25,77,100000,cooling,269,67250,717423,38000,0.4234992885596889,0,0,0,0,1.0,0.0,True,False
1024,256,1.25,77,100000,cooling,270,67500,720090,38000,0.42179872252101513,0,0,0,0,1.0,0.0,True,False
1024,256,1.25,77,100000,cooling,271,67750,722757,38000,0.42010498512392364,0,0,0,0,1.0,0.0,True,False
1024,256,1.25,77,100000,cooling,272,68000,725424,38000,0.4184180489479291,0,0,0,0,1.0,0.0,True,False
1024,256,1.25,77,100000,cooling,273,68250,728091,38000,0.4167378866826537,0,0,0,0,1.0,0.0,True,False
1024,256,1.25,77,100000,cooling,274,68500,730758,38000,0.4150644711273846,0,0,0,0,1.0,0.0,True,False
1024,256,1.25,77,100000,cooling,275,68750,733425,38000,0.4133977751906338,0,0,0,0,1.0,0.0,True,False
1024,256,1.25,77,100000,cooling,276,69000,736092,38000,0.41173777188969946,0,0,0,0,1.0,0.0,True,False
1024,256,1.25,77,100000,cooling,277,69250,738759,38000,0.41008443435022884,0,0,0,0,1.0,0.0,True,False
1024,256,1.25,77,100000,cooling,278,69500,741426,38000,0.4084377358057839,0,0,0,0,1.0,0.0,True,False
1024,256,1.25,77,100000,cooling,279,69750,744093,38000,0.4067976495974071,0,0,0,0,1.0,0.0,True,False
1024,256,1.25,77,100000,cooling,280,70000,746760,38000,0.40516414917319066,0,0,0,0,1.0,0.0,True,False
1024,256,1.25,77,100000,cooling,281,70250,749427,38000,0.40353720808784577,0,0,0,0,1.0,0.0,True,False
1024,256,1.25,77,100000,cooling,282,70500,752094,38000,0.4019168000022755,0,0,0,0,1.0,0.0,True,False
1024,256,1.25,77,100000,cooling,283,70750,754761,38000,0.4003028986831474,0,0,0,0,1.0,0.0,True,False
1024,256,1.25,77,100000,cooling,284,71000,757428,38000,0.39869547800246957,0,0,0,0,1.0,0.0,True,False
1024,256,1.25,77,100000,cooling,285,71250,760095,38000,0.3970945119371671,0,0,0,0,1.0,0.0,True,False
1024,256,1.25,77,100000,cooling,286,71500,762762,38000,0.3954999745686613,0,0,0,0,1.0,0.0,True,False
1024,256,1.25,77,100000,cooling,287,71750,765429,38000,0.3939118400824495,0,0,0,0,1.0,0.0,True,False
1024,256,1.25,77,100000,cooling,288,72000,768096,38000,0.3923300827676878,0,0,0,0,1.0,0.0,True,False
1024,256,1.25,77,100000,cooling,289,72250,770763,38000,0.3907546770167741,0,0,0,0,1.0,0.0,True,False
1024,256,1.25,77,100000,cooling,290,72500,773430,38000,0.38918559732493424,0,0,0,0,1.0,0.0,True,False
1024,256,1.25,77,100000,cooling,291,72750,776097,38000,0.3876228182898085,0,0,0,0,1.0,0.0,True,False
1024,256,1.25,77,100000,cooling,292,73000,778764,38000,0.3860663146110409,0,0,0,0,1.0,0.0,True,False
1024,256,1.25,77,100000,cooling,293,73250,781431,38000,0.38451606108986897,0,0,0,0,1.0,0.0,True,False
1024,256,1.25,77,100000,cooling,294,73500,784098,38000,0.38297203262871643,0,0,0,0,1.0,0.0,True,False
1024,256,1.25,77,100000,cooling,295,73750,786765,38000,0.3814342042307864,0,0,0,0,1.0,0.0,True,False
1024,256,1.25,77,100000,cooling,296,74000,789432,38000,0.3799025509996571,0,0,0,0,1.0,0.0,True,False
1024,256,1.25,77,100000,cooling,297,74250,792099,38000,0.37837704813887846,0,0,0,0,1.0,0.0,True,False
1024,256,1.25,77,100000,cooling,298,74500,794766,38000,0.37685767095157086,0,0,0,0,1.0,0.0,True,False
1024,256,1.25,77,100000,cooling,299,74750,797433,38000,0.3753443948400253,0,0,0,0,1.0,0.0,True,False
1024,256,1.25,77,100000,cooling,300,75000,800100,38000,0.3738371953053052,0,0,0,0,1.0,0.0,True,False
1024,256,1.25,77,100000,cooling,301,75250,802767,38000,0.37233604794684955,0,0,0,0,1.0,0.0,True,False
1024,256,1.25,77,100000,cooling,302,75500,805434,38000,0.3708409284620781,0,0,0,0,1.0,0.0,True,False
1024,256,1.25,77,100000,cooling,303,75750,808101,38000,0.3693518126459982,0,0,0,0,1.0,0.0,True,False
1024,256,1.25,77,100000,cooling,304,76000,810768,38000,0.3678686763908121,0,0,0,0,1.0,0.0,True,False
1024,256,1.25,77,100000,cooling,305,76250,813435,38000,0.3663914956855277,0,0,0,0,1.0,0.0,True,False
1024,256,1.25,77,100000,cooling,306,76500,816102,38000,0.3649202466155688,0,0,0,0,1.0,0.0,True,False
1024,256,1.25,77,100000,cooling,307,76750,818769,38000,0.3634549053623889,0,0,0,0,1.0,0.0,True,False
1024,256,1.25,77,100000,cooling,308,77000,821436,38000,0.3619954482030847,0,0,0,0,1.0,0.0,True,False
1024,256,1.25,77,100000,cooling,309,77250,824103,38000,0.3605418515100129,0,0,0,0,1.0,0.0,True,False
1024,256,1.25,77,100000,cooling,310,77500,826770,38000,0.35909409175040696,0,0,0,0,1.0,0.0,True,False
1024,256,1.25,77,100000,cooling,311,77750,829437,38000,0.35765214548599655,0,0,0,0,1.0,0.0,True,False
1024,256,1.25,77,100000,cooling,312,78000,832104,38000,0.3562159893726279,0,0,0,0,1.0,0.0,True,False
1024,256,1.25,77,100000,cooling,313,78250,834771,38000,0.35478560015988597,0,0,0,0,1.0,0.0,True,False
1024,256,1.25,77,100000,cooling,314,78500,837438,38000,0.35336095469071804,0,0,0,0,1.0,0.0,True,False
1024,256,1.25,77,100000,cooling,315,78750,840105,38000,0.35194202990105894,0,0,0,0,1.0,0.0,True,False
1024,256,1.25,77,100000,cooling,316,79000,842772,38000,0.3505288028194572,0,0,0,0,1.0,0.0,True,False
1024,256,1.25,77,100000,cooling,317,79250,845439,38000,0.34912125056670357,0,0,0,0,1.0,0.0,True,False
1024,256,1.25,77,100000,cooling,318,79500,848106,38000,0.3477193503554607,0,0,0,0,1.0,0.0,True,False
1024,256,1.25,77,100000,cooling,319,79750,850773,38000,0.3463230794898939,0,0,0,0,1.0,0.0,True,False
1024,256,1.25,77,100000,cooling,320,80000,853440,38000,0.3449324153653037,0,0,0,0,1.0,0.0,True,False
1024,256,1.25,77,100000,cooling,321,80250,856107,38000,0.3435473354677604,0,0,0,0,1.0,0.0,True,False
1024,256,1.25,77,100000,cooling,322,80500,858774,38000,0.34216781737373886,0,0,0,0,1.0,0.0,True,False
1024,256,1.25,77,100000,cooling,323,80750,861441,38000,0.34079383874975616,0,0,0,0,1.0,0.0,True,False
1024,256,1.25,77,100000,cooling,324,81000,864108,38000,0.33942537735200956,0,0,0,0,1.0,0.0,True,False
1024,256,1.25,77,100000,cooling,325,81250,866775,38000,0.33806241102601664,0,0,0,0,1.0,0.0,True,False
1024,256,1.25,77,100000,cooling,326,81500,869442,38000,0.3367049177062564,0,0,0,0,1.0,0.0,True,False
1024,256,1.25,77,100000,cooling,327,81750,872109,38000,0.33535287541581227,0,0,0,0,1.0,0.0,True,False
1024,256,1.25,77,100000,cooling,328,82000,874776,38000,0.3340062622660164,0,0,0,0,1.0,0.0,True,False
1024,256,1.25,77,100000,cooling,329,82250,877443,38000,0.3326650564560947,0,0,0,0,1.0,0.0,True,False
1024,256,1.25,77,100000,cooling,330,82500,880110,38000,0.3313292362728148,0,0,0,0,1.0,0.0,True,False
1024,256,1.25,77,100000,cooling,331,82750,882777,38000,0.3299987800901338,0,0,0,0,1.0,0.0,True,False
1024,256,1.25,77,100000,cooling,332,83000,885444,38000,0.32867366636884837,0,0,0,0,1.0,0.0,True,False
1024,256,1.25,77,100000,cooling,333,83250,888111,38000,0.32735387365624635,0,0,0,0,1.0,0.0,True,False
1024,256,1.25,77,100000,cooling,334,83500,890778,38000,0.3260393805857589,0,0,0,0,1.0,0.0,True,False
1024,256,1.25,77,100000,cooling,335,83750,893445,38000,0.32473016587661485,0,0,0,0,1.0,0.0,True,False
1024,256,1.25,77,100000,cooling,336,84000,896112,38000,0.32342620833349656,0,0,0,0,1.0,0.0,True,False
1024,256,1.25,77,100000,cooling,337,84250,898779,38000,0.32212748684619597,0,0,0,0,1.0,0.0,True,False
1024,256,1.25,77,100000,cooling,338,84500,901446,38000,0.3208339803892737,0,0,0,0,1.0,0.0,True,False
1024,256,1.25,77,100000,cooling,339,84750,904113,38000,0.3195456680217179,0,0,0,0,1.0,0.0,True,False
1024,256,1.25,77,100000,cooling,340,85000,906780,38000,0.3182625288866059,0,0,0,0,1.0,0.0,True,False
1024,256,1.25,77,100000,cooling,341,85250,909447,38000,0.31698454221076594,0,0,0,0,1.0,0.0,True,False
1024,256,1.25,77,100000,cooling,342,85500,912114,38000,0.3157116873044414,0,0,0,0,1.0,0.0,True,False
1024,256,1.25,77,100000,cooling,343,85750,914781,38000,0.3144439435609554,0,0,0,0,1.0,0.0,True,False
1024,256,1.25,77,100000,cooling,344,86000,917448,38000,0.31318129045637755,0,0,0,0,1.0,0.0,True,False
1024,256,1.25,77,100000,cooling,345,86250,920115,38000,0.3119237075491915,0,0,0,0,1.0,0.0,True,False
1024,256,1.25,77,100000,cooling,346,86500,922782,38000,0.310671174479964,0,0,0,0,1.0,0.0,True,False
1024,256,1.25,77,100000,cooling,347,86750,925449,38000,0.30942367097101525,0,0,0,0,1.0,0.0,True,False
1024,256,1.25,77,100000,cooling,348,87000,928116,38000,0.30818117682609086,0,0,0,0,1.0,0.0,True,False
1024,256,1.25,77,100000,cooling,349,87250,930783,38000,0.3069436719300346,0,0,0,0,1.0,0.0,True,False
1024,256,1.25,77,100000,cooling,350,87500,933450,38000,0.30571113624846297,0,0,0,0,1.0,0.0,True,False
1024,256,1.25,77,100000,cooling,351,87750,936117,38000,0.3044835498274407,0,0,0,0,1.0,0.0,True,False
1024,256,1.25,77,100000,cooling,352,88000,938784,38000,0.3032608927931576,0,0,0,0,1.0,0.0,True,False
1024,256,1.25,77,100000,cooling,353,88250,941451,38000,0.30204314535160737,0,0,0,0,1.0,0.0,True,False
1024,256,1.25,77,100000,cooling,354,88500,944118,38000,0.30083028778826637,0,0,0,0,1.0,0.0,True,False
1024,256,1.25,77,100000,cooling,355,88750,946785,38000,0.29962230046777516,0,0,0,0,1.0,0.0,True,False
1024,256,1.25,77,100000,cooling,356,89000,949452,38000,0.29841916383362005,0,0,0,0,1.0,0.0,True,False
1024,256,1.25,77,100000,cooling,357,89250,952119,38000,0.29722085840781687,0,0,0,0,1.0,0.0,True,False
1024,256,1.25,77,100000,cooling,358,89500,954786,38000,0.2960273647905955,0,0,0,0,1.0,0.0,True,False
1024,256,1.25,77,100000,cooling,359,89750,957453,38000,0.29483866366008576,0,0,0,0,1.0,0.0,True,False
1024,256,1.25,77,100000,cooling,360,90000,960120,38000,0.29365473577200474,0,0,0,0,1.0,0.0,True,False
1024,256,1.25,77,100000,cooling,361,90250,962787,38000,0.2924755619593451,0,0,0,0,1.0,0.0,True,False
1024,256,1.25,77,100000,cooling,362,90500,965454,38000,0.29130112313206485,0,0,0,0,1.0,0.0,True,False
1024,256,1.25,77,100000,cooling,363,90750,968121,38000,0.2901314002767782,0,0,0,0,1.0,0.0,True,False
1024,256,1.25,77,100000,cooling,364,91000,970788,38000,0.2889663744564479,0,0,0,0,1.0,0.0,True,False
1024,256,1.25,77,100000,cooling,365,91250,973455,38000,0.2878060268100786,0,0,0,0,1.0,0.0,True,False
1024,256,1.25,77,100000,cooling,366,91500,976122,38000,0.28665033855241145,0,0,0,0,1.0,0.0,True,False
1024,256,1.25,77,100000,cooling,367,91750,978789,38000,0.2854992909736199,0,0,0,0,1.0,0.0,True,False
1024,256,1.25,77,100000,cooling,368,92000,981456,38000,0.2843528654390072,0,0,0,0,1.0,0.0,True,False
1024,256,1.25,77,100000,cooling,369,92250,984123,38000,0.2832110433887041,0,0,0,0,1.0,0.0,True,False
1024,256,1.25,77,100000,cooling,370,92500,986790,38000,0.2820738063373689,0,0,0,0,1.0,0.0,True,False
1024,256,1.25,77,100000,cooling,371,92750,989457,38000,0.2809411358738879,0,0,0,0,1.0,0.0,True,False
1024,256,1.25,77,100000,cooling,372,93000,992124,38000,0.2798130136610776,0,0,0,0,1.0,0.0,True,False
1024,256,1.25,77,100000,cooling,373,93250,994791,38000,0.2786894214353875,0,0,0,0,1.0,0.0,True,False
1024,256,1.25,77,100000,cooling,374,93500,997458,38000,0.2775703410066045,0,0,0,0,1.0,0.0,True,False
1024,256,1.25,77,100000,cooling,375,93750,1000125,38000,0.2764557542575588,0,0,0,0,1.0,0.0,True,False
1024,256,1.25,77,100000,cooling,376,94000,1002792,38000,0.2753456431438301,0,0,0,0,1.0,0.0,True,False
1024,256,1.25,77,100000,cooling,377,94250,1005459,38000,0.27423998969345553,0,0,0,0,1.0,0.0,True,False
1024,256,1.25,77,100000,cooling,378,94500,1008126,38000,0.2731387760066392,0,0,0,0,1.0,0.0,True,False
1024,256,1.25,77,100000,cooling,379,94750,1010793,38000,0.2720419842554617,0,0,0,0,1.0,0.0,True,False
1024,256,1.25,77,100000,cooling,380,95000,1013460,38000,0.2709495966835921,0,0,0,0,1.0,0.0,True,False
1024,256,1.25,77,100000,cooling,381,95250,1016127,38000,0.26986159560599987,0,0,0,0,1.0,0.0,True,False
1024,256,1.25,77,100000,cooling,382,95500,1018794,38000,0.26877796340866933,0,0,0,0,1.0,0.0,True,False
1024,256,1.25,77,100000,cooling,383,95750,1021461,38000,0.26769868254831375,0,0,0,0,1.0,0.0,True,False
1024,256,1.25,77,100000,cooling,384,96000,1024128,38000,0.26662373555209185,0,0,0,0,1.0,0.0,True,False
1024,256,1.25,77,100000,cooling,385,96250,1026795,38000,0.2655531050173246,0,0,0,0,1.0,0.0,True,False
1024,256,1.25,77,100000,cooling,386,96500,1029462,38000,0.2644867736112137,0,0,0,0,1.0,0.0,True,False
1024,256,1.25,77,100000,cooling,387,96750,1032129,38000,0.26342472407056083,0,0,0,0,1.0,0.0,True,False
1024,256,1.25,77,100000,cooling,388,97000,1034796,38000,0.2623669392014884,0,0,0,0,1.0,0.0,True,False
1024,256,1.25,77,100000,cooling,389,97250,1037463,38000,0.2613134018791608,0,0,0,0,1.0,0.0,True,False
1024,256,1.25,77,100000,cooling,390,97500,1040130,38000,0.2602640950475075,0,0,0,0,1.0,0.0,True,False
1024,256,1.25,77,100000,cooling,391,97750,1042797,38000,0.25921900171894674,0,0,0,0,1.0,0.0,True,False
1024,256,1.25,77,100000,cooling,392,98000,1045464,38000,0.25817810497411076,0,0,0,0,1.0,0.0,True,False
1024,256,1.25,77,100000,cooling,393,98250,1048131,38000,0.2571413879615715,0,0,0,0,1.0,0.0,True,False
1024,256,1.25,77,100000,cooling,394,98500,1050798,38000,0.25610883389756806,0,0,0,0,1.0,0.0,True,False
1024,256,1.25,77,100000,cooling,395,98750,1053465,38000,0.25508042606573494,0,0,0,0,1.0,0.0,True,False
1024,256,1.25,77,100000,cooling,396,99000,1056132,38000,0.2540561478168314,0,0,0,0,1.0,0.0,True,False
1024,256,1.25,77,100000,cooling,397,99250,1058799,38000,0.2530359825684719,0,0,0,0,1.0,0.0,True,False
1024,256,1.25,77,100000,cooling,398,99500,1061466,38000,0.2520199138048576,0,0,0,0,1.0,0.0,True,False
1024,256,1.25,77,100000,cooling,399,99750,1064133,38000,0.2510079250765091,0,0,0,0,1.0,0.0,True,False
1024,256,1.25,77,100000,cooling,400,100000,1066800,38000,0.25,0,0,0,0,1.0,0.0,True,False
1024,256,1.25,77,100000,hold,401,100250,1069467,38000,0.25,0,0,0,0,1.0,0.0,True,False
1024,256,1.25,77,100000,hold,402,100500,1072134,38000,0.25,0,0,0,0,1.0,0.0,True,False
1024,256,1.25,77,100000,hold,403,100750,1074801,38000,0.25,0,0,0,0,1.0,0.0,True,False
1024,256,1.25,77,100000,hold,404,101000,1077468,38000,0.25,0,0,0,0,1.0,0.0,True,False
1024,256,1.25,77,100000,hold,405,101250,1080135,38000,0.25,0,0,0,0,1.0,0.0,True,False
1024,256,1.25,77,100000,hold,406,101500,1082802,38000,0.25,0,0,0,0,1.0,0.0,True,False
1024,256,1.25,77,100000,hold,407,101750,1085469,38000,0.25,0,0,0,0,1.0,0.0,True,False
1024,256,1.25,77,100000,hold,408,102000,1088136,38000,0.25,0,0,0,0,1.0,0.0,True,False
1024,256,1.25,77,100000,hold,409,102250,1090803,38000,0.25,0,0,0,0,1.0,0.0,True,False
1024,256,1.25,77,100000,hold,410,102500,1093470,38000,0.25,0,0,0,0,1.0,0.0,True,False
1024,256,1.25,77,100000,hold,411,102750,1096137,38000,0.25,0,0,0,0,1.0,0.0,True,False
1024,256,1.25,77,100000,hold,412,103000,1098804,38000,0.25,0,0,0,0,1.0,0.0,True,False
1024,256,1.25,77,100000,hold,413,103250,1101471,38000,0.25,0,0,0,0,1.0,0.0,True,False
1024,256,1.25,77,100000,hold,414,103500,1104138,38000,0.25,0,0,0,0,1.0,0.0,True,False
1024,256,1.25,77,100000,hold,415,103750,1106805,38000,0.25,0,0,0,0,1.0,0.0,True,False
1024,256,1.25,77,100000,hold,416,104000,1109472,38000,0.25,0,0,0,0,1.0,0.0,True,False
1024,256,1.25,77,100000,hold,417,104250,1112139,38000,0.25,0,0,0,0,1.0,0.0,True,False
1024,256,1.25,77,100000,hold,418,104500,1114806,38000,0.25,0,0,0,0,1.0,0.0,True,False
1024,256,1.25,77,100000,hold,419,104750,1117473,38000,0.25,0,0,0,0,1.0,0.0,True,False
1024,256,1.25,77,100000,hold,420,105000,1120140,38000,0.25,0,0,0,0,1.0,0.0,True,True
1024,256,1.25,78,,opening,0,0,0,38900,1.25,1,8,22,8,0.97265625,101.0,True,False
1024,256,1.25,78,100000,cooling,1,250,2667,38900,1.244980611288459,3,3,20,4,0.9765625,86.0,True,False
1024,256,1.25,78,100000,cooling,2,500,5334,38900,1.239981377987348,3,5,20,4,0.9765625,81.0,True,False
1024,256,1.25,78,100000,cooling,3,750,8001,38900,1.2350022191623955,3,5,20,4,0.9765625,81.0,True,False
1024,256,1.25,78,100000,cooling,4,1000,10668,38900,1.230043054204322,3,5,20,4,0.9765625,81.0,True,False
1024,256,1.25,78,100000,cooling,5,1250,13335,38900,1.225103802827536,3,5,20,4,0.9765625,81.0,True,False
1024,256,1.25,78,100000,cooling,6,1500,16002,38900,1.2201843850688332,3,5,20,4,0.9765625,81.0,True,False
1024,256,1.25,78,100000,cooling,7,1750,18669,38900,1.2152847212861027,3,5,20,4,0.9765625,81.0,True,False
1024,256,1.25,78,100000,cooling,8,2000,21336,38900,1.2104047321570373,3,5,20,4,0.9765625,81.0,True,False
1024,256,1.25,78,100000,cooling,9,2250,24003,38900,1.2055443386778495,3,5,20,4,0.9765625,81.0,True,False
1024,256,1.25,78,100000,cooling,10,2500,26670,38900,1.200703462161992,3,5,20,4,0.9765625,81.0,True,False
1024,256,1.25,78,100000,cooling,11,2750,29337,38900,1.1958820242388848,3,5,20,4,0.9765625,81.0,True,False
1024,256,1.25,78,100000,cooling,12,3000,32004,38900,1.1910799468526452,3,5,20,4,0.9765625,81.0,True,False
1024,256,1.25,78,100000,cooling,13,3250,34671,38900,1.1862971522608252,3,5,20,4,0.9765625,81.0,True,False
1024,256,1.25,78,100000,cooling,14,3500,37338,38900,1.1815335630331523,3,5,20,4,0.9765625,81.0,True,False
1024,256,1.25,78,100000,cooling,15,3750,40005,38900,1.1767891020502759,3,5,20,4,0.9765625,81.0,True,False
1024,256,1.25,78,100000,cooling,16,4000,42672,38900,1.1720636925025194,3,5,20,4,0.9765625,81.0,True,False
1024,256,1.25,78,100000,cooling,17,4250,45339,38900,1.167357257888636,3,5,20,4,0.9765625,81.0,True,False
1024,256,1.25,78,100000,cooling,18,4500,48006,38900,1.1626697220145708,3,5,20,4,0.9765625,81.0,True,False
1024,256,1.25,78,100000,cooling,19,4750,50673,38900,1.1580010089922264,3,5,20,4,0.9765625,81.0,True,False
1024,256,1.25,78,100000,cooling,20,5000,53340,38900,1.1533510432382355,3,5,20,4,0.9765625,81.0,True,False
1024,256,1.25,78,100000,cooling,21,5250,56007,38900,1.1487197494727361,3,5,20,4,0.9765625,81.0,True,False
1024,256,1.25,78,100000,cooling,22,5500,58674,38900,1.144107052718154,3,5,20,4,0.9765625,81.0,True,False
1024,256,1.25,78,100000,cooling,23,5750,61341,38900,1.1395128782979878,3,5,20,4,0.9765625,81.0,True,False
1024,256,1.25,78,100000,cooling,24,6000,64008,38900,1.1349371518356002,3,5,20,4,0.9765625,81.0,True,False
1024,256,1.25,78,100000,cooling,25,6250,66675,38900,1.1303797992530145,3,5,20,4,0.9765625,81.0,True,False
1024,256,1.25,78,100000,cooling,26,6500,69342,38900,1.1258407467697147,3,5,20,4,0.9765625,81.0,True,False
1024,256,1.25,78,100000,cooling,27,6750,72009,38900,1.1213199209014517,3,5,20,4,0.9765625,81.0,True,False
1024,256,1.25,78,100000,cooling,28,7000,74676,38900,1.1168172484590526,3,5,20,4,0.9765625,81.0,True,False
1024,256,1.25,78,100000,cooling,29,7250,77343,38900,1.1123326565472371,3,5,20,4,0.9765625,81.0,True,False
1024,256,1.25,78,100000,cooling,30,7500,80010,38900,1.1078660725634357,3,5,20,4,0.9765625,81.0,True,False
1024,256,1.25,78,100000,cooling,31,7750,82677,38900,1.1034174241966164,3,5,20,4,0.9765625,81.0,True,False
1024,256,1.25,78,100000,cooling,32,8000,85344,38900,1.098986639426112,3,5,20,4,0.9765625,81.0,True,False
1024,256,1.25,78,100000,cooling,33,8250,88011,38900,1.0945736465204563,3,5,20,4,0.9765625,81.0,True,False
1024,256,1.25,78,100000,cooling,34,8500,90678,38900,1.0901783740362203,3,5,20,4,0.9765625,81.0,True,False
1024,256,1.25,78,100000,cooling,35,8750,93345,38900,1.0858007508168575,3,5,20,4,0.9765625,81.0,True,False
1024,256,1.25,78,100000,cooling,36,9000,96012,38900,1.0814407059915512,3,5,20,4,0.9765625,81.0,True,False
1024,256,1.25,78,100000,cooling,37,9250,98679,38900,1.0770981689740673,3,5,20,4,0.9765625,81.0,True,False
1024,256,1.25,78,100000,cooling,38,9500,101346,38900,1.0727730694616113,3,5,20,4,0.9765625,81.0,True,False
1024,256,1.25,78,100000,cooling,39,9750,104013,38900,1.0684653374336908,3,5,20,4,0.9765625,81.0,True,False
1024,256,1.25,78,100000,cooling,40,10000,106680,38900,1.0641749031509808,3,3,24,8,0.97265625,80.0,True,False
1024,256,1.25,78,100000,cooling,41,10250,109347,38900,1.0599016971541957,4,0,16,4,0.984375,56.0,True,False
1024,256,1.25,78,100000,cooling,42,10500,112014,38900,1.0556456502629645,4,0,16,4,0.984375,56.0,True,False
1024,256,1.25,78,100000,cooling,43,10750,114681,38900,1.0514066935747108,4,0,16,4,0.984375,56.0,True,False
1024,256,1.25,78,100000,cooling,44,11000,117348,38900,1.0471847584635368,4,0,16,4,0.984375,56.0,True,False
1024,256,1.25,78,100000,cooling,45,11250,120015,38900,1.0429797765791131,4,0,16,4,0.984375,56.0,True,False
1024,256,1.25,78,100000,cooling,46,11500,122682,38900,1.0387916798455716,4,0,16,4,0.984375,56.0,True,False
1024,256,1.25,78,100000,cooling,47,11750,125349,38900,1.034620400460404,4,0,16,4,0.984375,56.0,True,False
1024,256,1.25,78,100000,cooling,48,12000,128016,38900,1.0304658708933632,4,0,16,4,0.984375,56.0,True,False
1024,256,1.25,78,100000,cooling,49,12250,130683,38900,1.026328023885371,4,0,16,4,0.984375,56.0,True,False
1024,256,1.25,78,100000,cooling,50,12500,133350,38900,1.0222067924474283,4,0,16,4,0.984375,56.0,True,False
1024,256,1.25,78,100000,cooling,51,12750,136017,38900,1.0181021098595313,4,0,16,4,0.984375,56.0,True,False
1024,256,1.25,78,100000,cooling,52,13000,138684,38900,1.0140139096695913,4,0,16,4,0.984375,56.0,True,False
1024,256,1.25,78,100000,cooling,53,13250,141351,38900,1.0099421256923584,4,0,16,4,0.984375,56.0,True,False
1024,256,1.25,78,100000,cooling,54,13500,144018,38900,1.0058866920083505,4,0,16,4,0.984375,56.0,True,False
1024,256,1.25,78,100000,cooling,55,13750,146685,38900,1.0018475429627856,4,0,16,4,0.984375,56.0,True,False
1024,256,1.25,78,100000,cooling,56,14000,149352,38900,0.9978246131645195,4,0,16,4,0.984375,56.0,True,False
1024,256,1.25,78,100000,cooling,57,14250,152019,38900,0.993817837484987,4,0,16,4,0.984375,56.0,True,False
1024,256,1.25,78,100000,cooling,58,14500,154686,38900,0.9898271510571468,4,0,16,4,0.984375,56.0,True,False
1024,256,1.25,78,100000,cooling,59,14750,157353,38900,0.9858524892744324,4,0,16,4,0.984375,56.0,True,False
1024,256,1.25,78,100000,cooling,60,15000,160020,38900,0.9818937877897055,4,0,16,4,0.984375,56.0,True,False
1024,256,1.25,78,100000,cooling,61,15250,162687,38900,0.9779509825142143,4,0,16,4,0.984375,56.0,True,False
1024,256,1.25,78,100000,cooling,62,15500,165354,38900,0.9740240096165564,4,0,16,4,0.984375,56.0,True,False
1024,256,1.25,78,100000,cooling,63,15750,168021,38900,0.9701128055216451,4,0,16,4,0.984375,56.0,True,False
1024,256,1.25,78,100000,cooling,64,16000,170688,38900,0.9662173069096798,4,0,16,4,0.984375,56.0,True,False
1024,256,1.25,78,100000,cooling,65,16250,173355,38900,0.9623374507151214,4,0,16,4,0.984375,56.0,True,False
1024,256,1.25,78,100000,cooling,66,16500,176022,38900,0.9584731741256712,4,0,16,4,0.984375,56.0,True,False
1024,256,1.25,78,100000,cooling,67,16750,178689,38900,0.9546244145812542,4,0,16,4,0.984375,56.0,True,False
1024,256,1.25,78,100000,cooling,68,17000,181356,38900,0.9507911097730058,4,0,16,4,0.984375,56.0,True,False
1024,256,1.25,78,100000,cooling,69,17250,184023,38900,0.9469731976422633,4,0,16,4,0.984375,56.0,True,False
1024,256,1.25,78,100000,cooling,70,17500,186690,38900,0.9431706163795612,4,0,16,4,0.984375,56.0,True,False
1024,256,1.25,78,100000,cooling,71,17750,189357,38900,0.939383304423631,4,0,16,4,0.984375,56.0,True,False
1024,256,1.25,78,100000,cooling,72,18000,192024,38900,0.9356112004604039,4,0,16,4,0.984375,56.0,True,False
1024,256,1.25,78,100000,cooling,73,18250,194691,38900,0.9318542434220181,4,0,16,4,0.984375,56.0,True,False
1024,256,1.25,78,100000,cooling,74,18500,197358,38900,0.9281123724858308,4,0,16,4,0.984375,56.0,True,False
1024,256,1.25,78,100000,cooling,75,18750,200025,38900,0.9243855270734334,4,0,16,4,0.984375,56.0,True,False
1024,256,1.25,78,100000,cooling,76,19000,202692,38900,0.9206736468496699,4,0,16,4,0.984375,56.0,True,False
1024,256,1.25,78,100000,cooling,77,19250,205359,38900,0.9169766717216614,4,0,16,4,0.984375,56.0,True,False
1024,256,1.25,78,100000,cooling,78,19500,208026,38900,0.9132945418378325,4,0,16,4,0.984375,56.0,True,False
1024,256,1.25,78,100000,cooling,79,19750,210693,38900,0.9096271975869423,4,0,16,4,0.984375,56.0,True,False
1024,256,1.25,78,100000,cooling,80,20000,213360,38900,0.9059745795971195,4,0,16,4,0.984375,56.0,True,False
1024,256,1.25,78,100000,cooling,81,20250,216027,38900,0.9023366287349011,4,0,16,4,0.984375,56.0,True,False
1024,256,1.25,78,100000,cooling,82,20500,218694,38900,0.8987132861042756,4,0,16,4,0.984375,56.0,True,False
1024,256,1.25,78,100000,cooling,83,20750,221361,38900,0.8951044930457286,4,0,16,4,0.984375,56.0,True,False
1024,256,1.25,78,100000,cooling,84,21000,224028,38900,0.891510191135294,4,0,16,4,0.984375,56.0,True,False
1024,256,1.25,78,100000,cooling,85,21250,226695,38900,0.8879303221836075,4,0,16,4,0.984375,56.0,True,False
1024,256,1.25,78,100000,cooling,86,21500,229362,38900,0.8843648282349647,4,0,16,4,0.984375,56.0,True,False
1024,256,1.25,78,100000,cooling,87,21750,232029,38900,0.8808136515663835,4,0,16,4,0.984375,56.0,True,False
1024,256,1.25,78,100000,cooling,88,22000,234696,38900,0.8772767346866686,4,0,16,4,0.984375,56.0,True,False
1024,256,1.25,78,100000,cooling,89,22250,237363,38900,0.8737540203354816,4,0,16,4,0.984375,56.0,True,False
1024,256,1.25,78,100000,cooling,90,22500,240030,38900,0.8702454514824132,4,0,16,4,0.984375,56.0,True,False
1024,256,1.25,78,100000,cooling,91,22750,242697,38900,0.8667509713260606,4,0,16,4,0.984375,56.0,True,False
1024,256,1.25,78,100000,cooling,92,23000,245364,38900,0.8632705232931076,4,0,16,4,0.984375,56.0,True,False
1024,256,1.25,78,100000,cooling,93,23250,248031,38900,0.8598040510374089,4,0,16,4,0.984375,56.0,True,False
1024,256,1.25,78,100000,cooling,94,23500,250698,38900,0.8563514984390774,4,0,16,4,0.984375,56.0,True,False
1024,256,1.25,78,100000,cooling,95,23750,253365,38900,0.8529128096035763,4,0,16,4,0.984375,56.0,True,False
1024,256,1.25,78,100000,cooling,96,24000,256032,38900,0.8494879288608139,4,0,16,4,0.984375,56.0,True,False
1024,256,1.25,78,100000,cooling,97,24250,258699,38900,0.8460768007642425,4,0,16,4,0.984375,56.0,True,False
1024,256,1.25,78,100000,cooling,98,24500,261366,38900,0.8426793700899603,4,0,16,4,0.984375,56.0,True,False
1024,256,1.25,78,100000,cooling,99,24750,264033,38900,0.8392955818358179,4,0,16,4,0.984375,56.0,True,False
1024,256,1.25,78,100000,cooling,100,25000,266700,38900,0.8359253812205275,4,0,16,4,0.984375,56.0,True,False
1024,256,1.25,78,100000,cooling,101,25250,269367,38900,0.8325687136827764,4,0,16,4,0.984375,56.0,True,False
1024,256,1.25,78,100000,cooling,102,25500,272034,38900,0.8292255248803432,4,0,16,4,0.984375,56.0,True,False
1024,256,1.25,78,100000,cooling,103,25750,274701,38900,0.8258957606892183,4,0,16,4,0.984375,56.0,True,False
1024,256,1.25,78,100000,cooling,104,26000,277368,38900,0.822579367202728,4,0,16,4,0.984375,56.0,True,False
1024,256,1.25,78,100000,cooling,105,26250,280035,38900,0.8192762907306608,4,0,16,4,0.984375,56.0,True,False
1024,256,1.25,78,100000,cooling,106,26500,282702,38900,0.8159864777983994,4,0,16,4,0.984375,56.0,True,False
1024,256,1.25,78,100000,cooling,107,26750,285369,38900,0.8127098751460543,4,0,16,4,0.984375,56.0,True,False
1024,256,1.25,78,100000,cooling,108,27000,288036,38900,0.8094464297276015,4,0,16,4,0.984375,56.0,True,False
1024,256,1.25,78,100000,cooling,109,27250,290703,38900,0.806196088710024,3,0,12,4,0.98828125,42.0,True,False
1024,256,1.25,78,100000,cooling,110,27500,293370,38900,0.8029587994724563,3,0,12,4,0.98828125,42.0,True,False
1024,256,1.25,78,100000,cooling,111,27750,296037,38900,0.7997345096053327,3,0,12,4,0.98828125,42.0,True,False
1024,256,1.25,78,100000,cooling,112,28000,298704,38900,0.7965231669095385,3,0,12,4,0.98828125,42.0,True,False
1024,256,1.25,78,100000,cooling,113,28250,301371,38900,0.7933247193955651,3,0,12,4,0.98828125,42.0,True,False
1024,256,1.25,78,100000,cooling,114,28500,304038,38900,0.7901391152826688,3,0,12,4,0.98828125,42.0,True,False
1024,256,1.25,78,100000,cooling,115,28750,306705,38900,0.7869663029980313,3,0,12,4,0.98828125,42.0,True,False
1024,256,1.25,78,100000,cooling,116,29000,309372,38900,0.7838062311759262,3,0,12,4,0.98828125,42.0,True,False
1024,256,1.25,78,100000,cooling,117,29250,312039,38900,0.7806588486568862,3,0,12,4,0.98828125,42.0,True,False
1024,256,1.25,78,100000,cooling,118,29500,314706,38900,0.7775241044868758,3,0,12,4,0.98828125,42.0,True,False
1024,256,1.25,78,100000,cooling,119,29750,317373,38900,0.7744019479164659,3,0,12,4,0.98828125,42.0,True,False
1024,256,1.25,78,100000,cooling,120,30000,320040,38900,0.7712923284000122,3,0,12,4,0.98828125,42.0,True,False
1024,256,1.25,78,100000,cooling,121,30250,322707,38900,0.7681951955948367,3,0,12,4,0.98828125,42.0,True,False
1024,256,1.25,78,100000,cooling,122,30500,325374,38900,0.7651104993604136,3,0,12,4,0.98828125,42.0,True,False
1024,256,1.25,78,100000,cooling,123,30750,328041,38900,0.7620381897575568,3,0,12,4,0.98828125,42.0,True,False
1024,256,1.25,78,100000,cooling,124,31000,330708,38900,0.758978217047611,3,0,12,4,0.98828125,42.0,True,False
1024,256,1.25,78,100000,cooling,125,31250,333375,38900,0.7559305316916476,3,0,12,4,0.98828125,42.0,True,False
1024,256,1.25,78,100000,cooling,126,31500,336042,38900,0.7528950843496618,3,0,12,4,0.98828125,42.0,True,False
1024,256,1.25,78,100000,cooling,127,31750,338709,38900,0.7498718258797743,3,0,12,4,0.98828125,42.0,True,False
1024,256,1.25,78,100000,cooling,128,32000,341376,38900,0.7468607073374355,3,0,12,4,0.98828125,42.0,True,False
1024,256,1.25,78,100000,cooling,129,32250,344043,38900,0.7438616799746329,3,0,12,4,0.98828125,42.0,True,False
1024,256,1.25,78,100000,cooling,130,32500,346710,38900,0.740874695239103,3,0,12,4,0.98828125,42.0,True,False
1024,256,1.25,78,100000,cooling,131,32750,349377,38900,0.7378997047735432,3,0,12,4,0.98828125,42.0,True,False
1024,256,1.25,78,100000,cooling,132,33000,352044,38900,0.7349366604148315,3,0,12,4,0.98828125,42.0,True,False
1024,256,1.25,78,100000,cooling,133,33250,354711,38900,0.7319855141932443,3,0,12,4,0.98828125,42.0,True,False
1024,256,1.25,78,100000,cooling,134,33500,357378,38900,0.7290462183316819,3,0,12,4,0.98828125,42.0,True,False
1024,256,1.25,78,100000,cooling,135,33750,360045,38900,0.7261187252448933,3,0,12,4,0.98828125,42.0,True,False
1024,256,1.25,78,100000,cooling,136,34000,362712,38900,0.723202987538707,3,0,12,4,0.98828125,42.0,True,False
1024,256,1.25,78,100000,cooling,137,34250,365379,38900,0.7202989580092635,3,0,12,4,0.98828125,42.0,True,False
1024,256,1.25,78,100000,cooling,138,34500,368046,38900,0.7174065896422505,3,0,12,4,0.98828125,42.0,True,False
1024,256,1.25,78,100000,cooling,139,34750,370713,38900,0.714525835612142,3,0,12,4,0.98828125,42.0,True,False
1024,256,1.25,78,100000,cooling,140,35000,373380,38900,0.7116566492814413,3,0,12,4,0.98828125,42.0,True,False
1024,256,1.25,78,100000,cooling,141,35250,376047,38900,0.7087989841999242,3,0,12,4,0.98828125,42.0,True,False
1024,256,1.25,78,100000,cooling,142,35500,378714,38900,0.7059527941038883,3,0,12,4,0.98828125,42.0,True,False
1024,256,1.25,78,100000,cooling,143,35750,381381,38900,0.7031180329154036,3,0,12,4,0.98828125,42.0,True,False
1024,256,1.25,78,100000,cooling,144,36000,384048,38900,0.7002946547415665,3,0,12,4,0.98828125,42.0,True,False
1024,256,1.25,78,100000,cooling,145,36250,386715,38900,0.6974826138737565,3,0,12,4,0.98828125,42.0,True,False
1024,256,1.25,78,100000,cooling,146,36500,389382,38900,0.6946818647868973,3,0,12,4,0.98828125,42.0,True,False
1024,256,1.25,78,100000,cooling,147,36750,392049,38900,0.6918923621387185,3,0,12,4,0.98828125,42.0,True,False
1024,256,1.25,78,100000,cooling,148,37000,394716,38900,0.689114060769022,3,0,12,4,0.98828125,42.0,True,False
1024,256,1.25,78,100000,cooling,149,37250,397383,38900,0.6863469156989515,3,0,12,4,0.98828125,42.0,True,False
1024,256,1.25,78,100000,cooling,150,37500,400050,38900,0.6835908821302632,3,0,12,4,0.98828125,42.0,True,False
1024,256,1.25,78,100000,cooling,151,37750,402717,38900,0.6808459154446016,3,0,12,4,0.98828125,42.0,True,False
1024,256,1.25,78,100000,cooling,152,38000,405384,38900,0.6781119712027766,3,0,12,4,0.98828125,42.0,True,False
1024,256,1.25,78,100000,cooling,153,38250,408051,38900,0.6753890051440437,3,0,12,4,0.98828125,42.0,True,False
1024,256,1.25,78,100000,cooling,154,38500,410718,38900,0.6726769731853885,3,0,12,4,0.98828125,42.0,True,False
1024,256,1.25,78,100000,cooling,155,38750,413385,38900,0.6699758314208122,3,0,12,4,0.98828125,42.0,True,False
1024,256,1.25,78,100000,cooling,156,39000,416052,38900,0.6672855361206211,3,0,12,4,0.98828125,42.0,True,False
1024,256,1.25,78,100000,cooling,157,39250,418719,38900,0.6646060437307184,3,0,12,4,0.98828125,42.0,True,False
1024,256,1.25,78,100000,cooling,158,39500,421386,38900,0.6619373108718993,3,0,12,4,0.98828125,42.0,True,False
1024,256,1.25,78,100000,cooling,159,39750,424053,38900,0.6592792943391488,3,0,12,4,0.98828125,42.0,True,False
1024,256,1.25,78,100000,cooling,160,40000,426720,38900,0.6566319511009417,3,0,12,4,0.98828125,42.0,True,False
1024,256,1.25,78,100000,cooling,161,40250,429387,38900,0.6539952382985472,3,0,12,4,0.98828125,42.0,True,False
1024,256,1.25,78,100000,cooling,162,40500,432054,38900,0.6513691132453334,3,0,12,4,0.98828125,42.0,True,False
1024,256,1.25,78,100000,cooling,163,40750,434721,38900,0.6487535334260774,3,0,12,4,0.98828125,42.0,True,False
1024,256,1.25,78,100000,cooling,164,41000,437388,38900,0.6461484564962765,3,0,12,4,0.98828125,42.0,True,False
1024,256,1.25,78,100000,cooling,165,41250,440055,38900,0.6435538402814628,3,0,12,4,0.98828125,42.0,True,False
1024,256,1.25,78,100000,cooling,166,41500,442722,38900,0.6409696427765208,3,0,12,4,0.98828125,42.0,True,False
1024,256,1.25,78,100000,cooling,167,41750,445389,38900,0.6383958221450063,3,0,12,4,0.98828125,42.0,True,False
1024,256,1.25,78,100000,cooling,168,42000,448056,38900,0.6358323367184706,3,0,12,4,0.98828125,42.0,True,False
1024,256,1.25,78,100000,cooling,169,42250,450723,38900,0.6332791449957847,3,0,12,4,0.98828125,42.0,True,False
1024,256,1.25,78,100000,cooling,170,42500,453390,38900,0.6307362056424677,3,0,12,4,0.98828125,42.0,True,False
1024,256,1.25,78,100000,cooling,171,42750,456057,38900,0.6282034774900181,3,0,12,4,0.98828125,42.0,True,False
1024,256,1.25,78,100000,cooling,172,43000,458724,38900,0.6256809195352468,3,0,12,4,0.98828125,42.0,True,False
1024,256,1.25,78,100000,cooling,173,43250,461391,38900,0.6231684909396134,3,0,12,4,0.98828125,42.0,True,False
1024,256,1.25,78,100000,cooling,174,43500,464058,38900,0.620666151028565,3,0,12,4,0.98828125,42.0,True,False
1024,256,1.25,78,100000,cooling,175,43750,466725,38900,0.6181738592908783,3,0,12,4,0.98828125,42.0,True,False
1024,256,1.25,78,100000,cooling,176,44000,469392,38900,0.6156915753780029,3,0,12,4,0.98828125,42.0,True,False
1024,256,1.25,78,100000,cooling,177,44250,472059,38900,0.6132192591034082,3,0,12,4,0.98828125,42.0,True,False
1024,256,1.25,78,100000,cooling,178,44500,474726,38900,0.6107568704419337,3,0,12,4,0.98828125,42.0,True,False
1024,256,1.25,78,100000,cooling,179,44750,477393,38900,0.6083043695291399,3,0,12,4,0.98828125,42.0,True,False
1024,256,1.25,78,100000,cooling,180,45000,480060,38900,0.6058617166606634,3,0,12,4,0.98828125,42.0,True,False
1024,256,1.25,78,100000,cooling,181,45250,482727,38900,0.6034288722915743,3,0,12,4,0.98828125,42.0,True,False
1024,256,1.25,78,100000,cooling,182,45500,485394,38900,0.6010057970357356,3,0,12,4,0.98828125,42.0,True,False
1024,256,1.25,78,100000,cooling,183,45750,488061,38900,0.5985924516651662,3,0,12,4,0.98828125,42.0,True,False
1024,256,1.25,78,100000,cooling,184,46000,490728,38900,0.5961887971094048,3,0,12,4,0.98828125,42.0,True,False
1024,256,1.25,78,100000,cooling,185,46250,493395,38900,0.5937947944548781,3,0,12,4,0.98828125,42.0,True,False
1024,256,1.25,78,100000,cooling,186,46500,496062,38900,0.5914104049442713,3,0,12,4,0.98828125,42.0,True,False
1024,256,1.25,78,100000,cooling,187,46750,498729,38900,0.5890355899758991,3,0,12,4,0.98828125,42.0,True,False
1024,256,1.25,78,100000,cooling,188,47000,501396,38900,0.5866703111030825,3,0,12,4,0.98828125,42.0,True,False
1024,256,1.25,78,100000,cooling,189,47250,504063,38900,0.5843145300335248,3,0,12,4,0.98828125,42.0,True,False
1024,256,1.25,78,100000,cooling,190,47500,506730,38900,0.5819682086286931,3,0,12,4,0.98828125,42.0,True,False
1024,256,1.25,78,100000,cooling,191,47750,509397,38900,0.5796313089031999,3,0,12,4,0.98828125,42.0,True,False
1024,256,1.25,78,100000,cooling,192,48000,512064,38900,0.5773037930241883,3,0,12,4,0.98828125,42.0,True,False
1024,256,1.25,78,100000,cooling,193,48250,514731,38900,0.5749856233107199,3,0,12,4,0.98828125,42.0,True,False
1024,256,1.25,78,100000,cooling,194,48500,517398,38900,0.5726767622331645,3,0,12,4,0.98828125,42.0,True,False
1024,256,1.25,78,100000,cooling,195,48750,520065,38900,0.5703771724125926,3,0,12,4,0.98828125,42.0,True,False
1024,256,1.25,78,100000,cooling,196,49000,522732,38900,0.5680868166201698,3,0,12,4,0.98828125,42.0,True,False
1024,256,1.25,78,100000,cooling,197,49250,525399,38900,0.565805657776555,3,0,12,4,0.98828125,42.0,True,False
1024,256,1.25,78,100000,cooling,198,49500,528066,38900,0.5635336589512993,3,0,12,4,0.98828125,42.0,True,False
1024,256,1.25,78,100000,cooling,199,49750,530733,38900,0.5612707833622484,3,0,12,4,0.98828125,42.0,True,False
1024,256,1.25,78,100000,cooling,200,50000,533400,38900,0.5590169943749475,3,0,12,4,0.98828125,42.0,True,False
1024,256,1.25,78,100000,cooling,201,50250,536067,38900,0.5567722555020473,3,0,12,4,0.98828125,42.0,True,False
1024,256,1.25,78,100000,cooling,202,50500,538734,38900,0.5545365304027143,3,0,12,4,0.98828125,42.0,True,False
1024,256,1.25,78,100000,cooling,203,50750,541401,38900,0.552309782882042,3,0,12,4,0.98828125,42.0,True,False
1024,256,1.25,78,100000,cooling,204,51000,544068,38900,0.5500919768904645,3,0,12,4,0.98828125,42.0,True,False
1024,256,1.25,78,100000,cooling,205,51250,546735,38900,0.5478830765231739,3,0,12,4,0.98828125,42.0,True,False
1024,256,1.25,78,100000,cooling,206,51500,549402,38900,0.5456830460195381,3,0,12,4,0.98828125,42.0,True,False
1024,256,1.25,78,100000,cooling,207,51750,552069,38900,0.5434918497625223,3,0,12,4,0.98828125,42.0,True,False
1024,256,1.25,78,100000,cooling,208,52000,554736,38900,0.5413094522781122,3,0,12,4,0.98828125,42.0,True,False
1024,256,1.25,78,100000,cooling,209,52250,557403,38900,0.5391358182347401,3,0,12,4,0.98828125,42.0,True,False
1024,256,1.25,78,100000,cooling,210,52500,560070,38900,0.5369709124427122,3,0,12,4,0.98828125,42.0,True,False
1024,256,1.25,78,100000,cooling,211,52750,562737,38900,0.5348146998536395,3,0,12,4,0.98828125,42.0,True,False
1024,256,1.25,78,100000,cooling,212,53000,565404,38900,0.5326671455598703,3,0,12,4,0.98828125,42.0,True,False
1024,256,1.25,78,100000,cooling,213,53250,568071,38900,0.5305282147939248,3,0,12,4,0.98828125,42.0,True,False
1024,256,1.25,78,100000,cooling,214,53500,570738,38900,0.5283978729279322,3,0,12,4,0.98828125,42.0,True,False
1024,256,1.25,78,100000,cooling,215,53750,573405,38900,0.5262760854730708,3,0,12,4,0.98828125,42.0,True,False
1024,256,1.25,78,100000,cooling,216,54000,576072,38900,0.5241628180790088,3,0,12,4,0.98828125,42.0,True,False
1024,256,1.25,78,100000,cooling,217,54250,578739,38900,0.5220580365333486,3,0,12,4,0.98828125,42.0,True,False
1024,256,1.25,78,100000,cooling,218,54500,581406,38900,0.5199617067610728,3,0,12,4,0.98828125,42.0,True,False
1024,256,1.25,78,100000,cooling,219,54750,584073,38900,0.5178737948239927,3,0,12,4,0.98828125,42.0,True,False
1024,256,1.25,78,100000,cooling,220,55000,586740,38900,0.5157942669201987,3,0,12,4,0.98828125,42.0,True,False
1024,256,1.25,78,100000,cooling,221,55250,589407,38900,0.5137230893835133,3,0,12,4,0.98828125,42.0,True,False
1024,256,1.25,78,100000,cooling,222,55500,592074,38900,0.5116602286829456,3,0,12,4,0.98828125,42.0,True,False
1024,256,1.25,78,100000,cooling,223,55750,594741,38900,0.5096056514221491,3,0,12,4,0.98828125,42.0,True,False
1024,256,1.25,78,100000,cooling,224,56000,597408,38900,0.5075593243388804,3,0,12,4,0.98828125,42.0,True,False
1024,256,1.25,78,100000,cooling,225,56250,600075,38900,0.5055212143044613,3,0,12,4,0.98828125,42.0,True,False
1024,256,1.25,78,100000,cooling,226,56500,602742,38900,0.5034912883232419,3,0,12,4,0.98828125,42.0,True,False
1024,256,1.25,78,100000,cooling,227,56750,605409,38900,0.5014695135320667,3,0,12,4,0.98828125,42.0,True,False
1024,256,1.25,78,100000,cooling,228,57000,608076,38900,0.4994558571997429,3,0,12,4,0.98828125,42.0,True,False
1024,256,1.25,78,100000,cooling,229,57250,610743,38900,0.49745028672650965,3,0,12,4,0.98828125,42.0,True,False
1024,256,1.25,78,100000,cooling,230,57500,613410,38900,0.4954527696435115,3,0,12,4,0.98828125,42.0,True,False
1024,256,1.25,78,100000,cooling,231,57750,616077,38900,0.49346327361227116,3,0,12,4,0.98828125,42.0,True,False
1024,256,1.25,78,100000,cooling,232,58000,618744,38900,0.4914817664241675,3,0,12,4,0.98828125,42.0,True,False
1024,256,1.25,78,100000,cooling,233,58250,621411,38900,0.48950821599991334,3,0,12,4,0.98828125,42.0,True,False
1024,256,1.25,78,100000,cooling,234,58500,624078,38900,0.4875425903890362,3,0,12,4,0.98828125,42.0,True,False
1024,256,1.25,78,100000,cooling,235,58750,626745,38900,0.4855848577693608,3,0,12,4,0.98828125,42.0,True,False
1024,256,1.25,78,100000,cooling,236,59000,629412,38900,0.48363498644649455,3,0,12,4,0.98828125,42.0,True,False
1024,256,1.25,78,100000,cooling,237,59250,632079,38900,0.4816929448533139,3,0,12,4,0.98828125,42.0,True,False
1024,256,1.25,78,100000,cooling,238,59500,634746,38900,0.4797587015494534,3,0,12,4,0.98828125,42.0,True,False
1024,256,1.25,78,100000,cooling,239,59750,637413,38900,0.47783222522079666,3,0,12,4,0.98828125,42.0,True,False
1024,256,1.25,78,100000,cooling,240,60000,640080,38900,0.47591348467896966,3,0,12,4,0.98828125,42.0,True,False
1024,256,1.25,78,100000,cooling,241,60250,642747,38900,0.4740024488608354,3,0,12,4,0.98828125,42.0,True,False
1024,256,1.25,78,100000,cooling,242,60500,645414,38900,0.4720990868279915,3,0,12,4,0.98828125,42.0,True,False
1024,256,1.25,78,100000,cooling,243,60750,648081,38900,0.4702033677662689,3,0,12,4,0.98828125,42.0,True,False
1024,256,1.25,78,100000,cooling,244,61000,650748,38900,0.46831526098523335,3,0,12,4,0.98828125,42.0,True,False
1024,256,1.25,78,100000,cooling,245,61250,653415,38900,0.4664347359176879,3,0,12,4,0.98828125,42.0,True,False
1024,256,1.25,78,100000,cooling,246,61500,656082,38900,0.4645617621191793,3,0,12,4,0.98828125,42.0,True,False
1024,256,1.25,78,100000,cooling,247,61750,658749,38900,0.46269630926750355,3,0,12,4,0.98828125,42.0,True,False
1024,256,1.25,78,100000,cooling,248,62000,661416,38900,0.4608383471622164,3,0,12,4,0.98828125,42.0,True,False
1024,256,1.25,78,100000,cooling,249,62250,664083,38900,0.45898784572414336,3,0,12,4,0.98828125,42.0,True,False
1024,256,1.25,78,100000,cooling,250,62500,666750,38900,0.45714477499489364,3,0,12,4,0.98828125,42.0,True,False
1024,256,1.25,78,100000,cooling,251,62750,669417,38900,0.4553091051363742,3,0,12,4,0.98828125,42.0,True,False
1024,256,1.25,78,100000,cooling,252,63000,672084,38900,0.45348080643030747,3,0,12,4,0.98828125,42.0,True,False
1024,256,1.25,78,100000,cooling,253,63250,674751,38900,0.4516598492777501,3,0,12,4,0.98828125,42.0,True,False
1024,256,1.25,78,100000,cooling,254,63500,677418,38900,0.4498462041986132,3,0,12,4,0.98828125,42.0,True,False
1024,256,1.25,78,100000,cooling,255,63750,680085,38900,0.44803984183118595,3,0,12,4,0.98828125,42.0,True,False
1024,256,1.25,78,100000,cooling,256,64000,682752,38900,0.44624073293165945,3,0,12,4,0.98828125,42.0,True,False
1024,256,1.25,78,100000,cooling,257,64250,685419,38900,0.44444884837365395,3,0,12,4,0.98828125,42.0,True,False
1024,256,1.25,78,100000,cooling,258,64500,688086,38900,0.4426641591477466,3,0,12,4,0.98828125,42.0,True,False
1024,256,1.25,78,100000,cooling,259,64750,690753,38900,0.4408866363610026,3,0,12,4,0.98828125,42.0,True,False
1024,256,1.25,78,100000,cooling,260,65000,693420,38900,0.4391162512365068,3,0,12,4,0.98828125,42.0,True,False
1024,256,1.25,78,100000,cooling,261,65250,696087,38900,0.4373529751128983,3,0,12,4,0.98828125,42.0,True,False
1024,256,1.25,78,100000,cooling,262,65500,698754,38900,0.43559677944390585,3,0,12,4,0.98828125,42.0,True,False
1024,256,1.25,78,100000,cooling,263,65750,701421,38900,0.43384763579788643,3,0,12,4,0.98828125,42.0,True,False
1024,256,1.25,78,100000,cooling,264,66000,704088,38900,0.43210551585736423,3,0,12,4,0.98828125,42.0,True,False
1024,256,1.25,78,100000,cooling,265,66250,706755,38900,0.43037039141857303,3,0,12,4,0.98828125,42.0,True,False
1024,256,1.25,78,100000,cooling,266,66500,709422,38900,0.4286422343909987,3,0,12,4,0.98828125,42.0,True,False
1024,256,1.25,78,100000,cooling,267,66750,712089,38900,0.4269210167969252,3,0,12,4,0.98828125,42.0,True,False
1024,256,1.25,78,100000,cooling,268,67000,714756,38900,0.4252067107709811,3,0,12,4,0.98828125,42.0,True,False
1024,256,1.25,78,100000,cooling,269,67250,717423,38900,0.4234992885596889,3,0,12,4,0.98828125,42.0,True,False
1024,256,1.25,78,100000,cooling,270,67500,720090,38900,0.42179872252101513,3,0,12,4,0.98828125,42.0,True,False
1024,256,1.25,78,100000,cooling,271,67750,722757,38900,0.42010498512392364,3,0,12,4,0.98828125,42.0,True,False
1024,256,1.25,78,100000,cooling,272,68000,725424,38900,0.4184180489479291,3,0,12,4,0.98828125,42.0,True,False
1024,256,1.25,78,100000,cooling,273,68250,728091,38900,0.4167378866826537,3,0,12,4,0.98828125,42.0,True,False
1024,256,1.25,78,100000,cooling,274,68500,730758,38900,0.4150644711273846,3,0,12,4,0.98828125,42.0,True,False
1024,256,1.25,78,100000,cooling,275,68750,733425,38900,0.4133977751906338,3,0,12,4,0.98828125,42.0,True,False
1024,256,1.25,78,100000,cooling,276,69000,736092,38900,0.41173777188969946,3,0,12,4,0.98828125,42.0,True,False
1024,256,1.25,78,100000,cooling,277,69250,738759,38900,0.41008443435022884,3,0,12,4,0.98828125,42.0,True,False
1024,256,1.25,78,100000,cooling,278,69500,741426,38900,0.4084377358057839,3,0,12,4,0.98828125,42.0,True,False
1024,256,1.25,78,100000,cooling,279,69750,744093,38900,0.4067976495974071,3,0,12,4,0.98828125,42.0,True,False
1024,256,1.25,78,100000,cooling,280,70000,746760,38900,0.40516414917319066,3,0,12,4,0.98828125,42.0,True,False
1024,256,1.25,78,100000,cooling,281,70250,749427,38900,0.40353720808784577,3,0,12,4,0.98828125,42.0,True,False
1024,256,1.25,78,100000,cooling,282,70500,752094,38900,0.4019168000022755,3,0,12,4,0.98828125,42.0,True,False
1024,256,1.25,78,100000,cooling,283,70750,754761,38900,0.4003028986831474,3,0,12,4,0.98828125,42.0,True,False
1024,256,1.25,78,100000,cooling,284,71000,757428,38900,0.39869547800246957,3,0,12,4,0.98828125,42.0,True,False
1024,256,1.25,78,100000,cooling,285,71250,760095,38900,0.3970945119371671,3,0,12,4,0.98828125,42.0,True,False
1024,256,1.25,78,100000,cooling,286,71500,762762,38900,0.3954999745686613,3,0,12,4,0.98828125,42.0,True,False
1024,256,1.25,78,100000,cooling,287,71750,765429,38900,0.3939118400824495,3,0,12,4,0.98828125,42.0,True,False
1024,256,1.25,78,100000,cooling,288,72000,768096,38900,0.3923300827676878,3,0,12,4,0.98828125,42.0,True,False
1024,256,1.25,78,100000,cooling,289,72250,770763,38900,0.3907546770167741,3,0,12,4,0.98828125,42.0,True,False
1024,256,1.25,78,100000,cooling,290,72500,773430,38900,0.38918559732493424,3,0,12,4,0.98828125,42.0,True,False
1024,256,1.25,78,100000,cooling,291,72750,776097,38900,0.3876228182898085,3,0,12,4,0.98828125,42.0,True,False
1024,256,1.25,78,100000,cooling,292,73000,778764,38900,0.3860663146110409,3,0,12,4,0.98828125,42.0,True,False
1024,256,1.25,78,100000,cooling,293,73250,781431,38900,0.38451606108986897,3,0,12,4,0.98828125,42.0,True,False
1024,256,1.25,78,100000,cooling,294,73500,784098,38900,0.38297203262871643,3,0,12,4,0.98828125,42.0,True,False
1024,256,1.25,78,100000,cooling,295,73750,786765,38900,0.3814342042307864,3,0,12,4,0.98828125,42.0,True,False
1024,256,1.25,78,100000,cooling,296,74000,789432,38900,0.3799025509996571,3,0,12,4,0.98828125,42.0,True,False
1024,256,1.25,78,100000,cooling,297,74250,792099,38900,0.37837704813887846,3,0,12,4,0.98828125,42.0,True,False
1024,256,1.25,78,100000,cooling,298,74500,794766,38900,0.37685767095157086,3,0,12,4,0.98828125,42.0,True,False
1024,256,1.25,78,100000,cooling,299,74750,797433,38900,0.3753443948400253,3,0,12,4,0.98828125,42.0,True,False
1024,256,1.25,78,100000,cooling,300,75000,800100,38900,0.3738371953053052,3,0,12,4,0.98828125,42.0,True,False
1024,256,1.25,78,100000,cooling,301,75250,802767,38900,0.37233604794684955,3,0,12,4,0.98828125,42.0,True,False
1024,256,1.25,78,100000,cooling,302,75500,805434,38900,0.3708409284620781,3,0,12,4,0.98828125,42.0,True,False
1024,256,1.25,78,100000,cooling,303,75750,808101,38900,0.3693518126459982,3,0,12,4,0.98828125,42.0,True,False
1024,256,1.25,78,100000,cooling,304,76000,810768,38900,0.3678686763908121,3,0,12,4,0.98828125,42.0,True,False
1024,256,1.25,78,100000,cooling,305,76250,813435,38900,0.3663914956855277,3,0,12,4,0.98828125,42.0,True,False
1024,256,1.25,78,100000,cooling,306,76500,816102,38900,0.3649202466155688,3,0,12,4,0.98828125,42.0,True,False
1024,256,1.25,78,100000,cooling,307,76750,818769,38900,0.3634549053623889,3,0,12,4,0.98828125,42.0,True,False
1024,256,1.25,78,100000,cooling,308,77000,821436,38900,0.3619954482030847,3,0,12,4,0.98828125,42.0,True,False
1024,256,1.25,78,100000,cooling,309,77250,824103,38900,0.3605418515100129,3,0,12,4,0.98828125,42.0,True,False
1024,256,1.25,78,100000,cooling,310,77500,826770,38900,0.35909409175040696,3,0,12,4,0.98828125,42.0,True,False
1024,256,1.25,78,100000,cooling,311,77750,829437,38900,0.35765214548599655,3,0,12,4,0.98828125,42.0,True,False
1024,256,1.25,78,100000,cooling,312,78000,832104,38900,0.3562159893726279,3,0,12,4,0.98828125,42.0,True,False
1024,256,1.25,78,100000,cooling,313,78250,834771,38900,0.35478560015988597,3,0,12,4,0.98828125,42.0,True,False
1024,256,1.25,78,100000,cooling,314,78500,837438,38900,0.35336095469071804,3,0,12,4,0.98828125,42.0,True,False
1024,256,1.25,78,100000,cooling,315,78750,840105,38900,0.35194202990105894,3,0,12,4,0.98828125,42.0,True,False
1024,256,1.25,78,100000,cooling,316,79000,842772,38900,0.3505288028194572,3,0,12,4,0.98828125,42.0,True,False
1024,256,1.25,78,100000,cooling,317,79250,845439,38900,0.34912125056670357,3,0,12,4,0.98828125,42.0,True,False
1024,256,1.25,78,100000,cooling,318,79500,848106,38900,0.3477193503554607,3,0,12,4,0.98828125,42.0,True,False
1024,256,1.25,78,100000,cooling,319,79750,850773,38900,0.3463230794898939,3,0,12,4,0.98828125,42.0,True,False
1024,256,1.25,78,100000,cooling,320,80000,853440,38900,0.3449324153653037,3,0,12,4,0.98828125,42.0,True,False
1024,256,1.25,78,100000,cooling,321,80250,856107,38900,0.3435473354677604,3,0,12,4,0.98828125,42.0,True,False
1024,256,1.25,78,100000,cooling,322,80500,858774,38900,0.34216781737373886,3,0,12,4,0.98828125,42.0,True,False
1024,256,1.25,78,100000,cooling,323,80750,861441,38900,0.34079383874975616,3,0,12,4,0.98828125,42.0,True,False
1024,256,1.25,78,100000,cooling,324,81000,864108,38900,0.33942537735200956,3,0,12,4,0.98828125,42.0,True,False
1024,256,1.25,78,100000,cooling,325,81250,866775,38900,0.33806241102601664,3,0,12,4,0.98828125,42.0,True,False
1024,256,1.25,78,100000,cooling,326,81500,869442,38900,0.3367049177062564,3,0,12,4,0.98828125,42.0,True,False
1024,256,1.25,78,100000,cooling,327,81750,872109,38900,0.33535287541581227,3,0,12,4,0.98828125,42.0,True,False
1024,256,1.25,78,100000,cooling,328,82000,874776,38900,0.3340062622660164,3,0,12,4,0.98828125,42.0,True,False
1024,256,1.25,78,100000,cooling,329,82250,877443,38900,0.3326650564560947,3,0,12,4,0.98828125,42.0,True,False
1024,256,1.25,78,100000,cooling,330,82500,880110,38900,0.3313292362728148,3,0,12,4,0.98828125,42.0,True,False
1024,256,1.25,78,100000,cooling,331,82750,882777,38900,0.3299987800901338,3,0,12,4,0.98828125,42.0,True,False
1024,256,1.25,78,100000,cooling,332,83000,885444,38900,0.32867366636884837,3,0,12,4,0.98828125,42.0,True,False
1024,256,1.25,78,100000,cooling,333,83250,888111,38900,0.32735387365624635,3,0,12,4,0.98828125,42.0,True,False
1024,256,1.25,78,100000,cooling,334,83500,890778,38900,0.3260393805857589,3,0,12,4,0.98828125,42.0,True,False
1024,256,1.25,78,100000,cooling,335,83750,893445,38900,0.32473016587661485,3,0,12,4,0.98828125,42.0,True,False
1024,256,1.25,78,100000,cooling,336,84000,896112,38900,0.32342620833349656,3,0,12,4,0.98828125,42.0,True,False
1024,256,1.25,78,100000,cooling,337,84250,898779,38900,0.32212748684619597,3,0,12,4,0.98828125,42.0,True,False
1024,256,1.25,78,100000,cooling,338,84500,901446,38900,0.3208339803892737,3,0,12,4,0.98828125,42.0,True,False
1024,256,1.25,78,100000,cooling,339,84750,904113,38900,0.3195456680217179,3,0,12,4,0.98828125,42.0,True,False
1024,256,1.25,78,100000,cooling,340,85000,906780,38900,0.3182625288866059,3,0,12,4,0.98828125,42.0,True,False
1024,256,1.25,78,100000,cooling,341,85250,909447,38900,0.31698454221076594,3,0,12,4,0.98828125,42.0,True,False
1024,256,1.25,78,100000,cooling,342,85500,912114,38900,0.3157116873044414,3,0,12,4,0.98828125,42.0,True,False
1024,256,1.25,78,100000,cooling,343,85750,914781,38900,0.3144439435609554,3,0,12,4,0.98828125,42.0,True,False
1024,256,1.25,78,100000,cooling,344,86000,917448,38900,0.31318129045637755,3,0,12,4,0.98828125,42.0,True,False
1024,256,1.25,78,100000,cooling,345,86250,920115,38900,0.3119237075491915,3,0,12,4,0.98828125,42.0,True,False
1024,256,1.25,78,100000,cooling,346,86500,922782,38900,0.310671174479964,3,0,12,4,0.98828125,42.0,True,False
1024,256,1.25,78,100000,cooling,347,86750,925449,38900,0.30942367097101525,3,0,12,4,0.98828125,42.0,True,False
1024,256,1.25,78,100000,cooling,348,87000,928116,38900,0.30818117682609086,3,0,12,4,0.98828125,42.0,True,False
1024,256,1.25,78,100000,cooling,349,87250,930783,38900,0.3069436719300346,3,0,12,4,0.98828125,42.0,True,False
1024,256,1.25,78,100000,cooling,350,87500,933450,38900,0.30571113624846297,3,0,12,4,0.98828125,42.0,True,False
1024,256,1.25,78,100000,cooling,351,87750,936117,38900,0.3044835498274407,3,0,12,4,0.98828125,42.0,True,False
1024,256,1.25,78,100000,cooling,352,88000,938784,38900,0.3032608927931576,3,0,12,4,0.98828125,42.0,True,False
1024,256,1.25,78,100000,cooling,353,88250,941451,38900,0.30204314535160737,3,0,12,4,0.98828125,42.0,True,False
1024,256,1.25,78,100000,cooling,354,88500,944118,38900,0.30083028778826637,3,0,12,4,0.98828125,42.0,True,False
1024,256,1.25,78,100000,cooling,355,88750,946785,38900,0.29962230046777516,3,0,12,4,0.98828125,42.0,True,False
1024,256,1.25,78,100000,cooling,356,89000,949452,38900,0.29841916383362005,3,0,12,4,0.98828125,42.0,True,False
1024,256,1.25,78,100000,cooling,357,89250,952119,38900,0.29722085840781687,3,0,12,4,0.98828125,42.0,True,False
1024,256,1.25,78,100000,cooling,358,89500,954786,38900,0.2960273647905955,3,0,12,4,0.98828125,42.0,True,False
1024,256,1.25,78,100000,cooling,359,89750,957453,38900,0.29483866366008576,3,0,12,4,0.98828125,42.0,True,False
1024,256,1.25,78,100000,cooling,360,90000,960120,38900,0.29365473577200474,3,0,12,4,0.98828125,42.0,True,False
1024,256,1.25,78,100000,cooling,361,90250,962787,38900,0.2924755619593451,3,0,12,4,0.98828125,42.0,True,False
1024,256,1.25,78,100000,cooling,362,90500,965454,38900,0.29130112313206485,3,0,12,4,0.98828125,42.0,True,False
1024,256,1.25,78,100000,cooling,363,90750,968121,38900,0.2901314002767782,3,0,12,4,0.98828125,42.0,True,False
1024,256,1.25,78,100000,cooling,364,91000,970788,38900,0.2889663744564479,3,0,12,4,0.98828125,42.0,True,False
1024,256,1.25,78,100000,cooling,365,91250,973455,38900,0.2878060268100786,3,0,12,4,0.98828125,42.0,True,False
1024,256,1.25,78,100000,cooling,366,91500,976122,38900,0.28665033855241145,3,0,12,4,0.98828125,42.0,True,False
1024,256,1.25,78,100000,cooling,367,91750,978789,38900,0.2854992909736199,3,0,12,4,0.98828125,42.0,True,False
1024,256,1.25,78,100000,cooling,368,92000,981456,38900,0.2843528654390072,3,0,12,4,0.98828125,42.0,True,False
1024,256,1.25,78,100000,cooling,369,92250,984123,38900,0.2832110433887041,3,0,12,4,0.98828125,42.0,True,False
1024,256,1.25,78,100000,cooling,370,92500,986790,38900,0.2820738063373689,3,0,12,4,0.98828125,42.0,True,False
1024,256,1.25,78,100000,cooling,371,92750,989457,38900,0.2809411358738879,3,0,12,4,0.98828125,42.0,True,False
1024,256,1.25,78,100000,cooling,372,93000,992124,38900,0.2798130136610776,3,0,12,4,0.98828125,42.0,True,False
1024,256,1.25,78,100000,cooling,373,93250,994791,38900,0.2786894214353875,3,0,12,4,0.98828125,42.0,True,False
1024,256,1.25,78,100000,cooling,374,93500,997458,38900,0.2775703410066045,3,0,12,4,0.98828125,42.0,True,False
1024,256,1.25,78,100000,cooling,375,93750,1000125,38900,0.2764557542575588,3,0,12,4,0.98828125,42.0,True,False
1024,256,1.25,78,100000,cooling,376,94000,1002792,38900,0.2753456431438301,3,0,12,4,0.98828125,42.0,True,False
1024,256,1.25,78,100000,cooling,377,94250,1005459,38900,0.27423998969345553,3,0,12,4,0.98828125,42.0,True,False
1024,256,1.25,78,100000,cooling,378,94500,1008126,38900,0.2731387760066392,3,0,12,4,0.98828125,42.0,True,False
1024,256,1.25,78,100000,cooling,379,94750,1010793,38900,0.2720419842554617,3,0,12,4,0.98828125,42.0,True,False
1024,256,1.25,78,100000,cooling,380,95000,1013460,38900,0.2709495966835921,3,0,12,4,0.98828125,42.0,True,False
1024,256,1.25,78,100000,cooling,381,95250,1016127,38900,0.26986159560599987,3,0,12,4,0.98828125,42.0,True,False
1024,256,1.25,78,100000,cooling,382,95500,1018794,38900,0.26877796340866933,3,0,12,4,0.98828125,42.0,True,False
1024,256,1.25,78,100000,cooling,383,95750,1021461,38900,0.26769868254831375,3,0,12,4,0.98828125,42.0,True,False
1024,256,1.25,78,100000,cooling,384,96000,1024128,38900,0.26662373555209185,3,0,12,4,0.98828125,42.0,True,False
1024,256,1.25,78,100000,cooling,385,96250,1026795,38900,0.2655531050173246,3,0,12,4,0.98828125,42.0,True,False
1024,256,1.25,78,100000,cooling,386,96500,1029462,38900,0.2644867736112137,3,0,12,4,0.98828125,42.0,True,False
1024,256,1.25,78,100000,cooling,387,96750,1032129,38900,0.26342472407056083,3,0,12,4,0.98828125,42.0,True,False
1024,256,1.25,78,100000,cooling,388,97000,1034796,38900,0.2623669392014884,3,0,12,4,0.98828125,42.0,True,False
1024,256,1.25,78,100000,cooling,389,97250,1037463,38900,0.2613134018791608,3,0,12,4,0.98828125,42.0,True,False
1024,256,1.25,78,100000,cooling,390,97500,1040130,38900,0.2602640950475075,3,0,12,4,0.98828125,42.0,True,False
1024,256,1.25,78,100000,cooling,391,97750,1042797,38900,0.25921900171894674,3,0,12,4,0.98828125,42.0,True,False
1024,256,1.25,78,100000,cooling,392,98000,1045464,38900,0.25817810497411076,3,0,12,4,0.98828125,42.0,True,False
1024,256,1.25,78,100000,cooling,393,98250,1048131,38900,0.2571413879615715,3,0,12,4,0.98828125,42.0,True,False
1024,256,1.25,78,100000,cooling,394,98500,1050798,38900,0.25610883389756806,3,0,12,4,0.98828125,42.0,True,False
1024,256,1.25,78,100000,cooling,395,98750,1053465,38900,0.25508042606573494,3,0,12,4,0.98828125,42.0,True,False
1024,256,1.25,78,100000,cooling,396,99000,1056132,38900,0.2540561478168314,3,0,12,4,0.98828125,42.0,True,False
1024,256,1.25,78,100000,cooling,397,99250,1058799,38900,0.2530359825684719,3,0,12,4,0.98828125,42.0,True,False
1024,256,1.25,78,100000,cooling,398,99500,1061466,38900,0.2520199138048576,3,0,12,4,0.98828125,42.0,True,False
1024,256,1.25,78,100000,cooling,399,99750,1064133,38900,0.2510079250765091,3,0,12,4,0.98828125,42.0,True,False
1024,256,1.25,78,100000,cooling,400,100000,1066800,38900,0.25,3,0,12,4,0.98828125,42.0,True,False
1024,256,1.25,78,100000,hold,401,100250,1069467,38900,0.25,3,0,12,4,0.98828125,42.0,True,False
1024,256,1.25,78,100000,hold,402,100500,1072134,38900,0.25,3,0,12,4,0.98828125,42.0,True,False
1024,256,1.25,78,100000,hold,403,100750,1074801,38900,0.25,3,0,12,4,0.98828125,42.0,True,False
1024,256,1.25,78,100000,hold,404,101000,1077468,38900,0.25,3,0,12,4,0.98828125,42.0,True,False
1024,256,1.25,78,100000,hold,405,101250,1080135,38900,0.25,3,0,12,4,0.98828125,42.0,True,False
1024,256,1.25,78,100000,hold,406,101500,1082802,38900,0.25,3,0,12,4,0.98828125,42.0,True,False
1024,256,1.25,78,100000,hold,407,101750,1085469,38900,0.25,3,0,12,4,0.98828125,42.0,True,False
1024,256,1.25,78,100000,hold,408,102000,1088136,38900,0.25,3,0,12,4,0.98828125,42.0,True,False
1024,256,1.25,78,100000,hold,409,102250,1090803,38900,0.25,3,0,12,4,0.98828125,42.0,True,False
1024,256,1.25,78,100000,hold,410,102500,1093470,38900,0.25,3,0,12,4,0.98828125,42.0,True,False
1024,256,1.25,78,100000,hold,411,102750,1096137,38900,0.25,3,0,12,4,0.98828125,42.0,True,False
1024,256,1.25,78,100000,hold,412,103000,1098804,38900,0.25,3,0,12,4,0.98828125,42.0,True,False
1024,256,1.25,78,100000,hold,413,103250,1101471,38900,0.25,3,0,12,4,0.98828125,42.0,True,False
1024,256,1.25,78,100000,hold,414,103500,1104138,38900,0.25,3,0,12,4,0.98828125,42.0,True,False
1024,256,1.25,78,100000,hold,415,103750,1106805,38900,0.25,3,0,12,4,0.98828125,42.0,True,False
1024,256,1.25,78,100000,hold,416,104000,1109472,38900,0.25,3,0,12,4,0.98828125,42.0,True,False
1024,256,1.25,78,100000,hold,417,104250,1112139,38900,0.25,3,0,12,4,0.98828125,42.0,True,False
1024,256,1.25,78,100000,hold,418,104500,1114806,38900,0.25,3,0,12,4,0.98828125,42.0,True,False
1024,256,1.25,78,100000,hold,419,104750,1117473,38900,0.25,3,0,12,4,0.98828125,42.0,True,False
1024,256,1.25,78,100000,hold,420,105000,1120140,38900,0.25,3,0,12,4,0.98828125,42.0,True,True
1024,256,1.25,79,,opening,0,0,0,29200,1.25,1,1,12,8,0.98828125,42.0,True,False
1024,256,1.25,79,100000,cooling,1,250,2667,29200,1.244980611288459,2,0,8,4,0.9921875,28.0,True,False
1024,256,1.25,79,100000,cooling,2,500,5334,29200,1.239981377987348,2,0,8,4,0.9921875,28.0,True,False
1024,256,1.25,79,100000,cooling,3,750,8001,29200,1.2350022191623955,1,0,4,4,0.99609375,14.0,True,False
1024,256,1.25,79,100000,cooling,4,1000,10668,29200,1.230043054204322,0,2,2,2,0.99609375,20.0,True,False
1024,256,1.25,79,100000,cooling,5,1250,13335,29200,1.225103802827536,1,0,4,4,0.99609375,14.0,True,False
1024,256,1.25,79,100000,cooling,6,1500,16002,29200,1.2201843850688332,1,0,4,4,0.99609375,14.0,True,False
1024,256,1.25,79,100000,cooling,7,1750,18669,29200,1.2152847212861027,1,0,4,4,0.99609375,14.0,True,False
1024,256,1.25,79,100000,cooling,8,2000,21336,29200,1.2104047321570373,1,0,4,4,0.99609375,14.0,True,False
1024,256,1.25,79,100000,cooling,9,2250,24003,29200,1.2055443386778495,1,0,4,4,0.99609375,14.0,True,False
1024,256,1.25,79,100000,cooling,10,2500,26670,29200,1.200703462161992,1,0,4,4,0.99609375,14.0,True,False
1024,256,1.25,79,100000,cooling,11,2750,29337,29200,1.1958820242388848,1,0,4,4,0.99609375,14.0,True,False
1024,256,1.25,79,100000,cooling,12,3000,32004,29200,1.1910799468526452,1,0,4,4,0.99609375,14.0,True,False
1024,256,1.25,79,100000,cooling,13,3250,34671,29200,1.1862971522608252,1,0,4,4,0.99609375,14.0,True,False
1024,256,1.25,79,100000,cooling,14,3500,37338,29200,1.1815335630331523,1,0,4,4,0.99609375,14.0,True,False
1024,256,1.25,79,100000,cooling,15,3750,40005,29200,1.1767891020502759,1,0,4,4,0.99609375,14.0,True,False
1024,256,1.25,79,100000,cooling,16,4000,42672,29200,1.1720636925025194,1,0,4,4,0.99609375,14.0,True,False
1024,256,1.25,79,100000,cooling,17,4250,45339,29200,1.167357257888636,0,0,0,0,1.0,0.0,True,False
1024,256,1.25,79,100000,cooling,18,4500,48006,29200,1.1626697220145708,0,0,0,0,1.0,0.0,True,False
1024,256,1.25,79,100000,cooling,19,4750,50673,29200,1.1580010089922264,0,0,0,0,1.0,0.0,True,False
1024,256,1.25,79,100000,cooling,20,5000,53340,29200,1.1533510432382355,0,0,0,0,1.0,0.0,True,False
1024,256,1.25,79,100000,cooling,21,5250,56007,29200,1.1487197494727361,0,0,0,0,1.0,0.0,True,False
1024,256,1.25,79,100000,cooling,22,5500,58674,29200,1.144107052718154,0,0,0,0,1.0,0.0,True,False
1024,256,1.25,79,100000,cooling,23,5750,61341,29200,1.1395128782979878,0,0,0,0,1.0,0.0,True,False
1024,256,1.25,79,100000,cooling,24,6000,64008,29200,1.1349371518356002,0,0,0,0,1.0,0.0,True,False
1024,256,1.25,79,100000,cooling,25,6250,66675,29200,1.1303797992530145,0,0,0,0,1.0,0.0,True,False
1024,256,1.25,79,100000,cooling,26,6500,69342,29200,1.1258407467697147,0,0,0,0,1.0,0.0,True,False
1024,256,1.25,79,100000,cooling,27,6750,72009,29200,1.1213199209014517,0,0,0,0,1.0,0.0,True,False
1024,256,1.25,79,100000,cooling,28,7000,74676,29200,1.1168172484590526,0,0,0,0,1.0,0.0,True,False
1024,256,1.25,79,100000,cooling,29,7250,77343,29200,1.1123326565472371,0,0,0,0,1.0,0.0,True,False
1024,256,1.25,79,100000,cooling,30,7500,80010,29200,1.1078660725634357,0,0,0,0,1.0,0.0,True,False
1024,256,1.25,79,100000,cooling,31,7750,82677,29200,1.1034174241966164,0,0,0,0,1.0,0.0,True,False
1024,256,1.25,79,100000,cooling,32,8000,85344,29200,1.098986639426112,0,0,0,0,1.0,0.0,True,False
1024,256,1.25,79,100000,cooling,33,8250,88011,29200,1.0945736465204563,0,0,0,0,1.0,0.0,True,False
1024,256,1.25,79,100000,cooling,34,8500,90678,29200,1.0901783740362203,0,0,0,0,1.0,0.0,True,False
1024,256,1.25,79,100000,cooling,35,8750,93345,29200,1.0858007508168575,0,0,0,0,1.0,0.0,True,False
1024,256,1.25,79,100000,cooling,36,9000,96012,29200,1.0814407059915512,0,0,0,0,1.0,0.0,True,False
1024,256,1.25,79,100000,cooling,37,9250,98679,29200,1.0770981689740673,0,0,0,0,1.0,0.0,True,False
1024,256,1.25,79,100000,cooling,38,9500,101346,29200,1.0727730694616113,0,0,0,0,1.0,0.0,True,False
1024,256,1.25,79,100000,cooling,39,9750,104013,29200,1.0684653374336908,0,0,0,0,1.0,0.0,True,False
1024,256,1.25,79,100000,cooling,40,10000,106680,29200,1.0641749031509808,0,0,0,0,1.0,0.0,True,False
1024,256,1.25,79,100000,cooling,41,10250,109347,29200,1.0599016971541957,0,0,0,0,1.0,0.0,True,False
1024,256,1.25,79,100000,cooling,42,10500,112014,29200,1.0556456502629645,0,0,0,0,1.0,0.0,True,False
1024,256,1.25,79,100000,cooling,43,10750,114681,29200,1.0514066935747108,0,0,0,0,1.0,0.0,True,False
1024,256,1.25,79,100000,cooling,44,11000,117348,29200,1.0471847584635368,0,0,0,0,1.0,0.0,True,False
1024,256,1.25,79,100000,cooling,45,11250,120015,29200,1.0429797765791131,0,0,0,0,1.0,0.0,True,False
1024,256,1.25,79,100000,cooling,46,11500,122682,29200,1.0387916798455716,0,0,0,0,1.0,0.0,True,False
1024,256,1.25,79,100000,cooling,47,11750,125349,29200,1.034620400460404,0,0,0,0,1.0,0.0,True,False
1024,256,1.25,79,100000,cooling,48,12000,128016,29200,1.0304658708933632,0,0,0,0,1.0,0.0,True,False
1024,256,1.25,79,100000,cooling,49,12250,130683,29200,1.026328023885371,0,0,0,0,1.0,0.0,True,False
1024,256,1.25,79,100000,cooling,50,12500,133350,29200,1.0222067924474283,0,0,0,0,1.0,0.0,True,False
1024,256,1.25,79,100000,cooling,51,12750,136017,29200,1.0181021098595313,0,0,0,0,1.0,0.0,True,False
1024,256,1.25,79,100000,cooling,52,13000,138684,29200,1.0140139096695913,0,0,0,0,1.0,0.0,True,False
1024,256,1.25,79,100000,cooling,53,13250,141351,29200,1.0099421256923584,0,0,0,0,1.0,0.0,True,False
1024,256,1.25,79,100000,cooling,54,13500,144018,29200,1.0058866920083505,0,0,0,0,1.0,0.0,True,False
1024,256,1.25,79,100000,cooling,55,13750,146685,29200,1.0018475429627856,0,0,0,0,1.0,0.0,True,False
1024,256,1.25,79,100000,cooling,56,14000,149352,29200,0.9978246131645195,0,0,0,0,1.0,0.0,True,False
1024,256,1.25,79,100000,cooling,57,14250,152019,29200,0.993817837484987,0,0,0,0,1.0,0.0,True,False
1024,256,1.25,79,100000,cooling,58,14500,154686,29200,0.9898271510571468,0,0,0,0,1.0,0.0,True,False
1024,256,1.25,79,100000,cooling,59,14750,157353,29200,0.9858524892744324,0,0,0,0,1.0,0.0,True,False
1024,256,1.25,79,100000,cooling,60,15000,160020,29200,0.9818937877897055,0,0,0,0,1.0,0.0,True,False
1024,256,1.25,79,100000,cooling,61,15250,162687,29200,0.9779509825142143,0,0,0,0,1.0,0.0,True,False
1024,256,1.25,79,100000,cooling,62,15500,165354,29200,0.9740240096165564,0,0,0,0,1.0,0.0,True,False
1024,256,1.25,79,100000,cooling,63,15750,168021,29200,0.9701128055216451,0,0,0,0,1.0,0.0,True,False
1024,256,1.25,79,100000,cooling,64,16000,170688,29200,0.9662173069096798,0,0,0,0,1.0,0.0,True,False
1024,256,1.25,79,100000,cooling,65,16250,173355,29200,0.9623374507151214,0,0,0,0,1.0,0.0,True,False
1024,256,1.25,79,100000,cooling,66,16500,176022,29200,0.9584731741256712,0,0,0,0,1.0,0.0,True,False
1024,256,1.25,79,100000,cooling,67,16750,178689,29200,0.9546244145812542,0,0,0,0,1.0,0.0,True,False
1024,256,1.25,79,100000,cooling,68,17000,181356,29200,0.9507911097730058,0,0,0,0,1.0,0.0,True,False
1024,256,1.25,79,100000,cooling,69,17250,184023,29200,0.9469731976422633,0,0,0,0,1.0,0.0,True,False
1024,256,1.25,79,100000,cooling,70,17500,186690,29200,0.9431706163795612,0,0,0,0,1.0,0.0,True,False
1024,256,1.25,79,100000,cooling,71,17750,189357,29200,0.939383304423631,0,0,0,0,1.0,0.0,True,False
1024,256,1.25,79,100000,cooling,72,18000,192024,29200,0.9356112004604039,0,0,0,0,1.0,0.0,True,False
1024,256,1.25,79,100000,cooling,73,18250,194691,29200,0.9318542434220181,0,0,0,0,1.0,0.0,True,False
1024,256,1.25,79,100000,cooling,74,18500,197358,29200,0.9281123724858308,0,0,0,0,1.0,0.0,True,False
1024,256,1.25,79,100000,cooling,75,18750,200025,29200,0.9243855270734334,0,0,0,0,1.0,0.0,True,False
1024,256,1.25,79,100000,cooling,76,19000,202692,29200,0.9206736468496699,0,0,0,0,1.0,0.0,True,False
1024,256,1.25,79,100000,cooling,77,19250,205359,29200,0.9169766717216614,0,0,0,0,1.0,0.0,True,False
1024,256,1.25,79,100000,cooling,78,19500,208026,29200,0.9132945418378325,0,0,0,0,1.0,0.0,True,False
1024,256,1.25,79,100000,cooling,79,19750,210693,29200,0.9096271975869423,0,0,0,0,1.0,0.0,True,False
1024,256,1.25,79,100000,cooling,80,20000,213360,29200,0.9059745795971195,0,0,0,0,1.0,0.0,True,False
1024,256,1.25,79,100000,cooling,81,20250,216027,29200,0.9023366287349011,0,0,0,0,1.0,0.0,True,False
1024,256,1.25,79,100000,cooling,82,20500,218694,29200,0.8987132861042756,0,0,0,0,1.0,0.0,True,False
1024,256,1.25,79,100000,cooling,83,20750,221361,29200,0.8951044930457286,0,0,0,0,1.0,0.0,True,False
1024,256,1.25,79,100000,cooling,84,21000,224028,29200,0.891510191135294,0,0,0,0,1.0,0.0,True,False
1024,256,1.25,79,100000,cooling,85,21250,226695,29200,0.8879303221836075,0,0,0,0,1.0,0.0,True,False
1024,256,1.25,79,100000,cooling,86,21500,229362,29200,0.8843648282349647,0,0,0,0,1.0,0.0,True,False
1024,256,1.25,79,100000,cooling,87,21750,232029,29200,0.8808136515663835,0,0,0,0,1.0,0.0,True,False
1024,256,1.25,79,100000,cooling,88,22000,234696,29200,0.8772767346866686,0,0,0,0,1.0,0.0,True,False
1024,256,1.25,79,100000,cooling,89,22250,237363,29200,0.8737540203354816,0,0,0,0,1.0,0.0,True,False
1024,256,1.25,79,100000,cooling,90,22500,240030,29200,0.8702454514824132,0,0,0,0,1.0,0.0,True,False
1024,256,1.25,79,100000,cooling,91,22750,242697,29200,0.8667509713260606,0,0,0,0,1.0,0.0,True,False
1024,256,1.25,79,100000,cooling,92,23000,245364,29200,0.8632705232931076,0,0,0,0,1.0,0.0,True,False
1024,256,1.25,79,100000,cooling,93,23250,248031,29200,0.8598040510374089,0,0,0,0,1.0,0.0,True,False
1024,256,1.25,79,100000,cooling,94,23500,250698,29200,0.8563514984390774,0,0,0,0,1.0,0.0,True,False
1024,256,1.25,79,100000,cooling,95,23750,253365,29200,0.8529128096035763,0,0,0,0,1.0,0.0,True,False
1024,256,1.25,79,100000,cooling,96,24000,256032,29200,0.8494879288608139,0,0,0,0,1.0,0.0,True,False
1024,256,1.25,79,100000,cooling,97,24250,258699,29200,0.8460768007642425,0,0,0,0,1.0,0.0,True,False
1024,256,1.25,79,100000,cooling,98,24500,261366,29200,0.8426793700899603,0,0,0,0,1.0,0.0,True,False
1024,256,1.25,79,100000,cooling,99,24750,264033,29200,0.8392955818358179,0,0,0,0,1.0,0.0,True,False
1024,256,1.25,79,100000,cooling,100,25000,266700,29200,0.8359253812205275,0,0,0,0,1.0,0.0,True,False
1024,256,1.25,79,100000,cooling,101,25250,269367,29200,0.8325687136827764,0,0,0,0,1.0,0.0,True,False
1024,256,1.25,79,100000,cooling,102,25500,272034,29200,0.8292255248803432,0,0,0,0,1.0,0.0,True,False
1024,256,1.25,79,100000,cooling,103,25750,274701,29200,0.8258957606892183,0,0,0,0,1.0,0.0,True,False
1024,256,1.25,79,100000,cooling,104,26000,277368,29200,0.822579367202728,0,0,0,0,1.0,0.0,True,False
1024,256,1.25,79,100000,cooling,105,26250,280035,29200,0.8192762907306608,0,0,0,0,1.0,0.0,True,False
1024,256,1.25,79,100000,cooling,106,26500,282702,29200,0.8159864777983994,0,0,0,0,1.0,0.0,True,False
1024,256,1.25,79,100000,cooling,107,26750,285369,29200,0.8127098751460543,0,0,0,0,1.0,0.0,True,False
1024,256,1.25,79,100000,cooling,108,27000,288036,29200,0.8094464297276015,0,0,0,0,1.0,0.0,True,False
1024,256,1.25,79,100000,cooling,109,27250,290703,29200,0.806196088710024,0,0,0,0,1.0,0.0,True,False
1024,256,1.25,79,100000,cooling,110,27500,293370,29200,0.8029587994724563,0,0,0,0,1.0,0.0,True,False
1024,256,1.25,79,100000,cooling,111,27750,296037,29200,0.7997345096053327,0,0,0,0,1.0,0.0,True,False
1024,256,1.25,79,100000,cooling,112,28000,298704,29200,0.7965231669095385,0,0,0,0,1.0,0.0,True,False
1024,256,1.25,79,100000,cooling,113,28250,301371,29200,0.7933247193955651,0,0,0,0,1.0,0.0,True,False
1024,256,1.25,79,100000,cooling,114,28500,304038,29200,0.7901391152826688,0,0,0,0,1.0,0.0,True,False
1024,256,1.25,79,100000,cooling,115,28750,306705,29200,0.7869663029980313,0,0,0,0,1.0,0.0,True,False
1024,256,1.25,79,100000,cooling,116,29000,309372,29200,0.7838062311759262,0,0,0,0,1.0,0.0,True,False
1024,256,1.25,79,100000,cooling,117,29250,312039,29200,0.7806588486568862,0,0,0,0,1.0,0.0,True,False
1024,256,1.25,79,100000,cooling,118,29500,314706,29200,0.7775241044868758,0,0,0,0,1.0,0.0,True,False
1024,256,1.25,79,100000,cooling,119,29750,317373,29200,0.7744019479164659,0,0,0,0,1.0,0.0,True,False
1024,256,1.25,79,100000,cooling,120,30000,320040,29200,0.7712923284000122,0,0,0,0,1.0,0.0,True,False
1024,256,1.25,79,100000,cooling,121,30250,322707,29200,0.7681951955948367,0,0,0,0,1.0,0.0,True,False
1024,256,1.25,79,100000,cooling,122,30500,325374,29200,0.7651104993604136,0,0,0,0,1.0,0.0,True,False
1024,256,1.25,79,100000,cooling,123,30750,328041,29200,0.7620381897575568,0,0,0,0,1.0,0.0,True,False
1024,256,1.25,79,100000,cooling,124,31000,330708,29200,0.758978217047611,0,0,0,0,1.0,0.0,True,False
1024,256,1.25,79,100000,cooling,125,31250,333375,29200,0.7559305316916476,0,0,0,0,1.0,0.0,True,False
1024,256,1.25,79,100000,cooling,126,31500,336042,29200,0.7528950843496618,0,0,0,0,1.0,0.0,True,False
1024,256,1.25,79,100000,cooling,127,31750,338709,29200,0.7498718258797743,0,0,0,0,1.0,0.0,True,False
1024,256,1.25,79,100000,cooling,128,32000,341376,29200,0.7468607073374355,0,0,0,0,1.0,0.0,True,False
1024,256,1.25,79,100000,cooling,129,32250,344043,29200,0.7438616799746329,0,0,0,0,1.0,0.0,True,False
1024,256,1.25,79,100000,cooling,130,32500,346710,29200,0.740874695239103,0,0,0,0,1.0,0.0,True,False
1024,256,1.25,79,100000,cooling,131,32750,349377,29200,0.7378997047735432,0,0,0,0,1.0,0.0,True,False
1024,256,1.25,79,100000,cooling,132,33000,352044,29200,0.7349366604148315,0,0,0,0,1.0,0.0,True,False
1024,256,1.25,79,100000,cooling,133,33250,354711,29200,0.7319855141932443,0,0,0,0,1.0,0.0,True,False
1024,256,1.25,79,100000,cooling,134,33500,357378,29200,0.7290462183316819,0,0,0,0,1.0,0.0,True,False
1024,256,1.25,79,100000,cooling,135,33750,360045,29200,0.7261187252448933,0,0,0,0,1.0,0.0,True,False
1024,256,1.25,79,100000,cooling,136,34000,362712,29200,0.723202987538707,0,0,0,0,1.0,0.0,True,False
1024,256,1.25,79,100000,cooling,137,34250,365379,29200,0.7202989580092635,0,0,0,0,1.0,0.0,True,False
1024,256,1.25,79,100000,cooling,138,34500,368046,29200,0.7174065896422505,0,0,0,0,1.0,0.0,True,False
1024,256,1.25,79,100000,cooling,139,34750,370713,29200,0.714525835612142,0,0,0,0,1.0,0.0,True,False
1024,256,1.25,79,100000,cooling,140,35000,373380,29200,0.7116566492814413,0,0,0,0,1.0,0.0,True,False
1024,256,1.25,79,100000,cooling,141,35250,376047,29200,0.7087989841999242,0,0,0,0,1.0,0.0,True,False
1024,256,1.25,79,100000,cooling,142,35500,378714,29200,0.7059527941038883,0,0,0,0,1.0,0.0,True,False
1024,256,1.25,79,100000,cooling,143,35750,381381,29200,0.7031180329154036,0,0,0,0,1.0,0.0,True,False
1024,256,1.25,79,100000,cooling,144,36000,384048,29200,0.7002946547415665,0,0,0,0,1.0,0.0,True,False
1024,256,1.25,79,100000,cooling,145,36250,386715,29200,0.6974826138737565,0,0,0,0,1.0,0.0,True,False
1024,256,1.25,79,100000,cooling,146,36500,389382,29200,0.6946818647868973,0,0,0,0,1.0,0.0,True,False
1024,256,1.25,79,100000,cooling,147,36750,392049,29200,0.6918923621387185,0,0,0,0,1.0,0.0,True,False
1024,256,1.25,79,100000,cooling,148,37000,394716,29200,0.689114060769022,0,0,0,0,1.0,0.0,True,False
1024,256,1.25,79,100000,cooling,149,37250,397383,29200,0.6863469156989515,0,0,0,0,1.0,0.0,True,False
1024,256,1.25,79,100000,cooling,150,37500,400050,29200,0.6835908821302632,0,0,0,0,1.0,0.0,True,False
1024,256,1.25,79,100000,cooling,151,37750,402717,29200,0.6808459154446016,0,0,0,0,1.0,0.0,True,False
1024,256,1.25,79,100000,cooling,152,38000,405384,29200,0.6781119712027766,0,0,0,0,1.0,0.0,True,False
1024,256,1.25,79,100000,cooling,153,38250,408051,29200,0.6753890051440437,0,0,0,0,1.0,0.0,True,False
1024,256,1.25,79,100000,cooling,154,38500,410718,29200,0.6726769731853885,0,0,0,0,1.0,0.0,True,False
1024,256,1.25,79,100000,cooling,155,38750,413385,29200,0.6699758314208122,0,0,0,0,1.0,0.0,True,False
1024,256,1.25,79,100000,cooling,156,39000,416052,29200,0.6672855361206211,0,0,0,0,1.0,0.0,True,False
1024,256,1.25,79,100000,cooling,157,39250,418719,29200,0.6646060437307184,0,0,0,0,1.0,0.0,True,False
1024,256,1.25,79,100000,cooling,158,39500,421386,29200,0.6619373108718993,0,0,0,0,1.0,0.0,True,False
1024,256,1.25,79,100000,cooling,159,39750,424053,29200,0.6592792943391488,0,0,0,0,1.0,0.0,True,False
1024,256,1.25,79,100000,cooling,160,40000,426720,29200,0.6566319511009417,0,0,0,0,1.0,0.0,True,False
1024,256,1.25,79,100000,cooling,161,40250,429387,29200,0.6539952382985472,0,0,0,0,1.0,0.0,True,False
1024,256,1.25,79,100000,cooling,162,40500,432054,29200,0.6513691132453334,0,0,0,0,1.0,0.0,True,False
1024,256,1.25,79,100000,cooling,163,40750,434721,29200,0.6487535334260774,0,0,0,0,1.0,0.0,True,False
1024,256,1.25,79,100000,cooling,164,41000,437388,29200,0.6461484564962765,0,0,0,0,1.0,0.0,True,False
1024,256,1.25,79,100000,cooling,165,41250,440055,29200,0.6435538402814628,0,0,0,0,1.0,0.0,True,False
1024,256,1.25,79,100000,cooling,166,41500,442722,29200,0.6409696427765208,0,0,0,0,1.0,0.0,True,False
1024,256,1.25,79,100000,cooling,167,41750,445389,29200,0.6383958221450063,0,0,0,0,1.0,0.0,True,False
1024,256,1.25,79,100000,cooling,168,42000,448056,29200,0.6358323367184706,0,0,0,0,1.0,0.0,True,False
1024,256,1.25,79,100000,cooling,169,42250,450723,29200,0.6332791449957847,0,0,0,0,1.0,0.0,True,False
1024,256,1.25,79,100000,cooling,170,42500,453390,29200,0.6307362056424677,0,0,0,0,1.0,0.0,True,False
1024,256,1.25,79,100000,cooling,171,42750,456057,29200,0.6282034774900181,0,0,0,0,1.0,0.0,True,False
1024,256,1.25,79,100000,cooling,172,43000,458724,29200,0.6256809195352468,0,0,0,0,1.0,0.0,True,False
1024,256,1.25,79,100000,cooling,173,43250,461391,29200,0.6231684909396134,0,0,0,0,1.0,0.0,True,False
1024,256,1.25,79,100000,cooling,174,43500,464058,29200,0.620666151028565,0,0,0,0,1.0,0.0,True,False
1024,256,1.25,79,100000,cooling,175,43750,466725,29200,0.6181738592908783,0,0,0,0,1.0,0.0,True,False
1024,256,1.25,79,100000,cooling,176,44000,469392,29200,0.6156915753780029,0,0,0,0,1.0,0.0,True,False
1024,256,1.25,79,100000,cooling,177,44250,472059,29200,0.6132192591034082,0,0,0,0,1.0,0.0,True,False
1024,256,1.25,79,100000,cooling,178,44500,474726,29200,0.6107568704419337,0,0,0,0,1.0,0.0,True,False
1024,256,1.25,79,100000,cooling,179,44750,477393,29200,0.6083043695291399,0,0,0,0,1.0,0.0,True,False
1024,256,1.25,79,100000,cooling,180,45000,480060,29200,0.6058617166606634,0,0,0,0,1.0,0.0,True,False
1024,256,1.25,79,100000,cooling,181,45250,482727,29200,0.6034288722915743,0,0,0,0,1.0,0.0,True,False
1024,256,1.25,79,100000,cooling,182,45500,485394,29200,0.6010057970357356,0,0,0,0,1.0,0.0,True,False
1024,256,1.25,79,100000,cooling,183,45750,488061,29200,0.5985924516651662,0,0,0,0,1.0,0.0,True,False
1024,256,1.25,79,100000,cooling,184,46000,490728,29200,0.5961887971094048,0,0,0,0,1.0,0.0,True,False
1024,256,1.25,79,100000,cooling,185,46250,493395,29200,0.5937947944548781,0,0,0,0,1.0,0.0,True,False
1024,256,1.25,79,100000,cooling,186,46500,496062,29200,0.5914104049442713,0,0,0,0,1.0,0.0,True,False
1024,256,1.25,79,100000,cooling,187,46750,498729,29200,0.5890355899758991,0,0,0,0,1.0,0.0,True,False
1024,256,1.25,79,100000,cooling,188,47000,501396,29200,0.5866703111030825,0,0,0,0,1.0,0.0,True,False
1024,256,1.25,79,100000,cooling,189,47250,504063,29200,0.5843145300335248,0,0,0,0,1.0,0.0,True,False
1024,256,1.25,79,100000,cooling,190,47500,506730,29200,0.5819682086286931,0,0,0,0,1.0,0.0,True,False
1024,256,1.25,79,100000,cooling,191,47750,509397,29200,0.5796313089031999,0,0,0,0,1.0,0.0,True,False
1024,256,1.25,79,100000,cooling,192,48000,512064,29200,0.5773037930241883,0,0,0,0,1.0,0.0,True,False
1024,256,1.25,79,100000,cooling,193,48250,514731,29200,0.5749856233107199,0,0,0,0,1.0,0.0,True,False
1024,256,1.25,79,100000,cooling,194,48500,517398,29200,0.5726767622331645,0,0,0,0,1.0,0.0,True,False
1024,256,1.25,79,100000,cooling,195,48750,520065,29200,0.5703771724125926,0,0,0,0,1.0,0.0,True,False
1024,256,1.25,79,100000,cooling,196,49000,522732,29200,0.5680868166201698,0,0,0,0,1.0,0.0,True,False
1024,256,1.25,79,100000,cooling,197,49250,525399,29200,0.565805657776555,0,0,0,0,1.0,0.0,True,False
1024,256,1.25,79,100000,cooling,198,49500,528066,29200,0.5635336589512993,0,0,0,0,1.0,0.0,True,False
1024,256,1.25,79,100000,cooling,199,49750,530733,29200,0.5612707833622484,0,0,0,0,1.0,0.0,True,False
1024,256,1.25,79,100000,cooling,200,50000,533400,29200,0.5590169943749475,0,0,0,0,1.0,0.0,True,False
1024,256,1.25,79,100000,cooling,201,50250,536067,29200,0.5567722555020473,0,0,0,0,1.0,0.0,True,False
1024,256,1.25,79,100000,cooling,202,50500,538734,29200,0.5545365304027143,0,0,0,0,1.0,0.0,True,False
1024,256,1.25,79,100000,cooling,203,50750,541401,29200,0.552309782882042,0,0,0,0,1.0,0.0,True,False
1024,256,1.25,79,100000,cooling,204,51000,544068,29200,0.5500919768904645,0,0,0,0,1.0,0.0,True,False
1024,256,1.25,79,100000,cooling,205,51250,546735,29200,0.5478830765231739,0,0,0,0,1.0,0.0,True,False
1024,256,1.25,79,100000,cooling,206,51500,549402,29200,0.5456830460195381,0,0,0,0,1.0,0.0,True,False
1024,256,1.25,79,100000,cooling,207,51750,552069,29200,0.5434918497625223,0,0,0,0,1.0,0.0,True,False
1024,256,1.25,79,100000,cooling,208,52000,554736,29200,0.5413094522781122,0,0,0,0,1.0,0.0,True,False
1024,256,1.25,79,100000,cooling,209,52250,557403,29200,0.5391358182347401,0,0,0,0,1.0,0.0,True,False
1024,256,1.25,79,100000,cooling,210,52500,560070,29200,0.5369709124427122,0,0,0,0,1.0,0.0,True,False
1024,256,1.25,79,100000,cooling,211,52750,562737,29200,0.5348146998536395,0,0,0,0,1.0,0.0,True,False
1024,256,1.25,79,100000,cooling,212,53000,565404,29200,0.5326671455598703,0,0,0,0,1.0,0.0,True,False
1024,256,1.25,79,100000,cooling,213,53250,568071,29200,0.5305282147939248,0,0,0,0,1.0,0.0,True,False
1024,256,1.25,79,100000,cooling,214,53500,570738,29200,0.5283978729279322,0,0,0,0,1.0,0.0,True,False
1024,256,1.25,79,100000,cooling,215,53750,573405,29200,0.5262760854730708,0,0,0,0,1.0,0.0,True,False
1024,256,1.25,79,100000,cooling,216,54000,576072,29200,0.5241628180790088,0,0,0,0,1.0,0.0,True,False
1024,256,1.25,79,100000,cooling,217,54250,578739,29200,0.5220580365333486,0,0,0,0,1.0,0.0,True,False
1024,256,1.25,79,100000,cooling,218,54500,581406,29200,0.5199617067610728,0,0,0,0,1.0,0.0,True,False
1024,256,1.25,79,100000,cooling,219,54750,584073,29200,0.5178737948239927,0,0,0,0,1.0,0.0,True,False
1024,256,1.25,79,100000,cooling,220,55000,586740,29200,0.5157942669201987,0,0,0,0,1.0,0.0,True,False
1024,256,1.25,79,100000,cooling,221,55250,589407,29200,0.5137230893835133,0,0,0,0,1.0,0.0,True,False
1024,256,1.25,79,100000,cooling,222,55500,592074,29200,0.5116602286829456,0,0,0,0,1.0,0.0,True,False
1024,256,1.25,79,100000,cooling,223,55750,594741,29200,0.5096056514221491,0,0,0,0,1.0,0.0,True,False
1024,256,1.25,79,100000,cooling,224,56000,597408,29200,0.5075593243388804,0,0,0,0,1.0,0.0,True,False
1024,256,1.25,79,100000,cooling,225,56250,600075,29200,0.5055212143044613,0,0,0,0,1.0,0.0,True,False
1024,256,1.25,79,100000,cooling,226,56500,602742,29200,0.5034912883232419,0,0,0,0,1.0,0.0,True,False
1024,256,1.25,79,100000,cooling,227,56750,605409,29200,0.5014695135320667,0,0,0,0,1.0,0.0,True,False
1024,256,1.25,79,100000,cooling,228,57000,608076,29200,0.4994558571997429,0,0,0,0,1.0,0.0,True,False
1024,256,1.25,79,100000,cooling,229,57250,610743,29200,0.49745028672650965,0,0,0,0,1.0,0.0,True,False
1024,256,1.25,79,100000,cooling,230,57500,613410,29200,0.4954527696435115,0,0,0,0,1.0,0.0,True,False
1024,256,1.25,79,100000,cooling,231,57750,616077,29200,0.49346327361227116,0,0,0,0,1.0,0.0,True,False
1024,256,1.25,79,100000,cooling,232,58000,618744,29200,0.4914817664241675,0,0,0,0,1.0,0.0,True,False
1024,256,1.25,79,100000,cooling,233,58250,621411,29200,0.48950821599991334,0,0,0,0,1.0,0.0,True,False
1024,256,1.25,79,100000,cooling,234,58500,624078,29200,0.4875425903890362,0,0,0,0,1.0,0.0,True,False
1024,256,1.25,79,100000,cooling,235,58750,626745,29200,0.4855848577693608,0,0,0,0,1.0,0.0,True,False
1024,256,1.25,79,100000,cooling,236,59000,629412,29200,0.48363498644649455,0,0,0,0,1.0,0.0,True,False
1024,256,1.25,79,100000,cooling,237,59250,632079,29200,0.4816929448533139,0,0,0,0,1.0,0.0,True,False
1024,256,1.25,79,100000,cooling,238,59500,634746,29200,0.4797587015494534,0,0,0,0,1.0,0.0,True,False
1024,256,1.25,79,100000,cooling,239,59750,637413,29200,0.47783222522079666,0,0,0,0,1.0,0.0,True,False
1024,256,1.25,79,100000,cooling,240,60000,640080,29200,0.47591348467896966,0,0,0,0,1.0,0.0,True,False
1024,256,1.25,79,100000,cooling,241,60250,642747,29200,0.4740024488608354,0,0,0,0,1.0,0.0,True,False
1024,256,1.25,79,100000,cooling,242,60500,645414,29200,0.4720990868279915,0,0,0,0,1.0,0.0,True,False
1024,256,1.25,79,100000,cooling,243,60750,648081,29200,0.4702033677662689,0,0,0,0,1.0,0.0,True,False
1024,256,1.25,79,100000,cooling,244,61000,650748,29200,0.46831526098523335,0,0,0,0,1.0,0.0,True,False
1024,256,1.25,79,100000,cooling,245,61250,653415,29200,0.4664347359176879,0,0,0,0,1.0,0.0,True,False
1024,256,1.25,79,100000,cooling,246,61500,656082,29200,0.4645617621191793,0,0,0,0,1.0,0.0,True,False
1024,256,1.25,79,100000,cooling,247,61750,658749,29200,0.46269630926750355,0,0,0,0,1.0,0.0,True,False
1024,256,1.25,79,100000,cooling,248,62000,661416,29200,0.4608383471622164,0,0,0,0,1.0,0.0,True,False
1024,256,1.25,79,100000,cooling,249,62250,664083,29200,0.45898784572414336,0,0,0,0,1.0,0.0,True,False
1024,256,1.25,79,100000,cooling,250,62500,666750,29200,0.45714477499489364,0,0,0,0,1.0,0.0,True,False
1024,256,1.25,79,100000,cooling,251,62750,669417,29200,0.4553091051363742,0,0,0,0,1.0,0.0,True,False
1024,256,1.25,79,100000,cooling,252,63000,672084,29200,0.45348080643030747,0,0,0,0,1.0,0.0,True,False
1024,256,1.25,79,100000,cooling,253,63250,674751,29200,0.4516598492777501,0,0,0,0,1.0,0.0,True,False
1024,256,1.25,79,100000,cooling,254,63500,677418,29200,0.4498462041986132,0,0,0,0,1.0,0.0,True,False
1024,256,1.25,79,100000,cooling,255,63750,680085,29200,0.44803984183118595,0,0,0,0,1.0,0.0,True,False
1024,256,1.25,79,100000,cooling,256,64000,682752,29200,0.44624073293165945,0,0,0,0,1.0,0.0,True,False
1024,256,1.25,79,100000,cooling,257,64250,685419,29200,0.44444884837365395,0,0,0,0,1.0,0.0,True,False
1024,256,1.25,79,100000,cooling,258,64500,688086,29200,0.4426641591477466,0,0,0,0,1.0,0.0,True,False
1024,256,1.25,79,100000,cooling,259,64750,690753,29200,0.4408866363610026,0,0,0,0,1.0,0.0,True,False
1024,256,1.25,79,100000,cooling,260,65000,693420,29200,0.4391162512365068,0,0,0,0,1.0,0.0,True,False
1024,256,1.25,79,100000,cooling,261,65250,696087,29200,0.4373529751128983,0,0,0,0,1.0,0.0,True,False
1024,256,1.25,79,100000,cooling,262,65500,698754,29200,0.43559677944390585,0,0,0,0,1.0,0.0,True,False
1024,256,1.25,79,100000,cooling,263,65750,701421,29200,0.43384763579788643,0,0,0,0,1.0,0.0,True,False
1024,256,1.25,79,100000,cooling,264,66000,704088,29200,0.43210551585736423,0,0,0,0,1.0,0.0,True,False
1024,256,1.25,79,100000,cooling,265,66250,706755,29200,0.43037039141857303,0,0,0,0,1.0,0.0,True,False
1024,256,1.25,79,100000,cooling,266,66500,709422,29200,0.4286422343909987,0,0,0,0,1.0,0.0,True,False
1024,256,1.25,79,100000,cooling,267,66750,712089,29200,0.4269210167969252,0,0,0,0,1.0,0.0,True,False
1024,256,1.25,79,100000,cooling,268,67000,714756,29200,0.4252067107709811,0,0,0,0,1.0,0.0,True,False
1024,256,1.25,79,100000,cooling,269,67250,717423,29200,0.4234992885596889,0,0,0,0,1.0,0.0,True,False
1024,256,1.25,79,100000,cooling,270,67500,720090,29200,0.42179872252101513,0,0,0,0,1.0,0.0,True,False
1024,256,1.25,79,100000,cooling,271,67750,722757,29200,0.42010498512392364,0,0,0,0,1.0,0.0,True,False
1024,256,1.25,79,100000,cooling,272,68000,725424,29200,0.4184180489479291,0,0,0,0,1.0,0.0,True,False
1024,256,1.25,79,100000,cooling,273,68250,728091,29200,0.4167378866826537,0,0,0,0,1.0,0.0,True,False
1024,256,1.25,79,100000,cooling,274,68500,730758,29200,0.4150644711273846,0,0,0,0,1.0,0.0,True,False
1024,256,1.25,79,100000,cooling,275,68750,733425,29200,0.4133977751906338,0,0,0,0,1.0,0.0,True,False
1024,256,1.25,79,100000,cooling,276,69000,736092,29200,0.41173777188969946,0,0,0,0,1.0,0.0,True,False
1024,256,1.25,79,100000,cooling,277,69250,738759,29200,0.41008443435022884,0,0,0,0,1.0,0.0,True,False
1024,256,1.25,79,100000,cooling,278,69500,741426,29200,0.4084377358057839,0,0,0,0,1.0,0.0,True,False
1024,256,1.25,79,100000,cooling,279,69750,744093,29200,0.4067976495974071,0,0,0,0,1.0,0.0,True,False
1024,256,1.25,79,100000,cooling,280,70000,746760,29200,0.40516414917319066,0,0,0,0,1.0,0.0,True,False
1024,256,1.25,79,100000,cooling,281,70250,749427,29200,0.40353720808784577,0,0,0,0,1.0,0.0,True,False
1024,256,1.25,79,100000,cooling,282,70500,752094,29200,0.4019168000022755,0,0,0,0,1.0,0.0,True,False
1024,256,1.25,79,100000,cooling,283,70750,754761,29200,0.4003028986831474,0,0,0,0,1.0,0.0,True,False
1024,256,1.25,79,100000,cooling,284,71000,757428,29200,0.39869547800246957,0,0,0,0,1.0,0.0,True,False
1024,256,1.25,79,100000,cooling,285,71250,760095,29200,0.3970945119371671,0,0,0,0,1.0,0.0,True,False
1024,256,1.25,79,100000,cooling,286,71500,762762,29200,0.3954999745686613,0,0,0,0,1.0,0.0,True,False
1024,256,1.25,79,100000,cooling,287,71750,765429,29200,0.3939118400824495,0,0,0,0,1.0,0.0,True,False
1024,256,1.25,79,100000,cooling,288,72000,768096,29200,0.3923300827676878,0,0,0,0,1.0,0.0,True,False
1024,256,1.25,79,100000,cooling,289,72250,770763,29200,0.3907546770167741,0,0,0,0,1.0,0.0,True,False
1024,256,1.25,79,100000,cooling,290,72500,773430,29200,0.38918559732493424,0,0,0,0,1.0,0.0,True,False
1024,256,1.25,79,100000,cooling,291,72750,776097,29200,0.3876228182898085,0,0,0,0,1.0,0.0,True,False
1024,256,1.25,79,100000,cooling,292,73000,778764,29200,0.3860663146110409,0,0,0,0,1.0,0.0,True,False
1024,256,1.25,79,100000,cooling,293,73250,781431,29200,0.38451606108986897,0,0,0,0,1.0,0.0,True,False
1024,256,1.25,79,100000,cooling,294,73500,784098,29200,0.38297203262871643,0,0,0,0,1.0,0.0,True,False
1024,256,1.25,79,100000,cooling,295,73750,786765,29200,0.3814342042307864,0,0,0,0,1.0,0.0,True,False
1024,256,1.25,79,100000,cooling,296,74000,789432,29200,0.3799025509996571,0,0,0,0,1.0,0.0,True,False
1024,256,1.25,79,100000,cooling,297,74250,792099,29200,0.37837704813887846,0,0,0,0,1.0,0.0,True,False
1024,256,1.25,79,100000,cooling,298,74500,794766,29200,0.37685767095157086,0,0,0,0,1.0,0.0,True,False
1024,256,1.25,79,100000,cooling,299,74750,797433,29200,0.3753443948400253,0,0,0,0,1.0,0.0,True,False
1024,256,1.25,79,100000,cooling,300,75000,800100,29200,0.3738371953053052,0,0,0,0,1.0,0.0,True,False
1024,256,1.25,79,100000,cooling,301,75250,802767,29200,0.37233604794684955,0,0,0,0,1.0,0.0,True,False
1024,256,1.25,79,100000,cooling,302,75500,805434,29200,0.3708409284620781,0,0,0,0,1.0,0.0,True,False
1024,256,1.25,79,100000,cooling,303,75750,808101,29200,0.3693518126459982,0,0,0,0,1.0,0.0,True,False
1024,256,1.25,79,100000,cooling,304,76000,810768,29200,0.3678686763908121,0,0,0,0,1.0,0.0,True,False
1024,256,1.25,79,100000,cooling,305,76250,813435,29200,0.3663914956855277,0,0,0,0,1.0,0.0,True,False
1024,256,1.25,79,100000,cooling,306,76500,816102,29200,0.3649202466155688,0,0,0,0,1.0,0.0,True,False
1024,256,1.25,79,100000,cooling,307,76750,818769,29200,0.3634549053623889,0,0,0,0,1.0,0.0,True,False
1024,256,1.25,79,100000,cooling,308,77000,821436,29200,0.3619954482030847,0,0,0,0,1.0,0.0,True,False
1024,256,1.25,79,100000,cooling,309,77250,824103,29200,0.3605418515100129,0,0,0,0,1.0,0.0,True,False
1024,256,1.25,79,100000,cooling,310,77500,826770,29200,0.35909409175040696,0,0,0,0,1.0,0.0,True,False
1024,256,1.25,79,100000,cooling,311,77750,829437,29200,0.35765214548599655,0,0,0,0,1.0,0.0,True,False
1024,256,1.25,79,100000,cooling,312,78000,832104,29200,0.3562159893726279,0,0,0,0,1.0,0.0,True,False
1024,256,1.25,79,100000,cooling,313,78250,834771,29200,0.35478560015988597,0,0,0,0,1.0,0.0,True,False
1024,256,1.25,79,100000,cooling,314,78500,837438,29200,0.35336095469071804,0,0,0,0,1.0,0.0,True,False
1024,256,1.25,79,100000,cooling,315,78750,840105,29200,0.35194202990105894,0,0,0,0,1.0,0.0,True,False
1024,256,1.25,79,100000,cooling,316,79000,842772,29200,0.3505288028194572,0,0,0,0,1.0,0.0,True,False
1024,256,1.25,79,100000,cooling,317,79250,845439,29200,0.34912125056670357,0,0,0,0,1.0,0.0,True,False
1024,256,1.25,79,100000,cooling,318,79500,848106,29200,0.3477193503554607,0,0,0,0,1.0,0.0,True,False
1024,256,1.25,79,100000,cooling,319,79750,850773,29200,0.3463230794898939,0,0,0,0,1.0,0.0,True,False
1024,256,1.25,79,100000,cooling,320,80000,853440,29200,0.3449324153653037,0,0,0,0,1.0,0.0,True,False
1024,256,1.25,79,100000,cooling,321,80250,856107,29200,0.3435473354677604,0,0,0,0,1.0,0.0,True,False
1024,256,1.25,79,100000,cooling,322,80500,858774,29200,0.34216781737373886,0,0,0,0,1.0,0.0,True,False
1024,256,1.25,79,100000,cooling,323,80750,861441,29200,0.34079383874975616,0,0,0,0,1.0,0.0,True,False
1024,256,1.25,79,100000,cooling,324,81000,864108,29200,0.33942537735200956,0,0,0,0,1.0,0.0,True,False
1024,256,1.25,79,100000,cooling,325,81250,866775,29200,0.33806241102601664,0,0,0,0,1.0,0.0,True,False
1024,256,1.25,79,100000,cooling,326,81500,869442,29200,0.3367049177062564,0,0,0,0,1.0,0.0,True,False
1024,256,1.25,79,100000,cooling,327,81750,872109,29200,0.33535287541581227,0,0,0,0,1.0,0.0,True,False
1024,256,1.25,79,100000,cooling,328,82000,874776,29200,0.3340062622660164,0,0,0,0,1.0,0.0,True,False
1024,256,1.25,79,100000,cooling,329,82250,877443,29200,0.3326650564560947,0,0,0,0,1.0,0.0,True,False
1024,256,1.25,79,100000,cooling,330,82500,880110,29200,0.3313292362728148,0,0,0,0,1.0,0.0,True,False
1024,256,1.25,79,100000,cooling,331,82750,882777,29200,0.3299987800901338,0,0,0,0,1.0,0.0,True,False
1024,256,1.25,79,100000,cooling,332,83000,885444,29200,0.32867366636884837,0,0,0,0,1.0,0.0,True,False
1024,256,1.25,79,100000,cooling,333,83250,888111,29200,0.32735387365624635,0,0,0,0,1.0,0.0,True,False
1024,256,1.25,79,100000,cooling,334,83500,890778,29200,0.3260393805857589,0,0,0,0,1.0,0.0,True,False
1024,256,1.25,79,100000,cooling,335,83750,893445,29200,0.32473016587661485,0,0,0,0,1.0,0.0,True,False
1024,256,1.25,79,100000,cooling,336,84000,896112,29200,0.32342620833349656,0,0,0,0,1.0,0.0,True,False
1024,256,1.25,79,100000,cooling,337,84250,898779,29200,0.32212748684619597,0,0,0,0,1.0,0.0,True,False
1024,256,1.25,79,100000,cooling,338,84500,901446,29200,0.3208339803892737,0,0,0,0,1.0,0.0,True,False
1024,256,1.25,79,100000,cooling,339,84750,904113,29200,0.3195456680217179,0,0,0,0,1.0,0.0,True,False
1024,256,1.25,79,100000,cooling,340,85000,906780,29200,0.3182625288866059,0,0,0,0,1.0,0.0,True,False
1024,256,1.25,79,100000,cooling,341,85250,909447,29200,0.31698454221076594,0,0,0,0,1.0,0.0,True,False
1024,256,1.25,79,100000,cooling,342,85500,912114,29200,0.3157116873044414,0,0,0,0,1.0,0.0,True,False
1024,256,1.25,79,100000,cooling,343,85750,914781,29200,0.3144439435609554,0,0,0,0,1.0,0.0,True,False
1024,256,1.25,79,100000,cooling,344,86000,917448,29200,0.31318129045637755,0,0,0,0,1.0,0.0,True,False
1024,256,1.25,79,100000,cooling,345,86250,920115,29200,0.3119237075491915,0,0,0,0,1.0,0.0,True,False
1024,256,1.25,79,100000,cooling,346,86500,922782,29200,0.310671174479964,0,0,0,0,1.0,0.0,True,False
1024,256,1.25,79,100000,cooling,347,86750,925449,29200,0.30942367097101525,0,0,0,0,1.0,0.0,True,False
1024,256,1.25,79,100000,cooling,348,87000,928116,29200,0.30818117682609086,0,0,0,0,1.0,0.0,True,False
1024,256,1.25,79,100000,cooling,349,87250,930783,29200,0.3069436719300346,0,0,0,0,1.0,0.0,True,False
1024,256,1.25,79,100000,cooling,350,87500,933450,29200,0.30571113624846297,0,0,0,0,1.0,0.0,True,False
1024,256,1.25,79,100000,cooling,351,87750,936117,29200,0.3044835498274407,0,0,0,0,1.0,0.0,True,False
1024,256,1.25,79,100000,cooling,352,88000,938784,29200,0.3032608927931576,0,0,0,0,1.0,0.0,True,False
1024,256,1.25,79,100000,cooling,353,88250,941451,29200,0.30204314535160737,0,0,0,0,1.0,0.0,True,False
1024,256,1.25,79,100000,cooling,354,88500,944118,29200,0.30083028778826637,0,0,0,0,1.0,0.0,True,False
1024,256,1.25,79,100000,cooling,355,88750,946785,29200,0.29962230046777516,0,0,0,0,1.0,0.0,True,False
1024,256,1.25,79,100000,cooling,356,89000,949452,29200,0.29841916383362005,0,0,0,0,1.0,0.0,True,False
1024,256,1.25,79,100000,cooling,357,89250,952119,29200,0.29722085840781687,0,0,0,0,1.0,0.0,True,False
1024,256,1.25,79,100000,cooling,358,89500,954786,29200,0.2960273647905955,0,0,0,0,1.0,0.0,True,False
1024,256,1.25,79,100000,cooling,359,89750,957453,29200,0.29483866366008576,0,0,0,0,1.0,0.0,True,False
1024,256,1.25,79,100000,cooling,360,90000,960120,29200,0.29365473577200474,0,0,0,0,1.0,0.0,True,False
1024,256,1.25,79,100000,cooling,361,90250,962787,29200,0.2924755619593451,0,0,0,0,1.0,0.0,True,False
1024,256,1.25,79,100000,cooling,362,90500,965454,29200,0.29130112313206485,0,0,0,0,1.0,0.0,True,False
1024,256,1.25,79,100000,cooling,363,90750,968121,29200,0.2901314002767782,0,0,0,0,1.0,0.0,True,False
1024,256,1.25,79,100000,cooling,364,91000,970788,29200,0.2889663744564479,0,0,0,0,1.0,0.0,True,False
1024,256,1.25,79,100000,cooling,365,91250,973455,29200,0.2878060268100786,0,0,0,0,1.0,0.0,True,False
1024,256,1.25,79,100000,cooling,366,91500,976122,29200,0.28665033855241145,0,0,0,0,1.0,0.0,True,False
1024,256,1.25,79,100000,cooling,367,91750,978789,29200,0.2854992909736199,0,0,0,0,1.0,0.0,True,False
1024,256,1.25,79,100000,cooling,368,92000,981456,29200,0.2843528654390072,0,0,0,0,1.0,0.0,True,False
1024,256,1.25,79,100000,cooling,369,92250,984123,29200,0.2832110433887041,0,0,0,0,1.0,0.0,True,False
1024,256,1.25,79,100000,cooling,370,92500,986790,29200,0.2820738063373689,0,0,0,0,1.0,0.0,True,False
1024,256,1.25,79,100000,cooling,371,92750,989457,29200,0.2809411358738879,0,0,0,0,1.0,0.0,True,False
1024,256,1.25,79,100000,cooling,372,93000,992124,29200,0.2798130136610776,0,0,0,0,1.0,0.0,True,False
1024,256,1.25,79,100000,cooling,373,93250,994791,29200,0.2786894214353875,0,0,0,0,1.0,0.0,True,False
1024,256,1.25,79,100000,cooling,374,93500,997458,29200,0.2775703410066045,0,0,0,0,1.0,0.0,True,False
1024,256,1.25,79,100000,cooling,375,93750,1000125,29200,0.2764557542575588,0,0,0,0,1.0,0.0,True,False
1024,256,1.25,79,100000,cooling,376,94000,1002792,29200,0.2753456431438301,0,0,0,0,1.0,0.0,True,False
1024,256,1.25,79,100000,cooling,377,94250,1005459,29200,0.27423998969345553,0,0,0,0,1.0,0.0,True,False
1024,256,1.25,79,100000,cooling,378,94500,1008126,29200,0.2731387760066392,0,0,0,0,1.0,0.0,True,False
1024,256,1.25,79,100000,cooling,379,94750,1010793,29200,0.2720419842554617,0,0,0,0,1.0,0.0,True,False
1024,256,1.25,79,100000,cooling,380,95000,1013460,29200,0.2709495966835921,0,0,0,0,1.0,0.0,True,False
1024,256,1.25,79,100000,cooling,381,95250,1016127,29200,0.26986159560599987,0,0,0,0,1.0,0.0,True,False
1024,256,1.25,79,100000,cooling,382,95500,1018794,29200,0.26877796340866933,0,0,0,0,1.0,0.0,True,False
1024,256,1.25,79,100000,cooling,383,95750,1021461,29200,0.26769868254831375,0,0,0,0,1.0,0.0,True,False
1024,256,1.25,79,100000,cooling,384,96000,1024128,29200,0.26662373555209185,0,0,0,0,1.0,0.0,True,False
1024,256,1.25,79,100000,cooling,385,96250,1026795,29200,0.2655531050173246,0,0,0,0,1.0,0.0,True,False
1024,256,1.25,79,100000,cooling,386,96500,1029462,29200,0.2644867736112137,0,0,0,0,1.0,0.0,True,False
1024,256,1.25,79,100000,cooling,387,96750,1032129,29200,0.26342472407056083,0,0,0,0,1.0,0.0,True,False
1024,256,1.25,79,100000,cooling,388,97000,1034796,29200,0.2623669392014884,0,0,0,0,1.0,0.0,True,False
1024,256,1.25,79,100000,cooling,389,97250,1037463,29200,0.2613134018791608,0,0,0,0,1.0,0.0,True,False
1024,256,1.25,79,100000,cooling,390,97500,1040130,29200,0.2602640950475075,0,0,0,0,1.0,0.0,True,False
1024,256,1.25,79,100000,cooling,391,97750,1042797,29200,0.25921900171894674,0,0,0,0,1.0,0.0,True,False
1024,256,1.25,79,100000,cooling,392,98000,1045464,29200,0.25817810497411076,0,0,0,0,1.0,0.0,True,False
1024,256,1.25,79,100000,cooling,393,98250,1048131,29200,0.2571413879615715,0,0,0,0,1.0,0.0,True,False
1024,256,1.25,79,100000,cooling,394,98500,1050798,29200,0.25610883389756806,0,0,0,0,1.0,0.0,True,False
1024,256,1.25,79,100000,cooling,395,98750,1053465,29200,0.25508042606573494,0,0,0,0,1.0,0.0,True,False
1024,256,1.25,79,100000,cooling,396,99000,1056132,29200,0.2540561478168314,0,0,0,0,1.0,0.0,True,False
1024,256,1.25,79,100000,cooling,397,99250,1058799,29200,0.2530359825684719,0,0,0,0,1.0,0.0,True,False
1024,256,1.25,79,100000,cooling,398,99500,1061466,29200,0.2520199138048576,0,0,0,0,1.0,0.0,True,False
1024,256,1.25,79,100000,cooling,399,99750,1064133,29200,0.2510079250765091,0,0,0,0,1.0,0.0,True,False
1024,256,1.25,79,100000,cooling,400,100000,1066800,29200,0.25,0,0,0,0,1.0,0.0,True,False
1024,256,1.25,79,100000,hold,401,100250,1069467,29200,0.25,0,0,0,0,1.0,0.0,True,False
1024,256,1.25,79,100000,hold,402,100500,1072134,29200,0.25,0,0,0,0,1.0,0.0,True,False
1024,256,1.25,79,100000,hold,403,100750,1074801,29200,0.25,0,0,0,0,1.0,0.0,True,False
1024,256,1.25,79,100000,hold,404,101000,1077468,29200,0.25,0,0,0,0,1.0,0.0,True,False
1024,256,1.25,79,100000,hold,405,101250,1080135,29200,0.25,0,0,0,0,1.0,0.0,True,False
1024,256,1.25,79,100000,hold,406,101500,1082802,29200,0.25,0,0,0,0,1.0,0.0,True,False
1024,256,1.25,79,100000,hold,407,101750,1085469,29200,0.25,0,0,0,0,1.0,0.0,True,False
1024,256,1.25,79,100000,hold,408,102000,1088136,29200,0.25,0,0,0,0,1.0,0.0,True,False
1024,256,1.25,79,100000,hold,409,102250,1090803,29200,0.25,0,0,0,0,1.0,0.0,True,False
1024,256,1.25,79,100000,hold,410,102500,1093470,29200,0.25,0,0,0,0,1.0,0.0,True,False
1024,256,1.25,79,100000,hold,411,102750,1096137,29200,0.25,0,0,0,0,1.0,0.0,True,False
1024,256,1.25,79,100000,hold,412,103000,1098804,29200,0.25,0,0,0,0,1.0,0.0,True,False
1024,256,1.25,79,100000,hold,413,103250,1101471,29200,0.25,0,0,0,0,1.0,0.0,True,False
1024,256,1.25,79,100000,hold,414,103500,1104138,29200,0.25,0,0,0,0,1.0,0.0,True,False
1024,256,1.25,79,100000,hold,415,103750,1106805,29200,0.25,0,0,0,0,1.0,0.0,True,False
1024,256,1.25,79,100000,hold,416,104000,1109472,29200,0.25,0,0,0,0,1.0,0.0,True,False
1024,256,1.25,79,100000,hold,417,104250,1112139,29200,0.25,0,0,0,0,1.0,0.0,True,False
1024,256,1.25,79,100000,hold,418,104500,1114806,29200,0.25,0,0,0,0,1.0,0.0,True,False
1024,256,1.25,79,100000,hold,419,104750,1117473,29200,0.25,0,0,0,0,1.0,0.0,True,False
1024,256,1.25,79,100000,hold,420,105000,1120140,29200,0.25,0,0,0,0,1.0,0.0,True,True
