N,dims,lam,g,replica,sweep,h_per_vertex,d0,d1,d2,d3,d4,d5,d6,d7,melted,pieces_flat,largest_flat,damaged_d,largest_open_d,open_regions,n_open2,pieces,h,acceptance,final
288,4 4 18,1.4,3.5,0,0,3.1999999999999997,0,288,0,0,0,0,0,0,0,0,0,0,0,0,0,1,921.5999999999999,,False
288,4 4 18,1.4,3.5,0,1000,4.302777777777777,0,23,104,73,33,31,22,2,88,20,34,88,34,1,265,1,1239.1999999999998,0.00021875,False
288,4 4 18,1.4,3.5,0,2000,4.102777777777778,0,26,103,76,32,31,19,1,83,29,22,83,22,1,262,1,1181.6,0.0002795138888888889,False
288,4 4 18,1.4,3.5,0,3000,4.213888888888889,0,26,107,76,24,25,28,2,79,19,22,79,22,1,262,1,1213.6,0.00030729166666666665,False
288,4 4 18,1.4,3.5,0,4000,4.472222222222222,0,14,91,77,38,47,17,4,106,21,22,106,22,1,274,1,1288.0,0.00031944444444444446,False
288,4 4 18,1.4,3.5,0,5000,4.088888888888889,0,21,102,67,43,45,9,1,98,19,11,98,11,1,267,1,1177.6,0.00022222222222222223,False
288,4 4 18,1.4,3.5,0,6000,4.319444444444445,0,20,92,73,48,34,16,5,103,20,14,103,14,1,268,1,1244.0,0.00028645833333333333,False
288,4 4 18,1.4,3.5,0,7000,4.341666666666666,0,18,104,66,40,35,23,2,100,17,15,100,15,1,270,1,1250.3999999999999,0.00022395833333333333,False
288,4 4 18,1.4,3.5,0,8000,4.1083333333333325,0,16,99,78,36,36,21,2,95,21,33,95,33,1,272,1,1183.1999999999998,0.00028645833333333333,False
288,4 4 18,1.4,3.5,0,9000,3.811111111111111,0,13,111,73,39,33,16,3,91,11,34,91,34,1,275,1,1097.6,0.00018055555555555555,False
288,4 4 18,1.4,3.5,0,10000,4.111111111111111,0,8,94,83,46,42,10,5,103,15,34,103,34,1,280,1,1184.0,0.000171875,False
288,4 4 18,1.4,3.5,0,11000,4.158333333333333,0,12,85,76,51,50,11,3,115,15,16,115,16,1,276,1,1197.6,0.00021527777777777778,False
288,4 4 18,1.4,3.5,0,12000,4.338888888888889,0,4,62,101,60,42,15,4,121,8,61,121,61,1,284,1,1249.6,0.0002326388888888889,False
288,4 4 18,1.4,3.5,0,13000,4.216666666666667,0,17,66,87,70,31,13,4,118,11,29,118,29,1,271,1,1214.4,0.0002743055555555556,False
288,4 4 18,1.4,3.5,0,14000,3.9027777777777777,0,18,85,81,59,38,6,1,104,17,24,104,24,1,270,1,1124.0,0.00025868055555555556,False
288,4 4 18,1.4,3.5,0,15000,4.225,0,16,83,78,49,48,10,4,111,12,30,111,30,1,272,1,1216.8,0.0002465277777777778,False
288,4 4 18,1.4,3.5,0,16000,3.9583333333333335,0,9,92,82,52,37,14,2,105,14,33,105,33,1,279,1,1140.0,0.00017708333333333335,False
288,4 4 18,1.4,3.5,0,17000,3.8333333333333335,0,17,87,76,56,42,8,2,108,16,25,108,25,1,271,1,1104.0,5.034722222222222e-05,False
288,4 4 18,1.4,3.5,0,18000,3.7888888888888883,0,22,101,74,40,44,7,0,91,11,26,91,26,1,266,1,1091.1999999999998,0.00013020833333333333,False
288,4 4 18,1.4,3.5,0,19000,3.894444444444444,0,13,92,85,40,48,10,0,98,14,33,98,33,1,275,1,1121.6,8.159722222222222e-05,False
288,4 4 18,1.4,3.5,0,20000,4.022222222222222,0,13,84,94,43,38,14,2,97,7,75,97,75,1,275,1,1158.4,0.00011458333333333333,False
288,4 4 18,1.4,3.5,0,21000,4.127777777777777,0,17,97,74,39,45,14,2,100,17,38,100,38,1,271,1,1188.8,0.00022569444444444443,False
288,4 4 18,1.4,3.5,0,22000,4.280555555555555,0,23,94,62,40,57,11,1,109,16,19,109,19,1,265,1,1232.8,0.0003177083333333333,False
288,4 4 18,1.4,3.5,0,23000,4.227777777777778,0,15,98,70,33,51,20,1,105,19,30,105,30,1,273,1,1217.6,0.00030381944444444445,False
288,4 4 18,1.4,3.5,0,24000,3.9638888888888886,0,22,92,73,48,40,12,1,101,16,13,101,13,1,266,1,1141.6,0.0002673611111111111,False
288,4 4 18,1.4,3.5,0,25000,3.9166666666666665,0,17,104,76,41,38,11,1,91,13,19,91,19,1,271,1,1128.0,0.0002465277777777778,False
288,4 4 18,1.4,3.5,0,26000,3.936111111111111,0,14,85,98,40,38,11,2,91,17,29,91,29,1,274,1,1133.6,0.00013541666666666666,False
288,4 4 18,1.4,3.5,0,27000,3.913888888888889,0,16,105,79,35,39,12,2,88,20,22,88,22,1,272,1,1127.2,0.0001388888888888889,False
288,4 4 18,1.4,3.5,0,28000,4.080555555555555,0,12,83,98,44,34,15,2,95,17,41,95,41,1,276,1,1175.1999999999998,0.00013368055555555556,False
288,4 4 18,1.4,3.5,0,29000,4.094444444444444,0,15,86,86,45,37,14,5,101,16,36,101,36,1,273,1,1179.1999999999998,0.0002534722222222222,False
288,4 4 18,1.4,3.5,0,30000,4.352777777777778,0,8,74,98,40,45,16,7,108,14,53,108,53,1,280,1,1253.6,0.0002013888888888889,False
288,4 4 18,1.4,3.5,0,31000,4.330555555555555,0,18,86,88,41,28,23,4,96,17,34,96,34,1,270,1,1247.1999999999998,0.00028645833333333333,False
288,4 4 18,1.4,3.5,0,32000,4.122222222222222,0,15,73,90,53,39,16,2,110,17,36,110,36,1,273,1,1187.1999999999998,0.0002204861111111111,False
288,4 4 18,1.4,3.5,0,33000,3.988888888888889,0,19,78,89,54,33,13,2,102,14,35,102,35,1,269,1,1148.8,0.0001579861111111111,False
288,4 4 18,1.4,3.5,0,34000,3.8833333333333337,0,9,91,94,54,32,5,3,94,14,58,94,58,1,279,1,1118.4,0.0001579861111111111,False
288,4 4 18,1.4,3.5,0,35000,4.047222222222222,0,8,64,114,56,36,9,1,102,9,53,102,53,1,280,1,1165.6,0.00017361111111111112,False
288,4 4 18,1.4,3.5,0,36000,4.238888888888889,0,4,59,100,63,45,14,3,125,9,47,125,47,1,284,1,1220.8,0.000234375,False
288,4 4 18,1.4,3.5,0,37000,4.169444444444444,0,2,53,107,60,48,16,2,126,8,50,126,50,1,286,1,1200.8,0.00018229166666666667,False
288,4 4 18,1.4,3.5,0,38000,4.155555555555555,0,2,53,118,48,49,13,5,115,4,74,115,74,1,286,1,1196.8,0.0001579861111111111,False
288,4 4 18,1.4,3.5,0,39000,4.199999999999999,0,1,65,105,49,47,20,1,117,7,98,117,98,1,287,1,1209.6,0.0002552083333333333,False
288,4 4 18,1.4,3.5,0,40000,3.8499999999999996,0,9,60,99,62,48,8,2,120,10,78,120,78,1,279,1,1108.8,0.00019270833333333333,False
288,4 4 18,1.4,3.5,0,41000,3.8472222222222223,0,10,55,108,52,50,13,0,115,6,63,115,63,1,278,1,1108.0,0.000125,False
288,4 4 18,1.4,3.5,0,42000,3.9583333333333335,0,6,39,114,64,57,7,1,129,4,110,129,110,1,282,1,1140.0,0.00017534722222222222,False
288,4 4 18,1.4,3.5,0,43000,4.116666666666666,0,7,28,122,66,49,13,3,131,6,114,131,114,1,281,1,1185.6,0.00013020833333333333,False
288,4 4 18,1.4,3.5,0,44000,4.088888888888889,0,7,35,125,53,52,13,3,121,8,115,121,115,1,281,1,1177.6,0.00018055555555555555,False
288,4 4 18,1.4,3.5,0,45000,4.533333333333333,0,1,25,125,56,58,19,4,137,8,117,137,117,1,287,1,1305.6,0.00038368055555555557,False
288,4 4 18,1.4,3.5,0,46000,4.324999999999999,0,6,23,121,59,55,20,4,138,6,58,138,58,1,282,1,1245.6,0.00026388888888888886,False
288,4 4 18,1.4,3.5,0,47000,4.297222222222222,0,2,14,125,69,63,14,1,147,5,68,147,68,1,286,1,1237.6,0.00037152777777777775,False
288,4 4 18,1.4,3.5,0,48000,4.083333333333333,0,2,15,143,56,61,9,2,128,6,135,128,135,1,286,1,1176.0,0.0002916666666666667,False
288,4 4 18,1.4,3.5,0,49000,3.988888888888889,0,2,21,138,51,64,10,2,127,4,134,127,134,1,286,1,1148.8,0.0002934027777777778,False
288,4 4 18,1.4,3.5,0,50000,4.083333333333333,0,1,19,142,58,47,19,2,126,3,140,126,140,1,287,1,1176.0,0.0003611111111111111,False
288,4 4 18,1.4,3.5,0,51000,4.044444444444444,0,4,5,147,67,55,8,2,132,3,145,132,145,1,284,1,1164.8,0.00028298611111111113,False
288,4 4 18,1.4,3.5,0,52000,4.097222222222222,0,3,8,145,67,47,15,3,132,1,145,132,145,1,285,1,1180.0,0.00021180555555555555,False
288,4 4 18,1.4,3.5,0,53000,3.7277777777777774,0,5,19,149,63,43,8,1,115,2,147,115,147,1,283,1,1073.6,0.0002708333333333333,False
288,4 4 18,1.4,3.5,0,54000,3.630555555555555,0,1,17,155,71,38,5,1,115,4,149,115,149,1,287,1,1045.6,0.00028819444444444444,False
288,4 4 18,1.4,3.5,0,55000,3.619444444444445,0,2,11,154,70,44,7,0,121,1,154,121,154,1,286,1,1042.4,0.00019791666666666666,False
288,4 4 18,1.4,3.5,0,56000,3.658333333333333,0,3,12,156,59,54,3,1,117,1,156,117,156,1,285,1,1053.6,0.00018055555555555555,False
288,4 4 18,1.4,3.5,0,57000,3.6694444444444443,0,1,21,157,54,49,5,1,109,2,155,109,155,1,287,1,1056.8,0.0002743055555555556,False
288,4 4 18,1.4,3.5,0,58000,3.8583333333333334,0,4,19,144,70,41,9,1,121,5,90,121,90,1,284,1,1111.2,0.0002777777777777778,False
288,4 4 18,1.4,3.5,0,59000,4.088888888888889,0,0,19,132,80,48,6,3,137,7,80,137,80,1,288,1,1177.6,0.0006961805555555556,False
288,4 4 18,1.4,3.5,0,60000,4.0,0,2,25,137,54,59,11,0,124,5,79,124,79,1,286,1,1152.0,0.0005989583333333333,False
288,4 4 18,1.4,3.5,0,61000,4.199999999999999,0,5,14,134,67,57,7,4,135,7,72,135,72,1,283,1,1209.6,0.0005173611111111111,False
288,4 4 18,1.4,3.5,0,62000,3.863888888888889,0,4,25,141,67,39,12,0,118,4,76,118,76,1,284,1,1112.8,0.0005225694444444444,False
288,4 4 18,1.4,3.5,0,63000,3.7805555555555554,0,2,16,142,88,33,6,1,128,4,83,128,83,1,286,1,1088.8,0.00043229166666666665,False
288,4 4 18,1.4,3.5,0,64000,3.5972222222222223,0,2,19,152,74,35,5,1,115,3,86,115,86,1,286,1,1036.0,0.00026215277777777776,False
288,4 4 18,1.4,3.5,0,65000,3.4749999999999996,0,2,11,164,65,41,4,1,111,3,89,111,89,1,286,1,1000.8,0.00022395833333333333,False
288,4 4 18,1.4,3.5,0,66000,3.6999999999999997,0,1,10,170,51,49,5,2,107,2,93,107,93,1,287,1,1065.6,0.00024305555555555555,False
288,4 4 18,1.4,3.5,0,67000,3.511111111111111,0,2,24,164,53,36,9,0,98,4,94,98,94,1,286,1,1011.1999999999999,0.0004409722222222222,False
288,4 4 18,1.4,3.5,0,68000,3.4,0,4,21,164,60,33,5,1,99,2,162,99,162,1,284,1,979.1999999999999,0.00036631944444444445,False
288,4 4 18,1.4,3.5,0,69000,3.6027777777777774,0,5,17,156,68,35,7,0,110,7,84,110,84,1,283,1,1037.6,0.00032638888888888887,False
288,4 4 18,1.4,3.5,0,70000,3.8000000000000003,0,5,15,161,40,60,7,0,107,4,91,107,91,1,283,1,1094.4,0.00047048611111111114,False
288,4 4 18,1.4,3.5,0,71000,3.7805555555555554,0,1,17,158,55,51,6,0,112,5,83,112,83,1,287,1,1088.8,0.0005972222222222222,False
288,4 4 18,1.4,3.5,0,72000,3.7861111111111114,0,0,12,159,58,47,12,0,117,3,83,117,83,1,288,1,1090.4,0.0004583333333333333,False
288,4 4 18,1.4,3.5,0,73000,3.663888888888889,0,1,23,147,66,38,13,0,117,3,145,117,145,1,287,1,1055.2,0.0004947916666666667,False
288,4 4 18,1.4,3.5,0,74000,3.447222222222222,0,0,20,165,61,35,7,0,103,1,165,103,165,1,288,1,992.8,0.00043055555555555555,False
288,4 4 18,1.4,3.5,0,75000,3.441666666666667,0,1,23,153,60,48,3,0,111,4,90,111,90,1,287,1,991.2,0.0003975694444444444,False
288,4 4 18,1.4,3.5,0,76000,3.394444444444444,0,0,8,179,47,49,5,0,101,2,176,101,176,1,288,1,977.5999999999999,0.0005555555555555556,False
288,4 4 18,1.4,3.5,0,77000,3.136111111111111,0,1,16,190,42,37,2,0,81,3,100,81,100,1,287,1,903.2,0.00044618055555555557,False
288,4 4 18,1.4,3.5,0,78000,3.533333333333333,0,0,5,177,42,54,9,1,106,4,95,106,95,1,288,1,1017.5999999999999,0.0003159722222222222,False
288,4 4 18,1.4,3.5,0,79000,3.236111111111111,0,0,6,194,48,34,6,0,88,2,100,88,100,1,288,1,932.0,0.00034895833333333334,False
288,4 4 18,1.4,3.5,0,80000,3.427777777777778,0,0,0,181,61,39,7,0,107,2,92,107,92,1,288,1,987.2,0.0003298611111111111,False
288,4 4 18,1.4,3.5,0,81000,3.394444444444444,0,0,5,175,65,37,6,0,108,1,175,108,175,1,288,1,977.5999999999999,0.00043402777777777775,False
288,4 4 18,1.4,3.5,0,82000,3.394444444444444,0,0,10,169,59,47,3,0,109,3,86,109,86,1,288,1,977.5999999999999,0.00047916666666666664,False
288,4 4 18,1.4,3.5,0,83000,3.4388888888888887,0,0,12,165,70,37,4,0,111,3,87,111,87,1,288,1,990.4,0.0005833333333333334,False
288,4 4 18,1.4,3.5,0,84000,3.486111111111111,1,2,17,161,62,41,4,0,107,4,156,107,156,1,285,1,1004.0,0.00041145833333333334,False
288,4 4 18,1.4,3.5,0,85000,3.591666666666667,0,0,1,167,71,41,8,0,120,2,84,120,84,1,288,1,1034.4,0.0004947916666666667,False
288,4 4 18,1.4,3.5,0,86000,3.288888888888889,0,0,7,181,60,38,1,1,100,2,91,100,91,1,288,1,947.2,0.0004565972222222222,False
288,4 4 18,1.4,3.5,0,87000,3.1333333333333333,0,0,9,194,55,28,2,0,85,2,105,85,105,1,288,1,902.4,0.0002916666666666667,False
288,4 4 18,1.4,3.5,0,88000,3.163888888888889,0,0,6,196,48,36,2,0,86,2,110,86,110,1,288,1,911.2,0.0001892361111111111,False
288,4 4 18,1.4,3.5,0,89000,3.397222222222222,0,0,4,184,55,39,5,1,100,2,101,100,101,1,288,1,978.4,0.00025868055555555556,False
288,4 4 18,1.4,3.5,0,90000,3.5972222222222223,0,0,4,175,56,45,6,2,109,2,89,109,89,1,288,1,1036.0,0.000234375,False
288,4 4 18,1.4,3.5,0,91000,3.769444444444444,0,0,0,168,51,58,11,0,120,1,168,120,168,1,288,1,1085.6,0.00041493055555555554,False
288,4 4 18,1.4,3.5,0,92000,3.769444444444444,0,0,0,169,48,63,7,1,119,2,93,119,93,1,288,1,1085.6,0.0005434027777777777,False
288,4 4 18,1.4,3.5,0,93000,3.5749999999999997,0,1,7,166,61,40,12,1,114,4,91,114,91,1,287,1,1029.6,0.0005746527777777778,False
288,4 4 18,1.4,3.5,0,94000,3.8777777777777778,0,0,3,162,45,66,11,1,123,2,86,123,86,1,288,1,1116.8,0.0005190972222222222,False
288,4 4 18,1.4,3.5,0,95000,3.7527777777777778,0,0,2,166,51,61,7,1,120,1,166,120,166,1,288,1,1080.8,0.0005138888888888889,False
288,4 4 18,1.4,3.5,0,96000,3.808333333333333,0,0,5,160,52,60,11,0,123,1,160,123,160,1,288,1,1096.8,0.0006111111111111111,False
288,4 4 18,1.4,3.5,0,97000,3.605555555555556,0,0,2,164,63,54,5,0,122,2,84,122,84,1,288,1,1038.4,0.0004913194444444444,False
288,4 4 18,1.4,3.5,0,98000,3.4388888888888887,0,0,1,172,61,50,4,0,115,2,170,115,170,1,288,1,990.4,0.0005729166666666667,False
288,4 4 18,1.4,3.5,0,99000,3.172222222222222,0,0,2,182,70,34,0,0,104,3,100,104,100,1,288,1,913.5999999999999,0.00034895833333333334,False
288,4 4 18,1.4,3.5,0,100000,3.136111111111111,0,0,0,193,60,33,2,0,95,1,193,95,193,1,288,1,903.2,0.0002795138888888889,False
288,4 4 18,1.4,3.5,0,101000,3.1694444444444443,0,0,1,189,60,33,5,0,98,1,189,98,189,1,288,1,912.8,0.00042708333333333335,False
288,4 4 18,1.4,3.5,0,102000,3.363888888888889,0,0,1,182,48,50,7,0,105,2,92,105,92,1,288,1,968.8,0.00042708333333333335,False
288,4 4 18,1.4,3.5,0,103000,3.4194444444444443,0,0,6,173,70,37,2,0,109,2,171,109,171,1,288,1,984.8,0.00046875,False
288,4 4 18,1.4,3.5,0,104000,3.547222222222222,0,0,8,166,71,36,7,0,114,3,85,114,85,1,288,1,1021.5999999999999,0.0004027777777777778,False
288,4 4 18,1.4,3.5,0,105000,3.3499999999999996,0,0,8,181,60,37,2,0,99,2,102,99,102,1,288,1,964.8,0.00043055555555555555,False
288,4 4 18,1.4,3.5,0,106000,3.433333333333333,0,0,4,181,56,44,1,2,103,1,181,103,181,1,288,1,988.8,0.0003802083333333333,False
288,4 4 18,1.4,3.5,0,107000,3.619444444444445,0,0,1,166,56,59,5,1,121,2,89,121,89,1,288,1,1042.4,0.00047916666666666664,False
288,4 4 18,1.4,3.5,0,108000,3.5555555555555554,0,0,1,177,57,44,8,1,110,2,99,110,99,1,288,1,1024.0,0.0005451388888888888,False
288,4 4 18,1.4,3.5,0,109000,3.5999999999999996,0,0,4,179,53,41,11,0,105,2,177,105,177,1,288,1,1036.8,0.0005763888888888889,False
288,4 4 18,1.4,3.5,0,110000,3.6500000000000004,0,0,0,171,66,43,8,0,117,1,171,117,171,1,288,1,1051.2,0.000484375,False
288,4 4 18,1.4,3.5,0,111000,3.5416666666666665,0,0,7,174,52,46,9,0,107,1,174,107,174,1,288,1,1020.0,0.0006197916666666667,False
288,4 4 18,1.4,3.5,0,112000,3.519444444444444,0,0,1,176,57,50,4,0,111,2,98,111,98,1,288,1,1013.5999999999999,0.0005572916666666667,False
288,4 4 18,1.4,3.5,0,113000,3.8444444444444446,0,0,7,163,37,69,12,0,118,3,96,118,96,1,288,1,1107.2,0.0007951388888888888,False
288,4 4 18,1.4,3.5,0,114000,3.716666666666667,0,0,0,177,43,55,13,0,111,2,98,111,98,1,288,1,1070.4,0.0007083333333333334,False
288,4 4 18,1.4,3.5,0,115000,3.683333333333333,0,0,5,162,61,52,8,0,121,4,128,121,128,1,288,1,1060.8,0.0006284722222222222,False
288,4 4 18,1.4,3.5,0,116000,3.716666666666667,0,0,0,170,54,54,10,0,118,2,98,118,98,1,288,1,1070.4,0.0006649305555555555,False
288,4 4 18,1.4,3.5,0,117000,3.4444444444444446,0,0,1,172,70,40,5,0,115,2,100,115,100,1,288,1,992.0,0.0006996527777777778,False
288,4 4 18,1.4,3.5,0,118000,3.533333333333333,0,0,4,175,47,53,9,0,109,2,100,109,100,1,288,1,1017.5999999999999,0.0006961805555555556,False
288,4 4 18,1.4,3.5,0,119000,3.302777777777778,0,0,0,183,68,35,2,0,105,1,183,105,183,1,288,1,951.2,0.0004913194444444444,False
288,4 4 18,1.4,3.5,0,120000,3.2916666666666665,0,0,0,184,53,46,5,0,104,2,96,104,96,1,288,1,948.0,0.0004652777777777778,False
288,4 4 18,1.4,3.5,0,121000,3.238888888888889,0,0,0,180,67,38,3,0,108,2,100,108,100,1,288,1,932.8,0.0004427083333333333,False
288,4 4 18,1.4,3.5,0,122000,3.2305555555555556,0,0,0,196,54,32,6,0,92,1,196,92,196,1,288,1,930.4,0.0004583333333333333,False
288,4 4 18,1.4,3.5,0,123000,3.536111111111111,0,0,0,175,63,41,9,0,113,2,99,113,99,1,288,1,1018.4,0.0005989583333333333,False
288,4 4 18,1.4,3.5,0,124000,3.411111111111111,0,0,6,172,64,40,6,0,110,1,172,110,172,1,288,1,982.4,0.0005625,False
288,4 4 18,1.4,3.5,0,125000,3.388888888888889,0,0,6,170,64,42,6,0,112,2,98,112,98,1,288,1,976.0,0.0005677083333333334,False
288,4 4 18,1.4,3.5,0,126000,3.261111111111111,0,2,4,170,70,40,2,0,112,2,98,112,98,1,286,1,939.2,0.0005920138888888889,False
288,4 4 18,1.4,3.5,0,127000,3.286111111111111,0,1,9,178,53,44,2,1,100,4,100,100,100,1,287,1,946.4,0.0005173611111111111,False
288,4 4 18,1.4,3.5,0,128000,3.316666666666667,0,0,2,181,59,43,3,0,105,2,99,105,99,1,288,1,955.2,0.0005069444444444444,False
288,4 4 18,1.4,3.5,0,129000,3.5555555555555554,0,1,11,166,46,54,9,1,110,3,98,110,98,1,287,1,1024.0,0.00047395833333333334,False
288,4 4 18,1.4,3.5,0,130000,3.563888888888889,0,2,12,161,54,55,4,0,113,4,99,113,99,1,286,1,1026.4,0.0004965277777777778,False
288,4 4 18,1.4,3.5,0,131000,3.4638888888888886,0,0,6,170,61,44,7,0,112,3,98,112,98,1,288,1,997.5999999999999,0.0006579861111111111,False
288,4 4 18,1.4,3.5,0,132000,3.3333333333333335,0,0,0,177,70,37,4,0,111,2,97,111,97,1,288,1,960.0,0.0006788194444444445,False
288,4 4 18,1.4,3.5,0,133000,3.3694444444444445,0,0,0,180,60,44,4,0,108,2,95,108,95,1,288,1,970.4,0.0005,False
288,4 4 18,1.4,3.5,0,134000,3.436111111111111,0,0,3,188,53,36,7,1,97,1,188,97,188,1,288,1,989.5999999999999,0.00047395833333333334,False
288,4 4 18,1.4,3.5,0,135000,3.3555555555555556,0,0,0,188,57,35,7,1,100,1,188,100,188,1,288,1,966.4,0.0005555555555555556,False
288,4 4 18,1.4,3.5,0,136000,3.2138888888888886,0,0,6,186,54,42,0,0,96,3,98,96,98,1,288,1,925.5999999999999,0.00043229166666666665,False
288,4 4 18,1.4,3.5,0,137000,3.6277777777777778,0,0,1,176,53,47,10,1,111,2,100,111,100,1,288,1,1044.8,0.000640625,False
288,4 4 18,1.4,3.5,0,138000,3.4694444444444446,0,0,3,183,52,44,5,1,102,2,100,102,100,1,288,1,999.2,0.0005086805555555555,False
288,4 4 18,1.4,3.5,0,139000,3.625,0,0,1,175,49,56,4,3,112,2,97,112,97,1,288,1,1044.0,0.000359375,False
288,4 4 18,1.4,3.5,0,140000,3.5555555555555554,0,0,5,170,55,52,6,0,113,2,100,113,100,1,288,1,1024.0,0.0005260416666666666,False
288,4 4 18,1.4,3.5,0,141000,3.4638888888888886,0,0,1,174,66,42,5,0,113,2,100,113,100,1,288,1,997.5999999999999,0.0004548611111111111,False
288,4 4 18,1.4,3.5,0,142000,3.4055555555555554,0,0,2,178,54,50,4,0,108,2,98,108,98,1,288,1,980.8,0.00046875,False
288,4 4 18,1.4,3.5,0,143000,3.380555555555555,0,0,1,192,48,44,3,0,95,1,192,95,192,1,288,1,973.5999999999999,0.0004982638888888889,False
288,4 4 18,1.4,3.5,0,144000,3.6166666666666663,0,0,1,169,46,65,7,0,118,2,97,118,97,1,288,1,1041.6,0.0005104166666666666,False
288,4 4 18,1.4,3.5,0,145000,3.4833333333333334,0,0,8,168,56,52,4,0,112,3,97,112,97,1,288,1,1003.2,0.0005694444444444445,False
288,4 4 18,1.4,3.5,0,146000,3.5805555555555557,0,0,6,170,59,49,3,1,112,4,99,112,99,1,288,1,1031.2,0.0005399305555555555,False
288,4 4 18,1.4,3.5,0,147000,3.630555555555555,0,0,2,172,60,45,8,1,114,3,102,114,102,1,288,1,1045.6,0.00047743055555555554,False
288,4 4 18,1.4,3.5,0,148000,3.6083333333333334,0,0,1,174,55,49,8,1,113,1,174,113,174,1,288,1,1039.2,0.0005798611111111111,False
288,4 4 18,1.4,3.5,0,149000,3.7861111111111114,0,0,12,162,56,43,14,1,114,1,162,114,162,1,288,1,1090.4,0.0005989583333333333,False
288,4 4 18,1.4,3.5,0,150000,3.5805555555555557,0,0,8,170,51,56,3,0,110,2,97,110,97,1,288,1,1031.2,0.0006996527777777778,False
288,4 4 18,1.4,3.5,0,151000,3.5277777777777777,0,0,7,181,46,46,7,1,100,2,98,100,98,1,288,1,1016.0,0.0007100694444444445,False
288,4 4 18,1.4,3.5,0,152000,3.4305555555555554,0,1,2,178,59,43,5,0,107,3,99,107,99,1,287,1,988.0,0.0005763888888888889,False
288,4 4 18,1.4,3.5,0,153000,3.283333333333333,0,0,0,193,48,45,2,0,95,1,193,95,193,1,288,1,945.5999999999999,0.00047916666666666664,False
288,4 4 18,1.4,3.5,0,154000,3.4638888888888886,0,0,3,176,57,46,6,0,109,2,97,109,97,1,288,1,997.5999999999999,0.00047048611111111114,False
288,4 4 18,1.4,3.5,0,155000,3.513888888888889,0,1,10,171,55,48,3,0,106,4,97,106,97,1,287,1,1012.0,0.0005086805555555555,False
288,4 4 18,1.4,3.5,0,156000,3.5888888888888886,0,0,11,172,51,50,4,0,105,2,171,105,171,1,288,1,1033.6,0.0004166666666666667,False
288,4 4 18,1.4,3.5,0,157000,3.613888888888889,0,0,2,176,53,50,7,0,110,2,94,110,94,1,288,1,1040.8,0.0006805555555555556,False
288,4 4 18,1.4,3.5,0,158000,3.5166666666666666,0,0,12,175,52,43,6,0,101,2,94,101,94,1,288,1,1012.8,0.0005225694444444444,False
288,4 4 18,1.4,3.5,0,159000,3.538888888888889,0,0,1,178,53,52,4,0,109,2,95,109,95,1,288,1,1019.2,0.0005815972222222222,False
288,4 4 18,1.4,3.5,0,160000,3.6333333333333337,0,0,5,164,70,40,9,0,119,2,84,119,84,1,288,1,1046.4,0.00047395833333333334,False
288,4 4 18,1.4,3.5,0,161000,3.4000000000000004,0,1,12,173,51,46,5,0,102,3,92,102,92,1,287,1,979.2,0.00038541666666666667,False
288,4 4 18,1.4,3.5,0,162000,3.486111111111111,0,0,21,168,49,46,4,0,99,4,93,99,93,1,288,1,1004.0,0.0004895833333333333,False
288,4 4 18,1.4,3.5,0,163000,3.7249999999999996,0,0,8,159,60,55,6,0,121,3,80,121,80,1,288,1,1072.8,0.0005329861111111111,False
288,4 4 18,1.4,3.5,0,164000,3.813888888888889,0,0,4,165,53,57,8,1,119,2,85,119,85,1,288,1,1098.4,0.00059375,False
288,4 4 18,1.4,3.5,0,165000,3.563888888888889,0,0,5,175,63,34,10,1,108,2,174,108,174,1,288,1,1026.4,0.00044965277777777777,False
288,4 4 18,1.4,3.5,0,166000,3.672222222222222,0,0,6,173,49,51,9,0,109,2,92,109,92,1,288,1,1057.6,0.000453125,False
288,4 4 18,1.4,3.5,0,167000,3.4388888888888887,0,0,5,181,57,43,2,0,102,1,181,102,181,1,288,1,990.4,0.0006197916666666667,False
288,4 4 18,1.4,3.5,0,168000,3.711111111111111,0,0,1,173,62,45,7,0,114,1,173,114,173,1,288,1,1068.8,0.0005868055555555556,False
288,4 4 18,1.4,3.5,0,169000,3.6555555555555554,0,0,1,184,45,50,8,0,103,1,184,103,184,1,288,1,1052.8,0.0006440972222222222,False
288,4 4 18,1.4,3.5,0,170000,3.716666666666667,0,0,1,156,73,54,4,0,131,2,81,131,81,1,288,1,1070.4,0.0007100694444444445,False
288,4 4 18,1.4,3.5,0,171000,3.7416666666666663,0,0,3,158,74,48,3,2,127,2,80,127,80,1,288,1,1077.6,0.0005642361111111111,False
288,4 4 18,1.4,3.5,0,172000,3.8527777777777774,0,0,6,151,69,57,5,0,131,2,79,131,79,1,288,1,1109.6,0.0006059027777777778,False
288,4 4 18,1.4,3.5,0,173000,3.6999999999999997,0,0,6,160,58,56,8,0,122,1,160,122,160,1,288,1,1065.6,0.000640625,False
288,4 4 18,1.4,3.5,0,174000,3.6611111111111114,0,0,1,167,62,48,9,1,120,2,95,120,95,1,288,1,1054.4,0.0005434027777777777,False
288,4 4 18,1.4,3.5,0,175000,3.677777777777778,0,0,1,171,51,53,12,0,116,2,94,116,94,1,288,1,1059.2,0.0005625,False
288,4 4 18,1.4,3.5,0,176000,3.4166666666666665,0,0,9,176,53,46,4,0,103,2,174,103,174,1,288,1,984.0,0.0004236111111111111,False
288,4 4 18,1.4,3.5,0,177000,3.572222222222222,0,0,1,176,58,41,11,1,111,2,175,111,175,1,288,1,1028.8,0.0004027777777777778,False
288,4 4 18,1.4,3.5,0,178000,3.4027777777777777,0,0,0,172,70,40,6,0,116,3,101,116,101,1,288,1,980.0,0.0005399305555555555,False
288,4 4 18,1.4,3.5,0,179000,3.5277777777777777,0,0,1,166,63,52,6,0,121,3,95,121,95,1,288,1,1016.0,0.0002552083333333333,False
288,4 4 18,1.4,3.5,0,180000,3.361111111111111,0,0,4,183,60,35,6,0,101,2,105,101,105,1,288,1,968.0,0.0004913194444444444,False
288,4 4 18,1.4,3.5,0,181000,3.677777777777778,0,0,2,173,45,56,11,1,113,2,97,113,97,1,288,1,1059.2,0.0003940972222222222,False
288,4 4 18,1.4,3.5,0,182000,3.427777777777778,0,0,3,180,56,40,9,0,105,1,180,105,180,1,288,1,987.2,0.0005763888888888889,False
288,4 4 18,1.4,3.5,0,183000,3.425,0,0,5,179,48,48,7,1,104,2,101,104,101,1,288,1,986.4,0.0003107638888888889,False
288,4 4 18,1.4,3.5,0,184000,3.4583333333333335,0,0,0,171,72,35,10,0,117,3,103,117,103,1,288,1,996.0,0.00036631944444444445,False
288,4 4 18,1.4,3.5,0,185000,3.5972222222222223,0,0,0,167,57,55,8,1,121,2,100,121,100,1,288,1,1036.0,0.0004375,False
288,4 4 18,1.4,3.5,0,186000,3.658333333333333,0,0,0,175,49,51,11,2,113,2,100,113,100,1,288,1,1053.6,0.0004635416666666667,False
288,4 4 18,1.4,3.5,0,187000,3.591666666666667,0,0,1,175,59,42,10,1,112,1,175,112,175,1,288,1,1034.4,0.0005208333333333333,False
288,4 4 18,1.4,3.5,0,188000,3.2777777777777777,0,0,0,175,76,35,2,0,113,1,175,113,175,1,288,1,944.0,0.0003611111111111111,False
288,4 4 18,1.4,3.5,0,189000,3.2249999999999996,0,0,1,181,70,33,3,0,106,1,181,106,181,1,288,1,928.8,0.0004392361111111111,False
288,4 4 18,1.4,3.5,0,190000,3.3583333333333334,0,0,4,174,71,36,3,0,110,2,99,110,99,1,288,1,967.2,0.0003784722222222222,False
288,4 4 18,1.4,3.5,0,191000,3.4555555555555557,0,0,0,171,61,53,3,0,117,3,100,117,100,1,288,1,995.2,0.0005451388888888888,False
288,4 4 18,1.4,3.5,0,192000,3.466666666666667,0,0,6,172,59,47,3,1,110,2,98,110,98,1,288,1,998.4,0.00035243055555555554,False
288,4 4 18,1.4,3.5,0,193000,3.3,0,0,0,186,58,42,2,0,102,2,98,102,98,1,288,1,950.4,0.0005208333333333333,False
288,4 4 18,1.4,3.5,0,194000,3.341666666666667,0,0,2,186,58,38,4,0,100,2,104,100,104,1,288,1,962.4,0.0004878472222222222,False
288,4 4 18,1.4,3.5,0,195000,3.408333333333333,0,0,3,186,41,52,6,0,99,1,186,99,186,1,288,1,981.5999999999999,0.0004878472222222222,False
288,4 4 18,1.4,3.5,0,196000,3.286111111111111,0,0,0,194,53,36,5,0,94,1,194,94,194,1,288,1,946.4,0.000453125,False
288,4 4 18,1.4,3.5,0,197000,3.1500000000000004,0,0,6,198,51,32,1,0,84,4,102,84,102,1,288,1,907.2,0.0004670138888888889,False
288,4 4 18,1.4,3.5,0,198000,3.3,0,0,1,191,45,49,2,0,96,2,100,96,100,1,288,1,950.4,0.0003420138888888889,False
288,4 4 18,1.4,3.5,0,199000,3.1277777777777778,0,0,0,202,30,54,2,0,86,1,202,86,202,1,288,1,900.8,0.00047222222222222224,False
288,4 4 18,1.4,3.5,0,200000,3.033333333333333,0,0,2,206,51,24,5,0,80,1,206,80,206,1,288,1,873.5999999999999,0.0004427083333333333,True
288,4 4 18,1.4,3.5,1,0,3.1999999999999997,0,288,0,0,0,0,0,0,0,0,0,0,0,0,0,1,921.5999999999999,,False
288,4 4 18,1.4,3.5,1,1000,3.75,0,36,119,59,23,37,14,0,74,29,19,74,19,1,252,1,1080.0,0.00025868055555555556,False
288,4 4 18,1.4,3.5,1,2000,3.9111111111111105,0,32,124,49,27,41,13,2,83,29,5,83,5,1,256,1,1126.3999999999999,0.00015451388888888888,False
288,4 4 18,1.4,3.5,1,3000,4.022222222222222,0,20,102,73,30,49,12,2,93,24,17,93,17,1,268,1,1158.3999999999999,0.000234375,False
288,4 4 18,1.4,3.5,1,4000,3.808333333333333,0,26,103,73,25,49,12,0,86,14,24,86,24,1,262,1,1096.8,0.00022569444444444443,False
288,4 4 18,1.4,3.5,1,5000,3.566666666666666,0,21,124,62,22,45,14,0,81,24,9,81,9,1,267,1,1027.1999999999998,0.000171875,False
288,4 4 18,1.4,3.5,1,6000,3.7777777777777777,0,21,106,74,26,45,14,2,87,16,25,87,25,1,267,1,1088.0,0.00015625,False
288,4 4 18,1.4,3.5,1,7000,4.452777777777778,0,13,87,92,20,55,18,3,96,18,45,96,45,1,275,1,1282.4,0.0002795138888888889,False
288,4 4 18,1.4,3.5,1,8000,4.361111111111111,0,12,90,73,32,61,17,3,113,15,30,113,30,1,276,1,1256.0,0.0002690972222222222,False
288,4 4 18,1.4,3.5,1,9000,3.9027777777777777,0,7,104,78,29,57,13,0,99,17,21,99,21,1,281,1,1124.0,0.0002795138888888889,False
288,4 4 18,1.4,3.5,1,10000,4.041666666666667,0,12,101,82,24,49,17,3,93,16,49,93,49,1,276,1,1164.0,0.0002725694444444444,False
288,4 4 18,1.4,3.5,1,11000,4.175000000000001,0,4,79,89,49,44,22,1,116,10,59,116,59,1,284,1,1202.4,0.00025694444444444446,False
288,4 4 18,1.4,3.5,1,12000,3.9777777777777774,0,5,88,89,38,49,18,1,106,13,38,106,38,1,283,1,1145.6,0.00028472222222222223,False
288,4 4 18,1.4,3.5,1,13000,3.9138888888888883,0,16,99,74,40,41,16,2,99,13,39,99,39,1,272,1,1127.1999999999998,0.00016145833333333333,False
288,4 4 18,1.4,3.5,1,14000,4.088888888888889,0,14,90,82,36,44,18,4,102,11,54,102,54,1,274,1,1177.6,0.00017361111111111112,False
288,4 4 18,1.4,3.5,1,15000,4.133333333333334,0,7,96,76,44,35,28,2,109,13,29,109,29,1,281,1,1190.4,0.0003125,False
288,4 4 18,1.4,3.5,1,16000,4.038888888888888,0,8,91,74,52,47,12,4,115,14,28,115,28,1,280,1,1163.1999999999998,0.00024131944444444445,False
288,4 4 18,1.4,3.5,1,17000,4.258333333333334,0,7,77,86,52,49,16,1,118,13,36,118,36,1,281,1,1226.4,0.00040798611111111114,False
288,4 4 18,1.4,3.5,1,18000,4.38611111111111,0,8,72,77,67,49,13,2,131,11,55,131,55,1,280,1,1263.1999999999998,0.0002777777777777778,False
288,4 4 18,1.4,3.5,1,19000,4.272222222222222,0,16,76,77,56,47,15,1,119,8,37,119,37,1,272,1,1230.4,0.00043402777777777775,False
288,4 4 18,1.4,3.5,1,20000,4.052777777777777,0,19,88,78,49,42,11,1,103,15,31,103,31,1,269,1,1167.1999999999998,0.00022916666666666666,False
288,4 4 18,1.4,3.5,1,21000,4.236111111111111,0,9,82,89,45,48,13,2,108,7,79,108,79,1,279,1,1220.0,0.00017708333333333335,False
288,4 4 18,1.4,3.5,1,22000,4.161111111111111,0,12,75,92,51,44,12,2,109,9,71,109,71,1,276,1,1198.4,0.00016145833333333333,False
288,4 4 18,1.4,3.5,1,23000,4.280555555555555,0,0,53,104,59,60,10,2,131,13,70,131,70,1,288,1,1232.8,0.000265625,False
288,4 4 18,1.4,3.5,1,24000,4.611111111111111,0,2,38,96,66,68,13,5,152,12,71,152,71,1,286,1,1328.0,0.0004392361111111111,False
288,4 4 18,1.4,3.5,1,25000,4.483333333333333,0,2,32,103,75,64,10,2,151,8,77,151,77,1,286,1,1291.2,0.0006701388888888888,False
288,4 4 18,1.4,3.5,1,26000,4.574999999999999,0,0,34,99,77,65,9,4,155,10,78,155,78,1,288,1,1317.6,0.0006180555555555555,False
288,4 4 18,1.4,3.5,1,27000,4.611111111111111,0,0,32,97,78,69,12,0,159,6,85,159,85,1,288,1,1328.0,0.0009375,False
288,4 4 18,1.4,3.5,1,28000,4.608333333333333,0,1,35,95,66,78,13,0,157,6,84,157,84,1,287,1,1327.2,0.0012447916666666666,False
288,4 4 18,1.4,3.5,1,29000,4.394444444444444,0,1,31,101,88,61,5,1,155,10,81,155,81,1,287,1,1265.6,0.0009670138888888889,False
288,4 4 18,1.4,3.5,1,30000,4.1083333333333325,0,2,36,118,71,54,7,0,132,6,93,132,93,1,286,1,1183.1999999999998,0.0009652777777777778,False
288,4 4 18,1.4,3.5,1,31000,4.461111111111111,0,0,27,102,87,65,6,1,159,8,89,159,89,1,288,1,1284.8,0.0011354166666666667,False
288,4 4 18,1.4,3.5,1,32000,4.408333333333333,0,0,26,110,83,61,7,1,152,6,101,152,101,1,288,1,1269.6,0.0009930555555555556,False
288,4 4 18,1.4,3.5,1,33000,4.416666666666667,0,2,17,129,85,40,13,2,140,8,94,140,94,1,286,1,1272.0,0.0011753472222222222,False
288,4 4 18,1.4,3.5,1,34000,4.488888888888889,0,0,17,119,72,67,13,0,152,7,78,152,78,1,288,1,1292.8,0.0007708333333333333,False
288,4 4 18,1.4,3.5,1,35000,4.597222222222222,0,0,16,114,74,71,12,1,158,7,95,158,95,1,288,1,1324.0,0.0008385416666666667,False
288,4 4 18,1.4,3.5,1,36000,4.497222222222222,0,2,31,102,88,61,3,1,153,13,65,153,65,1,286,1,1295.1999999999998,0.0010711805555555555,False
288,4 4 18,1.4,3.5,1,37000,4.777777777777778,0,0,28,105,68,70,16,1,155,10,76,155,76,1,288,1,1376.0,0.0010277777777777778,False
288,4 4 18,1.4,3.5,1,38000,5.1305555555555555,0,2,30,85,71,83,16,1,171,12,50,171,50,1,286,1,1477.6,0.0014756944444444444,False
288,4 4 18,1.4,3.5,1,39000,5.108333333333333,0,4,21,95,64,87,17,0,168,8,49,168,49,1,284,1,1471.2,0.0013350694444444445,False
288,4 4 18,1.4,3.5,1,40000,4.827777777777778,0,1,11,116,74,76,9,1,160,10,61,160,61,1,287,1,1390.4,0.0013697916666666667,False
288,4 4 18,1.4,3.5,1,41000,4.8694444444444445,0,0,14,123,69,67,11,4,151,6,64,151,64,1,288,1,1402.4,0.0010590277777777779,False
288,4 4 18,1.4,3.5,1,42000,4.8805555555555555,0,0,18,108,71,77,13,1,162,11,45,162,45,1,288,1,1405.6,0.0012690972222222222,False
288,4 4 18,1.4,3.5,1,43000,4.530555555555555,0,1,3,135,80,59,9,1,149,4,112,149,112,1,287,1,1304.8,0.0012534722222222222,False
288,4 4 18,1.4,3.5,1,44000,4.347222222222222,0,0,5,148,68,57,9,1,135,4,119,135,119,1,288,1,1252.0,0.0008611111111111111,False
288,4 4 18,1.4,3.5,1,45000,4.263888888888889,0,1,14,146,60,59,6,2,127,2,127,127,127,1,287,1,1228.0,0.0010190972222222222,False
288,4 4 18,1.4,3.5,1,46000,4.4944444444444445,0,0,18,140,65,54,8,3,130,3,112,130,112,1,288,1,1294.4,0.0009739583333333333,False
288,4 4 18,1.4,3.5,1,47000,4.502777777777777,0,1,12,126,86,54,8,1,149,3,97,149,97,1,287,1,1296.8,0.0010659722222222223,False
288,4 4 18,1.4,3.5,1,48000,4.444444444444445,0,2,12,126,82,57,8,1,148,7,97,148,97,1,286,1,1280.0,0.0010364583333333332,False
288,4 4 18,1.4,3.5,1,49000,4.608333333333333,0,1,9,124,60,82,10,2,154,6,58,154,58,1,287,1,1327.2,0.0014236111111111112,False
288,4 4 18,1.4,3.5,1,50000,4.472222222222222,0,2,12,125,71,66,11,1,149,6,57,149,57,1,286,1,1288.0,0.00134375,False
288,4 4 18,1.4,3.5,1,51000,4.405555555555555,0,1,14,124,84,57,6,2,149,6,96,149,96,1,287,1,1268.8,0.0010677083333333333,False
288,4 4 18,1.4,3.5,1,52000,4.413888888888889,0,2,10,129,63,79,3,2,147,4,53,147,53,1,286,1,1271.2,0.0014670138888888888,False
288,4 4 18,1.4,3.5,1,53000,4.688888888888889,0,2,12,116,71,72,11,4,158,7,49,158,49,1,286,1,1350.4,0.0015277777777777779,False
288,4 4 18,1.4,3.5,1,54000,4.438888888888889,0,1,9,131,77,61,8,1,147,8,57,147,57,1,287,1,1278.4,0.001359375,False
288,4 4 18,1.4,3.5,1,55000,4.588888888888889,0,0,8,126,86,59,8,1,154,6,62,154,62,1,288,1,1321.6,0.0015121527777777778,False
288,4 4 18,1.4,3.5,1,56000,4.477777777777778,0,2,14,119,79,68,5,1,153,8,57,153,57,1,286,1,1289.6,0.0014392361111111112,False
288,4 4 18,1.4,3.5,1,57000,4.569444444444445,0,0,8,140,62,65,12,1,140,5,57,140,57,1,288,1,1316.0,0.0010381944444444445,False
288,4 4 18,1.4,3.5,1,58000,4.488888888888889,0,0,6,128,84,64,3,3,154,7,55,154,55,1,288,1,1292.8,0.0011961805555555556,False
288,4 4 18,1.4,3.5,1,59000,4.613888888888889,0,0,9,118,87,60,11,3,161,5,87,161,87,1,288,1,1328.8,0.0008767361111111111,False
288,4 4 18,1.4,3.5,1,60000,4.519444444444444,0,0,20,114,93,49,8,4,154,5,58,154,58,1,288,1,1301.6,0.0006232638888888889,False
288,4 4 18,1.4,3.5,1,61000,4.513888888888889,0,0,23,120,88,47,8,2,145,2,118,145,118,1,288,1,1300.0,0.0008454861111111111,False
288,4 4 18,1.4,3.5,1,62000,4.699999999999999,0,0,17,117,75,67,10,2,154,3,96,154,96,1,288,1,1353.6,0.0009965277777777778,False
288,4 4 18,1.4,3.5,1,63000,4.730555555555556,0,0,19,105,78,76,9,1,164,10,44,164,44,1,288,1,1362.4,0.0011423611111111111,False
288,4 4 18,1.4,3.5,1,64000,5.008333333333334,0,0,3,113,72,80,18,2,172,13,58,172,58,1,288,1,1442.4,0.001342013888888889,False
288,4 4 18,1.4,3.5,1,65000,4.908333333333333,0,0,10,118,67,72,18,3,160,8,48,160,48,1,288,1,1413.6,0.0014774305555555556,False
288,4 4 18,1.4,3.5,1,66000,4.466666666666667,0,0,13,131,83,50,10,1,144,4,115,144,115,1,288,1,1286.4,0.0011944444444444444,False
288,4 4 18,1.4,3.5,1,67000,4.572222222222222,0,0,17,121,73,68,8,1,150,5,106,150,106,1,288,1,1316.8,0.0008315972222222222,False
288,4 4 18,1.4,3.5,1,68000,4.716666666666667,0,0,16,126,59,76,7,4,146,5,98,146,98,1,288,1,1358.4,0.001092013888888889,False
288,4 4 18,1.4,3.5,1,69000,4.813888888888889,0,0,9,112,78,74,13,2,167,8,87,167,87,1,288,1,1386.4,0.0012482638888888888,False
288,4 4 18,1.4,3.5,1,70000,4.886111111111111,0,0,12,116,83,60,15,2,160,7,66,160,66,1,288,1,1407.2,0.0011927083333333334,False
288,4 4 18,1.4,3.5,1,71000,4.633333333333334,0,0,17,114,93,55,7,2,157,9,58,157,58,1,288,1,1334.4,0.0010625,False
288,4 4 18,1.4,3.5,1,72000,4.761111111111111,0,1,6,113,86,71,9,2,168,7,50,168,50,1,287,1,1371.2,0.0006979166666666667,False
288,4 4 18,1.4,3.5,1,73000,4.777777777777778,0,1,10,103,91,69,13,1,174,11,58,174,58,1,287,1,1376.0,0.0009409722222222223,False
288,4 4 18,1.4,3.5,1,74000,4.8694444444444445,0,0,7,110,88,67,12,4,171,12,54,171,54,1,288,1,1402.4,0.0008402777777777778,False
288,4 4 18,1.4,3.5,1,75000,4.800000000000001,0,0,9,112,86,68,9,4,167,7,91,167,91,1,288,1,1382.4,0.0009322916666666667,False
288,4 4 18,1.4,3.5,1,76000,4.680555555555555,0,1,13,116,88,57,8,5,158,9,68,158,68,1,287,1,1348.0,0.0007361111111111111,False
288,4 4 18,1.4,3.5,1,77000,4.613888888888889,0,0,6,123,87,58,9,5,159,8,102,159,102,1,288,1,1328.8,0.0005538194444444445,False
288,4 4 18,1.4,3.5,1,78000,4.550000000000001,0,1,13,121,84,56,10,3,153,8,64,153,64,1,287,1,1310.4,0.0005746527777777778,False
288,4 4 18,1.4,3.5,1,79000,4.738888888888889,0,3,27,113,75,54,11,5,145,8,66,145,66,1,285,1,1364.8,0.0007013888888888889,False
288,4 4 18,1.4,3.5,1,80000,4.655555555555555,0,2,23,126,55,64,16,2,137,9,71,137,71,1,286,1,1340.8,0.0005677083333333334,False
288,4 4 18,1.4,3.5,1,81000,4.4944444444444445,0,2,11,143,71,48,12,1,132,6,116,132,116,2,286,2,1294.4,0.0006006944444444445,False
288,4 4 18,1.4,3.5,1,82000,4.363888888888889,0,3,15,144,63,49,12,2,126,6,113,126,113,2,285,2,1256.8,0.0006371527777777778,False
288,4 4 18,1.4,3.5,1,83000,4.311111111111111,0,1,7,149,64,54,11,2,131,7,126,131,126,1,287,1,1241.6,0.0006284722222222222,False
288,4 4 18,1.4,3.5,1,84000,4.311111111111111,0,1,7,144,70,58,5,3,136,6,110,136,110,1,287,1,1241.6,0.0006319444444444444,False
288,4 4 18,1.4,3.5,1,85000,4.113888888888889,0,1,9,147,82,42,5,2,131,6,109,131,109,1,287,1,1184.8,0.0006302083333333333,False
288,4 4 18,1.4,3.5,1,86000,4.136111111111111,0,2,6,153,80,38,6,3,127,5,112,127,112,2,286,2,1191.2,0.000515625,False
288,4 4 18,1.4,3.5,1,87000,4.230555555555556,0,0,6,145,76,49,8,4,137,5,111,137,111,2,288,2,1218.4,0.00044618055555555557,False
288,4 4 18,1.4,3.5,1,88000,3.908333333333333,0,0,10,154,78,40,5,1,124,6,116,124,116,1,288,1,1125.6,0.000453125,False
288,4 4 18,1.4,3.5,1,89000,3.6666666666666665,0,1,24,157,67,35,3,1,106,7,66,106,66,2,287,2,1056.0,0.00020486111111111112,False
288,4 4 18,1.4,3.5,1,90000,3.6805555555555554,0,1,16,162,74,29,6,0,109,5,121,109,121,1,287,1,1060.0,0.0003611111111111111,False
288,4 4 18,1.4,3.5,1,91000,3.797222222222222,0,2,6,162,74,37,6,1,118,3,124,118,124,1,286,1,1093.6,0.00036979166666666665,False
288,4 4 18,1.4,3.5,1,92000,3.8333333333333335,0,2,10,151,77,43,5,0,125,7,111,125,111,2,286,2,1104.0,0.00043402777777777775,False
288,4 4 18,1.4,3.5,1,93000,4.102777777777778,0,3,7,143,78,44,9,4,135,6,108,135,108,1,285,1,1181.6,0.0002951388888888889,False
288,4 4 18,1.4,3.5,1,94000,3.861111111111111,0,2,12,155,76,37,6,0,119,4,110,119,110,2,286,2,1112.0,0.00041145833333333334,False
288,4 4 18,1.4,3.5,1,95000,4.016666666666667,0,2,6,154,72,47,4,3,126,5,108,126,108,2,286,2,1156.8,0.000296875,False
288,4 4 18,1.4,3.5,1,96000,4.111111111111111,0,1,11,149,70,48,6,3,127,4,108,127,108,1,287,1,1184.0,0.0003559027777777778,False
288,4 4 18,1.4,3.5,1,97000,4.022222222222222,0,0,8,163,63,48,4,2,117,5,117,117,117,1,288,1,1158.4,0.00040972222222222224,False
288,4 4 18,1.4,3.5,1,98000,4.113888888888889,0,0,12,154,64,52,2,4,122,6,66,122,66,1,288,1,1184.8,0.00043229166666666665,False
288,4 4 18,1.4,3.5,1,99000,4.038888888888889,0,0,12,149,75,43,9,0,127,4,110,127,110,1,288,1,1163.2,0.0003993055555555556,False
288,4 4 18,1.4,3.5,1,100000,4.052777777777778,0,0,8,161,55,57,5,2,119,3,120,119,120,1,288,1,1167.2,0.00047395833333333334,False
288,4 4 18,1.4,3.5,1,101000,3.8000000000000003,0,0,10,159,79,34,5,1,119,4,120,119,120,2,288,2,1094.4,0.0005815972222222222,False
288,4 4 18,1.4,3.5,1,102000,4.066666666666666,0,0,9,161,52,52,11,3,118,4,118,118,118,1,288,1,1171.2,0.00043229166666666665,False
288,4 4 18,1.4,3.5,1,103000,3.8249999999999997,0,0,16,159,71,34,7,1,113,4,124,113,124,1,288,1,1101.6,0.0005763888888888889,False
288,4 4 18,1.4,3.5,1,104000,3.9972222222222222,0,0,6,157,74,42,8,1,125,5,121,125,121,1,288,1,1151.2,0.0004357638888888889,False
288,4 4 18,1.4,3.5,1,105000,3.9250000000000003,0,2,5,150,92,29,9,1,131,6,114,131,114,1,286,1,1130.4,0.00042708333333333335,False
288,4 4 18,1.4,3.5,1,106000,3.8388888888888886,0,1,13,164,56,48,5,1,110,7,122,110,122,1,287,1,1105.6,0.0004670138888888889,False
288,4 4 18,1.4,3.5,1,107000,3.8583333333333334,0,1,15,156,65,48,1,2,116,11,115,116,115,1,287,1,1111.2,0.0005208333333333333,False
288,4 4 18,1.4,3.5,1,108000,3.7583333333333337,0,1,16,162,76,26,6,1,109,5,114,109,114,1,287,1,1082.4,0.00041319444444444444,False
288,4 4 18,1.4,3.5,1,109000,3.605555555555556,0,1,14,168,68,36,0,1,105,4,120,105,120,2,287,2,1038.4,0.0004947916666666667,False
288,4 4 18,1.4,3.5,1,110000,3.6166666666666663,0,0,9,171,71,33,4,0,108,3,122,108,122,2,288,2,1041.6,0.00047395833333333334,False
288,4 4 18,1.4,3.5,1,111000,3.6027777777777774,0,0,14,176,55,38,5,0,98,4,72,98,72,2,288,2,1037.6,0.0004913194444444444,False
288,4 4 18,1.4,3.5,1,112000,3.6083333333333325,0,1,33,155,71,24,4,0,99,4,60,99,60,2,287,2,1039.1999999999998,0.00028819444444444444,False
288,4 4 18,1.4,3.5,1,113000,3.611111111111111,0,2,25,158,66,31,4,2,103,5,73,103,73,1,286,1,1040.0,0.0002204861111111111,False
288,4 4 18,1.4,3.5,1,114000,3.344444444444444,0,8,23,168,58,28,3,0,89,4,74,89,74,2,280,2,963.1999999999999,0.00018576388888888888,False
288,4 4 18,1.4,3.5,1,115000,3.4055555555555554,0,4,24,156,72,29,2,1,104,5,69,104,69,2,284,2,980.8,0.00023611111111111112,False
288,4 4 18,1.4,3.5,1,116000,3.283333333333333,0,2,31,162,66,24,3,0,93,4,65,93,65,2,286,2,945.5999999999999,7.638888888888889e-05,False
288,4 4 18,1.4,3.5,1,117000,3.269444444444444,0,8,23,169,59,28,0,1,88,4,76,88,76,2,280,2,941.5999999999999,0.00011111111111111112,False
288,4 4 18,1.4,3.5,1,118000,3.255555555555555,0,2,24,163,71,27,1,0,99,4,72,99,72,2,286,2,937.5999999999999,0.00015277777777777777,False
288,4 4 18,1.4,3.5,1,119000,3.3583333333333334,0,0,18,166,72,30,2,0,104,5,74,104,74,2,288,2,967.2,0.00017881944444444445,False
288,4 4 18,1.4,3.5,1,120000,3.386111111111111,0,0,28,163,62,33,0,2,97,6,70,97,70,1,288,1,975.1999999999999,0.00019097222222222223,False
288,4 4 18,1.4,3.5,1,121000,3.619444444444445,0,0,10,160,72,39,6,1,118,4,62,118,62,1,288,1,1042.4,0.00021180555555555555,False
288,4 4 18,1.4,3.5,1,122000,3.486111111111111,0,1,15,163,73,32,4,0,109,5,70,109,70,2,287,2,1004.0,0.000171875,False
288,4 4 18,1.4,3.5,1,123000,3.513888888888889,0,0,12,158,80,34,4,0,118,5,62,118,62,2,288,2,1012.0,0.00017534722222222222,False
288,4 4 18,1.4,3.5,1,124000,3.363888888888889,0,2,23,163,66,31,1,2,100,6,71,100,71,2,286,2,968.8,0.00016666666666666666,False
288,4 4 18,1.4,3.5,1,125000,3.322222222222222,0,1,19,169,64,33,1,1,99,5,106,99,106,2,287,2,956.8,0.00019270833333333333,False
288,4 4 18,1.4,3.5,1,126000,3.2249999999999996,0,4,21,174,62,26,1,0,89,4,74,89,74,2,284,2,928.8,0.00023958333333333332,False
288,4 4 18,1.4,3.5,1,127000,3.2944444444444443,0,4,19,169,66,29,1,0,96,4,70,96,70,2,284,2,948.8,0.00015972222222222223,False
288,4 4 18,1.4,3.5,1,128000,3.380555555555555,0,2,17,171,64,29,5,0,98,3,118,98,118,2,286,2,973.5999999999999,0.0001684027777777778,False
288,4 4 18,1.4,3.5,1,129000,3.4,0,4,25,157,59,39,4,0,102,5,72,102,72,2,284,2,979.1999999999999,0.00023958333333333332,False
288,4 4 18,1.4,3.5,1,130000,3.3666666666666663,0,1,30,154,70,29,4,0,103,4,71,103,71,2,287,2,969.5999999999999,0.00017534722222222222,False
288,4 4 18,1.4,3.5,1,131000,3.4777777777777774,0,2,14,162,62,44,4,0,110,3,106,110,106,1,286,1,1001.5999999999999,0.0002309027777777778,False
288,4 4 18,1.4,3.5,1,132000,3.2916666666666665,0,2,18,179,58,25,6,0,89,5,75,89,75,2,286,2,948.0,0.00021701388888888888,False
288,4 4 18,1.4,3.5,1,133000,3.336111111111111,0,4,17,177,66,17,7,0,90,5,71,90,71,2,284,2,960.8,0.0001684027777777778,False
288,4 4 18,1.4,3.5,1,134000,3.538888888888889,0,4,11,164,66,37,5,1,109,6,69,109,69,2,284,2,1019.2,0.0002517361111111111,False
288,4 4 18,1.4,3.5,1,135000,3.630555555555555,0,1,12,164,69,34,7,1,111,6,73,111,73,2,287,2,1045.6,0.00024131944444444445,False
288,4 4 18,1.4,3.5,1,136000,3.4722222222222223,0,1,26,149,79,27,5,1,112,5,68,112,68,1,287,1,1000.0,0.00019270833333333333,False
288,4 4 18,1.4,3.5,1,137000,3.513888888888889,0,2,11,162,72,33,7,1,113,4,106,113,106,2,286,2,1012.0,0.00026041666666666666,False
288,4 4 18,1.4,3.5,1,138000,3.375,0,2,15,166,74,24,7,0,105,5,72,105,72,2,286,2,972.0,0.00019270833333333333,False
288,4 4 18,1.4,3.5,1,139000,3.4499999999999997,0,4,14,170,58,34,8,0,100,5,74,100,74,2,284,2,993.5999999999999,0.00025868055555555556,False
288,4 4 18,1.4,3.5,1,140000,3.363888888888889,0,4,17,169,66,27,3,2,98,5,115,98,115,2,284,2,968.8,0.00020486111111111112,False
288,4 4 18,1.4,3.5,1,141000,3.686111111111111,0,0,10,160,59,48,10,1,118,5,68,118,68,2,288,2,1061.6,0.000265625,False
288,4 4 18,1.4,3.5,1,142000,3.6694444444444443,0,0,11,157,63,47,10,0,120,7,69,120,69,2,288,2,1056.8,0.0003159722222222222,False
288,4 4 18,1.4,3.5,1,143000,3.6333333333333337,0,0,8,159,73,40,7,1,121,6,107,121,107,2,288,2,1046.4,0.00024479166666666665,False
288,4 4 18,1.4,3.5,1,144000,3.5416666666666665,0,0,11,151,83,39,3,1,126,5,57,126,57,2,288,2,1020.0,0.00022395833333333333,False
288,4 4 18,1.4,3.5,1,145000,3.547222222222222,0,0,13,148,91,30,6,0,127,6,63,127,63,2,288,2,1021.5999999999999,0.000234375,False
288,4 4 18,1.4,3.5,1,146000,3.55,0,0,16,149,84,33,6,0,123,5,64,123,64,2,288,2,1022.4,0.0002795138888888889,False
288,4 4 18,1.4,3.5,1,147000,3.4777777777777774,0,1,15,147,94,26,5,0,125,4,60,125,60,2,287,2,1001.5999999999999,0.00022222222222222223,False
288,4 4 18,1.4,3.5,1,148000,3.422222222222222,0,1,19,145,89,31,2,1,123,4,102,123,102,2,287,2,985.5999999999999,0.0002465277777777778,False
288,4 4 18,1.4,3.5,1,149000,3.4499999999999997,0,1,16,139,96,31,4,1,132,4,54,132,54,2,287,2,993.5999999999999,0.0001875,False
288,4 4 18,1.4,3.5,1,150000,3.4777777777777774,0,0,16,132,99,36,3,2,140,5,48,140,48,2,288,2,1001.5999999999999,0.00026041666666666666,False
288,4 4 18,1.4,3.5,1,151000,3.4805555555555556,0,0,14,144,87,36,5,2,130,8,59,130,59,1,288,1,1002.4,0.0002690972222222222,False
288,4 4 18,1.4,3.5,1,152000,3.5749999999999997,0,0,18,133,91,39,7,0,137,7,52,137,52,1,288,1,1029.6,0.0002482638888888889,False
288,4 4 18,1.4,3.5,1,153000,3.2249999999999996,0,1,22,157,77,30,1,0,108,5,60,108,60,3,287,3,928.8,0.00014236111111111112,False
288,4 4 18,1.4,3.5,1,154000,3.1805555555555554,0,0,20,161,72,34,0,1,107,4,110,107,110,2,288,2,916.0,0.00017361111111111112,False
288,4 4 18,1.4,3.5,1,155000,3.311111111111111,0,1,16,161,77,28,4,1,110,4,62,110,62,2,287,2,953.5999999999999,0.00012152777777777777,False
288,4 4 18,1.4,3.5,1,156000,3.2194444444444446,0,0,18,161,80,26,2,1,109,4,66,109,66,3,288,3,927.2,0.00010590277777777777,False
288,4 4 18,1.4,3.5,1,157000,3.191666666666667,0,0,12,159,87,29,1,0,117,4,64,117,64,2,288,2,919.2,0.00014583333333333335,False
288,4 4 18,1.4,3.5,1,158000,3.288888888888889,0,0,15,152,92,28,1,0,121,5,62,121,62,3,288,3,947.2,0.00017881944444444445,False
288,4 4 18,1.4,3.5,1,159000,3.3305555555555557,0,0,25,144,86,29,3,1,119,5,89,119,89,2,288,2,959.2,0.00013194444444444443,False
288,4 4 18,1.4,3.5,1,160000,3.388888888888889,0,1,21,152,78,32,3,1,114,5,57,114,57,2,287,2,976.0,6.770833333333333e-05,False
288,4 4 18,1.4,3.5,1,161000,3.3916666666666666,0,0,15,152,79,36,4,2,121,4,53,121,53,3,288,3,976.8,0.000125,False
288,4 4 18,1.4,3.5,1,162000,3.4555555555555557,0,0,16,153,86,25,6,2,119,6,52,119,52,3,288,3,995.2,0.00010416666666666667,False
288,4 4 18,1.4,3.5,1,163000,3.147222222222222,0,0,26,152,78,32,0,0,110,4,53,110,53,3,288,3,906.4,9.375e-05,False
288,4 4 18,1.4,3.5,1,164000,3.130555555555555,0,0,21,164,75,26,2,0,103,4,57,103,57,3,288,3,901.5999999999999,5.034722222222222e-05,False
288,4 4 18,1.4,3.5,1,165000,3.2777777777777777,0,0,23,158,75,25,6,1,107,5,52,107,52,3,288,3,944.0,6.25e-05,False
288,4 4 18,1.4,3.5,1,166000,3.263888888888889,0,0,27,150,81,28,2,0,111,4,56,111,56,3,288,3,940.0,6.076388888888889e-05,False
288,4 4 18,1.4,3.5,1,167000,3.4583333333333335,0,1,24,141,81,34,7,0,122,6,46,122,46,2,287,2,996.0,8.333333333333333e-05,False
288,4 4 18,1.4,3.5,1,168000,3.238888888888889,0,1,30,138,87,27,5,0,119,6,48,119,48,2,287,2,932.8,9.548611111111112e-05,False
288,4 4 18,1.4,3.5,1,169000,3.436111111111111,0,1,32,124,90,34,5,2,131,8,42,131,42,2,287,2,989.5999999999999,9.722222222222222e-05,False
288,4 4 18,1.4,3.5,1,170000,3.2777777777777777,0,1,32,138,85,26,3,3,117,5,47,117,47,2,287,2,944.0,0.00010243055555555556,False
288,4 4 18,1.4,3.5,1,171000,3.1999999999999997,0,1,31,134,90,29,3,0,122,4,44,122,44,2,287,2,921.5999999999999,5.034722222222222e-05,False
288,4 4 18,1.4,3.5,1,172000,3.3249999999999997,0,1,28,131,90,35,2,1,128,5,42,128,42,2,287,2,957.5999999999999,6.423611111111112e-05,False
288,4 4 18,1.4,3.5,1,173000,3.238888888888889,0,1,27,141,92,20,7,0,119,5,52,119,52,2,287,2,932.8,4.6875e-05,False
288,4 4 18,1.4,3.5,1,174000,3.3722222222222222,0,1,40,117,96,28,6,0,130,9,40,130,40,2,287,2,971.2,4.340277777777778e-05,False
288,4 4 18,1.4,3.5,1,175000,3.3305555555555557,0,0,37,117,106,22,5,1,134,8,40,134,40,2,288,2,959.2,9.548611111111112e-05,False
288,4 4 18,1.4,3.5,1,176000,3.0555555555555554,0,0,38,135,86,28,0,1,115,6,42,115,42,2,288,2,880.0,5.034722222222222e-05,False
288,4 4 18,1.4,3.5,1,177000,3.0444444444444443,0,0,32,132,95,27,1,1,124,4,43,124,43,2,288,2,876.8,3.8194444444444444e-05,False
288,4 4 18,1.4,3.5,1,178000,3.2777777777777777,0,0,30,124,93,35,5,1,134,6,46,134,46,1,288,1,944.0,4.340277777777778e-05,False
288,4 4 18,1.4,3.5,1,179000,3.011111111111111,0,0,29,142,90,26,1,0,117,6,51,117,51,2,288,2,867.2,7.986111111111112e-05,False
288,4 4 18,1.4,3.5,1,180000,2.9583333333333335,0,0,36,144,77,28,1,2,108,5,48,108,48,2,288,2,852.0,4.861111111111111e-05,False
288,4 4 18,1.4,3.5,1,181000,3.066666666666667,0,0,36,139,77,31,3,2,113,4,48,113,48,2,288,2,883.2,5.3819444444444444e-05,False
288,4 4 18,1.4,3.5,1,182000,2.936111111111111,0,0,33,145,78,29,3,0,110,4,50,110,50,2,288,2,845.5999999999999,5.3819444444444444e-05,False
288,4 4 18,1.4,3.5,1,183000,3.038888888888889,0,1,34,148,75,27,1,2,105,5,54,105,54,2,287,2,875.2,5.034722222222222e-05,False
288,4 4 18,1.4,3.5,1,184000,2.9805555555555556,0,1,34,150,73,26,1,3,103,4,52,103,52,1,287,1,858.4,6.25e-05,False
288,4 4 18,1.4,3.5,1,185000,2.8499999999999996,0,0,33,151,81,21,2,0,104,4,50,104,50,2,288,2,820.8,5.3819444444444444e-05,False
288,4 4 18,1.4,3.5,1,186000,3.1194444444444445,0,1,37,130,80,35,3,2,120,7,48,120,48,2,287,2,898.4,5.7291666666666666e-05,False
288,4 4 18,1.4,3.5,1,187000,2.9916666666666663,0,1,37,133,82,32,3,0,117,7,50,117,50,2,287,2,861.5999999999999,7.8125e-05,False
288,4 4 18,1.4,3.5,1,188000,3.0250000000000004,0,0,35,133,84,33,3,0,120,7,48,120,48,2,288,2,871.2,8.333333333333333e-05,False
288,4 4 18,1.4,3.5,1,189000,3.0083333333333333,0,0,32,141,80,33,2,0,115,5,48,115,48,2,288,2,866.4,6.076388888888889e-05,False
288,4 4 18,1.4,3.5,1,190000,3.0694444444444446,0,0,39,131,86,28,3,1,118,7,50,118,50,2,288,2,884.0,5.3819444444444444e-05,False
288,4 4 18,1.4,3.5,1,191000,2.888888888888889,0,0,39,139,87,21,2,0,110,5,52,110,52,2,288,2,832.0,4.513888888888889e-05,False
288,4 4 18,1.4,3.5,1,192000,2.8277777777777775,0,0,32,147,87,21,1,0,109,4,52,109,52,2,288,2,814.4,2.604166666666667e-05,False
288,4 4 18,1.4,3.5,1,193000,2.8277777777777775,0,0,32,147,87,21,1,0,109,4,50,109,50,2,288,2,814.4,1.388888888888889e-05,False
288,4 4 18,1.4,3.5,1,194000,3.0638888888888887,0,0,30,137,93,24,3,1,121,5,50,121,50,1,288,1,882.4,3.472222222222222e-05,False
288,4 4 18,1.4,3.5,1,195000,2.9777777777777774,0,0,34,144,81,26,3,0,110,5,55,110,55,2,288,2,857.5999999999999,5.208333333333334e-05,False
288,4 4 18,1.4,3.5,1,196000,2.9944444444444445,0,0,32,147,79,25,5,0,109,4,50,109,50,2,288,2,862.4,4.6875e-05,False
288,4 4 18,1.4,3.5,1,197000,2.9944444444444445,0,0,40,133,83,28,3,1,115,4,46,115,46,2,288,2,862.4,6.423611111111112e-05,False
288,4 4 18,1.4,3.5,1,198000,2.9305555555555554,0,0,42,141,78,25,2,0,105,4,50,105,50,3,288,3,844.0,6.25e-05,False
288,4 4 18,1.4,3.5,1,199000,2.9444444444444446,0,0,43,133,82,29,1,0,112,6,46,112,46,3,288,3,848.0,3.125e-05,False
288,4 4 18,1.4,3.5,1,200000,2.9583333333333335,0,4,43,137,79,24,0,1,104,7,52,104,52,3,284,3,852.0,1.736111111111111e-05,True
288,4 4 18,1.4,3.5,2,0,3.1999999999999997,0,288,0,0,0,0,0,0,0,0,0,0,0,0,0,1,921.5999999999999,,False
288,4 4 18,1.4,3.5,2,1000,4.0,0,39,114,56,25,46,6,2,79,20,16,79,16,1,249,1,1152.0,0.00036458333333333335,False
288,4 4 18,1.4,3.5,2,2000,4.030555555555555,0,27,115,58,29,47,10,2,88,18,15,88,15,1,261,1,1160.8,0.000234375,False
288,4 4 18,1.4,3.5,2,3000,4.088888888888889,0,21,117,57,27,46,20,0,93,17,10,93,10,1,267,1,1177.6,0.00019097222222222223,False
288,4 4 18,1.4,3.5,2,4000,4.186111111111111,1,6,94,88,34,49,13,3,99,17,25,99,25,1,281,1,1205.6,0.0003125,False
288,4 4 18,1.4,3.5,2,5000,4.080555555555556,0,14,107,70,42,41,13,1,97,19,24,97,24,1,274,1,1175.2,0.00030208333333333335,False
288,4 4 18,1.4,3.5,2,6000,4.375,0,19,92,76,32,57,9,3,101,12,25,101,25,1,269,1,1260.0,0.00034375,False
288,4 4 18,1.4,3.5,2,7000,4.6194444444444445,0,11,80,86,32,52,18,9,111,11,30,111,30,1,277,1,1330.4,0.0004236111111111111,False
288,4 4 18,1.4,3.5,2,8000,4.76111111111111,0,8,84,82,46,41,21,6,114,14,32,114,32,1,280,1,1371.1999999999998,0.00038715277777777777,False
288,4 4 18,1.4,3.5,2,9000,4.394444444444444,0,17,87,71,43,53,14,3,113,16,32,113,32,1,271,1,1265.6,0.0004427083333333333,False
288,4 4 18,1.4,3.5,2,10000,4.5249999999999995,0,13,95,66,38,57,15,4,114,15,20,114,20,1,275,1,1303.1999999999998,0.00046875,False
288,4 4 18,1.4,3.5,2,11000,4.280555555555555,2,16,106,65,31,45,18,5,99,9,36,99,36,1,270,1,1232.8,0.0005069444444444444,False
288,4 4 18,1.4,3.5,2,12000,4.336111111111111,0,11,92,76,44,48,13,4,109,19,47,109,47,1,277,1,1248.8,0.00034375,False
288,4 4 18,1.4,3.5,2,13000,4.263888888888889,0,11,77,87,45,56,7,5,113,9,57,113,57,1,277,1,1228.0,0.0002708333333333333,False
288,4 4 18,1.4,3.5,2,14000,4.344444444444444,0,11,80,82,49,48,15,3,115,16,49,115,49,1,277,1,1251.1999999999998,0.0003628472222222222,False
288,4 4 18,1.4,3.5,2,15000,4.388888888888889,0,12,87,71,58,42,14,4,118,12,41,118,41,1,276,1,1264.0,0.0004375,False
288,4 4 18,1.4,3.5,2,16000,4.236111111111111,0,12,90,67,51,55,12,1,119,8,43,119,43,1,276,1,1220.0,0.00030902777777777775,False
288,4 4 18,1.4,3.5,2,17000,4.327777777777778,0,9,61,96,60,45,15,2,122,8,85,122,85,1,279,1,1246.4,0.0005121527777777778,False
288,4 4 18,1.4,3.5,2,18000,4.152777777777778,0,11,77,78,57,57,8,0,122,11,50,122,50,1,277,1,1196.0,0.0003732638888888889,False
288,4 4 18,1.4,3.5,2,19000,4.016666666666667,0,17,82,80,49,47,11,2,109,5,38,109,38,1,271,1,1156.8,0.0004913194444444444,False
288,4 4 18,1.4,3.5,2,20000,4.302777777777777,0,3,77,84,50,60,13,1,124,12,57,124,57,1,285,1,1239.1999999999998,0.0004878472222222222,False
288,4 4 18,1.4,3.5,2,21000,4.272222222222222,0,4,62,86,73,46,15,2,136,12,62,136,62,1,284,1,1230.4,0.0006944444444444445,False
288,4 4 18,1.4,3.5,2,22000,4.158333333333333,0,6,72,84,62,54,10,0,126,12,58,126,58,1,282,1,1197.6,0.0007795138888888889,False
288,4 4 18,1.4,3.5,2,23000,3.9638888888888886,0,6,47,102,67,62,4,0,133,10,74,133,74,1,282,1,1141.6,0.0007916666666666666,False
288,4 4 18,1.4,3.5,2,24000,4.15,0,3,34,107,74,60,10,0,144,5,86,144,86,1,285,1,1195.2,0.00059375,False
288,4 4 18,1.4,3.5,2,25000,4.283333333333333,0,6,36,106,59,67,13,1,140,11,87,140,87,1,282,1,1233.6,0.000921875,False
288,4 4 18,1.4,3.5,2,26000,4.122222222222223,0,0,28,119,67,65,9,0,141,6,102,141,102,1,288,1,1187.2,0.0009149305555555555,False
288,4 4 18,1.4,3.5,2,27000,4.083333333333333,0,1,28,113,70,72,4,0,146,4,89,146,89,1,287,1,1176.0,0.0007777777777777777,False
288,4 4 18,1.4,3.5,2,28000,4.425000000000001,0,0,22,113,65,73,13,2,153,7,92,153,92,1,288,1,1274.4,0.0007569444444444444,False
288,4 4 18,1.4,3.5,2,29000,4.277777777777778,0,1,15,136,54,63,15,4,136,3,101,136,101,1,287,1,1232.0,0.0005329861111111111,False
288,4 4 18,1.4,3.5,2,30000,4.122222222222223,0,4,16,125,77,55,11,0,143,2,89,143,89,1,284,1,1187.2,0.0004809027777777778,False
288,4 4 18,1.4,3.5,2,31000,4.238888888888889,0,0,15,135,55,66,16,1,138,2,96,138,96,1,288,1,1220.8,0.0005868055555555556,False
288,4 4 18,1.4,3.5,2,32000,3.9194444444444443,0,0,8,137,79,55,9,0,143,3,91,143,91,1,288,1,1128.8,0.0006631944444444444,False
288,4 4 18,1.4,3.5,2,33000,3.7194444444444446,0,0,19,141,85,37,5,1,128,6,88,128,88,1,288,1,1071.2,0.0006354166666666666,False
288,4 4 18,1.4,3.5,2,34000,3.836111111111111,0,0,6,159,59,60,3,1,123,2,158,123,158,1,288,1,1104.8,0.0006302083333333333,False
288,4 4 18,1.4,3.5,2,35000,3.736111111111111,0,0,5,149,77,51,6,0,134,4,101,134,101,1,288,1,1076.0,0.0005138888888888889,False
288,4 4 18,1.4,3.5,2,36000,3.55,0,1,14,158,66,45,4,0,115,3,155,115,155,1,287,1,1022.4,0.0005625,False
288,4 4 18,1.4,3.5,2,37000,3.663888888888889,0,0,10,153,64,53,8,0,125,3,107,125,107,1,288,1,1055.2,0.0006423611111111111,False
288,4 4 18,1.4,3.5,2,38000,3.7333333333333334,0,0,4,158,59,60,7,0,126,2,111,126,111,1,288,1,1075.2,0.0007673611111111111,False
288,4 4 18,1.4,3.5,2,39000,3.822222222222222,0,0,2,152,66,60,8,0,134,2,106,134,106,1,288,1,1100.8,0.0006440972222222222,False
288,4 4 18,1.4,3.5,2,40000,3.9027777777777777,0,0,10,148,57,63,9,1,130,4,97,130,97,1,288,1,1124.0,0.00071875,False
288,4 4 18,1.4,3.5,2,41000,3.4749999999999996,0,0,4,165,65,47,7,0,119,3,121,119,121,1,288,1,1000.8,0.0006440972222222222,False
288,4 4 18,1.4,3.5,2,42000,3.730555555555556,0,0,3,174,57,45,8,1,111,1,174,111,174,1,288,1,1074.4,0.0006024305555555556,False
288,4 4 18,1.4,3.5,2,43000,3.7805555555555554,0,0,2,161,71,48,5,1,125,1,161,125,161,1,288,1,1088.8,0.0005225694444444444,False
288,4 4 18,1.4,3.5,2,44000,3.961111111111111,0,0,9,142,71,57,8,1,137,2,108,137,108,1,288,1,1140.8,0.0007256944444444444,False
288,4 4 18,1.4,3.5,2,45000,3.7527777777777778,0,1,9,156,71,45,6,0,122,4,114,122,114,1,287,1,1080.8,0.0006666666666666666,False
288,4 4 18,1.4,3.5,2,46000,3.505555555555555,0,0,5,175,54,51,3,0,108,2,174,108,174,1,288,1,1009.5999999999999,0.00047743055555555554,False
288,4 4 18,1.4,3.5,2,47000,3.7777777777777777,0,0,2,169,52,57,8,0,117,1,169,117,169,1,288,1,1088.0,0.0006024305555555556,False
288,4 4 18,1.4,3.5,2,48000,3.5999999999999996,0,0,1,180,55,46,6,0,107,2,133,107,133,1,288,1,1036.8,0.0005486111111111112,False
288,4 4 18,1.4,3.5,2,49000,3.730555555555556,0,0,8,170,49,52,9,0,110,2,125,110,125,1,288,1,1074.4,0.0006215277777777778,False
288,4 4 18,1.4,3.5,2,50000,3.586111111111111,0,0,4,182,52,42,8,0,102,2,134,102,134,1,288,1,1032.8,0.0004982638888888889,False
288,4 4 18,1.4,3.5,2,51000,3.3777777777777778,0,0,3,188,47,46,4,0,97,2,140,97,140,1,288,1,972.8,0.0003732638888888889,False
288,4 4 18,1.4,3.5,2,52000,3.6472222222222226,0,0,13,169,53,48,4,1,106,2,167,106,167,1,288,1,1050.4,0.00041319444444444444,False
288,4 4 18,1.4,3.5,2,53000,3.691666666666667,0,0,3,170,63,44,8,0,115,1,170,115,170,1,288,1,1063.2,0.0004565972222222222,False
288,4 4 18,1.4,3.5,2,54000,3.8388888888888886,0,0,1,160,57,54,16,0,127,3,118,127,118,1,288,1,1105.6,0.000328125,False
288,4 4 18,1.4,3.5,2,55000,3.422222222222222,0,0,8,162,69,40,9,0,118,3,118,118,118,1,288,1,985.5999999999999,0.00019444444444444443,False
288,4 4 18,1.4,3.5,2,56000,3.4194444444444443,0,0,12,174,57,39,4,2,102,2,127,102,127,1,288,1,984.8,0.00011631944444444445,False
288,4 4 18,1.4,3.5,2,57000,3.644444444444444,0,0,1,167,67,45,7,1,120,3,118,120,118,1,288,1,1049.6,0.00014409722222222222,False
288,4 4 18,1.4,3.5,2,58000,3.8472222222222223,0,1,1,165,55,52,12,2,121,1,165,121,165,1,287,1,1108.0,0.00035243055555555554,False
288,4 4 18,1.4,3.5,2,59000,3.7527777777777778,0,0,0,164,60,56,8,0,124,2,132,124,132,1,288,1,1080.8,0.0005295138888888889,False
288,4 4 18,1.4,3.5,2,60000,3.6222222222222222,0,0,1,170,55,52,10,0,117,2,132,117,132,1,288,1,1043.2,0.0003333333333333333,False
288,4 4 18,1.4,3.5,2,61000,3.7583333333333337,0,0,5,152,77,47,6,1,131,2,117,131,117,1,288,1,1082.4,0.00040972222222222224,False
288,4 4 18,1.4,3.5,2,62000,3.9194444444444443,0,0,6,149,64,57,12,0,133,4,117,133,117,1,288,1,1128.8,0.0006145833333333333,False
288,4 4 18,1.4,3.5,2,63000,3.886111111111111,0,0,14,149,70,49,6,0,125,1,149,125,149,1,288,1,1119.2,0.0006857638888888889,False
288,4 4 18,1.4,3.5,2,64000,3.941666666666667,0,2,6,142,70,60,8,0,138,3,99,138,99,1,286,1,1135.2,0.0007864583333333333,False
288,4 4 18,1.4,3.5,2,65000,4.138888888888889,0,1,5,140,59,73,10,0,142,2,98,142,98,1,287,1,1192.0,0.0007447916666666667,False
288,4 4 18,1.4,3.5,2,66000,3.888888888888889,0,0,3,162,58,54,11,0,123,1,162,123,162,1,288,1,1120.0,0.0005503472222222223,False
288,4 4 18,1.4,3.5,2,67000,3.9694444444444446,0,0,1,157,56,57,17,0,130,2,115,130,115,1,288,1,1143.2,0.0004027777777777778,False
288,4 4 18,1.4,3.5,2,68000,3.9638888888888886,0,0,0,150,60,66,12,0,138,2,110,138,110,1,288,1,1141.6,0.0004652777777777778,False
288,4 4 18,1.4,3.5,2,69000,3.9777777777777774,0,0,2,159,58,57,11,1,127,1,159,127,159,1,288,1,1145.6,0.0004861111111111111,False
288,4 4 18,1.4,3.5,2,70000,3.9055555555555554,0,0,8,151,58,64,6,1,129,2,149,129,149,1,288,1,1124.8,0.0006302083333333333,False
288,4 4 18,1.4,3.5,2,71000,4.088888888888889,0,0,0,137,75,63,10,3,151,1,137,151,137,1,288,1,1177.6,0.0006319444444444444,False
288,4 4 18,1.4,3.5,2,72000,3.9166666666666665,0,0,4,134,93,49,7,1,150,4,87,150,87,1,288,1,1128.0,0.0005607638888888889,False
288,4 4 18,1.4,3.5,2,73000,4.041666666666667,0,0,7,154,60,54,13,0,127,4,110,127,110,1,288,1,1164.0,0.0005208333333333333,False
288,4 4 18,1.4,3.5,2,74000,4.219444444444445,0,0,5,155,47,66,12,3,128,1,155,128,155,1,288,1,1215.2,0.0003975694444444444,False
288,4 4 18,1.4,3.5,2,75000,3.7333333333333334,0,0,11,151,75,49,2,0,126,4,107,126,107,1,288,1,1075.2,0.0005972222222222222,False
288,4 4 18,1.4,3.5,2,76000,3.716666666666667,0,0,0,168,53,62,5,0,120,2,110,120,110,1,288,1,1070.4,0.000671875,False
288,4 4 18,1.4,3.5,2,77000,3.6472222222222226,0,0,2,180,39,58,9,0,106,1,180,106,180,1,288,1,1050.4,0.00043229166666666665,False
288,4 4 18,1.4,3.5,2,78000,3.7583333333333337,0,0,0,175,53,46,13,1,113,2,122,113,122,1,288,1,1082.4,0.0005729166666666667,False
288,4 4 18,1.4,3.5,2,79000,3.658333333333333,0,0,9,169,55,48,6,1,110,3,114,110,114,1,288,1,1053.6,0.00053125,False
288,4 4 18,1.4,3.5,2,80000,3.827777777777778,0,0,0,164,62,49,12,1,124,2,110,124,110,1,288,1,1102.4,0.0006909722222222223,False
288,4 4 18,1.4,3.5,2,81000,3.625,0,0,0,170,61,48,9,0,118,1,170,118,170,1,288,1,1044.0,0.0005017361111111111,False
288,4 4 18,1.4,3.5,2,82000,3.4916666666666663,0,0,0,169,63,51,5,0,119,1,169,119,169,1,288,1,1005.5999999999999,0.0006440972222222222,False
288,4 4 18,1.4,3.5,2,83000,3.6694444444444443,0,0,0,169,47,59,13,0,119,1,169,119,169,1,288,1,1056.8,0.0004635416666666667,False
288,4 4 18,1.4,3.5,2,84000,3.5999999999999996,0,0,7,161,74,41,5,0,120,2,105,120,105,1,288,1,1036.8,0.00065625,False
288,4 4 18,1.4,3.5,2,85000,3.630555555555555,0,0,0,164,77,42,5,0,124,2,113,124,113,1,288,1,1045.6,0.0006145833333333333,False
288,4 4 18,1.4,3.5,2,86000,3.4638888888888886,0,0,1,178,57,48,4,0,109,1,178,109,178,1,288,1,997.5999999999999,0.0004895833333333333,False
288,4 4 18,1.4,3.5,2,87000,3.6027777777777774,0,0,0,171,50,63,4,0,117,2,126,117,126,1,288,1,1037.6,0.0005538194444444445,False
288,4 4 18,1.4,3.5,2,88000,3.519444444444444,0,0,3,172,58,52,3,0,113,1,172,113,172,1,288,1,1013.5999999999999,0.0005729166666666667,False
288,4 4 18,1.4,3.5,2,89000,3.552777777777778,0,0,3,181,62,37,5,0,104,2,180,104,180,1,288,1,1023.2,0.0006145833333333333,False
288,4 4 18,1.4,3.5,2,90000,3.7861111111111114,0,0,0,160,58,64,6,0,128,2,159,128,159,1,288,1,1090.4,0.0006163194444444444,False
288,4 4 18,1.4,3.5,2,91000,3.7861111111111114,0,0,0,156,67,58,7,0,132,1,156,132,156,1,288,1,1090.4,0.0007586805555555555,False
288,4 4 18,1.4,3.5,2,92000,3.7194444444444446,0,0,2,165,59,55,7,0,121,1,165,121,165,1,288,1,1071.2,0.0005972222222222222,False
288,4 4 18,1.4,3.5,2,93000,3.716666666666667,0,0,2,167,54,55,10,0,119,2,123,119,123,1,288,1,1070.4,0.0005763888888888889,False
288,4 4 18,1.4,3.5,2,94000,3.716666666666667,0,0,1,161,67,51,8,0,126,2,115,126,115,1,288,1,1070.4,0.0005763888888888889,False
288,4 4 18,1.4,3.5,2,95000,3.8055555555555554,0,0,1,165,53,56,12,1,122,1,165,122,165,1,288,1,1096.0,0.0006440972222222222,False
288,4 4 18,1.4,3.5,2,96000,3.7916666666666665,0,0,1,163,62,52,9,1,124,1,163,124,163,1,288,1,1092.0,0.0007604166666666666,False
288,4 4 18,1.4,3.5,2,97000,3.4499999999999997,0,0,4,170,73,37,3,1,114,1,170,114,170,1,288,1,993.5999999999999,0.0005954861111111111,False
288,4 4 18,1.4,3.5,2,98000,3.55,0,0,8,165,75,36,3,1,115,2,121,115,121,1,288,1,1022.4,0.0005746527777777778,False
288,4 4 18,1.4,3.5,2,99000,3.9916666666666663,0,0,4,153,57,60,13,1,131,2,152,131,152,1,288,1,1149.6,0.000625,False
288,4 4 18,1.4,3.5,2,100000,4.011111111111111,0,0,6,155,53,59,13,2,127,4,111,127,111,1,288,1,1155.2,0.000703125,False
288,4 4 18,1.4,3.5,2,101000,3.869444444444445,0,0,1,166,57,53,10,1,121,2,123,121,123,1,288,1,1114.4,0.0005850694444444445,False
288,4 4 18,1.4,3.5,2,102000,3.755555555555555,0,0,14,159,58,51,6,0,115,4,111,115,111,1,288,1,1081.6,0.0006493055555555555,False
288,4 4 18,1.4,3.5,2,103000,3.9972222222222222,0,0,11,146,55,64,12,0,131,2,144,131,144,1,288,1,1151.2,0.0004947916666666667,False
288,4 4 18,1.4,3.5,2,104000,4.113888888888889,0,0,6,146,69,56,11,0,136,3,103,136,103,1,288,1,1184.8,0.0005972222222222222,False
288,4 4 18,1.4,3.5,2,105000,3.9916666666666663,0,0,3,157,49,68,10,1,128,3,115,128,115,1,288,1,1149.6,0.0008333333333333334,False
288,4 4 18,1.4,3.5,2,106000,3.986111111111111,0,0,0,151,60,67,10,0,137,1,151,137,151,1,288,1,1148.0,0.0007517361111111111,False
288,4 4 18,1.4,3.5,2,107000,3.9027777777777777,0,0,4,156,60,56,12,0,128,1,156,128,156,1,288,1,1124.0,0.0004809027777777778,False
288,4 4 18,1.4,3.5,2,108000,3.519444444444444,0,0,1,168,76,36,7,0,119,2,125,119,125,1,288,1,1013.5999999999999,0.0006388888888888889,False
288,4 4 18,1.4,3.5,2,109000,3.572222222222222,0,0,2,163,77,39,5,2,123,1,163,123,163,1,288,1,1028.8,0.0004982638888888889,False
288,4 4 18,1.4,3.5,2,110000,3.7583333333333337,0,0,5,162,55,60,6,0,121,2,117,121,117,1,288,1,1082.4,0.0004357638888888889,False
288,4 4 18,1.4,3.5,2,111000,3.6472222222222226,0,0,5,161,67,47,8,0,122,2,159,122,159,1,288,1,1050.4,0.0006041666666666667,False
288,4 4 18,1.4,3.5,2,112000,3.7750000000000004,0,0,5,162,55,57,8,1,121,2,121,121,121,1,288,1,1087.2,0.000453125,False
288,4 4 18,1.4,3.5,2,113000,3.8388888888888886,0,0,10,154,62,54,8,0,124,3,151,124,151,1,288,1,1105.6,0.0003385416666666667,False
288,4 4 18,1.4,3.5,2,114000,3.5694444444444446,0,0,17,155,66,47,3,0,116,4,111,116,111,1,288,1,1028.0,0.00046875,False
288,4 4 18,1.4,3.5,2,115000,3.941666666666667,0,0,24,139,62,51,12,0,125,5,119,125,119,1,288,1,1135.2,0.0004253472222222222,False
288,4 4 18,1.4,3.5,2,116000,4.072222222222222,0,0,4,145,73,55,11,0,139,3,141,139,141,1,288,1,1172.8,0.0004826388888888889,False
288,4 4 18,1.4,3.5,2,117000,3.711111111111111,0,0,18,150,55,60,5,0,120,1,150,120,150,1,288,1,1068.8,0.0004392361111111111,False
288,4 4 18,1.4,3.5,2,118000,3.4805555555555556,0,0,8,163,64,48,4,1,117,1,163,117,163,1,288,1,1002.4,0.00024305555555555555,False
288,4 4 18,1.4,3.5,2,119000,3.4777777777777774,0,0,6,155,83,38,5,1,127,2,153,127,153,1,288,1,1001.5999999999999,0.00016319444444444443,False
288,4 4 18,1.4,3.5,2,120000,3.4305555555555554,0,0,11,154,82,38,3,0,123,4,125,123,125,1,288,1,988.0,0.00019097222222222223,False
288,4 4 18,1.4,3.5,2,121000,3.5694444444444446,0,0,10,143,86,43,6,0,135,3,114,135,114,1,288,1,1028.0,0.0002534722222222222,False
288,4 4 18,1.4,3.5,2,122000,3.5277777777777777,0,0,4,150,85,44,5,0,134,2,118,134,118,1,288,1,1016.0,0.0002690972222222222,False
288,4 4 18,1.4,3.5,2,123000,3.6500000000000004,0,0,6,155,73,53,1,0,127,3,115,127,115,1,288,1,1051.2,0.00047395833333333334,False
288,4 4 18,1.4,3.5,2,124000,3.447222222222222,0,0,6,166,69,44,3,0,116,1,166,116,166,1,288,1,992.8,0.0004809027777777778,False
288,4 4 18,1.4,3.5,2,125000,3.6527777777777777,0,0,0,167,50,63,8,0,121,2,119,121,119,1,288,1,1052.0,0.0005659722222222223,False
288,4 4 18,1.4,3.5,2,126000,3.591666666666667,0,0,0,175,59,46,7,1,113,3,119,113,119,1,288,1,1034.4,0.0004565972222222222,False
288,4 4 18,1.4,3.5,2,127000,3.566666666666667,0,0,1,176,46,56,9,0,111,1,176,111,176,1,288,1,1027.2,0.0005069444444444444,False
288,4 4 18,1.4,3.5,2,128000,3.3527777777777774,0,0,2,179,58,47,2,0,107,2,127,107,127,1,288,1,965.5999999999999,0.00047395833333333334,False
288,4 4 18,1.4,3.5,2,129000,3.630555555555555,0,0,6,165,59,51,7,0,117,3,123,117,123,1,288,1,1045.6,0.0003732638888888889,False
288,4 4 18,1.4,3.5,2,130000,3.561111111111111,0,0,8,169,58,47,4,2,111,3,123,111,123,1,288,1,1025.6,0.00030208333333333335,False
288,4 4 18,1.4,3.5,2,131000,3.411111111111111,0,0,2,168,79,38,1,0,118,4,117,118,117,1,288,1,982.4,0.000265625,False
288,4 4 18,1.4,3.5,2,132000,3.611111111111111,0,0,1,164,75,43,4,1,123,2,163,123,163,1,288,1,1040.0,0.0003177083333333333,False
288,4 4 18,1.4,3.5,2,133000,3.769444444444444,0,0,0,159,69,49,11,0,129,1,159,129,159,1,288,1,1085.6,0.0004027777777777778,False
288,4 4 18,1.4,3.5,2,134000,3.686111111111111,0,1,1,152,63,66,4,1,134,1,152,134,152,1,287,1,1061.6,0.0005486111111111112,False
288,4 4 18,1.4,3.5,2,135000,3.572222222222222,0,0,1,165,72,45,5,0,122,3,121,122,121,1,288,1,1028.8,0.0003767361111111111,False
288,4 4 18,1.4,3.5,2,136000,4.041666666666667,0,0,10,145,44,73,16,0,133,5,112,133,112,1,288,1,1164.0,0.00035069444444444444,False
288,4 4 18,1.4,3.5,2,137000,3.5805555555555557,0,0,14,157,65,43,9,0,117,2,156,117,156,1,288,1,1031.2,0.000609375,False
288,4 4 18,1.4,3.5,2,138000,3.533333333333333,0,0,3,163,69,49,4,0,122,2,114,122,114,1,288,1,1017.5999999999999,0.0003559027777777778,False
288,4 4 18,1.4,3.5,2,139000,3.6527777777777777,0,0,2,153,74,50,8,1,133,2,152,133,152,1,288,1,1052.0,0.00036979166666666665,False
288,4 4 18,1.4,3.5,2,140000,3.6166666666666663,0,0,3,152,73,55,4,1,133,2,106,133,106,1,288,1,1041.6,0.00017708333333333335,False
288,4 4 18,1.4,3.5,2,141000,3.8583333333333334,0,0,7,139,74,59,9,0,142,4,99,142,99,1,288,1,1111.2,0.0005225694444444444,False
288,4 4 18,1.4,3.5,2,142000,3.697222222222222,0,0,1,160,68,52,7,0,127,2,112,127,112,1,288,1,1064.8,0.0006805555555555556,False
288,4 4 18,1.4,3.5,2,143000,3.7527777777777778,0,0,1,151,81,49,6,0,136,2,104,136,104,1,288,1,1080.8,0.00042881944444444445,False
288,4 4 18,1.4,3.5,2,144000,3.5444444444444443,0,0,1,162,65,56,4,0,125,3,107,125,107,1,288,1,1020.8,0.0003576388888888889,False
288,4 4 18,1.4,3.5,2,145000,3.486111111111111,0,0,0,161,69,55,3,0,127,2,110,127,110,1,288,1,1004.0,0.0006232638888888889,False
288,4 4 18,1.4,3.5,2,146000,3.6027777777777774,0,0,1,162,66,54,5,0,125,2,111,125,111,1,288,1,1037.6,0.00047743055555555554,False
288,4 4 18,1.4,3.5,2,147000,3.625,0,0,2,168,64,42,10,2,118,2,111,118,111,1,288,1,1044.0,0.00038715277777777777,False
288,4 4 18,1.4,3.5,2,148000,3.688888888888889,0,0,0,153,75,54,4,2,135,3,99,135,99,1,288,1,1062.4,0.0005677083333333334,False
288,4 4 18,1.4,3.5,2,149000,3.4166666666666665,0,0,0,165,73,47,3,0,123,2,109,123,109,1,288,1,984.0,0.0005694444444444445,False
288,4 4 18,1.4,3.5,2,150000,3.586111111111111,0,0,2,163,64,55,4,0,123,2,107,123,107,1,288,1,1032.8,0.0004548611111111111,False
288,4 4 18,1.4,3.5,2,151000,3.4638888888888886,0,0,0,169,78,37,4,0,119,1,169,119,169,1,288,1,997.5999999999999,0.00047569444444444444,False
288,4 4 18,1.4,3.5,2,152000,3.6222222222222222,0,0,0,162,70,50,6,0,126,1,162,126,162,1,288,1,1043.2,0.00044791666666666667,False
288,4 4 18,1.4,3.5,2,153000,3.3194444444444446,0,0,0,173,82,33,0,0,115,1,173,115,173,1,288,1,956.0,0.0004670138888888889,False
288,4 4 18,1.4,3.5,2,154000,3.3388888888888886,0,0,4,177,62,45,0,0,107,2,176,107,176,1,288,1,961.5999999999999,0.00020486111111111112,False
288,4 4 18,1.4,3.5,2,155000,3.5944444444444446,0,0,6,162,68,46,6,0,120,1,162,120,162,1,288,1,1035.2,0.0003993055555555556,False
288,4 4 18,1.4,3.5,2,156000,3.658333333333333,0,0,3,155,71,53,6,0,130,2,106,130,106,1,288,1,1053.6,0.0004895833333333333,False
288,4 4 18,1.4,3.5,2,157000,3.8333333333333335,0,0,2,147,69,57,13,0,139,3,97,139,97,1,288,1,1104.0,0.0005729166666666667,False
288,4 4 18,1.4,3.5,2,158000,3.763888888888889,0,0,0,150,78,51,8,1,138,1,150,138,150,1,288,1,1084.0,0.0004045138888888889,False
288,4 4 18,1.4,3.5,2,159000,3.4749999999999996,0,0,1,162,81,36,8,0,125,2,105,125,105,1,288,1,1000.8,0.00036458333333333335,False
288,4 4 18,1.4,3.5,2,160000,3.3333333333333335,0,0,2,172,76,32,6,0,114,2,114,114,114,1,288,1,960.0,0.00035069444444444444,False
288,4 4 18,1.4,3.5,2,161000,3.6527777777777777,0,0,6,158,78,38,8,0,124,4,101,124,101,1,288,1,1052.0,0.00045138888888888887,False
288,4 4 18,1.4,3.5,2,162000,3.8777777777777778,0,1,4,148,64,64,4,3,135,1,148,135,148,1,287,1,1116.8,0.0005104166666666666,False
288,4 4 18,1.4,3.5,2,163000,3.736111111111111,0,0,4,157,67,52,7,1,127,1,157,127,157,1,288,1,1076.0,0.0003576388888888889,False
288,4 4 18,1.4,3.5,2,164000,3.7916666666666665,0,0,3,160,63,51,10,1,125,2,104,125,104,1,288,1,1092.0,0.00037152777777777775,False
288,4 4 18,1.4,3.5,2,165000,3.736111111111111,0,2,2,162,63,45,13,1,122,3,103,122,103,1,286,1,1076.0,0.00030729166666666665,False
288,4 4 18,1.4,3.5,2,166000,4.105555555555556,0,0,0,149,52,66,20,1,139,3,99,139,99,1,288,1,1182.4,0.0006458333333333333,False
288,4 4 18,1.4,3.5,2,167000,3.577777777777778,0,0,9,166,53,56,4,0,113,2,165,113,165,1,288,1,1030.4,0.00040972222222222224,False
288,4 4 18,1.4,3.5,2,168000,3.436111111111111,0,0,2,182,62,38,4,0,104,2,128,104,128,1,288,1,989.5999999999999,0.000375,False
288,4 4 18,1.4,3.5,2,169000,3.5,0,0,1,173,63,47,4,0,114,1,173,114,173,1,288,1,1008.0,0.0005277777777777777,False
288,4 4 18,1.4,3.5,2,170000,3.433333333333333,0,0,2,178,68,34,6,0,108,1,178,108,178,1,288,1,988.8,0.00040625,False
288,4 4 18,1.4,3.5,2,171000,3.4972222222222222,0,0,7,179,64,28,9,1,102,1,179,102,179,1,288,1,1007.2,0.00022222222222222223,False
288,4 4 18,1.4,3.5,2,172000,3.4694444444444446,0,0,2,175,71,33,7,0,111,2,119,111,119,1,288,1,999.2,0.0004548611111111111,False
288,4 4 18,1.4,3.5,2,173000,3.6166666666666663,0,0,2,174,62,43,6,1,112,1,174,112,174,1,288,1,1041.6,0.00031944444444444446,False
288,4 4 18,1.4,3.5,2,174000,3.408333333333333,0,0,1,179,57,49,2,0,108,1,179,108,179,1,288,1,981.5999999999999,0.00036805555555555555,False
288,4 4 18,1.4,3.5,2,175000,3.3055555555555554,0,0,4,186,57,36,5,0,98,1,186,98,186,1,288,1,952.0,0.00038194444444444446,False
288,4 4 18,1.4,3.5,2,176000,3.755555555555555,0,0,10,155,55,57,11,0,123,4,104,123,104,1,288,1,1081.6,0.0003802083333333333,False
288,4 4 18,1.4,3.5,2,177000,3.644444444444444,0,1,3,163,62,50,9,0,121,5,107,121,107,1,287,1,1049.6,0.0005833333333333334,False
288,4 4 18,1.4,3.5,2,178000,3.4749999999999996,0,1,5,178,57,43,4,0,104,2,177,104,177,1,287,1,1000.8,0.00034895833333333334,False
288,4 4 18,1.4,3.5,2,179000,3.586111111111111,0,0,14,164,56,48,6,0,110,3,112,110,112,1,288,1,1032.8,0.0004878472222222222,False
288,4 4 18,1.4,3.5,2,180000,3.433333333333333,0,0,6,174,64,38,6,0,108,1,174,108,174,1,288,1,988.8,0.0006961805555555556,False
288,4 4 18,1.4,3.5,2,181000,3.363888888888889,0,0,5,182,60,38,3,0,101,2,180,101,180,1,288,1,968.8,0.00047222222222222224,False
288,4 4 18,1.4,3.5,2,182000,3.5083333333333333,0,0,9,175,53,41,10,0,104,1,175,104,175,1,288,1,1010.4,0.0005295138888888889,False
288,4 4 18,1.4,3.5,2,183000,3.802777777777778,0,0,0,162,55,60,11,0,126,3,113,126,113,1,288,1,1095.2,0.0005711805555555556,False
288,4 4 18,1.4,3.5,2,184000,3.658333333333333,0,0,0,163,67,49,9,0,125,1,163,125,163,1,288,1,1053.6,0.0004930555555555556,False
288,4 4 18,1.4,3.5,2,185000,3.797222222222222,0,0,1,153,69,51,11,3,134,1,153,134,153,1,288,1,1093.6,0.0006510416666666666,False
288,4 4 18,1.4,3.5,2,186000,3.4972222222222222,0,0,2,168,69,42,7,0,118,1,168,118,168,1,288,1,1007.2,0.00047222222222222224,False
288,4 4 18,1.4,3.5,2,187000,3.533333333333333,0,0,0,171,63,49,5,0,117,2,169,117,169,1,288,1,1017.5999999999999,0.00044444444444444447,False
288,4 4 18,1.4,3.5,2,188000,3.591666666666667,0,0,1,165,71,47,4,0,122,1,165,122,165,1,288,1,1034.4,0.000453125,False
288,4 4 18,1.4,3.5,2,189000,3.644444444444444,0,0,0,152,69,58,9,0,136,3,100,136,100,1,288,1,1049.6,0.0006232638888888889,False
288,4 4 18,1.4,3.5,2,190000,3.577777777777778,0,0,1,153,76,53,5,0,134,1,153,134,153,1,288,1,1030.4,0.0006371527777777778,False
288,4 4 18,1.4,3.5,2,191000,3.3333333333333335,0,0,0,177,69,39,3,0,111,1,177,111,177,1,288,1,960.0,0.0005520833333333334,False
288,4 4 18,1.4,3.5,2,192000,3.413888888888889,0,0,1,176,74,32,5,0,111,2,174,111,174,1,288,1,983.2,0.0004670138888888889,False
288,4 4 18,1.4,3.5,2,193000,3.3527777777777774,0,0,2,175,67,41,3,0,111,4,119,111,119,1,288,1,965.5999999999999,0.00040798611111111114,False
288,4 4 18,1.4,3.5,2,194000,3.086111111111111,0,0,1,192,71,22,2,0,95,1,192,95,192,1,288,1,888.8,0.000265625,False
288,4 4 18,1.4,3.5,2,195000,3.25,0,0,2,176,85,22,3,0,110,3,118,110,118,1,288,1,936.0,0.0002708333333333333,False
288,4 4 18,1.4,3.5,2,196000,3.336111111111111,0,0,3,182,57,40,6,0,103,3,121,103,121,1,288,1,960.8,0.0004826388888888889,False
288,4 4 18,1.4,3.5,2,197000,3.4916666666666663,0,0,0,170,61,52,5,0,118,2,122,118,122,1,288,1,1005.5999999999999,0.00042881944444444445,False
288,4 4 18,1.4,3.5,2,198000,3.441666666666667,0,0,0,176,63,42,7,0,112,2,175,112,175,1,288,1,991.2,0.0004427083333333333,False
288,4 4 18,1.4,3.5,2,199000,3.2805555555555554,0,0,0,183,64,39,2,0,105,1,183,105,183,1,288,1,944.8,0.000375,False
288,4 4 18,1.4,3.5,2,200000,3.255555555555555,0,0,0,180,61,46,1,0,108,2,178,108,178,1,288,1,937.5999999999999,0.0005434027777777777,True
288,4 4 18,1.4,3.5,3,0,3.1999999999999997,0,288,0,0,0,0,0,0,0,0,0,0,0,0,0,1,921.5999999999999,,False
288,4 4 18,1.4,3.5,3,1000,4.341666666666666,0,21,91,84,36,25,29,2,92,23,18,92,18,1,267,1,1250.3999999999999,0.000203125,False
288,4 4 18,1.4,3.5,3,2000,4.383333333333334,0,12,87,91,34,43,21,0,98,13,42,98,42,1,276,1,1262.4,0.00021180555555555555,False
288,4 4 18,1.4,3.5,3,3000,4.338888888888889,0,20,94,80,29,41,21,3,94,18,34,94,34,1,268,1,1249.6,0.00022569444444444443,False
288,4 4 18,1.4,3.5,3,4000,4.333333333333333,0,20,91,70,46,38,23,0,107,19,15,107,15,1,268,1,1248.0,0.00021006944444444445,False
288,4 4 18,1.4,3.5,3,5000,4.119444444444444,0,17,107,68,39,37,20,0,96,19,20,96,20,1,271,1,1186.3999999999999,0.00022222222222222223,False
288,4 4 18,1.4,3.5,3,6000,3.797222222222222,0,25,108,70,34,38,12,1,85,14,21,85,21,1,263,1,1093.6,0.00015625,False
288,4 4 18,1.4,3.5,3,7000,3.952777777777778,0,7,106,86,30,39,20,0,89,14,27,89,27,1,281,1,1138.4,0.000171875,False
288,4 4 18,1.4,3.5,3,8000,3.8666666666666663,0,10,106,72,48,46,6,0,100,9,46,100,46,1,278,1,1113.6,0.0001875,False
288,4 4 18,1.4,3.5,3,9000,3.630555555555555,0,18,124,67,29,39,11,0,79,14,33,79,33,1,270,1,1045.6,0.0001267361111111111,False
288,4 4 18,1.4,3.5,3,10000,4.022222222222222,0,9,103,74,41,46,13,2,102,13,52,102,52,1,279,1,1158.4,0.00016666666666666666,False
288,4 4 18,1.4,3.5,3,11000,3.9694444444444446,0,11,113,67,47,40,8,2,97,12,29,97,29,1,277,1,1143.2,0.000140625,False
288,4 4 18,1.4,3.5,3,12000,4.069444444444445,0,10,104,77,40,43,10,4,97,11,27,97,27,1,278,1,1172.0,0.00018055555555555555,False
288,4 4 18,1.4,3.5,3,13000,4.169444444444444,0,6,95,82,48,42,13,2,105,12,54,105,54,1,282,1,1200.8,0.0002013888888888889,False
288,4 4 18,1.4,3.5,3,14000,4.297222222222222,0,9,97,70,46,50,12,4,112,19,33,112,33,1,279,1,1237.6,0.00021180555555555555,False
288,4 4 18,1.4,3.5,3,15000,4.427777777777777,0,8,84,84,54,40,15,3,112,18,18,112,18,1,280,1,1275.1999999999998,0.00018402777777777778,False
288,4 4 18,1.4,3.5,3,16000,4.5249999999999995,0,4,84,86,40,53,18,3,114,22,20,114,20,1,284,1,1303.1999999999998,0.00019618055555555556,False
288,4 4 18,1.4,3.5,3,17000,4.591666666666667,0,8,88,68,59,47,14,4,124,20,23,124,23,1,280,1,1322.4,0.00016666666666666666,False
288,4 4 18,1.4,3.5,3,18000,4.363888888888889,0,19,80,75,52,50,11,1,114,20,20,114,20,1,269,1,1256.8,0.00017361111111111112,False
288,4 4 18,1.4,3.5,3,19000,4.863888888888889,0,5,68,77,62,51,22,3,138,23,19,138,19,1,283,1,1400.8,0.000171875,False
288,4 4 18,1.4,3.5,3,20000,4.458333333333333,0,4,80,73,56,63,10,2,131,19,25,131,25,1,284,1,1284.0,0.0003975694444444444,False
288,4 4 18,1.4,3.5,3,21000,4.38611111111111,0,7,76,80,54,54,16,1,125,21,29,125,29,1,281,1,1263.1999999999998,0.00032638888888888887,False
288,4 4 18,1.4,3.5,3,22000,4.597222222222222,0,9,73,73,63,54,16,0,133,13,15,133,15,1,279,1,1324.0,0.00038368055555555557,False
288,4 4 18,1.4,3.5,3,23000,4.416666666666667,0,12,85,58,64,56,11,2,133,16,23,133,23,1,276,1,1272.0,0.0002743055555555556,False
288,4 4 18,1.4,3.5,3,24000,4.269444444444444,0,6,85,79,54,53,11,0,118,13,28,118,28,1,282,1,1229.6,0.00021354166666666668,False
288,4 4 18,1.4,3.5,3,25000,4.341666666666667,0,5,76,80,52,61,13,1,127,13,45,127,45,1,283,1,1250.4,0.0002517361111111111,False
288,4 4 18,1.4,3.5,3,26000,4.408333333333333,0,9,84,87,45,43,17,3,108,19,51,108,51,1,279,1,1269.6,0.0003958333333333333,False
288,4 4 18,1.4,3.5,3,27000,4.513888888888889,0,9,81,82,43,58,14,1,116,16,39,116,39,1,279,1,1300.0,0.00032118055555555556,False
288,4 4 18,1.4,3.5,3,28000,4.425000000000001,0,10,79,87,47,51,11,3,112,10,56,112,56,1,278,1,1274.4,0.00040625,False
288,4 4 18,1.4,3.5,3,29000,4.572222222222222,0,10,58,92,60,55,9,4,128,14,50,128,50,1,278,1,1316.8,0.0003732638888888889,False
288,4 4 18,1.4,3.5,3,30000,4.708333333333333,0,12,51,91,62,44,23,5,134,13,57,134,57,1,276,1,1356.0,0.00047395833333333334,False
288,4 4 18,1.4,3.5,3,31000,4.305555555555555,0,12,72,87,59,42,11,5,117,19,47,117,47,1,276,1,1240.0,0.0003611111111111111,False
288,4 4 18,1.4,3.5,3,32000,4.519444444444444,0,8,55,90,61,57,16,1,135,15,60,135,60,1,280,1,1301.6,0.000328125,False
288,4 4 18,1.4,3.5,3,33000,4.391666666666667,0,20,65,81,63,48,10,1,122,13,47,122,47,1,268,1,1264.8,0.00030208333333333335,False
288,4 4 18,1.4,3.5,3,34000,4.658333333333333,0,14,59,90,63,43,15,4,125,16,59,125,59,1,274,1,1341.6,0.0002795138888888889,False
288,4 4 18,1.4,3.5,3,35000,4.627777777777777,0,7,69,75,71,50,12,4,137,19,22,137,22,1,281,1,1332.8,0.0003298611111111111,False
288,4 4 18,1.4,3.5,3,36000,4.713888888888889,0,12,61,74,67,53,18,3,141,15,36,141,36,1,276,1,1357.6,0.00044791666666666667,False
288,4 4 18,1.4,3.5,3,37000,4.76111111111111,0,4,65,76,69,52,19,3,143,13,35,143,35,1,284,1,1371.1999999999998,0.0003315972222222222,False
288,4 4 18,1.4,3.5,3,38000,4.402777777777778,0,10,83,75,57,47,13,3,120,15,35,120,35,1,278,1,1268.0,0.00023958333333333332,False
288,4 4 18,1.4,3.5,3,39000,4.716666666666667,0,6,76,73,55,56,16,6,133,10,33,133,33,1,282,1,1358.4,0.0003177083333333333,False
288,4 4 18,1.4,3.5,3,40000,4.830555555555555,0,4,61,76,69,56,17,5,147,12,38,147,38,1,284,1,1391.1999999999998,0.0003802083333333333,False
288,4 4 18,1.4,3.5,3,41000,4.641666666666667,0,14,68,74,69,45,16,2,132,14,44,132,44,1,274,1,1336.8,0.0003559027777777778,False
288,4 4 18,1.4,3.5,3,42000,4.508333333333334,0,6,49,86,79,52,14,2,147,11,48,147,48,1,282,1,1298.4,0.00040625,False
288,4 4 18,1.4,3.5,3,43000,4.586111111111111,0,8,47,88,75,54,14,2,145,11,62,145,62,1,280,1,1320.8,0.00034895833333333334,False
288,4 4 18,1.4,3.5,3,44000,4.677777777777777,0,11,59,80,65,55,15,3,138,13,46,138,46,1,277,1,1347.1999999999998,0.0003402777777777778,False
288,4 4 18,1.4,3.5,3,45000,4.508333333333334,0,11,61,78,70,53,10,5,138,16,43,138,43,1,277,1,1298.4,0.00032118055555555556,False
288,4 4 18,1.4,3.5,3,46000,4.530555555555555,0,10,55,85,75,52,8,3,138,10,63,138,63,1,278,1,1304.8,0.0003402777777777778,False
288,4 4 18,1.4,3.5,3,47000,4.452777777777778,0,10,54,89,75,44,13,3,135,13,65,135,65,1,278,1,1282.4,0.00017534722222222222,False
288,4 4 18,1.4,3.5,3,48000,4.461111111111111,0,7,57,91,65,47,17,4,133,9,65,133,65,1,281,1,1284.8,0.000234375,False
288,4 4 18,1.4,3.5,3,49000,4.3583333333333325,0,7,49,89,79,47,14,3,143,13,54,143,54,1,281,1,1255.1999999999998,0.0002690972222222222,False
288,4 4 18,1.4,3.5,3,50000,4.555555555555555,0,5,35,103,79,50,12,4,145,7,70,145,70,1,283,1,1312.0,0.00023611111111111112,False
288,4 4 18,1.4,3.5,3,51000,4.569444444444445,0,4,31,119,56,58,17,3,134,10,94,134,94,1,284,1,1316.0,0.00038715277777777777,False
288,4 4 18,1.4,3.5,3,52000,4.663888888888888,0,2,32,114,67,53,17,3,140,10,94,140,94,1,286,1,1343.1999999999998,0.00025868055555555556,False
288,4 4 18,1.4,3.5,3,53000,4.536111111111111,0,4,22,117,69,54,19,3,145,11,79,145,79,1,284,1,1306.4,0.00030555555555555555,False
288,4 4 18,1.4,3.5,3,54000,4.772222222222222,0,3,34,98,81,51,16,5,153,5,86,153,86,1,285,1,1374.4,0.0003333333333333333,False
288,4 4 18,1.4,3.5,3,55000,4.841666666666667,0,2,30,110,65,56,19,6,146,7,89,146,89,1,286,1,1394.4,0.0006197916666666667,False
288,4 4 18,1.4,3.5,3,56000,4.686111111111111,0,1,27,119,74,54,10,3,141,7,113,141,113,1,287,1,1349.6,0.0005416666666666666,False
288,4 4 18,1.4,3.5,3,57000,4.6305555555555555,0,1,26,122,59,60,13,7,139,9,96,139,96,1,287,1,1333.6,0.0005173611111111111,False
288,4 4 18,1.4,3.5,3,58000,4.416666666666667,0,2,21,137,57,57,11,3,128,4,134,128,134,1,286,1,1272.0,0.000484375,False
288,4 4 18,1.4,3.5,3,59000,4.458333333333333,0,1,21,123,69,55,16,3,143,8,96,143,96,1,287,1,1284.0,0.0004913194444444444,False
288,4 4 18,1.4,3.5,3,60000,4.188888888888889,0,1,14,128,82,47,12,4,145,9,94,145,94,1,287,1,1206.4,0.0003559027777777778,False
288,4 4 18,1.4,3.5,3,61000,4.272222222222222,0,1,20,129,71,55,5,7,138,7,97,138,97,1,287,1,1230.4,0.00028645833333333333,False
288,4 4 18,1.4,3.5,3,62000,4.275,0,2,21,128,69,53,10,5,137,5,102,137,102,1,286,1,1231.2,0.00038194444444444446,False
288,4 4 18,1.4,3.5,3,63000,4.247222222222223,0,0,9,149,62,49,15,4,130,2,110,130,110,1,288,1,1223.2,0.0002465277777777778,False
288,4 4 18,1.4,3.5,3,64000,4.180555555555555,0,0,17,139,70,46,14,2,132,5,94,132,94,1,288,1,1204.0,0.0002690972222222222,False
288,4 4 18,1.4,3.5,3,65000,4.094444444444445,0,0,4,145,84,42,10,3,139,8,106,139,106,1,288,1,1179.2,0.0003993055555555556,False
288,4 4 18,1.4,3.5,3,66000,4.188888888888889,0,0,12,144,62,56,9,5,132,5,100,132,100,1,288,1,1206.4,0.0003940972222222222,False
288,4 4 18,1.4,3.5,3,67000,4.055555555555555,0,0,2,158,65,47,13,3,128,3,155,128,155,1,288,1,1168.0,0.00031944444444444446,False
288,4 4 18,1.4,3.5,3,68000,3.8722222222222222,0,0,14,157,70,34,12,1,117,2,156,117,156,1,288,1,1115.2,0.00026388888888888886,False
288,4 4 18,1.4,3.5,3,69000,3.7805555555555554,0,0,16,160,63,39,9,1,112,2,159,112,159,1,288,1,1088.8,0.00016319444444444443,False
288,4 4 18,1.4,3.5,3,70000,3.716666666666667,0,0,16,159,55,51,6,1,113,3,117,113,117,1,288,1,1070.4,0.0002795138888888889,False
288,4 4 18,1.4,3.5,3,71000,3.913888888888889,0,0,12,153,60,52,9,2,123,4,120,123,120,1,288,1,1127.2,0.000328125,False
288,4 4 18,1.4,3.5,3,72000,3.9194444444444443,0,1,12,146,73,48,7,1,129,4,113,129,113,1,287,1,1128.8,0.0003611111111111111,False
288,4 4 18,1.4,3.5,3,73000,3.6694444444444443,0,1,14,159,71,38,3,2,114,4,128,114,128,1,287,1,1056.8,0.00023784722222222222,False
288,4 4 18,1.4,3.5,3,74000,3.7805555555555554,0,2,13,158,62,48,5,0,115,6,128,115,128,1,286,1,1088.8,0.00022395833333333333,False
288,4 4 18,1.4,3.5,3,75000,3.7416666666666663,0,0,11,163,71,34,8,1,114,5,134,114,134,1,288,1,1077.6,0.000171875,False
288,4 4 18,1.4,3.5,3,76000,3.755555555555555,0,0,12,162,57,53,3,1,114,6,133,114,133,1,288,1,1081.6,0.00022222222222222223,False
288,4 4 18,1.4,3.5,3,77000,3.761111111111111,0,0,14,161,65,42,4,2,113,5,130,113,130,1,288,1,1083.2,0.000234375,False
288,4 4 18,1.4,3.5,3,78000,3.783333333333333,0,0,14,166,61,37,9,1,108,4,157,108,157,1,288,1,1089.6,0.000203125,False
288,4 4 18,1.4,3.5,3,79000,3.8333333333333335,0,0,12,164,61,40,9,2,112,6,135,112,135,1,288,1,1104.0,0.00022395833333333333,False
288,4 4 18,1.4,3.5,3,80000,3.8527777777777774,0,0,11,160,69,39,8,1,117,7,147,117,147,1,288,1,1109.6,0.00022395833333333333,False
288,4 4 18,1.4,3.5,3,81000,4.038888888888889,0,1,6,152,63,51,14,1,129,6,124,129,124,1,287,1,1163.2,0.0003333333333333333,False
288,4 4 18,1.4,3.5,3,82000,3.9499999999999997,0,0,12,152,59,52,11,2,124,7,133,124,133,1,288,1,1137.6,0.00020486111111111112,False
288,4 4 18,1.4,3.5,3,83000,3.836111111111111,0,2,18,162,46,45,14,1,106,6,151,106,151,1,286,1,1104.8,0.00028993055555555554,False
288,4 4 18,1.4,3.5,3,84000,4.066666666666666,0,2,28,142,52,48,16,0,116,9,126,116,126,1,286,1,1171.1999999999998,0.0002482638888888889,False
288,4 4 18,1.4,3.5,3,85000,4.069444444444445,0,0,14,146,70,44,12,2,128,6,114,128,114,1,288,1,1172.0,0.00038541666666666667,False
288,4 4 18,1.4,3.5,3,86000,3.9111111111111114,0,1,7,151,68,52,7,2,129,6,123,129,123,1,287,1,1126.4,0.00030208333333333335,False
288,4 4 18,1.4,3.5,3,87000,3.938888888888889,0,0,15,159,55,44,10,5,114,4,146,114,146,1,288,1,1134.4,0.0002777777777777778,False
288,4 4 18,1.4,3.5,3,88000,3.738888888888889,0,0,11,168,60,41,6,2,109,5,161,109,161,1,288,1,1076.8,0.000203125,False
288,4 4 18,1.4,3.5,3,89000,3.7750000000000004,0,0,11,156,76,38,5,2,121,4,153,121,153,1,288,1,1087.2,0.00017881944444444445,False
288,4 4 18,1.4,3.5,3,90000,3.802777777777778,0,0,7,155,73,46,6,1,126,2,153,126,153,1,288,1,1095.2,0.00024479166666666665,False
288,4 4 18,1.4,3.5,3,91000,3.875,0,0,2,160,71,48,5,2,126,2,157,126,157,1,288,1,1116.0,0.00018229166666666667,False
288,4 4 18,1.4,3.5,3,92000,4.036111111111111,0,0,7,149,68,48,14,2,132,5,144,132,144,1,288,1,1162.4,0.0001996527777777778,False
288,4 4 18,1.4,3.5,3,93000,4.002777777777777,0,0,2,161,67,42,13,3,125,3,159,125,159,1,288,1,1152.8,0.00032465277777777776,False
288,4 4 18,1.4,3.5,3,94000,4.113888888888889,0,1,16,150,59,49,12,1,121,7,133,121,133,1,287,1,1184.8,0.0003420138888888889,False
288,4 4 18,1.4,3.5,3,95000,4.313888888888889,0,1,13,133,59,66,14,2,141,8,114,141,114,1,287,1,1242.4,0.0003975694444444444,False
288,4 4 18,1.4,3.5,3,96000,4.083333333333333,0,1,16,132,74,58,5,2,139,8,111,139,111,1,287,1,1176.0,0.00042881944444444445,False
288,4 4 18,1.4,3.5,3,97000,4.077777777777778,0,0,15,133,80,47,9,4,140,11,108,140,108,1,288,1,1174.4,0.0004184027777777778,False
288,4 4 18,1.4,3.5,3,98000,3.811111111111111,0,1,19,144,71,44,6,3,124,9,120,124,120,1,287,1,1097.6,0.0003350694444444444,False
288,4 4 18,1.4,3.5,3,99000,3.9555555555555557,0,0,15,148,68,43,11,3,125,8,120,125,120,1,288,1,1139.2,0.00036631944444444445,False
288,4 4 18,1.4,3.5,3,100000,3.8777777777777778,0,0,13,147,73,44,8,3,128,6,125,128,125,1,288,1,1116.8,0.00028472222222222223,False
288,4 4 18,1.4,3.5,3,101000,3.952777777777778,0,0,16,143,67,49,13,0,129,7,117,129,117,1,288,1,1138.4,0.00038888888888888887,False
288,4 4 18,1.4,3.5,3,102000,3.9777777777777774,0,0,17,148,67,41,12,3,123,6,120,123,120,1,288,1,1145.6,0.0004045138888888889,False
288,4 4 18,1.4,3.5,3,103000,3.841666666666667,0,0,10,160,64,41,8,5,118,4,142,118,142,1,288,1,1106.4,0.0002777777777777778,False
288,4 4 18,1.4,3.5,3,104000,3.933333333333333,0,0,6,162,57,52,11,0,120,5,124,120,124,1,288,1,1132.8,0.00034722222222222224,False
288,4 4 18,1.4,3.5,3,105000,3.7527777777777778,0,1,8,160,69,41,9,0,119,4,147,119,147,1,287,1,1080.8,0.0003368055555555556,False
288,4 4 18,1.4,3.5,3,106000,3.691666666666667,0,0,4,163,74,41,4,2,121,4,151,121,151,1,288,1,1063.2,0.0003802083333333333,False
288,4 4 18,1.4,3.5,3,107000,3.697222222222222,0,0,0,156,81,43,7,1,132,6,145,132,145,1,288,1,1064.8,0.0003628472222222222,False
288,4 4 18,1.4,3.5,3,108000,3.9194444444444443,0,0,1,150,80,44,11,2,137,6,140,137,140,1,288,1,1128.8,0.00040972222222222224,False
288,4 4 18,1.4,3.5,3,109000,3.816666666666667,0,0,4,166,55,53,9,1,118,2,150,118,150,1,288,1,1099.2,0.00053125,False
288,4 4 18,1.4,3.5,3,110000,3.816666666666667,0,0,2,159,70,51,6,0,127,2,140,127,140,1,288,1,1099.2,0.0005329861111111111,False
288,4 4 18,1.4,3.5,3,111000,3.822222222222222,0,0,0,151,80,44,12,1,137,2,136,137,136,1,288,1,1100.8,0.0004652777777777778,False
288,4 4 18,1.4,3.5,3,112000,3.7583333333333337,0,0,5,156,72,44,11,0,127,6,142,127,142,1,288,1,1082.4,0.0004965277777777778,False
288,4 4 18,1.4,3.5,3,113000,3.6027777777777774,0,0,12,160,66,44,6,0,116,3,116,116,116,1,288,1,1037.6,0.000296875,False
288,4 4 18,1.4,3.5,3,114000,3.7138888888888886,0,2,15,152,63,46,9,1,119,5,113,119,113,1,286,1,1069.6,0.0003368055555555556,False
288,4 4 18,1.4,3.5,3,115000,3.533333333333333,1,1,18,154,61,49,4,0,114,3,112,114,112,1,286,1,1017.5999999999999,0.00041319444444444444,False
288,4 4 18,1.4,3.5,3,116000,3.4944444444444445,0,3,9,162,70,39,5,0,114,4,122,114,122,1,285,1,1006.4,0.00026215277777777776,False
288,4 4 18,1.4,3.5,3,117000,3.486111111111111,0,2,15,162,70,37,1,1,109,3,122,109,122,1,286,1,1004.0,0.0002725694444444444,False
288,4 4 18,1.4,3.5,3,118000,3.519444444444444,0,5,12,158,74,30,8,1,113,6,122,113,122,1,283,1,1013.5999999999999,0.0002673611111111111,False
288,4 4 18,1.4,3.5,3,119000,3.488888888888889,0,4,18,153,75,35,3,0,113,6,117,113,117,1,284,1,1004.8,0.0003402777777777778,False
288,4 4 18,1.4,3.5,3,120000,3.3472222222222223,0,5,18,167,66,26,6,0,98,3,130,98,130,1,283,1,964.0,0.00021701388888888888,False
288,4 4 18,1.4,3.5,3,121000,3.4305555555555554,1,2,14,164,69,34,4,0,107,7,130,107,130,1,285,1,988.0,0.00023784722222222222,False
288,4 4 18,1.4,3.5,3,122000,3.361111111111111,1,3,14,170,65,31,4,0,100,7,133,100,133,1,284,1,968.0,0.00025868055555555556,False
288,4 4 18,1.4,3.5,3,123000,3.311111111111111,0,5,13,176,67,21,6,0,94,3,133,94,133,1,283,1,953.5999999999999,0.00014409722222222222,False
288,4 4 18,1.4,3.5,3,124000,3.558333333333333,0,5,14,158,66,39,4,2,111,5,120,111,120,1,283,1,1024.8,0.00024131944444444445,False
288,4 4 18,1.4,3.5,3,125000,3.466666666666667,0,5,14,169,54,39,4,3,100,4,129,100,129,1,283,1,998.4,0.00030034722222222225,False
288,4 4 18,1.4,3.5,3,126000,3.413888888888889,0,3,18,167,65,24,9,2,100,10,129,100,129,1,285,1,983.2,0.00019618055555555556,False
288,4 4 18,1.4,3.5,3,127000,3.6611111111111114,0,1,15,155,69,39,6,3,117,7,116,117,116,1,287,1,1054.4,0.00025,False
288,4 4 18,1.4,3.5,3,128000,3.7750000000000004,0,2,19,144,75,33,14,1,123,9,112,123,112,1,286,1,1087.2,0.0003541666666666667,False
288,4 4 18,1.4,3.5,3,129000,3.586111111111111,0,0,13,159,73,35,6,2,116,8,126,116,126,1,288,1,1032.8,0.00028472222222222223,False
288,4 4 18,1.4,3.5,3,130000,3.7249999999999996,0,0,12,147,80,40,5,4,129,8,118,129,118,1,288,1,1072.8,0.0002552083333333333,False
288,4 4 18,1.4,3.5,3,131000,3.802777777777778,0,0,10,153,73,43,5,4,125,5,121,125,121,1,288,1,1095.2,0.00021354166666666668,False
288,4 4 18,1.4,3.5,3,132000,4.011111111111111,0,2,14,153,57,43,15,4,119,5,120,119,120,1,286,1,1155.2,0.0002916666666666667,False
288,4 4 18,1.4,3.5,3,133000,3.822222222222222,0,0,7,161,70,38,8,4,120,5,127,120,127,1,288,1,1100.8,0.0003107638888888889,False
288,4 4 18,1.4,3.5,3,134000,3.7472222222222222,0,0,5,161,73,41,6,2,122,5,124,122,124,1,288,1,1079.2,0.00013194444444444443,False
288,4 4 18,1.4,3.5,3,135000,3.7750000000000004,0,0,15,161,63,36,10,3,112,5,129,112,129,1,288,1,1087.2,0.00016493055555555556,False
288,4 4 18,1.4,3.5,3,136000,3.7861111111111114,0,0,16,171,56,29,14,2,101,8,143,101,143,1,288,1,1090.4,0.0001875,False
288,4 4 18,1.4,3.5,3,137000,3.769444444444444,0,1,17,168,61,27,10,4,102,9,142,102,142,1,287,1,1085.6,0.0003368055555555556,False
288,4 4 18,1.4,3.5,3,138000,3.466666666666667,0,3,11,174,59,35,4,2,100,7,145,100,145,1,285,1,998.4,0.0001684027777777778,False
288,4 4 18,1.4,3.5,3,139000,3.3555555555555556,0,1,10,179,68,24,4,2,98,7,147,98,147,1,287,1,966.4,0.00011631944444444445,False
288,4 4 18,1.4,3.5,3,140000,3.4444444444444446,0,0,10,174,70,28,4,2,104,6,138,104,138,1,288,1,992.0,0.00011631944444444445,False
288,4 4 18,1.4,3.5,3,141000,3.486111111111111,0,0,15,172,64,28,9,0,101,4,138,101,138,1,288,1,1004.0,0.00010069444444444445,False
288,4 4 18,1.4,3.5,3,142000,3.486111111111111,0,2,10,184,50,32,8,2,92,6,154,92,154,1,286,1,1004.0,0.00019097222222222223,False
288,4 4 18,1.4,3.5,3,143000,3.5416666666666665,0,2,7,184,57,28,6,4,95,4,156,95,156,1,286,1,1020.0,0.0001875,False
288,4 4 18,1.4,3.5,3,144000,3.577777777777778,0,1,12,174,62,29,6,4,101,8,152,101,152,1,287,1,1030.4,0.00014236111111111112,False
288,4 4 18,1.4,3.5,3,145000,3.522222222222222,0,0,8,184,61,24,9,2,96,7,152,96,152,1,288,1,1014.4,0.000140625,False
288,4 4 18,1.4,3.5,3,146000,3.394444444444444,0,0,9,192,51,28,7,1,87,5,152,87,152,1,288,1,977.5999999999999,0.0001701388888888889,False
288,4 4 18,1.4,3.5,3,147000,3.411111111111111,0,0,7,188,58,30,3,2,93,5,154,93,154,1,288,1,982.4,0.00016493055555555556,False
288,4 4 18,1.4,3.5,3,148000,3.3583333333333334,0,0,9,199,39,34,6,1,80,3,156,80,156,1,288,1,967.2,0.00011284722222222222,False
288,4 4 18,1.4,3.5,3,149000,3.236111111111111,0,0,15,192,53,24,2,2,81,7,156,81,156,1,288,1,932.0,0.00010069444444444445,False
288,4 4 18,1.4,3.5,3,150000,3.3333333333333335,0,0,6,189,58,31,2,2,93,7,156,93,156,1,288,1,960.0,0.00010763888888888889,False
288,4 4 18,1.4,3.5,3,151000,3.1999999999999997,0,0,15,197,45,28,2,1,76,5,154,76,154,1,288,1,921.5999999999999,0.00013541666666666666,False
288,4 4 18,1.4,3.5,3,152000,3.311111111111111,0,0,5,187,58,35,3,0,96,3,148,96,148,1,288,1,953.5999999999999,0.0001267361111111111,False
288,4 4 18,1.4,3.5,3,153000,3.3499999999999996,0,0,7,197,37,40,6,1,84,4,156,84,156,1,288,1,964.8,0.000140625,False
288,4 4 18,1.4,3.5,3,154000,3.2527777777777778,0,0,7,196,38,42,4,1,85,3,152,85,152,1,288,1,936.8,0.00015104166666666667,False
288,4 4 18,1.4,3.5,3,155000,3.2222222222222223,0,0,5,202,44,31,5,1,81,3,154,81,154,1,288,1,928.0,0.00013020833333333333,False
288,4 4 18,1.4,3.5,3,156000,3.1944444444444446,0,0,10,204,41,27,5,1,74,3,158,74,158,1,288,1,920.0,0.00013368055555555556,False
288,4 4 18,1.4,3.5,3,157000,3.4388888888888887,0,1,9,173,61,38,6,0,105,3,129,105,129,1,287,1,990.4,9.375e-05,False
288,4 4 18,1.4,3.5,3,158000,3.5694444444444446,0,1,11,174,52,40,7,3,102,3,130,102,130,1,287,1,1028.0,7.986111111111112e-05,False
288,4 4 18,1.4,3.5,3,159000,3.558333333333333,0,2,10,173,62,32,8,1,103,3,135,103,135,1,286,1,1024.8,7.8125e-05,False
288,4 4 18,1.4,3.5,3,160000,3.533333333333333,0,0,6,177,65,33,5,2,105,8,143,105,143,1,288,1,1017.5999999999999,0.0001267361111111111,False
288,4 4 18,1.4,3.5,3,161000,3.5305555555555554,0,1,11,162,72,33,9,0,114,6,131,114,131,1,287,1,1016.8,0.00013541666666666666,False
288,4 4 18,1.4,3.5,3,162000,3.5027777777777778,0,1,12,168,71,29,7,0,107,7,132,107,132,1,287,1,1008.8,8.333333333333333e-05,False
288,4 4 18,1.4,3.5,3,163000,3.461111111111111,0,1,13,169,69,24,10,2,105,7,134,105,134,1,287,1,996.8,6.076388888888889e-05,False
288,4 4 18,1.4,3.5,3,164000,3.4027777777777777,0,0,11,173,69,24,10,1,104,5,135,104,135,1,288,1,980.0,7.291666666666667e-05,False
288,4 4 18,1.4,3.5,3,165000,3.4388888888888887,0,0,10,175,62,32,8,1,103,3,137,103,137,1,288,1,990.4,5.7291666666666666e-05,False
288,4 4 18,1.4,3.5,3,166000,3.3388888888888886,0,1,15,182,55,25,8,2,90,4,144,90,144,2,287,2,961.5999999999999,7.638888888888889e-05,False
288,4 4 18,1.4,3.5,3,167000,3.4833333333333334,0,0,10,184,52,34,6,2,94,6,147,94,147,1,288,1,1003.2,6.770833333333333e-05,False
288,4 4 18,1.4,3.5,3,168000,3.4722222222222223,0,0,5,182,58,33,8,2,101,3,140,101,140,1,288,1,1000.0,8.854166666666667e-05,False
288,4 4 18,1.4,3.5,3,169000,3.3055555555555554,0,0,3,188,61,29,4,3,97,3,147,97,147,1,288,1,952.0,5.7291666666666666e-05,False
288,4 4 18,1.4,3.5,3,170000,3.236111111111111,0,0,10,186,60,21,8,3,92,7,150,92,150,1,288,1,932.0,6.25e-05,False
288,4 4 18,1.4,3.5,3,171000,3.3055555555555554,0,0,5,189,56,29,5,4,94,4,151,94,151,1,288,1,952.0,5.555555555555556e-05,False
288,4 4 18,1.4,3.5,3,172000,3.236111111111111,0,0,8,188,58,26,7,1,92,3,156,92,156,1,288,1,932.0,5.3819444444444444e-05,False
288,4 4 18,1.4,3.5,3,173000,3.236111111111111,0,0,11,181,63,26,4,3,96,5,154,96,154,1,288,1,932.0,4.1666666666666665e-05,False
288,4 4 18,1.4,3.5,3,174000,3.272222222222222,0,0,7,186,63,24,5,3,95,4,154,95,154,1,288,1,942.4,3.6458333333333336e-05,False
288,4 4 18,1.4,3.5,3,175000,3.25,0,0,7,185,62,26,5,3,96,3,153,96,153,1,288,1,936.0,3.993055555555556e-05,False
288,4 4 18,1.4,3.5,3,176000,3.183333333333333,0,0,13,183,58,28,5,1,92,6,152,92,152,1,288,1,916.8,5.208333333333334e-05,False
288,4 4 18,1.4,3.5,3,177000,3.1083333333333334,0,0,16,182,58,23,8,1,90,3,143,90,143,1,288,1,895.2,3.472222222222222e-05,False
288,4 4 18,1.4,3.5,3,178000,3.019444444444444,0,2,12,190,54,25,4,1,84,4,148,84,148,2,286,2,869.5999999999999,2.951388888888889e-05,False
288,4 4 18,1.4,3.5,3,179000,2.986111111111111,0,2,16,180,67,20,3,0,90,4,142,90,142,2,286,2,860.0,2.0833333333333333e-05,False
288,4 4 18,1.4,3.5,3,180000,2.986111111111111,0,2,16,180,67,20,3,0,90,4,142,90,142,2,286,2,860.0,1.388888888888889e-05,False
288,4 4 18,1.4,3.5,3,181000,3.0,0,1,11,186,66,21,3,0,90,6,145,90,145,2,287,2,864.0,1.5625e-05,False
288,4 4 18,1.4,3.5,3,182000,2.9305555555555554,0,0,19,184,62,20,3,0,85,4,144,85,144,2,288,2,844.0,1.388888888888889e-05,False
288,4 4 18,1.4,3.5,3,183000,2.922222222222222,0,0,11,189,64,21,3,0,88,4,152,88,152,2,288,2,841.5999999999999,3.298611111111111e-05,False
288,4 4 18,1.4,3.5,3,184000,2.966666666666667,0,0,15,188,63,19,2,1,85,5,150,85,150,2,288,2,854.4,2.4305555555555554e-05,False
288,4 4 18,1.4,3.5,3,185000,2.9944444444444445,0,0,8,188,68,20,4,0,92,5,152,92,152,2,288,2,862.4,1.9097222222222222e-05,False
288,4 4 18,1.4,3.5,3,186000,3.033333333333333,0,0,7,191,65,21,4,0,90,3,152,90,152,2,288,2,873.5999999999999,2.604166666666667e-05,False
288,4 4 18,1.4,3.5,3,187000,3.005555555555555,0,0,19,185,59,20,4,1,84,4,144,84,144,2,288,2,865.5999999999999,3.125e-05,False
288,4 4 18,1.4,3.5,3,188000,2.9694444444444446,0,4,16,184,54,28,2,0,84,6,143,84,143,2,284,2,855.2,2.4305555555555554e-05,False
288,4 4 18,1.4,3.5,3,189000,2.9444444444444446,0,4,11,187,57,26,2,1,86,6,147,86,147,2,284,2,848.0,8.680555555555556e-06,False
288,4 4 18,1.4,3.5,3,190000,2.9972222222222222,0,2,7,193,56,27,3,0,86,5,153,86,153,2,286,2,863.2,6.944444444444445e-06,False
288,4 4 18,1.4,3.5,3,191000,2.947222222222222,0,4,11,190,57,21,4,1,83,3,147,83,147,2,284,2,848.8,1.0416666666666666e-05,False
288,4 4 18,1.4,3.5,3,192000,2.9305555555555554,0,5,9,197,54,14,7,2,77,4,156,77,156,2,283,2,844.0,1.5625e-05,False
288,4 4 18,1.4,3.5,3,193000,2.9638888888888886,0,2,8,202,51,16,7,2,76,3,162,76,162,1,286,1,853.5999999999999,1.9097222222222222e-05,False
288,4 4 18,1.4,3.5,3,194000,2.797222222222222,0,0,15,203,45,19,4,2,70,4,160,70,160,1,288,1,805.5999999999999,2.777777777777778e-05,False
288,4 4 18,1.4,3.5,3,195000,2.8333333333333335,0,0,15,199,48,21,3,2,74,4,160,74,160,1,288,1,816.0,1.736111111111111e-05,False
288,4 4 18,1.4,3.5,3,196000,2.961111111111111,0,0,15,199,43,22,4,5,74,4,160,74,160,1,288,1,852.8,3.8194444444444444e-05,False
288,4 4 18,1.4,3.5,3,197000,2.8694444444444445,0,0,15,202,44,19,3,5,71,3,160,71,160,1,288,1,826.4,2.0833333333333333e-05,False
288,4 4 18,1.4,3.5,3,198000,2.911111111111111,0,4,11,199,46,22,4,2,74,3,164,74,164,2,284,2,838.4,2.4305555555555554e-05,False
288,4 4 18,1.4,3.5,3,199000,2.9194444444444443,0,0,14,189,58,19,6,2,85,3,160,85,160,1,288,1,840.8,3.298611111111111e-05,False
288,4 4 18,1.4,3.5,3,200000,2.8666666666666663,0,0,15,195,49,22,6,1,78,3,160,78,160,1,288,1,825.5999999999999,1.5625e-05,True
288,4 4 18,1.4,3.5,4,0,3.1999999999999997,0,288,0,0,0,0,0,0,0,0,0,0,0,0,0,1,921.5999999999999,,False
288,4 4 18,1.4,3.5,4,1000,4.333333333333333,0,30,97,81,26,27,27,0,80,28,12,80,12,1,258,1,1248.0,0.00024479166666666665,False
288,4 4 18,1.4,3.5,4,2000,4.6305555555555555,0,19,86,73,46,41,17,6,110,22,17,110,17,1,269,1,1333.6,0.0002534722222222222,False
288,4 4 18,1.4,3.5,4,3000,4.711111111111111,0,20,86,74,43,40,22,3,108,17,15,108,15,1,268,1,1356.8,0.0003784722222222222,False
288,4 4 18,1.4,3.5,4,4000,4.75,0,18,97,69,30,47,24,3,104,18,17,104,17,1,270,1,1368.0,0.0004253472222222222,False
288,4 4 18,1.4,3.5,4,5000,4.655555555555555,0,13,81,81,44,48,17,4,113,24,17,113,17,1,275,1,1340.8,0.0005225694444444444,False
288,4 4 18,1.4,3.5,4,6000,4.752777777777777,0,11,82,78,37,51,26,3,117,16,38,117,38,1,277,1,1368.8,0.0004600694444444444,False
288,4 4 18,1.4,3.5,4,7000,4.125,0,17,79,78,48,54,11,1,114,19,33,114,33,1,271,1,1188.0,0.00028819444444444444,False
288,4 4 18,1.4,3.5,4,8000,4.436111111111111,0,15,70,83,46,62,10,2,120,20,36,120,36,1,273,1,1277.6,0.00023784722222222222,False
288,4 4 18,1.4,3.5,4,9000,4.641666666666667,0,18,76,70,47,52,19,6,124,20,27,124,27,1,270,1,1336.8,0.0004670138888888889,False
288,4 4 18,1.4,3.5,4,10000,4.5,0,13,82,78,42,55,16,2,115,20,35,115,35,1,275,1,1296.0,0.0004357638888888889,False
288,4 4 18,1.4,3.5,4,11000,4.622222222222222,0,14,81,77,50,50,13,3,116,21,18,116,18,1,274,1,1331.1999999999998,0.0005243055555555555,False
288,4 4 18,1.4,3.5,4,12000,4.316666666666666,0,20,85,71,53,49,10,0,112,22,18,112,18,1,268,1,1243.1999999999998,0.000703125,False
288,4 4 18,1.4,3.5,4,13000,3.955555555555555,0,24,105,51,54,47,7,0,108,23,13,108,13,1,264,1,1139.1999999999998,0.0004565972222222222,False
288,4 4 18,1.4,3.5,4,14000,4.430555555555555,0,13,77,75,49,55,16,3,123,14,26,123,26,1,275,1,1276.0,0.00044444444444444447,False
288,4 4 18,1.4,3.5,4,15000,4.155555555555555,0,11,91,73,56,50,7,0,113,15,36,113,36,1,277,1,1196.8,0.0005017361111111111,False
288,4 4 18,1.4,3.5,4,16000,4.466666666666667,0,10,73,93,49,53,10,0,112,9,82,112,82,1,278,1,1286.4,0.0005538194444444445,False
288,4 4 18,1.4,3.5,4,17000,4.472222222222222,0,23,77,66,59,44,17,2,122,14,21,122,21,1,265,1,1288.0,0.000453125,False
288,4 4 18,1.4,3.5,4,18000,4.725,0,12,62,87,53,51,21,2,127,20,27,127,27,1,276,1,1360.8,0.00047395833333333334,False
288,4 4 18,1.4,3.5,4,19000,4.583333333333333,0,14,77,76,62,45,11,3,121,18,47,121,47,1,274,1,1320.0,0.000765625,False
288,4 4 18,1.4,3.5,4,20000,4.772222222222222,0,10,56,82,71,49,17,3,140,10,43,140,43,1,278,1,1374.4,0.0008159722222222223,False
288,4 4 18,1.4,3.5,4,21000,4.6083333333333325,0,11,61,75,68,64,9,0,141,12,40,141,40,1,277,1,1327.1999999999998,0.0009548611111111111,False
288,4 4 18,1.4,3.5,4,22000,5.313888888888889,0,4,44,78,58,76,26,2,162,13,33,162,33,1,284,1,1530.4,0.0012534722222222222,False
288,4 4 18,1.4,3.5,4,23000,5.324999999999999,0,2,42,74,62,85,22,1,170,15,16,170,16,1,286,1,1533.6,0.0013958333333333333,False
288,4 4 18,1.4,3.5,4,24000,4.875,0,12,43,89,57,76,10,1,144,6,76,144,76,1,276,1,1404.0,0.0014427083333333334,False
288,4 4 18,1.4,3.5,4,25000,4.827777777777778,0,5,44,90,76,56,14,3,149,12,45,149,45,1,283,1,1390.4,0.0007934027777777777,False
288,4 4 18,1.4,3.5,4,26000,4.891666666666667,0,8,37,84,74,72,11,2,159,7,47,159,47,1,280,1,1408.8,0.0010763888888888889,False
288,4 4 18,1.4,3.5,4,27000,4.855555555555556,0,4,34,95,76,70,7,2,155,13,41,155,41,1,284,1,1398.4,0.0006232638888888889,False
288,4 4 18,1.4,3.5,4,28000,4.886111111111111,0,0,28,87,83,81,9,0,173,8,52,173,52,1,288,1,1407.2,0.0010972222222222223,False
288,4 4 18,1.4,3.5,4,29000,4.963888888888889,0,1,21,96,84,75,11,0,170,8,36,170,36,1,287,1,1429.6,0.0011319444444444445,False
288,4 4 18,1.4,3.5,4,30000,4.727777777777778,0,0,6,112,90,76,4,0,170,5,78,170,78,1,288,1,1361.6,0.0014548611111111112,False
288,4 4 18,1.4,3.5,4,31000,4.905555555555555,0,0,6,112,68,96,6,0,170,7,49,170,49,1,288,1,1412.8,0.0019409722222222222,False
288,4 4 18,1.4,3.5,4,32000,5.258333333333334,0,0,6,109,68,87,13,5,173,8,59,173,59,1,288,1,1514.4,0.0021319444444444446,False
288,4 4 18,1.4,3.5,4,33000,4.861111111111111,0,3,16,108,56,97,8,0,161,8,56,161,56,1,285,1,1400.0,0.0021145833333333333,False
288,4 4 18,1.4,3.5,4,34000,5.0,0,1,17,115,55,90,8,2,155,7,60,155,60,1,287,1,1440.0,0.0018159722222222223,False
288,4 4 18,1.4,3.5,4,35000,4.797222222222222,0,0,7,134,65,72,10,0,147,5,94,147,94,1,288,1,1381.6,0.001888888888888889,False
288,4 4 18,1.4,3.5,4,36000,4.550000000000001,0,2,36,116,70,56,6,2,134,4,111,134,111,1,286,1,1310.4,0.0019479166666666666,False
288,4 4 18,1.4,3.5,4,37000,4.516666666666667,0,3,28,115,65,74,3,0,142,11,74,142,74,1,285,1,1300.8,0.0017065972222222222,False
288,4 4 18,1.4,3.5,4,38000,4.833333333333333,0,0,21,110,71,74,11,1,157,5,70,157,70,1,288,1,1392.0,0.0018402777777777777,False
288,4 4 18,1.4,3.5,4,39000,4.547222222222222,0,0,25,120,66,72,5,0,143,6,86,143,86,1,288,1,1309.6,0.0021805555555555554,False
288,4 4 18,1.4,3.5,4,40000,4.844444444444445,0,0,20,105,69,86,5,3,163,8,66,163,66,1,288,1,1395.2,0.0020381944444444445,False
288,4 4 18,1.4,3.5,4,41000,4.775,0,0,21,109,68,84,4,2,158,8,64,158,64,1,288,1,1375.2,0.001998263888888889,False
288,4 4 18,1.4,3.5,4,42000,4.652777777777778,0,2,28,115,71,68,3,1,143,11,90,143,90,1,286,1,1340.0,0.0021788194444444446,False
288,4 4 18,1.4,3.5,4,43000,4.702777777777778,0,0,14,137,67,65,4,1,137,5,101,137,101,1,288,1,1354.4,0.0019305555555555556,False
288,4 4 18,1.4,3.5,4,44000,4.691666666666666,0,0,22,117,66,78,4,1,149,4,100,149,100,1,288,1,1351.2,0.0017604166666666666,False
288,4 4 18,1.4,3.5,4,45000,4.677777777777778,0,0,20,111,62,91,4,0,157,8,67,157,67,1,288,1,1347.2,0.001963541666666667,False
288,4 4 18,1.4,3.5,4,46000,4.577777777777778,0,0,17,131,60,72,7,1,140,4,111,140,111,1,288,1,1318.4,0.0019600694444444444,False
288,4 4 18,1.4,3.5,4,47000,5.038888888888889,0,0,10,112,59,94,13,0,166,8,55,166,55,1,288,1,1451.2,0.00165625,False
288,4 4 18,1.4,3.5,4,48000,5.038888888888889,0,0,9,110,66,91,11,1,169,8,51,169,51,1,288,1,1451.2,0.0018038194444444445,False
288,4 4 18,1.4,3.5,4,49000,4.791666666666667,0,0,11,114,88,62,13,0,163,5,71,163,71,1,288,1,1380.0,0.0018854166666666668,False
288,4 4 18,1.4,3.5,4,50000,4.661111111111111,0,0,10,122,77,72,7,0,156,7,51,156,51,1,288,1,1342.4,0.0019652777777777776,False
288,4 4 18,1.4,3.5,4,51000,4.955555555555556,0,0,11,111,78,76,11,1,166,7,55,166,55,1,288,1,1427.2,0.0019236111111111112,False
288,4 4 18,1.4,3.5,4,52000,4.813888888888889,0,0,24,115,85,48,13,3,149,8,76,149,76,1,288,1,1386.4,0.0014895833333333334,False
288,4 4 18,1.4,3.5,4,53000,4.977777777777778,0,0,12,117,67,80,11,1,159,6,107,159,107,1,288,1,1433.6,0.0013020833333333333,False
288,4 4 18,1.4,3.5,4,54000,5.475,0,1,17,104,54,83,26,3,166,7,43,166,43,1,287,1,1576.8,0.001670138888888889,False
288,4 4 18,1.4,3.5,4,55000,5.208333333333333,0,2,20,98,77,74,15,2,168,8,51,168,51,1,286,1,1500.0,0.0014340277777777778,False
288,4 4 18,1.4,3.5,4,56000,5.147222222222222,0,1,11,116,67,77,13,3,160,7,52,160,52,1,287,1,1482.4,0.0011475694444444445,False
288,4 4 18,1.4,3.5,4,57000,4.933333333333334,0,2,25,101,71,78,10,1,160,14,54,160,54,1,286,1,1420.8,0.001484375,False
288,4 4 18,1.4,3.5,4,58000,4.863888888888889,0,0,18,118,77,64,11,0,152,9,57,152,57,1,288,1,1400.8,0.0016510416666666668,False
288,4 4 18,1.4,3.5,4,59000,4.677777777777777,0,7,21,118,78,56,7,1,142,8,88,142,88,1,281,1,1347.1999999999998,0.0012291666666666666,False
288,4 4 18,1.4,3.5,4,60000,5.025,0,0,17,125,55,74,16,1,146,9,67,146,67,1,288,1,1447.2,0.0008993055555555555,False
288,4 4 18,1.4,3.5,4,61000,4.961111111111111,0,0,17,111,74,69,16,1,160,11,50,160,50,1,288,1,1428.8,0.0012899305555555554,False
288,4 4 18,1.4,3.5,4,62000,4.925000000000001,0,0,19,109,74,74,8,4,160,12,46,160,46,1,288,1,1418.4,0.0009913194444444444,False
288,4 4 18,1.4,3.5,4,63000,4.925000000000001,0,0,17,117,65,73,14,2,154,5,51,154,51,1,288,1,1418.4,0.0010451388888888889,False
288,4 4 18,1.4,3.5,4,64000,4.913888888888889,0,0,23,109,72,72,10,2,156,7,87,156,87,1,288,1,1415.2,0.0009131944444444444,False
288,4 4 18,1.4,3.5,4,65000,4.6499999999999995,0,0,30,108,92,47,9,2,150,14,50,150,50,1,288,1,1339.1999999999998,0.0007708333333333333,False
288,4 4 18,1.4,3.5,4,66000,4.836111111111111,0,0,15,122,71,66,12,2,151,4,50,151,50,1,288,1,1392.8,0.0010121527777777778,False
288,4 4 18,1.4,3.5,4,67000,4.85,0,1,24,107,88,56,10,2,156,6,82,156,82,1,287,1,1396.8,0.0011319444444444445,False
288,4 4 18,1.4,3.5,4,68000,4.891666666666667,0,1,23,105,76,67,13,3,159,9,42,159,42,1,287,1,1408.8,0.0010607638888888889,False
288,4 4 18,1.4,3.5,4,69000,4.613888888888889,0,1,21,115,80,56,13,2,151,9,48,151,48,1,287,1,1328.8,0.0011006944444444445,False
288,4 4 18,1.4,3.5,4,70000,4.405555555555555,0,0,26,117,73,59,9,4,145,4,94,145,94,1,288,1,1268.8,0.0007222222222222222,False
288,4 4 18,1.4,3.5,4,71000,4.155555555555555,0,0,35,121,68,53,8,3,132,4,102,132,102,1,288,1,1196.8,0.0007951388888888888,False
288,4 4 18,1.4,3.5,4,72000,4.375,0,0,24,108,84,57,12,3,156,5,50,156,50,1,288,1,1260.0,0.0005833333333333334,False
288,4 4 18,1.4,3.5,4,73000,4.138888888888889,0,0,33,108,101,39,4,3,147,8,58,147,58,1,288,1,1192.0,0.0007777777777777777,False
288,4 4 18,1.4,3.5,4,74000,4.047222222222222,0,1,33,121,81,41,9,2,133,4,52,133,52,1,287,1,1165.6,0.0005659722222222223,False
288,4 4 18,1.4,3.5,4,75000,4.033333333333333,0,0,32,106,92,53,3,2,150,10,51,150,51,1,288,1,1161.6,0.0005243055555555555,False
288,4 4 18,1.4,3.5,4,76000,4.225,0,2,32,105,90,46,10,3,149,7,44,149,44,1,286,1,1216.8,0.0009392361111111111,False
288,4 4 18,1.4,3.5,4,77000,4.066666666666666,0,0,33,107,80,61,5,2,148,5,41,148,41,1,288,1,1171.2,0.0009322916666666667,False
288,4 4 18,1.4,3.5,4,78000,4.227777777777778,0,0,40,107,71,59,9,2,141,5,63,141,63,1,288,1,1217.6,0.0009322916666666667,False
288,4 4 18,1.4,3.5,4,79000,4.266666666666667,0,1,37,108,81,46,12,3,142,7,42,142,42,1,287,1,1228.8,0.0008159722222222223,False
288,4 4 18,1.4,3.5,4,80000,4.116666666666666,0,0,28,124,82,45,6,3,136,7,54,136,54,1,288,1,1185.6,0.0005868055555555556,False
288,4 4 18,1.4,3.5,4,81000,4.158333333333333,1,1,26,124,81,46,7,2,136,6,54,136,54,1,286,1,1197.6,0.0006753472222222223,False
288,4 4 18,1.4,3.5,4,82000,4.238888888888889,1,1,16,135,74,43,16,2,135,5,104,135,104,1,286,1,1220.8,0.0007760416666666666,False
288,4 4 18,1.4,3.5,4,83000,4.036111111111111,0,2,23,127,78,49,5,4,136,7,51,136,51,1,286,1,1162.4,0.0006770833333333334,False
288,4 4 18,1.4,3.5,4,84000,4.258333333333334,0,5,25,120,62,61,14,1,138,10,44,138,44,1,283,1,1226.4,0.0008506944444444444,False
288,4 4 18,1.4,3.5,4,85000,4.272222222222222,0,3,47,100,65,58,12,3,138,12,23,138,23,1,285,1,1230.4,0.0007100694444444445,False
288,4 4 18,1.4,3.5,4,86000,4.194444444444445,0,3,35,109,76,54,11,0,141,7,44,141,44,1,285,1,1208.0,0.00084375,False
288,4 4 18,1.4,3.5,4,87000,4.155555555555555,1,3,56,106,49,56,16,1,122,14,48,122,48,1,284,1,1196.8,0.0007916666666666666,False
288,4 4 18,1.4,3.5,4,88000,4.225,0,5,41,115,57,56,14,0,127,9,57,127,57,1,283,1,1216.8,0.0008090277777777778,False
288,4 4 18,1.4,3.5,4,89000,4.183333333333334,1,5,40,106,67,58,10,1,136,8,49,136,49,1,282,1,1204.8,0.000640625,False
288,4 4 18,1.4,3.5,4,90000,3.8472222222222223,0,1,51,110,63,55,8,0,126,8,54,126,54,1,287,1,1108.0,0.0007326388888888889,False
288,4 4 18,1.4,3.5,4,91000,3.966666666666667,1,1,28,137,53,56,12,0,121,8,63,121,63,1,286,1,1142.4,0.0006770833333333334,False
288,4 4 18,1.4,3.5,4,92000,3.797222222222222,0,0,23,146,64,46,9,0,119,6,66,119,66,1,288,1,1093.6,0.0007065972222222222,False
288,4 4 18,1.4,3.5,4,93000,3.7777777777777777,0,0,20,149,66,45,8,0,119,9,69,119,69,1,288,1,1088.0,0.0006423611111111111,False
288,4 4 18,1.4,3.5,4,94000,4.074999999999999,0,0,25,135,61,59,7,1,128,7,105,128,105,1,288,1,1173.6,0.000875,False
288,4 4 18,1.4,3.5,4,95000,3.875,0,0,26,142,63,50,5,2,120,7,66,120,66,1,288,1,1116.0,0.0007899305555555555,False
288,4 4 18,1.4,3.5,4,96000,3.744444444444445,0,0,24,150,59,49,5,1,114,9,67,114,67,1,288,1,1078.4,0.0006076388888888889,False
288,4 4 18,1.4,3.5,4,97000,3.9111111111111114,0,3,36,145,46,44,12,2,104,7,73,104,73,1,285,1,1126.4,0.0005920138888888889,False
288,4 4 18,1.4,3.5,4,98000,3.7611111111111106,0,2,41,134,59,42,10,0,111,8,71,111,71,1,286,1,1083.1999999999998,0.0006892361111111111,False
288,4 4 18,1.4,3.5,4,99000,3.8000000000000003,0,2,27,143,56,51,7,2,116,9,71,116,71,1,286,1,1094.4,0.000671875,False
288,4 4 18,1.4,3.5,4,100000,4.033333333333333,0,0,26,136,58,56,8,4,126,7,112,126,112,1,288,1,1161.6,0.0006423611111111111,False
288,4 4 18,1.4,3.5,4,101000,3.994444444444445,0,0,22,137,67,50,9,3,129,5,69,129,69,1,288,1,1150.4,0.0008350694444444445,False
288,4 4 18,1.4,3.5,4,102000,3.697222222222222,0,0,36,139,62,44,6,1,113,6,109,113,109,1,288,1,1064.8,0.00096875,False
288,4 4 18,1.4,3.5,4,103000,3.9444444444444446,0,0,26,141,51,64,5,1,121,7,64,121,64,1,288,1,1136.0,0.0008871527777777778,False
288,4 4 18,1.4,3.5,4,104000,3.841666666666667,0,1,30,137,65,47,7,1,120,7,68,120,68,1,287,1,1106.4,0.0008524305555555556,False
288,4 4 18,1.4,3.5,4,105000,3.783333333333333,0,0,40,126,61,52,9,0,122,7,66,122,66,1,288,1,1089.6,0.0007690972222222222,False
288,4 4 18,1.4,3.5,4,106000,3.8499999999999996,0,3,39,135,52,46,11,2,111,9,68,111,68,1,285,1,1108.8,0.0007395833333333333,False
288,4 4 18,1.4,3.5,4,107000,3.869444444444445,0,2,43,130,53,47,12,1,113,9,73,113,73,1,286,1,1114.4,0.0005208333333333333,False
288,4 4 18,1.4,3.5,4,108000,3.6416666666666666,0,1,42,132,58,48,6,1,113,9,72,113,72,1,287,1,1048.8,0.0006232638888888889,False
288,4 4 18,1.4,3.5,4,109000,3.730555555555556,0,1,40,129,59,52,6,1,118,6,71,118,71,1,287,1,1074.4,0.0004618055555555556,False
288,4 4 18,1.4,3.5,4,110000,3.6083333333333325,0,2,40,132,66,44,2,2,114,7,73,114,73,1,286,1,1039.1999999999998,0.0005625,False
288,4 4 18,1.4,3.5,4,111000,3.841666666666667,0,0,36,141,46,56,7,2,111,4,72,111,72,1,288,1,1106.4,0.0007065972222222222,False
288,4 4 18,1.4,3.5,4,112000,3.644444444444444,0,1,38,149,46,45,5,4,100,6,80,100,80,1,287,1,1049.6,0.0008402777777777778,False
288,4 4 18,1.4,3.5,4,113000,3.561111111111111,0,3,41,151,43,40,8,2,93,8,78,93,78,1,285,1,1025.6,0.0005017361111111111,False
288,4 4 18,1.4,3.5,4,114000,3.811111111111111,0,2,30,148,57,40,8,3,108,7,84,108,84,1,286,1,1097.6,0.0007986111111111112,False
288,4 4 18,1.4,3.5,4,115000,3.875,0,1,30,144,49,54,8,2,113,10,80,113,80,1,287,1,1116.0,0.0010225694444444444,False
288,4 4 18,1.4,3.5,4,116000,3.6999999999999997,0,1,16,165,45,52,7,2,106,9,86,106,86,1,287,1,1065.6,0.00090625,False
288,4 4 18,1.4,3.5,4,117000,3.683333333333333,0,1,24,160,33,64,3,3,103,7,80,103,80,1,287,1,1060.8,0.0009444444444444445,False
288,4 4 18,1.4,3.5,4,118000,3.697222222222222,0,0,20,164,33,63,7,1,104,7,80,104,80,1,288,1,1064.8,0.0009236111111111112,False
288,4 4 18,1.4,3.5,4,119000,3.6416666666666666,0,0,22,162,34,63,6,1,104,10,81,104,81,1,288,1,1048.8,0.0010451388888888889,False
288,4 4 18,1.4,3.5,4,120000,3.5888888888888886,0,0,20,164,43,55,5,1,104,7,80,104,80,1,288,1,1033.6,0.0011892361111111112,False
288,4 4 18,1.4,3.5,4,121000,3.619444444444445,0,0,30,159,42,48,8,1,99,7,130,99,130,1,288,1,1042.4,0.0009496527777777778,False
288,4 4 18,1.4,3.5,4,122000,3.6277777777777778,0,0,21,165,40,53,9,0,102,7,80,102,80,1,288,1,1044.8,0.0007604166666666666,False
288,4 4 18,1.4,3.5,4,123000,3.4916666666666663,0,0,23,168,54,37,5,1,97,6,139,97,139,1,288,1,1005.5999999999999,0.0007743055555555555,False
288,4 4 18,1.4,3.5,4,124000,3.611111111111111,0,2,25,165,26,63,3,4,96,8,80,96,80,1,286,1,1040.0,0.0009409722222222223,False
288,4 4 18,1.4,3.5,4,125000,3.4416666666666664,0,2,38,156,36,50,6,0,92,8,81,92,81,1,286,1,991.1999999999999,0.0006475694444444444,False
288,4 4 18,1.4,3.5,4,126000,3.5749999999999997,0,2,30,158,27,64,5,2,98,8,78,98,78,1,286,1,1029.6,0.0008854166666666666,False
288,4 4 18,1.4,3.5,4,127000,3.4777777777777774,0,2,25,166,51,40,2,2,95,6,138,95,138,1,286,1,1001.5999999999999,0.0008072916666666667,False
288,4 4 18,1.4,3.5,4,128000,3.605555555555556,0,0,26,161,28,66,6,1,101,7,78,101,78,1,288,1,1038.4,0.0007916666666666666,False
288,4 4 18,1.4,3.5,4,129000,3.736111111111111,0,0,20,160,48,47,10,3,108,3,88,108,88,1,288,1,1076.0,0.0009496527777777778,False
288,4 4 18,1.4,3.5,4,130000,3.6666666666666665,0,1,25,167,24,62,7,2,95,5,82,95,82,1,287,1,1056.0,0.0010347222222222222,False
288,4 4 18,1.4,3.5,4,131000,3.4555555555555553,0,1,27,163,55,36,3,3,97,7,81,97,81,1,287,1,995.1999999999999,0.0008923611111111111,False
288,4 4 18,1.4,3.5,4,132000,3.5250000000000004,0,0,26,163,46,48,4,1,99,5,80,99,80,1,288,1,1015.2,0.0007864583333333333,False
288,4 4 18,1.4,3.5,4,133000,3.4722222222222223,0,2,21,175,37,48,4,1,90,6,146,90,146,1,286,1,1000.0,0.0008246527777777778,False
288,4 4 18,1.4,3.5,4,134000,3.572222222222222,0,1,30,162,46,43,4,2,95,7,127,95,127,1,287,1,1028.8,0.00071875,False
288,4 4 18,1.4,3.5,4,135000,3.566666666666666,0,1,27,159,53,41,6,1,101,7,134,101,134,1,287,1,1027.1999999999998,0.0008125,False
288,4 4 18,1.4,3.5,4,136000,3.7944444444444443,0,2,20,159,39,58,7,3,107,9,78,107,78,1,286,1,1092.8,0.0008420138888888889,False
288,4 4 18,1.4,3.5,4,137000,3.855555555555556,0,0,21,149,39,69,8,2,118,6,66,118,66,1,288,1,1110.4,0.0010052083333333334,False
288,4 4 18,1.4,3.5,4,138000,3.738888888888889,1,3,29,137,48,62,7,1,118,6,60,118,60,1,284,1,1076.8,0.001046875,False
288,4 4 18,1.4,3.5,4,139000,3.566666666666666,1,3,40,130,57,51,6,0,114,6,61,114,61,1,284,1,1027.1999999999998,0.0009947916666666666,False
288,4 4 18,1.4,3.5,4,140000,3.658333333333333,0,1,20,141,71,51,3,1,126,6,118,126,118,1,287,1,1053.6,0.0008194444444444445,False
288,4 4 18,1.4,3.5,4,141000,3.738888888888889,0,3,19,152,55,51,6,2,114,4,73,114,73,1,285,1,1076.8,0.0009027777777777777,False
288,4 4 18,1.4,3.5,4,142000,3.908333333333333,0,1,33,131,57,54,10,2,123,6,104,123,104,1,287,1,1125.6,0.0009444444444444445,False
288,4 4 18,1.4,3.5,4,143000,3.6555555555555554,0,2,33,143,50,55,3,2,110,7,56,110,56,1,286,1,1052.8,0.0007013888888888889,False
288,4 4 18,1.4,3.5,4,144000,3.7861111111111114,0,2,32,146,45,54,5,4,108,6,116,108,116,1,286,1,1090.4,0.0006319444444444444,False
288,4 4 18,1.4,3.5,4,145000,3.686111111111111,0,2,22,152,54,52,5,1,112,5,128,112,128,1,286,1,1061.6,0.0007916666666666666,False
288,4 4 18,1.4,3.5,4,146000,3.6166666666666663,0,4,29,151,37,62,4,1,104,7,67,104,67,1,284,1,1041.6,0.0007829861111111111,False
288,4 4 18,1.4,3.5,4,147000,3.447222222222222,2,3,30,158,47,45,3,0,95,6,78,95,78,1,283,1,992.8,0.001,False
288,4 4 18,1.4,3.5,4,148000,3.5527777777777776,1,5,33,147,44,53,4,1,102,7,65,102,65,1,282,1,1023.1999999999999,0.0008506944444444444,False
288,4 4 18,1.4,3.5,4,149000,3.7805555555555554,1,5,25,134,60,57,4,2,123,7,60,123,60,1,282,1,1088.8,0.0007934027777777777,False
288,4 4 18,1.4,3.5,4,150000,3.761111111111111,0,4,25,145,46,62,5,1,114,9,61,114,61,1,284,1,1083.2,0.0008715277777777778,False
288,4 4 18,1.4,3.5,4,151000,3.811111111111111,0,2,40,138,49,50,5,4,108,9,57,108,57,1,286,1,1097.6,0.0008177083333333334,False
288,4 4 18,1.4,3.5,4,152000,3.711111111111111,0,2,58,117,56,45,8,2,111,8,50,111,50,1,286,1,1068.8,0.0007673611111111111,False
288,4 4 18,1.4,3.5,4,153000,3.8055555555555554,0,3,40,133,42,62,6,2,112,6,66,112,66,1,285,1,1096.0,0.0007690972222222222,False
288,4 4 18,1.4,3.5,4,154000,3.836111111111111,0,6,46,122,49,55,9,1,114,7,57,114,57,1,282,1,1104.8,0.0008645833333333333,False
288,4 4 18,1.4,3.5,4,155000,3.988888888888889,0,0,32,125,53,65,12,1,131,6,66,131,66,1,288,1,1148.8,0.0008454861111111111,False
288,4 4 18,1.4,3.5,4,156000,3.6805555555555554,0,2,36,130,76,37,6,1,120,6,105,120,105,1,286,1,1060.0,0.0006753472222222223,False
288,4 4 18,1.4,3.5,4,157000,3.7583333333333337,0,7,40,125,58,47,10,1,116,8,61,116,61,1,281,1,1082.4,0.0005920138888888889,False
288,4 4 18,1.4,3.5,4,158000,3.730555555555556,1,2,38,131,49,61,6,0,116,6,107,116,107,1,285,1,1074.4,0.0008541666666666667,False
288,4 4 18,1.4,3.5,4,159000,3.913888888888889,0,1,35,126,66,50,9,1,126,8,67,126,67,1,287,1,1127.2,0.0009496527777777778,False
288,4 4 18,1.4,3.5,4,160000,3.927777777777778,0,4,36,124,52,58,12,2,124,7,62,124,62,1,284,1,1131.2,0.0008819444444444444,False
288,4 4 18,1.4,3.5,4,161000,3.7944444444444443,0,3,44,126,53,54,7,1,115,8,60,115,60,1,285,1,1092.8,0.0009270833333333334,False
288,4 4 18,1.4,3.5,4,162000,3.822222222222222,0,4,33,134,54,51,11,1,117,7,64,117,64,1,284,1,1100.8,0.0008645833333333333,False
288,4 4 18,1.4,3.5,4,163000,3.8194444444444446,1,7,24,141,45,60,8,2,115,7,70,115,70,1,280,1,1100.0,0.0009583333333333333,False
288,4 4 18,1.4,3.5,4,164000,3.994444444444445,1,6,34,130,48,57,8,4,117,10,63,117,63,1,281,1,1150.4,0.0011215277777777777,False
288,4 4 18,1.4,3.5,4,165000,3.8972222222222226,0,4,25,137,43,68,8,3,122,6,63,122,63,1,284,1,1122.4,0.0008211805555555556,False
288,4 4 18,1.4,3.5,4,166000,3.9305555555555554,0,1,36,132,51,54,13,1,119,6,63,119,63,1,287,1,1132.0,0.000828125,False
288,4 4 18,1.4,3.5,4,167000,3.8472222222222223,0,1,32,141,37,66,9,2,114,7,71,114,71,1,287,1,1108.0,0.000953125,False
288,4 4 18,1.4,3.5,4,168000,3.7944444444444443,0,1,30,137,53,60,5,2,120,7,66,120,66,1,287,1,1092.8,0.0009201388888888889,False
288,4 4 18,1.4,3.5,4,169000,3.7861111111111114,0,6,32,135,52,51,10,2,115,7,66,115,66,1,282,1,1090.4,0.0008263888888888889,False
288,4 4 18,1.4,3.5,4,170000,3.9027777777777777,0,2,19,149,49,58,10,1,118,7,70,118,70,1,286,1,1124.0,0.000890625,False
288,4 4 18,1.4,3.5,4,171000,3.8916666666666666,0,2,14,161,27,71,11,2,111,7,80,111,80,1,286,1,1120.8,0.0009166666666666666,False
288,4 4 18,1.4,3.5,4,172000,3.6472222222222226,0,3,23,152,45,60,4,1,110,7,74,110,74,1,285,1,1050.4,0.001,False
288,4 4 18,1.4,3.5,4,173000,3.9305555555555554,0,0,19,152,37,69,8,3,117,7,74,117,74,1,288,1,1132.0,0.0008854166666666666,False
288,4 4 18,1.4,3.5,4,174000,3.75,0,3,31,152,35,57,9,1,102,8,130,102,130,1,285,1,1080.0,0.0008177083333333334,False
288,4 4 18,1.4,3.5,4,175000,3.738888888888889,0,1,27,149,44,58,7,2,111,8,80,111,80,1,287,1,1076.8,0.0010538194444444445,False
288,4 4 18,1.4,3.5,4,176000,3.55,0,3,34,151,43,50,7,0,100,7,80,100,80,1,285,1,1022.4,0.0009965277777777778,False
288,4 4 18,1.4,3.5,4,177000,3.563888888888889,0,3,31,150,45,54,4,1,104,6,80,104,80,1,285,1,1026.4,0.0009045138888888888,False
288,4 4 18,1.4,3.5,4,178000,3.691666666666667,0,2,28,162,27,59,9,1,96,5,95,96,95,1,286,1,1063.2,0.0010555555555555555,False
288,4 4 18,1.4,3.5,4,179000,3.688888888888889,0,3,34,143,39,58,11,0,108,7,77,108,77,1,285,1,1062.4,0.0009722222222222222,False
288,4 4 18,1.4,3.5,4,180000,3.547222222222222,1,7,40,143,45,45,6,1,97,5,123,97,123,1,280,1,1021.5999999999999,0.0010104166666666666,False
288,4 4 18,1.4,3.5,4,181000,3.7583333333333337,0,3,32,145,29,70,8,1,108,6,78,108,78,1,285,1,1082.4,0.0010677083333333333,False
288,4 4 18,1.4,3.5,4,182000,3.8055555555555554,0,3,35,142,44,50,12,2,108,9,80,108,80,1,285,1,1096.0,0.0010138888888888888,False
288,4 4 18,1.4,3.5,4,183000,3.8249999999999997,1,7,30,141,34,66,7,2,109,6,126,109,126,1,280,1,1101.6,0.0009652777777777778,False
288,4 4 18,1.4,3.5,4,184000,3.811111111111111,0,1,29,140,50,57,9,2,118,8,78,118,78,1,287,1,1097.6,0.0011267361111111111,False
288,4 4 18,1.4,3.5,4,185000,3.7055555555555557,0,1,28,145,56,49,8,1,114,11,126,114,126,1,287,1,1067.2,0.0009704861111111111,False
288,4 4 18,1.4,3.5,4,186000,3.7722222222222226,0,1,29,141,45,63,8,1,117,9,80,117,80,1,287,1,1086.4,0.0009305555555555556,False
288,4 4 18,1.4,3.5,4,187000,3.7222222222222223,0,4,29,143,39,66,6,1,112,8,80,112,80,1,284,1,1072.0,0.0011649305555555556,False
288,4 4 18,1.4,3.5,4,188000,3.75,0,3,32,144,50,49,8,2,109,9,80,109,80,1,285,1,1080.0,0.0010503472222222223,False
288,4 4 18,1.4,3.5,4,189000,3.816666666666667,0,2,29,145,45,56,8,3,112,7,75,112,75,1,286,1,1099.2,0.0010364583333333332,False
288,4 4 18,1.4,3.5,4,190000,3.6750000000000003,0,0,33,147,52,48,7,1,108,9,78,108,78,1,288,1,1058.4,0.0009114583333333333,False
288,4 4 18,1.4,3.5,4,191000,3.783333333333333,0,2,35,142,39,59,10,1,109,8,78,109,78,1,286,1,1089.6,0.0008194444444444445,False
288,4 4 18,1.4,3.5,4,192000,3.802777777777778,0,2,30,147,42,58,8,1,109,6,126,109,126,1,286,1,1095.2,0.0009149305555555555,False
288,4 4 18,1.4,3.5,4,193000,3.9194444444444443,0,1,25,143,44,65,9,1,119,5,84,119,84,1,287,1,1128.8,0.0010902777777777777,False
288,4 4 18,1.4,3.5,4,194000,3.730555555555556,0,2,38,142,36,61,8,1,106,7,78,106,78,1,286,1,1074.4,0.0011458333333333333,False
288,4 4 18,1.4,3.5,4,195000,3.8055555555555554,0,3,33,143,44,57,5,3,109,5,126,109,126,1,285,1,1096.0,0.0011302083333333333,False
288,4 4 18,1.4,3.5,4,196000,3.822222222222222,0,2,26,148,53,52,4,3,112,6,80,112,80,1,286,1,1100.8,0.0009809027777777778,False
288,4 4 18,1.4,3.5,4,197000,3.7222222222222223,0,2,35,147,26,70,6,2,104,7,80,104,80,1,286,1,1072.0,0.0011128472222222223,False
288,4 4 18,1.4,3.5,4,198000,3.672222222222222,0,1,23,159,53,45,3,4,105,3,128,105,128,1,287,1,1057.6,0.0008506944444444444,False
288,4 4 18,1.4,3.5,4,199000,3.697222222222222,0,1,22,152,45,62,5,1,113,6,80,113,80,1,287,1,1064.8,0.000953125,False
288,4 4 18,1.4,3.5,4,200000,3.636111111111111,0,1,32,148,51,48,6,2,107,8,78,107,78,1,287,1,1047.2,0.000859375,True
288,4 4 18,1.4,3.5,5,0,3.1999999999999997,0,288,0,0,0,0,0,0,0,0,0,0,0,0,0,1,921.5999999999999,,False
288,4 4 18,1.4,3.5,5,1000,3.888888888888889,0,34,113,69,32,30,8,2,72,24,12,72,12,1,254,1,1120.0,0.00017534722222222222,False
288,4 4 18,1.4,3.5,5,2000,3.9138888888888883,0,28,109,64,35,39,10,3,87,22,24,87,24,1,260,1,1127.1999999999998,0.00018055555555555555,False
288,4 4 18,1.4,3.5,5,3000,3.8444444444444437,0,30,107,68,39,28,12,4,83,21,11,83,11,1,258,1,1107.1999999999998,0.00010590277777777777,False
288,4 4 18,1.4,3.5,5,4000,4.0249999999999995,0,17,94,78,41,39,15,4,99,15,57,99,57,1,271,1,1159.1999999999998,0.00025,False
288,4 4 18,1.4,3.5,5,5000,4.2555555555555555,0,15,85,90,42,38,15,3,98,24,46,98,46,1,273,1,1225.6,0.00021354166666666668,False
288,4 4 18,1.4,3.5,5,6000,3.888888888888889,0,25,104,76,31,37,12,3,83,15,41,83,41,1,263,1,1120.0,0.00015972222222222223,False
288,4 4 18,1.4,3.5,5,7000,3.7999999999999994,0,24,106,75,39,31,12,1,83,15,30,83,30,1,264,1,1094.3999999999999,0.00015277777777777777,False
288,4 4 18,1.4,3.5,5,8000,3.5833333333333335,0,22,102,76,44,39,4,1,88,19,26,88,26,1,266,1,1032.0,0.00010243055555555556,False
288,4 4 18,1.4,3.5,5,9000,3.380555555555555,0,21,117,68,38,35,9,0,82,13,48,82,48,1,267,1,973.5999999999999,9.201388888888889e-05,False
288,4 4 18,1.4,3.5,5,10000,3.5083333333333333,0,6,98,88,49,36,11,0,96,13,54,96,54,1,282,1,1010.4,0.00012152777777777777,False
288,4 4 18,1.4,3.5,5,11000,3.4777777777777774,0,23,113,70,38,36,7,1,82,17,49,82,49,1,265,1,1001.5999999999999,9.375e-05,False
288,4 4 18,1.4,3.5,5,12000,3.697222222222222,0,16,106,63,54,39,10,0,103,14,35,103,35,1,272,1,1064.8,0.000171875,False
288,4 4 18,1.4,3.5,5,13000,3.9055555555555554,0,11,99,68,55,40,14,1,110,15,34,110,34,1,277,1,1124.8,0.00019791666666666666,False
288,4 4 18,1.4,3.5,5,14000,3.686111111111111,0,8,86,85,57,44,7,1,109,11,61,109,61,1,280,1,1061.6,0.0001267361111111111,False
288,4 4 18,1.4,3.5,5,15000,3.6694444444444443,0,10,83,89,60,33,11,2,106,13,41,106,41,1,278,1,1056.8,0.00017708333333333335,False
288,4 4 18,1.4,3.5,5,16000,3.880555555555555,0,6,73,95,60,42,11,1,114,12,55,114,55,1,282,1,1117.6,0.00014236111111111112,False
288,4 4 18,1.4,3.5,5,17000,3.802777777777777,0,9,81,95,54,36,11,2,103,14,46,103,46,1,279,1,1095.1999999999998,0.0001579861111111111,False
288,4 4 18,1.4,3.5,5,18000,3.8000000000000003,0,9,78,101,49,36,13,2,100,12,59,100,59,1,279,1,1094.4,0.0001388888888888889,False
288,4 4 18,1.4,3.5,5,19000,3.9777777777777774,0,18,94,83,41,34,13,5,93,13,53,93,53,1,270,1,1145.6,0.00017361111111111112,False
288,4 4 18,1.4,3.5,5,20000,3.9749999999999996,0,16,86,85,52,40,7,2,101,13,59,101,59,1,272,1,1144.8,0.00010243055555555556,False
288,4 4 18,1.4,3.5,5,21000,4.066666666666666,0,9,69,104,65,28,9,4,106,14,56,106,56,1,279,1,1171.1999999999998,9.027777777777777e-05,False
288,4 4 18,1.4,3.5,5,22000,4.141666666666667,0,15,68,92,62,38,11,2,113,13,70,113,70,1,273,1,1192.8,0.00015104166666666667,False
288,4 4 18,1.4,3.5,5,23000,4.222222222222222,0,16,64,95,65,33,15,0,113,13,68,113,68,1,272,1,1216.0,0.00016493055555555556,False
288,4 4 18,1.4,3.5,5,24000,4.372222222222222,0,7,53,92,82,37,13,4,136,9,55,136,55,1,281,1,1259.1999999999998,0.00013368055555555556,False
288,4 4 18,1.4,3.5,5,25000,4.161111111111111,0,13,52,112,74,25,10,2,111,9,101,111,101,1,275,1,1198.4,0.00012152777777777777,False
288,4 4 18,1.4,3.5,5,26000,4.272222222222222,0,3,42,121,75,24,19,4,122,8,101,122,101,1,285,1,1230.4,0.00010590277777777777,False
288,4 4 18,1.4,3.5,5,27000,4.294444444444444,0,4,43,111,84,29,15,2,130,4,98,130,98,1,284,1,1236.8,9.895833333333333e-05,False
288,4 4 18,1.4,3.5,5,28000,4.022222222222222,0,7,50,116,74,23,13,5,115,10,73,115,73,1,281,1,1158.4,8.680555555555556e-05,False
288,4 4 18,1.4,3.5,5,29000,3.808333333333333,0,9,53,120,67,26,12,1,106,10,99,106,99,1,279,1,1096.8,0.000109375,False
288,4 4 18,1.4,3.5,5,30000,4.030555555555555,0,8,46,124,72,25,11,2,110,6,114,110,114,1,280,1,1160.8,7.8125e-05,False
288,4 4 18,1.4,3.5,5,31000,3.994444444444445,0,15,59,114,59,28,7,6,100,7,106,100,106,1,273,1,1150.4,8.506944444444444e-05,False
288,4 4 18,1.4,3.5,5,32000,4.113888888888889,0,9,49,111,72,27,16,4,119,7,102,119,102,1,279,1,1184.8,0.00011284722222222222,False
288,4 4 18,1.4,3.5,5,33000,4.175000000000001,0,14,51,118,59,32,9,5,105,10,105,105,105,1,274,1,1202.4,0.00015625,False
288,4 4 18,1.4,3.5,5,34000,4.25,0,13,42,115,63,39,14,2,118,5,110,118,110,1,275,1,1224.0,0.00010243055555555556,False
288,4 4 18,1.4,3.5,5,35000,4.074999999999999,0,11,55,109,69,30,12,2,113,8,73,113,73,1,277,1,1173.6,0.0001232638888888889,False
288,4 4 18,1.4,3.5,5,36000,3.9055555555555554,0,17,70,92,68,27,14,0,109,10,81,109,81,1,271,1,1124.8,8.854166666666667e-05,False
288,4 4 18,1.4,3.5,5,37000,3.997222222222222,0,26,65,96,64,19,17,1,101,10,58,101,58,1,262,1,1151.1999999999998,0.00010590277777777777,False
288,4 4 18,1.4,3.5,5,38000,4.238888888888889,0,15,67,94,61,37,11,3,112,15,46,112,46,1,273,1,1220.8,0.00015625,False
288,4 4 18,1.4,3.5,5,39000,4.324999999999999,0,8,56,105,58,42,18,1,119,9,89,119,89,1,280,1,1245.6,0.000140625,False
288,4 4 18,1.4,3.5,5,40000,3.986111111111111,0,21,64,98,60,35,8,2,105,8,63,105,63,1,267,1,1148.0,0.00010590277777777777,False
288,4 4 18,1.4,3.5,5,41000,4.116666666666666,0,17,74,87,60,40,8,2,110,6,43,110,43,1,271,1,1185.6,0.00014409722222222222,False
288,4 4 18,1.4,3.5,5,42000,4.030555555555555,0,18,61,95,69,33,10,2,114,8,85,114,85,1,270,1,1160.8,8.854166666666667e-05,False
288,4 4 18,1.4,3.5,5,43000,4.083333333333333,0,15,69,84,73,33,12,2,120,14,41,120,41,1,273,1,1176.0,0.00010763888888888889,False
288,4 4 18,1.4,3.5,5,44000,3.9055555555555554,0,17,61,91,71,36,9,3,119,9,57,119,57,1,271,1,1124.8,0.000109375,False
288,4 4 18,1.4,3.5,5,45000,3.841666666666667,0,13,63,89,79,29,12,3,123,7,82,123,82,1,275,1,1106.4,8.854166666666667e-05,False
288,4 4 18,1.4,3.5,5,46000,3.769444444444444,0,14,67,86,74,34,11,2,121,6,66,121,66,1,274,1,1085.6,5.7291666666666666e-05,False
288,4 4 18,1.4,3.5,5,47000,3.869444444444445,0,13,68,86,76,35,8,2,121,10,60,121,60,1,275,1,1114.4,3.8194444444444444e-05,False
288,4 4 18,1.4,3.5,5,48000,3.986111111111111,0,9,61,92,75,39,10,2,126,9,71,126,71,1,279,1,1148.0,6.597222222222222e-05,False
288,4 4 18,1.4,3.5,5,49000,4.002777777777777,0,8,56,98,76,40,8,2,126,10,61,126,61,1,280,1,1152.8,3.993055555555556e-05,False
288,4 4 18,1.4,3.5,5,50000,3.9749999999999996,0,12,55,98,80,31,11,1,123,9,66,123,66,1,276,1,1144.8,6.25e-05,False
288,4 4 18,1.4,3.5,5,51000,4.088888888888889,0,6,53,98,82,36,10,3,131,8,59,131,59,1,282,1,1177.6,4.340277777777778e-05,False
288,4 4 18,1.4,3.5,5,52000,4.097222222222222,0,5,49,103,72,45,11,3,131,8,92,131,92,1,283,1,1180.0,8.333333333333333e-05,False
288,4 4 18,1.4,3.5,5,53000,4.116666666666666,0,5,45,108,77,37,13,3,130,6,97,130,97,1,283,1,1185.6,7.465277777777777e-05,False
288,4 4 18,1.4,3.5,5,54000,4.161111111111111,0,4,50,104,76,42,10,2,130,5,91,130,91,1,284,1,1198.4,3.993055555555556e-05,False
288,4 4 18,1.4,3.5,5,55000,3.9638888888888886,0,6,45,100,88,36,11,2,137,7,55,137,55,1,282,1,1141.6,5.555555555555556e-05,False
288,4 4 18,1.4,3.5,5,56000,4.269444444444444,0,4,45,103,72,42,14,8,136,6,50,136,50,1,284,1,1229.6,7.638888888888889e-05,False
288,4 4 18,1.4,3.5,5,57000,4.052777777777777,0,4,42,108,81,38,11,4,134,3,59,134,59,1,284,1,1167.1999999999998,7.118055555555556e-05,False
288,4 4 18,1.4,3.5,5,58000,4.1305555555555555,0,6,48,96,86,32,14,6,138,9,59,138,59,1,282,1,1189.6,5.208333333333334e-05,False
288,4 4 18,1.4,3.5,5,59000,4.236111111111111,0,4,45,100,81,35,20,3,139,6,62,139,62,1,284,1,1220.0,7.118055555555556e-05,False
288,4 4 18,1.4,3.5,5,60000,4.26111111111111,0,5,49,97,72,49,11,5,137,8,58,137,58,1,283,1,1227.1999999999998,7.986111111111112e-05,False
288,4 4 18,1.4,3.5,5,61000,4.333333333333333,0,3,45,101,83,36,12,8,139,8,91,139,91,1,285,1,1248.0,4.6875e-05,False
288,4 4 18,1.4,3.5,5,62000,3.997222222222222,0,5,53,111,70,36,7,6,119,10,68,119,68,1,283,1,1151.1999999999998,7.465277777777777e-05,False
288,4 4 18,1.4,3.5,5,63000,4.158333333333333,0,5,52,106,68,41,10,6,125,7,61,125,61,1,283,1,1197.6,5.902777777777778e-05,False
288,4 4 18,1.4,3.5,5,64000,3.9722222222222223,0,5,48,119,66,31,14,5,116,6,90,116,90,1,283,1,1144.0,5.208333333333334e-05,False
288,4 4 18,1.4,3.5,5,65000,4.097222222222222,0,5,48,108,72,36,14,5,127,6,91,127,91,1,283,1,1180.0,3.993055555555556e-05,False
288,4 4 18,1.4,3.5,5,66000,4.177777777777777,0,6,56,101,64,40,17,4,125,10,59,125,59,1,282,1,1203.1999999999998,7.291666666666667e-05,False
288,4 4 18,1.4,3.5,5,67000,3.9583333333333335,0,11,69,97,60,32,13,6,111,15,64,111,64,1,277,1,1140.0,8.159722222222222e-05,False
288,4 4 18,1.4,3.5,5,68000,3.8916666666666666,0,9,62,95,73,34,14,1,122,17,61,122,61,1,279,1,1120.8,3.298611111111111e-05,False
288,4 4 18,1.4,3.5,5,69000,4.0,0,9,61,99,65,34,14,6,119,18,61,119,61,1,279,1,1152.0,2.777777777777778e-05,False
288,4 4 18,1.4,3.5,5,70000,3.961111111111111,0,9,65,89,65,43,16,1,125,11,56,125,56,1,279,1,1140.8,6.25e-05,False
288,4 4 18,1.4,3.5,5,71000,3.8916666666666666,0,11,63,95,68,34,12,5,119,12,57,119,57,1,277,1,1120.8,2.604166666666667e-05,False
288,4 4 18,1.4,3.5,5,72000,3.966666666666667,0,11,61,97,68,34,11,6,119,9,57,119,57,1,277,1,1142.4,1.9097222222222222e-05,False
288,4 4 18,1.4,3.5,5,73000,3.8777777777777778,0,12,60,101,64,40,8,3,115,9,58,115,58,1,276,1,1116.8,3.472222222222222e-05,False
288,4 4 18,1.4,3.5,5,74000,3.9305555555555554,0,11,55,104,66,40,11,1,118,5,99,118,99,1,277,1,1132.0,2.777777777777778e-05,False
288,4 4 18,1.4,3.5,5,75000,4.077777777777778,0,10,58,98,64,42,14,2,122,9,64,122,64,1,278,1,1174.4,5.902777777777778e-05,False
288,4 4 18,1.4,3.5,5,76000,3.8472222222222223,0,18,55,95,74,35,10,1,120,10,61,120,61,1,270,1,1108.0,5.902777777777778e-05,False
288,4 4 18,1.4,3.5,5,77000,4.008333333333334,0,13,52,98,78,34,12,1,125,10,81,125,81,1,275,1,1154.4,5.208333333333334e-05,False
288,4 4 18,1.4,3.5,5,78000,3.9916666666666663,0,18,57,100,71,31,8,3,113,9,68,113,68,1,270,1,1149.6,6.597222222222222e-05,False
288,4 4 18,1.4,3.5,5,79000,4.069444444444445,0,10,44,108,75,38,9,4,126,13,86,126,86,1,278,1,1172.0,7.118055555555556e-05,False
288,4 4 18,1.4,3.5,5,80000,3.8861111111111106,0,12,46,113,62,43,10,2,117,6,108,117,108,1,276,1,1119.1999999999998,3.6458333333333336e-05,False
288,4 4 18,1.4,3.5,5,81000,4.033333333333333,0,18,55,95,64,44,9,3,120,7,66,120,66,1,270,1,1161.6,5.208333333333334e-05,False
288,4 4 18,1.4,3.5,5,82000,4.022222222222222,0,17,59,91,72,39,9,1,121,10,54,121,54,1,271,1,1158.4,5.7291666666666666e-05,False
288,4 4 18,1.4,3.5,5,83000,4.030555555555555,0,19,56,100,68,35,9,1,113,9,51,113,51,1,269,1,1160.8,3.8194444444444444e-05,False
288,4 4 18,1.4,3.5,5,84000,3.9833333333333325,0,19,55,97,68,36,11,2,117,11,64,117,64,1,269,1,1147.1999999999998,6.076388888888889e-05,False
288,4 4 18,1.4,3.5,5,85000,3.9749999999999996,0,15,53,104,66,37,9,4,116,10,74,116,74,1,273,1,1144.8,3.472222222222222e-05,False
288,4 4 18,1.4,3.5,5,86000,3.938888888888889,0,15,60,99,58,42,12,2,114,10,69,114,69,1,273,1,1134.4,5.034722222222222e-05,False
288,4 4 18,1.4,3.5,5,87000,3.933333333333333,0,16,54,96,69,41,10,2,122,13,60,122,60,1,272,1,1132.8,5.034722222222222e-05,False
288,4 4 18,1.4,3.5,5,88000,3.947222222222222,0,18,55,102,65,37,8,3,113,11,68,113,68,1,270,1,1136.8,4.1666666666666665e-05,False
288,4 4 18,1.4,3.5,5,89000,4.077777777777778,0,17,60,96,58,44,12,1,115,13,54,115,54,1,271,1,1174.4,5.555555555555556e-05,False
288,4 4 18,1.4,3.5,5,90000,3.8249999999999997,0,18,63,101,61,34,10,1,106,11,68,106,68,1,270,1,1101.6,2.951388888888889e-05,False
288,4 4 18,1.4,3.5,5,91000,3.875,0,14,57,109,66,31,11,0,108,9,68,108,68,1,274,1,1116.0,2.604166666666667e-05,False
288,4 4 18,1.4,3.5,5,92000,3.830555555555555,0,13,57,111,61,33,12,1,107,10,79,107,79,1,275,1,1103.1999999999998,4.861111111111111e-05,False
288,4 4 18,1.4,3.5,5,93000,3.7416666666666663,0,18,66,107,60,26,10,1,97,9,76,97,76,1,270,1,1077.6,4.513888888888889e-05,False
288,4 4 18,1.4,3.5,5,94000,3.9055555555555554,0,15,71,92,66,40,1,3,110,7,62,110,62,1,273,1,1124.8,3.8194444444444444e-05,False
288,4 4 18,1.4,3.5,5,95000,3.7527777777777778,0,17,64,104,63,31,7,2,103,3,100,103,100,1,271,1,1080.8,3.298611111111111e-05,False
288,4 4 18,1.4,3.5,5,96000,3.769444444444444,0,14,54,99,83,28,9,1,121,13,63,121,63,1,274,1,1085.6,1.388888888888889e-05,False
288,4 4 18,1.4,3.5,5,97000,3.7194444444444437,0,14,57,105,73,29,10,0,112,11,69,112,69,1,274,1,1071.1999999999998,3.125e-05,False
288,4 4 18,1.4,3.5,5,98000,3.644444444444444,0,14,59,107,66,34,7,1,108,10,71,108,71,1,274,1,1049.6,1.388888888888889e-05,False
288,4 4 18,1.4,3.5,5,99000,3.802777777777777,0,10,58,98,80,35,4,3,122,12,70,122,70,1,278,1,1095.1999999999998,2.4305555555555554e-05,False
288,4 4 18,1.4,3.5,5,100000,3.8972222222222226,0,12,48,110,77,30,9,2,118,8,70,118,70,1,276,1,1122.4,2.0833333333333333e-05,False
288,4 4 18,1.4,3.5,5,101000,3.8055555555555554,0,14,53,107,68,34,11,1,114,12,65,114,65,1,274,1,1096.0,3.993055555555556e-05,False
288,4 4 18,1.4,3.5,5,102000,3.644444444444444,0,17,65,111,60,24,9,2,95,6,78,95,78,1,271,1,1049.6,3.125e-05,False
288,4 4 18,1.4,3.5,5,103000,3.658333333333333,0,17,62,108,67,22,11,1,101,7,77,101,77,1,271,1,1053.6,1.388888888888889e-05,False
288,4 4 18,1.4,3.5,5,104000,3.6611111111111114,0,18,62,108,65,24,11,0,100,9,76,100,76,1,270,1,1054.4,1.9097222222222222e-05,False
288,4 4 18,1.4,3.5,5,105000,3.697222222222222,0,17,58,115,59,32,7,0,98,7,79,98,79,1,271,1,1064.8,3.472222222222222e-05,False
288,4 4 18,1.4,3.5,5,106000,3.8194444444444446,0,13,55,118,64,26,11,1,102,8,80,102,80,1,275,1,1100.0,2.777777777777778e-05,False
288,4 4 18,1.4,3.5,5,107000,3.980555555555556,0,19,56,106,71,22,13,1,107,8,90,107,90,1,269,1,1146.4,3.993055555555556e-05,False
288,4 4 18,1.4,3.5,5,108000,4.1,0,16,52,109,65,34,10,2,111,8,73,111,73,1,272,1,1180.8,3.298611111111111e-05,False
288,4 4 18,1.4,3.5,5,109000,4.180555555555555,0,16,56,99,60,38,14,5,117,13,68,117,68,1,272,1,1204.0,3.993055555555556e-05,False
288,4 4 18,1.4,3.5,5,110000,4.436111111111111,0,17,49,96,67,38,13,8,126,17,69,126,69,1,271,1,1277.6,5.555555555555556e-05,False
288,4 4 18,1.4,3.5,5,111000,4.277777777777778,0,12,46,101,70,43,11,5,129,17,78,129,78,1,276,1,1232.0,5.3819444444444444e-05,False
288,4 4 18,1.4,3.5,5,112000,4.202777777777778,0,12,43,106,73,37,13,4,127,14,82,127,82,1,276,1,1210.4,1.9097222222222222e-05,False
288,4 4 18,1.4,3.5,5,113000,4.194444444444445,0,14,47,107,68,35,13,4,120,15,80,120,80,1,274,1,1208.0,2.777777777777778e-05,False
288,4 4 18,1.4,3.5,5,114000,4.138888888888889,0,13,48,110,64,36,15,2,117,17,81,117,81,1,275,1,1192.0,3.125e-05,False
288,4 4 18,1.4,3.5,5,115000,4.152777777777778,0,13,44,109,68,37,16,1,122,13,83,122,83,1,275,1,1196.0,1.0416666666666666e-05,False
288,4 4 18,1.4,3.5,5,116000,4.063888888888889,0,16,49,101,67,40,14,1,122,9,76,122,76,1,272,1,1170.4,1.9097222222222222e-05,False
288,4 4 18,1.4,3.5,5,117000,4.122222222222222,0,17,50,100,64,41,14,2,121,14,72,121,72,1,271,1,1187.1999999999998,3.298611111111111e-05,False
288,4 4 18,1.4,3.5,5,118000,4.002777777777777,0,19,62,90,63,40,12,2,117,12,62,117,62,1,269,1,1152.8,3.472222222222222e-05,False
288,4 4 18,1.4,3.5,5,119000,4.002777777777777,0,19,61,95,60,35,16,2,113,14,68,113,68,1,269,1,1152.8,1.388888888888889e-05,False
288,4 4 18,1.4,3.5,5,120000,3.933333333333333,0,21,61,91,66,38,7,4,115,10,71,115,71,1,267,1,1132.8,3.298611111111111e-05,False
288,4 4 18,1.4,3.5,5,121000,3.988888888888889,0,21,60,96,61,34,11,5,111,9,76,111,76,1,267,1,1148.8,6.944444444444445e-06,False
288,4 4 18,1.4,3.5,5,122000,3.894444444444444,0,21,59,95,65,35,10,3,113,10,78,113,78,1,267,1,1121.6,1.9097222222222222e-05,False
288,4 4 18,1.4,3.5,5,123000,4.016666666666667,0,16,60,93,68,38,11,2,119,11,72,119,72,1,272,1,1156.8,2.0833333333333333e-05,False
288,4 4 18,1.4,3.5,5,124000,3.869444444444445,0,19,53,97,78,29,10,2,119,9,74,119,74,1,269,1,1114.4,2.777777777777778e-05,False
288,4 4 18,1.4,3.5,5,125000,3.872222222222222,0,21,56,95,67,39,8,2,116,11,69,116,69,1,267,1,1115.1999999999998,1.5625e-05,False
288,4 4 18,1.4,3.5,5,126000,3.8583333333333325,0,21,58,94,71,34,8,2,115,10,69,115,69,1,267,1,1111.1999999999998,1.9097222222222222e-05,False
288,4 4 18,1.4,3.5,5,127000,3.8388888888888886,0,21,57,95,71,35,7,2,115,10,71,115,71,1,267,1,1105.6,1.0416666666666666e-05,False
288,4 4 18,1.4,3.5,5,128000,3.9499999999999997,0,21,59,92,68,35,10,3,116,10,71,116,71,1,267,1,1137.6,1.0416666666666666e-05,False
288,4 4 18,1.4,3.5,5,129000,3.9833333333333325,0,21,56,93,69,36,8,5,118,11,71,118,71,1,267,1,1147.1999999999998,1.9097222222222222e-05,False
288,4 4 18,1.4,3.5,5,130000,3.927777777777777,0,21,57,92,68,38,10,2,118,10,69,118,69,1,267,1,1131.1999999999998,2.2569444444444443e-05,False
288,4 4 18,1.4,3.5,5,131000,3.894444444444444,0,20,59,91,75,32,9,2,118,11,65,118,65,1,268,1,1121.6,1.9097222222222222e-05,False
288,4 4 18,1.4,3.5,5,132000,3.9194444444444443,0,16,54,95,78,33,10,2,123,10,71,123,71,1,272,1,1128.8,2.2569444444444443e-05,False
288,4 4 18,1.4,3.5,5,133000,4.074999999999999,0,17,61,90,72,29,15,4,120,9,70,120,70,1,271,1,1173.6,3.993055555555556e-05,False
288,4 4 18,1.4,3.5,5,134000,4.141666666666667,0,17,53,92,73,36,14,3,126,10,69,126,69,1,271,1,1192.8,2.604166666666667e-05,False
288,4 4 18,1.4,3.5,5,135000,4.086111111111111,0,16,58,88,73,40,8,5,126,10,64,126,64,1,272,1,1176.8,3.8194444444444444e-05,False
288,4 4 18,1.4,3.5,5,136000,4.050000000000001,0,17,57,88,75,39,7,5,126,10,64,126,64,1,271,1,1166.4,1.5625e-05,False
288,4 4 18,1.4,3.5,5,137000,4.133333333333334,0,16,51,87,78,41,13,2,134,11,65,134,65,1,272,1,1190.4,3.472222222222222e-05,False
288,4 4 18,1.4,3.5,5,138000,4.172222222222222,0,15,52,89,74,45,10,3,132,11,67,132,67,1,273,1,1201.6,2.4305555555555554e-05,False
288,4 4 18,1.4,3.5,5,139000,4.158333333333333,0,15,58,87,72,38,16,2,128,12,58,128,58,1,273,1,1197.6,3.6458333333333336e-05,False
288,4 4 18,1.4,3.5,5,140000,4.333333333333333,0,10,52,92,74,42,15,3,134,13,61,134,61,1,278,1,1248.0,3.125e-05,False
288,4 4 18,1.4,3.5,5,141000,4.344444444444444,0,5,43,98,74,48,15,5,142,14,68,142,68,1,283,1,1251.1999999999998,3.993055555555556e-05,False
288,4 4 18,1.4,3.5,5,142000,4.538888888888888,0,7,47,89,72,52,18,3,145,14,52,145,52,1,281,1,1307.1999999999998,3.993055555555556e-05,False
288,4 4 18,1.4,3.5,5,143000,4.397222222222222,0,12,54,89,73,43,14,3,133,15,62,133,62,1,276,1,1266.4,3.993055555555556e-05,False
288,4 4 18,1.4,3.5,5,144000,4.269444444444444,0,8,45,103,73,43,11,5,132,13,77,132,77,1,280,1,1229.6,5.208333333333334e-05,False
288,4 4 18,1.4,3.5,5,145000,4.219444444444444,0,13,46,99,70,46,7,7,130,11,77,130,77,1,275,1,1215.1999999999998,2.0833333333333333e-05,False
288,4 4 18,1.4,3.5,5,146000,4.199999999999999,0,16,57,94,68,33,15,5,121,11,67,121,67,1,272,1,1209.6,2.0833333333333333e-05,False
288,4 4 18,1.4,3.5,5,147000,4.2333333333333325,0,16,56,92,68,35,15,6,124,9,68,124,68,1,272,1,1219.1999999999998,3.298611111111111e-05,False
288,4 4 18,1.4,3.5,5,148000,4.475,0,15,55,92,65,37,15,9,126,11,64,126,64,1,273,1,1288.8,6.770833333333333e-05,False
288,4 4 18,1.4,3.5,5,149000,4.425000000000001,0,11,52,91,72,41,13,8,134,10,65,134,65,1,277,1,1274.4,5.555555555555556e-05,False
288,4 4 18,1.4,3.5,5,150000,4.277777777777778,0,11,54,90,78,33,17,5,133,13,63,133,63,1,277,1,1232.0,2.4305555555555554e-05,False
288,4 4 18,1.4,3.5,5,151000,4.413888888888888,0,14,54,89,74,35,14,8,131,13,62,131,62,1,274,1,1271.1999999999998,5.7291666666666666e-05,False
288,4 4 18,1.4,3.5,5,152000,4.533333333333333,0,10,48,88,83,37,16,6,142,15,59,142,59,1,278,1,1305.6,3.8194444444444444e-05,False
288,4 4 18,1.4,3.5,5,153000,4.302777777777777,0,14,55,92,68,37,18,4,127,13,64,127,64,1,274,1,1239.1999999999998,2.777777777777778e-05,False
288,4 4 18,1.4,3.5,5,154000,4.291666666666667,0,12,48,96,77,31,19,5,132,10,71,132,71,1,276,1,1236.0,1.9097222222222222e-05,False
288,4 4 18,1.4,3.5,5,155000,4.302777777777777,0,9,44,98,79,39,12,7,137,14,67,137,67,1,279,1,1239.1999999999998,5.902777777777778e-05,False
288,4 4 18,1.4,3.5,5,156000,4.238888888888889,0,13,51,89,77,39,14,5,135,11,64,135,64,1,275,1,1220.8,3.125e-05,False
288,4 4 18,1.4,3.5,5,157000,4.2333333333333325,0,13,47,96,70,42,14,6,132,9,65,132,65,1,275,1,1219.1999999999998,2.604166666666667e-05,False
288,4 4 18,1.4,3.5,5,158000,4.397222222222222,0,10,46,92,81,33,22,4,140,9,71,140,71,1,278,1,1266.4,2.777777777777778e-05,False
288,4 4 18,1.4,3.5,5,159000,4.486111111111111,0,10,43,96,76,34,22,7,139,9,72,139,72,1,278,1,1292.0,2.777777777777778e-05,False
288,4 4 18,1.4,3.5,5,160000,4.4833333333333325,0,9,41,93,82,39,18,6,145,12,72,145,72,1,279,1,1291.1999999999998,4.1666666666666665e-05,False
288,4 4 18,1.4,3.5,5,161000,4.341666666666667,0,14,47,87,78,37,18,7,140,10,66,140,66,1,274,1,1250.4,3.8194444444444444e-05,False
288,4 4 18,1.4,3.5,5,162000,4.363888888888889,0,12,49,88,77,39,18,5,139,9,67,139,67,1,276,1,1256.8,3.6458333333333336e-05,False
288,4 4 18,1.4,3.5,5,163000,4.322222222222222,0,10,49,92,74,44,13,6,137,12,77,137,77,1,278,1,1244.8,5.902777777777778e-05,False
288,4 4 18,1.4,3.5,5,164000,4.305555555555555,0,13,54,95,68,40,13,5,126,12,58,126,58,1,275,1,1240.0,4.6875e-05,False
288,4 4 18,1.4,3.5,5,165000,4.180555555555555,0,15,53,94,77,33,12,4,126,12,66,126,66,1,273,1,1204.0,5.7291666666666666e-05,False
288,4 4 18,1.4,3.5,5,166000,4.441666666666666,0,17,47,97,69,38,16,4,127,11,58,127,58,1,271,1,1279.1999999999998,3.8194444444444444e-05,False
288,4 4 18,1.4,3.5,5,167000,4.580555555555555,0,10,35,100,79,42,18,4,143,5,92,143,92,1,278,1,1319.1999999999998,6.076388888888889e-05,False
288,4 4 18,1.4,3.5,5,168000,4.4833333333333325,0,13,39,111,62,40,18,5,125,7,77,125,77,1,275,1,1291.1999999999998,3.993055555555556e-05,False
288,4 4 18,1.4,3.5,5,169000,4.461111111111111,0,13,44,99,64,47,17,4,132,12,63,132,63,1,275,1,1284.8,4.6875e-05,False
288,4 4 18,1.4,3.5,5,170000,4.547222222222222,0,8,46,94,72,48,15,5,140,9,83,140,83,1,280,1,1309.6,7.118055555555556e-05,False
288,4 4 18,1.4,3.5,5,171000,4.591666666666667,0,11,40,95,80,43,16,3,142,13,54,142,54,1,277,1,1322.4,3.8194444444444444e-05,False
288,4 4 18,1.4,3.5,5,172000,4.577777777777778,0,10,42,101,77,39,15,4,135,13,75,135,75,1,278,1,1318.4,7.291666666666667e-05,False
288,4 4 18,1.4,3.5,5,173000,4.563888888888889,0,13,49,92,69,45,16,4,134,13,55,134,55,1,275,1,1314.4,3.8194444444444444e-05,False
288,4 4 18,1.4,3.5,5,174000,4.436111111111111,0,17,52,92,62,41,19,5,127,10,58,127,58,1,271,1,1277.6,4.861111111111111e-05,False
288,4 4 18,1.4,3.5,5,175000,4.491666666666666,0,13,55,87,65,53,10,5,133,9,66,133,66,1,275,1,1293.6,3.6458333333333336e-05,False
288,4 4 18,1.4,3.5,5,176000,4.433333333333334,0,13,50,91,70,48,14,2,134,11,63,134,63,1,275,1,1276.8,4.513888888888889e-05,False
288,4 4 18,1.4,3.5,5,177000,4.4833333333333325,0,17,58,81,66,50,14,2,132,14,43,132,43,1,271,1,1291.1999999999998,4.340277777777778e-05,False
288,4 4 18,1.4,3.5,5,178000,4.461111111111111,0,17,53,87,65,50,14,2,131,16,49,131,49,1,271,1,1284.8,4.6875e-05,False
288,4 4 18,1.4,3.5,5,179000,4.388888888888889,0,17,55,85,67,52,11,1,131,16,49,131,49,1,271,1,1264.0,3.993055555555556e-05,False
288,4 4 18,1.4,3.5,5,180000,4.436111111111111,0,13,48,91,72,54,10,0,136,16,49,136,49,1,275,1,1277.6,3.125e-05,False
288,4 4 18,1.4,3.5,5,181000,4.425000000000001,0,10,44,91,81,52,9,1,143,17,50,143,50,1,278,1,1274.4,1.9097222222222222e-05,False
288,4 4 18,1.4,3.5,5,182000,4.544444444444444,0,13,44,95,72,47,16,1,136,15,52,136,52,1,275,1,1308.8,2.2569444444444443e-05,False
288,4 4 18,1.4,3.5,5,183000,4.4833333333333325,0,10,47,94,73,48,14,2,137,17,49,137,49,1,278,1,1291.1999999999998,2.777777777777778e-05,False
288,4 4 18,1.4,3.5,5,184000,4.625,0,8,46,93,69,52,19,1,141,14,50,141,50,1,280,1,1332.0,2.951388888888889e-05,False
288,4 4 18,1.4,3.5,5,185000,4.908333333333333,0,3,21,105,81,53,20,5,159,10,84,159,84,1,285,1,1413.6,4.340277777777778e-05,False
288,4 4 18,1.4,3.5,5,186000,4.891666666666667,0,2,32,91,84,55,20,4,163,10,78,163,78,1,286,1,1408.8,4.861111111111111e-05,False
288,4 4 18,1.4,3.5,5,187000,4.852777777777778,0,4,28,98,74,60,19,5,158,7,89,158,89,1,284,1,1397.6,3.298611111111111e-05,False
288,4 4 18,1.4,3.5,5,188000,4.694444444444445,0,8,33,95,70,59,20,3,152,11,74,152,74,1,280,1,1352.0,4.513888888888889e-05,False
288,4 4 18,1.4,3.5,5,189000,4.786111111111111,0,6,35,94,69,60,19,5,153,12,74,153,74,1,282,1,1378.4,4.340277777777778e-05,False
288,4 4 18,1.4,3.5,5,190000,4.800000000000001,0,3,29,98,74,67,13,4,158,11,75,158,75,1,285,1,1382.4,5.208333333333334e-05,False
288,4 4 18,1.4,3.5,5,191000,4.847222222222222,0,1,23,100,81,65,14,4,164,7,87,164,87,1,287,1,1396.0,4.1666666666666665e-05,False
288,4 4 18,1.4,3.5,5,192000,4.763888888888889,0,4,30,97,76,61,17,3,157,9,77,157,77,1,284,1,1372.0,5.208333333333334e-05,False
288,4 4 18,1.4,3.5,5,193000,4.672222222222222,0,9,25,104,72,56,15,7,150,7,80,150,80,1,279,1,1345.6,4.6875e-05,False
288,4 4 18,1.4,3.5,5,194000,4.577777777777778,0,7,23,105,75,64,11,3,153,8,83,153,83,1,281,1,1318.4,5.3819444444444444e-05,False
288,4 4 18,1.4,3.5,5,195000,4.616666666666666,0,7,24,106,77,53,18,3,151,8,83,151,83,1,281,1,1329.6,1.9097222222222222e-05,False
288,4 4 18,1.4,3.5,5,196000,4.672222222222222,0,9,24,101,78,53,18,5,154,5,82,154,82,1,279,1,1345.6,6.597222222222222e-05,False
288,4 4 18,1.4,3.5,5,197000,4.644444444444444,0,5,24,99,85,52,19,4,160,6,94,160,94,1,283,1,1337.6,5.3819444444444444e-05,False
288,4 4 18,1.4,3.5,5,198000,4.6194444444444445,0,9,26,101,78,51,20,3,152,6,77,152,77,1,279,1,1330.4,3.6458333333333336e-05,False
288,4 4 18,1.4,3.5,5,199000,4.688888888888889,0,7,22,102,86,51,14,6,157,5,96,157,96,1,281,1,1350.4,6.944444444444444e-05,False
288,4 4 18,1.4,3.5,5,200000,4.583333333333333,0,9,24,107,77,49,18,4,148,6,83,148,83,1,279,1,1320.0,5.3819444444444444e-05,True
288,4 4 18,1.4,3.5,6,0,3.1999999999999997,0,288,0,0,0,0,0,0,0,0,0,0,0,0,0,1,921.5999999999999,,False
288,4 4 18,1.4,3.5,6,1000,3.75,0,38,104,76,21,40,9,0,70,16,21,70,21,1,250,1,1080.0,0.0002708333333333333,False
288,4 4 18,1.4,3.5,6,2000,3.736111111111111,0,26,102,73,33,45,9,0,87,18,22,87,22,1,262,1,1076.0,0.000109375,False
288,4 4 18,1.4,3.5,6,3000,3.4916666666666663,0,44,105,64,32,40,3,0,75,15,23,75,23,1,244,1,1005.5999999999999,0.000125,False
288,4 4 18,1.4,3.5,6,4000,3.308333333333333,0,39,125,57,28,31,7,1,67,13,19,67,19,1,249,1,952.8,8.506944444444444e-05,False
288,4 4 18,1.4,3.5,6,5000,3.247222222222222,0,15,108,82,39,34,9,1,83,2,78,83,78,1,273,1,935.1999999999999,5.208333333333334e-05,False
288,4 4 18,1.4,3.5,6,6000,3.105555555555555,0,25,116,75,34,31,6,1,72,4,29,72,29,1,263,1,894.3999999999999,5.902777777777778e-05,False
288,4 4 18,1.4,3.5,6,7000,3.0888888888888886,0,29,124,70,36,22,6,1,65,8,58,65,58,1,259,1,889.5999999999999,7.8125e-05,False
288,4 4 18,1.4,3.5,6,8000,3.1027777777777774,0,18,121,80,34,26,9,0,69,3,75,69,75,1,270,1,893.5999999999999,4.6875e-05,False
288,4 4 18,1.4,3.5,6,9000,3.2944444444444443,0,21,118,73,39,31,5,1,76,8,40,76,40,1,267,1,948.8,6.770833333333333e-05,False
288,4 4 18,1.4,3.5,6,10000,3.1499999999999995,0,27,119,70,36,29,5,2,72,14,52,72,52,1,261,1,907.1999999999998,5.555555555555556e-05,False
288,4 4 18,1.4,3.5,6,11000,3.086111111111111,0,22,118,74,39,30,5,0,74,7,33,74,33,1,266,1,888.8,4.340277777777778e-05,False
288,4 4 18,1.4,3.5,6,12000,3.3333333333333335,0,26,118,71,28,35,8,2,73,12,48,73,48,1,262,1,960.0,5.7291666666666666e-05,False
288,4 4 18,1.4,3.5,6,13000,3.283333333333333,0,25,119,72,35,30,6,1,72,10,53,72,53,1,263,1,945.5999999999999,3.6458333333333336e-05,False
288,4 4 18,1.4,3.5,6,14000,3.1277777777777778,0,24,119,69,41,31,4,0,76,8,49,76,49,1,264,1,900.8,5.208333333333334e-05,False
288,4 4 18,1.4,3.5,6,15000,3.355555555555555,0,26,98,71,61,24,7,1,93,14,33,93,33,1,262,1,966.3999999999999,6.076388888888889e-05,False
288,4 4 18,1.4,3.5,6,16000,3.3999999999999995,0,25,106,79,40,26,9,3,78,23,27,78,27,1,263,1,979.1999999999998,5.555555555555556e-05,False
288,4 4 18,1.4,3.5,6,17000,2.994444444444444,0,41,131,50,35,27,4,0,66,9,28,66,28,1,247,1,862.3999999999999,0.00011979166666666666,False
288,4 4 18,1.4,3.5,6,18000,3.080555555555555,0,35,132,52,36,29,4,0,69,14,20,69,20,1,253,1,887.1999999999998,4.861111111111111e-05,False
288,4 4 18,1.4,3.5,6,19000,3.2999999999999994,0,27,117,67,41,27,8,1,77,13,24,77,24,1,261,1,950.3999999999999,5.208333333333334e-05,False
288,4 4 18,1.4,3.5,6,20000,3.513888888888889,0,18,119,68,45,26,10,2,83,19,31,83,31,1,270,1,1012.0,8.159722222222222e-05,False
288,4 4 18,1.4,3.5,6,21000,3.2527777777777778,0,23,114,71,40,36,4,0,80,15,33,80,33,1,265,1,936.8,7.465277777777777e-05,False
288,4 4 18,1.4,3.5,6,22000,3.230555555555555,0,31,120,67,29,32,7,2,70,16,30,70,30,1,257,1,930.3999999999999,9.548611111111112e-05,False
288,4 4 18,1.4,3.5,6,23000,3.483333333333333,0,18,117,72,32,31,17,1,81,17,39,81,39,1,270,1,1003.1999999999999,0.00012847222222222223,False
288,4 4 18,1.4,3.5,6,24000,3.875,0,12,99,86,33,38,18,2,91,12,61,91,61,1,276,1,1116.0,0.00011979166666666666,False
288,4 4 18,1.4,3.5,6,25000,3.6499999999999995,0,16,97,85,36,35,17,2,90,7,57,90,57,1,272,1,1051.1999999999998,0.00015972222222222223,False
288,4 4 18,1.4,3.5,6,26000,3.483333333333333,0,17,96,83,44,35,12,1,92,11,47,92,47,1,271,1,1003.1999999999999,9.722222222222222e-05,False
288,4 4 18,1.4,3.5,6,27000,3.411111111111111,0,19,97,78,46,39,9,0,94,10,44,94,44,1,269,1,982.4,3.298611111111111e-05,False
288,4 4 18,1.4,3.5,6,28000,3.425,0,23,99,76,47,36,6,1,90,10,49,90,49,1,265,1,986.4,4.513888888888889e-05,False
288,4 4 18,1.4,3.5,6,29000,3.6805555555555554,0,21,96,79,40,41,10,1,92,13,38,92,38,1,267,1,1060.0,3.298611111111111e-05,False
288,4 4 18,1.4,3.5,6,30000,3.863888888888889,0,19,92,82,41,40,11,3,95,15,59,95,59,1,269,1,1112.8,7.638888888888889e-05,False
288,4 4 18,1.4,3.5,6,31000,3.830555555555555,0,17,93,85,42,42,8,1,93,7,51,93,51,1,271,1,1103.1999999999998,0.00018055555555555555,False
288,4 4 18,1.4,3.5,6,32000,3.5388888888888888,0,16,108,78,41,37,7,1,86,15,27,86,27,1,272,1,1019.1999999999999,0.00017361111111111112,False
288,4 4 18,1.4,3.5,6,33000,3.8777777777777778,1,12,97,75,56,33,11,3,103,10,45,103,45,1,275,1,1116.8,0.00011284722222222222,False
288,4 4 18,1.4,3.5,6,34000,3.566666666666666,0,13,109,73,48,33,11,1,93,17,34,93,34,1,275,1,1027.1999999999998,0.00011979166666666666,False
288,4 4 18,1.4,3.5,6,35000,3.6555555555555554,0,15,98,83,42,36,14,0,92,13,59,92,59,1,273,1,1052.8,0.00010590277777777777,False
288,4 4 18,1.4,3.5,6,36000,3.5027777777777778,0,18,107,76,42,38,7,0,87,13,22,87,22,1,270,1,1008.8,7.465277777777777e-05,False
288,4 4 18,1.4,3.5,6,37000,3.4166666666666665,0,19,112,79,33,39,5,1,78,20,42,78,42,1,269,1,984.0,2.777777777777778e-05,False
288,4 4 18,1.4,3.5,6,38000,3.6499999999999995,0,21,91,88,47,32,7,2,88,14,39,88,39,1,267,1,1051.1999999999998,3.472222222222222e-05,False
288,4 4 18,1.4,3.5,6,39000,3.5083333333333333,0,18,90,98,36,33,12,1,82,14,63,82,63,1,270,1,1010.4,6.770833333333333e-05,False
288,4 4 18,1.4,3.5,6,40000,3.5416666666666665,0,7,79,109,46,42,5,0,93,10,86,93,86,1,281,1,1020.0,5.555555555555556e-05,False
288,4 4 18,1.4,3.5,6,41000,3.6555555555555554,0,17,86,92,46,41,4,2,93,14,69,93,69,1,271,1,1052.8,5.3819444444444444e-05,False
288,4 4 18,1.4,3.5,6,42000,3.747222222222222,0,9,77,103,51,37,10,1,99,7,96,99,96,1,279,1,1079.1999999999998,5.902777777777778e-05,False
288,4 4 18,1.4,3.5,6,43000,3.672222222222222,0,19,95,88,46,30,9,1,86,9,33,86,33,1,269,1,1057.6,0.00010416666666666667,False
288,4 4 18,1.4,3.5,6,44000,3.688888888888888,0,17,103,76,49,36,6,1,92,19,31,92,31,1,271,1,1062.3999999999999,0.00010069444444444445,False
288,4 4 18,1.4,3.5,6,45000,3.677777777777777,0,26,90,89,38,37,7,1,83,17,47,83,47,1,262,1,1059.1999999999998,5.7291666666666666e-05,False
288,4 4 18,1.4,3.5,6,46000,3.4777777777777774,0,14,104,88,41,28,13,0,82,9,53,82,53,1,274,1,1001.5999999999999,8.680555555555556e-05,False
288,4 4 18,1.4,3.5,6,47000,3.505555555555555,0,18,106,78,48,28,10,0,86,14,34,86,34,1,270,1,1009.5999999999999,4.6875e-05,False
288,4 4 18,1.4,3.5,6,48000,3.3166666666666664,0,20,108,79,40,31,10,0,81,12,40,81,40,1,268,1,955.1999999999999,7.8125e-05,False
288,4 4 18,1.4,3.5,6,49000,3.4,0,18,102,76,53,29,9,1,92,10,42,92,42,1,270,1,979.1999999999999,5.555555555555556e-05,False
288,4 4 18,1.4,3.5,6,50000,3.486111111111111,0,32,100,74,49,23,7,3,82,14,52,82,52,1,256,1,1004.0,7.8125e-05,False
288,4 4 18,1.4,3.5,6,51000,3.4305555555555554,0,18,110,78,45,22,15,0,82,7,62,82,62,1,270,1,988.0,8.159722222222222e-05,False
288,4 4 18,1.4,3.5,6,52000,3.1999999999999997,0,20,127,68,32,32,9,0,73,8,52,73,52,1,268,1,921.5999999999999,6.423611111111112e-05,False
288,4 4 18,1.4,3.5,6,53000,3.194444444444444,0,11,110,89,45,21,11,1,78,8,38,78,38,1,277,1,919.9999999999999,6.076388888888889e-05,False
288,4 4 18,1.4,3.5,6,54000,3.341666666666667,0,11,101,97,41,28,10,0,79,8,52,79,52,1,277,1,962.4,0.00011805555555555556,False
288,4 4 18,1.4,3.5,6,55000,3.497222222222222,0,10,89,96,54,30,9,0,93,8,83,93,83,1,278,1,1007.1999999999999,8.680555555555556e-05,False
288,4 4 18,1.4,3.5,6,56000,3.5972222222222223,0,5,83,102,57,31,10,0,98,9,51,98,51,1,283,1,1036.0,9.027777777777777e-05,False
288,4 4 18,1.4,3.5,6,57000,3.9916666666666663,0,9,71,102,63,29,12,2,106,9,93,106,93,1,279,1,1149.6,0.0001579861111111111,False
288,4 4 18,1.4,3.5,6,58000,3.6527777777777777,0,5,79,108,53,35,6,2,96,2,107,96,107,1,283,1,1052.0,8.333333333333333e-05,False
288,4 4 18,1.4,3.5,6,59000,3.5999999999999996,0,9,80,101,58,30,8,2,98,9,93,98,93,1,279,1,1036.8,7.638888888888889e-05,False
288,4 4 18,1.4,3.5,6,60000,3.783333333333333,0,1,75,105,56,40,9,2,107,9,53,107,53,1,287,1,1089.6,0.00010590277777777777,False
288,4 4 18,1.4,3.5,6,61000,3.7666666666666666,0,8,80,106,48,31,12,3,94,6,56,94,56,1,280,1,1084.8,0.00013368055555555556,False
288,4 4 18,1.4,3.5,6,62000,3.75,0,3,72,110,53,37,13,0,103,4,107,103,107,1,285,1,1080.0,0.00011631944444444445,False
288,4 4 18,1.4,3.5,6,63000,3.6944444444444446,0,3,77,106,53,34,14,1,102,10,52,102,52,1,285,1,1064.0,8.159722222222222e-05,False
288,4 4 18,1.4,3.5,6,64000,3.6083333333333325,0,0,50,122,66,42,8,0,116,3,118,116,118,1,288,1,1039.1999999999998,8.159722222222222e-05,False
288,4 4 18,1.4,3.5,6,65000,3.55,0,0,46,133,59,43,4,3,109,3,129,109,129,1,288,1,1022.4,5.034722222222222e-05,False
288,4 4 18,1.4,3.5,6,66000,3.3916666666666666,0,8,57,129,52,34,7,1,94,4,125,94,125,1,280,1,976.8,4.513888888888889e-05,False
288,4 4 18,1.4,3.5,6,67000,3.3027777777777776,0,6,65,130,45,34,8,0,87,6,123,87,123,1,282,1,951.1999999999999,2.4305555555555554e-05,False
288,4 4 18,1.4,3.5,6,68000,3.55,0,2,59,124,60,33,8,2,103,8,110,103,110,1,286,1,1022.4,9.375e-05,False
288,4 4 18,1.4,3.5,6,69000,3.6750000000000003,0,0,41,136,55,43,12,1,111,7,125,111,125,1,288,1,1058.4,9.722222222222222e-05,False
288,4 4 18,1.4,3.5,6,70000,3.586111111111111,0,2,49,136,57,36,8,0,101,3,132,101,132,1,286,1,1032.8,8.159722222222222e-05,False
288,4 4 18,1.4,3.5,6,71000,3.677777777777777,0,6,47,127,59,40,8,1,108,5,122,108,122,1,282,1,1059.1999999999998,6.25e-05,False
288,4 4 18,1.4,3.5,6,72000,3.6361111111111106,0,3,51,125,64,34,7,4,109,3,122,109,122,1,285,1,1047.1999999999998,6.597222222222222e-05,False
288,4 4 18,1.4,3.5,6,73000,3.686111111111111,0,0,32,138,70,33,12,3,118,4,135,118,135,1,288,1,1061.6,6.25e-05,False
288,4 4 18,1.4,3.5,6,74000,3.5555555555555554,0,0,34,135,73,36,7,3,119,5,126,119,126,1,288,1,1024.0,3.472222222222222e-05,False
288,4 4 18,1.4,3.5,6,75000,3.552777777777778,0,1,32,134,72,40,6,3,121,2,132,121,132,1,287,1,1023.2,2.4305555555555554e-05,False
288,4 4 18,1.4,3.5,6,76000,3.6472222222222226,0,0,32,135,75,30,15,1,121,2,133,121,133,1,288,1,1050.4,5.208333333333334e-05,False
288,4 4 18,1.4,3.5,6,77000,3.5,0,0,33,139,73,31,10,2,116,2,138,116,138,1,288,1,1008.0,4.513888888888889e-05,False
288,4 4 18,1.4,3.5,6,78000,3.5166666666666666,0,2,29,138,75,32,10,2,119,2,137,119,137,1,286,1,1012.8,6.076388888888889e-05,False
288,4 4 18,1.4,3.5,6,79000,3.4,0,2,46,126,72,32,10,0,114,5,67,114,67,1,286,1,979.1999999999999,4.513888888888889e-05,False
288,4 4 18,1.4,3.5,6,80000,3.3666666666666663,0,2,48,121,80,31,6,0,117,6,64,117,64,1,286,1,969.5999999999999,3.472222222222222e-05,False
288,4 4 18,1.4,3.5,6,81000,3.219444444444444,0,3,46,131,77,23,7,1,108,4,82,108,82,1,285,1,927.1999999999999,6.076388888888889e-05,False
288,4 4 18,1.4,3.5,6,82000,3.091666666666667,0,3,46,137,73,24,5,0,102,7,76,102,76,1,285,1,890.4,2.2569444444444443e-05,False
288,4 4 18,1.4,3.5,6,83000,3.125,0,3,40,137,81,24,3,0,108,7,76,108,76,1,285,1,900.0,3.6458333333333336e-05,False
288,4 4 18,1.4,3.5,6,84000,3.2249999999999996,0,4,49,124,81,26,4,0,111,4,65,111,65,1,284,1,928.8,3.8194444444444444e-05,False
288,4 4 18,1.4,3.5,6,85000,3.2944444444444443,0,3,55,116,76,30,7,1,114,8,108,114,108,1,285,1,948.8,5.208333333333334e-05,False
288,4 4 18,1.4,3.5,6,86000,3.1916666666666664,0,3,61,117,70,34,3,0,107,2,116,107,116,1,285,1,919.1999999999999,5.555555555555556e-05,False
288,4 4 18,1.4,3.5,6,87000,3.336111111111111,0,3,46,133,73,25,7,1,106,6,126,106,126,1,285,1,960.8,2.777777777777778e-05,False
288,4 4 18,1.4,3.5,6,88000,3.422222222222222,0,2,46,127,74,30,8,1,113,6,120,113,120,1,286,1,985.5999999999999,2.4305555555555554e-05,False
288,4 4 18,1.4,3.5,6,89000,3.286111111111111,0,4,51,132,67,27,6,1,101,5,128,101,128,1,284,1,946.4,4.513888888888889e-05,False
288,4 4 18,1.4,3.5,6,90000,3.3472222222222223,0,4,43,129,75,28,8,1,112,3,68,112,68,1,284,1,964.0,4.6875e-05,False
288,4 4 18,1.4,3.5,6,91000,3.2944444444444443,0,3,38,147,65,27,7,1,100,4,144,100,144,1,285,1,948.8,3.993055555555556e-05,False
288,4 4 18,1.4,3.5,6,92000,3.4555555555555553,0,2,28,152,75,19,9,3,106,3,150,106,150,1,286,1,995.1999999999999,6.770833333333333e-05,False
288,4 4 18,1.4,3.5,6,93000,3.4527777777777775,0,0,29,158,59,37,2,3,101,4,153,101,153,1,288,1,994.4,7.638888888888889e-05,False
288,4 4 18,1.4,3.5,6,94000,3.411111111111111,0,0,31,147,70,33,5,2,110,2,142,110,142,1,288,1,982.4,9.722222222222222e-05,False
288,4 4 18,1.4,3.5,6,95000,3.275,0,0,59,138,53,36,2,0,91,3,132,91,132,1,288,1,943.1999999999999,9.027777777777777e-05,False
288,4 4 18,1.4,3.5,6,96000,3.233333333333333,0,0,36,153,63,31,5,0,99,2,152,99,152,1,288,1,931.1999999999999,9.201388888888889e-05,False
288,4 4 18,1.4,3.5,6,97000,3.0638888888888887,0,0,31,166,59,30,1,1,91,1,166,91,166,1,288,1,882.4,6.076388888888889e-05,False
288,4 4 18,1.4,3.5,6,98000,3.186111111111111,0,1,41,150,61,35,0,0,96,4,122,96,122,1,287,1,917.5999999999999,5.034722222222222e-05,False
288,4 4 18,1.4,3.5,6,99000,3.1944444444444446,0,0,31,162,59,32,4,0,95,3,160,95,160,1,288,1,920.0,5.208333333333334e-05,False
288,4 4 18,1.4,3.5,6,100000,3.488888888888889,0,6,45,127,74,25,11,0,110,3,123,110,123,1,282,1,1004.8,0.00012152777777777777,False
288,4 4 18,1.4,3.5,6,101000,3.3444444444444446,0,0,23,152,69,38,6,0,113,2,151,113,151,1,288,1,963.2,0.000109375,False
288,4 4 18,1.4,3.5,6,102000,3.4833333333333334,0,0,13,158,67,40,10,0,117,1,158,117,158,1,288,1,1003.2,6.597222222222222e-05,False
288,4 4 18,1.4,3.5,6,103000,3.263888888888889,0,0,17,159,70,35,7,0,112,1,159,112,159,1,288,1,940.0,8.159722222222222e-05,False
288,4 4 18,1.4,3.5,6,104000,3.3694444444444445,0,0,11,163,62,48,3,1,114,1,163,114,163,1,288,1,970.4,4.1666666666666665e-05,False
288,4 4 18,1.4,3.5,6,105000,3.3194444444444446,0,1,32,153,56,41,4,1,102,4,147,102,147,1,287,1,956.0,0.00010590277777777777,False
288,4 4 18,1.4,3.5,6,106000,3.2777777777777777,0,0,27,158,60,38,5,0,103,1,158,103,158,1,288,1,944.0,8.333333333333333e-05,False
288,4 4 18,1.4,3.5,6,107000,3.238888888888889,0,0,24,159,66,36,2,1,105,1,159,105,159,1,288,1,932.8,3.8194444444444444e-05,False
288,4 4 18,1.4,3.5,6,108000,3.191666666666667,0,0,17,165,65,35,6,0,106,1,165,106,165,1,288,1,919.2,5.7291666666666666e-05,False
288,4 4 18,1.4,3.5,6,109000,3.125,0,0,19,175,57,29,8,0,94,1,175,94,175,1,288,1,900.0,3.125e-05,False
288,4 4 18,1.4,3.5,6,110000,3.036111111111111,0,0,15,184,61,23,4,1,89,1,184,89,184,1,288,1,874.4,5.034722222222222e-05,False
288,4 4 18,1.4,3.5,6,111000,2.961111111111111,0,0,18,180,63,22,5,0,90,1,180,90,180,1,288,1,852.8,4.6875e-05,False
288,4 4 18,1.4,3.5,6,112000,2.966666666666667,0,0,24,175,63,21,5,0,89,1,175,89,175,1,288,1,854.4,1.9097222222222222e-05,False
288,4 4 18,1.4,3.5,6,113000,3.1194444444444445,0,1,25,169,66,20,7,0,93,2,168,93,168,1,287,1,898.4,2.0833333333333333e-05,False
288,4 4 18,1.4,3.5,6,114000,3.1999999999999997,0,0,16,179,55,31,5,2,93,1,179,93,179,1,288,1,921.5999999999999,6.597222222222222e-05,False
288,4 4 18,1.4,3.5,6,115000,3.2277777777777774,0,0,12,172,64,32,8,0,104,1,172,104,172,1,288,1,929.5999999999999,0.00010069444444444445,False
288,4 4 18,1.4,3.5,6,116000,3.177777777777778,0,0,19,166,63,36,4,0,103,5,162,103,162,1,288,1,915.2,6.770833333333333e-05,False
288,4 4 18,1.4,3.5,6,117000,3.111111111111111,0,0,25,159,72,31,1,0,104,1,159,104,159,1,288,1,896.0,7.8125e-05,False
288,4 4 18,1.4,3.5,6,118000,3.2194444444444446,0,0,23,163,63,35,2,2,102,2,162,102,162,1,288,1,927.2,7.986111111111112e-05,False
288,4 4 18,1.4,3.5,6,119000,3.236111111111111,0,0,21,169,58,31,7,2,98,1,169,98,169,1,288,1,932.0,0.00011284722222222222,False
288,4 4 18,1.4,3.5,6,120000,3.236111111111111,0,0,19,166,63,36,4,0,103,1,166,103,166,1,288,1,932.0,8.333333333333333e-05,False
288,4 4 18,1.4,3.5,6,121000,3.1500000000000004,0,0,25,170,54,34,5,0,93,2,169,93,169,1,288,1,907.2,8.333333333333333e-05,False
288,4 4 18,1.4,3.5,6,122000,3.1555555555555554,0,2,25,168,57,32,4,0,93,4,162,93,162,1,286,1,908.8,7.291666666666667e-05,False
288,4 4 18,1.4,3.5,6,123000,3.1999999999999997,0,0,34,157,69,24,3,1,97,4,153,97,153,1,288,1,921.5999999999999,9.201388888888889e-05,False
288,4 4 18,1.4,3.5,6,124000,3.394444444444444,0,0,8,175,56,43,6,0,105,1,175,105,175,1,288,1,977.5999999999999,0.0001388888888888889,False
288,4 4 18,1.4,3.5,6,125000,3.413888888888889,0,0,20,172,56,32,8,0,96,3,170,96,170,1,288,1,983.2,0.00020486111111111112,False
288,4 4 18,1.4,3.5,6,126000,3.4055555555555554,0,1,20,167,50,42,8,0,100,2,166,100,166,1,287,1,980.8,0.0001579861111111111,False
288,4 4 18,1.4,3.5,6,127000,3.272222222222222,0,2,27,170,49,35,4,1,89,1,170,89,170,1,286,1,942.4,0.00015972222222222223,False
288,4 4 18,1.4,3.5,6,128000,3.4055555555555554,0,1,23,172,55,33,4,0,92,4,169,92,169,1,287,1,980.8,9.027777777777777e-05,False
288,4 4 18,1.4,3.5,6,129000,3.619444444444445,0,0,25,158,60,35,9,1,105,1,158,105,158,1,288,1,1042.4,0.000125,False
288,4 4 18,1.4,3.5,6,130000,3.6638888888888883,0,1,24,160,63,31,7,2,103,7,154,103,154,1,287,1,1055.1999999999998,0.000125,False
288,4 4 18,1.4,3.5,6,131000,3.611111111111111,0,0,15,166,63,32,12,0,107,2,165,107,165,1,288,1,1040.0,0.0001232638888888889,False
288,4 4 18,1.4,3.5,6,132000,3.5083333333333333,0,0,22,167,54,40,4,1,99,1,167,99,167,1,288,1,1010.4,0.00019270833333333333,False
288,4 4 18,1.4,3.5,6,133000,3.4388888888888887,0,0,15,166,63,37,6,1,107,1,166,107,166,1,288,1,990.4,0.0001371527777777778,False
288,4 4 18,1.4,3.5,6,134000,3.4805555555555556,0,0,18,168,55,39,7,1,102,1,168,102,168,1,288,1,1002.4,6.597222222222222e-05,False
288,4 4 18,1.4,3.5,6,135000,3.3583333333333334,0,0,20,172,59,30,7,0,96,3,166,96,166,1,288,1,967.2,0.00010243055555555556,False
288,4 4 18,1.4,3.5,6,136000,3.2472222222222222,0,0,24,166,64,30,4,0,98,2,165,98,165,1,288,1,935.2,7.638888888888889e-05,False
288,4 4 18,1.4,3.5,6,137000,3.255555555555555,0,0,29,165,62,29,3,0,94,3,162,94,162,1,288,1,937.5999999999999,0.00010763888888888889,False
288,4 4 18,1.4,3.5,6,138000,3.186111111111111,0,0,36,160,61,30,1,0,92,3,158,92,158,1,288,1,917.5999999999999,0.00013368055555555556,False
288,4 4 18,1.4,3.5,6,139000,3.144444444444444,0,0,31,166,62,26,3,0,91,4,159,91,159,1,288,1,905.5999999999999,7.8125e-05,False
288,4 4 18,1.4,3.5,6,140000,3.269444444444444,0,0,43,157,57,27,4,0,88,3,155,88,155,1,288,1,941.5999999999999,7.986111111111112e-05,False
288,4 4 18,1.4,3.5,6,141000,3.4166666666666665,0,0,25,157,73,27,6,0,106,2,156,106,156,1,288,1,984.0,6.076388888888889e-05,False
288,4 4 18,1.4,3.5,6,142000,3.4694444444444446,0,0,15,172,66,29,5,1,101,1,172,101,172,1,288,1,999.2,0.000109375,False
288,4 4 18,1.4,3.5,6,143000,3.394444444444444,0,0,16,170,69,29,3,1,102,2,169,102,169,1,288,1,977.5999999999999,0.000125,False
288,4 4 18,1.4,3.5,6,144000,3.2916666666666665,0,1,20,172,66,27,2,0,95,2,171,95,171,1,287,1,948.0,7.118055555555556e-05,False
288,4 4 18,1.4,3.5,6,145000,3.175,0,0,16,181,64,25,2,0,91,2,179,91,179,1,288,1,914.4,3.993055555555556e-05,False
288,4 4 18,1.4,3.5,6,146000,3.183333333333333,0,0,23,183,52,27,3,0,82,1,183,82,183,1,288,1,916.8,7.291666666666667e-05,False
288,4 4 18,1.4,3.5,6,147000,3.375,0,0,17,177,54,33,7,0,94,1,177,94,177,1,288,1,972.0,8.159722222222222e-05,False
288,4 4 18,1.4,3.5,6,148000,3.3583333333333334,0,0,18,174,61,28,7,0,96,1,174,96,174,1,288,1,967.2,0.000109375,False
288,4 4 18,1.4,3.5,6,149000,3.341666666666667,0,0,25,169,59,25,8,2,94,1,169,94,169,1,288,1,962.4,6.597222222222222e-05,False
288,4 4 18,1.4,3.5,6,150000,3.3472222222222223,0,0,24,167,64,31,2,0,97,2,166,97,166,1,288,1,964.0,7.986111111111112e-05,False
288,4 4 18,1.4,3.5,6,151000,3.536111111111111,0,1,28,161,58,33,6,1,98,2,160,98,160,1,287,1,1018.4,6.770833333333333e-05,False
288,4 4 18,1.4,3.5,6,152000,3.522222222222222,0,2,31,156,60,34,5,0,99,2,153,99,153,1,286,1,1014.4,7.638888888888889e-05,False
288,4 4 18,1.4,3.5,6,153000,3.4527777777777775,0,0,19,168,64,32,5,0,101,3,164,101,164,1,288,1,994.4,5.7291666666666666e-05,False
288,4 4 18,1.4,3.5,6,154000,3.6416666666666666,0,0,26,166,46,40,9,1,96,1,166,96,166,1,288,1,1048.8,6.25e-05,False
288,4 4 18,1.4,3.5,6,155000,3.5972222222222223,0,0,19,174,66,23,5,1,95,2,173,95,173,1,288,1,1036.0,9.722222222222222e-05,False
288,4 4 18,1.4,3.5,6,156000,3.486111111111111,0,0,24,175,59,22,7,1,89,3,173,89,173,1,288,1,1004.0,0.00014930555555555555,False
288,4 4 18,1.4,3.5,6,157000,3.488888888888889,0,1,14,172,66,28,6,1,101,2,170,101,170,1,287,1,1004.8,0.00014236111111111112,False
288,4 4 18,1.4,3.5,6,158000,3.461111111111111,0,1,14,161,74,32,6,0,112,4,156,112,156,1,287,1,996.8,5.034722222222222e-05,False
288,4 4 18,1.4,3.5,6,159000,3.5694444444444446,0,1,10,157,83,31,5,1,120,5,148,120,148,1,287,1,1028.0,4.861111111111111e-05,False
288,4 4 18,1.4,3.5,6,160000,3.5749999999999997,0,1,10,166,73,33,4,1,111,7,159,111,159,1,287,1,1029.6,7.291666666666667e-05,False
288,4 4 18,1.4,3.5,6,161000,3.552777777777778,0,0,12,168,65,34,9,0,108,2,166,108,166,1,288,1,1023.2,7.986111111111112e-05,False
288,4 4 18,1.4,3.5,6,162000,3.7083333333333335,0,0,16,166,61,33,11,1,106,2,164,106,164,1,288,1,1068.0,0.00011458333333333333,False
288,4 4 18,1.4,3.5,6,163000,3.8777777777777778,0,0,8,164,58,44,10,4,116,1,164,116,164,1,288,1,1116.8,0.00017708333333333335,False
288,4 4 18,1.4,3.5,6,164000,3.6944444444444446,0,0,11,167,56,42,10,2,110,1,167,110,167,1,288,1,1064.0,0.00019097222222222223,False
288,4 4 18,1.4,3.5,6,165000,3.702777777777778,0,0,11,172,59,32,12,2,105,5,168,105,168,1,288,1,1066.4,0.00014583333333333335,False
288,4 4 18,1.4,3.5,6,166000,3.763888888888889,0,0,10,170,66,32,8,2,108,2,108,108,108,1,288,1,1084.0,0.00014756944444444445,False
288,4 4 18,1.4,3.5,6,167000,3.638888888888889,0,0,8,168,63,39,9,1,112,1,168,112,168,1,288,1,1048.0,0.00010243055555555556,False
288,4 4 18,1.4,3.5,6,168000,3.538888888888889,0,0,11,179,55,33,10,0,98,1,179,98,179,1,288,1,1019.2,0.000109375,False
288,4 4 18,1.4,3.5,6,169000,3.533333333333333,0,0,25,171,50,33,7,2,92,1,171,92,171,1,288,1,1017.5999999999999,0.00011631944444444445,False
288,4 4 18,1.4,3.5,6,170000,3.563888888888889,0,1,20,167,59,31,7,3,100,3,161,100,161,1,287,1,1026.4,0.00018402777777777778,False
288,4 4 18,1.4,3.5,6,171000,3.6416666666666666,0,0,10,170,63,33,8,4,108,4,166,108,166,1,288,1,1048.8,0.00017708333333333335,False
288,4 4 18,1.4,3.5,6,172000,3.716666666666667,0,0,11,169,58,39,7,4,108,3,100,108,100,1,288,1,1070.4,0.000203125,False
288,4 4 18,1.4,3.5,6,173000,3.6333333333333337,0,0,5,172,57,44,8,2,111,2,170,111,170,1,288,1,1046.4,0.00017361111111111112,False
288,4 4 18,1.4,3.5,6,174000,3.547222222222222,0,0,8,172,64,32,12,0,108,1,172,108,172,1,288,1,1021.5999999999999,0.00017361111111111112,False
288,4 4 18,1.4,3.5,6,175000,3.4055555555555554,0,0,7,184,61,27,8,1,97,1,184,97,184,1,288,1,980.8,0.00013541666666666666,False
288,4 4 18,1.4,3.5,6,176000,3.5277777777777777,0,0,10,171,59,37,11,0,107,2,170,107,170,1,288,1,1016.0,0.00011631944444444445,False
288,4 4 18,1.4,3.5,6,177000,3.4722222222222223,0,0,7,173,67,35,3,3,108,1,173,108,173,1,288,1,1000.0,0.00013194444444444443,False
288,4 4 18,1.4,3.5,6,178000,3.672222222222222,0,0,8,167,61,39,11,2,113,2,166,113,166,1,288,1,1057.6,0.00010763888888888889,False
288,4 4 18,1.4,3.5,6,179000,3.686111111111111,0,1,4,173,51,48,6,5,110,2,171,110,171,1,287,1,1061.6,0.00021180555555555555,False
288,4 4 18,1.4,3.5,6,180000,3.605555555555556,0,0,6,177,59,37,7,2,105,1,177,105,177,1,288,1,1038.4,0.00021180555555555555,False
288,4 4 18,1.4,3.5,6,181000,3.7750000000000004,0,0,10,174,57,31,11,5,104,1,174,104,174,1,288,1,1087.2,8.854166666666667e-05,False
288,4 4 18,1.4,3.5,6,182000,3.6027777777777774,0,0,11,170,54,43,9,1,107,1,170,107,170,1,288,1,1037.6,8.506944444444444e-05,False
288,4 4 18,1.4,3.5,6,183000,3.6277777777777778,0,0,10,169,64,39,4,2,109,3,104,109,104,1,288,1,1044.8,0.00011805555555555556,False
288,4 4 18,1.4,3.5,6,184000,3.461111111111111,0,0,11,172,65,34,6,0,105,2,171,105,171,1,288,1,996.8,9.895833333333333e-05,False
288,4 4 18,1.4,3.5,6,185000,3.6694444444444443,0,0,18,164,57,38,11,0,106,5,158,106,158,1,288,1,1056.8,0.00021006944444444445,False
288,4 4 18,1.4,3.5,6,186000,3.677777777777778,0,0,8,164,71,35,9,1,116,2,162,116,162,1,288,1,1059.2,0.0002552083333333333,False
288,4 4 18,1.4,3.5,6,187000,3.8305555555555557,0,0,17,152,66,43,7,3,119,5,89,119,89,1,288,1,1103.2,0.00015625,False
288,4 4 18,1.4,3.5,6,188000,3.6472222222222226,0,0,22,152,62,46,4,2,114,3,149,114,149,1,288,1,1050.4,0.00024479166666666665,False
288,4 4 18,1.4,3.5,6,189000,3.7750000000000004,0,0,12,166,55,44,11,0,110,3,160,110,160,1,288,1,1087.2,0.00023958333333333332,False
288,4 4 18,1.4,3.5,6,190000,3.6666666666666665,0,0,15,164,62,39,5,3,109,3,152,109,152,1,288,1,1056.0,0.00019791666666666666,False
288,4 4 18,1.4,3.5,6,191000,3.519444444444444,0,4,9,174,54,38,9,0,101,2,172,101,172,1,284,1,1013.5999999999999,0.00019444444444444443,False
288,4 4 18,1.4,3.5,6,192000,3.6277777777777778,0,1,9,172,55,46,4,1,106,3,157,106,157,1,287,1,1044.8,0.00021527777777777778,False
288,4 4 18,1.4,3.5,6,193000,3.7916666666666665,0,0,9,166,62,40,9,2,113,2,164,113,164,1,288,1,1092.0,0.00030902777777777775,False
288,4 4 18,1.4,3.5,6,194000,3.697222222222222,0,2,9,164,60,44,7,2,113,2,149,113,149,1,286,1,1064.8,0.00032291666666666666,False
288,4 4 18,1.4,3.5,6,195000,3.861111111111111,0,0,10,160,60,47,8,3,118,4,148,118,148,1,288,1,1112.0,0.00025694444444444446,False
288,4 4 18,1.4,3.5,6,196000,3.613888888888889,0,0,13,176,54,33,11,1,99,3,165,99,165,1,288,1,1040.8,0.00028993055555555554,False
288,4 4 18,1.4,3.5,6,197000,3.577777777777778,0,0,11,176,61,32,6,2,101,2,175,101,175,1,288,1,1030.4,0.000234375,False
288,4 4 18,1.4,3.5,6,198000,3.547222222222222,0,0,10,171,57,42,7,1,107,2,166,107,166,1,288,1,1021.5999999999999,0.0002309027777777778,False
288,4 4 18,1.4,3.5,6,199000,3.563888888888889,0,0,11,182,59,27,6,3,95,3,178,95,178,1,288,1,1026.4,0.00021701388888888888,False
288,4 4 18,1.4,3.5,6,200000,3.8055555555555554,0,0,8,163,62,43,12,0,117,3,157,117,157,1,288,1,1096.0,0.00022569444444444443,True
288,4 4 18,1.4,3.5,7,0,3.1999999999999997,0,288,0,0,0,0,0,0,0,0,0,0,0,0,0,1,921.5999999999999,,False
288,4 4 18,1.4,3.5,7,1000,3.822222222222222,0,43,116,58,25,33,13,0,71,22,8,71,8,1,245,1,1100.8,0.00021180555555555555,False
288,4 4 18,1.4,3.5,7,2000,3.988888888888889,0,32,107,73,31,27,18,0,76,19,36,76,36,1,256,1,1148.8,0.00018402777777777778,False
288,4 4 18,1.4,3.5,7,3000,4.0361111111111105,0,25,105,73,26,39,17,3,85,17,32,85,32,1,263,1,1162.3999999999999,0.00012847222222222223,False
288,4 4 18,1.4,3.5,7,4000,4.180555555555555,0,12,101,89,21,41,21,3,86,9,49,86,49,1,276,1,1204.0,0.0003159722222222222,False
288,4 4 18,1.4,3.5,7,5000,4.222222222222222,0,12,105,78,26,47,19,1,93,11,22,93,22,1,276,1,1216.0,0.0002725694444444444,False
288,4 4 18,1.4,3.5,7,6000,4.222222222222222,0,9,82,91,47,45,13,1,106,9,66,106,66,1,279,1,1216.0,0.0002708333333333333,False
288,4 4 18,1.4,3.5,7,7000,4.033333333333333,0,13,93,84,45,42,10,1,98,14,41,98,41,1,275,1,1161.6,0.00026388888888888886,False
288,4 4 18,1.4,3.5,7,8000,4.461111111111111,0,18,70,84,49,46,19,2,116,12,42,116,42,1,270,1,1284.8,0.0002465277777777778,False
288,4 4 18,1.4,3.5,7,9000,4.322222222222222,0,12,85,78,39,50,22,2,113,8,47,113,47,1,276,1,1244.8,0.00038541666666666667,False
288,4 4 18,1.4,3.5,7,10000,4.283333333333333,0,13,98,71,34,53,16,3,106,14,25,106,25,1,275,1,1233.6,0.00028125,False
288,4 4 18,1.4,3.5,7,11000,4.247222222222222,0,7,87,80,46,54,11,3,114,17,27,114,27,1,281,1,1223.1999999999998,0.0002465277777777778,False
288,4 4 18,1.4,3.5,7,12000,4.033333333333333,0,8,92,78,51,49,9,1,110,12,25,110,25,1,280,1,1161.6,0.00016493055555555556,False
288,4 4 18,1.4,3.5,7,13000,3.9166666666666665,0,3,89,88,60,40,6,2,108,10,43,108,43,1,285,1,1128.0,0.0001892361111111111,False
288,4 4 18,1.4,3.5,7,14000,4.177777777777777,0,7,90,76,50,53,12,0,115,12,23,115,23,1,281,1,1203.1999999999998,0.00021006944444444445,False
288,4 4 18,1.4,3.5,7,15000,4.188888888888889,0,9,93,77,48,48,13,0,109,14,36,109,36,1,279,1,1206.4,0.00024131944444444445,False
288,4 4 18,1.4,3.5,7,16000,4.563888888888889,0,4,80,72,56,50,25,1,132,13,23,132,23,1,284,1,1314.4,0.00025,False
288,4 4 18,1.4,3.5,7,17000,4.297222222222222,0,4,81,89,46,51,15,2,114,19,19,114,19,1,284,1,1237.6,0.00036979166666666665,False
288,4 4 18,1.4,3.5,7,18000,4.3583333333333325,0,4,66,94,59,51,11,3,124,9,42,124,42,1,284,1,1255.1999999999998,0.00032118055555555556,False
288,4 4 18,1.4,3.5,7,19000,4.688888888888889,0,7,71,87,56,48,10,9,123,10,44,123,44,1,281,1,1350.4,0.00031944444444444446,False
288,4 4 18,1.4,3.5,7,20000,4.436111111111111,0,7,71,89,64,47,7,3,121,11,34,121,34,1,281,1,1277.6,0.00040972222222222224,False
288,4 4 18,1.4,3.5,7,21000,4.85,0,3,63,98,49,55,15,5,124,8,40,124,40,1,285,1,1396.8,0.000484375,False
288,4 4 18,1.4,3.5,7,22000,4.527777777777778,0,5,58,98,54,61,12,0,127,6,89,127,89,1,283,1,1304.0,0.00046875,False
288,4 4 18,1.4,3.5,7,23000,4.941666666666666,0,2,29,95,83,68,10,1,162,8,42,162,42,1,286,1,1423.1999999999998,0.0005364583333333333,False
288,4 4 18,1.4,3.5,7,24000,4.952777777777778,0,1,34,93,70,74,14,2,160,3,46,160,46,1,287,1,1426.4,0.0006493055555555555,False
288,4 4 18,1.4,3.5,7,25000,5.188888888888889,0,0,28,97,60,87,14,2,163,6,75,163,75,1,288,1,1494.4,0.0007881944444444444,False
288,4 4 18,1.4,3.5,7,26000,5.269444444444444,0,0,27,91,75,82,12,1,170,13,36,170,36,1,288,1,1517.6,0.0009444444444444445,False
288,4 4 18,1.4,3.5,7,27000,5.397222222222222,0,6,48,55,78,89,9,3,179,15,16,179,16,1,282,1,1554.4,0.0014618055555555556,False
288,4 4 18,1.4,3.5,7,28000,5.413888888888888,0,9,49,55,60,103,7,5,175,13,8,175,8,1,279,1,1559.1999999999998,0.0017170138888888888,False
288,4 4 18,1.4,3.5,7,29000,5.041666666666667,0,4,47,79,83,65,10,0,158,10,21,158,21,1,284,1,1452.0,0.001973958333333333,False
288,4 4 18,1.4,3.5,7,30000,5.280555555555555,0,4,47,74,74,78,11,0,163,15,36,163,36,1,284,1,1520.8,0.001671875,False
288,4 4 18,1.4,3.5,7,31000,5.1194444444444445,1,5,48,80,65,84,4,1,154,13,44,154,44,1,282,1,1474.4,0.0025538194444444445,False
288,4 4 18,1.4,3.5,7,32000,5.13611111111111,0,2,43,78,69,90,6,0,165,10,36,165,36,1,286,1,1479.1999999999998,0.0026180555555555558,False
288,4 4 18,1.4,3.5,7,33000,5.191666666666666,0,4,48,84,65,76,9,2,152,10,39,152,39,1,284,1,1495.1999999999998,0.002565972222222222,False
288,4 4 18,1.4,3.5,7,34000,4.872222222222222,0,6,50,89,52,83,8,0,143,11,35,143,35,1,282,1,1403.1999999999998,0.0019340277777777778,False
288,4 4 18,1.4,3.5,7,35000,5.069444444444445,0,7,61,73,56,80,9,2,147,10,32,147,32,1,281,1,1460.0,0.0021163194444444445,False
288,4 4 18,1.4,3.5,7,36000,4.888888888888889,0,8,61,85,44,83,5,2,134,10,36,134,36,1,280,1,1408.0,0.002026041666666667,False
288,4 4 18,1.4,3.5,7,37000,5.13611111111111,0,4,43,87,71,78,4,1,154,8,35,154,35,1,284,1,1479.1999999999998,0.0021493055555555553,False
288,4 4 18,1.4,3.5,7,38000,5.247222222222223,0,0,37,79,58,107,7,0,172,12,38,172,38,1,288,1,1511.2,0.002861111111111111,False
288,4 4 18,1.4,3.5,7,39000,4.9833333333333325,0,6,54,70,93,62,3,0,158,16,28,158,28,1,282,1,1435.1999999999998,0.002751736111111111,False
288,4 4 18,1.4,3.5,7,40000,5.333333333333333,0,4,43,69,61,100,10,1,172,10,32,172,32,1,284,1,1536.0,0.0028784722222222224,False
288,4 4 18,1.4,3.5,7,41000,5.091666666666667,0,2,41,85,52,103,5,0,160,5,34,160,34,1,286,1,1466.4,0.003267361111111111,False
288,4 4 18,1.4,3.5,7,42000,5.0249999999999995,0,0,49,80,62,92,5,0,159,7,32,159,32,1,288,1,1447.1999999999998,0.002715277777777778,False
288,4 4 18,1.4,3.5,7,43000,4.972222222222222,0,0,51,80,60,96,1,0,157,11,32,157,32,1,288,1,1432.0,0.0029444444444444444,False
288,4 4 18,1.4,3.5,7,44000,5.141666666666667,0,2,33,90,80,80,3,0,163,11,52,163,52,1,286,1,1480.8,0.0033524305555555555,False
288,4 4 18,1.4,3.5,7,45000,5.216666666666667,0,0,32,92,56,104,4,0,164,9,46,164,46,1,288,1,1502.4,0.0032604166666666667,False
288,4 4 18,1.4,3.5,7,46000,5.261111111111111,0,0,16,100,64,108,0,0,172,13,54,172,54,1,288,1,1515.2,0.0038072916666666667,False
288,4 4 18,1.4,3.5,7,47000,5.144444444444444,0,0,32,86,72,98,0,0,170,11,58,170,58,1,288,1,1481.6,0.004074652777777778,False
288,4 4 18,1.4,3.5,7,48000,5.266666666666667,0,0,20,99,70,92,6,1,169,11,44,169,44,1,288,1,1516.8,0.004215277777777778,False
288,4 4 18,1.4,3.5,7,49000,5.297222222222222,0,0,34,85,48,109,12,0,169,12,51,169,51,1,288,1,1525.6,0.003421875,False
288,4 4 18,1.4,3.5,7,50000,5.408333333333333,0,0,22,87,75,91,11,2,179,13,38,179,38,1,288,1,1557.6,0.0029913194444444445,False
288,4 4 18,1.4,3.5,7,51000,4.983333333333333,0,0,12,110,77,88,1,0,166,13,71,166,71,1,288,1,1435.2,0.0033159722222222223,False
288,4 4 18,1.4,3.5,7,52000,5.047222222222222,0,0,20,106,72,86,4,0,162,7,74,162,74,1,288,1,1453.6,0.003314236111111111,False
288,4 4 18,1.4,3.5,7,53000,5.033333333333333,0,0,28,90,58,110,2,0,170,7,48,170,48,1,288,1,1449.6,0.003427083333333333,False
288,4 4 18,1.4,3.5,7,54000,4.8999999999999995,0,0,26,106,65,89,1,1,156,10,78,156,78,1,288,1,1411.1999999999998,0.0033784722222222224,False
288,4 4 18,1.4,3.5,7,55000,5.091666666666667,0,0,34,89,45,115,5,0,165,9,48,165,48,1,288,1,1466.4,0.0032586805555555555,False
288,4 4 18,1.4,3.5,7,56000,5.077777777777778,0,0,32,83,69,101,3,0,173,13,51,173,51,1,288,1,1462.4,0.0038159722222222223,False
288,4 4 18,1.4,3.5,7,57000,4.827777777777778,0,0,36,94,64,94,0,0,158,11,62,158,62,1,288,1,1390.4,0.0035364583333333333,False
288,4 4 18,1.4,3.5,7,58000,4.85,0,0,36,104,48,100,0,0,148,7,62,148,62,1,288,1,1396.8,0.003576388888888889,False
288,4 4 18,1.4,3.5,7,59000,4.677777777777777,0,0,40,102,72,74,0,0,146,7,64,146,64,1,288,1,1347.1999999999998,0.003189236111111111,False
288,4 4 18,1.4,3.5,7,60000,4.827777777777778,0,0,36,100,52,100,0,0,152,11,62,152,62,1,288,1,1390.4,0.0035277777777777777,False
288,4 4 18,1.4,3.5,7,61000,4.844444444444444,0,0,36,96,56,100,0,0,156,8,60,156,60,1,288,1,1395.1999999999998,0.0033072916666666667,False
288,4 4 18,1.4,3.5,7,62000,4.711111111111111,0,0,38,98,78,74,0,0,152,12,60,152,60,1,288,1,1356.8,0.0033541666666666668,False
288,4 4 18,1.4,3.5,7,63000,4.811111111111111,0,0,38,104,42,104,0,0,146,9,62,146,62,1,288,1,1385.6,0.00346875,False
288,4 4 18,1.4,3.5,7,64000,4.983333333333333,0,0,34,102,26,126,0,0,152,10,62,152,62,1,288,1,1435.2,0.004071180555555555,False
288,4 4 18,1.4,3.5,7,65000,4.811111111111111,0,0,34,106,50,98,0,0,148,10,68,148,68,1,288,1,1385.6,0.003361111111111111,False
288,4 4 18,1.4,3.5,7,66000,4.855555555555556,0,4,36,96,56,96,0,0,152,3,64,152,64,1,284,1,1398.4,0.003472222222222222,False
288,4 4 18,1.4,3.5,7,67000,4.816666666666666,0,0,44,100,40,104,0,0,144,8,64,144,64,1,288,1,1387.1999999999998,0.003777777777777778,False
288,4 4 18,1.4,3.5,7,68000,5.016666666666667,0,0,38,88,34,128,0,0,162,8,66,162,66,1,288,1,1444.8,0.003654513888888889,False
288,4 4 18,1.4,3.5,7,69000,4.8999999999999995,0,0,42,96,34,116,0,0,150,10,64,150,64,1,288,1,1411.1999999999998,0.0036475694444444446,False
288,4 4 18,1.4,3.5,7,70000,4.8999999999999995,0,5,34,96,71,78,3,1,153,11,80,153,80,1,283,1,1411.1999999999998,0.0036458333333333334,False
288,4 4 18,1.4,3.5,7,71000,4.958333333333333,0,2,33,91,65,95,2,0,162,17,62,162,62,1,286,1,1428.0,0.0033211805555555555,False
288,4 4 18,1.4,3.5,7,72000,4.902777777777778,0,1,37,88,65,97,0,0,162,10,64,162,64,1,287,1,1412.0,0.0032100694444444446,False
288,4 4 18,1.4,3.5,7,73000,4.975,0,1,32,89,76,84,6,0,166,10,64,166,64,1,287,1,1432.8,0.0032916666666666667,False
288,4 4 18,1.4,3.5,7,74000,4.8583333333333325,0,3,36,100,57,91,1,0,149,7,89,149,89,1,285,1,1399.1999999999998,0.0033888888888888888,False
288,4 4 18,1.4,3.5,7,75000,4.872222222222222,0,1,48,84,53,101,1,0,155,10,60,155,60,1,287,1,1403.1999999999998,0.0032552083333333335,False
288,4 4 18,1.4,3.5,7,76000,4.783333333333333,0,0,34,109,63,80,1,1,145,11,64,145,64,1,288,1,1377.6,0.0032413194444444442,False
288,4 4 18,1.4,3.5,7,77000,4.800000000000001,0,0,34,104,69,78,3,0,150,7,64,150,64,1,288,1,1382.4,0.0029444444444444444,False
288,4 4 18,1.4,3.5,7,78000,5.022222222222222,0,0,34,98,38,115,2,1,156,15,64,156,64,1,288,1,1446.4,0.003045138888888889,False
288,4 4 18,1.4,3.5,7,79000,4.777777777777778,0,0,20,112,67,83,5,1,156,9,62,156,62,1,288,1,1376.0,0.0030538194444444445,False
288,4 4 18,1.4,3.5,7,80000,4.775,0,0,18,114,59,96,1,0,156,9,82,156,82,1,288,1,1375.2,0.003128472222222222,False
288,4 4 18,1.4,3.5,7,81000,4.788888888888889,0,0,18,107,66,95,2,0,163,9,63,163,63,1,288,1,1379.2,0.00309375,False
288,4 4 18,1.4,3.5,7,82000,4.816666666666666,0,0,21,109,65,91,2,0,158,8,54,158,54,1,288,1,1387.2,0.0032725694444444443,False
288,4 4 18,1.4,3.5,7,83000,4.741666666666666,0,0,16,118,66,86,2,0,154,9,88,154,88,1,288,1,1365.6,0.0029444444444444444,False
288,4 4 18,1.4,3.5,7,84000,4.697222222222222,0,0,21,114,50,102,1,0,153,8,64,153,64,1,288,1,1352.8,0.002927083333333333,False
288,4 4 18,1.4,3.5,7,85000,4.661111111111111,0,0,22,114,50,102,0,0,152,9,62,152,62,1,288,1,1342.4,0.0030677083333333333,False
288,4 4 18,1.4,3.5,7,86000,4.766666666666667,0,0,16,112,56,104,0,0,160,7,66,160,66,1,288,1,1372.8,0.003328125,False
288,4 4 18,1.4,3.5,7,87000,4.636111111111111,0,0,18,121,68,81,0,0,149,6,62,149,62,1,288,1,1335.2,0.0032100694444444446,False
288,4 4 18,1.4,3.5,7,88000,4.611111111111111,0,0,18,137,62,67,2,2,133,5,109,133,109,1,288,1,1328.0,0.003015625,False
288,4 4 18,1.4,3.5,7,89000,4.633333333333334,0,0,19,117,70,81,1,0,152,9,64,152,64,1,288,1,1334.4,0.0027430555555555554,False
288,4 4 18,1.4,3.5,7,90000,4.675000000000001,0,2,30,102,62,92,0,0,154,8,58,154,58,1,286,1,1346.4,0.0030434027777777777,False
288,4 4 18,1.4,3.5,7,91000,4.808333333333334,0,2,20,106,53,106,1,0,160,10,56,160,56,1,286,1,1384.8,0.0029913194444444445,False
288,4 4 18,1.4,3.5,7,92000,4.877777777777777,0,2,18,100,58,110,0,0,168,10,54,168,54,1,286,1,1404.8,0.0029704861111111112,False
288,4 4 18,1.4,3.5,7,93000,4.872222222222223,0,2,20,104,69,88,5,0,162,7,50,162,50,1,286,1,1403.2,0.003078125,False
288,4 4 18,1.4,3.5,7,94000,4.677777777777777,0,2,26,107,70,81,2,0,153,7,53,153,53,1,286,1,1347.1999999999998,0.002376736111111111,False
288,4 4 18,1.4,3.5,7,95000,4.694444444444445,0,2,27,108,66,82,1,2,151,9,54,151,54,1,286,1,1352.0,0.002494791666666667,False
288,4 4 18,1.4,3.5,7,96000,5.116666666666666,0,5,25,93,62,90,11,2,165,7,51,165,51,1,283,1,1473.6,0.002173611111111111,False
288,4 4 18,1.4,3.5,7,97000,4.913888888888889,0,2,25,99,67,91,4,0,162,9,46,162,46,1,286,1,1415.2,0.0024461805555555556,False
288,4 4 18,1.4,3.5,7,98000,4.819444444444445,0,2,22,103,71,87,3,0,161,9,44,161,44,1,286,1,1388.0,0.0024045138888888888,False
288,4 4 18,1.4,3.5,7,99000,4.911111111111111,0,0,22,107,67,85,7,0,159,8,50,159,50,1,288,1,1414.4,0.0024600694444444444,False
288,4 4 18,1.4,3.5,7,100000,5.0,0,2,22,103,58,93,10,0,161,8,49,161,49,1,286,1,1440.0,0.002644097222222222,False
288,4 4 18,1.4,3.5,7,101000,4.702777777777778,0,2,30,107,67,79,3,0,149,8,53,149,53,1,286,1,1354.4,0.002451388888888889,False
288,4 4 18,1.4,3.5,7,102000,4.633333333333334,0,2,20,123,75,67,1,0,143,6,85,143,85,1,286,1,1334.4,0.002173611111111111,False
288,4 4 18,1.4,3.5,7,103000,4.747222222222223,0,0,28,117,45,91,7,0,143,5,61,143,61,1,288,1,1367.2,0.002029513888888889,False
288,4 4 18,1.4,3.5,7,104000,4.722222222222222,0,5,24,116,56,83,4,0,143,4,62,143,62,1,283,1,1360.0,0.0025746527777777777,False
288,4 4 18,1.4,3.5,7,105000,4.544444444444444,0,1,36,125,41,82,3,0,126,2,121,126,121,1,287,1,1308.8,0.002472222222222222,False
288,4 4 18,1.4,3.5,7,106000,4.555555555555555,0,4,36,123,51,70,3,1,125,6,54,125,54,1,284,1,1312.0,0.0023888888888888887,False
288,4 4 18,1.4,3.5,7,107000,4.538888888888888,0,3,27,117,69,69,2,1,141,5,96,141,96,1,285,1,1307.1999999999998,0.0023628472222222223,False
288,4 4 18,1.4,3.5,7,108000,4.7444444444444445,0,0,26,113,52,93,4,0,149,10,59,149,59,1,288,1,1366.4,0.002171875,False
288,4 4 18,1.4,3.5,7,109000,4.8805555555555555,0,0,19,113,48,101,7,0,156,7,61,156,61,1,288,1,1405.6,0.002534722222222222,False
288,4 4 18,1.4,3.5,7,110000,4.766666666666667,0,0,28,113,53,87,7,0,147,11,60,147,60,1,288,1,1372.8,0.002395833333333333,False
288,4 4 18,1.4,3.5,7,111000,4.883333333333334,0,2,28,110,24,116,8,0,148,9,62,148,62,1,286,1,1406.4,0.002498263888888889,False
288,4 4 18,1.4,3.5,7,112000,4.855555555555556,0,2,23,110,50,100,3,0,153,9,54,153,54,1,286,1,1398.4,0.0024201388888888888,False
288,4 4 18,1.4,3.5,7,113000,4.866666666666666,0,2,25,102,48,108,3,0,159,10,54,159,54,1,286,1,1401.6,0.002673611111111111,False
288,4 4 18,1.4,3.5,7,114000,4.858333333333333,0,2,18,117,64,77,8,2,151,6,58,151,58,1,286,1,1399.2,0.002576388888888889,False
288,4 4 18,1.4,3.5,7,115000,4.683333333333334,0,3,24,124,50,81,6,0,137,6,54,137,54,1,285,1,1348.8,0.002324652777777778,False
288,4 4 18,1.4,3.5,7,116000,5.175000000000001,0,2,10,101,73,91,10,1,175,11,50,175,50,1,286,1,1490.4,0.0023888888888888887,False
288,4 4 18,1.4,3.5,7,117000,5.050000000000001,0,2,14,106,61,98,7,0,166,10,55,166,55,1,286,1,1454.4,0.0024565972222222224,False
288,4 4 18,1.4,3.5,7,118000,5.166666666666667,0,3,16,102,62,96,8,1,167,7,56,167,56,1,285,1,1488.0,0.0028003472222222223,False
288,4 4 18,1.4,3.5,7,119000,5.074999999999999,0,4,16,95,76,91,6,0,173,11,56,173,56,1,284,1,1461.6,0.0031006944444444445,False
288,4 4 18,1.4,3.5,7,120000,4.938888888888889,0,0,17,105,65,99,2,0,166,15,58,166,58,1,288,1,1422.4,0.0030329861111111113,False
288,4 4 18,1.4,3.5,7,121000,4.908333333333333,0,0,18,105,77,83,5,0,165,10,52,165,52,1,288,1,1413.6,0.0031163194444444446,False
288,4 4 18,1.4,3.5,7,122000,5.180555555555555,0,0,8,102,61,108,9,0,178,12,70,178,70,1,288,1,1492.0,0.0029965277777777776,False
288,4 4 18,1.4,3.5,7,123000,5.072222222222222,0,0,15,111,64,87,11,0,162,8,96,162,96,1,288,1,1460.8,0.0032413194444444442,False
288,4 4 18,1.4,3.5,7,124000,5.172222222222222,0,0,9,110,60,98,11,0,169,7,48,169,48,1,288,1,1489.6,0.0028680555555555555,False
288,4 4 18,1.4,3.5,7,125000,5.055555555555555,0,0,18,111,57,93,9,0,159,6,44,159,44,1,288,1,1456.0,0.0023732638888888887,False
288,4 4 18,1.4,3.5,7,126000,5.019444444444444,0,0,21,106,63,88,10,0,161,10,54,161,54,1,288,1,1445.6,0.0026510416666666666,False
288,4 4 18,1.4,3.5,7,127000,4.875,0,0,22,114,55,92,5,0,152,8,47,152,47,1,288,1,1404.0,0.0023333333333333335,False
288,4 4 18,1.4,3.5,7,128000,5.083333333333333,0,0,17,109,81,69,10,2,162,9,46,162,46,1,288,1,1464.0,0.0025625,False
288,4 4 18,1.4,3.5,7,129000,5.133333333333334,0,0,15,103,55,105,10,0,170,9,53,170,53,1,288,1,1478.4,0.0024496527777777776,False
288,4 4 18,1.4,3.5,7,130000,4.958333333333333,0,0,20,108,60,91,8,1,160,11,51,160,51,1,288,1,1428.0,0.002467013888888889,False
288,4 4 18,1.4,3.5,7,131000,4.730555555555556,0,0,19,118,71,76,4,0,151,8,63,151,63,1,288,1,1362.4,0.002248263888888889,False
288,4 4 18,1.4,3.5,7,132000,4.688888888888889,0,0,25,110,64,86,3,0,153,8,57,153,57,1,288,1,1350.4,0.002458333333333333,False
288,4 4 18,1.4,3.5,7,133000,4.688888888888889,0,4,22,109,90,57,6,0,153,6,75,153,75,1,284,1,1350.4,0.002427083333333333,False
288,4 4 18,1.4,3.5,7,134000,4.897222222222222,0,0,17,98,77,92,4,0,173,8,50,173,50,1,288,1,1410.4,0.002595486111111111,False
288,4 4 18,1.4,3.5,7,135000,5.027777777777778,0,0,18,96,76,88,10,0,174,12,38,174,38,1,288,1,1448.0,0.002263888888888889,False
288,4 4 18,1.4,3.5,7,136000,4.730555555555556,0,0,28,101,79,75,5,0,159,10,36,159,36,1,288,1,1362.4,0.002458333333333333,False
288,4 4 18,1.4,3.5,7,137000,4.7444444444444445,0,1,26,104,71,78,7,1,157,8,39,157,39,1,287,1,1366.4,0.002623263888888889,False
288,4 4 18,1.4,3.5,7,138000,4.800000000000001,0,0,25,106,69,80,8,0,157,7,63,157,63,1,288,1,1382.4,0.0028333333333333335,False
288,4 4 18,1.4,3.5,7,139000,4.672222222222222,0,0,18,115,79,73,3,0,155,7,59,155,59,1,288,1,1345.6,0.0027100694444444446,False
288,4 4 18,1.4,3.5,7,140000,4.980555555555556,0,0,20,106,65,90,6,1,162,10,48,162,48,1,288,1,1434.4,0.002579861111111111,False
288,4 4 18,1.4,3.5,7,141000,5.016666666666667,0,0,26,92,80,74,14,2,170,12,49,170,49,1,288,1,1444.8,0.0026336805555555553,False
288,4 4 18,1.4,3.5,7,142000,4.947222222222222,0,1,29,92,70,89,5,2,166,12,40,166,40,1,287,1,1424.8,0.0022899305555555555,False
288,4 4 18,1.4,3.5,7,143000,5.172222222222222,0,0,30,95,64,82,15,2,163,8,49,163,49,1,288,1,1489.6,0.002123263888888889,False
288,4 4 18,1.4,3.5,7,144000,4.988888888888889,0,0,29,101,66,80,10,2,158,8,47,158,47,1,288,1,1436.8,0.0018177083333333333,False
288,4 4 18,1.4,3.5,7,145000,4.927777777777778,0,0,27,96,75,80,8,2,165,10,47,165,47,1,288,1,1419.2,0.0017326388888888888,False
288,4 4 18,1.4,3.5,7,146000,4.983333333333333,0,0,27,99,67,84,8,3,162,7,42,162,42,1,288,1,1435.2,0.0014114583333333334,False
288,4 4 18,1.4,3.5,7,147000,4.811111111111111,0,1,43,104,71,51,16,2,140,6,52,140,52,1,287,1,1385.6,0.0018472222222222223,False
288,4 4 18,1.4,3.5,7,148000,4.786111111111111,0,2,28,103,74,67,12,2,155,10,50,155,50,1,286,1,1378.4,0.0011423611111111111,False
288,4 4 18,1.4,3.5,7,149000,4.961111111111111,0,0,18,99,67,87,15,2,171,8,38,171,38,1,288,1,1428.8,0.0012916666666666667,False
288,4 4 18,1.4,3.5,7,150000,4.777777777777778,0,2,23,102,73,79,8,1,161,5,41,161,41,1,286,1,1376.0,0.0013559027777777777,False
288,4 4 18,1.4,3.5,7,151000,4.866666666666666,0,2,29,94,67,80,14,2,163,11,40,163,40,1,286,1,1401.6,0.0012934027777777779,False
288,4 4 18,1.4,3.5,7,152000,4.6305555555555555,0,0,23,116,68,70,9,2,149,7,46,149,46,1,288,1,1333.6,0.0015815972222222223,False
288,4 4 18,1.4,3.5,7,153000,4.522222222222222,0,1,24,121,61,71,9,1,142,7,47,142,47,1,287,1,1302.4,0.0014166666666666668,False
288,4 4 18,1.4,3.5,7,154000,4.644444444444444,0,0,21,118,70,60,17,2,149,8,46,149,46,1,288,1,1337.6,0.0013385416666666667,False
288,4 4 18,1.4,3.5,7,155000,4.830555555555556,0,2,23,108,61,76,18,0,155,8,66,155,66,1,286,1,1391.2,0.0014600694444444444,False
288,4 4 18,1.4,3.5,7,156000,4.949999999999999,0,2,23,108,64,76,13,2,155,8,36,155,36,1,286,1,1425.6,0.0013993055555555555,False
288,4 4 18,1.4,3.5,7,157000,4.802777777777778,0,2,21,111,72,71,10,1,154,6,46,154,46,1,286,1,1383.2,0.0011493055555555555,False
288,4 4 18,1.4,3.5,7,158000,4.9,0,0,19,103,80,71,13,2,166,12,47,166,47,1,288,1,1411.2,0.001517361111111111,False
288,4 4 18,1.4,3.5,7,159000,5.080555555555556,0,0,27,85,71,90,13,2,176,14,45,176,45,1,288,1,1463.2,0.0015868055555555555,False
288,4 4 18,1.4,3.5,7,160000,4.9944444444444445,0,0,18,106,73,76,12,3,164,11,48,164,48,1,288,1,1438.4,0.0015989583333333333,False
288,4 4 18,1.4,3.5,7,161000,5.127777777777777,0,2,21,102,61,87,11,4,163,8,46,163,46,1,286,1,1476.8,0.0021180555555555558,False
288,4 4 18,1.4,3.5,7,162000,5.222222222222222,0,4,21,86,80,81,13,3,177,13,42,177,42,1,284,1,1504.0,0.0019097222222222222,False
288,4 4 18,1.4,3.5,7,163000,4.788888888888888,0,6,25,104,63,81,8,1,153,12,42,153,42,1,282,1,1379.1999999999998,0.001904513888888889,False
288,4 4 18,1.4,3.5,7,164000,4.902777777777778,0,8,28,94,67,80,7,4,158,16,41,158,41,1,280,1,1412.0,0.001826388888888889,False
288,4 4 18,1.4,3.5,7,165000,4.672222222222222,0,1,31,104,69,70,12,1,152,12,57,152,57,1,287,1,1345.6,0.001765625,False
288,4 4 18,1.4,3.5,7,166000,4.455555555555555,0,5,44,99,74,58,4,4,140,10,41,140,41,1,283,1,1283.1999999999998,0.001532986111111111,False
288,4 4 18,1.4,3.5,7,167000,4.666666666666667,0,1,37,101,71,72,5,1,149,13,50,149,50,1,287,1,1344.0,0.0013472222222222223,False
288,4 4 18,1.4,3.5,7,168000,4.780555555555555,0,1,32,101,61,80,11,2,154,9,48,154,48,1,287,1,1376.8,0.0013159722222222223,False
288,4 4 18,1.4,3.5,7,169000,4.675000000000001,0,5,43,100,61,65,12,2,140,15,43,140,43,1,283,1,1346.4,0.0015347222222222223,False
288,4 4 18,1.4,3.5,7,170000,4.63611111111111,0,8,40,91,71,65,13,0,149,12,41,149,41,1,280,1,1335.1999999999998,0.0014409722222222222,False
288,4 4 18,1.4,3.5,7,171000,4.613888888888889,0,9,48,93,66,60,9,3,138,14,50,138,50,1,279,1,1328.8,0.001484375,False
288,4 4 18,1.4,3.5,7,172000,4.502777777777777,0,3,42,94,79,63,5,2,149,10,55,149,55,1,285,1,1296.8,0.00134375,False
288,4 4 18,1.4,3.5,7,173000,4.547222222222222,0,6,41,97,76,57,9,2,144,9,58,144,58,1,282,1,1309.6,0.001404513888888889,False
288,4 4 18,1.4,3.5,7,174000,4.7333333333333325,0,6,37,111,59,56,15,4,134,9,46,134,46,1,282,1,1363.1999999999998,0.001048611111111111,False
288,4 4 18,1.4,3.5,7,175000,4.583333333333333,0,1,46,105,63,61,9,3,136,10,53,136,53,1,287,1,1320.0,0.0014131944444444444,False
288,4 4 18,1.4,3.5,7,176000,4.736111111111111,0,2,39,106,54,71,12,4,141,10,59,141,59,1,286,1,1364.0,0.0011493055555555555,False
288,4 4 18,1.4,3.5,7,177000,4.341666666666667,0,2,41,113,71,52,8,1,132,9,57,132,57,1,286,1,1250.4,0.0013090277777777779,False
288,4 4 18,1.4,3.5,7,178000,4.461111111111111,0,4,36,107,67,64,8,2,141,10,54,141,54,1,284,1,1284.8,0.001357638888888889,False
288,4 4 18,1.4,3.5,7,179000,4.547222222222222,0,2,44,96,62,70,12,2,146,13,48,146,48,1,286,1,1309.6,0.0011979166666666666,False
288,4 4 18,1.4,3.5,7,180000,4.388888888888889,0,3,40,110,61,65,7,2,135,9,55,135,55,1,285,1,1264.0,0.0014444444444444444,False
288,4 4 18,1.4,3.5,7,181000,4.441666666666666,0,1,38,119,57,56,14,3,130,16,57,130,57,1,287,1,1279.1999999999998,0.001342013888888889,False
288,4 4 18,1.4,3.5,7,182000,4.5055555555555555,0,0,27,120,70,60,6,5,141,8,62,141,62,1,288,1,1297.6,0.0010243055555555556,False
288,4 4 18,1.4,3.5,7,183000,4.324999999999999,0,0,36,120,55,67,9,1,132,7,61,132,61,1,288,1,1245.6,0.0012413194444444444,False
288,4 4 18,1.4,3.5,7,184000,4.583333333333333,0,0,37,111,59,68,9,4,140,7,67,140,67,1,288,1,1320.0,0.0013940972222222221,False
288,4 4 18,1.4,3.5,7,185000,4.577777777777778,0,8,35,110,59,58,13,5,135,9,44,135,44,1,280,1,1318.4,0.001170138888888889,False
288,4 4 18,1.4,3.5,7,186000,4.527777777777778,0,1,38,106,66,61,13,3,143,10,62,143,62,1,287,1,1304.0,0.0009826388888888888,False
288,4 4 18,1.4,3.5,7,187000,4.35,0,0,20,120,85,52,10,1,148,10,58,148,58,1,288,1,1252.8,0.0009479166666666667,False
288,4 4 18,1.4,3.5,7,188000,4.447222222222222,0,0,26,119,67,67,7,2,143,12,63,143,63,1,288,1,1280.8,0.0006527777777777777,False
288,4 4 18,1.4,3.5,7,189000,4.344444444444444,0,3,24,128,65,57,9,2,133,8,57,133,57,1,285,1,1251.1999999999998,0.0006944444444444445,False
288,4 4 18,1.4,3.5,7,190000,4.186111111111111,0,5,32,118,77,45,9,2,133,11,57,133,57,1,283,1,1205.6,0.0006128472222222222,False
288,4 4 18,1.4,3.5,7,191000,4.077777777777778,0,8,30,122,77,42,5,4,128,7,52,128,52,1,280,1,1174.4,0.0006006944444444445,False
288,4 4 18,1.4,3.5,7,192000,4.208333333333333,0,0,34,127,59,54,6,8,127,8,56,127,56,1,288,1,1212.0,0.0005729166666666667,False
288,4 4 18,1.4,3.5,7,193000,4.144444444444444,0,1,30,130,76,37,11,3,127,12,60,127,60,1,287,1,1193.6,0.0005208333333333333,False
288,4 4 18,1.4,3.5,7,194000,4.002777777777777,0,0,21,141,72,43,10,1,126,4,72,126,72,1,288,1,1152.8,0.0004600694444444444,False
288,4 4 18,1.4,3.5,7,195000,4.166666666666667,0,0,20,133,77,46,10,2,135,7,50,135,50,1,288,1,1200.0,0.0006388888888888889,False
288,4 4 18,1.4,3.5,7,196000,3.955555555555555,0,0,28,136,74,42,6,2,124,5,50,124,50,1,288,1,1139.1999999999998,0.00065625,False
288,4 4 18,1.4,3.5,7,197000,4.161111111111111,0,0,13,135,88,38,11,3,140,5,74,140,74,1,288,1,1198.4,0.0006822916666666667,False
288,4 4 18,1.4,3.5,7,198000,3.888888888888889,0,8,28,132,69,39,11,1,120,5,64,120,64,1,280,1,1120.0,0.0005850694444444445,False
288,4 4 18,1.4,3.5,7,199000,3.886111111111111,0,3,20,135,70,52,8,0,130,6,53,130,53,1,285,1,1119.2,0.0004809027777777778,False
288,4 4 18,1.4,3.5,7,200000,3.869444444444445,0,5,30,133,71,40,7,2,120,9,49,120,49,1,283,1,1114.4,0.00044965277777777777,True
